work_ID,trait_value,agreement,coeff_var,n,references
15,3.5,,0,2,10353
21,0.2,,,1,10328
51,0.2,,,1,10328
142,0.6,,,1,10328
166,1.4,,,1,10328
174,1.4,,,1,10328
183,0.5,,,1,10328
228,0.2,,,1,10328
233,3,,,1,10328
234,0.6,,,1,10328
245,1.5,,,1,10328
246,1.7,,,1,10328
250,0.4,,,1,10328
267,11.75,,0.271,2,10353
271,3,,,1,10353
276,8.75,,,1,10353
294,2.25,,,1,10353
296,9.5,,,1,10353
298,2,,,1,10353
332,2.5,,,1,10353
344,9,,0,2,10353
367,30,,,1,10328
373,14.5,,,1,10353
376,12.5,,0.509,2,10353
378,10,,,1,10353
379,6.5,,,1,10353
381,2.5,,,1,10353
385,3,,,1,10353
388,3,,,1,10353
395,15,,,1,10328
401,5.5,,,1,10353
402,3,,,1,10353
418,1.5,,,1,10328
430,0.4,,,1,10328
472,1,,,1,10328
572,5.75,,,1,10353
574,15,,,1,10328
642,0.2,,,1,10328
661,3.75,,,1,10353
668,14,,,1,10328
684,3.25,,,1,10353
738,11,,,1,10353
769,3.5,,0,2,10353
854,3.6,,,1,10258
938,3,,,1,10328
951,6,,,1,10328
952,4,,,1,10328
1028,3.5,,,1,10328
1044,0.8,,,1,10328
1056,15,,,1,10328
1116,5.3,,,1,10328
1127,2,,,1,10328
1130,3.5,,,1,10353
1131,2.5,,,1,10353
1185,2.75,,,1,10353
1188,1.75,,,1,10353
1200,0.1,,,1,10328
1210,0.2,,,1,10328
1212,0.3,,,1,10328
1218,0.2,,,1,10328
1221,0.5,,,1,10328
1243,0.2,,,1,10328
1248,0.1,,,1,10328
1249,0.1,,,1,10328
1260,0.5,,,1,10328
1262,0.1,,,1,10328
1307,4.08333333333333,,0.094,3,"10328,10353"
1311,10,,,1,10353
1318,1.075,,,1,10353
1319,0.5,,,1,10353
1323,0.1,,,1,10328
1325,0.3,,,1,10328
1327,0.1,,,1,10328
1347,1.9,,,1,10328
1352,3,,,1,10328
1356,5.1,,,1,10258
1362,4.5,,,1,10353
1389,3.5,,,1,10258
1395,11,,,1,10328
1403,7,,,1,10353
1411,6,,,1,10353
1423,8.5,,,1,10353
1424,7,,0,2,10353
1426,10.75,,,1,10353
1427,10,,0,2,10353
1448,3,,,1,10353
1449,1.25,,,1,10353
1450,5,,,1,10328
1452,4.1,,0.017,2,10353
1500,5.8,,,1,10328
1546,1.5,,,1,10328
1561,1,,,1,10328
1648,6,,,1,10328
1657,50,,,1,10328
1687,0.2,,,1,10328
1690,0.2,,,1,10328
1694,0.2,,,1,10328
1714,2.75,,,1,10353
1716,3.5,,,1,10353
1800,8,,,1,10353
1811,1.3,,,1,10328
1835,2.3,,,1,10328
1843,0.5,,,1,10328
1870,0.3,,,1,10328
1903,3,,,1,10353
1914,2.5,,,1,10353
1924,0.6,,,1,10328
1929,2.4,,,1,10328
1933,3.3,,,1,10328
1935,0.3,,,1,10328
1936,2.2,,,1,10328
1940,1,,,1,10328
1941,4.8,,,1,10328
1949,4,,,1,10328
1951,2.8,,,1,10328
1954,1.5,,,1,10328
1959,3,,,1,10328
1962,2.5,,,1,10328
1979,0.6,,,1,10328
2028,3,,,1,10328
2069,7.5,,,1,10353
2074,0.3,,,1,10328
2097,3,,,1,10328
2166,0.4,,,1,10328
2175,1,,,1,10353
2194,5.5,,,1,10353
2209,5,,,1,10353
2246,0.3,,,1,10328
2249,5,,,1,10353
2250,0.325,,,1,10353
2253,1.25,,,1,10353
2315,1.75,,,1,10353
2417,4.5,,,1,10353
2424,1,,,1,10258
2453,6.875,,0.129,2,"10328,10353"
2486,3.5,,,1,10353
2490,2.25,,,1,10353
2506,3.5,,,1,10353
2510,0.55,,,1,10353
2530,5.5,,,1,10328
2545,0.2,,,1,10328
2549,0.5,,,1,10328
2551,1,,,1,10328
2585,4.95,,0.129,2,"10258,10353"
2589,5.25,,,1,10353
2590,6.5,,,1,10353
2594,6.75,,,1,10353
2595,3.5,,,1,10353
2596,3.75,,,1,10353
2597,2.75,,,1,10353
2598,3,,,1,10353
2602,6,,,1,10353
2604,8,,,1,10353
2638,0.9,,,1,10328
2674,7.8,,,1,10258
2735,6,,,1,10328
2738,8.7,,,1,10258
2741,3.8,,,1,10258
2747,4.75,,,1,10353
2749,2.5,,,1,10353
2753,6.25,,,1,10353
2754,5,,,1,10353
2789,0.7,,,1,10328
2798,1.1,,,1,10353
2871,0.7,,,1,10328
2888,3.8,,,1,10328
2892,2.8,,,1,10328
2904,5.5,,,1,10353
2907,3.4,,,1,10258
2939,2.7,,,1,10328
2940,27.5,,,1,10328
2950,3,,,1,10328
2957,7,,,1,10353
2970,3,,,1,10353
2993,3.5,,,1,10353
3000,3.25,,,1,10353
3002,4.5,,,1,10353
3003,4.25,,,1,10353
3005,5.25,,,1,10353
3009,3,,,1,10353
3013,3,,,1,10353
3021,3.75,,,1,10353
3081,0.2,,,1,10328
3108,3.5,,,1,10328
3137,5,,,1,10328
3156,16.5,,,1,10353
3157,7,,0,2,10353
3200,1,,,1,10328
3343,0.7,,,1,10328
3345,6,,,1,10328
3346,0.1,,,1,10328
3359,7,,,1,10328
3360,0.9,,,1,10353
3376,0.7,,,1,10328
3388,8,,,1,10353
3390,4,,,1,10353
3391,3.25,,0,2,10353
3405,0.29,,0.308,5,10353
3407,4,,,1,10353
3412,5,,0,3,10353
3414,0.95,,,1,10353
3416,4,,0,2,10353
3418,2.25,,0,2,10353
3420,1.5,,,1,10353
3423,6.5,,0,2,10353
3424,5,,,1,10353
3430,1.15,,,1,10353
3432,3.5,,,1,10353
3433,6,,,1,10353
3436,5,,0,2,10353
3439,5,,,1,10353
3445,1.05,,,1,10353
3446,11.75,,0.752,2,"10328,10353"
3447,3.75,,,1,10353
3478,0.7,,,1,10328
3515,55,,,1,10258
3518,5,,,1,10353
3520,5.5,,,1,10353
3521,7,,,1,10258
3530,2.75,,,1,10353
3531,7,,,1,10353
3538,15,,,1,10328
3554,3.2,,,1,10328
3625,1,,,1,10328
3649,1.15,,,1,10353
3667,0.2,,,1,10328
3686,0.3,,,1,10328
3754,27.5,,,1,10328
3808,15,,,1,10328
3888,26,,,1,10328
4017,5,,,1,10328
4019,10,,,1,10328
4031,2.7,,,1,10328
4035,0.3,,,1,10328
4040,2.5,,,1,10328
4273,0.7,,,1,10328
4287,2.5,,,1,10328
4289,12,,,1,10328
4305,2.2,,,1,10328
4311,4.4,,,1,10328
4314,2.8,,,1,10328
4337,6.25,,,1,10353
4351,2,,,1,10328
4353,0.2,,,1,10328
4384,0.5,,,1,10328
4386,1,,,1,10328
4387,1.1,,,1,10328
4389,0.9,,,1,10328
4390,0.9,,,1,10328
4401,0.5,,,1,10328
4424,1.1,,,1,10328
4426,3,,,1,10353
4429,0.2,,,1,10328
4433,0.2,,,1,10328
4451,12.25,,,1,10353
4452,4.2,,,1,10258
4457,5.5,,,1,10353
4470,0.8,,,1,10328
4494,0.45,,,1,10353
4581,0.3,,,1,10328
4619,2.2,,,1,10328
4660,4,,,1,10328
4664,7,,,1,10328
4666,0.4,,,1,10328
4667,0.2,,,1,10328
4673,1.35,,,1,10353
4705,16.5,,,1,10328
4710,5,,,1,10353
4736,0.2,,,1,10328
4789,5.5,,,1,10353
4926,3,,,1,10353
4934,5,,,1,10353
4935,4.75,,,1,10353
4937,3.25,,,1,10353
4940,5,,,1,10353
4942,7.8,,,1,10258
4943,5,,,1,10353
4946,4.5,,,1,10328
4947,1.5,,,1,10328
4950,3,,,1,10353
4951,2.5,,,1,10353
4953,5,,,1,10353
4967,1.4,,,1,10328
5002,0.85,,,1,10353
5003,4,,,1,10328
5008,1.8,,,1,10328
5009,1.4,,,1,10353
5017,1.2,,,1,10328
5022,0.9,,0.157,2,"10328,10353"
5023,4.75,,,1,10353
5025,3.5,,0,2,10353
5026,0.8,,,1,10353
5027,1.4,,0,2,10353
5030,2.55,,,1,10353
5034,0.6,,,1,10353
5071,15,,,1,10328
5080,1.5,,,1,10328
5088,8.7,,,1,10258
5089,4.75,,,1,10353
5140,2,,,1,10353
5190,6,,,1,10353
5240,7,,,1,10328
5248,10,,,1,10328
5280,12,,,1,10328
5289,34,,,1,10328
5301,1.6,,,1,10328
5348,7,,,1,10353
5349,3.5,,,1,10353
5350,9,,,1,10353
5355,4,,,1,10353
5359,4.5,,,1,10353
5361,6.5,,,1,10353
5364,3.75,,,1,10353
5367,4.75,,0.074,2,10353
5368,2.75,,,1,10353
5370,5,,,1,10353
5422,3.75,,,1,10353
5425,0.75,,,1,10353
5433,3,,,1,10353
5452,2.5,,,1,10353
5453,1.75,,,1,10353
5497,0.4,,,1,10328
5498,1.2,,,1,10328
5502,0.8,,,1,10328
5536,20,,,1,10328
5584,0.3,,,1,10328
5590,0.3,,,1,10328
5622,4.5,,,1,10353
5653,3,,,1,10353
5726,4,,,1,10328
5730,6.5,,,1,10328
5736,12.5,,,1,10328
5739,2.3,,,1,10328
5754,0.3,,,1,10328
5757,0.7,,,1,10328
5775,1.2,,,1,10328
5779,1,,,1,10328
5793,7.5,,,1,10353
5805,5.5,,,1,10328
5808,6.5,,,1,10328
5810,10,,,1,10328
5811,0.8,,,1,10328
5812,10,,,1,10328
5813,2.8,,,1,10328
5815,7.5,,,1,10328
5841,2.65,,,1,10353
5844,1.1,,,1,10353
5845,2.25,,,1,10353
5846,1.4,,,1,10353
5859,5.9,,,1,10258
5863,2.75,,,1,10353
5873,0.5,,,1,10328
5874,0.3,,,1,10328
5875,0.6,,,1,10328
5894,0.3,,,1,10328
5899,0.3,,,1,10328
5901,0.75,,0.849,2,10328
5902,0.65,,0.326,2,10328
5905,0.4,,,1,10328
5906,0.5,,,1,10328
5911,0.3,,,1,10328
5912,0.7,,,1,10328
5919,0.5,,,1,10328
5920,0.2,,,1,10328
5926,0.2,,,1,10328
5932,0.8,,,1,10328
5935,0.4,,,1,10328
5936,0.4,,,1,10328
5939,4.6,,,1,10258
5948,2.5,,,1,10353
5951,7.375,,0.072,2,10353
5960,3.75,,,1,10353
5961,18,,,1,10328
5962,7.5,,,1,10328
5964,7,,,1,10328
5990,7,,,1,10328
6001,18,,,1,10328
6021,15,,,1,10328
6058,5.5,,,1,10328
6060,4,,,1,10328
6061,4,,,1,10328
6064,3.5,,,1,10328
6067,2.3,,,1,10328
6070,1,,,1,10328
6081,1.5,,,1,10328
6082,3,,,1,10328
6085,6,,,1,10328
6086,0.7,,,1,10328
6257,0.475,,,1,10353
6304,0.2,,,1,10353
6306,1.05,,,1,10353
6344,0.65,,,1,10353
6501,2.3,,,1,10328
6503,1.5,,,1,10328
6569,0.1,,,1,10328
6597,0.2,,,1,10328
6607,0.3,,,1,10328
6668,2.5,,,1,10353
6775,1.1,,,1,10258
6853,3.25,,,1,10353
6884,0.5,,,1,10328
6947,4.25,,,1,10353
6950,1,,,1,10328
6952,2,,,1,10353
7067,4.8,,,1,10328
7079,2,,,1,10328
7094,0.4,,,1,10328
7097,0.35,,,1,10353
7104,0.3,,,1,10353
7149,3,,,1,10258
7172,0.15,,,1,10353
7175,0.2,,,1,10328
7179,6,,,1,10353
7405,1.75,,,1,10353
7410,7,,,1,10328
7411,9.2,,,1,10328
7412,2.625,,0.337,2,"10328,10353"
7413,2.5,,,1,10328
7435,4,,,1,10328
7492,2,,,1,10328
7500,3.8,,,1,10328
7502,4.5,,,1,10328
7503,4.5,,,1,10328
7506,2,,,1,10328
7520,17.6,,,1,10258
7565,3,,,1,10353
7570,7.25,,,1,10353
7601,12.5,,,1,10353
7602,15,,0.471,2,10353
7605,1.25,,,1,10353
7660,3.5,,,1,10328
7662,2.75,,,1,10353
7740,4.5,,,1,10353
7753,6.5,,,1,10353
7755,10,,,1,10328
7759,10,,,1,10328
7764,0.5,,,1,10328
7773,0.2,,,1,10328
7780,0.7,,,1,10328
7811,0.2,,,1,10328
7814,0.2,,,1,10328
7821,0.5,,,1,10328
7824,0.2,,,1,10328
7837,0.1,,,1,10328
7842,0.2,,,1,10328
7847,0.7,,,1,10328
7855,0.2,,,1,10328
7859,0.1,,,1,10328
7864,0.3,,,1,10328
7869,0.3,,,1,10328
7872,0.5,,,1,10328
7877,0.4,,,1,10328
7878,0.3,,,1,10328
7884,0.2,,,1,10328
7900,0.3,,,1,10328
7901,0.2,,,1,10328
7903,0.1,,,1,10328
7905,0.8,,,1,10328
7906,0.1,,,1,10328
7911,0.2,,,1,10328
7912,1.1,,,1,10328
7919,0.5,,,1,10328
7935,0.9,,,1,10328
7952,0.1,,,1,10328
7956,0.5,,,1,10328
7964,0.1,,,1,10328
7968,0.2,,,1,10328
7976,0.3,,,1,10328
7978,0.8,,,1,10328
7979,0.1,,,1,10328
7983,0.2,,,1,10328
7991,0.8,,,1,10328
8002,0.5,,,1,10328
8022,0.2,,,1,10328
8033,0.4,,,1,10328
8044,0.4,,,1,10328
8051,1.8,,,1,10328
8057,0.2,,,1,10328
8080,0.4,,,1,10328
8090,0.5,,,1,10328
8098,0.1,,,1,10328
8115,0.3,,,1,10328
8116,0.5,,,1,10328
8122,0.2,,,1,10328
8124,0.6,,,1,10328
8127,0.3,,,1,10328
8138,0.4,,,1,10328
8146,0.3,,,1,10328
8162,0.3,,,1,10328
8163,0.1,,,1,10328
8187,0.5,,,1,10328
8190,0.3,,,1,10328
8198,3.5,,,1,10353
8224,0.4,,,1,10328
8235,0.8,,,1,10328
8249,5.5,,,1,10353
8251,5,,,1,10353
8254,4.33333333333333,,0.067,3,10353
8256,5.75,,0,2,10353
8257,0.2,,,1,10328
8271,0.8,,,1,10328
8273,1.5,,,1,10328
8279,2.5,,,1,10328
8294,1.2,,,1,10353
8298,4.25,,,1,10353
8309,5,,,1,10258
8400,0.1,,,1,10328
8402,0.2,,,1,10328
8427,5.5,,,1,10353
8428,9,,0.629,2,10353
8438,4.5,,,1,10353
8439,3.75,,,1,10353
8441,7,,,1,10353
8444,6,,,1,10353
8445,3.5,,,1,10353
8448,9.5,,,1,10258
8455,4.25,,,1,10353
8457,2.75,,,1,10353
8488,0.1,,,1,10328
8490,0.1,,,1,10328
8496,14,,,1,10328
8505,0.2,,,1,10328
8525,1.8,,,1,10328
8553,3,,,1,10353
8555,7,,,1,10353
8558,5.75,,,1,10353
8595,5.25,,,1,10353
8597,0.1,,,1,10328
8614,0.3,,,1,10328
8615,0.5,,,1,10328
8624,0.1,,,1,10328
8627,0.8,,,1,10328
8644,0.2,,,1,10328
8653,0.8,,,1,10328
8663,3.4,,,1,10258
8664,3,,,1,10328
8670,3.8,,,1,10258
8695,0.7,,,1,10328
8723,4.5,,,1,10328
8738,1,,,1,10328
8740,2.5,,,1,10328
8749,5.5,,,1,10328
8752,2,,,1,10328
8756,4,,,1,10328
8764,1.4,,,1,10328
8772,0.7,,,1,10328
8775,1.3,,,1,10328
8788,0.35,,,1,10353
8807,0.5,,,1,10328
8893,0.7,,,1,10328
8895,0.8,,,1,10328
8906,0.4,,,1,10328
8913,0.8,,,1,10328
8925,0.03,,,1,10353
8940,5.05,,,1,10353
8960,1.5,,,1,10328
8964,2.5,,,1,10353
8970,2.5,,,1,10353
8976,4.5,,,1,10328
8989,3.3,,,1,10328
8991,5,,,1,10328
9009,3.8,,,1,10328
9011,1.7,,,1,10328
9049,3.3,,,1,10258
9111,0.95,,,1,10353
9120,3,,,1,10353
9167,3,,,1,10328
9168,5,,,1,10328
9283,8,,,1,10328
9286,2.5,,,1,10328
9301,8,,,1,10328
9312,2,,,1,10328
9319,1.5,,,1,10328
9322,2.75,,,1,10353
9328,3,,,1,10328
9347,5,,,1,10353
9348,1.3,,,1,10328
9380,4.25,,,1,10353
9386,0.6,,,1,10328
9388,0.4,,,1,10328
9389,1,,,1,10328
9390,0.4,,,1,10328
9391,0.7,,,1,10328
9392,0.6,,,1,10328
9393,0.6,,,1,10328
9395,0.8,,,1,10328
9397,0.1,,,1,10328
9398,0.2,,,1,10328
9399,0.5,,,1,10328
9401,0.2,,,1,10328
9402,0.5,,,1,10328
9403,0.9,,,1,10328
9404,0.7,,,1,10328
9405,0.2,,,1,10328
9406,0.1,,,1,10328
9407,0.1,,,1,10328
9408,0.3,,,1,10328
9426,5.5,,0.257,2,10353
9438,0.4,,,1,10328
9445,0.2,,,1,10328
9463,1.3,,,1,10328
9543,8.3,,0.324,2,10258
9544,5.5,,0.103,2,10258
9596,3,,,1,10353
9623,4.5,,,1,10353
9626,5.75,,,1,10353
9637,3.25,,,1,10353
9645,2.5,,,1,10353
9646,2.75,,,1,10353
9661,3.75,,0.365,4,10353
9664,5,,,1,10328
9678,2.25,,,1,10353
9686,15,,,1,10328
9689,3.5,,,1,10353
9697,4.5,,,1,10353
9698,12,,,1,10353
9700,7,,,1,10353
9705,6.5,,,1,10353
9706,9,,,1,10353
9710,3.5,,,1,10353
9714,6,,,1,10353
9718,6,,,1,10353
9719,3,,,1,10353
9722,4.5,,,1,10353
9730,6.5,,,1,10353
9733,9.625,,0.643,2,10353
9734,6.5,,,1,10353
9753,1.2,,,1,10328
9758,1,,,1,10328
9759,2,,,1,10328
9787,13,,,1,10328
9801,5,,,1,10328
9812,0.2,,,1,10353
9813,6.5,,,1,10353
9822,9.5,,,1,10353
9824,10.5,,,1,10353
9836,0.8,,,1,10328
9855,2.2,,,1,10328
9858,3.75,,,1,10353
9859,5.25,,,1,10353
9895,11.5,,,1,10353
9907,5.75,,,1,10353
9910,1.85,,,1,10353
9911,4.25,,,1,10353
9915,2.625,,0.741,2,10353
9916,5.25,,,1,10353
9920,4.5,,,1,10353
9921,6.25,,,1,10353
9927,2.5,,,1,10353
9928,7.5,,,1,10328
9930,6,,,1,10328
9932,3.5,,0,2,10353
9935,4,,,1,10353
9943,2,,,1,10353
9945,5.75,,,1,10353
9951,3.5,,0,2,10353
9953,3.3,,0.55,5,"10328,10353"
9956,2,,,1,10353
9958,3.25,,0,2,10353
9970,1,,0,2,10353
9971,4.25,,,1,10353
9972,5.075,,1.179,4,"10328,10353"
9974,1.6,,,1,10353
9975,4.25,,0,2,10353
9976,12,,,1,10328
10060,8.5,,,1,10328
10067,6,,,1,10328
10069,1.75,,,1,10353
10123,2.5,,,1,10353
10124,0.4,,,1,10328
10144,0.9,,,1,10328
10150,1.6,,,1,10328
10211,2.75,,,1,10353
10220,0.275,,,1,10353
10221,0.125,,,1,10353
10232,3.7,,,1,10328
10408,4.25,,,1,10353
10409,3.25,,,1,10353
10469,3.5,,,1,10328
10498,0.8,,,1,10328
10514,0.1,,,1,10328
10519,0.2,,,1,10328
10529,2.5,,,1,10353
10687,0.2,,,1,10353
10691,0.75,,,1,10353
10742,2,,,1,10353
10762,1.55,,,1,10353
10772,1.8,,,1,10328
10827,0.1,,,1,10328
10829,1.4,,,1,10328
10830,0.8,,,1,10328
10831,0.2,,,1,10328
10836,0.5,,,1,10328
10839,0.5,,,1,10328
10841,0.2,,,1,10328
10852,1.7,,,1,10328
10864,0.3,,,1,10328
10866,7,,,1,10328
10879,0.5,,,1,10328
10881,0.7,,,1,10328
10883,0.2,,,1,10328
10886,0.3,,,1,10328
10888,0.4,,,1,10328
10898,0.9,,,1,10328
10900,0.6,,,1,10328
10901,3.5,,,1,10328
10902,1.7,,,1,10328
10903,1.1,,,1,10328
10907,1.5,,,1,10328
10913,3.7,,,1,10328
10916,0.5,,,1,10328
10919,0.6,,,1,10328
10975,2.75,,,1,10353
10981,6.5,,,1,10353
11046,9.5,,,1,10353
11059,4.5,,,1,10328
11062,7.5,,,1,10353
11063,12.5,,,1,10328
11067,1.5,,,1,10328
11080,2,,,1,10328
11087,4.5,,,1,10328
11092,0.3,,,1,10328
11094,0.3,,,1,10328
11129,0.2,,,1,10328
11132,0.6,,,1,10328
11165,2.5,,,1,10328
11169,2,,,1,10328
11176,2,,,1,10328
11187,3.5,,,1,10328
11203,7.5,,,1,10353
11204,1,,,1,10353
11209,1.35,,,1,10353
11211,1.5,,,1,10353
11222,1,,,1,10353
11226,4,,,1,10328
11245,8,,,1,10328
11312,0.9,,,1,10353
11318,2.4,,0.648,2,"10328,10353"
11324,0.5,,,1,10328
11330,1.3,,,1,10328
11331,4,,,1,10328
11332,2.6,,,1,10328
11336,0.9,,,1,10328
11353,0.3,,,1,10328
11355,0.8,,,1,10353
11362,1.05,,,1,10353
11365,1.5,,,1,10328
11374,0.6,,,1,10353
11375,1.1,,,1,10328
11396,9,,,1,10328
11406,2.4,,,1,10353
11448,2,,,1,10328
11452,4.5,,,1,10353
11462,1.5,,,1,10328
11467,0.1,,,1,10328
11479,4,,,1,10328
11490,0.1,,,1,10328
11492,1.5,,,1,10328
11493,0.7,,,1,10328
11502,4,,,1,10328
11519,3,,,1,10353
11524,3.375,,0.157,2,10353
11526,1.5,,,1,10353
11528,1.83333333333333,,0.157,3,10353
11590,2,,,1,10328
11595,3,,,1,10328
11612,3.8,,,1,10328
11616,0.75,,,1,10353
11619,6,,,1,10328
11659,5,,,1,10328
11686,5.75,,,1,10353
11814,4,,,1,10353
11830,3,,,1,10353
11905,5,,,1,10353
11975,3.5,,,1,10353
11986,3.25,,,1,10353
11990,3.25,,,1,10353
12002,3.05,,,1,10353
12015,1.65,,,1,10353
12026,4,,,1,10328
12123,20,,,1,10328
12125,30,,,1,10328
12127,30,,,1,10328
12211,0.4,,,1,10328
12535,8.5,,,1,10353
12636,3.4,,,1,10328
12656,2.3,,,1,10328
12749,3,,,1,10353
12750,42.5,,0.25,2,10353
12756,0.2,,,1,10328
12775,2,,,1,10353
12782,1,,,1,10328
12822,0.3,,,1,10328
12823,0.5,,,1,10328
12826,1.3,,,1,10328
12844,0.7,,,1,10328
12874,0.6,,,1,10328
12876,0.6,,,1,10328
12896,0.4,,,1,10328
12917,0.3,,,1,10328
12964,0.3,,,1,10328
12996,0.2,,,1,10328
13005,8.5,,,1,10353
13203,0.3,,,1,10328
13204,0.1,,,1,10328
13209,0.3,,,1,10328
13215,3.2,,,1,10258
13225,0.5,,,1,10328
13406,0.2,,,1,10328
13412,0.9,,,1,10353
13413,3.25,,,1,10353
13419,2.4,,,1,10353
13420,2,,,1,10328
13426,6.5,,,1,10353
13430,4.75,,,1,10353
13431,4.5,,,1,10353
13432,3.25,,,1,10353
13467,10,,,1,10328
13472,11.5,,,1,10328
13551,6,,,1,10328
13636,0.3,,,1,10328
13752,16.5,,,1,10353
13756,12.5,,,1,10353
13769,8.65,,0.27,2,10258
13779,3.25,,,1,10353
13955,0.4,,,1,10328
13956,0.1,,,1,10328
13970,0.1,,,1,10328
13981,2,,,1,10328
14053,2.5,,,1,10328
14063,0.2,,,1,10328
14097,0.5,,,1,10328
14100,1.5,,,1,10328
14103,0.3,,,1,10353
14106,0.2,,,1,10328
14115,0.35,,,1,10353
14121,0.3,,,1,10328
14157,1,,,1,10328
14167,4,,,1,10353
14171,0.3,,,1,10328
14172,0.2,,,1,10328
14173,0.2,,,1,10328
14174,0.2,,,1,10328
14176,0.2,,,1,10328
14181,0.6,,,1,10328
14183,2,,,1,10328
14186,2,,,1,10328
14198,1.4,,,1,10353
14199,3.25,,,1,10353
14285,1,,,1,10328
14295,7.8,,,1,10328
14298,0.2,,,1,10328
14304,0.4,,,1,10328
14324,0.4,,,1,10328
14343,0.6,,,1,10328
14346,0.5,,,1,10328
14353,0.5,,,1,10328
14462,1.6,,,1,10258
14494,7.25,,,1,10353
14504,4,,,1,10328
14730,2.5,,,1,10328
14733,2.5,,,1,10328
14744,4,,,1,10328
14776,0.4,,,1,10328
14777,2.75,,,1,10353
14815,0.5,,,1,10328
14817,0.5,,,1,10328
14857,0.6,,,1,10328
14892,2,,,1,10328
14918,7.25,,,1,10353
15061,0.1,,,1,10328
15063,0.2,,,1,10328
15096,0.4,,,1,10328
15102,0.2,,,1,10328
15106,30,,,1,10328
15124,0.2,,,1,10328
15127,0.8,,,1,10328
15140,0.3,,,1,10353
15141,0.3,,,1,10328
15144,0.5,,,1,10328
15145,0.5,,,1,10328
15166,1.75,,,1,10353
15333,4,,,1,10353
15336,3,,,1,10353
15337,4.5,,,1,10353
15345,3,,,1,10353
15348,4.5,,,1,10353
15350,4.75,,,1,10353
15355,4.25,,,1,10353
15360,2,,,1,10353
15362,4.25,,,1,10353
15440,4.5,,,1,10258
15604,5.9,,,1,10258
15627,3,,,1,10328
15635,0.7,,,1,10328
15640,0.6,,,1,10328
15643,0.5,,,1,10328
15649,18,,,1,10328
15654,2.3,,,1,10328
15669,1.15,,0.184,2,10328
15670,0.9,,,1,10328
15680,0.7,,,1,10328
15692,0.5,,,1,10328
15697,7.5,,,1,10353
15721,5.5,,,1,10328
15734,10,,,1,10328
15736,3.5,,,1,10328
15747,5,,,1,10328
15750,1.5,,,1,10353
15771,1.5,,,1,10353
15773,7,,,1,10353
15778,9,,,1,10328
15780,0.75,,0.283,2,10328
15782,4.5,,,1,10328
15784,1,,,1,10328
15851,8.8,,,1,10258
15863,2,,,1,10328
16057,0.65,,,1,10353
16061,3.45,,,1,10353
16090,1.6,,,1,10353
16202,3,,,1,10353
16203,4,,,1,10353
16209,0.5,,,1,10328
16211,0.3,,,1,10328
16260,0.7,,,1,10328
16267,0.2,,,1,10328
16286,4.9,,,1,10353
16300,4,,,1,10328
16304,2.25,,,1,10353
16306,2,,,1,10353
16354,4.5,,,1,10353
16367,9,,,1,10353
16368,8.9,,,1,10258
16411,0.5,,,1,10328
16413,0.9,,,1,10353
16521,0.8,,,1,10328
16531,0.6,,,1,10328
16533,1.5,,,1,10328
16535,1.9,,,1,10328
16550,1.1,,,1,10328
16556,0.9,,,1,10328
16557,0.4,,,1,10328
16565,1,,,1,10328
16566,0.3,,,1,10328
16567,0.2,,,1,10328
16568,2.5,,,1,10328
16570,0.5,,,1,10328
16575,2.3,,,1,10328
16578,0.3,,,1,10328
16583,1.5,,,1,10328
16589,1.2,,,1,10328
16593,2.3,,,1,10328
16614,8.5,,,1,10353
16624,4.5,,,1,10353
16657,0.3,,,1,10328
16658,0.4,,,1,10328
16664,0.1,,,1,10328
16684,0.6,,,1,10328
16697,0.3,,,1,10328
16702,0.1,,,1,10328
16726,6,,,1,10353
16732,0.5,,,1,10328
16735,9,,,1,10328
16741,0.7,,,1,10328
16775,0.5,,,1,10328
16796,1.05,,,1,10353
16798,1.4,,,1,10328
16803,0.575,,0.184,2,"10328,10353"
16807,0.716666666666667,,0.678,3,"10328,10353"
16817,1.2,,,1,10328
16820,0.45,,,1,10353
16829,1,,,1,10328
16833,0.45,,,1,10353
16851,2,,,1,10353
16962,4.5,,,1,10353
16983,2.8,,,1,10328
16995,2.5,,,1,10328
17015,6,,,1,10353
17018,7,,,1,10353
17019,3.75,,,1,10353
17023,2.75,,,1,10353
17024,3.25,,,1,10353
17025,5.5,,,1,10353
17026,4.25,,,1,10353
17044,5,,,1,10328
17060,1.5,,,1,10328
17077,2,,,1,10328
17119,9.5,,,1,10353
17167,1.5,,,1,10328
17169,3,,,1,10328
17170,10,,,1,10328
17180,2,,,1,10353
17190,3,,,1,10353
17200,5,,,1,10353
17204,3.25,,0,5,10353
17212,1.4,,,1,10353
17223,1.25,,,1,10353
17225,2.8,,,1,10328
17228,3.7,,,1,10328
17232,2.875,,0.061,2,"10328,10353"
17234,1.8,,,1,10328
17240,1.4,,,1,10328
17243,3.25,,,1,10353
17251,4.8,,,1,10328
17255,2.8,,,1,10328
17258,3,,,1,10353
17263,2.5,,,1,10328
17267,0.4,,,1,10328
17273,4,,,1,10328
17279,4.5,,,1,10328
17282,1.5,,,1,10353
17284,2.25,,,1,10353
17292,1.4,,,1,10328
17293,1.75,,,1,10353
17299,1.4,,,1,10328
17306,0.8,,,1,10328
17308,0.3,,,1,10328
17309,0.5,,,1,10328
17310,0.466666666666667,,0.628,3,"10328,10353"
17311,0.25,,,1,10353
17312,0.7,,,1,10328
17315,0.2,,,1,10328
17316,0.5,,,1,10328
17319,0.7,,,1,10328
17615,2.65,,,1,10353
17655,4.5,,,1,10353
17656,2,,,1,10353
17659,3.25,,,1,10353
17660,2.25,,,1,10353
17662,2.75,,,1,10353
17663,4,,,1,10353
17664,3.5,,,1,10353
17665,0.9,,,1,10353
17666,3,,,1,10353
17667,7,,,1,10353
17669,3,,,1,10328
17671,4,,0,2,10353
17674,4.5,,,1,10353
17675,3.75,,,1,10353
17676,3.75,,,1,10353
17677,3.75,,,1,10353
17679,3,,,1,10353
17680,3.75,,,1,10353
17683,3,,,1,10353
17684,4.5,,,1,10353
17692,4.25,,,1,10353
17698,1.75,,0,2,10353
17709,3,,,1,10353
17727,1.5,,,1,10353
17733,0.85,,,1,10353
17744,0.35,,,1,10353
17787,3.25,,,1,10353
17796,0.55,,,1,10353
17807,0.7,,,1,10353
17818,2.6,,,1,10353
17825,1,,,1,10353
17830,3.25,,0.109,2,10353
17831,0.25,,,1,10353
17834,0.9,,,1,10353
17835,0.45,,,1,10353
17837,0.6,,,1,10353
17838,0.4,,,1,10353
17845,0.5,,,1,10353
17866,0.3,,,1,10353
17868,0.275,,,1,10353
17871,3,,,1,10353
17881,1.3,,,1,10353
17892,2.55,,,1,10353
17913,1.25,,,1,10353
17927,0.3,,,1,10353
17930,7,,,1,10353
17949,0.225,,,1,10353
17953,1,,,1,10353
17967,0.25,,,1,10353
17972,0.35,,,1,10353
17973,0.11,,,1,10353
17974,3.75,,,1,10353
17996,0.8,,,1,10328
18028,0.3,,,1,10328
18036,0.3,,,1,10328
18055,0.4,,,1,10328
18155,0.5,,0.52,3,10353
18184,2.575,,0.645,2,10353
18187,2.6,,,1,10353
18189,3,,,1,10353
18213,3.125,,0.396,2,10353
18267,6,,,1,10328
18289,6,,,1,10353
18290,2.125,,0.083,2,"10328,10353"
18292,3.125,,0.17,2,"10328,10353"
18293,2.75,,,1,10353
18294,2.75,,,1,10353
18312,2.4,,,1,10353
18314,4,,,1,10353
18315,37.5,,,1,10328
18347,0.1,,,1,10328
18363,0.1,,,1,10328
18365,0.1,,,1,10328
18370,0.1,,,1,10328
18385,0.1,,,1,10328
18386,0.1,,,1,10328
18390,0.1,,,1,10328
18402,0.1,,,1,10328
18409,0.1,,,1,10328
18416,9.2,,,1,10258
18421,1.5,,,1,10353
18424,9.5,,,1,10353
18427,6.5,,,1,10353
18433,10.75,,0.493,2,10353
18440,5,,,1,10353
18441,3,,0,2,10353
18448,15,,,1,10353
18450,8.25,,,1,10353
18452,3.5,,,1,10353
18455,2.75,,,1,10353
18467,6.5,,,1,10353
18473,7,,,1,10353
18476,8.5,,,1,10353
18479,4.2,,,1,10258
18481,6.6,,0.236,2,"10258,10353"
18487,5.5,,,1,10353
18488,5,,,1,10353
18489,5.825,,0.747,2,"10258,10353"
18493,15.2,,,1,10258
18494,3.5,,,1,10353
18496,4.25,,,1,10353
18497,3.75,,,1,10353
18498,4.5,,,1,10353
18499,3.25,,,1,10353
18500,4.5,,,1,10353
18503,7.5,,,1,10353
18506,7.4,,0.248,2,10258
18510,11.5,,,1,10353
18512,4,,,1,10353
18521,5,,,1,10353
18528,3.5,,,1,10353
18535,4,,,1,10353
18548,4.5,,,1,10353
18552,3.25,,,1,10353
18558,3.625,,0.146,2,10353
18559,5.5,,,1,10353
18560,4,,,1,10353
18561,3,,,1,10353
18563,4,,,1,10353
18566,10,,,1,10353
18570,12.5,,,1,10353
18572,8.5,,,1,10353
18573,7.5,,,1,10353
18574,2.6875,,0.367,4,10353
18575,4.5,,,1,10353
18578,12,,,1,10353
18585,4.5,,,1,10353
18588,4.75,,,1,10353
18596,2.75,,,1,10353
18597,3,,,1,10353
18598,8.1,,,1,10353
18600,3.75,,,1,10353
18602,0.7,,,1,10353
18604,2.75,,,1,10353
18605,3,,,1,10353
18618,0.225,,,1,10353
18638,0.45,,0.157,2,"10328,10353"
18645,3,,,1,10328
18710,3,,,1,10353
18742,1.25,,,1,10353
18766,4.25,,,1,10353
18767,1.25,,,1,10353
18770,2,,,1,10353
18771,2,,,1,10353
18805,3.25,,,1,10353
18816,1.9,,,1,10353
18819,2.3,,,1,10353
18823,4.25,,,1,10353
18826,3.5,,0,2,10353
18829,10,,,1,10328
18846,3,,,1,10353
18847,2,,,1,10328
18848,3.5,,,1,10353
18849,3,,,1,10353
18850,2.75,,,1,10353
18852,4,,,1,10328
18858,0.9,,,1,10328
18862,2,,,1,10328
18874,2.5,,,1,10353
18911,5.6,,,1,10353
18924,0.9,,,1,10328
18928,3,,,1,10328
18930,2.2,,,1,10328
18932,2.2,,,1,10328
18934,1,,,1,10328
18961,6,,,1,10328
18964,7,,,1,10328
18966,4,,,1,10328
18973,4,,,1,10328
18975,4,,,1,10328
18987,15,,,1,10328
18989,15,,,1,10328
19035,0.3,,,1,10328
19048,1.5,,,1,10328
19057,1.5,,,1,10353
19062,0.5,,,1,10328
19133,1,,,1,10328
19136,3.5,,,1,10328
19137,2.35,,,1,10353
19146,0.5,,,1,10328
19165,0.1,,,1,10328
19167,0.1,,,1,10328
19197,0.3,,,1,10328
19200,0.1,,,1,10328
19206,0.3,,,1,10328
19212,0.2,,,1,10328
19231,0.2,,,1,10328
19233,0.1,,,1,10328
19236,0.2,,,1,10328
19248,1,,,1,10328
19277,15.6,,,1,10258
19289,4.5,,,1,10353
19299,3.5,,,1,10258
19317,4.5,,,1,10353
19322,9,,,1,10353
19352,2.5,,,1,10353
19365,4,,,1,10353
19369,0.2,,,1,10328
19395,0.8,,,1,10328
19398,0.6,,,1,10328
19399,0.5,,,1,10328
19406,0.4,,,1,10328
19407,0.4,,,1,10328
19408,0.3,,,1,10328
19411,3,,,1,10328
19416,1.3,,,1,10328
19434,0.8,,,1,10328
19435,1,,,1,10328
19484,3,,,1,10328
19509,0.1,,,1,10328
19515,0.7,,,1,10328
19522,0.8,,,1,10328
19525,1.5,,,1,10328
19547,0.275,,,1,10353
19573,0.7,,,1,10328
19580,1.5,,,1,10328
19590,0.8,,0.354,2,10328
19594,0.2,,,1,10328
19598,1,,,1,10328
19610,0.3,,,1,10328
19642,6.8,,,1,10328
19650,9,,,1,10328
19657,30,,,1,10328
19660,3.8,,,1,10328
19667,1.5,,,1,10328
19668,12,,,1,10328
19670,4,,,1,10328
19671,3,,,1,10328
19673,5,,,1,10328
19675,10,,,1,10328
19678,2,,,1,10328
19681,7,,,1,10328
19690,9,,,1,10328
19757,7.5,,,1,10353
19767,5.5,,,1,10353
19793,2,,,1,10328
19796,8,,,1,10328
19815,4.3,,,1,10258
19819,0.7,,,1,10353
19825,3,,,1,10328
19832,1.3,,,1,10328
19840,4.5,,,1,10328
19841,8,,,1,10328
19853,2.15,,,1,10353
19859,0.3,,,1,10328
19862,0.4,,,1,10328
19867,1,,,1,10353
19868,0.45,,,1,10353
19889,4,,,1,10353
19892,2.25,,,1,10353
19894,2.5,,,1,10353
19900,4.25,,,1,10353
19901,2.125,,0.25,2,10353
19905,5,,,1,10353
19908,2.25,,,1,10353
19909,4,,,1,10353
19910,1.75,,,1,10353
19911,4.5,,,1,10353
19912,3.41666666666667,,0.084,3,10353
19917,2.5,,,1,10353
19921,3.25,,,1,10353
19924,2.75,,,1,10353
19925,2,,,1,10353
19927,5.25,,0.048,3,10353
19941,0.1,,,1,10328
19943,0.4,,,1,10328
19950,0.5,,,1,10328
19951,1,,,1,10328
19955,2,,,1,10328
19956,0.7,,,1,10328
19960,0.3,,,1,10328
19978,6,,,1,10353
19979,1.75,,,1,10353
19980,4.25,,,1,10353
20015,0.6,,,1,10353
20020,0.266666666666667,,0.108,3,10353
20066,0.725,,0.146,2,"10328,10353"
20091,4.25,,,1,10353
20169,0.45,,,1,10353
20233,9.5,,,1,10353
20282,0.4,,,1,10328
20311,3,,,1,10328
20378,2,,,1,10353
20392,0.5,,,1,10328
20472,3.5,,,1,10328
20507,11.8,,,1,10258
20653,1.4,,,1,10328
20656,4,,,1,10328
20698,5,,,1,10353
20699,6.5,,,1,10353
20731,1.4,,,1,10353
20732,3,,,1,10353
20734,6.5,,,1,10353
20739,1,,,1,10353
20762,4.8,,,1,10258
20765,3.25,,,1,10353
20766,3.25,,,1,10353
20767,4,,,1,10353
20768,3,,,1,10353
20769,11.5,,,1,10353
20770,3.5,,,1,10353
20772,2.5,,,1,10353
20776,0.1,,,1,10328
20777,1.5,,,1,10353
20780,0.3,,,1,10328
20857,0.1,,,1,10328
20865,1,,,1,10328
20866,0.1,,,1,10328
20898,0.6,,,1,10328
21037,9,,,1,10328
21046,3.5,,,1,10328
21061,10,,,1,10328
21063,12.5,,,1,10328
21068,2.75,,,1,10353
21120,2,,,1,10328
21172,0.9,,,1,10328
21191,0.3,,,1,10328
21320,2.75,,,1,10353
21332,2.5,,,1,10353
21337,3,,,1,10353
21368,3.7,,,1,10353
21377,2.8,,,1,10328
21389,2,,,1,10328
21494,0.2,,,1,10353
21505,1,,,1,10328
21510,10,,,1,10328
21530,0.9,,,1,10328
21610,4,,,1,10353
21613,5,,,1,10353
21621,7,,,1,10353
21697,8,,,1,10328
21730,3.5,,0,2,10353
21731,1,,,1,10353
21732,2.75,,,1,10353
21911,3.5,,,1,10328
21918,3.5,,,1,10328
21932,2.8,,,1,10328
21952,3.5,,,1,10328
22023,2.8,,,1,10328
22090,1.25,,,1,10353
22143,0.6,,,1,10328
22180,2.3,,,1,10328
22188,45,,,1,10328
22219,0.8,,,1,10328
22223,5,,,1,10328
22234,0.6,,,1,10328
22235,0.6,,,1,10328
22240,0.4,,,1,10328
22243,10.25,,,1,10353
22303,1.85,,,1,10353
22324,0.9,,,1,10328
22326,0.2,,,1,10328
22327,0.2,,0,2,10328
22329,0.4,,0.354,2,10328
22332,0.3,,,1,10328
22334,0.9,,,1,10328
22348,18.5,,,1,10353
22380,4.25,,,1,10353
22395,3.75,,,1,10353
22397,3.9,,,1,10353
22401,6.5,,,1,10353
22404,1.5,,,1,10353
22417,4.5,,,1,10353
22441,6,,,1,10353
22442,8.5,,,1,10353
22452,3.75,,,1,10353
22510,1.6,,,1,10328
22544,10,,,1,10328
22600,6,,,1,10328
22613,1,,,1,10353
22620,1.3,,,1,10328
22624,0.5,,,1,10328
22625,6.25,,,1,10353
22630,0.7,,,1,10328
22631,1.2,,,1,10328
22635,1.5,,,1,10328
22640,1.3,,,1,10353
22643,0.9,,,1,10328
22653,1.5,,,1,10353
22658,2,,,1,10353
22659,1.2,,,1,10353
22660,1.15,,0,3,10353
22792,7.5,,,1,10328
22822,4,,,1,10328
22850,0.4,,,1,10328
22859,0.2,,,1,10328
22879,0.5,,,1,10328
22882,2,,,1,10328
22885,0.4,,,1,10328
22892,1.65,,0.129,2,"10328,10353"
22895,0.2,,,1,10328
22900,1.5,,,1,10328
22908,0.5,,,1,10328
22912,1.1,,,1,10328
22941,1.3,,,1,10328
22943,3,,,1,10353
22945,2.4,,,1,10328
22958,3,,,1,10353
22963,2.25,,,1,10353
23075,3.5,,,1,10353
23077,1,,,1,10328
23228,5.25,,,1,10353
23229,6.5,,,1,10353
23231,5,,,1,10353
23240,4,,,1,10328
23251,2.8,,,1,10328
23257,3.7,,,1,10328
23259,0.1,,,1,10328
23262,0.7,,,1,10328
23350,20,,,1,10328
23373,0.5,,,1,10328
23379,9,,,1,10328
23381,4.7,,,1,10353
23407,2.5,,,1,10353
23426,10.5,,,1,10328
23449,4.8,,,1,10353
23459,0.25,,,1,10353
23461,8,,,1,10328
23505,2,,,1,10328
23509,2.3,,,1,10328
23513,0.3,,,1,10328
23519,1,,,1,10328
23523,5,,,1,10328
23535,0.6,,,1,10328
23612,0.4,,,1,10328
23624,0.4,,,1,10328
23636,0.5,,,1,10328
23637,0.5,,,1,10328
23640,0.5,,,1,10328
23644,0.5,,,1,10328
23645,0.5,,,1,10328
23648,0.2,,,1,10328
23652,0.5,,,1,10328
23653,0.1,,,1,10328
23657,0.5,,,1,10328
23659,0.5,,,1,10328
23662,0.3,,,1,10328
23678,0.8,,,1,10328
23685,10,,,1,10353
23694,0.7,,,1,10353
23695,1.65,,,1,10353
23696,3.03333333333333,,0.248,3,10353
23698,1.5,,,1,10353
23701,1.325,,0.454,2,10353
23702,3.25,,,1,10353
23703,1.15,,,1,10353
23707,0.5,,,1,10328
23709,0.5,,,1,10328
23807,3,,,1,10328
23814,4,,,1,10328
23816,5,,,1,10328
23827,3,,,1,10353
23862,1.025,,0.034,2,"10328,10353"
23868,3.75,,,1,10353
23869,4,,,1,10353
23872,4.5,,,1,10353
23881,1.35,,,1,10353
23882,3,,,1,10353
23883,3.25,,,1,10353
23885,3.35,,,1,10353
23888,0.7,,,1,10353
23890,0.816666666666667,,0.528,3,10353
23891,4,,,1,10353
23893,2.25,,,1,10353
23895,2.1,,,1,10353
23896,4.75,,,1,10353
23898,5,,,1,10353
23901,2.65,,,1,10353
23931,5.5,,,1,10328
23934,8,,,1,10328
23945,0.5,,,1,10328
23950,0.2,,,1,10328
23956,0.4,,,1,10328
23964,0.1,,,1,10328
23965,0.8,,,1,10328
23972,0.3,,,1,10328
23973,0.3,,,1,10328
23978,0.1,,,1,10328
23979,0.4,,,1,10328
23981,0.3,,,1,10328
23987,0.1,,,1,10328
23989,0.2,,,1,10328
24005,0.2,,,1,10328
24007,0.3,,,1,10328
24015,0.1,,,1,10328
24020,0.1,,,1,10328
24023,0.8,,,1,10328
24039,0.3,,,1,10328
24040,0.1,,,1,10328
24058,0.1,,,1,10328
24196,2.5,,,1,10328
24200,3.8,,,1,10328
24232,3.25,,,1,10353
24244,0.1,,,1,10328
24263,3,,,1,10328
24279,2,,,1,10328
24285,2.6,,,1,10258
24309,3,,,1,10353
24315,3.3,,,1,10328
24399,0.2,,,1,10328
24404,0.2,,,1,10328
24421,5.75,,,1,10353
24428,4.5,,,1,10328
24493,0.2,,,1,10328
24542,0.1,,,1,10328
24543,0.1,,,1,10328
24547,0.2,,,1,10328
24564,3.5,,,1,10353
24566,6.625,,0.08,2,10353
24570,6.5,,,1,10328
24573,5.5,,0.064,2,10353
24574,1.5,,,1,10328
24575,4,,,1,10353
24576,4.125,,0.986,2,"10328,10353"
24577,2.5,,,1,10353
24579,4,,,1,10353
24583,11.5,,,1,10328
24608,0.9,,,1,10328
24610,0.9,,,1,10328
24638,4.75,,,1,10353
24644,0.7,,,1,10328
24646,3.5,,,1,10328
24647,1.3,,,1,10328
24649,2.5,,,1,10328
24651,4,,,1,10328
24655,2.4,,,1,10328
24661,0.5,,,1,10328
24663,0.4,,,1,10328
24676,4.3,,,1,10328
24694,1.3,,,1,10328
24727,0.45,,,1,10353
24729,5.5,,,1,10328
24733,0.1,,,1,10328
24804,3.5,,,1,10353
24874,1,,,1,10328
24896,0.75,,,1,10353
24911,0.8,,,1,10353
24916,3.6,,,1,10328
24919,2.5,,,1,10353
24968,4.25,,,1,10353
24987,5,,,1,10353
24990,5.25,,,1,10353
24991,5.25,,,1,10353
25001,0.9,,,1,10328
25009,4.5,,,1,10353
25030,0.25,,,1,10353
25053,6,,,1,10328
25054,5,,,1,10328
25062,1.1,,,1,10328
25067,0.175,,,1,10353
25068,8,,,1,10328
25221,3,,,1,10353
25222,2.25,,,1,10353
25223,2.75,,,1,10353
25225,2.25,,,1,10353
25226,0.85,,,1,10353
25259,1.5,,,1,10328
25263,2.5,,,1,10328
25264,0.6,,,1,10328
25265,2.3,,,1,10328
25266,0.2,,,1,10328
25267,2,,,1,10328
25268,1.7,,,1,10328
25270,1.5,,,1,10328
25275,0.6,,,1,10328
25288,3,,,1,10328
25294,0.2,,,1,10328
25297,0.4,,,1,10328
25299,1.2,,,1,10328
25303,0.6,,,1,10353
25324,0.5,,,1,10328
25335,0.5,,,1,10328
25347,5,,,1,10353
25353,6.6,,,1,10258
25386,0.1,,,1,10328
25398,0.7,,,1,10328
25413,0.5,,,1,10328
25419,1,,,1,10328
25468,25,,,1,10328
25472,2.25,,,1,10353
25485,0.7,,,1,10328
25496,0.3,,,1,10328
25500,0.5,,,1,10328
25511,0.4,,,1,10328
25547,1.5,,,1,10328
25556,4,,,1,10328
25557,2,,,1,10328
25607,1.1,,,1,10328
25622,0.3,,,1,10328
25656,4.5,,,1,10353
25657,5,,,1,10328
25659,0.9,,,1,10328
25663,1,,,1,10328
25683,0.9,,,1,10328
25684,1,,,1,10328
25801,1.75,,,1,10353
25802,3.75,,,1,10353
25803,2,,,1,10353
25804,3.125,,0.17,2,10353
25806,5,,0.141,2,"10328,10353"
25808,0.75,,,1,10353
25809,2.8,,,1,10328
25810,1,,,1,10353
25811,1.25,,,1,10353
25812,1.35,,,1,10353
25813,3,,,1,10353
25814,2.28571428571429,,0.285,7,10353
25817,1,,,1,10353
25819,1.6,,,1,10328
25840,0.4,,,1,10328
25843,1.5,,,1,10328
25856,12.25,,,1,10353
25859,1.15,,,1,10353
26043,0.2,,,1,10328
26044,1,,,1,10328
26053,0.2,,,1,10328
26068,0.4,,,1,10328
26070,0.3,,,1,10328
26077,0.2,,,1,10328
26089,3.25,,,1,10353
26151,0.7,,,1,10328
26308,12,,,1,10328
26333,7.5,,,1,10353
26334,2,,,1,10353
26340,4.3,,,1,10258
26341,4.2,,,1,10353
26361,3,,,1,10353
26379,2.5,,,1,10353
26385,1,,,1,10353
26392,2.5,,,1,10353
26393,4.75,,,1,10353
26398,2.7,,,1,10353
26401,1.75,,,1,10353
26404,4,,,1,10353
26409,10.5,,,1,10353
26410,8,,,1,10353
26414,9,,,1,10353
26415,4,,,1,10353
26421,3.45,,,1,10353
26422,4.25,,,1,10353
26430,3.4,,,1,10353
26439,1.25,,,1,10353
26445,2.75,,,1,10353
26452,3.25,,,1,10353
26453,4,,,1,10353
26454,1.85,,,1,10353
26457,150,,,1,10328
26476,0.5,,,1,10328
26497,0.8,,,1,10328
26534,8,,,1,10328
26539,0.6,,,1,10328
26567,0.3,,,1,10328
26581,0.1,,,1,10328
26584,0.6,,,1,10328
26585,0.3,,,1,10328
26588,0.1,,,1,10328
26590,0.5,,,1,10328
26688,3.8,,,1,10328
26691,0.6,,,1,10328
26696,4,,,1,10328
26708,1.3,,,1,10328
26716,6,,,1,10328
26837,1.2,,,1,10328
26838,1.9,,,1,10328
26877,4,,,1,10328
26917,0.4,,,1,10328
26918,0.2,,,1,10328
26925,0.5,,,1,10328
26927,0.3,,,1,10328
26931,0.3,,,1,10328
26936,0.5,,,1,10328
26943,0.3,,,1,10328
26952,0.3,,,1,10328
26956,0.1,,,1,10328
26958,0.4,,,1,10328
26977,3,,,1,10353
26988,1,,,1,10328
26995,0.8,,,1,10328
27117,1.05,,,1,10353
27119,0.7,,,1,10353
27120,2,,,1,10353
27124,3.5,,,1,10353
27125,1.75,,,1,10353
27127,2.25,,,1,10353
27128,2.75,,,1,10353
27129,1.75,,,1,10353
27132,1.175,,0.692,2,10353
27136,1.35,,,1,10353
27141,0.25,,,1,10353
27142,1.5,,,1,10353
27146,1.8,,,1,10328
27155,2.4,,,1,10353
27157,1.3,,,1,10353
27159,3.1,,,1,10353
27167,0.5,,,1,10328
27168,0.5,,,1,10328
27171,1,,,1,10328
27172,1.6,,,1,10328
27184,5,,,1,10328
27186,4.25,,,1,10353
27191,9.9,,,1,10258
27194,17,,0.208,2,10353
27204,14,,,1,10353
27212,13,,,1,10353
27214,1,,,1,10353
27221,33.9,,,1,10258
27257,0.2,,,1,10328
27286,1.75,,,1,10353
27287,2.8,,,1,10353
27288,3.35,,,1,10353
27292,3,,,1,10353
27299,5.25,,,1,10353
27301,4.55,,,1,10353
27306,2.25,,,1,10353
27311,1.75,,,1,10353
27317,3.9,,,1,10353
27320,15,,,1,10353
27322,6,,,1,10353
27382,1,,,1,10328
27385,3.5,,,1,10353
27389,7.25,,,1,10353
27392,3,,,1,10353
27393,4.1,,,1,10258
27394,8.25,,,1,10353
27395,5,,,1,10353
27398,1.4,,,1,10353
27399,4,,,1,10353
27403,4.5,,,1,10353
27412,6.75,,,1,10353
27428,4,,,1,10353
27518,10,,,1,10353
27519,11,,,1,10353
27520,13.5,,0.374,4,10353
27521,7,,,1,10353
27523,6.5,,,1,10353
27526,13.25,,,1,10353
27527,6.5,,,1,10353
27530,3.75,,,1,10353
27532,12.75,,,1,10353
27533,3.25,,,1,10353
27617,13.5,,,1,10353
27618,8.5,,,1,10328
27626,7.5,,,1,10328
27628,8,,,1,10328
27631,5,,,1,10328
27638,2.75,,,1,10353
27642,4.25,,,1,10353
27706,2.75,,,1,10353
27707,5.3,,0.08,2,10258
27738,5.75,,,1,10353
27761,7,,,1,10353
27792,4.5,,,1,10353
27829,2.8,,,1,10328
27843,8,,,1,10353
27845,7.75,,,1,10353
27847,2,,,1,10353
27868,3.5,,,1,10353
27886,3,,,1,10328
27893,0.1,,,1,10328
27897,14.5,,,1,10353
27902,3.75,,0,2,10353
27946,1.3,,,1,10328
27955,1.5,,,1,10328
27977,1.4,,,1,10328
28085,1.2,,,1,10328
28097,1.5,,,1,10328
28169,4,,,1,10353
28226,21.5,,,1,10353
28251,2.5,,,1,10258
28357,1.3,,,1,10328
28378,5,,,1,10328
28382,4,,,1,10328
28420,4,,,1,10328
28453,1.45,,,1,10353
28457,3.15,,,1,10353
28458,3.825,,0.25,2,10353
28507,1.6,,,1,10328
28508,0.8,,,1,10328
28510,1,,,1,10328
28513,0.7,,,1,10328
28516,1.4,,,1,10328
28517,3,,,1,10328
28529,1.6,,,1,10353
28533,3.75,,,1,10353
28561,1.55,,,1,10353
28570,4.6,,,1,10353
28616,1,,,1,10328
28691,0.6,,,1,10328
28696,3,,,1,10328
28710,0.7,,,1,10328
28721,1.8,,,1,10328
28867,0.15,,,1,10353
28887,3.25,,,1,10353
28977,0.4,,,1,10328
29004,0.6,,,1,10353
29041,2.5,,,1,10353
29042,3,,,1,10353
29056,4.5,,,1,10353
29097,3.5,,,1,10353
29189,5.5,,,1,10353
29198,0.7,,,1,10328
29199,1.1,,,1,10328
29206,0.3,,,1,10328
29249,1.375,,0.386,2,10353
29259,3,,,1,10328
29264,0.2,,,1,10328
29291,0.275,,,1,10353
29356,0.4,,,1,10328
29425,0.85,,,1,10353
29429,8.5,,,1,10353
29432,9,,,1,10353
29503,2,,,1,10328
29504,0.3,,,1,10328
29505,0.9,,,1,10328
29555,60,,,1,10353
29556,90,,,1,10353
29558,74,,,1,10353
29562,30,,,1,10353
29568,0.7,,,1,10328
29631,2.1,,,1,10328
29633,5,,,1,10328
29651,0.5,,,1,10328
29653,2,,,1,10328
29655,0.8,,,1,10328
29678,1.8,,,1,10328
29697,2,,,1,10328
29705,0.8,,,1,10328
29708,4,,,1,10328
29764,1.75,,,1,10353
29766,2.75,,,1,10353
29776,2.5,,,1,10353
29779,0.1,,,1,10328
29855,0.85,,,1,10353
29942,2,,,1,10353
29973,0.075,,,1,10353
29974,0.06,,,1,10353
29977,0.05,,,1,10353
29983,0.2,,,1,10353
29984,0.075,,,1,10353
30016,0.1,,,1,10328
30033,0.5,,,1,10328
30036,0.1,,,1,10328
30038,4,,0.354,2,10328
30039,4,,0.354,2,10328
30083,2.95,,,1,10353
30087,1.8,,,1,10328
30088,2.3,,,1,10328
30091,3.75,,,1,10353
30130,2,,,1,10353
30131,4.75,,,1,10353
30133,2.35,,,1,10353
30138,5.25,,,1,10353
30144,2.25,,,1,10353
30148,3.75,,,1,10353
30149,4,,,1,10353
30159,1.3,,,1,10328
30167,6.5,,,1,10328
30181,6,,,1,10353
30213,3.5,,,1,10328
30218,1.3,,,1,10328
30231,4.4,,,1,10258
30279,1.2,,,1,10328
30280,0.4,,,1,10328
30281,0.5,,,1,10328
30283,0.4,,,1,10328
30286,0.4,,,1,10328
30322,2.2,,,1,10328
30323,0.7,,,1,10328
30334,4.75,,,1,10353
30342,5,,,1,10353
30343,0.8,,,1,10328
30350,2.5,,,1,10328
30363,11,,,1,10328
30365,30,,,1,10328
30366,12,,,1,10328
30427,2,,,1,10328
30444,1,,,1,10328
30458,29,,,1,10328
30466,25,,,1,10328
30477,25,,,1,10328
30492,2.5,,,1,10353
30494,7,,,1,10328
30498,3.25,,,1,10353
30499,6.8,,,1,10353
30535,7.1,,,1,10258
30542,1.7,,,1,10328
30555,4,,,1,10353
30578,1,,,1,10328
30672,0.2,,,1,10328
30686,1.1,,,1,10328
30687,4,,,1,10328
30694,4.5,,,1,10328
30708,1,,,1,10328
30710,1.8,,,1,10328
30711,0.7,,,1,10328
30775,2.1,,,1,10353
30776,0,,,1,10258
30777,1,,,1,10353
30778,4,,,1,10353
30780,1,,,1,10353
30807,4,,,1,10328
30824,4.5,,,1,10328
30830,1.5,,,1,10328
30842,0.5,,,1,10328
30846,3,,,1,10328
30853,5,,,1,10328
30863,0.8,,,1,10328
30866,0.125,,,1,10353
30873,1.15,,,1,10353
30874,0.175,,,1,10353
30888,3.9,,,1,10258
30942,9.5,,,1,10353
30979,8.75,,,1,10353
31003,3.4,,,1,10328
31011,0.525,,,1,10353
31012,0.5,,,1,10353
31072,0.4,,,1,10328
31174,0.1,,,1,10328
31185,3.75,,,1,10353
31186,7.75,,,1,10353
31188,2.75,,,1,10353
31191,6.5,,,1,10353
31210,1.2,,,1,10328
31272,0.4,,,1,10328
31328,4.5,,,1,10353
31363,2.25,,,1,10353
31364,3.55,,,1,10353
31365,3.5,,,1,10353
31366,2,,,1,10353
31373,2.75,,,1,10353
31390,1.8,,,1,10328
31443,0.325,,0.326,2,10353
31449,7.5,,,1,10353
31491,1,,,1,10328
31499,1.5,,,1,10328
31508,3,,,1,10328
31515,0.6,,,1,10328
31523,1.4,,,1,10328
31524,4.45,,0.143,2,10328
31531,2.4,,,1,10328
31536,1.9,,,1,10328
31577,3.2,,,1,10258
31722,21,,,1,10328
31733,4.4,,,1,10258
31795,1.5,,,1,10353
31798,4,,,1,10353
31846,4,,,1,10353
31857,4,,,1,10328
31877,0.6,,,1,10328
31888,0.4,,,1,10328
31926,1.3,,,1,10328
31948,6,,,1,10328
31979,3,,,1,10328
31985,4.5,,,1,10328
31991,4.5,,,1,10328
32001,4.5,,,1,10328
32003,8.5,,,1,10328
32051,0.1,,,1,10328
32054,0.2,,,1,10328
32055,5.5,,,1,10353
32060,3.4,,,1,10353
32062,10.5,,,1,10353
32063,16,,0,2,10353
32065,19,,,1,10353
32066,7.25,,,1,10353
32091,0.6,,,1,10328
32092,1,,,1,10328
32097,2.15,,0.559,2,"10328,10353"
32147,0.1,,,1,10328
32169,2.5,,,1,10328
32185,8.5,,,1,10353
32186,5.25,,,1,10353
32189,4.75,,0.372,2,"10328,10353"
32190,10,,,1,10353
32221,0.7,,,1,10328
32228,0.7,,,1,10328
32232,0.8,,,1,10328
32290,0.6,,,1,10328
32291,0.2,,,1,10328
32309,2,,,1,10328
32322,4,,,1,10328
32379,10,,,1,10328
32400,20,,,1,10328
32508,0.8,,,1,10353
32510,1.5,,0,3,10353
32516,1.5,,,1,10353
32531,3.6,,,1,10328
32536,8,,,1,10328
32539,15,,,1,10328
32540,10,,,1,10328
32554,4.4,,,1,10258
32600,2.5,,,1,10328
32632,0.2,,,1,10328
32637,15,,,1,10328
32868,3.25,,,1,10353
32914,4.25,,,1,10353
32947,3.5,,,1,10353
32951,13,,,1,10328
32970,5,,0.566,2,10353
32978,1.2,,,1,10328
32980,2,,,1,10353
32983,2.6,,,1,10328
32988,10,,,1,10328
32993,2.5,,,1,10328
33012,3,,,1,10353
33019,9.5,,,1,10353
33023,22.5,,,1,10353
33024,12,,,1,10328
33037,0.4,,,1,10328
33041,0.3,,,1,10328
33074,6,,,1,10328
33107,0.8,,,1,10328
33108,2,,,1,10328
33110,0.7,,,1,10328
33115,0.6,,,1,10328
33116,0.4,,,1,10328
33137,13,,,1,10328
33140,11,,,1,10328
33211,2.5,,,1,10328
33240,1.25,,,1,10353
33259,0.4,,,1,10328
33263,10,,,1,10353
33267,2.5,,,1,10328
33271,15,,,1,10328
33273,0.7,,,1,10328
33274,2.5,,,1,10353
33277,5,,,1,10353
33281,2.75,,,1,10353
33282,4,,,1,10353
33287,150,,,1,10328
33335,5,,,1,10328
33336,12,,,1,10328
33337,3.75,,,1,10353
33352,3,,,1,10328
33372,11,,,1,10353
33380,2.3,,,1,10328
33384,0.5,,,1,10328
33395,0.2,,,1,10328
33397,5.45,,,1,10353
33401,7,,,1,10353
33402,5,,,1,10353
33420,0.675,,0.681,2,10353
33455,0.5,,,1,10353
33463,0.95,,,1,10353
33489,0.4,,,1,10353
33496,1.75,,,1,10353
33510,0.6,,,1,10353
33530,0.55,,,1,10353
33564,0.4,,,1,10353
33567,0.2,,,1,10353
33592,0.3,,,1,10353
33616,1.05,,,1,10353
33622,1.85,,,1,10353
33656,0.5,,,1,10353
33663,0.35,,,1,10353
33664,0.45,,,1,10353
33668,0.45,,,1,10353
33678,3,,,1,10328
33690,1.3,,,1,10328
33773,6.5,,,1,10328
33774,5.8,,,1,10328
33775,5.8,,,1,10328
33797,9.75,,,1,10353
33798,7.5,,,1,10353
33802,7.5,,,1,10353
33803,4,,,1,10328
33804,8.375,,0.106,2,"10328,10353"
33844,3.25,,0,2,10353
33857,2.25,,,1,10353
33871,4.5,,0.157,2,10353
33875,3.625,,0.439,2,10353
33892,2.25,,,1,10353
33898,1.2,,,1,10353
33902,1.75,,,1,10353
33943,4.75,,,1,10353
33992,0.225,,,1,10353
34017,0.95,,,1,10353
34020,2.8,,,1,10353
34029,2.8,,,1,10353
34040,2.1,,,1,10353
34060,4.5,,,1,10353
34067,3.25,,,1,10353
34074,3.5,,,1,10353
34077,1.9,,,1,10353
34084,5.5,,,1,10353
34113,2,,,1,10328
34114,17.5,,,1,10328
34122,1,,,1,10328
34124,1.2,,,1,10328
34135,0.5,,,1,10328
34156,1.5,,,1,10328
34165,0.2,,,1,10328
34170,0.2,,,1,10328
34209,1.5,,,1,10353
34213,0.4,,,1,10353
34238,6,,,1,10353
34357,0.2,,,1,10328
34362,1.2,,,1,10328
34368,0.1,,,1,10328
34377,1.2,,,1,10328
34378,0.1,,,1,10328
34379,0.1,,,1,10328
34382,0.1,,,1,10328
34384,0.2,,,1,10328
34386,0.2,,,1,10328
34389,0.2,,,1,10328
34392,0.1,,,1,10328
34393,0.1,,,1,10328
34394,0.1,,,1,10328
34428,9,,,1,10328
34543,3.25,,,1,10353
34578,0.5,,,1,10328
34626,2.5,,,1,10328
34638,3.3,,,1,10328
34703,1.5,,,1,10328
34708,3,,,1,10328
34733,2.8,,,1,10328
34823,0.3,,,1,10328
34827,7.5,,,1,10328
34835,0.3,,,1,10328
34841,1.4,,,1,10328
34855,0.1,,,1,10328
34858,2.7,,,1,10328
34859,2,,,1,10328
34864,16,,,1,10328
34872,0.2,,,1,10328
34879,3.5,,,1,10328
34888,4,,,1,10328
34896,1.5,,,1,10328
34899,1.7,,,1,10328
34935,12,,,1,10353
34937,18.5,,,1,10353
35004,5.2,,,1,10328
35006,5.3,,,1,10328
35024,1.1,,,1,10328
35026,0.6,,,1,10328
35029,2.2,,,1,10328
35088,2.6,,,1,10353
35143,2.75,,,1,10353
35148,1.3,,,1,10353
35200,0.3,,,1,10328
35201,0.3,,,1,10328
35203,0.4,,,1,10328
35204,0.3,,,1,10328
35207,0.1,,,1,10328
35210,0.1,,,1,10328
35211,0.3,,,1,10328
35213,0.5,,,1,10328
35216,0.3,,,1,10328
35217,0.2,,,1,10328
35221,0.1,,,1,10328
35222,0.2,,,1,10328
35227,0.3,,,1,10328
35233,0.4,,,1,10328
35238,0.1,,,1,10328
35244,0.1,,,1,10328
35246,0.3,,,1,10328
35247,0.3,,,1,10328
35250,0.2,,,1,10328
35251,0.3,,,1,10328
35254,0.1,,,1,10328
35255,0.1,,,1,10328
35257,0.1,,,1,10328
35258,0.1,,,1,10328
35260,0.2,,,1,10328
35263,0.2,,,1,10328
35264,0.3,,,1,10328
35272,0.3,,,1,10328
35274,0.1,,,1,10328
35275,0.1,,,1,10328
35277,0.2,,,1,10328
35278,0.4,,,1,10328
35283,0.1,,,1,10328
35284,0.2,,,1,10328
35286,0.1,,,1,10328
35289,0.1,,,1,10328
35292,0.1,,,1,10328
35293,0.3,,,1,10328
35294,0.1,,,1,10328
35298,0.7,,,1,10328
35302,0.2,,,1,10328
35303,0.4,,,1,10328
35306,0.4,,,1,10328
35336,0.3,,,1,10328
35351,2,,,1,10328
35380,15,,,1,10353
35396,0.4,,,1,10328
35440,0.225,,,1,10353
35455,0.6,,,1,10328
35533,0.35,,,1,10353
35535,0.9,,,1,10328
35564,0.1,,,1,10328
35640,0.4,,,1,10328
35645,1,,,1,10328
35796,15,,,1,10328
35849,3.7,,,1,10328
35861,0.2,,,1,10328
35888,3.5,,,1,10353
35890,10,,,1,10353
35891,7.5,,,1,10328
35894,6,,,1,10353
35896,4.2125,,0.156,4,10353
35897,7.5,,,1,10328
35901,4.75,,,1,10353
35902,4.75,,,1,10353
35951,0.5,,,1,10328
35954,0.25,,,1,10353
35984,1.5,,,1,10328
35987,5,,,1,10328
36003,0.8,,,1,10328
36013,3,,,1,10328
36017,0.95,,,1,10353
36019,1,,,1,10353
36020,1,,,1,10328
36023,0.75,,,1,10353
36028,1,,,1,10353
36035,1.7,,,1,10353
36048,1.05,,,1,10353
36052,1,,,1,10353
36053,1,,,1,10328
36193,7.5,,,1,10353
36196,2,,,1,10328
36214,1.5,,,1,10353
36347,0.2,,,1,10328
36352,1.5,,,1,10328
36355,4.5,,0.29,4,10353
36356,4.66666666666667,,0.247,3,"10328,10353"
36357,4.25,,0.083,2,"10328,10353"
36358,3.75,,,1,10353
36359,3.625,,0.341,2,"10328,10353"
36361,3,,,1,10353
36362,3.8,,,1,10328
36366,3.75,,,1,10353
36373,4,,,1,10328
36374,4.4,,,1,10328
36375,2.65,,0.187,2,"10328,10353"
36384,2.675,,0.04,2,"10328,10353"
36387,9.7,,,1,10258
36391,4.43333333333333,,0.178,3,"10328,10353"
36393,1.3,,,1,10353
36413,3,,,1,10353
36418,1.5,,,1,10353
36420,2.75,,,1,10353
36425,4.25,,,1,10353
36454,0.35,,,1,10353
36459,0.333333333333333,,0.173,3,10353
36474,2.5,,,1,10328
36504,1,,,1,10328
36505,3.5,,,1,10328
36512,0.2,,,1,10328
36516,2,,,1,10328
36550,6,,,1,10328
36954,85,,,1,10328
37085,4,,,1,10258
37096,1.75,,,1,10353
37125,1.5,,,1,10328
37129,1.3,,,1,10328
37132,1,,,1,10328
37146,0.8,,,1,10328
37155,1,,,1,10328
37183,0.8,,,1,10328
37195,2.8,,,1,10328
37252,0.3,,,1,10328
37253,0.4,,,1,10328
37264,0.1,,,1,10328
37267,0.8,,,1,10328
37277,1.5,,,1,10328
37286,0.5,,,1,10353
37338,4,,,1,10353
37339,2,,,1,10353
37418,0.8,,,1,10328
37422,0.55,,0.9,2,10328
37468,1.3,,,1,10328
37489,4.5,,,1,10328
37516,1.75,,,1,10353
37518,5,,,1,10328
37546,2.5,,,1,10328
37555,2.25,,,1,10353
37574,6,,,1,10328
37576,11,,,1,10328
37602,2,,,1,10328
37665,1,,,1,10328
37668,12,,,1,10328
37670,2,,,1,10328
37673,3,,,1,10328
37682,8,,,1,10328
37688,2,,,1,10328
37690,2,,,1,10328
37713,2,,,1,10328
37715,2,,,1,10328
37718,5,,,1,10328
37754,9,,,1,10328
37759,3,,,1,10328
37764,1.3,,,1,10328
37765,4,,,1,10328
37776,3,,,1,10328
37779,2.5,,,1,10328
37801,5,,,1,10328
37802,4,,,1,10328
37810,8,,,1,10328
37812,10,,,1,10328
37822,0.8,,,1,10328
37832,4,,,1,10328
37836,1.5,,,1,10353
37845,10,,,1,10328
37858,0.1,,,1,10328
37861,0.1,,,1,10328
37863,0.1,,,1,10328
37869,0.2,,,1,10328
37871,0.2,,,1,10328
37900,4.5,,,1,10328
37908,4.5,,,1,10328
37909,1.7,,,1,10328
37910,4,,,1,10328
37912,6,,,1,10328
37931,1.65,,,1,10353
37933,4.75,,0.074,2,"10258,10353"
37934,65,,,1,10353
37997,3.5,,,1,10328
37999,4,,,1,10328
38000,1,,,1,10328
38033,6.5,,,1,10353
38034,3.5,,,1,10353
38035,12,,,1,10328
38038,3,,,1,10328
38061,2,,,1,10328
38064,3,,,1,10353
38065,2.25,,,1,10353
38069,2,,,1,10353
38071,3.5,,,1,10353
38075,2.5,,,1,10353
38079,4,,,1,10353
38103,2,,,1,10353
38105,3.25,,,1,10353
38106,2.6,,,1,10353
38107,1.4,,,1,10353
38114,40,,,1,10328
38131,7.5,,,1,10353
38133,3.5,,,1,10353
38136,3.4,,,1,10258
38153,1.5,,,1,10353
38179,2.2,,,1,10353
38181,3,,,1,10328
38197,0.9,,,1,10353
38228,100,,,1,10328
38406,5,,,1,10328
38414,11,,,1,10328
38415,11,,,1,10328
38416,7,,,1,10328
38420,5,,,1,10328
38443,30,,,1,10328
38455,4,,,1,10353
38460,2.75,,,1,10353
38497,15,,,1,10328
38511,0.2,,,1,10328
38646,7,,,1,10328
38651,2.5,,,1,10353
38656,2,,,1,10353
38661,0.3,,,1,10328
38666,4,,,1,10328
38668,1.65,,,1,10353
38673,1.15,,,1,10353
38676,1.8,,,1,10328
38679,2,,,1,10353
38682,1,,,1,10353
38685,2.5,,,1,10328
38689,1.65,,,1,10353
38691,1.15,,,1,10353
38692,2.35,,,1,10353
38695,1.4,,,1,10328
38698,0.65,,,1,10353
38700,1.8,,,1,10353
38707,0.9,,0,2,10353
38708,4,,,1,10328
38709,1.75,,,1,10353
38718,0.9,,,1,10353
38732,2.25,,,1,10353
38741,0.1,,,1,10328
38765,5.1,,,1,10258
38841,3.5,,,1,10328
38851,2.2,,,1,10328
38876,8,,,1,10353
38878,5,,,1,10353
38886,5.5,,,1,10328
38897,5.5,,,1,10328
38898,2.75,,,1,10353
38899,2.75,,,1,10353
38900,3.25,,,1,10353
38913,8,,,1,10353
38939,4.5,,,1,10353
38946,5.5,,,1,10328
38953,4.5,,,1,10353
38955,8,,,1,10328
38960,6.5,,,1,10328
38966,2,,,1,10353
38984,4.5,,,1,10353
39009,3,,0.083,3,10353
39018,2,,,1,10353
39026,2.25,,,1,10353
39027,3.5,,,1,10353
39045,3,,,1,10353
39059,3.75,,,1,10353
39067,3.5,,0.606,2,10353
39083,6,,0.354,2,10328
39113,4,,,1,10353
39114,1.3,,,1,10328
39117,4,,,1,10353
39127,3.5,,,1,10353
39137,5,,,1,10328
39149,2,,,1,10353
39161,8,,,1,10353
39171,1.5,,,1,10328
39179,19,,,1,10328
39214,2.25,,,1,10353
39216,3.75,,,1,10353
39231,5.5,,,1,10353
39240,3.5,,,1,10328
39246,6.5,,,1,10328
39303,1.4,,,1,10353
39315,2,,,1,10328
39316,0.65,,0.979,2,10328
39325,3,,,1,10328
39328,2.5,,,1,10328
39329,4,,,1,10328
39336,5,,,1,10328
39341,0.175,,,1,10353
39354,15,,,1,10328
39361,4.5,,,1,10328
39364,4,,,1,10328
39382,2.4,,,1,10353
39384,2.8,,,1,10353
39390,0.5,,,1,10328
39396,0.2,,,1,10328
39431,0.4,,,1,10328
39435,0.2,,,1,10328
39438,0.2,,,1,10328
39445,0.2,,,1,10328
39451,0.2,,,1,10328
39457,0.2,,,1,10328
39466,0.3,,,1,10328
39507,0.3,,,1,10328
39533,1.6,,0,2,10353
39534,0.1,,,1,10328
39541,0.085,,,1,10353
39546,0.1,,,1,10328
39603,3.5,,,1,10353
39640,2,,,1,10353
39643,1.9,,,1,10353
39644,1.5,,,1,10353
39648,1.15,,0.248,4,10353
39649,3.25,,,1,10353
39650,3.4,,,1,10353
39653,1.25,,,1,10353
39654,1.9,,,1,10328
39657,1,,,1,10328
39660,2.25,,,1,10353
39663,1.75,,,1,10353
39664,2.75,,,1,10353
39666,1.75,,,1,10353
39671,1.5,,,1,10353
39674,4,,,1,10353
39680,0.8,,0.177,2,10353
39681,2.8,,,1,10328
39687,5,,,1,10353
39690,3,,,1,10353
39695,1.75,,,1,10353
39702,0.85,,,1,10353
39709,4.5,,,1,10353
39710,3.5,,0,2,10353
39712,2.5,,,1,10353
39713,1.3,,,1,10328
39716,1.3,,,1,10353
39729,2,,,1,10328
39794,5,,,1,10328
39798,2.3,,,1,10328
39801,1.5,,,1,10328
39814,0.5,,,1,10328
39815,2,,,1,10328
39820,12,,,1,10328
39838,1.5,,,1,10328
39853,4.9,,,1,10328
39856,3.8,,,1,10328
39874,2.5,,,1,10353
39880,4.5,,,1,10328
39882,1.75,,,1,10353
39894,0.55,,,1,10353
39915,3,,,1,10353
39926,4.4,,,1,10258
39959,3,,,1,10353
39972,4,,,1,10353
40009,1,,,1,10353
40047,6.5,,,1,10328
40078,7.5,,,1,10353
40079,1.75,,,1,10353
40154,2,,,1,10328
40188,0.35,,,1,10353
40206,6,,,1,10353
40338,0.6,,,1,10328
40558,2.8,,,1,10328
40571,1,,,1,10328
40575,0.5,,,1,10328
40583,0.1,,,1,10328
40584,0.1,,,1,10328
40590,0.1,,,1,10328
40713,1.5,,,1,10353
40730,3.5,,,1,10328
40753,6,,,1,10328
40792,0.7,,,1,10328
40793,0.8,,,1,10328
40819,1,,,1,10328
40826,1.1,,,1,10328
40830,2,,0.106,2,10353
40860,0.3,,,1,10328
40863,0.3,,,1,10328
40895,1.9,,,1,10328
40904,0.1,,,1,10328
40919,1.5,,,1,10328
41075,1.5,,,1,10328
41082,3.6,,,1,10328
41086,5,,,1,10328
41096,1.2,,,1,10328
41100,0.6,,,1,10328
41102,2,,,1,10328
41111,1.8,,,1,10328
41112,1.9,,,1,10328
41114,3,,,1,10328
41130,1,,,1,10328
41134,0.6,,,1,10328
41164,0.4,,,1,10328
41172,0.6,,,1,10328
41181,3,,,1,10328
41190,2,,,1,10328
41191,3,,,1,10328
41253,0.1,,,1,10328
41311,3.25,,,1,10353
41358,0.6,,,1,10328
41369,6,,,1,10328
41370,0.4,,,1,10328
41372,0.4,,,1,10328
41382,0.7,,,1,10328
41383,0.4,,,1,10328
41395,0.2,,,1,10328
41396,6.6,,,1,10258
41399,4.5,,,1,10353
41428,1.05,,,1,10353
41456,0.7,,,1,10353
41478,1.5,,,1,10353
41481,3.5,,,1,10353
41488,1.23333333333333,,0.475,3,10353
41496,3.75,,,1,10353
41608,0.4,,,1,10328
41611,3,,,1,10328
41617,2,,,1,10328
41619,1.5,,,1,10328
41622,1.65,,,1,10353
41624,1,,,1,10328
41628,0.75,,,1,10353
41645,1.5,,,1,10328
41657,2,,,1,10328
41665,1,,,1,10353
41672,0.65,,,1,10353
41702,1.5,,,1,10328
41704,20,,,1,10328
41710,0.3,,,1,10328
41711,0.2,,,1,10328
41718,7.5,,,1,10328
41754,3.2,,,1,10353
41759,5,,,1,10328
41765,5.5,,,1,10328
41766,5,,,1,10328
41767,2,,,1,10328
41783,0.5,,,1,10328
41786,1.5,,,1,10328
41821,4.8,,,1,10258
41845,2.5,,,1,10353
41852,4.5,,,1,10353
41873,6.75,,,1,10353
41906,3.5,,,1,10328
41915,7.75,,0.046,2,"10328,10353"
41924,3.5,,,1,10328
41927,3.5,,,1,10328
41932,2.9,,,1,10328
41940,2.75,,,1,10353
41968,5,,,1,10328
41973,7,,,1,10328
41982,18,,,1,10328
41984,7,,,1,10328
41987,8,,,1,10353
41991,4,,,1,10328
41994,2.5,,,1,10353
41996,3.5,,,1,10353
42007,2.8,,,1,10328
42009,2.55,,,1,10353
42012,2.25,,,1,10353
42014,3.2,,0.53,2,10328
42021,5,,,1,10328
42032,6.075,,0.448,2,"10328,10353"
42042,6.5,,,1,10353
42046,2.1,,,1,10353
42055,5,,,1,10328
42063,17.5,,,1,10353
42069,1.2,,,1,10328
42070,1.4,,,1,10328
42074,0.5,,,1,10328
42081,2,,,1,10328
42096,3,,,1,10328
42097,1.5,,,1,10328
42107,7,,,1,10328
42108,4.5,,,1,10328
42128,4,,,1,10328
42135,7,,,1,10328
42155,1.65,,,1,10353
42174,1.4,,,1,10328
42178,0.9,,,1,10328
42193,1.4,,,1,10328
42215,1.25,,,1,10353
42229,5,,,1,10328
42230,1.5,,,1,10328
42265,0.8,,,1,10328
42267,0.8,,,1,10328
42269,0.4,,,1,10353
42273,0.2,,,1,10353
42275,0.4,,,1,10353
42277,8.35,,,1,10353
42278,0.625,,0.849,2,"10328,10353"
42280,10.5,,,1,10328
42352,0.1,,,1,10328
42357,0.1,,,1,10328
42366,0.1,,,1,10328
42372,0.1,,,1,10328
42529,1.6,,,1,10328
42533,2.125,,0.083,2,"10328,10353"
42536,1.05,,,1,10353
42552,1.5,,,1,10328
42556,0.2,,,1,10353
42569,5.4,,0.445,2,10258
42575,0.1,,,1,10328
42633,20,,,1,10353
42639,1.6,,,1,10328
42643,2.5,,,1,10328
42654,2,,,1,10328
42659,4.5,,,1,10328
42677,0.2,,,1,10328
42719,4,,,1,10353
42720,1.1,,,1,10353
42722,2.4,,,1,10353
42724,1.5,,,1,10353
42727,2.75,,,1,10353
42728,0.7,,,1,10353
42729,1.65,,,1,10353
42760,0.4,,,1,10328
42763,2,,,1,10353
42770,0.3,,,1,10353
42780,0.1,,,1,10328
42788,1,,,1,10328
42793,2.5,,,1,10353
42797,0.8,,,1,10328
42799,2,,,1,10353
42815,2.55,,,1,10353
42816,11,,,1,10353
42895,0.2,,,1,10328
42943,0.3,,,1,10328
42970,26.4,,,1,10258
43136,2.75,,,1,10353
43145,2.25,,,1,10353
43149,10,,,1,10353
43198,6.5,,,1,10353
43199,5.75,,,1,10353
43202,4.375,,0.202,2,10353
43210,4.1,,,1,10258
43221,0.5,,,1,10328
43223,0.8,,,1,10328
43323,2.75,,,1,10353
43324,4.5,,,1,10353
43326,0.5,,,1,10353
43359,3.4,,0.166,2,10258
43360,2.3,,,1,10328
43362,2,,,1,10328
43372,0.9,,,1,10328
43375,0.8,,,1,10328
43380,0.6,,,1,10328
43470,5.25,,,1,10353
43471,5.75,,,1,10353
43472,6,,,1,10353
43493,3.5,,,1,10353
43494,8,,,1,10328
43523,3.5,,,1,10353
43534,1.75,,,1,10353
43538,1.5,,,1,10353
43540,3,,,1,10353
43542,4.25,,,1,10353
43551,4.5,,,1,10353
43575,8.7,,,1,10258
43579,4.25,,,1,10353
43582,2.5,,,1,10353
43595,2.75,,,1,10353
43608,0.2,,,1,10328
43617,2,,0,2,10353
43629,1.5,,,1,10353
43656,3,,,1,10353
43663,2.65,,,1,10353
43664,6.5,,,1,10353
43674,4,,,1,10328
43677,2.25,,,1,10353
43681,2.5,,,1,10353
43685,7,,,1,10353
43690,0.8,,,1,10353
43788,19.75,,,1,10353
43792,4.25,,0.25,2,10353
43840,3,,,1,10328
43876,4,,,1,10328
43878,7.5,,,1,10328
44297,0.1,,,1,10328
44634,4,,,1,10353
44635,6.25,,,1,10353
44636,3.75,,,1,10353
44639,5.25,,0,2,10353
44640,2.5,,,1,10353
44641,2.25,,,1,10353
44644,7.5,,,1,10353
44647,1.25,,0,2,10353
44648,3,,,1,10353
44649,4.5,,,1,10353
44650,3.5,,,1,10353
44651,5.5,,,1,10353
44652,3.75,,,1,10353
44653,6.75,,0,2,10353
44726,4.5,,,1,10328
44736,3,,,1,10328
44755,1.8,,,1,10353
44756,1.4,,,1,10353
44757,0.85,,,1,10353
44759,1.3,,,1,10353
44800,2,,,1,10328
44802,1.1,,,1,10328
44807,1.2,,,1,10328
44810,1.5,,,1,10328
44821,1.3,,,1,10328
44824,2,,,1,10328
44853,13,,,1,10328
44949,0.2,,,1,10328
44977,7.75,,,1,10353
44999,1.5,,,1,10328
45067,4,,,1,10353
45069,7.25,,,1,10353
45071,5,,,1,10353
45074,5.25,,,1,10353
45076,5.5,,,1,10353
45077,4,,,1,10353
45103,0.3,,,1,10328
45108,0.2,,,1,10328
45207,3.5,,,1,10258
45262,1.5,,,1,10328
45314,1.4,,,1,10353
45315,1.75,,,1,10353
45316,1.65,,,1,10353
45317,1.5,,,1,10353
45318,3.25,,,1,10353
45319,2,,,1,10353
45335,1.2,,,1,10328
45360,2.75,,,1,10353
45387,5.4,,,1,10353
45389,2.1,,,1,10353
45390,4.35,,,1,10353
45394,2.5,,,1,10328
45398,2.75,,,1,10353
45400,100,,,1,10328
45416,4,,,1,10328
45437,1,,,1,10328
45440,1,,,1,10328
45441,0.5,,,1,10328
45475,3.75,,,1,10353
45476,6,,,1,10353
45519,6,,,1,10353
45717,2.6,,,1,10328
45814,3.5,,,1,10328
45845,3.5,,,1,10353
45866,0.2,,,1,10328
45867,0.2,,,1,10328
45871,0.3,,,1,10328
45872,0.1,,,1,10328
45874,0.4,,,1,10328
45911,0.7,,,1,10328
45917,1.5,,,1,10328
45952,4.75,,,1,10353
45955,17,,,1,10328
45979,6.5,,,1,10353
46030,11,,,1,10328
46054,0.65,,,1,10353
46055,0.55,,,1,10353
46056,1,,,1,10353
46057,0.3,,,1,10353
46058,1.825,,0.911,2,"10328,10353"
46066,1.7,,,1,10328
46068,0.3,,,1,10328
46070,0.3,,,1,10328
46121,0.1,,,1,10328
46169,5.5,,,1,10353
46214,2,,,1,10328
46220,3.25,,0.308,3,10353
46222,4,,,1,10328
46224,3.5,,,1,10328
46235,2.375,,0.968,2,10353
46291,6.25,,,1,10353
46298,5.5,,,1,10353
46314,0.5,,,1,10328
46317,0.65,,,1,10353
46324,2.5,,,1,10353
46326,1.35,,,1,10353
46332,0.15,,,1,10353
46336,0.35,,,1,10353
46339,0.425,,,1,10353
46406,2,,,1,10328
46468,0.5,,,1,10328
46474,1.25,,,1,10353
46475,3.5,,,1,10353
46488,3.3,,,1,10328
46492,4.5,,,1,10353
46493,6.5,,,1,10328
46512,6,,,1,10353
46513,15,,,1,10328
46514,3.5,,,1,10328
46516,1.3,,,1,10328
46521,2.5,,,1,10328
46522,2.5,,,1,10328
46523,1.5,,,1,10328
46579,10.5,,,1,10328
46582,3,,,1,10328
46585,2.25,,,1,10353
46586,0.75,,,1,10353
46590,0.7,,,1,10353
46603,1.75,,,1,10353
46623,0.6,,,1,10328
46633,1.8,,,1,10328
46644,0.6,,,1,10328
46650,0.8,,,1,10353
46657,1.5,,,1,10328
46659,0.95,,,1,10353
46665,0.4,,,1,10353
46666,1.15,,,1,10353
46668,1.6,,,1,10328
46669,0.5,,,1,10328
46680,1.8,,,1,10328
46686,1.1,,,1,10353
46695,1.5,,,1,10328
46696,2,,,1,10353
46698,0.9,,,1,10353
46708,0.6,,,1,10328
46714,0.55,,,1,10353
46744,7,,,1,10328
46745,5,,,1,10328
46755,4,,,1,10328
46850,4.8,,,1,10328
46851,1.5,,,1,10328
46880,3.5,,0,2,10353
46884,1.7,,,1,10328
46891,1.5,,,1,10328
46896,2,,,1,10328
46899,1.5,,,1,10353
46917,0.8,,,1,10328
46931,5,,,1,10328
46945,2,,,1,10328
46970,6.65,,0.542,2,10258
46980,1.1,,,1,10353
46984,1.5,,,1,10353
46985,2.5,,,1,10353
47005,4,,,1,10328
47021,6.5,,0,2,10353
47022,3.5,,,1,10353
47025,6.15,,,1,10353
47026,5.5,,,1,10353
47029,2,,,1,10353
47030,0.75,,,1,10353
47034,11,,,1,10353
47036,8.5,,,1,10353
47038,0.5,,,1,10328
47040,0.2,,,1,10328
47042,0.6,,,1,10328
47130,7,,,1,10328
47133,1,,,1,10328
47143,0.5,,,1,10328
47160,0.3,,,1,10328
47167,2,,,1,10328
47195,10,,,1,10353
47214,3,,,1,10328
47216,4,,,1,10328
47217,2.75,,0.386,2,10328
47236,5,,,1,10328
47295,1,,,1,10353
47297,1.5,,,1,10353
47312,1.5,,,1,10353
47313,1.6,,,1,10353
47335,2,,,1,10353
47349,0.1,,,1,10328
47381,5.5,,,1,10353
47384,4.5,,,1,10353
47408,2.7,,,1,10258
47471,1,,,1,10328
47516,4.1,,,1,10258
47616,2.25,,,1,10353
47622,7.5,,,1,10328
47637,0.04,,,1,10353
47638,16.5,,,1,10328
47658,7.9,,,1,10258
47782,1,,,1,10328
47790,4.25,,,1,10353
47793,2.75,,0,2,10353
47794,3,,,1,10353
47804,7,,,1,10353
47827,0.3,,,1,10328
47834,0.2,,,1,10328
47902,6.35,,0.234,2,10258
47950,3,,,1,10353
48110,1.35,,,1,10353
48532,2.375,,0.223,2,10353
48721,2,,,1,10353
48723,1.9,,,1,10353
49216,1.8,,,1,10328
49602,3.1,,,1,10258
49752,5.6,,,1,10258
49776,2,,,1,10353
50880,2.1,,,1,10328
51188,0.35,,,1,10353
51375,4,,,1,10353
51499,1.25,,,1,10353
51658,2.5,,,1,10353
51793,1.35,,,1,10353
51833,0.15,,,1,10353
52043,0.4,,,1,10353
52124,0.35,,,1,10353
52913,0.2,,,1,10328
53245,3,,,1,10353
53387,1,,,1,10353
53844,35.95,,0.238,2,10258
56121,2,,,1,10328
56330,0.3,,,1,10353
56365,0.075,,,1,10353
56482,1.55,,,1,10353
56485,0.8,,0.354,2,10353
56493,0.85,,,1,10353
56494,0.75,,,1,10353
56500,1.25,,,1,10353
56502,1.1,,,1,10353
56551,2.5,,,1,10353
56579,3.6,,,1,10353
56581,2.75,,,1,10353
56582,6,,0,2,10353
56586,1,,,1,10353
56593,4.75,,,1,10353
56601,1.75,,,1,10353
56602,1.25,,,1,10353
56606,2.25,,,1,10353
56607,4,,,1,10353
56608,4,,,1,10353
56610,2.15,,,1,10353
56611,0.65,,,1,10353
56613,1.75,,,1,10353
56614,0.9,,0.471,2,10353
56615,1.5,,,1,10353
56620,3.625,,0.439,2,10353
56621,8,,,1,10353
56623,4,,,1,10353
56630,2.5,,,1,10353
56631,4.5,,,1,10353
56632,8.25,,0.3,2,10353
56633,1.7,,,1,10353
56642,1.65,,,1,10353
56669,0.85,,,1,10353
56690,2.3,,,1,10353
56697,5.75,,,1,10353
56701,6,,,1,10353
56706,3.5,,,1,10353
56753,4.7,,,1,10353
56871,1.75,,,1,10353
56876,2.25,,,1,10353
56959,1.25,,,1,10353
56998,6,,0,2,10353
57076,1.25,,,1,10353
57114,2.5,,,1,10353
57317,7,,,1,10328
57371,4.5,,0,2,10353
57508,12.5,,,1,10353
57518,1.4,,,1,10353
57533,3.75,,,1,10353
57572,1.4,,,1,10353
57598,0.65,,,1,10353
57600,2.5,,,1,10353
57680,2.7,,0,2,10353
57711,0.15,,0,2,10353
57712,0.3,,,1,10353
58816,3,,,1,10353
59789,2.45,,0.26,2,"10328,10353"
60099,3.5,,,1,10353
60229,14.5,,,1,10353
60313,9,,,1,10353
61239,5,,,1,10353
61994,9,,,1,10353
62229,6,,,1,10353
63464,5,,,1,10353
63485,0.5,,,1,10328
63513,1.4,,,1,10328
63523,1,,,1,10353
63550,1.075,,0.23,2,10353
63681,0.65,,,1,10353
64333,0.8,,,1,10258
64365,6.5,,,1,10353
64436,37,,,1,10258
65596,4.4,,,1,10258
66337,4.5,,,1,10258
67321,5.3,,,1,10258
68022,2.4,,0.118,2,10258
68205,0.45,,,1,10353
68313,1,,,1,10353
68347,0.5,,,1,10258
68393,8.7,,,1,10258
68411,3.5,,,1,10258
68418,9.9,,,1,10258
68459,4.6,,,1,10258
68485,5.7,,,1,10258
68597,5.2,,,1,10258
68673,3.6,,,1,10258
68687,3.9,,,1,10258
68699,8.5,,,1,10258
68750,5,,,1,10353
68751,1.25,,,1,10353
68758,0.225,,,1,10353
68771,1.15,,,1,10353
68772,2.05,,,1,10353
68817,2,,,1,10353
68832,5,,,1,10353
68838,2.25,,,1,10353
68844,0.8,,0,2,10353
68848,0.9,,0.236,2,10353
68859,2,,,1,10353
68866,1,,0.707,2,10353
68870,5.5,,,1,10353
68945,0.6,,,1,10353
69718,5.65,,0.238,2,10258
69832,4.6,,0.43,2,10258
69928,5.9,,,1,10258
70361,3.6,,,1,10258
70485,0.7,,,1,10353
70494,2.55,,,1,10353
70495,1.8,,,1,10353
70521,0.35,,,1,10353
70530,0.3125,,0.622,2,10353
70535,0.2,,,1,10353
70544,1.05,,,1,10353
70545,3,,0,2,10353
70548,3,,,1,10353
70549,0.75,,,1,10353
70551,2,,0,2,10353
70565,0.5,,,1,10353
70566,1.35,,,1,10353
70575,0.15,,,1,10353
70582,2.5,,0.141,2,10353
70583,2.25,,,1,10353
70588,0.195,,0.761,2,10353
70590,0.4,,,1,10353
70592,0.3,,,1,10353
70593,0.2,,,1,10353
70596,1.75,,,1,10353
70600,0.6,,,1,10353
70604,0.65,,,1,10353
70606,0.7,,,1,10353
70608,0.55,,,1,10353
70610,0.2,,,1,10353
70612,0.85,,0.666,2,10353
70613,1.75,,,1,10353
70628,1,,,1,10353
70630,1.1,,,1,10353
70667,12.5,,,1,10353
70668,2,,,1,10353
70751,1.3,,,1,10353
70752,0.45,,,1,10353
70764,1.1,,,1,10353
70772,0.35,,,1,10353
70789,0.11,,,1,10353
70795,0.5,,,1,10353
70991,0.525,,,1,10353
71007,0.85,,,1,10353
71008,1.25,,,1,10353
71021,0.2,,,1,10353
71028,17,,,1,10353
71036,0.175,,,1,10353
71077,0.45,,,1,10353
71093,2,,,1,10353
71099,1.15,,,1,10353
71104,0.5,,,1,10353
71110,1.5,,,1,10353
71119,1.25,,,1,10353
71121,2,,0.354,2,10353
71122,2,,,1,10353
71123,0.3,,,1,10353
71143,3.5,,,1,10353
71148,0.45,,,1,10353
71163,3,,,1,10353
71966,0.2,,,1,10328
72430,7.4,,,1,10258
72889,5.05,,0.378,2,10258
73202,9.4,,0.165,2,10258
74113,7.9,,,1,10258
75971,15.3,,,1,10258
76035,8.7,,,1,10258
76353,4.45,,,1,10353
77051,5.55,,0.369,2,10258
77073,6.1,,,1,10258
77180,3.25,,0.065,2,10258
77300,13.5,,,1,10353
77306,1.75,,,1,10353
77322,0.65,,,1,10353
77325,4.5,,,1,10353
77337,0.5,,,1,10353
77341,1.95,,,1,10353
77379,4,,,1,10353
77380,0.95,,,1,10353
77383,0.25,,,1,10353
77428,0.65,,,1,10353
77464,4,,,1,10353
77465,3.5,,,1,10353
77519,1.1,,,1,10353
77571,1.5,,,1,10353
77578,1,,,1,10353
77676,5,,,1,10353
77679,8.5,,,1,10353
77817,1,,,1,10353
77835,2,,,1,10353
77991,0.7,,,1,10353
78087,0.9,,,1,10353
78935,1.5,,,1,10353
79890,0.9,,0,2,10353
79891,0.725,,0.536,2,10353
79893,0.75,,,1,10353
79901,1.2,,,1,10353
79904,0.75,,,1,10353
79934,3.5,,,1,10353
79938,8,,,1,10353
79939,4,,,1,10353
79950,2.5,,,1,10353
79977,2,,,1,10353
80017,1,,,1,10353
80018,4.25,,,1,10353
80056,2.35,,,1,10353
80069,1.2,,,1,10353
80070,2.75,,,1,10353
80071,8,,,1,10353
80088,3.75,,,1,10353
80090,2,,,1,10353
81839,0.2,,,1,10328
81876,3.75,,,1,10353
83103,4.95,,0.329,2,10258
83794,2.1,,,1,10353
83814,5.25,,,1,10353
83869,14.5,,,1,10353
83935,8,,,1,10353
83948,14,,,1,10353
84020,4.5,,0,2,10353
84055,1.5,,,1,10353
84064,2.5,,,1,10353
87132,2,,,1,10328
87133,1,,,1,10328
91894,2.1,,,1,10353
93345,8.5,,,1,10328
102146,0.45,,,1,10353
102151,1.1,,,1,10353
102176,0.2,,,1,10353
102221,2.925,,0.399,2,10353
102240,1.5,,,1,10353
102264,0.9,,,1,10353
102267,0.225,,,1,10353
102305,1.75,,0.202,2,10353
102366,1.25,,,1,10353
102372,3,,,1,10353
102373,3.25,,,1,10353
102375,7.75,,,1,10353
102387,2.5,,,1,10353
102390,0.9,,,1,10353
102471,4.5,,0.294,3,10353
102472,3.5,,,1,10353
102473,0.7,,,1,10353
102475,1.5,,,1,10353
102476,1.2,,,1,10353
102477,0.535,,,1,10353
102495,13.5,,,1,10353
102501,5.2,,,1,10353
102507,6.25,,,1,10353
102550,4,,,1,10353
102552,2.15,,,1,10353
102553,2,,,1,10353
102554,1.25,,,1,10353
102555,1,,,1,10353
102586,1.2,,,1,10353
102593,0.4,,,1,10353
102594,4.125,,0.043,2,10353
102595,0.45,,,1,10353
102596,0.075,,,1,10353
102614,0.35,,,1,10353
102628,1,,,1,10353
102633,2,,,1,10353
102634,3,,,1,10353
102640,1.15,,0,2,10353
102642,4.5,,,1,10353
102643,2.25,,,1,10353
102645,2.75,,,1,10353
102646,2.25,,,1,10353
102647,1.75,,,1,10353
102653,7,,,1,10353
102659,3.5,,,1,10353
102663,0.75,,,1,10353
102668,0.6,,,1,10353
102693,13.5,,,1,10353
102715,10,,,1,10353
102716,4.5,,,1,10353
102723,6.25,,,1,10353
103164,5,,,1,10258
103395,4,,,1,10328
105143,0.1,,,1,10328
105485,1.7,,,1,10328
105765,1,,,1,10328
120305,1.15,,,1,10353
120359,2.85,,,1,10353
120360,3.75,,,1,10353
120408,6.5,,,1,10353
120413,4,,,1,10353
120453,5,,,1,10353
120539,10.5,,,1,10353
120579,3.75,,,1,10353
120587,2.2,,,1,10353
120676,47.5,,,1,10353
120707,6,,,1,10353
120736,0.75,,,1,10353
120738,10,,,1,10353
120761,4,,,1,10353
120835,5.25,,,1,10353
121019,5.25,,,1,10353
121081,11,,,1,10353
121131,55,,,1,10353
121159,3,,0,2,10353
121160,2,,,1,10353
121179,6.75,,,1,10353
121224,5.25,,,1,10353
121244,4.2,,,1,10353
121251,4.5,,,1,10353
121252,2.5,,0,2,10353
121268,1,,,1,10353
121274,12.5,,,1,10353
121290,8.75,,,1,10353
121291,7,,,1,10353
121313,2.25,,,1,10353
121325,12,,,1,10353
121413,6.75,,,1,10353
121416,1.85,,,1,10353
121447,4.75,,,1,10353
121448,17.5,,,1,10353
121487,0.85,,,1,10353
121587,3,,,1,10353
121588,2.75,,,1,10353
121589,2,,,1,10353
121592,3.5,,,1,10353
121596,6,,,1,10353
121606,6,,,1,10353
121646,8.5,,,1,10353
121687,80,,,1,10353
121697,5.5,,,1,10353
121698,3.5,,,1,10353
121711,2.5,,0,2,10353
121752,4,,,1,10353
121789,2.25,,,1,10353
121795,4.75,,,1,10353
121796,2.5,,,1,10353
121800,1.75,,,1,10353
121803,0.1,,,1,10353
121845,2.25,,,1,10353
121862,3.5,,,1,10353
121864,4.5,,0,2,10353
121865,5.25,,,1,10353
121866,7,,,1,10353
121886,1,,,1,10353
121890,1.3,,,1,10353
121892,2.5,,,1,10353
121917,5.3,,,1,10353
121934,2.5,,,1,10353
121958,10.5,,,1,10353
122003,1.8,,,1,10353
122019,11.5,,,1,10353
122022,1.5,,,1,10353
122023,3,,,1,10353
122025,2.4,,0,2,10353
122027,2,,,1,10353
122052,1.3,,,1,10353
122060,5.75,,,1,10353
122089,0.215,,,1,10353
122090,0.2,,,1,10353
122099,3,,,1,10353
122107,1.9,,,1,10353
122126,1.1,,,1,10353
122138,4,,,1,10353
122145,0.9,,,1,10353
122146,1.5,,,1,10353
122159,4,,,1,10353
122160,0.6,,,1,10353
122172,0.35,,,1,10353
122192,0.75,,,1,10353
122198,3.25,,,1,10353
122206,3.5,,,1,10353
122208,0.5,,,1,10353
122233,6.5,,,1,10353
122250,1.5,,,1,10353
122259,3.5,,,1,10353
122263,10,,,1,10353
122270,0.225,,0.157,2,10353
122276,4,,,1,10353
122280,1.05,,,1,10353
122304,4.25,,,1,10353
122325,1,,,1,10353
122327,1.825,,0.136,2,10353
122328,2.25,,,1,10353
122345,12,,,1,10353
122378,50,,,1,10353
122404,2,,,1,10353
122405,5.5,,,1,10353
122409,7.2,,,1,10353
122418,4.3,,,1,10353
122420,1.5,,,1,10353
122423,2.625,,0.202,2,10353
122450,5.5,,,1,10353
122459,2.5,,,1,10353
122476,0.325,,,1,10353
122481,5,,,1,10353
122488,1.35,,,1,10353
122491,3.5,,0.202,2,10353
122492,1.75,,,1,10353
122495,6.5,,,1,10353
122505,2.5,,,1,10353
122506,4,,,1,10353
122518,4.75,,,1,10353
122523,1.5,,,1,10353
122533,3.75,,,1,10353
122549,2.85,,0.173,3,10353
122592,1,,,1,10353
122596,3.125,,0.17,2,10353
122608,4.5,,,1,10353
122628,5.5,,,1,10353
122629,2.75,,,1,10353
122632,4,,,1,10353
122634,5,,,1,10353
122635,10.5,,,1,10353
122642,1.525,,0.209,2,10353
122686,0.4,,,1,10353
122687,1.5,,,1,10353
122689,7.5,,,1,10353
122699,2.75,,,1,10353
122726,4,,,1,10353
122727,0.75,,,1,10353
122729,3.5,,,1,10353
122730,1.75,,,1,10353
122775,15,,,1,10353
122786,3.5,,,1,10353
122867,1.25,,,1,10353
122924,1.5,,,1,10353
122942,5,,,1,10353
122964,1.8,,,1,10353
123010,4.25,,,1,10353
123053,1.15,,,1,10353
123057,16.5,,,1,10353
123122,4.25,,,1,10353
123125,3,,0,2,10353
123126,4.25,,0,2,10353
123306,6.25,,,1,10353
123321,5.5,,,1,10353
123322,7.5,,,1,10353
123474,8,,,1,10353
123480,1.5,,,1,10353
123528,2.25,,,1,10353
123543,6.5,,,1,10353
123554,0.85,,,1,10353
123558,0.4,,,1,10353
123594,0.6,,,1,10353
123676,0.2,,,1,10353
123720,4.75,,,1,10353
123725,3.25,,,1,10353
123757,1,,,1,10353
123823,3.75,,,1,10353
123903,2.65,,,1,10353
124030,1.55,,,1,10353
124033,7,,,1,10353
124039,7.5,,,1,10353
124264,2.5,,,1,10353
124268,27,,,1,10353
124271,6,,,1,10353
124272,4,,,1,10353
124289,2.25,,,1,10353
124291,3.5,,,1,10353
124299,3.5,,,1,10353
124300,3,,,1,10353
124301,13,,,1,10353
124311,3,,,1,10353
124331,1.9,,,1,10353
124337,3,,,1,10353
124394,2.65,,,1,10353
124395,1.75,,0.371,3,10353
124396,1.05,,,1,10353
124404,12.8333333333333,,0.112,3,10353
124419,1.5,,,1,10353
124420,4.75,,,1,10353
124437,3.5,,,1,10353
124442,0.75,,,1,10353
124451,3.5,,,1,10353
124746,3.25,,,1,10353
124779,3.75,,,1,10353
124797,6.5,,,1,10353
124817,8.5,,,1,10353
124821,10,,,1,10353
124869,8,,,1,10353
124890,5.5,,,1,10353
124892,3.25,,,1,10353
124895,11,,,1,10353
124897,6.5,,,1,10353
124957,4.5,,,1,10353
124966,5.25,,,1,10353
124967,4.5,,,1,10353
124983,27.5,,,1,10353
124997,5.75,,,1,10353
125019,9,,,1,10353
125028,7.75,,,1,10353
125031,5,,,1,10353
125037,6,,,1,10353
125041,11,,,1,10353
125137,6.5,,,1,10353
125140,5.5,,,1,10353
125141,3.5,,,1,10353
125147,9,,,1,10353
125153,3.5,,,1,10353
125235,6.5,,,1,10353
125238,7.5,,,1,10353
125245,2.5,,,1,10353
125257,4.75,,,1,10353
125262,5,,,1,10353
125263,6.625,,0.187,2,10353
125363,5.75,,,1,10353
125391,5.15,,,1,10353
125394,4.5,,,1,10353
125395,1.5,,,1,10353
125399,3,,,1,10353
125400,2.25,,,1,10353
125416,7.5,,0,2,10353
125421,5.5,,,1,10353
125439,6,,,1,10353
125441,2.25,,,1,10353
125442,3.41666666666667,,0.305,3,10353
125478,1.05,,,1,10353
125491,2.45,,,1,10353
126044,3.075,,,1,10353
126286,4,,,1,10353
126402,4.75,,,1,10353
126414,0.35,,,1,10353
126543,3.5,,,1,10353
126554,4,,,1,10328
126842,2.25,,,1,10353
126868,3,,,1,10353
126872,3.66666666666667,,0.276,3,10353
126874,4.5,,,1,10353
126998,2.68571428571429,,0.238,7,10353
128719,1.25,,,1,10353
130575,11,,,1,10353
130721,1.5,,,1,10353
132190,0.85,,,1,10353
132710,1.5,,,1,10353
134399,0.7,,,1,10353
134412,1,,,1,10353
134416,2.1,,,1,10353
136571,2.75,,,1,10353
136577,10,,,1,10353
136581,3.5,,,1,10353
136591,2.75,,0,2,10353
136592,15.25,,,1,10353
136593,5.75,,,1,10353
136595,9,,,1,10353
136629,2,,,1,10353
136635,0.5,,,1,10353
136639,8,,,1,10353
136657,8.5,,0,2,10353
136663,0.4,,,1,10353
136667,0.175,,,1,10353
136668,0.36,,,1,10353
136669,3.5,,,1,10353
136670,1,,,1,10353
136671,0.225,,,1,10353
136675,6.8,,,1,10353
136678,1.9,,,1,10353
136679,4.75,,,1,10353
136686,20,,,1,10353
136700,0.15,,,1,10353
136729,11.75,,,1,10353
136730,8,,,1,10353
136732,9.5,,,1,10353
136733,3.5,,,1,10353
136738,0.035,,,1,10353
136739,0.075,,,1,10353
136764,10.75,,,1,10353
136772,2.25,,,1,10353
136777,1.675,,0.274,2,10353
136783,3.25,,,1,10353
136788,5,,,1,10353
136799,9,,,1,10353
136818,10.5,,0,2,10353
136826,2.35,,,1,10353
136840,1.2,,,1,10353
136842,0.9,,,1,10353
136876,8,,,1,10353
136877,1.6,,,1,10353
136884,5,,,1,10353
136885,3.75,,,1,10353
136888,3.25,,,1,10353
136899,2.25,,,1,10353
136900,3,,,1,10353
136901,3.25,,,1,10353
136902,1.5,,,1,10353
136903,1.5,,,1,10353
136904,1.25,,,1,10353
136906,3.5,,,1,10353
136922,0.6,,,1,10353
136924,7.5,,,1,10353
136927,4,,0.354,2,10353
136928,3.5,,,1,10353
136929,3,,,1,10353
136930,2.75,,,1,10353
136950,0.145,,,1,10353
136955,2.125,,0.25,2,10353
136964,5.5,,,1,10353
136988,0.085,,,1,10353
137000,3,,,1,10353
137008,6,,,1,10353
137032,5.25,,,1,10353
137033,6,,,1,10353
137034,3,,,1,10353
137048,4.75,,,1,10353
137049,9.5,,,1,10353
137051,9.25,,,1,10353
137093,1.5,,,1,10353
137100,2,,,1,10353
137101,9.5,,0.819,2,10353
137102,0.6,,,1,10353
137103,1,,,1,10353
137124,3.1,,,1,10353
137125,3.5,,,1,10353
137126,1.25,,,1,10353
137132,3.35,,,1,10353
137160,1.05,,,1,10353
137161,0.85,,,1,10353
137162,0.75,,,1,10353
137175,5,,,1,10353
137177,3,,,1,10353
137180,3.5,,,1,10353
137181,2.5,,,1,10353
137182,4.25,,,1,10353
137183,0.65,,,1,10353
137210,4,,,1,10353
137212,5.75,,,1,10353
137214,1.9,,,1,10353
137217,3.25,,,1,10353
137223,5.5,,,1,10353
137231,2.5,,,1,10353
137330,2.5,,,1,10353
137334,3.25,,,1,10353
137346,4.25,,,1,10353
137354,1,,,1,10353
137372,6,,,1,10353
137412,3.4,,,1,10353
137447,0.2,,,1,10353
137448,0.125,,,1,10353
137449,0.4875,,0.098,4,10353
137450,0.8,,0,2,10353
137461,62.5,,,1,10353
137464,7,,,1,10353
137471,4.5,,,1,10353
137474,9,,,1,10353
137481,0.55,,,1,10353
137492,3.75,,,1,10353
137504,3.2,,,1,10353
137505,1.5,,,1,10353
137508,3,,,1,10353
137509,3.5,,,1,10353
137510,3.85,,,1,10353
137525,3.15,,,1,10353
137529,1.4,,,1,10353
137531,1.3,,,1,10353
137534,1.85,,,1,10353
137535,1.1,,,1,10353
137536,0.9,,,1,10353
137537,0.5,,,1,10353
137539,1.6,,,1,10353
137540,1.7,,,1,10353
137545,3.65,,,1,10353
137546,6,,,1,10353
137547,4,,,1,10353
137548,5.25,,,1,10353
137567,3.5,,,1,10353
137570,6,,,1,10353
137571,5.5,,,1,10353
137594,1.35,,,1,10353
137600,6.5,,,1,10353
137601,9,,,1,10353
137612,4.5,,,1,10353
137621,3.75,,,1,10353
137626,3.5,,,1,10353
137629,3.5,,,1,10353
137630,6.25,,,1,10353
137648,2.75,,,1,10353
137651,3.25,,,1,10353
137653,3.5,,,1,10353
137654,1.5,,,1,10353
137655,2.1,,,1,10353
137673,3.75,,,1,10353
137676,4.5,,,1,10353
137677,3.35,,,1,10353
137680,2.9,,,1,10353
137687,3.25,,,1,10353
137711,0.3,,,1,10353
137713,1.8,,,1,10353
137720,0.85,,,1,10353
137724,1.65,,0,2,10353
137731,0.8,,,1,10353
137735,0.9,,,1,10353
137747,0.11,,,1,10353
137762,7.75,,,1,10353
137772,3.5,,,1,10353
137774,5.5,,,1,10353
137775,3,,,1,10353
137777,6,,,1,10353
137778,3.75,,,1,10353
137781,4,,,1,10353
137782,3,,,1,10353
137783,5,,,1,10353
137785,0.75,,,1,10353
137786,2,,,1,10353
137787,3.25,,,1,10353
137788,4,,,1,10353
137853,10,,,1,10353
137855,8.5,,,1,10353
137865,1,,,1,10353
137866,2,,,1,10353
137877,1.5,,0,2,10353
137880,4.75,,0.223,2,10353
137890,0.75,,,1,10353
137891,2.25,,,1,10353
137892,1,,,1,10353
137896,0.75,,,1,10353
137904,0.775,,0.411,2,10353
137930,2.75,,,1,10353
137931,3,,,1,10353
137932,2.25,,,1,10353
137934,4.25,,0,2,10353
137960,3.25,,,1,10353
137964,1.4,,,1,10353
137972,2.5,,,1,10353
137998,2.4,,,1,10353
137999,0.675,,0.052,2,10353
138000,3.25,,0,2,10353
138002,0.85,,,1,10353
138011,4.5,,,1,10353
138012,9,,,1,10353
138013,7.5,,,1,10353
138020,17.5,,,1,10353
138021,7.5,,,1,10353
138022,3,,,1,10353
138026,5,,,1,10353
138029,4.25,,,1,10353
138030,3,,,1,10353
138031,2.75,,,1,10353
138032,12,,,1,10353
138034,4,,,1,10353
138035,2.75,,,1,10353
138036,4,,,1,10353
138037,2.8,,,1,10353
138043,2,,,1,10353
138044,2.5,,,1,10353
138046,1.05,,,1,10353
138047,1,,,1,10353
138050,1.05,,,1,10353
138053,3.5,,,1,10353
138055,0.5,,,1,10353
138057,0.85,,,1,10353
138058,1,,,1,10353
138059,2.7,,,1,10353
138060,2.6,,,1,10353
138061,1.75,,,1,10353
138062,0.95,,,1,10353
138063,4.5,,,1,10353
138064,3.125,,0.283,2,10353
138065,2,,,1,10353
138066,1.75,,,1,10353
138069,1.6,,,1,10353
138071,1.15,,,1,10353
138074,0.4,,,1,10353
138092,0.15,,,1,10353
138093,2.5,,,1,10353
138095,0.25,,,1,10353
138096,2,,,1,10353
138099,2.75,,,1,10353
138100,0.4,,,1,10353
138101,1,,0,2,10353
138102,3,,,1,10353
138104,1.625,,0.109,2,10353
138105,4.25,,,1,10353
138126,7,,,1,10353
138143,5,,,1,10353
138166,0.75,,,1,10353
138171,0.1125,,0.471,2,10353
138187,5.25,,,1,10353
138201,0.4,,,1,10353
138202,0.45,,,1,10353
138206,0.3,,,1,10353
138207,1.55,,,1,10353
138215,3.25,,,1,10353
138219,0.35,,,1,10353
138222,0.3,,,1,10353
138250,2.5,,0.265,3,10353
138251,3.25,,,1,10353
138253,2.35,,,1,10353
138260,4.5,,,1,10353
138261,1,,,1,10353
138262,5.5,,0,2,10353
138264,0.275,,,1,10353
138267,1.25,,,1,10353
138274,0.3,,,1,10353
138275,2,,,1,10353
138287,0.9,,,1,10353
138288,1.25,,,1,10353
138300,2,,,1,10353
138301,7.5,,,1,10353
138303,4,,,1,10353
138313,1.25,,,1,10353
138314,1,,,1,10353
138315,4,,,1,10353
138332,3,,0,2,10353
138333,6.25,,,1,10353
138346,3,,,1,10353
138347,9.5,,,1,10353
138383,3.5,,,1,10353
138391,1.6,,,1,10353
138401,0.9,,,1,10353
138434,2.75,,,1,10353
138446,1.4,,0,3,10353
138465,2.25,,,1,10353
138478,0.3,,0,2,10353
138485,5,,,1,10353
138522,2.5,,,1,10353
138523,10,,,1,10353
138530,0.35,,,1,10353
138533,0.4,,,1,10353
138539,0.6,,,1,10353
138540,0.1,,,1,10353
138542,0.1,,,1,10353
138565,2,,,1,10353
138566,1.5,,0,2,10353
138586,0.45,,,1,10353
138589,0.35,,,1,10353
138596,0.65,,,1,10353
138623,0.85,,,1,10353
138627,0.5,,,1,10353
138646,5.5,,,1,10353
138649,0.25,,,1,10353
138660,1.1,,,1,10353
138720,4,,,1,10353
138785,2.5,,,1,10353
138787,0.105,,,1,10353
138811,3,,,1,10353
138826,0.35,,,1,10353
138844,1.4,,,1,10353
138845,1.25,,,1,10353
138854,10,,,1,10353
138858,0.875,,,1,10353
138868,0.5,,,1,10353
138872,1.2,,,1,10353
138913,0.2,,,1,10353
138921,0.4,,,1,10353
138927,1,,,1,10353
138934,0.35,,,1,10353
138965,4,,,1,10353
138967,0.75,,,1,10353
138968,2,,,1,10353
138969,0.42,,0.418,5,10353
138970,1.5,,,1,10353
138971,0.2875,,0.184,2,10353
138976,1.65,,,1,10353
138977,0.95,,,1,10353
138982,3,,,1,10353
138984,4.25,,,1,10353
138991,0.225,,,1,10353
138993,0.65,,,1,10353
138996,0.2,,,1,10353
139061,4,,,1,10353
139084,1.05,,,1,10353
139086,1,,,1,10353
139096,0.75,,,1,10353
139102,2.75,,,1,10353
139121,14.5,,0.341,2,10353
139124,2.25,,,1,10353
139125,4.1,,,1,10353
139126,1.5,,,1,10353
139587,14,,,1,10353
139602,7,,,1,10353
139605,5.5,,,1,10353
139609,7,,,1,10353
139611,3,,,1,10353
139635,9,,,1,10353
139906,2,,,1,10353
139934,5,,,1,10353
139953,22.5,,,1,10353
140214,3.75,,0,2,10353
140230,2.5,,,1,10353
140276,1.25,,,1,10353
140284,6.5,,0,2,10353
140287,10.25,,,1,10353
140297,25,,,1,10353
140299,1.5,,0.471,2,10353
140416,12.7,,,1,10258
140466,5,,,1,10353
140508,4.4,,,1,10353
140509,2.25,,,1,10353
140628,5.5,,,1,10353
140634,2,,,1,10353
140635,3,,,1,10353
140637,5.5,,0,2,10353
140640,1.15,,0,2,10353
140641,4.5,,,1,10353
140646,3,,,1,10353
140684,0.06,,,1,10353
140810,3,,,1,10353
141118,3.75,,,1,10353
141197,4.5,,,1,10353
141401,10.5,,,1,10353
141544,4.75,,,1,10353
141594,12,,,1,10353
141866,5,,,1,10353
141867,4.5,,,1,10353
141874,4.5,,,1,10353
141875,2.75,,,1,10353
141878,7.5,,,1,10353
141964,42.55,,0.145,2,10258
142003,1.75,,,1,10353
142048,2.65,,,1,10353
142178,2.25,,,1,10353
142179,5,,,1,10353
142180,7,,,1,10353
142181,7,,,1,10353
142182,4,,,1,10353
142280,7,,,1,10353
142284,22,,,1,10353
142357,1.05,,0,2,10353
142358,1.75,,,1,10353
142612,4.9,,,1,10353
142779,1.25,,,1,10353
142780,8,,,1,10353
142804,5,,,1,10353
142821,2.5,,,1,10353
142822,0.375,,0,2,10353
143358,3.25,,,1,10353
143639,4.65,,0.198,2,10258
143656,8.5,,,1,10353
144078,5,,,1,10353
144689,0.225,,,1,10353
144691,0.5,,,1,10353
144707,1.5,,,1,10353
144720,1.15,,,1,10353
144788,3.25,,,1,10353
144827,5.5,,,1,10353
144876,2.25,,,1,10353
144877,2.125,,0.416,2,10353
145668,4.25,,0.216,2,10258
145748,8,,,1,10353
146122,2,,,1,10353
146459,0.35,,,1,10353
146948,2.25,,0.157,2,10353
146962,1.5,,,1,10353
147035,2.7,,,1,10353
147081,3.1,,,1,10258
147345,18,,,1,10353
147351,10.5,,,1,10353
147385,2.5,,,1,10353
147687,1.4,,,1,10353
147690,6.5,,,1,10353
147691,1.65,,,1,10353
147693,0.85,,,1,10353
147694,1.2,,,1,10353
147696,1.5,,,1,10353
147697,5.75,,,1,10353
147698,0.85,,,1,10353
147699,2.4,,,1,10353
147700,1.5,,,1,10353
147701,1.35,,,1,10353
147703,0.425,,,1,10353
147755,2.65,,,1,10353
147953,3.25,,,1,10353
148309,0.4,,,1,10353
148493,6,,,1,10353
148498,5.25,,,1,10353
148595,3.1,,,1,10258
148714,9.5,,,1,10353
149237,22.5,,,1,10353
149302,3.5,,,1,10353
149303,3.25,,,1,10353
149360,5.5,,,1,10353
149433,4.5,,,1,10353
149496,5.5,,,1,10353
149497,6,,,1,10353
149498,13.5,,,1,10353
149499,13,,,1,10353
149500,4.75,,,1,10353
149715,5.8,,,1,10258
149847,6.25,,,1,10353
149866,1.5,,,1,10353
150218,1.05,,,1,10353
150230,5.25,,,1,10353
150236,3,,,1,10353
150239,4.5,,,1,10353
150242,3.875,,0.411,2,10353
150243,10.5,,,1,10353
150269,0.55,,,1,10353
150400,3.5,,,1,10353
150402,5.5,,,1,10353
150417,2.25,,,1,10353
150422,1.8,,,1,10353
150425,2.75,,,1,10353
150450,0.35,,,1,10353
150462,3,,,1,10353
150467,1.3,,,1,10353
150506,8.5,,,1,10258
150523,1.5,,,1,10353
150526,2,,,1,10353
150708,1.075,,1.217,2,10353
150795,5.7,,,1,10258
150823,3.25,,,1,10353
150984,6,,,1,10353
151073,5.25,,,1,10353
151076,1.4,,,1,10353
151112,2,,,1,10353
151118,2.5,,,1,10353
151172,3,,,1,10353
151271,1.3,,,1,10353
151272,1.3,,,1,10353
151273,3.25,,,1,10353
151274,0.85,,,1,10353
151277,1.525,,0.116,2,10353
151278,0.75,,,1,10353
151279,1.1,,,1,10353
151281,0.8,,,1,10353
151296,3.75,,,1,10353
151365,0.7,,,1,10353
151372,0.4,,,1,10353
151377,0.45,,,1,10353
151383,1.8,,,1,10353
151388,11,,,1,10353
151389,2.31428571428571,,0.343,7,10353
151390,0.3,,,1,10353
151393,0.75,,,1,10353
151397,0.6,,,1,10353
151400,0.3,,,1,10353
151401,1,,,1,10353
151468,8.3,,,1,10258
151539,3.35,,,1,10353
151541,3.25,,,1,10353
151542,1.25,,,1,10353
151544,2.25,,,1,10353
151547,2.25,,,1,10353
151548,2.25,,,1,10353
151549,4.5,,,1,10353
151551,1.5,,,1,10353
151552,8.5,,,1,10353
151553,1.35,,,1,10353
151560,2.5,,,1,10353
151709,1.15,,,1,10353
151716,19,,,1,10353
151888,2,,,1,10353
151929,2.6,,,1,10353
152140,1.4,,,1,10353
152197,2.5,,,1,10353
152216,2.75,,,1,10353
152217,3,,,1,10353
152290,0.1,,,1,10328
152394,7.7,,,1,10353
152538,4.25,,,1,10353
152539,8.5,,,1,10353
152540,1.45,,,1,10353
152541,2.375,,0.67,2,10353
152542,3.25,,,1,10353
152543,4.25,,,1,10353
152750,2,,,1,10353
152787,3.5,,,1,10353
152790,0.85,,0,2,10353
152791,2.15,,,1,10353
153044,1.65,,,1,10353
153161,0.4,,,1,10353
153256,1.9,,,1,10353
153342,3.25,,,1,10353
153403,2,,,1,10353
153502,2.5,,,1,10328
153533,0.6,,,1,10353
153535,1.4,,,1,10353
153615,2.9,,,1,10258
153695,5.25,,,1,10353
153905,1.7,,,1,10328
153907,4.8,,,1,10328
153918,1.5,,,1,10353
153925,0.225,,,1,10353
153978,1.75,,,1,10353
154012,0.425,,,1,10353
155869,1,,,1,10353
158456,3.25,,,1,10353
158834,11.5,,,1,10353
158951,2.5,,,1,10353
159616,10.5,,,1,10353
159620,9,,,1,10353
159765,1.65,,,1,10353
159836,1,,,1,10353
161033,3.5,,,1,10353
162843,3.5,,,1,10353
162990,2.75,,,1,10353
163545,10.75,,,1,10353
163840,0.3,,,1,10328
165351,0.3,,,1,10328
166907,2.5,,,1,10353
166922,3.25,,,1,10353
166927,3.75,,,1,10353
168884,3.35,,,1,10353
169664,2.75,,,1,10353
169674,6.5,,,1,10353
169679,4.75,,,1,10353
169684,5,,,1,10353
169692,2.5,,,1,10353
169694,6.5,,,1,10353
169699,6.5,,,1,10353
169705,2.75,,,1,10353
169717,3.5,,,1,10353
169723,0.5,,,1,10353
169730,4.75,,,1,10353
170224,3.25,,,1,10353
170326,5,,,1,10353
170327,13,,,1,10353
170997,16.5,,,1,10353
171558,8.5,,,1,10353
171599,7,,,1,10353
171777,10,,,1,10353
171968,3.75,,,1,10353
172361,3,,,1,10353
173106,4,,,1,10353
173368,3.25,,,1,10353
173406,3.5,,,1,10353
174534,2.25,,,1,10353
176186,2.25,,,1,10353
176256,1.9,,,1,10353
176798,0.9,,,1,10353
176803,1,,,1,10353
176806,0.45,,,1,10353
176807,1.25,,,1,10353
176888,0.5,,,1,10353
176913,0.45,,,1,10353
177108,1.5,,,1,10353
177119,0.45,,,1,10353
177190,0.4,,,1,10353
177217,0.225,,,1,10353
177220,0.4,,,1,10353
177221,1.5,,,1,10353
177231,0.15,,,1,10353
177262,0.45,,,1,10353
177276,0.4,,,1,10353
177290,2.5,,,1,10353
177304,0.5,,,1,10353
177315,1.25,,,1,10353
177328,0.75,,,1,10353
177363,0.6,,,1,10353
177377,0.65,,,1,10353
177435,0.55,,,1,10353
179087,13,,,1,10353
179196,0.5,,,1,10353
179253,0.6,,,1,10353
179275,1,,,1,10353
179277,0.5,,,1,10353
179323,2.75,,,1,10353
179474,1.75,,,1,10353
179676,0.35,,,1,10353
180345,5.75,,,1,10353
181467,4,,,1,10353
181547,3.85,,,1,10353
184702,6,,,1,10353
184753,8,,,1,10353
184762,2.5,,,1,10353
184763,6.5,,,1,10353
184764,6,,,1,10353
184820,3.2,,,1,10353
184829,6,,,1,10353
184840,2.25,,,1,10353
184842,3.75,,,1,10353
184848,4.75,,,1,10353
184849,3.25,,,1,10353
184892,5.5,,,1,10353
184894,14.5,,,1,10353
184897,4,,,1,10353
184899,8.5,,,1,10353
184901,7.5,,,1,10353
185337,5.25,,,1,10353
185824,14.5,,,1,10353
185829,0.6,,,1,10353
185847,11.5,,,1,10353
186664,4.25,,,1,10353
186855,10.5,,,1,10353
188534,3.5,,,1,10353
193160,4.5,,,1,10353
193195,1,,,1,10353
193200,1,,,1,10353
193241,2.75,,,1,10353
193258,3.75,,,1,10353
193265,0.8,,,1,10353
193267,0.3,,,1,10353
193287,2.75,,,1,10353
193290,2.75,,,1,10353
193329,3.5,,,1,10353
193340,2.75,,,1,10353
193379,3.5,,,1,10353
193403,1.1,,,1,10353
193405,4.25,,,1,10353
193459,3.5,,,1,10353
193491,0.6,,,1,10353
193509,0.15,,,1,10353
193517,3.25,,,1,10353
193557,3.25,,,1,10353
194898,4,,,1,10353
194922,2.25,,,1,10353
194924,2.75,,,1,10353
194987,3,,,1,10353
195296,3.5,,,1,10353
197840,5.5,,,1,10353
197917,1.75,,,1,10353
198016,4,,,1,10353
198043,3.5,,,1,10353
198054,3,,,1,10353
198080,2.75,,,1,10353
199441,0.85,,,1,10353
199505,2,,,1,10353
199553,3,,,1,10353
199602,1.4,,,1,10353
199713,3,,,1,10353
200188,6,,,1,10353
201987,2.5,,,1,10353
207879,4.55,,,1,10353
208836,7,,,1,10353
210097,1,,,1,10353
210544,16,,,1,10353
211069,3.3,,,1,10353
211130,9,,,1,10353
211916,0.05,,,1,10353
212386,0.7,,,1,10353
212449,2.35,,,1,10353
212485,3.25,,,1,10353
212511,0.55,,,1,10353
215303,0.35,,,1,10353
216331,0.05,,,1,10353
216336,0.2,,,1,10353
216878,0.25,,,1,10353
219647,1.75,,,1,10353
219650,3,,,1,10353
219655,2.75,,,1,10353
219706,2.75,,,1,10353
219707,1.95,,,1,10353
219811,0.85,,,1,10353
219812,2.25,,,1,10353
219869,1.5,,,1,10353
220020,1.75,,,1,10353
220023,2.65,,,1,10353
220037,2.25,,,1,10353
220044,3.5,,,1,10353
220081,2.5,,,1,10353
220083,2.5,,,1,10353
220085,2.75,,,1,10353
220086,2.5,,,1,10353
220088,3.25,,,1,10353
220113,2.5,,,1,10353
220114,4.25,,,1,10353
220116,2.25,,,1,10353
220120,1.5,,,1,10353
220122,1.25,,,1,10353
220123,1.35,,,1,10353
220125,2.75,,,1,10353
222741,4,,,1,10353
222751,5,,,1,10353
224482,3.75,,,1,10353
224483,2.25,,,1,10353
224484,2.5,,,1,10353
224488,1.4,,,1,10353
224491,3,,,1,10353
224493,1.75,,,1,10353
224495,1.2,,,1,10353
224497,2.25,,,1,10353
224506,1.4,,,1,10353
224507,4.25,,,1,10353
228749,1.75,,,1,10353
228755,3.5,,,1,10353
229159,1.35,,,1,10353
229164,2.1,,,1,10353
229165,6.5,,,1,10353
229169,0.55,,,1,10353
229171,3.5,,,1,10353
229175,1.55,,,1,10353
229177,3,,,1,10353
229181,2.2,,,1,10353
229182,3,,,1,10353
229183,6.25,,,1,10353
229184,0.5,,,1,10353
229600,1.5,,,1,10353
229610,1.1,,,1,10353
230270,10,,,1,10353
230345,10,,,1,10353
231864,1.75,,,1,10353
231868,11.5,,,1,10353
290417,3.5,,,1,10353
290520,2.25,,,1,10353
292197,7.5,,,1,10353
292240,3.75,,,1,10353
292343,3,,,1,10353
292691,2.75,,,1,10353
292706,5.5,,,1,10353
293094,10.5,,,1,10353
293230,6,,,1,10353
293281,2.6,,,1,10353
293400,3.25,,,1,10353
293515,4,,,1,10353
293942,5,,,1,10353
293965,1.25,,,1,10353
293974,9,,,1,10353
293975,9,,,1,10353
293994,1.5,,,1,10353
294250,8.5,,,1,10353
294269,2.25,,,1,10353
294277,11.5,,,1,10353
294279,10,,,1,10353
294283,3.5,,,1,10353
294285,2,,,1,10353
294466,13.25,,,1,10353
294468,15,,,1,10353
294475,2.5,,,1,10353
294476,2.5,,,1,10353
294478,9,,0,2,10353
294480,0.25,,,1,10353
294485,12.5,,,1,10353
294488,0.25,,,1,10353
294489,2.1,,,1,10353
294494,1.05,,,1,10353
294521,0.95,,,1,10353
294522,1.75,,,1,10353
294523,9.08333333333333,,0.661,3,10353
294526,12.5,,,1,10353
294532,0.6,,,1,10353
294536,0.9,,,1,10353
294537,4.25,,0,2,10353
294543,0.45,,,1,10353
294556,2.75,,,1,10353
294633,1.1,,,1,10353
294639,2.25,,,1,10353
294648,0.125,,,1,10353
294649,0.15,,,1,10353
294654,18,,,1,10353
294657,1.5,,,1,10353
294691,0.225,,,1,10353
294734,0.15,,,1,10353
294735,0.55,,,1,10353
294737,0.5,,,1,10353
294742,1.3,,,1,10353
294761,2.25,,,1,10353
294762,2.25,,,1,10353
294789,0.25,,,1,10353
294792,0.2,,,1,10353
294824,2,,,1,10353
294870,1.1,,,1,10353
294947,0.35,,,1,10353
294950,1.45,,,1,10353
294959,0.15,,,1,10353
294965,1.1,,,1,10353
294967,0.15,,,1,10353
294988,0.225,,,1,10353
295001,0.7,,,1,10353
295014,9,,,1,10353
295035,0.77,,,1,10353
295056,0.85,,,1,10353
295057,1,,,1,10353
295061,1,,0,2,10353
295062,0.4,,,1,10353
295067,0.95,,,1,10353
295068,7,,,1,10353
295074,1.25,,,1,10353
295080,2,,,1,10353
295091,1.75,,,1,10353
295094,1.1,,,1,10353
295099,0.15,,,1,10353
295100,0.75,,0,2,10353
295102,7,,,1,10353
295103,5.5,,,1,10353
295147,0.5,,,1,10353
295148,0.8,,,1,10353
295150,0.6,,,1,10353
295152,1.5,,,1,10353
295154,1,,,1,10353
295157,2,,,1,10353
295174,0.7,,,1,10353
295176,0.75,,,1,10353
295178,0.5,,,1,10353
295236,0.3,,,1,10353
295248,0.625,,,1,10353
295250,0.3,,,1,10353
295255,2.75,,,1,10353
295268,1.2,,,1,10353
295275,1.05,,,1,10353
295294,1.5,,,1,10353
295321,1.5,,,1,10353
295338,0.95,,,1,10353
295448,3.75,,,1,10353
295582,0.2,,,1,10353
295655,2,,,1,10353
296076,0.65,,,1,10353
296092,0.75,,,1,10353
296315,1.5,,,1,10353
296319,3,,,1,10353
297343,2,,,1,10328
307268,1.25,,,1,10353
307269,2.5,,,1,10353
307295,1.65,,,1,10353
307309,0.2,,,1,10353
307353,2.5,,,1,10353
307378,6.25,,,1,10353
307518,4,,,1,10353
307521,0.45,,,1,10353
309473,3,,,1,10353
309477,5.5,,,1,10353
309531,1.75,,,1,10353
309532,2.25,,0,3,10353
309558,0.75,,,1,10353
309731,2.25,,,1,10353
309846,3,,,1,10353
309899,0.25,,,1,10353
310090,9,,,1,10353
310107,5,,,1,10353
310280,9.5,,,1,10353
310281,8.5,,,1,10353
310378,0.25,,,1,10353
311007,3.25,,,1,10353
311300,0.75,,,1,10353
311532,8.5,,,1,10353
311921,0.7,,,1,10353
311969,2.25,,,1,10353
311980,5.75,,,1,10353
312001,24,,,1,10353
312002,14,,,1,10353
312079,2.75,,,1,10353
312081,5.75,,,1,10353
312083,11,,,1,10353
312263,1.75,,,1,10353
312320,1.8,,0,2,10353
312322,1.15,,,1,10353
312564,3,,,1,10353
312629,0.95,,,1,10353
312630,1.55,,0.958,2,10353
312661,1.2,,,1,10353
312693,4.25,,0,5,10353
312694,7,,,1,10353
312696,3.5,,0,2,10353
312720,9,,,1,10353
312742,0.6,,,1,10353
312756,8,,0,2,10353
312766,1.75,,,1,10353
312792,2.5,,,1,10353
313059,3,,,1,10353
313103,0.75,,,1,10353
313104,3,,0,2,10353
313106,1,,,1,10353
313107,4.5,,,1,10353
313108,3.75,,,1,10353
314143,5,,,1,10353
314148,8.9,,,1,10353
314166,2.25,,0,2,10353
314184,1.7,,,1,10353
314196,1.35,,,1,10353
314203,6.5,,0,2,10353
314241,5,,,1,10353
314245,1,,,1,10353
314246,0.65,,,1,10353
314247,1.1,,,1,10353
314250,0.2,,,1,10353
314256,1.5,,,1,10353
314259,4.5,,,1,10353
314539,2.5,,,1,10353
314613,1.5,,,1,10353
314715,3,,,1,10353
314716,2.75,,,1,10353
314747,3.5,,,1,10353
315006,9.5,,,1,10353
315078,1.2,,,1,10353
315079,4,,,1,10353
315091,2.5,,,1,10353
315092,4,,,1,10353
315096,3.25,,,1,10353
315098,2.25,,,1,10353
315099,2.5,,,1,10353
315103,1.25,,,1,10353
315106,1.625,,0.109,2,10353
315109,10.5,,,1,10353
315110,3.75,,,1,10353
315111,5,,,1,10353
315112,3.75,,,1,10353
315114,0.916666666666667,,0.627,3,10353
315118,14,,,1,10353
315121,1.5,,,1,10353
315125,5,,,1,10353
315129,1.5,,,1,10353
315136,2.25,,,1,10353
315146,4.4,,,1,10353
315148,0.6,,,1,10353
315216,4,,,1,10353
315219,2.85,,,1,10353
315235,0.5,,,1,10353
315237,5,,,1,10353
315249,6,,,1,10353
315254,2.75,,,1,10353
315259,3.33333333333333,,0.229,3,10353
315260,5,,,1,10353
315267,1.625,,0.326,2,10353
315289,1.5,,,1,10353
315707,0.65,,,1,10353
315734,0.15,,,1,10353
315835,0.95,,,1,10353
315851,0.475,,,1,10353
315860,3,,,1,10353
315886,2.25,,0.157,2,10353
315893,0.65,,,1,10353
315904,0.7,,,1,10353
315906,3,,,1,10353
315962,0.825,,0.129,2,10353
315964,3.25,,,1,10353
315977,3.5,,,1,10353
315980,0.125,,,1,10353
315986,1.1,,,1,10353
315994,0.7,,,1,10353
316005,0.675,,0.681,2,10353
316030,2.75,,,1,10353
316034,1.1,,,1,10353
316041,0.55,,,1,10353
316044,0.05,,,1,10353
316066,1.25,,,1,10353
316077,0.3,,,1,10353
316081,1,,,1,10353
316083,2.5,,,1,10353
316088,3,,,1,10353
316089,3,,,1,10353
316114,1.75,,,1,10353
316120,0.65,,0,2,10353
316125,9.5,,,1,10353
316131,0.65,,,1,10353
316135,0.85,,0,2,10353
316142,0.5,,,1,10353
316154,1,,,1,10353
316168,1.1,,,1,10353
316180,0.5,,,1,10353
316191,1.75,,,1,10353
316194,0.75,,,1,10353
316210,2.3,,0.892,2,10353
316213,3,,0,4,10353
316217,1.85,,,1,10353
316218,3,,,1,10353
316219,7,,,1,10353
316237,0.9,,,1,10353
316244,1.75,,,1,10353
316245,2.75,,,1,10353
316250,5.5,,,1,10353
316252,1.75,,0,2,10353
316253,3,,0,2,10353
316255,0.65,,,1,10353
316258,7.5,,,1,10353
316264,2.5,,,1,10353
316265,1.75,,,1,10353
316282,0.5,,,1,10353
316283,0.225,,,1,10353
316298,6,,,1,10353
316304,0.15,,,1,10353
316305,2.25,,,1,10353
316309,5.5,,,1,10353
316314,4,,,1,10353
316324,4.5,,,1,10353
316325,1.25,,,1,10353
316328,0.55,,,1,10353
316330,1.95,,,1,10353
316331,1.25,,,1,10353
316332,2.1,,,1,10353
316333,2.3,,,1,10353
316334,2.25,,,1,10353
316335,2,,,1,10353
316336,1.1,,,1,10353
316337,2,,,1,10353
316338,12,,,1,10353
316339,2.5,,,1,10353
316340,2.6,,,1,10353
316342,4.5,,,1,10353
316343,8,,,1,10353
316361,1.75,,,1,10353
316365,1.2,,,1,10353
316372,4,,,1,10353
316373,0.95,,,1,10353
316382,22,,,1,10353
316384,8.5,,,1,10353
316388,0.1375,,,1,10353
316393,4.5,,,1,10353
316394,3.875,,0.228,2,10353
316395,2.5,,0,2,10353
316397,2,,,1,10353
316415,3,,,1,10353
316419,1.75,,,1,10353
316425,4.5,,,1,10353
316449,0.17,,0.166,2,10353
316452,28,,,1,10353
316454,22,,,1,10353
316461,1.65,,,1,10353
316475,17.5,,0,2,10353
316484,7.5,,,1,10353
316490,3.5,,,1,10353
316496,0.8,,,1,10353
316498,0.35,,,1,10353
316500,1.9,,,1,10353
316501,1.2,,,1,10353
316502,1,,,1,10353
316503,1.925,,0.055,2,10353
316504,1.25,,,1,10353
316506,2,,,1,10353
316508,4.5,,,1,10353
316509,7,,,1,10353
316510,3.25,,,1,10353
316511,1.5,,,1,10353
316512,1.4,,0,2,10353
316518,1,,,1,10353
316520,5,,,1,10353
316522,2,,,1,10353
316528,0.65,,,1,10353
316540,10,,,1,10353
316541,9.25,,,1,10353
316543,5,,,1,10353
316544,0.2,,,1,10353
316545,3.5,,,1,10353
316564,5,,,1,10353
316570,1.65,,,1,10353
316571,0.625,,0.6,4,10353
316573,3.5,,,1,10353
316575,0.4,,,1,10353
316577,0.35,,,1,10353
316582,1.95,,,1,10353
316586,0.95,,,1,10353
316596,4.25,,,1,10353
316599,9,,,1,10353
316600,0.35,,,1,10353
316605,4,,,1,10353
316612,0.25,,,1,10353
316622,4,,,1,10353
316630,16.5,,,1,10353
316631,35,,,1,10353
316634,1.35,,,1,10353
316647,0.9,,,1,10353
316651,1.6,,,1,10353
316653,2.25,,,1,10353
316657,1.05,,,1,10353
316658,0.75,,,1,10353
316660,1.65,,,1,10353
316661,2.75,,,1,10353
316662,2,,,1,10353
316663,1.1,,,1,10353
316664,1.175,,0.692,2,10353
316665,1.85,,,1,10353
316668,6,,,1,10353
316669,4.5,,,1,10353
316670,1.65,,,1,10353
316681,8,,,1,10353
316687,0.3,,,1,10353
316698,2.5,,,1,10353
316703,0.4,,,1,10353
316705,6.5,,0,2,10353
316719,1.15,,,1,10353
316749,0.25,,,1,10353
316765,0.25,,,1,10353
316782,1.2,,,1,10353
316786,1,,,1,10353
316790,4,,,1,10353
316811,4.4,,,1,10353
316812,1.9,,,1,10353
316814,6.25,,,1,10353
316822,5.5,,,1,10353
316824,5,,,1,10353
316836,2.75,,0.386,2,10353
316837,5.5,,,1,10353
316841,3,,,1,10353
316842,1.5,,,1,10353
316843,0.85,,,1,10353
316844,14,,,1,10353
316847,14,,,1,10353
316848,7.75,,,1,10353
316849,15,,,1,10353
316852,0.9,,,1,10353
316861,1.5,,0,3,10353
316866,18,,,1,10353
316873,1.5,,,1,10353
316875,0.12,,,1,10353
316878,9,,,1,10353
316883,3.25,,,1,10353
316888,1.1,,,1,10353
316890,0.85,,,1,10353
316904,2.5,,,1,10353
316907,2.75,,,1,10353
316908,2.5,,,1,10353
316923,1.35,,,1,10353
316924,2.1,,,1,10353
316925,0.75,,,1,10353
316934,4.5,,,1,10353
316935,2,,,1,10353
316942,5,,,1,10353
316945,8,,,1,10353
316947,8.5,,,1,10353
316950,4.75,,,1,10353
316960,4.5,,,1,10353
316961,2.5,,,1,10353
316970,3,,,1,10353
316971,2.25,,,1,10353
316978,2.4,,,1,10353
316985,2.75,,,1,10353
316986,2,,,1,10353
316999,4.5,,,1,10353
317002,2.25,,,1,10353
317011,5,,,1,10353
317012,3,,,1,10353
317020,7,,,1,10353
317021,3.75,,,1,10353
317022,2,,,1,10353
317024,3,,,1,10353
317025,9,,,1,10353
317026,4,,,1,10353
317028,0.8,,,1,10353
317029,1.75,,,1,10353
317031,6,,,1,10353
317032,1.5,,,1,10353
317045,1,,0,2,10353
317055,14,,,1,10353
317076,7,,,1,10353
317094,1.25,,,1,10353
317099,4.25,,,1,10353
317100,4,,,1,10353
317113,5.5,,,1,10353
317114,1.5,,,1,10353
317115,3,,,1,10353
317121,5.5,,,1,10353
317122,4.25,,,1,10353
317126,5.5,,,1,10353
317127,6.5,,,1,10353
317129,3.5,,,1,10353
317130,2.5,,,1,10353
317131,5.25,,,1,10353
317138,0.8,,,1,10353
317171,2.85,,,1,10353
317193,4,,,1,10353
317194,1.25,,,1,10353
317195,3.25,,,1,10353
317199,1.8,,,1,10353
317206,6,,,1,10353
317207,3.25,,,1,10353
317249,13,,,1,10353
317253,1.5,,,1,10353
317254,1.75,,,1,10353
317255,1.6,,,1,10353
317256,0.65,,,1,10353
317257,1.9,,0,2,10353
317258,1.65,,,1,10353
317259,1.85,,,1,10353
317260,1.05,,,1,10353
317263,2.15,,,1,10353
317268,4.5,,,1,10353
317269,6.25,,,1,10353
317277,0.7,,,1,10353
317278,1.9,,,1,10353
317286,11.5,,,1,10353
317288,13.5,,,1,10353
317289,10.5,,,1,10353
317293,2,,,1,10353
317294,5.25,,,1,10353
317295,5.5,,,1,10353
317298,5,,,1,10353
317299,3.75,,,1,10353
317300,2.5,,,1,10353
317329,5.75,,0.43,2,10353
317345,0.7,,,1,10353
317346,2.75,,,1,10353
317348,5,,,1,10353
317350,4,,,1,10353
317352,3.5,,,1,10353
317353,3.25,,,1,10353
317354,2.25,,,1,10353
317355,6,,,1,10353
317357,11,,,1,10353
317359,2.75,,,1,10353
317370,8,,,1,10353
317389,1,,,1,10353
317402,1.75,,,1,10353
317408,1.75,,,1,10353
317414,8.5,,,1,10353
317418,0.95,,,1,10353
317423,6,,,1,10353
317425,2.75,,,1,10353
317426,9,,,1,10353
317427,5,,,1,10353
317428,6,,,1,10353
317429,4.5,,,1,10353
317430,3,,,1,10353
317431,6.5,,,1,10353
317433,7,,,1,10353
317435,4.5,,,1,10353
317437,4,,,1,10353
317443,3,,,1,10353
317452,8,,,1,10353
317453,8.5,,,1,10353
317465,3.5,,,1,10353
317467,2.75,,,1,10353
317469,3,,,1,10353
317483,2.25,,,1,10353
317485,3,,,1,10353
317486,1.3,,,1,10353
317487,1.5,,,1,10353
317488,4.5,,,1,10353
317492,3.25,,,1,10353
317499,2.25,,,1,10353
317503,7,,,1,10353
317507,1.6,,,1,10353
317523,3.75,,,1,10353
317524,4,,,1,10353
317529,9,,,1,10353
317530,2.5,,,1,10353
317540,1.5,,,1,10353
317542,5,,,1,10353
317553,4.5,,,1,10353
317577,2.25,,,1,10353
317583,3.25,,,1,10353
317584,6,,,1,10353
317587,4.625,,0.42,2,10353
317608,2.25,,,1,10353
317611,2.25,,,1,10353
317612,3,,,1,10353
317613,3.25,,,1,10353
317623,2.35,,,1,10353
317631,16,,,1,10353
317634,3.25,,0,2,10353
317637,1.6,,,1,10353
317642,5.25,,,1,10353
317643,3.75,,,1,10353
317655,2.5,,,1,10353
317656,7.75,,,1,10353
317657,7,,,1,10353
317659,4.75,,,1,10353
317660,3.25,,,1,10353
317661,7.75,,,1,10353
317673,2,,,1,10353
317680,2.1,,,1,10353
317681,7.5,,0.283,2,10353
317686,3,,,1,10353
317690,8,,,1,10353
317694,2.3,,,1,10353
317695,3.5,,,1,10353
317712,2,,,1,10353
317717,4.35,,,1,10353
317727,4.1,,,1,10353
317732,3.5,,,1,10353
317749,4.25,,,1,10353
317762,10.5,,,1,10353
317787,0.25,,0.141,2,10353
317793,2,,,1,10353
317794,4.75,,,1,10353
317795,6.5,,,1,10353
317805,7,,,1,10353
317807,2.9,,,1,10353
317810,9,,,1,10353
317819,5,,,1,10353
317820,4.5,,,1,10353
317834,1,,,1,10353
317841,4.5,,,1,10353
317842,1.6,,,1,10353
317844,2.25,,,1,10353
317853,2.5,,,1,10353
317854,2.25,,,1,10353
317860,3.5,,,1,10353
317861,10.5,,,1,10353
317862,2.5,,,1,10353
317863,3.25,,,1,10353
317864,1.3,,,1,10353
317879,1,,,1,10353
317887,0.5,,,1,10353
317888,2.6,,,1,10353
317889,6,,,1,10353
317890,2.25,,,1,10353
317892,2.5,,,1,10353
317893,4.25,,,1,10353
317894,1.8,,,1,10353
317895,1,,0,2,10353
317897,2.9,,,1,10353
317906,1.25,,,1,10353
317915,2.75,,,1,10353
317917,3.5,,0,2,10353
317919,1.5,,,1,10353
317920,7.5,,0.471,2,10353
317921,7,,,1,10353
317923,1.05,,,1,10353
317934,3.25,,,1,10353
317939,2.75,,,1,10353
317945,5,,,1,10353
317950,8.5,,0,2,10353
317956,3.25,,,1,10353
317957,4,,,1,10353
317975,0.6,,,1,10353
317981,1.75,,,1,10353
317982,4,,,1,10353
317985,1.4,,,1,10353
317997,15,,,1,10353
317998,25,,,1,10353
317999,18,,,1,10353
318013,6.5,,,1,10353
318018,0.85,,,1,10353
318024,2.1,,,1,10353
318026,2.75,,,1,10353
318028,2.75,,,1,10353
318029,3.5,,,1,10353
318030,1.7,,,1,10353
318033,1.35,,,1,10353
318036,5.5,,,1,10353
318037,5.5,,,1,10353
318038,5.875,,0.271,2,10353
318039,6.5,,,1,10353
318040,5.25,,,1,10353
318042,10,,,1,10353
318045,0.3,,,1,10353
318049,5.75,,,1,10353
318052,1.35,,,1,10353
318057,1,,,1,10353
318058,2.35,,,1,10353
318059,11.5,,,1,10353
318068,1.9,,,1,10353
318079,0.475,,,1,10353
318082,6,,,1,10353
318083,4.25,,,1,10353
318084,9.5,,,1,10353
318085,5,,,1,10353
318086,3.5,,0,2,10353
318087,6.5,,,1,10353
318088,6.5,,,1,10353
318089,1.5,,,1,10353
318105,1.5,,,1,10353
318107,4.5,,,1,10353
318113,1.15,,,1,10353
318114,4.1,,,1,10353
318115,8.5,,,1,10353
318122,4.875,,0.036,2,10353
318125,1.25,,,1,10353
318132,5.3,,,1,10353
318133,4,,,1,10353
318134,2.5,,,1,10353
318136,1.5,,,1,10353
318137,5,,,1,10353
318138,4,,,1,10353
318139,2.5,,,1,10353
318140,3,,,1,10353
318154,2.4,,,1,10353
318160,9,,,1,10353
318189,3.25,,,1,10353
318195,2.1,,,1,10353
318196,3.875,,0.137,2,10353
318198,5.5,,,1,10353
318199,3.5,,,1,10353
318200,3.15,,,1,10353
318203,1.25,,,1,10353
318205,4.5,,,1,10353
318206,3.25,,,1,10353
318222,5.25,,,1,10353
318258,25.5,,,1,10353
318263,2.5,,,1,10353
318264,3.25,,,1,10353
318271,2.5,,,1,10353
318274,1.75,,,1,10353
318275,1.05,,,1,10353
318276,1.75,,,1,10353
318277,1.6,,,1,10353
318278,3.4,,,1,10353
318281,3,,,1,10353
318287,2.5,,,1,10353
318300,15,,,1,10353
318301,9.5,,,1,10353
318302,16,,,1,10353
318303,9,,,1,10353
318304,11,,,1,10353
318319,0.4,,0,2,10353
318333,3,,,1,10353
318334,2.15,,,1,10353
318335,5,,,1,10353
318362,0.65,,,1,10353
318378,1.5,,,1,10353
318381,0.45,,,1,10353
318399,0.95,,,1,10353
318400,2,,,1,10353
318402,5.25,,,1,10353
318404,2,,,1,10353
318405,3.75,,,1,10353
318407,1.5,,,1,10353
318408,2.25,,,1,10353
318409,2.15,,0,2,10353
318410,0.75,,,1,10353
318411,6,,,1,10353
318412,2,,,1,10353
318413,1.75,,,1,10353
318416,3.5,,,1,10353
318417,3.5,,,1,10353
318418,4.5,,,1,10353
318419,1.25,,,1,10353
318444,0.4,,,1,10353
318446,6.2,,,1,10353
318461,2.25,,,1,10353
318466,1.15,,,1,10353
318473,0.55,,,1,10353
318479,3.75,,,1,10353
318480,14,,,1,10353
318495,0.25,,,1,10353
318496,3.5,,,1,10353
318530,2.5,,,1,10353
318549,1.15,,0.522,3,10353
318550,1.75,,0,2,10353
318596,2.65,,,1,10353
318599,6.25,,,1,10353
318600,4,,,1,10353
318601,6,,,1,10353
318622,3.5,,,1,10353
318634,9.25,,,1,10353
318638,0.65,,,1,10353
318652,3.25,,,1,10353
318653,2.75,,,1,10353
318654,2.75,,,1,10353
318665,5,,,1,10353
318667,0.4,,,1,10353
318671,2.25,,,1,10353
318677,2.4,,,1,10353
318705,1.35,,,1,10353
318708,2.5,,,1,10353
318722,2.25,,,1,10353
318724,8.5,,,1,10353
318725,6.5,,,1,10353
318727,13,,,1,10353
318729,4,,,1,10353
318730,1.5,,,1,10353
318732,1.5,,,1,10353
318733,1.25,,,1,10353
318734,1.3,,,1,10353
318736,5,,0,2,10353
318762,4.5,,,1,10353
318767,2.25,,,1,10353
318768,8,,0,2,10353
318786,3,,,1,10353
318818,3.1,,,1,10353
318829,3.5,,,1,10353
318836,2.5,,,1,10353
318842,3.25,,,1,10353
318851,4.25,,,1,10353
318852,8.75,,,1,10353
318855,3.25,,,1,10353
318894,1.85,,,1,10353
318895,2,,,1,10353
318896,2.7,,,1,10353
318897,1.75,,,1,10353
318900,4,,,1,10353
318901,4,,,1,10353
318902,2.2,,,1,10353
318922,2,,,1,10353
318943,0.95,,,1,10353
318944,3.5,,,1,10353
318945,2,,,1,10353
318950,1.6,,,1,10353
318958,7,,,1,10353
318962,4.25,,,1,10353
318963,4.25,,0.416,2,10353
318974,1.75,,,1,10353
318977,3,,,1,10353
318978,6,,,1,10353
318986,3.75,,,1,10353
318992,5.25,,,1,10353
319001,1.4,,,1,10353
319011,3.5,,,1,10353
319017,4.25,,,1,10353
319018,8,,,1,10353
319019,10,,,1,10353
319020,2.75,,,1,10353
319021,2.5,,,1,10353
319022,1.75,,,1,10353
319025,6.6,,,1,10353
319032,9.25,,,1,10353
319052,1.75,,,1,10353
319086,2.75,,,1,10353
319096,6,,,1,10353
319102,1.75,,,1,10353
319135,3.25,,,1,10353
319183,4.75,,,1,10353
319185,3.5,,,1,10353
319186,6,,,1,10353
319187,9.25,,,1,10353
319191,4.5,,,1,10353
319198,4.5,,,1,10353
319230,5.6,,,1,10353
319231,2.75,,,1,10353
319239,3,,,1,10353
319256,2.65,,,1,10353
319258,4,,,1,10353
319260,1.6,,,1,10353
319261,2.4,,,1,10353
319262,1.25,,,1,10353
319263,3.05,,,1,10353
319265,2.5,,,1,10353
319266,2.6,,,1,10353
319267,0.7,,,1,10353
319268,3.5,,,1,10353
319269,1.25,,,1,10353
319272,3.65,,,1,10353
319275,4.6,,,1,10353
319276,1.7,,,1,10353
319280,6.25,,,1,10353
319285,3.4,,,1,10353
319286,4.25,,,1,10353
319287,4,,,1,10353
319290,3.5,,0.404,2,10353
319295,2.25,,,1,10353
319296,2.5,,,1,10353
319310,4.5,,,1,10353
319314,1.4,,,1,10353
319315,7.875,,0.112,2,10353
319335,2.25,,,1,10353
319360,6.5,,,1,10353
319361,9,,,1,10353
319387,3,,,1,10353
319388,4.25,,,1,10353
319390,2.7,,,1,10353
319398,4.25,,,1,10353
319411,3.25,,,1,10353
319413,4.75,,,1,10353
319415,2.75,,,1,10353
319416,3.75,,,1,10353
319429,3.65,,,1,10353
319433,4.25,,,1,10353
319462,5.75,,,1,10353
319472,2.5,,,1,10353
319473,5.25,,,1,10353
319493,4.75,,,1,10353
319494,2,,,1,10353
319515,3,,,1,10353
319517,4.125,,0.129,2,10353
319529,6.5,,,1,10353
319530,4.5,,,1,10353
319531,2.25,,,1,10353
319532,0.75,,,1,10353
319563,0.425,,,1,10353
319577,2.35,,,1,10353
319578,4.25,,,1,10353
319579,2.5,,,1,10353
319596,2.25,,,1,10353
319605,4.5,,,1,10353
319606,2.5,,,1,10353
319608,12.5,,,1,10353
319609,2.65,,,1,10353
319610,4.5,,,1,10353
319611,7,,,1,10353
319612,0.9,,,1,10353
319613,6.25,,,1,10353
319614,3.2,,,1,10353
319619,1.6,,,1,10353
319655,6.25,,,1,10353
319661,5.25,,,1,10353
319677,3.75,,,1,10353
319678,9.25,,,1,10353
319679,5.25,,,1,10353
319709,1.9,,,1,10353
319718,5.15,,,1,10353
319723,11.4,,,1,10353
319725,14,,,1,10353
319732,9,,,1,10353
319745,4,,,1,10353
319769,3.75,,,1,10353
319782,0.525,,0.471,2,10353
319783,0.325,,,1,10353
319785,8,,,1,10353
319787,3.25,,,1,10353
319791,6,,,1,10353
319804,0.35,,,1,10353
319814,0.75,,,1,10353
319826,1.65,,,1,10353
319827,7,,,1,10353
319828,1.15,,,1,10353
319829,0.85,,,1,10353
319830,0.9,,,1,10353
319841,3.25,,,1,10353
319858,15,,,1,10353
319861,2.5,,,1,10353
319866,6,,,1,10353
319872,4.5,,,1,10353
319875,5.8,,,1,10353
319876,10.25,,,1,10353
319878,7.5,,,1,10353
319879,6.4,,,1,10353
319882,9.8,,,1,10353
319884,10,,,1,10353
319886,8.5,,,1,10353
319887,8.5,,0,2,10353
319895,6,,,1,10353
319896,4.5,,,1,10353
319897,10,,,1,10353
319899,4,,,1,10353
319905,12,,,1,10353
319906,2.05,,,1,10353
319907,7,,,1,10353
319909,8.75,,,1,10353
319910,11.75,,0,2,10353
319931,1,,,1,10353
319940,2.925,,0.641,2,10353
319947,1,,,1,10353
319949,3,,,1,10353
319950,2.25,,,1,10353
319951,0.65,,,1,10353
319961,5,,,1,10353
319962,4.5,,,1,10353
319963,1,,,1,10353
319975,0.4,,,1,10353
319989,0.125,,,1,10353
319990,0.6,,,1,10353
319991,4,,,1,10353
319992,2.5,,,1,10353
319993,2,,,1,10353
319995,0.45,,,1,10353
320000,0.225,,,1,10353
320001,0.15,,,1,10353
320002,4.75,,,1,10353
320003,2.75,,,1,10353
320006,0.35,,,1,10353
320007,0.95,,,1,10353
320009,0.6,,,1,10353
320010,0.125,,,1,10353
320020,3.1,,,1,10353
320024,17,,,1,10353
320028,2.25,,,1,10353
320035,0.45,,,1,10353
320036,0.9,,,1,10353
320071,4.5,,,1,10353
320075,4,,,1,10353
320077,7.5,,,1,10353
320079,4.5,,,1,10353
320080,2.5,,,1,10353
320081,1.5,,,1,10353
320082,0.9,,,1,10353
320083,2.75,,,1,10353
320084,2.25,,,1,10353
320085,2.25,,,1,10353
320086,8,,0,3,10353
320087,2.5,,,1,10353
320088,5,,,1,10353
320089,2.5,,,1,10353
320090,1.25,,,1,10353
320091,4.5,,,1,10353
320092,1.325,,0.322,4,10353
320104,1,,0,3,10353
320197,0.55,,,1,10353
320199,0.9,,,1,10353
320202,0.4,,,1,10353
320207,0.8,,,1,10353
320208,0.65,,,1,10353
320211,0.575,,,1,10353
320217,1.4,,,1,10353
320218,1.5,,,1,10353
320224,0.475,,0.223,2,10353
320232,0.55,,0,2,10353
320233,0.75,,,1,10353
320243,0.65,,,1,10353
320251,1.1,,,1,10353
320252,0.75,,,1,10353
320262,1.2,,,1,10353
320264,1.25,,,1,10353
320266,0.3,,,1,10353
320267,0.5,,,1,10353
320269,5.1,,,1,10353
320291,3.25,,,1,10353
320292,3.25,,,1,10353
320295,5.5,,,1,10353
320298,4,,,1,10353
320299,2.75,,,1,10353
320330,8.5,,,1,10353
320331,7.25,,,1,10353
320332,21,,,1,10353
320334,6,,,1,10353
320336,2.9,,,1,10353
320337,2,,,1,10353
320340,1.4,,,1,10353
320357,3,,,1,10353
320360,1.75,,,1,10353
320361,3,,,1,10353
320369,0.7,,,1,10353
320370,0.475,,,1,10353
320371,1.2,,,1,10353
320372,0.15,,,1,10353
320377,0.8,,,1,10353
320378,0.25,,,1,10353
320379,5.5,,0,3,10353
320383,2.75,,,1,10353
320385,4.5,,,1,10353
320386,6,,,1,10353
320393,4,,,1,10353
320397,0.15,,,1,10353
320399,0.2,,,1,10353
320403,2.5,,,1,10353
320413,5,,,1,10353
320414,0.2,,,1,10353
320416,0.45,,,1,10353
320427,4.5,,,1,10353
320429,1.5,,,1,10353
320438,2.25,,,1,10353
320448,4.5,,,1,10353
320454,0.95,,,1,10353
320459,2.4,,,1,10353
320474,0.8,,,1,10353
320491,1.25,,,1,10353
320499,0.8,,,1,10353
320500,0.8,,,1,10353
320503,0.2,,,1,10353
320504,0.6,,,1,10353
320507,1.15,,,1,10353
320509,3.5,,,1,10353
320515,6.6,,,1,10353
320517,4.05,,,1,10353
320539,8.9,,,1,10353
320549,4,,,1,10353
320551,5.6,,,1,10353
320553,8.1,,,1,10353
320561,7.75,,,1,10353
320593,11.5,,,1,10353
320595,10.25,,0.241,2,10353
320596,7,,,1,10353
320597,9,,0,2,10353
320605,0.6,,,1,10353
320621,2,,,1,10353
320623,6,,,1,10353
320627,1.75,,,1,10353
320629,5.75,,,1,10353
320631,1.9,,,1,10353
320636,3.5,,,1,10353
320642,0.3,,,1,10353
320643,0.45,,,1,10353
320653,1.2,,,1,10353
320656,2.75,,,1,10353
320660,6.25,,,1,10353
320665,1.75,,,1,10353
320730,0.275,,,1,10353
320747,3.5,,,1,10353
320748,3,,,1,10353
320751,0.4,,,1,10353
320757,0.15,,,1,10353
320767,0.125,,,1,10353
320782,7.5,,,1,10353
320784,0.45,,,1,10353
320895,0.4,,,1,10353
320896,1.3,,0.381,2,10353
320897,0.05,,,1,10353
320900,0.75,,,1,10353
320903,0.35,,,1,10353
320904,0.35,,,1,10353
320910,5.25,,,1,10353
320914,5.5,,,1,10353
320918,17.5,,,1,10353
320920,24,,,1,10353
320922,24,,,1,10353
320925,8.5,,,1,10353
320927,8.25,,,1,10353
320930,11.5,,,1,10353
320934,9.5,,,1,10353
320956,0.125,,,1,10353
320973,1.45,,,1,10353
320974,0.7,,,1,10353
320975,2.65,,,1,10353
320976,1.5,,,1,10353
320977,1,,,1,10353
320978,1.85,,,1,10353
320979,4.75,,,1,10353
320981,1.75,,,1,10353
320982,1.15,,,1,10353
320983,1.35,,,1,10353
320984,5,,,1,10353
320985,0.8,,,1,10353
320986,0.75,,,1,10353
320987,10.3,,,1,10353
320988,4.25,,,1,10353
320995,1,,,1,10353
320997,2.25,,,1,10353
320998,1.6,,,1,10353
320999,1.25,,,1,10353
321015,0.65,,,1,10353
321016,1,,,1,10353
321017,0.725,,,1,10353
321018,1.7,,,1,10353
321019,0.7,,,1,10353
321020,0.375,,,1,10353
321021,0.75,,,1,10353
321022,0.9,,,1,10353
321023,10,,,1,10353
321024,0.45,,,1,10353
321025,0.7,,,1,10353
321026,1.3,,,1,10353
321027,0.95,,,1,10353
321028,0.3,,,1,10353
321034,8.5,,,1,10353
321050,3.75,,,1,10353
321091,0.275,,,1,10353
321098,15.5,,,1,10353
321100,10.5,,,1,10353
321101,12,,,1,10353
321102,8,,,1,10353
321103,18.5,,,1,10353
321104,4.5,,,1,10353
321105,8.5,,,1,10353
321135,0.7,,,1,10353
321137,0.45,,,1,10353
321138,1.075,,,1,10353
321145,1.05,,,1,10353
321148,1.1,,0,2,10353
321166,1.35,,,1,10353
321167,2.05,,0.862,2,10353
321184,2.25,,,1,10353
321196,5.5,,,1,10353
321202,1.5,,,1,10353
321203,0.75,,,1,10353
321206,1,,,1,10353
321213,0.65,,0.326,2,10353
321221,2,,,1,10353
321227,0.5,,,1,10353
321239,0.9625,,0.496,2,10353
321240,0.4,,,1,10353
321245,2,,,1,10353
321266,0.35,,,1,10353
321284,4.25,,,1,10353
321295,1.75,,,1,10353
321296,1.8,,,1,10353
321297,5.25,,,1,10353
321300,0.625,,0.283,2,10353
321301,0.4,,,1,10353
321302,0.5,,,1,10353
321368,8,,,1,10353
321370,8,,,1,10353
321372,3.75,,,1,10353
321375,0.75,,,1,10353
321377,0.5,,,1,10353
321384,6,,,1,10353
321388,2.85,,,1,10353
321389,2.6,,,1,10353
321402,2,,,1,10353
321411,1.75,,,1,10353
321413,4.5,,,1,10353
321433,1.5,,,1,10353
321438,2,,,1,10353
321440,2.9,,,1,10353
321461,0.4,,,1,10353
321467,0.4,,,1,10353
321491,1.5,,,1,10353
321492,0.75,,,1,10353
321493,0.7,,,1,10353
321500,11,,,1,10353
321518,0.6,,,1,10353
321526,4,,,1,10353
321622,0.5,,,1,10353
321623,0.65,,,1,10353
321624,0.95,,,1,10353
321626,0.7,,,1,10353
321627,1.15,,,1,10353
321630,0.6,,,1,10353
321632,2.25,,,1,10353
321633,3,,,1,10353
321635,1.5,,,1,10353
321639,2.25,,,1,10353
321641,3.75,,,1,10353
321642,2,,,1,10353
321643,2.4,,,1,10353
321645,2.75,,,1,10353
321646,3.5,,,1,10353
321647,5.25,,,1,10353
321648,7.5,,,1,10353
321649,0.9,,,1,10353
321650,1.2,,,1,10353
321651,3.75,,,1,10353
321652,0.75,,,1,10353
321654,1.7,,,1,10353
321655,1.45,,,1,10353
321656,1.85,,,1,10353
321659,2,,,1,10353
321660,2,,,1,10353
321661,0.3,,,1,10353
321662,1,,,1,10353
321663,1.3,,,1,10353
321665,2,,,1,10353
321666,0.8,,,1,10353
321667,0.5,,,1,10353
321668,0.55,,,1,10353
321669,1.35,,,1,10353
321671,0.85,,,1,10353
321673,1.1,,,1,10353
321675,1.5,,,1,10353
321679,1.4,,,1,10353
321680,2,,,1,10353
321681,5,,,1,10353
321682,0.825,,0.643,2,10353
321683,3.5,,,1,10353
321685,1.35,,,1,10353
321686,0.95,,,1,10353
321687,1.125,,0.22,2,10353
321689,1.2,,0.059,2,10353
321691,0.75,,,1,10353
321692,1,,,1,10353
321693,2.5,,,1,10353
321696,1,,,1,10353
321698,1.5,,,1,10353
321703,3.5,,,1,10353
321708,1.75,,,1,10353
321709,1,,,1,10353
321710,2,,,1,10353
321711,0.55,,,1,10353
321712,1.5,,,1,10353
321715,1.5,,,1,10353
321716,5.75,,,1,10353
321717,0.65,,,1,10353
321719,1.5,,,1,10353
321720,1.75,,,1,10353
321722,0.85,,,1,10353
321723,1.7,,,1,10353
321725,0.35,,,1,10353
321726,0.3,,,1,10353
321727,0.9,,,1,10353
321728,0.65,,,1,10353
321729,3.75,,,1,10353
321730,1.5,,,1,10353
321733,1.5,,,1,10353
321736,1,,,1,10353
321739,0.15,,,1,10353
321740,2.4,,,1,10353
321741,1.25,,,1,10353
321743,2.75,,,1,10353
321746,1.5,,,1,10353
321748,4.5,,,1,10353
321749,4.15,,,1,10353
321883,4,,,1,10353
321885,0.035,,,1,10353
321890,3,,,1,10353
321892,0.75,,,1,10353
321893,0.25,,,1,10353
321916,1,,,1,10353
321921,5.5,,,1,10353
321951,0.3,,,1,10353
321960,6.5,,,1,10353
321961,2.15,,,1,10353
321973,4.25,,,1,10353
322008,1.9,,,1,10353
322012,4.5,,,1,10353
322013,2.8,,,1,10353
322014,1.05,,,1,10353
322017,1.05,,,1,10353
322047,0.5,,,1,10353
322055,4.75,,,1,10353
322061,2,,,1,10353
322072,1.2,,,1,10353
322073,2.25,,,1,10353
322074,1.75,,,1,10353
322075,1.5,,,1,10353
322076,1.2,,,1,10353
322079,1,,,1,10353
322088,1.05,,0,2,10353
322089,1,,,1,10353
322090,0.35,,,1,10353
322092,1.4,,,1,10353
322093,0.55,,,1,10353
322095,0.45,,,1,10353
322110,6.75,,,1,10353
322115,1.55,,,1,10353
322116,5.1,,,1,10353
322127,1.2,,,1,10353
322128,0.45,,,1,10353
322131,1.05,,,1,10353
322149,7,,,1,10353
322172,3,,,1,10353
322177,4,,,1,10353
322181,0.225,,,1,10353
322187,3.25,,,1,10353
322200,2.25,,,1,10353
322214,1.75,,,1,10353
322215,0.35,,,1,10353
322221,4,,,1,10353
322224,0.6,,,1,10353
322254,0.52,,,1,10353
322280,1.4,,,1,10353
322282,9,,,1,10353
322283,1.7,,,1,10353
322290,3,,,1,10353
322296,4,,,1,10353
322301,4.25,,,1,10353
322302,5,,,1,10353
322306,0.7,,,1,10353
322315,9,,,1,10353
322321,7.25,,,1,10353
322322,10.25,,,1,10353
322326,0.7,,,1,10353
322342,2.25,,,1,10353
322345,1.5,,,1,10353
322367,16.75,,,1,10353
322368,15.5,,,1,10353
322371,0.95,,,1,10353
322373,0.75,,,1,10353
322379,0.2,,,1,10353
322380,0.25,,,1,10353
322381,4.55,,,1,10353
322382,6.5,,,1,10353
322383,5,,,1,10353
322385,2.5,,,1,10353
322399,0.45,,,1,10353
322401,5,,,1,10353
322402,13.5,,,1,10353
322417,4,,,1,10353
322419,11.75,,,1,10353
322424,4.5,,,1,10353
322430,2.25,,,1,10353
322432,1.75,,,1,10353
322433,9,,0,2,10353
322434,6.5,,,1,10353
322436,3,,,1,10353
322479,9,,,1,10353
322480,5.85,,,1,10353
322492,2.25,,,1,10353
322501,0.45,,,1,10353
322506,3.5,,,1,10353
322507,3.25,,,1,10353
322508,2.5,,,1,10353
322527,3.25,,,1,10353
322565,4.25,,,1,10353
322566,12,,,1,10353
322567,5.5,,,1,10353
322569,0.65,,,1,10353
322588,7.5,,,1,10353
322589,9.5,,,1,10353
322592,2.5,,,1,10353
322593,3,,,1,10353
322594,4.5,,,1,10353
322595,5.25,,,1,10353
322596,2,,,1,10353
322610,4.5,,,1,10353
322611,0.6,,,1,10353
322621,3.25,,,1,10353
322623,18,,,1,10353
322630,6.25,,,1,10353
322635,2.1,,,1,10353
322640,1.4,,,1,10353
322643,4,,,1,10353
322685,11.5,,,1,10353
322695,0.55,,,1,10353
322735,3.2,,,1,10353
322757,3.35,,,1,10353
322762,3.6,,,1,10353
322764,4.95,,,1,10353
322765,1.5,,,1,10353
322767,3.15,,,1,10353
322770,6.75,,,1,10353
322773,6.4,,,1,10353
322774,1.95,,,1,10353
322778,2.15,,,1,10353
322780,0.5,,,1,10353
322788,0.45,,,1,10353
322791,5,,,1,10353
322792,5,,,1,10353
322804,6,,,1,10353
322812,4.5,,,1,10353
322835,16,,,1,10353
322847,2.7,,,1,10353
322861,8,,,1,10353
322865,8.5,,,1,10353
322944,0.5,,,1,10353
322952,0.45,,,1,10353
322962,15.5,,,1,10353
322963,19,,,1,10353
322972,25.5,,,1,10353
322976,3.25,,,1,10353
322977,2.25,,,1,10353
322982,3.5,,,1,10353
322990,4.75,,,1,10353
322992,4.4,,,1,10353
322993,1.9,,,1,10353
322997,1.6,,,1,10353
322998,4.75,,,1,10353
322999,0.7,,,1,10353
323000,1.6,,,1,10353
323004,3.75,,,1,10353
323010,2.4,,,1,10353
323019,3,,,1,10353
323021,5,,,1,10353
323022,3.25,,,1,10353
323041,4,,,1,10353
323047,3.25,,,1,10353
323048,1.9,,,1,10353
323049,0.6,,,1,10353
323050,0.45,,,1,10353
323051,0.575,,,1,10353
323052,0.85,,,1,10353
323062,0.65,,,1,10353
323065,0.85,,,1,10353
323077,5.875,,0.271,2,10353
323078,5,,,1,10353
323079,13.5,,,1,10353
323096,1.5,,,1,10353
323097,1,,,1,10353
323098,2.25,,,1,10353
323106,0.65,,,1,10353
323107,3.5,,,1,10353
323110,2.7,,,1,10353
323114,1,,,1,10353
323118,1.5,,,1,10353
323130,0.55,,,1,10353
323149,1.75,,,1,10353
323157,1.25,,,1,10353
323159,5,,,1,10353
323160,2.35,,,1,10353
323161,7.5,,,1,10353
323163,2.5,,,1,10353
323164,3.5,,,1,10353
323165,5.8,,,1,10353
323215,4.75,,,1,10353
323218,1.25,,,1,10353
323236,12,,,1,10353
323244,1.75,,,1,10353
323245,0.95,,,1,10353
323246,2,,,1,10353
323248,4.5,,,1,10353
323263,2.75,,,1,10353
323276,7,,,1,10353
323314,0.65,,,1,10353
323316,0.9,,,1,10353
323317,0.65,,,1,10353
323318,0.9,,,1,10353
323321,7,,,1,10353
323322,6.5,,,1,10353
323323,4.15,,,1,10353
323325,7,,,1,10353
323326,3.25,,,1,10353
323327,3.75,,,1,10353
323328,2.5,,,1,10353
323330,3,,,1,10353
323331,0.7,,,1,10353
323332,7,,,1,10353
323333,0.65,,,1,10353
323338,2.5,,,1,10353
323340,1.7,,,1,10353
323342,1.65,,,1,10353
323343,3.1,,,1,10353
323344,2.65,,,1,10353
323346,7.5,,,1,10353
323347,0.75,,,1,10353
323348,0.8,,,1,10353
323349,2.25,,,1,10353
323355,1,,,1,10353
323361,3.25,,,1,10353
323362,8.5,,,1,10353
323421,6,,,1,10353
323423,2.25,,,1,10353
323430,1.25,,,1,10353
323438,6.25,,,1,10353
323439,2.25,,,1,10353
323456,6,,,1,10353
323488,4.25,,,1,10353
323498,3.75,,,1,10353
323527,3,,,1,10353
323528,5,,,1,10353
323529,5,,,1,10353
323530,4,,,1,10353
323531,5.75,,,1,10353
323532,5.75,,,1,10353
323533,5.75,,,1,10353
323539,1,,,1,10353
323577,2.5,,,1,10353
323579,9,,,1,10353
323580,5.75,,,1,10353
323583,1.5,,,1,10353
323585,1.75,,,1,10353
323591,5.25,,,1,10353
323595,9,,,1,10353
323597,6,,0,2,10353
323604,10,,,1,10353
323607,9.5,,,1,10353
323610,6,,,1,10353
323615,6,,,1,10353
323633,24,,,1,10353
323637,1.4,,,1,10353
323640,0.3,,,1,10353
323641,0.1375,,,1,10353
323642,0.3,,,1,10353
323644,0.225,,,1,10353
323647,5.6,,,1,10353
323648,2,,,1,10353
323657,4.5,,,1,10353
323658,2,,,1,10353
323660,0.75,,,1,10353
323661,1.25,,,1,10353
323662,4.5,,,1,10353
323663,6.5,,,1,10353
323664,1.25,,,1,10353
323665,4.5,,,1,10353
323666,0.65,,,1,10353
323704,1.05,,,1,10353
323728,0.25,,,1,10353
323744,1.75,,,1,10353
323745,5.25,,,1,10353
323759,9,,,1,10353
323761,0.075,,,1,10353
323763,0.8,,,1,10353
323768,4.75,,,1,10353
323771,2.625,,,1,10353
323774,0.45,,,1,10353
323803,2,,,1,10353
323809,12.5,,,1,10353
323837,4,,,1,10353
323840,3.75,,,1,10353
323846,4,,,1,10353
323851,5.1,,,1,10353
323853,3.95,,,1,10353
323855,5.7,,,1,10353
323856,7.8,,,1,10353
323859,3.3,,,1,10353
323864,1.4,,,1,10353
323865,0.75,,,1,10353
323873,0.5,,,1,10353
323874,0.35,,,1,10353
323875,0.3,,,1,10353
323911,2.5,,,1,10353
323915,0.525,,,1,10353
323916,0.65,,,1,10353
323917,1,,,1,10353
323934,0.125,,,1,10353
323939,3.75,,,1,10353
323940,7.25,,0.634,2,10353
323942,15,,,1,10353
323943,12,,,1,10353
323944,12,,,1,10353
323945,12,,,1,10353
323946,1,,,1,10353
323947,4.5,,,1,10353
323953,4.45,,,1,10353
323954,3.25,,,1,10353
323959,3.1,,,1,10353
323961,2.85,,,1,10353
323969,0.7,,,1,10353
323970,0.6,,,1,10353
323971,0.95,,,1,10353
323979,0.45,,,1,10353
324002,13,,,1,10353
324010,1.8,,,1,10353
324031,0.15,,,1,10353
324038,4.5,,,1,10353
324039,0.3,,,1,10353
324040,3.25,,,1,10353
324042,1.55,,,1,10353
324064,6.5,,,1,10353
324073,1,,,1,10353
324081,2.5,,,1,10353
324084,0.5,,,1,10353
324091,0.35,,,1,10353
324094,2,,,1,10353
324097,2.5,,,1,10353
324098,3.75,,,1,10353
324104,1.75,,,1,10353
324120,1.15,,,1,10353
324136,4.1,,,1,10353
324144,12.5,,,1,10353
324156,3.5,,,1,10353
324170,0.65,,,1,10353
324171,3.25,,,1,10353
324172,1.8,,,1,10353
324174,2.75,,,1,10353
324175,1,,,1,10353
324178,1.25,,,1,10353
324180,1.65,,,1,10353
324181,2.45,,,1,10353
324183,0.95,,,1,10353
324188,0.1,,,1,10353
324189,0.45,,,1,10353
324190,1.75,,,1,10353
324194,1.1,,,1,10353
324196,0.8,,,1,10353
324199,1.15,,,1,10353
324200,1.7,,,1,10353
324201,0.25,,,1,10353
324202,0.95,,0,2,10353
324206,0.2,,,1,10353
324208,0.5,,,1,10353
324263,1.25,,,1,10353
324276,1.05,,,1,10353
324310,4.75,,,1,10353
324321,1,,,1,10353
324322,0.65,,,1,10353
324330,1.25,,,1,10353
324333,0.5,,,1,10353
324336,1,,,1,10353
324351,12.5,,,1,10353
324356,0.85,,,1,10353
324365,11.5,,,1,10353
324366,15,,,1,10353
324367,11.25,,,1,10353
324372,5.5,,,1,10353
324377,0.75,,,1,10353
324378,0.85,,,1,10353
324380,2,,,1,10353
324381,3,,,1,10353
324383,6,,,1,10353
324393,3.65,,,1,10353
324398,5.25,,,1,10353
324399,3,,,1,10353
324400,1.25,,,1,10353
324416,0.65,,,1,10353
324419,0.925,,0.573,2,10353
324425,2.3,,,1,10353
324433,0.335,,,1,10353
324436,7.75,,,1,10353
324437,14,,,1,10353
324440,0.6,,,1,10353
324447,17,,,1,10353
324452,0.4,,0.177,2,10353
324454,0.09,,,1,10353
324462,1,,0,2,10353
324466,1.75,,,1,10353
324467,1.25,,,1,10353
324475,0.3,,,1,10353
324481,0.8,,,1,10353
324489,0.175,,,1,10353
324493,2.25,,,1,10353
324515,1.15,,,1,10353
324533,0.6,,,1,10353
324542,0.4,,,1,10353
324553,25,,,1,10353
324558,9,,,1,10353
324561,0.325,,,1,10353
324565,0.75,,,1,10353
324624,6.5,,,1,10353
324626,0.125,,,1,10353
324627,0.09,,,1,10353
324628,0.075,,,1,10353
324629,0.25,,,1,10353
324632,4.5,,,1,10353
324639,4,,,1,10353
324641,6,,,1,10353
324655,0.1,,,1,10353
324666,0.25,,,1,10353
324669,5,,,1,10353
324670,6.5,,,1,10353
324671,0.6,,,1,10353
324673,0.75,,,1,10353
324675,0.7,,,1,10353
324676,0.85,,,1,10353
324681,0.8,,,1,10353
324683,0.2,,,1,10353
324694,0.2,,,1,10353
324710,0.55,,,1,10353
324711,1.75,,,1,10353
324714,1.25,,,1,10353
324718,0.4,,,1,10353
324773,0.75,,,1,10353
324779,1.5,,,1,10353
324781,2.5,,,1,10353
324782,0.85,,,1,10353
324783,1.25,,,1,10353
324790,2.25,,,1,10353
324791,1.75,,,1,10353
324792,0.35,,,1,10353
324798,0.7,,,1,10353
324800,0.15,,,1,10353
324823,0.25,,,1,10353
324829,0.35,,,1,10353
324862,0.6,,,1,10353
337919,0.3,,,1,10328
349070,0.65,,,1,10353
351202,1.5,,,1,10353
351767,1.4,,,1,10353
355859,10,,,1,10328
360861,0.3,,,1,10353
362477,2.5,,,1,10353
362479,5.75,,,1,10353
363322,2.25,,,1,10353
363636,1,,,1,10353
366808,6,,,1,10328
369147,0.3,,,1,10328
369250,0.2,,,1,10328
380310,0.2,,,1,10353
380311,4.5,,,1,10353
380316,1.35,,,1,10353
380318,3.5,,,1,10353
380328,0.325,,,1,10353
380329,2,,,1,10353
380330,4.75,,,1,10353
380333,1.7,,,1,10353
380337,3.2,,,1,10353
380338,1,,,1,10353
380344,3,,,1,10353
380345,1.2,,,1,10353
380347,1.5,,,1,10353
380351,12,,,1,10353
380352,4.7,,,1,10353
380354,2.4,,,1,10353
380355,8,,,1,10353
380359,1.25,,,1,10353
380360,1.25,,,1,10353
380361,4,,,1,10353
380362,1,,,1,10353
380363,1.25,,,1,10353
380365,3.75,,,1,10353
380366,3.25,,0,2,10353
380370,2.5,,,1,10353
380371,6,,,1,10353
380372,0.8,,,1,10353
380373,1.25,,,1,10353
380374,5.5,,,1,10353
380376,2,,,1,10353
380385,0.35,,,1,10353
380387,1.05,,,1,10353
380390,3,,,1,10353
380391,2.75,,,1,10353
380392,7,,,1,10353
380393,4.25,,,1,10353
380394,4.25,,,1,10353
380395,4.25,,,1,10353
380397,4.75,,,1,10353
380398,2.5,,,1,10353
380400,12.5,,,1,10353
380401,4.2,,,1,10353
380402,1.4,,,1,10353
380404,5.25,,,1,10353
380405,0.7,,,1,10353
380406,4.5,,,1,10353
380407,3.35,,,1,10353
380408,5.1,,,1,10353
380409,9,,,1,10353
380412,2.5,,,1,10353
380415,4,,,1,10353
380416,2.5,,,1,10353
380420,5.75,,,1,10353
380422,15,,,1,10353
380426,3.35,,,1,10353
380443,0.15,,,1,10353
381008,0.5,,,1,10353
382943,2.25,,,1,10353
382945,3,,,1,10353
383370,0.9,,0.471,2,10353
383371,3,,,1,10353
385735,5,,,1,10353
386692,3.9,,,1,10258
397728,25,,,1,10328
397789,0.75,,,1,10353
397852,1.25,,,1,10353
398303,2,,,1,10328
398710,5.5,,,1,10353
399184,2.25,,,1,10353
400259,4,,,1,10353
400260,7,,,1,10353
400263,4,,,1,10353
400264,1.75,,,1,10353
400270,0.375,,,1,10353
400277,4,,,1,10353
401809,5.25,,,1,10353
401835,0.6,,,1,10353
401874,2.5,,,1,10353
403301,1,,,1,10328
404100,1.2,,,1,10328
407180,0.175,,,1,10353
409452,5.4,,,1,10258
409576,4.5,,,1,10258
410990,1.5,,,1,10328
421029,1.15,,,1,10353
421049,1.75,,,1,10353
422444,25,,,1,10353
422566,6,,,1,10353
422575,5.5,,,1,10353
422702,0.04,,,1,10353
422852,3.6,,,1,10258
422860,5.7,,,1,10258
422994,20,,,1,10328
423206,1,,,1,10353
423209,1,,,1,10353
423210,0.8,,,1,10353
423215,0.07,,,1,10353
423216,0.325,,,1,10353
423217,1.05,,,1,10353
423219,4.25,,,1,10353
423221,1.5,,,1,10353
423222,5.5,,,1,10353
423262,2.2,,,1,10353
423264,0.8,,,1,10353
423265,0.3,,,1,10353
423268,0.85,,,1,10353
423290,0.75,,,1,10353
423824,7.25,,,1,10353
424402,2,,,1,10353
424429,0.4,,,1,10328
425297,0.875,,,1,10353
428246,3,,,1,10353
428248,7,,,1,10353
428249,4.1,,,1,10353
429259,3,,,1,10353
429710,7,,,1,10353
430371,4.25,,,1,10353
430801,1.75,,,1,10353
431311,4.5,,,1,10353
431400,5.5,,,1,10353
431514,4,,,1,10353
431950,5.75,,,1,10353
432286,2.25,,,1,10353
432380,0.25,,,1,10353
436275,2.5,,,1,10353
436386,1.9,,,1,10353
436450,1.2,,,1,10328
438127,2,,,1,10328
438143,3.75,,,1,10353
438145,9,,,1,10353
438149,9.5,,,1,10353
438153,0.3,,,1,10328
438180,0.9,,,1,10353
438227,0.7,,,1,10328
438230,0.4,,,1,10328
438237,0.3,,,1,10328
438239,0.4,,,1,10328
438257,11,,,1,10328
438258,0.6,,,1,10328
438288,7.25,,,1,10353
438364,0.2,,,1,10328
438373,3,,0.354,2,10353
438374,1.75,,,1,10353
438386,0.75,,,1,10353
438389,0.1,,,1,10328
438428,0.6,,,1,10328
438435,7.25,,,1,10353
438436,6.5,,,1,10353
438440,4.5,,,1,10328
438442,2.25,,,1,10353
438453,6,,,1,10353
438466,0.4,,,1,10328
438467,0.6,,,1,10328
438507,0.75,,,1,10353
438523,3.75,,0,2,10353
438528,5,,,1,10353
438529,5,,,1,10353
438531,0.9,,,1,10328
438613,7,,,1,10328
438615,0.3,,,1,10328
438616,0.3,,,1,10328
438617,0.2,,,1,10328
438620,2,,,1,10328
438621,2.5,,,1,10328
438622,4,,,1,10328
438623,3,,,1,10328
438624,1.5,,,1,10328
438627,0.1,,,1,10328
438630,0.1,,,1,10328
438631,0.5,,,1,10328
438638,0.1,,,1,10328
438644,0.1,,,1,10328
438648,0.1,,,1,10328
438649,0.1,,,1,10328
438651,0.1,,,1,10328
438652,0.1,,,1,10328
438655,0.4,,,1,10328
438663,0.5,,,1,10328
438717,1.2,,,1,10353
438731,3,,,1,10353
438774,1,,,1,10328
438793,4,,,1,10328
438798,0.5,,,1,10328
438803,3.75,,,1,10353
438812,2,,,1,10328
438861,0.2,,,1,10328
438867,16,,,1,10353
438869,6.4,,,1,10258
438882,0.4,,,1,10328
438884,0.7,,,1,10353
439076,0.5,,,1,10328
439077,0.3,,,1,10328
439084,0.2,,,1,10328
439086,1.3,,,1,10328
439091,0.4,,,1,10328
439096,1,,,1,10328
439133,3,,0,2,10353
439134,2.75,,,1,10353
439143,0.2,,,1,10328
439145,0.3,,,1,10328
439148,2.5,,,1,10328
439149,0.1,,,1,10328
439153,0.6,,,1,10353
439162,2,,,1,10328
439182,2.25,,,1,10353
439201,3.5,,,1,10328
439208,0.95,,,1,10353
439253,7,,,1,10328
439255,3.2,,,1,10328
439256,4.5,,,1,10328
439289,2.3,,,1,10328
439293,3.5,,,1,10258
439307,7,,,1,10353
439312,1,,,1,10328
439314,4,,,1,10328
439320,5.25,,0,2,10353
439321,3.5,,,1,10353
439337,6,,,1,10353
439357,8,,,1,10328
439362,0.5,,,1,10328
439420,2.5,,,1,10328
439432,10.5,,,1,10328
439446,1.5,,,1,10353
439564,85,,,1,10328
439585,20,,,1,10328
439601,4.5,,,1,10353
439611,3.5,,,1,10353
439612,7,,,1,10353
439616,2.25,,,1,10353
439621,0.4,,,1,10353
439629,0.3,,,1,10328
439643,0.3,,,1,10328
439646,0.3,,,1,10328
439793,0.5,,,1,10328
439815,0.1,,,1,10328
439951,0.4,,,1,10328
439957,0.3,,,1,10328
439959,9.5,,,1,10353
439964,1,,,1,10328
439991,0.3,,,1,10328
439996,0.3,,,1,10328
439997,0.1,,,1,10328
440012,0.8,,,1,10353
440023,0.7,,,1,10328
440053,9,,,1,10328
440077,0.7,,,1,10328
440087,4,,,1,10353
440142,0.1,,,1,10328
440144,0.1,,,1,10328
440145,0.1,,,1,10328
440149,4.5,,,1,10353
440151,16,,,1,10353
440155,0.1,,,1,10328
440185,0.8,,0.53,2,10328
440186,0.6,,,1,10328
440187,0.3,,,1,10328
440188,1.5,,,1,10353
440189,0.7,,,1,10328
440259,4,,,1,10353
440265,0.4,,,1,10328
440285,4,,,1,10353
440361,0.1,,,1,10328
440366,0.2,,,1,10328
440406,0.7,,,1,10328
440407,0.7,,,1,10328
440447,0.1,,,1,10328
440452,1.5,,,1,10328
440462,1.5,,,1,10328
440481,0.125,,,1,10353
440521,6.5,,,1,10353
440535,0.6,,,1,10328
440536,0.8,,,1,10328
440537,0.8,,,1,10328
440539,1,,,1,10328
440540,0.2,,,1,10328
440543,0.4,,,1,10328
440603,2,,,1,10328
440617,2,,,1,10328
440641,12,,,1,10328
440646,4,,,1,10328
440654,8,,,1,10328
440661,14,,,1,10353
440682,3,,,1,10353
440724,0.4,,,1,10328
440776,0.2,,,1,10328
440777,0.2,,,1,10328
440778,0.2,,,1,10328
440779,0.4,,,1,10328
440780,0.2,,,1,10328
440817,0.2,,,1,10353
440826,0.5,,,1,10353
440837,0.1,,,1,10328
440842,0.6,,,1,10328
440850,10,,,1,10353
440857,2.75,,,1,10353
440865,0.2,,,1,10328
440892,4,,,1,10328
441016,2.5,,,1,10353
441030,3,,,1,10328
441034,3.25,,,1,10353
441043,8.5,,,1,10353
441045,5.25,,,1,10353
441053,5.25,,,1,10353
441119,0.7,,,1,10328
441148,10.5,,,1,10353
441156,5,,,1,10353
441169,5.5,,,1,10353
441229,0.3,,,1,10328
441230,0.3,,,1,10328
441276,0.7,,,1,10328
441306,0.45,,,1,10353
441311,6,,,1,10353
441312,2.9,,,1,10353
441341,20,,,1,10353
441354,0.2,,,1,10328
441375,2,,,1,10328
441378,0.7,,,1,10328
441383,0.7,,,1,10328
441386,2.5,,,1,10328
441426,5.85,,,1,10353
441447,2,,,1,10328
441490,0.9,,,1,10328
441514,0.6,,,1,10328
441520,3.25,,0,2,10353
441521,3.5,,,1,10353
441522,2.5,,,1,10353
441545,1.45,,,1,10353
441568,3.25,,,1,10353
441590,2,,,1,10328
441600,1.3,,,1,10328
441602,0.3,,,1,10328
441607,3.5,,,1,10353
441629,0.4,,,1,10328
441634,3,,,1,10328
441665,0.1,,,1,10328
441669,0.2,,,1,10328
441699,3.15,,,1,10353
441701,2.5,,,1,10353
441702,4,,,1,10353
441713,8,,,1,10328
441716,5.8,,,1,10328
441722,3,,,1,10353
441740,8.5,,,1,10353
441748,2.125,,0.416,2,10353
441750,4,,,1,10328
441756,2,,,1,10353
441758,1.8,,,1,10328
441762,5,,,1,10353
441770,2,,,1,10353
441777,1.9,,,1,10353
441783,3.4,,,1,10353
441800,5.5,,,1,10353
441820,3.5,,,1,10328
441846,3.5,,,1,10328
441909,0.4,,,1,10328
441911,0.1,,,1,10328
441920,3.5,,,1,10328
441944,1.6,,,1,10328
441950,0.8,,,1,10353
441989,4,,,1,10328
441990,3,,,1,10328
441996,0.9,,,1,10353
442001,0.6,,,1,10353
442044,0.2,,,1,10328
442046,3,,,1,10353
442094,2.5,,,1,10328
442095,1,,,1,10328
442120,0.4,,,1,10328
442153,5.5,,,1,10328
442155,1,,,1,10328
442166,0.2,,,1,10328
442170,0.1,,,1,10328
442190,4,,,1,10328
442196,3.25,,,1,10353
442228,3,,,1,10328
442232,6.5,,,1,10328
442236,3.7,,,1,10328
442239,7.5,,,1,10328
442244,2.2,,,1,10328
442247,3.5,,,1,10353
442269,0.1,,,1,10328
442300,2,,,1,10328
442310,1.6,,,1,10353
442321,2,,,1,10353
442336,1.5,,,1,10328
442341,0.7,,,1,10353
442342,0.75,,,1,10353
442343,4.4,,,1,10353
442368,5,,,1,10353
442397,1,,,1,10328
442409,0.1,,,1,10328
442429,20,,,1,10328
442448,0.2,,,1,10328
442450,2.2,,,1,10328
442487,1.5,,,1,10328
442525,2.1,,,1,10353
442526,0.4,,,1,10328
442542,6.5,,,1,10328
442655,5.75,,,1,10353
442678,0.2,,,1,10328
442679,0.2,,,1,10328
442682,2,,,1,10353
442699,3.25,,,1,10353
442702,2.85,,,1,10353
442743,5.5,,,1,10328
442746,1.6,,,1,10328
442825,3.5,,,1,10328
442864,5,,,1,10353
442868,4.7,,,1,10258
442901,0.2,,,1,10328
442904,0.3,,,1,10328
442927,9.5,,,1,10353
442930,3.75,,,1,10353
442939,0.2,,,1,10328
442943,0.1,,,1,10328
442945,0.5,,,1,10328
442948,0.4,,,1,10328
442951,0.2,,,1,10328
442960,0.1,,,1,10328
442968,0.2,,,1,10328
442970,0.3,,,1,10328
442971,0.1,,,1,10328
442972,0.3,,,1,10328
442973,0.2,,,1,10328
442974,0.3,,,1,10328
442991,1,,,1,10328
442999,0.8,,,1,10328
443067,2.35,,0,2,10353
443138,3,,,1,10328
443184,3,,,1,10353
443189,0.2,,,1,10328
443419,0.175,,,1,10353
443875,0.2,,,1,10353
443906,0.65,,,1,10353
443915,3.6,,0,2,10353
443918,1.25,,,1,10353
443923,0.75,,,1,10353
445049,4,,,1,10258
445209,11,,,1,10353
445360,1.5,,,1,10353
445361,1,,,1,10353
445362,0.9,,,1,10353
445366,2,,,1,10353
445367,3.25,,,1,10353
445446,9.25,,0,2,10353
445447,6.7,,,1,10353
445451,0.7,,,1,10353
445458,0.35,,,1,10353
445460,4,,,1,10353
445980,3.75,,,1,10353
446228,6,,,1,10353
446237,5.05,,,1,10353
446240,1.25,,,1,10353
448157,0.35,,,1,10353
448171,4.8,,,1,10353
448173,14,,,1,10353
448174,0.125,,,1,10353
448192,5.425,,0.541,2,10353
448205,0.14,,,1,10353
448211,13,,,1,10353
448212,6.5,,,1,10353
449702,1.7,,,1,10353
449703,7.5,,,1,10353
449760,1.5,,,1,10353
449817,8,,,1,10353
449829,2.65,,,1,10353
449830,11.5,,,1,10353
449866,9.5,,,1,10353
449883,5.2,,,1,10353
449900,5.5,,,1,10353
449903,4,,,1,10353
449917,12.5,,,1,10353
449922,3.825,,0.028,2,10353
449944,1.5,,,1,10353
449963,6.5,,,1,10353
449971,6,,,1,10353
450013,5.5,,0.193,2,10353
450049,3.5,,,1,10353
450110,2.75,,,1,10353
450139,3.5,,,1,10353
450146,2.5,,,1,10353
450187,8.5,,,1,10353
450201,3.75,,,1,10353
450225,3.5,,,1,10353
450238,3.75,,,1,10353
450828,1.25,,,1,10353
451335,6,,,1,10353
451338,2.6,,,1,10353
451339,20,,,1,10353
451341,13.5,,,1,10353
451351,1.75,,,1,10353
451354,3.65,,,1,10353
451355,12.5,,,1,10353
451356,3.85,,,1,10353
451374,1.95,,,1,10353
451376,2.1,,,1,10353
451391,2.75,,,1,10353
451392,1.1,,,1,10353
451396,2.75,,,1,10353
451409,1.6,,,1,10353
451416,1.55,,,1,10353
451436,4.5,,,1,10353
451442,6.43333333333333,,0.697,3,10353
451444,0.2,,0.823,3,10353
451459,5,,,1,10353
451462,0.95,,,1,10353
451464,5.5,,,1,10353
451477,4,,,1,10353
451491,2,,,1,10353
451498,1.15,,,1,10353
451502,0.35,,,1,10353
451503,0.9,,,1,10353
451504,7,,1.212,2,10353
451509,6,,,1,10353
451511,2.5,,,1,10353
451512,13,,,1,10353
451513,11.5,,,1,10353
451514,3.625,,0.146,2,10353
451515,3,,,1,10353
451521,5.5,,,1,10353
451524,0.2,,,1,10353
451526,0.45,,,1,10353
451531,6.5,,,1,10353
451541,6.25,,,1,10353
451548,9.5,,,1,10353
451550,0.1,,,1,10353
451553,1,,,1,10353
451558,7,,,1,10353
451570,4.5,,,1,10353
451575,2.8,,,1,10353
451576,9.4,,,1,10353
451577,2.7,,,1,10353
451594,1.25,,,1,10353
451599,5.75,,,1,10353
451608,2.25,,,1,10353
451625,2.15,,,1,10353
451634,0.55,,,1,10353
451693,9,,,1,10353
451747,4,,0,2,10353
451759,10.25,,0,2,10353
451788,3.75,,0,2,10353
451966,3.5,,,1,10353
452035,0.95,,,1,10353
452046,7.5,,,1,10353
452347,3,,0.236,2,10353
452352,3.25,,,1,10353
452355,3,,,1,10353
452552,1.3,,,1,10353
452559,4,,,1,10353
452603,0.3,,,1,10353
452730,0.4,,,1,10353
452757,2,,,1,10353
452790,3,,,1,10353
452814,5.5,,,1,10353
452852,7,,,1,10353
453441,2.5,,,1,10353
454362,2.75,,,1,10353
455019,6,,,1,10353
455761,0.5,,,1,10353
455776,2.25,,,1,10353
455777,4.5,,,1,10353
455787,4,,,1,10353
455788,3.5,,,1,10353
457332,1.75,,,1,10353
457883,0.8,,,1,10353
458166,3.9,,,1,10353
458229,1.75,,,1,10353
458230,0.75,,,1,10353
458231,2.5,,,1,10353
458273,2.25,,,1,10353
458420,1.35,,0.681,2,10353
458438,3.5,,,1,10353
458441,4,,,1,10353
458445,0.95,,,1,10353
458446,5,,,1,10353
458469,1.15,,,1,10353
458475,0.2,,,1,10353
458482,1.5,,,1,10353
458485,0.5,,,1,10353
458515,0.15,,,1,10353
458528,0.375,,,1,10353
458534,1.25,,,1,10353
458538,3.5,,,1,10353
458543,1.15,,,1,10353
458544,0.3,,,1,10353
458545,0.3,,,1,10353
458546,3,,,1,10353
458548,0.75,,,1,10353
458567,7,,,1,10353
458575,0.275,,,1,10353
459923,2.2,,,1,10353
459943,3,,,1,10353
459949,1.5,,,1,10353
460212,3,,,1,10353
460263,4.25,,,1,10353
460286,0.35,,,1,10353
460287,0.525,,,1,10353
460442,10.5,,,1,10353
460542,0.125,,,1,10353
460555,0.1,,,1,10353
460559,67.5,,,1,10353
460576,12,,,1,10353
460631,0.25,,,1,10353
460638,1.4,,,1,10353
460643,0.15,,,1,10353
460644,0.225,,,1,10353
460646,1.5,,,1,10353
460649,1.75,,,1,10353
460651,12,,,1,10353
460653,0.125,,,1,10353
460657,0.75,,,1,10353
460658,0.75,,,1,10353
460660,1.1,,,1,10353
460663,4.5,,,1,10353
460664,2.25,,,1,10353
460675,3.25,,,1,10353
460677,10,,0,3,10353
460678,2.85,,,1,10353
460680,9.5,,,1,10353
460683,5,,,1,10353
460693,0.425,,,1,10353
460694,0.45,,,1,10353
460704,4.25,,,1,10353
460707,1,,,1,10353
460710,4,,,1,10353
460712,0.85,,,1,10353
460716,0.85,,,1,10353
460717,0.75,,,1,10353
460728,10,,,1,10353
460732,12.5,,,1,10353
460740,5,,,1,10353
460749,1.15,,,1,10353
460753,1.85,,,1,10353
460757,1.25,,,1,10353
460771,9.5,,,1,10353
460778,4.75,,,1,10353
460779,1.5,,,1,10353
460784,3.25,,,1,10353
460785,21.5,,,1,10353
460786,4.25,,,1,10353
460788,4,,,1,10353
460792,1.4,,,1,10353
460799,3.5,,,1,10353
460804,7.5,,,1,10353
460817,4.5,,0,2,10353
460826,2.75,,,1,10353
460829,1.4,,,1,10353
460830,15,,,1,10353
460842,3.5,,,1,10353
460846,4.83333333333333,,0.328,3,10353
460855,5,,,1,10353
460858,7,,,1,10353
460860,3.1,,,1,10353
460872,3.5,,,1,10353
460874,1.85,,,1,10353
460876,13.5,,,1,10353
460880,3.75,,,1,10353
460882,0.85,,,1,10353
460886,0.5,,,1,10353
460887,0.9,,,1,10353
460894,0.25,,,1,10353
460896,1.5,,,1,10353
460903,1,,,1,10353
460906,3,,,1,10353
460913,8.5,,,1,10353
460915,2.85,,,1,10353
460931,2,,,1,10353
460946,2.75,,,1,10353
460966,3,,,1,10353
460970,0.9,,,1,10353
460971,1.6,,,1,10353
460998,2.1,,,1,10353
461023,10.5,,,1,10353
461024,4,,,1,10353
461025,6,,,1,10353
461027,6.75,,,1,10353
461035,0.8,,,1,10353
461050,1.75,,,1,10353
461052,3,,0,3,10353
461054,0.4,,,1,10353
461055,5,,,1,10353
461056,0.5,,,1,10353
461057,0.4,,,1,10353
461063,3.5,,,1,10353
461068,4.5,,,1,10353
461069,2.35,,,1,10353
461071,6,,,1,10353
461081,3.85,,,1,10353
461083,0.45,,,1,10353
461096,7.4,,,1,10353
461098,1.65,,,1,10353
461100,5.15,,,1,10353
461101,1.9,,,1,10353
461102,2.3,,,1,10353
461103,0.75,,,1,10353
461105,9,,,1,10353
461115,0.2,,,1,10353
461140,0.275,,,1,10353
461154,0.85,,,1,10353
461155,5.5,,,1,10353
461158,0.4,,,1,10353
461166,2.25,,,1,10353
461172,1.75,,,1,10353
461176,2.25,,,1,10353
461178,1.75,,,1,10353
461186,0.3,,,1,10353
461193,7,,,1,10353
461194,0.3,,,1,10353
461205,1.3,,,1,10353
461223,2,,,1,10353
461232,5,,,1,10353
461236,0.8,,,1,10353
461237,1.5,,,1,10353
461238,0.35,,,1,10353
461241,3.75,,,1,10353
461244,6,,,1,10353
461247,2.25,,,1,10353
461262,0.1,,,1,10353
461281,1,,,1,10353
461282,0.25,,,1,10353
461283,1.25,,,1,10353
461288,2.25,,,1,10353
461291,2,,,1,10353
461292,1.45,,,1,10353
461293,2.6,,,1,10353
461294,2.075,,0.051,2,10353
461310,0.35,,,1,10353
461311,0.775,,,1,10353
461322,0.75,,,1,10353
461325,2.25,,,1,10353
461332,0.75,,,1,10353
461341,2,,,1,10353
461343,3.75,,,1,10353
461344,1.85,,,1,10353
461353,14.5,,,1,10353
461383,0.85,,,1,10353
461393,0.25,,,1,10353
461396,6.75,,0,2,10353
461398,3.75,,,1,10353
461403,2.25,,,1,10353
461418,1.65,,,1,10353
461426,4.25,,,1,10353
461436,3,,,1,10353
461442,1,,,1,10353
461447,0.85,,,1,10353
461449,0.65,,,1,10353
461456,5,,,1,10353
461466,12.5,,,1,10353
461472,1.5,,,1,10353
461487,3.25,,,1,10353
461493,4.75,,,1,10353
461494,0.58,,,1,10353
461498,1.15,,,1,10353
461518,1.35,,,1,10353
461532,0.15,,,1,10353
461536,1.75,,,1,10353
461537,2.25,,,1,10353
461540,3.75,,,1,10353
461542,2.5,,,1,10353
461544,0.25,,,1,10353
461548,3.5,,,1,10353
461561,3.5,,,1,10353
461569,0.5,,,1,10353
461581,6,,,1,10353
461588,6.5,,,1,10353
461589,1.65,,,1,10353
461590,0.65,,,1,10353
461591,0.25,,,1,10353
461594,0.1625,,0.326,2,10353
461600,4.5,,,1,10353
461608,0.4,,,1,10353
461610,0.4,,,1,10353
463822,3.5,,,1,10353
465840,0.25,,,1,10353
465841,0.15,,,1,10353
465845,1.5,,,1,10353
465849,5,,,1,10353
465851,7.5,,,1,10353
465852,2.25,,,1,10353
465853,1,,,1,10353
465854,3.5,,,1,10353
465855,4.75,,,1,10353
465856,3.5,,,1,10353
465857,1.2,,,1,10353
465859,1.5,,,1,10353
467158,1.35,,,1,10353
469683,4.75,,,1,10353
469691,1.15,,,1,10353
469692,0.4,,,1,10353
471358,4,,,1,10328
