work_ID,trait_value,agreement,coeff_var,n,references
15,1,,0,2,10353
21,0.2,,,1,10328
51,0.2,,,1,10328
59,0.3,,0,4,"16,10320,23"
64,0.5,,,1,16
74,3.5,,0,2,"10353,23"
78,2.5,,,1,10353
94,9,,,1,23
100,0.3,,,1,10320
103,0.4,,,1,10320
105,0.7,,,1,10320
108,0.3,,,1,10320
113,0.5,,,1,10320
116,0.35,,,1,10320
122,1,,,1,10320
123,0.5,,,1,16
132,0.04,,0.157,2,"10320,10342"
133,0.5,,,1,10320
142,0.5,,0.129,2,"10320,10328"
147,0.5,,,1,10320
151,0.6,,,1,10320
153,0.4,,,1,10320
158,0.5,,,1,16
162,0.5,,0.24,4,10320
165,0.4,,,1,10320
166,0.4,,0.787,3,"10320,10328"
169,0.7,,,1,10320
172,0.05,,0.129,2,"16,10320"
174,0.7,,0.471,2,"10320,10328"
175,0.6,,,1,10320
177,0.6,,,1,10320
180,0.5,,,1,10320
183,0.25,,0.471,2,"10320,10328"
184,0.05,,0,2,"16,10320"
191,1,,,1,10320
195,0.3,,,1,10320
196,0.5,,,1,10320
204,0.4,,0.157,2,"10320,10342"
205,0.5,,,1,10342
208,0.2,,,1,10320
216,0.6,,,1,23
217,0.4,,,1,10320
218,0.2,,,1,10320
221,0.1,,0.313,5,10320
225,0.1,,,1,10320
227,0.5,,,1,10320
228,0.07,,0.681,2,"10320,10328"
233,0.6,,,1,10320
234,0.6,,,1,10328
240,0.6,,,1,10320
245,1.5,,,1,10328
246,1.7,,,1,10328
250,0.4,,,1,10328
267,8,,0.337,2,10353
271,0.5,,0.471,2,"10320,10353"
276,5.5,,,1,10353
294,1.5,,,1,10353
296,5,,,1,10353
298,1.5,,,1,10353
303,3.5,,,1,10353
332,2,,,1,10353
344,6,,0,2,10353
361,0.8,,0.124,3,"16,10320,10353"
362,1,,0,3,"16,10320,23"
365,3,,,1,10353
366,2,,,1,10353
367,5,,,1,10342
373,9,,,1,10353
374,4,,,1,10342
376,6,,0.566,2,10353
377,3,,,1,10353
378,8,,,1,10353
379,4,,,1,10353
381,2,,,1,10353
385,2.5,,,1,10353
388,2,,0,2,"10320,10353"
389,2.5,,0.129,2,10353
390,5,,,1,10353
395,8,,0.157,2,"10320,10342"
401,5,,,1,10353
402,2,,,1,10353
405,8,,0,2,10353
412,0.1,,,1,10320
417,0.6,,,1,10342
418,0.5,,0.328,3,"16,10320,10353"
421,0.3,,,1,10353
430,0.4,,0.424,4,"16,10328,10342"
433,3.5,,,1,23
434,1.5,,,1,16
435,1.2,,0.124,3,16
456,0.6,,,1,10320
461,1,,0,2,10320
462,1,,0.283,2,10320
472,1,,,1,10328
553,0.4,,0,2,10320
571,7,,,1,10353
572,3.5,,0.094,2,10353
574,15,,,1,10328
597,1.6,,,1,10320
598,1,,,1,10320
635,6,,,1,10320
642,0.2,,,1,10328
643,0.11,,,1,10320
644,0.12,,,1,10320
661,2,,,1,10353
663,3,,,1,10353
664,2,,,1,10353
668,14,,,1,10328
681,0.15,,,1,10320
684,2.5,,,1,10353
689,3.5,,,1,10353
690,5,,,1,10353
721,1.2,,1.237,2,"16,23"
736,2.5,,,1,10342
738,8,,,1,10353
769,1,,0.385,4,"10320,10353"
774,1.5,,0,2,"16,23"
844,30,,,1,23
868,0.04,,,1,10353
887,1.5,,0.202,2,"10320,10353"
892,0.2,,,1,10342
914,3.5,,,1,10353
920,1,,,1,10342
921,2.3,,,1,10342
922,1.5,,0,2,10342
923,2.5,,,1,10342
924,1.5,,,1,10342
925,3,,0.133,4,10342
926,0.8,,,1,10342
927,2,,,1,10342
928,5,,,1,10342
929,2,,,1,10342
930,1,,,1,10342
931,3,,,1,10342
932,1,,,1,10342
935,2.5,,,1,10342
936,1.5,,,1,10342
938,1.5,,0.471,2,"10328,10342"
939,5,,,1,10342
940,1.5,,,1,10342
941,0.6,,0,2,10342
942,8,,,1,10342
943,3,,,1,10342
944,0.7,,,1,10342
945,0.4,,,1,10342
947,1.5,,,1,10342
948,0.3,,,1,10342
951,4,,,1,10342
952,3,,0.202,2,"10328,10342"
953,4,,,1,10342
954,1.5,,,1,10342
981,0.2,,,1,10320
988,0.1,,,1,10320
1002,5,,,1,10353
1026,2.5,,,1,10353
1028,3,,0.109,2,"10328,10342"
1030,3.5,,,1,10353
1044,0.8,,,1,10328
1056,15,,0,2,"10320,10342"
1061,12,,,1,10342
1077,7,,,1,10342
1094,20,,,1,10342
1096,5,,,1,10342
1115,3,,,1,10353
1116,1,,0.707,2,"16,10320"
1127,0.8,,0.157,2,"16,10320"
1130,1,,0.418,6,"16,10320,10333,10353,23"
1131,1.5,,0,2,"10320,10353"
1185,1,,0.283,2,"10342,10353"
1188,1,,,1,10353
1197,0.2,,0.606,2,"10342,10353"
1200,0.1,,,1,10328
1210,0.1,,0.471,2,"10320,10342"
1212,0.2,,,1,10342
1218,0.2,,,1,10328
1221,0.5,,,1,10328
1239,0.1,,,1,10320
1243,0.2,,,1,10328
1246,0.025,,,1,10320
1248,0.1,,,1,10328
1249,0.1,,,1,10328
1252,0.15,,,1,10320
1260,0.1,,0.943,2,"10328,10342"
1262,0.1,,,1,10328
1282,1.2,,,1,10342
1283,1.5,,,1,10342
1284,0.4,,,1,10342
1287,1.5,,,1,10342
1289,1.5,,,1,10342
1292,1.3,,,1,10342
1293,0.6,,,1,10342
1307,2.5,,0.101,5,"10320,10342,10353"
1308,4,,,1,10353
1310,2.5,,,1,10353
1311,6,,,1,10353
1312,1.5,,,1,10353
1315,0.3,,0.839,3,10353
1317,2.5,,,1,10353
1318,0.75,,,1,10353
1319,0.3,,,1,10353
1323,0.1,,,1,10328
1324,0.05,,,1,10342
1325,0.3,,,1,10328
1327,0.03,,,1,10342
1335,0.4,,,1,10342
1336,0.8,,,1,10320
1342,0.15,,,1,10342
1347,1.9,,,1,10328
1352,3,,,1,10328
1355,5,,,1,10353
1356,9,,0,4,10353
1358,7,,,1,10353
1362,3,,,1,10353
1365,4,,,1,10320
1374,0.2,,,1,16
1381,0.9,,0,2,"16,23"
1391,2.5,,,1,10353
1395,11,,,1,10328
1403,6,,,1,10353
1411,4,,,1,10353
1417,3,,,1,10320
1423,6,,,1,10353
1424,4,,0,2,10353
1426,5.5,,,1,10353
1427,7,,0,2,10353
1441,0.3,,,1,10353
1442,8,,0,3,"16,10320,23"
1448,1,,,1,10353
1449,0.6,,,1,10353
1450,2,,0.157,2,"10342,10353"
1452,1.3,,1.196,3,"10320,10353"
1457,0.5,,,1,10342
1500,5.8,,,1,10328
1502,0.1,,,1,10320
1507,0.3,,0.354,2,"10320,10342"
1546,0.5,,0.326,2,"10320,10342"
1548,2.5,,,1,10342
1551,0.1,,,1,10320
1553,0.9,,,1,10342
1561,1,,,1,10328
1562,0.4,,,1,10342
1570,0.4,,,1,10342
1578,0.2,,,1,10353
1580,0.4,,,1,10320
1581,0.15,,,1,10353
1584,3,,,1,10353
1585,0.2,,1.01,2,"10320,10342"
1588,0.08,,,1,10320
1590,0.04,,,1,10320
1595,0.04,,,1,10320
1640,0.1,,,1,10320
1648,6,,,1,10328
1657,50,,,1,10328
1665,20,,0,2,"16,23"
1671,4,,0.157,2,"10320,10342"
1677,5,,,1,10320
1685,4,,0.283,2,"10342,10353"
1687,0.1,,,1,10320
1690,0.2,,0,2,"10320,10342"
1693,0.3,,,1,10342
1694,0.2,,,1,10328
1705,2,,,1,10320
1707,2.5,,,1,23
1713,1.4,,,1,10353
1714,2,,,1,10353
1716,2.5,,,1,10353
1717,3,,,1,10353
1743,10,,,1,23
1805,2,,,1,10353
1811,1.3,,,1,10328
1814,1,,0,2,"16,23"
1816,0.5,,0,2,"16,10342"
1835,1,,,1,10320
1838,0.3,,,1,16
1843,0.3,,0.353,4,"16,10320,10328,23"
1852,1.5,,,1,10353
1868,0.3,,,1,16
1870,0.15,,0.202,2,"10342,10353"
1902,1.4,,,1,10353
1912,0.4,,,1,10320
1914,0.8,,0.606,2,10353
1916,1.5,,,1,10320
1917,0.8,,0,2,"16,23"
1924,1,,,1,10342
1928,2,,,1,10342
1929,0.6,,,1,16
1930,0.15,,,1,16
1933,3.3,,,1,10328
1935,1.5,,,1,10342
1936,0.5,,,1,10342
1937,0.7,,,1,16
1940,1.5,,,1,10342
1941,1,,0.283,2,"16,10342"
1946,0.3,,,1,10342
1949,4,,,1,10328
1951,2.8,,,1,10328
1954,0.8,,,1,16
1959,1.5,,0,3,"16,10342,23"
1962,1.5,,0.173,3,"263,10320,10342"
1979,1,,0.849,2,"16,10320"
1985,10,,,1,10320
1994,2,,,1,10320
1996,4,,,1,10320
2018,0.8,,,1,16
2020,0.15,,,1,10320
2025,0.2,,,1,10320
2028,1,,,1,10320
2048,40,,,1,23
2069,5,,,1,10353
2074,0.3,,,1,10328
2080,2,,,1,10320
2097,0.5,,,1,10320
2098,0.5,,,1,10320
2099,0.3,,0.354,2,"16,10320"
2104,0.4,,,1,10320
2105,1,,0,2,10320
2106,1.2,,0,2,10320
2108,0.5,,,1,10320
2111,2,,,1,10320
2142,5,,,1,23
2164,3,,0.202,2,"10353,23"
2166,0.4,,,1,10328
2171,1,,0.385,4,10353
2172,0.3,,0.566,2,10353
2174,0.2,,,1,10353
2175,0.2,,0.545,4,10353
2191,3,,,1,10353
2193,0.5,,,1,10320
2194,3,,0.354,2,"10342,10353"
2207,0.15,,,1,10320
2209,3,,,1,10353
2216,0.2,,,1,10342
2222,1,,,1,10353
2229,0.1,,,1,10342
2246,0.2,,,1,10320
2249,3,,,1,10353
2250,0.25,,,1,10353
2252,0.15,,,1,10353
2253,0.5,,,1,10353
2262,1.5,,,1,10342
2307,10,,0,2,"16,23"
2315,1,,,1,10353
2333,0.4,,,1,23
2410,0.5,,,1,10320
2417,3,,0,2,10353
2421,1,,,1,10353
2453,2.5,,,1,10353
2462,4,,,1,10353
2470,2,,0.157,2,"10353,23"
2474,3.5,,,1,10353
2479,2,,0.471,2,"10353,23"
2483,2.8,,,1,10320
2485,1.2,,,1,10353
2486,3,,,1,10353
2488,4,,,1,10353
2490,1.8,,,1,10353
2497,2,,,1,16
2506,0.8,,0.342,4,"16,10320,10333,10353"
2510,0.3,,,1,10353
2516,2,,,1,10320
2519,0.5,,0.129,2,"16,10320"
2530,5.5,,,1,10328
2545,0.1,,,1,10342
2549,0.2,,0,2,"10320,10342"
2551,0.5,,0.471,2,"10320,10328"
2552,3.5,,,1,10342
2585,3,,,1,10353
2589,1.5,,,1,10353
2590,3,,,1,10353
2594,3,,,1,10353
2595,2,,,1,10353
2596,3,,,1,10353
2597,1.5,,,1,10353
2598,2,,,1,10353
2602,2,,,1,10353
2604,4,,,1,10353
2606,4,,0,2,16
2607,4,,,1,16
2611,2,,0.707,2,"10342,23"
2638,0.6,,,1,10342
2659,3.5,,,1,23
2668,0.1,,,1,10320
2669,1.5,,,1,10320
2685,0.3,,,1,10320
2695,1.5,,,1,10320
2724,0.2,,0.943,2,"10320,10333"
2735,6,,,1,10328
2747,3.5,,,1,10353
2749,2,,,1,10353
2753,4.5,,,1,10353
2754,2,,,1,10353
2776,2,,,1,10353
2789,0.1,,0.471,2,"10342,10353"
2793,0.7,,,1,10353
2797,0.3,,,1,10342
2798,0.9,,,1,10353
2801,0.3,,,1,10353
2810,14,,,1,23
2852,2,,,1,10353
2853,3.5,,,1,10353
2857,3,,,1,10353
2858,3,,,1,10353
2859,3,,,1,10353
2860,4,,,1,10353
2861,2.5,,,1,10353
2871,0.7,,,1,10328
2873,0.2,,,1,16
2875,0.3,,,1,10320
2888,1.5,,,1,10320
2890,3,,,1,263
2892,2,,0.283,2,"10320,10342"
2904,3,,,1,10353
2931,3,,,1,10320
2939,3,,,1,10320
2940,2,,1.222,2,"10320,10328"
2950,2,,,1,10320
2951,1.5,,,1,10320
2953,0.5,,,1,10320
2955,0.7,,,1,10353
2957,5,,,1,10353
2958,1,,,1,10353
2967,2,,,1,10353
2968,2,,,1,10353
2970,1.2,,0.258,3,"10320,10353"
2971,1.5,,,1,10353
2972,1.5,,,1,10353
2974,4,,,1,10353
2980,2.5,,,1,10353
2982,9,,,1,10353
2985,1.5,,,1,10353
2986,5,,,1,10353
2988,1.5,,,1,10353
2991,2.5,,,1,10353
2993,3,,,1,10353
2999,2,,,1,10353
3000,2,,,1,10353
3002,3,,,1,10353
3003,3,,,1,10353
3005,3,,,1,10353
3007,1.5,,,1,10353
3008,2,,,1,10353
3009,2,,,1,10353
3013,2,,,1,10353
3021,2.5,,,1,10353
3081,0.1,,0.39,5,"10320,10342,10353"
3105,6,,0,2,16
3108,3.5,,,1,10328
3113,0.1,,,1,10320
3129,0.2,,0.895,6,10342
3130,0.5,,,1,10342
3135,0.05,,,1,10342
3137,0.5,,0.823,9,"10328,10342,10353"
3140,2,,,1,10342
3147,1,,,1,10342
3156,8,,,1,10353
3157,4,,0,2,10353
3161,0.4,,,1,10342
3163,0.5,,,1,10320
3164,0.2,,,1,10320
3165,0.2,,,1,10320
3166,0.3,,,1,10320
3168,0.4,,,1,16
3171,0.35,,,1,16
3198,2,,,1,10342
3200,0.5,,,1,10320
3202,1,,,1,23
3205,0.1,,,1,10320
3243,0.1,,0,2,10320
3244,0.1,,,1,10320
3302,6,,,1,16
3314,0.2,,,1,10342
3343,0.7,,,1,10328
3345,6,,,1,10328
3346,0.1,,,1,10328
3359,7,,,1,10328
3360,0.2,,,1,10353
3375,0.3,,,1,10342
3376,0.1,,0.903,4,"10320,10328,10342"
3380,3,,,1,10353
3384,2,,,1,10353
3388,0.2,,1.336,2,"10320,10353"
3390,2,,,1,10353
3391,2.5,,0,2,10353
3392,3,,,1,10320
3395,1.5,,,1,16
3405,0.2,,0.203,5,10353
3407,3,,,1,10353
3412,2,,0,3,10353
3414,0.7,,,1,10353
3416,3,,0,2,10353
3418,2,,0,2,10353
3419,2,,,1,16
3420,1,,,1,10353
3423,4.5,,0,2,10353
3424,4,,,1,10353
3426,2,,,1,16
3430,0.7,,,1,10353
3432,2.5,,,1,10353
3433,4,,,1,10353
3436,4,,0,2,10353
3439,3,,,1,10353
3445,0.7,,,1,10353
3446,3,,1.01,2,"10328,10353"
3447,1.5,,0.202,2,"16,10353"
3478,0.7,,,1,10328
3480,0.1,,,1,10320
3481,0.05,,,1,10320
3492,1.4,,,1,16
3511,20,,,1,23
3518,3,,,1,10353
3520,4,,,1,10353
3530,2.5,,,1,10353
3531,4,,,1,10353
3543,2,,,1,10320
3544,0.5,,,1,16
3551,0.3,,,1,10320
3554,6,,,1,10333
3563,1.5,,,1,10320
3595,1,,,1,23
3603,0.7,,1.088,5,"16,10320,10342,10353,23"
3620,0.1,,0.471,2,"10320,10342"
3625,0.5,,0.346,3,"10320,10328,10342"
3626,0.1,,,1,10353
3628,0.15,,,1,10353
3629,0.3,,,1,10320
3631,0.05,,,1,10342
3633,0.03,,,1,10342
3634,0.05,,,1,10320
3640,0.05,,,1,10320
3641,0.07,,,1,10353
3642,0.02,,,1,10342
3647,0.04,,,1,10342
3649,0.8,,,1,10353
3651,0.1,,,1,10320
3667,0.2,,,1,10328
3673,0.03,,,1,10320
3686,0.1,,,1,10342
3689,1,,,1,10342
3691,0.1,,,1,10342
3692,0.9,,,1,10353
3693,8,,,1,10353
3694,3.5,,,1,10353
3695,1,,,1,10353
3696,2.5,,,1,10353
3697,1,,,1,10353
3754,27.5,,,1,10328
3758,0.3,,1.345,2,"16,23"
3808,15,,,1,10328
3838,7,,,1,16
3847,15,,,1,23
3888,26,,,1,10328
3889,2,,,1,10342
3896,5.5,,,1,10342
3913,4.5,,,1,16
3930,20,,,1,23
3932,2.5,,,1,23
3955,3,,,1,10342
3957,1,,,1,10342
3977,5,,,1,23
4013,0.5,,0,2,10320
4014,0.4,,,1,16
4017,5,,,1,10328
4019,10,,,1,10328
4022,1,,,1,16
4031,2.7,,,1,10328
4034,1.5,,,1,23
4035,0.3,,,1,10328
4036,1.3,,,1,16
4038,0.4,,0.271,7,10353
4039,0.2,,0.286,4,10353
4040,2.5,,,1,10328
4042,0.5,,,1,10353
4044,3,,,1,10353
4048,0.8,,,1,10353
4049,1.5,,,1,10353
4053,1.5,,,1,10353
4059,0.8,,,1,263
4063,0.2,,0,2,10320
4084,0.3,,,1,10342
4093,0.2,,,1,10342
4098,0.2,,0,2,"10320,10342"
4104,0.1,,,1,10342
4117,0.08,,,1,10342
4119,0.15,,,1,10342
4120,0.15,,,1,10342
4155,1,,0.283,2,"10353,23"
4161,1.5,,,1,10320
4172,0.8,,,1,10320
4246,2,,0,3,10320
4273,0.7,,,1,10328
4281,0.3,,,1,16
4284,0.5,,0,2,"263,10342"
4287,0.5,,,1,10342
4289,12,,,1,10328
4294,0.5,,,1,16
4296,0.3,,,1,10342
4302,2,,,1,10342
4305,2.2,,,1,10328
4310,0.5,,,1,10342
4311,0.7,,1.026,2,"10328,10342"
4314,2.8,,,1,10328
4316,0.2,,0.283,2,"16,10342"
4317,1,,,1,10342
4321,0.3,,0.354,2,"16,10342"
4334,3.5,,,1,10353
4335,3,,,1,10353
4336,5,,,1,10353
4337,4.5,,,1,10353
4351,2,,,1,10328
4353,0.2,,,1,10328
4381,0.3,,,1,10320
4384,0.5,,,1,10328
4385,0.4,,,1,10342
4386,0.4,,0.606,2,"10328,10342"
4387,0.5,,,1,10342
4389,0.4,,,1,10342
4390,0.5,,,1,10342
4392,2,,,1,10353
4394,1,,0,2,10320
4401,0.2,,,1,10320
4424,1.1,,,1,10328
4426,1,,,1,10353
4429,0.2,,,1,10328
4433,0.2,,,1,10328
4451,7.5,,,1,10353
4457,3,,,1,10353
4470,1,,,1,10320
4488,0.6,,,1,10320
4494,0.15,,0.346,3,"10320,10353,23"
4581,0.3,,,1,10328
4597,0.75,,,1,10320
4601,1.5,,,1,16
4619,2.2,,,1,10328
4648,0.5,,,1,10320
4650,1,,,1,10320
4651,0.2,,,1,10320
4653,1.5,,,1,10320
4660,4,,,1,10328
4664,7,,,1,10328
4665,1,,,1,10353
4666,0.4,,,1,10328
4667,0.2,,,1,10328
4673,1,,0.131,3,"10353,23"
4690,7,,,1,23
4704,2.5,,0,2,10353
4705,16.5,,,1,10328
4710,2,,0.606,2,"10320,10353"
4733,0.07,,,1,10342
4736,0.2,,0.283,2,"10328,10342"
4743,0.2,,,1,10320
4789,3,,,1,10353
4825,2,,,1,10320
4871,2,,,1,16
4903,1.2,,,1,16
4925,2,,,1,10353
4926,2,,,1,10353
4928,1,,,1,10353
4929,2.5,,,1,10353
4930,3,,,1,10353
4932,2.5,,,1,10353
4934,4,,,1,10353
4935,3.5,,,1,10353
4937,1.5,,,1,10353
4940,3.5,,,1,10353
4943,3.5,,0.177,2,10353
4944,3,,,1,10353
4945,3.5,,,1,10353
4946,4.5,,,1,10328
4947,1.5,,,1,10328
4950,1.5,,,1,10353
4951,2,,,1,10353
4952,3.5,,,1,10353
4953,4,,,1,10353
4956,0.1,,0.849,2,"10320,10342"
4967,0.5,,0,2,"16,10320"
5001,0.4,,,1,10353
5002,0.7,,,1,10353
5003,1,,0.849,2,"10320,10328"
5007,0.4,,,1,10353
5008,1.8,,,1,10328
5009,0.9,,0.074,2,10353
5011,1,,,1,10353
5015,0.5,,,1,10353
5017,1,,0.129,2,"10328,10353"
5019,0.1,,,1,10320
5020,1.5,,,1,10353
5022,0.2,,0.742,3,10353
5023,3.5,,,1,10353
5025,2,,0,2,10353
5026,0.4,,,1,10353
5027,0.8,,0,2,10353
5030,1.6,,,1,10353
5034,0.2,,,1,10353
5046,0.8,,,1,10353
5056,0.05,,,1,10320
5058,0.12,,,1,10320
5068,1.5,,,1,10342
5071,1.5,,1.157,2,"10328,10342"
5080,1.5,,,1,10328
5087,0.5,,,1,10320
5089,3.5,,,1,10353
5093,1.5,,,1,10353
5099,0.8,,,1,23
5100,3,,,1,10320
5101,1,,,1,23
5102,1,,,1,10353
5103,0.4,,,1,16
5104,0.5,,,1,10353
5111,1,,,1,23
5119,1,,,1,10353
5123,2,,,1,16
5125,0.5,,,1,23
5140,1.5,,0.643,2,"10320,10353"
5141,1.2,,,1,23
5153,3,,,1,10320
5157,4,,,1,10320
5158,1,,,1,23
5163,0.07,,,1,10342
5165,2,,,1,10320
5175,0.2,,,1,10320
5177,0.4,,,1,10320
5178,0.4,,,1,10320
5184,0.6,,,1,10320
5188,0.3,,,1,10353
5189,0.2,,,1,10353
5190,3,,0.202,2,"16,10353"
5192,0.3,,,1,10342
5202,0.3,,,1,10342
5205,3,,0.315,3,"16,10353,23"
5214,2,,,1,10353
5222,2,,,1,10353
5223,1.3,,0.32,8,10353
5240,7,,,1,10328
5248,10,,,1,10328
5256,0.8,,,1,10320
5280,12,,,1,10328
5289,34,,,1,10328
5301,1.6,,,1,10328
5311,3,,,1,10342
5326,1,,,1,10353
5348,6,,,1,10353
5349,0.6,,0.943,2,"10320,10353"
5350,8,,,1,10353
5354,8,,0,2,10353
5355,2.5,,,1,10353
5359,1.2,,0.761,2,"10320,10353"
5361,5,,,1,10353
5364,3,,,1,10353
5365,3.5,,,1,10353
5367,3,,0.202,2,10353
5368,2,,,1,10353
5370,4,,,1,10353
5371,4,,,1,10353
5392,4,,,1,16
5421,1.5,,0.525,4,10353
5422,3,,,1,10353
5425,0.4,,,1,10353
5427,1.5,,,1,10353
5430,2.5,,,1,10353
5433,1.4,,0.677,7,"10320,10353,23"
5435,4.5,,,1,10353
5440,0.1,,0,2,"16,23"
5452,1,,,1,10353
5453,1,,,1,10353
5463,0.5,,0,2,"16,23"
5497,0.1,,0.849,2,"10320,10328"
5498,0.7,,0.372,2,"10320,10328"
5501,0.2,,0.283,2,"16,10342"
5502,0.4,,0.471,2,"10320,10328"
5513,0.5,,,1,10320
5514,1,,,1,16
5536,2,,,1,10320
5548,0.1,,,1,10320
5558,0.15,,,1,10320
5560,0.5,,,1,10320
5584,0.25,,0,2,10320
5585,0.2,,,1,10320
5588,0.15,,,1,10333
5590,0.25,,,1,10320
5591,0.3,,,1,23
5622,1.5,,0.327,3,"10320,10342,10353"
5653,2,,,1,10353
5726,4,,,1,10328
5730,6.5,,,1,10328
5736,12.5,,,1,10328
5739,2.3,,,1,10328
5749,0.1,,,1,10342
5753,0.25,,,1,10342
5754,0.3,,,1,10328
5757,0.5,,0.236,2,"10328,10342"
5764,0.3,,,1,10320
5765,0.2,,,1,10320
5774,0.1,,,1,10320
5775,1.2,,,1,10328
5779,1,,,1,10328
5780,0.8,,,1,10320
5781,0.1,,,1,10320
5782,0.6,,,1,10320
5793,5,,,1,10353
5805,5.5,,,1,10328
5808,0.4,,0.766,3,"16,10353,23"
5810,2,,,1,10353
5811,0.8,,,1,10328
5812,3.5,,,1,10353
5813,2.8,,,1,10328
5815,1,,1.081,2,"10328,10353"
5831,3,,,1,10353
5833,1.5,,,1,10353
5836,3,,,1,10353
5841,1.8,,,1,10353
5842,1,,,1,10320
5844,0.7,,,1,10353
5845,1.5,,,1,10353
5846,0.8,,,1,10353
5862,2,,,1,10353
5863,1.5,,,1,10353
5864,6.5,,,1,16
5865,5,,,1,16
5873,0.3,,0,2,"10320,10342"
5874,0.2,,,1,10342
5875,0.1,,0.5,3,"10320,10333,10342"
5894,0.3,,,1,10328
5899,0.3,,,1,10328
5901,0.1,,1.099,3,"10328,10333,10342"
5902,0.5,,0.326,2,10328
5905,0.4,,,1,10328
5906,0.5,,,1,10342
5911,0.3,,,1,10342
5912,0.7,,,1,10328
5917,0.3,,,1,10342
5918,0.2,,,1,10342
5919,0.5,,,1,10328
5920,0.1,,,1,10342
5926,0.2,,,1,10328
5928,0.2,,,1,10342
5929,0.2,,,1,10342
5932,0.8,,,1,10328
5935,0.1,,,1,10342
5936,0.1,,,1,10342
5948,2,,,1,10353
5951,3.5,,0.406,5,"16,10333,10353,23"
5959,2.5,,,1,10353
5960,2.5,,,1,10353
5961,18,,,1,10328
5962,3,,0.417,3,"10320,10328,10342"
5964,8,,,1,23
5966,2,,,1,10353
5968,3,,0,2,"10320,10353"
5972,3,,,1,10353
5990,7,,,1,10328
6001,18,,,1,10328
6003,0.5,,,1,10320
6005,0.5,,,1,10320
6021,15,,,1,10328
6044,1,,,1,10353
6047,0.2,,,1,16
6058,1,,,1,10320
6060,4,,,1,10328
6061,4,,,1,10328
6064,1.5,,,1,10320
6067,2.3,,,1,10328
6070,0.2,,0.283,2,"10320,10353"
6079,0.1,,,1,10320
6081,1.5,,,1,10328
6082,3,,,1,10328
6085,6,,,1,10328
6086,0.7,,,1,10328
6213,0.025,,,1,10320
6215,0.03,,,1,16
6218,0.02,,,1,10320
6257,0.45,,,1,10353
6282,1,,0.184,2,"10320,10342"
6289,0.3,,0.643,2,10342
6290,0.1,,,1,10342
6296,0.15,,,1,10320
6304,0.1,,,1,10353
6306,0.2,,0.707,2,"10320,10353"
6320,0.3,,0.4,3,10320
6344,0.3,,,1,10353
6417,1,,,1,10342
6492,0.1,,,1,10320
6493,0.15,,,1,10320
6494,0.1,,,1,10320
6495,1,,0.217,3,"16,10320,23"
6501,2.3,,,1,10328
6503,1,,,1,10342
6569,0.1,,,1,10328
6597,0.2,,,1,10328
6607,0.3,,,1,10328
6668,2,,,1,10353
6853,2.5,,,1,10353
6883,0.3,,,1,10320
6884,0.4,,,1,10320
6887,0.2,,,1,10320
6889,0.2,,,1,10320
6915,6,,,1,10320
6923,15,,,1,16
6945,2,,,1,10320
6947,1.5,,,1,10353
6950,0.3,,,1,10320
6952,1,,,1,10353
6957,0.1,,0.283,2,"10320,10342"
6998,2.2,,,1,10353
7042,3,,,1,10320
7059,4,,,1,10320
7063,2.5,,0.182,3,"16,10320,23"
7067,4.8,,,1,10328
7079,2,,,1,10353
7094,0.4,,,1,10328
7097,0.2,,,1,10353
7104,0.1,,0.5,3,"10320,10342,10353"
7120,0.1,,,1,10320
7121,0.1,,,1,10320
7142,4,,0.173,3,"16,10353,23"
7145,1.5,,,1,10353
7173,0.5,,,1,10320
7174,0.1,,,1,10320
7175,0.1,,,1,10320
7176,3.5,,,1,10353
7179,3,,,1,10353
7242,1,,,1,16
7405,1,,,1,10353
7407,1.5,,,1,10320
7410,1.5,,0.133,4,"10320,10333,10353"
7411,5,,,1,10320
7412,1,,0.295,4,"10320,10328,10342,10353"
7413,2.5,,,1,10328
7416,0.05,,,1,10320
7422,0.3,,,1,10353
7423,0.15,,,1,10353
7435,4,,,1,10328
7475,0.5,,,1,10342
7477,0.3,,,1,10342
7492,2,,,1,10328
7500,3.8,,,1,10328
7502,4.5,,,1,10328
7503,4.5,,,1,10328
7506,2,,,1,10328
7529,6,,,1,10353
7552,2.5,,0.247,3,"10353,23"
7565,2,,,1,10353
7568,2,,,1,10353
7570,3.5,,,1,10353
7579,6,,,1,16
7582,1.9,,,1,16
7584,3.7,,,1,16
7589,3.5,,,1,16
7594,1.8,,,1,16
7596,3,,,1,23
7597,6,,,1,16
7601,10,,,1,10353
7602,1,,0.782,3,"16,10342,23"
7605,0.3,,0.315,3,"16,10353,23"
7623,0.5,,,1,10320
7628,1.5,,,1,10320
7653,3,,,1,10342
7660,0.2,,,1,10353
7662,1.5,,,1,10353
7685,1.4,,,1,10353
7727,12,,,1,10353
7732,1.5,,,1,10320
7733,0.5,,0,2,10320
7740,2,,,1,10353
7744,0.2,,,1,10342
7753,2,,0.247,3,"10320,10353"
7755,2,,0.157,2,"16,10320"
7759,2,,,1,10320
7764,0.5,,,1,10328
7773,0.2,,,1,10328
7774,0.8,,,1,16
7780,0.2,,,1,10320
7784,0.15,,,1,10320
7799,0.2,,,1,10320
7809,0.2,,,1,10320
7811,0.4,,,1,10320
7814,0.2,,,1,10328
7815,0.15,,,1,10320
7819,0.3,,,1,10342
7820,0.15,,,1,10320
7821,0.5,,,1,10328
7824,0.2,,,1,10328
7828,0.05,,,1,10320
7832,0.07,,,1,10320
7837,0.1,,,1,10328
7842,0.2,,,1,10328
7847,0.7,,,1,10328
7855,0.2,,,1,10328
7859,0.1,,,1,10328
7864,0.3,,,1,10328
7869,0.3,,,1,10328
7872,0.5,,,1,10328
7876,0.2,,,1,10320
7877,0.1,,,1,10342
7878,0.2,,0.157,2,"10320,10342"
7884,0.05,,0.326,2,"16,10320"
7900,0.3,,,1,10328
7901,0.2,,,1,10328
7903,0.1,,,1,10328
7905,0.8,,,1,10328
7906,0.1,,,1,10328
7911,0.2,,,1,10320
7912,1.1,,,1,10328
7919,0.5,,,1,10328
7935,0.9,,,1,10328
7942,0.2,,,1,10320
7952,0.07,,,1,10320
7956,0.3,,,1,10320
7958,0.25,,,1,10320
7961,0.6,,,1,16
7964,0.1,,,1,10328
7968,0.2,,,1,10328
7976,0.1,,0.707,2,"10320,10328"
7978,0.8,,,1,10328
7979,0.1,,,1,10328
7983,0.2,,,1,10328
7991,0.8,,,1,10328
7998,0.2,,,1,10320
8002,0.5,,,1,10328
8033,0.4,,,1,10328
8042,0.2,,,1,10342
8044,0.4,,,1,10328
8046,0.3,,,1,10342
8055,0.8,,,1,10342
8057,0.2,,,1,10328
8067,0.4,,,1,10320
8075,0.5,,,1,10342
8080,0.4,,,1,10328
8090,0.5,,,1,10328
8098,0.1,,,1,10328
8115,0.3,,,1,10328
8116,0.5,,,1,10328
8122,0.2,,,1,10328
8124,0.6,,,1,10328
8127,0.3,,,1,10328
8138,0.4,,,1,10328
8146,0.3,,,1,10328
8155,0.2,,,1,10320
8162,0.3,,,1,10328
8163,0.1,,,1,10328
8187,0.5,,,1,10328
8189,0.15,,0.527,3,16
8190,0.3,,,1,10328
8196,15,,,1,23
8198,2.5,,,1,10353
8199,1,,,1,10320
8214,1,,0.404,2,10342
8219,0.2,,0,2,"263,10342"
8224,0.4,,,1,10328
8231,0.4,,,1,10320
8235,0.8,,,1,10328
8249,4,,,1,10353
8250,10,,,1,10320
8251,3,,,1,10353
8254,3,,0.157,3,10353
8256,3,,0,2,10353
8257,0.07,,,1,10320
8271,0.8,,,1,10328
8273,0.8,,0.328,3,"10320,10328,10342"
8274,0.9,,,1,10320
8279,2.5,,,1,10328
8284,1,,,1,10342
8294,3,,,1,10328
8298,2.5,,,1,10353
8326,0.4,,1.79,5,"16,10320,10342,10353,23"
8400,0.1,,,1,10328
8402,0.2,,,1,10328
8404,0.15,,,1,10320
8405,0.3,,,1,10320
8426,3,,,1,10342
8427,4,,,1,10353
8428,4,,0.471,2,10353
8438,3,,,1,10353
8439,2.5,,,1,10353
8441,4,,,1,10353
8444,4,,,1,10353
8445,2,,,1,10353
8455,3.5,,,1,10353
8457,2,,,1,10353
8458,3,,,1,10320
8471,0.2,,,1,10342
8487,0.06,,,1,10320
8488,0.04,,0,2,10320
8489,0.03,,0.462,4,"16,10320,23"
8490,0.09,,0.074,2,"10320,10328"
8496,14,,,1,10328
8505,0.1,,0.471,2,"10328,10342"
8525,1,,0.16,5,"16,10320,10342,10353,23"
8528,1.5,,,1,10353
8540,0.3,,,1,10320
8553,1.5,,,1,10353
8555,5,,,1,10353
8558,2.5,,,1,10353
8581,1.5,,,1,10353
8585,4,,,1,10353
8586,4,,,1,10353
8587,3,,,1,10353
8588,3,,,1,10353
8589,2.5,,,1,10353
8590,1,,,1,10353
8595,4,,,1,10353
8597,0.1,,,1,10328
8614,0.3,,,1,10328
8615,0.5,,,1,10328
8624,0.1,,,1,10328
8627,0.8,,,1,10328
8644,0.2,,,1,10328
8653,0.8,,,1,10328
8655,1,,0,2,"16,23"
8664,1,,0,2,"10320,10342"
8677,3,,,1,10320
8678,1,,,1,23
8680,2,,,1,10320
8683,3,,,1,10320
8695,0.3,,,1,10320
8696,0.2,,0.471,2,"10320,10342"
8698,0.2,,0.217,3,"10320,10333,23"
8700,0.3,,,1,10320
8704,0.1,,,1,10320
8722,1,,,1,10320
8723,4.5,,,1,10328
8738,1,,,1,10320
8740,2.5,,,1,10328
8749,5.5,,,1,10328
8752,0.2,,,1,10320
8756,4,,,1,10328
8764,0.5,,0.408,4,"16,10320,10328,10342"
8766,0.3,,,1,10342
8772,0.2,,0.606,2,"10320,10342"
8775,1,,0.161,5,"16,10320,10328,10353,23"
8780,0.1,,0.471,2,10320
8782,0.25,,,1,10320
8783,0.1,,,1,10320
8788,0.15,,0.346,3,"10320,10353"
8789,0.2,,,1,10353
8797,0.6,,0,2,10320
8798,0.07,,,1,10320
8803,0.02,,,1,10320
8807,0.5,,,1,10328
8809,0.05,,,1,10320
8818,2,,,1,16
8880,0.1,,0.283,2,"10342,10353"
8893,0.3,,,1,10320
8895,0.3,,0.315,3,"16,10320,10353"
8899,0.5,,,1,10353
8906,0.2,,0.471,2,"10320,10328"
8913,0.8,,,1,10328
8923,3,,,1,10320
8924,0.5,,,1,10320
8925,0.01,,,1,10353
8940,2.3,,0.783,2,"10353,23"
8960,1.5,,,1,10328
8964,2,,,1,10353
8968,0.15,,0,2,10342
8969,0.2,,,1,10342
8970,2,,,1,10353
8976,2,,0.124,3,"10320,10342,10353"
8989,2.5,,0.195,2,"10320,10328"
8991,0.5,,0.943,2,10320
9009,2,,0.471,2,"10320,10353"
9011,1,,,1,10342
9026,2,,,1,10353
9033,0.8,,,1,10320
9035,0.5,,,1,10320
9040,1,,,1,10320
9058,0.6,,,1,10353
9082,0.05,,,1,10320
9089,0.5,,0,2,10320
9097,0.4,,,1,10320
9099,1,,,1,10353
9111,0.4,,,1,10353
9120,2.5,,,1,10353
9159,5.5,,,1,16
9160,2,,,1,16
9161,1,,,1,16
9162,3,,0,2,16
9163,2.6,,0,2,16
9166,4,,,1,10342
9167,3,,,1,10328
9168,2.2,,,1,10320
9245,3,,,1,23
9254,2,,,1,10342
9258,2,,,1,10342
9264,3,,,1,10342
9266,2,,0,2,10342
9268,0.4,,,1,10342
9283,1,,1.061,2,"10342,10353"
9301,8,,,1,10328
9304,0.5,,,1,16
9311,1.3,,,1,16
9312,2,,,1,10328
9319,1,,,1,10342
9322,2,,,1,10353
9328,3,,,1,10328
9340,0.6,,,1,10353
9342,80,,,1,10353
9347,2,,,1,10353
9348,1.3,,,1,10328
9378,3,,,1,10320
9380,2,,,1,10353
9386,0.6,,,1,10328
9388,0.4,,,1,10328
9389,1,,,1,10328
9390,0.4,,,1,10328
9391,0.7,,,1,10328
9392,0.6,,,1,10328
9393,0.6,,,1,10328
9395,0.8,,,1,10328
9397,0.1,,,1,10328
9398,0.2,,,1,10328
9399,0.5,,,1,10328
9401,0.2,,,1,10328
9402,0.5,,,1,10328
9403,0.9,,,1,10328
9404,0.7,,,1,10328
9405,0.2,,,1,10328
9406,0.1,,,1,10328
9407,0.1,,,1,10328
9408,0.3,,,1,10328
9426,3,,0.354,2,10353
9428,0.1,,,1,23
9438,0.3,,0.25,3,"10320,10333,10342"
9445,0.2,,,1,10320
9454,0.6,,,1,10320
9458,0.3,,,1,10353
9463,1.5,,,1,10320
9467,12,,,1,10353
9522,1,,,1,10320
9529,2.5,,,1,23
9530,1,,,1,10320
9531,0.1,,,1,10320
9532,0.1,,,1,10320
9550,0.3,,,1,23
9553,0.3,,,1,10320
9575,1.8,,,1,10353
9576,6,,,1,10353
9591,0.3,,,1,10342
9596,1,,0.433,3,"10320,10333,10353"
9600,0.2,,,1,10353
9613,1.5,,,1,10353
9614,4,,,1,10353
9615,3,,,1,16
9616,2.5,,0.105,4,"16,10320,10353,23"
9617,4,,,1,10353
9623,3,,,1,10353
9624,5.5,,,1,10353
9625,3,,,1,10353
9626,5,,,1,10353
9627,1.5,,,1,10353
9628,1.6,,,1,10353
9631,3.5,,,1,10353
9633,2,,,1,10353
9636,2,,,1,10353
9637,2.5,,,1,10353
9641,2,,,1,10353
9644,1.5,,,1,10353
9645,1.5,,,1,10353
9646,2,,,1,10353
9647,4,,,1,16
9661,1.5,,0.353,4,10353
9664,5,,,1,10328
9674,2.5,,,1,10353
9678,1.5,,,1,10353
9686,15,,,1,10328
9689,1,,,1,10353
9697,3,,0.202,2,"16,10353"
9700,5.5,,,1,10353
9702,2,,,1,10320
9705,4,,,1,10353
9706,4,,,1,10353
9710,2,,,1,10353
9714,4,,,1,10353
9715,1.5,,,1,10320
9718,4,,,1,10353
9719,2,,,1,10353
9722,2,,,1,10353
9730,4,,,1,10353
9733,4,,0.471,2,10353
9734,4,,,1,10353
9744,0.5,,,1,10342
9751,2.3,,0.059,2,10342
9753,1.2,,,1,10328
9755,0.5,,,1,10342
9756,1.5,,,1,10342
9758,0.6,,,1,10342
9759,2,,,1,10328
9760,0.2,,,1,10342
9786,2,,0.707,2,"10320,10342"
9787,3,,0,2,10320
9801,5,,,1,10328
9809,0.5,,0.289,3,"16,10320,10342"
9812,0.1,,,1,10353
9813,5,,,1,10353
9822,6,,,1,10353
9824,6,,,1,10353
9827,5.4,,,1,23
9830,4,,,1,16
9836,0.8,,,1,10328
9855,2.2,,,1,10328
9858,1.5,,,1,10353
9859,3.5,,,1,10353
9895,8,,,1,10353
9901,2,,,1,10353
9902,2,,,1,10353
9906,0.3,,,1,10320
9907,3.5,,,1,10353
9910,1.2,,,1,10353
9911,1.5,,,1,10353
9912,1,,,1,10320
9915,0.5,,0.471,2,10353
9916,4,,,1,10353
9920,2.5,,,1,10353
9921,3.5,,,1,10353
9923,0.15,,,1,10320
9927,1.5,,,1,10353
9928,7.5,,,1,10328
9930,6,,,1,10328
9932,2,,0,2,10353
9934,1,,,1,10320
9935,3,,,1,10353
9943,1.5,,,1,10353
9945,3.5,,,1,10353
9951,2,,0,2,10353
9953,0.5,,1.07,5,"10328,10353"
9956,1,,,1,10353
9958,2,,0,2,10353
9970,0.5,,0,2,10353
9971,2.5,,,1,10353
9972,0.8,,1.582,4,"10328,10353"
9974,1,,,1,10353
9975,1.5,,0,2,10353
9976,12,,,1,10328
9985,1,,0,2,"16,23"
10001,0.5,,,1,23
10004,2,,0.247,3,16
10005,4,,,1,16
10006,2,,0,2,16
10007,1.5,,,1,16
10008,1.5,,,1,16
10009,1.5,,0.261,3,16
10010,2.5,,,1,16
10011,3.5,,,1,16
10012,2,,,1,16
10013,3.8,,,1,16
10014,1,,,1,16
10015,2.2,,,1,16
10016,2.5,,,1,16
10017,1.6,,0.304,3,16
10018,2,,,1,16
10019,1.5,,,1,16
10020,3,,0.109,2,16
10021,1.5,,,1,16
10022,2.5,,,1,16
10023,1.8,,0,2,16
10024,2.5,,,1,16
10025,2,,,1,16
10040,2,,0,2,10320
10060,8.5,,,1,10328
10067,6,,,1,10328
10068,3,,,1,10353
10069,1,,,1,10353
10123,1,,,1,10353
10124,0.4,,,1,10328
10140,1,,,1,10342
10144,0.9,,,1,10328
10167,3,,,1,10353
10175,0.5,,0,2,"16,23"
10204,3.5,,,1,16
10209,1,,,1,10342
10211,2,,,1,10353
10215,0.5,,,1,10353
10220,0.15,,,1,10353
10221,0.1,,,1,10353
10232,1,,,1,10320
10233,4,,,1,16
10408,0.5,,,1,10353
10409,2,,,1,10353
10447,2.5,,0.167,3,"10320,10342,23"
10456,1,,0.471,2,"10320,10342"
10469,3.5,,,1,10328
10483,0.5,,,1,10353
10498,0.8,,,1,10328
10499,0.6,,,1,10320
10514,0.1,,,1,10328
10519,0.2,,,1,10328
10522,5,,0.339,4,"16,10333,10342,23"
10529,1.5,,0.202,2,"10353,23"
10579,1.2,,,1,10353
10580,0.2,,,1,10353
10601,0.2,,,1,10320
10602,0.1,,,1,10320
10608,1.5,,0,2,"16,10342"
10613,0.5,,,1,10320
10614,0.8,,0.476,4,"16,10333,10342,23"
10615,0.5,,,1,10320
10629,4,,,1,10320
10687,0.1,,,1,10353
10691,0.5,,,1,10353
10698,3,,,1,10353
10705,1,,,1,16
10711,0.1,,,1,10320
10737,3,,,1,10353
10738,1.5,,,1,10342
10739,2,,,1,10320
10742,0.3,,0.601,3,"16,10320,10353"
10744,1.5,,0,2,"263,10342"
10746,0.2,,0,2,"263,10342"
10748,0.4,,,1,10320
10751,0.2,,,1,10320
10752,1,,,1,10342
10753,0.4,,0,2,"263,10342"
10755,0.5,,0.471,2,10342
10757,0.2,,,1,10320
10762,0.6,,,1,10353
10770,0.5,,,1,10320
10772,1.8,,,1,10328
10776,1,,0,2,10342
10780,0.5,,,1,10342
10827,0.1,,,1,10328
10829,1.4,,,1,10328
10830,0.8,,,1,10328
10831,0.2,,,1,10328
10832,1.5,,,1,10320
10836,0.5,,,1,10328
10839,0.5,,,1,10328
10841,0.2,,,1,10328
10850,2.7,,,1,23
10852,1.7,,,1,10328
10857,1,,,1,10320
10858,1.3,,,1,10320
10859,0.3,,,1,10320
10863,1.5,,,1,10320
10864,0.3,,,1,10328
10866,7,,,1,10328
10873,2,,,1,23
10874,0.17,,,1,10320
10875,0.2,,,1,10320
10879,0.5,,,1,10328
10881,0.2,,0,2,10320
10883,0.2,,,1,10328
10885,1,,,1,10320
10886,0.3,,,1,10328
10888,0.4,,,1,10328
10891,2.5,,,1,10320
10893,0.2,,,1,10320
10896,1,,,1,10320
10897,3,,,1,23
10898,0.9,,,1,10328
10900,0.6,,,1,10328
10901,3.5,,,1,10328
10902,1.7,,,1,10328
10903,1.1,,,1,10328
10907,1.5,,,1,10328
10913,3.7,,,1,10328
10916,0.5,,,1,10328
10919,0.6,,,1,10328
10947,1,,,1,10320
10975,2,,,1,10353
10981,4,,,1,10353
10993,4,,,1,10353
11017,2,,,1,23
11046,6,,0.157,3,"16,10353,23"
11059,3,,,1,10320
11062,5,,0.266,4,"16,10333,10353,23"
11063,12.5,,,1,10328
11067,1.5,,,1,10328
11068,3,,,1,10320
11070,1,,,1,10320
11080,0.5,,0.433,3,"16,10320,10353"
11085,0.05,,1.345,2,"16,10353"
11087,4.5,,,1,10328
11092,0.3,,,1,10328
11094,0.3,,,1,10328
11129,0.2,,,1,10328
11132,0.6,,,1,10328
11145,0.3,,,1,10320
11150,0.3,,,1,10342
11156,1,,0,2,10320
11162,0.6,,0,3,10320
11165,2.5,,,1,10328
11169,0.5,,0.849,2,"10328,10342"
11173,1,,,1,10320
11175,1.8,,,1,10320
11176,2,,,1,10328
11183,2,,,1,10320
11187,3.5,,,1,10328
11193,1,,,1,10320
11198,1.1,,,1,10320
11203,7,,,1,10353
11209,1.2,,,1,10353
11221,2.5,,,1,16
11222,0.5,,0.433,3,"16,10320,10342"
11223,0.8,,,1,10320
11226,3,,0.173,3,"16,10328,10342"
11228,2,,,1,10320
11229,2,,,1,10320
11230,1.5,,,1,10320
11234,1,,,1,10320
11236,1,,,1,10320
11245,5,,0.326,2,"16,10328"
11263,4,,,1,10353
11267,4,,,1,10353
11309,0.4,,,1,10353
11312,0.5,,,1,10353
11318,1,,0.346,3,10353
11324,0.5,,,1,10328
11327,0.8,,,1,10353
11328,0.5,,,1,10353
11329,1,,,1,10353
11330,1,,0,2,"10320,10353"
11331,1.5,,0.643,2,"10328,10353"
11332,1.5,,0,2,"10320,10353"
11336,0.4,,,1,10353
11353,0.2,,0.27,3,"10320,10328,10353"
11355,0.6,,,1,10353
11356,1.5,,0.202,2,10353
11360,0.7,,0.094,2,10353
11361,0.7,,,1,10353
11362,0.4,,,1,10353
11363,1.5,,,1,10353
11365,0.8,,0,2,"10320,10353"
11371,0.4,,0.283,2,"10320,10353"
11372,1.5,,,1,10353
11374,0.4,,,1,10353
11375,1.1,,,1,10328
11383,1.5,,,1,10353
11384,1,,,1,10353
11385,0.4,,,1,10320
11387,0.7,,0,2,"10320,10333"
11388,1,,,1,10320
11396,1,,1.131,2,"10328,10342"
11406,1.8,,,1,10353
11407,2.5,,,1,10342
11409,8,,,1,10342
11412,4,,,1,10342
11415,5,,,1,10342
11417,2,,,1,10342
11418,3,,,1,10342
11419,4,,,1,10342
11422,2,,,1,10342
11423,7.5,,,1,10342
11425,1.5,,,1,10342
11445,0.8,,,1,10320
11448,2,,,1,10328
11449,0.5,,,1,10320
11452,1,,0.866,3,"16,10353,23"
11462,1.5,,,1,10328
11464,0.15,,0,2,10320
11467,0.1,,0,2,10320
11471,0.1,,,1,10320
11479,1.5,,0,2,"10320,10342"
11483,1.8,,,1,10342
11484,0.05,,,1,10320
11488,1.5,,0,2,10320
11490,0.1,,0,2,10320
11492,1.5,,,1,10328
11493,0.2,,0,2,10320
11502,0.8,,0.157,2,"10320,10342"
11518,1,,,1,10353
11519,2,,0,2,10353
11524,1,,0,2,10353
11528,1,,0.247,3,10353
11588,0.5,,,1,10342
11590,0.5,,0.471,2,"16,10320"
11595,1,,0,2,10320
11612,1,,0.825,2,"10320,10328"
11616,0.5,,,1,10353
11619,6,,,1,10328
11627,0.1,,,1,16
11631,5,,,1,10320
11644,0.3,,0,2,"10320,10342"
11659,5,,,1,10328
11661,0.8,,0.157,2,"16,10320"
11686,3.5,,,1,10353
11708,4,,,1,23
11716,1,,0,2,10320
11722,1.5,,,1,16
11723,0.2,,,1,16
11724,0.2,,,1,10320
11731,0.5,,,1,10320
11733,0.6,,0.354,2,"16,10320"
11735,0.2,,,1,10320
11738,0.3,,0.173,3,"16,10320"
11741,0.5,,,1,16
11745,0.1,,0,2,10320
11746,0.7,,,1,16
11748,1,,0.433,3,10320
11749,0.2,,0,2,10320
11753,1,,0.174,5,"16,10320,10333,23"
11756,0.3,,,1,16
11758,0.4,,,1,23
11760,1,,0,2,"16,23"
11768,0.8,,0.541,3,"16,10320,23"
11773,0.8,,,1,10320
11802,2,,,1,10353
11803,3.5,,,1,10353
11805,2,,,1,10353
11814,2,,,1,10353
11830,2,,,1,10353
11835,1,,,1,10353
11838,1,,,1,10320
11842,2,,,1,10353
11843,3,,,1,10353
11859,3,,,1,10353
11905,3,,,1,10353
11934,0.1,,,1,10320
11964,3.5,,,1,10353
11965,2.5,,,1,10353
11966,2,,,1,10353
11967,5,,,1,10353
11970,2,,,1,10320
11975,2.5,,,1,10353
11981,1.5,,,1,10353
11986,2,,,1,10353
11989,3,,,1,16
11990,2.5,,,1,10353
11992,0.5,,,1,10320
12001,2,,,1,10320
12002,1.5,,,1,10353
12015,0.8,,,1,10353
12026,1,,,1,10320
12027,2,,,1,16
12112,4,,0,3,"10320,23"
12113,2,,0.283,2,"16,10320"
12116,2.7,,0.06,3,"10320,23"
12117,4,,,1,10320
12119,2,,,1,10320
12123,20,,,1,10328
12125,30,,,1,10328
12127,30,,,1,10328
12139,1,,,1,10320
12175,1,,0.471,2,10320
12180,2,,0,2,10320
12208,0.5,,0.582,2,"16,10320"
12211,0.15,,0.202,2,"16,10320"
12212,0.5,,,1,16
12233,0.5,,0,2,10320
12240,8,,,1,23
12261,0.5,,,1,10320
12287,0.05,,,1,10342
12293,10,,,1,16
12294,3,,,1,16
12295,1.5,,,1,16
12296,6,,,1,16
12297,7,,,1,16
12298,1,,,1,16
12299,5.5,,,1,16
12300,5.5,,,1,16
12301,3.5,,,1,16
12302,6,,,1,16
12303,9,,,1,16
12304,0.8,,,1,16
12305,3.7,,,1,16
12306,6,,,1,16
12307,7,,,1,16
12309,2.8,,,1,16
12310,5,,,1,16
12313,12,,,1,16
12314,10,,,1,16
12315,14,,,1,16
12316,1.4,,,1,16
12317,8,,0,2,16
12318,2.5,,,1,16
12319,2,,,1,16
12320,10,,,1,16
12322,1,,,1,16
12323,2.7,,,1,16
12325,1.2,,,1,16
12326,3,,,1,16
12329,0.3,,,1,16
12330,10,,,1,16
12332,4.5,,,1,16
12333,6.5,,,1,16
12335,2.5,,,1,16
12337,5.5,,,1,16
12339,5,,,1,16
12340,3,,,1,16
12345,8,,0,2,16
12346,3.5,,,1,16
12347,4,,,1,16
12348,1.5,,,1,16
12349,10,,,1,16
12350,7,,,1,16
12354,9,,,1,16
12355,1.2,,,1,16
12357,3,,,1,16
12359,7,,,1,16
12361,7,,,1,16
12362,6,,,1,16
12363,9,,,1,16
12364,1,,,1,16
12366,4,,,1,16
12367,10,,0,2,16
12368,11,,,1,16
12369,10,,,1,16
12370,3,,,1,16
12378,0.5,,0.495,3,"16,10320,23"
12510,0.6,,,1,23
12535,3,,,1,10353
12559,3,,,1,23
12632,0.05,,,1,10342
12635,0.2,,,1,10320
12636,3,,0.202,2,"10342,10353"
12643,0.3,,,1,10320
12647,1.5,,,1,10320
12656,0.5,,0.907,4,"10320,10328,10342"
12661,1.5,,,1,10320
12674,2,,,1,10320
12679,2,,,1,10320
12694,0.125,,,1,10320
12701,1.2,,,1,10342
12726,0.5,,0,2,10353
12733,1.5,,,1,10353
12749,2,,,1,10353
12750,25,,0.067,2,10328
12756,0.1,,0.348,4,"10320,10333,10342,23"
12765,1,,,1,16
12772,2.5,,,1,10320
12775,1,,,1,10353
12782,1,,,1,10328
12823,0.3,,,1,10342
12824,0.1,,,1,10342
12825,0.1,,,1,10320
12826,0.1,,,1,10320
12827,0.6,,,1,10342
12834,0.1,,,1,10320
12840,0.1,,,1,10342
12842,0.1,,0,2,"10320,23"
12844,0.7,,,1,10328
12846,0.3,,,1,10320
12854,0.5,,,1,16
12855,0.1,,0.471,2,"10320,10333"
12856,0.15,,,1,10320
12857,0.2,,0,2,"16,10320"
12874,0.2,,0.333,3,"10320,10333,10342"
12876,0.1,,0.667,3,"16,10320,10342"
12880,1.1,,,1,23
12886,0.09,,,1,10320
12887,0.2,,,1,10342
12892,0.05,,,1,16
12896,0.4,,,1,10328
12900,0.2,,0,2,"16,10320"
12902,0.3,,0.566,2,16
12908,0.05,,,1,10320
12909,0.8,,0,2,"16,23"
12917,0.2,,,1,10342
12918,1,,,1,10320
12924,0.6,,,1,23
12925,0.3,,,1,16
12926,0.15,,,1,10342
12929,0.3,,,1,23
12932,0.2,,,1,16
12934,0.6,,,1,10320
12936,0.4,,0,2,"16,23"
12944,0.8,,0,2,16
12946,0.3,,0,2,16
12952,0.4,,,1,10320
12960,0.1,,,1,10320
12964,0.1,,0.286,4,"10320,10342,23"
12965,0.1,,,1,10342
12966,0.7,,,1,16
12967,0.15,,,1,10320
12973,0.2,,,1,23
12990,0.25,,,1,16
12993,0.05,,0.849,2,"16,10320"
12996,0.2,,,1,10328
12998,0.7,,,1,16
13005,7,,,1,10353
13039,1.5,,,1,16
13040,2,,,1,16
13041,6.5,,,1,16
13043,11,,,1,16
13044,4,,,1,16
13045,22,,,1,16
13046,6,,,1,16
13048,1.3,,,1,23
13050,2.5,,,1,16
13051,5,,,1,16
13054,2.5,,,1,16
13056,3.6,,,1,16
13057,2.5,,,1,16
13058,1,,,1,16
13059,1.5,,,1,16
13060,5,,,1,16
13061,2.3,,,1,16
13062,3,,,1,16
13064,2.5,,,1,16
13066,10,,,1,23
13068,10,,,1,16
13070,2.1,,,1,16
13071,12,,,1,16
13072,5,,,1,16
13073,5,,,1,16
13074,2.5,,,1,16
13075,1.2,,,1,16
13078,1.8,,,1,16
13081,3.2,,,1,16
13082,5.7,,,1,16
13083,2.5,,,1,16
13085,3,,,1,16
13088,5.5,,,1,16
13091,5,,,1,23
13092,2,,,1,16
13093,12,,,1,16
13094,5,,0,5,23
13095,8,,,1,16
13098,0.9,,0.873,2,16
13100,2.6,,,1,16
13101,9,,,1,16
13102,1.8,,,1,16
13103,0.7,,,1,16
13104,6,,,1,16
13105,3,,,1,16
13109,3,,,1,23
13110,1.8,,,1,16
13113,3.2,,,1,16
13114,2,,,1,16
13115,4,,,1,16
13117,3,,,1,16
13118,5,,,1,23
13120,6.5,,,1,23
13121,5,,,1,16
13124,6,,,1,23
13128,3.5,,,1,16
13130,3,,,1,16
13131,1.5,,,1,16
13132,14,,,1,16
13151,8,,,1,10342
13167,50,,,1,23
13175,1.4,,,1,10320
13191,0.4,,,1,10342
13192,0.7,,,1,10342
13199,0.1,,0.677,4,"16,10320,10342"
13203,0.3,,,1,10328
13204,0.1,,,1,10328
13209,0.3,,,1,10328
13225,0.1,,0.495,3,10342
13226,0.25,,,1,23
13386,1.5,,,1,10320
13395,0.2,,,1,10320
13396,0.2,,,1,10320
13406,0.2,,,1,10328
13412,0.5,,,1,10353
13413,2,,,1,10353
13414,0.6,,,1,10353
13416,0.3,,,1,10342
13419,1.8,,,1,10353
13420,2,,,1,10328
13426,4,,,1,10353
13430,3,,,1,10353
13431,3,,,1,10353
13432,2.5,,,1,10353
13462,3.5,,,1,10353
13467,10,,,1,10328
13468,1.3,,0.559,2,"10320,10342"
13470,3,,0.668,3,"10320,10353,23"
13472,1.5,,0.761,2,"10320,10342"
13474,4,,,1,10320
13485,1.5,,,1,16
13487,10,,,1,10342
13507,0.15,,,1,10320
13509,0.1,,,1,10320
13511,0.5,,,1,10320
13512,0,,,1,10320
13514,0.05,,0.849,2,10320
13517,1,,,1,10353
13518,4,,,1,10353
13519,2.5,,,1,23
13524,1,,,1,10353
13526,2,,,1,10353
13537,1.5,,,1,10320
13542,1.5,,,1,10353
13543,5,,,1,10353
13551,4,,0.283,2,"10320,10328"
13561,3,,,1,16
13562,3.4,,,1,16
13563,4.8,,,1,16
13564,3.2,,,1,16
13565,2,,,1,16
13566,3.4,,,1,16
13567,3.5,,,1,16
13568,2,,,1,16
13569,3.5,,,1,16
13570,4.8,,,1,16
13571,2.4,,,1,16
13573,0.2,,0,3,"16,10320,23"
13592,0.6,,,1,10342
13602,11,,,1,10342
13607,1.5,,,1,10320
13636,0.3,,,1,10328
13651,2,,,1,10320
13662,1,,,1,10320
13671,0.8,,,1,10320
13726,0.2,,,1,10320
13731,0.3,,,1,10320
13752,8,,,1,10353
13756,5,,,1,10353
13778,2,,,1,10353
13779,1.5,,,1,10353
13783,3,,,1,10353
13785,1,,,1,10353
13814,1,,,1,10320
13816,0.6,,,1,10320
13926,7,,,1,16
13930,2.2,,,1,23
13955,0.4,,,1,10328
13956,0.1,,,1,10328
13970,0.1,,,1,10328
13980,0.05,,,1,10342
13981,2,,,1,10328
13989,0.1,,,1,10320
13998,1,,,1,16
14014,1.5,,0,2,"16,23"
14015,1,,0.849,2,"16,10320"
14029,0.8,,,1,10320
14040,1.5,,,1,16
14042,1,,0.283,2,"16,10320"
14043,0.5,,,1,10320
14050,2,,,1,10353
14051,2,,,1,10353
14053,1.5,,,1,10320
14063,0.2,,,1,10328
14079,0.4,,,1,10320
14080,0.3,,,1,10320
14083,1,,,1,10353
14085,1,,,1,10320
14088,0.2,,,1,10320
14091,0.4,,,1,10320
14093,2,,,1,16
14096,1.4,,,1,10320
14097,0.15,,0.471,2,"16,10320"
14100,1.5,,,1,10328
14103,0.2,,,1,10353
14104,0.2,,,1,10353
14106,0.2,,,1,10328
14112,1,,,1,10353
14115,0.2,,,1,10353
14121,0.3,,,1,10328
14122,0.1,,,1,10353
14127,0.2,,0.283,2,10353
14157,1,,,1,10328
14160,0.2,,,1,10320
14162,0.1,,,1,10342
14163,0.2,,0,2,10320
14167,2,,,1,10353
14168,3,,,1,10353
14171,0.2,,0.247,3,"10320,10328,10333"
14172,0.2,,,1,10328
14173,0.2,,,1,10328
14174,0.1,,0.247,3,"10320,10333"
14176,0.2,,,1,10328
14181,0.6,,,1,10328
14183,1,,,1,10342
14186,2,,,1,10328
14188,0.1,,,1,10320
14189,0.1,,,1,10320
14193,5,,,1,10320
14194,1.2,,0,2,10320
14198,0.8,,,1,10353
14199,1,,0.471,2,"10320,10353"
14213,1.5,,,1,10353
14239,0.3,,0,3,"16,10320,23"
14276,8,,,1,23
14285,0.4,,,1,10320
14288,4,,,1,10320
14295,3,,,1,10342
14298,0.2,,,1,10320
14301,0.15,,,1,10320
14304,0.3,,0,3,"10333,10342,23"
14308,0.1,,,1,10320
14324,0.3,,0.202,2,"10320,10328"
14328,0.2,,,1,10320
14334,0.2,,,1,10342
14337,0.2,,,1,10320
14340,0.2,,,1,23
14343,0.4,,,1,10342
14346,0.3,,0.315,3,"10328,10333,23"
14350,0.2,,,1,10320
14351,0.3,,,1,10320
14353,0.2,,,1,10320
14359,7,,,1,10353
14362,10,,,1,10353
14367,7,,,1,10353
14368,0.03,,,1,10320
14405,3,,,1,23
14410,3,,0,2,"16,23"
14430,4,,,1,23
14432,2,,0,2,"16,23"
14450,2,,,1,10320
14479,1.5,,,1,10320
14482,2,,,1,10320
14489,4,,,1,16
14494,4.5,,,1,10353
14504,4,,,1,10328
14534,1.5,,,1,16
14575,0.5,,,1,10320
14622,50,,,1,23
14692,2.8,,,1,10353
14699,4,,,1,10320
14705,3.5,,,1,10353
14730,1,,0.606,2,"10328,10342"
14733,2.5,,0.129,2,"10328,10342"
14744,1.5,,,1,10320
14776,0.4,,,1,10328
14777,1.5,,,1,10353
14784,0.7,,,1,10353
14805,3,,,1,10353
14815,0.5,,,1,10328
14817,0.4,,0.133,3,"10320,10328"
14819,2.3,,,1,10353
14820,1.2,,,1,10353
14821,1,,,1,10353
14824,1.5,,,1,10353
14825,1.5,,,1,10353
14857,0.1,,,1,10320
14862,0.1,,,1,10320
14864,0.3,,,1,10320
14868,0.3,,,1,10320
14871,0.3,,,1,10320
14883,0.08,,,1,10320
14885,1,,,1,10320
14886,0.1,,1.157,2,"10320,23"
14890,0.4,,0.606,2,"16,10320"
14892,2,,,1,10328
14918,4.5,,,1,10353
14978,1,,,1,10320
15019,1.5,,,1,10353
15022,1.7,,,1,16
15025,1.5,,,1,10353
15028,2,,,1,10353
15034,1.2,,,1,16
15036,0.5,,,1,16
15041,1.4,,,1,16
15048,0.9,,,1,16
15061,0.1,,,1,10328
15063,0.2,,,1,10328
15096,0.4,,,1,10328
15102,0.2,,,1,10328
15106,30,,,1,10328
15114,3,,,1,10342
15124,0.1,,0.471,2,"10320,10328"
15126,0.3,,,1,16
15127,0.8,,,1,10328
15128,0.4,,,1,10320
15131,0.5,,,1,10320
15134,0.8,,,1,10320
15136,0.1,,,1,10353
15140,0.2,,,1,10353
15141,0.3,,,1,10328
15142,0.1,,,1,10320
15143,0.5,,,1,10353
15144,0.2,,0.471,2,"10320,10353"
15145,0.5,,,1,10328
15148,3,,,1,10342
15153,0.5,,0.247,3,"16,10320"
15160,0.5,,,1,10353
15166,1,,,1,10353
15168,0.5,,,1,10320
15181,12,,,1,10320
15255,30,,,1,23
15333,2,,,1,10353
15336,2,,,1,10353
15337,2.5,,,1,10353
15339,1,,,1,10320
15345,2,,,1,10353
15348,3,,,1,10353
15350,3,,,1,10353
15355,3.5,,,1,10353
15360,1.5,,,1,10353
15362,2.5,,,1,10353
15370,0.8,,,1,16
15371,0.2,,,1,16
15372,0.1,,0,2,16
15374,0.3,,,1,16
15375,0.8,,0,2,16
15377,1,,0,3,16
15379,2.5,,,1,16
15380,1,,0,4,16
15381,0.2,,,1,16
15382,0.4,,,1,16
15383,0.9,,,1,16
15384,0.8,,,1,16
15385,1.2,,,1,16
15386,0.7,,0,3,16
15387,1,,,1,16
15388,1,,,1,16
15389,0.4,,,1,16
15390,0.08,,0.606,2,16
15391,0.5,,,1,16
15393,0.3,,,1,16
15395,1,,,1,10320
15433,1.5,,,1,10320
15617,2,,0,2,10320
15627,0.2,,,1,16
15635,0.7,,,1,10328
15640,0.6,,,1,10328
15643,0.5,,,1,10328
15649,3.5,,0.372,2,"10320,10342"
15654,2.3,,,1,10328
15669,0.5,,0.433,3,"10320,10328,10342"
15670,0.9,,,1,10328
15672,0.3,,,1,10320
15677,2,,,1,10320
15680,0.7,,,1,10328
15692,0.2,,,1,10320
15697,3,,0.354,2,"10320,10353"
15710,5,,,1,263
15711,0.3,,,1,10342
15716,0.7,,0.25,2,"263,10342"
15717,2,,,1,10342
15720,2,,0,2,"263,10342"
15723,1.5,,0,3,"263,10342"
15724,1.5,,0,2,"263,10342"
15725,3,,,1,10342
15726,1,,0,2,"263,10342"
15729,1,,,1,10320
15730,0.5,,,1,10342
15732,0.7,,0.25,2,"263,10342"
15734,10,,,1,10328
15738,4,,0,2,"263,10342"
15741,2,,0,2,"263,10342"
15742,0.6,,,1,10342
15743,0.7,,,1,10342
15745,0.3,,0.354,2,"263,10342"
15747,5,,,1,10328
15750,0.4,,0.128,4,"16,10320,10353,23"
15760,2.5,,0,2,10320
15761,2,,,1,10353
15766,2,,,1,10353
15769,3.5,,,1,10353
15771,1,,,1,10353
15773,4,,,1,10353
15778,0.2,,,1,10320
15780,0.6,,0.283,2,10328
15782,0.2,,,1,10320
15784,0.1,,1.157,2,"10320,10342"
15790,0.4,,,1,10320
15824,1,,,1,16
15835,3.5,,,1,16
15863,2,,,1,10328
15878,1,,,1,10320
15888,1,,,1,10320
15987,4,,,1,23
16043,3,,,1,23
16057,0.3,,,1,10353
16058,0.9,,,1,10353
16059,2.8,,,1,10353
16061,2.2,,,1,10353
16064,3.5,,,1,10353
16069,2,,,1,10353
16070,2.2,,,1,10353
16071,3,,,1,10353
16072,1.2,,,1,10353
16073,0.6,,,1,10353
16076,1.1,,0.307,4,10353
16077,0.4,,,1,10353
16080,1,,,1,10353
16081,6,,,1,10353
16090,0.7,,,1,10353
16117,0.1,,,1,10320
16130,0.1,,,1,10320
16132,0.1,,0.707,2,10320
16184,0.4,,,1,10320
16187,0.1,,,1,10320
16199,2,,0.577,3,"16,10320,23"
16202,2,,,1,10353
16203,3,,,1,10353
16209,0.3,,0.173,3,"10320,10333,23"
16211,0.2,,,1,10320
16225,2.5,,,1,10353
16229,0.1,,,1,10342
16260,0.5,,0.236,2,"10328,10342"
16267,0.2,,,1,10328
16286,3.5,,,1,10353
16290,1,,,1,10353
16294,0.6,,,1,10353
16296,2.5,,,1,10353
16299,2,,0,3,10353
16300,4,,,1,10328
16304,1,,0.471,2,"16,10353"
16305,3,,,1,23
16306,1,,,1,10353
16307,0.8,,,1,10320
16319,2,,,1,16
16352,4.5,,,1,10353
16354,3,,,1,10353
16362,1,,,1,10320
16367,4,,,1,10353
16378,2,,,1,10353
16381,0.1,,,1,10342
16382,0.1,,,1,10320
16390,1,,,1,16
16403,0.05,,,1,10320
16411,0.5,,,1,10328
16413,0.4,,0.283,2,"10320,10353"
16416,5,,,1,10353
16432,0.4,,,1,10320
16433,0.06,,,1,10320
16443,0.07,,,1,10320
16444,0.44,,,1,10320
16450,0.2,,,1,10353
16518,4.5,,,1,10353
16521,0.8,,,1,10328
16524,0.5,,,1,10342
16531,0.6,,,1,10328
16533,1.5,,,1,10328
16535,0.5,,0.812,3,"16,10320,10342"
16540,0.2,,,1,10320
16550,0.2,,,1,10320
16552,0.3,,0.761,2,"10320,10342"
16553,0.2,,,1,10320
16556,0.9,,,1,10328
16557,0.4,,,1,10328
16565,1,,,1,10328
16566,0.3,,,1,10328
16567,0.2,,,1,10328
16568,2.5,,,1,10328
16570,0.5,,,1,10328
16573,0.5,,,1,10320
16574,0.3,,,1,10342
16575,0.5,,,1,10342
16578,0.3,,,1,10328
16583,1.5,,,1,10328
16589,1.2,,,1,10328
16590,0.3,,,1,10320
16592,0.2,,,1,10320
16614,5,,,1,10353
16624,2,,,1,10353
16655,0.2,,,1,10342
16657,0.1,,0.707,2,"10328,10333"
16658,0.4,,,1,10328
16664,0.1,,,1,10328
16684,0.6,,,1,10328
16686,0.2,,,1,10320
16697,0.3,,,1,10328
16702,0.1,,,1,10328
16723,0.25,,,1,10342
16726,4,,,1,10353
16732,0.5,,0.471,2,"16,10328"
16735,2,,0.933,3,"16,10320,10328"
16741,0.35,,,1,10320
16742,0.3,,,1,10320
16743,0.1,,0.655,3,10320
16769,0.5,,,1,10342
16775,0.5,,,1,10328
16796,0.3,,,1,10353
16798,1.4,,,1,10328
16801,0.3,,,1,16
16803,0.15,,0.46,4,"10320,10333,10342,10353"
16806,1,,0.129,2,"263,10342"
16807,0.1,,0.874,7,"16,10320,10342,10353"
16817,0.1,,0.928,3,"10320,10328,10342"
16820,0.4,,,1,10353
16829,0.1,,0,2,"16,10320"
16833,0.2,,,1,10353
16851,0.5,,0.433,3,"10320,10342,10353"
16893,0.15,,,1,10320
16914,0.1,,,1,10320
16962,2,,,1,10353
16983,0.8,,0.606,2,"10320,10342"
16984,1,,,1,10320
16987,1,,,1,10320
16990,1,,,1,10320
16991,1,,,1,10320
16995,2.5,,,1,10328
16998,2,,,1,10320
17002,0.8,,,1,10342
17015,4.5,,,1,10353
17018,6,,,1,10353
17019,3,,,1,10353
17023,2,,,1,10353
17024,2.5,,,1,10353
17025,4,,,1,10353
17026,2.5,,,1,10353
17044,2,,,1,10320
17045,2.5,,,1,10353
17056,2,,0.034,2,"263,10342"
17060,0.3,,,1,10353
17072,0.4,,,1,10353
17073,0.3,,0.446,3,"263,10342"
17077,2,,,1,10328
17085,2,,,1,10320
17102,6,,,1,16
17109,3,,,1,23
17111,4,,,1,10320
17118,2.5,,,1,10353
17119,4,,,1,10353
17167,0.8,,,1,10320
17169,3,,,1,10328
17170,0.1,,1.429,3,"16,10320,10342"
17180,0.6,,0.606,2,"10320,10353"
17190,2,,,1,10353
17191,1.7,,,1,16
17194,0.5,,,1,16
17200,2.5,,0.326,2,"16,10353"
17202,1.5,,,1,16
17204,0.7,,0.442,7,"16,10342,10353"
17205,1.5,,,1,16
17206,2,,,1,16
17210,1,,,1,16
17212,1,,0,2,"16,10353"
17213,1.2,,,1,10320
17214,1.5,,,1,10320
17215,1.7,,,1,16
17216,6,,,1,16
17217,1.5,,,1,10320
17223,0.6,,0.354,2,"10320,10353"
17225,2.8,,,1,10328
17228,1.2,,0.172,3,"16,10342"
17229,3,,,1,10342
17230,1.3,,,1,16
17232,2,,0.283,2,"10328,10353"
17234,1.8,,,1,10328
17239,1,,0,2,10320
17240,1.4,,,1,10328
17241,1.5,,,1,16
17243,1.5,,0.354,2,"16,10353"
17251,4.8,,,1,10328
17253,0.8,,,1,10320
17255,2.8,,,1,10328
17258,1.2,,0.256,4,"16,10320,10353"
17263,1.6,,0.31,2,"16,10328"
17267,0.4,,,1,10328
17271,0.7,,0.094,2,10320
17272,1.2,,,1,16
17273,4,,,1,10328
17276,1.8,,0.074,2,"16,10320"
17279,2.7,,0.354,2,"16,10328"
17281,1,,,1,10320
17282,1,,0.199,3,"16,10342,10353"
17284,1.5,,0.202,2,"16,10353"
17285,1.2,,,1,16
17292,1.4,,,1,10328
17293,1,,0.283,2,"16,10353"
17299,0.8,,0.157,2,"16,10342"
17306,0.8,,,1,10328
17308,0.3,,,1,10328
17309,0.5,,,1,10328
17310,0.2,,0.807,4,"10320,10328,10353"
17311,0.2,,0.471,2,"10320,10353"
17312,0.7,,,1,10328
17313,0.2,,,1,10320
17315,0.2,,,1,10328
17316,0.5,,,1,10328
17318,0.3,,,1,10320
17319,0.4,,0.386,2,"10320,10328"
17320,0.5,,,1,10320
17473,1,,,1,16
17563,2,,0,2,"16,23"
17615,1.5,,0.261,3,"16,10353,23"
17655,4,,,1,10353
17656,1,,,1,10353
17659,2,,,1,10353
17660,1,,,1,10353
17662,1.5,,,1,10353
17663,2,,,1,10353
17664,2,,,1,10353
17665,0.6,,,1,10353
17666,2,,,1,10353
17669,2,,,1,10353
17671,2,,0.386,2,10353
17674,3,,,1,10353
17675,3,,,1,10353
17676,2,,,1,10353
17677,2.5,,,1,10353
17679,2,,,1,10353
17680,3,,,1,10353
17683,2,,,1,10353
17684,3,,,1,10353
17692,2,,,1,10353
17698,0.5,,0,3,"10320,10353"
17709,2.5,,,1,10353
17721,0.2,,,1,16
17727,1,,,1,10353
17731,1,,,1,16
17733,0.4,,,1,10353
17734,0.5,,,1,16
17739,0.5,,,1,10342
17744,0.2,,,1,10353
17760,0.5,,0,8,16
17764,0.3,,,1,10342
17767,1,,,1,16
17781,0.5,,,1,16
17784,0.5,,,1,16
17787,2.5,,,1,10353
17788,0.15,,,1,10320
17796,0.4,,,1,10353
17798,0.1,,,1,10342
17799,0.2,,,1,10320
17807,0.6,,,1,10353
17812,0.2,,,1,16
17817,4,,,1,16
17818,1.2,,,1,10353
17820,1,,,1,16
17825,0.2,,0.606,2,"10342,10353"
17828,1.8,,,1,16
17830,0.1,,0.792,6,"16,10342,10353,23"
17831,0.2,,,1,10353
17833,0.6,,,1,10342
17834,0.3,,0.272,3,"16,10333,10353"
17835,0.2,,0.283,2,"10342,10353"
17837,0.4,,0.433,3,"16,10342,10353"
17838,0.3,,0.173,3,"16,10320,10353"
17845,0.3,,,1,10353
17848,0.8,,,1,16
17855,0.3,,0.354,2,"10320,10342"
17866,0.1,,0.286,4,"16,10320,10342,10353"
17868,0.2,,,1,10353
17871,1,,,1,10320
17881,0.8,,,1,10353
17886,0.7,,,1,16
17892,1.3,,,1,10353
17895,0.6,,,1,10342
17898,1,,,1,10320
17900,0.4,,,1,16
17907,0.2,,0,2,"10320,10342"
17913,0.2,,0.566,5,"16,10333,10342,10353"
17920,0.6,,,1,10342
17927,0.1,,0.619,4,"16,10320,10342,10353"
17928,0.5,,,1,10320
17929,1,,,1,10342
17930,4,,,1,10353
17938,1.5,,,1,16
17940,2,,,1,16
17946,0.2,,,1,10342
17949,0.15,,1.138,3,"10333,10342,10353"
17950,0.3,,,1,10342
17953,0.5,,,1,10353
17954,0.3,,,1,16
17957,0.5,,,1,16
17967,0.15,,,1,10353
17969,0.2,,,1,10320
17971,0.2,,0,2,"10320,10342"
17972,0.15,,0.202,2,"16,10353"
17973,0.07,,,1,10353
17974,2.5,,,1,10353
17996,0.8,,,1,10328
18028,0.3,,,1,10328
18036,0.3,,,1,10328
18041,0.1,,,1,10320
18055,0.4,,,1,10328
18070,1.5,,0,2,10320
18118,1,,,1,10353
18123,0.05,,0.346,3,10320
18126,1,,,1,10320
18138,0.3,,,1,10320
18155,0.2,,0.513,5,"10320,10353"
18184,0.8,,0.606,2,10353
18185,2,,0.283,2,"10320,10353"
18187,1.2,,,1,10353
18189,2.5,,,1,10353
18198,2,,,1,10320
18213,1.5,,0.433,3,10353
18248,0.1,,,1,10320
18267,2,,,1,10353
18268,1.5,,,1,10353
18271,3.3,,,1,23
18289,3,,,1,10353
18290,1.5,,0.202,2,"10328,10353"
18292,1.3,,0.461,4,"10320,10328,10342,10353"
18293,1.5,,,1,10353
18294,1.5,,,1,10353
18303,11,,0,2,"10342,10353"
18312,0.8,,,1,10353
18314,3,,,1,10353
18315,37.5,,,1,10328
18317,15,,,1,10353
18337,0.6,,,1,10342
18347,0.1,,,1,10328
18363,0.1,,,1,10328
18365,0.1,,,1,10328
18370,0.1,,,1,10328
18385,0.1,,,1,10328
18386,0.1,,,1,10328
18390,0.1,,,1,10328
18402,0.1,,,1,10342
18409,0.1,,,1,10328
18421,1,,,1,10353
18424,8,,,1,10353
18427,5,,,1,10353
18433,5,,0.129,2,10353
18440,4,,,1,10353
18441,2,,0,2,10353
18448,10,,,1,10353
18450,7,,,1,10353
18452,3,,,1,10353
18455,1.5,,,1,10353
18460,2,,,1,10320
18467,5,,,1,10353
18473,5,,,1,10353
18476,7,,,1,10353
18481,4,,,1,10353
18487,3,,,1,10353
18488,3,,,1,10353
18489,1.5,,,1,10353
18494,2,,,1,10353
18496,3.5,,,1,10353
18497,2.5,,,1,10353
18498,2,,,1,10353
18499,2.5,,,1,10353
18500,3,,,1,10353
18503,5,,,1,10353
18510,8,,,1,10353
18512,2,,,1,10353
18520,15,,,1,10342
18521,4,,,1,10353
18522,7,,0,2,10320
18528,3,,0,3,"16,10342,10353"
18535,2,,,1,10353
18540,1.5,,0,2,10320
18548,3,,,1,10353
18552,2.5,,,1,10353
18556,2.8,,,1,23
18558,2.5,,0.129,2,10353
18559,4,,,1,10353
18560,2,,0.283,2,"10342,10353"
18561,2,,,1,10353
18563,3.5,,,1,10353
18566,8,,,1,10353
18568,3,,0.354,2,"10320,10342"
18570,10,,,1,10353
18572,6,,,1,10353
18573,5,,,1,10353
18574,1,,0.426,4,10353
18575,3,,,1,10353
18578,10,,,1,10353
18585,3,,,1,10353
18588,2.5,,,1,10353
18590,2,,,1,10320
18596,1.5,,,1,10353
18597,2.5,,,1,10353
18598,5.4,,,1,10353
18600,2.5,,,1,10353
18602,0.4,,,1,10353
18604,1.5,,,1,10353
18605,2,,,1,10353
18611,2.5,,,1,10320
18618,0.1,,0.283,2,"10342,10353"
18630,0.1,,,1,10342
18638,0.4,,0,2,"10328,10353"
18645,3,,,1,10328
18648,0.03,,0.202,2,"16,10320"
18651,0.05,,,1,10320
18654,0.05,,,1,10320
18656,0.1,,0,2,16
18657,0.15,,,1,10320
18662,0.15,,,1,10320
18667,0.05,,,1,16
18679,0.03,,,1,10320
18688,0.05,,,1,16
18697,0.1,,,1,10320
18699,0.02,,,1,10320
18710,2,,,1,10353
18711,1.8,,,1,10353
18713,1.2,,,1,10353
18715,5,,,1,10353
18717,2,,,1,10353
18718,2,,,1,10353
18719,2,,,1,10353
18721,3.2,,0.239,2,10353
18722,3.2,,,1,10353
18723,1.9,,,1,10353
18724,1,,,1,10353
18730,5,,,1,16
18742,0.5,,,1,10353
18747,0.4,,0.606,2,"16,10320"
18753,4,,0,2,"16,23"
18766,2.5,,,1,10353
18767,1,,,1,10353
18768,2,,,1,16
18770,1,,,1,10353
18771,1,,,1,10353
18786,2,,,1,10353
18794,0.15,,,1,10342
18805,1.5,,,1,10353
18816,0.8,,,1,10353
18819,0.6,,,1,10353
18823,2.5,,,1,10353
18826,2,,0.157,2,10353
18828,2,,,1,10353
18829,10,,,1,10328
18831,0.05,,,1,10342
18839,0.05,,0.471,2,"10342,10353"
18840,0.09,,,1,16
18846,2,,,1,10353
18847,2,,,1,10328
18848,3,,,1,10353
18849,1,,,1,10353
18850,2,,,1,10353
18852,4,,,1,10328
18854,2,,,1,16
18857,0.3,,,1,10320
18858,0.9,,,1,10328
18860,1,,0,2,"16,23"
18862,2,,,1,10328
18872,3,,,1,23
18874,2,,,1,10353
18911,3.7,,,1,10353
18924,3,,0,2,"16,10342"
18925,0.7,,,1,10342
18928,3,,,1,10328
18930,0.8,,0.157,2,"16,10320"
18931,2,,,1,16
18932,2.2,,,1,10328
18934,1,,,1,10328
18961,6,,,1,10328
18964,0.3,,,1,10320
18966,4,,,1,10328
18973,4,,,1,10328
18975,4,,,1,10328
18987,7,,0.345,4,"16,10320,10342,23"
18989,15,,,1,10328
19008,0.3,,,1,10353
19017,0.1,,,1,10353
19026,0.2,,0.707,2,"16,10320"
19030,0.2,,,1,10320
19035,0.3,,0.471,2,"16,10328"
19038,0.6,,,1,23
19041,0.1,,,1,10320
19045,0.25,,,1,10320
19048,1.5,,,1,10328
19054,1,,,1,16
19057,1,,,1,10353
19058,0.4,,0.577,3,"16,10353,23"
19062,0.5,,,1,10328
19108,0.3,,,1,10320
19133,1,,,1,10328
19136,3.5,,,1,10328
19137,0.5,,0.401,3,"16,10320,10353"
19138,1.5,,,1,16
19146,0.2,,0.283,2,"10320,10342"
19147,0.15,,,1,10320
19150,0.1,,,1,10320
19160,0.15,,,1,10320
19165,0.1,,,1,10328
19167,0.1,,,1,10328
19171,0.2,,,1,10342
19178,0.08,,,1,10320
19189,0.1,,,1,10320
19197,0.3,,,1,10328
19200,0.05,,,1,10342
19206,0.1,,,1,10320
19207,0.05,,,1,10342
19212,0.2,,,1,10328
19218,0.6,,,1,10342
19220,0.03,,,1,10342
19222,0.1,,0,2,"10320,10342"
19228,0.1,,0,2,"10320,10342"
19231,0.2,,,1,10328
19233,0.1,,,1,10328
19234,0.05,,,1,10342
19236,0.2,,,1,10328
19248,1,,,1,10328
19282,4,,,1,10353
19289,3,,,1,10353
19295,2,,,1,10353
19296,1.5,,,1,10353
19317,3,,,1,10353
19322,6,,,1,10353
19346,3,,,1,23
19352,1,,,1,10353
19365,3,,,1,10353
19366,2,,,1,10353
19369,0.1,,0,2,"10333,10342"
19393,0.1,,,1,10342
19395,0.8,,,1,10328
19396,0.3,,,1,10353
19398,0.6,,,1,10328
19399,0.5,,,1,10328
19401,2,,,1,10353
19406,0.4,,,1,10328
19407,0.4,,,1,10328
19408,0.3,,,1,10328
19411,3,,,1,10328
19416,1.3,,,1,10328
19418,0.4,,,1,10353
19434,0.8,,,1,10328
19435,0.5,,,1,10320
19445,1,,,1,10320
19461,0.2,,,1,10320
19464,0.9,,,1,10320
19475,3.4,,,1,23
19481,2,,,1,10320
19484,3,,,1,10328
19509,0.05,,0.471,2,"10320,10328"
19515,0.2,,0.786,2,"10320,10328"
19522,0.15,,0.635,4,"10320,10328,10342"
19525,1.5,,,1,10328
19531,2.5,,,1,10342
19544,0.25,,,1,10353
19547,0.2,,0.283,2,10353
19548,0.15,,0.202,2,10353
19549,0.25,,,1,10353
19551,0.1,,0,2,10353
19556,0.3,,,1,10353
19557,0.13,,0.101,2,10353
19558,0.17,,,1,10353
19560,0.4,,,1,10353
19562,0.15,,,1,10353
19563,0.3,,0.202,2,10353
19565,0.3,,,1,10353
19573,0.7,,,1,10328
19580,1.5,,,1,10328
19581,0.4,,,1,10320
19590,0.6,,0.354,2,10328
19594,0.2,,,1,10328
19598,1,,,1,10328
19601,0.5,,,1,10320
19610,0.3,,,1,10328
19613,0.2,,,1,10353
19634,2.5,,,1,16
19637,1.5,,,1,10320
19641,0.7,,0,4,16
19642,0.15,,1.157,2,"16,10342"
19646,0.8,,,1,16
19648,0.9,,,1,16
19650,2,,0.283,2,"16,10320"
19653,0.4,,,1,16
19657,30,,,1,10328
19660,0.1,,0.648,4,"16,10320,10342"
19661,1.5,,,1,16
19667,1.5,,0,2,"10320,10328"
19668,12,,,1,10328
19670,3,,0,3,"10320,10342"
19671,1,,0.707,2,"16,10328"
19673,1.5,,0.625,3,"16,10320,10328"
19675,3,,,1,10342
19678,1.5,,,1,10320
19681,1.5,,0,2,10320
19690,9,,,1,10328
19694,5,,,1,10353
19698,3,,,1,10342
19754,2,,0,2,"263,10342"
19757,5,,,1,10353
19767,3,,,1,10353
19773,1.4,,,1,10320
19793,2,,,1,10328
19796,1.4,,0.993,2,"10320,10328"
19819,0.4,,,1,10353
19823,0.6,,,1,10320
19825,1,,0.707,2,"10320,10328"
19832,0.5,,,1,10320
19840,1.5,,,1,10342
19841,8,,,1,10328
19842,1,,,1,10320
19852,0.5,,,1,10320
19853,0.8,,,1,10353
19859,0.3,,,1,10328
19862,0.4,,,1,10328
19867,0.5,,,1,10353
19868,0.3,,,1,10353
19872,0.1,,,1,10320
19889,3,,,1,10353
19892,1.5,,,1,10353
19894,1.5,,,1,10353
19900,2.5,,,1,10353
19901,1.5,,0.202,2,10353
19905,3,,,1,10353
19908,2,,,1,10353
19909,2.5,,,1,10353
19910,1,,,1,10353
19911,4,,,1,10353
19912,2,,0.2,3,10353
19917,1.5,,,1,10353
19921,2,,,1,10353
19924,1.5,,,1,10353
19925,1.5,,,1,10353
19927,2,,0.295,4,"10320,10353"
19933,1.5,,,1,10320
19934,0.18,,,1,10320
19940,0.1,,,1,10320
19941,0.2,,,1,10320
19943,0.1,,0.849,2,"10320,10328"
19950,0.4,,,1,10342
19951,1,,,1,10328
19955,2,,,1,10328
19956,0.7,,,1,10328
19960,0.3,,,1,10328
19961,0.2,,,1,10320
19964,0.1,,,1,10320
19968,0.4,,,1,10320
19977,1,,,1,10320
19978,4,,,1,10353
19979,1.5,,,1,10353
19980,2.5,,,1,10353
20010,0.1,,,1,10320
20015,0.2,,0.471,2,"10320,10353"
20020,0.2,,0,3,10353
20033,0.05,,,1,10342
20066,0.4,,0.315,4,"10320,10328,10342,10353"
20067,0.3,,0.433,3,"16,10320,23"
20073,0.5,,0.129,2,"16,10320"
20074,2,,0,2,"16,23"
20091,3,,,1,10353
20093,3,,,1,10353
20095,2,,,1,10353
20096,2.5,,,1,10353
20097,4,,,1,10353
20109,0.2,,0,3,"16,10320"
20110,0.5,,,1,10320
20113,0.3,,0,2,10320
20114,0.2,,,1,10320
20116,0.2,,,1,10320
20117,0.5,,,1,10320
20143,2.5,,,1,10342
20164,0.4,,,1,10320
20166,0.4,,,1,10320
20169,0.3,,,1,10353
20172,0.4,,,1,10320
20213,1.5,,,1,10320
20232,4,,,1,10353
20233,5,,0.236,2,"10353,23"
20236,2,,0.606,2,"10342,10353"
20237,2,,0.6,3,"10353,23"
20282,0.4,,,1,10328
20287,1.5,,,1,23
20311,3,,,1,10328
20349,0.2,,,1,10320
20378,1.5,,,1,10353
20392,0.1,,0.943,2,"10320,10328"
20394,0.3,,,1,10320
20395,0.6,,,1,10320
20396,0.2,,,1,10320
20397,0.3,,,1,10320
20408,0.3,,,1,10320
20409,0.05,,,1,10320
20418,2.5,,,1,10320
20426,9,,,1,10320
20464,1,,0,2,10320
20472,3.5,,,1,10328
20594,6,,,1,23
20614,1.2,,,1,10320
20631,1.5,,,1,10320
20649,80,,,1,16
20653,1.4,,,1,10328
20656,4,,,1,10328
20696,1.5,,,1,10353
20697,1.5,,,1,10353
20698,2,,,1,10353
20699,5,,,1,10353
20700,1.5,,,1,10353
20710,1.5,,,1,10320
20719,0.1,,,1,10320
20731,1,,,1,10353
20734,4,,,1,10353
20739,0.5,,,1,10353
20765,2.5,,,1,10353
20766,1.5,,,1,10353
20767,2,,,1,10353
20768,2,,,1,10353
20769,8,,,1,10353
20770,1,,,1,10353
20772,1.5,,,1,10353
20776,0.1,,,1,10328
20777,0.25,,0.849,2,"10342,10353"
20780,0.25,,,1,10353
20816,1.2,,,1,23
20836,1.2,,,1,23
20838,1.2,,,1,10342
20847,1,,0,2,"16,23"
20856,0.5,,,1,10320
20857,0.1,,,1,10328
20865,0.4,,0.286,3,10320
20866,0.1,,,1,10328
20868,0.2,,,1,10320
20870,1,,,1,10353
20872,1,,,1,10320
20881,0.025,,,1,10320
20888,0.3,,,1,10320
20890,0.25,,,1,16
20898,0.8,,,1,10320
20947,1.2,,,1,16
20948,3,,,1,16
20949,0.15,,,1,16
20950,6.5,,,1,16
20951,0.6,,,1,16
20952,1,,,1,10320
20975,2,,,1,10320
20976,2,,,1,10320
20987,1.5,,,1,10353
21037,3,,0.148,2,"10320,10342"
21046,3.5,,,1,10328
21060,4,,,1,23
21061,5,,0.471,2,"10328,23"
21063,12.5,,,1,10328
21068,1.5,,,1,10353
21101,0.8,,,1,10320
21120,2,,,1,10328
21127,0.25,,,1,10342
21128,0.5,,,1,10342
21144,0.2,,,1,10342
21146,0.3,,,1,10342
21154,0.25,,,1,10342
21162,1.5,,,1,10342
21166,1,,,1,10320
21172,0.9,,,1,10328
21174,5,,,1,10320
21191,0.3,,,1,10328
21203,0.1,,,1,10320
21209,0.25,,,1,10342
21249,20,,0,2,"16,23"
21261,18,,,1,16
21267,10,,,1,16
21316,0.4,,0.157,2,"16,10320"
21319,0.2,,,1,16
21320,1.5,,,1,10353
21325,0.3,,0.566,2,"16,10342"
21332,1,,0.333,3,"10320,10342,10353"
21337,2,,,1,10353
21340,0.2,,,1,10353
21362,0.5,,,1,10342
21377,1,,0.67,2,"10320,10328"
21383,2,,,1,10353
21389,2.5,,,1,10320
21390,0.3,,,1,10353
21391,0.6,,,1,10353
21485,9,,,1,23
21494,0.1,,,1,10353
21502,0.15,,,1,10320
21505,1,,,1,10328
21510,10,,,1,10328
21513,3,,,1,16
21514,5.5,,,1,16
21515,3.5,,,1,16
21530,0.9,,,1,10328
21531,1.4,,,1,16
21541,3.5,,,1,10353
21545,0.2,,,1,10320
21607,3.4,,,1,10353
21608,2,,,1,10353
21609,3.5,,,1,10353
21610,3.5,,,1,10353
21612,4.5,,,1,10353
21613,3,,,1,10353
21616,0.8,,0.157,2,"16,10320"
21618,0.8,,,1,16
21621,4,,,1,10353
21629,0.2,,0,2,10320
21639,0.1,,0,2,10320
21646,0.1,,,1,10320
21662,1.5,,,1,10320
21681,2,,0,3,16
21686,5,,0,3,16
21687,0.6,,,1,10353
21697,8,,,1,10328
21700,4,,,1,10353
21701,4.5,,,1,16
21706,10,,,1,10353
21708,1.5,,0.471,2,16
21719,4,,,1,10353
21720,8,,0,2,"16,23"
21728,4,,,1,10353
21730,2,,0,3,"10353,23"
21731,0.5,,,1,10353
21732,1.5,,,1,10353
21740,5,,,1,10353
21741,2,,0,3,10353
21745,1.5,,,1,10320
21747,3,,0,2,16
21911,3.5,,,1,10328
21918,3.5,,,1,10328
21932,2.8,,,1,10328
21952,2.5,,,1,10320
22023,2.8,,,1,10328
22090,0.5,,,1,10353
22138,10,,,1,16
22143,0.6,,,1,10328
22148,3,,,1,10342
22156,1.5,,0,2,"16,23"
22167,0.25,,,1,10342
22180,2.3,,,1,10328
22188,15,,0.707,2,"10328,23"
22219,0.8,,,1,10328
22223,5,,,1,10328
22234,0.1,,,1,10342
22235,0.6,,,1,10328
22240,0.3,,,1,10353
22243,5.5,,,1,10353
22247,3,,,1,10320
22272,3.8,,,1,23
22303,1.2,,,1,10353
22307,5,,,1,10353
22324,0.8,,,1,10342
22326,0.2,,,1,10328
22327,0.1,,0.346,3,"10328,10342"
22329,0.3,,0.266,3,"10328,10342"
22332,0.3,,,1,10328
22334,0.8,,,1,10342
22348,15,,,1,10353
22363,8,,,1,10353
22380,2.5,,,1,10353
22382,0.01,,,1,10320
22387,0.2,,,1,10320
22389,3,,,1,10320
22393,2,,0,2,10320
22395,3,,,1,10353
22397,3,,,1,10353
22399,3,,,1,10353
22401,4.5,,,1,10353
22417,3.5,,,1,10353
22441,4,,0.157,2,"10320,10353"
22442,7,,,1,10353
22451,0.2,,,1,16
22452,2.5,,,1,10353
22503,0.1,,,1,10320
22506,5,,,1,10353
22510,1.6,,,1,10328
22544,5.5,,,1,10342
22595,0.2,,,1,10342
22600,6,,,1,10328
22603,3,,,1,10320
22606,0.3,,,1,10320
22613,0.5,,,1,10353
22617,0.5,,,1,10320
22620,1.3,,,1,10328
22624,0.5,,,1,10328
22625,3.5,,,1,10353
22630,0.7,,,1,10328
22631,1.2,,,1,10328
22635,1.5,,,1,10328
22638,1.6,,,1,10353
22641,0.5,,0.326,2,"10320,10353"
22643,0.9,,,1,10328
22644,0.4,,,1,10320
22646,2,,,1,10320
22653,0.5,,,1,10353
22655,0.5,,,1,10320
22658,1,,,1,10353
22660,0.8,,0,3,10353
22675,1.2,,,1,10320
22683,4.5,,,1,10320
22686,2.5,,,1,23
22705,0.1,,,1,10320
22710,5,,,1,10320
22721,1.5,,,1,10320
22733,1,,0.849,2,"10320,23"
22751,2,,,1,23
22770,1,,,1,23
22781,1,,,1,23
22792,7.5,,,1,10328
22806,1.2,,,1,10342
22814,3,,,1,10320
22822,2,,,1,10353
22827,0.2,,,1,10342
22830,0.2,,,1,10320
22831,0.2,,0,2,"10320,10342"
22850,3,,,1,10320
22859,1,,,1,10320
22861,3,,,1,10342
22862,2,,,1,10342
22867,0.5,,,1,10320
22869,0.8,,,1,10353
22873,1.1,,,1,10353
22874,0.9,,,1,10353
22876,0.6,,0,2,10353
22878,1.5,,,1,10342
22879,0.1,,0.943,2,"10328,10353"
22880,2,,,1,10342
22882,0.6,,0.761,2,"10328,10353"
22885,0.2,,,1,10342
22886,0.3,,,1,10320
22887,0.1,,,1,10353
22892,0.6,,0.577,3,"10320,10328,10353"
22895,0.2,,,1,10328
22900,1.5,,,1,10328
22904,0.15,,,1,10353
22907,0.3,,,1,10342
22908,1.5,,,1,10320
22909,0.5,,,1,10353
22910,0.3,,,1,10353
22912,1.1,,,1,10328
22917,1,,,1,10353
22922,0.5,,,1,10353
22941,0.4,,0.157,2,"10320,10333"
22943,2.5,,,1,10353
22945,1,,,1,10320
22949,0.4,,0.386,2,"16,10333"
22958,2,,,1,10353
22959,0.4,,,1,10320
22963,1.5,,,1,10353
22965,0.1,,,1,10320
22972,35,,,1,23
23018,1,,,1,10320
23021,1.5,,,1,10353
23030,2,,0,2,"16,23"
23064,0.2,,,1,10342
23075,3,,,1,10353
23077,1,,,1,10328
23078,0.1,,,1,10342
23098,2,,0,2,"16,23"
23099,2.5,,0,2,"16,10320"
23109,2,,0,2,"263,10342"
23180,2,,,1,16
23182,5,,0,2,"263,10342"
23212,0.1,,,1,10342
23228,3.5,,,1,10353
23229,3,,,1,10353
23230,3,,,1,10353
23231,3,,,1,10353
23232,3.5,,0,2,10353
23240,4,,,1,10328
23251,2.8,,,1,10328
23257,1,,0.417,3,"16,10320,10342"
23259,0.1,,,1,10328
23262,0.2,,0.661,3,"10320,10328,10342"
23269,0.5,,,1,10320
23270,0.2,,,1,10320
23273,0.2,,,1,10320
23281,0.5,,,1,10320
23285,0.2,,,1,10320
23307,0.25,,,1,10320
23309,0.3,,0,2,"16,23"
23350,10,,,1,10353
23352,1.5,,,1,10353
23373,0.4,,0.157,2,"10320,10328"
23374,0.15,,0.471,2,"10320,10353"
23379,5,,0.471,2,"10320,23"
23381,0.9,,,1,10353
23386,3,,0.109,2,"10333,10353"
23388,1,,,1,10320
23391,2,,0.299,5,"16,10320,10342,10353"
23407,1.5,,,1,10353
23411,1,,,1,23
23420,2.5,,,1,10320
23426,3,,0.63,3,"10320,10328,10342"
23438,1.5,,,1,23
23449,1.6,,0.157,2,"10353,23"
23451,3,,,1,16
23454,3,,0.266,4,"10320,10333,10353,23"
23455,3,,,1,10353
23457,2.5,,,1,10353
23459,0.2,,0.606,2,"10320,10353"
23461,2,,0.606,2,"10320,10342"
23462,2.5,,,1,10320
23480,4,,,1,23
23483,2,,0,2,"16,10353"
23486,10,,,1,16
23490,8,,,1,23
23505,1,,0,2,"10320,10342"
23507,1,,,1,10320
23509,2.3,,,1,10328
23513,2,,,1,10320
23519,1,,,1,10328
23523,1,,0.606,2,"10320,10342"
23535,0.3,,,1,10320
23552,2,,,1,10353
23556,0.3,,,1,10320
23612,0.4,,,1,10328
23615,0.1,,,1,10320
23624,0.4,,,1,10328
23633,0.1,,,1,10320
23636,0.5,,,1,10328
23637,0.5,,,1,10328
23640,0.5,,,1,10328
23644,0.5,,,1,10328
23645,0.5,,,1,10328
23648,0.2,,,1,10328
23652,0.5,,,1,10328
23653,0.1,,,1,10328
23657,0.5,,,1,10328
23659,0.5,,,1,10328
23662,0.3,,,1,10328
23678,0.1,,1.033,3,"10320,10328"
23685,6,,,1,10353
23694,0.4,,,1,10353
23695,0.3,,,1,10353
23696,0.2,,0.845,3,10353
23698,1,,,1,10353
23701,0.3,,0.943,2,10353
23702,1.5,,,1,10353
23703,0.8,,,1,10353
23707,0.5,,,1,10328
23709,0.5,,,1,10328
23758,1.3,,,1,23
23762,9,,,1,23
23774,9,,,1,23
23799,0.1,,0.707,2,"10320,10342"
23807,3,,,1,10328
23814,4,,,1,10328
23816,2,,,1,10320
23827,0.5,,0.849,2,10353
23862,0.3,,0.761,2,"10328,10353"
23865,1.5,,,1,10320
23868,2,,,1,10353
23869,1.5,,,1,10353
23872,3,,,1,10353
23881,0.5,,0.471,2,"10320,10353"
23882,1.5,,,1,10353
23883,1.5,,,1,10353
23885,0.7,,,1,10353
23888,0.3,,,1,10353
23890,0.2,,0.417,3,10353
23891,1.5,,,1,10353
23893,1,,,1,10353
23895,1.5,,,1,10353
23896,2,,,1,10353
23897,0.2,,0.943,2,10320
23898,2,,,1,10353
23901,1.3,,,1,10353
23905,6,,0.283,2,"16,10353"
23907,7,,0,2,"16,23"
23912,1,,,1,10353
23913,6,,,1,10353
23920,4.5,,,1,16
23931,5.5,,,1,10328
23934,4,,,1,10342
23943,0.09,,0.074,2,"16,10320"
23944,0.14,,,1,10320
23945,0.2,,0.606,2,"10328,10342"
23948,0.1,,,1,10320
23950,0.02,,,1,10320
23953,0.13,,,1,10320
23954,0.1,,,1,10320
23956,0.4,,,1,10328
23963,0.02,,0.63,3,"16,10320,10342"
23964,0.05,,,1,10320
23965,0.1,,,1,10320
23966,0.11,,,1,10320
23967,0.1,,,1,10320
23969,0.02,,,1,10320
23972,0.3,,,1,10328
23973,0.12,,,1,10320
23977,0.07,,,1,10320
23978,0.1,,,1,10328
23979,0.4,,,1,10328
23981,0.14,,,1,10320
23984,0.1,,,1,10320
23987,0.06,,,1,10320
23989,0.2,,,1,10328
23990,0.09,,,1,10320
23996,0.11,,,1,10320
24001,0.11,,,1,10320
24002,0.1,,,1,10333
24004,0.05,,,1,10320
24005,0.2,,,1,10328
24007,0.3,,,1,10328
24013,0.09,,,1,10320
24015,0.1,,,1,10328
24017,0.27,,,1,10320
24020,0.05,,,1,10320
24023,0.15,,,1,10320
24025,0.13,,,1,10320
24026,0.3,,,1,10320
24035,0.04,,,1,10320
24038,0.02,,,1,10320
24039,0.3,,,1,10328
24040,0.1,,,1,10328
24050,0.06,,,1,10320
24053,0.08,,0.157,2,"16,10320"
24058,0.1,,,1,10328
24059,0.15,,,1,10320
24065,0.15,,,1,10342
24100,4.5,,,1,10353
24196,2.5,,0,2,"10328,10342"
24200,3.8,,,1,10328
24232,2.5,,,1,10353
24244,0.1,,,1,10328
24252,1.5,,,1,10320
24253,2,,,1,10320
24263,3,,,1,10328
24278,0.8,,0,3,"10320,10342"
24279,0.7,,0,3,10320
24284,0.7,,0.192,3,"10320,10342"
24297,1,,0.283,2,"263,10342"
24309,2,,,1,10353
24315,3.3,,,1,10328
24318,0.5,,,1,10320
24319,0.8,,,1,10320
24399,0.2,,,1,10328
24404,0.2,,,1,10328
24413,0.2,,,1,10353
24421,3,,,1,10353
24423,5,,,1,16
24424,8,,,1,16
24425,12,,,1,16
24426,8,,,1,16
24428,4.5,,,1,10328
24433,2.5,,,1,10353
24434,1,,,1,10353
24486,0.2,,,1,10320
24492,0.1,,,1,10320
24493,0.1,,,1,10320
24517,1.5,,0.173,3,"16,10333,23"
24542,0.1,,,1,10328
24543,0.1,,,1,10328
24547,0.2,,,1,10328
24564,3,,,1,10353
24566,4.5,,0.202,2,10353
24570,6.5,,,1,10328
24573,2,,0.471,2,10353
24574,0.5,,,1,10320
24575,1.5,,,1,10353
24576,1,,1.061,2,"10328,10353"
24577,2,,,1,10353
24579,2,,,1,10353
24583,11.5,,,1,10328
24600,10,,,1,23
24608,0.9,,,1,10328
24610,0.9,,,1,10328
24623,0.5,,0.236,2,"10320,10353"
24638,2,,,1,10353
24642,1.3,,,1,10320
24644,0.3,,,1,10342
24646,3.5,,,1,10328
24647,0.7,,0.183,3,"16,10320,10342"
24649,2.5,,,1,10328
24651,4,,,1,10328
24655,1,,0.283,2,"10320,10342"
24661,0.5,,,1,10328
24662,0.2,,,1,10320
24663,0.4,,,1,10328
24676,0.25,,0.585,4,"10320,10333,10342,23"
24694,1,,,1,10320
24722,3.5,,,1,10353
24724,4,,0.157,2,"10353,23"
24727,0.3,,,1,10353
24729,2,,0.66,2,"16,10328"
24733,0.1,,,1,10328
24804,2,,,1,10353
24816,0.5,,,1,10320
24819,1,,,1,10320
24859,0.1,,0,2,"10320,10342"
24860,0.2,,,1,10342
24862,0.2,,,1,10342
24864,0.6,,,1,10342
24874,0.5,,0.471,2,"16,10320"
24880,0.3,,,1,10342
24881,0.6,,,1,10342
24886,0.2,,,1,10342
24888,0.1,,,1,10342
24889,0.2,,,1,10342
24891,0.3,,0.157,3,"16,10320,10342"
24896,0.5,,,1,10353
24911,0.6,,,1,10353
24916,3.6,,,1,10328
24919,1.8,,,1,10353
24920,3,,,1,10342
24922,1.5,,,1,10342
24926,0.3,,,1,10342
24931,0.1,,,1,10342
24934,0.2,,,1,10342
24957,3.2,,,1,23
24968,2,,,1,10353
24987,3,,,1,10353
24990,2.5,,,1,10353
24991,2.5,,,1,10353
24997,0.2,,,1,10320
25001,0.5,,,1,10320
25004,0.8,,,1,10342
25005,0.3,,,1,10342
25009,0.2,,1.28,2,10353
25029,0.1,,,1,10342
25030,0.1,,0.471,2,"10342,10353"
25031,0.07,,,1,10342
25053,2,,0.568,3,"16,10328,10342"
25054,5,,,1,10328
25062,0.5,,0.495,3,"10320,10328"
25067,0.15,,,1,10353
25068,2,,,1,10320
25069,3,,,1,10320
25218,3.3,,,1,16
25221,2,,,1,10353
25222,2,,,1,10353
25223,2,,,1,10353
25225,1,,,1,10353
25226,0.7,,,1,10353
25259,1.5,,,1,10328
25260,0.8,,,1,16
25262,1,,0,3,"16,23"
25263,1,,,1,10333
25264,0.3,,0.471,2,"10320,10328"
25265,2.3,,,1,10328
25266,0.2,,,1,10328
25267,2,,,1,10328
25268,0.5,,0.665,3,"10328,10333,10342"
25270,2,,,1,10353
25273,0.3,,,1,10320
25275,0.6,,,1,10328
25280,3,,,1,10353
25288,3,,,1,10328
25290,0.4,,,1,10320
25294,0.2,,,1,10328
25297,0.4,,,1,10328
25298,0.6,,,1,16
25299,1.2,,,1,10328
25303,0.2,,,1,10353
25313,0.3,,,1,10320
25315,0.07,,,1,10320
25316,0.5,,,1,10320
25319,1.5,,,1,10320
25320,0.8,,,1,10320
25322,0.1,,,1,10320
25324,1,,,1,10320
25325,0.3,,,1,10320
25326,0.07,,,1,10320
25331,0.1,,,1,10320
25333,0.05,,,1,10320
25334,0.2,,,1,10320
25335,0.5,,,1,10328
25347,3,,,1,10353
25386,0.1,,0.184,2,"10320,10328"
25392,0.15,,0,2,"16,23"
25398,0.7,,,1,10328
25401,0.6,,,1,10320
25406,0.9,,,1,10320
25413,0.5,,,1,10328
25419,1,,,1,10328
25422,0.1,,,1,10320
25468,25,,,1,10328
25472,1.5,,,1,10353
25473,0.4,,,1,10353
25474,0.3,,,1,10320
25475,0.1,,,1,10320
25476,0.2,,0,3,10320
25477,0.15,,,1,10320
25481,0.2,,,1,10320
25482,0.1,,,1,10320
25485,0.4,,0.157,2,"16,10320"
25486,0.2,,,1,10320
25487,0.1,,,1,10320
25489,0.2,,,1,10320
25490,0.1,,,1,10320
25492,0.2,,,1,10320
25493,0.1,,1.033,3,10320
25496,0.15,,0.202,2,"16,10320"
25497,0.3,,,1,10320
25498,0.2,,,1,10320
25500,0.5,,,1,10328
25511,0.2,,,1,10320
25520,0.1,,0.471,2,"16,10320"
25525,0.2,,,1,10320
25547,1.5,,,1,10328
25549,0.15,,1.098,4,"16,10320,10342,23"
25556,4,,,1,10328
25557,1.5,,0.202,2,"10320,10353"
25576,0.05,,0.286,4,10320
25607,0.5,,,1,10320
25614,0.09,,,1,10320
25622,0.3,,,1,10328
25649,3,,,1,10353
25655,0.1,,,1,10320
25656,2,,,1,10353
25657,2,,,1,10320
25659,0.9,,,1,10328
25663,1,,,1,10328
25683,0.9,,,1,10328
25684,1,,,1,10328
25687,0.2,,,1,10320
25791,12,,,1,10353
25792,4.5,,,1,10353
25793,12,,,1,10353
25795,8,,,1,10353
25801,1,,,1,10353
25802,2.5,,,1,10353
25803,1,,,1,10353
25804,1.5,,0.202,2,10353
25806,3,,0.247,3,"10328,10342,10353"
25808,0.5,,,1,10353
25809,2.8,,,1,10328
25810,0.8,,,1,10353
25811,0.5,,,1,10353
25812,0.7,,,1,10353
25813,2,,,1,10353
25814,1,,0.302,8,"10320,10353"
25817,0.5,,,1,10353
25819,0.7,,0.094,2,"10320,10342"
25831,0.2,,,1,10320
25835,1,,,1,10353
25837,0.3,,,1,10353
25838,0.5,,,1,10342
25840,0.4,,0.157,2,"10320,10353"
25843,1.5,,,1,10328
25845,1,,,1,10353
25856,4.5,,,1,10353
25857,0.3,,,1,10353
25858,0.2,,,1,10353
25859,0.3,,,1,10353
25863,0.3,,,1,10353
25864,1,,,1,10353
25865,0.3,,,1,10353
25870,0.2,,,1,10342
25889,4.5,,,1,10342
25963,0.7,,,1,10342
25997,9,,,1,10342
26017,0.8,,,1,10342
26022,6,,,1,10342
26036,4,,,1,10342
26043,0.2,,,1,10328
26044,0.2,,,1,10320
26053,0.1,,0,2,"10320,10342"
26056,0.5,,,1,10320
26058,0.5,,,1,10353
26060,0.2,,,1,10342
26063,0.15,,,1,10320
26068,0.4,,,1,10328
26070,0.3,,,1,10328
26072,0.04,,,1,10342
26077,0.1,,0.471,2,"10320,10353"
26079,1.5,,,1,10353
26080,2,,,1,10353
26081,1.5,,,1,10353
26082,1.5,,,1,10353
26083,4,,,1,10353
26084,2,,,1,10353
26085,1.5,,,1,10353
26087,2,,,1,10353
26088,3.5,,,1,10353
26089,2,,,1,10353
26090,2.5,,,1,10353
26091,2.5,,,1,10353
26111,0.3,,0.471,2,"10320,10353"
26151,0.7,,,1,10328
26174,0.5,,,1,23
26180,2,,,1,10320
26197,0.05,,0.129,2,"16,10342"
26199,0.1,,,1,10353
26215,0.06,,,1,10342
26217,0.06,,0.354,2,"16,10320"
26218,0.1,,0.108,3,"10320,10342,10353"
26229,5,,,1,23
26244,2,,,1,16
26264,1,,,1,10320
26291,4,,0,2,16
26292,0.3,,,1,16
26293,2,,,1,16
26294,1,,0,2,16
26295,2.5,,,1,16
26296,2,,,1,16
26308,12,,,1,10328
26309,0.2,,,1,10353
26310,0.2,,,1,10353
26312,0.4,,,1,10353
26326,0.05,,0.343,3,10320
26333,6,,,1,10353
26334,1,,,1,10353
26361,2,,,1,10353
26379,1.5,,,1,10353
26385,0.5,,,1,10353
26390,2,,,1,10353
26391,2,,,1,10353
26392,1.5,,,1,10353
26393,3,,,1,10353
26398,1.4,,,1,10353
26401,1.1,,,1,10353
26404,2,,,1,10353
26409,6,,,1,10353
26410,5,,,1,10353
26413,2,,,1,10353
26414,8,,,1,10353
26415,2,,,1,10353
26421,2.4,,,1,10353
26422,3.5,,,1,10353
26430,2,,,1,10353
26431,4,,,1,10353
26438,5,,,1,10353
26439,1,,,1,10353
26441,1.5,,,1,10320
26445,1.5,,,1,10353
26451,3,,,1,10353
26452,2,,,1,10353
26453,2,,,1,10353
26454,0.9,,,1,10353
26457,150,,,1,10328
26475,0.2,,,1,10320
26476,0.5,,,1,10328
26504,0.1,,,1,10320
26506,1.3,,0.228,2,16
26508,0.5,,,1,16
26511,0.8,,,1,16
26513,2,,,1,16
26525,0.4,,,1,16
26527,0.7,,,1,16
26528,4,,,1,16
26531,0.3,,,1,10320
26534,8,,,1,10328
26538,0.1,,,1,10320
26539,0.4,,,1,10320
26540,1.4,,,1,16
26551,0.2,,,1,10320
26563,0.5,,,1,16
26565,0.08,,,1,10342
26566,0.1,,,1,10342
26567,0.1,,0.247,3,"16,10342,10353"
26569,0.05,,,1,10342
26570,1.5,,,1,10353
26572,3,,,1,10353
26581,0.1,,,1,10328
26583,0.3,,,1,10342
26584,0.3,,,1,10342
26585,0.1,,,1,10342
26587,0.05,,,1,10342
26588,0.1,,0.495,3,"10328,10342"
26590,0.2,,,1,10342
26599,0.1,,,1,10320
26600,0.5,,,1,10320
26603,0.5,,,1,10320
26605,0.15,,0,2,10320
26636,1,,,1,10320
26637,3,,,1,10320
26643,0.15,,,1,10353
26681,0.7,,,1,10342
26688,1,,0.545,4,"16,10320,10342,23"
26691,0.5,,0.129,2,"10328,10342"
26696,4,,,1,10328
26708,1.3,,,1,10328
26716,4,,,1,10320
26717,2.5,,0.326,2,"16,10320"
26719,4,,,1,10320
26730,0.1,,,1,10320
26734,0.15,,,1,10342
26735,0.2,,,1,10320
26744,0.3,,0,3,"16,10320"
26745,0.2,,,1,10342
26752,0.1,,,1,10342
26763,0.25,,,1,10342
26773,0.2,,,1,10342
26775,0.3,,,1,10342
26776,0.3,,,1,10320
26781,0.1,,,1,10342
26784,0.25,,,1,10342
26786,0.1,,0.707,2,"16,10320"
26789,0.4,,0.386,2,"10320,10342"
26835,0.1,,0,3,"16,10320,23"
26837,0.005,,1.138,3,"16,10320,10328"
26838,0.4,,0,2,10320
26840,0.3,,,1,10320
26842,0.4,,,1,10320
26877,2,,,1,10320
26883,1.4,,,1,10342
26884,0.2,,0,2,"10320,10342"
26891,0.7,,,1,10320
26895,0.4,,,1,16
26896,0.8,,0,2,"10320,10342"
26901,0.6,,0.109,2,"10320,10342"
26902,1,,,1,10320
26912,0.1,,0,2,10320
26915,0.1,,,1,10320
26916,0.3,,0,2,10320
26917,0.4,,,1,10328
26918,0.2,,,1,10328
26919,2,,,1,10342
26925,0.5,,,1,10328
26927,0.3,,,1,10328
26929,0.15,,0,3,10320
26930,0.3,,,1,10342
26931,0.05,,0.63,3,10320
26932,0.15,,,1,10342
26933,0.1,,0,3,16
26936,0.5,,,1,10328
26941,0.1,,,1,10320
26942,0.2,,,1,10320
26947,0.2,,,1,10320
26952,0.3,,,1,10328
26953,0.4,,,1,10342
26956,0.1,,,1,10328
26958,0.4,,,1,10328
26977,2.5,,0,2,10353
26984,3.8,,,1,10353
26988,0.8,,,1,10320
26992,0.5,,,1,10333
26993,0.5,,,1,10353
26995,1,,,1,10320
27012,0.02,,,1,16
27094,4,,,1,10353
27107,0.1,,0,2,10320
27117,0.6,,,1,10353
27119,0.2,,,1,10353
27120,1,,,1,10353
27124,2,,,1,10353
27125,1.3,,,1,10353
27127,0.5,,,1,10353
27128,1.5,,,1,10353
27129,1,,,1,10353
27132,0.5,,0.471,2,10353
27136,0.7,,,1,10353
27141,0.15,,,1,10353
27142,0.5,,,1,10353
27146,1.8,,,1,10328
27155,0.8,,,1,10353
27157,0.6,,,1,10353
27159,1.2,,,1,10353
27160,0.15,,,1,10342
27167,0.2,,0,2,"10320,10342"
27168,0.3,,,1,10342
27170,0.2,,,1,16
27171,1,,,1,10328
27172,0.3,,,1,10320
27183,2,,,1,10320
27184,2,,,1,10320
27186,3.5,,,1,10353
27194,9,,0.141,2,10353
27204,13,,,1,10353
27212,11,,,1,10353
27214,0.8,,,1,10353
27218,8,,,1,10320
27228,0.08,,,1,10320
27230,0.6,,,1,16
27231,0.08,,,1,10320
27232,0.4,,,1,10320
27243,0.07,,,1,10320
27244,2,,,1,10320
27247,0.1,,,1,10320
27250,0.6,,,1,23
27253,0.3,,,1,23
27255,0.1,,,1,10320
27257,0.2,,,1,10328
27260,0.1,,,1,10320
27284,5.5,,,1,10353
27286,1.5,,,1,10353
27287,2,,,1,10353
27288,2.2,,,1,10353
27289,2,,,1,10353
27290,1.5,,,1,10353
27292,2,,,1,10353
27294,3.7,,,1,10353
27295,2,,,1,10353
27298,2,,,1,10353
27299,3.5,,,1,10353
27300,2.5,,,1,10353
27301,2.8,,,1,10353
27302,2,,,1,10353
27305,1,,,1,10353
27306,1.5,,,1,10353
27307,2,,,1,10353
27308,2,,,1,10353
27310,5.5,,,1,10353
27311,1,,,1,10353
27313,1.7,,,1,10353
27314,2,,,1,10353
27315,5,,,1,10353
27316,3.5,,,1,10353
27317,1.8,,,1,10353
27320,5,,,1,10353
27322,4,,,1,10353
27344,3,,,1,10353
27345,1.2,,,1,10353
27351,1.3,,0.228,2,"16,10320"
27355,1,,0,4,"16,10320,10333,23"
27382,0.4,,0.157,2,"16,10320"
27385,2,,,1,10353
27389,6.5,,,1,10353
27394,5,,,1,10353
27395,3,,,1,10353
27398,1,,,1,10353
27399,3,,,1,10353
27400,2.5,,,1,10353
27403,3.5,,,1,10353
27409,5,,,1,10353
27411,3.5,,,1,10353
27412,4.5,,,1,10353
27414,3.5,,,1,10353
27416,2,,,1,10353
27420,5,,,1,10353
27425,1.5,,0.265,3,10353
27427,2,,,1,10353
27428,2.5,,0.471,2,10353
27429,6,,,1,10353
27430,4,,,1,10353
27433,2,,,1,10353
27435,2,,,1,10353
27436,5,,,1,10353
27438,3,,,1,10353
27442,2.5,,,1,10353
27445,4,,,1,10353
27457,2,,,1,10353
27504,0.5,,,1,10353
27518,6,,,1,10353
27519,6,,,1,10353
27520,7,,0.272,4,10353
27521,3,,,1,10353
27523,3,,,1,10353
27526,6.5,,,1,10353
27527,3,,,1,10353
27529,2,,0,2,"16,10320"
27530,2.5,,,1,10353
27532,4.5,,,1,10353
27533,2,,,1,10353
27608,2,,,1,10353
27609,3,,0,3,"10320,10353"
27611,2.5,,,1,10353
27616,6,,,1,10342
27617,7,,,1,10353
27618,8.5,,,1,10328
27626,7.5,,,1,10328
27627,0.5,,0.849,2,"10320,10342"
27628,3,,,1,10320
27631,2,,0.742,3,"16,10320,10342"
27636,5,,,1,10320
27637,8,,,1,10320
27638,0.5,,0.707,2,"10320,10353"
27640,0.8,,0.119,5,"10320,10333,10342,10353,23"
27642,2.5,,,1,10353
27672,1.5,,,1,10320
27694,1.5,,0,2,"16,23"
27706,0.8,,0.43,2,"10353,23"
27738,3.5,,,1,10353
27761,4,,,1,10353
27792,3,,,1,10353
27829,0.8,,0.157,2,"16,10320"
27841,4.5,,,1,10353
27843,7,,,1,10353
27845,5.5,,,1,10353
27864,2.5,,,1,10353
27868,2,,,1,10353
27869,6,,,1,10353
27882,0.2,,,1,10320
27886,3,,,1,10328
27893,0.1,,,1,10328
27897,6,,0.283,2,"10320,10353"
27902,2.5,,0.289,3,10353
27945,1.5,,,1,10353
27946,1.3,,,1,10328
27955,1.2,,0.157,2,"10328,10353"
27959,1,,,1,10342
27963,0.8,,,1,10320
27977,1.4,,,1,10328
28031,0.25,,,1,10320
28035,0.6,,,1,10320
28073,0.7,,0.25,2,"10320,10342"
28074,0.55,,,1,10342
28082,0.8,,,1,10320
28083,0.25,,0.326,2,"10320,10342"
28084,0.25,,,1,10342
28085,0.25,,0.331,3,"16,10320,10342"
28086,0.3,,,1,10342
28087,0.3,,0.143,3,"16,10320,10342"
28088,0.35,,,1,10342
28090,0.6,,0.109,2,"10320,10342"
28092,0.4,,0.286,3,"16,10320,10342"
28093,0.5,,,1,10320
28096,0.7,,,1,16
28097,0.15,,0.555,3,"16,10320,10342"
28104,0.9,,,1,10320
28105,0.4,,0.157,2,"10320,10342"
28122,3,,,1,10353
28128,1.5,,0.202,2,10353
28129,3,,,1,10353
28137,2.5,,0.236,2,10353
28140,2.5,,,1,16
28169,2.5,,,1,10353
28176,0.2,,0,2,10320
28179,0.15,,,1,10320
28188,0.1,,,1,10320
28194,0.1,,,1,10320
28195,0.4,,,1,10320
28196,0.1,,,1,10320
28202,0.8,,0,2,"16,10320"
28205,0.1,,,1,10320
28206,0.4,,,1,10320
28207,0.25,,,1,10320
28216,0.8,,,1,10353
28226,8,,,1,10353
28248,0.8,,,1,10353
28249,5.5,,,1,10353
28251,1.4,,0.25,2,"10320,10353"
28253,1.7,,0.181,4,"16,10353"
28259,1,,,1,10320
28261,1,,1.019,4,"16,10320,10333,23"
28266,0.15,,,1,10342
28276,0.25,,,1,10320
28289,2,,,1,10320
28295,3.5,,,1,10320
28296,1.8,,,1,23
28306,4,,,1,23
28309,3.5,,,1,23
28328,3,,,1,23
28341,5,,,1,23
28342,7,,,1,10320
28350,5.5,,,1,23
28357,1.3,,,1,10328
28361,3.5,,,1,23
28378,5,,,1,10328
28382,4,,,1,10328
28385,0.2,,0.606,2,"10320,10342"
28388,0.2,,0.581,3,"16,10320,10342"
28393,0.4,,0.157,2,"16,10320"
28396,0.3,,0.354,2,"10333,23"
28398,0.2,,0.247,3,"10333,10342,23"
28420,1.5,,0,2,"10320,10342"
28443,0.5,,,1,23
28453,0.6,,,1,10353
28454,1,,,1,10320
28457,1.5,,0.129,2,10353
28458,1,,0.483,5,10353
28507,1.6,,,1,10328
28508,0.8,,,1,10328
28510,1,,,1,10328
28511,0.4,,,1,10320
28512,0.5,,,1,10342
28513,0.04,,1.157,2,"16,10342"
28516,1,,0.283,2,"16,10342"
28529,1.2,,,1,10353
28533,2,,,1,10353
28561,0.6,,,1,10353
28562,1.5,,,1,10353
28563,2,,,1,10353
28564,1,,,1,10353
28565,0.5,,,1,10353
28570,1.7,,0,4,10353
28616,0.5,,0,2,"10320,10342"
28618,5,,0.129,2,"263,10342"
28619,0.1,,0,2,"10320,10342"
28636,2,,,1,10353
28690,2,,,1,23
28691,0.6,,,1,10328
28696,3,,,1,10328
28710,0.7,,,1,10328
28711,1,,0,8,16
28716,1.3,,,1,16
28720,0.5,,,1,16
28721,1.8,,,1,10328
28722,2,,,1,16
28757,7,,0,3,"16,10320,23"
28858,0.2,,,1,10320
28867,0.1,,,1,10353
28886,2.5,,,1,10353
28887,2.5,,,1,10353
28924,1,,,1,10320
28934,0.15,,,1,10342
28940,0.1,,,1,10342
28943,0.5,,,1,10342
28953,0.05,,0.471,2,10342
28976,0.2,,,1,10320
28977,0.4,,,1,10328
29004,0.2,,,1,10353
29010,0.5,,,1,23
29012,0.4,,,1,10320
29041,1.5,,,1,10353
29042,2,,,1,10353
29043,2,,,1,10353
29044,2.5,,,1,10353
29045,1,,,1,10353
29046,2,,,1,10353
29047,1.5,,,1,10353
29056,2,,,1,10353
29097,2,,0.157,2,10353
29118,0.2,,,1,10320
29141,0.1,,0.108,3,"10320,23"
29189,0.2,,0.568,5,"16,10320,10342,10353,23"
29192,0.1,,,1,10320
29197,1.5,,,1,23
29198,0.7,,,1,10328
29199,1.1,,,1,10328
29205,0.4,,,1,10342
29206,0.2,,0.247,3,"10320,10328,10342"
29245,0.1,,,1,10320
29246,0.2,,,1,10320
29247,0.15,,,1,10320
29249,0.8,,0.43,2,10353
29259,2,,,1,10320
29260,0.4,,,1,10353
29262,0.4,,,1,10342
29263,0.5,,,1,10353
29264,0.15,,0.202,2,"10320,10328"
29291,0.15,,,1,10353
29294,4,,0,2,"16,23"
29300,0.2,,,1,10342
29301,0.3,,,1,10342
29302,0.2,,,1,10342
29303,0.3,,,1,10342
29305,0.1,,0,2,10342
29306,0.3,,,1,10342
29307,0.1,,,1,10342
29308,0.1,,0.707,2,10342
29309,0.1,,,1,10342
29317,0.09,,,1,10353
29322,0.2,,,1,10353
29325,1,,,1,10320
29334,0.2,,,1,10320
29341,0.5,,,1,10353
29342,0.4,,,1,10353
29350,2,,0.9,2,"16,10320"
29356,0.2,,,1,10320
29371,0.4,,,1,10320
29372,0.9,,,1,10320
29374,0.1,,,1,10320
29384,1,,0.786,2,"263,10342"
29388,0.2,,,1,16
29389,0.7,,,1,10342
29397,7,,,1,23
29425,0.5,,,1,10353
29429,2,,0.606,2,"16,10353"
29432,7,,,1,10353
29485,2,,0.133,3,"16,10320"
29497,8,,,1,16
29501,1.5,,,1,10320
29503,2,,,1,10328
29504,0.3,,,1,10328
29505,0.9,,,1,10328
29510,1.5,,,1,10320
29526,1,,,1,23
29530,0.2,,,1,10320
29532,0.5,,,1,10320
29535,0.3,,,1,16
29547,1.2,,,1,10320
29555,50,,0,2,"10342,10353"
29558,68,,,1,10353
29562,24,,,1,10353
29563,40,,0,2,"16,23"
29568,0.2,,0.786,2,"10320,10328"
29628,0.55,,0,2,10320
29631,0.7,,,1,10320
29633,1.5,,0.761,2,"10328,10342"
29635,0.15,,,1,10320
29643,2,,,1,10342
29651,0.5,,,1,10328
29653,2,,,1,10328
29655,0.7,,,1,10320
29665,0.2,,0.471,2,"16,10320"
29677,1.5,,,1,10342
29678,0.5,,0.799,2,"10328,10353"
29697,2,,,1,10328
29705,0.8,,,1,10328
29708,4,,,1,10328
29764,0.5,,,1,10353
29766,1.5,,,1,10353
29767,1,,0,3,"16,263,10342"
29776,1,,,1,10353
29779,0.1,,,1,10328
29785,0.5,,,1,10320
29800,0.3,,,1,10320
29853,3,,,1,23
29855,0.7,,,1,10353
29881,0.8,,,1,23
29902,1.2,,,1,10320
29914,5.5,,,1,23
29939,2,,,1,10353
29942,1.5,,,1,10353
29943,3.5,,,1,23
29961,0.5,,0.471,2,"10342,10353"
29973,0.05,,0.471,2,"10320,10353"
29974,0.02,,,1,10353
29983,0.2,,,1,10342
29984,0.05,,,1,10353
29992,1.3,,,1,10353
30009,0.5,,,1,10320
30012,0.5,,0.326,2,"10320,10342"
30016,0.1,,,1,10328
30033,0.1,,0.471,2,"10320,10342"
30035,0.025,,,1,10320
30036,0.025,,0.849,2,"10320,10328"
30038,0.5,,0.796,3,"16,10328"
30039,1.5,,0.555,3,"10328,10353"
30055,0.2,,0.707,2,"10320,10342"
30083,0.4,,,1,10353
30086,1,,0,2,10320
30087,1.8,,,1,10328
30088,0.3,,,1,10320
30091,1.5,,,1,10353
30115,4,,,1,10353
30126,1.8,,,1,10353
30127,2.5,,,1,10353
30130,1.5,,,1,10353
30131,3.5,,,1,10353
30133,1.2,,,1,10353
30134,2.5,,,1,10320
30135,2.3,,,1,10353
30136,2,,,1,10353
30137,1.3,,,1,10353
30138,3.5,,,1,10353
30139,3,,,1,10353
30140,6.8,,,1,10353
30141,4.5,,,1,10353
30142,0.8,,,1,10353
30143,2,,,1,10353
30144,2,,,1,10353
30145,3.5,,,1,10353
30146,2,,,1,10353
30147,2,,,1,10353
30148,3,,,1,10353
30149,3,,,1,10353
30151,2.5,,,1,10353
30159,1.3,,,1,10328
30165,0.6,,,1,10320
30167,6.5,,,1,10328
30181,4,,,1,10353
30184,1,,,1,10342
30213,3.5,,,1,10328
30218,1.3,,,1,10328
30241,10,,,1,23
30252,1,,,1,16
30279,1,,,1,10320
30280,0.4,,,1,10328
30281,0.5,,,1,10328
30283,0.2,,0.471,2,"10320,10328"
30286,0.4,,,1,10328
30312,0.2,,,1,10353
30322,2.2,,,1,10328
30323,0.7,,,1,10328
30334,3,,,1,10353
30342,1,,0.471,2,"10320,10353"
30343,0.25,,,1,10342
30346,2.3,,,1,23
30350,0.8,,0.43,2,"10320,10342"
30359,1,,,1,10320
30360,5,,,1,10342
30363,1,,,1,10342
30365,30,,,1,10328
30366,5.4,,0.274,2,"10333,10353"
30406,1,,,1,10320
30427,2,,,1,10328
30444,0.2,,0.283,2,"10320,10342"
30454,2,,,1,16
30455,2,,,1,16
30458,29,,,1,10328
30461,0.1,,,1,10320
30466,25,,,1,10328
30476,15,,,1,10353
30477,25,,,1,10328
30478,7,,0.879,2,"10320,10353"
30486,3.5,,,1,10353
30492,1,,,1,10353
30494,7,,,1,10328
30498,3,,0.109,2,10353
30499,4,,0.157,3,10353
30528,0.2,,,1,10320
30538,3,,,1,10353
30542,0.7,,,1,10320
30547,12.7,,,1,10353
30552,3,,,1,10353
30554,1.8,,,1,16
30555,2,,0.283,2,"10320,10353"
30556,2.4,,,1,23
30558,2.5,,,1,16
30560,4,,,1,16
30561,2.2,,,1,16
30578,1.3,,0,2,"16,23"
30581,3,,0,2,"16,23"
30582,1,,,1,23
30603,2,,,1,263
30672,0.2,,,1,10328
30686,0.5,,,1,10320
30687,2,,0.471,2,"16,10328"
30691,1,,,1,10320
30694,3,,0.283,2,"10320,10328"
30696,0.5,,0,2,10320
30698,0.3,,,1,16
30699,1,,,1,16
30701,1.5,,,1,10320
30708,0.5,,0.346,3,"10328,10333,10342"
30710,1.8,,,1,10328
30711,0.5,,0.229,3,"16,10328,10333"
30712,1,,,1,10320
30720,4,,,1,10353
30723,4,,,1,10353
30775,1.2,,,1,10353
30777,0.4,,0.361,4,"10320,10342,10353"
30778,2.5,,,1,10353
30780,0.7,,,1,10353
30794,1.4,,,1,23
30801,0.05,,,1,10320
30806,1,,,1,10320
30807,4,,,1,10328
30808,0.1,,,1,10320
30818,0.5,,0,2,10320
30820,0.3,,,1,10320
30822,0.03,,,1,10320
30824,4.5,,,1,10328
30830,1.5,,,1,10328
30833,0.03,,,1,10320
30835,0.5,,,1,10320
30841,0.3,,,1,10320
30842,0.5,,,1,10328
30846,3,,,1,10328
30848,0.2,,,1,10320
30852,0.08,,,1,10320
30853,5,,,1,10328
30854,0.6,,,1,10320
30863,0.8,,,1,10328
30866,0.05,,1.01,2,"10342,10353"
30873,0.8,,,1,10353
30874,0.1,,,1,10353
30908,0.3,,,1,10320
30913,0.08,,0.157,2,10342
30919,0.2,,,1,10342
30923,0.3,,,1,10342
30925,0.2,,,1,10342
30930,0.2,,,1,10342
30933,0.15,,,1,10342
30934,0.1,,,1,10342
30936,0.3,,,1,10342
30938,0.2,,,1,10342
30942,3,,0.173,3,"10320,10353"
30945,10,,,1,10342
30962,1.3,,,1,23
30964,2.5,,,1,23
30966,3.5,,,1,23
30979,3.5,,,1,10353
30983,1,,,1,10342
30994,0.1,,0.471,2,"10320,10342"
30997,0.2,,0,3,"16,23"
31002,1,,0,3,16
31004,0.3,,0.761,2,"10320,10342"
31006,0.1,,,1,10320
31010,0.8,,,1,10353
31011,0.25,,,1,10353
31012,0.2,,,1,10353
31014,0.15,,,1,10353
31016,1.8,,,1,10353
31018,0.5,,,1,10353
31019,0.7,,,1,10353
31046,1,,,1,10342
31067,1,,,1,10353
31071,0.8,,,1,23
31072,0.4,,1.558,4,"10320,10328,10342,23"
31074,0.4,,,1,10320
31102,3,,,1,10320
31103,3,,,1,10320
31105,7,,,1,10320
31109,5,,,1,10320
31129,4,,,1,10320
31152,5.5,,,1,10353
31158,2,,,1,10342
31172,0.05,,,1,10320
31173,0.15,,,1,16
31174,0.1,,,1,10328
31177,0.05,,0,2,10320
31179,0.05,,,1,10320
31185,1.5,,,1,10353
31186,3.5,,,1,10353
31187,3,,,1,10353
31188,1.5,,,1,10353
31189,3,,,1,10353
31191,4,,,1,10353
31210,0.8,,,1,10342
31252,2,,,1,10342
31264,0.5,,,1,10342
31267,0.5,,,1,10342
31272,0.4,,,1,10328
31273,0.15,,,1,10342
31274,0.12,,,1,10342
31275,0.15,,,1,10342
31276,0.3,,,1,10320
31287,0.2,,0,2,10320
31291,0.3,,,1,10342
31299,0.3,,,1,10342
31306,0.1,,0.707,2,"10320,10342"
31307,0.2,,,1,10342
31308,0.2,,,1,10342
31314,0.2,,,1,10342
31321,0.3,,,1,10342
31324,0.2,,,1,10342
31328,3,,,1,10353
31329,2,,,1,10353
31331,2,,,1,10353
31333,1,,0.236,2,10353
31342,2,,,1,10320
31355,0.3,,0,2,10353
31356,2,,0.182,4,10353
31363,2,,,1,10353
31364,2.6,,,1,10353
31365,2.5,,,1,10353
31366,1.5,,,1,10353
31373,2,,,1,10353
31390,1.8,,,1,10328
31443,0.2,,0.283,2,10353
31445,0.2,,,1,16
31449,5,,0,2,10353
31453,0.4,,0,2,"263,10342"
31461,3,,,1,10320
31465,0.15,,,1,10320
31491,1,,,1,10328
31498,0.8,,,1,10353
31499,0.6,,,1,10320
31502,1.5,,0.354,2,"10320,10353"
31503,1,,,1,10320
31506,0.2,,,1,10320
31507,0.15,,1.111,6,"16,10320,10333,10353,23"
31508,1,,0.348,4,"10320,10342,10353"
31515,0.15,,,1,10320
31519,0.9,,,1,23
31523,0.5,,,1,10320
31524,1.5,,0.643,2,"10328,10342"
31531,0.35,,0.653,3,"10320,10342,10353"
31536,1,,,1,10320
31538,0.15,,,1,10320
31546,0.3,,,1,10320
31589,1,,,1,10320
31594,4.6,,0.059,2,"16,10353"
31615,0.6,,,1,10320
31617,0.1,,,1,10320
31621,0.2,,,1,10320
31626,0.3,,0,2,10320
31635,1.5,,,1,10320
31683,4,,,1,16
31698,2,,,1,10320
31707,4,,,1,10353
31722,21,,,1,10328
31727,0.1,,,1,16
31758,2.2,,,1,10353
31788,1.5,,0,2,"263,10342"
31790,1.2,,,1,10342
31846,4,,0.133,3,"16,10320,23"
31856,1.5,,,1,10320
31857,0.2,,0,2,10320
31866,0.5,,,1,10320
31875,0.4,,,1,10320
31877,0.5,,0,2,"10320,10342"
31881,0.6,,,1,10320
31886,0.3,,,1,10320
31892,0.2,,,1,10320
31926,0.4,,0.471,2,"10320,10342"
31934,0.5,,,1,10320
31944,0.2,,0.283,2,"10320,10342"
31948,0.2,,1.323,2,"10320,10328"
31974,0.2,,,1,10320
31979,3,,,1,10328
31985,0.2,,0.606,2,"10320,10342"
31991,4.5,,,1,10328
31996,0.5,,,1,10342
32001,1,,,1,10353
32051,0.1,,0,2,"10328,10342"
32054,0.2,,,1,10328
32055,5,,,1,10353
32060,2.5,,,1,10353
32062,7,,,1,10353
32063,13,,0,2,10353
32066,4.5,,,1,10353
32067,0.1,,0,2,10320
32091,0.2,,0.283,2,"10320,10342"
32092,0.3,,0,2,"16,10320"
32095,0.5,,,1,10320
32097,0.3,,0.824,4,"263,10320,10342,10353"
32100,0.5,,0,2,"10320,10342"
32102,1,,,1,10342
32117,2.5,,,1,10353
32118,3.5,,,1,10353
32120,1.5,,,1,10353
32131,0.1,,0.4,4,"16,10320,10342,23"
32139,0.15,,,1,10342
32142,0.1,,,1,10342
32145,0.15,,,1,10342
32147,0.1,,,1,10320
32150,0.15,,,1,10342
32151,0.1,,,1,10320
32160,1,,,1,10320
32169,2.5,,,1,10328
32170,1.5,,,1,10320
32172,0.5,,,1,10320
32182,1.5,,,1,10320
32184,3.5,,,1,10320
32185,2,,0.693,3,"16,10353,23"
32186,3,,,1,10353
32189,1,,0.529,3,"10320,10328,10353"
32190,4,,,1,10353
32221,0.5,,0,2,"10320,23"
32228,0.3,,0.202,2,"10320,10333"
32232,0.2,,0.707,2,"10320,10342"
32262,0.3,,,1,10320
32265,0.8,,0.157,2,"10320,23"
32283,0.4,,,1,10333
32290,0.6,,,1,10328
32305,4,,,1,16
32309,2,,,1,10328
32322,5,,0.236,2,"16,10342"
32324,2,,0,2,"16,23"
32330,4.5,,0,2,"16,23"
32331,7,,,1,16
32335,6.5,,0,2,"16,23"
32336,4,,,1,16
32353,6,,0,2,"16,23"
32365,1.4,,0.795,2,"16,10342"
32366,3.2,,,1,16
32373,6,,,1,16
32379,2.5,,0,2,10320
32381,1,,,1,10342
32382,0.1,,,1,10320
32400,20,,,1,10328
32406,1,,,1,10320
32426,1,,,1,10320
32471,0.1,,,1,16
32509,0.6,,,1,10353
32510,1,,0,3,10353
32516,1.2,,,1,10353
32523,90,,,1,23
32524,2,,,1,10320
32525,2,,,1,10320
32531,1,,,1,10320
32536,8,,,1,10328
32539,15,,,1,10328
32540,10,,,1,10328
32542,5,,,1,10342
32551,5,,,1,10353
32552,2,,,1,10353
32575,2.4,,,1,10353
32578,2,,,1,10353
32600,2.5,,,1,10328
32632,0.1,,,1,10320
32637,15,,,1,10328
32659,1.2,,,1,23
32662,0.5,,,1,16
32672,1,,,1,10320
32685,0.5,,,1,16
32689,0.8,,,1,16
32696,0.2,,,1,16
32699,1,,,1,16
32702,1,,,1,16
32711,1,,,1,16
32721,1.2,,,1,16
32724,3,,,1,16
32728,2,,,1,16
32734,0.4,,,1,16
32735,0.7,,,1,16
32738,2,,,1,16
32740,1.2,,,1,16
32743,0.4,,,1,16
32745,2,,,1,16
32750,0.6,,,1,23
32753,0.4,,,1,16
32755,2,,,1,16
32763,1.4,,,1,16
32764,2,,,1,16
32768,0.9,,,1,23
32770,0.2,,,1,23
32774,1,,,1,16
32798,2,,,1,16
32802,2.5,,,1,16
32810,1,,,1,16
32827,1.5,,,1,16
32834,0.5,,0,2,"16,10320"
32837,0.8,,,1,23
32868,1.5,,0.202,2,"10320,10353"
32890,3,,,1,10342
32892,8,,,1,10342
32895,9,,,1,10342
32914,3,,,1,10353
32921,1,,,1,16
32947,2,,,1,10353
32948,3,,,1,16
32951,4,,0.105,4,"16,10320,10353,23"
32957,2,,0.283,2,"263,10342"
32961,2,,,1,10333
32963,2.5,,,1,10353
32965,1.5,,0,2,10320
32966,1.5,,,1,10353
32969,0.7,,0.192,3,"10320,10342,10353"
32970,2,,0.693,3,"10320,10353"
32971,0.5,,0.471,2,"10320,10342"
32972,1,,0,2,"10320,10353"
32975,0.3,,,1,10353
32976,1.5,,,1,10353
32978,0.5,,0.471,2,"10320,10353"
32980,1,,0,2,"10320,10353"
32981,1,,,1,10353
32983,0.8,,0.124,3,"10320,10342,10353"
32987,2,,,1,10353
32988,3.5,,0.25,2,"10320,10353"
32992,0.3,,,1,10320
32993,2.5,,,1,10328
32994,1,,,1,10353
32997,1,,0.283,2,"10320,10353"
32998,0.8,,,1,10320
33005,0.07,,,1,10320
33008,1,,,1,10320
33012,2,,,1,10353
33017,1,,,1,10320
33019,7,,,1,10353
33023,15,,0,2,"16,10353"
33024,12,,,1,10328
33037,0.05,,0.826,4,"16,10320,10328,10342"
33040,0.05,,,1,10342
33041,0.3,,,1,10328
33044,1,,1.061,2,"16,10342"
33046,1.5,,,1,10320
33074,6,,,1,10328
33090,3,,,1,10320
33098,4,,,1,16
33106,0.3,,,1,10320
33107,0.2,,,1,10320
33108,2,,,1,10328
33109,0.3,,,1,10342
33110,0.4,,0,2,"10320,10342"
33112,0.15,,0.202,2,"10320,10342"
33115,0.4,,0,2,"10320,10342"
33116,0.15,,0.202,2,"10320,10342"
33137,13,,,1,10328
33140,11,,,1,10328
33211,2.5,,,1,10328
33212,0.3,,,1,10342
33240,1,,,1,10353
33244,10,,,1,10342
33259,0.4,,,1,10328
33263,8,,,1,10353
33267,2.5,,,1,10328
33271,15,,,1,10328
33273,0.7,,,1,10328
33274,1.5,,,1,10353
33277,4,,,1,10353
33279,4,,,1,10353
33281,1.5,,,1,10353
33282,2.5,,,1,10353
33283,2,,,1,10353
33287,150,,,1,10328
33335,5,,,1,10328
33336,4,,0.124,3,"16,10320,10342"
33337,3,,,1,10353
33342,2,,,1,10353
33343,2,,0.606,2,10353
33344,1.5,,,1,10353
33346,2,,0.283,2,10353
33348,2,,,1,10320
33352,3,,,1,10342
33372,8,,,1,10353
33377,0.8,,,1,10353
33380,2.3,,,1,10328
33384,0.3,,0.315,3,"10320,10342"
33395,0.2,,,1,10328
33397,4.7,,,1,10353
33398,1.5,,,1,10353
33399,2,,,1,10353
33401,5.2,,,1,10353
33402,3,,,1,10353
33403,1,,,1,10353
33412,0.2,,0,2,"10320,23"
33420,0.25,,,1,10353
33455,0.3,,,1,10353
33463,0.6,,,1,10353
33474,0.25,,,1,16
33481,1,,,1,16
33489,0.2,,,1,10353
33496,1,,,1,10353
33502,0.3,,,1,10320
33509,1,,,1,10320
33510,0.4,,,1,10353
33530,0.4,,,1,10353
33564,0.35,,,1,10353
33586,0.4,,,1,23
33592,0.2,,,1,10353
33616,0.8,,,1,10353
33622,0.7,,,1,10353
33646,0.2,,0.354,4,"16,10320,10342,23"
33663,0.15,,0.202,2,"10353,23"
33664,0.3,,,1,10353
33668,0.2,,0,2,"10320,10353"
33675,0.5,,0.471,2,"263,10342"
33678,3,,,1,10328
33685,0.1,,,1,10353
33690,1.3,,,1,10328
33696,4.5,,,1,16
33697,3.5,,,1,16
33698,2.5,,,1,16
33699,2.5,,,1,16
33700,4.5,,,1,16
33701,2.5,,0,2,16
33702,3,,,1,16
33703,3.7,,,1,16
33704,3.5,,,1,16
33705,1.5,,,1,16
33706,7.3,,,1,16
33707,1.1,,,1,16
33708,2.5,,,1,16
33709,3.5,,,1,16
33710,5.1,,,1,16
33711,1.2,,,1,16
33712,4,,,1,16
33713,0.7,,,1,16
33715,4,,,1,16
33716,7.5,,0,2,16
33718,1.4,,,1,16
33719,5,,,1,16
33720,0.6,,,1,16
33721,2.2,,,1,16
33723,1.5,,,1,16
33724,2.5,,,1,16
33725,6.5,,,1,16
33726,2.5,,,1,16
33727,2,,,1,16
33728,4,,,1,16
33759,0.5,,0.545,4,"10320,10353,23"
33773,4,,0,2,"10342,10353"
33774,5.8,,,1,10328
33797,4.5,,,1,10353
33798,1,,0.63,3,"10320,10342,10353"
33799,5,,,1,10320
33802,5,,,1,10353
33803,1,,,1,10320
33804,5,,0.404,2,"10328,10353"
33810,1.5,,0,2,"263,10342"
33842,0.4,,,1,10320
33843,1,,,1,10320
33844,0.5,,0,3,"16,10353"
33857,1.5,,,1,10353
33858,1,,,1,10353
33859,1,,,1,10353
33871,3,,0,2,10353
33875,1,,0.606,2,10353
33892,1.5,,,1,10353
33898,0.6,,,1,10353
33902,1.2,,,1,10353
33940,4,,,1,10353
33943,2.5,,,1,10353
33992,0.1,,0.333,3,"10320,10353,23"
34017,0.3,,,1,10353
34020,0.6,,,1,10353
34029,0.6,,,1,10353
34040,1.2,,,1,10353
34060,2,,,1,10353
34067,2,,,1,10353
34074,2,,,1,10353
34077,0.8,,,1,10353
34084,3.5,,,1,10353
34113,2,,,1,10328
34114,17.5,,,1,10328
34122,0.04,,,1,10320
34124,1.2,,,1,10328
34135,0.2,,0.606,2,"10320,10328"
34139,0.2,,,1,10320
34144,0.2,,,1,10320
34145,0.2,,,1,10320
34149,0.3,,0,2,10320
34150,0.2,,,1,10320
34152,0.2,,,1,10320
34154,0.7,,,1,10320
34155,0.2,,,1,10320
34156,1.5,,,1,10328
34159,0.1,,,1,10320
34160,0.1,,0,2,10320
34165,0.2,,,1,10328
34167,0.1,,,1,10320
34170,0.2,,,1,10328
34176,0.2,,0,2,10320
34179,1,,,1,10320
34209,1,,,1,10353
34213,0.3,,,1,10353
34357,0.2,,,1,10328
34359,0.05,,0,2,"263,10342"
34360,0.14,,,1,23
34362,1.2,,,1,10328
34368,0.06,,,1,10342
34377,1.2,,,1,10328
34378,0.1,,,1,10328
34379,0.1,,,1,10328
34382,0.1,,,1,10328
34384,0.1,,,1,10342
34385,0.15,,,1,10342
34386,0.2,,,1,10328
34389,0.12,,0.354,2,"10328,10342"
34392,0.1,,,1,10328
34393,0.1,,,1,10328
34394,0.1,,,1,10328
34428,9,,,1,10328
34461,10,,0,2,"16,23"
34517,1,,0.404,2,"10320,23"
34528,1.7,,,1,23
34543,1,,0.283,2,"10320,10353"
34574,1.5,,,1,10320
34575,0.5,,,1,10342
34578,1.5,,0.433,3,"16,10320,10342"
34599,0.3,,,1,16
34614,0.5,,,1,10320
34626,2.5,,,1,10328
34627,1.3,,,1,10320
34638,3.3,,,1,10328
34690,1.5,,,1,10320
34703,1.5,,,1,10328
34708,1.5,,0,2,"10320,10342"
34719,6,,,1,23
34733,2.8,,,1,10328
34758,3.5,,,1,23
34759,2,,,1,23
34760,2.5,,,1,23
34767,2,,,1,10320
34797,1,,,1,10320
34817,0.1,,,1,10342
34818,0.2,,,1,10342
34820,0.2,,,1,10342
34821,0.8,,,1,10320
34822,0.05,,1.497,3,"263,10342"
34823,0.3,,,1,10328
34825,0.1,,0,2,"263,10342"
34830,0.2,,,1,10342
34835,0.3,,0.354,2,"10320,10342"
34841,0.8,,,1,10320
34844,0.15,,,1,10342
34848,0.2,,,1,10320
34850,0.8,,,1,10320
34854,0.4,,,1,10320
34855,1,,,1,10320
34857,0.3,,,1,10342
34858,0.5,,0.378,3,"10320,10333,10342"
34859,2,,,1,10328
34861,0.1,,,1,10342
34864,0.4,,1.133,3,"10320,10333,10342"
34869,0.7,,,1,10320
34870,0.3,,0,2,10320
34872,0.2,,,1,10328
34874,0.1,,,1,10342
34879,3.5,,,1,10328
34888,4,,,1,10328
34896,1.5,,,1,10328
34899,1.7,,,1,10328
34900,1,,,1,10320
34902,0.1,,,1,263
34935,8,,,1,10353
34937,12,,,1,10353
34945,12,,,1,10320
34991,3,,,1,10353
35004,5.2,,,1,10328
35006,5.3,,,1,10328
35016,0.5,,,1,16
35024,1.1,,,1,10328
35026,0.6,,,1,10328
35029,2.2,,,1,10328
35034,9,,,1,263
35088,1.2,,,1,10353
35143,1.2,,0.497,2,"16,10353"
35147,1.5,,,1,10342
35148,0.8,,,1,10353
35155,1.5,,,1,10342
35160,2,,,1,23
35200,0.3,,,1,10328
35201,0.3,,,1,10328
35203,0.1,,0.283,2,"10320,10342"
35204,0.3,,,1,10328
35207,0.1,,,1,10328
35210,0.1,,,1,10328
35211,0.3,,,1,10328
35212,0.1,,,1,10342
35213,0.5,,,1,10328
35216,0.3,,,1,10328
35217,0.2,,,1,10328
35221,0.1,,,1,10328
35222,0.2,,,1,10328
35224,0.03,,,1,10320
35227,0.3,,,1,10328
35233,0.4,,,1,10328
35238,0.1,,,1,10328
35244,0.1,,,1,10328
35246,0.1,,0,2,"10320,10342"
35247,0.3,,,1,10328
35250,0.2,,,1,10328
35251,0.3,,,1,10328
35254,0.1,,,1,10328
35255,0.1,,,1,10328
35257,0.1,,,1,10328
35258,0.1,,,1,10328
35260,0.2,,,1,10328
35263,0.2,,,1,10328
35264,0.3,,,1,10328
35271,0.025,,,1,10320
35272,0.2,,,1,10342
35274,0.1,,,1,10328
35275,0.1,,,1,10328
35277,0.2,,,1,10328
35278,0.4,,,1,10328
35283,0.1,,,1,10328
35284,0.2,,,1,10328
35286,0.02,,0.943,2,"10320,10328"
35289,0.1,,,1,10328
35292,0.1,,,1,10328
35293,0.3,,,1,10328
35294,0.1,,,1,10328
35298,0.7,,,1,10328
35302,0.2,,,1,10328
35303,0.2,,,1,10342
35306,0.4,,,1,10328
35319,0.6,,,1,10320
35336,0.3,,,1,10328
35351,2,,,1,10328
35359,0.2,,,1,10320
35363,0.05,,,1,10320
35380,7,,,1,10353
35396,0.4,,,1,10328
35430,2,,,1,10353
35440,0.1,,,1,10353
35455,0.2,,0.247,3,"16,10320,10333"
35466,0.1,,,1,10320
35492,0.4,,,1,10320
35496,0.1,,0,2,"10320,23"
35524,3,,,1,10353
35525,1.5,,,1,10353
35526,2,,,1,10353
35533,0.2,,0,2,"10320,10353"
35535,0.3,,0.315,3,"10320,10342,10353"
35537,0.2,,,1,10320
35542,0.2,,,1,10342
35556,0.6,,,1,10342
35562,0.3,,,1,10353
35564,0.1,,0.471,2,"10320,10353"
35580,0.7,,,1,10320
35639,0.3,,,1,10320
35640,0.4,,,1,10328
35645,1,,,1,10328
35647,0.2,,,1,10342
35667,3,,,1,10320
35692,4,,,1,16
35701,0.4,,,1,10320
35741,5,,,1,10342
35787,17,,,1,23
35796,15,,,1,10328
35822,10,,,1,10342
35849,2,,0.422,2,"10320,10328"
35851,0.4,,,1,10320
35852,1.5,,,1,10320
35855,1.5,,,1,10320
35860,0.5,,0,2,10320
35861,0.1,,0,2,10320
35862,1.5,,,1,10320
35869,0.2,,,1,10320
35886,2.5,,,1,10353
35888,2,,0.247,3,"10320,10342,10353"
35891,7.5,,,1,10328
35894,4,,0,2,"10342,10353"
35896,2,,0.628,5,10353
35897,7.5,,,1,10328
35901,3.5,,,1,10353
35902,2,,,1,10353
35908,0.15,,,1,10320
35944,0.7,,,1,23
35951,0.3,,0.327,3,"10333,10353,23"
35954,0.1,,,1,10353
35955,0.1,,0.471,2,10353
35956,0.2,,,1,10353
35982,1.8,,,1,10320
35984,1.5,,,1,10320
35987,5,,,1,10328
36001,1.5,,,1,10342
36003,0.8,,,1,10328
36013,3,,,1,10328
36015,0.05,,,1,10342
36017,0.4,,,1,10353
36019,0.5,,,1,10353
36023,0.5,,,1,10353
36028,0.5,,,1,10353
36035,0.4,,,1,10353
36048,0.8,,,1,10353
36052,0.5,,0,2,"10320,10353"
36053,1.5,,,1,10342
36078,3,,,1,10353
36079,3,,,1,10353
36104,1.5,,,1,10353
36105,0.8,,,1,10353
36107,0.8,,,1,10342
36176,1,,,1,23
36192,0.03,,,1,10353
36193,4,,,1,10353
36196,2,,,1,10353
36198,3,,,1,10353
36200,0.4,,,1,10353
36202,4,,,1,10353
36207,2,,,1,10353
36214,1,,,1,10353
36260,1.5,,,1,23
36304,1.5,,0,2,10320
36306,0.14,,0.04,3,"16,10320,23"
36308,0.18,,,1,10320
36318,0.05,,,1,10320
36321,0.3,,,1,10320
36322,1,,,1,10320
36324,0.3,,,1,10320
36347,0.2,,,1,10328
36352,0.5,,0.236,2,"16,10342"
36355,2,,0.295,4,10353
36356,3,,0.173,3,"10320,10353"
36357,2,,0.544,2,"10328,10353"
36358,2.5,,,1,10353
36359,2,,0.544,2,"10328,10353"
36361,1,,0.471,2,"10320,10353"
36362,1.5,,0.444,3,"10320,10342,10353"
36366,2.5,,,1,10353
36368,2,,,1,10353
36374,2.5,,0,2,"263,10342"
36375,1,,0.606,2,"10320,10353"
36384,1.5,,0.157,3,"10320,10353"
36385,2,,,1,10353
36390,1.5,,,1,10320
36391,2.5,,0.415,3,"10328,10353"
36393,0.8,,,1,10353
36394,1.5,,0.202,2,10353
36400,2,,0.471,2,10353
36407,0.15,,,1,10320
36409,0.1,,,1,10320
36413,1,,0,2,"16,10353"
36418,0.5,,,1,10353
36420,2,,,1,10353
36425,3.5,,,1,10353
36431,0.3,,,1,10320
36452,0.3,,,1,10320
36454,0.2,,,1,10353
36459,0.2,,,1,10353
36474,2.5,,,1,10328
36494,0.45,,,1,10320
36504,1,,,1,10328
36505,1,,0.786,2,"10328,10342"
36510,0.8,,,1,10353
36512,0.2,,,1,10328
36516,2,,,1,10328
36550,3,,0.121,5,"16,10320,10333,10353,23"
36551,2.5,,,1,23
36596,4.5,,,1,10320
36616,2.7,,,1,23
36658,3,,,1,10320
36704,6,,,1,23
36714,6.9,,,1,23
36743,4.5,,,1,23
36769,1.5,,,1,10320
36786,2.1,,,1,23
36799,3.6,,,1,23
36813,2,,,1,23
36871,3,,,1,23
36895,4.5,,,1,23
36897,5.2,,,1,23
36904,3.5,,,1,23
36912,3,,,1,23
36946,4,,,1,16
36947,4.5,,,1,16
36954,85,,,1,10328
37035,13,,,1,10342
37071,10,,,1,10342
37076,10,,,1,10320
37096,0.6,,0.606,2,"10320,10353"
37098,0.3,,,1,10320
37105,1,,,1,10342
37109,0.6,,,1,16
37125,1.5,,,1,10328
37129,1.3,,,1,10328
37132,1,,,1,10328
37137,0.6,,,1,10320
37139,0.8,,,1,10320
37146,0.8,,,1,10328
37147,0.6,,,1,10320
37151,0.3,,,1,10320
37155,1,,,1,10328
37156,0.5,,,1,10320
37158,1,,,1,10320
37161,0.5,,,1,10320
37163,0.4,,,1,10320
37166,0.6,,,1,10320
37172,0.7,,,1,10320
37183,0.8,,,1,10328
37195,2.8,,,1,10328
37252,0.3,,,1,10328
37253,0.4,,,1,10328
37257,0.15,,,1,10342
37264,0.1,,,1,10328
37267,0.8,,,1,10328
37269,5,,,1,10320
37277,1.5,,,1,10328
37286,0.2,,,1,10353
37297,0.2,,,1,10320
37299,0.1,,,1,10320
37305,0.05,,,1,10320
37306,0.1,,,1,10320
37310,0.05,,,1,10320
37311,0.1,,,1,10320
37312,0.1,,,1,10320
37321,0.2,,0,2,10320
37323,0.8,,,1,10342
37338,3,,,1,10353
37339,1,,,1,10353
37418,0.4,,0.471,2,"10328,10353"
37422,0.5,,0.294,7,"10320,10328,10353"
37423,0.7,,,1,10353
37432,1.2,,,1,10353
37435,1,,,1,10353
37436,2.5,,,1,10353
37437,1.6,,,1,10353
37440,2.5,,,1,10353
37441,2.3,,,1,10353
37442,1.5,,,1,10353
37443,2,,,1,10353
37445,1.5,,,1,10353
37446,2.5,,,1,10353
37448,3,,,1,10320
37465,0.5,,0,2,10320
37468,1.3,,,1,10328
37488,3.5,,,1,10353
37489,1.5,,0.202,2,"10342,10353"
37493,4,,,1,10353
37516,1.5,,,1,10353
37518,5,,,1,10328
37546,2,,,1,10342
37555,2,,,1,10353
37574,3,,0.471,2,"10320,10342"
37576,11,,,1,10328
37585,1.2,,,1,10342
37602,2,,,1,10328
37622,0.03,,,1,10342
37665,1,,,1,10328
37668,12,,,1,10328
37670,2,,,1,10328
37673,3,,,1,10328
37682,8,,,1,10328
37688,2,,,1,10328
37690,2,,,1,10328
37698,15,,0,2,"263,10342"
37713,2,,,1,10328
37715,2,,,1,10328
37718,5,,,1,10328
37746,1.2,,,1,10320
37754,9,,,1,10328
37759,3,,,1,10328
37764,1.3,,,1,10328
37765,1.5,,0.643,2,"10328,10342"
37776,0.6,,,1,10342
37779,0.7,,0.795,2,"10328,10342"
37801,5,,,1,10328
37802,4,,,1,10328
37810,0.12,,1.254,2,"10320,10342"
37812,10,,,1,10328
37822,0.8,,,1,10328
37832,4,,,1,10328
37836,0.01,,0.712,4,"10320,10353"
37837,0.5,,,1,10342
37845,10,,,1,10328
37858,0.1,,,1,10328
37861,0.1,,,1,10328
37863,0.1,,,1,10328
37869,0.2,,,1,10328
37871,0.2,,,1,10328
37900,3,,0.202,2,"10342,10353"
37908,1,,0.811,3,"10328,10333,10342"
37909,1.7,,,1,10328
37910,4,,,1,10328
37912,6,,,1,10328
37916,1,,,1,10353
37922,2.5,,,1,23
37924,2.5,,,1,16
37926,2,,,1,10353
37930,1.6,,,1,10353
37931,0.3,,,1,10353
37933,3,,,1,10353
37969,2,,,1,10342
37972,0.5,,,1,16
37973,0.5,,,1,16
37980,0.7,,,1,10353
37982,2.5,,,1,10353
37985,2.2,,,1,16
37986,0.8,,,1,16
37987,2,,,1,16
37997,3.5,,,1,10328
37999,1,,,1,10342
38000,0.2,,0.606,2,"10320,10342"
38004,0.05,,,1,10342
38033,2,,0.471,2,"10320,10353"
38034,2,,,1,10353
38035,7,,0.372,2,"10320,10328"
38038,3,,,1,10328
38061,1,,0,2,"10320,10342"
38064,1.5,,,1,10353
38065,1.5,,,1,10353
38068,2,,,1,10353
38069,1.5,,,1,10353
38070,2.5,,0.471,2,"263,10342"
38071,2.5,,,1,10353
38073,2.5,,0.129,2,"263,10342"
38075,1.5,,,1,10353
38079,3,,,1,10353
38100,2.5,,,1,10353
38101,1.5,,,1,10353
38102,0.5,,,1,10353
38103,1.5,,,1,10353
38105,1.5,,,1,10353
38106,1.7,,,1,10353
38107,0.8,,,1,10353
38114,40,,,1,10328
38129,3,,,1,10353
38131,5,,,1,10353
38133,3,,0,2,"10320,10353"
38137,2.5,,0,2,10353
38138,0.05,,,1,10320
38142,2,,,1,10353
38145,1,,,1,10353
38149,0.5,,,1,10353
38150,4,,,1,10353
38151,3,,,1,10353
38153,1,,,1,10353
38155,1.6,,,1,10353
38156,2,,,1,10353
38157,4.6,,,1,10353
38158,0.3,,,1,10353
38159,1.5,,,1,10353
38160,1.2,,,1,10353
38162,0.4,,,1,10353
38164,1,,,1,10353
38166,2,,,1,10353
38167,2.5,,,1,10353
38170,2,,,1,10353
38171,2,,,1,10353
38172,1.5,,,1,10353
38173,1.8,,,1,10353
38174,2.5,,,1,10353
38175,1.5,,,1,10353
38177,1.5,,,1,10353
38178,1.4,,,1,10353
38179,1.9,,,1,10353
38181,3.5,,,1,10320
38182,1.5,,,1,10353
38183,6,,,1,10353
38184,0.5,,,1,10353
38185,0.3,,,1,10353
38188,2,,,1,10353
38189,0.5,,,1,10353
38190,2,,,1,10353
38192,1.5,,,1,10353
38193,2,,,1,10353
38194,2.5,,,1,10353
38196,1,,,1,10353
38197,0.5,,,1,10353
38198,2.5,,,1,10353
38200,3.5,,,1,10353
38201,2.3,,,1,10353
38203,3,,,1,10353
38211,2.5,,,1,10320
38212,1,,0.283,2,"16,10353"
38215,1,,,1,10320
38228,100,,,1,10328
38240,2.5,,,1,16
38250,5,,,1,10320
38252,3.5,,,1,10342
38257,0.8,,0,2,"16,23"
38284,0.3,,,1,16
38289,0.4,,,1,10320
38311,0.15,,,1,16
38327,0.8,,,1,23
38347,0.1,,,1,10320
38348,0.2,,,1,10320
38352,0.7,,,1,16
38404,0.1,,,1,10320
38406,5,,,1,10328
38414,11,,,1,10328
38415,11,,,1,10328
38416,7,,,1,10328
38420,5,,,1,10328
38423,0.3,,,1,10320
38427,0.2,,,1,10320
38441,0.1,,,1,10320
38443,1,,,1,10342
38446,10,,,1,10342
38449,1.5,,,1,10353
38455,3.5,,,1,10353
38460,1.5,,0.202,2,"10320,10353"
38462,0.2,,0.63,3,"10320,10333,10342"
38494,2.5,,,1,10353
38497,10,,0.217,3,"10320,10328,10342"
38507,0.05,,,1,10320
38511,0.1,,0,2,10320
38646,7,,,1,10328
38651,1.5,,,1,10353
38653,1,,,1,10353
38656,1.5,,,1,10353
38661,0.3,,,1,10328
38665,2.5,,,1,23
38666,4,,,1,10328
38668,0.8,,,1,10353
38673,0.5,,0.326,2,"10320,10353"
38676,1,,0.283,2,"10320,10342"
38679,1,,,1,10353
38682,0.5,,,1,10353
38685,2.5,,,1,10328
38689,0.8,,,1,10353
38691,0.8,,,1,10353
38692,1,,0.129,2,"10320,10353"
38695,1.4,,,1,10328
38698,0.5,,,1,10353
38700,0.8,,,1,10353
38707,0.6,,0.315,3,"10320,10353"
38708,1,,,1,10320
38709,1,,,1,10353
38718,0.6,,,1,10353
38732,1.5,,,1,10353
38740,0.2,,0,3,10320
38741,0.1,,,1,10328
38744,0.1,,,1,10342
38748,0.1,,,1,10342
38767,1.5,,,1,10320
38771,0.5,,,1,10353
38773,2,,,1,10353
38796,0.4,,0.57,3,10342
38800,0.8,,,1,10342
38841,3.5,,,1,10328
38851,2.2,,,1,10328
38865,3,,,1,10342
38876,5,,,1,10353
38878,3,,,1,10353
38886,5.5,,,1,10328
38891,4,,,1,10353
38897,5.5,,,1,10328
38898,2,,,1,10353
38899,1.5,,,1,10353
38900,1.5,,,1,10353
38907,2.5,,,1,10353
38939,3,,,1,10353
38946,5.5,,,1,10328
38953,2,,0.283,2,"10320,10353"
38955,8,,,1,10328
38960,6.5,,0.052,2,"10320,10328"
38965,2,,,1,10353
38966,1,,,1,10353
38978,0.8,,,1,10353
38984,3,,,1,10353
39003,2,,,1,10353
39009,1.5,,0.4,4,"10320,10353"
39018,1,,,1,10353
39026,1.5,,,1,10353
39027,2.5,,,1,10353
39038,3.5,,,1,10320
39045,2,,,1,10353
39046,4,,,1,10320
39051,3.5,,,1,10320
39059,2.5,,,1,10353
39067,1,,0.707,2,10353
39073,3,,,1,10320
39081,4.5,,,1,10353
39083,4.5,,0,2,"10320,10328"
39113,0.8,,0.606,2,"10320,10353"
39114,1.3,,,1,10328
39117,3,,,1,10353
39127,2,,,1,10353
39130,3.5,,,1,10353
39137,4,,0.157,2,"10320,10328"
39149,1,,,1,10353
39161,5,,,1,10353
39171,1,,0,3,"10320,23"
39179,8,,,1,10320
39214,1.5,,,1,10353
39216,2.5,,,1,10353
39231,3,,,1,10353
39240,1,,0.707,2,"10320,10342"
39246,4,,0.337,2,"10320,10328"
39274,2,,0.129,2,"16,10320"
39302,1.5,,,1,16
39303,0.8,,,1,10353
39306,0.3,,0.643,2,"16,10320"
39315,2,,,1,10353
39316,0.2,,0.909,4,"10320,10328,10342,10353"
39322,1.5,,,1,10320
39325,3,,,1,10328
39326,1,,,1,10342
39328,1.3,,,1,10342
39329,3,,0,2,"10333,10342"
39331,1.5,,,1,10353
39333,0.8,,,1,10320
39336,5,,,1,10328
39341,0.15,,,1,10353
39346,2.5,,0,2,"263,10342"
39347,3,,0,2,"263,10342"
39349,1,,,1,10353
39350,2,,,1,10353
39354,8,,,1,10342
39361,2,,0,2,"10320,10342"
39364,3,,0.202,2,"10320,10328"
39374,2,,,1,10353
39377,4,,,1,10320
39382,1.8,,,1,10353
39384,2.1,,,1,10353
39389,0.03,,,1,10342
39390,0.05,,,1,10320
39396,0.2,,,1,10328
39398,2.5,,,1,10342
39412,3,,,1,10342
39431,0.4,,,1,10328
39435,0.2,,,1,10328
39438,0.2,,,1,10328
39440,0.15,,,1,10320
39445,0.2,,,1,10328
39451,0.2,,,1,10328
39457,0.2,,,1,10328
39464,0.1,,,1,10320
39466,0.3,,,1,10328
39500,2,,,1,23
39507,0.3,,,1,10328
39532,3.5,,,1,10353
39533,0.7,,0,2,10353
39534,0.05,,,1,10320
39537,0.04,,,1,16
39539,0.08,,,1,10353
39541,0.07,,,1,10353
39542,0.03,,,1,10320
39546,0.05,,0.471,2,"10320,10353"
39558,0.5,,,1,16
39561,0.2,,,1,10353
39601,6,,,1,10353
39602,2,,,1,10353
39603,2,,,1,10353
39606,5,,,1,10353
39614,10,,,1,10353
39640,0.5,,0.433,3,"10320,10353"
39643,1.5,,,1,10353
39644,1,,,1,10353
39648,0.5,,0.461,6,"10320,10353"
39649,2.5,,,1,10353
39653,1,,0.283,2,"10320,10353"
39654,1.9,,,1,10328
39657,1,,,1,10328
39660,1.5,,,1,10353
39663,1,,,1,10353
39664,2,,,1,10353
39666,1.5,,,1,10353
39670,0.6,,,1,10320
39671,1,,,1,10353
39680,0.5,,,1,10353
39681,2.5,,,1,10320
39685,0.7,,,1,10320
39690,2,,,1,10353
39695,1,,,1,10353
39702,0.5,,,1,10353
39709,4,,,1,10353
39710,2.5,,,1,10353
39712,1.5,,,1,10353
39713,0.4,,,1,10320
39716,0.6,,0.379,4,"10320,10353"
39729,2,,,1,10328
39763,0.8,,0,2,"16,23"
39775,0.4,,,1,10342
39779,0.25,,,1,10342
39789,1.5,,,1,10342
39794,0.4,,,1,10342
39798,2.3,,,1,10328
39800,1,,0,2,"16,23"
39801,0.8,,,1,10342
39814,0.4,,,1,10320
39815,2,,,1,10328
39820,12,,,1,10328
39838,2,,,1,10342
39846,0.6,,,1,10342
39850,1,,,1,10320
39853,2,,,1,10320
39856,3.8,,,1,10328
39859,0.2,,0,2,"10320,10333"
39860,0.5,,,1,10342
39874,1,,,1,10353
39880,4.5,,,1,10328
39882,0.5,,,1,10353
39893,5,,,1,16
39894,0.1,,,1,10353
39895,13,,,1,16
39897,2,,,1,16
39898,3,,,1,16
39915,2,,,1,10353
39922,1.5,,0.157,3,23
39940,1.1,,0.411,2,"10333,23"
39955,0.2,,,1,10320
39959,0.6,,0.761,2,"10320,10353"
39972,2,,,1,10353
39998,2,,0,2,10320
40004,2,,,1,10320
40009,0.8,,0,2,10353
40010,2.5,,0,2,10353
40047,6.5,,,1,10328
40078,5,,,1,10353
40079,0.7,,,1,10353
40090,0.3,,,1,16
40154,2,,,1,10328
40170,0.4,,,1,10320
40171,0.1,,,1,10320
40176,2,,,1,16
40178,1,,,1,16
40184,2,,,1,16
40185,1,,,1,16
40186,2.5,,,1,16
40188,0.2,,,1,10353
40190,0.2,,,1,10320
40191,0.4,,,1,10320
40192,1,,,1,16
40195,1.5,,,1,23
40196,1,,,1,16
40202,2,,,1,16
40205,1.5,,,1,23
40206,4,,0.157,2,"10353,23"
40228,1.5,,,1,10320
40264,2,,,1,10353
40286,2.5,,,1,10353
40295,0.2,,,1,10320
40296,0.3,,,1,10353
40297,0.4,,,1,10333
40299,0.4,,,1,16
40300,0.5,,,1,16
40301,0.6,,,1,16
40302,0.5,,,1,16
40303,1.5,,0,2,16
40304,0.3,,,1,16
40305,0.18,,,1,16
40306,1.7,,,1,16
40307,4.5,,,1,16
40308,0.4,,,1,16
40309,0.8,,,1,16
40310,1.4,,,1,16
40311,2,,,1,16
40312,1.8,,,1,16
40313,0.7,,,1,16
40314,1.5,,,1,16
40315,0.5,,,1,16
40316,1.8,,,1,16
40317,0.6,,,1,16
40318,0.15,,,1,16
40319,4,,,1,16
40320,0.15,,,1,16
40321,1.4,,,1,16
40322,1,,,1,16
40323,2,,,1,16
40324,3,,,1,16
40325,0.6,,,1,16
40326,0.15,,,1,16
40327,0.08,,,1,16
40328,0.2,,,1,16
40329,7,,,1,16
40338,0.2,,0.283,2,"16,10342"
40339,0.7,,0.387,4,"16,10320,10342,23"
40350,0.05,,,1,10342
40372,0.1,,0,2,"10320,23"
40375,0.05,,,1,23
40416,2,,,1,23
40456,6,,,1,10333
40470,0.05,,,1,10320
40473,0.1,,,1,10320
40474,0.1,,,1,10320
40488,0.05,,,1,10320
40498,0.06,,,1,10320
40502,2,,,1,10353
40508,2,,,1,10353
40550,1,,0.283,2,"263,10342"
40552,4,,0.471,2,"263,10342"
40558,1,,0.67,2,"10328,10342"
40571,1,,,1,10328
40575,0.25,,,1,10320
40583,0.1,,,1,10328
40584,0.04,,,1,10320
40586,0.03,,,1,10320
40590,0.1,,,1,10328
40610,0.1,,,1,10320
40612,0.08,,,1,10320
40634,0.2,,,1,10320
40646,0.3,,,1,16
40659,0.25,,,1,23
40664,1,,,1,10342
40675,1,,,1,10320
40710,1.5,,,1,10320
40711,2,,,1,10320
40713,0.75,,,1,10320
40716,3.5,,0.265,3,10353
40717,0.5,,,1,10320
40726,1,,,1,10342
40730,3.5,,,1,10328
40734,1.5,,,1,10342
40753,1.5,,,1,10320
40760,0.5,,,1,10342
40761,1.5,,,1,10342
40784,0.4,,,1,10320
40792,0.7,,,1,10328
40793,0.8,,,1,10328
40818,0.05,,,1,10353
40819,0.3,,,1,10320
40826,0.5,,,1,10342
40830,0.8,,0.301,3,"10320,10353"
40860,0.3,,,1,10328
40863,0.3,,,1,10328
40895,1.9,,,1,10328
40904,0.1,,0.471,2,"10328,10342"
40919,1.8,,,1,10320
40974,0.1,,,1,10342
41072,4,,,1,10342
41073,2,,,1,10342
41074,1,,,1,10353
41075,1.5,,,1,10328
41082,1,,0.799,2,"10328,10342"
41086,1,,,1,10320
41087,2.5,,,1,10320
41094,0.6,,,1,10320
41096,1,,,1,10320
41100,0.6,,,1,10328
41102,1.5,,,1,10320
41111,1,,,1,10320
41112,1.9,,,1,10328
41114,0.5,,1.01,2,"10320,10328"
41115,0.1,,,1,10320
41117,1,,,1,10320
41120,0.5,,,1,10320
41130,1,,,1,10328
41133,1.2,,0.157,2,10342
41134,0.6,,,1,10328
41145,2.5,,,1,10353
41157,0.2,,0.606,2,10320
41158,0.5,,,1,10320
41163,0.5,,,1,10320
41164,0.2,,,1,10320
41172,0.6,,,1,10328
41181,0.4,,1.081,2,"16,10328"
41183,1.5,,,1,10342
41186,1,,,1,10320
41190,0.5,,0.495,3,"16,10320,10342"
41191,3,,,1,10328
41195,3.5,,0,2,"16,23"
41201,1.1,,,1,10342
41205,0.5,,,1,10342
41207,0.6,,0.202,2,"16,10320"
41211,1,,,1,16
41221,0.8,,,1,10320
41222,0.8,,,1,10320
41224,1,,,1,16
41225,1.4,,0.478,3,"16,10320,23"
41227,1,,0,3,"16,10320"
41237,1.4,,0.049,2,"16,10320"
41246,0.8,,1.024,2,"16,23"
41253,0.1,,,1,10328
41262,0.5,,,1,10342
41311,2.5,,,1,10353
41314,0.2,,0.133,3,"10320,10353"
41317,4,,,1,23
41320,4,,,1,23
41324,0.5,,,1,16
41327,0.5,,,1,16
41336,0.25,,,1,10342
41345,0.1,,0.693,4,"16,10320,10342,23"
41348,0.5,,,1,10320
41358,3,,,1,10320
41369,3,,0.471,2,"10320,10328"
41370,0.15,,0.472,3,"10328,10333,10342"
41372,0.4,,0,2,"10320,10342"
41377,0.2,,0.283,2,"10320,23"
41382,0.3,,,1,10320
41383,0.4,,0.157,2,"10320,10342"
41395,0.15,,0.202,2,"10320,10342"
41399,3,,,1,10353
41428,0.6,,,1,10353
41440,6,,,1,16
41442,6,,,1,16
41444,5,,,1,16
41445,10,,,1,16
41446,7,,,1,16
41449,6,,,1,16
41450,6,,,1,16
41451,7,,,1,16
41453,4,,,1,16
41456,0.4,,0.411,6,"16,10320,10342,10353,23"
41466,0.3,,,1,10353
41469,1,,,1,10353
41478,1,,,1,10353
41481,2.5,,,1,10353
41488,0.4,,0.271,6,"10342,10353"
41493,0.2,,,1,23
41495,3,,,1,10353
41496,2.5,,,1,10353
41499,0.5,,,1,10353
41504,1.7,,,1,23
41505,1.5,,,1,10342
41507,0.8,,,1,10342
41513,1,,,1,10342
41518,2.4,,,1,10342
41519,2,,,1,10342
41521,2.3,,,1,10342
41523,1.1,,,1,10342
41526,0.8,,,1,10342
41527,1.5,,,1,10342
41529,1.1,,,1,10342
41532,0.6,,0.109,2,10342
41540,2.5,,,1,10342
41581,0.6,,0.289,4,"16,10320,23"
41588,0.6,,,1,16
41593,0.2,,,1,10320
41605,0.3,,1.045,2,"10320,10353"
41608,0.4,,,1,10328
41610,0.5,,,1,10353
41611,1,,0.707,2,"10320,10328"
41613,0.5,,,1,16
41615,0.2,,,1,16
41617,1.5,,,1,10320
41619,1.5,,,1,10328
41622,0.8,,,1,10353
41624,1,,,1,10328
41628,0.1,,0.77,4,"16,10320,10353"
41631,0.05,,,1,16
41644,0.2,,,1,16
41645,0.8,,,1,10320
41652,0.15,,,1,10353
41657,0.3,,,1,10320
41658,0.2,,,1,10320
41665,0.5,,,1,10353
41667,0.7,,,1,16
41672,0.3,,,1,10353
41687,0.05,,,1,16
41692,0.1,,,1,10320
41694,0.2,,0,2,10320
41702,0.4,,0.99,3,"10320,10342"
41704,12,,,1,10320
41709,1.3,,,1,10342
41710,0.3,,,1,10328
41711,0.2,,,1,10328
41713,10,,,1,10353
41718,1,,0.471,2,"10342,10353"
41754,0.4,,,1,10353
41759,0.3,,,1,10353
41761,2,,,1,10342
41765,2,,0.217,3,"16,10353"
41766,5,,,1,10328
41767,2,,,1,10328
41773,0.3,,,1,16
41783,0.15,,0.761,2,"10320,10328"
41785,0.1,,0,2,"16,10320"
41786,1.5,,,1,10328
41827,1.5,,,1,10353
41828,5,,,1,10353
41830,2,,,1,10353
41832,3,,,1,10320
41835,3,,,1,10353
41839,1.5,,,1,10353
41845,1,,,1,10353
41847,1.5,,,1,10320
41852,3.5,,,1,10353
41853,2,,,1,10353
41864,1.5,,,1,10353
41865,2,,,1,10353
41873,2.5,,,1,10353
41877,2,,,1,10353
41879,1.2,,,1,10353
41882,1,,,1,10353
41889,2,,,1,10342
41906,1,,0.471,2,"10320,23"
41913,12,,,1,10353
41915,5,,0.326,2,"10328,10353"
41919,2,,,1,10342
41924,3.5,,,1,10328
41927,1,,0.471,2,"10320,10342"
41928,12,,,1,10320
41932,2.9,,,1,10328
41940,1.5,,,1,10353
41941,1,,,1,10320
41942,2,,,1,10320
41944,4,,,1,10320
41949,2.5,,,1,10320
41968,5,,,1,10328
41973,3,,0.566,2,"10320,10328"
41975,5,,,1,23
41976,2.5,,,1,10353
41977,4.5,,,1,10353
41981,5,,,1,10353
41982,8.5,,0.507,2,"10328,10342"
41984,3.5,,0.372,2,"10320,10342"
41987,5,,,1,10353
41991,4,,,1,10328
41994,1.5,,,1,10353
41996,1.5,,0.643,2,"10320,10353"
41999,1.6,,0.43,2,"10320,10333"
42007,1,,0.67,2,"10320,10328"
42009,1.6,,0.157,2,10353
42012,1.5,,,1,10353
42014,0.5,,1.176,4,"10320,10328,10342,10353"
42021,1,,,1,10320
42024,3.5,,,1,10320
42028,3,,,1,10320
42032,2.5,,0.741,2,"10328,10353"
42042,4,,,1,10353
42043,1,,,1,10320
42046,1,,0.943,2,"10342,10353"
42053,0.8,,,1,10320
42058,2,,,1,23
42063,15,,,1,10353
42064,0.3,,,1,10320
42069,0.5,,,1,10320
42070,0.7,,,1,10320
42074,0.5,,0,2,"10328,10342"
42081,0.4,,0.346,3,"16,10320"
42096,0.5,,1.01,2,"10320,10328"
42097,0.5,,,1,10320
42098,0.3,,,1,10320
42104,6,,,1,10342
42107,7,,,1,10328
42108,2,,0,2,"16,10320"
42109,1,,,1,10342
42111,3,,,1,10342
42115,6,,,1,10342
42117,3,,,1,10342
42120,3,,,1,10342
42122,4,,,1,10342
42125,2,,,1,10342
42126,2,,,1,10342
42127,1,,,1,10320
42128,4,,,1,10328
42135,1,,0.667,4,"16,10320,10333,23"
42137,3,,,1,10342
42140,2,,,1,10342
42144,4,,,1,10342
42153,2.1,,,1,10353
42154,0.9,,,1,10353
42155,1,,,1,10353
42164,0.3,,,1,16
42170,0.6,,,1,10320
42174,1.4,,,1,10328
42178,0.9,,,1,10328
42184,1,,0.99,3,"10320,23"
42185,1.5,,,1,10353
42186,1.8,,,1,10353
42193,1.4,,0,2,"10328,10353"
42195,1.5,,,1,10353
42215,1,,,1,10353
42229,5,,0,2,"10328,10342"
42230,1,,0,2,"10333,10342"
42254,0.08,,,1,10320
42265,0.4,,,1,10320
42267,0.5,,,1,10320
42271,0.8,,,1,10320
42273,0.1,,,1,10353
42277,0.7,,,1,10353
42278,0.2,,0.943,2,"10328,10353"
42280,10.5,,,1,10328
42291,0.2,,0.471,2,"16,10342"
42309,4,,0,2,"16,23"
42315,2.5,,0,2,"16,23"
42352,0.05,,,1,10353
42357,0.03,,0.668,3,"10320,10328,10342"
42361,0.03,,1.585,3,"10320,10342,10353"
42366,0.06,,0.266,3,"16,10320,10342"
42368,0.03,,,1,10342
42372,0.05,,0.471,2,"10328,10353"
42376,0.1,,,1,10320
42385,0.2,,,1,10320
42487,2,,0,2,"16,23"
42528,0.8,,,1,10353
42529,1.5,,,1,10353
42530,0.9,,0.074,2,10353
42533,1,,0.385,4,"10328,10353"
42534,0.5,,0.236,2,10353
42535,0.8,,,1,10353
42536,0.7,,,1,10353
42537,1,,,1,10353
42539,0.8,,,1,10353
42541,0.7,,,1,10353
42552,1.5,,,1,10328
42556,0.15,,,1,10353
42558,0.12,,,1,10320
42567,1.2,,,1,23
42575,0.1,,0.471,2,"10328,10333"
42588,0.2,,,1,23
42591,0.1,,,1,10342
42606,0.2,,,1,23
42608,0.2,,,1,23
42639,0.6,,0.173,3,"16,10320,10342"
42643,2.5,,,1,10328
42646,0.4,,,1,263
42652,1.4,,,1,10342
42654,2,,,1,10328
42663,1,,0.471,2,"10320,23"
42671,3,,,1,10353
42672,3.5,,,1,10353
42677,0.2,,,1,10328
42678,0.2,,,1,10320
42679,0.1,,,1,10320
42680,0.25,,,1,10320
42683,0.15,,,1,10320
42719,2,,,1,10353
42720,0.4,,,1,10353
42722,1.3,,,1,10353
42724,1,,,1,10353
42727,1,,,1,10353
42728,0.5,,,1,10353
42729,0.8,,,1,10353
42760,0.4,,,1,10328
42763,1,,,1,10353
42770,0.2,,,1,10353
42779,0.2,,,1,10320
42780,0.1,,,1,10328
42781,0.15,,0.202,2,"10320,10353"
42785,0.05,,,1,10353
42788,0.2,,0.583,5,"16,10320,10328,10342,10353"
42792,0.5,,,1,10353
42793,2,,,1,10353
42796,0.2,,,1,10353
42797,0.8,,,1,10328
42799,1.5,,,1,10353
42804,0.8,,,1,10353
42807,0.5,,,1,10353
42815,0.6,,,1,10353
42816,5,,,1,10353
42846,1,,,1,10320
42847,1.5,,,1,10320
42869,0.6,,,1,16
42870,1.7,,,1,16
42871,1.1,,,1,16
42872,1.6,,,1,16
42873,2.6,,,1,16
42875,1.6,,,1,16
42876,1.7,,,1,16
42877,1.7,,,1,16
42878,2.1,,,1,16
42879,2.5,,,1,16
42881,1.7,,,1,16
42882,0.2,,,1,16
42883,1.8,,,1,16
42884,1.2,,,1,16
42885,1.9,,,1,16
42886,1.9,,,1,16
42887,1.8,,,1,16
42888,1.7,,,1,16
42889,1.1,,,1,16
42895,0.2,,,1,10328
42943,0.3,,,1,10342
42956,4,,0.118,4,"10320,23"
42989,4,,,1,10320
43044,5,,0.326,2,"10353,23"
43136,2,,,1,10353
43145,1,,,1,10353
43148,45,,,1,10353
43195,3.8,,,1,16
43197,3,,,1,10353
43198,3,,,1,10353
43199,4,,,1,10353
43202,2.5,,0.326,2,10353
43221,0.3,,,1,10320
43227,0.05,,,1,10320
43229,0.2,,,1,10320
43236,0.2,,,1,10320
43245,0.4,,,1,16
43249,0.18,,,1,10320
43302,0.05,,,1,10342
43323,2,,,1,10353
43324,3,,,1,10353
43336,0.3,,0,2,10353
43340,0.3,,,1,10353
43346,0.4,,,1,10353
43360,2.3,,,1,10328
43362,2,,,1,10328
43372,0.6,,0.283,2,"10328,10342"
43375,0.8,,,1,10328
43380,0.3,,,1,10320
43411,2,,,1,10320
43469,2.5,,0,2,10320
43470,2.5,,,1,10353
43471,4.5,,,1,10353
43472,4,,,1,10353
43473,0.7,,0,2,"16,23"
43483,6,,0,2,"10320,23"
43493,1,,,1,10353
43494,8,,,1,10328
43512,1,,,1,10353
43517,1,,,1,10320
43523,2,,,1,10353
43525,3,,,1,10353
43528,2.5,,,1,10353
43533,2.5,,,1,10353
43534,1.5,,,1,10353
43535,1,,,1,10353
43538,1,,,1,10353
43540,1.5,,,1,10353
43542,3.5,,0.094,2,10353
43551,2.5,,0.177,5,"16,10353,23"
43559,3,,,1,10353
43560,2,,,1,10353
43564,1.5,,,1,10320
43566,0.7,,,1,10353
43567,2,,,1,10353
43575,4,,,1,10353
43579,3.5,,,1,10353
43580,1.5,,0.088,2,10353
43581,2,,0,2,10320
43582,1.5,,,1,10353
43587,2.5,,0.105,4,"16,10353,23"
43595,1.5,,,1,10353
43601,1.5,,,1,10353
43608,0.2,,,1,10328
43609,5,,0.108,3,"16,10353,23"
43617,1.5,,0,2,10353
43628,4,,,1,10353
43629,1,,,1,10353
43630,1,,,1,10320
43634,1.5,,,1,10320
43656,2.5,,,1,10353
43663,1.7,,,1,10353
43664,5,,,1,10353
43666,1.5,,,1,16
43672,2,,,1,10353
43674,3,,,1,10320
43677,1.5,,,1,10353
43681,2,,,1,10353
43684,1,,,1,10353
43685,6,,,1,10353
43690,0.4,,,1,10353
43699,3,,,1,10353
43772,3.5,,,1,10353
43781,2,,,1,10320
43787,7,,,1,10353
43788,18.5,,,1,10353
43792,3,,0.202,2,10353
43797,0.02,,,1,10342
43828,0.2,,,1,10320
43840,2.5,,,1,10353
43845,1.6,,,1,23
43874,1,,,1,10353
43876,1,,0.573,3,"10320,10353"
43878,7.5,,,1,10328
44080,0.6,,,1,10353
44283,0.7,,,1,10320
44297,0.1,,,1,10328
44301,0.8,,0.124,3,"16,10320,23"
44414,1.5,,,1,10320
44416,4,,,1,10353
44417,3,,,1,10353
44428,0.2,,,1,10320
44437,0.3,,,1,10320
44450,0.5,,0.968,3,"16,23"
44480,12,,0,2,"16,23"
44486,4,,0.283,2,23
44495,2,,,1,16
44581,0.6,,,1,10320
44582,0.8,,,1,10342
44604,0.3,,0,2,16
44605,0.03,,,1,16
44606,0.15,,0,2,16
44607,0.3,,,1,16
44608,0.04,,0,2,16
44609,0.08,,0,2,16
44610,0.1,,0,2,16
44612,0.05,,,1,16
44613,0.3,,0,2,16
44614,0.3,,,1,16
44615,0.1,,,1,16
44620,50,,,1,10353
44626,0.1,,,1,10342
44634,3,,,1,10353
44635,3.5,,,1,10353
44636,2.5,,,1,10353
44639,5,,0,2,10353
44640,2,,,1,10353
44641,1.5,,,1,10353
44644,5,,,1,10353
44646,2,,,1,10320
44647,0.5,,0,2,10353
44648,2,,,1,10353
44649,3,,,1,10353
44650,2.5,,,1,10353
44651,4,,,1,10353
44652,3,,,1,10353
44653,3.5,,0,2,10353
44656,0.1,,,1,10320
44657,0.1,,,1,10320
44662,0.1,,,1,10320
44714,0.6,,,1,10320
44726,4.5,,,1,10328
44756,1,,,1,10353
44757,0.4,,,1,10353
44759,1,,,1,10353
44778,0.5,,,1,10342
44780,0.2,,,1,10320
44781,0.1,,,1,10320
44800,2,,,1,10328
44802,1.1,,,1,10328
44807,1.2,,,1,10328
44810,1.5,,,1,10328
44817,1.5,,,1,10320
44820,0.6,,,1,10320
44821,1.3,,,1,10328
44824,2,,,1,10328
44853,13,,,1,10328
44948,0.5,,,1,10320
44949,0.2,,,1,10320
44960,0.05,,,1,10320
44977,4,,0.111,3,"10333,10353,23"
44993,0.1,,,1,10320
44999,1.5,,,1,10328
45067,1,,0.331,3,"16,10320,10353"
45069,3.5,,,1,10353
45073,1.5,,0,2,"16,23"
45074,3,,0,2,"16,10353"
45076,2.5,,0.129,2,"16,10353"
45077,2,,,1,10353
45088,0.1,,,1,10353
45103,0.3,,,1,10328
45108,0.1,,,1,10342
45222,2,,,1,10320
45223,0.8,,,1,10342
45232,6,,0.091,3,"16,10320,23"
45233,4,,,1,10320
45237,0.2,,,1,23
45242,0.4,,,1,10320
45243,0.2,,,1,10320
45246,0.2,,,1,10320
45252,10,,,1,10320
45262,1,,,1,10342
45306,1.5,,,1,10320
45313,1,,,1,10353
45314,1,,,1,10353
45315,1,,,1,10353
45316,0.8,,,1,10353
45317,1,,,1,10353
45318,2.5,,,1,10353
45319,1.5,,,1,10353
45324,0.05,,,1,10342
45326,0.1,,,1,16
45335,1.2,,,1,10328
45360,1.5,,,1,10353
45387,5,,,1,10353
45388,3.4,,,1,10353
45389,1.2,,,1,10353
45390,3.5,,,1,10353
45391,4,,,1,10353
45392,2,,0,2,10353
45393,1.5,,,1,10353
45394,2.5,,,1,10328
45398,1,,,1,10353
45400,100,,,1,10328
45403,4,,0,3,10320
45405,0.2,,0.943,2,10320
45416,1.5,,,1,10342
45418,1.5,,,1,10342
45419,2.5,,,1,10320
45423,1.5,,,1,10342
45424,0.4,,,1,10342
45433,1.5,,,1,10320
45437,1,,,1,10328
45440,1,,0,2,"16,10342"
45441,0.5,,,1,10328
45464,1.2,,,1,16
45465,0.8,,,1,16
45466,1.1,,,1,16
45467,1,,,1,16
45475,2.5,,,1,10353
45476,3,,0,2,"10320,10353"
45478,0.4,,,1,16
45481,0.2,,,1,10342
45519,4,,,1,10353
45523,0.7,,0,2,10320
45554,0.5,,,1,23
45637,0.1,,,1,10320
45640,0.05,,,1,10320
45641,3,,,1,10353
45647,1,,0,3,"16,10320,23"
45656,0.6,,,1,10320
45657,0.6,,,1,10320
45658,0.2,,,1,10320
45660,0.2,,,1,10320
45668,0.4,,,1,10320
45669,0.4,,,1,10320
45678,0.3,,0.202,2,"16,10320"
45681,0.3,,,1,10320
45684,0.5,,,1,10320
45685,0.3,,0.202,2,"16,10320"
45688,0.6,,,1,10320
45689,1,,,1,10320
45690,1,,,1,10320
45701,0.25,,,1,10342
45707,0.3,,,1,10320
45717,0.7,,,1,10320
45719,0.3,,0.761,2,"10320,10342"
45720,0.3,,,1,10320
45722,0.3,,,1,10320
45730,0.15,,,1,10320
45732,0.8,,0,2,"16,10320"
45733,0.2,,,1,10320
45736,0.2,,,1,10320
45739,0.5,,,1,10320
45767,0.5,,,1,10342
45773,3,,,1,10353
45785,7,,,1,10353
45787,2,,,1,23
45789,3,,,1,23
45791,1,,,1,16
45794,0.3,,0.354,2,"16,10320"
45808,0.2,,,1,10342
45814,1,,0.786,2,"10320,10328"
45837,2,,,1,10353
45840,0.6,,,1,10353
45841,0.3,,,1,10353
45842,2,,,1,10353
45843,2,,,1,10353
45845,3,,,1,10353
45850,0.05,,,1,10342
45851,0.3,,,1,10342
45866,0.2,,,1,10328
45867,0.2,,,1,10328
45871,0.3,,,1,10328
45872,0.1,,,1,10328
45874,0.4,,,1,10328
45883,1.5,,,1,10320
45911,0.6,,0.109,2,"10328,10342"
45916,0.8,,,1,10342
45917,1.5,,,1,10328
45930,1.5,,0.433,3,"16,10320,23"
45931,3.5,,0.681,2,"16,10333"
45937,2,,,1,10353
45952,2.5,,,1,10353
45955,4,,,1,10320
45971,0.5,,,1,10342
45972,1.5,,,1,10342
45979,3,,,1,10353
45989,1,,,1,10353
46009,2,,,1,10353
46013,3.5,,,1,10353
46029,1.5,,,1,10353
46030,11,,,1,10328
46054,0.4,,,1,10353
46055,0.3,,0.354,2,"10342,10353"
46056,0.5,,,1,10353
46057,0.2,,,1,10353
46058,0.4,,1.081,2,"10328,10353"
46066,1.7,,,1,10328
46068,0.3,,,1,10328
46070,0.3,,,1,10328
46083,2,,,1,10342
46121,0.1,,,1,10328
46122,0.08,,,1,10320
46169,1.7,,0.377,5,"10320,10353,23"
46170,1,,0,2,10353
46183,0.6,,,1,10320
46186,0.3,,,1,10320
46211,1,,,1,10320
46214,2,,,1,10328
46220,1,,0.495,4,"10320,10353"
46222,4,,,1,10328
46224,1.5,,,1,10320
46227,1.5,,,1,10342
46228,3.5,,,1,10342
46233,5,,,1,10342
46235,0.4,,0.943,2,10353
46236,1,,,1,10342
46271,0.2,,,1,10320
46278,0.15,,,1,10320
46283,1.8,,,1,10353
46284,2,,,1,10353
46288,3.5,,,1,10353
46291,4,,,1,10353
46296,2.5,,,1,10353
46298,4,,,1,10353
46308,2,,,1,10353
46310,2,,,1,16
46311,1,,,1,10353
46312,1,,0,2,23
46313,3,,,1,10353
46314,0.5,,,1,10328
46317,0.4,,0,2,10353
46318,1,,,1,16
46319,2.5,,0.404,2,10353
46321,1,,,1,10353
46323,4,,,1,10353
46324,2,,,1,10353
46325,2,,,1,10353
46326,0.7,,,1,10353
46332,0.1,,,1,10353
46333,0.6,,,1,10353
46336,0.2,,,1,10353
46339,0.35,,,1,10353
46343,1,,,1,16
46346,0.4,,,1,10353
46348,0.6,,,1,10353
46349,2.5,,,1,10353
46350,0.4,,,1,10353
46351,1.5,,,1,10353
46359,0.05,,,1,10342
46390,0.25,,,1,10342
46399,1.2,,,1,10353
46406,2,,,1,10328
46430,2,,,1,23
46447,2,,,1,10353
46468,0.1,,,1,10320
46474,1,,,1,10353
46475,2,,,1,10353
46484,6,,,1,10353
46486,5,,,1,10353
46488,2,,,1,10320
46492,4,,,1,10353
46493,3,,,1,10342
46509,0.4,,1.237,2,"10320,10342"
46512,2.5,,0.108,3,"10320,10342"
46513,2.2,,0.169,3,"10320,10333,10342"
46514,0.1,,1.01,2,"10320,10342"
46516,1.3,,,1,10328
46519,0.6,,,1,10320
46521,0.5,,0.108,3,"10320,10333"
46522,0.5,,0.572,4,"10320,10342"
46523,1,,0,2,10320
46526,1,,0.283,2,"10320,10342"
46535,1,,0.385,4,"16,10320,10342"
46551,6,,0.109,2,"10320,10353"
46552,6,,,1,10353
46579,0.4,,,1,10342
46582,3,,,1,10328
46585,0.4,,0.417,3,"10320,10342,10353"
46586,0.5,,,1,10353
46590,0.2,,0.471,2,"10320,10353"
46593,1,,,1,10342
46599,0.5,,,1,10320
46602,0.2,,,1,10320
46603,1.5,,,1,10353
46616,1.2,,,1,10320
46623,0.6,,,1,10328
46630,0.15,,0.354,2,10320
46633,0.5,,0.326,2,"10320,10342"
46638,0.7,,,1,10353
46644,0.6,,,1,10328
46650,0.6,,,1,10353
46651,0.05,,,1,10320
46652,1,,,1,10320
46657,1.5,,,1,10328
46659,0.7,,,1,10353
46665,0.05,,0.849,2,"10320,10353"
46666,0.3,,0.266,3,"10320,10342,10353"
46668,1.6,,,1,10328
46669,0.5,,,1,10342
46680,1.8,,,1,10328
46686,0.2,,0.539,3,"10320,10342,10353"
46695,1.5,,,1,10328
46696,1,,,1,10353
46698,0.8,,,1,10353
46708,0.6,,,1,10328
46714,0.4,,,1,10353
46744,7,,,1,10328
46745,5,,,1,10328
46753,2,,,1,10320
46755,4,,,1,10328
46765,0.2,,,1,10342
46776,0.1,,0.129,2,"10320,10342"
46778,1,,,1,10342
46784,0.1,,,1,10320
46791,0.15,,,1,10342
46794,0.1,,,1,10320
46796,0.25,,,1,10342
46804,0.2,,,1,10342
46805,0.1,,0.797,5,"16,10320,10342"
46806,0.4,,,1,10342
46812,0.2,,,1,16
46813,0.05,,,1,10320
46815,0.1,,0.295,4,"16,10320,10342"
46827,0.4,,,1,10320
46828,2,,0.157,2,"16,10320"
46835,2,,0,2,10320
46843,0.5,,0,2,10320
46850,1.5,,0,3,"10320,10342,10353"
46851,1.5,,,1,10328
46862,1.5,,0,2,10353
46869,0.5,,,1,10320
46871,0.5,,0,2,"10320,10353"
46872,1,,0.471,2,10353
46880,1,,0,2,10353
46884,1.7,,,1,10328
46885,1,,,1,10353
46887,2.5,,,1,10320
46891,1.5,,,1,10328
46892,1,,0,2,10353
46894,0.5,,,1,10320
46895,1,,,1,10353
46896,0.05,,,1,10320
46899,1,,,1,10353
46903,1,,,1,10353
46917,0.8,,,1,10328
46921,0.5,,,1,10353
46931,1.5,,,1,10353
46940,1.2,,,1,10353
46941,0.5,,,1,10353
46945,1,,,1,10320
46946,0.7,,0.372,2,10353
46947,1,,,1,10353
46949,1.3,,,1,10353
46951,0.05,,,1,10320
46958,1.5,,,1,10353
46965,1,,,1,10353
46968,2,,,1,10353
46980,0.7,,,1,10353
46984,1,,,1,10353
46985,1.5,,,1,10353
47005,4,,,1,10328
47015,1,,0.346,3,"10320,23"
47021,3.5,,0,2,10353
47022,2,,,1,10353
47025,2.3,,,1,10353
47026,3,,,1,10353
47027,5,,,1,23
47029,1.5,,,1,10353
47030,0.4,,,1,10353
47034,5,,0.129,2,"10342,10353"
47036,5,,,1,10353
47038,0.5,,,1,10328
47040,0.2,,,1,10320
47041,0.7,,0,2,10320
47042,0.2,,,1,10320
47076,1,,,1,10320
47130,7,,,1,10328
47133,1,,,1,10328
47136,0.05,,,1,10320
47139,0.1,,,1,10320
47142,0.02,,,1,10320
47143,0.02,,1.157,2,"16,10320"
47149,0.1,,,1,10320
47154,0.1,,,1,10320
47160,0.3,,,1,10328
47163,0.1,,0,2,10320
47167,2,,,1,10328
47202,1,,0,3,"16,10333,23"
47207,1.3,,,1,23
47212,90,,,1,10342
47214,2,,0.247,3,"10320,10328"
47216,4,,,1,10328
47217,1,,0.787,3,"10320,10328"
47236,5,,,1,10328
47241,0.7,,0.315,3,23
47273,0.3,,,1,10320
47276,0.1,,,1,10320
47282,8,,,1,10342
47285,0.5,,,1,10353
47286,1,,,1,23
47292,0.5,,0.471,2,"10320,10353"
47293,2.5,,,1,23
47295,0.8,,,1,10353
47296,4.5,,,1,10353
47297,1,,,1,10353
47299,1.5,,0,2,10353
47301,1,,,1,10353
47307,1.5,,,1,10353
47312,1.2,,,1,10353
47313,1,,,1,10353
47316,0.4,,,1,16
47317,0.4,,,1,16
47318,1,,,1,10320
47326,0.1,,,1,10320
47335,1.5,,,1,10353
47339,5,,,1,10342
47341,5,,,1,10342
47343,3,,,1,10320
47348,0.05,,,1,10342
47349,0.03,,,1,10320
47352,0.02,,,1,10320
47356,1,,,1,10320
47381,3.5,,,1,10353
47383,2.5,,,1,10353
47384,3,,,1,10353
47389,0.1,,,1,10320
47391,0.02,,0,2,10320
47394,0.15,,,1,10320
47400,1.5,,0.563,5,"16,10320,23"
47402,0.8,,,1,10320
47403,1.5,,,1,23
47423,0.13,,,1,10320
47424,0.1,,,1,10320
47425,0.19,,,1,10320
47431,0.5,,,1,10320
47433,0.3,,,1,10320
47434,0.5,,,1,10320
47435,0.3,,,1,10320
47471,0.3,,0.601,3,"10320,10328,10342"
47473,0.3,,,1,10320
47475,0.8,,,1,10320
47480,2,,,1,10353
47574,2,,0,2,23
47584,0.1,,0,2,"10320,10353"
47594,0.4,,,1,10353
47602,0.05,,,1,10320
47605,0.1,,,1,10353
47615,0.5,,0.471,2,"16,10320"
47616,1.5,,,1,10353
47617,3,,,1,10320
47622,7.5,,,1,10328
47637,0.03,,,1,10353
47638,6,,0.354,2,"16,10342"
47706,2.5,,0.326,2,"10320,10342"
47713,3,,,1,23
47726,0.2,,,1,10320
47728,0.03,,,1,10320
47737,0.5,,,1,23
47759,0.6,,0,3,10320
47761,0.4,,,1,10320
47762,0.25,,,1,10320
47763,0.4,,,1,10320
47774,3,,,1,23
47777,0.4,,,1,16
47778,0.5,,0.129,2,"16,10320"
47782,1,,,1,10328
47790,3,,,1,10353
47793,1.5,,0,2,10353
47794,2,,,1,10353
47804,4.5,,,1,10353
47827,0.3,,,1,10328
47834,0.2,,,1,10328
47840,0.07,,,1,10320
47879,0.5,,,1,10320
47950,2,,,1,10353
48025,0.3,,,1,10320
48110,0.5,,,1,10353
48147,1,,,1,10320
48184,14,,,1,10320
48202,0.4,,,1,16
48205,0.3,,,1,10320
48209,9,,,1,16
48292,5,,,1,10353
48295,0.05,,,1,10320
48308,0.8,,,1,16
48353,1,,,1,10320
48359,0.8,,0.157,2,"10320,10333"
48507,1,,,1,10353
48532,1.5,,0.202,2,10353
48676,0.1,,,1,10320
48721,1.5,,,1,10353
48723,0.8,,,1,10353
48763,0.2,,,1,10320
49135,0.5,,,1,10320
49216,1.5,,0.129,2,"10320,10328"
49238,2,,,1,10320
49359,1.5,,,1,10320
49557,1,,,1,10353
49773,2.5,,,1,10353
49776,1.5,,,1,10353
50880,1,,0,2,"10320,10353"
51040,2,,,1,10320
51068,0.07,,,1,10342
51076,0.05,,,1,10320
51141,0.2,,,1,10320
51168,0.15,,,1,10353
51169,0.1,,,1,10353
51188,0.2,,,1,10353
51283,0.3,,,1,10353
51324,0.5,,,1,10320
51499,0.5,,,1,10353
51550,0.4,,,1,10353
51610,0.5,,,1,10353
51658,2,,,1,10353
51793,0.7,,,1,10353
51833,0.1,,,1,10353
51844,1,,,1,10342
52124,0.2,,,1,10353
52334,1,,,1,10320
52423,2.5,,,1,10320
52429,0.6,,,1,10353
52465,0.3,,,1,10320
52466,0.5,,,1,10320
52551,2,,,1,10320
52619,0.7,,,1,10320
52640,0.3,,,1,10320
52807,0.6,,,1,10320
52913,0.2,,,1,10328
52957,0.1,,,1,10320
52971,4,,0,2,10320
52976,0.5,,,1,10320
53024,2,,,1,10320
53038,0.1,,,1,10320
53040,0.1,,0,2,10320
53042,0.3,,,1,10320
53094,0.5,,,1,10320
53133,0.3,,,1,10320
53138,0.4,,,1,10320
53147,0.3,,0,2,10320
53162,0.5,,,1,10320
53245,1,,,1,10353
53281,0.1,,,1,10320
53285,0.1,,,1,10353
53350,0.4,,0,2,10320
53356,0.02,,,1,10320
53373,0.2,,0,2,10320
53387,0.2,,0.606,2,"10320,10353"
53700,0.2,,0,2,10320
53708,0.3,,,1,10320
53859,6,,,1,10320
55726,0.1,,,1,10320
55856,0.4,,,1,10320
56022,2,,,1,10333
56121,1,,,1,10320
56327,0.8,,,1,10353
56330,0.2,,,1,10353
56345,0.3,,,1,10353
56351,1,,,1,10353
56353,0.2,,,1,10353
56365,0.05,,,1,10353
56466,1,,,1,10353
56479,0.07,,,1,10353
56480,0.2,,,1,10353
56482,0.9,,,1,10353
56485,0.2,,0.606,2,10353
56493,0.5,,,1,10353
56494,0.5,,,1,10353
56500,1,,,1,10353
56502,0.7,,,1,10353
56510,0.1,,,1,10353
56538,0.5,,,1,10353
56551,2,,,1,10353
56555,0.2,,,1,10353
56576,0.5,,,1,10353
56579,1.7,,,1,10353
56581,2.5,,,1,10353
56582,4,,0,2,10353
56586,0.5,,,1,10353
56593,3,,,1,10353
56601,0.5,,,1,10353
56602,1,,,1,10353
56606,1.5,,,1,10353
56607,3.2,,,1,10353
56608,3,,,1,10353
56609,2,,,1,10353
56610,1.5,,,1,10353
56611,0.5,,,1,10353
56612,1.5,,,1,10353
56613,1,,,1,10353
56614,0.4,,0.283,2,10353
56615,1,,,1,10353
56620,2,,0.283,2,10353
56621,6,,,1,10353
56622,1.5,,,1,10353
56623,2,,,1,10353
56630,1,,,1,10353
56631,3,,,1,10353
56632,4,,0.471,2,10353
56633,1.2,,,1,10353
56634,2,,,1,10353
56638,15,,,1,10353
56642,0.8,,,1,10353
56643,1.5,,,1,10353
56650,0.3,,,1,10353
56658,1.5,,,1,10353
56664,0.5,,,1,10353
56666,2,,,1,10353
56669,0.5,,,1,10353
56690,1.8,,,1,10353
56697,3.5,,,1,10353
56698,0.3,,,1,10353
56701,3,,,1,10353
56706,2.5,,,1,10353
56720,3,,,1,10353
56753,2.4,,,1,10353
56822,0.1,,,1,10353
56862,10,,,1,10353
56871,1,,,1,10353
56876,1.5,,,1,10353
56959,0.5,,,1,10353
56961,0.1,,,1,10353
56998,4,,0,2,10353
57001,1.3,,,1,10353
57076,0.5,,,1,10353
57114,1,,,1,10353
57317,7,,,1,10328
57326,1.5,,,1,10320
57371,3,,0,2,10353
57508,10,,,1,10353
57518,0.8,,,1,10353
57525,1.5,,,1,10353
57533,2.5,,,1,10353
57572,0.8,,,1,10353
57583,3.5,,,1,10320
57598,0.3,,,1,10353
57600,1,,,1,10353
57661,0.5,,,1,10353
57680,1.4,,0,2,10353
57711,0.1,,0,2,10353
57712,0.2,,,1,10353
57719,10,,,1,10353
57734,4,,,1,10353
57884,1.3,,,1,10320
57886,0.6,,,1,10320
57887,7,,,1,10320
58216,0.3,,,1,10320
58234,1,,,1,10320
58238,1,,,1,10320
58244,2,,,1,10320
58247,2.9,,,1,10320
58254,0.2,,0,2,10320
58257,0.4,,,1,10320
58258,0.7,,,1,10320
58260,0.2,,,1,10320
58265,0.1,,,1,10320
58266,0.2,,,1,10320
58267,0.8,,,1,10320
58269,0.1,,,1,10320
58272,0.2,,,1,10320
58275,0.15,,,1,10320
58277,0.3,,,1,10320
58278,0.1,,,1,10320
58281,0.1,,,1,10320
58290,0.1,,,1,10320
58292,0.2,,,1,10320
58299,0.2,,,1,10320
58300,0.2,,,1,10320
58301,0.2,,,1,10320
58303,0.1,,,1,10320
58308,0.1,,,1,10320
58310,1,,,1,10320
58347,1,,,1,10320
58349,1,,,1,10320
58351,0.4,,,1,10320
58353,0.4,,,1,10320
58356,0.2,,0.283,2,10320
58358,0.8,,,1,10320
58366,0.1,,,1,10320
58367,0.02,,,1,10320
58370,0.7,,,1,10320
58371,0.8,,0,2,10320
58372,1,,,1,10320
58376,0.2,,,1,10320
58424,2,,,1,10320
58427,1,,,1,10320
58434,0.2,,,1,10320
58446,0.13,,0.3,2,10320
58449,0.1,,,1,10320
58451,0.25,,,1,10320
58452,0.1,,,1,10320
58454,0.08,,,1,10320
58456,0.2,,,1,10320
58458,0.05,,,1,10320
58470,0.05,,,1,10320
58480,0.07,,,1,10320
58488,0.4,,,1,10320
58491,0.5,,,1,10320
58500,0.15,,,1,10320
58512,0.2,,,1,10320
58519,0.6,,0,2,10320
58522,0.1,,,1,10320
58524,0.5,,,1,10320
58525,0.5,,,1,10320
58527,1,,,1,10320
58531,0.2,,,1,10320
58537,0.2,,,1,10320
58540,1,,,1,10320
58547,0.4,,,1,10320
58548,0.1,,,1,10320
58551,0.2,,,1,10320
58568,0.1,,,1,10320
58569,0.5,,,1,10320
58585,0.3,,,1,10320
58594,0.2,,,1,10320
58604,0.1,,,1,10320
58613,0.6,,,1,10320
58629,0.3,,,1,10320
58631,0.5,,0,2,10320
58637,0.2,,0,2,10320
58638,0.35,,,1,10320
58641,2,,,1,10320
58645,0.2,,0,2,10320
58648,1.2,,,1,10320
58650,0.1,,,1,10320
58651,0.03,,,1,10320
58652,0.1,,,1,10320
58656,0.2,,,1,10320
58664,0.5,,,1,10320
58665,0.05,,,1,10320
58666,0.8,,0,2,10320
58667,0.5,,,1,10320
58668,0.05,,,1,10320
58672,0.1,,,1,10320
58714,0.1,,,1,10320
58715,7,,,1,10320
58716,0.3,,,1,10320
58729,0.3,,,1,10320
58734,1.4,,,1,10320
58736,0.04,,0.133,3,10320
58737,0.45,,,1,10320
58742,0.3,,,1,10320
58751,0.5,,0,2,10320
58755,0.8,,,1,10320
58776,0.2,,,1,10320
58783,0.4,,,1,10320
58788,0.1,,,1,10320
58793,0.3,,,1,10320
58808,1.2,,,1,10320
58813,1,,,1,10320
58816,2.5,,,1,10353
58849,0.1,,,1,10320
58862,0.3,,,1,10320
58865,0.2,,,1,10320
58867,0.2,,,1,10320
58874,0.1,,,1,10320
58882,0.2,,,1,10320
58883,0.1,,,1,10320
58893,0.15,,,1,10320
58896,0.2,,,1,10320
58902,0.1,,,1,10320
58904,0.05,,,1,10320
58910,0.3,,,1,10320
58914,0.4,,,1,10320
58918,0.1,,,1,10320
58922,0.2,,,1,10320
58926,0.125,,,1,10320
58930,0.25,,,1,10320
58932,0.1,,,1,10320
58933,0.3,,,1,10320
58954,0.1,,,1,10320
58988,0.4,,,1,10320
58989,0.2,,,1,10320
58992,0.2,,,1,10320
58997,0.2,,,1,10320
58998,0.25,,,1,10320
59005,0.15,,,1,10320
59006,0.25,,,1,10320
59012,0.1,,,1,10320
59033,0.2,,,1,10320
59034,0.05,,,1,10320
59069,0.2,,,1,10320
59073,0.1,,,1,10320
59074,0.2,,,1,10320
59088,0.2,,,1,10320
59091,0.09,,0,2,10320
59096,1.5,,,1,10320
59097,0.5,,,1,10320
59126,0.1,,,1,10320
59133,0.25,,,1,10320
59134,0.1,,0.433,3,10320
59135,0.4,,,1,10320
59138,0.5,,0,2,10320
59140,0.15,,,1,10320
59146,0.1,,,1,10320
59148,0.12,,,1,10320
59153,0.25,,,1,10320
59155,0.1,,0,2,10320
59156,0.3,,,1,10320
59158,0.2,,,1,10320
59159,0.27,,,1,10320
59160,0.1,,,1,10320
59161,0.1,,,1,10320
59162,0.05,,,1,10320
59163,2,,,1,10320
59168,2,,,1,10320
59169,1,,,1,10320
59171,0.5,,,1,10320
59173,0.2,,,1,10320
59198,0.2,,,1,10320
59204,0.1,,,1,10320
59206,0.5,,,1,10320
59210,0.3,,,1,10320
59213,1.5,,,1,10320
59214,2,,,1,10320
59215,0.3,,,1,10320
59216,1,,,1,10320
59218,1,,,1,10320
59220,0.5,,,1,10320
59222,0.4,,,1,10320
59223,1.5,,,1,10320
59224,10,,,1,10320
59226,2,,,1,10320
59229,0.35,,,1,10320
59230,0.05,,,1,10320
59231,0.7,,,1,10320
59234,2,,,1,10320
59237,1.5,,,1,10320
59238,1.5,,,1,10320
59243,0.5,,,1,10320
59244,2.5,,,1,10320
59246,1.5,,,1,10320
59247,0.6,,,1,10320
59248,1.5,,,1,10320
59249,1,,,1,10320
59250,0.5,,,1,10320
59251,1,,,1,10320
59253,7,,,1,10320
59254,2,,,1,10320
59255,0.8,,,1,10320
59260,1.5,,,1,10320
59261,1.5,,,1,10320
59262,2,,,1,10320
59265,0.2,,,1,10320
59266,0.8,,,1,10320
59270,0.1,,,1,10320
59274,1,,0,2,10320
59275,1.5,,,1,10320
59276,0.15,,,1,10320
59277,0.3,,,1,10320
59278,0.5,,,1,10320
59279,0.1,,,1,10320
59280,0.15,,,1,10320
59281,0.3,,,1,10320
59283,0.1,,,1,10320
59288,0.1,,,1,10320
59291,0.5,,,1,10320
59294,0.5,,,1,10320
59295,0.6,,,1,10320
59296,0.6,,,1,10320
59299,0.2,,,1,10320
59300,0.5,,,1,10320
59302,0.1,,,1,10320
59305,0.1,,,1,10320
59307,2,,,1,10320
59313,0.5,,0,2,10320
59324,0.1,,,1,10320
59325,1,,,1,10320
59326,0.3,,,1,10320
59327,0.6,,0,2,10320
59329,0.3,,,1,10320
59330,1,,,1,10320
59331,0.1,,,1,10320
59332,0.3,,,1,10320
59333,3,,,1,10320
59334,0.05,,,1,10320
59337,2,,,1,10320
59338,1.5,,,1,10320
59339,1,,,1,10320
59340,1,,,1,10320
59342,0.4,,0,2,10320
59343,0.2,,,1,10320
59345,2.5,,,1,10320
59352,1,,,1,10320
59353,0.5,,,1,10320
59354,2,,,1,10320
59360,0.3,,,1,10320
59361,0.3,,,1,10320
59362,0.15,,,1,10320
59364,0.1,,,1,10320
59367,0.07,,,1,10320
59372,0.1,,,1,10320
59373,0.05,,,1,10320
59376,0.2,,,1,10320
59377,0.05,,,1,10320
59378,0.05,,,1,10320
59379,0.09,,,1,10320
59381,0.1,,,1,10320
59386,1.5,,,1,10320
59387,1,,,1,10320
59388,2,,,1,10320
59391,0.15,,,1,10320
59392,0.1,,0.298,4,10320
59402,0.5,,,1,10320
59403,0.2,,,1,10320
59404,1,,,1,10320
59405,0.06,,0,3,10320
59407,0.3,,,1,10320
59409,0.7,,,1,10320
59410,2,,,1,10320
59411,2,,,1,10320
59412,1.5,,,1,10320
59415,1,,,1,10320
59417,1,,,1,10320
59418,3,,,1,10320
59419,1,,,1,10320
59422,0.1,,,1,10320
59425,0.1,,,1,10320
59426,1.5,,0,2,10320
59430,0.1,,,1,10320
59431,0.05,,,1,10320
59432,0.4,,,1,10320
59434,0.05,,,1,10320
59435,0.2,,,1,10320
59440,7.8,,,1,10320
59442,0.1,,,1,10320
59443,0.05,,,1,10320
59445,0.3,,,1,10320
59447,0.5,,,1,10320
59451,0.2,,,1,10320
59454,1,,,1,10320
59460,0.3,,,1,10320
59461,1,,,1,10320
59466,0.3,,,1,10320
59467,0.2,,,1,10320
59468,0.05,,,1,10320
59470,0.1,,,1,10320
59471,0.2,,,1,10320
59472,0.15,,,1,10320
59473,0.15,,,1,10320
59474,0.3,,,1,10320
59475,0.3,,,1,10320
59476,0.3,,,1,10320
59478,0.1,,,1,10320
59479,0.2,,,1,10320
59480,0.4,,,1,10320
59482,0.3,,,1,10320
59485,2,,,1,10320
59487,2.5,,,1,10320
59491,0.5,,,1,10320
59492,0.8,,,1,10320
59493,0.5,,,1,10320
59494,0.2,,,1,10320
59496,0.2,,,1,10320
59498,0.5,,,1,10320
59500,0.2,,,1,10320
59503,0.15,,,1,10320
59504,0.2,,,1,10320
59505,0.5,,1.197,2,10320
59507,1,,,1,10320
59510,0.1,,,1,10320
59511,0.2,,,1,10320
59512,0.1,,0.471,2,10320
59513,0.09,,,1,10320
59514,0.2,,,1,10320
59519,0.3,,,1,10320
59520,0.15,,,1,10320
59521,0.2,,,1,10320
59522,0.05,,,1,10320
59524,0.2,,,1,10320
59526,2,,,1,10320
59528,2,,,1,10320
59529,2,,,1,10320
59530,1,,,1,10320
59532,2,,,1,10320
59535,2,,,1,10320
59536,4,,,1,10320
59537,0.1,,,1,10320
59539,3,,,1,10320
59540,1,,,1,10320
59542,0.2,,,1,10320
59543,0.07,,,1,10320
59546,0.13,,,1,10320
59547,0.3,,,1,10320
59549,0.8,,,1,10320
59556,1.5,,0,2,10320
59559,0.2,,,1,10320
59560,0.5,,,1,10320
59563,0.2,,,1,10320
59565,0.15,,,1,10320
59566,1,,,1,10320
59567,0.45,,,1,10320
59571,0.9,,,1,10320
59572,1.2,,,1,10320
59574,0.3,,,1,10320
59578,0.04,,,1,10320
59580,0.5,,,1,10320
59583,0.04,,,1,10320
59586,0.05,,,1,10320
59596,0.6,,,1,10320
59597,0.25,,,1,10320
59603,1.5,,0,2,10320
59605,2.5,,,1,10320
59606,3,,,1,10320
59607,1.5,,,1,10320
59613,1,,,1,10320
59619,1.5,,,1,10320
59636,0.15,,,1,10320
59639,1.8,,,1,10320
59641,2,,,1,10320
59649,0.05,,,1,10320
59659,0.3,,,1,10320
59660,0.1,,,1,10320
59662,0.1,,,1,10320
59665,0.05,,,1,10320
59670,0.17,,,1,10320
59671,1.5,,,1,10320
59676,1,,,1,10320
59680,0.5,,,1,10320
59683,0.8,,,1,10320
59686,1.5,,0,2,10320
59687,0.2,,,1,10320
59689,0.3,,,1,10320
59690,0.7,,,1,10320
59691,0.5,,,1,10320
59692,0.2,,,1,10320
59694,0.1,,,1,10320
59695,1,,,1,10320
59698,0.3,,,1,10320
59702,0.8,,,1,10320
59705,2,,,1,10320
59706,2,,,1,10320
59707,0.2,,,1,10320
59710,0.6,,,1,10320
59711,0.4,,,1,10320
59712,0.1,,,1,10320
59714,2,,,1,10320
59715,3.5,,,1,10320
59721,0.1,,,1,10320
59729,0.25,,,1,10320
59735,0.3,,,1,10320
59736,0.2,,0,2,10320
59738,0.1,,,1,10320
59740,0.125,,,1,10320
59745,0.3,,,1,10320
59757,1.5,,,1,10320
59760,0.2,,,1,10320
59761,0.1,,,1,10320
59762,0.2,,0,2,10320
59768,0.1,,,1,10320
59770,0.2,,,1,10320
59772,0.5,,,1,10320
59773,1.5,,,1,10320
59776,3,,,1,10320
59777,0.05,,,1,10320
59778,0.1,,,1,10320
59779,0.1,,,1,10320
59784,1.5,,,1,10320
59785,1,,,1,10320
59789,1.2,,0.586,2,"10328,10353"
59792,0.07,,,1,10320
59793,0.5,,,1,10320
59794,0.15,,,1,10320
59795,1,,,1,10320
59796,3,,,1,10320
59797,0.1,,,1,10320
59798,0.4,,,1,10320
59800,0.2,,,1,10320
59802,1.4,,,1,10320
59803,1,,,1,10320
59806,0.1,,,1,10320
59809,0.15,,,1,10320
59811,1.5,,0,2,10320
59812,1,,,1,10320
59813,1,,,1,10320
59815,1.5,,,1,10320
59816,1,,,1,10320
59817,0.8,,,1,10320
59818,1,,,1,10320
59819,1.5,,,1,10320
59820,0.6,,,1,10320
59821,0.4,,,1,10320
59822,1.2,,,1,10320
59828,1,,,1,10320
59829,0.13,,,1,10320
59836,0.4,,,1,10320
59838,0.2,,,1,10320
59839,0.5,,,1,10320
59842,1.5,,,1,10320
59849,0.35,,,1,10320
59850,0.2,,,1,10320
59851,0.05,,,1,10320
59852,1.5,,,1,10320
59853,2,,,1,10320
59854,1,,,1,10320
59855,2,,,1,10320
59856,2,,,1,10320
59857,2.5,,,1,10320
59858,2,,,1,10320
59859,0.5,,,1,10320
59861,3,,,1,10320
59865,2,,,1,10320
59866,3,,,1,10320
59867,4.5,,,1,10320
59868,1.1,,,1,10320
59870,0.9,,,1,10320
59873,1.5,,,1,10320
59875,1,,,1,10320
59881,2,,,1,10320
59882,0.1,,,1,10320
59885,0.4,,,1,10320
59887,0.5,,,1,10320
59888,3,,,1,10320
59890,0.2,,,1,10320
59892,0.3,,,1,10320
59893,7,,,1,10320
59894,3,,,1,10320
59895,2,,,1,10320
59900,0.24,,,1,10320
59905,0.4,,,1,10320
59912,0.3,,,1,10320
59920,2,,,1,10320
59990,2,,,1,10320
59998,4,,,1,10320
60025,0.7,,,1,10320
60033,3,,,1,10320
60082,4,,,1,10320
60099,2,,,1,10353
60112,1.5,,,1,10320
60123,0.05,,,1,10320
60136,1.5,,,1,10320
60206,0.03,,,1,10320
60229,9,,,1,10353
60238,1.5,,,1,10320
60268,2,,,1,10320
60283,3,,,1,10320
60313,4,,,1,10353
60339,2.5,,,1,10320
60355,2,,,1,10320
60379,0.3,,,1,10320
60446,0.13,,,1,10320
60487,2,,,1,10320
60496,2,,,1,10320
60511,1,,,1,10320
60535,3,,,1,10320
60579,2.5,,,1,10320
60665,2,,,1,10320
60666,2,,,1,10320
60687,2,,,1,10320
60735,1,,,1,10320
60812,0.05,,,1,10320
60828,2,,,1,10320
60837,1,,,1,10320
60873,1.5,,,1,10320
60876,1.2,,,1,10320
60905,0.4,,,1,10320
60930,0.8,,,1,10320
61007,2.5,,,1,10320
61036,1.2,,,1,10320
61054,4,,,1,10320
61143,0.6,,,1,10320
61175,0.5,,,1,10320
61181,5,,,1,10320
61192,25,,,1,10320
61196,1.5,,,1,10320
61239,4,,,1,10353
61341,0.8,,,1,10320
61362,2,,,1,10320
61372,0.4,,0,2,10320
61426,2,,,1,10320
61470,1.5,,,1,10320
61483,0.6,,,1,10320
61495,1.5,,,1,10320
61519,1.5,,,1,10320
61538,2,,,1,10320
61636,0.1,,,1,10320
61675,15,,,1,10320
61693,0.2,,,1,10320
61700,0.2,,,1,10320
61704,1,,,1,10320
61705,5,,,1,10320
61706,5,,,1,10320
61709,2,,,1,10320
61710,1,,,1,10320
61711,2,,,1,10320
61718,0.05,,,1,10320
61725,0.1,,,1,10320
61727,0.7,,,1,10320
61728,0.3,,,1,10320
61734,0.2,,,1,10320
61735,0.1,,,1,10320
61738,0.5,,,1,10320
61742,0.2,,,1,10320
61743,0.1,,,1,10320
61744,0.1,,,1,10320
61746,0.1,,,1,10320
61747,0.06,,,1,10320
61748,0.9,,,1,10320
61749,0.8,,,1,10320
61750,0.1,,,1,10320
61751,0.03,,,1,10320
61754,0.15,,,1,10320
61757,0.4,,,1,10320
61759,0.4,,,1,10320
61760,0.1,,,1,10320
61764,0.2,,,1,10320
61770,0.4,,,1,10320
61772,0.4,,,1,10320
61773,1.5,,,1,10320
61774,2,,,1,10320
61775,2,,,1,10320
61776,4,,,1,10320
61777,0.5,,,1,10320
61785,0.1,,,1,10320
61789,0.15,,,1,10320
61790,0.15,,,1,10320
61796,4,,,1,10320
61797,0.5,,,1,10320
61798,0.2,,,1,10320
61801,0.05,,,1,10320
61802,0.05,,,1,10320
61803,0.1,,,1,10320
61804,2,,,1,10320
61806,0.03,,,1,10320
61808,0.08,,0,2,10320
61809,0.07,,,1,10320
61823,1,,,1,10320
61824,0.2,,,1,10320
61825,0.4,,,1,10320
61826,0.06,,,1,10320
61828,0.06,,,1,10320
61829,0.08,,,1,10320
61831,0.25,,,1,10320
61833,0.05,,,1,10320
61834,0.04,,,1,10320
61835,0.07,,,1,10320
61839,0.06,,,1,10320
61840,0.1,,,1,10320
61842,0.1,,,1,10320
61844,0.15,,,1,10320
61849,0.14,,,1,10320
61854,0.29,,,1,10320
61855,1,,,1,10320
61856,0.2,,,1,10320
61858,1.5,,,1,10320
61859,0.5,,,1,10320
61861,0.2,,,1,10320
61867,0.3,,,1,10320
61868,0.4,,0,2,10320
61872,0.2,,,1,10320
61873,0.75,,,1,10320
61874,0.2,,,1,10320
61876,0.25,,,1,10320
61877,0.6,,,1,10320
61882,0.2,,,1,10320
61885,0.2,,,1,10320
61886,0.05,,,1,10320
61887,0.2,,,1,10320
61888,0.2,,,1,10320
61889,0.3,,,1,10320
61890,0.1,,,1,10320
61891,0.5,,,1,10320
61892,0.2,,,1,10320
61894,0.1,,,1,10320
61895,2.5,,,1,10320
61896,0.3,,,1,10320
61897,1,,,1,10320
61899,0.3,,,1,10320
61901,0.3,,,1,10320
61902,0.2,,,1,10320
61903,0.2,,,1,10320
61904,0.5,,,1,10320
61906,0.2,,,1,10320
61910,1.2,,,1,10320
61911,0.4,,,1,10320
61912,0.22,,,1,10320
61913,0.16,,,1,10320
61914,0.16,,,1,10320
61915,0.07,,,1,10320
61916,0.14,,,1,10320
61919,0.2,,,1,10320
61925,0.2,,,1,10320
61926,0.05,,,1,10320
61927,1.2,,,1,10320
61932,2,,,1,10320
61933,1,,,1,10320
61934,2,,,1,10320
61935,3,,0,2,10320
61938,0.4,,,1,10320
61940,0.2,,,1,10320
61941,1,,,1,10320
61942,0.5,,0,2,10320
61943,2,,,1,10320
61944,0.15,,,1,10320
61946,1.5,,,1,10320
61947,0.5,,,1,10320
61950,0.2,,,1,10320
61953,0.04,,,1,10320
61954,0.05,,,1,10320
61955,0.25,,,1,10320
61957,0.6,,,1,10320
61959,0.4,,,1,10320
61960,0.2,,,1,10320
61961,0.4,,,1,10320
61962,0.4,,,1,10320
61963,0.5,,0.129,2,10320
61964,0.1,,,1,10320
61965,0.3,,,1,10320
61967,0.3,,,1,10320
61968,0.45,,,1,10320
61969,0.4,,,1,10320
61970,1,,,1,10320
61972,0.4,,,1,10320
61973,1,,,1,10320
61974,0.3,,,1,10320
61975,0.15,,,1,10320
61977,0.1,,,1,10320
61978,0.8,,,1,10320
61980,0.08,,,1,10320
61981,0.8,,,1,10320
61982,0.1,,,1,10320
61983,0.5,,,1,10320
61984,0.2,,,1,10320
61985,0.4,,,1,10320
61986,0.1,,,1,10320
61990,2,,,1,10320
61991,2,,,1,10320
61992,0.05,,,1,10320
61993,0.075,,,1,10320
61994,1.5,,0.849,2,"10320,10353"
62000,1.5,,0,2,10320
62002,3,,,1,10320
62021,0.9,,,1,10320
62025,0.8,,,1,10320
62033,0.15,,,1,10320
62034,0.15,,,1,10320
62035,0.15,,,1,10320
62036,0.05,,,1,10320
62039,0.3,,,1,10320
62041,0.1,,,1,10320
62042,0.2,,,1,10320
62043,0.25,,,1,10320
62045,0.1,,,1,10320
62046,0.1,,,1,10320
62047,0.1,,,1,10320
62059,0.05,,,1,10320
62060,2.5,,,1,10320
62061,2,,,1,10320
62062,1.5,,,1,10320
62063,1.5,,,1,10320
62064,1.2,,,1,10320
62065,2,,,1,10320
62066,0.4,,,1,10320
62070,0.4,,,1,10320
62079,1.3,,,1,10320
62083,0.4,,,1,10320
62084,0.4,,,1,10320
62085,0.3,,,1,10320
62087,0.5,,,1,10320
62099,0.8,,,1,10320
62100,0.8,,,1,10320
62102,0.5,,,1,10320
62103,1,,,1,10320
62108,0.8,,,1,10320
62110,1,,,1,10320
62113,0.1,,0,2,10320
62114,0.25,,,1,10320
62116,0.05,,,1,10320
62117,0.1,,,1,10320
62118,0.5,,,1,10320
62121,0.5,,,1,10320
62123,0.4,,,1,10320
62124,0.8,,,1,10320
62126,1.1,,,1,10320
62129,0.1,,,1,10320
62130,0.3,,,1,10320
62148,0.25,,,1,10320
62153,0.5,,,1,10320
62156,3,,,1,10320
62157,0.5,,,1,10320
62158,0.5,,,1,10320
62159,0.4,,,1,10320
62160,0.05,,,1,10320
62161,0.05,,0.236,2,10320
62162,2,,0,2,10320
62163,0.3,,,1,10320
62164,0.45,,,1,10320
62165,0.12,,0,2,10320
62166,0.1,,,1,10320
62167,1.2,,,1,10320
62168,1.5,,,1,10320
62169,0.3,,,1,10320
62170,1,,,1,10320
62171,1,,,1,10320
62172,0.4,,,1,10320
62173,0.03,,,1,10320
62174,0.12,,0,2,10320
62176,1.5,,,1,10320
62182,0.08,,,1,10320
62183,0.05,,,1,10320
62186,0.3,,0.632,6,10320
62187,1,,,1,10320
62189,1.5,,,1,10320
62190,1,,0,2,10320
62191,1,,,1,10320
62192,0.8,,0,2,10320
62193,1,,,1,10320
62194,0.1,,,1,10320
62199,1.8,,,1,10320
62202,0.1,,,1,10320
62204,0.1,,,1,10320
62206,0.1,,,1,10320
62207,0.2,,,1,10320
62208,0.5,,0,3,10320
62209,25,,,1,10320
62210,0.4,,,1,10320
62211,0.15,,,1,10320
62214,0.15,,,1,10320
62216,0.1,,,1,10320
62218,1,,,1,10320
62220,0.3,,,1,10320
62221,0.1,,,1,10320
62222,0.1,,0,2,10320
62223,2,,,1,10320
62225,0.6,,,1,10320
62226,0.3,,,1,10320
62227,0.15,,,1,10320
62228,0.5,,,1,10320
62229,2,,0.471,2,"10320,10353"
62230,3.5,,,1,10320
62234,3,,,1,10320
62235,3,,,1,10320
62236,3,,,1,10320
62237,6,,,1,10320
62242,0.3,,,1,10320
62243,0.1,,,1,10320
62244,0.3,,,1,10320
62245,1,,,1,10320
62247,1,,,1,10320
62253,0.4,,,1,10320
62256,8,,,1,10320
62277,3,,,1,10320
62278,1,,,1,10320
62279,0.3,,,1,10320
62285,0.1,,,1,10320
62286,0.1,,,1,10320
62287,0.2,,,1,10320
62289,0.2,,,1,10320
62290,0.2,,,1,10320
62291,0.2,,,1,10320
62294,0.05,,,1,10320
62295,0.15,,,1,10320
62299,0.5,,,1,10320
62303,0.1,,,1,10320
62304,0.1,,,1,10320
62308,0.4,,,1,10320
62309,0.1,,,1,10320
62312,0.2,,,1,10320
62313,0.1,,,1,10320
62315,0.05,,,1,10320
62321,1,,,1,10320
62323,0.2,,,1,10320
62325,0.2,,,1,10320
62326,0.2,,,1,10320
62344,0.4,,,1,10320
62389,0.2,,,1,10320
62390,0.3,,,1,10320
62391,1.2,,,1,10320
62396,2,,0,2,10320
62398,0.5,,,1,10320
62401,0.15,,,1,10320
62406,0.1,,,1,10320
62407,0.1,,,1,10320
62408,0.1,,,1,10320
62411,0.1,,,1,10320
62412,0.2,,,1,10320
62413,0.1,,,1,10320
62416,0.1,,,1,10320
62418,0.7,,,1,10320
62429,0.4,,,1,10320
62432,0.8,,,1,10320
62437,0.2,,,1,10320
62443,0.1,,,1,10320
62449,0.2,,,1,10320
62450,0.2,,,1,10320
62455,0.1,,,1,10320
62456,0.25,,,1,10320
62458,0.07,,0.25,2,10320
62461,0.6,,,1,10320
62468,0.2,,,1,10320
62486,0.1,,,1,10320
62487,0.1,,,1,10320
62489,0.1,,,1,10320
62496,0.1,,0,2,10320
62497,0.8,,,1,10320
62499,0.1,,,1,10320
62503,0.4,,,1,10320
62504,0.1,,,1,10320
62511,0.1,,,1,10320
62533,0.2,,,1,10320
62540,0.2,,,1,10320
62545,0.2,,,1,10320
62550,0.1,,,1,10320
62551,0.05,,,1,10320
62552,0.1,,,1,10320
62556,0.1,,,1,10320
62557,0.5,,,1,10320
62567,0.7,,,1,10320
62570,0.5,,,1,10320
62572,0.1,,,1,10320
62573,0.2,,,1,10320
62579,0.1,,,1,10320
62583,0.2,,,1,10320
62584,0.5,,,1,10320
62586,0.2,,,1,10320
62590,0.3,,,1,10320
62592,0.4,,,1,10320
62593,0.1,,,1,10320
62594,0.05,,,1,10320
62597,0.05,,,1,10320
62599,0.3,,,1,10320
62601,0.2,,,1,10320
62604,0.7,,,1,10320
62605,0.5,,,1,10320
62606,0.1,,,1,10320
62618,0.03,,,1,10320
62629,0.03,,,1,10320
62630,0.3,,,1,10320
62638,0.12,,,1,10320
62660,0.1,,,1,10320
62700,0.1,,,1,10320
62703,0.1,,,1,10320
62705,0.2,,,1,10320
62722,0.1,,,1,10320
62723,0.13,,,1,10320
62734,0.2,,,1,10320
62737,0.1,,,1,10320
62741,0.8,,,1,10320
62747,0.1,,0,2,10320
62749,0.2,,,1,10320
62751,0.15,,0,2,10320
62770,0.5,,,1,10320
62771,2,,,1,10320
62773,0.15,,,1,10320
62774,0.2,,,1,10320
62775,0.05,,,1,10320
62776,0.1,,,1,10320
62777,0.02,,,1,10320
62779,2,,,1,10320
62781,0.2,,,1,10320
62789,0.1,,,1,10320
62790,0.1,,,1,10320
62791,1,,,1,10320
62792,0.8,,,1,10320
62798,1,,,1,10320
62804,0.1,,,1,10320
62805,0.07,,,1,10320
62807,0.5,,,1,10320
62847,1.4,,,1,10320
62853,2,,,1,10320
62856,0.2,,,1,10320
62858,0.6,,,1,10320
62859,1.8,,,1,10320
62860,1,,,1,10320
62861,3.5,,,1,10320
62865,3,,,1,10320
62870,0.1,,,1,10320
62871,0.3,,,1,10320
62872,0.4,,,1,10320
62873,0.4,,,1,10320
62875,0.6,,,1,10320
62880,1.5,,,1,10320
62881,2,,,1,10320
62884,0.2,,,1,10320
62886,0.5,,,1,10320
62889,1.5,,,1,10320
62890,0.1,,,1,10320
62893,0.05,,,1,10320
62896,0.05,,,1,10320
62897,1,,,1,10320
62902,2,,,1,10320
62903,1.5,,,1,10320
62904,0.8,,,1,10320
62905,1,,,1,10320
62906,0.05,,,1,10320
62907,0.05,,,1,10320
62908,0.23,,,1,10320
62910,0.15,,,1,10320
62912,0.25,,,1,10320
62913,0.2,,,1,10320
62915,0.1,,,1,10320
62918,0.13,,,1,10320
62921,0.3,,,1,10320
62923,0.14,,,1,10320
62924,0.15,,,1,10320
62925,0.1,,,1,10320
62928,0.6,,,1,10320
62941,2,,,1,10320
62944,2.5,,,1,10320
62946,0.7,,,1,10320
62950,0.1,,,1,10320
62956,0.8,,,1,10320
62958,0.3,,,1,10320
62959,0.5,,,1,10320
62960,0.15,,,1,10320
62961,0.1,,,1,10320
62962,0.18,,,1,10320
62963,0.2,,,1,10320
62965,0.2,,,1,10320
62967,0.5,,,1,10320
62968,0.3,,,1,10320
62969,0.5,,,1,10320
62972,0.1,,,1,10320
62974,0.1,,,1,10320
62976,0.5,,,1,10320
62977,0.3,,,1,10320
62978,1,,,1,10320
62989,0.05,,,1,10320
62990,0.3,,,1,10320
62995,2,,,1,10320
62997,2,,,1,10320
62998,1,,0,2,10320
62999,2,,,1,10320
63001,2,,,1,10320
63002,2,,,1,10320
63003,3,,,1,10320
63004,2,,,1,10320
63005,2,,,1,10320
63009,0.1,,,1,10320
63010,1,,,1,10320
63011,0.5,,,1,10320
63012,1.5,,,1,10320
63013,3,,,1,10320
63014,1,,,1,10320
63015,3,,,1,10320
63016,0.2,,,1,10320
63018,0.6,,,1,10320
63019,1.5,,,1,10320
63022,0.1,,,1,10320
63023,0.4,,,1,10320
63024,0.1,,,1,10320
63025,0.05,,,1,10320
63027,2,,,1,10320
63029,2,,,1,10320
63030,1,,,1,10320
63033,1.2,,,1,10320
63036,1.5,,,1,10320
63037,2,,,1,10320
63038,2,,,1,10320
63039,0.1,,,1,10320
63040,0.25,,,1,10320
63041,0.05,,,1,10320
63042,0.4,,,1,10320
63057,1,,,1,10320
63058,0.8,,,1,10320
63061,0.6,,,1,10320
63063,0.27,,,1,10320
63065,0.15,,,1,10320
63066,0.5,,,1,10320
63067,0.3,,,1,10320
63071,0.1,,,1,10320
63072,0.05,,,1,10320
63073,1,,,1,10320
63075,2,,,1,10320
63077,0.11,,,1,10320
63080,3,,,1,10320
63081,3.5,,,1,10320
63082,1,,,1,10320
63085,0.2,,,1,10320
63088,1,,,1,10320
63093,0.02,,,1,10320
63096,1,,,1,10320
63107,1.5,,,1,10320
63109,1,,,1,10320
63110,1.5,,,1,10320
63111,0.3,,,1,10320
63112,1,,,1,10320
63113,8,,,1,10320
63117,1,,,1,10320
63119,0.34,,,1,10320
63121,1,,,1,10320
63123,1,,,1,10320
63125,2,,,1,10320
63127,0.2,,,1,10320
63137,0.1,,,1,10320
63139,1,,,1,10320
63141,1,,,1,10320
63143,0.2,,0.157,2,10320
63145,0.4,,,1,10320
63146,0.3,,,1,10320
63148,0.08,,,1,10320
63149,3,,,1,10320
63150,6,,,1,10320
63152,0.6,,,1,10320
63154,0.4,,,1,10320
63161,1.5,,,1,10320
63164,0.08,,,1,10320
63167,0.2,,,1,10320
63168,2,,,1,10320
63171,1,,,1,10320
63172,1,,,1,10320
63173,1,,,1,10320
63175,0.5,,,1,10320
63176,0.4,,,1,10320
63178,1,,,1,10320
63179,5,,,1,10320
63180,2,,,1,10320
63181,3,,,1,10320
63182,2,,,1,10320
63183,0.9,,,1,10320
63184,2.5,,,1,10320
63185,0.1,,,1,10320
63187,0.1,,,1,10320
63188,0.3,,,1,10320
63189,1.7,,,1,10320
63190,0.3,,0.471,2,10320
63195,1.2,,,1,10320
63196,0.35,,,1,10320
63197,0.15,,,1,10320
63201,0.2,,,1,10320
63202,0.15,,,1,10320
63205,1.5,,,1,10320
63207,2,,,1,10320
63208,2.5,,,1,10320
63209,1,,,1,10320
63212,2,,,1,10320
63213,0.4,,,1,10320
63215,2,,,1,10320
63216,1,,,1,10320
63218,1,,,1,10320
63219,1.5,,,1,10320
63220,2,,,1,10320
63223,6,,,1,10342
63225,2,,,1,10320
63227,2.6,,,1,10320
63229,1,,,1,10320
63232,0.7,,,1,10320
63234,1.5,,,1,10320
63235,3,,,1,10320
63238,0.23,,,1,10320
63239,2,,,1,10320
63241,0.7,,,1,10320
63242,0.7,,,1,10320
63250,0.1,,,1,10320
63345,1.5,,,1,10320
63355,0.05,,,1,10320
63395,0.3,,,1,10320
63409,0.5,,,1,10320
63419,0.15,,,1,10320
63424,0.1,,,1,10320
63427,0.1,,0,2,10320
63435,0.3,,,1,10320
63463,0.3,,,1,10353
63464,2,,,1,10353
63485,0.5,,,1,10328
63486,10,,,1,10342
63503,1,,,1,10353
63513,1.4,,,1,10328
63523,0.8,,,1,10353
63550,0.3,,0.354,2,10353
63678,1.5,,,1,10353
63681,0.3,,,1,10353
63858,0.3,,,1,10320
64108,0.6,,,1,10320
64365,5,,,1,10353
68144,4,,,1,10320
68185,0.8,,,1,10353
68205,0.3,,,1,10353
68313,0.5,,,1,10353
68504,1.5,,,1,10353
68717,0.4,,,1,10353
68743,1,,,1,10353
68748,1,,,1,10353
68750,3,,,1,10353
68751,1,,,1,10353
68753,0.5,,0.919,10,10353
68755,0.2,,,1,10353
68756,0.6,,0,3,10353
68758,0.1,,,1,10353
68769,0.45,,,1,10353
68770,0.6,,,1,10353
68771,0.9,,0,2,10353
68772,1.2,,,1,10353
68787,0.08,,,1,10353
68789,0.3,,,1,10353
68797,2,,,1,10353
68817,1,,,1,10353
68824,3,,,1,10353
68832,4,,,1,10353
68838,1.5,,,1,10353
68844,0.4,,0.283,2,10353
68848,0.5,,0.326,2,10353
68859,1,,,1,10353
68863,2.2,,,1,10353
68866,0.4,,0.606,2,10353
68870,2,,,1,10353
68945,0.2,,,1,10353
69183,0.2,,,1,10320
69274,0.3,,,1,10320
69305,0.1,,,1,10320
69311,0.2,,,1,10320
69329,0.4,,,1,10320
69367,0.3,,,1,10320
69785,0.3,,,1,10320
70447,0.5,,,1,10353
70450,0.1,,,1,10353
70451,0.3,,,1,10353
70481,0.1,,0.471,2,10353
70483,0.5,,,1,10353
70485,0.3,,,1,10353
70488,0.2,,,1,10353
70490,0.2,,,1,10353
70494,0.7,,,1,10353
70495,0.8,,,1,10353
70501,0.2,,,1,10353
70512,0.15,,,1,10353
70515,0.3,,,1,10353
70518,0.2,,,1,10353
70521,0.2,,,1,10353
70524,0.2,,,1,10353
70527,0.15,,,1,10353
70528,0.1,,,1,10353
70530,0.15,,0.643,2,10353
70533,0.25,,,1,10353
70539,0.2,,,1,10353
70544,0.8,,,1,10353
70545,1.5,,0,2,10353
70548,2,,,1,10353
70549,0.5,,,1,10353
70551,1.5,,0,2,10353
70556,0.3,,0.354,2,10353
70563,1,,,1,10353
70565,0.4,,,1,10353
70566,0.7,,,1,10353
70575,0.1,,,1,10353
70582,1.5,,0.202,2,10353
70583,1,,,1,10353
70588,0.1,,0.471,2,10353
70590,0.2,,,1,10353
70592,0.2,,,1,10353
70593,0.1,,,1,10353
70596,1.5,,,1,10353
70604,0.3,,,1,10353
70606,0.4,,,1,10353
70608,0.3,,,1,10353
70610,0.1,,,1,10353
70612,0.3,,0.761,2,10353
70613,0.5,,,1,10353
70625,1,,,1,10353
70630,0.7,,,1,10353
70659,1,,,1,10353
70664,1,,,1,10353
70667,5,,,1,10353
70668,1,,,1,10353
70685,0.2,,,1,10353
70688,0.7,,,1,10353
70697,0.3,,,1,10353
70751,1,,,1,10353
70752,0.3,,,1,10353
70764,1,,,1,10353
70771,0.3,,,1,10353
70772,0.2,,,1,10353
70775,0.1,,0.272,4,10353
70778,0.12,,,1,10353
70779,0.07,,,1,10353
70780,0.3,,,1,10353
70781,0.12,,0.354,2,10353
70782,0.1,,,1,10353
70783,0.5,,,1,10353
70784,0.1,,,1,10353
70785,0.15,,,1,10353
70788,0.1,,,1,10353
70789,0.1,,,1,10353
70795,0.3,,,1,10353
70967,0.15,,,1,10353
70991,0.25,,,1,10353
70994,0.75,,,1,10353
71007,0.4,,,1,10353
71008,0.5,,,1,10353
71021,0.15,,,1,10353
71024,0.5,,,1,10353
71025,0.05,,,1,10353
71027,5,,0.328,3,10353
71028,13,,,1,10353
71036,0.15,,,1,10353
71039,1.5,,,1,10353
71040,0.15,,,1,10353
71077,0.2,,,1,10353
71082,0.4,,,1,10353
71093,1,,,1,10353
71099,0.8,,,1,10353
71104,0.3,,,1,10353
71110,1,,,1,10353
71119,0.5,,,1,10353
71121,1.2,,,1,10353
71122,1,,,1,10353
71123,0.2,,,1,10353
71142,0.2,,,1,10353
71143,3,,,1,10353
71148,0.4,,,1,10353
71163,1,,,1,10353
71576,0.2,,,1,10320
71966,0.2,,,1,10328
72134,0.1,,,1,10320
75469,4,,,1,10320
76353,3.7,,,1,10353
77296,1,,,1,10353
77300,12,,0,2,10353
77306,1,,,1,10353
77322,0.3,,,1,10353
77325,3,,,1,10353
77337,0.3,,,1,10353
77341,1.5,,,1,10353
77370,0.2,,,1,10353
77379,3,,,1,10353
77380,0.4,,,1,10353
77383,0.2,,,1,10353
77413,0.3,,0.202,2,10353
77415,0.3,,,1,10353
77428,0.3,,,1,10353
77465,3,,,1,10353
77481,0.3,,,1,10353
77502,0.2,,,1,10353
77519,0.7,,,1,10353
77571,1.2,,,1,10353
77578,0.5,,,1,10353
77676,4,,,1,10353
77679,6,,,1,10353
77817,0.5,,,1,10353
77835,1.5,,,1,10353
77991,0.4,,,1,10353
78087,0.8,,,1,10353
78525,1.5,,,1,10353
78849,3,,,1,10320
78936,1.5,,,1,10353
79058,0.2,,,1,10320
79064,0.05,,,1,10320
79065,0.2,,,1,10320
79066,0.2,,,1,10320
79067,0.9,,,1,10320
79068,0.2,,,1,10320
79079,8,,,1,10320
79099,0.1,,,1,10320
79101,0.15,,,1,10320
79106,0.1,,,1,10320
79108,0.1,,,1,10320
79114,1,,,1,10320
79121,0.2,,,1,10320
79130,0.15,,,1,10320
79132,0.2,,,1,10320
79135,1.5,,,1,10320
79137,0.4,,,1,10320
79138,0.1,,,1,10320
79146,0.2,,,1,10320
79147,0.15,,,1,10320
79149,0.1,,,1,10320
79161,0.3,,,1,10320
79165,0.03,,,1,10320
79174,0.1,,,1,10320
79178,0.5,,,1,10320
79183,0.05,,,1,10320
79188,0.05,,,1,10320
79198,0.2,,,1,10320
79567,0.4,,,1,10320
79568,0.1,,,1,10320
79569,0.09,,,1,10320
79571,0.8,,,1,10320
79573,0.3,,,1,10320
79574,0.4,,,1,10320
79579,1,,,1,10320
79581,0.2,,,1,10320
79583,0.5,,,1,10320
79585,0.3,,,1,10320
79588,0.15,,,1,10320
79592,0.08,,,1,10320
79593,0.05,,,1,10320
79597,0.1,,,1,10320
79601,1.5,,,1,10320
79603,0.1,,,1,10320
79606,0.1,,,1,10320
79612,0.1,,,1,10320
79617,0.1,,,1,10320
79618,0.3,,,1,10320
79628,0.5,,,1,10320
79633,0.1,,,1,10320
79634,0.15,,,1,10320
79635,0.2,,,1,10320
79644,4,,,1,10320
79646,0.15,,,1,10320
79654,0.2,,0,2,10320
79655,0.5,,,1,10320
79662,0.4,,,1,10320
79664,0.3,,,1,10320
79666,1,,,1,10320
79668,0.1,,0,2,10320
79669,0.2,,,1,10320
79672,0.5,,,1,10320
79673,0.05,,,1,10320
79678,0.2,,,1,10320
79683,0.1,,,1,10320
79685,0.1,,,1,10320
79690,0.1,,,1,10320
79732,0.07,,0,2,10320
79736,0.35,,,1,10320
79739,0.3,,,1,10320
79740,0.1,,,1,10320
79741,0.5,,,1,10320
79742,0.07,,,1,10320
79743,0.6,,,1,10320
79744,0.15,,,1,10320
79746,1,,,1,10320
79747,0.3,,,1,10320
79748,0.2,,,1,10320
79749,0.25,,,1,10320
79750,0.5,,,1,10320
79752,0.6,,,1,10320
79753,0.1,,,1,10320
79754,0.1,,,1,10320
79761,0.3,,,1,10320
79764,1.4,,,1,10320
79766,1,,,1,10320
79768,1.7,,,1,10320
79773,0.8,,0,2,10320
79775,1.5,,,1,10320
79776,1,,,1,10320
79780,0.25,,,1,10320
79781,0.3,,,1,10320
79782,0.07,,,1,10320
79783,0.5,,0,2,10320
79785,0.15,,,1,10320
79786,0.7,,,1,10320
79787,0.15,,,1,10320
79791,0.16,,,1,10320
79793,0.5,,,1,10320
79794,0.3,,,1,10320
79795,0.7,,,1,10320
79797,0.2,,,1,10320
79798,0.23,,,1,10320
79801,0.15,,,1,10320
79802,0.1,,,1,10320
79803,0.3,,,1,10320
79804,0.15,,,1,10320
79805,0.6,,,1,10320
79808,0.3,,,1,10320
79809,0.6,,,1,10320
79810,0.15,,,1,10320
79811,1.3,,,1,10320
79812,0.1,,,1,10320
79813,0.6,,,1,10320
79814,0.2,,,1,10320
79819,0.5,,0,3,10320
79820,1,,,1,10320
79821,1,,,1,10320
79822,0.8,,,1,10320
79823,0.4,,,1,10320
79824,0.5,,,1,10320
79825,0.6,,,1,10320
79826,0.7,,,1,10320
79827,0.5,,,1,10320
79828,0.12,,,1,10320
79832,0.2,,,1,10320
79833,0.1,,,1,10320
79834,0.1,,,1,10320
79835,2,,,1,10320
79836,0.5,,0,2,10320
79837,0.2,,,1,10320
79839,1,,,1,10320
79841,0.1,,,1,10320
79843,0.4,,,1,10320
79844,0.8,,,1,10320
79847,0.1,,,1,10320
79849,1.2,,,1,10320
79857,0.25,,,1,10320
79890,0.8,,0,2,10353
79891,0.3,,0.471,2,10353
79893,0.5,,,1,10353
79901,0.6,,,1,10353
79904,0.5,,,1,10353
79911,0.15,,,1,10353
79928,0.2,,,1,10353
79934,2.5,,,1,10353
79938,6,,,1,10353
79939,3,,,1,10353
79950,2,,,1,10353
79974,1,,,1,10353
79975,2.5,,0.129,2,10353
79976,0.4,,,1,10353
79977,1.5,,,1,10353
79979,0.65,,,1,10353
79980,0.4,,,1,10353
79981,0.2,,,1,10353
79986,0.5,,,1,10353
80017,0.5,,,1,10353
80018,3.5,,,1,10353
80056,1.5,,,1,10353
80059,2,,,1,10353
80069,0.4,,,1,10353
80070,2,,,1,10353
80071,6,,,1,10353
80082,2,,,1,10353
80085,0.4,,,1,10353
80088,2.5,,,1,10353
80090,1,,,1,10353
81839,0.2,,,1,10328
81876,3,,,1,10353
81966,1,,,1,10353
82154,1.5,,,1,10353
82289,0.1,,,1,10320
83794,1.2,,,1,10353
83795,1.3,,,1,10353
83814,4,,,1,10353
83819,2.5,,,1,10353
83844,6,,,1,10353
83869,9,,,1,10353
83875,0.8,,,1,10353
83935,5,,,1,10353
83948,8,,,1,10353
83952,4,,,1,10353
83954,5,,,1,10353
84020,3,,0,2,10353
84055,1,,,1,10353
84063,2,,,1,10353
84064,1.5,,,1,10353
84274,0.5,,,1,10353
84420,2,,,1,10353
85523,2,,,1,10320
85533,0.02,,,1,10320
85669,0.6,,,1,10320
85683,0.3,,,1,10320
87094,0.5,,,1,10320
87132,2,,,1,10328
87133,1,,,1,10328
87137,0.1,,,1,10320
87407,0.1,,,1,10320
87647,1,,,1,10320
88635,0.5,,,1,10320
88665,2,,,1,10320
88922,0.5,,,1,10320
88941,0.3,,,1,10320
89799,0.2,,,1,10320
89964,0.1,,,1,10320
90461,1,,,1,10342
90478,0.05,,,1,10320
90483,0.05,,,1,10320
90601,0.1,,,1,10320
91894,1,,,1,10353
91902,0.8,,,1,16
92133,0.5,,,1,10320
93345,8.5,,,1,10328
93404,0.3,,,1,10320
95654,0.5,,,1,10320
95686,0.1,,,1,10320
96418,0.05,,,1,10320
99180,0.5,,,1,10320
99374,0.6,,,1,10320
99927,0.1,,,1,10320
102146,0.4,,,1,10353
102151,0.7,,,1,10353
102176,0.1,,,1,10353
102190,0.1,,,1,10353
102197,0.2,,,1,10353
102221,1,,0.606,2,10353
102240,1,,,1,10353
102264,0.8,,,1,10353
102267,0.15,,,1,10353
102305,0.5,,0.707,2,10353
102318,1,,,1,10353
102319,0.03,,,1,10353
102327,8,,,1,10353
102346,1,,,1,10353
102366,1,,,1,10353
102372,2,,,1,10353
102373,1.5,,,1,10353
102375,5.5,,,1,10353
102387,2,,,1,10353
102390,0.8,,0.157,2,"10320,10353"
102453,0.1,,,1,10353
102454,0.2,,,1,10353
102455,0.2,,,1,10353
102459,0.2,,,1,10353
102462,0.2,,,1,10353
102464,0.3,,,1,10353
102465,0.15,,,1,10353
102466,5,,,1,10353
102467,0.2,,,1,10353
102471,2,,0.346,3,10353
102472,3,,,1,10353
102473,0.4,,,1,10353
102475,1,,,1,10353
102476,0.9,,,1,10353
102477,0.07,,,1,10353
102487,0.1,,,1,10353
102493,6,,,1,10353
102495,7,,,1,10353
102501,3.4,,,1,10353
102504,4,,,1,10353
102507,4,,,1,10353
102510,1,,,1,10353
102518,0.5,,,1,10353
102519,1,,,1,10353
102522,0.1,,,1,10353
102524,0.1,,,1,10353
102527,0.3,,,1,10353
102528,1,,,1,10353
102529,1.5,,,1,10353
102548,1.3,,,1,10353
102549,2.5,,,1,10353
102550,3.5,,,1,10353
102552,0.8,,,1,10353
102553,1,,,1,10353
102554,0.5,,,1,10353
102555,0.5,,,1,10353
102557,0.2,,,1,10353
102586,1,,,1,10353
102587,0.5,,,1,10353
102588,1.5,,,1,10353
102589,0.5,,,1,10353
102591,0.3,,,1,10353
102593,0.3,,,1,10353
102594,3,,0,2,10353
102595,0.2,,,1,10353
102596,0.05,,,1,10353
102603,1,,,1,10353
102604,0.4,,,1,10353
102609,0.3,,,1,10353
102612,1.2,,,1,10353
102614,0.2,,,1,10353
102628,0.5,,,1,10353
102634,1.5,,,1,10353
102640,0.8,,0,2,10353
102642,2,,,1,10353
102643,1.5,,,1,10353
102645,2.5,,,1,10353
102646,1.5,,,1,10353
102647,1,,,1,10353
102655,0.3,,0.542,4,10353
102659,1,,,1,10353
102663,0.5,,,1,10353
102668,0.3,,,1,10353
102684,0.6,,,1,10353
102693,6,,,1,10353
102704,2.5,,,1,10353
102715,9,,,1,10353
102716,3,,,1,10353
102718,7,,,1,10353
102723,4,,,1,10353
102926,0.2,,,1,10320
102966,0.15,,,1,10320
103395,0.8,,0.157,2,"16,10342"
103521,1.5,,,1,10320
103658,0.5,,,1,10320
103770,0.1,,,1,10320
105143,0.1,,,1,10328
105485,1.7,,,1,10328
105765,0.2,,0.943,2,"10328,10333"
107545,0.5,,,1,10353
111806,0.8,,,1,10320
112792,3,,,1,10342
112841,0.2,,,1,10320
120305,1,,,1,10353
120308,1,,,1,10353
120315,20,,,1,10353
120359,1.7,,,1,10353
120360,2.5,,,1,10353
120408,5,,,1,10353
120413,3,,,1,10353
120453,3,,,1,10353
120472,1.8,,,1,10353
120537,10,,,1,10353
120539,8,,,1,10353
120579,2.5,,,1,10353
120587,1.2,,,1,10353
120605,2,,,1,10353
120676,35,,,1,10353
120707,5,,,1,10353
120714,3,,,1,10353
120736,0.4,,,1,10353
120738,7,,,1,10353
120761,3,,,1,10353
120819,1.5,,0,2,10353
120821,1,,,1,10353
120826,4,,,1,10353
120835,4,,,1,10353
120887,5,,,1,10353
120893,3,,,1,10353
120894,5,,,1,10353
120914,1,,,1,10353
120978,8,,,1,10353
120999,3.5,,0.094,2,10353
121019,4.5,,,1,10353
121027,3,,0.202,2,10353
121081,6,,,1,10353
121131,50,,,1,10353
121159,2.5,,0,2,10353
121160,1,,,1,10353
121172,0.7,,,1,10353
121179,4.5,,,1,10353
121182,5.5,,,1,10353
121224,4,,,1,10353
121251,3,,,1,10353
121252,2,,0,2,10353
121268,0.5,,,1,10353
121270,12,,,1,10353
121274,7,,,1,10353
121290,7,,,1,10353
121291,5,,,1,10353
121309,0.7,,,1,10353
121313,1.5,,,1,10353
121325,9,,,1,10353
121375,2.5,,,1,10353
121387,6,,,1,10353
121413,5,,,1,10353
121416,1.7,,,1,10353
121447,2.5,,,1,10353
121448,15,,,1,10353
121450,1.7,,,1,10353
121453,0.6,,,1,10353
121487,0.6,,,1,10353
121506,0.1,,,1,10353
121517,3,,,1,10353
121534,3.5,,,1,10353
121587,1,,,1,10353
121588,1.5,,,1,10353
121589,1,,,1,10353
121592,2,,,1,10353
121596,4,,,1,10353
121598,2,,,1,10353
121606,4.5,,,1,10353
121625,0.5,,0,2,"10320,10353"
121628,3,,,1,10353
121646,5,,,1,10353
121650,1.3,,,1,10353
121681,6,,,1,10353
121687,70,,,1,10353
121691,4,,,1,10353
121692,3,,,1,10353
121697,3,,,1,10353
121698,2,,,1,10353
121711,1,,0,3,10353
121717,3.5,,,1,10353
121746,0.5,,,1,10353
121747,3,,,1,10353
121749,4,,,1,10353
121752,3,,,1,10353
121763,1,,,1,10353
121765,0.5,,,1,10353
121769,1.5,,,1,10353
121778,2,,,1,10353
121779,4.5,,0.202,2,10353
121789,1,,,1,10353
121795,3.5,,,1,10353
121796,1.5,,,1,10353
121800,1.5,,,1,10353
121813,1.5,,,1,10353
121815,0.6,,,1,10353
121845,1.5,,,1,10353
121862,2.5,,,1,10353
121864,4,,0,2,10353
121865,4.5,,,1,10353
121866,6,,,1,10353
121880,4,,0.2,3,10353
121884,2.5,,,1,10353
121885,1.5,,,1,10353
121886,0.8,,,1,10353
121889,1.5,,,1,10353
121890,1,,,1,10353
121895,1,,,1,10353
121897,0.5,,,1,10353
121900,2,,,1,10353
121901,6,,,1,10353
121905,0.5,,,1,10353
121909,0.5,,,1,10353
121917,2.2,,,1,10353
121918,0.5,,,1,10353
121920,3,,,1,10353
121933,0.6,,,1,10353
121934,2,,,1,10353
121945,1,,,1,10353
121946,0.4,,0,2,10353
121947,1.7,,,1,10353
121955,1,,,1,10353
121958,6,,,1,10353
122001,3.5,,,1,10353
122003,1,,,1,10353
122019,8,,,1,10353
122022,1,,,1,10353
122023,1.5,,,1,10353
122025,0.8,,0,2,10353
122027,0.5,,,1,10353
122032,3.5,,,1,10353
122041,2,,,1,10353
122052,0.8,,,1,10353
122053,0.6,,,1,10353
122054,2,,,1,10353
122055,1.6,,,1,10353
122056,2,,,1,10353
122058,2.5,,,1,10353
122060,5,,,1,10353
122063,2,,,1,10353
122089,0.18,,,1,10353
122090,0.15,,,1,10353
122099,2,,,1,10353
122106,2,,,1,10353
122107,1.5,,,1,10353
122112,2.5,,,1,10353
122121,2,,,1,10353
122122,5.5,,,1,10353
122124,2,,,1,10353
122125,2,,,1,10353
122126,1,,,1,10353
122138,2.5,,,1,10353
122145,0.6,,,1,10353
122146,1,,,1,10353
122158,0.15,,,1,10353
122159,3.5,,,1,10353
122160,0.5,,,1,10353
122163,0.4,,,1,10353
122166,1.2,,,1,10353
122167,0.2,,,1,10353
122168,0.15,,,1,10353
122172,0.3,,,1,10353
122192,0.4,,,1,10353
122198,2.5,,,1,10353
122206,2.5,,,1,10353
122233,4,,,1,10353
122250,1,,,1,10353
122259,2,,,1,10353
122263,6,,,1,10353
122270,0.2,,,1,10353
122276,3.5,,0,2,10353
122280,0.6,,,1,10353
122281,0.4,,,1,10353
122283,1,,0,2,10353
122284,2,,,1,10353
122286,2.5,,,1,10353
122302,1.7,,,1,10353
122304,3,,,1,10353
122324,1,,,1,10353
122325,0.5,,,1,10353
122327,0.5,,0.707,2,10353
122328,1.5,,,1,10353
122334,2.5,,,1,10353
122340,5,,,1,10353
122343,2,,,1,10353
122345,10,,,1,10353
122350,4,,,1,10353
122352,6,,,1,10353
122353,4,,,1,10353
122359,0.7,,,1,10353
122387,2.5,,,1,10353
122402,2.5,,0,2,10353
122404,1.5,,,1,10353
122405,2.5,,0.404,2,10353
122417,0.75,,,1,10353
122423,1.5,,,1,10353
122425,0.4,,,1,10353
122434,1,,,1,10353
122449,1.5,,,1,10353
122450,4,,,1,10353
122459,1,,0.606,2,10353
122460,0.3,,,1,10353
122461,0.5,,0,3,10353
122462,0.8,,,1,10353
122463,0.3,,,1,10353
122465,1.5,,,1,10353
122467,1,,,1,10353
122468,1.5,,,1,10353
122470,0.2,,0.943,2,10353
122471,2,,,1,10353
122472,3,,,1,10353
122474,1.5,,,1,10353
122476,0.15,,,1,10353
122479,0.3,,,1,10353
122480,1,,,1,10353
122481,3,,,1,10353
122484,2.5,,,1,10353
122488,0.7,,,1,10353
122491,2,,0.283,2,10353
122492,1,,,1,10353
122495,4,,,1,10353
122505,1,,,1,10353
122506,2.5,,,1,10353
122518,2.5,,,1,10353
122520,4,,,1,10353
122521,2.5,,,1,10353
122523,1.3,,0.3,2,10353
122524,4,,,1,10353
122525,2,,,1,10353
122526,2,,,1,10353
122527,3,,,1,10353
122528,1,,,1,10353
122529,2,,,1,10353
122531,0.8,,,1,10353
122532,3,,,1,10353
122533,2.5,,0.236,2,10353
122534,0.3,,,1,10353
122536,1.5,,,1,10353
122537,1.5,,,1,10353
122538,0.7,,,1,10353
122539,1.3,,,1,10353
122541,2.5,,,1,10353
122542,2,,,1,10353
122543,1.5,,,1,10353
122544,2.8,,,1,10353
122548,1.3,,,1,10353
122549,1.6,,0.203,4,10353
122550,2.5,,,1,10353
122552,1.7,,,1,10353
122553,1.5,,,1,10353
122554,4,,,1,10353
122556,3,,,1,10353
122557,4.5,,,1,10353
122558,3,,,1,10353
122559,1.2,,,1,10353
122561,4.5,,,1,10353
122562,1.7,,,1,10353
122563,5,,,1,10353
122565,2.5,,,1,10353
122566,1,,,1,10353
122567,0.5,,,1,10353
122569,2,,,1,10353
122570,1,,,1,10353
122571,2,,,1,10353
122572,1.5,,,1,10353
122575,10,,,1,10353
122576,1.5,,,1,10353
122577,3,,,1,10353
122579,1,,,1,10353
122584,2.5,,,1,10353
122585,2,,,1,10353
122586,6,,,1,10353
122587,4,,,1,10353
122588,7,,,1,10353
122589,1,,,1,10353
122590,1.6,,,1,10353
122591,5,,,1,10353
122592,0.8,,0.283,2,10353
122593,0.8,,,1,10353
122595,1.5,,,1,10353
122596,2,,0.2,3,10353
122597,3.5,,,1,10353
122598,8,,,1,10353
122602,0.8,,,1,10353
122603,2,,,1,10353
122605,2.3,,,1,10353
122606,1,,,1,10353
122608,3,,0,2,10353
122609,1.5,,,1,10353
122610,0.05,,,1,10353
122612,1,,0,2,10353
122628,4,,,1,10353
122629,1.5,,,1,10353
122631,0.3,,,1,10353
122632,2.5,,,1,10353
122633,6,,,1,10353
122634,3,,,1,10353
122635,8,,,1,10353
122642,1,,,1,10353
122655,3.5,,,1,10353
122660,2.5,,,1,10353
122668,0.4,,,1,10353
122673,0.6,,,1,10353
122674,0.5,,0.129,2,10353
122675,0.6,,,1,10353
122676,1,,,1,10353
122677,0.5,,,1,10353
122686,0.3,,,1,10353
122687,1,,,1,10353
122689,5,,0.204,3,10353
122691,2.3,,,1,10353
122699,2,,,1,10353
122701,1.5,,,1,10353
122711,1,,,1,10353
122726,3,,,1,10353
122727,0.4,,,1,10353
122729,2,,,1,10353
122730,0.5,,,1,10353
122733,0.4,,,1,10353
122735,3,,,1,10353
122738,5,,,1,10353
122741,2,,,1,10353
122746,2.7,,,1,10353
122747,0.4,,,1,10353
122750,2,,,1,10353
122751,3,,,1,10353
122752,0.8,,,1,10353
122756,0.7,,,1,10353
122757,0.9,,,1,10353
122758,0.6,,,1,10353
122759,1.2,,,1,10353
122760,2,,,1,10353
122786,2,,,1,10353
122787,1.2,,,1,10353
122867,1,,,1,10353
122924,1,,,1,10353
122942,3,,,1,10353
122954,4,,,1,10353
123003,2.5,,,1,10353
123010,3,,,1,10353
123053,1,,,1,10353
123054,5,,,1,10353
123057,15,,,1,10353
123122,2.5,,,1,10353
123125,1,,0,2,10353
123126,1.5,,0,2,10353
123183,4.2,,,1,10353
123306,3,,,1,10353
123321,3,,,1,10353
123322,5,,,1,10353
123471,5.5,,,1,10353
123474,6,,,1,10353
123478,1.5,,,1,10353
123480,1,,,1,10353
123522,0.2,,,1,10353
123528,1.5,,,1,10353
123535,0.7,,,1,10353
123543,5,,,1,10353
123544,3,,,1,10353
123546,3,,,1,10353
123554,0.5,,,1,10353
123558,0.3,,,1,10353
123594,0.4,,,1,10353
123601,0.3,,,1,10353
123605,1.5,,,1,10353
123610,1.5,,,1,10353
123720,3.5,,,1,10353
123725,3,,,1,10353
123757,0.5,,,1,10353
123823,2.5,,,1,10353
123891,0.3,,,1,10353
123903,1.5,,,1,10353
124030,0.6,,,1,10353
124033,4,,,1,10353
124039,6,,,1,10353
124262,0.2,,,1,10353
124264,2,,,1,10353
124266,4.8,,,1,10353
124271,3,,,1,10353
124272,3,,,1,10353
124289,1.5,,,1,10353
124291,2,,,1,10353
124298,2.5,,,1,10353
124299,2,,,1,10353
124300,2,,,1,10353
124301,5,,,1,10353
124303,1.5,,,1,10353
124305,1.5,,,1,10353
124306,2,,,1,10353
124311,2.5,,,1,10353
124315,1,,,1,10353
124316,2.5,,,1,10353
124318,3,,,1,10353
124331,0.8,,,1,10353
124337,1.5,,,1,10353
124347,0.3,,,1,10353
124350,2,,,1,10353
124357,2,,,1,10353
124358,6,,,1,10353
124359,0.5,,,1,10353
124387,2,,,1,10353
124388,2,,,1,10353
124389,0.3,,,1,10353
124394,1.8,,,1,10353
124395,1,,0.433,3,10353
124396,0.6,,,1,10353
124404,8,,0.299,3,10353
124408,14,,,1,10353
124416,3,,,1,10353
124419,1,,,1,10353
124420,2.5,,,1,10353
124421,4,,,1,10353
124428,2,,,1,10353
124434,5,,,1,10353
124437,2,,,1,10353
124442,0.5,,,1,10353
124451,2.5,,,1,10353
124746,2,,,1,10353
124756,1.2,,,1,10353
124757,1.5,,,1,10353
124769,2.5,,,1,10353
124779,2,,,1,10353
124780,6,,,1,10353
124797,2,,0.606,2,10353
124814,3,,,1,10353
124815,2,,,1,10353
124817,6,,,1,10353
124820,5,,,1,10353
124821,9,,,1,10353
124822,5,,,1,10353
124862,4.5,,,1,10353
124869,4.5,,,1,10353
124871,6,,,1,10353
124875,4,,,1,10353
124878,2,,,1,10353
124890,5,,,1,10353
124892,2.5,,,1,10353
124895,8,,,1,10353
124897,5,,,1,10353
124955,2.5,,0.418,2,10353
124957,3,,,1,10353
124958,4,,,1,10353
124966,5,,,1,10353
124967,3,,,1,10353
124968,0.15,,,1,10353
124976,1.8,,,1,10353
124977,1.2,,,1,10353
124979,4,,,1,10353
124983,25,,,1,10353
124997,4.5,,,1,10353
125019,7,,,1,10353
125028,5.5,,,1,10353
125029,5.5,,,1,10353
125031,4,,,1,10353
125037,3.5,,,1,10353
125038,2,,,1,10353
125040,6,,,1,10353
125041,7,,,1,10353
125045,3,,,1,10353
125063,10,,,1,10353
125091,3.5,,,1,10353
125100,7,,,1,10353
125108,4,,,1,10353
125109,2.5,,,1,10353
125111,3.2,,,1,10353
125113,2.5,,,1,10353
125114,3,,,1,10353
125137,4,,,1,10353
125140,4,,,1,10353
125141,2,,,1,10353
125147,6,,,1,10353
125153,2,,,1,10353
125218,2.8,,,1,10353
125222,3,,,1,10353
125235,4,,,1,10353
125238,6,,,1,10353
125243,3.5,,,1,10353
125244,2,,,1,10353
125245,2,,,1,10353
125257,4,,,1,10353
125262,1,,,1,10353
125263,3,,0.283,2,10353
125313,5,,,1,10353
125363,4,,,1,10353
125389,4.5,,,1,10353
125390,12,,,1,10353
125391,4.6,,,1,10353
125394,3.8,,,1,10353
125395,1,,,1,10353
125399,1.5,,,1,10353
125400,1,,,1,10353
125416,4,,0,2,10353
125421,4,,,1,10353
125439,5.5,,,1,10353
125441,1.5,,,1,10353
125442,1.5,,0.533,3,10353
125447,0.3,,,1,10353
125448,0.2,,,1,10353
125451,1.8,,,1,10353
125452,0.5,,,1,10353
125453,3.5,,,1,10353
125454,2.5,,,1,10353
125455,1.6,,,1,10353
125458,8,,,1,10353
125459,0.2,,,1,10353
125460,1,,,1,10353
125461,0.4,,,1,10353
125462,0.4,,,1,10353
125463,0.9,,,1,10353
125465,5,,,1,10353
125475,1,,,1,10353
125478,0.6,,,1,10353
125491,1.7,,0,2,10353
126044,0.15,,,1,10353
126160,1.5,,,1,10353
126286,2,,,1,10353
126402,3.5,,,1,10353
126414,0.2,,,1,10353
126459,0.8,,,1,10320
126543,2,,,1,10353
126554,4,,,1,10328
126817,1,,,1,10353
126842,1,,,1,10353
126868,1.5,,,1,10353
126872,1.5,,0.157,3,10353
126874,3,,,1,10353
126884,3,,0.521,2,10320
126975,0.3,,,1,10353
126998,0.8,,0.206,7,10353
127217,0.5,,,1,10320
127275,0.1,,,1,10320
128719,0.7,,,1,10353
130435,12,,,1,10353
130449,1,,,1,10353
130575,10,,,1,10353
130721,1,,,1,10353
131024,0.4,,,1,10353
131070,1,,,1,10320
131315,0.5,,,1,10353
131829,0.3,,0.354,2,10353
132190,0.6,,,1,10353
132710,1,,,1,10353
133744,0.5,,,1,10353
133833,1,,,1,10353
134067,1,,,1,10353
134220,1.5,,,1,10353
134399,0.2,,,1,10353
134412,0.5,,,1,10353
134416,1.7,,,1,10353
134929,2,,,1,10353
135090,2.5,,,1,10353
135843,5,,,1,10353
136568,4,,0,2,10353
136571,2,,,1,10353
136577,8,,,1,10353
136578,4,,,1,10353
136579,3,,,1,10353
136581,3,,,1,10353
136583,7,,,1,10353
136585,8,,0,2,10353
136586,2,,,1,10353
136588,10,,,1,10353
136589,7,,,1,10353
136590,10,,,1,10353
136591,2,,0,2,10353
136592,8.5,,,1,10353
136593,4.5,,,1,10353
136605,2,,,1,10353
136629,1.5,,,1,10353
136635,0.3,,,1,10353
136638,5,,,1,10353
136639,5,,,1,10353
136641,0.2,,,1,10353
136643,0.15,,,1,10353
136644,0.4,,,1,10353
136645,0.1,,,1,10353
136646,3,,,1,10353
136647,0.5,,,1,10353
136657,5,,0,2,10353
136659,1.5,,,1,10353
136660,1,,,1,10353
136661,0.5,,,1,10353
136662,0.5,,,1,10353
136663,0.3,,,1,10353
136664,0.3,,0,2,10353
136667,0.15,,,1,10353
136668,0.12,,,1,10353
136669,2,,,1,10353
136670,0.5,,,1,10353
136671,0.2,,,1,10353
136675,5.6,,,1,10353
136678,1,,,1,10353
136679,3,,,1,10353
136680,2.5,,,1,10353
136689,1,,,1,10353
136700,0.1,,,1,10353
136729,5.5,,,1,10353
136730,6,,,1,10353
136732,9,,,1,10353
136733,3,,,1,10353
136737,0.1,,,1,10353
136738,0.03,,,1,10353
136739,0.05,,,1,10353
136740,0.5,,,1,10353
136741,2.5,,0,2,10353
136743,0.6,,,1,10353
136744,0.6,,,1,10353
136745,2,,,1,10353
136756,1.5,,,1,10353
136764,5.5,,,1,10353
136771,1,,,1,10353
136772,1.3,,0.3,2,10353
136773,0.6,,0.354,2,10353
136775,0.7,,,1,10353
136776,0.8,,,1,10353
136777,1,,0.283,2,10353
136780,0.7,,,1,10353
136781,1,,,1,10353
136782,0.3,,,1,10353
136783,1.2,,0.354,2,10353
136784,1,,,1,10353
136786,0.2,,,1,10353
136787,0.6,,0.354,2,10353
136788,4,,,1,10353
136797,1,,,1,10353
136798,6,,,1,10353
136818,7,,0,2,10353
136826,1.2,,,1,10353
136839,0.7,,,1,10353
136840,0.7,,,1,10353
136842,0.5,,,1,10353
136876,6,,,1,10353
136877,1,,,1,10353
136884,3,,,1,10353
136885,2.5,,,1,10353
136888,1.5,,,1,10353
136891,2.5,,,1,10353
136892,4,,,1,10353
136894,1.5,,0.471,2,10353
136898,0.4,,,1,10353
136899,1.5,,,1,10353
136900,2,,,1,10353
136901,2.5,,,1,10353
136902,1,,,1,10353
136903,1,,,1,10353
136904,0.5,,,1,10353
136906,1,,,1,10353
136918,3,,,1,10353
136922,0.1,,,1,10353
136923,3.5,,,1,10353
136924,4.5,,,1,10353
136927,2,,0.471,2,10353
136928,2,,,1,10353
136929,2,,,1,10353
136930,1.5,,,1,10353
136950,0.12,,,1,10353
136954,3,,,1,10353
136955,1.5,,0.202,2,10353
136964,5,,,1,10353
136984,1.2,,,1,10353
136985,0.4,,,1,10353
136986,0.4,,,1,10353
136987,1,,,1,10353
136988,0.07,,,1,10353
136991,1,,,1,10353
136992,2.5,,,1,10353
136993,2,,,1,10353
136994,1.5,,0,2,10353
136995,1,,,1,10353
136996,2,,,1,10353
136998,1.2,,,1,10353
136999,1.5,,,1,10353
137000,1,,,1,10353
137001,2,,,1,10353
137002,1.5,,,1,10353
137003,4,,,1,10353
137005,1,,,1,10353
137006,0.6,,,1,10353
137008,4,,,1,10353
137032,3,,,1,10353
137033,4,,,1,10353
137034,2,,,1,10353
137043,0.3,,,1,10353
137044,0.4,,,1,10353
137045,0.4,,,1,10353
137046,0.3,,,1,10353
137048,2.5,,,1,10353
137049,7,,,1,10353
137050,3.3,,,1,10353
137051,7.5,,,1,10353
137062,1.4,,0.177,2,10353
137091,2,,,1,10353
137092,2,,,1,10353
137093,1,,,1,10353
137100,1,,,1,10353
137101,3.5,,0.849,2,10353
137102,0.5,,,1,10353
137103,0.5,,,1,10353
137118,3,,,1,10353
137119,4.2,,,1,10353
137120,1,,,1,10353
137121,1.8,,,1,10353
137123,2.4,,,1,10353
137124,2.3,,,1,10353
137125,2,,,1,10353
137126,0.7,,,1,10353
137127,1.4,,,1,10353
137129,4.5,,,1,10353
137130,2.5,,,1,10353
137132,2.5,,,1,10353
137133,1.5,,,1,10353
137134,3.4,,,1,10353
137135,1.5,,,1,10353
137160,0.6,,,1,10353
137161,0.5,,,1,10353
137162,0.5,,0,3,10353
137175,3.5,,,1,10353
137177,2,,,1,10353
137180,2.5,,,1,10353
137181,2,,,1,10353
137182,2,,,1,10353
137183,0.4,,,1,10353
137210,2,,,1,10353
137212,3.5,,,1,10353
137214,0.8,,,1,10353
137217,2,,,1,10353
137223,4,,,1,10353
137228,0.6,,,1,10353
137229,4,,,1,10353
137231,2,,,1,10353
137232,0.6,,,1,10353
137235,1.5,,,1,10353
137236,1.5,,,1,10353
137237,0.1,,0.217,3,10353
137238,0.15,,,1,10353
137239,0.07,,0.514,2,10353
137240,0.2,,,1,10353
137241,0.1,,0.606,2,10353
137244,0.1,,,1,10353
137248,0.15,,,1,10353
137249,0.15,,,1,10353
137250,0.1,,,1,10353
137251,0.25,,,1,10353
137252,0.2,,,1,10353
137254,0.2,,0.606,2,10353
137255,0.2,,,1,10353
137256,0.15,,0.088,2,10353
137257,0.1,,,1,10353
137258,0.15,,0.471,2,10353
137259,0.15,,,1,10353
137262,0.4,,,1,10353
137263,0.25,,,1,10353
137266,0.15,,,1,10353
137267,0.3,,,1,10353
137268,0.3,,,1,10353
137305,0.4,,0.606,2,10353
137324,3,,,1,10353
137328,6,,0,2,10353
137330,2,,,1,10353
137334,2.5,,,1,10353
137346,2.5,,,1,10353
137348,1,,,1,10353
137349,0.7,,0,2,10320
137350,0.8,,,1,10353
137352,0.6,,,1,10353
137354,0.4,,,1,10353
137355,0.2,,,1,10353
137356,0.4,,,1,10353
137357,0.5,,,1,10353
137372,3,,,1,10353
137412,2,,,1,10353
137441,3.5,,,1,10353
137443,5,,,1,10353
137444,3,,,1,10353
137447,0.15,,,1,10353
137448,0.1,,,1,10353
137449,0.2,,0.231,4,10353
137450,0.4,,0,2,10353
137455,0.4,,,1,10353
137456,0.5,,0.707,2,10353
137459,8,,,1,10353
137460,10.5,,,1,10353
137461,75,,,1,10353
137462,1.5,,,1,10353
137463,5,,,1,10353
137464,4.5,,,1,10353
137465,4.5,,,1,10353
137467,5,,,1,10353
137468,14,,,1,10353
137469,7,,,1,10353
137470,20,,,1,10353
137471,4,,,1,10353
137472,11,,,1,10353
137473,3,,,1,10353
137474,7,,,1,10353
137481,0.3,,,1,10353
137482,0.2,,,1,10353
137484,0.3,,,1,10353
137485,0.6,,,1,10353
137487,4.5,,,1,10353
137489,4,,,1,10353
137490,3,,,1,10353
137491,2.3,,,1,10353
137492,2.3,,,1,10353
137504,2.2,,,1,10353
137505,1,,,1,10353
137506,1.4,,,1,10353
137508,2,,,1,10353
137509,1.5,,,1,10353
137510,3.2,,,1,10353
137524,3.3,,,1,10353
137525,2.5,,,1,10353
137526,2.8,,,1,10353
137527,7,,,1,10353
137528,2.5,,,1,10353
137529,0.8,,,1,10353
137531,1,,,1,10353
137534,0.7,,,1,10353
137535,1,,,1,10353
137536,0.6,,,1,10353
137537,0.3,,,1,10353
137538,1,,,1,10353
137539,0.7,,,1,10353
137545,1.8,,,1,10353
137546,5,,,1,10353
137547,2.5,,,1,10353
137548,3.5,,,1,10353
137565,5,,,1,10353
137566,3.5,,,1,10353
137567,2,,,1,10353
137570,5,,,1,10353
137571,4,,,1,10353
137575,0.5,,,1,10353
137577,0.7,,,1,10353
137579,0.7,,,1,10353
137580,4.5,,,1,10353
137589,4,,,1,10353
137594,0.7,,,1,10353
137600,5,,,1,10353
137601,6,,,1,10353
137612,3,,,1,10353
137616,3,,,1,10353
137619,3,,,1,10353
137620,5,,,1,10353
137621,3,,0.109,2,10353
137622,2,,,1,10353
137623,2.5,,,1,10353
137626,2.5,,,1,10353
137627,2,,,1,10353
137628,1.7,,,1,10353
137629,2.5,,,1,10353
137630,5,,,1,10353
137648,2.5,,,1,10353
137651,2.5,,,1,10353
137653,3,,,1,10353
137654,1,,,1,10353
137655,1.2,,,1,10353
137656,0.2,,,1,10353
137673,3,,,1,10353
137676,4,,,1,10353
137677,2.5,,,1,10353
137680,1.8,,,1,10353
137687,2.5,,,1,10353
137711,0.25,,,1,10353
137716,1,,,1,10353
137719,0.8,,,1,10353
137720,0.7,,,1,10353
137723,0.3,,0.202,2,10353
137724,1.1,,0,3,10353
137725,0.4,,,1,10353
137726,2,,,1,10353
137728,2,,,1,10353
137734,0.3,,,1,10353
137735,0.3,,,1,10353
137743,1,,,1,10353
137744,0.5,,,1,10353
137747,0.1,,,1,10353
137759,1,,,1,10353
137760,1,,,1,10353
137761,5,,,1,10353
137762,3.5,,,1,10353
137765,1.5,,,1,10353
137767,2.5,,,1,10353
137772,2,,,1,10353
137773,0.5,,,1,10353
137774,2.5,,,1,10353
137775,2,,,1,10353
137777,4,,,1,10353
137778,2.5,,,1,10353
137780,3,,,1,10353
137781,3.5,,,1,10353
137782,2.5,,,1,10353
137783,2,,,1,10353
137784,2.5,,,1,10353
137785,0.3,,,1,10353
137787,1.5,,,1,10353
137788,3,,,1,10353
137837,1.5,,,1,10353
137839,1,,,1,10353
137853,5,,,1,10353
137855,6,,,1,10353
137865,0.5,,,1,10353
137866,1,,,1,10353
137872,0.7,,,1,10353
137876,0.5,,,1,10353
137877,1,,0,2,10353
137878,2,,,1,10353
137880,2,,0.283,2,10353
137881,1,,,1,10353
137882,3,,,1,10353
137883,2,,,1,10353
137884,3,,,1,10353
137885,0.3,,,1,10353
137886,1,,,1,10353
137887,1,,,1,10353
137888,0.2,,0.333,3,10353
137890,0.5,,,1,10353
137891,1.5,,,1,10353
137892,0.5,,,1,10353
137893,2,,,1,10353
137894,0.6,,,1,10353
137895,0.3,,,1,10353
137896,0.5,,,1,10353
137898,0.2,,,1,10353
137899,0.2,,,1,10353
137904,0.3,,,1,10353
137911,2.5,,,1,10353
137912,2,,,1,10353
137930,2,,,1,10353
137931,2,,,1,10353
137932,1,,,1,10353
137933,0.5,,,1,10353
137934,2.5,,0,2,10353
137949,2,,0,2,10353
137950,2,,,1,10353
137951,3,,,1,10353
137952,1.1,,,1,10353
137953,2,,,1,10353
137954,0.16,,,1,10353
137955,2,,,1,10353
137956,2.5,,,1,10353
137957,0.8,,,1,10353
137958,3,,,1,10353
137959,1.2,,,1,10353
137960,2.5,,,1,10353
137961,2,,,1,10353
137962,2.5,,,1,10353
137963,0.3,,,1,10353
137964,0.9,,,1,10353
137965,1,,,1,10353
137966,2.5,,,1,10353
137967,0.8,,,1,10353
137968,1,,,1,10353
137969,5.5,,,1,10353
137970,2.5,,,1,10353
137971,0.8,,,1,10353
137972,2,,,1,10353
137973,2,,,1,10353
137974,1.3,,,1,10353
137975,1.8,,,1,10353
137976,1,,,1,10353
137977,3,,,1,10353
137979,1.3,,,1,10353
137980,1.3,,,1,10353
137981,1.5,,,1,10353
137982,3,,,1,10353
137998,1.8,,,1,10353
137999,0.4,,0.157,2,10353
138000,2,,0,2,10353
138002,0.5,,,1,10353
138006,0.8,,,1,10353
138011,3,,,1,10353
138012,6,,,1,10353
138013,6,,,1,10353
138016,2.5,,,1,10353
138020,15,,,1,10353
138021,5,,,1,10353
138022,2,,,1,10353
138025,1.5,,,1,10353
138026,3.5,,,1,10353
138027,4,,,1,10353
138028,2.5,,,1,10353
138029,3,,,1,10353
138030,2,,,1,10353
138031,2,,,1,10353
138032,9,,,1,10353
138033,7,,,1,10353
138034,2,,,1,10353
138035,1.5,,,1,10353
138036,3,,,1,10353
138037,1.8,,,1,10353
138043,1.5,,,1,10353
138046,0.6,,,1,10353
138050,0.6,,,1,10353
138053,3,,,1,10353
138057,0.7,,,1,10353
138058,0.5,,,1,10353
138059,1.7,,,1,10353
138060,2,,,1,10353
138061,1,,,1,10353
138062,0.7,,,1,10353
138064,3,,,1,10353
138065,1.5,,,1,10353
138066,1.5,,,1,10353
138069,1,,,1,10353
138071,1,,,1,10353
138092,0.1,,,1,10353
138093,2,,,1,10353
138095,0.2,,,1,10353
138096,1.5,,,1,10353
138099,1.5,,,1,10353
138100,0.3,,,1,10353
138101,0.5,,0.326,2,10353
138102,1.5,,,1,10353
138104,1,,0.283,2,10353
138105,3.5,,,1,10353
138126,5,,,1,10353
138127,1.5,,,1,10353
138128,8,,,1,10353
138165,2.5,,,1,10353
138166,0.5,,,1,10353
138170,0.6,,,1,10353
138171,0.05,,0.471,2,10353
138181,1.5,,,1,10353
138183,3,,,1,10353
138187,2.5,,0.404,2,10353
138189,1,,,1,10353
138192,1,,,1,10353
138193,1.2,,,1,10353
138194,0.4,,0.157,2,10353
138195,0.9,,,1,10353
138196,1,,,1,10353
138197,0.5,,,1,10353
138199,0.5,,,1,10353
138201,0.3,,,1,10353
138202,0.4,,,1,10353
138206,0.2,,,1,10353
138207,0.8,,,1,10353
138208,0.4,,,1,10353
138209,0.5,,,1,10353
138210,0.7,,,1,10353
138211,1.5,,,1,10353
138212,0.5,,,1,10353
138215,3,,,1,10353
138218,0.3,,,1,10353
138219,0.2,,,1,10353
138220,0.5,,,1,10353
138222,0.2,,,1,10353
138228,1.5,,,1,10353
138234,0.5,,,1,10353
138235,4,,,1,10353
138236,0.25,,,1,10353
138237,0.4,,,1,10353
138238,0.6,,,1,10353
138240,0.15,,,1,10353
138250,1,,0.247,3,10353
138251,2.5,,,1,10353
138253,1.2,,,1,10353
138260,2,,,1,10353
138261,0.5,,,1,10353
138262,3,,0,2,10353
138264,0.15,,,1,10353
138267,0.8,,,1,10353
138274,0.2,,,1,10353
138275,1.5,,,1,10353
138287,0.3,,,1,10353
138288,0.5,,,1,10353
138300,1,,,1,10353
138301,5,,,1,10353
138303,3,,,1,10353
138304,0.3,,,1,10353
138305,1.7,,,1,10353
138306,1.8,,,1,10353
138309,1.3,,,1,10353
138310,1.5,,,1,10353
138313,1,,,1,10353
138315,3,,,1,10353
138325,1.5,,,1,10353
138326,0.6,,,1,10353
138327,1,,,1,10353
138328,4,,,1,10353
138332,2,,0,2,10353
138333,3.5,,,1,10353
138347,6,,,1,10353
138352,0.5,,,1,10353
138359,0.6,,,1,10353
138366,0.6,,0.109,2,10353
138367,0.5,,,1,10353
138368,1,,,1,10353
138374,1.2,,,1,10353
138383,2,,,1,10353
138387,1.5,,,1,10353
138391,0.5,,0.471,2,10353
138401,0.7,,,1,10353
138407,2,,,1,10353
138426,0.3,,,1,10353
138434,2,,,1,10353
138437,3,,,1,10353
138441,0.4,,,1,10353
138444,1.5,,,1,10353
138447,1,,,1,10353
138458,0.3,,,1,10353
138459,1.5,,,1,10353
138463,1,,,1,10353
138464,1.5,,,1,10353
138465,1.5,,,1,10353
138469,2.5,,,1,10353
138478,0.2,,0,2,10353
138485,4,,,1,10353
138495,1.5,,,1,10353
138496,0.2,,,1,10353
138500,2,,,1,10353
138511,0.8,,,1,10353
138519,4,,,1,10353
138522,1.4,,0.049,2,10353
138530,0.2,,,1,10353
138531,0.2,,,1,10353
138533,0.3,,,1,10353
138539,0.4,,,1,10353
138552,0.5,,,1,10353
138565,1.5,,,1,10353
138566,1,,0,2,10353
138584,0.2,,,1,10353
138585,0.4,,0.283,2,10353
138586,0.3,,,1,10353
138589,0.2,,,1,10353
138590,0.5,,,1,10353
138596,0.5,,,1,10353
138603,1.4,,,1,10353
138623,0.5,,,1,10353
138627,0.4,,,1,10353
138646,5,,,1,10353
138649,0.2,,,1,10353
138658,2,,,1,10353
138660,0.7,,,1,10353
138661,1.5,,,1,10353
138664,2.5,,,1,10353
138666,3,,,1,10353
138667,0.8,,,1,10353
138689,8,,,1,10353
138690,0.3,,,1,10353
138707,0.1,,,1,10353
138720,2,,,1,10353
138724,0.25,,0.236,2,10353
138726,0.5,,,1,10353
138728,0.15,,,1,10353
138730,0.1,,0.283,2,10353
138731,0.2,,,1,10353
138732,0.2,,,1,10353
138733,0.3,,,1,10353
138734,0.7,,,1,10353
138745,0.2,,,1,10353
138785,1,,0.433,3,10353
138786,2,,,1,10353
138787,0.06,,,1,10353
138792,0.2,,,1,10353
138806,0.15,,,1,10353
138807,0.15,,,1,10353
138811,2.5,,,1,10353
138817,5,,,1,10353
138824,0.2,,,1,10353
138826,0.2,,,1,10353
138832,0.2,,,1,10353
138845,1,,,1,10353
138849,0.75,,,1,10353
138858,0.75,,,1,10353
138860,2,,,1,10353
138861,1,,,1,10353
138862,2,,,1,10353
138872,1,,,1,10353
138909,0.6,,,1,10353
138918,0.5,,,1,10353
138919,1,,,1,10353
138920,1,,,1,10353
138921,0.2,,,1,10353
138922,2,,,1,10353
138924,0.5,,,1,10353
138925,0.6,,,1,10353
138927,0.5,,,1,10353
138928,0.5,,,1,10353
138930,0.3,,,1,10353
138933,2,,,1,10353
138934,0.2,,,1,10353
138935,1,,,1,10353
138939,2,,,1,10353
138940,0.5,,,1,10353
138941,0.2,,,1,10353
138942,0.4,,,1,10353
138959,0.8,,,1,10353
138960,1,,,1,10353
138964,10,,,1,10353
138965,2.5,,,1,10353
138967,0.6,,,1,10353
138968,1.5,,,1,10353
138969,0.1,,0.462,4,10353
138970,1,,,1,10353
138971,0.15,,0.202,2,10353
138976,0.8,,,1,10353
138977,0.4,,,1,10353
138982,2,,,1,10353
138984,2.5,,,1,10353
138991,0.2,,,1,10353
138993,0.3,,,1,10353
138996,0.1,,,1,10353
139036,1,,,1,10353
139055,0.1,,,1,10353
139061,3,,,1,10353
139067,0.3,,,1,10353
139068,1.5,,,1,10353
139079,1.2,,,1,10353
139084,0.6,,,1,10353
139085,2,,,1,10353
139087,0.5,,,1,10353
139096,0.5,,,1,10353
139102,2,,,1,10353
139121,7,,,1,10353
139124,1,,,1,10353
139125,3.6,,,1,10353
139126,1,,,1,10353
139130,3,,,1,10353
139131,1.5,,,1,10353
139439,0.6,,,1,10320
139440,0.5,,,1,10320
139443,0.7,,,1,10320
139446,0.05,,,1,10320
139447,0.1,,,1,10320
139450,0.25,,,1,10320
139451,0.1,,,1,10320
139452,0.5,,,1,10320
139462,0.4,,,1,10320
139473,0.4,,,1,10320
139474,0.1,,,1,10320
139479,0.7,,,1,10320
139486,0.08,,,1,10320
139508,0.9,,,1,10320
139520,0.05,,,1,10320
139527,0.8,,,1,10320
139528,0.04,,,1,10320
139529,0.05,,,1,10320
139531,1.5,,,1,10320
139538,0.2,,,1,10320
139549,0.08,,,1,10320
139552,0.3,,,1,10320
139555,0.04,,,1,10320
139558,0.5,,,1,10320
139564,0.7,,,1,10320
139586,6,,,1,10353
139587,10,,,1,10353
139590,4,,,1,10353
139597,3,,,1,10353
139598,3,,,1,10353
139599,1.5,,,1,10353
139602,6,,,1,10353
139605,4,,,1,10353
139609,6,,,1,10353
139610,7,,,1,10353
139611,2.5,,,1,10353
139612,8,,,1,10353
139633,9,,,1,10353
139635,8,,,1,10353
139647,1,,,1,10320
139694,2.1,,,1,10353
139816,5,,,1,10353
139934,3,,,1,10353
139941,2,,,1,10320
139946,0.2,,,1,10353
139947,0.3,,,1,10353
139953,15,,,1,10353
139959,0.3,,,1,10353
139960,0.1,,,1,10353
139962,0.2,,,1,10353
139963,0.15,,,1,10353
139965,0.2,,,1,10353
139996,0.05,,,1,10353
140000,0.04,,,1,10320
140005,0.05,,0,2,10320
140010,0.05,,,1,10320
140013,0.05,,,1,10320
140021,0.05,,,1,10320
140022,0.06,,,1,10320
140024,0.08,,,1,10320
140026,0.09,,,1,10320
140214,1.5,,0,2,10353
140230,1.5,,,1,10353
140276,0.5,,,1,10353
140283,0.15,,,1,10353
140284,4,,0,2,10353
140287,6.5,,,1,10353
140293,1,,,1,10320
140297,20,,,1,10353
140299,0.5,,0.707,2,10353
140362,2,,,1,10320
140363,0.4,,,1,10320
140364,3,,,1,10320
140365,0.8,,,1,10320
140366,0.8,,,1,10320
140466,3,,,1,10353
140508,2.8,,,1,10353
140509,1.5,,,1,10353
140518,7,,,1,10353
140602,0.1,,,1,10320
140628,4,,,1,10353
140634,1.5,,,1,10353
140635,2,,,1,10353
140637,4,,0,2,10353
140640,0.8,,0,2,10353
140641,3,,,1,10353
140646,2,,,1,10353
140689,0.05,,,1,10320
140799,2,,,1,10320
140809,0.6,,,1,10320
140810,2,,0.606,2,10353
140812,0.5,,,1,10353
140853,0.1,,,1,10320
140854,0.05,,,1,10320
140855,0.18,,,1,10320
140896,0.05,,,1,10320
140897,0.23,,,1,10320
140991,1,,,1,10320
140992,1,,,1,10320
141118,2.5,,,1,10353
141144,1,,0.606,2,10353
141145,0.5,,,1,10353
141146,0.5,,,1,10353
141147,0.8,,0.66,2,10353
141153,0.5,,,1,10353
141154,0.7,,,1,10353
141197,3,,,1,10353
141202,0.7,,,1,10320
141239,0.1,,,1,10320
141240,0.5,,,1,10320
141249,1,,,1,10353
141401,5,,,1,10353
141544,3.5,,,1,10353
141594,8,,,1,10353
141740,0.7,,,1,10353
141746,6,,,1,10353
141753,0.4,,,1,10320
141760,0.4,,,1,10353
141762,0.1,,,1,10320
141797,0.05,,,1,10320
141863,0.1,,,1,10320
141866,3,,,1,10353
141867,4,,,1,10353
141874,3,,,1,10353
141875,1.5,,,1,10353
141878,5,,,1,10353
141885,0.09,,,1,10320
142003,1,,,1,10353
142048,1.8,,,1,10353
142127,3,,,1,10342
142138,0.2,,,1,10320
142178,1.5,,,1,10353
142179,3,,,1,10353
142180,5,,,1,10353
142181,4,,,1,10353
142182,2.5,,,1,10353
142292,6,,,1,10353
142307,4,,,1,10353
142357,0.1,,0,2,10353
142358,0.5,,,1,10353
142366,2.5,,,1,10353
142410,0.1,,,1,10320
142543,0.3,,,1,10320
142555,0.1,,,1,10320
142607,2,,,1,10353
142612,3.5,,,1,10353
142662,0.6,,,1,10320
142710,1.3,,,1,10320
142743,1.5,,,1,10353
142744,1.2,,,1,10353
142745,1.2,,,1,10353
142746,1.2,,,1,10353
142779,1,,,1,10353
142780,5,,,1,10353
142804,3,,,1,10353
142805,4,,,1,10353
142807,3,,,1,10353
142809,3,,,1,10353
142810,4,,,1,10353
142813,2.5,,,1,10353
142816,3.5,,,1,10353
142820,0.2,,,1,10320
142821,1,,,1,10353
142822,0.25,,0,3,10353
142824,1.5,,,1,10353
142890,0.4,,,1,10320
142915,0.3,,,1,10320
142963,3.2,,,1,10353
143227,1.5,,,1,10320
143228,1,,,1,10320
143257,5.5,,,1,10353
143260,3,,,1,10320
143336,0.1,,,1,10353
143358,2.5,,,1,10353
143638,2,,,1,10353
143656,5,,,1,10353
143669,1.3,,,1,10353
143674,0.1,,,1,10320
143679,0.1,,,1,10320
143682,0.4,,,1,10320
143686,0.5,,,1,10320
143699,3,,,1,10353
143910,1.7,,,1,10320
143953,2.8,,,1,10353
144015,1.5,,,1,10320
144054,0.14,,,1,10320
144055,0.17,,0.091,3,10320
144056,0.15,,,1,10320
144061,0.3,,,1,10320
144078,2,,,1,10353
144106,0.8,,,1,10353
144253,1.5,,0,2,10320
144271,1,,,1,10320
144280,2,,,1,10320
144296,1.2,,,1,10320
144300,1.5,,,1,10320
144305,0.8,,,1,10320
144307,1.5,,,1,10320
144381,1,,,1,10320
144469,0.7,,,1,10320
144499,1,,,1,10320
144533,1.6,,,1,10320
144553,1.3,,,1,10320
144554,1.3,,,1,10320
144630,0.5,,,1,10320
144689,0.15,,,1,10353
144690,1,,,1,10353
144691,0.2,,,1,10353
144707,1,,,1,10353
144720,0.5,,,1,10353
144766,0.8,,,1,10353
144768,1,,,1,10353
144769,0.2,,,1,10353
144774,1.5,,,1,10353
144775,1.5,,,1,10353
144788,2.5,,,1,10353
144827,5,,,1,10353
144851,2.5,,,1,10320
144876,1.5,,,1,10353
144877,1,,0.283,2,10353
144916,2,,,1,10353
144924,1,,,1,10353
144932,1,,,1,10353
144933,0.2,,,1,10353
144959,0.15,,,1,10353
144965,0.1,,,1,10320
145008,2.5,,,1,10353
145076,0.5,,,1,10353
145077,0.3,,,1,10353
145211,0.05,,,1,10320
145213,0.05,,,1,10320
145255,0.2,,,1,10320
145263,1,,,1,10320
145322,3,,,1,10320
145323,0.1,,,1,10320
145333,0.05,,,1,10320
145337,0.3,,0,3,10320
145342,0.5,,,1,10320
145345,0.3,,0,2,10320
145347,5,,,1,10320
145359,0.15,,,1,10320
145361,0.2,,,1,10320
145365,3,,,1,10320
145370,0.2,,,1,10320
145396,0.1,,0,2,10320
145397,0.3,,,1,10320
145400,0.05,,,1,10320
145410,0.4,,,1,10320
145417,0.3,,,1,10320
145434,0.2,,,1,10320
145436,0.4,,,1,10320
145441,0.3,,,1,10320
145452,0.5,,0,2,10320
145454,0.2,,,1,10320
145455,0.07,,,1,10320
145456,0.1,,,1,10320
145459,2,,,1,10320
145467,1,,,1,10320
145470,2,,,1,10320
145476,0.2,,,1,10320
145484,0.4,,,1,10320
145485,0.1,,,1,10320
145487,0.15,,,1,10320
145490,0.25,,,1,10320
145498,0.1,,0.471,2,10320
145501,0.15,,,1,10320
145502,0.4,,,1,10320
145507,1.5,,,1,10320
145513,0.06,,,1,10320
145514,0.8,,,1,10320
145516,0.2,,,1,10320
145521,0.15,,,1,10320
145530,0.1,,,1,10320
145540,0.2,,0,2,10320
145542,0.06,,,1,10320
145543,2,,,1,10320
145544,0.7,,,1,10320
145545,1,,,1,10320
145548,0.1,,,1,10320
145558,0.25,,0.129,2,10320
145559,1,,,1,10320
145561,0.4,,,1,10320
145562,0.2,,,1,10320
145584,0.08,,,1,10320
145590,0.15,,,1,10320
145591,0.85,,,1,10320
145593,2,,,1,10320
145595,0.07,,,1,10320
145748,6,,,1,10353
145764,0.1,,,1,10320
145776,1,,,1,10320
145779,0.1,,,1,10320
145806,0.18,,,1,10320
145808,0.1,,,1,10320
145818,0.1,,,1,10320
145833,0.08,,,1,10320
145846,0.075,,,1,10320
145851,0.1,,,1,10320
145859,0.2,,,1,10320
145890,1.5,,,1,10353
145981,0.05,,,1,10320
146040,0.6,,,1,10353
146122,1.5,,,1,10353
146190,0.03,,,1,10320
146261,4,,,1,10353
146267,0.4,,,1,10320
146459,0.2,,,1,10353
146497,0.5,,,1,10320
146507,0.5,,,1,10353
146643,0.1,,,1,10353
146767,0.15,,,1,10353
146829,0.5,,,1,10320
146837,0.1,,,1,10320
146840,0.5,,,1,10320
146850,0.1,,,1,10320
146862,0.05,,,1,10320
146869,0.2,,,1,10320
146948,2,,,1,10353
146962,0.5,,,1,10353
147026,0.5,,,1,10353
147051,0.15,,,1,10320
147058,0.15,,,1,10320
147106,0.3,,,1,10320
147171,0.3,,,1,10320
147220,0.5,,,1,10320
147222,0.2,,,1,10320
147223,0.1,,,1,10320
147224,0.6,,,1,10320
147225,0.1,,,1,10320
147227,0.25,,,1,10320
147232,0.5,,,1,10320
147233,1,,,1,10320
147235,0.15,,,1,10320
147240,0.2,,,1,10320
147241,0.4,,,1,10320
147242,0.1,,,1,10320
147243,0.3,,,1,10320
147245,0.2,,,1,10320
147247,0.2,,,1,10320
147248,0.4,,,1,10320
147337,2.3,,,1,10353
147338,6.5,,,1,10353
147340,2.2,,,1,10353
147341,8.5,,,1,10353
147342,4.5,,,1,10353
147343,4,,,1,10353
147344,1,,,1,10353
147346,6,,,1,10353
147347,1.5,,,1,10353
147348,3.5,,,1,10353
147349,1.3,,0,2,10353
147350,11,,,1,10353
147351,6.5,,,1,10353
147361,0.2,,,1,10353
147364,2,,,1,10353
147369,0.2,,,1,10353
147372,1,,,1,10353
147373,0.6,,,1,10353
147385,1.5,,,1,10353
147391,2.5,,,1,10353
147392,5.5,,,1,10353
147393,3,,,1,10353
147400,0.1,,,1,10353
147478,11,,,1,10353
147496,2,,,1,10353
147527,0.1,,,1,10320
147687,0.6,,,1,10353
147690,3,,,1,10353
147691,0.8,,,1,10353
147693,0.5,,,1,10353
147694,0.7,,,1,10353
147696,0.5,,,1,10353
147697,3.5,,,1,10353
147698,0.4,,,1,10353
147699,0.8,,,1,10353
147700,1,,,1,10353
147701,0.7,,,1,10353
147703,0.25,,,1,10353
147755,1.8,,,1,10353
147770,0.4,,,1,10320
147771,0.4,,,1,10320
147772,0.5,,,1,10320
147774,0.9,,,1,10320
147775,0.9,,,1,10320
147776,0.3,,,1,10320
147778,0.4,,,1,10320
147779,0.3,,,1,10320
147780,0.4,,,1,10320
147781,0.5,,,1,10320
147784,0.5,,,1,10320
147785,0.5,,,1,10320
147787,0.3,,,1,10320
147788,0.2,,,1,10320
147877,2.5,,,1,10353
147911,2.5,,,1,10353
147912,3.5,,,1,10353
147913,3,,,1,10353
147916,1,,,1,10353
147951,6,,,1,10353
147953,2.5,,,1,10353
147956,10,,,1,10353
147961,6,,,1,10353
147962,3,,,1,10353
148040,2,,,1,10320
148231,1,,,1,10353
148262,0.2,,,1,10320
148271,0.1,,,1,10320
148282,1.2,,,1,10320
148309,0.3,,,1,10353
148372,0.2,,,1,10320
148493,3.5,,,1,10353
148498,3.5,,,1,10353
148499,1.5,,,1,10353
148658,0.2,,,1,10353
148671,0.1,,,1,10320
148714,6,,,1,10353
148763,1,,,1,10353
148900,2.5,,,1,10320
149118,0.05,,,1,10320
149119,0.15,,,1,10320
149237,15,,,1,10353
149299,0.3,,,1,10320
149302,3,,,1,10353
149303,2.5,,,1,10353
149360,3,,,1,10353
149370,5,,,1,10353
149373,1.2,,,1,10353
149374,5.5,,,1,10353
149424,3,,,1,10353
149433,4,,,1,10353
149491,0.05,,,1,10320
149496,3,,,1,10353
149497,5,,,1,10353
149498,12,,,1,10353
149499,12,,,1,10353
149500,3.5,,,1,10353
149584,2.5,,,1,10353
149668,1,,,1,10353
149690,1,,,1,10320
149691,0.05,,,1,10320
149692,0.15,,,1,10320
149695,0.8,,,1,10320
149697,1,,0,2,10320
149698,1.3,,,1,10320
149700,0.08,,,1,10320
149703,0.6,,,1,10320
149811,0.1,,0,2,10320
149847,3.5,,,1,10353
149850,2.5,,,1,10353
149866,1.3,,,1,10353
150199,0.3,,,1,10320
150201,0.5,,,1,10320
150202,1,,,1,10320
150203,1,,,1,10320
150207,0.15,,,1,10320
150208,1,,,1,10320
150210,1,,,1,10320
150211,0.8,,,1,10320
150212,0.2,,,1,10320
150218,0.6,,,1,10353
150230,3.5,,,1,10353
150236,1,,,1,10353
150239,3,,,1,10353
150242,2,,0,2,10353
150243,8,,,1,10353
150245,0.1,,,1,10320
150246,0.18,,,1,10320
150269,0.3,,,1,10353
150400,2,,,1,10353
150402,3,,,1,10353
150403,1.8,,,1,10353
150406,2,,,1,10353
150409,1.5,,,1,10353
150410,1.2,,,1,10353
150411,0.3,,,1,10353
150414,1.6,,,1,10353
150417,1.5,,,1,10353
150420,0.5,,,1,10353
150422,0.6,,,1,10353
150423,0.25,,,1,10353
150425,1.5,,,1,10353
150426,0.5,,,1,10353
150429,0.5,,,1,10353
150433,1,,,1,10353
150434,5.5,,,1,10353
150437,4,,,1,10353
150438,1,,,1,10353
150441,1.5,,,1,10353
150443,1,,,1,10353
150444,0.8,,,1,10353
150445,1.5,,,1,10353
150448,1.2,,,1,10353
150449,0.2,,,1,10353
150450,0.2,,,1,10353
150454,2,,,1,10353
150455,0.5,,0.236,2,10353
150457,0.2,,,1,10353
150460,1.5,,,1,10353
150462,2,,,1,10353
150463,1.2,,,1,10353
150467,0.6,,,1,10353
150468,0.6,,,1,10353
150479,1,,,1,10320
150481,0.2,,,1,10320
150523,1,,,1,10353
150526,1.5,,,1,10353
150542,3,,,1,10353
150708,0.1,,,1,10353
150754,0.2,,,1,10353
150760,0.2,,,1,10320
150761,0.1,,,1,10320
150786,2.5,,,1,10353
150789,2.5,,,1,10353
150823,2,,,1,10353
150984,4,,,1,10353
151009,1,,,1,10353
151073,3.5,,,1,10353
151076,0.8,,,1,10353
151105,2.5,,,1,10353
151107,1,,,1,10353
151108,2,,,1,10353
151112,1.5,,,1,10353
151116,4,,,1,10353
151118,1.5,,,1,10353
151121,0.3,,,1,10353
151122,0.5,,,1,10353
151123,3,,,1,10353
151124,2,,,1,10353
151130,2,,,1,10353
151135,1.3,,,1,10353
151136,2,,,1,10353
151138,0.4,,,1,10353
151140,0.5,,,1,10353
151147,3,,,1,10353
151149,0.8,,,1,10353
151150,0.3,,,1,10353
151152,1.2,,,1,10353
151155,0.4,,,1,10353
151156,2.2,,,1,10353
151159,0.2,,,1,10353
151162,1.8,,,1,10353
151172,2,,,1,10353
151271,0.8,,,1,10353
151272,0.6,,,1,10353
151273,1.5,,,1,10353
151274,0.5,,,1,10353
151277,0.8,,0,2,10353
151278,0.5,,,1,10353
151279,0.7,,,1,10353
151281,0.4,,,1,10353
151294,4,,,1,10353
151296,2.5,,,1,10353
151372,0.3,,,1,10353
151377,0.3,,,1,10353
151383,1.2,,,1,10353
151389,1,,0.399,7,10353
151390,0.2,,,1,10353
151393,0.5,,,1,10353
151397,0.4,,,1,10353
151400,0.2,,,1,10353
151401,0.8,,,1,10353
151494,3,,,1,10353
151495,6,,,1,10353
151539,0.7,,,1,10353
151541,2,,,1,10353
151542,1,,,1,10353
151544,1.5,,,1,10353
151547,1,,,1,10353
151548,1.5,,,1,10353
151549,2,,,1,10353
151552,7,,,1,10353
151553,0.7,,,1,10353
151560,2,,,1,10353
151617,0.7,,,1,10320
151709,0.3,,,1,10353
151759,3,,,1,10320
151888,1.5,,,1,10353
151929,1.5,,,1,10353
151957,0.8,,,1,10353
152022,2,,,1,10353
152024,1,,,1,10353
152030,2.8,,,1,10320
152034,5,,,1,10320
152035,0.3,,,1,10320
152044,1.5,,,1,10320
152082,2,,,1,10353
152083,1,,0.129,2,10353
152084,1.8,,,1,10353
152108,3,,,1,10353
152109,1,,,1,10353
152137,1,,,1,10353
152139,1.5,,,1,10353
152140,1,,,1,10353
152141,0.8,,,1,10353
152142,0.35,,,1,10353
152144,1,,,1,10353
152145,1.5,,,1,10353
152157,0.1,,,1,10320
152186,2,,,1,10353
152197,2,,,1,10353
152198,2.8,,,1,10353
152216,1.5,,,1,10353
152217,1.5,,,1,10353
152290,0.1,,,1,10328
152363,0.2,,,1,10320
152386,0.6,,0,3,10320
152431,0.4,,,1,10353
152453,0.1,,0.471,2,10320
152538,1.5,,,1,10353
152539,2,,,1,10353
152540,0.4,,,1,10353
152541,0.5,,0.849,2,10353
152542,1.5,,,1,10353
152543,1.5,,,1,10353
152651,0.4,,,1,10320
152656,3,,,1,10320
152696,2,,,1,10320
152697,0.5,,,1,10320
152698,2,,,1,10320
152750,1,,,1,10353
152774,0.1,,,1,10320
152779,0.5,,,1,10320
152787,2,,,1,10353
152790,0.2,,0,2,10353
152791,1.5,,,1,10353
153021,0.1,,,1,10320
153044,1,,,1,10353
153080,0.1,,,1,10320
153081,0.12,,,1,10320
153092,0.35,,,1,10320
153111,6.5,,,1,10353
153112,6.8,,,1,10353
153132,0.5,,,1,10353
153161,0.3,,,1,10353
153162,1,,,1,10320
153199,0.5,,,1,10320
153250,2,,,1,10353
153254,0.7,,,1,10353
153256,1.3,,,1,10353
153322,1,,,1,10353
153323,3,,,1,10353
153342,2,,,1,10353
153380,2,,,1,10320
153401,1,,,1,10353
153403,1.5,,,1,10353
153405,0.5,,,1,10353
153407,2,,,1,10353
153409,2,,,1,10353
153410,1.2,,,1,10353
153502,2.5,,,1,10328
153533,0.2,,,1,10353
153534,0.4,,,1,10353
153535,0.6,,,1,10353
153549,0.2,,,1,10320
153554,0.3,,,1,10320
153572,0.5,,,1,10320
153578,0.2,,,1,10320
153607,3,,,1,10320
153681,0.2,,,1,10320
153695,3.5,,,1,10353
153905,1,,0.367,2,"10320,10328"
153907,1,,0.927,2,"10320,10328"
153918,0.5,,,1,10353
153925,0.15,,,1,10353
153978,1,,,1,10353
154012,0.25,,,1,10353
154624,1.5,,,1,10353
154779,0.2,,,1,16
155869,0.5,,,1,10353
156540,3.5,,,1,10353
156544,2,,,1,10353
156545,2,,,1,10353
156546,2,,,1,10353
157336,4,,,1,10353
158456,2.5,,,1,10353
158834,8,,,1,10353
158951,2,,,1,10353
159169,2,,,1,10353
159616,7,,,1,10353
159620,8,,,1,10353
159765,0.8,,,1,10353
159770,0.5,,,1,10353
159772,1.3,,,1,10353
159815,3,,,1,10353
159836,0.7,,,1,10353
159906,1.2,,,1,10353
160014,0.19,,,1,10320
160562,0.2,,,1,10320
160804,0.3,,,1,10353
160812,0.1,,,1,10320
161033,3,,,1,10353
162843,1.5,,,1,10353
162844,0.13,,,1,10342
162990,2,,,1,10353
163096,0.2,,,1,10342
163545,9.5,,,1,10353
163840,0.3,,,1,10328
164045,1.2,,,1,10320
165351,0.05,,1.01,2,"10320,10328"
165466,3,,0.471,2,"16,10353"
165519,4,,,1,10353
165548,1.5,,0,3,10353
165558,3.5,,,1,10353
166907,2,,,1,10353
166908,2,,,1,10353
166912,5,,,1,10353
166917,2,,,1,10353
166922,2,,,1,10353
166927,3,,,1,10353
166928,3,,,1,10353
166931,2.2,,,1,10353
166932,2.5,,,1,10353
166935,1.5,,,1,10353
166936,1.3,,,1,10353
167251,3,,,1,10353
167255,3,,,1,10353
168884,3.2,,,1,10353
169520,0.2,,,1,10320
169555,0.2,,,1,10320
169664,2,,,1,10353
169674,4,,,1,10353
169679,3.5,,,1,10353
169684,3,,,1,10353
169692,1.5,,,1,10353
169694,5,,,1,10353
169699,5,,,1,10353
169705,2,,,1,10353
169717,3,,,1,10353
169723,0.4,,,1,10353
169730,3.5,,,1,10353
170195,0.25,,,1,10320
170196,0.3,,,1,10320
170197,0.1,,,1,10320
170198,0.3,,,1,10320
170224,2,,,1,10353
170225,3,,,1,10353
170227,4,,,1,10353
170228,2,,,1,10353
170249,0.1,,,1,10320
170326,3,,,1,10353
170327,10,,,1,10353
170394,6.5,,,1,10353
170482,0.5,,,1,10320
170483,0.4,,,1,10320
170484,0.1,,,1,10320
170485,0.2,,,1,10320
170486,0.2,,,1,10320
170607,2,,,1,10353
170925,0.4,,,1,10320
170926,0.1,,,1,10320
170996,6,,,1,10353
170997,11,,,1,10353
170999,6,,,1,10353
171009,1.5,,,1,10353
171558,7,,,1,10353
171599,6,,,1,10353
171777,6,,,1,10353
171968,2.5,,,1,10353
172246,3,,,1,10353
172258,3.5,,,1,10353
172361,2,,,1,10353
172665,0.1,,,1,10320
172935,2.5,,,1,10353
173106,3,,,1,10353
173360,1.5,,,1,10353
173368,2,,,1,10353
173401,3.5,,,1,10353
173406,2,,,1,10353
173545,0.2,,,1,10320
173760,0.3,,,1,10320
173776,0.3,,,1,10320
173790,0.3,,,1,10320
173793,0.1,,,1,10320
174534,2,,,1,10353
174541,0.08,,,1,10320
174573,1,,,1,10353
176186,1.5,,,1,10353
176256,1.3,,,1,10353
176798,0.8,,,1,10353
176803,0.8,,,1,10353
176806,0.3,,,1,10353
176807,1,,,1,10353
176888,0.3,,,1,10353
176913,0.3,,,1,10353
177108,1,,,1,10353
177119,0.4,,,1,10353
177190,0.3,,,1,10353
177217,0.1,,,1,10353
177220,0.3,,,1,10353
177221,1,,,1,10353
177231,0.1,,,1,10353
177262,0.4,,,1,10353
177276,0.3,,,1,10353
177290,2,,,1,10353
177304,0.3,,,1,10353
177315,1,,,1,10353
177328,0.5,,,1,10353
177363,0.5,,,1,10353
177377,0.4,,,1,10353
177435,0.4,,,1,10353
179087,6,,,1,10353
179196,0.4,,,1,10353
179253,0.4,,,1,10353
179275,0.8,,,1,10353
179277,0.3,,,1,10353
179323,2,,,1,10353
179339,0.1,,,1,10320
179474,1.5,,,1,10353
179676,0.2,,,1,10353
180000,0.08,,,1,10320
180345,4,,,1,10353
181467,3,,,1,10353
181543,0.8,,,1,10353
181544,0.8,,,1,10353
181547,3.5,,,1,10353
184195,1.5,,,1,10353
184199,0.3,,,1,10320
184208,0.3,,,1,10320
184702,4,,,1,10353
184753,5,,,1,10353
184762,2,,,1,10353
184763,5,,,1,10353
184764,4,,,1,10353
184829,4,,,1,10353
184840,1.5,,,1,10353
184842,2.5,,,1,10353
184848,3.5,,,1,10353
184849,2.5,,,1,10353
184892,4,,,1,10353
184894,9,,,1,10353
184897,2,,,1,10353
184899,7,,,1,10353
184901,5,,,1,10353
185026,3.5,,,1,10353
185158,0.06,,,1,10320
185162,0.05,,,1,10320
185337,3.5,,,1,10353
185505,5.5,,,1,10353
185656,2,,,1,10353
185824,8,,,1,10353
185829,0.35,,,1,10353
185847,9,,,1,10353
186664,2.5,,,1,10353
186671,5,,,1,10353
186855,7,,,1,10353
188534,2.5,,,1,10353
188544,1.5,,,1,10320
188546,2,,,1,10353
188556,1.5,,,1,10320
191994,0.6,,,1,10320
192002,0.1,,,1,10320
192003,0.7,,,1,10320
192004,0.1,,,1,10320
192011,0.6,,,1,10320
192013,0.9,,,1,10320
192016,0.4,,,1,10320
192017,0.5,,,1,10320
192025,0.9,,,1,10320
192026,0.2,,,1,10320
192034,0.09,,,1,10320
192035,0.5,,,1,10320
192036,0.05,,,1,10320
192099,0.1,,,1,10320
193160,3,,,1,10353
193195,0.8,,,1,10353
193200,0.5,,,1,10353
193241,1.5,,,1,10353
193258,3,,,1,10353
193265,0.6,,,1,10353
193287,1.5,,,1,10353
193290,2,,,1,10353
193329,2.5,,,1,10353
193340,2,,,1,10353
193379,2.5,,,1,10353
193399,0.25,,,1,10320
193403,1,,,1,10353
193405,3,,,1,10353
193459,2,,,1,10353
193491,0.4,,,1,10353
193509,0.1,,,1,10353
193517,2.5,,,1,10353
193557,2.5,,,1,10353
194769,1,,,1,10320
194776,0.8,,,1,10320
194784,1,,,1,10320
194798,1.5,,,1,10320
194802,1,,,1,10320
194812,0.7,,,1,10320
194898,3,,,1,10353
194922,1.5,,,1,10353
194924,2,,,1,10353
194987,2,,,1,10353
195296,2.5,,,1,10353
195389,0.1,,,1,10320
195485,7,,,1,10353
195539,6.5,,,1,10353
195547,3.5,,,1,10353
195597,1.5,,,1,10353
196627,0.5,,,1,10353
197840,4,,,1,10353
197917,1.5,,,1,10353
198014,0.5,,,1,10353
198016,3,,,1,10353
198040,4,,,1,10353
198043,3,,,1,10353
198054,2.5,,,1,10353
198080,2,,,1,10353
199441,0.7,,,1,10353
199505,1.5,,,1,10353
199553,2.5,,,1,10353
199578,1.5,,,1,10353
199602,1,,,1,10353
199645,2,,,1,10353
199713,2.5,,,1,10353
199724,3.5,,,1,10353
199726,3,,,1,10353
200188,4,,,1,10353
200626,0.2,,,1,10320
200629,0.5,,,1,10320
201987,2,,,1,10353
203520,0.1,,,1,10320
203521,0.24,,,1,10320
204482,0.2,,,1,10320
204608,0.08,,,1,10320
205555,0.05,,,1,10320
206888,0.15,,,1,10320
207792,0.07,,,1,10320
207794,0.25,,,1,10320
207875,1.5,,,1,10353
207879,3.6,,,1,10353
207880,3,,,1,10353
207892,8.5,,,1,10353
207895,6.2,,,1,10353
208339,7,,,1,10353
208836,6,,,1,10353
209917,0.02,,,1,10320
210544,13,,,1,10353
211130,5,,,1,10353
211410,0.14,,,1,10320
211846,0.1,,,1,10353
211867,0.08,,,1,10353
211892,0.05,,,1,10353
211894,0.04,,,1,10353
211913,0.05,,,1,10353
211916,0.04,,,1,10353
211969,7,,,1,10353
212033,1,,,1,10320
212086,1,,,1,10353
212089,0.4,,,1,10353
212090,0.3,,,1,10353
212179,2,,,1,10353
212189,2,,,1,10353
212254,0.09,,,1,10320
212294,0.1,,,1,10353
212295,1.4,,,1,10353
212296,0.5,,,1,10353
212299,0.1,,,1,10353
212330,0.2,,,1,10353
212331,1,,,1,10353
212333,1.8,,,1,10353
212334,2.5,,,1,10353
212367,1,,,1,10353
212386,0.2,,,1,10353
212395,2.5,,,1,10353
212398,1,,,1,10353
212400,2,,,1,10353
212409,1,,,1,10353
212449,1.2,,,1,10353
212452,2.5,,,1,10353
212456,3,,,1,10353
212458,4,,,1,10353
212462,1,,,1,10353
212474,6,,,1,10353
212485,3,,,1,10353
212489,2,,,1,10353
212494,4,,,1,10353
212496,1,,,1,10353
212499,1,,,1,10353
212506,1.5,,,1,10353
212511,0.3,,,1,10353
212531,0.5,,,1,10353
212533,0.5,,,1,10353
212541,1.5,,,1,10353
212578,1.5,,,1,10353
212583,7.5,,,1,10353
212584,4.5,,,1,10353
212761,1,,,1,10353
212762,1.7,,,1,10353
212789,0.25,,,1,10320
213004,0.1,,,1,10353
213005,0.5,,,1,10353
213009,0.2,,,1,10353
213010,1,,,1,10353
213012,0.15,,,1,10353
213013,0.2,,,1,10353
213015,0.6,,,1,10353
213088,0.2,,,1,10353
213090,1.3,,,1,10353
213092,0.2,,,1,10353
213097,0.3,,,1,10353
213125,0.05,,,1,10353
213155,0.05,,,1,10353
213163,0.2,,,1,10353
213178,0.05,,,1,10353
213202,0.2,,,1,10353
213203,0.2,,,1,10353
213242,0.15,,,1,10353
213245,0.05,,,1,10353
213277,0.2,,,1,10353
213316,1.5,,,1,10353
213318,0.1,,,1,10353
213323,0.6,,,1,10353
213324,0.5,,,1,10353
213337,0.5,,,1,10353
213338,0.05,,,1,10353
213353,0.2,,,1,10353
213357,0.2,,,1,10353
213405,0.1,,,1,10353
213422,0.15,,,1,10353
213443,0.7,,,1,10353
213447,0.1,,,1,10353
213471,0.1,,,1,10353
213502,0.15,,,1,10353
213725,0.25,,,1,10353
213727,0.6,,,1,10353
213735,0.2,,,1,10320
213745,0.6,,,1,10353
213746,0.2,,,1,10353
213749,0.1,,,1,10320
213751,0.4,,,1,10353
213767,0.2,,,1,10353
214110,0.9,,,1,10353
214111,0.4,,,1,10353
214112,3.2,,,1,10353
214113,0.4,,,1,10353
214114,0.35,,,1,10353
214115,1.5,,,1,10353
214116,1.5,,,1,10353
214118,0.8,,,1,10353
214119,0.5,,,1,10353
214120,0.4,,,1,10353
214123,0.7,,,1,10353
214124,1.8,,,1,10353
214125,0.8,,,1,10353
214172,0.4,,,1,10353
214175,1,,,1,10353
214178,1,,,1,10353
214203,2,,,1,10353
214204,2,,,1,10353
214218,0.1,,,1,10353
214219,2,,,1,10353
214222,0.7,,,1,10353
214230,0.9,,,1,10353
214232,0.3,,,1,10353
214234,1.3,,,1,10353
214920,2.5,,,1,10353
214940,2.5,,,1,10353
215270,0.5,,,1,10320
215303,0.2,,,1,10353
215551,0.8,,,1,10320
215623,2,,,1,10353
215627,1.5,,,1,10353
215628,0.7,,,1,10353
215785,0.6,,,1,10353
215821,1,,,1,10353
216070,1,,,1,10353
216073,1,,,1,10353
216077,0.2,,,1,10353
216080,0.7,,,1,10353
216094,0.3,,,1,10353
216098,1.5,,,1,10353
216106,0.3,,,1,10353
216121,0.3,,,1,10353
216124,0.3,,,1,10353
216192,0.2,,,1,10353
216194,0.2,,,1,10353
216228,0.2,,,1,10320
216232,0.35,,,1,10320
216250,0.06,,,1,10353
216273,0.1,,,1,10353
216336,0.1,,,1,10353
216351,1,,,1,10320
216582,0.09,,,1,10320
216595,0.4,,,1,10320
216598,0.17,,,1,10320
216600,0.03,,,1,10320
216605,0.1,,,1,10320
216878,0.1,,,1,10353
217830,3.5,,,1,10353
217831,5,,,1,10353
217834,3,,,1,10353
218132,4,,,1,10353
218378,0.3,,,1,10320
218828,0.1,,,1,10320
218829,0.15,,,1,10320
219620,0.8,,,1,10320
219621,0.4,,,1,10320
219622,0.4,,,1,10320
219623,0.35,,,1,10320
219633,3.5,,,1,10353
219634,1.7,,,1,10353
219647,1,,,1,10353
219650,1.5,,,1,10353
219655,2,,,1,10353
219706,1.5,,,1,10353
219707,1.5,,,1,10353
219811,0.6,,,1,10353
219812,2,,,1,10353
219869,0.5,,,1,10353
220020,1.5,,,1,10353
220023,0.8,,,1,10353
220037,1,,,1,10353
220044,1.5,,,1,10353
220067,0.2,,,1,10320
220081,2,,,1,10353
220083,2,,,1,10353
220085,2.5,,,1,10353
220086,2,,,1,10353
220088,2,,,1,10353
220113,2,,,1,10353
220114,2,,,1,10353
220116,2,,,1,10353
220120,1,,,1,10353
220122,1,,,1,10353
220123,0.7,,,1,10353
220125,2,,,1,10353
220362,0.1,,,1,10320
220371,0.05,,,1,10320
222251,0.25,,,1,10320
222741,2.5,,,1,10353
222751,4,,,1,10353
222788,0.5,,,1,10320
222887,0.05,,,1,10320
223198,2,,,1,10320
223451,0.1,,,1,10320
223517,0.1,,,1,10320
223961,0.5,,,1,10333
224482,1.5,,,1,10353
224483,1,,,1,10353
224484,1,,,1,10353
224488,1,,,1,10353
224491,2,,,1,10353
224493,1,,,1,10353
224495,0.6,,,1,10353
224497,1.5,,,1,10353
224506,0.8,,,1,10353
224507,3.5,,,1,10353
225120,0.2,,,1,10320
225820,0.2,,,1,10320
225821,0.2,,,1,10320
227024,1.5,,,1,10353
227311,0.2,,,1,10342
227538,0.5,,,1,10333
228153,0.4,,,1,10320
228295,0.05,,,1,10333
228296,0.15,,,1,10320
228749,1.5,,,1,10353
228752,4,,,1,10353
228755,3,,,1,10353
229158,2,,,1,10353
229159,0.9,,,1,10353
229164,2,,,1,10353
229165,5.5,,,1,10353
229168,1.25,,,1,10353
229169,0.4,,,1,10353
229171,2,,0.283,2,10353
229175,1.1,,,1,10353
229176,0.7,,,1,10353
229179,2.2,,,1,10353
229180,8,,,1,10353
229181,1.2,,,1,10353
229182,2,,0.544,2,10353
229183,4.5,,0.45,2,10353
229184,0.4,,,1,10353
229185,0.5,,,1,10353
229189,0.6,,,1,10353
229190,0.9,,,1,10353
229192,1.3,,,1,10353
229196,0.7,,,1,10353
229425,3,,,1,10353
229440,0.3,,,1,10353
229477,1.2,,,1,10353
229493,0.5,,,1,10353
229513,0.8,,,1,10353
229591,0.8,,,1,10353
229594,0.6,,,1,10353
229599,0.8,,,1,10353
229600,1.2,,,1,10353
229610,0.9,,,1,10353
229619,0.4,,,1,10353
229625,0.9,,,1,10353
229629,0.8,,,1,10353
229636,1,,,1,10353
229638,0.6,,,1,10353
229642,0.8,,,1,10353
229643,1.5,,,1,10353
229647,0.7,,,1,10353
229649,2,,,1,10353
230032,2.2,,,1,10353
230067,1.1,,,1,10353
230270,8,,,1,10353
230345,5,,,1,10353
231864,0.7,,,1,10353
231868,6,,,1,10353
232099,1.5,,0,2,10320
290194,2.5,,,1,10353
290195,3.5,,,1,10353
290198,3.2,,,1,10353
290417,2,,,1,10353
290520,1.5,,,1,10353
290640,2,,,1,10353
292065,3.5,,,1,10353
292079,3.7,,,1,10353
292154,2.5,,,1,10320
292197,5,,,1,10353
292222,3,,,1,10353
292224,7,,,1,10353
292240,2.5,,,1,10353
292312,5,,,1,10353
292343,2,,,1,10353
292363,1.5,,,1,10353
292446,5.5,,,1,10353
292450,2.5,,,1,10353
292452,4.2,,,1,10353
292454,3.3,,,1,10353
292691,2,,,1,10353
292706,3,,,1,10353
292723,2,,,1,10353
293041,3,,,1,10353
293042,4.6,,,1,10353
293083,1.5,,,1,10353
293094,7,,,1,10353
293096,4,,,1,10353
293230,3,,,1,10353
293278,2,,,1,10353
293279,1.7,,,1,10353
293281,1.7,,,1,10353
293399,4.5,,,1,10353
293400,2,,,1,10353
293515,2.5,,,1,10353
293692,3,,,1,10353
293942,3,,,1,10353
293965,0.5,,,1,10353
293974,6,,,1,10353
293975,8,,0,2,10353
293994,0.5,,,1,10353
294014,1,,,1,10353
294246,8,,,1,10353
294249,5.5,,,1,10353
294250,5,,,1,10353
294256,0.7,,,1,10353
294264,1.5,,,1,10353
294269,2,,,1,10353
294271,0.7,,,1,10353
294277,8,,,1,10353
294278,0.7,,,1,10353
294279,8,,,1,10353
294280,2,,,1,10353
294282,0.4,,,1,10353
294283,2,,,1,10353
294285,1,,,1,10353
294466,9.5,,,1,10353
294468,5,,0.471,2,10353
294475,2,,,1,10353
294476,2,,,1,10353
294478,7,,0,2,10353
294480,0.15,,,1,10353
294485,10,,,1,10353
294488,0.2,,,1,10353
294489,0.7,,,1,10353
294494,0.5,,,1,10353
294495,0.3,,,1,10353
294499,0.15,,,1,10353
294502,1,,,1,10353
294503,0.5,,,1,10353
294505,1.5,,,1,10353
294506,1.5,,,1,10353
294515,20,,,1,10353
294521,0.4,,,1,10353
294522,1,,,1,10353
294523,6.5,,0.146,2,10353
294524,1,,,1,10353
294525,0.5,,,1,10353
294526,9,,,1,10353
294532,0.4,,,1,10353
294537,2.5,,0,2,10353
294543,0.3,,,1,10353
294544,0.2,,,1,10353
294556,1.5,,,1,10353
294594,0.8,,,1,10353
294633,0.7,,,1,10353
294639,1.5,,,1,10353
294646,0.3,,,1,10353
294647,0.1,,,1,10353
294648,0.05,,,1,10353
294649,0.1,,,1,10353
294650,2.8,,,1,10353
294652,4,,,1,10353
294655,4.5,,,1,10353
294657,1,,,1,10353
294658,1,,,1,10353
294691,0.2,,,1,10353
294734,0.1,,,1,10353
294735,0.2,,,1,10353
294737,0.2,,,1,10353
294742,0.8,,,1,10353
294761,2,,,1,10353
294762,1.5,,,1,10353
294770,1,,,1,10353
294785,0.2,,,1,10353
294786,0.3,,,1,10353
294788,0.2,,,1,10353
294789,0.2,,,1,10353
294793,0.1,,,1,10353
294797,0.5,,,1,10353
294799,2,,,1,10353
294810,7,,,1,10353
294821,0.5,,,1,10353
294827,0.3,,,1,10353
294837,0.2,,,1,10353
294841,1,,,1,10353
294865,4,,,1,10353
294870,0.7,,,1,10353
294947,0.2,,,1,10353
294950,0.4,,,1,10353
294953,0.1,,,1,10353
294954,3,,,1,10353
294959,0.1,,,1,10353
294961,0.1,,,1,10353
294965,0.7,,,1,10353
294967,0.1,,,1,10353
294968,2,,,1,10353
294978,0.5,,,1,10353
294988,0.05,,,1,10353
295001,0.4,,,1,10353
295004,7,,,1,10353
295008,0.5,,,1,10353
295012,0.15,,,1,10353
295026,0.3,,0,2,10353
295035,0.14,,,1,10353
295056,0.3,,,1,10353
295057,0.4,,,1,10353
295061,0.5,,0,2,10353
295062,0.3,,,1,10353
295067,0.4,,,1,10353
295068,2,,,1,10353
295069,3,,,1,10353
295073,2,,,1,10353
295074,1,,,1,10353
295080,1.5,,,1,10353
295085,1.5,,,1,10353
295091,1,,,1,10353
295094,0.7,,,1,10353
295099,0.1,,,1,10353
295100,0.5,,0,2,10353
295102,6,,,1,10353
295103,4,,,1,10353
295147,0.3,,,1,10353
295148,0.4,,,1,10353
295150,0.2,,,1,10353
295152,1,,,1,10353
295154,0.5,,,1,10353
295157,1,,,1,10353
295166,1,,,1,10353
295174,0.4,,,1,10353
295176,0.5,,,1,10353
295178,0.4,,,1,10353
295179,0.4,,,1,10353
295189,0.3,,,1,10353
295225,1,,,1,10353
295235,4,,,1,10353
295245,0.1,,,1,10353
295248,0.25,,,1,10353
295250,0.2,,,1,10353
295272,0.5,,,1,10353
295275,0.6,,,1,10353
295287,0.7,,,1,10353
295294,0.5,,,1,10353
295321,1,,,1,10353
295338,0.6,,,1,10353
295448,3,,,1,10353
295541,0.05,,0.471,2,10353
295582,0.15,,,1,10353
295655,1.5,,,1,10353
295697,2,,,1,10353
295730,0.5,,,1,10353
295853,0.1,,,1,10353
296026,0.4,,,1,10353
296076,0.2,,,1,10353
296078,0.2,,,1,10353
296092,0.5,,,1,10353
296201,0.25,,,1,10353
296241,0.35,,,1,10353
296315,0.5,,,1,10353
297343,2,,,1,10328
297887,2,,,1,16
307268,0.5,,,1,10353
307269,2,,,1,10353
307273,0.3,,,1,10353
307274,0.3,,,1,10353
307283,0.7,,,1,10353
307295,1,,,1,10353
307309,0.1,,,1,10353
307324,0.4,,,1,10353
307353,2,,,1,10353
307378,3.5,,,1,10353
307515,0.5,,,1,10353
307518,2,,,1,10353
307521,0.3,,,1,10353
308696,0.1,,,1,10320
308781,0.06,,,1,10320
308790,0.3,,,1,10320
308791,0.4,,,1,10320
308805,0.4,,,1,10320
308811,0.08,,,1,10320
308812,0.8,,,1,10320
308819,0.6,,,1,10320
308822,0.6,,,1,10320
308829,0.8,,,1,10320
308831,0.5,,,1,10320
308835,0.06,,,1,10320
308838,0.1,,,1,10320
308881,0.1,,,1,10320
308972,0.35,,,1,10320
308973,0.1,,,1,10320
308981,0.35,,,1,10320
308985,0.25,,,1,10320
308988,0.04,,,1,10320
308996,0.6,,,1,10320
308997,0.4,,,1,10320
309078,0.6,,,1,10320
309106,0.5,,,1,10320
309112,0.1,,,1,10320
309118,0.2,,,1,10320
309119,0.1,,,1,10320
309153,0.5,,,1,10320
309250,0.3,,,1,10320
309273,7,,,1,10353
309388,4,,,1,10353
309402,1,,,1,10320
309403,0.1,,,1,10320
309473,1,,,1,10353
309477,4,,,1,10353
309483,1.5,,,1,10353
309521,0.5,,,1,10353
309531,1.5,,,1,10353
309532,1.5,,0,3,10353
309558,0.5,,,1,10353
309566,0.4,,,1,10320
309584,0.5,,,1,10320
309731,1.5,,,1,10353
309846,2,,,1,10353
309897,0.7,,,1,10353
309899,0.15,,,1,10353
310090,5,,,1,10353
310107,4,,,1,10353
310280,7,,,1,10353
310281,6,,,1,10353
310324,0.9,,,1,10353
310326,0.7,,,1,10353
310378,0.1,,,1,10353
310405,0.3,,,1,10320
310572,0.2,,,1,10320
310577,0.17,,,1,10320
310581,0.4,,,1,10320
310582,0.3,,,1,10320
310665,0.15,,,1,10320
310672,0.14,,,1,10320
310674,0.39,,,1,10320
310690,4,,,1,10353
310691,1,,,1,10353
310700,2.5,,,1,10353
310710,0.6,,,1,10353
310799,0.4,,,1,10320
310895,0.2,,,1,10353
310917,0.4,,,1,10320
310918,0.3,,,1,10353
310920,0.15,,,1,10353
310921,3,,,1,10353
310923,0.6,,,1,10353
310945,1,,,1,10320
311007,2,,,1,10353
311233,0.9,,,1,10353
311234,4.5,,0.119,3,10353
311274,0.9,,,1,10320
311279,0.3,,,1,10320
311300,0.5,,,1,10353
311304,4,,,1,10353
311532,5,,,1,10353
311533,2,,,1,10353
311601,1,,,1,10320
311602,1.3,,,1,10320
311920,0.8,,,1,10353
311921,0.2,,,1,10353
311969,1.5,,,1,10353
311980,5,,,1,10353
312001,20,,,1,10353
312046,2.5,,,1,10353
312077,6,,,1,10353
312079,2,,,1,10353
312081,2.5,,,1,10353
312083,7,,,1,10353
312263,1,,,1,10353
312272,1,,,1,10320
312289,1,,,1,10320
312322,0.8,,,1,10353
312415,2.5,,,1,10353
312423,0.2,,,1,10320
312424,0.1,,,1,10320
312426,0.2,,,1,10320
312427,1.5,,,1,10320
312564,1,,,1,10353
312629,0.8,,,1,10353
312630,0.3,,,1,10353
312633,0.5,,,1,10320
312642,1.5,,,1,10320
312643,0.4,,,1,10320
312661,0.6,,,1,10353
312669,0.15,,,1,10320
312681,1.5,,,1,10320
312691,1.5,,,1,10353
312693,2.5,,0,5,10353
312694,4,,,1,10353
312696,2,,0,2,10353
312699,0.2,,,1,10320
312720,5,,,1,10353
312736,0.7,,,1,10353
312742,0.4,,,1,10353
312755,0.5,,,1,10353
312756,6,,0,2,10353
312766,1.5,,,1,10353
312774,1,,,1,10320
312792,2,,,1,10353
312815,0.05,,,1,10320
312819,0.5,,,1,10320
312825,0.05,,,1,10320
312826,0.2,,,1,10320
312827,0.3,,,1,10320
312828,0.1,,,1,10320
312831,0.5,,,1,10320
312856,0.2,,0.606,2,10320
313028,7,,,1,10353
313046,0.8,,,1,10320
313049,0.2,,,1,10320
313052,0.1,,,1,10320
313055,0.1,,,1,10320
313056,0.9,,,1,10320
313058,0.2,,,1,10320
313065,0.2,,,1,10320
313080,0.4,,,1,10320
313091,0.1,,,1,10320
313103,0.5,,,1,10353
313104,1,,0,2,10353
313107,4,,,1,10353
313108,0.5,,,1,10353
313114,0.1,,,1,10320
313393,0.4,,0.217,3,10353
313396,0.3,,0,2,10353
313424,0.2,,,1,10353
313614,0.04,,,1,10320
313632,0.3,,,1,10320
313633,0.4,,,1,10320
313637,0.05,,,1,10320
313638,1,,,1,10320
313639,1,,,1,10320
313647,0.6,,,1,10320
313648,0.7,,,1,10320
313655,0.25,,,1,10320
313657,0.5,,,1,10320
313659,0.04,,,1,10320
313661,0.05,,,1,10320
313668,0.1,,,1,10320
313669,0.4,,,1,10320
313675,0.5,,,1,10320
313696,0.05,,,1,10320
313697,0.05,,,1,10320
313698,0.1,,,1,10320
313733,4,,,1,16
313783,0.2,,,1,10320
313791,0.2,,,1,10320
313796,0.25,,,1,10320
313800,0.15,,,1,10320
313847,0.1,,,1,10320
313871,3,,,1,10320
313924,0.1,,,1,10320
313937,0.075,,,1,10320
313945,0.1,,,1,10320
313947,0.1,,,1,10320
313952,0.06,,0.354,2,10320
313953,0.1,,,1,10320
313958,0.15,,,1,10320
313960,0.05,,,1,10320
313961,0.1,,,1,10320
313993,0.1,,,1,10320
314019,1.5,,,1,10320
314020,1,,,1,10320
314021,1,,,1,10320
314046,0.1,,,1,10320
314128,0.2,,,1,10320
314129,0.1,,,1,10320
314130,0.05,,,1,10320
314131,0.075,,,1,10320
314132,0.4,,,1,10320
314133,0.075,,,1,10320
314134,0.6,,,1,10320
314135,0.1,,,1,10320
314136,0.4,,,1,10320
314137,0.15,,,1,10320
314139,1,,,1,10320
314142,4,,,1,10353
314143,3,,,1,10353
314148,4.8,,,1,10353
314166,0.5,,0,2,10353
314184,0.9,,,1,10353
314191,0.8,,,1,10353
314194,3,,,1,10353
314196,0.7,,,1,10353
314203,5,,0,2,10353
314206,2.5,,,1,10353
314239,4,,,1,10353
314241,4,,,1,10353
314243,1,,,1,10353
314245,0.5,,,1,10353
314246,0.5,,,1,10353
314247,0.7,,,1,10353
314250,0.1,,,1,10353
314256,1,,,1,10353
314259,3,,,1,10353
314539,1,,,1,10353
314565,2,,,1,10353
314595,0.6,,,1,10353
314613,1,,,1,10353
314615,0.3,,,1,10320
314618,0.5,,,1,10320
314620,0.1,,,1,10320
314623,0.15,,,1,10320
314624,0.1,,,1,10320
314625,0.1,,,1,10320
314628,0.15,,,1,10320
314630,0.15,,,1,10320
314637,0.9,,,1,10320
314638,0.2,,,1,10320
314639,0.2,,0,2,10320
314640,0.8,,,1,10320
314641,0.2,,,1,10320
314642,0.15,,,1,10320
314643,0.5,,,1,10320
314644,0.3,,,1,10320
314645,0.8,,,1,10320
314650,1,,,1,10320
314659,0.5,,,1,10320
314681,0.2,,,1,10320
314682,0.15,,,1,10320
314683,0.25,,,1,10320
314684,0.3,,,1,10320
314685,0.05,,,1,10320
314686,0.6,,,1,10320
314687,1.5,,,1,10320
314688,0.35,,,1,10320
314689,0.3,,,1,10320
314690,0.4,,,1,10320
314691,0.3,,,1,10320
314692,0.2,,,1,10320
314715,1.5,,,1,10353
314716,2.5,,,1,10353
314726,3,,,1,10320
314747,2,,,1,10353
314783,0.3,,,1,10320
314902,0.5,,,1,10353
314954,0.3,,,1,10353
314984,0.1,,,1,10353
315006,6,,,1,10353
315091,2,,,1,10353
315092,3.5,,,1,10353
315096,2.5,,,1,10353
315098,1.5,,,1,10353
315099,2,,,1,10353
315100,1,,,1,10353
315102,1.2,,,1,10353
315103,0.5,,,1,10353
315106,0.5,,0.471,2,10353
315109,7,,,1,10353
315110,2.5,,,1,10353
315112,2.5,,,1,10353
315114,0.3,,0.354,2,10353
315116,7,,,1,10353
315117,5,,,1,10353
315118,6,,0.354,2,10353
315125,2,,,1,10353
315129,1,,,1,10353
315135,3,,,1,10353
315136,1.5,,,1,10353
315141,2,,,1,10353
315146,3.3,,,1,10353
315148,0.2,,,1,10353
315158,1.2,,,1,10353
315159,1,,,1,10353
315160,0.5,,,1,10353
315163,0.1,,,1,10353
315178,2.5,,,1,10353
315196,0.1,,,1,10353
315197,0.4,,,1,10353
315198,0.15,,,1,10353
315199,1,,,1,10353
315200,6.5,,,1,10353
315216,2,,,1,10353
315219,2.2,,,1,10353
315235,0.2,,,1,10353
315236,2.5,,,1,10353
315237,3.6,,,1,10353
315240,4,,,1,10353
315249,5,,,1,10353
315254,1.5,,,1,10353
315259,1.5,,0.25,3,10353
315260,3,,,1,10353
315261,2,,,1,10353
315267,0.8,,0.157,2,10353
315275,0.2,,,1,10353
315277,2.5,,,1,10353
315289,1,,,1,10353
315707,0.5,,,1,10353
315734,0.1,,,1,10353
315780,0.05,,,1,10353
315795,0.5,,,1,10353
315803,2,,,1,10353
315816,0.15,,,1,10353
315835,0.4,,,1,10353
315851,0.25,,,1,10353
315860,1,,,1,10353
315864,0.2,,,1,10353
315868,1,,0,2,10353
315886,1,,0.471,2,10353
315893,0.5,,,1,10353
315904,0.5,,,1,10353
315906,2,,,1,10353
315962,0.6,,0,2,10353
315964,1.5,,,1,10353
315970,0.1,,,1,10353
315976,0.6,,,1,10353
315977,3,,,1,10353
315980,0.1,,,1,10353
315986,0.7,,,1,10353
315994,0.6,,,1,10353
316005,0.2,,0.606,2,10353
316030,1.5,,,1,10353
316034,0.7,,,1,10353
316035,0.3,,,1,10353
316041,0.3,,,1,10353
316043,0.2,,,1,10353
316054,0.3,,,1,10353
316066,0.8,,,1,10353
316077,0.2,,,1,10353
316081,0.5,,,1,10353
316083,1,,,1,10353
316088,2,,,1,10353
316089,2,,,1,10353
316093,0.5,,,1,10353
316114,1.5,,,1,10353
316120,0.5,,0,2,10353
316125,9,,,1,10353
316131,0.5,,,1,10353
316135,0.2,,0,2,10353
316137,0.5,,,1,10353
316140,0.2,,,1,10353
316142,0.3,,,1,10353
316154,0.5,,,1,10353
316156,0.15,,,1,10353
316162,0.2,,,1,10353
316168,0.7,,,1,10353
316180,0.4,,,1,10353
316191,1.5,,,1,10353
316194,0.5,,,1,10353
316199,0.7,,,1,10353
316210,0.7,,0.521,5,10353
316213,2,,0,4,10353
316217,1.5,,,1,10353
316218,2,,,1,10353
316219,4,,,1,10353
316230,0.6,,,1,10353
316237,0.8,,,1,10353
316244,1,,,1,10353
316245,2,,,1,10353
316250,4,,,1,10353
316252,1,,0.283,2,10353
316253,2.5,,0,2,10353
316255,0.5,,,1,10353
316256,3,,,1,10353
316258,6,,,1,10353
316259,0.3,,,1,10353
316262,0.4,,,1,10353
316264,2,,,1,10353
316265,1.5,,,1,10353
316267,0.5,,,1,10353
316268,0.3,,0.566,2,10353
316272,0.2,,,1,10353
316274,7,,0,2,10353
316279,10,,,1,10353
316282,0.4,,,1,10353
316283,0.1,,,1,10353
316286,5,,,1,10353
316298,4,,,1,10353
316304,0.1,,,1,10353
316305,0.5,,,1,10353
316309,2,,,1,10353
316314,3,,,1,10353
316315,3,,,1,10353
316317,2.2,,,1,10353
316319,3.5,,,1,10353
316320,4,,,1,10353
316321,3.5,,,1,10353
316324,3,,,1,10353
316325,0.5,,,1,10353
316328,0.3,,,1,10353
316329,0.3,,,1,10353
316330,1.4,,,1,10353
316331,1,,,1,10353
316332,1.5,,,1,10353
316333,1.8,,,1,10353
316334,1.5,,,1,10353
316335,1.5,,,1,10353
316336,1,,,1,10353
316338,7,,,1,10353
316339,2,,,1,10353
316340,2,,,1,10353
316342,4,,,1,10353
316343,4,,,1,10353
316356,0.5,,,1,10353
316358,0.7,,,1,10353
316359,1,,,1,10353
316361,0.5,,,1,10353
316365,0.4,,,1,10353
316369,2,,,1,10353
316370,1,,0,2,10353
316372,3,,,1,10353
316373,0.4,,,1,10353
316382,20,,,1,10353
316384,7,,,1,10353
316388,0.075,,,1,10353
316393,4,,,1,10353
316394,2.5,,0.129,2,10353
316395,2,,0,2,10353
316400,1.2,,,1,10353
316407,1,,0.417,3,10353
316409,0.5,,,1,10353
316414,3.5,,,1,10353
316415,2,,,1,10353
316419,1.5,,,1,10353
316425,3,,,1,10353
316427,0.3,,,1,10353
316435,0.3,,,1,10353
316436,0.05,,0.686,3,10353
316437,0.3,,,1,10353
316448,0.2,,,1,10353
316449,0.1,,0,2,10353
316452,6,,,1,10353
316453,12,,,1,10353
316454,13,,,1,10353
316457,0.5,,,1,10353
316461,1.5,,,1,10353
316475,15,,0,2,10353
316484,4,,,1,10353
316485,1.5,,,1,10353
316486,5,,,1,10353
316490,2,,,1,10353
316492,2.5,,,1,10353
316496,0.6,,,1,10353
316498,0.3,,,1,10353
316500,1.5,,,1,10353
316502,0.8,,,1,10353
316503,1.5,,0.088,2,10353
316504,1,,,1,10353
316508,3,,,1,10353
316509,5,,,1,10353
316510,2,,,1,10353
316511,1,,,1,10353
316512,0.8,,0,2,10353
316517,1,,,1,10353
316518,0.8,,,1,10353
316520,2,,,1,10353
316522,1,,,1,10353
316528,0.3,,,1,10353
316532,2,,,1,10353
316533,0.4,,,1,10353
316534,0.15,,,1,10353
316539,1,,,1,10353
316540,9,,,1,10353
316541,6.5,,,1,10353
316543,4.5,,,1,10353
316544,0.1,,,1,10353
316545,3,,,1,10353
316547,2,,,1,10353
316552,0.8,,0.43,2,10353
316554,0.4,,,1,10353
316555,1,,,1,10353
316557,0.7,,,1,10353
316564,3,,,1,10353
316570,1.3,,,1,10353
316571,0.1,,0.693,4,10353
316573,1.5,,,1,10353
316575,0.3,,,1,10353
316577,0.1,,,1,10353
316581,1,,,1,10353
316582,1.5,,,1,10353
316583,2.5,,,1,10353
316586,0.7,,,1,10353
316587,0.6,,,1,10353
316588,0.5,,,1,10353
316596,2.5,,,1,10353
316599,8,,,1,10353
316600,0.2,,,1,10353
316611,0.3,,,1,10353
316612,0.2,,,1,10353
316618,3,,,1,10353
316622,3,,,1,10353
316626,2,,,1,10353
316630,13,,,1,10353
316631,20,,,1,10353
316632,0.8,,,1,10353
316634,1.2,,,1,10353
316640,4,,,1,10353
316647,0.3,,,1,10353
316648,9,,,1,10353
316649,0.5,,,1,10353
316650,1,,,1,10353
316651,1.5,,,1,10353
316653,1,,,1,10353
316657,0.6,,,1,10353
316658,0.5,,,1,10353
316660,0.8,,,1,10353
316661,1.5,,,1,10353
316662,1.5,,,1,10353
316663,0.7,,,1,10353
316664,0.5,,0.707,2,10353
316665,1.2,,,1,10353
316668,4,,,1,10353
316669,3,,,1,10353
316670,1,,,1,10353
316676,0.5,,,1,10353
316679,1,,,1,10353
316680,0.4,,,1,10353
316681,5,,,1,10353
316687,0.2,,,1,10353
316694,3.6,,,1,10353
316697,0.35,,,1,10353
316698,1,,,1,10353
316700,0.2,,0,3,10353
316703,0.2,,,1,10353
316705,5,,0,2,10353
316719,0.5,,,1,10353
316720,0.4,,,1,10353
316764,0.8,,,1,10353
316772,0.5,,,1,10353
316782,1,,,1,10353
316786,0.8,,,1,10353
316790,3,,,1,10353
316797,0.2,,,1,10353
316798,0.1,,,1,10353
316799,0.2,,,1,10353
316811,2.8,,,1,10353
316812,1.5,,,1,10353
316814,5,,,1,10353
316822,4,,,1,10353
316824,3,,,1,10353
316826,2.5,,,1,10353
316830,0.2,,,1,10353
316836,1,,0.707,2,10353
316839,0.2,,,1,10353
316841,2,,,1,10353
316843,0.7,,,1,10353
316844,10,,,1,10353
316848,4.5,,,1,10353
316852,0.6,,,1,10353
316854,0.2,,,1,10353
316861,0.5,,0,3,10353
316866,12,,,1,10353
316869,1.4,,,1,10353
316870,1.3,,,1,10353
316871,1,,,1,10353
316872,2.5,,,1,10353
316873,1,,,1,10353
316874,2,,,1,10353
316883,2.5,,,1,10353
316888,0.7,,,1,10353
316890,0.7,,,1,10353
316900,3,,0,2,10353
316904,1.5,,,1,10353
316907,2,,,1,10353
316908,2,,,1,10353
316909,1.5,,,1,10353
316910,1,,,1,10353
316914,3,,,1,10353
316921,2.5,,,1,10353
316923,0.2,,,1,10353
316924,1.2,,,1,10353
316925,0.5,,,1,10353
316926,3,,,1,10353
316934,3,,,1,10353
316935,1,,,1,10353
316939,2,,,1,10353
316940,1.5,,,1,10353
316941,4,,,1,10353
316942,3,,,1,10353
316945,5,,,1,10353
316947,7,,,1,10353
316950,3,,,1,10353
316953,2.5,,,1,10353
316959,1,,0,2,10353
316960,3,,,1,10353
316961,1.5,,,1,10353
316970,2,,,1,10353
316971,1,,,1,10353
316978,1.2,,,1,10353
316985,1.5,,,1,10353
316986,1,,,1,10353
316998,5.5,,,1,10353
316999,3,,,1,10353
317001,1.2,,,1,10353
317002,1,,,1,10353
317009,4,,,1,10353
317011,3,,,1,10353
317012,1,,,1,10353
317015,2,,,1,10353
317017,4,,,1,10353
317019,1,,,1,10353
317021,2,,,1,10353
317022,1,,,1,10353
317024,2,,,1,10353
317025,5,,,1,10353
317026,2,,,1,10353
317028,0.5,,,1,10353
317029,1.5,,,1,10353
317032,1,,,1,10353
317039,0.1,,,1,10353
317040,0.1,,,1,10353
317045,0.5,,0,2,10353
317055,10,,,1,10353
317059,0.6,,,1,10353
317076,4,,,1,10353
317092,2.5,,,1,10353
317093,1.5,,,1,10353
317094,1,,0,2,10353
317095,0.8,,,1,10353
317097,3,,,1,10353
317098,0.5,,0.471,2,10353
317099,3,,,1,10353
317100,3,,,1,10353
317102,4,,,1,10353
317113,2,,,1,10353
317114,1,,,1,10353
317115,1.5,,,1,10353
317121,4,,,1,10353
317122,3,,,1,10353
317125,5,,,1,10353
317126,4,,,1,10353
317127,6,,,1,10353
317129,2,,,1,10353
317130,1.5,,,1,10353
317131,3,,,1,10353
317138,0.4,,,1,10353
317171,2.5,,,1,10353
317191,3.2,,,1,10353
317192,2,,,1,10353
317193,2,,,1,10353
317194,1,,,1,10353
317195,2,,,1,10353
317198,2,,0.344,5,10353
317199,0.6,,,1,10353
317206,4.5,,,1,10353
317207,1.5,,,1,10353
317253,0.3,,,1,10353
317254,1,,,1,10353
317255,0.9,,,1,10353
317256,0.4,,,1,10353
317257,0.8,,0,2,10353
317258,0.8,,,1,10353
317259,1.5,,,1,10353
317260,0.4,,,1,10353
317262,2,,,1,10353
317263,1.5,,,1,10353
317264,2.5,,,1,10353
317268,4,,,1,10353
317269,5,,,1,10353
317276,1.5,,,1,10353
317277,0.5,,,1,10353
317278,1,,,1,10353
317281,1.5,,,1,10353
317286,8,,,1,10353
317288,8,,,1,10353
317289,5,,,1,10353
317291,1.1,,,1,10353
317293,1.5,,,1,10353
317294,3,,,1,10353
317295,4,,,1,10353
317297,2,,,1,10353
317298,3,,,1,10353
317299,3,,,1,10353
317300,1.5,,,1,10353
317301,1.5,,,1,10353
317303,1,,,1,10353
317304,4,,,1,10353
317324,2.8,,,1,10353
317329,2,,,1,10353
317330,4,,,1,10353
317331,2.4,,,1,10353
317335,2,,,1,10353
317336,1,,,1,10353
317337,2,,,1,10353
317338,0.7,,,1,10353
317339,1,,,1,10353
317340,1.2,,,1,10353
317341,1,,,1,10353
317345,0.4,,,1,10353
317346,1.5,,,1,10353
317348,2,,,1,10353
317349,3.5,,,1,10353
317350,3,,,1,10353
317352,2.5,,,1,10353
317353,2,,,1,10353
317354,1.5,,,1,10353
317355,4,,,1,10353
317357,8,,,1,10353
317359,2,,,1,10353
317360,6,,,1,10353
317363,4,,,1,10353
317370,6,,,1,10353
317386,1,,,1,10353
317389,0.8,,,1,10353
317390,0.4,,,1,10353
317402,1,,,1,10353
317407,1,,,1,10353
317408,1,,,1,10353
317409,2.5,,,1,10353
317410,1.5,,,1,10353
317414,3,,,1,10353
317416,1.5,,,1,10353
317417,2,,,1,10353
317418,0.4,,,1,10353
317423,4,,,1,10353
317424,1.5,,,1,10353
317425,2.5,,,1,10353
317426,4.5,,,1,10353
317427,2,,,1,10353
317428,5,,,1,10353
317429,2,,,1,10353
317430,2,,,1,10353
317431,6,,,1,10353
317433,4,,,1,10353
317435,3,,,1,10353
317437,3,,,1,10353
317438,1,,0,2,10353
317439,0.7,,0,2,10353
317450,4.5,,,1,10353
317451,1,,,1,10353
317452,4,,,1,10353
317453,8,,,1,10353
317461,1.1,,,1,10353
317462,0.8,,,1,10353
317465,2,,,1,10353
317467,1.5,,,1,10353
317469,2,,,1,10353
317475,1.5,,,1,10353
317477,0.6,,,1,10353
317483,1.5,,,1,10353
317485,2.5,,,1,10353
317486,0.6,,,1,10353
317487,1,,,1,10353
317488,4,,,1,10353
317492,1.5,,,1,10353
317495,0.3,,,1,10353
317499,1.5,,,1,10353
317503,4,,,1,10353
317504,0.7,,,1,10353
317505,4,,,1,10353
317507,1,,,1,10353
317510,1,,,1,10353
317514,0.1,,,1,10353
317519,0.3,,,1,10353
317523,3.5,,,1,10353
317524,3,,,1,10353
317527,0.5,,,1,10353
317528,1,,,1,10353
317529,6,,,1,10353
317530,2,,,1,10353
317533,0.3,,0.202,2,10353
317534,1,,,1,10353
317535,0.5,,0,2,10353
317540,1,,,1,10353
317541,0.8,,,1,10353
317542,3.5,,,1,10353
317553,3,,,1,10353
317557,3,,,1,10353
317577,1.5,,,1,10353
317581,2.6,,,1,10353
317582,1.4,,,1,10353
317583,2.5,,,1,10353
317584,5,,,1,10353
317587,2.5,,0.326,2,10353
317590,0.15,,0.354,2,10353
317593,2,,,1,10353
317607,2,,,1,10353
317608,1.5,,,1,10353
317609,1.4,,,1,10353
317611,1.5,,,1,10353
317612,2,,,1,10353
317613,2,,,1,10353
317615,1.7,,,1,10353
317616,2,,,1,10353
317622,2,,,1,10353
317623,1.7,,,1,10353
317631,12,,,1,10353
317634,1.5,,0,2,10353
317637,0.7,,,1,10353
317639,4,,,1,10353
317642,2.5,,,1,10353
317643,2.5,,,1,10353
317647,3,,,1,10353
317648,2,,,1,10353
317649,0.5,,,1,10353
317650,0.9,,,1,10353
317653,1,,0.108,3,10353
317655,1,,,1,10353
317656,5,,,1,10353
317657,5,,,1,10353
317659,3.5,,,1,10353
317660,2,,,1,10353
317661,4.5,,,1,10353
317670,0.6,,,1,10353
317673,1.5,,,1,10353
317678,1.5,,,1,10353
317679,1.5,,,1,10353
317680,1.2,,,1,10353
317681,3.5,,0.471,2,10353
317684,0.5,,,1,10353
317686,2,,,1,10353
317690,7,,,1,10353
317693,1.5,,,1,10353
317694,1.2,,,1,10353
317695,2,,,1,10353
317712,1.5,,,1,10353
317713,0.7,,,1,10353
317717,2.8,,,1,10353
317718,1.8,,,1,10353
317719,0.5,,,1,10353
317720,0.25,,,1,10353
317721,2.2,,,1,10353
317722,0.8,,,1,10353
317727,2.7,,,1,10353
317732,3,,,1,10353
317741,0.9,,,1,10353
317749,3.5,,,1,10353
317750,2,,,1,10353
317751,1,,,1,10353
317756,0.3,,,1,10353
317757,0.15,,,1,10353
317758,0.15,,,1,10353
317762,6,,0,2,10353
317766,1.2,,,1,10353
317784,3,,,1,10353
317787,0.2,,0,2,10353
317791,2,,,1,10353
317793,1,,,1,10353
317794,3.5,,,1,10353
317795,3,,,1,10353
317796,2,,,1,10353
317805,5,,,1,10353
317807,1.6,,,1,10353
317810,8,,,1,10353
317818,2.5,,,1,10353
317819,2.5,,,1,10353
317820,2,,,1,10353
317834,0.5,,,1,10353
317841,4,,,1,10353
317842,1,,,1,10353
317843,0.4,,,1,10353
317844,1.5,,0,2,10353
317845,0.7,,,1,10353
317846,0.8,,,1,10353
317847,2.5,,,1,10353
317848,6,,,1,10353
317849,0.3,,,1,10353
317851,3,,,1,10353
317852,0.4,,0.386,2,10353
317853,1.5,,,1,10353
317854,1.5,,,1,10353
317857,2.5,,,1,10353
317858,2.5,,,1,10353
317860,3,,,1,10353
317861,7,,,1,10353
317862,2,,,1,10353
317863,2,,,1,10353
317864,0.8,,,1,10353
317871,1,,0.786,2,10353
317879,0.5,,,1,10353
317885,1.8,,,1,10353
317887,0.3,,,1,10353
317888,1.2,,,1,10353
317889,3,,,1,10353
317890,1.5,,,1,10353
317892,2,,,1,10353
317893,2.5,,,1,10353
317894,0.8,,,1,10353
317895,0.3,,0,2,10353
317897,1.8,,,1,10353
317906,0.5,,,1,10353
317911,5,,,1,10353
317915,2,,,1,10353
317917,2,,0,2,10353
317918,0.5,,0,2,10353
317919,1,,,1,10353
317920,4,,0.471,2,10353
317921,6,,,1,10353
317923,0.6,,,1,10353
317924,0.6,,,1,10353
317925,0.3,,,1,10353
317927,0.5,,,1,10353
317934,2,,,1,10353
317939,1.5,,,1,10353
317950,7,,0,2,10353
317953,4,,0,2,10353
317954,0.8,,,1,10353
317956,2.5,,,1,10353
317957,3,,,1,10353
317958,0.1,,,1,10353
317959,0.05,,0.471,2,10353
317962,0.2,,,1,10353
317965,7,,,1,10353
317966,1,,,1,10353
317973,9,,,1,10353
317975,0.3,,,1,10353
317977,0.4,,,1,10353
317979,7,,,1,10353
317981,1,,,1,10353
317982,2.5,,,1,10353
317985,0.8,,,1,10353
317997,11,,,1,10353
317998,20,,,1,10353
317999,12,,,1,10353
318000,1.5,,,1,10353
318001,0.6,,,1,10353
318002,1,,,1,10353
318013,1,,0.849,2,10353
318014,0.5,,,1,10353
318018,0.5,,,1,10353
318019,2.5,,0.129,2,10353
318020,2,,,1,10353
318021,2,,,1,10353
318023,1,,,1,10353
318024,1.2,,,1,10353
318026,1.5,,,1,10353
318028,1.5,,,1,10353
318029,2,,,1,10353
318033,0.9,,,1,10353
318036,5,,,1,10353
318037,5,,,1,10353
318038,4,,0.157,2,10353
318039,4,,,1,10353
318040,2.5,,,1,10353
318045,0.2,,,1,10353
318047,1.4,,,1,10353
318048,0.7,,,1,10353
318049,4.5,,,1,10353
318052,0.7,,,1,10353
318058,1.7,,,1,10353
318059,9,,,1,10353
318060,0.2,,,1,10353
318063,2,,,1,10353
318064,3,,,1,10353
318068,1.5,,,1,10353
318070,5,,,1,10353
318071,1,,,1,10353
318074,1.5,,,1,10353
318077,0.5,,,1,10353
318079,0.25,,,1,10353
318082,3,,,1,10353
318083,3.5,,,1,10353
318084,8,,,1,10353
318085,4,,,1,10353
318086,3,,0,2,10353
318087,5,,,1,10353
318088,6,,,1,10353
318089,1.2,,,1,10353
318093,2.2,,,1,10353
318098,3,,,1,10353
318099,4.5,,,1,10353
318100,0.7,,,1,10353
318101,0.5,,,1,10353
318102,1,,,1,10353
318103,0.4,,,1,10353
318104,1,,,1,10353
318105,1,,,1,10353
318107,3,,,1,10353
318113,1,,,1,10353
318114,3.2,,,1,10353
318115,5,,,1,10353
318119,1,,,1,10353
318122,3.5,,0.094,2,10353
318123,6.5,,,1,10353
318125,0.5,,,1,10353
318126,1,,,1,10353
318132,2.8,,,1,10353
318133,2.5,,,1,10353
318134,2,,,1,10353
318136,0.5,,,1,10353
318137,3,,,1,10353
318138,2,,,1,10353
318139,2,,,1,10353
318140,2,,,1,10353
318141,1.5,,,1,10353
318153,1.5,,,1,10353
318154,1.8,,,1,10353
318160,8.5,,,1,10353
318182,2,,,1,10353
318183,0.6,,,1,10353
318184,1.8,,,1,10353
318185,1,,,1,10353
318186,1.2,,,1,10353
318187,1.2,,,1,10353
318189,1.5,,0.944,3,10353
318191,2.5,,,1,10353
318192,1.3,,,1,10353
318194,6,,,1,10353
318195,1.2,,,1,10353
318196,2,,0.386,2,10353
318197,3,,,1,10353
318198,4,,,1,10353
318199,2,,,1,10353
318200,1.8,,,1,10353
318201,7,,,1,10353
318203,1,,,1,10353
318205,4,,,1,10353
318206,2,,,1,10353
318209,3,,,1,10353
318210,0.1,,,1,10353
318211,0.1,,0.581,3,10353
318222,3.5,,,1,10353
318226,2,,,1,10353
318227,1,,,1,10353
318228,1.2,,,1,10353
318249,1.5,,,1,10353
318257,5,,,1,10353
318258,13,,,1,10353
318259,14,,,1,10353
318262,5,,,1,10353
318263,2,,,1,10353
318264,1.5,,,1,10353
318271,1.5,,,1,10353
318274,0.7,,,1,10353
318275,0.5,,,1,10353
318276,1,,,1,10353
318277,1,,,1,10353
318278,1.8,,,1,10353
318280,2,,,1,10353
318281,2,,,1,10353
318287,1,,,1,10353
318289,1,,,1,10353
318301,8,,,1,10353
318302,14,,,1,10353
318303,8,,,1,10353
318304,10,,,1,10353
318310,2.5,,,1,10353
318311,2.5,,,1,10353
318312,0.08,,,1,10353
318313,2,,,1,10353
318314,3,,,1,10353
318316,0.7,,,1,10353
318318,1.6,,,1,10353
318319,0.2,,0,2,10353
318327,3,,,1,10353
318333,2.5,,,1,10353
318334,1.5,,,1,10353
318335,4,,,1,10353
318358,1.5,,,1,10353
318359,0.6,,,1,10353
318360,3,,,1,10353
318361,3,,,1,10353
318362,0.3,,,1,10353
318363,2,,,1,10353
318364,0.5,,,1,10353
318365,7,,,1,10353
318367,5,,,1,10353
318376,3,,,1,10353
318378,0.5,,,1,10353
318379,2,,,1,10353
318381,0.3,,,1,10353
318382,2,,,1,10353
318383,1,,,1,10353
318384,3,,,1,10353
318385,2,,,1,10353
318387,1,,,1,10353
318389,2,,,1,10353
318390,2,,,1,10353
318391,1.5,,,1,10353
318392,3.1,,,1,10353
318393,3.3,,,1,10353
318394,2.5,,,1,10353
318399,0.7,,,1,10353
318400,1,,,1,10353
318401,1.5,,,1,10353
318402,4,,,1,10353
318404,1,,,1,10353
318405,2.5,,,1,10353
318406,1.5,,,1,10353
318407,1.4,,,1,10353
318408,1,,,1,10353
318409,1.8,,0,2,10353
318410,0.5,,,1,10353
318413,1.5,,,1,10353
318416,2.5,,,1,10353
318417,2.5,,,1,10353
318418,3,,,1,10353
318419,1,,,1,10353
318433,0.5,,,1,10353
318444,0.3,,,1,10353
318452,0.1,,,1,10353
318454,0.15,,,1,10353
318461,1.5,,,1,10353
318463,0.3,,,1,10353
318464,1,,,1,10353
318466,0.8,,,1,10353
318469,1.5,,,1,10353
318470,2,,,1,10353
318472,0.4,,,1,10353
318473,0.3,,,1,10353
318479,3,,,1,10353
318483,1.5,,,1,10353
318487,1.4,,,1,10353
318495,0.1,,0.568,3,10353
318496,2,,,1,10353
318506,3,,,1,10353
318507,0.8,,,1,10353
318508,1,,,1,10353
318519,1,,,1,10353
318530,2,,,1,10353
318545,4.5,,,1,10353
318547,4,,,1,10353
318549,0.1,,1.013,3,10353
318550,1,,0,2,10353
318552,2,,,1,10353
318553,1,,,1,10353
318595,1,,,1,10353
318596,1.5,,,1,10353
318597,3.5,,,1,10353
318599,3.5,,,1,10353
318600,3,,,1,10353
318601,4,,,1,10353
318622,3,,,1,10353
318634,8.5,,,1,10353
318635,5,,,1,10353
318638,0.4,,,1,10353
318642,1.5,,,1,10353
318643,6,,,1,10353
318649,1.8,,,1,10353
318652,2.5,,,1,10353
318653,2,,,1,10353
318654,1.7,,,1,10353
318663,2.5,,,1,10353
318665,4,,,1,10353
318667,0.3,,,1,10353
318671,1.5,,,1,10353
318673,1.5,,,1,10353
318674,4,,,1,10353
318677,1,,,1,10353
318700,2,,,1,10353
318702,2,,,1,10353
318703,4.5,,,1,10353
318705,0.8,,0,2,10353
318706,3,,,1,10353
318707,2,,,1,10353
318708,2,,,1,10353
318709,5.5,,,1,10353
318710,1.6,,,1,10353
318712,4,,,1,10353
318713,0.7,,,1,10353
318714,1,,,1,10353
318715,1.5,,,1,10353
318718,0.5,,,1,10353
318719,0.5,,,1,10353
318722,1.5,,,1,10353
318723,4,,,1,10353
318724,5,,,1,10353
318725,4,,,1,10353
318727,11,,,1,10353
318729,3,,,1,10353
318732,1,,,1,10353
318733,1,,,1,10353
318734,1,,,1,10353
318736,4,,0,2,10353
318750,2,,,1,10353
318751,3.5,,,1,10353
318762,2.5,,,1,10353
318764,1.5,,,1,10353
318765,1.2,,,1,10353
318767,1.5,,,1,10353
318768,4,,0,2,10353
318785,7,,,1,10353
318786,2,,,1,10353
318787,1.5,,,1,10353
318788,5,,,1,10353
318789,2,,,1,10353
318792,2,,,1,10353
318794,1,,,1,10353
318817,2.5,,,1,10353
318818,1.2,,,1,10353
318829,2.5,,,1,10353
318832,6.5,,,1,10353
318836,2,,,1,10353
318842,2,,,1,10353
318851,4,,,1,10353
318852,2.5,,,1,10353
318855,1.5,,,1,10353
318856,2,,,1,10353
318857,4,,,1,10353
318860,2.5,,,1,10353
318861,0.5,,,1,10353
318889,4,,,1,10353
318894,1.2,,,1,10353
318895,1,,,1,10353
318896,2.2,,,1,10353
318897,1,,,1,10353
318898,2,,,1,10353
318900,2.5,,,1,10353
318901,2,,,1,10353
318902,1.4,,,1,10353
318906,2.5,,,1,10353
318907,2.5,,,1,10353
318908,2,,,1,10353
318910,1.5,,,1,10353
318912,4.5,,,1,10353
318916,2.5,,,1,10353
318917,2,,,1,10353
318922,1,,,1,10353
318923,2.2,,,1,10353
318924,1.8,,,1,10353
318940,7,,,1,10353
318941,2,,0.283,2,10353
318942,2.5,,,1,10353
318943,0.5,,,1,10353
318944,1.5,,,1,10353
318945,1.5,,,1,10353
318950,1.2,,,1,10353
318954,3,,,1,10353
318958,5,,,1,10353
318962,3,,,1,10353
318963,1.5,,,1,10353
318964,1,,,1,10353
318965,1,,,1,10353
318966,3.5,,,1,10353
318967,0.6,,,1,10353
318968,0.5,,,1,10353
318969,1.5,,,1,10353
318970,2,,,1,10353
318972,0.3,,,1,10353
318974,1,,,1,10353
318977,2,,,1,10353
318978,4,,,1,10353
318986,2,,,1,10353
318992,3.5,,,1,10353
318996,20,,,1,10353
319000,2.5,,,1,10353
319001,1.2,,,1,10353
319002,1.3,,,1,10353
319003,3,,,1,10353
319005,1.3,,,1,10353
319006,1,,,1,10353
319007,1.2,,,1,10353
319008,2.2,,,1,10353
319011,3,,,1,10353
319017,2,,,1,10353
319018,6,,,1,10353
319019,8,,,1,10353
319020,2,,,1,10353
319021,2,,,1,10353
319022,1.5,,,1,10353
319025,3.2,,,1,10353
319026,2,,,1,10353
319031,5,,,1,10353
319032,4.5,,0,2,10353
319052,1,,,1,10353
319055,4,,,1,10353
319056,8,,,1,10353
319067,0.6,,,1,10353
319085,2,,,1,10353
319086,2,,,1,10353
319087,2,,,1,10353
319088,3.6,,,1,10353
319093,2.5,,,1,10353
319094,4,,,1,10353
319096,4,,,1,10353
319102,1,,,1,10353
319111,2,,,1,10353
319135,2.5,,,1,10353
319136,1,,,1,10353
319183,2.5,,,1,10353
319184,2,,,1,10353
319185,2.5,,,1,10353
319186,4,,,1,10353
319187,6.5,,,1,10353
319191,3,,,1,10353
319196,2,,,1,10353
319198,2.5,,,1,10353
319209,2.5,,,1,10353
319216,4.5,,,1,10353
319222,1.5,,,1,10353
319227,0.7,,,1,10353
319230,4.2,,,1,10353
319231,2,,,1,10353
319238,1.5,,,1,10353
319239,1.5,,,1,10353
319248,3,,,1,10353
319249,1.6,,,1,10353
319251,2.5,,,1,10353
319253,1,,,1,10353
319254,1.4,,,1,10353
319255,0.7,,,1,10353
319256,1.8,,,1,10353
319257,1.3,,,1,10353
319258,3.2,,,1,10353
319259,4,,,1,10353
319260,1.2,,,1,10353
319261,1.8,,,1,10353
319262,0.9,,,1,10353
319263,2.7,,,1,10353
319264,3.8,,,1,10353
319265,1.7,,,1,10353
319266,1.4,,,1,10353
319267,0.5,,,1,10353
319268,2,,,1,10353
319269,1.1,,,1,10353
319270,3.5,,,1,10353
319271,1,,,1,10353
319272,2.5,,,1,10353
319275,3.2,,,1,10353
319276,1.4,,,1,10353
319277,1.1,,,1,10353
319278,0.8,,,1,10353
319279,0.8,,,1,10353
319280,5,,,1,10353
319282,1,,,1,10353
319285,2.5,,,1,10353
319286,2.5,,,1,10353
319287,3,,,1,10353
319290,2,,0.283,2,10353
319295,1.5,,,1,10353
319296,1.5,,,1,10353
319299,1.7,,,1,10353
319300,3.5,,,1,10353
319304,2,,,1,10353
319307,0.8,,,1,10353
319310,2.5,,,1,10353
319314,1,,,1,10353
319315,3.5,,0.372,2,10353
319327,0.1,,,1,10353
319334,2,,,1,10353
319335,2,,,1,10353
319337,1.5,,,1,10353
319360,5,,,1,10353
319387,2,,,1,10353
319388,2,,,1,10353
319390,1.2,,,1,10353
319392,3.5,,,1,10353
319393,2.5,,,1,10353
319398,3.5,,,1,10353
319399,1,,,1,10353
319400,2.5,,,1,10353
319401,2.5,,,1,10353
319402,3.5,,,1,10353
319410,5,,,1,10353
319411,2.7,,,1,10353
319412,2,,,1,10353
319413,3,,,1,10353
319414,3,,,1,10353
319415,1.5,,,1,10353
319416,3,,,1,10353
319417,0.15,,,1,10353
319422,2,,,1,10353
319423,1.7,,,1,10353
319428,2,,,1,10353
319429,2.3,,,1,10353
319432,3,,,1,10353
319433,3.5,,,1,10353
319434,8,,,1,10353
319462,4,,,1,10353
319463,1.4,,,1,10353
319472,1,,,1,10353
319473,2.5,,,1,10353
319481,5,,,1,10353
319489,0.4,,,1,10353
319493,4.5,,,1,10353
319494,1,,,1,10353
319502,0.8,,,1,10353
319503,0.8,,,1,10353
319504,4.4,,,1,10353
319505,1,,,1,10353
319506,2.8,,,1,10353
319507,5,,,1,10353
319515,2,,,1,10353
319516,1.5,,,1,10353
319517,3,,0,2,10353
319520,3,,,1,10353
319522,1.5,,,1,10353
319523,4.5,,,1,10353
319525,0.55,,,1,10353
319526,5.5,,,1,10353
319528,5,,,1,10353
319529,5,,,1,10353
319530,3,,,1,10353
319531,1.5,,,1,10353
319532,0.5,,,1,10353
319546,2,,,1,10353
319555,2.5,,,1,10353
319563,0.35,,,1,10353
319564,0.6,,,1,10353
319577,1.2,,,1,10353
319578,2.5,,,1,10353
319579,2,,,1,10353
319580,0.9,,,1,10353
319581,1.8,,,1,10353
319582,0.6,,0.25,3,10353
319583,1.5,,,1,10353
319585,0.7,,,1,10353
319588,2.5,,,1,10353
319589,1.5,,,1,10353
319590,0.9,,,1,10353
319591,4,,,1,10353
319592,0.3,,,1,10353
319593,2,,,1,10353
319594,0.5,,,1,10353
319595,0.7,,,1,10353
319596,1.5,,,1,10353
319598,1,,,1,10353
319599,0.5,,,1,10353
319600,1.8,,,1,10353
319601,3,,,1,10353
319605,3,,,1,10353
319606,2,,,1,10353
319608,8,,,1,10353
319609,1.8,,,1,10353
319610,3,,,1,10353
319611,5,,,1,10353
319612,0.4,,,1,10353
319613,4,,,1,10353
319614,0.9,,,1,10353
319619,1,,,1,10353
319626,0.45,,,1,10353
319655,2.5,,,1,10353
319661,3.5,,,1,10353
319663,6,,,1,10353
319665,0.2,,,1,10353
319677,2.5,,,1,10353
319678,6.5,,,1,10353
319679,3.5,,,1,10353
319682,1.2,,,1,10353
319685,1,,,1,10353
319697,1.1,,,1,10353
319702,2,,,1,10353
319703,5.5,,,1,10353
319709,1,,,1,10353
319718,3.3,,,1,10353
319720,1,,,1,10353
319723,8.8,,,1,10353
319725,11,,,1,10353
319727,1.1,,,1,10353
319732,7,,,1,10353
319736,0.5,,,1,10353
319745,2,,,1,10353
319747,0.3,,,1,10353
319753,2,,,1,10353
319767,1.6,,,1,10353
319768,1.4,,,1,10353
319769,2.5,,,1,10353
319771,0.1,,0.283,2,10353
319782,0.2,,0.283,2,10353
319783,0.25,,,1,10353
319785,5,,,1,10353
319787,2.7,,,1,10353
319791,4,,,1,10353
319801,1,,,1,10353
319803,0.7,,0,2,10353
319804,0.2,,,1,10353
319814,0.5,,,1,10353
319815,2,,,1,10353
319816,3,,,1,10353
319817,1.5,,,1,10353
319819,2.5,,,1,10353
319820,1.8,,,1,10353
319821,1.2,,,1,10353
319822,2,,,1,10353
319823,5.5,,,1,10353
319824,1,,,1,10353
319826,0.8,,,1,10353
319827,5,,,1,10353
319828,0.5,,,1,10353
319829,0.5,,,1,10353
319830,0.5,,,1,10353
319835,0.7,,,1,10353
319837,0.5,,,1,10353
319838,2,,,1,10353
319841,2.5,,,1,10353
319843,0.4,,,1,10353
319844,1.2,,,1,10353
319845,1,,,1,10353
319854,1.5,,,1,10353
319855,0.5,,,1,10353
319856,0.7,,,1,10353
319861,1.5,,,1,10353
319866,5,,,1,10353
319867,4,,,1,10353
319871,1.4,,,1,10353
319872,3.5,,,1,10353
319875,3.6,,,1,10353
319876,7.5,,,1,10353
319877,6.5,,,1,10353
319878,6,,,1,10353
319879,4.8,,,1,10353
319880,4,,,1,10353
319881,2.4,,,1,10353
319882,7.6,,,1,10353
319886,7,,,1,10353
319888,6,,,1,10353
319889,5.5,,,1,10353
319890,3.2,,,1,10353
319892,9,,,1,10353
319893,0.2,,,1,10353
319895,4,,,1,10353
319896,4,,,1,10353
319903,2.2,,,1,10353
319904,5.2,,,1,10353
319906,1.1,,,1,10353
319907,6,,,1,10353
319909,6.5,,,1,10353
319910,8,,0,2,10353
319913,0.1,,0,2,10353
319926,1.4,,,1,10353
319929,1,,,1,10353
319931,0.5,,,1,10353
319932,6,,,1,10353
319933,2,,,1,10353
319940,1,,0.707,2,10353
319942,5,,,1,10353
319944,1.5,,,1,10353
319945,1,,,1,10353
319949,2,,,1,10353
319950,2,,,1,10353
319951,0.3,,,1,10353
319961,3,,,1,10353
319962,3,,,1,10353
319963,0.5,,,1,10353
319965,0.3,,,1,10353
319967,0.3,,,1,10353
319968,0.2,,,1,10353
319970,0.5,,,1,10353
319971,0.3,,0,2,10353
319972,0.2,,,1,10353
319973,0.6,,,1,10353
319974,0.3,,,1,10353
319975,0.3,,,1,10353
319976,0.3,,,1,10353
319978,0.3,,,1,10353
319979,0.3,,,1,10353
319980,0.3,,,1,10353
319989,0.1,,,1,10353
319990,0.4,,,1,10353
319991,3,,,1,10353
319992,2,,,1,10353
319993,1.5,,,1,10353
319995,0.3,,,1,10353
319998,1,,,1,10353
320000,0.15,,,1,10353
320001,0.1,,,1,10353
320002,3.5,,,1,10353
320003,1.5,,,1,10353
320006,0.3,,,1,10353
320007,0.5,,,1,10353
320009,0.5,,,1,10353
320010,0.1,,,1,10353
320020,1.7,,,1,10353
320028,1.5,,,1,10353
320035,0.3,,,1,10353
320036,0.6,,,1,10353
320044,0.2,,,1,10353
320046,0.3,,,1,10353
320056,0.3,,,1,10353
320057,0.1,,,1,10353
320071,3.5,,0,2,10353
320075,3.5,,,1,10353
320077,5,,,1,10353
320079,3,,,1,10353
320080,2,,,1,10353
320081,1,,,1,10353
320082,0.8,,,1,10353
320083,2,,,1,10353
320084,1,,,1,10353
320085,2,,,1,10353
320086,6,,0.087,3,10353
320087,1.5,,,1,10353
320088,4,,,1,10353
320089,2,,,1,10353
320090,1,,,1,10353
320091,4,,,1,10353
320092,0.5,,0.426,4,10353
320104,0.5,,0,3,10353
320105,0.6,,0.697,4,10353
320107,0.2,,,1,10353
320108,1,,,1,10353
320110,0.5,,,1,10353
320112,0.2,,,1,10353
320114,1.4,,0.514,2,10353
320116,0.5,,,1,10353
320117,0.1,,,1,10353
320118,1.5,,,1,10353
320120,2.5,,,1,10353
320189,0.7,,,1,10353
320191,0.7,,,1,10353
320192,0.3,,,1,10353
320194,1.5,,,1,10353
320195,0.6,,,1,10353
320197,0.3,,,1,10353
320198,1.2,,,1,10353
320199,0.6,,,1,10353
320200,1,,,1,10353
320201,1.5,,0,2,10353
320202,0.3,,,1,10353
320203,0.4,,,1,10353
320205,1,,0.283,2,10353
320207,0.4,,0.247,3,10353
320208,0.5,,0,2,10353
320209,3,,,1,10353
320211,0.15,,,1,10353
320212,1.3,,,1,10353
320213,0.5,,,1,10353
320214,0.3,,0,2,10353
320215,1,,,1,10353
320216,1,,,1,10353
320217,0.8,,,1,10353
320218,1,,0,2,10353
320219,0.4,,,1,10353
320220,0.2,,0.157,2,10353
320222,0.3,,,1,10353
320224,0.3,,,1,10353
320226,1.2,,,1,10353
320229,1,,,1,10353
320231,1,,,1,10353
320232,0.3,,0,2,10353
320233,0.6,,,1,10353
320235,0.8,,,1,10353
320236,0.8,,,1,10353
320237,0.6,,,1,10353
320239,0.6,,,1,10353
320241,0.5,,,1,10353
320243,0.4,,,1,10353
320250,0.04,,,1,10353
320251,0.4,,,1,10353
320252,0.5,,,1,10353
320254,1.7,,,1,10353
320255,2.5,,,1,10353
320264,1,,,1,10353
320266,0.2,,,1,10353
320267,0.3,,,1,10353
320269,4.4,,,1,10353
320287,0.3,,,1,10353
320288,1,,,1,10353
320290,0.1,,,1,10353
320291,2.5,,,1,10353
320292,0.2,,,1,10353
320295,3,,,1,10353
320296,3,,,1,10353
320298,3,,,1,10353
320299,2,,,1,10353
320301,0.4,,,1,10353
320303,2,,,1,10353
320304,1.5,,,1,10353
320310,1.5,,,1,10353
320330,7,,,1,10353
320331,6.5,,,1,10353
320332,18,,,1,10353
320333,1.5,,,1,10353
320334,5,,,1,10353
320336,0.8,,,1,10353
320337,1,,,1,10353
320340,0.8,,,1,10353
320344,0.3,,,1,10353
320347,0.5,,,1,10353
320360,1.5,,,1,10353
320361,2,,,1,10353
320369,0.4,,,1,10353
320370,0.15,,,1,10353
320371,0.6,,,1,10353
320372,0.1,,,1,10353
320377,0.3,,,1,10353
320378,0.2,,,1,10353
320379,5,,0,3,10353
320383,2.5,,,1,10353
320385,4,,,1,10353
320386,5,,,1,10353
320393,3,,,1,10353
320397,0.1,,,1,10353
320399,0.1,,,1,10353
320414,0.1,,,1,10353
320416,0.3,,,1,10353
320427,2,,,1,10353
320429,1,,,1,10353
320438,2,,,1,10353
320448,4,,,1,10353
320451,0.7,,,1,10353
320452,1.2,,,1,10353
320454,0.6,,,1,10353
320456,0.7,,,1,10353
320457,3.5,,,1,10353
320458,0.7,,,1,10353
320459,0.3,,,1,10353
320461,1.5,,,1,10353
320463,2,,,1,10353
320465,1,,,1,10353
320467,0.5,,,1,10353
320468,1.5,,,1,10353
320469,2,,,1,10353
320470,2.7,,,1,10353
320471,1.2,,,1,10353
320472,2,,,1,10353
320474,0.1,,,1,10353
320475,0.05,,,1,10353
320484,0.1,,,1,10353
320490,1.5,,,1,10353
320491,1,,,1,10353
320495,1.5,,,1,10353
320496,3,,,1,10353
320499,0.4,,0,2,10353
320500,0.4,,,1,10353
320501,0.5,,,1,10353
320502,1.4,,,1,10353
320503,0.15,,0,3,10353
320504,0.5,,,1,10353
320506,0.2,,,1,10353
320507,0.8,,,1,10353
320509,3,,,1,10353
320515,3.2,,,1,10353
320517,2.9,,,1,10353
320539,4.8,,,1,10353
320549,2,,,1,10353
320551,2.8,,,1,10353
320553,6.2,,,1,10353
320561,5.5,,,1,10353
320591,0.2,,,1,10353
320593,8,,,1,10353
320595,5,,0.404,2,10353
320596,5,,,1,10353
320597,5,,0,2,10353
320600,4,,,1,10353
320605,0.5,,,1,10353
320623,3,,,1,10353
320626,1.8,,,1,10353
320627,1.4,,,1,10353
320628,1.8,,,1,10353
320629,4,,,1,10353
320630,2.5,,,1,10353
320631,1.4,,,1,10353
320635,1.4,,,1,10353
320636,1,,,1,10353
320637,2.5,,,1,10353
320639,1.2,,,1,10353
320640,1.6,,,1,10353
320642,0.2,,,1,10353
320643,0.3,,,1,10353
320647,0.4,,,1,10353
320648,0.4,,,1,10353
320653,0.7,,,1,10353
320656,2,,,1,10353
320659,0.8,,,1,10353
320660,5,,,1,10353
320662,0.4,,,1,10353
320664,0.5,,,1,10353
320665,0.5,,,1,10353
320666,1.5,,,1,10353
320667,0.1,,0,2,10353
320668,0.25,,,1,10353
320669,0.15,,,1,10353
320670,0.2,,,1,10353
320671,0.5,,,1,10353
320672,0.35,,,1,10353
320673,0.15,,0.266,3,10353
320674,0.1,,0.283,2,10353
320675,0.2,,0.283,2,10353
320676,3,,,1,10353
320677,0.15,,,1,10353
320680,0.2,,,1,10353
320681,0.6,,,1,10353
320683,0.15,,0,2,10353
320686,0.1,,,1,10353
320687,0.15,,,1,10353
320688,0.15,,,1,10353
320689,0.15,,,1,10353
320690,0.15,,,1,10353
320691,0.5,,,1,10353
320694,0.25,,,1,10353
320695,0.25,,,1,10353
320696,0.1,,,1,10353
320697,0.4,,0.656,3,10353
320699,0.15,,0.579,3,10353
320700,0.15,,,1,10353
320701,0.3,,,1,10353
320703,0.1,,,1,10353
320704,0.25,,,1,10353
320705,0.25,,,1,10353
320706,0.15,,,1,10353
320710,0.2,,,1,10353
320711,0.2,,,1,10353
320714,0.3,,0.643,2,10353
320715,0.35,,,1,10353
320717,0.25,,,1,10353
320718,0.1,,0.283,2,10353
320719,0.3,,,1,10353
320720,0.1,,,1,10353
320721,0.1,,,1,10353
320723,0.2,,,1,10353
320724,0.15,,,1,10353
320726,0.3,,,1,10353
320728,0.4,,,1,10353
320730,0.15,,,1,10353
320732,0.3,,,1,10353
320747,2.5,,,1,10353
320748,2,,,1,10353
320751,0.3,,,1,10353
320754,0.8,,,1,10353
320757,0.1,,,1,10353
320767,0.1,,,1,10353
320782,5,,,1,10353
320783,1,,,1,10353
320784,0.3,,,1,10353
320791,1.5,,,1,10353
320793,0.7,,,1,10353
320895,0.2,,,1,10353
320896,0.3,,0.202,2,10353
320897,0.03,,,1,10353
320900,0.3,,,1,10353
320903,0.2,,,1,10353
320904,0.3,,,1,10353
320909,10,,,1,10353
320910,3.5,,,1,10353
320911,4,,,1,10353
320912,8,,,1,10353
320913,6,,,1,10353
320914,3,,,1,10353
320917,5,,,1,10353
320918,15,,,1,10353
320919,25,,,1,10353
320920,6,,,1,10353
320924,9,,,1,10353
320925,5.5,,,1,10353
320927,6,,,1,10353
320928,9.5,,,1,10353
320929,1.2,,,1,10353
320931,4,,,1,10353
320933,16,,,1,10353
320934,4,,,1,10353
320935,2.5,,,1,10353
320952,0.6,,,1,10353
320954,1.5,,,1,10353
320956,0.1,,,1,10353
320957,0.3,,,1,10353
320959,0.2,,,1,10353
320960,0.3,,,1,10353
320961,0.3,,,1,10353
320973,0.9,,,1,10353
320974,0.4,,,1,10353
320975,1.8,,,1,10353
320976,1,,,1,10353
320977,0.8,,,1,10353
320978,1.2,,,1,10353
320979,3.5,,,1,10353
320980,1,,,1,10353
320981,1.5,,,1,10353
320982,0.6,,,1,10353
320983,0.9,,,1,10353
320985,0.5,,,1,10353
320986,0.5,,,1,10353
320987,0.6,,,1,10353
320988,3,,,1,10353
320990,2,,,1,10353
320991,3.3,,,1,10353
320996,1.5,,,1,10353
320997,1.5,,,1,10353
320998,0.8,,,1,10353
320999,0.5,,,1,10353
321003,0.5,,,1,10353
321004,1,,,1,10353
321005,0.5,,,1,10353
321007,1,,,1,10353
321009,0.5,,,1,10353
321010,0.5,,,1,10353
321015,0.4,,,1,10353
321016,0.5,,,1,10353
321017,0.25,,,1,10353
321018,1.5,,,1,10353
321019,0.4,,,1,10353
321020,0.2,,,1,10353
321021,0.4,,,1,10353
321022,0.4,,,1,10353
321023,5,,,1,10353
321024,0.2,,,1,10353
321025,0.4,,,1,10353
321026,0.6,,,1,10353
321027,0.5,,,1,10353
321028,0.2,,,1,10353
321034,7,,,1,10353
321040,2,,,1,10353
321042,2.5,,,1,10353
321049,3.5,,,1,10353
321050,2.5,,,1,10353
321052,0.3,,,1,10353
321056,0.4,,,1,10353
321091,0.15,,,1,10353
321098,14,,,1,10353
321100,6,,,1,10353
321101,10,,,1,10353
321102,5,,,1,10353
321103,17,,,1,10353
321104,4,,,1,10353
321105,6,,,1,10353
321124,0.4,,,1,10353
321127,0.4,,,1,10353
321128,1,,,1,10353
321131,0.5,,,1,10353
321132,1.4,,,1,10353
321138,0.35,,,1,10353
321139,0.7,,,1,10353
321140,0.5,,,1,10353
321145,0.8,,,1,10353
321147,0.6,,,1,10353
321148,0.7,,0,2,10353
321151,1.2,,,1,10353
321152,1,,,1,10353
321156,0.5,,,1,10353
321159,1.5,,,1,10353
321162,0.8,,,1,10353
321166,0.7,,,1,10353
321169,0.15,,,1,10353
321171,0.7,,,1,10353
321177,0.4,,,1,10353
321182,1,,,1,10353
321184,2,,,1,10353
321185,0.6,,,1,10353
321186,0.02,,,1,10353
321187,1,,,1,10353
321192,0.3,,,1,10353
321193,0.25,,,1,10353
321199,0.3,,,1,10353
321203,0.5,,0.849,2,10353
321209,1,,,1,10353
321211,0.5,,,1,10353
321212,0.5,,,1,10353
321220,0.3,,,1,10353
321228,0.6,,,1,10353
321231,3,,,1,10353
321233,1,,,1,10353
321234,0.5,,,1,10353
321237,0.3,,,1,10353
321239,0.25,,,1,10353
321240,0.3,,,1,10353
321242,0.5,,,1,10353
321243,0.4,,,1,10353
321246,0.7,,,1,10353
321248,0.7,,,1,10353
321249,0.5,,,1,10353
321250,0.7,,,1,10353
321251,0.7,,,1,10353
321252,0.2,,,1,10353
321253,5,,,1,10353
321256,1,,,1,10353
321266,0.2,,,1,10353
321283,3,,,1,10353
321284,2.5,,,1,10353
321285,1,,,1,10353
321289,8,,,1,10353
321295,1,,,1,10353
321296,0.6,,,1,10353
321297,2.5,,,1,10353
321300,0.5,,,1,10353
321301,0.3,,,1,10353
321368,5,,,1,10353
321372,2.5,,,1,10353
321375,0.5,,,1,10353
321377,0.2,,,1,10353
321380,3,,,1,10353
321383,2.5,,,1,10353
321384,2,,,1,10353
321385,1.3,,,1,10353
321386,2,,,1,10353
321387,1.5,,,1,10353
321388,1.2,,,1,10353
321389,0.5,,0.655,3,10353
321390,3,,,1,10353
321391,3,,,1,10353
321392,0.5,,,1,10353
321393,2,,,1,10353
321394,1.5,,,1,10353
321395,2,,,1,10353
321397,0.2,,,1,10353
321398,0.5,,,1,10353
321399,1,,,1,10353
321400,1,,,1,10353
321401,1,,,1,10353
321402,1,,,1,10353
321403,0.2,,,1,10353
321405,1,,,1,10353
321407,0.35,,,1,10353
321409,0.5,,,1,10353
321410,1,,,1,10353
321411,1,,,1,10353
321412,0.5,,,1,10353
321413,4,,,1,10353
321414,2,,,1,10353
321415,2.5,,,1,10353
321416,0.6,,,1,10353
321417,4,,,1,10353
321418,2.5,,,1,10353
321422,1,,,1,10353
321423,1,,,1,10353
321424,1.2,,,1,10353
321425,0.25,,,1,10353
321426,3,,,1,10353
321427,1,,,1,10353
321428,1,,,1,10353
321431,4,,,1,10353
321432,0.3,,,1,10353
321433,0.5,,,1,10353
321434,0.5,,,1,10353
321435,1.5,,,1,10353
321436,2,,,1,10353
321438,1,,,1,10353
321439,1,,,1,10353
321440,1.8,,,1,10353
321441,1.5,,,1,10353
321442,1.5,,,1,10353
321444,0.5,,,1,10353
321445,2.5,,,1,10353
321446,2.5,,,1,10353
321447,1,,,1,10353
321448,1,,,1,10353
321449,0.2,,,1,10353
321450,1.5,,,1,10353
321451,1,,,1,10353
321452,2.5,,,1,10353
321453,1,,,1,10353
321461,0.3,,,1,10353
321469,0.3,,,1,10353
321470,1.2,,,1,10353
321471,1.2,,,1,10353
321472,4,,,1,10353
321473,3.5,,,1,10353
321491,1,,,1,10353
321492,0.5,,,1,10353
321493,0.4,,,1,10353
321494,6.5,,,1,10353
321500,8,,,1,10353
321514,2.4,,,1,10353
321515,2,,,1,10353
321516,2,,,1,10353
321517,1.5,,,1,10353
321518,0.5,,,1,10353
321519,3,,,1,10353
321521,3.5,,,1,10353
321522,2.5,,,1,10353
321523,3.8,,,1,10353
321525,0.9,,,1,10353
321526,3,,,1,10353
321527,2.5,,,1,10353
321528,0.5,,,1,10353
321530,0.5,,,1,10353
321531,5,,,1,10353
321532,3.5,,,1,10353
321533,2,,,1,10353
321534,0.3,,,1,10353
321535,0.3,,,1,10353
321536,2.5,,,1,10353
321537,3,,,1,10353
321538,2,,,1,10353
321539,1.5,,,1,10353
321540,2.5,,,1,10353
321541,0.5,,,1,10353
321542,1.8,,,1,10353
321543,5,,,1,10353
321544,3.8,,,1,10353
321545,2.8,,,1,10353
321546,2,,,1,10353
321550,4.6,,,1,10353
321551,1,,,1,10353
321553,2,,,1,10353
321554,1.5,,,1,10353
321555,0.3,,,1,10353
321556,2.5,,,1,10353
321557,0.3,,,1,10353
321558,6,,,1,10353
321559,0.4,,,1,10353
321560,5,,,1,10353
321561,0.6,,,1,10353
321562,0.5,,,1,10353
321563,0.35,,,1,10353
321564,0.3,,,1,10353
321565,0.5,,,1,10353
321566,2.5,,,1,10353
321567,0.5,,,1,10353
321568,5.3,,,1,10353
321569,0.5,,,1,10353
321570,4,,,1,10353
321571,0.3,,,1,10353
321572,3,,,1,10353
321573,1.5,,,1,10353
321574,0.25,,,1,10353
321575,0.5,,,1,10353
321576,2.5,,,1,10353
321578,1.5,,,1,10353
321579,0.5,,,1,10353
321581,3.3,,,1,10353
321582,3.5,,,1,10353
321583,0.3,,,1,10353
321584,1,,,1,10353
321585,1,,,1,10353
321586,3,,,1,10353
321587,0.3,,,1,10353
321588,1.2,,,1,10353
321590,1.5,,,1,10353
321591,2.5,,,1,10353
321592,0.7,,0.094,2,10353
321593,2,,,1,10353
321594,1,,,1,10353
321595,0.15,,,1,10353
321596,1.5,,,1,10353
321597,1.5,,,1,10353
321598,3.2,,,1,10353
321599,0.4,,,1,10353
321600,0.25,,,1,10353
321601,1.7,,,1,10353
321602,2,,,1,10353
321603,2,,,1,10353
321604,4,,,1,10353
321605,2,,,1,10353
321606,2,,,1,10353
321607,3,,,1,10353
321608,1,,,1,10353
321609,0.8,,,1,10353
321610,0.4,,,1,10353
321611,0.3,,,1,10353
321620,0.6,,,1,10353
321622,0.3,,,1,10353
321623,0.3,,,1,10353
321624,0.4,,,1,10353
321626,0.4,,,1,10353
321627,0.6,,,1,10353
321629,0.7,,,1,10353
321630,0.4,,,1,10353
321632,1.5,,,1,10353
321633,2,,,1,10353
321634,1,,,1,10353
321635,1,,,1,10353
321636,4,,,1,10353
321639,1.5,,,1,10353
321640,3.5,,,1,10353
321641,2.5,,,1,10353
321642,1,,,1,10353
321643,1.8,,,1,10353
321645,1.5,,,1,10353
321646,2,,,1,10353
321647,3.5,,,1,10353
321648,5,,,1,10353
321649,0.4,,,1,10353
321650,0.7,,,1,10353
321651,2,,,1,10353
321652,0.5,,,1,10353
321654,1.4,,,1,10353
321655,1.3,,,1,10353
321656,1.5,,,1,10353
321659,1,,,1,10353
321661,0.2,,,1,10353
321663,1.2,,,1,10353
321665,1.8,,,1,10353
321668,0.3,,,1,10353
321669,1,,,1,10353
321671,0.5,,,1,10353
321673,0.8,,,1,10353
321675,1,,,1,10353
321679,1,,,1,10353
321680,1.5,,,1,10353
321682,0.2,,0.9,2,10353
321685,1.2,,,1,10353
321686,0.7,,,1,10353
321687,0.8,,0.157,2,10353
321689,0.8,,0.157,2,10353
321691,0.5,,,1,10353
321693,2,,,1,10353
321696,0.9,,,1,10353
321703,2,,,1,10353
321708,1.5,,,1,10353
321709,0.8,,,1,10353
321710,1,,,1,10353
321711,0.3,,,1,10353
321715,1,,,1,10353
321716,5,,,1,10353
321717,0.6,,,1,10353
321719,1,,,1,10353
321720,1.5,,,1,10353
321722,0.7,,,1,10353
321725,0.3,,,1,10353
321726,0.2,,,1,10353
321728,0.5,,,1,10353
321729,2.5,,,1,10353
321730,1,,,1,10353
321733,1,,,1,10353
321739,0.1,,,1,10353
321740,1,,,1,10353
321741,1,,,1,10353
321743,2.5,,,1,10353
321746,1,,,1,10353
321749,1.3,,,1,10353
321883,3,,,1,10353
321885,0.02,,,1,10353
321892,0.5,,,1,10353
321893,0.15,,,1,10353
321894,0.1,,,1,10353
321897,0.2,,,1,10353
321898,0.4,,,1,10353
321906,0.4,,,1,10353
321908,0.3,,,1,10353
321909,0.6,,,1,10353
321910,3,,,1,10353
321912,1,,,1,10353
321913,0.6,,,1,10353
321914,0.6,,,1,10353
321916,0.5,,,1,10353
321921,4,,,1,10353
321939,0.2,,0,2,10353
321940,0.2,,,1,10353
321942,0.3,,,1,10353
321950,0.5,,,1,10353
321951,0.2,,,1,10353
321953,1.8,,,1,10353
321954,0.4,,,1,10353
321956,0.8,,,1,10353
321958,0.7,,,1,10353
321959,1,,,1,10353
321960,4,,,1,10353
321961,1.3,,,1,10353
321964,2,,,1,10353
321966,0.15,,,1,10353
321973,3.5,,,1,10353
321976,0.6,,,1,10353
321978,0.25,,,1,10353
321979,0.15,,,1,10353
321980,1.2,,,1,10353
321981,0.6,,,1,10353
321982,0.15,,,1,10353
321983,0.3,,,1,10353
321984,0.2,,,1,10353
321985,0.15,,,1,10353
321986,0.2,,,1,10353
321988,0.3,,,1,10353
321989,0.4,,,1,10353
321990,1,,,1,10353
322008,0.8,,,1,10353
322012,3,,,1,10353
322014,0.9,,,1,10353
322017,0.6,,,1,10353
322025,0.2,,,1,10353
322046,0.3,,,1,10353
322047,0.4,,,1,10353
322048,0.6,,,1,10353
322050,1,,,1,10353
322055,3,,,1,10353
322058,1,,,1,10353
322059,3,,,1,10353
322061,1.4,,0,2,10353
322063,1.6,,,1,10353
322066,1.3,,,1,10353
322067,1,,,1,10353
322072,0.6,,,1,10353
322073,1,,,1,10353
322074,1,,,1,10353
322075,1,,,1,10353
322076,0.6,,,1,10353
322079,0.5,,,1,10353
322082,2,,,1,10353
322084,1,,,1,10353
322085,3,,0,2,10353
322088,0.9,,0,2,10353
322089,0.5,,,1,10353
322090,0.2,,,1,10353
322091,1.6,,,1,10353
322092,0.8,,,1,10353
322093,0.3,,,1,10353
322094,1,,,1,10353
322095,0.3,,,1,10353
322096,0.5,,,1,10353
322108,3,,,1,10353
322110,5.5,,,1,10353
322115,1.3,,,1,10353
322116,3.2,,,1,10353
322127,0.8,,,1,10353
322128,0.3,,,1,10353
322129,0.2,,,1,10353
322130,1,,,1,10353
322131,0.8,,,1,10353
322149,5,,,1,10353
322172,2,,,1,10353
322173,5,,,1,10353
322177,2.5,,,1,10353
322179,5,,,1,10353
322180,3,,,1,10353
322181,0.2,,,1,10353
322187,2,,,1,10353
322200,2,,,1,10353
322214,1.2,,,1,10353
322215,0.2,,,1,10353
322220,0.3,,,1,10353
322222,0.6,,,1,10353
322224,0.4,,,1,10353
322225,7,,,1,10353
322228,2.8,,,1,10353
322242,1,,,1,10353
322244,0.8,,,1,10353
322246,0.6,,,1,10353
322254,0.04,,,1,10353
322262,1.5,,,1,10353
322271,2.2,,,1,10353
322273,1,,,1,10353
322274,2.5,,,1,10353
322275,1.5,,,1,10353
322276,0.5,,,1,10353
322277,7.5,,,1,10353
322278,2,,,1,10353
322279,3.5,,,1,10353
322280,0.8,,,1,10353
322282,7,,,1,10353
322283,1,,,1,10353
322290,2,,,1,10353
322296,2.5,,,1,10353
322301,2.5,,,1,10353
322302,3.5,,,1,10353
322306,0.5,,,1,10353
322307,1.5,,,1,10353
322313,4,,,1,10353
322314,13,,,1,10353
322315,8,,,1,10353
322317,8,,,1,10353
322319,10,,,1,10353
322321,6,,,1,10353
322322,6.5,,,1,10353
322325,0.2,,,1,10353
322342,2,,,1,10353
322344,0.6,,,1,10353
322367,15.5,,,1,10353
322368,15,,,1,10353
322369,0.2,,,1,10353
322370,0.2,,,1,10353
322371,0.7,,,1,10353
322372,0.4,,,1,10353
322373,0.5,,,1,10353
322380,0.2,,,1,10353
322381,2.6,,,1,10353
322382,4,,,1,10353
322383,3.5,,,1,10353
322385,2,,,1,10353
322399,0.2,,,1,10353
322400,3,,,1,10353
322401,4.5,,,1,10353
322402,11,,,1,10353
322406,7,,,1,10353
322415,0.2,,,1,10353
322417,3.5,,,1,10353
322418,10,,,1,10353
322419,11,,,1,10353
322422,3.5,,,1,10353
322424,4,,,1,10353
322430,1.5,,,1,10353
322432,1.5,,,1,10353
322433,8,,0,2,10353
322434,5,,,1,10353
322436,2,,,1,10353
322447,2,,,1,10353
322448,2.5,,,1,10353
322449,0.4,,,1,10353
322450,0.4,,,1,10353
322451,0.5,,,1,10353
322452,1,,,1,10353
322461,1.8,,,1,10353
322479,7,,,1,10353
322480,4.5,,,1,10353
322481,0.7,,,1,10353
322482,0.4,,,1,10353
322483,1,,,1,10353
322484,0.3,,0.4,3,10353
322488,1.5,,,1,10353
322489,1,,,1,10353
322490,1,,,1,10353
322491,0.5,,,1,10353
322492,2,,,1,10353
322494,0.15,,,1,10353
322495,1.4,,,1,10353
322501,0.4,,,1,10353
322502,0.3,,,1,10353
322503,1.2,,,1,10353
322505,0.8,,0.606,2,10353
322506,2.5,,,1,10353
322507,2.5,,,1,10353
322508,2,,,1,10353
322511,4.5,,,1,10353
322512,2.5,,,1,10353
322513,5,,,1,10353
322514,0.4,,,1,10353
322527,1,,0,2,10353
322528,1,,,1,10353
322563,4.5,,,1,10353
322565,3.5,,,1,10353
322566,8,,,1,10353
322569,0.3,,,1,10353
322587,3.5,,,1,10353
322588,5,,,1,10353
322589,8,,,1,10353
322592,1,,,1,10353
322593,2,,,1,10353
322594,3,,,1,10353
322595,3.5,,,1,10353
322596,1,,,1,10353
322610,3,,,1,10353
322611,0.2,,,1,10353
322621,3,,,1,10353
322623,10,,,1,10353
322628,2,,,1,10353
322629,0.2,,,1,10353
322630,3.5,,,1,10353
322631,1,,,1,10353
322634,4,,,1,10353
322635,1.5,,,1,10353
322636,7,,,1,10353
322637,1.4,,,1,10353
322638,1.2,,,1,10353
322639,1.5,,,1,10353
322640,0.3,,,1,10353
322643,3,,,1,10353
322665,2,,,1,10353
322668,0.8,,,1,10353
322669,2,,,1,10353
322685,7,,,1,10353
322690,3.5,,,1,10353
322695,0.4,,,1,10353
322735,1.7,,,1,10353
322736,4,,,1,10353
322753,0.06,,,1,10353
322754,4.4,,,1,10353
322756,2.2,,,1,10353
322757,2.3,,,1,10353
322759,5,,,1,10353
322760,4.2,,,1,10353
322761,2.4,,,1,10353
322762,2.2,,,1,10353
322763,2,,,1,10353
322764,4.4,,,1,10353
322767,2.5,,,1,10353
322770,3.5,,,1,10353
322773,5.8,,,1,10353
322774,1.5,,,1,10353
322775,3.5,,,1,10353
322776,2,,,1,10353
322778,1.4,,,1,10353
322779,0.7,,,1,10353
322780,0.4,,,1,10353
322788,0.3,,0,2,10353
322791,4,,,1,10353
322792,4,,,1,10353
322804,4,,,1,10353
322808,5,,,1,10353
322809,4,,,1,10353
322812,3,,,1,10353
322813,0.3,,,1,10353
322817,0.15,,,1,10353
322818,0.25,,,1,10353
322820,0.6,,,1,10353
322821,0.1,,,1,10353
322822,0.3,,,1,10353
322824,0.15,,0.643,2,10353
322825,0.15,,,1,10353
322826,0.3,,,1,10353
322835,13,,,1,10353
322836,4.5,,,1,10353
322837,2.8,,,1,10353
322845,1,,,1,10353
322863,7,,,1,10353
322865,4,,,1,10353
322942,1.5,,,1,10353
322949,2.5,,,1,10353
322952,0.3,,,1,10353
322961,17.5,,,1,10353
322962,9,,,1,10353
322963,18,,,1,10353
322965,3,,0,2,10353
322966,10,,,1,10353
322967,6.5,,,1,10353
322968,2,,,1,10353
322969,6,,,1,10353
322970,4,,,1,10353
322971,4.5,,,1,10353
322972,22,,,1,10353
322976,2,,,1,10353
322977,2,,,1,10353
322978,3,,,1,10353
322982,2.5,,,1,10353
322990,4,,,1,10353
322991,0.2,,,1,10353
322992,2.5,,,1,10353
322993,1.2,,,1,10353
322997,1,,,1,10353
322998,3.5,,,1,10353
322999,0.4,,,1,10353
323000,1,,,1,10353
323003,3.2,,,1,10353
323004,2.5,,,1,10353
323005,2,,,1,10353
323010,1.8,,,1,10353
323016,3.5,,,1,10353
323019,2,,,1,10353
323020,1.5,,,1,10353
323021,3,,,1,10353
323022,2,,,1,10353
323025,1,,,1,10353
323026,1,,,1,10353
323027,1,,,1,10353
323041,3,,,1,10353
323044,3,,,1,10353
323046,3,,,1,10353
323047,2.5,,,1,10353
323048,1,,,1,10353
323049,0.3,,,1,10353
323050,0.3,,,1,10353
323051,0.35,,,1,10353
323052,0.5,,,1,10353
323057,3,,,1,10353
323058,3,,,1,10353
323062,0.3,,,1,10353
323065,0.05,,0.746,3,10353
323077,3.5,,0.25,2,10353
323078,4,,,1,10353
323079,12,,,1,10353
323093,0.7,,,1,10353
323095,0.5,,,1,10353
323096,1,,,1,10353
323098,2,,,1,10353
323101,0.6,,,1,10353
323102,0.6,,,1,10353
323103,0.4,,,1,10353
323104,0.5,,,1,10353
323105,1.5,,,1,10353
323106,0.5,,,1,10353
323113,0.3,,,1,10353
323115,1.5,,,1,10353
323116,1,,,1,10353
323117,0.8,,,1,10353
323119,0.5,,,1,10353
323127,0.9,,,1,10353
323130,0.5,,,1,10353
323149,1.5,,,1,10353
323150,3,,,1,10353
323153,3.5,,,1,10353
323157,0.5,,,1,10353
323159,4,,,1,10353
323160,1.2,,,1,10353
323161,5,,,1,10353
323163,2,,,1,10353
323164,2,,,1,10353
323165,4,,,1,10353
323183,4,,,1,10353
323215,2.5,,,1,10353
323218,0.5,,,1,10353
323222,0.3,,,1,10353
323223,1.5,,,1,10353
323224,2,,,1,10353
323226,1,,,1,10353
323227,0.48,,,1,10353
323228,1,,,1,10353
323230,0.7,,,1,10353
323232,1,,,1,10353
323233,1,,,1,10353
323234,2,,,1,10353
323236,9,,,1,10353
323237,1,,,1,10353
323238,0.8,,,1,10353
323239,2,,,1,10353
323240,0.3,,,1,10353
323241,2.5,,,1,10353
323242,2,,,1,10353
323243,1.5,,,1,10353
323244,1,,,1,10353
323245,0.5,,,1,10353
323246,1.5,,,1,10353
323248,4,,,1,10353
323263,2,,,1,10353
323264,1,,,1,10353
323266,2,,,1,10353
323276,6,,,1,10353
323278,1,,,1,10353
323279,1,,,1,10353
323280,1,,,1,10353
323281,0.4,,,1,10353
323282,3,,,1,10353
323283,0.5,,,1,10353
323284,3,,,1,10353
323285,1.5,,,1,10353
323286,1,,,1,10353
323287,0.5,,,1,10353
323288,1,,,1,10353
323289,4,,,1,10353
323290,1,,,1,10353
323291,2,,,1,10353
323292,2,,,1,10353
323293,1.5,,,1,10353
323295,1.5,,,1,10353
323296,1.5,,,1,10353
323297,3,,,1,10353
323298,2,,,1,10353
323299,0.2,,,1,10353
323300,1,,,1,10353
323301,2,,,1,10353
323303,7,,,1,10353
323304,0.6,,,1,10353
323305,5,,,1,10353
323306,0.6,,,1,10353
323307,11,,,1,10353
323308,0.3,,,1,10353
323309,2.8,,,1,10353
323310,2.5,,,1,10353
323314,0.5,,,1,10353
323316,0.5,,,1,10353
323317,0.5,,,1,10353
323318,0.4,,,1,10353
323321,6,,,1,10353
323322,5,,,1,10353
323323,2.8,,,1,10353
323325,6,,,1,10353
323326,3,,,1,10353
323327,2.5,,,1,10353
323328,2,,,1,10353
323330,1.5,,,1,10353
323331,0.4,,,1,10353
323332,6,,,1,10353
323333,0.5,,,1,10353
323335,3,,,1,10353
323336,5,,,1,10353
323337,7,,,1,10353
323338,1.5,,,1,10353
323340,1.4,,,1,10353
323342,1.5,,,1,10353
323343,2.4,,,1,10353
323344,2.3,,,1,10353
323346,7,,,1,10353
323347,0.5,,,1,10353
323349,1.5,,,1,10353
323355,0.8,,,1,10353
323361,3,,,1,10353
323423,2,,,1,10353
323426,1,,,1,10353
323429,0.4,,,1,10353
323430,1,,,1,10353
323438,4,,,1,10353
323439,1.5,,,1,10353
323444,0.4,,,1,10353
323450,0.8,,,1,10353
323452,5.5,,,1,10353
323456,5,,,1,10353
323458,0.3,,,1,10353
323488,3,,,1,10353
323491,0.6,,,1,10353
323493,3,,,1,10353
323496,0.4,,,1,10353
323498,2.5,,,1,10353
323499,5.5,,,1,10353
323500,2.7,,,1,10353
323501,2,,,1,10353
323527,2,,,1,10353
323528,3,,,1,10353
323529,3,,,1,10353
323530,3,,,1,10353
323531,5.5,,,1,10353
323532,4,,,1,10353
323533,4.5,,,1,10353
323539,0.7,,,1,10353
323548,5,,,1,10353
323563,1.5,,,1,10353
323564,3,,,1,10353
323565,1,,,1,10353
323566,2.5,,,1,10353
323568,3.5,,,1,10353
323571,0.6,,,1,10353
323574,2.5,,,1,10353
323575,2.5,,,1,10353
323577,2,,,1,10353
323579,8,,,1,10353
323580,4,,,1,10353
323582,0.5,,,1,10353
323583,1,,,1,10353
323585,1,,,1,10353
323591,3.5,,,1,10353
323594,5,,,1,10353
323595,8,,,1,10353
323613,5,,,1,10353
323614,6,,,1,10353
323618,0.1,,,1,10353
323635,0.4,,,1,10353
323636,0.3,,,1,10353
323637,0.8,,,1,10353
323640,0.2,,,1,10353
323641,0.1,,,1,10353
323642,0.2,,,1,10353
323644,0.2,,,1,10353
323647,3,,,1,10353
323648,1,,,1,10353
323655,0.2,,,1,10353
323657,4,,,1,10353
323658,1.5,,,1,10353
323660,0.5,,,1,10353
323661,1,,,1,10353
323662,4,,,1,10353
323663,6,,,1,10353
323664,1,,,1,10353
323665,4,,,1,10353
323666,0.5,,,1,10353
323668,0.6,,,1,10353
323670,2.5,,,1,10353
323671,0.4,,,1,10353
323672,0.2,,,1,10353
323673,0.6,,,1,10353
323674,0.6,,,1,10353
323676,0.3,,,1,10353
323701,2,,,1,10353
323702,0.7,,,1,10353
323704,0.4,,,1,10353
323705,0.3,,,1,10353
323706,0.5,,,1,10353
323709,1.5,,,1,10353
323711,0.3,,0.354,2,10353
323716,0.7,,,1,10353
323718,0.6,,,1,10353
323744,0.5,,,1,10353
323745,4.5,,,1,10353
323759,7,,,1,10353
323761,0.05,,,1,10353
323768,2.5,,,1,10353
323771,1,,,1,10353
323774,0.4,,,1,10353
323783,0.9,,,1,10353
323785,0.2,,,1,10353
323786,4,,,1,10353
323787,0.6,,,1,10353
323788,1.5,,,1,10353
323790,1.5,,,1,10353
323791,2.5,,,1,10353
323792,3,,,1,10353
323793,1.5,,,1,10353
323794,2,,,1,10353
323795,1.5,,,1,10353
323796,4,,,1,10353
323797,1,,,1,10353
323798,2.5,,,1,10353
323803,1.5,,,1,10353
323809,9,,,1,10353
323837,3,,,1,10353
323840,2.5,,,1,10353
323841,2.5,,,1,10353
323842,0.1,,,1,10353
323851,4.4,,,1,10353
323852,1.6,,,1,10353
323853,2.5,,,1,10353
323854,4,,,1,10353
323855,4,,,1,10353
323856,4.6,,,1,10353
323857,2.5,,,1,10353
323858,2.6,,,1,10353
323859,2,,,1,10353
323860,0.5,,,1,10353
323861,2,,,1,10353
323862,3.8,,,1,10353
323864,1,,,1,10353
323865,0.5,,,1,10353
323873,0.3,,,1,10353
323874,0.3,,,1,10353
323875,0.2,,,1,10353
323877,0.2,,,1,10353
323878,0.2,,,1,10353
323880,0.4,,,1,10353
323889,0.7,,,1,10353
323890,0.1,,,1,10353
323891,0.1,,,1,10353
323893,0.55,,,1,10353
323894,0.4,,,1,10353
323896,0.3,,,1,10353
323897,0.15,,,1,10353
323898,0.5,,,1,10353
323899,0.25,,,1,10353
323911,2,,,1,10353
323915,0.35,,,1,10353
323916,0.5,,,1,10353
323934,0.1,,,1,10353
323938,8,,,1,10353
323939,3,,,1,10353
323940,3,,0.471,2,10353
323941,4,,,1,10353
323942,12,,,1,10353
323943,11,,,1,10353
323945,7,,,1,10353
323946,0.5,,,1,10353
323947,3,,,1,10353
323953,3.8,,,1,10353
323954,2.5,,,1,10353
323955,0.25,,,1,10353
323959,2.6,,,1,10353
323960,3.5,,,1,10353
323961,1.7,,,1,10353
323967,0.3,,,1,10353
323969,0.4,,,1,10353
323970,0.5,,,1,10353
323971,0.3,,,1,10353
323977,1.5,,,1,10353
323979,0.3,,,1,10353
323980,0.4,,,1,10353
324002,9,,,1,10353
324013,0.25,,,1,10353
324015,0.6,,,1,10353
324019,1.5,,,1,10353
324022,0.5,,,1,10353
324027,0.25,,,1,10353
324028,1,,,1,10353
324029,0.25,,,1,10353
324031,0.1,,,1,10353
324035,7,,,1,10353
324038,3,,,1,10353
324039,0.2,,,1,10353
324040,2.5,,,1,10353
324042,0.6,,,1,10353
324064,3,,,1,10353
324067,0.5,,,1,10353
324068,0.1,,,1,10353
324069,1,,,1,10353
324070,0.4,,,1,10353
324072,0.5,,,1,10353
324073,0.5,,,1,10353
324074,0.5,,,1,10353
324075,1.5,,,1,10353
324076,1,,,1,10353
324077,1,,,1,10353
324078,0.6,,,1,10353
324079,1,,,1,10353
324080,1,,,1,10353
324081,1.5,,,1,10353
324082,1,,,1,10353
324083,5,,,1,10353
324085,1.5,,,1,10353
324086,1.5,,,1,10353
324087,2,,,1,10353
324089,2,,,1,10353
324090,1,,,1,10353
324091,0.2,,,1,10353
324092,1,,,1,10353
324093,0.2,,,1,10353
324094,1.5,,,1,10353
324095,0.1,,,1,10353
324096,0.5,,,1,10353
324097,2,,,1,10353
324098,2.5,,,1,10353
324099,1,,,1,10353
324101,1,,0.471,2,10353
324103,0.3,,,1,10353
324104,1,,,1,10353
324105,2,,,1,10353
324110,1.2,,,1,10353
324120,0.8,,,1,10353
324121,4,,,1,10353
324131,2,,,1,10353
324132,1,,,1,10353
324133,0.3,,,1,10353
324134,3,,,1,10353
324135,2,,,1,10353
324136,3.7,,,1,10353
324137,1.3,,,1,10353
324138,2,,,1,10353
324139,0.5,,,1,10353
324140,2,,,1,10353
324141,1.5,,,1,10353
324142,2.5,,,1,10353
324143,0.4,,,1,10353
324144,2,,,1,10353
324145,4,,,1,10353
324146,2,,,1,10353
324147,0.5,,,1,10353
324148,4,,,1,10353
324149,2,,,1,10353
324150,2.5,,,1,10353
324151,2,,,1,10353
324152,3.6,,,1,10353
324153,2,,,1,10353
324154,2,,,1,10353
324155,4,,,1,10353
324157,3,,,1,10353
324158,1.6,,,1,10353
324159,2.5,,,1,10353
324160,1.6,,,1,10353
324161,0.6,,,1,10353
324162,1,,,1,10353
324163,2,,,1,10353
324164,1,,,1,10353
324170,0.5,,,1,10353
324171,2,,,1,10353
324172,0.8,,,1,10353
324174,2.5,,,1,10353
324175,0.8,,,1,10353
324178,1,,,1,10353
324180,1,,,1,10353
324181,1.5,,,1,10353
324183,0.7,,,1,10353
324189,0.3,,,1,10353
324190,1.5,,,1,10353
324196,0.4,,,1,10353
324199,0.8,,,1,10353
324200,1.4,,,1,10353
324201,0.2,,,1,10353
324202,0.8,,0,2,10353
324206,0.1,,,1,10353
324208,0.2,,,1,10353
324263,1,,,1,10353
324264,0.6,,,1,10353
324265,0.5,,,1,10353
324266,0.8,,,1,10353
324267,0.5,,,1,10353
324274,0.5,,,1,10353
324276,0.6,,,1,10353
324285,0.5,,,1,10353
324286,0.15,,,1,10353
324287,0.4,,,1,10353
324294,0.2,,,1,10353
324295,5,,,1,10353
324296,0.35,,,1,10353
324310,4.5,,,1,10353
324321,0.5,,,1,10353
324322,0.3,,,1,10353
324324,2,,,1,10353
324325,2,,,1,10353
324326,3.5,,,1,10353
324330,1,,,1,10353
324333,0.4,,,1,10353
324336,0.7,,,1,10353
324339,1,,,1,10353
324344,1,,,1,10353
324347,0.2,,,1,10353
324351,11,,,1,10353
324356,0.3,,,1,10353
324357,0.3,,,1,10353
324365,9,,,1,10353
324366,12,,,1,10353
324367,10,,,1,10353
324372,3,,,1,10353
324373,2,,,1,10353
324375,0.6,,,1,10353
324377,0.7,,,1,10353
324378,0.5,,,1,10353
324380,1,,,1,10353
324381,2,,,1,10353
324393,2.3,,,1,10353
324394,2,,,1,10353
324398,3.5,,,1,10353
324399,2.5,,,1,10353
324400,1,,,1,10353
324401,0.4,,,1,10353
324402,0.5,,,1,10353
324410,0.5,,,1,10353
324411,0.4,,,1,10353
324416,0.5,,,1,10353
324417,1,,,1,10353
324419,0.3,,0.471,2,10353
324425,1.1,,,1,10353
324429,0.1,,,1,10353
324430,0.1,,,1,10353
324433,0.17,,,1,10353
324436,7,,,1,10353
324437,8,,,1,10353
324440,0.4,,,1,10353
324452,0.2,,0.283,2,10353
324454,0.08,,,1,10353
324459,0.4,,,1,10353
324462,0.8,,0,2,10353
324466,1.5,,,1,10353
324467,1,,,1,10353
324475,0.2,,,1,10353
324477,0.7,,,1,10353
324481,0.2,,,1,10353
324489,0.15,,,1,10353
324493,2,,,1,10353
324501,0.3,,,1,10353
324511,1,,,1,10353
324513,0.2,,,1,10353
324514,0.7,,,1,10353
324515,0.9,,,1,10353
324522,0.5,,,1,10353
324523,0.9,,,1,10353
324525,0.3,,,1,10353
324527,0.15,,,1,10353
324528,3.5,,,1,10353
324542,0.3,,,1,10353
324555,3.6,,,1,10353
324558,8,,,1,10353
324561,0.25,,,1,10353
324565,0.5,,,1,10353
324605,0.4,,,1,10353
324606,0.1,,,1,10353
324610,2.5,,,1,10353
324624,5,,,1,10353
324626,0.1,,,1,10353
324627,0.03,,,1,10353
324628,0.05,,,1,10353
324629,0.2,,,1,10353
324632,3,,,1,10353
324640,3.5,,,1,10353
324646,0.8,,,1,10353
324655,0.1,,,1,10353
324666,0.2,,,1,10353
324669,4,,,1,10353
324670,4,,,1,10353
324671,0.2,,,1,10353
324673,0.3,,,1,10353
324675,0.4,,,1,10353
324676,0.5,,,1,10353
324680,0.6,,,1,10353
324681,0.6,,,1,10353
324683,0.1,,,1,10353
324693,0.3,,,1,10353
324703,1,,,1,10353
324705,0.5,,,1,10353
324706,0.5,,,1,10353
324710,0.5,,,1,10353
324711,1.5,,,1,10353
324714,1,,,1,10353
324718,0.3,,,1,10353
324726,0.3,,,1,10353
324727,0.2,,,1,10353
324729,0.3,,,1,10353
324750,2,,,1,10353
324754,0.2,,,1,10353
324755,0.3,,,1,10353
324764,2.8,,,1,10353
324773,0.3,,,1,10353
324779,1,,,1,10353
324781,2,,,1,10353
324782,0.5,,,1,10353
324783,1,,,1,10353
324790,2,,,1,10353
324791,1.5,,,1,10353
324792,0.2,,,1,10353
324798,0.4,,,1,10353
324800,0.1,,,1,10353
324823,0.2,,,1,10353
324828,0.2,,,1,10353
324829,0.2,,,1,10353
324862,0.5,,,1,10353
332867,0.3,,0,2,"16,23"
337918,1.3,,,1,16
337919,0.2,,0.283,2,"16,10328"
337930,0.3,,,1,23
345762,2.3,,,1,16
345984,0.2,,,1,10353
348009,0.4,,,1,10353
348183,10,,,1,10353
348754,0.1,,,1,10353
349070,0.3,,,1,10353
349589,0.1,,,1,10320
349611,0.2,,,1,10320
349617,0.05,,,1,10320
349620,0.1,,,1,10320
349631,0.8,,,1,10320
349636,1,,,1,10320
349638,0.5,,,1,10320
349654,0.4,,,1,10320
349672,0.1,,,1,10320
349675,0.1,,,1,10320
349728,0.2,,,1,10320
349732,0.2,,,1,10320
349733,0.1,,,1,10320
349735,0.1,,,1,10320
349767,0.2,,,1,10320
349778,1,,,1,10320
349800,0.9,,,1,10320
349806,2,,,1,10320
349820,2,,0,2,10320
350064,1.5,,,1,10353
351202,1,,0.326,2,"16,10353"
351626,1.5,,,1,10353
351767,0.8,,,1,10353
355859,10,,,1,10328
362477,1.5,,,1,10353
362479,3.5,,,1,10353
363322,1.5,,,1,10353
363636,0.5,,,1,10353
366808,6,,,1,10328
369144,0.15,,,1,10320
369145,1,,,1,10342
369147,0.18,,0.315,3,"10320,10328"
369152,0.3,,,1,10320
369160,0.15,,,1,10320
369163,0.5,,,1,10320
369165,0.1,,,1,10320
369171,0.2,,,1,10320
369173,0.1,,,1,10320
369174,0.05,,,1,10320
369175,0.16,,,1,10320
369178,0.08,,,1,10320
369179,0.1,,,1,10320
369182,0.1,,,1,10320
369183,0.05,,,1,10320
369188,0.1,,,1,10320
369189,0.3,,,1,10320
369192,0.2,,,1,10320
369193,0.2,,,1,10320
369194,1,,,1,10320
369195,0.5,,,1,10320
369200,0.15,,,1,10320
369201,0.16,,,1,10320
369202,0.3,,,1,10320
369205,0.17,,,1,10320
369225,0.4,,,1,10320
369226,0.7,,,1,10320
369234,0.1,,,1,10320
369246,0.05,,,1,10320
369250,0.04,,0.943,2,"10320,10328"
369251,0.1,,,1,10320
369252,0.3,,,1,10320
369267,0.2,,,1,10320
369271,0.3,,,1,10320
369285,2,,,1,10320
369287,0.1,,,1,10320
369583,0.7,,0,2,10320
380278,0.5,,,1,10353
380282,8,,,1,10353
380283,2.5,,,1,10353
380284,3,,,1,10353
380285,2.1,,,1,10353
380286,0.3,,,1,10353
380287,0.6,,,1,10353
380288,0.5,,,1,10353
380289,0.7,,,1,10353
380290,0.5,,,1,10353
380291,2,,,1,10353
380292,1.2,,,1,10353
380293,1.5,,,1,10353
380294,1.5,,,1,10353
380295,0.3,,,1,10353
380296,3,,,1,10353
380297,2.5,,,1,10353
380298,0.3,,,1,10353
380299,0.5,,,1,10353
380310,0.1,,,1,10353
380311,3.5,,,1,10353
380316,1.2,,,1,10353
380318,3,,,1,10353
380321,2.5,,,1,10353
380325,4.5,,,1,10353
380328,0.15,,,1,10353
380329,1.5,,,1,10353
380330,4,,,1,10353
380331,2,,,1,10353
380333,1.2,,,1,10353
380334,1.5,,,1,10353
380335,1.5,,,1,10353
380336,0.7,,,1,10353
380337,2.4,,,1,10353
380338,0.5,,,1,10353
380339,0.8,,,1,10353
380341,1,,,1,10353
380342,0.2,,,1,10353
380344,2.5,,,1,10353
380345,0.6,,,1,10353
380347,1,,,1,10353
380352,4,,,1,10353
380354,2,,,1,10353
380355,6,,,1,10353
380359,0.9,,,1,10353
380360,0.5,,,1,10353
380361,3.5,,,1,10353
380362,0.5,,,1,10353
380363,1,,,1,10353
380365,3,,,1,10353
380366,2.5,,0,2,10353
380369,2.5,,,1,10353
380370,2,,,1,10353
380371,4,,,1,10353
380372,0.5,,,1,10353
380373,1,,,1,10353
380376,1,,,1,10353
380385,0.2,,,1,10353
380387,0.6,,,1,10353
380389,0.5,,,1,10353
380391,2,,,1,10353
380392,5.5,,,1,10353
380393,2,,,1,10353
380394,3,,,1,10353
380395,2.5,,,1,10353
380397,3.5,,,1,10353
380398,1.8,,,1,10353
380400,10,,,1,10353
380401,3.6,,,1,10353
380402,0.6,,,1,10353
380403,6,,,1,10353
380404,3.5,,,1,10353
380405,0.3,,,1,10353
380406,3.5,,,1,10353
380407,3,,,1,10353
380408,4,,,1,10353
380409,7,,,1,10353
380410,7,,,1,10353
380412,2,,,1,10353
380414,1.5,,,1,10353
380415,2.3,,,1,10353
380416,1,,,1,10353
380419,1,,,1,10353
380420,5,,,1,10353
380423,2.2,,,1,10353
380424,2,,,1,10353
380426,3,,,1,10353
380427,3.5,,,1,10353
380428,2,,,1,10353
380429,2.5,,,1,10353
380432,0.3,,,1,10353
380436,5.5,,,1,10353
380442,2.5,,,1,10353
380443,0.1,,,1,10353
380446,4.5,,,1,10353
380954,0.6,,,1,10353
381008,0.3,,,1,10353
381628,0.1,,,1,10353
382003,0.025,,,1,10320
382404,2,,,1,10320
382906,1.5,,,1,10320
382943,1,,,1,10353
382945,2.5,,,1,10353
383370,0.2,,0.471,2,10353
383371,1,,,1,10353
383746,4.8,,,1,10353
383747,1.5,,,1,10320
383798,1.6,,,1,10320
383859,0.5,,,1,10320
383975,1.5,,,1,10320
384043,0.4,,,1,10320
384596,2,,,1,10320
385724,2.5,,,1,10353
385732,2,,,1,10320
385735,3,,,1,10353
386209,4,,,1,10353
386522,5,,,1,10353
386526,5,,,1,10353
386654,1.5,,,1,10320
388035,0.4,,,1,10320
388143,8,,,1,10320
391200,1.5,,,1,10320
391246,2,,,1,10320
391247,1,,,1,10320
391248,1.5,,,1,10320
391254,0.15,,,1,10320
391255,0.15,,,1,10320
391257,0.1,,,1,10320
391258,0.03,,,1,10320
391259,1.2,,,1,10320
391260,1.6,,,1,10320
391261,0.7,,,1,10320
391262,0.2,,,1,10320
391263,0.3,,,1,10320
391265,0.09,,,1,10320
391267,2,,,1,10320
391268,4,,,1,10320
391269,0.1,,,1,10320
391273,0.14,,,1,10320
391274,0.26,,,1,10320
391279,1,,,1,10320
391280,0.1,,,1,10320
391281,0.3,,,1,10320
391282,0.1,,,1,10320
391284,0.08,,,1,10320
391285,0.5,,,1,10320
391286,0.2,,,1,10320
391289,1,,,1,10320
391290,0.15,,,1,10320
391291,0.5,,,1,10320
391292,3,,,1,10320
391293,1.8,,,1,10320
391294,0.4,,,1,10320
391298,0.2,,,1,10320
391302,0.1,,,1,10320
391303,0.1,,,1,10320
391304,0.3,,,1,10320
391306,1.7,,,1,10320
391311,0.1,,,1,10320
391317,0.08,,,1,10320
391319,0.045,,,1,10320
391326,0.3,,,1,10320
391334,0.2,,,1,10320
391335,0.05,,,1,10320
391337,0.09,,,1,10320
391338,0.6,,,1,10320
391340,0.3,,,1,10320
391343,0.1,,,1,10320
391344,0.15,,,1,10320
391346,0.1,,,1,10320
391347,0.13,,,1,10320
391348,1.4,,,1,10320
391349,0.2,,,1,10320
391350,0.05,,0,2,10320
391352,0.3,,,1,10320
391354,0.1,,,1,10320
391355,0.45,,,1,10320
391358,0.6,,,1,10320
391359,1.5,,,1,10320
391361,1.4,,,1,10320
391363,0.4,,,1,10320
391364,0.1,,,1,10320
391367,0.2,,,1,10320
391368,0.3,,0,2,10320
391369,1.3,,,1,10320
391370,0.03,,,1,10320
391371,0.2,,,1,10320
391376,1.6,,,1,10320
391380,0.2,,,1,10320
391382,0.29,,,1,10320
391385,0.55,,,1,10320
391386,0.1,,,1,10320
391387,0.8,,,1,10320
391388,0.4,,,1,10320
391390,1.5,,,1,10320
391391,0.25,,,1,10320
391392,0.4,,,1,10320
391393,0.11,,,1,10320
391394,0.6,,,1,10320
391396,0.2,,,1,10320
391397,0.4,,,1,10320
391398,0.2,,,1,10320
391400,0.6,,,1,10320
391401,0.3,,,1,10320
391402,0.25,,,1,10320
391403,0.4,,,1,10320
391405,0.5,,,1,10320
391406,0.05,,,1,10320
391407,0.7,,,1,10320
391408,0.2,,,1,10320
391410,0.07,,,1,10320
391411,0.25,,,1,10320
391413,0.8,,,1,10320
391418,0.35,,,1,10320
391419,0.15,,,1,10320
391422,0.4,,,1,10320
391423,0.5,,,1,10320
391425,0.8,,,1,10320
391427,0.5,,,1,10320
391428,0.5,,,1,10320
391430,0.12,,,1,10320
391431,0.2,,,1,10320
391432,1,,,1,10320
391433,0.8,,,1,10320
391434,0.1,,,1,10320
391435,0.2,,,1,10320
391436,0.4,,,1,10320
391437,0.12,,,1,10320
391438,0.3,,,1,10320
391440,0.45,,,1,10320
391441,0.4,,,1,10320
391443,0.75,,,1,10320
391444,0.13,,,1,10320
391446,0.07,,,1,10320
391447,0.5,,,1,10320
391448,0.1,,,1,10320
391450,0.3,,,1,10320
391452,0.35,,,1,10320
391454,0.07,,,1,10320
391456,0.2,,,1,10320
391457,0.1,,,1,10320
391460,1,,,1,10320
391461,0.08,,,1,10320
391462,0.06,,,1,10320
391468,1.2,,,1,10320
391469,0.1,,,1,10320
391471,1.5,,,1,10320
391472,2,,,1,10320
391474,0.2,,,1,10320
391475,0.8,,,1,10320
391477,0.7,,,1,10320
391478,12,,,1,10320
391715,0.4,,,1,10320
393216,0.7,,,1,10320
393217,0.1,,,1,10320
393219,0.2,,,1,10320
393221,0.4,,,1,10320
393222,0.7,,,1,10320
393223,0.1,,,1,10320
393228,0.3,,,1,10320
393235,0.3,,,1,10320
393236,4,,,1,10320
393237,0.35,,,1,10320
393238,0.6,,,1,10320
393241,0.2,,,1,10320
393245,0.5,,,1,10320
393246,0.3,,,1,10320
393247,0.5,,,1,10320
393248,0.13,,,1,10320
393249,1,,,1,10320
393250,0.8,,,1,10320
393251,0.25,,,1,10320
393252,0.3,,,1,10320
397728,25,,,1,10328
397789,0.5,,,1,10353
397852,1,,,1,10353
398303,2,,,1,10328
398341,2,,,1,10353
398413,1,,,1,10353
398539,1,,,1,10353
398640,0.3,,0.354,2,"10320,10342"
398710,3,,,1,10353
398747,0.8,,,1,10353
399184,1.5,,,1,10353
400264,1.5,,,1,10353
400270,0.25,,,1,10353
401379,4,,0.157,2,"16,10320"
401380,6,,0,2,"16,23"
401646,0.1,,,1,10353
401809,4,,,1,10353
401813,8,,,1,10353
401835,0.4,,,1,10353
401874,2,,,1,10353
402010,7,,0.25,2,10353
402200,1.2,,,1,10353
402553,2,,,1,10353
403301,0.3,,0.761,2,"10328,10342"
404100,0.2,,1.083,3,"263,10328,10342"
404105,0.8,,,1,10342
404113,0.35,,,1,10342
407180,0.1,,,1,10353
410990,1.5,,,1,10328
415182,15,,,1,10320
421029,0.8,,,1,10353
421049,0.5,,,1,10353
421974,0.2,,,1,10342
421975,0.2,,,1,10342
421976,0.3,,,1,10342
421979,2,,0,2,"263,10342"
421980,3,,,1,10342
421982,0.05,,,1,10342
421986,0.2,,,1,10342
421995,0.19,,,1,10342
422000,1.4,,,1,10342
422001,0.5,,,1,10342
422003,2,,,1,10342
422006,0.3,,,1,10342
422008,0.5,,,1,10342
422009,0.1,,,1,10342
422010,0.28,,,1,10342
422011,0.09,,,1,10342
422012,0.3,,,1,10342
422424,0.8,,,1,10353
422473,2,,,1,10353
422493,4,,,1,10353
422566,5,,,1,10353
422575,4,,,1,10353
422702,0.03,,1.045,2,"16,10353"
422994,8,,,1,23
423209,0.5,,,1,10353
423216,0.3,,,1,10353
423217,0.9,,,1,10353
423219,4,,,1,10353
423221,1,,,1,10353
423222,5,,,1,10353
423248,1,,0.606,2,10353
423264,0.6,,,1,10353
423265,0.2,,,1,10353
423268,0.5,,,1,10353
423276,2,,,1,10353
423277,0.5,,,1,10353
423278,9,,,1,10353
423279,2.5,,,1,10353
423282,2.3,,,1,10353
423284,0.6,,,1,10353
423285,1,,,1,10353
423286,0.3,,,1,10353
423287,0.2,,,1,10353
423288,1.2,,,1,10353
423290,0.4,,0.157,2,10353
423456,0.35,,,1,10320
423824,4.5,,,1,10353
424204,1,,0,2,"263,10342"
424402,0.7,,0.303,4,10353
424429,3,,0,2,"16,23"
424531,1,,,1,10353
425295,1.3,,,1,10353
425297,0.25,,,1,10353
425944,0.3,,1.345,2,"16,23"
425946,0.8,,0.391,3,"16,10320"
425948,1,,,1,10320
425950,0.3,,,1,16
425969,0.7,,,1,10320
428116,0.2,,,1,10320
428236,4,,,1,10320
428242,6,,,1,10353
428243,1.5,,,1,10353
428244,4,,,1,10353
428246,2.2,,,1,10353
428247,6,,,1,10353
428248,4,,,1,10353
428249,2.5,,,1,10353
428300,5,,,1,10353
428320,2.5,,,1,10353
428486,3.5,,,1,16
428774,2.5,,,1,10353
429068,2,,,1,10353
429193,0.8,,,1,10320
429259,1.2,,0.497,2,"10320,10353"
429337,1.5,,,1,10320
429345,10,,,1,10320
429384,0.4,,,1,10320
429387,0.4,,,1,10320
429710,5,,,1,10353
429892,3.3,,,1,10320
430279,0.2,,,1,10320
430371,3,,,1,10353
430645,2,,,1,10320
430735,3,,,1,10353
430801,1,,,1,10353
431311,3,,,1,10353
431400,3,,,1,10353
431514,2,,,1,10353
431950,3.5,,,1,10353
432242,1,,0.184,2,"10342,10353"
432286,0.3,,0.761,2,10353
432380,0.1,,,1,10353
433218,0.4,,,1,10353
433417,0.7,,,1,23
436114,0.05,,0.326,2,"16,10320"
436275,1.5,,,1,10353
436300,1,,,1,10353
436310,1,,0.471,2,10353
436324,0.3,,,1,10353
436386,0.8,,,1,10353
436450,1.2,,,1,10328
438102,0.05,,,1,10320
438116,4,,,1,10342
438122,0.4,,0,2,10320
438127,1,,0.471,2,"10320,10328"
438131,0.3,,,1,10320
438143,2.5,,,1,10353
438145,7,,,1,10353
438149,9,,,1,10353
438153,0.1,,0.707,2,"10320,10328"
438180,0.2,,0.707,2,"10320,10353"
438184,5,,,1,10353
438187,0.5,,,1,10320
438192,1,,,1,10353
438193,0.5,,,1,10353
438195,0.4,,,1,10353
438209,0.2,,,1,10342
438211,3,,,1,10342
438212,2,,,1,10342
438227,0.7,,,1,10328
438230,0.4,,,1,10328
438232,0.2,,,1,10320
438237,0.08,,0.157,2,"10320,10333"
438239,0.2,,0.471,2,"10320,10328"
438247,2,,,1,10353
438252,2.5,,,1,10353
438255,0.7,,1.288,2,"16,23"
438257,11,,,1,10328
438258,0.6,,,1,10328
438260,2,,,1,10320
438263,1,,,1,10320
438287,0.2,,,1,10342
438288,2.5,,0.471,2,10353
438289,2,,,1,23
438362,0.04,,1.585,3,"10320,10342,10353"
438364,0.2,,,1,10328
438373,1,,0.283,2,10353
438374,1,,,1,10353
438386,0.3,,0,2,"10342,10353"
438388,0.4,,,1,10342
438389,0.2,,,1,10320
438420,1.5,,,1,10353
438428,0.6,,,1,10328
438435,4.5,,,1,10353
438436,3,,,1,10353
438440,4.5,,,1,10328
438442,2,,,1,10353
438448,4,,,1,10353
438453,3,,0.202,2,"10320,10353"
438462,1.2,,,1,23
438465,0.7,,,1,23
438466,0.4,,,1,10328
438467,0.6,,,1,10328
438477,2,,0,2,"263,10342"
438480,1.3,,,1,10353
438502,2.5,,0,2,"263,10342"
438507,0.5,,0,3,"10320,10353"
438520,2.5,,,1,10353
438523,3.5,,0,2,10353
438528,3,,,1,10353
438529,2,,,1,10353
438531,0.9,,,1,10328
438546,10,,0,3,10320
438547,3,,0.707,2,"10320,23"
438559,2,,,1,10342
438573,0.3,,,1,10353
438578,0.1,,,1,10342
438613,3,,0.566,2,"10328,10353"
438615,0.3,,,1,10328
438616,0.3,,,1,10328
438617,0.2,,,1,10328
438618,1.5,,,1,10320
438620,2,,,1,10328
438621,2.5,,,1,10328
438622,4,,,1,10328
438623,3,,,1,10328
438624,1.5,,,1,10328
438627,0.1,,,1,10328
438630,0.1,,,1,10328
438631,0.5,,,1,10328
438635,0.15,,,1,10320
438638,0.1,,,1,10328
438644,0.1,,,1,10320
438645,0.1,,,1,10320
438647,0.1,,,1,10320
438648,0.1,,,1,10328
438649,0.05,,0.236,2,"10320,10333"
438650,0.1,,,1,10320
438651,0.06,,,1,10320
438652,0.1,,,1,10328
438655,0.4,,,1,10328
438663,0.5,,,1,10328
438706,0.12,,,1,10320
438723,0.2,,,1,10320
438731,1,,0.471,2,"16,10353"
438739,2,,,1,10353
438753,0.05,,0.655,3,10320
438754,0.05,,0,2,10320
438755,0.05,,0,2,10320
438759,0.4,,,1,16
438774,0.4,,0.458,3,"10320,10328,23"
438779,0.4,,,1,23
438780,0.3,,0.202,2,"10320,10353"
438788,0.2,,,1,10320
438793,4,,,1,10328
438798,0.5,,,1,10328
438802,3,,,1,16
438803,3,,,1,10353
438807,2,,0,4,"16,10320,10342,23"
438812,2,,,1,10328
438834,0.5,,0.471,2,"16,10320"
438839,0.2,,0.471,2,"16,10320"
438841,0.2,,,1,10342
438842,1.5,,,1,16
438861,0.2,,,1,10328
438870,1,,,1,10320
438877,0.2,,,1,10342
438878,0.5,,,1,10320
438879,0.9,,,1,10320
438880,0.2,,,1,10320
438882,0.05,,0.777,4,"10320,10328,10353"
438884,0.5,,,1,10320
438885,0.3,,0,2,"10320,10342"
438905,0.3,,,1,23
439043,0.9,,0.241,3,"10320,23"
439056,1.9,,,1,16
439059,1.5,,,1,23
439076,0.5,,,1,10328
439077,0.3,,,1,10328
439084,0.15,,0.202,2,"10328,10342"
439086,0.6,,0.521,2,"10320,10328"
439087,0.6,,,1,23
439091,0.2,,0.471,2,"10320,10328"
439093,0.1,,,1,16
439096,0.3,,,1,10342
439102,0.5,,,1,10342
439119,0.2,,,1,10320
439124,2,,,1,10320
439125,0.3,,,1,16
439132,0.5,,,1,10320
439133,1.5,,0,2,10353
439134,1.5,,,1,10353
439136,1.5,,,1,10353
439138,0.4,,,1,10320
439142,0.9,,,1,10320
439143,0.2,,0.222,4,"10320,10328,10333,10342"
439145,0.2,,0,2,"10320,10342"
439148,2,,,1,10342
439149,0.1,,,1,10342
439150,0.18,,,1,10320
439153,0.2,,0.471,2,"10320,10353"
439160,0.4,,,1,10342
439161,1,,,1,10320
439162,1,,,1,10342
439180,0.15,,,1,10353
439182,1.5,,,1,10353
439201,1.5,,,1,10353
439207,0.3,,,1,10342
439208,0.6,,,1,10353
439214,0.2,,,1,10320
439242,7,,,1,23
439252,1,,,1,10342
439253,7,,,1,10328
439255,3.2,,,1,10328
439256,4.5,,,1,10328
439270,1,,,1,10353
439289,1,,,1,10320
439307,4,,,1,10353
439311,1.5,,,1,10342
439314,4,,,1,10328
439320,3,,0,2,10353
439337,4,,,1,10353
439356,2.5,,,1,10320
439357,8,,,1,10328
439358,3,,,1,16
439362,0.5,,,1,10328
439375,0.7,,,1,10342
439390,0.1,,,1,10342
439394,1.2,,,1,10320
439418,1.3,,,1,10353
439419,1.5,,,1,10353
439420,2.5,,,1,10328
439429,0.7,,0,3,10320
439432,10.5,,,1,10328
439446,1,,,1,10353
439451,0.5,,,1,10320
439476,0.4,,0,2,"16,23"
439489,2.4,,,1,16
439549,0.3,,,1,10342
439564,85,,,1,10328
439585,20,,,1,10328
439588,40,,,1,23
439589,16,,,1,23
439601,3.5,,,1,10353
439605,2,,,1,10320
439611,3,,,1,10353
439612,4,,,1,10353
439615,0.5,,,1,10320
439616,1.5,,,1,10353
439618,0.5,,,1,10353
439621,0.3,,,1,10353
439629,0.07,,0.379,3,"10320,10333,10342"
439636,0.1,,,1,10320
439643,0.1,,0.272,4,"16,10320,10333,23"
439646,0.05,,1.01,2,"16,10328"
439649,0.1,,,1,10320
439726,2.5,,,1,10353
439728,1,,,1,10342
439744,8,,,1,10320
439761,7,,0.25,2,"10320,23"
439772,1.3,,,1,10320
439773,0.7,,,1,10320
439793,0.5,,,1,10328
439815,0.1,,,1,10328
439841,7,,,1,16
439881,8,,,1,23
439911,5,,,1,10353
439951,0.15,,0.643,2,"16,10328"
439952,3,,,1,10353
439953,0.2,,,1,10320
439955,0.1,,,1,10320
439957,0.2,,0.283,2,"10328,10333"
439959,4,,0.157,2,"10353,23"
439964,1,,,1,10328
439967,1,,,1,10320
439985,1.2,,,1,10353
439991,0.3,,,1,10328
439996,0.3,,,1,10328
439997,0.1,,,1,10328
440001,2,,0.786,2,"10320,10342"
440002,0.8,,0.43,2,"10320,23"
440003,1,,,1,10320
440012,0.4,,0.157,2,"10320,10353"
440021,0.1,,0.714,6,"16,10320"
440023,0.7,,,1,10328
440028,0.2,,,1,23
440030,1,,,1,10353
440047,0.5,,,1,10320
440051,3,,,1,10353
440052,2.5,,,1,10353
440053,3,,0.354,2,"10342,10353"
440062,0.2,,,1,10320
440077,0.7,,,1,10328
440105,0.2,,,1,16
440108,0.1,,,1,10320
440123,1.5,,,1,10320
440125,0.1,,,1,10342
440131,3,,,1,10353
440142,0.05,,0.471,2,"10328,10342"
440144,0.05,,0.433,3,"10328,10333,10342"
440145,0.1,,,1,10328
440149,3,,,1,10353
440151,12,,,1,10353
440154,2,,,1,10320
440155,0.06,,0.354,2,"10328,10342"
440158,0.05,,,1,10320
440168,0.5,,,1,10320
440185,0.5,,0.303,5,"10320,10328,10333"
440186,0.6,,,1,10328
440187,0.2,,0.283,2,"10320,10328"
440188,0.4,,0.458,3,"10320,10342,10353"
440189,0.7,,0.094,2,"10320,10328"
440198,0.5,,,1,10320
440207,3,,0,4,23
440221,0.5,,,1,10320
440234,1.5,,0,2,10320
440259,2,,,1,10353
440265,0.4,,,1,10328
440284,3,,,1,16
440285,2,,,1,10353
440324,2.5,,,1,10353
440355,0.1,,,1,10353
440361,0.1,,,1,10328
440363,0.07,,,1,10320
440364,0.15,,,1,10320
440366,0.2,,,1,10328
440372,0.3,,,1,23
440406,0.7,,,1,10328
440407,0.7,,,1,10328
440434,0.05,,,1,10320
440439,0.5,,,1,10342
440447,0.1,,,1,10328
440452,1.5,,,1,10328
440462,1.5,,,1,10328
440472,0.5,,,1,23
440481,0.1,,,1,10353
440487,0.6,,,1,10353
440490,1.6,,,1,16
440491,3,,,1,10353
440501,0.1,,0.129,2,"10320,10342"
440505,0.8,,,1,10353
440509,2.5,,,1,10353
440510,3.5,,,1,10353
440511,4.5,,,1,10353
440515,0.2,,,1,10320
440517,0.05,,,1,10320
440521,6,,,1,10353
440522,3,,,1,16
440535,0.6,,,1,10328
440536,0.8,,,1,10328
440537,0.8,,,1,10328
440539,1,,,1,10328
440540,0.2,,,1,10328
440543,0.4,,,1,10328
440601,1,,,1,10320
440603,2,,,1,10328
440617,2,,,1,10328
440626,0.5,,,1,16
440634,2,,,1,16
440641,1,,,1,10320
440646,4,,,1,10328
440651,1,,,1,10353
440654,8,,,1,10328
440661,13,,0,2,10353
440663,1,,,1,10342
440671,2,,0,2,"263,10342"
440681,0.6,,0,2,10320
440682,1.5,,,1,10353
440691,3.5,,0,2,"16,23"
440708,0.8,,0.606,2,10353
440720,0.1,,,1,10342
440722,0.1,,,1,263
440724,0.4,,,1,10328
440744,0.03,,,1,10342
440745,0.1,,,1,10342
440761,4,,,1,16
440762,3,,,1,16
440763,2,,,1,16
440764,1.8,,,1,16
440765,1.7,,,1,16
440766,1.5,,,1,16
440767,1,,,1,16
440768,3.5,,,1,16
440769,2,,,1,16
440770,2,,,1,16
440771,2,,,1,16
440772,2,,0,3,16
440773,2.3,,,1,16
440774,1,,,1,16
440775,1.5,,,1,16
440776,0.2,,,1,10328
440777,0.2,,,1,10328
440778,0.2,,,1,10328
440779,0.4,,,1,10328
440780,0.2,,,1,10328
440786,0.6,,,1,10320
440804,0.4,,,1,10342
440809,2.5,,,1,10353
440817,0.1,,,1,10353
440826,0.4,,0.157,2,"10320,10353"
440827,0.2,,,1,10342
440837,0.1,,,1,10320
440842,0.6,,,1,10328
440850,5,,,1,10353
440857,2.5,,,1,10353
440865,0.2,,,1,10328
440870,0.2,,,1,10320
440892,4,,,1,10328
440910,6,,,1,10342
440924,0.7,,,1,10353
440925,0.6,,,1,10353
440928,0.3,,,1,10353
440929,0.5,,,1,10353
440937,0.3,,,1,10353
440938,0.6,,,1,10353
440939,0.8,,,1,10353
440940,0.3,,,1,10353
440965,0.4,,,1,16
441016,1,,,1,10353
441019,2.8,,,1,10353
441029,10,,,1,10353
441030,5,,,1,10353
441033,0.1,,,1,10342
441034,1.5,,0.457,4,"10320,10353"
441039,0.2,,,1,10342
441043,5,,,1,10353
441045,4,,,1,10353
441053,3.5,,,1,10353
441075,2,,,1,10320
441110,0.4,,,1,10342
441114,3.8,,,1,10353
441116,3,,,1,10353
441119,0.5,,0,2,10320
441124,1.2,,,1,16
441125,0.8,,,1,16
441126,1.2,,0,2,16
441127,0.7,,,1,16
441128,3,,,1,16
441129,2.6,,,1,16
441130,3,,,1,16
441131,1,,,1,16
441132,1,,,1,16
441133,0.8,,,1,16
441134,0.5,,,1,16
441135,0.8,,,1,10353
441141,0.6,,,1,10320
441148,7,,0,2,10353
441154,1.3,,,1,10353
441155,4,,,1,10353
441156,2.5,,,1,10353
441169,4,,,1,10353
441229,0.3,,,1,10328
441230,0.3,,,1,10328
441232,0.05,,0.471,2,10342
441235,0.05,,0,2,10342
441236,0.1,,,1,10342
441238,0.6,,,1,10320
441259,1.5,,,1,10353
441271,0.05,,,1,10353
441274,0.1,,0.283,2,10342
441276,0.7,,,1,10328
441280,0.07,,,1,10353
441292,3,,,1,10353
441306,0.2,,,1,10353
441311,3,,,1,10353
441312,0.8,,,1,10353
441320,1.5,,,1,10320
441336,0.8,,,1,10342
441344,0.5,,,1,10320
441345,0.3,,,1,10320
441354,0.2,,,1,10328
441375,2,,,1,10328
441378,0.7,,,1,10328
441383,0.7,,,1,10328
441386,2.5,,,1,10328
441387,1.8,,,1,10320
441390,1,,,1,10320
441426,2.7,,,1,10353
441439,2,,,1,10320
441442,2,,,1,10342
441443,2,,,1,10353
441447,2,,,1,10328
441452,2,,,1,10342
441476,0.1,,,1,10320
441483,0.15,,,1,10342
441485,0.1,,,1,10342
441490,0.9,,,1,10328
441502,2.5,,,1,10342
441514,0.4,,,1,10342
441517,2.3,,,1,10353
441520,2.5,,0,2,10353
441521,2.5,,,1,10353
441522,1.5,,,1,10353
441543,0.2,,,1,10353
441545,0.4,,,1,10353
441568,2,,,1,10353
441581,0.2,,,1,10342
441590,2,,,1,10328
441600,1.3,,,1,10328
441602,0.3,,,1,10328
441607,2,,,1,10353
441612,3,,,1,10353
441618,0.3,,,1,10342
441620,0.3,,,1,10320
441627,0.1,,,1,10320
441628,0.3,,,1,10320
441629,0.2,,,1,10320
441632,5,,,1,10320
441634,3,,,1,10328
441644,1.5,,,1,10353
441646,0.7,,,1,10320
441648,0.5,,,1,10320
441650,4,,,1,10320
441657,0.4,,,1,10353
441658,2.5,,,1,10353
441661,0.9,,,1,10353
441662,1.3,,,1,10353
441665,0.1,,,1,10328
441669,0.4,,,1,10320
441678,1.5,,,1,10353
441694,10,,,1,10353
441699,2,,,1,10353
441701,1,,,1,10353
441702,3,,,1,10353
441709,1,,,1,10353
441711,3,,,1,10353
441712,2,,,1,10353
441713,3,,0.643,2,"10328,10353"
441715,2,,,1,10353
441716,3,,0.45,2,"10328,10353"
441717,0.5,,0.129,2,"10320,10353"
441722,1.5,,,1,10353
441748,1,,0.282,6,10353
441750,1.5,,0.643,2,"10328,10353"
441756,1.5,,,1,10353
441758,1.8,,,1,10328
441762,2,,,1,10353
441770,1,,,1,10353
441777,0.8,,,1,10353
441783,1.8,,,1,10353
441800,4,,,1,10353
441805,4,,,1,10320
441812,5,,,1,16
441816,0.8,,0.069,3,"10320,10342"
441819,0.4,,,1,10320
441820,3.5,,,1,10328
441825,0.2,,,1,10320
441839,0.02,,,1,10320
441845,3.5,,,1,10320
441846,3.5,,,1,10328
441847,2,,,1,10320
441854,1.7,,,1,16
441909,0.4,,,1,10328
441911,0.1,,,1,10328
441918,0.2,,,1,10320
441920,3.5,,,1,10328
441938,0.15,,,1,10342
441939,0.3,,,1,10320
441942,2,,,1,10353
441944,1.6,,,1,10328
441947,0.5,,,1,10353
441950,0.6,,,1,10353
441952,1,,,1,10353
441955,1.5,,,1,10353
441962,2,,,1,10353
441963,1,,,1,10353
441964,2,,,1,10353
441989,4,,,1,10328
441990,3,,,1,10328
441992,0.25,,,1,23
441996,0.3,,,1,10353
442001,0.4,,,1,10353
442044,0.2,,,1,10328
442046,2,,,1,10353
442094,2.5,,,1,10328
442095,1,,,1,10328
442097,2.5,,,1,10320
442114,1.5,,,1,10342
442120,0.4,,,1,10328
442122,0.2,,,1,10342
442153,5.5,,,1,10328
442155,1,,,1,10328
442166,0.2,,,1,10328
442170,0.1,,,1,10328
442173,0.6,,,1,10320
442190,2,,,1,10353
442196,2.5,,,1,10353
442217,0.15,,,1,10342
442228,3,,,1,10328
442232,6.5,,,1,10328
442236,3.7,,,1,10328
442239,7.5,,,1,10328
442244,2.2,,,1,10328
442247,2,,,1,10353
442250,0.5,,,1,10342
442254,0.05,,,1,10320
442269,0.1,,,1,10328
442290,0.05,,,1,10342
442300,2,,,1,10328
442310,1.5,,,1,10353
442318,2,,0.2,3,"16,10320,10342"
442321,1.5,,,1,10353
442322,0.5,,0,2,"10320,10342"
442336,1.5,,,1,10328
442341,0.2,,,1,10353
442342,0.3,,,1,10353
442343,2.5,,,1,10353
442363,1.5,,,1,10353
442366,1,,,1,10353
442368,2,,,1,10353
442381,2.3,,,1,16
442382,0.8,,,1,16
442397,1,,,1,10328
442403,0.3,,,1,10320
442409,0.1,,,1,10328
442429,10,,0.4,4,"16,10320,10328,10342"
442448,0.2,,,1,10328
442450,2.2,,,1,10328
442455,0.15,,,1,10342
442466,0.2,,,1,10320
442484,0.5,,,1,10320
442487,0.5,,,1,10320
442490,0.5,,0,2,10320
442495,1,,,1,10320
442510,0.25,,,1,10320
442518,4,,,1,16
442519,7,,,1,16
442525,0.7,,,1,10353
442526,0.4,,,1,10328
442542,1,,,1,10342
442543,1.8,,,1,10353
442545,4,,,1,10353
442551,1,,,1,10342
442555,1,,,1,10320
442563,3,,,1,10342
442566,3,,,1,10353
442568,5,,,1,10342
442575,1,,,1,10320
442655,4.5,,,1,10353
442662,0.5,,,1,10353
442670,0.2,,,1,10320
442678,0.2,,,1,10328
442679,0.2,,,1,10328
442682,1.5,,,1,10353
442692,0.3,,,1,10320
442697,3,,,1,23
442699,2.5,,,1,10353
442700,1,,0.606,2,"16,10320"
442702,1.2,,,1,10353
442722,2,,,1,10353
442729,2.5,,,1,10353
442743,0.7,,1.124,4,"16,10320,10328,10333"
442746,0.5,,0.741,2,"10320,10328"
442753,15,,,1,23
442760,0.3,,0,2,10342
442779,1,,0.247,3,"16,10333,10342"
442819,1.3,,,1,16
442821,1,,,1,16
442825,2,,0.386,2,"16,10328"
442838,0.2,,,1,10342
442864,1,,0.693,3,"10320,10353"
442868,1.5,,,1,16
442869,0.6,,,1,10353
442871,1,,0,2,"10320,10353"
442891,3.5,,,1,10353
442901,0.2,,,1,10328
442904,0.3,,,1,10328
442915,3.5,,,1,10353
442919,1,,,1,10353
442922,1.5,,,1,10353
442927,8,,,1,10353
442928,2.5,,,1,10353
442930,2,,,1,10353
442931,3.5,,,1,10353
442933,0.8,,,1,10353
442934,0.8,,,1,10353
442939,0.2,,,1,10328
442943,0.1,,,1,10328
442945,0.5,,,1,10328
442946,0.05,,,1,10320
442948,0.4,,,1,10328
442951,0.2,,,1,10328
442960,0.1,,,1,10328
442968,0.2,,,1,10328
442970,0.3,,,1,10328
442971,0.1,,,1,10328
442972,0.2,,,1,10320
442973,0.2,,,1,10328
442974,0.3,,,1,10328
442979,0.3,,,1,10320
442992,0.5,,,1,10342
442995,0.5,,,1,10342
442997,0.1,,,1,10342
442999,0.1,,,1,10342
443065,0.6,,,1,10320
443066,1.5,,,1,10320
443067,1.5,,0,2,10353
443092,0.3,,0,2,10353
443094,0.1,,,1,16
443119,0.05,,,1,10342
443122,0.02,,,1,10342
443124,0.1,,,1,10342
443126,0.02,,,1,10342
443138,3,,,1,10328
443145,5,,,1,10320
443184,1.5,,,1,10353
443189,0.2,,,1,10328
443249,1,,,1,16
443264,2.5,,,1,16
443419,0.1,,,1,10353
443542,0.3,,,1,10320
443578,0.2,,,1,10320
443580,0.5,,,1,10320
443581,0.8,,,1,10320
443590,0.2,,0,2,10320
443594,4,,,1,10320
443595,1,,,1,10320
443636,3,,,1,10320
443642,0.2,,,1,10320
443875,0.1,,,1,10353
443885,0.5,,0.182,3,10353
443906,0.3,,,1,10353
443915,1.7,,0,2,10353
443918,1,,,1,10353
443923,0.3,,,1,10353
443924,4.5,,,1,10353
443933,1,,0.471,4,10353
443934,3,,,1,10353
444029,1,,,1,10353
444099,0.3,,,1,10320
444108,0.5,,,1,10320
444119,0.2,,,1,10320
444122,0.2,,,1,10320
444151,0.5,,,1,10320
444155,0.1,,,1,10320
444159,2,,,1,10320
444165,0.5,,,1,10320
444174,0.4,,,1,10320
444183,0.4,,,1,10320
444188,0.2,,,1,10320
444189,0.1,,,1,10320
444203,0.2,,,1,10320
444204,0.1,,,1,10320
444212,0.4,,,1,10320
444213,0.3,,,1,10320
444214,0.4,,,1,10320
444224,1.7,,,1,10320
444227,0.1,,,1,10320
444230,0.45,,,1,10320
444239,0.05,,,1,10320
444242,1,,,1,10320
444246,0.5,,,1,10320
444247,0.85,,,1,10320
444248,0.4,,0,2,10320
444250,0.7,,,1,10320
444251,0.05,,,1,10320
444252,1,,,1,10320
444253,0.4,,,1,10320
444257,1,,,1,10320
444258,0.1,,,1,10320
444260,0.2,,,1,10320
444266,0.21,,,1,10320
444267,0.2,,,1,10320
444268,1.5,,,1,10320
444269,1,,,1,10320
444271,0.2,,,1,10320
444273,0.2,,,1,10320
444274,0.15,,,1,10320
444275,0.7,,,1,10320
444277,8,,,1,10320
444281,3,,,1,10320
444285,0.25,,,1,10320
444286,0.3,,,1,10320
444288,0.3,,,1,10320
444290,0.2,,,1,10320
444291,0.1,,,1,10320
444297,0.1,,,1,10320
444299,0.7,,,1,10320
444302,0.5,,0,2,10320
444304,10,,,1,10320
444305,1,,,1,10320
444307,0.1,,,1,10320
444310,0.25,,,1,10320
444330,2.5,,,1,10320
444337,1.5,,,1,10320
444352,0.15,,,1,10320
444363,0.1,,,1,10320
444468,1.5,,,1,10320
444469,1.5,,,1,10320
444504,1.5,,,1,10320
444505,0.1,,,1,10320
444507,0.2,,,1,10320
444508,1,,,1,10320
444512,1.5,,,1,10320
444514,0.4,,,1,10320
444515,0.6,,,1,10320
444520,0.06,,,1,10320
444521,0.23,,,1,10320
444522,0.2,,,1,10320
444524,2,,,1,10320
444525,0.06,,,1,10320
444526,5,,,1,10320
444527,0.1,,,1,10320
444531,0.2,,,1,10320
444532,0.3,,,1,10320
444534,0.4,,,1,10320
444537,0.5,,,1,10320
444539,0.075,,,1,10320
444544,1,,,1,10320
444545,1,,,1,10320
444546,0.1,,,1,10320
444547,0.075,,,1,10320
444548,0.1,,,1,10320
444549,0.5,,,1,10320
444550,0.5,,,1,10320
444552,2,,,1,10320
444553,1.5,,,1,10320
444554,3,,,1,10320
444559,0.2,,,1,10320
444563,0.1,,,1,10320
444567,0.1,,,1,10320
444573,0.1,,,1,10320
444574,0.1,,,1,10320
444580,3,,,1,10320
444584,0.1,,,1,10320
444587,0.3,,,1,10320
444605,0.5,,,1,10320
444610,1,,,1,10320
444611,0.5,,,1,10320
444612,0.07,,,1,10320
444613,0.2,,,1,10320
444616,0.13,,,1,10320
444624,1.5,,,1,10320
444627,0.8,,,1,10320
444628,0.6,,,1,10320
444629,0.3,,,1,10320
444632,0.7,,,1,10320
444633,1,,,1,10320
444634,0.2,,,1,10320
444635,1.5,,,1,10320
444636,1.5,,,1,10320
444640,1,,,1,10320
445209,7,,,1,10353
445236,0.5,,,1,10320
445353,0.1,,,1,10353
445354,0.2,,,1,10353
445360,1,,,1,10353
445361,0.5,,,1,10353
445362,0.3,,,1,10353
445364,0.2,,,1,10353
445367,2,,,1,10353
445386,0.2,,,1,10353
445394,0.5,,,1,10353
445442,1.5,,,1,10353
445444,0.3,,,1,10353
445446,4.5,,0,2,10353
445447,2.4,,,1,10353
445448,0.25,,,1,10353
445451,0.4,,,1,10353
445458,0.3,,,1,10353
445460,3,,,1,10353
445468,0.2,,,1,10353
445980,2.5,,,1,10353
445999,0.5,,,1,10353
446001,0.5,,,1,10353
446196,0.07,,,1,10320
446197,0.3,,,1,10320
446200,1,,,1,10320
446204,0.3,,,1,10320
446212,0.2,,,1,10320
446214,0.4,,0.202,4,10320
446215,0.5,,,1,10320
446216,0.4,,,1,10320
446217,0.14,,0,3,10320
446219,0.5,,,1,10320
446228,5,,,1,10353
446234,0.3,,,1,10353
446237,3.8,,,1,10353
446240,0.3,,,1,10353
446463,0.2,,,1,263
446545,0.5,,,1,10353
446926,0.05,,,1,10320
446991,0.1,,,1,10320
448145,0.03,,,1,10353
448157,0.2,,,1,10353
448171,2.6,,,1,10353
448173,11,,,1,10353
448174,0.05,,,1,10353
448186,0.1,,,1,10353
448189,0.1,,,1,10353
448192,2.2,,0.55,2,10353
448205,0.08,,,1,10353
448211,8,,,1,10353
448212,4,,,1,10353
449698,0.9,,,1,10353
449703,5,,,1,10353
449741,0.1,,,1,10353
449760,1,,,1,10353
449812,8,,,1,10353
449817,5,,,1,10353
449829,1.8,,,1,10353
449830,8,,,1,10353
449851,2,,,1,10353
449860,3,,,1,10353
449866,7,,,1,10353
449867,4,,,1,10353
449869,0.4,,,1,10353
449886,0.2,,,1,10353
449889,2,,,1,10353
449900,4,,,1,10353
449901,7,,,1,10353
449903,2.5,,,1,10353
449907,4,,,1,10353
449917,10,,,1,10353
449922,1.8,,0.23,2,10353
449924,3,,,1,10353
449931,0.5,,,1,10353
449936,1.4,,,1,10353
449944,1,,,1,10353
449946,2,,,1,10353
449950,4,,,1,10353
449952,2.5,,,1,10353
449953,4,,,1,10353
449955,3.5,,,1,10353
449958,4,,,1,10353
449962,3,,,1,10353
449963,4,,,1,10353
449971,5,,,1,10353
450013,3.5,,0.268,6,10353
450014,2.5,,,1,10353
450049,2.5,,,1,10353
450060,0.4,,,1,10353
450110,2,,,1,10353
450132,3,,,1,10353
450139,2,,,1,10353
450143,2.5,,,1,10353
450146,1,,,1,10353
450148,1.5,,,1,10353
450171,1.5,,,1,10353
450185,1,,,1,10353
450187,6,,,1,10353
450201,2.5,,,1,10353
450225,2,,,1,10353
450234,2,,,1,10353
450238,2.5,,,1,10353
450242,1,,,1,10353
450367,0.6,,0,2,10320
450828,0.5,,,1,10353
450854,0.4,,,1,10353
451335,4,,,1,10353
451337,5,,,1,10353
451338,2.2,,,1,10353
451339,15,,,1,10353
451340,5,,,1,10353
451341,12,,,1,10353
451342,2,,0,2,10353
451345,4,,0.083,2,10353
451351,0.5,,,1,10353
451354,1.8,,,1,10353
451355,7,,,1,10353
451356,3.2,,,1,10353
451359,0.1,,,1,10353
451360,0.2,,,1,10353
451361,0.1,,,1,10353
451364,0.3,,,1,10353
451365,0.4,,,1,10353
451366,0.5,,,1,10353
451367,0.25,,,1,10353
451368,0.3,,,1,10353
451372,1,,,1,10353
451374,1.4,,0.399,2,10353
451376,1.2,,,1,10353
451386,3,,,1,10353
451391,2.5,,,1,10353
451392,0.5,,,1,10353
451396,1.5,,,1,10353
451399,2,,,1,10353
451402,1.5,,,1,10353
451404,13,,,1,10353
451407,0.8,,,1,10353
451408,2.5,,,1,10353
451409,1,,,1,10353
451416,0.6,,,1,10353
451417,0.1,,,1,10353
451419,0.2,,,1,10353
451420,0.8,,,1,10353
451421,0.4,,,1,10353
451422,0.5,,,1,10353
451423,0.6,,,1,10353
451431,2,,0.386,2,10353
451436,4,,,1,10353
451440,0.5,,,1,10353
451442,0.6,,0.871,3,10353
451444,0.1,,0.184,2,10353
451447,0.05,,,1,10353
451451,8,,,1,10353
451452,10,,,1,10353
451454,7,,,1,10353
451456,6.5,,,1,10353
451457,1,,,1,10353
451458,7,,,1,10353
451459,3,,,1,10353
451462,0.4,,,1,10353
451463,1,,,1,10353
451464,3,,,1,10353
451469,0.8,,,1,10353
451470,0.7,,,1,10353
451477,2,,,1,10353
451481,2.5,,,1,10353
451482,0.5,,,1,10353
451491,1.5,,,1,10353
451494,2,,,1,10353
451498,0.8,,,1,10353
451502,0.2,,,1,10353
451503,0.3,,,1,10353
451504,8,,,1,10353
451506,1,,0,2,10353
451509,4,,,1,10353
451511,1.5,,,1,10353
451512,10,,,1,10353
451513,9,,,1,10353
451514,2,,0.386,2,10353
451515,1,,,1,10353
451519,6,,,1,10353
451520,1.5,,,1,10353
451521,5,,,1,10353
451524,0.15,,,1,10353
451526,0.3,,,1,10353
451529,2,,,1,10353
451530,3,,,1,10353
451531,5,,,1,10353
451540,2.5,,,1,10353
451541,5.5,,,1,10353
451546,1,,,1,10353
451551,0.2,,,1,10353
451553,0.6,,,1,10353
451558,5,,,1,10353
451570,4,,,1,10353
451575,1.8,,,1,10353
451576,5.8,,,1,10353
451577,1.7,,,1,10353
451579,0.2,,,1,10353
451585,0.15,,,1,10353
451589,4,,,1,10353
451594,0.5,,,1,10353
451598,0.15,,,1,10353
451599,3.5,,,1,10353
451608,1,,,1,10353
451614,0.1,,,1,10353
451625,1.3,,,1,10353
451632,2,,,1,10353
451634,0.3,,,1,10353
451682,0.05,,,1,10320
451693,7,,,1,10353
451696,3,,,1,10353
451720,4,,,1,10353
451747,2,,0,2,10353
451759,6.5,,0,2,10353
451788,2,,0,2,10353
451893,0.1,,,1,10320
451911,0.8,,,1,10320
451912,0.2,,,1,10320
451914,0.8,,,1,10320
451916,0.6,,,1,10320
451966,2.5,,,1,10353
451967,1.5,,,1,10353
452035,0.7,,,1,10353
452046,6,,,1,10353
452106,5,,,1,10353
452139,2.5,,,1,10353
452141,0.3,,0.089,4,10320
452142,0.05,,,1,10320
452240,0.2,,,1,10353
452245,0.6,,,1,10353
452347,2,,0,3,10353
452352,1,,,1,10353
452355,2,,,1,10353
452552,0.6,,,1,10353
452553,0.4,,,1,10320
452559,3,,,1,10353
452597,0.2,,0,2,10320
452603,0.2,,,1,10353
452639,3.5,,,1,10353
452677,2,,,1,10353
452697,0.4,,,1,10320
452698,1.5,,,1,10320
452700,0.05,,,1,10320
452730,0.3,,,1,10353
452775,3,,,1,10353
452776,3,,,1,10353
452777,2,,,1,10353
452778,2.5,,,1,10353
452785,1.5,,,1,10353
452790,2,,,1,10353
452797,2,,,1,10353
452799,0.03,,,1,10320
452814,4,,,1,10353
452852,6,,,1,10353
452874,1.5,,,1,10353
453441,1.5,,,1,10353
453852,0.35,,,1,10320
454002,0.7,,0.372,2,10353
454362,2.5,,,1,10353
454842,1.5,,,1,10353
455019,3,,,1,10353
455280,4.5,,,1,10320
455482,5,,,1,10353
455516,8,,,1,10353
455761,0.2,,,1,10353
455776,1.5,,,1,10353
455777,4,,,1,10353
455787,3.5,,,1,10353
455788,3,,,1,10353
456865,3,,,1,10353
456866,0.8,,,1,10353
456977,0.1,,,1,10353
457332,1,,,1,10353
457367,0.2,,,1,10320
457602,0.3,,,1,10320
457793,0.15,,,1,10320
457883,0.7,,,1,10353
458166,2.8,,,1,10353
458207,8,,,1,10353
458229,1,,,1,10353
458230,0.4,,,1,10353
458231,1.5,,,1,10353
458273,1.5,,,1,10353
458302,3.5,,,1,10353
458420,0.5,,0.471,2,10353
458441,3.5,,,1,10353
458443,1,,,1,10353
458445,0.4,,,1,10353
458446,2,,,1,10353
458449,4,,,1,10353
458465,0.03,,,1,10353
458469,0.5,,,1,10353
458482,1,,,1,10353
458483,1.6,,,1,10353
458485,0.4,,,1,10353
458515,0.1,,,1,10353
458526,1,,,1,10353
458528,0.25,,,1,10353
458534,1,,,1,10353
458536,4,,,1,10353
458537,0.3,,,1,10353
458543,0.8,,,1,10353
458544,0.1,,,1,10353
458545,0.2,,,1,10353
458546,2,,,1,10353
458548,0.5,,,1,10353
458560,0.3,,,1,10353
458564,9,,,1,10353
458575,0.05,,,1,10353
458576,2,,,1,10353
458652,5,,,1,10353
459831,1,,,1,10353
459908,0.6,,,1,10320
459923,1.6,,,1,10353
459939,0.5,,,1,10320
459943,2,,,1,10353
459948,0.6,,,1,10320
459949,1,,,1,10353
459976,1,,,1,10353
460047,0.25,,,1,10320
460212,2,,,1,10353
460218,2,,,1,10320
460263,2,,,1,10353
460272,0.5,,,1,10320
460285,2,,,1,10353
460286,0.2,,,1,10353
460287,0.15,,,1,10353
460349,0.35,,,1,10353
460376,1.2,,,1,10320
460384,0.1,,,1,10320
460408,0.1,,,1,10320
460414,0.05,,,1,10320
460421,0.1,,,1,10320
460442,9,,,1,10353
460494,3,,,1,10353
460496,3,,,1,10353
460516,0.3,,,1,10320
460520,0.4,,,1,10320
460521,0.1,,0.247,3,10320
460523,1.4,,,1,10320
460540,0.1,,,1,10353
460542,0.1,,,1,10353
460559,35,,,1,10353
460563,0.05,,,1,10353
460570,3,,,1,10353
460573,0.3,,,1,10353
460582,1.3,,,1,10353
460606,0.15,,,1,10353
460610,0.15,,,1,10353
460631,0.2,,,1,10353
460638,0.3,,,1,10353
460643,0.1,,,1,10353
460644,0.15,,,1,10353
460649,1.5,,,1,10353
460650,0.05,,,1,10353
460651,8,,,1,10353
460653,0.1,,,1,10353
460657,0.5,,,1,10353
460658,0.5,,,1,10353
460660,0.7,,,1,10353
460663,3,,,1,10353
460664,1.5,,,1,10353
460668,1.2,,,1,10353
460675,2,,,1,10353
460677,4,,0,3,10353
460678,1.7,,,1,10353
460680,7,,,1,10353
460683,2,,,1,10353
460688,2.5,,,1,10353
460690,2,,,1,10353
460691,2.5,,,1,10353
460692,2,,,1,10353
460693,0.25,,,1,10353
460694,0.3,,0,2,10353
460704,3,,,1,10353
460706,3.5,,,1,10353
460707,0.8,,,1,10353
460710,1,,,1,10353
460711,0.5,,,1,10353
460712,0.7,,,1,10353
460716,0.5,,,1,10353
460717,0.5,,,1,10353
460724,2,,,1,10353
460728,8,,,1,10353
460732,11,,,1,10353
460733,1,,,1,10353
460735,0.4,,,1,10353
460737,0.3,,,1,10353
460738,2,,,1,10353
460739,1,,,1,10353
460740,4,,,1,10353
460743,1.5,,,1,10353
460745,7,,,1,10353
460747,8,,,1,10353
460749,0.8,,,1,10353
460750,1,,,1,10353
460753,1.2,,,1,10353
460757,1,,,1,10353
460758,1.5,,,1,10353
460759,2,,,1,10353
460771,4,,,1,10353
460774,1.5,,,1,10353
460776,10,,,1,10353
460777,8,,,1,10353
460778,4,,,1,10353
460779,0.5,,,1,10353
460784,2.5,,,1,10353
460785,18,,,1,10353
460786,2,,,1,10353
460788,3,,,1,10353
460792,0.8,,,1,10353
460793,6,,,1,10353
460796,1.5,,,1,10353
460798,3,,,1,10353
460799,2,,,1,10353
460804,6,,,1,10353
460813,8,,,1,10353
460814,1,,,1,10353
460817,4,,0,2,10353
460823,0.8,,,1,10353
460824,3,,,1,10353
460826,1.5,,,1,10353
460829,0.8,,,1,10353
460830,10,,,1,10353
460833,0.2,,,1,10353
460834,0.1,,,1,10353
460838,5,,,1,10353
460842,2.5,,,1,10353
460843,2,,,1,10353
460845,7,,,1,10353
460846,1.5,,0.543,3,10353
460847,7,,0,2,10353
460850,1,,,1,10353
460851,0.7,,,1,10353
460852,0.3,,,1,10353
460853,2,,,1,10353
460855,3,,,1,10353
460857,3.5,,,1,10353
460858,5,,,1,10353
460859,2,,,1,10353
460860,2,,,1,10353
460866,20,,,1,10353
460871,0.3,,,1,10353
460872,1.5,,,1,10353
460874,1.5,,,1,10353
460875,5,,,1,10353
460876,12,,,1,10353
460880,2.5,,,1,10353
460881,0.5,,,1,10353
460882,0.7,,,1,10353
460887,0.8,,,1,10353
460890,7,,,1,10353
460894,0.2,,,1,10353
460896,0.8,,,1,10353
460897,7,,,1,10353
460898,3,,,1,10353
460899,6,,,1,10353
460900,3,,,1,10353
460903,0.5,,,1,10353
460906,1.5,,,1,10353
460907,2.2,,,1,10353
460908,3,,,1,10353
460910,2,,,1,10353
460911,2,,,1,10353
460913,5,,,1,10353
460914,1.8,,,1,10353
460915,1.5,,,1,10353
460916,2,,,1,10353
460918,5,,,1,10353
460926,2,,,1,10353
460928,2.8,,,1,10353
460930,3.5,,,1,10353
460931,1,,,1,10353
460944,3,,,1,10353
460946,2,,,1,10353
460949,2.5,,,1,10353
460950,3,,,1,10353
460958,1.7,,,1,10353
460959,1.5,,,1,10353
460965,10,,,1,10353
460966,2.5,,,1,10353
460967,2,,,1,10353
460968,4,,,1,10353
460969,0.5,,0.799,2,10353
460970,0.6,,,1,10353
460971,1.2,,,1,10353
460974,1.6,,,1,10353
460975,2,,,1,10353
460978,4,,,1,10353
460983,3,,,1,10353
460985,2.5,,,1,10353
460988,1,,,1,10353
460994,1.2,,,1,10353
460998,1.6,,,1,10353
461008,1.5,,,1,10353
461015,1.2,,,1,10353
461019,0.5,,,1,10353
461021,10,,,1,10353
461022,4.5,,,1,10353
461023,9,,,1,10353
461024,3,,,1,10353
461025,3,,,1,10353
461027,3.5,,,1,10353
461035,0.8,,,1,10353
461036,1.5,,,1,10353
461039,2,,,1,10353
461041,2,,,1,10353
461044,3,,,1,10353
461045,2,,,1,10353
461048,5,,,1,10353
461050,1,,,1,10353
461051,0.8,,,1,10353
461052,1.5,,0,3,10353
461053,0.1,,,1,10353
461054,0.3,,,1,10353
461055,3,,,1,10353
461056,0.3,,,1,10353
461057,0.3,,,1,10353
461060,1.1,,,1,10353
461061,2,,0,2,10353
461063,1,,,1,10353
461068,3,,,1,10353
461069,1.7,,,1,10353
461071,5,,,1,10353
461074,5,,,1,10353
461081,3.5,,,1,10353
461082,0.5,,,1,10353
461083,0.3,,,1,10353
461084,1.5,,,1,10353
461085,2,,,1,10353
461096,6.8,,,1,10353
461098,1.1,,,1,10353
461100,4.8,,,1,10353
461101,1,,,1,10353
461102,1.4,,,1,10353
461103,0.5,,,1,10353
461105,8,,,1,10353
461106,0.3,,,1,10353
461107,0.3,,,1,10353
461110,0.5,,,1,10353
461113,0.15,,,1,10353
461114,0.3,,,1,10353
461115,0.1,,,1,10353
461116,0.1,,,1,10353
461119,0.2,,,1,10353
461120,0.2,,,1,10353
461121,0.5,,,1,10353
461122,0.1,,,1,10353
461125,0.6,,,1,10353
461126,0.15,,,1,10353
461127,0.4,,,1,10353
461131,0.2,,,1,10353
461133,0.2,,,1,10353
461134,0.3,,,1,10353
461135,0.5,,,1,10353
461137,0.5,,,1,10353
461138,1,,,1,10353
461139,0.5,,,1,10353
461140,0.2,,,1,10353
461141,0.5,,,1,10353
461154,0.7,,,1,10353
461155,4,,,1,10353
461158,0.3,,,1,10353
461160,3,,,1,10353
461166,0.5,,,1,10353
461168,0.3,,,1,10353
461172,1,,,1,10353
461176,1.5,,,1,10353
461178,1.5,,,1,10353
461180,0.5,,,1,10353
461181,0.6,,,1,10353
461184,3,,,1,10353
461186,0.2,,,1,10353
461189,8,,,1,10353
461193,6,,,1,10353
461194,0.2,,,1,10353
461195,3.5,,,1,10353
461197,0.6,,,1,10353
461198,0.2,,,1,10353
461199,0.6,,,1,10353
461200,0.8,,,1,10353
461201,0.5,,,1,10353
461202,0.3,,,1,10353
461205,1.1,,,1,10353
461209,0.5,,,1,10353
461212,0.7,,,1,10353
461215,4,,,1,10353
461223,1,,,1,10353
461232,4,,,1,10353
461233,0.5,,,1,10353
461234,2.5,,,1,10353
461235,0.5,,,1,10353
461236,0.6,,,1,10353
461237,1,,,1,10353
461238,0.2,,,1,10353
461239,0.5,,,1,10353
461241,2.5,,,1,10353
461244,4,,,1,10353
461247,1.5,,,1,10353
461248,0.35,,,1,10353
461258,1,,,1,10353
461262,0.05,,,1,10353
461264,0.05,,,1,10353
461273,2,,,1,10353
461274,0.2,,,1,10353
461275,1.5,,,1,10353
461276,2,,,1,10353
461279,0.8,,,1,10353
461281,0.5,,,1,10353
461283,0.5,,,1,10353
461285,2.5,,,1,10353
461288,1.5,,,1,10353
461290,2.5,,,1,10353
461291,1,,,1,10353
461292,0.9,,,1,10353
461293,2,,,1,10353
461294,1.8,,,1,10353
461310,0.2,,,1,10353
461311,0.25,,,1,10353
461317,2,,,1,10353
461322,0.5,,,1,10353
461325,1.5,,,1,10353
461326,0.2,,,1,10353
461330,0.15,,,1,10353
461332,0.5,,,1,10353
461341,1.5,,,1,10353
461343,2.5,,,1,10353
461344,1.2,,,1,10353
461350,1,,,1,10353
461353,11,,,1,10353
461359,1,,,1,10353
461374,0.4,,,1,10353
461375,0.3,,,1,10353
461377,0.8,,,1,10353
461379,0.1,,,1,10353
461382,0.2,,,1,10353
461383,0.7,,,1,10353
461387,5,,,1,10353
461393,0.2,,,1,10353
461396,5.5,,0,2,10353
461398,3,,,1,10353
461403,1.5,,,1,10353
461418,1.3,,,1,10353
461423,2,,,1,10353
461426,2.5,,,1,10353
461428,0.5,,,1,10353
461429,0.3,,,1,10353
461431,7,,,1,10353
461432,6,,,1,10353
461440,10,,,1,10353
461442,0.8,,,1,10353
461447,0.2,,,1,10353
461448,0.35,,,1,10353
461449,0.3,,,1,10353
461462,2.3,,,1,10353
461463,2.5,,,1,10353
461466,10,,,1,10353
461470,3.5,,,1,10353
461472,1,,,1,10353
461487,2,,,1,10353
461491,5.5,,,1,10353
461492,3.5,,,1,10353
461493,2,,,1,10353
461498,0.8,,,1,10353
461501,0.1,,,1,10353
461502,0.2,,,1,10353
461503,0.1,,,1,10353
461505,0.2,,,1,10353
461506,0.8,,,1,10353
461510,0.2,,,1,10353
461511,1,,,1,10353
461518,1,,,1,10353
461523,4,,,1,10353
461528,0.3,,,1,10353
461532,0.1,,,1,10353
461536,1,,,1,10353
461537,2,,,1,10353
461538,0.3,,,1,10353
461540,3,,,1,10353
461541,0.2,,,1,10353
461542,1,,,1,10353
461544,0.2,,,1,10353
461555,0.1,,,1,10353
461559,0.2,,,1,10353
461561,3,,,1,10353
461569,0.4,,,1,10353
461581,4,,,1,10353
461588,6,,,1,10353
461589,1.3,,,1,10353
461590,0.5,,,1,10353
461591,0.2,,,1,10353
461592,0.5,,,1,10353
461594,0.1,,,1,10353
461596,0.2,,,1,10353
461598,0.05,,,1,10353
461600,3,,,1,10353
461601,0.3,,,1,10353
461602,6,,,1,10353
461603,1.5,,,1,10353
461604,1.5,,,1,10353
461608,0.2,,,1,10353
461610,0.3,,,1,10353
461613,0.5,,,1,10353
462128,1.5,,,1,16
462179,0.6,,,1,10320
463037,4,,,1,10342
463822,2,,,1,10353
464107,1,,,1,10320
465010,0.7,,,1,10320
465020,0.4,,,1,10320
465021,0.4,,,1,10320
465840,0.2,,,1,10353
465841,0.1,,,1,10353
465845,1,,,1,10353
465848,1,,,1,10353
465849,4,,,1,10353
465850,1.5,,,1,10353
465851,5,,,1,10353
465852,1.5,,,1,10353
465854,2.5,,,1,10353
465855,4.5,,,1,10353
465856,2,,,1,10353
465857,0.7,,,1,10353
465863,1,,,1,10353
465864,0.5,,,1,10353
465865,1.5,,,1,10353
466666,0.3,,,1,10320
466667,0.3,,,1,10320
466668,0.1,,,1,10320
466673,0.4,,,1,10320
466674,0.1,,,1,10320
466675,4,,,1,10320
466676,0.05,,,1,10320
466680,0.8,,,1,10320
466681,1.5,,,1,10320
466684,0.07,,,1,10320
466686,0.07,,0.217,3,10320
466687,0.3,,,1,10320
466689,0.13,,,1,10320
466882,0.8,,,1,10320
466883,0.2,,,1,10320
467158,0.8,,,1,10353
467187,0.4,,,1,10353
469538,1.6,,,1,10342
469683,1.5,,,1,10353
469691,0.8,,,1,10353
469692,0.3,,,1,10353
469695,9,,,1,10353
469696,4,,,1,10353
471358,4,,,1,10328
471360,1.5,,,1,10320
471362,3,,,1,10320
471363,3.3,,,1,10320
471364,3,,,1,10320
471366,2.5,,,1,10320
