work_ID,trait_value,agreement,coeff_var,n,references
1,Jan,1,,1,10342
14,Jul,1,,1,10651
18,May,1,,2,"10302,10315"
21,May,1,,1,10315
25,May,1,,1,10315
69,Jan,1,,1,10093
72,Mar,1,,1,263
88,Apr,1,,1,10093
97,Jul,1,,3,"10302,10315,10651"
103,Mar,1,,1,10320
105,Jan,1,,1,10320
108,Jun,1,,1,10320
113,Jul,1,,1,10320
116,Oct,1,,1,10320
122,Jul,1,,1,10320
130,Jan,1,,1,10342
132,Apr,0.333,,3,10342
133,Jul,1,,1,10320
138,Dec,1,,1,10320
142,Jun,1,,1,10320
151,Dec,1,,1,10320
162,Aug,1,,1,10320
169,Jan,1,,1,10320
172,Apr,0.5,,2,10097
174,Jul,0.5,,2,10320
175,Aug,1,,1,10320
180,Oct,1,,1,10320
183,Jul,1,,1,10320
184,Nov,1,,1,10320
195,Sep,1,,1,10320
196,Jul,1,,1,10320
197,Jan,1,,1,10651
204,Feb,0.5,,2,10320
205,Jan,0.5,,2,10342
208,Aug,1,,1,10320
218,Apr,1,,1,10320
221,Feb,0.5,,2,10320
227,Aug,1,,1,10320
271,Jul,1,,1,10651
298,Jul,1,,1,10651
367,Apr,0.5,,2,10342
368,Jan,1,,1,10053
374,Apr,0.667,,3,"10342,10651"
376,May,1,,1,10651
387,Apr,0.5,,2,10302
388,Mar,0.667,,3,"10302,10315"
392,Dec,1,,1,10302
393,May,1,,1,10651
394,Apr,0.667,,3,"10302,10315"
395,Apr,0.5,,4,"10315,10342"
396,Apr,1,,1,10651
398,Mar,0.5,,2,10302
409,Jul,1,,1,10651
410,Jul,1,,1,10302
412,Jul,1,,2,"10302,10651"
413,Jun,1,,2,"10302,10651"
414,Jul,1,,1,10651
417,Jul,0.5,,2,10651
418,Jul,0.333,,9,"10042,10302,10651"
419,Jun,1,,2,"10302,10651"
420,Jul,1,,3,"10302,10315,10651"
421,Jun,1,,1,10651
422,May,1,,1,10302
430,Feb,0.5,,4,"263,10342"
431,May,1,,1,10097
453,Apr,1,,1,10320
456,Jul,1,,1,10320
461,Mar,1,,1,10320
462,Feb,0.333,,3,10320
573,Aug,1,,1,10651
574,Jun,1,,1,10302
576,Jul,1,,1,10651
577,Jun,1,,1,10315
579,Jun,0.667,,3,"10302,10315"
643,Oct,1,,1,10320
644,Jan,1,,1,10320
651,Aug,1,,1,10320
661,Jul,1,,1,10651
662,May,1,,3,"10302,10315,10651"
666,Jun,1,,1,10651
670,Jun,1,,1,10651
673,Jun,1,,1,10651
707,Sep,1,,1,10320
735,Jan,1,,2,"263,10342"
736,May,1,,1,10342
737,Apr,1,,2,"263,10342"
738,Jul,1,,1,10651
749,Jul,1,,1,10651
750,Jul,1,,1,10651
777,Jul,1,,2,"10302,10651"
778,Jul,1,,1,10302
791,Jun,0.667,,3,"10315,10651"
809,Mar,1,,1,10342
811,Mar,1,,1,10042
828,Jul,1,,1,10651
837,Feb,1,,1,263
866,Apr,0.333,,3,10651
867,Mar,1,,1,10651
868,Jun,0.5,,4,"10315,10651"
869,Feb,1,,1,10342
870,Apr,0.333,,3,10315
891,Dec,0.5,,2,10302
892,Apr,1,,1,10342
894,May,1,,1,10651
897,May,1,,1,10651
914,Jun,1,,1,10651
915,Jun,0.667,,3,"10302,10315"
917,Mar,0.5,,2,10093
918,Apr,1,,1,10651
920,Feb,1,,1,10342
921,May,1,,1,10342
922,Nov,0.5,,4,"263,10342"
923,Mar,1,,2,"263,10342"
924,Apr,1,,1,10342
925,Apr,0.667,,3,"263,10342"
926,Mar,1,,1,10342
927,Mar,1,,1,10342
928,Apr,1,,2,"263,10342"
929,Mar,1,,2,"263,10342"
930,Apr,1,,2,"263,10342"
931,Mar,1,,2,"263,10342"
932,Apr,1,,1,10342
935,Apr,1,,1,10342
936,Feb,0.5,,2,263
938,Apr,1,,1,10342
939,Apr,1,,1,10342
940,Mar,1,,1,10342
941,Jun,0.667,,3,"263,10342"
942,Jun,1,,1,10342
943,Apr,1,,2,"263,10342"
944,Apr,1,,1,10342
945,Mar,1,,2,"263,10342"
946,Mar,1,,2,"263,10342"
947,Apr,1,,1,10342
948,Mar,1,,2,"263,10342"
951,Apr,1,,2,"263,10342"
952,Mar,0.667,,3,"263,10342"
953,Apr,1,,1,10342
954,Apr,1,,1,10342
965,Feb,1,,1,10093
996,variable,1,,1,10053
1002,May,1,,2,"10302,10315"
1003,Jun,0.5,,2,10042
1004,May,1,,1,10315
1007,Jun,1,,2,"10315,10651"
1010,Feb,0.5,,2,10053
1028,May,1,,1,10342
1033,Dec,1,,1,10302
1034,Jul,1,,1,10651
1056,Jul,0.5,,2,10302
1061,Dec,1,,1,10342
1077,Jun,1,,1,10342
1094,Jun,1,,1,10342
1096,Jun,1,,1,10342
1104,Jul,1,,1,10097
1111,variable,1,,1,10053
1116,Feb,1,,2,"263,10342"
1127,Feb,0.5,,2,10342
1131,Jan,0.333,,3,10342
1185,Jun,0.75,,4,"10302,10315,10651"
1187,Aug,1,,1,10292
1188,Jun,0.5,,2,10651
1189,Jun,0.667,,3,"10302,10315"
1190,Jul,1,,1,10651
1193,May,0.667,,3,"10302,10651"
1197,Jun,0.6,,5,"10302,10315,10651"
1209,Jun,0.667,,3,"10302,10651"
1210,Jun,0.75,,4,"10302,10315,10651"
1212,Jul,0.333,,3,10315
1213,Jul,0.5,,2,10651
1219,Jun,1,,1,10651
1221,Jun,1,,2,"10302,10315"
1225,Jun,1,,1,10651
1237,Jun,1,,1,10651
1255,Jul,1,,1,10302
1258,Sep,1,,1,10302
1260,Jun,0.5,,6,"10302,10315,10651"
1268,Jun,1,,3,"10302,10315,10651"
1282,May,1,,1,10342
1283,Apr,1,,1,10342
1284,Feb,1,,1,10342
1287,Mar,1,,2,"263,10342"
1288,May,0.5,,2,10342
1289,Mar,1,,1,10342
1290,Feb,1,,2,"263,10342"
1291,Mar,1,,1,10342
1292,Apr,1,,1,10342
1293,Jul,0.5,,2,10342
1307,Apr,0.333,,6,"10097,10342"
1323,May,0.5,,4,"10315,10651"
1324,Mar,1,,1,10342
1325,Apr,0.5,,2,10342
1327,Apr,0.667,,3,"10315,10651"
1335,Jan,0.667,,3,"263,10342"
1338,May,0.75,,4,"10302,10315,10651"
1341,Jan,0.5,,2,10042
1342,Apr,1,,1,10342
1344,Apr,1,,1,10651
1346,May,1,,3,"10302,10315,10651"
1347,Apr,0.5,,2,10315
1365,Oct,1,,1,10320
1374,May,1,,1,10097
1379,Jun,0.667,,3,"10302,10651"
1395,Jul,0.5,,4,"10315,10651"
1397,Jun,1,,1,10302
1398,Jul,0.5,,2,10302
1402,Jun,0.667,,3,"10302,10651"
1403,Jun,0.667,,3,"10302,10651"
1404,Jun,0.5,,2,10651
1405,Jul,1,,2,"10302,10651"
1406,Jun,1,,1,10302
1408,Jun,1,,1,10302
1409,May,0.667,,3,"10315,10651"
1410,Jun,0.5,,2,10302
1411,May,0.75,,4,"10302,10315,10651"
1412,Jul,1,,1,10302
1413,May,0.667,,3,"10315,10651"
1415,Jun,1,,1,10651
1417,Jun,0.667,,3,"10302,10651"
1419,Apr,1,,1,10053
1449,Jul,0.667,,3,"10315,10651"
1450,Jun,0.75,,4,"10302,10315,10651"
1452,Jun,1,,4,"10292,10302,10315,10651"
1454,May,1,,1,10651
1457,Mar,1,,2,"263,10342"
1458,Mar,1,,1,10342
1500,Apr,1,,3,"10302,10315,10651"
1502,Sep,1,,1,10320
1507,Jun,0.75,,4,"10302,10315,10651"
1513,May,1,,1,10292
1514,Jul,0.667,,3,"10315,10651"
1516,Jul,0.333,,3,10315
1528,Jun,1,,1,10302
1529,Jul,0.5,,2,10302
1533,Jun,1,,1,10651
1542,Apr,0.5,,2,10651
1543,Jun,1,,1,10651
1545,Jul,1,,1,10651
1546,Feb,0.5,,2,10342
1548,Mar,0.5,,2,10342
1551,Jun,0.667,,3,"10315,10651"
1553,Apr,0.5,,2,10342
1554,Apr,0.667,,3,"10302,10315"
1561,Mar,1,,1,263
1562,Jun,0.667,,3,"10302,10651"
1564,Jul,0.667,,3,"10302,10651"
1566,May,0.667,,3,"10315,10651"
1567,Jun,1,,3,"10302,10315,10651"
1568,May,1,,1,10651
1570,Apr,0.5,,2,10342
1573,Jun,1,,2,"10302,10651"
1578,Jul,1,,1,10651
1580,Apr,0.5,,2,10315
1583,May,0.667,,3,"10302,10651"
1584,Jun,0.667,,3,"10042,10651"
1585,Jun,0.5,,4,"10315,10651"
1601,Apr,1,,1,10053
1644,Apr,0.667,,3,"10302,10651"
1645,Apr,0.5,,2,10315
1648,Apr,0.333,,3,10651
1649,Apr,0.333,,3,10651
1650,Mar,0.667,,3,"10302,10651"
1651,Apr,1,,1,10651
1653,May,1,,1,10651
1671,Apr,0.5,,2,10320
1677,Jun,1,,1,10320
1685,Jan,0.5,,2,10342
1687,May,0.5,,4,"10302,10315"
1688,May,1,,1,10315
1690,May,0.5,,4,"10302,10315"
1692,Jul,0.5,,2,10651
1693,May,0.75,,4,"10302,10315,10651"
1694,Apr,0.25,,4,10315
1695,May,1,,1,10302
1754,Apr,1,,1,10342
1816,May,1,,1,10342
1843,Jul,1,,2,"10097,10651"
1849,Aug,0.5,,2,10302
1852,Jul,1,,3,"10302,10315,10651"
1870,Apr,0.6,,5,"10302,10315,10651"
1878,Mar,1,,1,10651
1886,Apr,1,,2,"10302,10651"
1888,Apr,0.5,,2,10651
1924,Jul,0.75,,4,"10302,10315,10651"
1928,Aug,0.5,,4,"10315,10651"
1929,Jul,0.5,,6,"10302,10315,10651"
1933,Jul,0.5,,4,"10315,10651"
1935,Jul,0.75,,4,"10097,10302,10651"
1936,Jul,0.5,,4,"10302,10315"
1940,Jul,0.5,,6,"10302,10315,10651"
1941,Jul,0.333,,6,"10302,10315"
1942,Jul,1,,2,"10302,10651"
1946,Apr,0.5,,2,10342
1947,Jul,1,,1,10315
1949,Jul,1,,1,10302
1951,Jul,0.5,,4,"10302,10315"
1954,Jul,1,,1,10097
1956,Jul,1,,2,"10302,10315"
1959,Apr,0.5,,2,10342
1962,May,0.5,,2,10342
1979,Aug,0.667,,3,"10302,10651"
1994,Aug,0.5,,2,10315
1997,Aug,0.667,,3,"10302,10315"
2003,Apr,0.5,,2,10302
2004,Apr,1,,1,10302
2015,Jul,1,,1,10651
2016,Aug,0.5,,2,10651
2017,Jul,1,,1,10651
2018,Aug,0.5,,2,10651
2020,Jul,1,,1,10651
2025,Apr,0.4,,5,"10093,10342"
2031,Mar,1,,1,10342
2043,May,0.667,,3,"10292,10302"
2067,Jul,1,,1,10651
2079,May,1,,1,10342
2080,Nov,1,,1,10320
2097,Jun,1,,1,10302
2099,May,1,,1,10315
2101,Apr,1,,1,10292
2108,Dec,1,,1,10320
2133,Apr,1,,1,10651
2134,Jun,0.5,,2,10315
2136,May,0.667,,3,"10315,10651"
2137,Jun,0.5,,2,10302
2138,Apr,1,,1,10651
2139,Jun,0.667,,3,"10302,10315"
2148,Apr,1,,1,10342
2149,Feb,1,,1,10342
2161,Dec,1,,2,"263,10342"
2172,Jul,1,,2,"10302,10651"
2175,Jul,1,,1,10651
2177,Feb,0.5,,2,10342
2193,May,0.75,,4,"10302,10315,10651"
2194,Apr,0.333,,3,10651
2201,May,1,,3,"10302,10315,10651"
2202,May,0.667,,3,"10302,10315"
2216,Mar,0.5,,4,"10093,10342"
2223,Apr,0.5,,2,10315
2229,Apr,1,,1,10342
2242,Aug,1,,1,10292
2246,Aug,1,,1,10292
2247,Jun,1,,1,10302
2248,Apr,0.5,,2,10302
2250,Aug,0.5,,2,10651
2251,Jun,1,,1,10651
2252,Apr,1,,2,"10302,10651"
2258,Apr,0.5,,2,263
2260,Jan,0.4,,5,"263,10342"
2262,May,1,,1,10342
2264,variable,1,,1,10053
2281,Dec,1,,1,10302
2283,Apr,1,,1,10651
2293,Mar,1,,1,10302
2297,Apr,1,,1,10302
2307,Jul,0.4,,5,"10302,10315"
2311,Jul,1,,1,10651
2312,Jul,0.667,,3,"10315,10651"
2315,Jul,1,,1,10651
2316,Jul,1,,1,10651
2317,Jul,1,,1,10651
2326,Jul,0.75,,4,"10302,10315,10651"
2327,Jul,1,,1,10651
2410,Nov,1,,1,10320
2413,Sep,1,,1,10053
2419,Apr,0.5,,2,10097
2483,Jul,1,,1,10315
2502,Mar,1,,1,10302
2506,May,1,,1,10342
2509,Jul,1,,1,10651
2510,May,1,,3,"10302,10315,10651"
2511,Jun,1,,1,10651
2516,Jun,0.4,,5,"10302,10315"
2519,Jun,0.4,,5,"10302,10315"
2520,Jul,0.667,,3,"10302,10651"
2539,May,1,,2,"10302,10315"
2545,May,0.75,,4,"10302,10315,10651"
2549,Apr,0.5,,4,"10315,10342"
2552,May,0.75,,4,"10302,10315,10651"
2553,Apr,0.667,,3,"10302,10651"
2554,Jun,0.5,,2,10651
2555,May,0.667,,3,"10302,10315"
2584,May,0.429,,7,"10302,10315,10651"
2585,Feb,1,,1,10053
2611,Jun,1,,1,10342
2638,Jun,0.667,,3,"10315,10651"
2675,May,0.667,,3,"10302,10315"
2676,Jun,1,,2,"10315,10651"
2703,Oct,1,,1,10320
2706,Jul,1,,1,10651
2720,Jul,0.6,,5,"10302,10315,10651"
2724,Oct,0.5,,2,10320
2726,Aug,0.333,,3,10042
2728,Jun,1,,1,10292
2780,Jun,0.5,,2,10651
2785,May,0.75,,4,"10302,10315,10651"
2787,Apr,0.75,,4,"10302,10315,10651"
2788,May,1,,2,"10302,10651"
2789,Apr,0.5,,4,"10302,10315"
2790,Apr,0.5,,2,10302
2791,Mar,0.667,,3,"263,10651"
2792,May,1,,1,10302
2793,May,1,,3,"10302,10315,10651"
2795,Apr,1,,2,"10302,10651"
2796,May,1,,1,10302
2797,Mar,1,,1,10342
2798,May,0.5,,4,"10302,10651"
2802,May,1,,1,10651
2857,Aug,1,,1,10651
2858,Aug,0.5,,2,10651
2861,Aug,0.5,,2,10651
2864,Jun,1,,1,10292
2866,Dec,0.5,,2,10302
2889,Apr,1,,1,10651
2890,Dec,1,,2,"263,10342"
2892,Apr,0.5,,2,10651
2934,Jun,1,,1,10651
2935,Jun,1,,1,10651
2939,Jul,0.6,,5,"10302,10315,10651"
2940,Jul,0.5,,4,"10302,10651"
2941,Jun,0.667,,3,"10315,10651"
2948,Mar,0.5,,2,10315
2950,Sep,1,,1,10320
2953,Aug,1,,1,10320
2955,Jun,0.5,,2,10651
2970,Dec,1,,1,10302
3059,May,1,,1,10302
3062,Jul,1,,1,10302
3067,May,1,,1,10302
3070,Jul,1,,1,10651
3078,Jul,1,,1,10651
3081,May,0.6,,5,"10315,10342,10651"
3107,Jan,0.667,,3,"263,10342"
3108,Jan,1,,2,"263,10342"
3129,Feb,0.5,,4,"263,10342"
3130,Feb,1,,2,"263,10342"
3131,Feb,0.5,,2,10342
3132,Mar,1,,2,"263,10342"
3134,Feb,1,,2,"263,10342"
3135,Feb,1,,1,10342
3136,Feb,1,,2,"263,10342"
3137,Jan,0.4,,5,"263,10342"
3138,Feb,1,,2,"263,10342"
3140,Mar,1,,2,"263,10342"
3141,Mar,1,,2,"263,10342"
3142,Mar,1,,1,10342
3143,Mar,1,,1,10342
3144,Jan,1,,2,"263,10342"
3146,Mar,1,,1,10342
3147,Jan,1,,1,10342
3148,Mar,1,,2,"263,10342"
3150,Feb,1,,2,"263,10342"
3151,Mar,1,,1,10342
3161,Feb,1,,1,10342
3163,Dec,1,,1,10320
3198,Dec,1,,1,10342
3202,Apr,0.333,,3,10093
3273,May,1,,3,"10302,10315,10651"
3314,Feb,1,,1,10342
3353,Jun,0.5,,4,"10302,10651"
3359,May,0.667,,3,"10302,10315"
3360,Feb,0.5,,2,10093
3361,Mar,1,,1,10093
3362,Jul,1,,1,10651
3363,Jul,1,,1,10651
3364,Jun,0.667,,3,"10315,10651"
3365,Jul,1,,1,10651
3366,Jun,0.667,,3,"10302,10315"
3371,Apr,1,,1,10292
3375,Jun,1,,2,"263,10342"
3376,Jun,0.6,,5,"10302,10315,10651"
3387,Jul,1,,1,10651
3388,Jul,1,,2,"10315,10651"
3389,Jul,1,,1,10302
3390,Aug,0.5,,2,10651
3396,Aug,1,,1,10315
3400,Aug,0.75,,4,"10302,10315,10651"
3401,Aug,1,,1,10651
3405,Aug,0.75,,4,"10302,10315,10651"
3408,Aug,1,,1,10651
3410,Aug,1,,1,10651
3412,Aug,1,,1,10651
3416,Jun,1,,1,10097
3418,Aug,1,,1,10651
3421,Aug,1,,1,10651
3422,Aug,0.667,,3,"10042,10302"
3424,Aug,1,,1,10651
3425,Jun,1,,1,10292
3427,Aug,1,,1,10651
3434,Mar,1,,2,"263,10342"
3435,Jan,0.5,,2,10342
3436,May,1,,1,10097
3437,Sep,1,,1,10651
3438,Aug,1,,1,10651
3441,Aug,1,,1,10651
3443,May,1,,2,"263,10342"
3444,Aug,1,,1,10651
3446,Oct,1,,1,10302
3447,Aug,0.5,,2,10651
3449,Jul,1,,1,10651
3451,Nov,1,,1,10320
3480,Nov,1,,1,10320
3481,Aug,1,,1,10320
3535,Apr,1,,1,10302
3538,Apr,0.667,,3,"10342,10651"
3539,Apr,1,,3,"10302,10315,10651"
3543,Jun,0.4,,5,"10302,10651"
3546,Jan,1,,1,10097
3549,Jul,1,,1,10651
3551,Jan,1,,1,10097
3554,Apr,0.333,,3,10093
3574,Mar,0.667,,3,"10302,10315"
3603,Apr,1,,2,"10097,10342"
3605,Jul,1,,1,10292
3609,Jun,1,,3,"10292,10302,10651"
3610,Jun,1,,1,10292
3613,Jul,1,,1,10651
3620,Jan,0.5,,2,10342
3624,Sep,1,,2,"263,10342"
3625,Jan,1,,1,10342
3628,Dec,1,,1,10302
3630,Jun,0.5,,2,263
3631,Feb,1,,1,10342
3633,Apr,1,,1,10342
3634,May,0.75,,4,"10302,10315,10651"
3635,Jul,1,,1,10342
3636,Jul,1,,2,"263,10342"
3637,Oct,1,,1,10042
3641,Jun,1,,1,10651
3642,Dec,1,,1,10342
3643,Dec,1,,1,10302
3646,May,1,,2,"10302,10651"
3647,Jul,0.5,,2,10342
3649,May,0.667,,3,"10302,10315"
3650,Jul,1,,1,10302
3651,May,1,,3,"10302,10315,10651"
3655,Jun,0.667,,3,"10302,10651"
3665,Apr,1,,1,10651
3676,Apr,0.5,,2,10651
3681,Apr,1,,1,10651
3682,Mar,1,,1,263
3686,Jan,1,,1,10342
3687,May,1,,1,10302
3689,Mar,1,,1,10342
3691,Feb,0.667,,3,"10093,263"
3711,Jun,0.4,,5,"10302,10651"
3715,Mar,1,,2,"263,10342"
3726,Mar,1,,1,10342
3825,Oct,1,,2,"263,10342"
3836,Aug,1,,1,10651
3875,Apr,1,,1,10342
3889,Jun,1,,1,10342
3896,Apr,1,,1,10342
3938,Jun,1,,1,10651
3939,Jun,1,,2,"10315,10651"
3955,Jul,0.75,,4,"10302,10315,10651"
3957,Jul,0.75,,4,"10302,10315,10651"
3981,Mar,1,,1,10342
3985,Jun,0.5,,4,"10315,10651"
3998,Jul,1,,2,"10315,10651"
4038,Aug,0.333,,3,10651
4039,Aug,0.25,,4,10651
4040,Jul,0.667,,3,"10302,10651"
4045,Jul,1,,1,10651
4050,Jul,1,,1,10651
4055,Mar,1,,2,"263,10342"
4056,Mar,1,,2,"263,10342"
4057,Jan,1,,1,10342
4058,Dec,1,,2,"263,10342"
4059,Feb,1,,2,"263,10342"
4070,Dec,1,,1,10302
4073,Jun,1,,1,10097
4079,Jun,0.5,,2,10651
4080,Jun,0.667,,3,"10302,10651"
4084,Mar,1,,1,10342
4086,Jun,0.667,,3,"10315,10651"
4088,Jun,0.5,,2,10651
4089,May,1,,1,10302
4093,Feb,1,,1,10342
4095,Jul,0.5,,2,10302
4097,May,0.667,,3,"10302,10651"
4098,Mar,0.667,,3,"10093,10342"
4104,Jan,1,,1,10342
4107,Apr,0.5,,2,10651
4110,Jun,1,,1,10651
4117,Apr,0.5,,2,10651
4119,Mar,1,,1,10342
4120,Mar,1,,1,10342
4128,Jul,1,,1,10651
4131,Jul,0.5,,2,10651
4150,Dec,1,,2,"263,10342"
4152,Jul,0.5,,2,10651
4170,Apr,0.5,,2,10342
4197,Jul,0.4,,5,"10302,10315"
4210,Jun,1,,1,10042
4231,Jul,1,,1,10651
4234,Jul,1,,1,10651
4240,Aug,1,,1,10651
4241,Jul,1,,1,10651
4263,Feb,0.5,,2,10342
4264,Apr,1,,1,10342
4266,Apr,0.5,,2,263
4283,Aug,1,,1,10315
4284,Mar,1,,2,"263,10342"
4285,Aug,0.5,,2,10651
4287,Jun,1,,1,10342
4289,Jul,1,,3,"10302,10315,10651"
4292,Jul,1,,1,10315
4296,May,1,,1,10342
4297,Jul,1,,3,"10302,10315,10651"
4298,Jul,1,,1,10315
4301,Jun,1,,1,10651
4302,Feb,1,,1,10342
4305,Jul,1,,3,"10302,10315,10651"
4306,Aug,0.5,,2,10315
4310,Apr,0.5,,2,10342
4311,Jul,0.8,,5,"10302,10315,10342,10651"
4314,Jul,1,,2,"10302,10651"
4315,Jul,1,,2,"10302,10651"
4316,Aug,1,,1,10342
4317,Jan,1,,1,10342
4321,Apr,1,,1,10342
4322,Jul,0.667,,3,"10302,10651"
4333,Apr,0.5,,2,10315
4351,Apr,1,,2,"10302,10651"
4371,Apr,1,,1,10342
4372,Apr,1,,1,10342
4384,Mar,0.6,,5,"10042,10342,10651"
4385,Apr,1,,1,10342
4386,Jun,0.429,,7,"10302,10315,10651"
4387,Jun,1,,4,"10302,10315,10342,10651"
4389,Apr,0.286,,7,"10093,10651"
4390,Jun,0.5,,4,"10302,10651"
4394,Mar,1,,1,10093
4429,Apr,0.333,,3,10342
4470,Dec,0.5,,2,10320
4571,Jun,1,,1,10315
4572,Jun,1,,1,10315
4581,Jun,0.75,,4,"10302,10315,10651"
4648,Mar,1,,1,10320
4649,Apr,1,,1,10320
4650,Jan,0.5,,2,10320
4653,Jan,1,,1,10320
4660,Apr,1,,2,"10302,10315"
4661,May,1,,1,10651
4664,Apr,0.667,,3,"10302,10315"
4666,Apr,1,,2,"10302,10315"
4667,Apr,0.5,,4,"10315,10651"
4673,May,1,,1,10097
4686,Jul,1,,1,10651
4708,Jun,1,,2,"10302,10651"
4733,Dec,0.333,,3,10302
4734,Jul,0.5,,2,10302
4736,Jul,0.75,,4,"10302,10315,10651"
4737,Nov,1,,2,"263,10342"
4783,Mar,1,,1,10097
4822,Jun,1,,2,"10302,10651"
4956,Mar,0.5,,2,10342
4963,Feb,1,,1,10342
4967,Apr,0.333,,3,10315
4985,Mar,1,,1,10342
4986,Feb,1,,2,"263,10342"
4987,Apr,1,,2,"263,10342"
4988,Mar,1,,2,"263,10342"
5003,Apr,1,,2,"10302,10315"
5009,Dec,1,,1,10302
5019,Dec,0.5,,2,10302
5021,May,0.667,,3,"10315,10651"
5032,Dec,0.333,,3,10302
5034,Jul,1,,1,10651
5046,Jun,0.5,,2,10315
5060,Jul,0.5,,4,"10302,10315"
5068,Feb,1,,1,10342
5070,Jul,0.5,,2,10302
5071,Jul,0.286,,7,"10302,10315"
5072,May,1,,1,10342
5076,May,1,,1,10651
5078,Apr,1,,2,"10302,10651"
5080,Apr,0.75,,4,"10302,10315,10651"
5083,Apr,0.75,,4,"10302,10315,10651"
5097,Jan,1,,1,10342
5100,Jul,1,,2,"10302,10651"
5102,Jul,1,,1,10097
5104,Jul,1,,3,"10302,10315,10651"
5110,Aug,1,,1,10315
5119,Aug,0.667,,3,"10302,10315"
5140,Aug,0.5,,2,10097
5144,Aug,0.333,,3,10302
5157,Jul,1,,3,"10302,10315,10651"
5162,May,0.667,,3,"10302,10651"
5163,Apr,0.5,,2,10651
5165,Sep,1,,1,10320
5166,May,1,,1,10292
5192,Feb,1,,1,10342
5202,Apr,0.667,,3,"263,10342"
5210,Jul,1,,1,10302
5213,Jun,0.667,,3,"10302,10651"
5311,Jul,0.75,,4,"10302,10315,10651"
5329,May,1,,1,10292
5380,May,0.667,,3,"10302,10315"
5381,Jun,0.5,,2,10651
5425,Jun,1,,1,10651
5433,Apr,0.333,,3,10097
5452,Apr,1,,1,10097
5501,Jun,0.6,,5,"10302,10315,10651"
5509,Feb,1,,1,10097
5511,Apr,0.5,,2,10651
5536,Jun,0.5,,4,"10302,10315"
5558,Aug,1,,1,10320
5560,Oct,1,,1,10320
5565,Jun,1,,1,10651
5566,Feb,1,,2,"263,10342"
5584,Jul,1,,1,10651
5588,Jul,1,,2,"10302,10651"
5592,Aug,1,,1,10292
5596,Jul,1,,1,10651
5603,Jul,1,,1,10302
5605,Jul,0.333,,3,10651
5606,Jun,1,,2,"10302,10315"
5609,Jul,1,,2,"10302,10651"
5611,Jul,1,,1,10651
5613,Jul,1,,2,"10302,10651"
5617,Jul,0.5,,2,10651
5622,Jan,1,,1,10342
5748,May,1,,1,10342
5749,Feb,0.333,,3,10093
5753,Apr,1,,1,10342
5754,Jun,1,,3,"10302,10315,10651"
5757,Jul,0.6,,5,"10302,10315,10651"
5758,Sep,1,,1,10320
5762,Sep,1,,1,10320
5774,Jan,1,,1,10320
5776,Oct,1,,1,10320
5780,Oct,1,,1,10320
5781,Jan,1,,1,10320
5793,Jul,1,,1,10651
5801,Mar,1,,1,10342
5804,Jun,0.5,,2,10302
5808,Jun,0.5,,4,"10302,10315"
5810,Apr,1,,1,10315
5811,Jun,0.667,,3,"10302,10315"
5812,Apr,0.5,,2,10342
5815,Apr,0.5,,2,10315
5828,Jul,0.333,,3,10651
5868,variable,1,,1,10053
5873,Mar,0.5,,2,10342
5874,May,0.6,,5,"10302,10315,10651"
5875,Mar,0.5,,2,10342
5896,Jun,0.5,,2,10315
5897,Jun,0.667,,3,"10302,10651"
5900,Jun,0.5,,2,10315
5901,Aug,0.25,,4,10651
5905,May,1,,2,"10315,10651"
5906,Mar,0.5,,2,10342
5907,May,1,,2,"10302,10315"
5911,May,0.5,,4,"10315,10651"
5912,Jun,0.75,,4,"10302,10315,10651"
5915,May,1,,2,"10315,10651"
5917,Apr,0.333,,3,10342
5918,Jun,0.333,,3,10315
5920,Feb,0.5,,4,"10093,10342"
5923,Jul,1,,1,10042
5925,Jul,0.5,,2,10651
5926,Mar,0.5,,2,10651
5927,Jul,0.667,,3,"10042,10302"
5928,Dec,0.5,,2,10302
5929,Mar,1,,2,"10342,10651"
5930,Apr,0.667,,3,"10093,10651"
5931,Jun,1,,3,"10302,10315,10651"
5934,Jun,1,,1,10651
5935,Apr,0.333,,3,10651
5936,May,0.5,,4,"10302,10315"
5937,May,1,,1,10651
5951,May,0.667,,3,"10302,10651"
5959,Aug,0.5,,2,10651
5961,Dec,1,,1,10302
5962,Apr,0.5,,2,10342
6001,Dec,0.5,,2,10302
6005,Sep,1,,1,10320
6014,Jul,1,,1,10651
6016,Jul,1,,1,10651
6021,Jun,0.5,,2,10315
6022,Oct,1,,2,"263,10342"
6055,Apr,1,,1,10097
6058,Jun,1,,1,10315
6068,Apr,1,,1,10342
6070,Apr,0.75,,4,"10302,10315,10651"
6071,Apr,1,,1,10302
6074,Jun,0.5,,2,10042
6076,Sep,1,,1,10320
6079,Oct,1,,1,10320
6080,Jul,1,,1,10320
6094,Aug,1,,1,10320
6220,Oct,1,,1,10651
6256,May,1,,1,10302
6257,May,0.667,,3,"10302,10315"
6261,Jun,1,,2,"10302,10315"
6262,May,1,,1,10651
6274,Jul,0.6,,5,"10097,10302,10651"
6275,Jun,1,,1,10651
6280,May,1,,2,"263,10342"
6282,Mar,0.333,,3,10342
6285,Jun,1,,1,10302
6288,Jun,0.5,,4,"10042,10315"
6289,Jun,0.5,,2,263
6290,Mar,0.667,,3,"10093,10342"
6291,Jul,1,,1,10302
6292,Jun,1,,1,10315
6293,Aug,0.333,,3,10302
6313,Sep,1,,1,10320
6342,Apr,1,,1,10042
6344,Jun,1,,3,"10302,10315,10651"
6386,Mar,1,,2,"10315,10651"
6415,Mar,1,,2,"263,10342"
6417,Oct,1,,1,10342
6418,Apr,0.5,,2,10342
6419,May,1,,1,10342
6421,May,1,,1,10342
6429,Dec,1,,1,10302
6503,Feb,0.333,,3,10342
6517,Aug,1,,1,10320
6521,Sep,1,,1,10320
6522,Oct,1,,1,10320
6524,Sep,1,,1,10320
6531,Sep,1,,1,10320
6534,Aug,1,,1,10320
6554,Aug,1,,1,10320
6555,Sep,1,,1,10320
6557,Sep,1,,1,10320
6566,Jun,0.667,,3,"10302,10651"
6573,Jun,0.667,,3,"10315,10651"
6577,Jul,1,,1,10651
6579,Jun,0.667,,3,"10315,10651"
6586,Jul,1,,1,10651
6595,Aug,0.5,,2,10651
6596,Aug,0.333,,3,10651
6600,Aug,1,,1,10651
6604,Jul,0.5,,2,10651
6605,Jul,1,,1,10302
6884,Sep,1,,1,10320
6887,Aug,1,,1,10320
6915,Oct,1,,1,10320
6945,Apr,0.5,,2,10342
6947,Jul,1,,1,10302
6949,Sep,1,,1,10320
6950,Feb,0.286,,7,"10093,10342"
6952,Jan,0.25,,4,10342
6954,Nov,1,,1,10342
6955,Apr,0.5,,2,10093
6956,Apr,1,,2,"10315,10651"
6957,Mar,1,,1,10342
6962,May,1,,2,"10302,10315"
6998,May,1,,1,10651
7000,Jun,1,,1,10292
7042,Nov,1,,1,10320
7060,Mar,1,,1,10093
7079,Aug,0.5,,2,10302
7084,May,1,,1,10315
7086,May,0.667,,3,"10302,10651"
7088,Apr,0.5,,2,10315
7089,Jul,1,,1,10315
7095,Apr,0.5,,2,10315
7097,Apr,0.333,,3,10302
7099,Jun,0.5,,2,10302
7104,Apr,0.333,,3,10651
7116,Jul,1,,2,"10315,10651"
7121,Nov,1,,1,10320
7122,Sep,1,,1,10320
7168,Apr,1,,1,10053
7177,Jan,0.5,,2,10342
7179,Apr,0.333,,6,"10315,10651"
7405,Jun,1,,1,10651
7410,Jun,0.667,,3,"10302,10315"
7411,Jun,0.5,,2,10315
7412,May,0.667,,3,"10315,10651"
7420,Apr,1,,1,10292
7421,Jun,0.5,,2,10302
7422,Apr,0.5,,2,10302
7423,May,0.667,,3,"10302,10315"
7445,Aug,1,,1,10651
7465,Aug,0.333,,3,10651
7470,Jun,1,,1,10302
7473,Jul,0.5,,2,10651
7475,Feb,1,,2,"263,10342"
7477,Mar,0.5,,2,10342
7480,Jun,0.5,,6,"10302,10315,10651"
7486,Jun,1,,1,10651
7488,Jul,1,,1,10651
7489,Jun,0.75,,4,"10302,10315,10651"
7491,Jun,1,,1,10651
7492,Dec,0.5,,2,10302
7494,May,0.75,,4,"10302,10315,10651"
7496,Jun,1,,3,"10302,10315,10651"
7500,Dec,1,,1,10302
7502,Jun,0.75,,4,"10302,10315,10651"
7503,May,0.5,,4,"10302,10315"
7505,Jul,0.5,,2,10302
7506,Jun,0.8,,5,"10292,10302,10315,10651"
7510,Jun,1,,1,10302
7512,Jun,0.667,,3,"10302,10651"
7519,Jul,1,,1,10651
7525,Jul,0.667,,3,"10302,10651"
7527,Jun,0.5,,2,263
7531,Jan,1,,2,"263,10342"
7553,Oct,1,,2,"263,10342"
7602,Apr,1,,1,10342
7605,Jul,0.429,,7,"10042,10302,10315"
7653,May,0.4,,5,"10342,10651"
7660,Mar,0.4,,5,"10315,10651"
7661,Mar,1,,1,10342
7662,Jun,1,,3,"10302,10315,10651"
7673,Feb,1,,1,10053
7675,May,1,,2,"10315,10651"
7677,Jul,0.5,,2,10302
7680,Apr,0.667,,3,"10315,10651"
7689,Jun,1,,1,10651
7692,Apr,1,,1,10315
7696,Apr,1,,1,10651
7699,Feb,0.667,,3,"10342,10651"
7701,May,0.75,,4,"10302,10315,10651"
7705,May,1,,1,10651
7710,May,1,,2,"10302,10651"
7715,Apr,0.5,,4,"10302,10315"
7719,Jun,1,,1,10651
7723,May,1,,1,10651
7726,Aug,1,,1,10651
7732,Jan,1,,1,10342
7740,Jun,0.667,,3,"10302,10315"
7744,Apr,0.333,,3,263
7746,Mar,1,,1,10342
7748,Apr,1,,2,"263,10342"
7750,Jul,1,,3,"10302,10315,10651"
7753,Jul,0.4,,5,"10315,10651"
7755,Mar,0.333,,3,10342
7759,Jun,0.333,,3,10315
7760,Mar,1,,1,10342
7763,Jun,1,,1,10651
7765,May,0.75,,4,"10302,10315,10651"
7766,May,1,,1,10315
7781,Apr,0.5,,2,10315
7782,Jun,0.5,,2,10651
7784,Apr,0.5,,2,10315
7788,Jun,1,,1,10302
7789,Jul,1,,2,"10302,10651"
7800,Jul,1,,1,10302
7805,Jun,1,,2,"10302,10651"
7809,May,1,,1,10097
7813,May,0.667,,3,"10302,10651"
7815,May,0.667,,3,"10302,10315"
7819,Mar,1,,2,"263,10342"
7820,May,0.75,,4,"10302,10315,10651"
7822,May,1,,1,10302
7823,May,1,,1,10302
7825,Mar,1,,2,"10315,10651"
7829,Apr,0.5,,4,"10302,10315"
7834,May,1,,1,10302
7848,Jun,1,,1,10651
7856,Apr,1,,2,"10302,10651"
7864,May,1,,1,10315
7866,Apr,1,,1,10315
7868,Apr,0.667,,3,"10302,10651"
7875,May,1,,2,"10302,10315"
7876,May,1,,2,"10302,10315"
7877,Apr,0.25,,4,10302
7878,May,0.667,,3,"10302,10315"
7883,Apr,1,,1,10651
7884,May,1,,2,"10302,10315"
7887,Apr,1,,2,"10302,10315"
7890,May,1,,2,"10302,10315"
7892,Apr,0.5,,2,10315
7893,Jun,1,,1,10315
7895,Jun,1,,1,10302
7896,May,1,,1,10292
7898,Aug,1,,1,10042
7900,May,1,,2,"10315,10651"
7902,May,0.75,,4,"10302,10315,10651"
7908,Jun,1,,1,10302
7926,Apr,1,,1,10302
7932,May,1,,1,10302
7934,May,1,,1,10292
7935,May,1,,1,10315
7939,May,1,,2,"10302,10315"
7941,Apr,1,,1,10292
7965,Apr,1,,1,10651
7968,Jun,1,,1,10302
7969,May,1,,1,10315
7971,May,0.667,,3,"10302,10315"
7973,May,1,,2,"10315,10651"
7976,May,0.667,,3,"10315,10651"
7981,Jun,1,,1,10042
7982,May,1,,2,"10302,10315"
7990,May,1,,1,10292
7991,May,1,,1,10292
7996,Apr,1,,1,10651
7999,May,1,,2,"10302,10651"
8003,Jul,1,,1,10651
8004,Jul,1,,1,10302
8014,May,1,,1,10302
8018,Mar,1,,1,10302
8022,May,1,,2,"10302,10315"
8024,Jun,1,,1,10651
8029,Apr,0.5,,2,10315
8030,Jul,0.667,,3,"10302,10651"
8040,Jul,0.5,,2,10302
8042,Mar,1,,1,10342
8043,Jun,1,,1,10651
8044,Apr,0.5,,2,10302
8045,Apr,1,,1,10315
8046,May,0.5,,4,"10302,10315"
8049,Jun,1,,1,10651
8050,May,1,,1,10302
8051,May,1,,1,10315
8055,Jan,1,,1,10342
8061,Apr,1,,2,"10302,10315"
8066,Jul,1,,1,10651
8068,May,1,,1,10302
8071,Apr,1,,1,10315
8072,Apr,1,,1,10292
8075,May,0.667,,3,"10302,10315"
8079,May,1,,2,"10302,10315"
8081,May,1,,1,10315
8089,May,1,,2,"10302,10315"
8094,May,1,,2,"10302,10315"
8096,May,1,,3,"10302,10315,10651"
8100,Jun,1,,1,10302
8105,Jun,1,,1,10651
8114,Jun,1,,1,10651
8127,May,1,,3,"10302,10315,10651"
8129,Jul,1,,1,10651
8133,Mar,1,,1,10292
8134,May,1,,1,10315
8144,Apr,1,,1,10302
8145,Apr,1,,1,10292
8146,May,1,,2,"10315,10651"
8153,Jun,0.5,,2,10651
8164,Apr,1,,1,10292
8166,Apr,1,,1,10315
8178,Jun,1,,1,10302
8182,May,1,,2,"10302,10315"
8186,May,0.667,,3,"10302,10315"
8187,Apr,0.333,,3,10292
8200,Aug,0.333,,3,10651
8202,Jun,0.5,,2,263
8214,Apr,1,,2,"263,10342"
8218,Jul,0.667,,3,"10302,10315"
8219,Jul,1,,2,"263,10342"
8231,Nov,1,,1,10320
8249,Jul,1,,1,10651
8250,Jul,1,,1,10651
8256,Jul,1,,1,10651
8262,Apr,0.667,,3,"10302,10315"
8267,Apr,1,,1,10651
8270,Mar,1,,1,10342
8273,Mar,1,,1,10342
8284,Feb,0.5,,2,10093
8290,May,1,,1,10342
8292,Nov,1,,1,10320
8294,Jul,0.25,,4,10651
8298,Jul,0.5,,4,"10315,10342"
8299,May,0.5,,4,"10302,10315"
8304,Mar,1,,1,10292
8326,Jun,1,,1,10342
8377,Jan,1,,1,10053
8400,Feb,0.5,,2,10320
8404,Jan,1,,1,10320
8406,Jun,1,,1,10651
8407,Jul,1,,1,10651
8408,Jun,1,,1,10651
8426,Jun,0.8,,5,"263,10302,10315,10651"
8471,Mar,1,,1,10342
8488,Sep,1,,1,10342
8489,Jul,1,,1,10342
8495,Jun,0.5,,4,"10302,10651"
8496,Jun,1,,2,"10302,10651"
8500,Apr,1,,1,10651
8504,Jun,1,,1,10315
8505,May,0.75,,4,"10302,10315,10651"
8525,Apr,0.333,,3,10097
8528,Jun,1,,1,10651
8539,May,0.75,,4,"10302,10315,10651"
8571,May,1,,1,10320
8575,Apr,1,,2,"263,10342"
8576,Oct,1,,1,10302
8577,Apr,0.333,,3,10042
8578,Oct,1,,1,10302
8581,Feb,1,,1,10053
8588,Jun,1,,1,10651
8592,May,1,,1,10292
8655,Dec,0.5,,2,10302
8664,Apr,1,,4,"10042,10097,10302,10342"
8676,Oct,1,,1,10053
8677,Apr,1,,1,10302
8696,Apr,0.333,,3,10093
8704,Apr,1,,1,10093
8720,Jun,0.5,,2,10302
8722,Apr,0.333,,3,10342
8726,Apr,1,,1,10342
8727,Apr,1,,1,10342
8731,May,1,,2,"10042,10651"
8733,Jun,0.6,,5,"10302,10315,10651"
8735,Dec,0.5,,2,10302
8738,Apr,0.5,,2,263
8741,Aug,0.333,,3,10302
8749,Jun,0.6,,5,"10302,10315,10651"
8752,Jul,0.5,,4,"10302,10315"
8756,Jul,0.5,,2,10651
8764,Jul,0.5,,4,"10302,10315"
8765,Jul,0.667,,3,"10302,10315"
8766,Apr,1,,1,10342
8767,Jun,0.4,,5,"10315,10651"
8772,Jun,0.5,,2,10651
8775,Jul,1,,1,10651
8783,Jul,1,,1,10651
8798,Sep,1,,1,10320
8802,Nov,1,,1,10320
8803,Sep,1,,1,10320
8809,Jul,1,,1,10320
8810,Sep,1,,1,10320
8829,Jun,0.5,,2,10302
8831,May,1,,1,10651
8832,May,1,,3,"10302,10315,10651"
8833,Jun,0.667,,3,"10315,10651"
8835,Jul,1,,1,10292
8837,Jun,1,,1,10651
8841,May,1,,1,10651
8842,Jul,1,,1,10302
8878,Jul,1,,2,"10302,10651"
8880,Apr,0.6,,5,"10302,10315,10342"
8881,Jun,1,,1,10651
8882,Jul,1,,1,10651
8883,Dec,0.5,,2,10302
8885,Apr,0.667,,3,"10302,10651"
8889,Mar,1,,1,10651
8890,Apr,1,,1,10315
8892,Jul,1,,1,10651
8893,Apr,0.667,,3,"10302,10315"
8895,Apr,0.333,,6,"10315,10651"
8899,Jun,1,,1,10651
8903,Apr,0.333,,3,10315
8904,Jul,0.5,,2,10651
8906,Mar,0.667,,3,"10302,10315"
8911,May,1,,1,10342
8913,May,1,,2,"10302,10315"
8915,Jun,1,,2,"10302,10315"
8923,Sep,1,,2,"10342,10651"
8925,Jun,0.4,,5,"10302,10315"
8926,Jun,1,,1,10651
8928,Jun,1,,3,"10302,10315,10651"
8945,May,1,,1,10053
8948,Apr,1,,1,10651
8961,Jun,0.5,,2,10651
8968,Feb,1,,2,"263,10342"
8969,Feb,1,,2,"263,10342"
8976,Jan,1,,1,10342
9011,Jan,1,,1,10342
9026,Apr,1,,1,10302
9029,Jun,0.75,,4,"10302,10315,10651"
9034,Jun,1,,2,"10302,10651"
9042,Jun,0.5,,2,10651
9048,May,1,,1,10315
9057,Mar,1,,1,10342
9069,Jun,1,,1,10292
9079,May,1,,1,10097
9094,Mar,1,,2,"10302,10315"
9095,Dec,1,,1,10302
9096,Mar,1,,1,10302
9097,Jan,0.667,,3,"263,10342"
9098,Jan,1,,1,10342
9099,May,1,,1,10651
9111,Jul,0.5,,2,10651
9166,Feb,1,,1,10342
9253,May,1,,1,10342
9254,Apr,1,,2,"263,10342"
9255,Apr,1,,2,"263,10342"
9256,May,1,,1,10342
9257,Jun,1,,1,10342
9258,Jun,1,,2,"263,10342"
9259,May,1,,1,10342
9261,Jun,0.5,,2,263
9263,Jun,1,,1,10342
9264,Jun,1,,1,10342
9265,May,1,,1,10342
9266,Apr,0.5,,2,263
9267,Apr,1,,1,10342
9268,Jul,1,,2,"263,10342"
9269,Apr,1,,1,10342
9283,May,0.667,,3,"10315,10651"
9285,Jun,1,,1,10651
9286,Jul,0.375,,8,"10302,10315,10651"
9287,Jul,1,,2,"10302,10651"
9299,Jul,0.5,,2,10315
9300,May,1,,1,10651
9301,Jul,0.667,,3,"10302,10342"
9304,Jul,0.5,,2,10302
9312,Jul,0.333,,3,10651
9317,May,1,,1,10302
9319,Jul,0.5,,4,"10315,10651"
9328,Dec,1,,1,10320
9329,Feb,1,,1,10320
9330,Aug,1,,1,10320
9333,Dec,1,,1,10320
9337,Oct,1,,1,10320
9340,Jun,1,,1,10651
9342,Jun,1,,1,10651
9378,Nov,1,,1,10320
9426,May,1,,1,10651
9428,Apr,1,,1,10093
9438,Jun,1,,1,10342
9447,Feb,0.5,,2,10093
9456,variable,1,,1,10053
9463,Jul,0.4,,5,"10302,10315"
9471,Sep,1,,1,10320
9514,Jan,1,,1,10053
9521,Dec,1,,1,10093
9522,Apr,0.5,,2,10093
9526,Aug,1,,1,10651
9556,Apr,1,,1,10093
9561,Apr,0.667,,3,"10302,10651"
9563,Jun,1,,1,10651
9565,Apr,1,,1,10315
9568,Jun,1,,1,10651
9569,Jul,1,,1,10651
9590,Jul,1,,1,10315
9591,Jun,0.667,,3,"10315,10651"
9592,Mar,1,,1,10342
9593,Jun,1,,1,10651
9595,Jul,1,,2,"10315,10651"
9596,Jul,0.75,,4,"10042,10315,10651"
9597,Apr,0.333,,3,10342
9600,Jun,0.667,,3,"10315,10651"
9607,Jun,1,,1,10651
9654,Jul,0.5,,4,"10042,10315"
9655,Jul,1,,2,"10042,10651"
9658,Jun,0.667,,3,"10302,10315"
9659,Jul,0.667,,3,"10302,10315"
9661,Jul,0.4,,5,"10302,10651"
9667,Jun,1,,1,10315
9669,Aug,0.5,,2,10302
9670,Jul,1,,2,"10302,10651"
9671,Jul,1,,1,10651
9675,Jul,1,,1,10651
9685,Jul,0.667,,3,"10302,10651"
9686,Apr,0.333,,3,10651
9687,Jul,1,,1,10651
9697,Jul,0.4,,5,"10315,10651"
9699,Apr,1,,1,10097
9704,Nov,1,,1,10053
9744,Jan,0.5,,2,10342
9750,May,1,,1,10342
9751,Apr,1,,2,"263,10342"
9755,Apr,1,,1,10342
9756,Feb,1,,1,10342
9758,Feb,1,,1,10342
9760,Apr,0.667,,3,"263,10342"
9761,Apr,1,,2,"263,10342"
9762,Apr,1,,1,10342
9765,May,1,,1,10651
9766,Feb,1,,2,"263,10342"
9786,Apr,0.667,,3,"10093,10342"
9787,Jul,0.333,,3,10315
9790,Mar,1,,1,10651
9799,Mar,1,,1,10651
9803,Mar,1,,1,10342
9809,Jun,0.75,,4,"10302,10315,10651"
9835,Apr,1,,1,10053
9842,Mar,1,,1,10053
9851,Jun,1,,1,10651
9852,Jun,1,,1,10651
9855,Apr,1,,2,"10302,10315"
9856,Jun,0.5,,2,10651
9904,Jul,1,,2,"10302,10651"
9910,Jun,0.5,,2,10651
9912,Sep,1,,1,10320
9928,Jun,1,,1,10651
9932,Jun,1,,1,10651
9934,Aug,1,,1,10320
9935,Jul,1,,2,"10042,10097"
9936,Jul,1,,2,"10042,10097"
9952,Jul,1,,1,10320
9953,Apr,0.5,,2,10097
9966,Jul,0.5,,2,10302
9970,Jul,0.5,,2,10651
9972,Jul,1,,1,10651
9976,Jun,1,,3,"10302,10315,10651"
9977,Jul,0.5,,2,10651
9981,Dec,1,,1,10093
9992,Mar,1,,1,10053
9993,Apr,1,,1,10093
9996,Dec,1,,1,10302
10030,Aug,1,,1,10651
10040,Aug,1,,1,10320
10058,Jan,1,,1,10053
10062,Feb,1,,1,10053
10064,Jan,1,,1,10053
10066,Aug,1,,1,10315
10124,Jun,1,,2,"10315,10651"
10126,Jul,0.5,,2,10651
10129,Jul,1,,1,10651
10132,Jun,1,,1,10651
10136,Jul,0.333,,3,10302
10137,May,1,,1,10651
10140,Jul,0.667,,3,"10302,10315"
10141,Jul,1,,1,10651
10144,Jul,0.75,,4,"10302,10315,10651"
10150,Jul,0.5,,4,"10302,10315"
10167,May,1,,1,10651
10207,Mar,1,,1,10651
10209,Jan,1,,2,"263,10342"
10214,variable,1,,1,10053
10219,Jun,1,,1,10651
10221,Jun,1,,1,10651
10222,Jul,1,,1,10651
10232,Dec,1,,1,10302
10361,Jul,1,,1,10292
10364,Mar,1,,1,10093
10367,May,1,,1,10315
10369,Apr,1,,1,10315
10370,Jun,1,,1,10651
10374,Dec,0.5,,2,10302
10415,Jul,1,,1,10651
10447,Jul,1,,1,10342
10449,Mar,1,,1,10053
10453,Dec,0.5,,2,10302
10456,Jun,1,,1,10342
10462,variable,1,,1,10053
10464,Nov,1,,1,10053
10469,Aug,0.5,,2,10302
10476,Sep,1,,1,10315
10481,Jan,1,,1,10651
10489,Apr,0.5,,2,10342
10500,Dec,1,,1,10302
10560,May,0.667,,3,"10302,10651"
10579,Jun,0.667,,3,"10302,10315"
10580,Aug,0.333,,3,10651
10589,variable,1,,1,10053
10591,Aug,1,,1,10053
10598,Nov,1,,1,10320
10601,Sep,1,,1,10320
10602,Jul,1,,1,10320
10608,Mar,1,,1,10342
10611,Jul,1,,1,10302
10614,Mar,0.5,,2,10342
10628,Jun,1,,1,10292
10687,Jul,1,,1,10651
10691,Jun,0.6,,5,"10302,10315,10651"
10696,variable,1,,1,10053
10707,Jul,1,,1,10292
10708,May,1,,1,10315
10722,Apr,0.5,,2,10651
10732,May,1,,1,10651
10737,May,0.667,,3,"10302,10315"
10738,Apr,0.5,,2,10342
10742,Apr,0.4,,5,"10342,10651"
10743,Jun,1,,1,10651
10744,Mar,1,,2,"263,10342"
10745,Jun,0.5,,2,10302
10746,Jan,1,,2,"263,10342"
10749,Jun,1,,1,10651
10752,May,1,,1,10342
10753,Feb,1,,2,"263,10342"
10755,Apr,0.333,,6,"263,10342"
10762,Jun,1,,2,"10315,10651"
10763,Mar,1,,1,10342
10769,Mar,1,,1,10093
10774,Jun,1,,1,10651
10775,Feb,0.5,,2,10342
10776,Feb,0.5,,2,10342
10780,Mar,1,,1,10342
10783,Mar,1,,1,10342
10934,Jun,0.667,,3,"10302,10651"
10941,Mar,1,,1,10093
10947,Feb,1,,1,10093
10952,Feb,1,,1,10093
11078,Dec,0.333,,3,10302
11080,Jun,0.5,,2,10302
11082,Jun,0.667,,3,"10292,10651"
11083,Dec,1,,1,10302
11085,Jun,0.75,,4,"10302,10315,10651"
11097,Aug,1,,1,10302
11107,Apr,0.333,,3,10315
11108,Jun,1,,1,10651
11109,May,1,,1,10651
11110,Jun,1,,1,10651
11111,Apr,1,,2,"10292,10651"
11115,Jun,0.5,,2,10651
11116,Feb,0.5,,2,10315
11118,Jun,0.5,,4,"10315,10651"
11119,Jun,0.667,,3,"10315,10651"
11120,May,1,,2,"10315,10651"
11149,Apr,0.5,,2,10651
11150,Jan,0.5,,2,263
11151,Jan,1,,1,10342
11156,Apr,1,,1,10320
11162,Apr,1,,1,10320
11163,Jun,1,,1,10315
11169,Aug,0.5,,2,10651
11173,Mar,1,,1,10320
11175,May,1,,1,10320
11180,Aug,1,,1,10320
11183,Jun,1,,1,10320
11184,Jul,1,,1,10320
11185,Jun,1,,1,10320
11193,Apr,1,,1,10320
11198,May,1,,1,10320
11199,May,1,,1,10651
11201,Mar,0.667,,3,"10302,10315"
11206,Apr,0.5,,2,10651
11207,Jun,1,,1,10651
11209,Apr,1,,1,10651
11210,Mar,1,,1,10302
11213,Mar,0.667,,3,"10302,10315"
11218,Feb,0.5,,4,"10302,10651"
11219,Apr,0.333,,3,10042
11220,Mar,1,,1,10651
11222,Apr,1,,1,10342
11226,Aug,1,,1,10342
11242,Jun,1,,3,"10302,10315,10651"
11243,Apr,1,,1,10651
11261,Feb,1,,1,263
11264,Jul,0.6,,5,"10302,10315,10651"
11285,May,1,,1,10053
11292,Mar,1,,1,10053
11304,May,1,,1,10651
11306,Jun,0.6,,5,"10302,10315,10651"
11307,Jul,0.5,,2,10651
11308,Jun,0.5,,4,"10302,10651"
11309,Dec,1,,1,10302
11310,Apr,0.5,,2,10097
11318,May,1,,1,10302
11326,May,1,,1,10302
11327,May,1,,1,10302
11328,May,1,,1,10302
11336,May,1,,2,"10302,10315"
11344,Jun,1,,1,10651
11353,Apr,0.5,,2,10097
11359,May,1,,1,10315
11362,Jun,0.5,,2,10042
11372,Dec,1,,1,10302
11387,Apr,1,,1,10342
11389,Jul,1,,3,"10302,10315,10651"
11396,Dec,1,,1,10342
11407,Apr,1,,1,10342
11408,Mar,0.5,,2,10651
11409,Feb,1,,1,10342
11411,Apr,1,,1,10342
11412,Mar,1,,2,"263,10342"
11414,Dec,0.5,,2,10302
11415,Mar,1,,1,10342
11416,Apr,0.5,,2,10651
11417,Mar,1,,1,10342
11418,Mar,1,,1,10342
11419,Apr,1,,1,10342
11420,Feb,1,,1,10342
11421,Feb,1,,2,"263,10342"
11422,Feb,1,,1,10342
11423,Apr,1,,1,10342
11425,Mar,1,,1,10342
11455,Mar,1,,1,10651
11456,Jul,0.5,,2,10302
11460,Mar,1,,1,10342
11471,Jul,1,,1,10315
11479,Jan,1,,1,10342
11480,Feb,1,,1,10342
11483,Jan,1,,1,10342
11494,Apr,0.5,,2,10315
11496,May,1,,1,10651
11501,May,1,,1,10315
11502,Feb,0.333,,3,10342
11503,Jul,0.5,,2,10651
11506,Jun,0.5,,2,10651
11524,Aug,1,,1,10651
11528,Jul,1,,1,10651
11587,May,0.667,,3,"10302,10315"
11588,Apr,1,,1,10342
11589,Mar,1,,2,"263,10342"
11590,Jun,0.75,,4,"10302,10315,10651"
11595,Jun,0.5,,4,"10315,10651"
11598,Jul,1,,1,10651
11601,May,1,,1,10651
11602,Jun,1,,2,"10302,10651"
11607,Jun,0.667,,3,"10302,10315"
11608,May,0.667,,3,"10302,10651"
11611,Apr,0.5,,4,"10097,10651"
11612,Jul,0.333,,3,10315
11616,May,0.667,,3,"10302,10315"
11619,May,0.667,,3,"10302,10315"
11620,May,1,,1,10651
11626,Jun,0.5,,2,10651
11635,May,1,,1,10053
11644,Jul,0.5,,4,"10315,10651"
11661,Jan,1,,1,10320
11664,Dec,1,,1,10302
11669,Dec,1,,1,10302
11672,Feb,1,,1,10315
11673,Dec,1,,1,10302
11682,Dec,0.5,,2,10302
11683,Dec,0.5,,2,10302
11685,Dec,0.333,,3,10302
11752,Apr,1,,1,10053
11753,Apr,1,,1,10053
11760,Apr,1,,1,10053
11768,Apr,1,,1,10053
11913,Jun,1,,1,10651
11915,May,1,,1,10651
11918,Apr,0.667,,3,"10302,10651"
11919,Apr,0.667,,3,"10302,10315"
11920,Apr,1,,2,"10302,10651"
11924,May,1,,1,10651
11925,Apr,1,,1,10651
11932,Jul,1,,1,10302
11934,Aug,0.5,,2,10320
12009,Jul,1,,1,10651
12010,Jul,0.5,,2,10651
12011,Jul,1,,1,10651
12023,Nov,1,,1,10320
12026,Oct,1,,1,10320
12116,Jun,0.4,,5,"10315,10651"
12120,Apr,1,,1,10093
12121,May,0.667,,3,"10315,10651"
12123,Dec,1,,1,10302
12125,Jun,1,,2,"10302,10651"
12126,Dec,0.5,,2,10302
12127,Jun,0.75,,4,"10302,10315,10651"
12136,Apr,0.5,,2,10342
12141,Apr,0.5,,2,10651
12225,Aug,1,,1,10292
12231,Feb,0.5,,2,10342
12250,Feb,0.5,,2,10342
12252,Dec,0.333,,3,10302
12255,Jul,0.75,,4,"10302,10315,10651"
12257,Jan,0.5,,2,10093
12260,Jun,1,,3,"10302,10315,10651"
12261,Jun,1,,3,"10302,10315,10651"
12262,Jun,1,,3,"10302,10315,10651"
12265,Jul,1,,1,10315
12271,Jul,0.5,,2,10651
12277,Mar,1,,1,10342
12282,Dec,0.5,,2,10302
12287,Feb,1,,1,10342
12289,Mar,1,,1,10342
12290,Apr,1,,2,"10093,10651"
12380,Apr,1,,1,10053
12531,Dec,0.333,,3,10651
12535,Dec,1,,1,10302
12632,Mar,0.5,,2,10342
12636,May,0.667,,3,"10315,10651"
12656,Feb,0.25,,4,10342
12661,Sep,1,,1,10320
12679,Aug,1,,1,10320
12689,Aug,0.5,,2,10042
12701,Jun,0.667,,3,"10342,10651"
12749,Jul,1,,1,10651
12750,May,0.5,,4,"263,10342"
12753,Apr,1,,1,10342
12756,Jan,0.429,,7,"10042,10093,10097"
12766,Jul,1,,1,10651
12772,Apr,0.5,,2,10651
12774,May,1,,1,10302
12775,Jun,1,,1,10042
12776,May,1,,1,10651
12777,May,1,,3,"10302,10315,10651"
12781,Jul,1,,1,10651
12782,May,1,,1,10651
12792,Feb,0.333,,3,10342
12822,Jun,1,,3,"10302,10315,10651"
12823,May,0.667,,3,"10302,10651"
12824,Apr,1,,2,"10342,10651"
12827,Jul,0.5,,2,10651
12828,Feb,1,,1,10342
12830,Aug,1,,1,10651
12840,Jan,1,,1,10342
12857,Aug,0.5,,2,10651
12867,Jun,1,,1,10292
12874,Apr,0.5,,2,10342
12876,Jul,0.5,,2,10315
12887,Jul,0.5,,4,"10315,10651"
12890,Aug,1,,1,10651
12891,Jul,1,,2,"10302,10651"
12908,Aug,1,,1,10651
12912,Apr,0.25,,4,10651
12917,Jul,0.5,,4,"10302,10651"
12926,Jul,0.75,,4,"10302,10342,10651"
12936,Aug,1,,1,10651
12937,Aug,1,,1,10651
12964,Apr,0.25,,4,10342
12965,Sep,1,,2,"263,10342"
12970,Aug,1,,2,"10302,10651"
12974,Jun,1,,1,10042
13019,Jun,0.5,,2,10651
13022,Jun,1,,1,10651
13023,Jul,1,,1,10651
13151,Jun,0.667,,3,"10042,10315"
13179,Jul,1,,1,10302
13181,Jun,0.375,,8,"10042,10302,10315"
13182,Jul,1,,1,10651
13185,Aug,1,,1,10651
13191,Apr,1,,1,10342
13192,Apr,1,,2,"10342,10651"
13195,Jan,1,,2,"263,10342"
13199,May,0.75,,4,"10302,10315,10651"
13225,May,0.571,,7,"10302,10315,10342,10651"
13226,Apr,1,,1,10093
13235,Jun,1,,1,10651
13239,May,0.6,,5,"10302,10315,10651"
13242,Jun,0.75,,4,"10302,10315,10651"
13243,Jun,0.429,,7,"10302,10315,10651"
13246,Apr,0.5,,2,10651
13248,May,1,,2,"10302,10651"
13250,Jun,0.667,,3,"10302,10651"
13348,Jul,1,,1,10651
13372,Mar,1,,1,10097
13384,Jun,1,,1,10315
13395,Aug,1,,1,10320
13396,Aug,1,,1,10320
13406,Jun,0.667,,3,"10302,10315"
13409,May,1,,1,10292
13411,May,1,,1,10302
13416,Jun,0.5,,2,263
13418,Apr,1,,1,10651
13420,Mar,1,,1,10651
13421,Mar,0.667,,3,"10302,10651"
13423,Jun,1,,1,10042
13456,Jun,1,,2,"10302,10651"
13463,May,1,,1,10651
13465,May,1,,1,10651
13468,Aug,0.4,,5,"263,10302"
13470,Dec,0.5,,2,10302
13472,Apr,0.6,,5,"10097,10342,10651"
13474,Dec,1,,1,10302
13476,Jun,0.6,,5,"10302,10315,10651"
13477,Mar,1,,1,10342
13487,Oct,0.5,,2,10342
13507,Jul,1,,1,10320
13511,Sep,1,,1,10320
13512,Oct,1,,1,10320
13514,Aug,0.333,,3,10320
13535,Jul,1,,1,10292
13536,May,1,,1,10097
13551,Jan,1,,1,10342
13580,Jul,1,,1,10651
13581,Aug,0.5,,4,"10302,10651"
13592,Apr,1,,1,10342
13602,Feb,1,,1,10342
13607,Jul,1,,1,10320
13651,Jul,1,,1,10320
13685,Sep,1,,1,10320
13726,Sep,1,,1,10320
13745,variable,1,,1,10097
13894,Jul,1,,1,10651
13903,Jul,1,,1,10651
13928,Jul,1,,1,10651
13955,Jun,0.429,,7,"10302,10315,10651"
13968,Jul,1,,1,10315
13972,May,1,,1,10342
13974,Apr,1,,1,10342
13975,Apr,1,,1,10342
13977,Apr,1,,1,10342
13978,Jan,0.5,,2,263
13980,Mar,1,,2,"263,10342"
13981,May,1,,3,"10302,10315,10651"
13982,Jun,1,,1,10651
13989,Jan,1,,1,10342
14053,May,1,,1,10302
14057,Jul,1,,2,"10302,10315"
14072,Aug,1,,1,10053
14097,Jul,0.5,,4,"10315,10651"
14100,Jul,0.5,,2,10651
14102,Jun,1,,3,"10302,10315,10651"
14104,Aug,0.5,,2,10651
14106,Jun,1,,2,"10315,10651"
14109,May,1,,1,10302
14127,Jun,1,,3,"10302,10315,10651"
14128,Dec,0.5,,2,10302
14131,Jun,1,,1,10651
14144,Jun,1,,1,10651
14159,Apr,0.5,,2,10093
14162,Apr,0.333,,3,10093
14178,Apr,1,,2,"263,10342"
14183,Feb,1,,1,10342
14188,Sep,1,,1,10320
14189,Aug,1,,1,10320
14194,Jan,1,,1,10320
14199,Jun,1,,1,10651
14201,Jun,1,,1,10053
14213,May,1,,1,10097
14293,Jun,1,,1,10302
14295,Jun,0.5,,4,"10302,10651"
14304,Jul,0.75,,4,"10302,10342,10651"
14322,Aug,1,,1,10651
14324,Jul,1,,2,"10302,10315"
14328,Aug,1,,1,10651
14334,Jul,1,,1,10342
14343,Jul,0.667,,6,"10302,10315,10342,10651"
14353,Jun,1,,1,10042
14414,Apr,0.25,,4,10651
14437,Jun,1,,1,10651
14452,Apr,1,,1,10292
14497,May,1,,1,10651
14504,May,0.5,,2,10651
14555,Apr,1,,1,10651
14563,Feb,1,,2,"263,10342"
14575,Oct,1,,1,10320
14595,May,1,,2,"263,10342"
14668,Jul,1,,1,10651
14730,Jun,0.333,,3,10651
14733,Jun,0.333,,3,10315
14735,May,1,,1,10651
14746,Jul,0.5,,4,"10302,10315"
14747,Jul,0.5,,2,10302
14748,Jul,1,,3,"10302,10315,10651"
14749,Jul,1,,3,"10302,10315,10651"
14750,Jul,0.5,,2,10302
14802,Jun,1,,1,10053
14825,Jun,1,,1,10651
14857,Jul,0.5,,2,10302
14858,Aug,1,,1,10342
14862,Aug,1,,1,10320
14868,Sep,1,,1,10320
14869,Aug,1,,1,10320
14871,Sep,1,,1,10320
14886,Feb,0.5,,2,10097
14928,Jul,1,,1,10651
14930,May,1,,1,10302
14932,Jul,1,,1,10302
14933,Apr,1,,1,10302
14934,Jul,0.333,,3,10651
14935,Dec,0.5,,2,10302
14959,Jul,1,,1,10302
14982,Feb,0.5,,2,10302
14983,Jun,1,,1,10651
14986,Jun,1,,1,10651
14987,Jul,0.333,,3,10651
14988,May,1,,1,10651
14989,Jul,1,,1,10651
14993,May,1,,1,10302
14994,Jun,1,,1,10651
14997,Jun,1,,1,10651
14998,Apr,1,,1,10651
14999,Jun,1,,1,10651
15000,Jun,1,,1,10651
15001,Jul,0.5,,2,10651
15005,Jun,1,,1,10651
15006,Apr,1,,2,"10315,10651"
15007,Mar,0.5,,2,10651
15008,Jun,1,,1,10651
15009,Jun,1,,1,10651
15010,Jun,1,,1,10651
15011,Jul,1,,1,10651
15015,Jun,1,,1,10651
15016,Jun,1,,1,10651
15017,Jun,1,,1,10651
15018,Jun,1,,1,10651
15020,Feb,1,,1,10053
15032,Dec,0.5,,2,10342
15052,Jun,1,,1,10342
15054,Jul,1,,1,10651
15055,May,1,,1,10651
15105,Mar,1,,2,"263,10342"
15114,Aug,1,,2,"263,10342"
15119,Apr,1,,1,10342
15124,Mar,1,,1,10342
15125,Mar,1,,1,10342
15126,Jul,1,,3,"10302,10315,10651"
15132,Aug,1,,1,10320
15137,Jul,1,,3,"10302,10315,10651"
15143,Jun,0.667,,3,"10315,10651"
15148,Dec,1,,2,"263,10342"
15150,Jun,1,,1,10651
15151,Jun,0.667,,3,"10302,10651"
15166,Jun,0.5,,2,10651
15195,Mar,1,,1,10342
15196,Jul,1,,1,10302
15198,Jul,1,,1,10651
15211,Jul,1,,3,"10302,10315,10651"
15222,Aug,1,,1,10651
15225,Jul,1,,3,"10302,10315,10651"
15231,Jul,0.667,,3,"10302,10315"
15237,Jul,1,,2,"10302,10315"
15239,Aug,0.333,,3,10651
15242,Jul,1,,1,10651
15247,Aug,1,,1,10651
15249,May,1,,2,"263,10342"
15281,Mar,1,,2,"263,10342"
15294,Jul,1,,1,10302
15331,Jul,1,,1,10651
15364,Feb,1,,1,10053
15418,Sep,1,,1,10042
15427,Jul,1,,1,10651
15627,Jun,0.75,,4,"10302,10315,10651"
15628,Jul,1,,3,"10302,10315,10651"
15635,Jul,0.5,,2,10315
15649,Jun,0.5,,2,10651
15661,Apr,1,,1,10651
15669,Jul,0.5,,6,"10302,10315,10651"
15672,Aug,0.5,,2,10651
15674,Jul,1,,1,10302
15675,Aug,1,,1,10651
15693,Jun,1,,1,10302
15694,Jun,0.667,,3,"10302,10651"
15696,Jul,0.5,,2,10302
15697,Jun,0.667,,3,"10302,10651"
15710,Jan,1,,2,"263,10342"
15711,Feb,1,,2,"263,10342"
15716,Jun,0.5,,2,263
15717,Apr,1,,1,10342
15718,Dec,1,,2,"263,10342"
15719,Feb,0.5,,2,10342
15720,Feb,1,,2,"263,10342"
15723,Feb,0.667,,3,"263,10342"
15724,Feb,1,,2,"263,10342"
15725,Jan,1,,1,10342
15726,Mar,1,,2,"263,10342"
15727,Apr,0.5,,2,10342
15729,Apr,1,,1,10651
15730,Mar,1,,1,10342
15732,Feb,0.667,,3,"263,10342"
15734,May,1,,1,10342
15735,Jan,1,,1,10342
15736,Dec,0.333,,3,10302
15738,Apr,0.5,,2,263
15741,Feb,0.5,,2,263
15742,Apr,1,,1,10342
15743,May,1,,1,10342
15744,Mar,1,,1,10342
15745,Feb,1,,2,"263,10342"
15747,May,0.667,,3,"10315,10651"
15748,Mar,1,,2,"263,10342"
15749,May,1,,2,"263,10342"
15750,Apr,0.5,,4,"10093,10053"
15760,Oct,1,,1,10320
15784,Mar,1,,1,10342
15809,May,0.667,,3,"10315,10651"
15810,May,1,,2,"10302,10315"
15817,May,1,,1,10315
15819,Sep,1,,1,10302
15824,Jun,1,,1,10097
15845,Feb,1,,1,10320
16050,Jun,1,,1,10651
16053,Jun,1,,2,"10315,10651"
16054,Jun,1,,2,"10315,10651"
16057,Jun,0.667,,3,"10315,10651"
16116,Jun,1,,2,"10302,10315"
16118,Oct,1,,1,10053
16126,Jul,1,,2,"10302,10651"
16136,Jun,1,,1,10651
16145,Jul,1,,1,10651
16151,Jun,1,,2,"10302,10651"
16161,Apr,0.5,,2,10342
16169,Jun,1,,2,"10302,10315"
16171,May,0.5,,6,"10302,10315,10651"
16172,Jul,1,,1,10651
16177,May,0.667,,3,"10302,10315"
16190,May,0.75,,4,"10302,10315,10651"
16191,Jun,1,,1,10651
16193,Jun,1,,1,10651
16198,Aug,1,,1,10292
16209,Jul,0.4,,5,"10302,10315"
16211,Dec,1,,1,10302
16223,Jul,1,,1,10651
16229,May,0.5,,4,"10315,10651"
16230,Jun,1,,2,"10302,10315"
16232,Jul,0.667,,3,"10302,10651"
16238,Jun,0.5,,2,10315
16240,Jun,1,,3,"10302,10315,10651"
16241,Jun,1,,1,10651
16242,Jul,1,,1,10651
16250,Jun,1,,1,10651
16252,Jul,0.5,,2,10651
16255,Jun,1,,1,10651
16256,Jun,1,,1,10651
16260,Jun,0.75,,4,"10302,10315,10651"
16262,Jul,1,,1,10651
16277,Aug,1,,1,10053
16307,Aug,1,,1,10320
16312,Apr,0.5,,2,10315
16365,Jul,1,,1,10651
16377,Mar,1,,1,10093
16381,Jan,0.5,,2,10342
16383,May,1,,1,10651
16388,variable,1,,1,10053
16430,Sep,1,,1,10320
16440,Jul,1,,1,10320
16441,Sep,1,,1,10320
16443,Dec,1,,1,10320
16444,Jul,1,,1,10320
16454,Apr,0.5,,2,10302
16456,Mar,1,,1,10342
16458,Jul,1,,1,10651
16520,Jul,0.5,,2,10302
16522,Aug,0.5,,2,10651
16523,Jul,1,,1,10302
16524,Jul,0.4,,5,"10315,10651"
16535,Jun,0.8,,5,"10302,10315,10342,10651"
16536,Jun,1,,2,"10302,10651"
16541,Jul,1,,1,10651
16543,Jun,1,,1,10302
16552,Jun,0.75,,4,"10302,10315,10651"
16555,Aug,0.5,,2,10651
16557,Jun,1,,1,10315
16559,Jul,1,,1,10651
16560,Jun,0.667,,3,"10302,10651"
16561,Jul,0.5,,2,10651
16568,Jun,1,,3,"10302,10315,10651"
16572,Jun,0.667,,3,"10302,10651"
16574,Jul,0.6,,5,"10302,10315,10651"
16575,Jun,0.6,,5,"10302,10315,10651"
16586,Aug,1,,1,10651
16587,Jul,0.75,,4,"10302,10315,10651"
16593,Jul,0.6,,5,"10302,10315,10651"
16596,Jun,0.667,,3,"10302,10315"
16601,Jul,0.6,,5,"10302,10315,10651"
16602,Jul,1,,1,10302
16604,Jul,1,,2,"10302,10651"
16605,Jul,1,,2,"10302,10315"
16606,Jun,0.667,,3,"10315,10651"
16607,Jul,1,,1,10651
16610,Aug,1,,1,10302
16611,Jul,1,,1,10651
16616,Jul,1,,1,10302
16617,Dec,1,,1,10320
16629,Mar,0.667,,3,"10302,10651"
16631,Jun,0.5,,2,10651
16633,Jul,0.5,,2,10302
16636,Jun,0.667,,3,"10302,10651"
16637,Apr,0.5,,2,10302
16638,May,0.4,,5,"10315,10651"
16639,Dec,0.5,,2,10302
16640,Apr,0.667,,3,"10315,10651"
16641,Apr,0.5,,2,10315
16642,Apr,0.5,,2,10651
16643,Jun,1,,1,10651
16655,Apr,1,,2,"10093,10342"
16658,May,0.667,,3,"10302,10651"
16659,Feb,1,,1,10093
16664,Aug,0.5,,2,10042
16681,Jul,1,,1,10651
16687,Aug,0.5,,4,"10302,10651"
16690,Jun,1,,1,10302
16697,Jun,1,,1,10302
16699,Jul,0.6,,5,"10302,10315,10651"
16723,Jun,0.5,,2,10302
16728,Feb,1,,2,"10302,10315"
16732,Jul,1,,1,10302
16739,Jul,0.5,,2,10651
16769,Feb,0.667,,3,"10342,10651"
16775,Jun,1,,1,10315
16786,Apr,0.5,,2,263
16789,Jul,0.5,,2,10651
16796,Jun,0.5,,4,"10302,10651"
16798,Jul,0.5,,2,10315
16803,Apr,0.143,,7,10097
16804,Jul,1,,1,10651
16806,Jul,0.5,,2,263
16807,Feb,0.333,,3,10342
16815,Jul,1,,1,10651
16817,Mar,1,,1,10342
16824,Jul,1,,1,10651
16829,Jun,0.4,,5,"10302,10315"
16839,Aug,1,,1,10651
16840,Apr,0.5,,2,10292
16846,Jul,1,,1,10651
16850,Jun,1,,1,10651
16851,Dec,0.333,,3,10320
16858,Jul,1,,2,"10302,10651"
16860,Jun,1,,1,10302
16870,Jun,1,,1,10651
16893,Jan,1,,1,10320
16904,Dec,1,,1,10320
16905,Dec,1,,1,10320
16919,Jul,1,,1,10651
16936,Apr,0.333,,3,10315
16937,May,1,,1,10651
16939,Jun,1,,1,10651
16941,May,0.5,,4,"10302,10315"
16942,May,0.667,,3,"10315,10651"
16943,Jun,1,,2,"10302,10651"
16944,Mar,0.667,,3,"10302,10315"
16971,Aug,0.5,,2,10651
16983,Aug,0.5,,2,10320
16985,Jan,0.5,,2,10342
16986,Apr,0.5,,2,10651
16987,Apr,0.4,,5,"10315,10651"
16990,Jul,1,,1,10320
16991,May,1,,1,10320
16993,Apr,0.5,,2,10651
16994,May,1,,1,10315
16995,Aug,0.25,,4,10320
16998,Feb,1,,1,10342
17000,Feb,1,,1,10342
17002,Feb,1,,1,10342
17003,Feb,1,,1,10342
17006,Apr,0.5,,4,"10315,10651"
17007,Mar,1,,1,10093
17008,Dec,1,,2,"263,10342"
17009,Feb,1,,1,10342
17010,May,1,,1,10315
17028,Jul,1,,1,10302
17032,Jul,0.667,,3,"10302,10315"
17038,Jul,1,,1,10651
17041,Dec,0.333,,3,10320
17043,Nov,1,,1,10320
17044,Feb,1,,1,10320
17045,Jun,1,,2,"10302,10651"
17052,Dec,1,,1,10320
17056,Feb,1,,2,"263,10342"
17060,May,1,,3,"10302,10315,10651"
17069,Jun,0.5,,4,"10097,10302"
17071,Jul,1,,1,10651
17072,Apr,0.667,,3,"10302,10651"
17073,Apr,0.667,,3,"263,10342"
17076,May,1,,2,"10302,10651"
17077,May,1,,2,"10302,10315"
17117,Mar,1,,2,"10302,10315"
17170,Apr,0.5,,4,"263,10342"
17180,May,1,,1,10053
17204,Feb,1,,1,10342
17228,Feb,1,,1,10342
17229,Apr,1,,1,10342
17282,Jul,1,,1,10342
17293,Aug,1,,1,10097
17296,Apr,1,,1,10651
17299,Jul,1,,1,10342
17320,Dec,1,,1,10320
17634,Apr,1,,1,10097
17640,Apr,1,,1,10651
17656,Dec,0.5,,2,10302
17661,May,1,,2,"10315,10651"
17662,Dec,1,,1,10302
17669,Dec,1,,1,10302
17670,May,1,,1,10651
17674,May,1,,1,10651
17679,Dec,1,,1,10302
17681,May,1,,1,10651
17690,Jul,0.667,,3,"10302,10315"
17698,Aug,0.5,,2,10651
17703,Jul,1,,1,10292
17705,Jul,1,,1,10292
17722,Jun,1,,1,10651
17724,Apr,1,,2,"10315,10651"
17728,Mar,1,,2,"263,10342"
17735,Mar,1,,2,"263,10342"
17739,Dec,1,,2,"263,10342"
17743,Feb,1,,1,10342
17751,Apr,1,,1,10342
17752,Apr,1,,2,"263,10342"
17757,Apr,1,,2,"263,10342"
17764,Dec,0.333,,3,10302
17778,Apr,0.667,,3,"10302,10315"
17787,Mar,1,,1,10093
17790,May,1,,1,10651
17796,May,0.75,,4,"10302,10315,10651"
17798,Jun,0.5,,4,"10302,10315"
17799,Jun,0.667,,3,"10302,10651"
17813,Mar,0.5,,2,10093
17822,Mar,1,,2,"263,10342"
17825,Apr,0.4,,5,"10302,10651"
17830,Jan,0.333,,3,10093
17833,Feb,0.5,,2,10342
17834,Apr,1,,2,"10093,10097"
17835,Jun,0.667,,3,"10302,10651"
17837,Mar,1,,1,10342
17851,Feb,1,,2,"263,10342"
17852,Mar,1,,1,263
17855,Jun,0.5,,4,"10302,10315"
17866,Jun,0.5,,2,10302
17871,Dec,1,,1,10302
17874,Feb,1,,2,"263,10342"
17880,Jun,1,,1,10651
17881,Oct,1,,1,10342
17889,Apr,0.5,,2,10651
17895,Jul,0.667,,3,"10302,10651"
17904,May,0.667,,3,"10302,10315"
17907,Mar,0.333,,3,10342
17913,Jan,0.2,,5,10342
17920,Jun,0.5,,4,"10302,10651"
17927,Mar,0.667,,3,"10093,10342"
17929,Feb,1,,1,10342
17930,Oct,1,,1,10342
17936,Feb,1,,2,"263,10342"
17939,Feb,1,,1,10651
17946,Mar,1,,1,10342
17947,Apr,0.25,,4,10302
17949,Dec,0.667,,3,"10093,10302"
17950,Feb,1,,1,10342
17953,Apr,0.5,,2,10651
17963,Jun,1,,3,"10302,10315,10651"
17970,Apr,0.5,,2,10651
17971,Feb,1,,1,10342
17972,May,1,,1,10097
18003,Aug,0.25,,4,10320
18006,Jul,1,,1,10302
18013,Jul,1,,1,10651
18024,Jun,0.667,,3,"10302,10651"
18025,Jul,1,,1,10651
18028,Jul,0.333,,3,10651
18029,May,0.6,,5,"10302,10315,10651"
18040,Jul,0.5,,2,10651
18041,Oct,1,,1,10320
18047,Jun,0.667,,3,"10315,10651"
18054,Aug,1,,1,10651
18116,Jul,1,,1,10651
18118,Aug,0.333,,3,10651
18123,Aug,0.5,,2,10320
18128,Aug,1,,1,10320
18144,Jul,1,,2,"10302,10651"
18148,Jun,1,,1,10651
18191,Jul,1,,1,10320
18194,Oct,1,,1,10320
18196,Mar,1,,1,10320
18202,Sep,1,,1,10320
18213,Apr,0.5,,2,10651
18267,Jul,0.4,,5,"10302,10651"
18269,Jul,0.667,,3,"10302,10315"
18283,May,0.667,,3,"10315,10651"
18285,Jul,0.667,,3,"10302,10651"
18289,Jun,1,,1,10097
18291,Jul,0.667,,3,"10302,10315"
18292,Jul,0.75,,4,"10302,10315,10651"
18293,Jul,0.75,,4,"10302,10315,10651"
18303,Apr,1,,1,10342
18315,Dec,0.5,,2,10302
18337,Aug,1,,1,10342
18339,Jan,1,,2,"263,10342"
18342,Jan,1,,1,10342
18343,Dec,0.333,,3,10302
18348,May,1,,1,10342
18350,Jun,0.5,,2,10302
18353,Jun,1,,1,10302
18355,Jun,1,,1,10651
18358,May,1,,1,10651
18367,Jun,1,,2,"10302,10651"
18369,Jun,1,,1,10651
18370,May,1,,2,"10302,10315"
18373,Jul,1,,1,10302
18375,Jun,0.667,,3,"10302,10315"
18383,Jun,1,,1,10651
18391,Jul,1,,1,10302
18395,May,1,,3,"10302,10315,10651"
18400,Jun,1,,1,10302
18402,Jun,0.333,,6,"10302,10651"
18407,May,1,,2,"10302,10651"
18408,Jun,1,,1,10302
18411,Jul,1,,1,10302
18433,Apr,1,,1,10097
18448,Apr,0.5,,4,"10042,10651"
18476,Dec,1,,1,10302
18528,May,1,,1,10342
18540,Apr,1,,1,10320
18560,Apr,1,,1,10342
18566,Mar,1,,1,10097
18568,Jan,1,,1,10342
18574,Apr,0.5,,2,10097
18612,Jul,1,,1,10042
18618,Jul,0.5,,4,"10315,10651"
18623,May,1,,1,10651
18625,Feb,0.5,,2,10342
18626,May,1,,1,10651
18630,May,0.5,,4,"10342,10651"
18633,Jul,0.5,,2,10315
18637,Feb,1,,1,10342
18638,Apr,0.333,,3,10651
18643,Jun,1,,1,10292
18644,Jun,1,,3,"10302,10315,10651"
18645,Jun,1,,3,"10302,10315,10651"
18657,Aug,0.25,,4,10651
18659,Jun,1,,1,10651
18662,Jun,1,,1,10651
18685,Jul,1,,1,10651
18693,Sep,1,,1,10651
18735,Mar,1,,1,10097
18747,Apr,1,,1,10093
18750,Aug,1,,1,10097
18770,Aug,0.5,,2,10651
18773,Jul,0.5,,6,"10302,10315,10651"
18794,Jan,1,,2,"263,10342"
18796,Jan,1,,1,10093
18805,Dec,0.5,,2,10302
18812,May,1,,1,10651
18815,May,0.667,,3,"10302,10315"
18819,May,0.4,,5,"10315,10651"
18820,Apr,0.333,,3,10292
18821,May,1,,1,10651
18823,Apr,0.5,,2,10651
18831,Apr,1,,1,10342
18833,Jan,0.5,,2,10342
18834,Jun,0.5,,2,10651
18839,Feb,0.333,,3,10093
18843,Apr,0.5,,2,10302
18844,Mar,0.5,,4,"10302,10651"
18846,Jun,1,,1,10651
18847,Apr,0.75,,4,"10302,10315,10651"
18851,Apr,1,,1,10651
18852,Apr,0.5,,2,10651
18857,Oct,1,,1,10320
18858,Feb,1,,1,10342
18914,Apr,0.667,,3,"10302,10315"
18924,May,1,,1,10342
18925,Jan,1,,1,10342
18930,Dec,1,,1,10320
18948,May,1,,1,10053
18949,May,1,,1,10651
18951,Apr,1,,1,10302
18956,Jun,0.5,,2,10302
18961,Feb,1,,1,10342
18964,Apr,0.667,,3,"10342,10651"
18965,Apr,0.5,,2,10342
18966,Apr,1,,1,10651
18970,Apr,1,,1,10651
18972,Dec,1,,2,"263,10342"
18973,Jan,0.5,,2,10342
18975,Apr,0.25,,4,10302
18976,Apr,1,,2,"10342,10651"
18977,Apr,1,,1,10651
18981,Jun,0.5,,2,10651
18983,Apr,0.333,,3,10651
18985,variable,1,,1,10053
18987,Oct,1,,1,10342
18999,Apr,0.333,,3,10651
19001,Apr,1,,1,10651
19002,Apr,1,,1,10651
19005,Feb,1,,1,10651
19008,Mar,0.75,,4,"10302,10315,10651"
19014,Mar,1,,2,"10315,10651"
19015,Apr,0.5,,2,10651
19017,Jul,0.5,,2,10302
19019,May,1,,1,10651
19022,Mar,0.667,,3,"10302,10315"
19115,Dec,0.5,,2,10302
19116,Feb,1,,1,10315
19117,Feb,0.667,,3,"10302,10315"
19118,Mar,1,,1,10651
19121,Jan,1,,1,10651
19123,Aug,1,,2,"10302,10651"
19128,Jul,0.5,,2,10302
19132,Jul,0.5,,4,"10315,10651"
19133,Jun,1,,3,"10302,10315,10651"
19134,Dec,0.5,,2,10302
19135,Jul,0.667,,3,"10302,10651"
19136,Jun,0.667,,3,"10302,10315"
19137,May,0.4,,5,"10302,10342"
19138,Jun,0.5,,4,"10315,10651"
19141,Jun,1,,2,"10302,10651"
19146,Jun,0.333,,6,"10315,10651"
19151,Jun,0.75,,4,"10302,10315,10651"
19165,Jun,1,,1,10651
19167,Oct,1,,1,10320
19170,Aug,1,,1,10042
19171,Apr,0.333,,3,10342
19173,May,1,,1,10651
19183,Jun,0.5,,2,10651
19185,Apr,1,,1,10651
19188,Jul,1,,1,10651
19191,Jun,1,,1,10302
19197,May,0.5,,4,"10302,10315"
19200,Aug,0.333,,3,10320
19205,Apr,0.5,,2,10651
19206,May,0.5,,4,"10302,10315"
19207,Apr,0.5,,2,10342
19213,Jun,1,,3,"10302,10315,10651"
19215,Jul,0.5,,2,10302
19216,Jun,1,,1,10302
19217,Jun,1,,3,"10302,10315,10651"
19218,Apr,0.667,,3,"263,10342"
19220,Apr,0.5,,2,10651
19222,May,0.4,,5,"10302,10315"
19228,Apr,0.167,,6,10651
19229,Jun,1,,2,"10302,10651"
19230,Jun,1,,1,10651
19233,Jun,1,,3,"10302,10315,10651"
19234,Apr,0.5,,2,10651
19236,Jun,0.6,,5,"10302,10315,10651"
19315,Jan,1,,1,10053
19369,Jun,0.5,,2,10651
19383,Oct,1,,1,10320
19384,Aug,1,,1,10320
19393,Mar,0.5,,2,10342
19414,Jun,1,,1,10651
19417,May,1,,1,10315
19435,Jun,1,,1,10302
19445,Sep,1,,1,10320
19464,Sep,1,,1,10320
19492,Apr,1,,1,10315
19496,Jun,1,,1,10342
19498,Jan,1,,2,"263,10342"
19509,Apr,0.5,,2,10342
19514,Jan,1,,2,"263,10342"
19515,Apr,1,,1,10651
19519,Apr,1,,2,"10302,10315"
19522,Mar,1,,1,10342
19525,Jun,1,,2,"10315,10651"
19531,Jan,1,,2,"263,10342"
19532,Nov,1,,1,10320
19535,Jan,1,,1,10320
19537,Jan,1,,1,10320
19538,Mar,1,,1,10320
19539,Nov,1,,1,10320
19540,Dec,1,,1,10320
19541,Dec,1,,1,10320
19542,Jan,1,,1,10320
19545,Aug,1,,2,"10302,10651"
19546,Apr,0.5,,2,10302
19549,Jul,1,,1,10651
19552,Jun,1,,2,"10302,10651"
19553,Jun,1,,2,"10302,10651"
19554,Jul,1,,3,"10302,10315,10651"
19555,Aug,1,,1,10651
19558,Jun,1,,1,10651
19560,Aug,1,,1,10651
19561,Jul,0.333,,3,10651
19563,May,1,,1,10651
19565,Aug,0.4,,5,"10315,10651"
19571,Jul,1,,1,10651
19572,Jul,1,,1,10651
19576,Aug,0.667,,3,"10315,10651"
19581,Nov,1,,1,10320
19588,Aug,1,,1,10315
19601,Nov,1,,1,10320
19602,Jul,1,,1,10651
19611,Aug,1,,3,"10302,10315,10651"
19612,Jul,1,,1,10651
19620,Dec,1,,1,10320
19630,variable,1,,1,10053
19635,Jun,0.5,,2,10651
19639,Jun,0.667,,3,"10302,10315"
19642,May,0.6,,5,"10302,10315,10651"
19644,May,1,,1,10651
19649,Aug,0.5,,2,10042
19651,Jul,0.5,,2,10651
19655,Apr,0.5,,4,"10097,10651"
19656,Jun,1,,1,10651
19660,Apr,0.2,,5,10651
19662,Apr,0.5,,2,10097
19665,May,1,,3,"10302,10315,10651"
19666,Jun,1,,1,10651
19668,Jun,1,,3,"10302,10315,10651"
19669,Jul,1,,1,10651
19670,Apr,0.25,,4,10302
19671,May,1,,2,"10315,10651"
19672,May,1,,3,"10302,10315,10651"
19673,Jun,1,,1,10320
19674,Mar,1,,2,"263,10342"
19675,May,0.75,,4,"10302,10315,10651"
19676,Apr,0.4,,5,"10042,10315"
19677,May,0.667,,3,"10302,10315"
19680,Jul,0.5,,2,10302
19681,Aug,1,,1,10320
19683,Jun,1,,2,"10302,10651"
19687,Apr,1,,1,10651
19689,Jul,1,,1,10651
19694,Oct,1,,1,10651
19698,Apr,1,,2,"10342,10651"
19754,Feb,0.5,,2,263
19757,Jun,1,,1,10651
19758,Jun,1,,1,10651
19761,Jun,1,,1,10651
19764,Jun,1,,1,10651
19765,Jun,1,,1,10302
19767,May,1,,3,"10302,10315,10651"
19768,Jul,1,,1,10651
19770,May,0.667,,3,"10315,10651"
19796,Nov,1,,1,10320
19798,Apr,1,,2,"10302,10651"
19811,May,1,,1,10097
19823,Oct,1,,1,10320
19824,May,1,,1,10651
19826,Jun,1,,1,10302
19827,Apr,0.5,,4,"10342,10651"
19832,Nov,1,,1,10320
19840,Apr,0.333,,3,10651
19841,Jun,0.5,,4,"10302,10315"
19842,Dec,0.25,,4,10302
19843,Jul,0.5,,4,"10302,10651"
19845,Apr,0.667,,3,"10302,10315"
19846,Apr,1,,2,"10302,10651"
19847,May,1,,1,10651
19852,Jun,0.5,,2,10302
19853,Jun,1,,1,10651
19867,Jul,1,,1,10651
19881,Apr,1,,1,10342
19883,Mar,1,,2,"263,10342"
19884,Apr,1,,1,10342
19933,Aug,0.5,,2,10053
19940,Aug,1,,1,10320
19943,Dec,1,,1,10320
19948,Jun,1,,1,10651
19950,Jun,0.667,,3,"10302,10315"
19951,May,1,,3,"10302,10315,10651"
19954,Jul,0.5,,2,10651
19955,Jul,0.667,,3,"10302,10315"
19956,May,0.667,,3,"10315,10651"
19960,Jul,1,,1,10302
19963,Jul,1,,3,"10302,10315,10651"
19965,Jul,1,,1,10320
19968,Nov,1,,1,10320
19977,Jun,1,,1,10651
20010,Aug,1,,1,10320
20015,Jul,1,,1,10320
20020,Jun,0.75,,4,"10302,10315,10651"
20033,Apr,1,,1,10342
20066,Jun,0.5,,2,10651
20074,Jul,1,,1,10651
20143,Apr,1,,2,"263,10342"
20144,Mar,1,,1,10342
20145,Apr,1,,2,"263,10342"
20146,Apr,1,,2,"263,10342"
20147,Apr,1,,1,10342
20148,May,1,,1,10342
20149,Apr,1,,2,"263,10342"
20164,Oct,1,,1,10320
20166,Nov,1,,1,10320
20168,Oct,1,,1,10320
20170,May,1,,1,10320
20172,Aug,1,,1,10320
20185,Jul,1,,2,"10315,10651"
20232,Jul,1,,1,10651
20233,Jul,0.5,,2,10651
20236,Jul,0.5,,2,10651
20237,Jul,1,,1,10651
20384,Feb,1,,1,10342
20393,Jun,1,,3,"10302,10315,10651"
20396,Oct,1,,1,10320
20408,Jul,1,,1,10320
20409,Nov,1,,1,10320
20426,Apr,0.333,,3,10097
20475,Jul,0.333,,3,10651
20631,Aug,0.4,,5,"10315,10651"
20681,Jun,0.6,,5,"10302,10315,10651"
20700,Dec,1,,1,10053
20702,Jul,1,,3,"10302,10315,10651"
20703,Aug,1,,1,10651
20705,Jul,0.667,,3,"10315,10651"
20707,Jan,1,,1,263
20709,Feb,0.5,,2,10342
20710,Dec,1,,1,10320
20777,Dec,0.333,,3,10302
20780,Jun,1,,2,"10302,10651"
20838,Nov,0.5,,2,263
20865,Aug,1,,1,10320
20870,Jul,1,,1,10651
20878,Aug,0.5,,2,10651
20894,Apr,1,,1,10093
20896,Apr,1,,1,10093
20922,Jul,1,,3,"10302,10315,10651"
20989,Jul,1,,1,10651
21035,Sep,1,,1,10342
21036,Sep,1,,1,10651
21037,Sep,0.667,,3,"10315,10342"
21063,May,1,,1,10342
21101,Apr,0.333,,3,10651
21102,Jun,1,,1,10651
21104,Jul,1,,1,10651
21105,Jun,0.667,,3,"10302,10651"
21107,Jun,1,,1,10651
21113,May,1,,1,10053
21118,Jun,1,,1,10292
21119,Aug,1,,2,"10292,10302"
21127,Mar,1,,1,10342
21128,Apr,1,,1,10342
21129,Apr,1,,1,10302
21130,Feb,1,,1,10342
21131,May,1,,2,"263,10342"
21132,Apr,1,,2,"263,10342"
21133,Dec,1,,2,"263,10342"
21144,Apr,1,,1,10342
21145,May,1,,1,10342
21146,Apr,0.5,,2,10651
21147,Mar,1,,1,10093
21150,May,0.75,,4,"10302,10315,10651"
21151,Jun,0.5,,2,10651
21152,May,1,,1,10651
21154,Apr,0.5,,2,10651
21161,Apr,1,,1,10342
21162,Mar,1,,1,10342
21163,Dec,0.5,,2,263
21166,Jul,0.8,,5,"10292,10302,10315,10651"
21168,Dec,1,,1,10302
21170,Aug,0.5,,2,10292
21171,Dec,1,,1,10302
21172,Aug,1,,1,10292
21174,Aug,0.5,,4,"10292,10651"
21177,Mar,1,,1,10342
21194,Mar,1,,2,"263,10342"
21209,Dec,0.5,,2,10342
21218,Jul,1,,1,10342
21289,variable,1,,1,10053
21320,Dec,1,,1,10302
21324,Feb,1,,1,263
21325,Mar,1,,1,10342
21332,Jul,0.333,,3,10302
21361,May,1,,1,10651
21362,Apr,0.5,,2,10342
21367,Nov,1,,1,10053
21371,Jan,1,,1,10315
21373,Dec,0.5,,2,10651
21374,Jan,0.5,,2,10315
21377,Apr,0.25,,4,10342
21384,Jul,1,,1,10651
21389,Jul,0.5,,2,10302
21390,May,0.667,,3,"10315,10651"
21391,May,1,,1,10651
21447,Apr,1,,1,10651
21457,Jul,0.667,,3,"10315,10651"
21458,Jul,0.5,,2,10651
21459,Jun,0.667,,3,"10302,10315"
21473,Jun,1,,1,10042
21474,Jun,0.667,,3,"10315,10651"
21491,Dec,1,,2,"263,10342"
21493,Dec,1,,1,10342
21494,Jul,0.5,,2,10315
21496,Apr,0.25,,4,10651
21502,Dec,1,,1,10320
21510,May,0.5,,6,"10302,10315,10651"
21545,Aug,0.333,,3,10042
21666,Sep,1,,1,10320
21687,Jul,1,,1,10651
21719,Jul,0.5,,2,10292
21740,Sep,1,,1,10053
21741,Aug,0.5,,2,10302
21745,Jun,0.667,,3,"10302,10651"
21753,Jul,1,,2,"10302,10651"
21756,Jun,1,,2,"10302,10315"
21788,May,0.5,,4,"10302,10651"
21802,Jun,1,,1,10651
21803,Jun,0.667,,3,"10302,10651"
21842,Jun,0.667,,3,"10302,10651"
21872,May,1,,1,10302
21888,Jun,1,,1,10651
21893,Jun,1,,1,10302
21895,May,1,,1,10302
21901,Aug,0.5,,2,10651
21911,Jun,0.5,,6,"10302,10315,10651"
21913,Jul,0.6,,5,"10302,10315,10651"
21918,Jul,1,,1,10651
21921,Jun,0.667,,3,"10302,10651"
21932,Jun,1,,1,10302
21952,May,0.5,,6,"10302,10315,10651"
21961,Jul,0.5,,2,10651
21962,Jun,1,,1,10302
21971,Jun,1,,1,10651
21973,Jun,1,,1,10651
21984,Jul,1,,1,10651
21990,Jul,0.5,,4,"10302,10651"
21994,Jun,1,,1,10651
22010,Aug,0.5,,2,10302
22012,Dec,1,,1,10302
22023,Aug,0.667,,3,"10302,10315"
22027,Jun,1,,2,"10302,10651"
22031,Jun,1,,1,10292
22033,May,1,,1,10302
22044,May,1,,1,10302
22076,Jul,1,,1,10302
22078,May,1,,1,10302
22086,Jul,1,,1,10651
22090,Jul,0.667,,3,"10315,10651"
22091,Jul,1,,2,"10302,10651"
22096,Aug,1,,2,"10302,10651"
22146,Jun,1,,1,10651
22147,May,1,,1,10315
22148,Dec,1,,2,"263,10342"
22159,May,1,,1,10651
22160,May,1,,1,10651
22161,May,1,,3,"10302,10315,10651"
22162,Mar,1,,1,10093
22164,Apr,1,,2,"10302,10651"
22167,Mar,1,,2,"10093,10342"
22169,Feb,0.5,,2,10093
22174,Jun,1,,1,10651
22175,May,0.667,,3,"10302,10315"
22180,May,0.5,,4,"10302,10651"
22233,May,1,,1,10651
22234,Apr,0.25,,4,10342
22235,Jun,0.667,,3,"10315,10651"
22240,Mar,1,,2,"10315,10651"
22301,Apr,0.5,,2,10651
22304,Jun,1,,2,"10315,10651"
22317,Jun,0.667,,3,"10302,10315"
22319,Jul,1,,1,10651
22320,May,1,,1,10651
22324,Jun,0.75,,4,"10302,10315,10651"
22326,Jun,0.667,,3,"10302,10315"
22327,May,0.5,,4,"10315,10651"
22329,Jun,0.4,,5,"10315,10651"
22332,May,1,,1,10315
22333,Apr,1,,1,10651
22334,Jun,0.4,,5,"10315,10651"
22340,Mar,1,,2,"10302,10651"
22341,Apr,0.333,,3,10651
22361,Nov,1,,1,10053
22376,May,1,,3,"10302,10315,10651"
22380,May,1,,1,10651
22383,Aug,1,,1,10320
22384,Jul,1,,1,10320
22441,Jul,0.5,,2,10315
22442,Jul,0.5,,2,10302
22451,Apr,1,,1,10342
22463,Jul,1,,1,10651
22495,Jul,1,,3,"10302,10315,10651"
22496,Jun,1,,1,10651
22508,Apr,1,,1,10302
22509,Apr,1,,1,10302
22510,Apr,1,,2,"10302,10315"
22511,Apr,1,,2,"10302,10315"
22544,Dec,0.5,,2,10302
22545,Jul,1,,1,10651
22595,Dec,0.5,,2,10302
22599,Jun,1,,2,"10302,10315"
22603,Oct,1,,1,10320
22606,Sep,1,,1,10320
22617,Sep,1,,1,10320
22638,Jul,1,,1,10651
22639,Jul,0.5,,2,10651
22644,Nov,1,,1,10320
22646,Nov,1,,1,10320
22647,Jul,1,,3,"10302,10315,10651"
22672,Jul,1,,1,10651
22683,Jan,1,,1,10320
22806,Jul,0.5,,2,263
22820,Jan,0.5,,2,10342
22822,Jun,0.8,,5,"10042,10302,10315,10651"
22824,Jan,1,,1,10342
22827,Feb,1,,1,10342
22830,Apr,0.5,,4,"10093,263"
22831,Feb,1,,1,10342
22832,Apr,1,,1,10651
22833,Apr,1,,1,10651
22850,Dec,0.333,,3,10302
22853,Jun,0.5,,4,"10292,10651"
22859,Dec,0.667,,3,"10302,10320"
22860,Jul,1,,1,10315
22861,Mar,1,,2,"263,10342"
22862,May,1,,2,"263,10342"
22867,Jun,1,,1,10315
22869,Jun,1,,1,10651
22878,Mar,1,,2,"263,10342"
22880,Mar,1,,2,"263,10342"
22884,Jul,0.667,,3,"10315,10651"
22885,Jun,0.75,,4,"10302,10315,10651"
22889,Jun,1,,1,10651
22895,Jun,1,,1,10651
22896,Jul,1,,2,"10302,10315"
22900,Jun,0.667,,3,"10302,10315"
22901,Jun,1,,1,10651
22907,Mar,1,,1,10342
22908,Jun,0.5,,6,"10042,10302,10315"
22912,Jul,0.5,,2,10302
22915,Apr,1,,2,"263,10342"
22925,Jul,0.75,,4,"10302,10315,10651"
22932,May,1,,1,10651
22933,Jul,0.5,,2,10651
22937,Mar,1,,1,10342
22941,Jun,0.667,,3,"10315,10651"
22943,Jun,0.667,,3,"10315,10651"
22944,Jun,0.5,,2,263
22945,Jun,0.75,,4,"10302,10315,10651"
22959,May,1,,1,10320
23014,Apr,1,,1,10292
23040,May,1,,1,10053
23059,Jul,0.75,,4,"10302,10315,10651"
23062,Jun,0.667,,3,"10315,10651"
23064,Mar,1,,1,10342
23065,Apr,0.5,,2,10651
23068,May,1,,1,10302
23069,Apr,0.333,,3,10302
23078,Mar,1,,3,"10093,263,10342"
23095,May,1,,1,10651
23099,May,1,,2,"10315,10651"
23109,Apr,1,,2,"263,10342"
23121,Jul,1,,1,10651
23179,Apr,1,,1,10292
23182,Mar,0.667,,3,"263,10342"
23187,Jul,1,,1,10651
23206,Apr,1,,1,10292
23212,Feb,0.333,,3,10342
23233,Jul,0.5,,2,10651
23235,Jul,0.5,,2,10315
23240,Jul,0.5,,4,"10302,10315"
23246,variable,1,,1,10053
23247,Jul,0.5,,4,"10302,10651"
23248,Jun,0.75,,4,"10302,10315,10651"
23251,Mar,1,,1,10342
23257,Dec,0.5,,2,10302
23262,Apr,0.333,,3,10651
23280,Jun,0.5,,2,10042
23284,Aug,1,,1,10042
23350,Jul,0.667,,3,"10302,10315"
23353,Jul,1,,1,10651
23359,Jun,1,,1,10302
23379,Nov,1,,1,10053
23386,May,1,,1,10342
23391,Mar,1,,1,10342
23407,Jul,0.5,,2,10651
23426,Jan,1,,1,10342
23441,Nov,1,,1,10053
23454,Feb,1,,1,10342
23461,Aug,0.25,,4,10097
23481,Dec,1,,1,10302
23503,May,1,,1,10651
23504,Jul,0.5,,2,10651
23505,Apr,0.333,,3,10342
23507,Jun,1,,1,10651
23510,Apr,0.5,,2,10342
23513,May,0.667,,3,"10302,10315"
23515,Jun,1,,1,10651
23516,Jun,0.5,,2,10651
23519,Jun,0.5,,2,10651
23523,Feb,0.5,,2,10342
23552,Apr,0.4,,5,"10302,10342"
23593,Jul,1,,1,10651
23606,Jul,0.5,,2,10651
23609,Jul,1,,1,10651
23613,Jul,1,,1,10651
23616,Jul,1,,3,"10302,10315,10651"
23625,Jul,1,,3,"10302,10315,10651"
23627,Jul,1,,1,10651
23640,Feb,1,,1,10342
23644,Jun,1,,1,10315
23659,Jul,0.5,,2,10651
23677,Apr,0.5,,2,10651
23690,Mar,1,,2,"263,10342"
23693,Jul,1,,1,10651
23696,Jun,1,,1,10651
23702,Jun,1,,1,10651
23706,Nov,1,,1,10320
23709,Nov,1,,1,10320
23799,Mar,0.5,,2,10097
23807,Jul,0.5,,2,10302
23809,Jul,1,,1,10651
23810,Jul,1,,2,"10302,10651"
23814,Dec,0.333,,3,10302
23815,Jun,0.75,,4,"10302,10315,10651"
23816,Jun,1,,2,"10315,10651"
23857,Jun,1,,3,"10302,10315,10651"
23874,May,1,,1,10097
23881,Mar,1,,1,10097
23888,Dec,0.333,,3,10302
23890,Apr,0.333,,3,10097
23931,May,1,,1,10651
23933,May,1,,1,10302
23934,May,0.5,,6,"10302,10315,10651"
23944,Jul,1,,2,"10302,10315"
23945,Apr,0.5,,2,263
23947,Jul,0.667,,3,"10302,10315"
23949,Jul,1,,1,10315
23952,Jul,1,,1,10302
23954,Jul,0.333,,6,"10302,10651"
23957,Jun,1,,1,10315
23960,Jul,0.5,,2,10302
23963,May,0.5,,6,"10042,10302,10651"
23964,Jun,0.667,,3,"10315,10651"
23966,Jun,1,,1,10315
23969,Jun,0.667,,3,"10302,10315"
23970,Jul,0.667,,3,"10302,10651"
23971,Jul,0.667,,3,"10302,10651"
23972,May,0.667,,3,"10302,10315"
23981,Jun,0.667,,3,"10302,10315"
23983,Jun,1,,2,"10302,10315"
23988,Jun,1,,3,"10302,10315,10651"
23991,Jun,1,,1,10315
23994,Jul,1,,1,10651
24003,Dec,0.333,,3,10302
24005,Jun,0.75,,4,"10302,10315,10651"
24011,Jul,0.333,,3,10302
24014,May,1,,1,10651
24018,Jul,1,,1,10651
24029,May,1,,1,10315
24031,May,1,,2,"10302,10651"
24036,Nov,1,,1,10093
24046,Jun,1,,2,"10302,10315"
24048,Jun,1,,1,10651
24049,Jul,0.5,,2,10302
24051,Jun,1,,1,10651
24052,Jun,1,,3,"10302,10315,10651"
24053,Jun,1,,2,"10302,10315"
24055,Jun,1,,1,10292
24057,Jul,1,,2,"10302,10651"
24065,Aug,1,,2,"263,10342"
24067,Apr,0.5,,2,10315
24073,Feb,1,,1,263
24083,Jun,1,,1,10651
24084,May,1,,1,10302
24086,Mar,1,,1,10097
24118,Jan,1,,2,"263,10342"
24196,Dec,1,,1,10342
24201,Sep,1,,1,10097
24222,Dec,1,,1,10302
24224,Jul,1,,1,10651
24262,Jun,1,,1,10302
24263,May,1,,2,"10302,10651"
24272,May,1,,1,10053
24278,Apr,0.5,,2,10342
24279,Jul,0.333,,6,"10302,10651"
24284,Jul,0.4,,5,"10302,10315"
24285,variable,1,,1,10053
24291,Jul,1,,1,10651
24297,Aug,0.5,,2,263
24300,Jun,0.667,,3,"10302,10315"
24397,Jul,0.5,,2,10651
24398,May,1,,2,"10302,10651"
24402,Jun,0.5,,4,"10302,10315"
24406,Jun,0.4,,5,"10302,10315"
24411,Jul,1,,2,"10302,10315"
24413,Jul,1,,1,10651
24428,Dec,1,,1,10302
24474,Jul,1,,1,10651
24485,Jun,1,,1,10651
24486,Jul,1,,1,10651
24498,Jul,1,,1,10651
24517,May,1,,1,10342
24534,May,1,,1,10302
24535,Apr,0.5,,2,10651
24566,Jun,1,,1,10651
24570,Jun,0.667,,3,"10315,10651"
24571,Jun,1,,2,"263,10342"
24573,Jun,1,,1,10651
24574,Jul,0.333,,3,10315
24575,Jul,0.667,,3,"10315,10651"
24576,Apr,0.25,,4,10342
24577,Jun,1,,1,10651
24579,Jul,0.667,,3,"10302,10315"
24581,May,1,,1,10651
24582,Jun,0.667,,3,"10342,10651"
24583,Jul,1,,1,10315
24595,Jul,1,,1,10302
24600,Jun,1,,3,"10302,10315,10651"
24642,Nov,1,,1,10320
24644,Jun,0.5,,2,10315
24645,Mar,1,,2,"10315,10342"
24646,Apr,0.5,,6,"10302,10315,10651"
24647,Apr,0.6,,5,"10315,10320,10651"
24649,Mar,1,,1,10315
24651,May,0.6,,5,"10302,10315,10651"
24653,Apr,0.667,,3,"10302,10315"
24655,Apr,0.333,,3,10651
24668,Mar,1,,1,10097
24670,Mar,1,,1,10053
24676,Dec,0.333,,3,10302
24722,Aug,1,,1,10651
24726,Apr,1,,1,10651
24727,Jun,0.5,,2,10315
24729,Jun,0.429,,7,"10302,10315,10651"
24733,Apr,1,,2,"10302,10315"
24735,Apr,1,,1,10315
24741,Jul,1,,1,10302
24823,Apr,1,,1,10651
24856,Mar,1,,1,10315
24857,Mar,0.667,,3,"10302,10315"
24859,Apr,0.5,,2,263
24860,Apr,1,,2,"10342,10651"
24861,May,0.75,,4,"10302,10315,10651"
24862,Feb,0.5,,2,10342
24864,Feb,1,,1,10342
24865,May,1,,1,10651
24869,Jul,1,,1,10302
24871,May,0.667,,3,"10315,10651"
24872,Apr,0.333,,3,10651
24873,Jul,0.5,,2,10651
24874,Jun,0.667,,3,"10302,10315"
24875,Apr,1,,1,10651
24876,Apr,0.667,,3,"10302,10315"
24878,Jun,0.667,,3,"10302,10315"
24879,May,0.667,,3,"10315,10651"
24880,Mar,0.5,,2,10342
24881,Jun,0.667,,3,"10302,10651"
24882,Jun,0.5,,4,"10302,10651"
24883,May,1,,2,"10302,10651"
24885,Jun,1,,3,"10302,10315,10651"
24886,Jun,0.5,,4,"10042,10651"
24887,Apr,1,,1,10651
24888,Apr,0.5,,2,10651
24889,Apr,0.667,,3,"10342,10651"
24890,Jun,0.667,,3,"10315,10651"
24891,Mar,1,,1,10342
24892,Jun,1,,3,"10302,10315,10651"
24893,May,1,,2,"10302,10651"
24894,Apr,1,,2,"10302,10651"
24897,Dec,0.5,,2,10342
24898,Feb,1,,1,10093
24905,Mar,1,,1,10093
24907,Mar,1,,2,"10093,10342"
24908,Mar,0.667,,3,"263,10342"
24919,Dec,1,,1,10302
24920,Dec,1,,1,10342
24922,Feb,1,,1,10342
24923,Mar,1,,2,"263,10342"
24924,Feb,0.5,,2,10342
24926,Sep,1,,1,10342
24928,Dec,1,,2,"263,10342"
24931,Feb,1,,1,10342
24932,Dec,1,,2,"263,10342"
24934,Jan,0.5,,2,10342
24943,Sep,1,,1,10093
24945,Sep,1,,1,10320
24947,Jul,1,,1,10651
24959,Mar,1,,1,10053
24977,May,1,,1,10651
24990,Jul,1,,1,10053
25001,Aug,0.667,,3,"10302,10315"
25004,May,1,,2,"10342,10651"
25005,Apr,0.5,,4,"10315,10342"
25006,May,1,,1,10651
25008,Jun,1,,2,"10302,10315"
25029,Apr,0.333,,3,10315
25030,Apr,0.667,,3,"10315,10342"
25031,Dec,0.5,,2,10302
25036,Jun,0.5,,2,10302
25053,Jun,1,,1,10342
25060,Jun,0.75,,4,"10302,10315,10651"
25062,Aug,0.5,,2,10320
25066,Jun,1,,1,10651
25068,Jun,1,,3,"10302,10315,10651"
25069,Jul,0.5,,2,10320
25070,Jul,1,,1,10651
25072,Jun,1,,1,10651
25263,May,1,,1,10342
25264,Apr,0.5,,2,10651
25265,Apr,0.25,,4,10651
25266,May,1,,1,10315
25268,Feb,0.25,,4,10342
25270,May,1,,3,"10302,10315,10651"
25274,Jun,1,,3,"10302,10315,10651"
25275,May,1,,2,"10302,10315"
25280,May,0.667,,3,"10302,10651"
25290,Apr,0.5,,2,10651
25296,Apr,0.5,,2,10651
25297,Apr,0.4,,5,"10342,10651"
25301,May,1,,1,10651
25303,May,1,,2,"10315,10342"
25373,Jun,1,,1,10651
25461,Jan,1,,1,10320
25481,Nov,1,,1,10320
25482,Oct,1,,1,10320
25486,Oct,1,,1,10320
25488,Oct,1,,1,10320
25490,Oct,1,,1,10320
25493,Aug,0.5,,2,10320
25496,Oct,1,,1,10320
25497,Oct,1,,1,10320
25517,Jul,1,,1,10651
25518,Jul,1,,1,10292
25521,Jul,1,,1,10651
25525,Jul,0.667,,3,"10042,10651"
25530,Jun,1,,1,10292
25549,Jan,0.5,,2,10097
25552,Aug,0.5,,2,10651
25554,May,1,,1,10302
25556,Dec,1,,1,10302
25557,May,1,,4,"10097,10302,10315,10651"
25607,Apr,0.667,,3,"10315,10651"
25608,Feb,1,,3,"10302,10315,10651"
25614,Jun,1,,1,10320
25642,Jul,1,,1,10320
25656,Jul,0.667,,3,"10302,10315"
25659,Jun,0.5,,2,10651
25661,Jun,1,,1,10651
25663,May,1,,1,10651
25665,Jul,1,,1,10651
25678,Jul,1,,2,"10292,10651"
25687,Nov,1,,1,10320
25791,Jul,1,,1,10302
25792,Jul,1,,1,10651
25795,Dec,1,,1,10302
25798,Dec,1,,1,10302
25802,Apr,1,,1,10651
25806,Apr,0.333,,3,10651
25809,Jun,1,,1,10315
25818,Jun,1,,1,10651
25819,Jun,0.75,,4,"10302,10315,10651"
25836,Jun,0.667,,3,"10302,10315"
25837,Jul,1,,1,10651
25838,Jun,0.667,,3,"10302,10651"
25839,Jul,1,,1,10651
25840,Jan,1,,1,10320
25843,Jul,1,,1,10651
25844,Aug,1,,1,10651
25846,Jun,1,,3,"10302,10315,10651"
25847,Jul,1,,1,10651
25848,Jun,1,,1,10651
25854,May,1,,1,10315
25868,Jun,0.5,,2,10302
25870,Apr,1,,1,10342
25889,Apr,1,,1,10342
25899,Apr,1,,1,10342
25900,Mar,1,,2,"263,10342"
25928,Mar,1,,1,10342
25963,Feb,0.5,,2,10342
25997,Mar,1,,1,10342
25998,Jul,1,,1,10651
26008,Apr,1,,1,10342
26017,Apr,0.5,,2,10342
26022,Mar,1,,2,"263,10342"
26033,Mar,1,,1,10342
26036,Feb,1,,1,10342
26038,Jul,1,,1,10315
26042,Apr,0.333,,3,10651
26043,Aug,1,,1,10320
26044,Apr,1,,1,10320
26053,Mar,0.5,,4,"10342,10651"
26055,May,1,,1,10651
26056,Jul,1,,1,10651
26058,Aug,1,,1,10651
26060,Mar,1,,2,"10342,10651"
26069,Jun,1,,1,10651
26070,Jul,1,,2,"10315,10651"
26071,Apr,0.5,,2,10651
26072,Feb,1,,1,10342
26073,May,1,,1,10315
26077,Jun,1,,2,"10315,10651"
26111,Aug,0.5,,2,10302
26184,Jun,0.5,,2,10651
26195,May,0.667,,3,"10302,10651"
26197,Apr,0.333,,3,10651
26198,Jun,0.667,,3,"10302,10315"
26199,Mar,0.5,,2,10042
26207,Jun,1,,1,10302
26211,May,1,,1,10651
26212,Jun,0.5,,2,10651
26215,Mar,1,,2,"10093,10342"
26216,May,1,,1,10651
26217,Jun,1,,1,10651
26218,Jun,0.75,,4,"10302,10315,10651"
26254,Jun,0.667,,3,"10302,10651"
26264,Feb,1,,1,10320
26308,May,1,,2,"10292,10302"
26326,Aug,1,,1,10320
26385,May,0.667,,3,"10302,10315"
26456,Jun,0.5,,2,10315
26475,Nov,1,,1,10320
26484,Dec,0.5,,2,10302
26495,Jul,1,,2,"10315,10651"
26497,Jun,0.5,,2,10302
26504,Oct,1,,1,10320
26519,Dec,1,,1,10302
26531,Nov,1,,1,10320
26539,Oct,1,,1,10320
26549,Jul,1,,1,10651
26551,Dec,1,,1,10320
26552,Aug,0.5,,2,10292
26565,Jan,0.667,,3,"263,10342"
26566,Oct,1,,1,10342
26567,Apr,0.333,,3,10651
26569,Feb,1,,1,10342
26581,Jun,0.5,,4,"10302,10651"
26583,Mar,1,,1,10342
26584,Jul,0.333,,3,10651
26585,Jun,0.5,,4,"10315,10651"
26586,Jun,1,,1,10651
26587,Jun,0.5,,4,"10302,10315"
26588,May,0.4,,5,"10302,10651"
26589,Feb,1,,1,10342
26590,Jun,0.6,,5,"10302,10315,10651"
26598,Oct,1,,1,10320
26605,Jun,1,,1,10320
26643,Aug,1,,1,10651
26644,Aug,1,,1,10651
26674,Jun,0.667,,3,"10302,10651"
26677,May,1,,2,"10315,10651"
26678,Jun,1,,1,10651
26679,May,1,,1,10651
26681,Jun,0.5,,2,10651
26682,Jun,1,,1,10651
26688,Apr,0.333,,3,10342
26691,Apr,1,,1,10342
26694,Jun,1,,1,10651
26695,May,1,,1,10651
26696,Jun,1,,1,10315
26701,May,1,,3,"10302,10315,10651"
26704,May,1,,3,"10302,10315,10651"
26717,Oct,1,,1,10320
26719,Oct,1,,1,10320
26721,Apr,1,,2,"10302,10651"
26730,Jun,0.5,,2,10651
26734,Feb,1,,1,10342
26737,Apr,1,,2,"263,10342"
26740,Mar,1,,1,10342
26741,Mar,1,,2,"263,10342"
26744,May,0.429,,7,"10097,10315,10651"
26745,Jan,1,,1,10342
26749,Mar,1,,1,10342
26751,Feb,1,,1,10342
26752,Apr,1,,1,10342
26753,Dec,1,,1,10093
26755,Jan,1,,1,263
26756,Apr,0.5,,2,10093
26758,Feb,1,,1,10093
26762,Mar,1,,1,10342
26763,Dec,1,,2,"263,10342"
26768,Feb,1,,2,"263,10342"
26769,May,0.667,,3,"10302,10315"
26770,Mar,1,,2,"263,10342"
26773,Jan,1,,1,10342
26774,Jul,1,,1,10651
26775,Apr,1,,1,10342
26776,Jun,0.5,,4,"10302,10315"
26781,Mar,1,,1,10342
26783,Dec,0.667,,3,"263,10342"
26784,Mar,1,,2,"263,10342"
26787,Mar,1,,1,10342
26788,Jun,1,,3,"10302,10315,10651"
26789,Feb,0.5,,2,10342
26822,Dec,0.5,,2,10302
26825,Sep,1,,1,10053
26827,variable,1,,1,10053
26835,Dec,1,,1,10053
26837,Jul,0.5,,2,10315
26841,Aug,1,,1,10651
26842,Dec,1,,1,10302
26851,Jun,1,,1,10651
26877,Mar,0.5,,2,10342
26878,May,0.667,,3,"10302,10315"
26883,Apr,0.5,,2,10302
26884,Apr,0.333,,3,10302
26896,Dec,0.333,,3,10302
26901,Feb,1,,1,10342
26902,Jun,1,,2,"10302,10315"
26906,May,1,,1,10315
26914,Jun,1,,1,10651
26918,Mar,1,,2,"10302,10315"
26919,Apr,1,,2,"263,10342"
26925,Apr,1,,1,10315
26930,Mar,1,,2,"263,10342"
26932,Apr,0.5,,2,10302
26938,Jun,1,,1,10302
26939,May,0.667,,3,"10315,10651"
26943,Apr,1,,2,"10302,10315"
26945,Jun,1,,1,10302
26949,Apr,1,,1,10302
26953,Apr,0.667,,3,"10302,10315"
26962,Jun,1,,1,10302
26963,Jun,1,,1,10302
26964,Apr,1,,1,10315
26988,May,0.667,,3,"10302,10315"
26993,Dec,1,,1,10302
26994,Jan,1,,1,10342
26997,Jan,1,,2,"263,10342"
27014,Jun,0.667,,3,"10302,10315"
27020,Aug,0.5,,2,10302
27021,Aug,0.667,,3,"10302,10315"
27025,Jul,1,,3,"10302,10315,10651"
27026,Jul,0.667,,3,"10302,10651"
27032,Aug,1,,1,10651
27036,Jul,1,,1,10302
27038,Jul,1,,1,10651
27046,Jul,1,,1,10292
27047,Dec,1,,1,10320
27048,Jul,0.333,,3,10302
27049,Jun,1,,1,10651
27050,Jul,1,,1,10651
27094,May,1,,1,10097
27110,Apr,1,,1,10651
27123,Aug,1,,1,10292
27124,Jul,1,,1,10651
27127,Jul,1,,1,10651
27129,May,0.75,,4,"10302,10315,10651"
27132,Jul,1,,1,10651
27136,May,1,,1,10651
27138,Mar,1,,1,10651
27141,May,1,,3,"10302,10315,10651"
27145,May,0.667,,3,"10302,10315"
27146,May,0.5,,4,"10302,10651"
27149,Jun,1,,3,"10302,10315,10651"
27157,May,1,,2,"10315,10651"
27159,Jun,1,,3,"10302,10315,10651"
27160,Mar,1,,1,10342
27164,Jun,1,,1,10292
27165,May,1,,1,10651
27167,Jun,0.5,,4,"10302,10651"
27168,Apr,1,,1,10342
27171,Jun,0.667,,3,"10315,10651"
27172,Jun,0.667,,3,"10302,10315"
27173,Jun,1,,1,10651
27175,Jun,1,,1,10651
27177,Jul,1,,1,10651
27320,Dec,1,,1,10302
27322,May,0.667,,3,"10302,10651"
27382,Jul,0.5,,2,10651
27430,Dec,1,,1,10302
27457,May,1,,3,"10302,10315,10651"
27459,May,1,,1,10651
27460,May,1,,1,10315
27461,May,1,,1,10651
27465,Nov,1,,1,10342
27498,Jul,0.5,,2,10302
27504,Apr,0.333,,3,10651
27509,Apr,0.5,,2,10342
27512,Feb,1,,1,10342
27529,Oct,1,,1,10097
27534,Apr,1,,1,10651
27535,Dec,1,,1,10302
27608,Dec,1,,1,10302
27609,Apr,0.5,,2,10651
27614,Apr,0.5,,2,10315
27615,Apr,1,,1,10651
27616,Jul,0.333,,3,10302
27617,Feb,1,,1,10342
27625,Jun,0.667,,3,"10302,10651"
27626,Feb,1,,1,10342
27627,Jun,0.667,,3,"10315,10651"
27628,Apr,0.5,,2,10651
27631,Apr,0.2,,5,10651
27633,Jul,1,,1,10320
27634,Jun,0.5,,4,"10315,10651"
27636,Jun,0.5,,6,"10302,10315,10651"
27637,Jul,0.5,,4,"10302,10651"
27640,Apr,0.5,,2,10097
27730,variable,1,,1,10053
27787,Mar,1,,1,10651
27829,Jun,0.75,,4,"10302,10315,10651"
27877,Aug,1,,1,10651
27888,Aug,0.5,,2,10651
27890,Aug,1,,1,10651
27944,Feb,0.5,,2,10093
27945,May,0.75,,4,"10302,10315,10651"
27946,Jun,0.5,,2,10315
27954,Mar,1,,1,263
27955,Feb,0.5,,2,10342
27956,Feb,0.5,,2,10093
27959,Jan,1,,1,10342
27964,Mar,1,,1,10342
27965,Apr,0.5,,2,10315
28031,Sep,1,,1,10320
28032,Jul,1,,1,10651
28034,May,1,,1,10651
28073,Apr,1,,4,"10302,10315,10342,10651"
28074,Mar,1,,1,10342
28076,Apr,1,,1,10651
28079,Jun,0.667,,3,"10302,10651"
28083,Feb,0.333,,3,10093
28084,Feb,0.5,,2,10342
28085,Apr,0.333,,3,10315
28086,Apr,0.5,,2,10342
28087,Apr,0.4,,5,"10302,10651"
28088,Apr,0.333,,3,10651
28090,May,0.667,,3,"10302,10651"
28092,Mar,0.429,,7,"10042,10093,10342"
28093,May,1,,1,10651
28095,Mar,0.5,,2,10651
28097,May,0.5,,6,"10093,10302,10651"
28098,May,1,,1,10651
28100,May,1,,1,10651
28105,Mar,0.5,,2,10342
28194,Sep,1,,1,10320
28214,Jun,0.75,,4,"10302,10315,10651"
28215,Jun,1,,2,"10302,10651"
28218,Jun,0.75,,4,"10302,10315,10651"
28219,Jun,1,,2,"10302,10651"
28221,Jun,1,,1,10651
28261,Apr,0.333,,3,10342
28263,Aug,1,,1,10320
28264,Jun,1,,2,"10302,10651"
28266,Mar,1,,1,10342
28267,Jun,0.667,,3,"10302,10651"
28273,May,1,,2,"10315,10651"
28275,Jun,0.5,,2,10651
28276,Jul,1,,1,10320
28289,Sep,1,,1,10320
28385,Jan,0.2,,5,10342
28386,Jul,0.5,,4,"10302,10651"
28388,Apr,0.25,,4,10651
28392,May,1,,1,10651
28393,Aug,0.333,,3,10042
28395,Mar,0.5,,2,10342
28396,Mar,1,,1,10342
28398,Apr,1,,1,10342
28420,Jun,0.6,,5,"10302,10342,10651"
28421,Jun,0.5,,2,10651
28506,Jul,0.667,,3,"10302,10315"
28507,Jun,0.6,,5,"10042,10302,10651"
28509,Jul,1,,1,10651
28512,Jul,0.5,,8,"263,10302,10315,10651"
28513,Aug,0.2,,5,10315
28516,Jul,0.6,,5,"10302,10315,10651"
28517,Dec,0.5,,2,10302
28519,Jul,1,,1,10651
28520,Jul,1,,1,10651
28529,May,1,,2,"10315,10651"
28530,Jun,0.4,,5,"10315,10651"
28531,Mar,1,,1,10342
28535,Apr,1,,2,"10315,10651"
28570,Aug,1,,1,10651
28578,Jun,1,,1,10651
28579,Jun,1,,1,10651
28616,Apr,1,,1,10342
28617,Apr,1,,1,10093
28618,Feb,1,,2,"263,10342"
28619,Feb,0.333,,3,10342
28620,Mar,1,,1,10342
28703,Oct,1,,1,10320
28717,Dec,1,,1,10320
28732,May,1,,1,10302
28737,Apr,0.5,,2,10651
28856,Jul,1,,1,10651
28927,Apr,0.5,,2,10342
28931,May,1,,1,10342
28933,Apr,1,,2,"263,10342"
28934,Mar,0.667,,3,"263,10342"
28939,Jun,1,,2,"263,10342"
28940,Apr,1,,2,"263,10342"
28941,May,1,,1,10342
28942,Mar,1,,1,10342
28943,Apr,1,,1,10342
28947,Apr,1,,2,"263,10342"
28949,Apr,1,,1,10342
28952,Feb,1,,2,"263,10342"
28953,Apr,1,,2,"263,10342"
29012,Aug,1,,1,10651
29014,Aug,1,,1,10651
29032,Oct,1,,1,10320
29094,May,1,,1,10053
29095,May,0.667,,3,"10302,10315"
29096,Apr,1,,2,"10315,10651"
29102,variable,1,,1,10053
29117,Aug,1,,1,10320
29141,Dec,1,,1,10302
29142,Jun,0.5,,2,10292
29180,Jul,1,,1,10302
29189,Dec,0.333,,3,10302
29199,Jul,1,,1,10651
29205,Feb,1,,1,10342
29206,Jul,0.4,,5,"10302,10651"
29207,Feb,1,,1,10342
29209,Jul,1,,1,10651
29260,Aug,0.5,,2,10651
29261,May,1,,1,10302
29262,Mar,1,,1,10342
29263,May,1,,3,"10302,10315,10651"
29264,Apr,1,,1,10315
29266,May,1,,1,10302
29274,Jul,0.667,,3,"10302,10315"
29300,Apr,1,,1,10342
29301,Apr,1,,2,"263,10342"
29302,Mar,1,,1,10342
29303,Feb,1,,2,"263,10342"
29305,Apr,0.5,,2,10342
29306,Apr,1,,2,"263,10342"
29307,Apr,0.5,,2,263
29308,May,0.667,,3,"263,10342"
29309,Mar,1,,1,10342
29311,Jul,1,,1,10292
29317,Jun,0.5,,2,10651
29328,Apr,1,,1,10053
29334,Oct,1,,1,10320
29335,Jul,1,,1,10320
29338,Mar,1,,1,10320
29341,Jul,0.333,,3,10651
29342,Jun,1,,1,10651
29349,Jun,1,,1,10342
29352,Nov,1,,1,10320
29356,Apr,0.4,,5,"10302,10315"
29371,Aug,1,,1,10320
29374,Sep,1,,1,10320
29375,Mar,1,,1,10651
29384,May,1,,2,"263,10342"
29389,Jan,1,,1,10342
29429,Apr,1,,3,"10042,10342,10651"
29432,May,0.5,,4,"10315,10651"
29433,Dec,1,,1,10302
29464,Jul,1,,1,10651
29515,Aug,1,,1,10651
29519,Sep,1,,1,10302
29530,Dec,1,,1,10320
29532,Jul,1,,1,10651
29555,Jan,1,,1,10342
29568,Apr,0.4,,5,"10302,10651"
29569,Apr,0.667,,3,"10302,10651"
29570,Mar,1,,1,10651
29572,Apr,0.667,,3,"10302,10651"
29579,variable,1,,1,10053
29583,variable,1,,1,10053
29609,Apr,0.5,,2,10651
29633,Mar,1,,1,10342
29643,Feb,1,,1,10342
29649,Jun,0.667,,3,"10302,10651"
29653,May,1,,2,"10315,10651"
29654,Jun,1,,1,10651
29665,Apr,0.333,,3,10651
29674,Apr,1,,1,10651
29677,Feb,1,,2,"263,10342"
29678,May,0.667,,3,"10315,10651"
29679,Apr,1,,1,10651
29685,May,1,,1,10302
29692,Apr,0.667,,3,"10302,10315"
29693,Apr,1,,1,10651
29697,May,0.5,,4,"10315,10651"
29699,May,1,,1,10651
29705,Mar,0.5,,2,10302
29708,May,0.75,,4,"10302,10315,10651"
29767,Mar,1,,2,"263,10342"
29768,Apr,1,,2,"10315,10651"
29779,Jun,1,,2,"10302,10651"
29783,Jun,0.667,,3,"10302,10651"
29785,Jun,1,,1,10315
29789,Jun,1,,1,10302
29804,Jun,0.5,,4,"10302,10651"
29809,Jun,1,,3,"10302,10315,10651"
29851,May,0.667,,3,"10315,10651"
29855,Jul,1,,1,10097
29961,Dec,0.5,,2,10302
29976,Jul,1,,1,10651
29978,Jun,1,,1,10651
29983,Jul,0.667,,3,"10315,10651"
29984,Jul,1,,1,10315
30004,Mar,1,,1,10315
30005,Mar,1,,1,10315
30008,Apr,0.667,,3,"10302,10315"
30009,Mar,1,,3,"10302,10315,10651"
30012,Dec,0.333,,3,10651
30016,May,0.667,,3,"10302,10315"
30017,Jun,1,,1,10315
30033,Mar,1,,2,"263,10342"
30038,May,1,,2,"10302,10315"
30039,May,0.8,,5,"10097,10302,10315,10651"
30055,Apr,0.5,,2,10651
30080,Oct,1,,1,10320
30084,Dec,1,,1,10302
30184,Mar,1,,2,"263,10342"
30185,Apr,1,,1,10651
30186,Jun,0.5,,2,10651
30188,Jun,0.667,,3,"10302,10651"
30193,Jun,0.667,,3,"10302,10651"
30194,Jul,1,,1,10651
30195,May,0.667,,3,"10302,10315"
30196,Jul,1,,1,10651
30213,Jun,1,,3,"10302,10315,10651"
30218,Apr,0.333,,3,10651
30220,Jul,1,,1,10651
30222,Jun,0.5,,2,263
30249,Mar,1,,1,10342
30279,Apr,0.4,,5,"10042,10097"
30312,May,0.75,,4,"10302,10315,10651"
30331,Feb,0.667,,3,"263,10342"
30340,Jan,1,,1,10097
30342,Jul,0.8,,5,"10097,10302,10315,10651"
30343,Jul,0.667,,3,"10315,10342"
30350,Apr,0.5,,2,263
30351,May,1,,1,10342
30360,Feb,1,,1,10342
30363,Jul,0.5,,4,"10302,10651"
30366,Jul,0.6,,5,"10302,10315,10651"
30373,Jul,0.333,,3,10315
30375,Jun,0.5,,4,"10302,10315"
30379,Jun,1,,1,10651
30386,Jul,1,,1,10651
30391,May,1,,1,10651
30406,Jan,1,,1,10320
30443,Mar,1,,1,10292
30444,Apr,0.5,,2,10342
30446,Feb,0.5,,2,10342
30447,Feb,1,,1,10342
30456,Dec,0.333,,3,10302
30457,Dec,1,,1,10302
30458,Jun,0.667,,3,"10292,10302"
30459,Jun,1,,2,"10302,10651"
30461,Jul,1,,1,10651
30466,Jun,0.667,,3,"10302,10651"
30476,Dec,1,,1,10302
30478,Dec,1,,1,10302
30479,Jun,1,,1,10292
30486,Jun,1,,1,10651
30487,Jul,1,,1,10651
30494,Jul,1,,3,"10302,10315,10651"
30578,Jun,0.75,,4,"10097,10302,10315"
30603,Jun,1,,2,"263,10342"
30640,Aug,0.5,,2,10302
30642,May,0.75,,4,"10302,10315,10651"
30643,Jul,0.667,,3,"10315,10651"
30672,Jun,1,,1,10315
30674,Jun,1,,1,10315
30675,Jul,0.5,,2,10651
30678,Jul,1,,1,10651
30679,Jun,1,,1,10315
30681,Jun,1,,2,"10315,10651"
30684,Jun,0.5,,4,"10302,10315"
30687,Jun,0.5,,6,"10302,10315,10651"
30694,Jun,0.667,,3,"10302,10315"
30697,Feb,1,,1,10342
30702,Jul,0.5,,2,10302
30703,Jun,1,,1,10651
30705,Jun,0.667,,3,"10302,10315"
30708,Apr,0.333,,3,10097
30710,May,1,,1,10292
30718,Mar,1,,2,"10093,10342"
30721,variable,1,,1,10053
30739,Mar,1,,1,10053
30777,Apr,1,,2,"263,10342"
30781,Oct,1,,1,10320
30801,Oct,1,,1,10320
30806,Sep,1,,1,10320
30808,Nov,1,,1,10320
30809,Nov,1,,1,10320
30818,Nov,1,,1,10320
30820,Sep,1,,1,10320
30822,Jul,1,,1,10320
30833,Mar,1,,1,10320
30835,Aug,1,,1,10320
30841,Nov,1,,1,10320
30848,Nov,1,,1,10320
30852,Oct,1,,1,10320
30854,Jul,1,,1,10320
30866,Feb,0.5,,2,10342
30873,Jul,1,,2,"10302,10651"
30874,Jul,0.5,,2,10651
30883,Apr,1,,2,"10302,10315"
30905,Apr,1,,1,10651
30906,May,1,,1,10651
30908,May,1,,3,"10302,10315,10651"
30910,Jul,1,,2,"10315,10651"
30913,Nov,0.667,,3,"263,10342"
30916,Feb,1,,1,10342
30917,Mar,1,,1,10342
30919,Feb,1,,1,10342
30920,Feb,0.5,,2,263
30923,Mar,1,,2,"263,10342"
30925,Apr,1,,1,10342
30927,Mar,0.5,,2,10342
30930,Feb,1,,1,10342
30932,Jun,1,,2,"10302,10651"
30933,Apr,0.5,,2,10342
30934,Apr,1,,1,10342
30935,Jun,0.75,,4,"10302,10315,10651"
30936,Mar,1,,1,10342
30938,Mar,1,,1,10342
30942,Jul,0.5,,4,"10302,10315"
30943,Oct,1,,1,10320
30945,Jun,1,,1,10342
30947,Dec,1,,1,10320
30950,Apr,0.5,,2,10342
30952,May,1,,1,10651
30959,Mar,1,,1,10042
30969,Aug,1,,1,10320
30983,Apr,1,,1,10342
30994,Oct,1,,1,10342
31004,Dec,1,,2,"263,10342"
31008,Aug,0.5,,2,10651
31009,May,0.5,,4,"10042,10315"
31042,Jun,0.667,,3,"10302,10315"
31046,Mar,1,,1,10342
31051,Jun,0.5,,2,10651
31060,Mar,1,,1,10651
31062,May,0.667,,3,"10315,10651"
31065,Apr,1,,1,10302
31072,Jun,1,,1,10342
31074,Jul,1,,2,"10302,10651"
31099,Apr,0.667,,3,"10097,263"
31105,Apr,1,,1,263
31109,Jun,0.5,,2,10302
31112,Apr,1,,1,10342
31114,Apr,1,,1,10342
31120,May,1,,1,10342
31129,Jun,1,,2,"263,10342"
31131,May,1,,1,10342
31155,May,1,,2,"10302,10315"
31158,Apr,0.4,,5,"10342,10651"
31159,May,1,,3,"10302,10315,10651"
31161,Apr,1,,1,10651
31165,Apr,1,,1,10651
31166,Apr,0.5,,2,10651
31168,May,0.667,,3,"10302,10315"
31170,Jun,1,,1,10302
31200,Jun,1,,1,10651
31205,Jul,1,,3,"10302,10315,10651"
31210,Jul,0.375,,8,"10302,10315,10651"
31217,Jun,1,,3,"10302,10315,10651"
31220,Mar,1,,1,10053
31252,Mar,1,,1,10342
31256,May,1,,1,10302
31260,Apr,0.5,,2,10302
31263,May,1,,1,10651
31264,Jul,0.5,,2,10651
31266,Apr,0.667,,3,"10302,10315"
31267,Jun,0.667,,3,"10302,10651"
31268,Apr,1,,1,10651
31270,Jun,1,,1,10651
31272,Apr,0.333,,3,10302
31273,Apr,0.333,,3,10651
31274,May,0.667,,3,"10315,10651"
31275,Feb,1,,1,10342
31276,Aug,0.5,,2,10651
31277,Jun,1,,1,10651
31278,Jun,0.667,,3,"10302,10651"
31280,Jun,1,,1,10302
31286,Jun,0.6,,5,"10302,10315,10651"
31287,Apr,0.25,,4,10302
31290,Jun,0.667,,3,"10302,10651"
31291,Mar,0.5,,2,10342
31294,Jun,1,,2,"10302,10651"
31297,Jun,0.5,,2,10651
31299,May,0.5,,4,"10302,10651"
31304,Jun,0.5,,4,"10302,10651"
31306,Jun,0.5,,4,"10302,10315"
31307,Jan,0.5,,2,10342
31308,Mar,0.5,,2,10342
31309,May,1,,1,10651
31312,May,1,,1,10651
31313,Jun,0.5,,4,"10302,10315"
31314,Jul,0.6,,5,"10302,10315,10651"
31315,May,1,,1,10315
31316,Jun,0.667,,3,"10315,10651"
31321,Mar,1,,1,10342
31323,Jun,1,,2,"10302,10651"
31324,Apr,1,,1,10342
31333,Jun,1,,2,"10315,10651"
31354,Jul,0.5,,2,10342
31377,Jul,1,,1,10651
31386,May,1,,1,10651
31390,Jun,0.5,,2,10315
31450,Apr,1,,2,"10302,10651"
31453,Mar,0.667,,3,"263,10342"
31498,Apr,0.667,,3,"10042,10315"
31499,Mar,1,,1,10320
31502,Mar,1,,1,10320
31503,Jul,1,,1,10320
31506,May,1,,1,10320
31507,Apr,0.571,,7,"10042,10093,10097,10315"
31508,Aug,0.5,,2,10320
31515,Oct,1,,1,10320
31523,Aug,1,,1,10320
31524,Dec,0.5,,2,10320
31530,May,1,,1,10320
31531,Mar,0.6,,5,"10093,10342,10651"
31536,Apr,0.5,,2,10320
31538,Feb,1,,1,10320
31543,Jun,0.667,,3,"10315,10651"
31546,Jul,1,,1,10320
31551,Apr,0.5,,2,10292
31577,Mar,1,,1,10053
31593,Jun,0.667,,3,"10042,10651"
31599,Jul,0.5,,2,10302
31601,Apr,0.333,,3,10302
31603,Jun,1,,1,10651
31604,Jun,1,,1,10651
31605,Jul,1,,1,10651
31606,Jul,0.5,,2,10651
31607,Jun,1,,1,10651
31608,Jul,1,,1,10651
31609,Jun,1,,1,10651
31685,Apr,0.5,,2,10315
31706,May,1,,1,10302
31707,Jun,1,,1,10651
31708,May,1,,1,10302
31727,Jun,1,,1,10292
31756,May,1,,1,10053
31759,May,1,,2,"10302,10651"
31760,Feb,0.5,,2,10093
31761,Jan,1,,1,10342
31762,Feb,0.5,,2,10342
31788,Sep,1,,2,"263,10342"
31790,Aug,0.5,,2,10651
31856,Sep,1,,1,10320
31857,Jun,1,,1,10320
31866,Jul,1,,1,10651
31875,Jul,1,,1,10651
31877,Jul,0.5,,4,"10302,10651"
31888,Jul,1,,2,"10302,10315"
31903,Jul,1,,1,10302
31926,Jun,0.5,,4,"10315,10651"
31944,Mar,1,,1,10342
31948,Jul,1,,1,10302
31958,Jul,1,,1,10651
31966,Apr,1,,1,10093
31975,Jul,1,,1,10651
31979,Dec,1,,1,10302
31983,Dec,1,,1,10302
31985,May,0.5,,4,"10302,10315"
31991,Apr,1,,1,10651
31994,Jun,1,,2,"10042,10651"
31996,Feb,1,,1,10342
31998,Jul,1,,1,10651
32000,Jun,1,,1,10651
32001,May,0.4,,5,"10302,10315"
32003,Jun,0.4,,5,"10302,10315"
32051,Mar,0.5,,2,10342
32054,Jun,1,,1,10315
32062,May,1,,1,10651
32063,Jul,1,,1,10651
32067,Oct,1,,1,10342
32091,Apr,0.333,,3,10651
32092,Apr,0.333,,3,10651
32097,Feb,0.333,,3,10342
32100,May,0.5,,4,"10302,10315"
32101,May,1,,1,10651
32102,Mar,1,,1,10342
32103,Jun,0.5,,4,"10302,10315"
32118,May,0.667,,3,"10302,10651"
32120,Jun,0.5,,2,10651
32131,Jul,1,,1,10342
32135,Aug,1,,1,10651
32136,Jul,1,,3,"10302,10315,10651"
32138,Dec,1,,1,10342
32139,Mar,1,,1,10342
32140,Mar,1,,2,"263,10342"
32141,Mar,1,,2,"263,10342"
32142,Dec,1,,1,10342
32143,Mar,1,,1,10342
32144,Mar,1,,1,10093
32145,Mar,1,,1,10342
32148,Jan,1,,2,"263,10342"
32149,Mar,1,,1,10342
32150,Apr,1,,1,10342
32156,Jun,1,,1,10651
32185,Jul,1,,1,10097
32189,Jul,0.75,,4,"10302,10315,10651"
32190,Jul,0.5,,2,10302
32228,Aug,0.5,,2,10651
32232,Aug,0.333,,3,10651
32287,Jul,1,,1,10651
32322,Apr,1,,1,10342
32332,Jul,1,,1,10292
32365,Apr,1,,1,10342
32379,Jul,0.6,,5,"10302,10315,10651"
32381,Dec,0.5,,2,10342
32382,Aug,1,,1,10320
32385,Jul,1,,1,10651
32388,Jun,1,,1,10651
32389,May,1,,1,10651
32395,Mar,1,,1,10053
32400,Apr,1,,1,10302
32402,variable,1,,1,10053
32495,Jun,1,,1,10651
32496,Jul,1,,1,10651
32497,Jul,1,,1,10651
32499,Jun,1,,1,10651
32502,Jul,1,,1,10651
32504,Jun,1,,1,10651
32505,Jun,1,,1,10651
32506,Jul,1,,1,10651
32508,Jun,1,,2,"10302,10651"
32509,May,0.667,,3,"10302,10315"
32510,Jul,0.5,,2,10651
32512,Jul,1,,1,10651
32513,May,0.667,,3,"10302,10315"
32515,Jun,1,,1,10651
32516,Jun,1,,2,"10302,10651"
32517,Jul,1,,1,10651
32521,May,1,,1,10651
32524,Oct,1,,1,10320
32525,Jan,1,,1,10342
32529,Jan,1,,1,10342
32532,Jan,1,,1,10342
32536,Jan,1,,1,10342
32537,Jan,1,,1,10342
32542,Jan,1,,1,10342
32602,May,1,,1,10651
32603,Jul,1,,1,10302
32632,Dec,1,,1,10320
32634,Mar,1,,1,10053
32637,Apr,1,,1,10315
32653,Aug,0.5,,2,10651
32861,Jul,1,,1,10651
32883,Jun,0.5,,2,263
32885,Apr,1,,1,10342
32886,Feb,0.5,,2,10342
32887,May,1,,1,10342
32888,Jun,1,,1,10342
32890,Mar,1,,2,"263,10342"
32891,Jun,1,,2,"263,10342"
32892,Mar,1,,2,"263,10342"
32893,Feb,1,,2,"263,10342"
32894,Feb,1,,2,"263,10342"
32895,Feb,0.5,,2,10342
32896,May,1,,2,"263,10342"
32899,Jul,1,,1,10651
32902,Apr,1,,1,10651
32903,Sep,1,,2,"263,10342"
32951,Dec,1,,1,10302
32957,Mar,1,,2,"263,10342"
32963,Jun,0.667,,3,"10315,10651"
32969,Dec,0.5,,2,10302
32971,Apr,1,,1,10342
32975,Jul,1,,1,10651
32978,Jul,1,,4,"10097,10302,10315,10651"
32980,Jun,0.5,,6,"10302,10315,10651"
32981,Jul,1,,1,10651
32982,Jun,1,,1,10651
32983,Jun,0.5,,4,"10315,10651"
32985,Jul,1,,3,"10302,10315,10651"
32986,Jul,1,,3,"10302,10315,10651"
32987,Apr,0.333,,3,10097
32988,Jul,0.5,,2,10302
32994,Jul,1,,1,10651
33018,Apr,0.333,,3,10651
33021,Jul,0.5,,2,10651
33022,Apr,0.5,,2,10651
33023,Mar,0.5,,2,10315
33037,Mar,0.5,,2,10342
33040,Feb,0.5,,2,10342
33041,Jun,0.667,,3,"10302,10651"
33042,Jun,1,,2,"10302,10651"
33044,Jun,0.75,,4,"10302,10315,10651"
33052,Aug,0.5,,2,10651
33053,Jul,1,,2,"10302,10651"
33054,Jul,1,,2,"10302,10651"
33055,Jul,1,,3,"10302,10315,10651"
33074,Jul,0.333,,3,10651
33083,Jan,1,,2,"263,10342"
33085,Feb,1,,1,10342
33086,Jan,1,,1,10342
33088,Apr,1,,2,"263,10342"
33107,Apr,1,,2,"10342,10651"
33108,Jun,0.75,,4,"10302,10315,10651"
33109,Apr,1,,2,"10342,10651"
33110,Jun,0.75,,4,"10302,10315,10651"
33112,Mar,1,,1,10342
33115,Apr,0.667,,3,"10093,10651"
33116,Apr,1,,4,"10093,10097,10342,10651"
33117,May,1,,1,10651
33137,Jun,1,,2,"10315,10651"
33143,Jun,0.75,,4,"10302,10315,10342"
33149,Jul,0.667,,3,"10302,10651"
33153,May,1,,1,10320
33209,May,0.667,,3,"10315,10651"
33212,Mar,1,,2,"10342,10651"
33213,Apr,1,,1,10651
33242,Jul,1,,1,10651
33243,Aug,1,,1,10651
33244,Apr,1,,1,10342
33250,Aug,0.667,,3,"10042,10651"
33251,May,1,,2,"10315,10651"
33252,Jun,1,,1,10315
33254,Apr,1,,1,10651
33255,May,1,,1,10651
33256,Jul,0.5,,2,10302
33257,May,1,,2,"10302,10651"
33258,Jun,0.5,,2,10302
33259,Jun,1,,3,"10302,10315,10651"
33260,Apr,0.5,,2,10651
33267,Jun,1,,1,10651
33268,Jul,0.333,,3,10651
33273,Dec,1,,1,10302
33274,Dec,0.5,,2,10302
33275,Dec,1,,1,10302
33287,Dec,0.667,,3,"10302,10342"
33288,Apr,0.5,,2,10093
33336,May,1,,1,10342
33352,Jul,0.5,,6,"10042,10315,10651"
33353,Aug,1,,1,10651
33377,Jul,1,,1,10651
33379,May,1,,1,10651
33384,Apr,0.25,,4,10342
33562,variable,1,,1,10053
33570,Sep,1,,1,10042
33601,Feb,1,,1,10053
33622,Jul,1,,1,10053
33646,May,1,,1,10342
33675,Mar,1,,2,"263,10342"
33676,Mar,1,,2,"263,10342"
33684,Jul,1,,1,10651
33685,Aug,1,,1,10651
33758,May,1,,1,10302
33759,May,1,,1,10093
33766,Jun,1,,1,10651
33773,Jun,0.5,,4,"10315,10651"
33775,Jun,1,,1,10651
33779,May,0.667,,3,"10292,10302"
33789,Jun,1,,1,10651
33792,May,1,,2,"10302,10651"
33793,Jun,1,,1,10302
33795,May,0.667,,3,"10302,10315"
33797,Jul,0.333,,3,10315
33798,Jul,0.5,,4,"10302,10315"
33799,Feb,1,,1,10342
33810,Jan,1,,2,"263,10342"
33811,May,1,,3,"10302,10315,10651"
33817,May,1,,1,10315
33818,May,1,,1,10315
33820,May,1,,1,10315
33828,Jul,0.5,,2,10651
33842,Oct,0.5,,2,10320
33844,Jul,0.667,,3,"10315,10651"
33845,May,1,,1,10651
34017,Jul,1,,1,10651
34113,Jun,0.6,,5,"10302,10315,10651"
34114,Jun,1,,3,"10302,10315,10651"
34115,Jun,0.5,,2,10651
34116,Jun,1,,1,10651
34117,Jun,0.667,,3,"10302,10651"
34119,May,0.75,,4,"10302,10315,10651"
34122,May,0.5,,4,"10302,10315"
34123,Jul,0.5,,2,10651
34124,Jun,0.4,,5,"10302,10651"
34202,Apr,1,,1,10342
34204,Jul,0.667,,3,"10302,10315"
34207,Apr,1,,2,"263,10342"
34209,Jun,1,,1,10097
34210,Apr,1,,1,263
34212,Jun,0.667,,3,"10302,10315"
34214,Jun,0.5,,2,10651
34217,Jun,0.667,,3,"10302,10651"
34218,Jul,0.5,,2,10651
34331,May,1,,1,10302
34334,Jun,0.5,,2,10651
34350,Jul,1,,1,10651
34351,May,1,,3,"10302,10315,10651"
34357,May,1,,1,10315
34359,Mar,1,,2,"263,10342"
34361,Jun,1,,1,10302
34362,May,1,,1,10315
34368,Feb,1,,1,10342
34377,Jun,0.5,,2,10302
34379,May,1,,2,"10302,10315"
34384,Apr,0.5,,2,10342
34385,Apr,1,,1,10342
34389,Mar,1,,1,10342
34390,May,1,,1,10315
34391,Feb,1,,1,10097
34392,May,1,,2,"10302,10315"
34393,May,1,,2,"10302,10315"
34400,Apr,0.5,,2,10097
34501,variable,1,,1,10053
34506,Apr,0.5,,2,10342
34573,Mar,0.667,,3,"263,10342"
34574,Mar,1,,1,10097
34575,Mar,1,,1,10342
34577,Mar,1,,1,10651
34578,Dec,0.333,,3,10302
34708,Feb,1,,1,10342
34741,Jul,1,,1,10651
34817,Feb,1,,1,10342
34818,Mar,1,,1,10342
34819,May,1,,1,10302
34820,Feb,1,,2,"10093,10342"
34821,Dec,1,,1,10320
34822,Mar,1,,2,"263,10342"
34823,Dec,1,,1,10302
34825,Feb,1,,2,"263,10342"
34830,Mar,1,,1,10342
34832,May,1,,1,10651
34833,Feb,0.5,,2,10093
34834,Jun,1,,1,10651
34835,Apr,0.167,,6,10651
34844,Mar,1,,1,10342
34848,Sep,1,,1,10320
34850,Jan,1,,1,10320
34854,Oct,1,,1,10320
34855,Apr,0.333,,6,"10093,10651"
34857,Mar,1,,1,10342
34858,Apr,0.25,,8,"10097,10651"
34861,Apr,0.5,,2,10651
34862,Jun,1,,1,10651
34864,Jun,0.333,,6,"10302,10651"
34866,Jul,0.333,,3,10302
34867,May,0.667,,3,"10302,10315"
34869,Dec,1,,1,10320
34870,Oct,1,,1,10320
34874,Feb,0.5,,4,"10093,10342"
34877,Feb,1,,1,10342
34893,May,1,,1,10302
34899,May,1,,1,10302
34900,Aug,1,,1,10320
34901,Dec,1,,1,10302
34902,Jul,0.5,,2,263
34906,Jun,1,,3,"10302,10315,10651"
34909,Jun,0.667,,3,"10302,10315"
34910,Jul,1,,1,10651
34912,Jun,1,,1,10651
34914,Jul,1,,1,10651
34916,Jul,1,,1,10651
34921,Jul,1,,1,10651
34926,Jul,1,,1,10651
34929,Jul,1,,1,10651
34932,Jul,1,,1,10651
34935,Apr,0.5,,2,10651
34937,May,1,,1,10315
34940,Feb,1,,1,10053
34945,Apr,1,,1,10342
34957,Aug,1,,1,10651
34999,Nov,1,,1,10320
35008,Dec,1,,1,10302
35034,Jul,0.5,,2,263
35083,Jul,1,,1,10651
35084,Jun,1,,1,10651
35086,Jul,0.5,,2,10651
35131,Mar,1,,2,"263,10342"
35140,Mar,1,,1,10342
35147,Feb,1,,1,10342
35155,Apr,1,,1,10342
35157,Aug,1,,1,10651
35160,Aug,0.5,,2,10042
35195,Jul,1,,1,10651
35199,Jul,1,,1,10651
35200,Jul,0.5,,2,10651
35202,May,0.75,,4,"10302,10315,10651"
35203,Jan,0.6,,5,"10042,10093,10315"
35206,Jun,1,,1,10651
35212,May,0.5,,4,"10302,10651"
35214,Jun,1,,1,10302
35215,May,0.667,,3,"10315,10651"
35222,Jun,0.667,,3,"10302,10315"
35234,Jul,0.667,,3,"10302,10651"
35243,Jun,1,,2,"10302,10651"
35246,Apr,0.667,,3,"10042,10302"
35252,Jul,0.333,,3,10651
35256,Jun,1,,1,10651
35263,Jun,0.75,,4,"10302,10315,10651"
35266,Jun,0.667,,3,"10302,10315"
35268,Dec,1,,1,10302
35269,Apr,1,,1,10342
35270,Jun,0.5,,2,10651
35272,May,0.6,,5,"10302,10315,10651"
35273,Jul,1,,1,10651
35276,Jun,1,,1,10651
35278,Jun,1,,2,"10302,10651"
35285,Jul,1,,1,10651
35287,Apr,1,,1,10651
35290,Jun,1,,1,10651
35291,May,1,,1,10651
35295,Apr,0.5,,2,10302
35300,Apr,1,,1,10651
35301,Sep,1,,1,10651
35303,Jun,0.5,,4,"10302,10651"
35304,Jul,1,,1,10302
35360,Jun,1,,1,10651
35368,Dec,1,,1,10302
35394,Jul,1,,1,10651
35395,Jul,0.5,,2,10651
35396,Jun,0.75,,4,"10302,10315,10651"
35400,Aug,1,,1,10053
35434,Apr,1,,2,"263,10342"
35437,May,1,,2,"263,10342"
35439,Dec,1,,1,10342
35445,Apr,0.5,,2,10342
35446,Dec,1,,2,"263,10342"
35448,Dec,1,,1,10342
35449,May,1,,2,"263,10342"
35450,Mar,1,,1,10093
35451,May,1,,1,10342
35455,Feb,0.167,,6,10093
35456,Jul,1,,3,"10302,10315,10651"
35457,Apr,0.5,,2,10042
35458,Apr,0.5,,2,10302
35466,Sep,1,,1,10320
35472,Mar,1,,1,10093
35493,May,1,,1,10302
35506,May,1,,2,"10302,10315"
35507,May,1,,1,10651
35518,May,0.667,,3,"10302,10315"
35520,May,1,,1,10292
35522,May,1,,1,10651
35523,May,1,,4,"10097,10302,10315,10651"
35524,May,0.75,,4,"10302,10315,10651"
35526,May,0.6,,5,"10097,10302,10315"
35529,Jul,1,,1,10651
35532,Jul,0.5,,2,10651
35533,Jul,0.667,,3,"10302,10651"
35534,Jul,0.5,,2,10651
35535,Jun,0.286,,7,"10042,10302"
35537,Jul,0.333,,3,10651
35539,Aug,1,,1,10651
35542,May,0.667,,3,"10302,10651"
35556,Jul,0.667,,3,"10315,10651"
35561,Jul,1,,2,"10315,10651"
35562,Aug,0.333,,3,10651
35563,Jul,1,,1,10651
35570,Jun,1,,1,10302
35578,Jul,1,,1,10651
35603,Aug,1,,1,10651
35606,Dec,1,,1,10302
35614,Aug,0.5,,2,10315
35617,Sep,1,,2,"263,10342"
35637,Aug,0.333,,3,10302
35640,Jan,0.5,,2,10097
35643,May,1,,1,10651
35645,Apr,0.333,,3,10093
35647,Apr,0.5,,2,10342
35667,Apr,1,,1,10320
35701,Jan,0.5,,2,10320
35741,Jul,0.667,,3,"10315,10651"
35749,Jul,0.5,,2,10651
35753,Aug,1,,1,10651
35780,Jul,0.5,,2,10651
35788,Aug,1,,1,10651
35808,Jun,1,,1,10042
35822,Jul,0.75,,4,"10302,10315,10651"
35832,Jul,1,,1,10651
35869,Aug,1,,1,10320
35877,Jul,0.5,,2,10315
35888,Mar,0.6,,5,"10302,10315,10651"
35890,Apr,1,,2,"10302,10651"
35891,Apr,1,,2,"10302,10315"
35893,Dec,1,,1,10302
35894,Apr,0.4,,5,"10302,10315"
35896,Apr,0.5,,2,10651
35897,Mar,0.75,,4,"10302,10315,10651"
35901,Mar,1,,1,10651
35931,Mar,1,,1,10342
35937,Oct,1,,1,10320
35938,Jul,1,,1,10302
35939,Jul,1,,1,10302
35950,Dec,0.5,,2,10302
35951,Jun,0.333,,6,"10315,10651"
35952,Jul,1,,1,10302
35980,Jul,0.5,,2,10302
35981,Jun,0.667,,3,"10315,10651"
35983,Jun,1,,2,"10302,10315"
35985,Jun,0.5,,2,10302
35986,Jul,0.333,,3,10315
35987,May,0.667,,3,"10302,10315"
35993,Jun,1,,3,"10302,10315,10651"
35994,Jun,1,,3,"10302,10315,10651"
35997,Jun,1,,3,"10302,10315,10651"
35998,Jul,1,,1,10651
36000,Jun,0.667,,3,"10315,10651"
36001,Jul,0.5,,4,"10315,10651"
36002,Jun,1,,3,"10302,10315,10651"
36005,Jun,1,,1,10651
36006,Jun,0.667,,3,"10302,10315"
36007,Jun,0.5,,2,10302
36008,Jul,0.667,,3,"10302,10315"
36009,Jun,1,,3,"10302,10315,10651"
36015,Jun,0.75,,4,"10302,10315,10651"
36017,May,1,,1,10651
36019,Jul,0.5,,2,10651
36020,Jun,0.5,,2,10315
36022,Jun,1,,1,10651
36023,Jun,1,,3,"10302,10315,10651"
36024,Jun,1,,1,10651
36027,Jul,1,,1,10302
36028,Jun,1,,1,10651
36029,Jun,0.5,,2,10651
36032,Jul,1,,1,10651
36033,Jun,0.667,,3,"10315,10651"
36035,Apr,0.5,,2,10097
36036,May,1,,1,10651
36039,Jul,1,,1,10651
36040,Jun,0.5,,2,10651
36041,Jun,1,,3,"10302,10315,10651"
36044,Jul,1,,1,10651
36045,Apr,1,,2,"10302,10651"
36048,Jul,0.5,,2,10302
36049,Jun,1,,2,"10315,10651"
36050,Jul,1,,1,10651
36052,Jun,1,,3,"10302,10315,10651"
36053,Jun,0.75,,4,"10302,10315,10651"
36057,Apr,0.5,,2,10302
36058,Jul,1,,1,10651
36059,Jun,1,,1,10651
36065,Jul,1,,1,10651
36066,Jun,1,,1,10651
36106,Jun,1,,1,10651
36107,Mar,1,,1,10342
36110,Jan,1,,1,10320
36114,Sep,1,,1,10320
36115,Jul,1,,1,10320
36126,Oct,1,,1,10320
36128,Sep,1,,1,10320
36133,Sep,1,,1,10320
36136,Dec,1,,1,10320
36142,Oct,1,,1,10320
36147,Dec,1,,1,10320
36153,Dec,0.5,,2,10320
36158,Aug,1,,1,10053
36181,Jul,0.5,,2,10302
36187,Apr,1,,1,10302
36188,Jul,1,,1,10651
36189,Jul,1,,1,10651
36191,Mar,0.5,,4,"10302,10315"
36192,Apr,0.333,,3,10302
36199,Jun,1,,1,10651
36200,Jun,0.5,,2,10651
36206,Jul,1,,1,10651
36207,Apr,0.667,,3,"10302,10315"
36208,Apr,0.25,,4,10651
36305,Nov,0.5,,2,10342
36309,Aug,1,,1,10651
36321,Nov,1,,1,10320
36322,Nov,1,,1,10320
36324,Sep,1,,1,10320
36349,Jun,1,,1,10651
36351,Jun,0.5,,2,10651
36352,Jul,0.25,,4,10042
36354,Mar,1,,1,10292
36356,Mar,1,,4,"10097,10302,10315,10651"
36357,Apr,0.75,,4,"10302,10315,10651"
36361,Mar,0.667,,3,"10315,10651"
36362,Apr,0.8,,5,"10302,10315,10342,10651"
36366,Apr,0.667,,3,"10315,10651"
36373,Apr,0.5,,2,10651
36374,Jun,1,,2,"263,10342"
36375,Jul,0.5,,2,10651
36382,May,0.667,,3,"10302,10651"
36384,Apr,0.333,,3,10651
36390,Mar,0.5,,2,10292
36391,Apr,1,,1,10302
36393,Apr,0.667,,3,"10302,10315"
36395,May,1,,1,10651
36398,May,1,,1,10651
36431,Dec,1,,1,10320
36452,Dec,0.5,,2,10302
36453,May,1,,2,"10302,10315"
36454,May,1,,2,"10097,10651"
36459,May,1,,1,10097
36461,Jul,1,,1,10292
36495,Jun,0.667,,3,"10302,10315"
36505,Dec,0.5,,2,10302
36509,variable,1,,1,10053
36512,Apr,1,,2,"10302,10315"
36586,Mar,1,,1,10342
36593,Mar,1,,1,10053
36596,Nov,1,,1,10320
36825,May,1,,1,10053
36942,Jul,1,,1,10651
36944,Jul,1,,1,10651
36948,Apr,1,,1,10342
36950,Jul,0.75,,4,"10302,10315,10651"
36980,Apr,0.5,,2,10342
37006,Mar,1,,2,"263,10342"
37035,Apr,0.5,,2,10342
37071,Apr,1,,1,10342
37076,Mar,1,,2,"10042,10342"
37094,Apr,1,,1,10651
37096,Apr,1,,1,10320
37104,Jun,1,,1,10342
37105,Apr,0.5,,2,10342
37120,Mar,1,,1,10320
37123,Mar,1,,1,10320
37137,May,1,,1,10320
37140,Aug,1,,1,10320
37141,Oct,1,,1,10320
37144,Sep,1,,1,10320
37145,Dec,1,,1,10320
37147,May,1,,1,10320
37151,Apr,1,,1,10320
37156,Aug,1,,1,10320
37159,Feb,1,,1,10320
37161,Apr,1,,1,10320
37163,Feb,1,,1,10320
37165,Mar,1,,1,10320
37166,Jul,1,,1,10320
37172,Sep,1,,1,10320
37178,Oct,1,,1,10320
37184,Jul,1,,1,10320
37250,Jul,1,,1,10651
37252,Jun,0.75,,4,"10302,10315,10651"
37253,Jun,1,,1,10315
37257,Apr,0.333,,3,10342
37260,Jul,1,,1,10651
37261,Jul,0.5,,2,10651
37266,Aug,1,,1,10651
37272,Feb,1,,1,10342
37273,Feb,1,,2,"263,10342"
37277,Jul,0.667,,3,"10302,10315"
37284,Mar,1,,1,10093
37286,Jul,0.667,,3,"10302,10315"
37291,Mar,1,,1,10302
37292,Apr,0.5,,2,10651
37294,Apr,0.5,,2,10651
37323,May,0.6,,5,"10097,10302,10651"
37397,variable,1,,1,10053
37416,Aug,1,,1,10651
37420,Jun,0.5,,2,10651
37434,Jun,1,,1,10651
37435,Jun,1,,1,10651
37441,Jun,1,,1,10651
37442,May,1,,2,"10315,10651"
37445,Jun,1,,1,10651
37446,Jun,0.5,,2,10651
37447,Aug,1,,1,10320
37448,Jan,1,,1,10342
37489,Apr,0.571,,7,"10097,10302,10315,10651"
37493,Dec,0.5,,2,10302
37518,Apr,0.5,,2,10302
37546,Apr,1,,2,"10342,10651"
37559,May,1,,1,10651
37566,May,1,,1,10315
37568,Apr,0.667,,3,"10302,10651"
37572,Apr,1,,1,10651
37574,Apr,0.75,,4,"10302,10342,10651"
37576,May,1,,3,"10302,10315,10651"
37585,Apr,0.5,,2,10342
37622,Jul,0.5,,4,"10302,10651"
37666,May,1,,1,10302
37668,May,0.667,,3,"10302,10651"
37672,May,0.6,,5,"10302,10315,10651"
37673,May,0.6,,5,"10302,10315,10651"
37675,Apr,0.667,,3,"10302,10315"
37682,Apr,0.6,,5,"10097,10315,10651"
37685,May,1,,1,10651
37692,Apr,1,,1,10651
37693,Jun,0.667,,3,"10315,10651"
37698,Jan,1,,2,"263,10342"
37710,Jul,1,,1,10651
37711,Apr,1,,2,"10302,10651"
37713,Jun,0.667,,3,"10315,10651"
37714,Jun,0.667,,3,"10302,10315"
37719,Jul,1,,1,10651
37731,Apr,1,,1,10315
37735,Jun,1,,1,10651
37739,Apr,1,,1,10651
37740,Jun,1,,1,10651
37745,May,1,,2,"10302,10651"
37747,Apr,0.5,,2,10651
37749,Jun,0.667,,3,"10302,10315"
37756,Apr,1,,1,10651
37765,Apr,1,,3,"10042,10342,10651"
37767,Apr,1,,1,10651
37769,Jun,1,,1,10651
37774,Mar,0.5,,2,10342
37775,Jun,1,,1,10315
37776,Apr,0.5,,2,10651
37779,Feb,1,,1,10342
37782,Jun,1,,1,10651
37783,Apr,0.5,,2,10302
37784,Apr,0.5,,2,10302
37788,May,1,,1,10302
37794,Jul,1,,2,"10302,10651"
37795,May,1,,1,10302
37800,Jul,1,,1,10651
37802,May,0.75,,4,"10302,10315,10651"
37803,Jun,1,,2,"10302,10651"
37806,Apr,1,,1,10651
37810,May,0.333,,6,"10302,10315"
37812,Apr,0.5,,2,10651
37814,May,1,,1,10651
37817,May,1,,1,10302
37829,Jun,1,,1,10651
37836,Jun,0.333,,3,10651
37837,Feb,1,,1,10342
37838,May,1,,1,10315
37841,May,1,,1,10651
37900,Jun,0.286,,7,"10302,10315"
37907,May,1,,2,"10302,10651"
37908,May,0.5,,4,"10315,10651"
37915,Mar,1,,1,10053
37933,Mar,1,,1,10053
37968,Jan,1,,2,"263,10342"
37969,Feb,0.5,,2,10342
37971,Apr,1,,2,"263,10342"
37973,Mar,0.75,,4,"10093,263,10342"
37982,variable,1,,1,10053
37997,Dec,0.5,,2,10302
37999,Jun,0.667,,3,"10315,10651"
38000,Jun,0.5,,4,"10302,10315"
38002,Dec,1,,1,10302
38003,May,1,,1,10302
38004,Dec,0.5,,2,263
38033,Aug,0.667,,3,"10315,10651"
38034,Aug,1,,1,10651
38035,Aug,0.667,,3,"10315,10651"
38040,Apr,1,,1,10651
38041,Apr,0.5,,2,10651
38061,Apr,0.333,,3,10651
38065,May,1,,2,"10315,10651"
38067,Dec,1,,2,"263,10342"
38070,Dec,1,,2,"263,10342"
38073,Apr,1,,2,"263,10342"
38083,Apr,0.5,,2,10302
38113,Jul,1,,1,10651
38114,May,1,,2,"10302,10651"
38119,variable,1,,1,10053
38120,Aug,0.333,,3,10651
38122,May,0.75,,4,"10302,10315,10651"
38140,Jun,0.5,,4,"10302,10651"
38142,Apr,1,,1,10097
38143,Jun,0.5,,2,10651
38146,Jun,1,,1,10651
38161,Jun,1,,1,10651
38169,May,1,,3,"10302,10315,10651"
38180,Jun,1,,1,10651
38181,Jun,0.5,,2,10651
38199,Jul,1,,1,10651
38234,Apr,0.5,,2,10342
38246,Jun,1,,3,"10302,10315,10651"
38248,Jun,1,,1,10651
38252,Mar,1,,1,10342
38257,Mar,1,,1,10093
38269,Jun,0.667,,3,"10302,10315"
38289,May,1,,1,10053
38306,Jul,0.5,,2,10651
38405,May,0.667,,3,"10302,10651"
38406,Apr,0.5,,2,10302
38414,Apr,0.5,,4,"10302,10315"
38415,Apr,0.667,,3,"10302,10315"
38416,Apr,1,,1,10302
38418,Apr,0.333,,3,10302
38420,Apr,0.667,,3,"10302,10315"
38442,Mar,1,,1,10053
38443,Jan,0.333,,6,"10042,10093"
38446,Apr,1,,1,10342
38459,Jan,1,,1,10342
38461,Dec,0.5,,2,10302
38462,May,0.4,,5,"10302,10651"
38486,Apr,0.5,,2,10651
38487,Aug,1,,1,10320
38488,Aug,1,,1,10320
38491,May,1,,1,10320
38497,Jul,1,,1,10342
38502,Dec,0.5,,2,10342
38511,Aug,1,,1,10320
38646,May,1,,3,"10302,10315,10651"
38647,Jun,0.667,,3,"10302,10315"
38648,Jul,1,,1,10651
38653,Jun,1,,1,10651
38657,Jun,1,,1,10302
38661,Jun,1,,2,"10315,10651"
38664,May,1,,1,10302
38666,Jun,0.5,,2,10315
38668,Jun,1,,1,10651
38669,Jun,1,,1,10651
38671,Jun,1,,3,"10302,10315,10651"
38672,May,1,,2,"10302,10651"
38674,Jun,1,,2,"10302,10651"
38676,Jun,0.4,,5,"10315,10651"
38677,May,1,,1,10292
38678,Jun,1,,1,10651
38679,Jun,1,,1,10651
38680,Jun,1,,2,"10302,10651"
38682,Jul,0.5,,2,10651
38685,Jun,0.667,,3,"10302,10651"
38686,Jun,1,,3,"10302,10315,10651"
38689,Jun,1,,1,10042
38690,Dec,0.5,,2,10302
38695,Jun,1,,2,"10302,10651"
38696,Jun,1,,1,10651
38697,Jun,1,,1,10302
38700,Jun,1,,3,"10302,10315,10651"
38703,May,1,,1,10292
38706,Jun,1,,1,10651
38708,Jun,1,,3,"10302,10315,10651"
38709,Jul,0.333,,3,10651
38714,May,1,,1,10292
38715,Jun,1,,1,10302
38718,May,0.6,,5,"10302,10315,10651"
38719,May,1,,1,10302
38720,Jun,1,,1,10302
38722,Jun,1,,2,"10302,10651"
38740,Oct,1,,1,10320
38744,Apr,0.5,,4,"10302,10651"
38747,May,1,,1,10651
38748,Apr,0.5,,2,10093
38751,Aug,1,,1,10651
38753,Aug,1,,1,10651
38763,Mar,1,,1,10053
38765,Mar,1,,1,10053
38791,Apr,1,,1,263
38795,Jul,0.5,,2,10097
38796,Jan,0.667,,3,"263,10342"
38797,Jun,1,,1,10651
38800,Mar,1,,1,10342
38803,Jun,1,,3,"10302,10315,10651"
38816,Jun,1,,1,10651
38837,Jul,0.5,,2,10651
38844,Jun,1,,1,10315
38846,Jun,1,,1,10315
38865,Jun,0.5,,2,263
38878,Jun,0.5,,2,10651
38883,Jun,1,,1,10651
38891,May,1,,1,10651
38910,May,1,,1,10315
38913,Jun,1,,1,10651
38953,Apr,0.5,,2,10042
38967,Apr,0.5,,2,10042
38983,Jun,1,,1,10315
39000,Jun,1,,1,10651
39009,May,0.667,,3,"10302,10315"
39058,Jul,1,,1,10315
39083,Jul,1,,2,"10302,10315"
39084,May,1,,1,10315
39094,Apr,1,,2,"10042,10097"
39100,May,0.667,,3,"10302,10315"
39108,Jun,1,,1,10342
39112,May,1,,1,10302
39120,May,1,,1,10097
39127,Jun,1,,2,"10302,10315"
39129,Mar,1,,1,10053
39183,May,1,,3,"10302,10315,10651"
39188,May,1,,1,10315
39196,Jul,1,,1,10651
39200,Jun,1,,1,10315
39204,Mar,1,,1,10315
39205,Jun,1,,1,10315
39213,Jun,1,,1,10315
39240,Jul,0.5,,2,10315
39246,Jun,1,,1,10315
39263,Dec,0.5,,2,10302
39264,Jun,0.667,,3,"10292,10651"
39265,Aug,0.667,,3,"10292,10315"
39315,May,0.667,,3,"10302,10315"
39316,May,0.6,,5,"10302,10315,10651"
39319,Jun,1,,2,"10302,10651"
39320,Jul,0.667,,3,"10315,10651"
39323,Feb,1,,1,10342
39326,Feb,0.5,,2,10342
39327,Jul,0.5,,2,10302
39328,Jun,0.4,,5,"10315,10651"
39329,May,0.5,,4,"10315,10651"
39330,Jul,1,,1,10302
39331,Apr,0.333,,3,10093
39338,Jul,1,,1,10651
39339,Jul,1,,1,10651
39341,Apr,1,,1,10097
39342,Jul,1,,2,"10315,10651"
39344,Aug,1,,1,10651
39345,Jul,0.667,,3,"10302,10315"
39346,Dec,1,,2,"263,10342"
39347,Apr,0.5,,2,10342
39349,Jul,0.667,,3,"10302,10315"
39354,Jul,0.4,,5,"10302,10651"
39358,Jul,0.5,,2,10302
39359,Jul,0.5,,4,"10302,10651"
39361,May,0.667,,3,"10302,10651"
39362,Jul,1,,1,10315
39366,Jun,0.667,,3,"10302,10315"
39367,Jun,0.5,,4,"10302,10651"
39371,Jun,1,,3,"10302,10315,10651"
39373,Jul,0.5,,2,10315
39375,May,1,,1,10651
39377,Feb,0.5,,2,10342
39385,Jun,0.5,,2,10651
39389,Jun,0.333,,3,10651
39397,Feb,1,,1,10651
39398,Jan,0.5,,2,10342
39399,Jul,1,,1,10651
39410,Feb,1,,1,10342
39412,Jun,0.75,,4,"10302,10315,10651"
39413,Mar,1,,1,10342
39415,Apr,0.5,,2,10342
39416,Feb,1,,2,"263,10342"
39417,Apr,1,,1,10342
39469,Sep,1,,1,10053
39479,Jun,1,,1,10292
39500,Aug,1,,1,10342
39504,May,1,,1,10651
39533,Apr,0.5,,2,10651
39534,May,0.6,,5,"10302,10315,10651"
39540,Mar,0.5,,2,10342
39541,Jul,0.5,,2,10651
39543,Jul,1,,1,10651
39544,Jun,0.667,,3,"10302,10651"
39546,May,0.75,,4,"10302,10315,10651"
39548,Jun,0.5,,2,10302
39549,Jun,1,,1,10302
39558,Dec,0.5,,2,10302
39563,Jun,1,,3,"10302,10315,10651"
39627,Jul,0.333,,3,10315
39631,Jul,1,,1,10315
39632,Aug,1,,1,10315
39638,Mar,1,,1,10651
39639,Jun,1,,1,10651
39640,Apr,0.75,,4,"10042,10315,10651"
39642,Jun,1,,1,10651
39643,May,1,,1,10651
39644,Jun,0.5,,2,10651
39646,Mar,1,,1,10315
39647,Apr,0.667,,3,"10302,10315"
39648,Feb,0.5,,2,10097
39649,Apr,0.333,,3,10651
39650,May,1,,1,10651
39652,Jun,1,,1,10651
39653,Mar,0.667,,3,"10302,10315"
39654,Mar,1,,2,"10315,10651"
39655,Jun,1,,1,10651
39661,Jun,1,,1,10651
39663,Jun,1,,2,"10302,10651"
39664,Apr,0.333,,3,10651
39666,Apr,1,,1,10651
39668,Jul,0.5,,2,10302
39671,May,1,,1,10651
39672,Jun,1,,1,10651
39676,Jun,1,,1,10651
39677,May,1,,1,10651
39682,Apr,0.5,,2,10651
39683,May,1,,1,10651
39684,Jul,1,,1,10651
39688,Jun,1,,1,10651
39689,Jan,1,,2,"263,10342"
39690,Jun,0.5,,2,10651
39691,Jun,1,,1,10651
39692,May,1,,1,10651
39694,Jun,1,,1,10651
39696,Jun,0.5,,2,10651
39697,Mar,0.667,,3,"10302,10651"
39699,Apr,1,,2,"10302,10315"
39701,Jul,0.5,,2,10302
39702,Jun,1,,1,10651
39703,Mar,1,,1,10651
39706,Jun,1,,1,10651
39709,Jun,1,,1,10651
39710,Mar,0.667,,3,"10097,10651"
39711,Apr,0.75,,4,"10302,10315,10651"
39712,Jun,0.5,,2,10651
39713,Mar,0.5,,4,"10315,10651"
39716,Apr,0.25,,4,10315
39729,Apr,0.5,,2,10342
39734,Jul,0.5,,4,"10315,10651"
39735,Aug,1,,1,10651
39742,Mar,1,,1,10093
39744,Dec,0.5,,2,10342
39745,May,0.5,,2,10651
39751,Jul,1,,1,10292
39756,Dec,1,,2,"263,10342"
39760,Feb,1,,2,"263,10342"
39763,Jul,1,,1,10342
39773,Dec,1,,1,10302
39775,Dec,0.5,,2,10302
39776,Jul,0.5,,2,10302
39779,Feb,1,,1,10342
39789,Feb,1,,1,10342
39791,Apr,1,,1,10292
39794,Apr,1,,1,10342
39798,Jun,0.5,,2,10302
39801,Jun,0.667,,3,"10315,10651"
39806,Apr,1,,1,10651
39809,May,1,,2,"10302,10315"
39814,Oct,1,,1,10320
39820,Jun,1,,2,"10302,10651"
39826,Dec,0.5,,2,10302
39838,Apr,0.333,,3,10651
39839,Jun,0.5,,4,"10302,10315"
39840,Apr,0.333,,3,10651
39846,Apr,0.25,,4,10342
39848,Aug,0.333,,3,10342
39849,Jun,0.667,,3,"10302,10651"
39850,Nov,1,,1,10320
39853,Apr,0.25,,4,263
39854,Apr,1,,1,10342
39856,Apr,0.4,,5,"10302,10315"
39857,Jun,1,,1,10651
39859,Sep,1,,1,10320
39860,Jun,0.6,,5,"10302,10315,10651"
39874,Jun,1,,1,10651
39878,Mar,1,,1,10342
39879,Feb,1,,2,"263,10342"
39880,May,0.667,,3,"10315,10651"
39882,Jun,0.75,,4,"10302,10315,10651"
39889,Jul,1,,1,10651
39891,May,1,,2,"10315,10651"
39933,Jul,1,,1,10651
39938,Apr,1,,1,10097
39956,May,1,,1,10651
39958,Apr,1,,1,10302
39959,Jun,0.667,,3,"10302,10651"
39961,Jun,1,,1,10651
39975,Oct,1,,1,10320
39977,Oct,1,,1,10320
39979,Nov,1,,1,10320
40045,Jul,1,,1,10651
40049,Jul,1,,1,10651
40053,Apr,1,,1,10292
40057,Jul,1,,3,"10302,10315,10651"
40059,Jul,0.5,,2,10315
40079,Jul,1,,1,10651
40080,Jul,1,,1,10651
40081,Jul,1,,1,10651
40083,Aug,1,,1,10651
40085,Jul,1,,1,10651
40087,Jul,1,,1,10651
40088,Jul,1,,1,10651
40089,Jul,1,,1,10651
40090,May,1,,1,10053
40094,Jun,0.5,,2,10302
40095,Jul,0.5,,2,10651
40097,Jun,1,,1,10651
40098,Jul,1,,1,10651
40099,May,1,,1,10302
40103,Jul,0.5,,2,10302
40105,Jul,1,,1,10651
40107,Jun,1,,1,10302
40108,Jun,1,,1,10302
40109,May,1,,1,10651
40110,Jul,0.5,,2,10651
40114,May,1,,3,"10302,10315,10651"
40116,Jul,1,,1,10302
40117,Jul,0.667,,3,"10302,10315"
40118,Jun,1,,1,10302
40129,Apr,0.5,,2,10302
40130,Jul,0.5,,2,10651
40135,May,1,,1,10302
40136,Jul,1,,1,10651
40137,May,1,,1,10302
40138,Jun,0.5,,2,10302
40140,Jul,1,,1,10651
40142,Jul,0.5,,2,10651
40145,Jun,1,,2,"10302,10342"
40147,Jun,1,,1,10651
40148,Apr,0.667,,3,"10302,10315"
40154,Apr,1,,1,10342
40155,Jul,0.5,,4,"10302,10315"
40170,Aug,1,,1,10320
40190,Dec,1,,1,10320
40227,Apr,1,,1,10651
40228,May,0.4,,5,"10302,10315"
40297,May,1,,1,10651
40298,May,1,,3,"10302,10315,10651"
40338,Mar,1,,1,10342
40339,Jul,1,,1,10342
40343,May,1,,1,10651
40350,Mar,1,,3,"10093,10342,10651"
40351,Apr,0.333,,3,10651
40353,Jul,0.5,,2,10651
40400,Feb,0.5,,2,10342
40401,Feb,1,,2,"263,10342"
40409,Jul,1,,1,10651
40452,Aug,0.5,,2,10651
40453,Jun,0.667,,3,"10302,10651"
40457,Jun,0.667,,3,"10315,10651"
40458,Jun,0.5,,2,10302
40460,Jul,0.5,,2,10302
40461,Jun,0.667,,3,"10302,10315"
40463,Jun,1,,3,"10302,10315,10651"
40480,Jun,0.5,,2,10651
40487,May,0.667,,3,"10302,10315"
40545,Mar,1,,3,"10302,10315,10651"
40549,Mar,1,,2,"10302,10315"
40550,Jan,1,,2,"263,10342"
40552,Dec,0.5,,2,10342
40554,Mar,1,,1,10302
40558,Mar,1,,1,10342
40559,Mar,1,,2,"10302,10315"
40560,Mar,0.75,,4,"10302,10315,10651"
40566,Feb,0.25,,4,10342
40571,May,1,,1,10302
40572,Jul,1,,1,10651
40579,May,1,,3,"10302,10315,10651"
40583,Apr,0.5,,6,"10302,10342,10651"
40587,May,0.667,,3,"10302,10315"
40653,Apr,0.5,,2,10302
40664,Feb,1,,1,10342
40709,Apr,1,,1,10342
40710,Apr,0.333,,3,10342
40711,Jul,0.5,,2,10651
40713,Mar,1,,1,10053
40717,Mar,0.6,,5,"10093,10342,10651"
40718,Apr,1,,1,10342
40725,May,1,,3,"10302,10315,10651"
40726,Apr,0.5,,2,10651
40730,Jul,0.5,,4,"10315,10651"
40734,Feb,1,,2,"263,10342"
40735,Apr,0.5,,2,10342
40738,Mar,1,,2,"263,10342"
40739,May,0.667,,3,"10315,10651"
40745,Jan,1,,2,"263,10342"
40750,May,1,,1,10651
40753,Jun,0.667,,3,"10302,10315"
40754,Jun,0.667,,3,"10302,10651"
40755,May,1,,1,10651
40759,Jun,0.5,,2,10302
40760,Mar,1,,1,10342
40761,Jan,0.667,,3,"263,10342"
40764,Apr,1,,3,"10302,10315,10651"
40772,Jun,0.5,,2,10302
40777,Jun,1,,1,10315
40778,Jun,1,,1,10651
40779,Jun,1,,3,"10302,10315,10651"
40784,Oct,1,,1,10320
40792,Jul,0.5,,2,10302
40795,Jun,1,,1,10651
40800,Jul,0.333,,3,10651
40803,Jun,1,,1,10651
40805,Jul,1,,1,10651
40814,Feb,1,,1,10342
40826,Jun,0.5,,4,"10315,10651"
40860,Jun,0.667,,3,"10302,10315"
40862,Jun,0.5,,2,10651
40863,Jun,1,,3,"10302,10315,10651"
40865,Jun,1,,1,10302
40870,May,1,,1,10651
40877,Jun,1,,1,10315
40878,Apr,1,,1,10651
40882,Jun,1,,2,"10302,10315"
40893,Jun,1,,1,10651
40901,Jun,1,,1,10651
40904,May,1,,1,10342
40917,May,1,,1,10651
40921,Mar,0.667,,3,"263,10342"
40923,Jun,1,,1,10302
40924,May,1,,1,10302
40927,Jun,1,,3,"10302,10315,10651"
40938,May,1,,1,10302
40940,Jun,1,,2,"10302,10651"
40942,Mar,1,,1,10093
40944,Aug,0.5,,2,10651
40969,Jun,1,,2,"10302,10651"
40974,Mar,1,,1,10342
41000,Jul,1,,2,"10302,10651"
41004,Jun,1,,1,10651
41072,Nov,0.5,,2,10342
41073,Dec,1,,1,10342
41077,Jul,1,,1,10302
41078,Jul,1,,1,10302
41079,Jul,1,,3,"10302,10315,10651"
41082,Jan,1,,1,10342
41088,Feb,0.5,,2,10342
41098,Aug,0.5,,2,10302
41099,Jul,1,,1,10302
41103,Jun,1,,1,10302
41108,Feb,0.5,,2,10342
41113,Dec,0.5,,4,"263,10342"
41124,Mar,1,,1,10342
41125,Jul,0.5,,2,10302
41126,Dec,1,,1,10342
41133,Jan,0.5,,2,10342
41141,Feb,1,,1,10342
41145,Jul,0.5,,2,10302
41148,Jul,1,,3,"10302,10315,10651"
41176,Apr,1,,1,10315
41181,Jun,0.667,,3,"10315,10651"
41183,Dec,1,,2,"263,10342"
41189,Jun,0.75,,4,"10302,10315,10651"
41190,Dec,0.25,,4,10342
41196,Mar,1,,1,10093
41201,Mar,1,,1,10342
41205,May,1,,1,10342
41207,Jan,1,,1,10342
41217,Mar,1,,1,10093
41243,Jul,1,,1,10342
41254,Dec,1,,1,10302
41262,Apr,0.333,,3,263
41264,May,1,,1,10651
41306,Jul,0.5,,2,10315
41311,Jun,1,,1,10651
41330,Jul,1,,1,10651
41331,Jul,0.667,,3,"10302,10651"
41333,Aug,1,,1,10651
41334,Apr,1,,1,10315
41335,Jul,1,,1,10651
41336,Mar,0.667,,3,"10302,10342"
41345,Jun,1,,1,10342
41355,Jul,1,,1,10302
41358,Jul,1,,3,"10302,10315,10651"
41370,Apr,1,,1,10342
41372,Jul,0.667,,3,"10302,10315"
41382,Jul,0.5,,4,"10302,10651"
41383,Jul,0.5,,4,"10302,10315"
41395,Apr,0.2,,5,10651
41396,Feb,1,,1,10053
41428,Jun,1,,2,"10302,10651"
41439,Jul,1,,2,"10302,10651"
41456,Mar,1,,1,10342
41469,Dec,1,,1,10053
41488,Apr,0.667,,3,"263,10342"
41505,Feb,1,,1,10342
41506,Apr,1,,2,"263,10342"
41507,Mar,1,,1,10342
41508,Apr,1,,2,"263,10342"
41510,Feb,0.667,,3,"263,10342"
41511,Mar,1,,1,10342
41512,May,1,,2,"263,10342"
41513,Mar,1,,2,"263,10342"
41514,Apr,1,,2,"263,10342"
41515,Jun,1,,2,"263,10342"
41516,Apr,1,,1,10342
41518,Apr,1,,1,10342
41519,Apr,1,,1,10342
41521,Apr,1,,1,10342
41523,Apr,1,,2,"263,10342"
41525,Apr,1,,1,10342
41526,Feb,1,,1,10342
41527,Apr,1,,1,10342
41528,Apr,0.667,,3,"263,10342"
41529,Feb,1,,2,"263,10342"
41532,Apr,1,,2,"263,10342"
41533,Apr,1,,1,10342
41540,Sep,1,,1,10342
41581,Jun,1,,1,10651
41585,Jun,0.667,,3,"10302,10315"
41586,Jun,1,,2,"10302,10651"
41593,Apr,0.5,,2,10651
41594,Jun,1,,1,10651
41597,Jul,0.667,,3,"10302,10315"
41599,Mar,1,,1,10342
41601,Jun,1,,2,"263,10342"
41602,Feb,1,,2,"263,10342"
41605,Dec,0.5,,2,10302
41607,Jan,1,,1,10342
41608,May,0.5,,4,"10302,10315"
41609,Apr,1,,1,10651
41610,Apr,0.25,,4,10651
41611,Jul,0.5,,2,10651
41612,Apr,1,,1,10342
41616,Jun,0.5,,4,"10302,10651"
41617,Apr,1,,2,"10302,10315"
41620,Feb,1,,1,10342
41622,Jul,1,,1,10651
41623,Jun,1,,1,10302
41624,May,1,,3,"10302,10315,10651"
41628,Jun,0.5,,4,"10302,10315"
41630,Jan,1,,1,10342
41639,Jul,0.5,,2,10651
41640,May,1,,2,"10302,10651"
41643,Feb,1,,2,"263,10342"
41645,Jun,0.5,,2,10651
41654,Apr,1,,1,10342
41657,Jun,1,,3,"10302,10315,10651"
41658,Jun,0.5,,2,10651
41661,May,0.5,,6,"10302,10315,10651"
41662,Jun,0.5,,2,10315
41665,Jun,1,,1,10651
41669,Mar,1,,1,10342
41672,Jun,1,,1,10651
41678,Mar,1,,1,10342
41679,Jun,1,,1,10302
41680,Jul,1,,1,10651
41690,Jul,1,,1,10651
41691,Apr,1,,1,10342
41692,Mar,1,,1,10342
41694,Jul,1,,1,10651
41700,Jun,1,,2,"10302,10651"
41702,Jul,0.333,,9,"10042,10302,10315"
41704,Jul,0.5,,4,"10315,10651"
41709,Feb,1,,1,10342
41713,Aug,1,,1,10302
41718,Feb,0.333,,3,10342
41719,Jun,1,,1,10302
41754,Jul,1,,1,10651
41756,Jul,1,,1,10651
41759,May,0.667,,3,"10302,10315"
41761,Dec,0.5,,2,10342
41763,May,0.333,,6,"10302,10315"
41764,May,1,,2,"10315,10651"
41765,May,0.5,,4,"10302,10315"
41766,Apr,0.333,,6,"10302,10651"
41769,Jun,0.5,,2,10302
41770,May,1,,2,"10302,10651"
41774,May,1,,1,10292
41777,May,1,,1,10315
41783,Sep,1,,1,10320
41784,May,1,,1,10302
41785,Oct,1,,1,10320
41789,Jul,0.667,,3,"10302,10315"
41790,Jul,0.5,,2,10292
41792,Jun,1,,1,10651
41828,Aug,0.333,,3,263
41837,Oct,1,,2,"263,10342"
41877,May,1,,1,10651
41889,Mar,0.5,,2,10342
41890,May,1,,2,"10302,10651"
41896,Jan,1,,1,10342
41919,Feb,1,,1,10342
41924,May,1,,1,10292
41927,Dec,0.5,,2,10302
41928,Dec,1,,1,10342
41934,Jun,1,,1,10053
41940,Jun,1,,2,"10315,10651"
41941,Mar,1,,1,10093
41944,May,1,,1,10097
41972,Mar,1,,2,"263,10342"
41975,Jul,0.667,,3,"10302,10315"
41982,Apr,1,,1,10342
41984,Apr,1,,1,10342
41987,Dec,0.333,,3,10302
41992,Apr,1,,1,10097
41996,Jun,0.5,,8,"10097,10302,10315,10651"
42007,Jul,1,,2,"10302,10315"
42014,Dec,0.5,,2,10302
42021,Jun,1,,2,"10302,10651"
42039,variable,1,,1,10053
42043,Jun,1,,1,10315
42046,Jun,0.5,,4,"10302,10651"
42054,Dec,1,,2,"263,10342"
42055,Jan,0.25,,4,10342
42064,Mar,1,,1,10342
42065,May,1,,1,10097
42074,Apr,1,,1,10342
42081,Aug,1,,3,"10302,10315,10651"
42085,Jul,0.75,,4,"10292,10302,10315"
42086,Jul,1,,2,"10292,10651"
42089,Jul,1,,1,10292
42090,Jul,1,,1,10651
42091,Aug,1,,1,10292
42094,Aug,0.6,,5,"10042,10302,10651"
42098,Mar,1,,1,10342
42104,Jan,1,,2,"263,10342"
42106,Apr,1,,1,10342
42107,Jun,0.667,,3,"10315,10651"
42108,Jun,0.429,,7,"10302,10315,10651"
42109,Mar,1,,2,"263,10342"
42110,Jan,1,,1,10342
42111,Feb,1,,2,"263,10342"
42114,Apr,1,,1,10342
42115,Feb,0.5,,2,10342
42116,Sep,1,,2,"263,10342"
42117,Feb,1,,2,"263,10342"
42120,Mar,1,,1,10342
42122,Mar,1,,1,10342
42125,May,1,,1,10342
42126,Mar,1,,2,"263,10342"
42129,Jan,1,,1,10342
42131,Apr,1,,1,10093
42133,Oct,1,,1,10342
42135,Jun,0.5,,6,"10302,10315,10651"
42136,Mar,1,,1,10342
42137,Mar,1,,1,263
42138,Jul,0.667,,3,"10302,10315"
42139,Jul,1,,2,"263,10342"
42140,Feb,0.5,,2,263
42143,Apr,1,,2,"263,10342"
42144,Mar,1,,2,"263,10342"
42145,Mar,1,,1,10342
42146,May,1,,1,10342
42147,Jun,1,,2,"263,10342"
42148,Apr,0.5,,2,10093
42149,Mar,1,,1,10342
42151,May,1,,1,10342
42152,Jan,0.5,,2,10342
42167,Jul,1,,1,10651
42170,Jul,1,,1,10320
42185,Dec,1,,1,10302
42186,Jun,1,,3,"10302,10315,10651"
42187,Jun,0.333,,3,10302
42193,Jun,0.4,,5,"10302,10651"
42195,Jun,1,,1,10651
42217,Jun,1,,1,10651
42229,Jul,0.5,,4,"10302,10315"
42230,Jun,0.4,,5,"10302,10651"
42236,Jul,0.5,,2,10651
42265,Sep,1,,1,10320
42269,Jun,1,,3,"10302,10315,10651"
42270,Jun,1,,3,"10302,10315,10651"
42271,Jun,0.75,,4,"10302,10315,10651"
42272,Jul,1,,1,10651
42273,Aug,0.5,,2,10651
42274,Jun,1,,1,10651
42275,Jun,0.667,,3,"10302,10315"
42278,Jul,1,,1,10651
42291,May,0.667,,3,"10302,10651"
42309,Dec,1,,1,10053
42352,Jun,0.429,,7,"10302,10315,10651"
42354,Apr,0.667,,3,"10302,10315"
42355,Apr,0.25,,4,10302
42357,Dec,0.5,,2,10342
42361,Feb,0.333,,3,10093
42362,Jan,1,,1,10342
42366,May,0.667,,3,"10315,10651"
42368,Jan,0.25,,4,10342
42372,May,1,,2,"10315,10651"
42488,Jul,1,,1,10651
42501,Apr,1,,2,"10093,10651"
42518,May,0.667,,3,"10302,10342"
42525,Dec,0.5,,2,10302
42527,Jun,1,,1,10651
42528,Jun,0.5,,2,10042
42530,May,0.667,,3,"10302,10315"
42531,Dec,0.5,,2,10302
42533,Jul,1,,1,10302
42534,May,0.667,,3,"10302,10651"
42537,Jun,0.75,,4,"10302,10315,10651"
42540,Jun,1,,1,10315
42545,Jul,0.5,,2,10302
42552,Jul,0.5,,2,10651
42553,Sep,0.667,,3,"10302,10651"
42591,Mar,1,,1,10342
42592,Apr,0.5,,2,10093
42605,Apr,1,,1,10093
42636,Jul,0.333,,3,10302
42637,Jun,0.75,,4,"10302,10315,10651"
42639,Jul,0.4,,5,"10302,10315"
42640,May,1,,1,10651
42643,Jun,0.5,,2,10302
42645,Jun,1,,1,10651
42646,Jul,0.333,,3,10651
42649,May,1,,1,10651
42652,Mar,1,,1,10342
42654,Jul,0.667,,3,"10315,10651"
42655,Jun,0.5,,4,"10302,10315"
42656,Jun,0.5,,2,10651
42659,Jun,0.75,,4,"10302,10315,10651"
42663,Nov,1,,1,10053
42666,Mar,1,,1,10093
42687,variable,1,,1,10053
42692,May,1,,3,"10302,10315,10651"
42760,May,0.75,,4,"10302,10315,10651"
42761,Sep,1,,1,10320
42763,Jun,1,,3,"10302,10315,10651"
42767,Jul,1,,1,10651
42770,May,1,,1,10651
42777,Jun,1,,1,10651
42779,Sep,1,,1,10320
42781,May,1,,3,"10302,10315,10651"
42784,Jun,1,,1,10651
42785,Jul,1,,1,10302
42786,Jul,0.5,,2,10651
42788,Jan,0.333,,6,"10315,10342"
42791,Aug,1,,1,10320
42792,Apr,1,,2,"10315,10651"
42793,May,1,,3,"10302,10315,10651"
42796,May,0.667,,3,"10302,10315"
42798,Aug,1,,1,10320
42799,Jun,1,,1,10651
42801,Jul,1,,1,10651
42837,Apr,1,,1,10292
42943,Jun,0.5,,2,10342
42993,Mar,1,,1,10053
43000,Sep,1,,1,10651
43001,Dec,0.5,,2,10302
43003,Mar,1,,1,10651
43076,Mar,1,,1,263
43087,Jun,1,,1,10651
43090,Jun,1,,1,10651
43100,May,0.667,,3,"10302,10651"
43116,Feb,0.667,,3,"10093,263"
43132,May,1,,2,"10302,10315"
43155,Jul,0.5,,2,10651
43200,Mar,1,,1,10053
43203,Jun,1,,1,10292
43210,Nov,1,,1,10320
43222,Jun,1,,1,10651
43223,Jun,0.5,,2,10315
43227,Oct,1,,1,10320
43229,Aug,1,,1,10320
43242,Apr,1,,1,10053
43249,Jun,1,,1,10320
43261,Jul,1,,2,"10302,10651"
43288,Mar,1,,1,10342
43290,Jul,0.667,,3,"10315,10651"
43298,May,1,,1,10342
43302,Mar,1,,1,10342
43303,Mar,0.5,,2,10342
43311,Jun,0.5,,2,10315
43312,Jul,1,,3,"10302,10315,10651"
43342,Jul,1,,2,"10302,10651"
43345,Aug,1,,1,10651
43360,Jul,0.5,,2,10315
43362,Jun,1,,1,10302
43368,Jul,1,,1,10292
43369,Dec,1,,1,10302
43371,Sep,1,,4,"10292,10302,10315,10651"
43372,Aug,0.667,,3,"10302,10315"
43375,Aug,0.667,,3,"10292,10651"
43376,Aug,0.667,,3,"10302,10315"
43380,Apr,0.333,,3,10342
43385,Jun,0.667,,3,"10302,10315"
43386,Mar,1,,1,10302
43387,May,1,,1,10651
43390,Mar,1,,1,10651
43395,May,0.75,,4,"10302,10315,10651"
43396,Apr,1,,1,10651
43397,Apr,1,,1,10651
43398,Apr,0.5,,2,10302
43411,May,1,,1,10320
43469,Oct,1,,1,10320
43493,Jun,1,,1,10651
43494,May,1,,1,10315
43581,Oct,1,,1,10320
43630,Nov,1,,1,10320
43634,Dec,1,,1,10320
43674,Nov,1,,1,10320
43676,variable,1,,1,10053
43797,Apr,0.667,,3,"10342,10651"
43827,Jul,0.5,,4,"10302,10651"
43828,Aug,0.4,,5,"10342,10651"
43829,Dec,1,,1,10302
43839,Nov,1,,1,10053
43846,Mar,1,,1,10342
43847,Oct,1,,1,10093
43849,Mar,1,,1,10342
43850,Apr,1,,2,"263,10342"
43853,Jun,1,,1,10315
43856,Apr,0.5,,2,10093
43857,Mar,0.333,,3,10093
43859,Apr,1,,1,10651
43862,Apr,1,,1,10651
43873,Aug,0.667,,3,"10302,10315"
43874,Jun,1,,1,10651
43875,Jul,0.5,,2,10651
43876,Jun,0.5,,6,"10302,10315,10651"
43878,Jul,1,,3,"10302,10315,10651"
43959,Jun,1,,1,10651
43969,Jul,1,,1,10651
43982,Jul,1,,1,10651
43996,Apr,1,,1,10315
43999,Jul,0.333,,3,10651
44014,Jul,1,,1,10651
44032,Apr,0.333,,3,10651
44078,Jul,1,,1,10651
44079,Jun,1,,1,10651
44080,Jul,0.5,,2,10651
44094,Jul,1,,1,10651
44109,Jul,1,,1,10651
44110,Jun,1,,1,10651
44123,May,1,,1,10651
44132,May,1,,1,10302
44134,May,1,,2,"10315,10651"
44148,Apr,1,,1,10315
44156,Jul,0.5,,2,10651
44166,Jun,1,,1,10651
44170,May,1,,1,10651
44201,Aug,0.5,,2,10302
44203,Jun,1,,1,10651
44205,Jun,1,,1,10651
44206,Jul,1,,1,10651
44296,Dec,0.333,,3,10302
44297,Mar,1,,2,"10315,10651"
44298,Jun,1,,1,10651
44301,Apr,0.5,,2,10097
44404,Apr,1,,2,"10302,10315"
44407,Jun,1,,2,"10302,10651"
44408,May,1,,2,"10302,10651"
44410,Feb,1,,1,10342
44422,Jul,0.286,,7,"10302,10651"
44423,Jul,0.5,,2,10651
44561,Mar,1,,1,10053
44582,Mar,1,,1,10342
44623,variable,1,,1,10053
44626,Feb,0.333,,3,263
44656,Oct,1,,1,10320
44657,Jul,1,,1,10320
44661,Oct,1,,1,10320
44662,Jun,1,,1,10320
44696,variable,1,,1,10053
44708,Jul,1,,3,"10302,10315,10651"
44711,Jun,1,,1,10292
44713,Jul,0.5,,4,"10302,10315"
44714,Aug,1,,1,10320
44725,Feb,0.667,,3,"263,10342"
44726,Jun,1,,1,10651
44731,Jun,1,,3,"10302,10315,10651"
44734,Apr,0.5,,2,10093
44735,Jul,1,,3,"10302,10315,10651"
44736,Jul,1,,2,"10302,10315"
44747,Jul,1,,1,10292
44748,Oct,1,,1,10053
44749,Jun,0.667,,3,"10042,10651"
44750,May,0.667,,3,"10302,10315"
44754,May,1,,1,10651
44755,Jun,1,,3,"10302,10315,10651"
44757,Jun,0.6,,5,"10042,10315,10651"
44758,Dec,1,,1,10302
44761,Jun,1,,1,10651
44778,Apr,0.5,,2,10651
44786,Aug,1,,1,10320
44793,Sep,1,,1,10320
44794,Dec,1,,1,10320
44796,Nov,1,,1,10320
44807,Aug,1,,1,10320
44814,Aug,1,,1,10320
44816,Oct,1,,1,10320
44817,Oct,1,,1,10320
44819,Nov,1,,1,10320
44820,Aug,1,,1,10320
44821,Aug,1,,1,10320
44824,Jan,1,,1,10320
44832,Oct,1,,1,10320
44901,Jul,1,,3,"10302,10315,10651"
44962,Jun,1,,1,10651
44966,Jun,1,,1,10315
44967,Feb,1,,1,10342
44970,Jun,0.667,,3,"10302,10651"
44972,Apr,1,,1,10342
44973,Jul,1,,1,10651
44993,Oct,1,,1,10320
44999,Apr,0.8,,5,"10097,10302,10342,10651"
45064,Apr,1,,1,10315
45065,Apr,1,,2,"10302,10315"
45067,Dec,1,,1,10302
45072,Aug,1,,1,10053
45088,Jul,0.5,,2,10302
45100,Dec,1,,1,10302
45101,Apr,1,,2,"263,10342"
45102,Jun,0.5,,4,"10315,10651"
45103,Jun,0.75,,4,"10302,10315,10651"
45105,Jun,0.5,,4,"10315,10651"
45108,Mar,0.5,,2,10342
45117,Sep,1,,1,10320
45119,Sep,1,,1,10320
45120,Sep,1,,1,10320
45138,Jun,0.75,,4,"10302,10315,10651"
45139,Jun,1,,3,"10302,10315,10651"
45140,Jul,1,,2,"10302,10651"
45141,Jun,1,,1,10651
45142,Jul,1,,1,10651
45223,May,1,,1,10342
45232,Apr,0.5,,2,10320
45233,Apr,1,,1,10320
45250,Dec,0.667,,3,"263,10342"
45256,Jul,1,,1,10651
45259,Jul,0.5,,2,10302
45262,Mar,1,,1,10342
45265,May,1,,2,"263,10342"
45267,Jun,1,,1,10342
45268,Mar,1,,2,"263,10342"
45269,Mar,1,,2,"263,10342"
45271,Mar,1,,1,10342
45273,Apr,0.5,,2,263
45275,Jun,0.5,,2,263
45306,Apr,1,,1,10097
45311,Jun,1,,1,10651
45320,Dec,1,,1,10053
45321,Jul,0.4,,5,"10302,10315"
45323,Jun,1,,2,"10315,10651"
45324,Apr,0.333,,3,10651
45326,Apr,0.4,,5,"10315,10651"
45328,Jun,1,,1,10651
45339,Jul,1,,1,10651
45380,Jul,1,,1,10651
45381,Jun,0.5,,2,10651
45384,Jul,1,,1,10651
45385,Jun,1,,1,10651
45400,Dec,1,,1,10302
45403,Oct,1,,1,10320
45405,Jan,1,,1,10320
45411,Jul,1,,1,10651
45413,Apr,0.5,,2,10651
45415,May,1,,1,10342
45416,Dec,0.5,,2,10302
45417,May,1,,1,10292
45418,May,1,,1,10342
45421,Apr,1,,1,10292
45423,Dec,0.5,,2,10302
45424,Mar,1,,2,"263,10342"
45437,May,0.75,,4,"10302,10315,10651"
45440,Apr,0.333,,3,10342
45441,May,1,,3,"10302,10315,10651"
45445,Jul,0.333,,3,10651
45446,Jul,0.4,,5,"10315,10651"
45449,Aug,1,,1,10053
45476,Mar,1,,1,10320
45480,Mar,1,,1,10093
45481,Apr,0.5,,4,"10093,10651"
45527,Oct,1,,2,"263,10342"
45586,Jul,1,,1,10342
45596,Apr,0.5,,2,10302
45597,May,1,,3,"10302,10315,10651"
45630,Aug,1,,1,10292
45647,Apr,1,,1,10097
45656,Dec,0.5,,2,10302
45657,Jun,1,,1,10651
45658,Apr,0.5,,2,10342
45660,May,0.5,,4,"10302,10651"
45661,Jun,0.667,,3,"10315,10651"
45665,Apr,1,,1,10342
45668,May,0.667,,3,"10315,10651"
45670,Mar,1,,1,10342
45677,Jun,0.5,,2,10651
45678,Jun,0.333,,3,10651
45679,Jun,1,,1,10651
45681,Jun,0.5,,4,"10302,10315"
45685,Apr,0.5,,2,10651
45687,May,1,,1,10651
45688,Mar,0.5,,2,10342
45689,May,0.75,,4,"10302,10315,10651"
45690,May,1,,2,"10315,10651"
45693,Mar,0.5,,2,10342
45694,May,1,,1,10651
45695,Apr,1,,1,10342
45697,Jul,0.5,,2,10651
45699,Jun,0.5,,4,"10302,10315"
45701,May,0.667,,3,"10315,10651"
45706,Jun,0.5,,2,10302
45707,May,1,,1,10315
45709,Jul,0.5,,2,10651
45710,Jun,1,,1,10302
45712,May,1,,1,10651
45713,Jul,0.5,,2,10651
45717,May,0.5,,6,"10302,10315,10651"
45719,May,0.5,,6,"10302,10315,10651"
45720,Mar,0.333,,6,"10093,10342"
45721,May,1,,2,"10302,10651"
45722,May,0.75,,4,"10302,10315,10651"
45723,May,1,,1,10651
45726,Mar,0.5,,2,10342
45727,May,1,,1,10651
45728,Jun,1,,1,10651
45729,Apr,0.5,,2,10651
45730,May,0.667,,3,"10315,10651"
45732,Apr,0.667,,3,"10315,10651"
45733,Apr,1,,1,10651
45736,Apr,0.5,,2,10651
45739,Jun,1,,1,10651
45746,May,0.667,,3,"10315,10651"
45750,Jun,0.667,,3,"10302,10651"
45753,Mar,1,,1,10093
45755,Jun,1,,2,"10302,10651"
45759,Jun,1,,3,"10302,10315,10651"
45760,May,1,,1,10651
45767,Mar,1,,2,"10093,10342"
45781,May,1,,1,10651
45785,May,1,,1,10651
45793,Apr,0.5,,2,10302
45794,Apr,1,,1,10292
45808,Mar,1,,1,10342
45814,Jun,1,,1,10651
45815,Jul,0.5,,2,10651
45816,Jun,1,,1,10651
45828,Jul,0.333,,3,10315
45850,Feb,1,,1,10342
45851,Mar,1,,1,10342
45860,Jun,0.667,,3,"10302,10315"
45871,Jul,0.5,,2,10302
45883,Dec,1,,1,10320
45899,Mar,1,,1,10053
45910,Nov,1,,1,10320
45911,Jun,0.667,,3,"10302,10315"
45916,Jun,0.75,,4,"10315,10342,10651"
45918,Oct,1,,1,10320
45930,Nov,1,,1,10053
45950,Dec,1,,1,10320
45953,May,1,,2,"10302,10651"
45954,Jun,1,,1,10651
45955,Feb,0.5,,2,10342
45969,Apr,1,,1,10315
45971,Mar,0.5,,2,10342
45972,Mar,1,,1,10342
45986,Apr,0.5,,2,10302
45989,Apr,0.75,,4,"10302,10315,10651"
45994,Jun,0.5,,2,10302
46004,May,1,,1,10342
46026,May,1,,1,10053
46028,May,1,,1,10302
46029,Jun,0.667,,3,"10315,10651"
46030,Apr,0.5,,2,10651
46054,Jun,1,,3,"10302,10315,10651"
46055,May,0.667,,3,"10093,10342"
46056,Jun,0.667,,3,"10315,10651"
46057,Jul,0.5,,2,10302
46058,Jun,1,,1,10651
46068,Apr,0.2,,5,10302
46073,Apr,1,,1,10651
46074,Mar,0.75,,4,"10302,10315,10651"
46075,Mar,1,,1,10651
46076,Mar,0.5,,4,"10302,10315"
46078,Mar,0.667,,3,"10315,10651"
46083,Apr,1,,1,10342
46090,Oct,1,,1,10053
46169,variable,1,,1,10053
46211,Apr,0.25,,4,10651
46220,May,0.5,,6,"10042,10097,10651"
46227,Feb,1,,1,10342
46228,Apr,1,,2,"263,10342"
46230,Jun,1,,1,10651
46233,Mar,1,,1,10342
46235,Jun,1,,1,10651
46236,May,0.6,,5,"10302,10315,10651"
46241,Jun,0.75,,4,"10302,10315,10651"
46244,Aug,1,,1,10320
46247,Dec,0.5,,2,10320
46251,Nov,1,,1,10320
46256,Jul,0.667,,3,"10302,10315"
46262,Jun,1,,3,"10302,10315,10651"
46271,Nov,1,,1,10320
46275,Jul,1,,1,10302
46276,Dec,1,,1,10320
46279,Aug,1,,1,10320
46281,Jun,1,,3,"10302,10315,10651"
46314,May,1,,1,10315
46330,Jun,1,,1,10315
46333,Apr,0.5,,2,10315
46334,May,1,,1,10651
46336,May,1,,2,"10315,10651"
46340,Jun,1,,1,10651
46348,May,0.667,,3,"10302,10315"
46350,May,1,,2,"10315,10651"
46359,Mar,1,,1,10342
46360,Apr,1,,1,10651
46363,Jun,1,,1,10651
46365,May,0.667,,3,"10302,10651"
46372,May,1,,1,10302
46373,Jun,0.4,,5,"10302,10315"
46374,Dec,1,,1,10302
46378,Apr,1,,1,10651
46390,Apr,0.5,,2,10651
46399,Feb,1,,1,10097
46406,Jun,1,,2,"10302,10315"
46470,May,1,,1,10651
46485,Jun,1,,1,10651
46488,Jun,0.667,,3,"10302,10315"
46490,Dec,1,,1,10302
46492,Jul,0.5,,2,10302
46493,Apr,1,,1,10342
46495,Jul,0.667,,3,"10302,10315"
46498,Jun,0.667,,3,"10302,10315"
46501,Jun,1,,3,"10302,10315,10651"
46502,Jul,0.667,,3,"10302,10315"
46503,May,0.667,,3,"10302,10315"
46505,Jun,1,,1,10302
46506,May,1,,1,10651
46509,Jul,0.333,,3,10651
46510,Jun,1,,2,"10302,10651"
46512,Apr,0.333,,6,"10097,10342"
46513,Mar,0.5,,2,10342
46514,Jun,0.333,,3,10097
46515,Aug,1,,1,10651
46518,Jul,0.5,,2,10292
46519,Oct,1,,1,10320
46521,Oct,1,,1,10320
46522,Jun,0.5,,4,"10315,10651"
46526,Jun,0.333,,3,10651
46535,May,1,,1,10342
46551,May,1,,1,10651
46567,Jul,1,,1,10292
46576,Apr,1,,2,"10302,10651"
46579,Apr,0.5,,4,"10302,10315"
46581,Jun,1,,1,10651
46582,May,1,,1,10651
46585,Apr,0.333,,3,10651
46586,Jun,1,,1,10651
46590,Apr,0.5,,4,"10302,10315"
46591,May,0.75,,4,"10302,10315,10651"
46593,Apr,0.333,,3,10651
46602,May,1,,1,10315
46603,Apr,0.6,,5,"10302,10315,10651"
46612,Apr,1,,2,"10093,10651"
46623,Apr,0.667,,3,"10302,10315"
46626,Jun,1,,2,"10302,10651"
46627,Apr,0.333,,3,10651
46631,Jul,1,,1,10651
46633,Mar,0.75,,4,"10302,10315,10651"
46641,Jun,1,,1,10651
46643,Jul,0.75,,4,"10302,10315,10651"
46649,May,1,,3,"10302,10315,10651"
46658,Jun,0.5,,2,10651
46665,May,0.667,,3,"10302,10651"
46666,Apr,0.5,,4,"10097,10315"
46669,Mar,0.5,,4,"10302,10651"
46671,Apr,0.667,,3,"10302,10315"
46681,Jun,1,,1,10651
46684,May,1,,2,"10315,10651"
46686,Apr,0.286,,7,"10315,10342"
46693,Jun,1,,1,10651
46694,Jul,1,,1,10651
46708,Mar,0.667,,3,"10315,10651"
46711,Jun,1,,1,10302
46714,Apr,0.333,,3,10302
46729,May,1,,1,10292
46734,May,1,,1,10651
46738,May,0.667,,3,"10315,10651"
46741,May,1,,1,10097
46744,Jun,0.5,,2,10315
46749,May,1,,1,10302
46751,Jun,1,,1,10651
46755,Feb,1,,1,263
46758,Jun,1,,1,10651
46762,Jun,1,,1,10651
46763,Jun,0.5,,2,10302
46765,Mar,1,,1,10342
46766,May,1,,1,10651
46768,Jun,1,,2,"10302,10651"
46769,Feb,1,,1,10342
46772,Jun,0.75,,4,"10302,10315,10651"
46776,Mar,1,,1,10342
46777,Jun,1,,3,"10302,10315,10651"
46778,May,0.5,,4,"10302,10315"
46780,Feb,1,,1,10342
46782,May,0.667,,3,"10302,10315"
46784,May,0.75,,4,"10302,10315,10651"
46785,Apr,0.5,,2,10651
46786,Jun,1,,1,10651
46787,Apr,1,,3,"10302,10315,10651"
46789,Apr,1,,1,10651
46791,May,0.75,,4,"10302,10315,10651"
46794,Apr,0.5,,2,10651
46795,Apr,1,,1,10651
46796,Feb,1,,1,10342
46798,Jul,1,,1,10651
46800,Apr,0.5,,4,"10302,10315"
46801,Feb,0.5,,2,10342
46802,Apr,0.5,,2,10651
46803,Jun,0.5,,2,10651
46804,Apr,1,,1,10342
46805,May,0.5,,6,"10302,10315,10651"
46806,Apr,0.5,,2,10342
46807,May,1,,3,"10302,10315,10651"
46808,May,1,,2,"10302,10651"
46811,Jun,1,,2,"10302,10651"
46812,Jun,0.5,,4,"10315,10651"
46813,May,0.75,,4,"10302,10315,10651"
46814,Jun,1,,1,10651
46815,Jun,0.333,,6,"10302,10651"
46816,Dec,1,,1,10302
46818,Apr,0.5,,2,263
46820,Jul,1,,1,10651
46824,variable,1,,1,10053
46835,Jul,1,,1,10651
46842,Jan,1,,1,10053
46850,Feb,0.333,,3,10342
46851,Apr,1,,1,10315
46856,May,0.6,,5,"10302,10315,10651"
46858,May,1,,1,10315
46862,Apr,0.5,,2,10651
46864,Feb,1,,1,10651
46866,Apr,0.5,,2,263
46869,Apr,0.75,,4,"10302,10342,10651"
46872,May,0.667,,3,"10302,10651"
46875,May,0.75,,4,"10302,10315,10651"
46877,Apr,0.5,,2,263
46880,Apr,0.5,,2,10651
46888,May,1,,1,10651
46889,May,1,,1,10651
46899,Apr,1,,3,"10302,10315,10651"
46901,May,1,,1,10651
46902,May,1,,1,10651
46908,Apr,1,,2,"10302,10651"
46910,May,1,,1,10651
46914,Jun,1,,1,10651
46916,Apr,0.5,,2,10315
46921,Apr,1,,1,10651
46931,Apr,0.333,,6,"10342,10651"
46933,Apr,1,,1,10342
46934,Apr,1,,2,"10315,10651"
46936,Apr,1,,1,10651
46937,May,1,,1,10651
46939,May,1,,1,10651
46940,May,1,,1,10651
46941,May,1,,1,10651
46944,Apr,1,,3,"10302,10315,10651"
46945,Apr,0.5,,4,"10302,10315"
46946,May,0.667,,3,"10302,10651"
46947,May,1,,1,10651
46949,Jul,0.5,,2,10651
46953,Mar,0.5,,2,10292
46957,Apr,0.5,,2,10651
46961,Apr,0.25,,8,"10315,10651"
46965,Apr,1,,1,10651
46978,Mar,0.5,,6,"10302,10315,10651"
46987,Jan,1,,2,"263,10342"
46989,Jun,1,,1,10651
46998,Mar,1,,1,10053
47006,Apr,1,,1,10097
47027,May,1,,1,10651
47034,Apr,0.333,,3,10342
47035,Jun,1,,1,10651
47040,Oct,1,,1,10320
47071,Mar,1,,1,10053
47078,Feb,0.5,,2,263
47079,Apr,0.5,,2,10342
47081,Feb,1,,1,10342
47116,May,0.667,,3,"10302,10315"
47150,Mar,1,,2,"263,10342"
47168,Apr,1,,2,"10302,10651"
47212,May,1,,1,10342
47214,Sep,1,,1,10320
47217,Oct,1,,1,10320
47236,May,1,,2,"10302,10651"
47237,Jun,1,,1,10651
47277,Jan,1,,1,10053
47282,Mar,1,,1,10342
47337,Apr,0.5,,2,10651
47339,Nov,1,,2,"263,10342"
47341,Jan,1,,1,10342
47343,Jan,0.667,,3,"10042,10342"
47348,Dec,0.5,,2,10302
47358,Feb,1,,1,10097
47359,Jul,1,,2,"10302,10651"
47361,Aug,1,,1,10651
47362,Jul,1,,1,10302
47364,Aug,1,,1,10651
47365,Aug,1,,1,10651
47367,Aug,1,,1,10651
47369,Aug,0.5,,2,10651
47377,Apr,1,,2,"263,10342"
47400,Jul,0.6,,5,"10302,10342,10651"
47402,Aug,0.4,,5,"10302,10315"
47403,Jul,0.75,,4,"10302,10315,10651"
47421,Jul,1,,1,10320
47423,Sep,1,,1,10320
47424,Apr,1,,1,10320
47425,Mar,0.5,,2,10320
47428,Sep,1,,1,10320
47431,Sep,1,,1,10320
47433,Sep,1,,1,10320
47434,Sep,1,,1,10320
47435,Aug,1,,1,10320
47469,May,1,,1,10651
47471,Jul,0.5,,2,10302
47473,Nov,1,,1,10320
47504,variable,1,,1,10053
47551,Oct,1,,1,10042
47552,Dec,1,,1,10320
47562,Dec,1,,1,10320
47615,May,1,,1,10097
47619,Dec,1,,1,10302
47622,Aug,1,,1,10097
47628,Dec,1,,1,10093
47637,May,0.5,,4,"10302,10315"
47638,Nov,1,,1,10342
47645,Apr,0.5,,2,10097
47662,May,1,,1,10053
47686,Sep,1,,1,10053
47706,Jun,0.5,,4,"10315,10342"
47758,Mar,1,,1,10651
47776,Jun,1,,2,"10302,10651"
47782,Jul,1,,1,10651
47793,Jun,1,,1,10651
47797,Mar,0.5,,2,10093
47805,Mar,1,,1,10093
47829,Jul,0.5,,2,10651
47833,Jun,1,,2,"10315,10651"
47877,Apr,1,,1,10651
47954,Dec,1,,1,10302
47969,variable,1,,1,10053
48056,Apr,0.667,,3,"10302,10651"
48110,Dec,1,,1,10302
48123,Jul,0.5,,2,10651
48251,Jul,0.5,,2,10097
48347,Jun,1,,1,10651
48498,variable,1,,1,10053
48629,Dec,0.5,,2,10302
48676,Jul,1,,1,10320
48737,Aug,1,,1,10651
48822,Mar,0.667,,3,"10302,10651"
49216,Apr,1,,1,10342
49327,Jan,1,,1,10053
49333,variable,1,,1,10053
49346,Mar,1,,1,10053
49359,May,1,,1,10320
49362,Oct,1,,1,10053
49363,Jan,1,,1,10053
49367,Jan,1,,1,10053
49369,Oct,1,,1,10053
49370,Jun,1,,1,10053
49373,Dec,1,,1,10053
49375,variable,1,,1,10053
49383,Jan,1,,1,10053
49407,variable,1,,1,10053
49418,variable,1,,1,10053
49424,Apr,1,,1,10053
49450,Apr,1,,1,10053
49464,variable,1,,1,10053
49483,Feb,1,,1,10053
49493,Jun,1,,1,10053
49495,Apr,1,,1,10053
49496,Feb,1,,1,10053
49515,variable,1,,1,10053
49520,May,1,,1,10053
49535,variable,1,,1,10053
49547,Jan,1,,1,10053
49551,variable,1,,1,10053
49600,Mar,1,,1,10053
49602,variable,1,,1,10053
49606,variable,1,,1,10053
49610,May,1,,1,10053
49617,variable,1,,1,10053
49627,Mar,1,,1,10053
49631,Nov,1,,1,10053
49635,variable,1,,1,10053
49636,May,1,,1,10053
49640,Nov,1,,1,10053
49641,Aug,1,,1,10053
49647,Mar,1,,1,10053
49655,variable,1,,1,10053
49657,May,1,,1,10053
49660,variable,1,,1,10053
49667,variable,1,,1,10053
49672,Mar,1,,1,10053
49693,Feb,1,,1,10053
49713,Nov,1,,1,10053
49724,Jan,1,,1,10053
49731,Mar,1,,1,10053
49738,Apr,1,,1,10053
49741,Sep,1,,1,10053
49748,variable,1,,1,10053
49752,variable,1,,1,10053
49758,variable,1,,1,10053
49776,Jan,1,,1,10053
49791,May,1,,1,10053
49824,Jan,1,,1,10053
49834,Dec,1,,1,10053
49843,Sep,1,,1,10053
49860,Dec,1,,1,10053
49861,May,1,,1,10053
49862,May,1,,1,10053
49864,Nov,1,,1,10053
49869,Apr,1,,1,10053
49885,Jan,1,,1,10053
49897,Feb,1,,1,10053
49962,Aug,1,,1,10053
49984,Jan,1,,1,10053
49993,variable,1,,1,10053
50051,variable,1,,1,10053
50056,variable,1,,1,10053
50060,Jun,1,,1,10053
50098,Feb,1,,1,10053
50100,Mar,1,,1,10053
50106,variable,1,,1,10053
50107,variable,1,,1,10053
50112,Mar,1,,1,10651
50116,Feb,1,,1,10053
50119,Mar,1,,1,10053
50122,Apr,1,,1,10053
50123,Nov,1,,1,10053
50126,Sep,1,,1,10053
50127,Apr,1,,1,10053
50130,Apr,1,,1,10053
50136,variable,1,,1,10053
50139,Feb,1,,1,10053
50140,Jun,1,,1,10053
50158,Oct,1,,1,10053
50167,Jul,1,,1,10053
50177,May,1,,1,10053
50192,Oct,1,,1,10053
50200,Jun,1,,1,10053
50243,May,1,,1,10053
50244,variable,1,,1,10053
50252,variable,1,,1,10053
50258,Feb,1,,1,10053
50271,Feb,1,,1,10053
50274,Mar,1,,1,10053
50279,Nov,1,,1,10053
50288,Sep,1,,1,10053
50295,variable,1,,1,10053
50300,variable,1,,1,10053
50314,Oct,1,,1,10053
50317,variable,1,,1,10053
50320,Aug,1,,1,10053
50321,variable,1,,1,10053
50326,variable,1,,1,10053
50333,variable,1,,1,10053
50335,variable,1,,1,10053
50339,variable,1,,1,10053
50341,May,1,,1,10053
50344,Feb,1,,1,10053
50350,variable,1,,1,10053
50353,Feb,1,,1,10053
50361,Dec,1,,1,10053
50365,variable,1,,1,10053
50370,variable,1,,1,10053
50373,variable,1,,1,10053
50375,variable,1,,1,10053
50417,Sep,1,,1,10053
50429,Feb,1,,1,10053
50431,Oct,1,,1,10053
50880,May,0.667,,6,"10042,10302,10315,10651"
51068,Mar,1,,1,10342
51076,Dec,1,,1,10302
51085,Apr,1,,1,10651
51102,Jul,1,,1,10302
51107,Jul,1,,1,10651
51113,Mar,1,,1,10093
51115,Apr,1,,1,10651
51118,May,1,,1,10651
51122,Jun,0.5,,2,10651
51127,May,1,,1,10651
51128,May,1,,1,10651
51141,Apr,0.5,,2,10093
51148,Jun,1,,1,10651
51157,May,1,,1,10651
51160,Jun,1,,1,10651
51162,May,1,,1,10651
51168,Mar,1,,1,10651
51169,Apr,1,,2,"10302,10651"
51173,Mar,1,,1,10651
51177,Mar,1,,1,10651
51181,Aug,1,,1,10093
51188,Apr,1,,1,10302
51195,May,1,,1,10651
51207,Mar,1,,1,10651
51215,Mar,1,,1,10651
51217,Jun,1,,1,10651
51228,Apr,0.5,,2,10651
51238,Feb,0.5,,2,10093
51248,Apr,1,,1,10651
51250,Jun,1,,1,10651
51252,Mar,1,,1,10093
51254,Apr,1,,1,10651
51257,Apr,1,,1,10651
51259,May,1,,1,10651
51261,Mar,1,,1,10651
51267,Mar,1,,1,10093
51268,Mar,1,,1,10093
51273,Mar,1,,2,"10093,10651"
51278,Mar,1,,1,10093
51283,May,1,,1,10651
51284,Apr,1,,1,10651
51290,Apr,1,,2,"10093,10651"
51291,Mar,1,,1,10093
51299,May,1,,1,10651
51306,Apr,1,,1,10651
51307,Mar,1,,1,10093
51311,Mar,1,,1,10651
51313,Apr,1,,1,10093
51314,Mar,1,,1,10651
51320,Jul,1,,1,10651
51342,Apr,0.5,,4,"10302,10651"
51343,Jun,1,,1,10651
51361,Mar,1,,1,10093
51365,Apr,1,,1,10651
51369,May,1,,1,10651
51371,Apr,1,,1,10651
51375,Jul,1,,1,10651
51377,Apr,1,,1,10651
51378,Mar,0.5,,2,10093
51379,Apr,1,,1,10093
51383,Mar,1,,1,10651
51389,Jan,1,,1,10651
51400,Mar,1,,1,10093
51401,Mar,1,,1,10093
51405,Mar,0.5,,2,10093
51414,May,1,,1,10651
51418,Apr,1,,1,10651
51420,Mar,1,,1,10093
51429,Sep,1,,1,10651
51435,Mar,1,,1,10651
51436,Apr,0.333,,3,10651
51437,Jun,0.667,,3,"10302,10651"
51438,Jun,1,,1,10651
51440,Apr,1,,2,"10093,10651"
51445,Jun,1,,1,10651
51448,Jun,1,,1,10651
51452,Jun,1,,1,10651
51453,Jun,1,,1,10651
51454,Jun,1,,1,10651
51456,Jul,1,,1,10651
51457,Feb,1,,1,10093
51460,Mar,1,,1,10651
51463,Jul,1,,1,10651
51478,Jun,1,,1,10651
51479,Jul,1,,1,10651
51480,Feb,1,,1,10093
51481,Apr,1,,1,10651
51482,May,1,,1,10651
51483,Apr,1,,1,10651
51484,Apr,0.5,,2,10651
51485,May,1,,1,10651
51488,Apr,0.5,,2,10651
51489,Mar,1,,1,10093
51496,Apr,1,,1,10651
51499,Apr,0.5,,2,10651
51505,Apr,1,,1,10651
51508,May,1,,1,10651
51509,May,1,,1,10651
51511,Jun,1,,1,10651
51513,Feb,1,,1,10093
51515,May,1,,1,10651
51529,May,1,,1,10651
51532,Apr,0.5,,2,10651
51534,May,1,,1,10097
51536,Mar,1,,1,10093
51538,Apr,0.5,,2,10651
51539,Mar,1,,1,10651
51549,Apr,1,,1,10651
51550,Apr,0.5,,2,10651
51551,Jun,1,,1,10651
51552,May,1,,1,10651
51555,Apr,1,,1,10651
51558,Mar,1,,1,10093
51559,Jul,0.5,,2,10651
51561,Apr,1,,1,10042
51562,May,1,,1,10651
51563,Mar,1,,1,10093
51567,Apr,0.5,,2,10651
51569,Mar,1,,1,10093
51573,Apr,0.5,,2,10651
51576,Sep,1,,1,10093
51582,Mar,1,,1,10093
51584,Mar,1,,1,10093
51591,Mar,1,,1,10093
51596,Apr,1,,1,10093
51598,Feb,1,,1,10093
51599,May,1,,1,10651
51601,May,1,,1,10651
51604,Mar,1,,1,10093
51607,Apr,1,,1,10651
51610,Apr,1,,1,10651
51611,Apr,0.5,,2,10651
51632,Apr,1,,1,10651
51642,Apr,0.5,,2,10651
51643,Jun,1,,1,10651
51644,Apr,1,,1,10651
51645,Apr,1,,1,10651
51646,Jun,1,,1,10651
51649,Mar,0.667,,3,"10093,10651"
51658,Mar,0.5,,2,10093
51667,Apr,0.5,,2,10651
51668,Apr,0.5,,2,10651
51669,Mar,1,,1,10093
51670,Mar,1,,1,10651
51672,Mar,1,,1,10093
51677,Mar,1,,1,10651
51683,May,1,,1,10651
51689,Sep,1,,1,10093
51691,May,1,,1,10651
51696,Apr,1,,1,10651
51698,Jan,1,,1,10093
51699,Jul,1,,1,10651
51704,May,1,,1,10651
51712,May,1,,1,10651
51714,Jun,0.5,,2,10651
51717,Jul,0.5,,2,10651
51719,Apr,1,,1,10651
51723,May,1,,1,10651
51724,Apr,0.5,,2,10651
51725,Mar,1,,1,10093
51726,Jul,1,,1,10651
51740,May,1,,1,10651
51745,May,1,,1,10651
51747,May,1,,1,10651
51748,Apr,1,,1,10651
51749,Apr,1,,1,10651
51752,Mar,1,,1,10093
51754,Jun,1,,1,10651
51756,Jul,0.5,,2,10302
51767,May,1,,1,10651
51774,May,1,,1,10651
51782,Apr,0.5,,2,10651
51788,Apr,1,,1,10651
51803,Apr,1,,1,10651
51812,May,1,,1,10651
51825,Mar,1,,1,10093
51829,Jul,0.5,,2,10651
51833,Jun,1,,1,10651
51834,Apr,0.5,,2,10651
51843,Apr,1,,1,10651
51844,Jan,0.5,,2,10093
51847,Mar,1,,1,10093
51849,May,1,,1,10651
51853,Apr,0.5,,2,10651
51856,May,1,,1,10651
51857,May,1,,1,10093
51861,Apr,1,,1,10651
51867,Apr,1,,1,10651
51868,May,1,,1,10651
51869,Apr,1,,1,10651
51873,Apr,1,,1,10651
51875,May,1,,1,10651
51879,Mar,1,,1,10093
51880,Apr,1,,1,10651
51881,Mar,1,,1,10093
51892,Jun,1,,1,10651
51893,Apr,1,,1,10651
51895,Feb,1,,1,10093
51897,Apr,1,,1,10651
51904,Mar,1,,1,10093
51905,Apr,0.5,,2,10097
51908,May,1,,1,10651
51918,Apr,0.5,,2,10651
51925,Jun,1,,1,10651
51930,Apr,1,,1,10651
51931,Apr,1,,1,10651
51932,Jul,0.5,,2,10042
51934,Feb,1,,1,10093
51936,Apr,1,,1,10651
51940,Jun,1,,1,10651
51944,Feb,1,,1,10093
51947,May,1,,1,10651
51952,Apr,0.5,,2,10651
51957,Mar,1,,1,10093
51964,Apr,0.5,,2,10651
51966,Apr,0.25,,4,10651
51970,Jul,1,,1,10651
51974,Apr,1,,1,10651
51978,Mar,1,,1,10093
51979,May,1,,1,10651
51986,Jun,1,,1,10651
51993,Feb,1,,1,10093
51995,Mar,1,,1,10651
51999,Jun,1,,1,10651
52002,Apr,1,,1,10651
52014,May,1,,1,10651
52015,Apr,1,,1,10651
52020,Apr,1,,1,10093
52021,Apr,0.5,,2,10093
52024,Sep,1,,1,10093
52034,Apr,1,,1,10651
52037,Jun,1,,1,10651
52038,Jun,1,,1,10651
52043,May,1,,1,10651
52044,Mar,1,,1,10651
52050,May,1,,1,10651
52051,Apr,1,,1,10651
52053,Mar,1,,1,10651
52055,Mar,1,,1,10093
52056,May,1,,1,10651
52057,Apr,1,,1,10651
52074,May,1,,1,10651
52081,May,1,,1,10651
52083,Mar,0.5,,2,10093
52085,May,1,,1,10651
52086,Apr,1,,1,10093
52088,May,1,,1,10651
52093,Apr,1,,1,10651
52095,Jun,1,,1,10651
52097,Apr,1,,1,10651
52099,Apr,1,,1,10651
52108,May,1,,1,10651
52115,Jun,0.5,,2,10651
52124,Mar,1,,1,10651
52126,May,1,,1,10651
52133,Mar,1,,1,10651
52134,Apr,1,,1,10651
52135,Apr,1,,1,10651
52140,Mar,1,,1,10093
52142,May,1,,1,10651
52143,May,1,,1,10651
52144,Mar,1,,1,10651
52429,Jul,1,,1,10302
53042,Jun,1,,1,10320
53135,Dec,1,,1,10320
53380,Aug,1,,1,10651
53385,Mar,1,,1,10093
53387,Jun,1,,2,"10315,10651"
53410,Jul,1,,1,10097
53429,May,1,,1,10042
53431,Apr,0.5,,2,10097
53434,Jan,1,,1,10097
53700,Oct,1,,1,10320
53708,Oct,1,,1,10320
53888,Apr,1,,1,10093
53890,Feb,1,,1,10093
53912,Jan,1,,1,10053
53915,Aug,1,,1,10053
53917,Mar,1,,1,10053
53920,Jun,1,,1,10053
53930,variable,1,,1,10053
53933,variable,1,,1,10053
53940,Feb,1,,1,10053
53942,Jan,1,,1,10053
53946,Feb,1,,1,10053
53949,Feb,1,,1,10053
53950,Mar,1,,1,10053
53951,variable,1,,1,10053
53952,variable,1,,1,10053
53958,Sep,1,,1,10053
53965,Jun,1,,1,10053
53977,variable,1,,1,10053
53979,Nov,1,,1,10053
53983,Nov,1,,1,10053
53986,variable,1,,1,10053
53989,variable,1,,1,10053
53992,Jan,1,,1,10053
54001,Sep,1,,1,10053
54006,variable,1,,1,10053
54008,Apr,1,,1,10053
54011,Nov,1,,1,10053
54017,variable,1,,1,10053
54029,variable,1,,1,10053
54041,variable,1,,1,10053
54046,Mar,1,,1,10053
54050,variable,1,,1,10053
54051,Apr,1,,1,10053
54055,Jan,1,,1,10053
54056,variable,1,,1,10053
54058,Jun,1,,1,10053
54071,Feb,1,,1,10053
54073,Jan,1,,1,10053
54090,Mar,1,,1,10053
54099,variable,1,,1,10053
54112,Feb,1,,1,10053
54127,variable,1,,1,10053
54137,Sep,1,,1,10053
54143,Sep,1,,1,10053
54149,May,1,,1,10053
54153,variable,1,,1,10053
54175,Mar,1,,1,10053
54178,May,1,,1,10053
54179,Oct,1,,1,10053
54180,variable,1,,1,10053
54181,May,1,,1,10053
54182,Jan,1,,1,10053
54183,Jan,1,,1,10053
54184,Apr,1,,1,10053
54188,variable,1,,1,10053
54189,variable,1,,1,10053
54190,variable,1,,1,10053
54191,variable,1,,1,10053
54192,variable,1,,1,10053
54194,variable,1,,1,10053
54197,Apr,1,,1,10053
54205,variable,1,,1,10053
54213,Oct,1,,1,10053
54229,variable,1,,1,10053
54240,Feb,1,,1,10053
54246,variable,1,,1,10053
54252,May,1,,1,10053
54254,Feb,1,,1,10053
54258,Jan,1,,1,10053
54266,variable,1,,1,10053
54280,variable,1,,1,10053
54281,May,1,,1,10053
54285,variable,1,,1,10053
54289,Jun,1,,1,10053
54290,Jan,1,,1,10053
54291,variable,1,,1,10053
54293,variable,1,,1,10053
54314,Mar,1,,1,10053
54324,Jun,1,,1,10053
54327,Jun,1,,1,10053
54328,variable,1,,1,10053
54331,Feb,1,,1,10053
54332,variable,1,,1,10053
54346,variable,1,,1,10053
54353,variable,1,,1,10053
54354,variable,1,,1,10053
54357,May,1,,1,10053
54358,Jan,1,,1,10053
54364,Sep,1,,1,10053
54797,variable,1,,1,10053
55518,Jun,0.5,,2,10315
55856,Dec,1,,1,10320
55974,May,1,,1,10651
56084,Oct,1,,1,10320
56121,Nov,1,,1,10320
56272,Jun,1,,1,10651
56276,May,1,,1,10651
56277,Jul,1,,1,10651
56278,Jun,1,,1,10651
56281,Jun,0.5,,2,10651
56283,Jun,1,,1,10651
56285,May,1,,1,10651
56286,Apr,1,,1,10651
56290,Apr,1,,1,10651
56292,Aug,1,,1,10651
56296,Jul,1,,1,10651
56297,Jun,1,,1,10651
56300,Aug,1,,1,10651
56301,Jul,1,,1,10651
56302,May,1,,1,10651
56303,Jun,1,,1,10651
56304,May,1,,1,10651
56307,Apr,0.5,,2,10651
56308,Jul,1,,1,10651
56310,Apr,1,,1,10651
56311,May,1,,1,10651
56312,Mar,0.5,,2,10093
56314,Jun,1,,1,10651
56318,Jul,1,,1,10651
56319,Jun,1,,1,10651
56322,Apr,1,,1,10651
56323,Apr,1,,1,10651
56324,May,1,,1,10651
56326,Jun,1,,1,10651
56327,Apr,0.5,,2,10651
56328,May,1,,1,10651
56329,Apr,1,,1,10651
56330,Apr,1,,1,10651
56332,Apr,1,,1,10651
56334,Apr,1,,1,10651
56335,May,1,,1,10651
56336,Apr,1,,1,10651
56339,May,1,,1,10651
56341,Apr,1,,1,10651
56342,Apr,1,,1,10651
56343,Apr,1,,1,10651
56344,Mar,0.5,,2,10651
56345,Apr,1,,2,"10302,10651"
56347,Apr,1,,1,10651
56348,Jun,1,,1,10651
56349,Mar,1,,1,10651
56351,Mar,1,,1,10651
56353,Apr,0.5,,2,10651
56355,Mar,1,,1,10651
56358,May,1,,1,10651
56361,Jul,1,,1,10651
56362,May,1,,1,10651
56363,Jun,0.5,,2,10651
56365,Jun,0.5,,2,10651
56366,Jul,0.5,,2,10651
56368,Jul,1,,1,10651
56370,May,1,,1,10651
56371,May,1,,1,10651
56372,May,1,,1,10651
56373,May,1,,2,"10097,10651"
56374,Jul,1,,2,"10302,10651"
56376,Apr,1,,1,10651
56378,Jun,1,,1,10651
56381,Jun,1,,1,10651
56383,Apr,1,,1,10651
56384,May,1,,1,10651
56385,May,1,,1,10651
56386,Jun,1,,1,10651
56387,Jun,1,,1,10651
56388,May,1,,1,10651
56389,May,1,,1,10651
56391,Mar,1,,1,10651
56394,May,1,,1,10651
56395,May,1,,1,10651
56397,Apr,1,,1,10651
56399,May,1,,1,10651
56401,Apr,1,,1,10651
56402,Apr,1,,1,10651
56403,Apr,1,,1,10651
56404,Apr,1,,1,10651
56406,Apr,1,,1,10651
56408,Jun,1,,1,10651
56410,Jun,1,,1,10651
56411,Apr,1,,1,10651
56412,May,1,,1,10651
56413,May,1,,1,10651
56414,May,1,,1,10651
56415,May,1,,1,10651
56416,Jun,1,,1,10651
56417,May,1,,1,10651
56418,Apr,0.5,,2,10651
56419,May,1,,2,"10302,10651"
56420,May,1,,1,10651
56421,Mar,1,,1,10651
56422,Apr,1,,1,10651
56423,Apr,1,,1,10651
56424,Apr,1,,1,10651
56425,Apr,1,,1,10651
56428,Jun,1,,1,10651
56430,Apr,1,,1,10651
56433,May,1,,1,10651
56435,May,1,,1,10651
56436,Jun,0.5,,2,10651
56438,May,1,,1,10651
56439,May,1,,1,10651
56440,Apr,1,,1,10651
56441,Jun,0.5,,2,10651
56442,Jul,1,,1,10651
56443,Jul,0.333,,3,10651
56444,Apr,1,,1,10651
56445,Jul,0.5,,2,10302
56446,May,1,,1,10651
56447,Apr,1,,1,10651
56450,Jul,1,,1,10651
56451,Jun,1,,1,10651
56452,May,1,,1,10651
56453,Jun,1,,1,10651
56454,May,1,,1,10651
56455,Apr,1,,1,10651
56457,Apr,1,,1,10651
56458,Mar,1,,1,10651
56459,Mar,1,,1,10651
56460,May,1,,1,10651
56463,May,1,,1,10651
56464,Jul,1,,1,10651
56465,Jun,1,,1,10302
56466,Apr,0.5,,2,10651
56467,Apr,0.5,,2,10651
56468,Jul,1,,1,10651
56469,Jul,1,,1,10651
56470,May,1,,1,10651
56471,Jun,1,,1,10651
56473,Jun,0.75,,4,"10302,10315,10651"
56474,Jun,1,,1,10651
56476,May,1,,1,10651
56477,Apr,1,,1,10651
56479,May,1,,1,10651
56480,Jun,1,,1,10651
56482,Apr,1,,1,10651
56485,Jul,1,,1,10651
56486,May,1,,1,10651
56487,May,1,,1,10651
56488,Apr,1,,1,10651
56490,Mar,1,,1,10651
56491,May,1,,1,10651
56492,Jun,0.5,,2,10651
56493,Jul,0.5,,2,10651
56494,Apr,0.5,,2,10651
56495,Apr,0.333,,3,10651
56496,May,1,,1,10651
56497,May,1,,1,10651
56498,May,1,,1,10651
56499,May,1,,1,10651
56500,Jun,0.5,,2,10651
56501,May,1,,1,10651
56502,Aug,0.333,,3,10651
56503,Jul,1,,1,10651
56504,Apr,1,,1,10651
56505,May,1,,1,10651
56506,Jun,1,,1,10651
56507,May,1,,1,10651
56508,Apr,1,,1,10651
56509,Apr,1,,1,10651
56510,May,1,,1,10651
56511,Mar,1,,1,10651
56512,Apr,0.5,,2,10651
56514,Apr,0.5,,2,10093
56516,Apr,1,,1,10093
56517,Apr,1,,1,10093
56519,Jun,0.5,,2,10651
56520,Mar,1,,1,10093
56523,Mar,1,,1,10093
56524,Oct,1,,1,10093
56525,Oct,1,,1,10093
56526,Mar,1,,1,10093
56527,Apr,1,,1,10093
56529,Feb,1,,1,10093
56530,Mar,1,,1,10093
56531,Mar,1,,1,10093
56532,Jan,1,,1,10093
56533,Apr,1,,1,10093
56534,Mar,1,,1,10093
56538,Mar,0.5,,2,10093
56539,Apr,1,,1,10093
56540,Mar,1,,1,10093
56541,Mar,1,,1,10093
56543,Oct,1,,1,10093
56545,variable,1,,1,10093
56546,Mar,1,,1,10093
56547,Mar,1,,1,10093
56548,Feb,1,,1,10093
56550,May,1,,1,10097
56551,Apr,1,,1,10097
56552,Jul,0.5,,2,10042
56553,Jun,0.5,,2,10042
56554,Jul,1,,1,10097
56555,Apr,1,,1,10097
56556,May,1,,1,10097
56557,May,1,,1,10097
56558,May,1,,2,"10042,10097"
56559,May,1,,1,10097
56560,Jun,1,,1,10097
56562,Aug,0.5,,2,10097
56563,Jun,1,,1,10097
56564,Jan,1,,1,10097
56566,Jan,1,,1,10097
56567,Jan,1,,1,10097
56568,Jan,1,,1,10097
56569,variable,1,,1,10097
56571,Jan,1,,1,10097
56572,variable,1,,1,10097
56573,Jan,1,,1,10097
56574,May,1,,1,10042
56575,Apr,1,,1,10042
56576,Apr,1,,1,10097
56577,Apr,0.5,,2,10097
56580,May,1,,1,10097
56581,Aug,0.5,,2,10042
56582,Jul,1,,1,10097
56583,Apr,0.5,,2,10097
56584,Apr,0.5,,2,10097
56585,Jun,1,,1,10651
56586,Jun,1,,1,10097
56588,May,1,,1,10097
56589,Apr,1,,2,"10042,10097"
56590,May,1,,1,10097
56591,Apr,1,,1,10097
56592,Jun,1,,1,10097
56593,Apr,1,,1,10097
56594,Dec,0.333,,3,10302
56596,Jun,1,,1,10097
56597,May,1,,1,10097
56598,Aug,1,,1,10097
56599,Jul,1,,1,10097
56600,Aug,1,,1,10097
56601,Apr,1,,2,"10042,10097"
56602,Jun,1,,1,10097
56603,Jun,1,,1,10097
56604,Apr,1,,1,10097
56605,Jun,0.5,,2,10042
56606,Apr,1,,1,10097
56607,Nov,1,,1,10097
56608,Apr,0.5,,2,10097
56609,Apr,1,,1,10097
56610,Jun,0.5,,2,10042
56611,May,1,,1,10097
56612,Apr,1,,2,"10042,10097"
56613,Apr,1,,2,"10042,10097"
56614,Aug,0.5,,2,10042
56615,May,1,,1,10097
56617,Jun,1,,1,10097
56619,Jul,1,,1,10097
56620,May,1,,1,10097
56621,Apr,0.5,,2,10097
56622,Apr,1,,1,10097
56623,May,1,,1,10097
56624,Apr,0.5,,2,10097
56626,May,1,,1,10097
56627,Aug,1,,1,10097
56628,May,0.5,,2,10097
56629,May,1,,1,10097
56630,Jun,1,,1,10097
56631,Apr,1,,1,10097
56632,Apr,0.5,,2,10097
56633,Mar,0.5,,2,10097
56634,Apr,0.5,,2,10097
56635,Apr,0.5,,2,10097
56636,Apr,0.5,,2,10097
56637,Jun,1,,1,10097
56638,Apr,0.5,,2,10097
56639,Apr,0.5,,2,10097
56640,Apr,0.5,,2,10097
56641,Mar,1,,1,10097
56642,Jun,1,,1,10097
56643,May,1,,1,10097
56644,Apr,0.5,,2,10097
56646,Apr,1,,1,10097
56647,Apr,1,,1,10097
56648,Jun,1,,1,10097
56650,Jun,1,,1,10651
56651,Jul,1,,1,10097
56652,May,1,,1,10097
56653,Apr,1,,1,10097
56654,Jul,0.5,,2,10097
56655,May,1,,1,10097
56656,Apr,0.5,,2,10097
56657,May,1,,1,10097
56658,May,1,,2,"10042,10097"
56659,Apr,1,,1,10097
56660,Apr,1,,1,10097
56661,May,1,,1,10097
56662,May,1,,1,10097
56663,Jul,1,,2,"10097,10651"
56664,Jul,1,,1,10097
56665,Mar,0.5,,2,10097
56666,Sep,1,,1,10097
56668,Jun,1,,1,10097
56669,Aug,0.333,,3,10097
56670,Apr,0.5,,2,10097
56671,Jul,1,,1,10097
56672,Jun,1,,1,10097
56673,Mar,1,,1,10097
56675,Aug,1,,1,10097
56676,Apr,1,,1,10097
56678,Apr,1,,1,10097
56679,Jul,0.5,,2,10042
56680,Aug,1,,1,10097
56682,Jan,1,,1,10097
56683,Apr,0.5,,2,10097
56684,Apr,1,,1,10097
56686,Jul,1,,1,10097
56687,Apr,0.5,,2,10097
56688,Apr,0.5,,2,10097
56689,Apr,1,,1,10097
56690,May,1,,1,10097
56695,Mar,1,,1,10097
56696,May,1,,1,10097
56697,Mar,1,,1,10097
56698,Sep,1,,1,10097
56699,Aug,1,,1,10097
56700,May,1,,1,10097
56701,May,1,,1,10097
56702,Jul,1,,1,10097
56703,Jul,1,,1,10097
56706,Jul,1,,1,10097
56707,Aug,1,,1,10097
56711,Jul,0.5,,2,10651
56713,Apr,1,,1,10097
56714,Jun,0.5,,2,10042
56715,Jun,1,,1,10097
56716,Apr,1,,1,10097
56717,Apr,0.5,,2,10097
56718,Apr,0.5,,2,10042
56719,Apr,0.5,,2,10097
56720,Apr,0.5,,2,10042
56721,Jul,1,,1,10097
56722,Jul,1,,1,10097
56723,May,1,,1,10097
56725,Jun,1,,1,10097
56726,May,1,,1,10097
56727,May,0.5,,2,10042
56728,May,0.5,,2,10042
56729,Oct,1,,1,10097
56730,Mar,0.5,,2,10042
56731,Mar,1,,1,10042
56745,Jul,1,,1,10302
56746,May,1,,1,10302
56747,Jul,1,,1,10302
56748,Jul,1,,1,10302
56749,Jul,1,,1,10302
56753,Aug,0.667,,3,"10302,10651"
56755,Jul,0.5,,2,10302
56756,Jun,1,,1,10302
56757,Jul,0.667,,3,"10302,10651"
56758,Jul,1,,1,10302
56759,Jul,1,,1,10302
56760,Jun,0.667,,3,"10302,10315"
56761,Jul,1,,1,10302
56765,Apr,0.667,,3,"10302,10651"
56767,Jul,1,,1,10302
56769,Jul,1,,1,10302
56770,Jun,1,,1,10302
56771,Jun,1,,1,10302
56772,Jun,1,,1,10302
56773,Jul,1,,1,10302
56774,Jun,1,,1,10302
56775,Jun,1,,1,10302
56776,Jul,1,,1,10302
56777,Jul,1,,1,10302
56778,Jun,1,,1,10302
56779,Jul,1,,1,10302
56781,Jun,1,,1,10302
56782,Jun,1,,2,"10302,10651"
56787,Jul,1,,1,10302
56788,Jun,1,,1,10302
56789,Jun,1,,1,10651
56790,Jun,1,,1,10302
56792,Jun,1,,1,10302
56795,Jul,1,,1,10302
56796,Jul,1,,1,10302
56797,Jul,0.5,,2,10302
56798,Jul,1,,1,10302
56799,Aug,1,,1,10302
56800,Jun,1,,2,"10302,10651"
56801,Jun,1,,2,"10302,10651"
56802,Jul,1,,1,10302
56803,Jun,1,,1,10302
56804,Jul,1,,1,10302
56805,Jun,1,,1,10302
56807,Jul,1,,1,10302
56809,Jul,1,,1,10302
56810,Jul,1,,1,10302
56811,Jun,1,,1,10302
56812,Jul,1,,1,10302
56813,Jul,1,,1,10302
56814,Jun,1,,1,10302
56816,Jul,1,,1,10302
56817,Jun,1,,1,10302
56819,Jun,0.5,,2,10651
56821,Jul,0.5,,2,10302
56822,Jun,1,,1,10651
56827,Apr,1,,1,10651
56830,Apr,1,,2,"10302,10651"
56832,Jul,1,,1,10651
56835,Jul,1,,1,10302
56838,May,1,,1,10302
56839,May,1,,1,10302
56840,Jun,1,,1,10302
56843,Jun,0.5,,2,10302
56845,Jun,1,,1,10302
56846,Jun,1,,2,"10302,10651"
56848,Jul,0.5,,2,10302
56849,May,1,,1,10651
56850,May,1,,1,10302
56852,Jun,1,,2,"10302,10651"
56853,Jul,1,,1,10302
56856,Jun,1,,1,10302
56857,Jun,1,,1,10302
56858,Jul,1,,1,10302
56860,May,1,,1,10302
56861,May,1,,1,10302
56862,Jul,1,,3,"10302,10315,10651"
56864,Jul,1,,1,10302
56867,Dec,0.5,,2,10302
56869,Jul,1,,1,10302
56870,Jul,1,,1,10302
56871,Aug,0.333,,3,10651
56872,Aug,1,,1,10651
56874,Jul,1,,1,10302
56876,Aug,1,,2,"10302,10651"
56877,Jun,0.5,,2,10302
56878,Jul,1,,1,10302
56879,Jun,0.5,,2,10651
56880,Jun,1,,1,10302
56882,Jul,0.5,,2,10302
56883,Jun,0.667,,3,"10302,10651"
56884,Jul,1,,1,10302
56885,Jun,1,,1,10302
56886,May,1,,2,"10302,10651"
56887,Jul,1,,1,10302
56888,Jun,1,,1,10302
56891,Jun,1,,1,10302
56892,Apr,1,,1,10302
56898,Apr,0.5,,2,10302
56901,Jun,1,,1,10302
56902,Jun,1,,1,10302
56903,Aug,0.5,,2,10651
56907,Apr,1,,1,10302
56908,May,1,,1,10302
56911,Feb,0.5,,2,10302
56912,Jun,1,,1,10302
56913,Jul,1,,2,"10302,10651"
56914,Jun,1,,1,10302
56915,Jul,1,,1,10302
56916,Jul,1,,1,10302
56918,Jul,1,,1,10302
56919,May,1,,1,10302
56921,Jun,1,,1,10302
56922,Jul,0.5,,2,10302
56923,Dec,1,,1,10302
56924,Jul,1,,1,10302
56925,Jun,1,,2,"10302,10651"
56927,Jun,1,,1,10302
56928,Jul,1,,1,10302
56930,Apr,0.5,,2,10302
56932,Apr,1,,1,10302
56933,Jun,0.5,,4,"10302,10651"
56937,Jul,1,,2,"10302,10651"
56939,May,1,,1,10302
56940,May,1,,1,10651
56941,Apr,0.5,,2,10315
56942,Jul,1,,1,10302
56943,Apr,1,,1,10651
56944,May,1,,1,10302
56947,Jul,1,,1,10302
56948,May,1,,2,"10302,10315"
56949,May,1,,1,10302
56952,Apr,1,,1,10302
56955,May,1,,1,10302
56956,Jul,1,,1,10302
56958,Aug,1,,1,10651
56959,Jul,0.5,,2,10302
56961,Jul,1,,1,10651
56967,Jul,1,,1,10302
56969,Jun,1,,1,10302
56971,Jul,1,,1,10302
56972,Jul,1,,1,10302
56974,Jun,1,,1,10302
56976,Jul,1,,1,10302
56978,May,1,,2,"10302,10651"
56979,Jul,1,,2,"10302,10651"
56980,Jun,1,,1,10302
56981,Jul,1,,1,10302
56983,Jun,1,,1,10302
56985,Jun,1,,2,"10302,10651"
56986,Jul,1,,1,10302
56995,May,1,,2,"10302,10651"
56997,May,1,,1,10302
56998,Jun,0.75,,4,"10042,10302,10651"
57001,Apr,0.333,,3,10315
57004,Jun,1,,1,10302
57005,Jul,1,,2,"10302,10651"
57006,Jun,1,,1,10302
57007,Jul,1,,1,10302
57008,Jun,1,,1,10302
57009,Jul,1,,1,10302
57011,Sep,1,,1,10302
57023,May,1,,1,10651
57024,Jun,1,,2,"10302,10651"
57025,Apr,0.333,,3,10302
57026,May,1,,1,10302
57029,May,1,,1,10651
57031,May,1,,2,"10302,10315"
57035,Jun,1,,1,10302
57037,Jun,0.5,,4,"10042,10651"
57038,Jun,1,,2,"10302,10651"
57042,Jul,0.5,,2,10651
57044,Jul,1,,1,10302
57045,Jun,0.667,,3,"10302,10651"
57046,Jun,0.5,,2,10302
57047,Jun,1,,1,10302
57048,Jun,0.5,,2,10651
57049,Dec,0.5,,2,10302
57050,Jul,0.5,,2,10302
57055,Jul,0.5,,2,10302
57057,Jul,1,,2,"10302,10651"
57059,Aug,1,,1,10302
57060,Jul,1,,1,10302
57062,Jul,1,,2,"10302,10651"
57063,Jul,1,,1,10302
57065,Jul,1,,1,10302
57066,Jul,1,,1,10302
57067,Jul,1,,2,"10302,10651"
57068,May,1,,1,10302
57069,Jul,1,,1,10302
57075,Jun,1,,1,10302
57079,May,1,,1,10302
57080,Jul,1,,1,10302
57083,May,1,,1,10651
57086,Jun,1,,2,"10302,10651"
57088,Jun,1,,2,"10302,10651"
57089,Jun,1,,1,10302
57090,Jun,0.5,,2,10302
57097,May,1,,1,10315
57101,Jul,1,,1,10302
57102,Dec,1,,1,10302
57103,Jun,1,,1,10302
57104,Jun,1,,1,10302
57108,Jul,1,,1,10302
57109,Jul,1,,1,10302
57112,May,1,,1,10302
57113,Jul,1,,1,10302
57114,Mar,1,,1,10315
57115,May,1,,2,"10302,10651"
57116,Apr,0.5,,2,10315
57118,Aug,0.5,,2,10651
57119,May,1,,2,"10302,10651"
57120,Jul,0.667,,3,"10302,10651"
57121,Jul,0.5,,2,10302
57122,Jun,1,,1,10302
57124,May,0.667,,3,"10302,10315"
57125,Jun,1,,1,10302
57126,Jul,1,,1,10302
57130,Jun,0.667,,3,"10302,10651"
57132,Jul,0.5,,2,10302
57134,Jul,0.5,,2,10651
57138,Jun,0.5,,2,10651
57141,Jun,1,,2,"10302,10651"
57146,Jul,0.667,,3,"10302,10651"
57149,Jun,1,,2,"10302,10651"
57150,Jul,1,,1,10302
57152,Jun,0.5,,2,10651
57153,Jul,1,,1,10302
57154,Jul,1,,1,10302
57155,Jun,1,,2,"10302,10651"
57156,Jul,1,,1,10302
57157,Jul,1,,1,10302
57158,Jul,1,,2,"10302,10651"
57159,Jun,1,,1,10302
57161,Jun,1,,1,10302
57165,Jul,1,,1,10302
57166,Jul,1,,1,10302
57168,Jun,1,,2,"10302,10651"
57169,Dec,1,,1,10302
57170,May,1,,1,10302
57173,Jul,0.5,,4,"10302,10315"
57174,Jul,1,,1,10302
57180,Jul,1,,1,10302
57181,Jul,0.5,,2,10302
57185,Jul,1,,1,10302
57186,Jul,1,,1,10302
57191,Jul,1,,2,"10302,10651"
57192,Jul,1,,1,10302
57196,Jun,1,,1,10302
57198,Jun,1,,1,10651
57199,Jul,1,,1,10302
57202,Jul,1,,2,"10302,10651"
57207,Jul,1,,1,10302
57209,Jul,1,,1,10302
57210,Jul,1,,1,10302
57211,Jul,1,,1,10302
57212,Aug,0.667,,3,"10302,10651"
57214,Jul,1,,1,10302
57215,Jul,1,,1,10302
57216,Jul,1,,1,10302
57218,Jul,1,,1,10302
57219,Jul,1,,1,10302
57220,Jul,1,,2,"10302,10651"
57221,Jul,1,,1,10302
57223,Jul,0.5,,2,10302
57225,Jul,1,,1,10302
57229,Jun,1,,1,10651
57232,Jul,1,,1,10302
57233,Jul,1,,1,10302
57234,Jul,1,,1,10302
57236,Jul,1,,1,10302
57239,Aug,1,,1,10302
57241,Jul,1,,2,"10302,10651"
57246,Jul,1,,1,10302
57249,Jul,1,,1,10302
57250,Jul,1,,1,10302
57251,Jul,1,,1,10302
57253,Jul,1,,1,10302
57258,Jul,1,,2,"10302,10651"
57263,Jul,1,,1,10302
57270,Jul,1,,1,10302
57273,Jul,1,,1,10302
57281,Jul,1,,1,10302
57285,Jul,1,,1,10302
57286,Jun,1,,1,10302
57293,Jun,1,,1,10651
57295,Jul,1,,1,10302
57302,Jul,1,,1,10302
57303,Jul,1,,1,10302
57309,Jun,1,,1,10302
57310,Jul,1,,2,"10302,10651"
57311,Jul,1,,1,10302
57316,Jun,1,,1,10302
57317,Dec,1,,1,10302
57318,Jun,1,,1,10302
57320,Jun,1,,1,10651
57321,Jul,0.5,,2,10302
57325,Mar,1,,1,10651
57326,Jul,1,,1,10302
57329,Jun,1,,1,10302
57334,Jul,1,,1,10302
57338,Jul,1,,1,10302
57340,Jun,0.5,,2,10302
57341,Apr,1,,1,10302
57344,Jun,1,,3,"10302,10315,10651"
57349,May,1,,1,10302
57351,Jul,1,,2,"10302,10651"
57353,Jun,0.5,,2,10302
57354,Jul,1,,1,10302
57357,Jul,1,,1,10302
57358,Jul,0.5,,2,10302
57359,Jul,1,,1,10651
57361,Jul,1,,2,"10302,10651"
57362,Jun,1,,1,10302
57363,Jun,1,,1,10302
57370,Jul,0.667,,3,"10302,10651"
57375,Jun,1,,1,10302
57379,Apr,1,,1,10651
57381,May,1,,1,10302
57382,Jun,0.5,,2,10651
57383,Dec,1,,1,10302
57384,Jun,1,,1,10302
57385,Jun,1,,1,10302
57387,Jul,1,,1,10302
57389,Jun,1,,1,10651
57402,Jun,1,,1,10302
57410,Jun,1,,1,10302
57413,Apr,1,,1,10302
57414,Jun,1,,1,10651
57415,Jun,1,,2,"10302,10651"
57417,Jun,0.5,,4,"10302,10651"
57419,Apr,0.5,,2,10315
57425,Jun,1,,1,10315
57429,Jul,0.5,,2,10302
57431,Jun,0.667,,3,"10302,10651"
57435,May,1,,1,10302
57437,Jun,1,,1,10651
57442,Jun,1,,1,10302
57443,Jul,1,,1,10302
57445,Jun,1,,2,"10302,10651"
57446,Jun,1,,2,"10302,10651"
57448,Jul,1,,1,10302
57450,Jul,1,,1,10302
57456,Jul,0.5,,2,10651
57457,Jun,0.5,,2,10302
57459,Jul,0.5,,2,10302
57460,Jun,1,,1,10302
57465,Jun,1,,1,10302
57466,Jun,1,,1,10302
57467,Jul,1,,1,10302
57468,Jun,1,,1,10302
57469,Jul,1,,1,10302
57470,Jul,1,,1,10302
57471,Jun,1,,1,10302
57473,May,1,,1,10302
57477,Jun,0.5,,2,10302
57480,Jun,1,,1,10302
57483,Jul,1,,1,10302
57484,Jul,1,,1,10302
57486,Jun,1,,1,10302
57487,May,1,,1,10302
57492,May,1,,1,10302
57494,May,1,,2,"10302,10651"
57495,Dec,1,,1,10302
57496,Jul,0.5,,2,10651
57497,May,1,,1,10302
57499,Jul,0.5,,2,10651
57500,Jul,1,,1,10302
57501,Jul,1,,3,"10302,10315,10651"
57502,Jun,1,,1,10302
57503,Jul,1,,1,10302
57505,May,0.75,,4,"10302,10315,10651"
57509,Apr,0.5,,2,10302
57510,Jun,1,,1,10302
57514,Jul,1,,1,10302
57515,Jun,1,,1,10302
57516,Apr,0.5,,2,10302
57518,Jun,1,,2,"10302,10651"
57520,Jun,1,,1,10302
57522,Jun,1,,1,10651
57523,Jun,0.5,,2,10651
57524,Jun,1,,1,10651
57525,Apr,1,,1,10302
57526,Jun,1,,1,10302
57530,May,1,,1,10302
57534,Apr,0.333,,3,10292
57535,Jul,1,,1,10302
57537,Apr,0.5,,2,10651
57540,Mar,1,,1,10315
57546,May,1,,1,10302
57548,May,1,,1,10302
57549,Apr,1,,1,10302
57551,Apr,1,,1,10302
57552,Jun,1,,1,10302
57554,Jun,1,,1,10302
57555,May,1,,1,10302
57558,May,1,,1,10302
57561,Jun,1,,1,10302
57566,Jun,0.5,,2,10651
57567,Jun,1,,1,10302
57571,Jun,1,,2,"10302,10651"
57572,Jun,1,,1,10651
57573,May,0.667,,3,"10302,10651"
57575,May,1,,2,"10302,10651"
57576,Jun,1,,2,"10302,10651"
57577,Jun,1,,3,"10302,10315,10651"
57596,Jun,1,,1,10302
57597,Jun,1,,1,10302
57598,Jun,0.5,,2,10302
57599,Jun,1,,1,10302
57600,Jun,1,,2,"10302,10651"
57601,Jun,1,,1,10302
57602,May,1,,1,10302
57603,Jun,1,,1,10302
57606,Jun,1,,1,10651
57607,Jul,0.5,,2,10302
57610,Jul,1,,1,10651
57611,Jun,0.5,,2,10651
57612,Jul,1,,1,10302
57613,Jul,1,,1,10302
57614,Jul,1,,1,10302
57615,Jun,1,,1,10302
57618,Jul,0.667,,3,"10302,10651"
57620,Jun,1,,1,10302
57621,Jun,1,,1,10302
57622,Jul,1,,1,10302
57624,Jul,1,,1,10302
57625,Jul,1,,2,"10302,10651"
57626,Jul,0.5,,2,10302
57627,Jul,1,,1,10302
57630,May,1,,1,10651
57631,Apr,1,,1,10302
57635,Jun,1,,2,"10302,10651"
57636,Jun,1,,2,"10302,10651"
57638,Jun,1,,1,10302
57641,Jul,0.5,,4,"10302,10651"
57642,Jul,1,,1,10302
57643,Jun,1,,1,10302
57645,Aug,0.5,,2,10302
57648,Jul,1,,1,10315
57652,Jul,0.5,,2,10302
57653,May,1,,1,10302
57656,Jul,1,,2,"10292,10302"
57658,Apr,1,,1,10302
57661,Jun,0.5,,2,10651
57662,Aug,1,,1,10302
57663,Aug,1,,1,10302
57666,Jul,0.5,,2,10302
57667,Jun,1,,2,"10302,10651"
57668,Jun,1,,2,"10302,10651"
57669,Jul,1,,1,10651
57670,May,1,,1,10302
57671,Jun,1,,1,10302
57674,Jun,1,,1,10302
57676,Jun,0.5,,2,10302
57678,Jun,1,,2,"10302,10651"
57679,Jun,1,,2,"10302,10651"
57680,Jun,0.667,,3,"10302,10651"
57681,Jun,1,,2,"10302,10651"
57682,Jun,1,,2,"10302,10315"
57684,Dec,0.5,,2,10302
57688,Jun,1,,1,10302
57689,Jun,1,,2,"10302,10651"
57690,Jun,1,,1,10302
57692,May,1,,1,10302
57693,May,1,,2,"10302,10651"
57694,Jun,1,,2,"10302,10651"
57695,Jul,0.5,,2,10302
57696,Jun,0.5,,2,10651
57697,Jun,1,,1,10302
57698,May,1,,1,10651
57699,Jul,0.5,,2,10302
57700,Jun,0.5,,2,10651
57701,Jul,1,,1,10302
57702,Jun,1,,2,"10302,10651"
57703,Jul,1,,1,10302
57704,Jun,1,,1,10651
57705,Jul,1,,1,10302
57706,Jun,1,,2,"10302,10651"
57708,Jun,0.667,,3,"10315,10651"
57711,Jul,0.5,,2,10651
57713,Jun,1,,1,10302
57714,Jul,1,,1,10302
57716,Jul,1,,1,10302
57717,Apr,0.5,,2,10302
57718,Jul,0.5,,2,10651
57719,Jun,1,,2,"10302,10651"
57721,Jun,1,,2,"10302,10651"
57722,Jul,1,,2,"10302,10651"
57723,Apr,1,,2,"10302,10651"
57724,Jul,0.5,,2,10651
57725,Apr,0.667,,3,"10302,10651"
57727,Jun,0.667,,3,"10302,10651"
57730,May,1,,1,10302
57732,May,1,,3,"10302,10315,10651"
57733,May,1,,1,10651
57734,Apr,0.667,,3,"10302,10651"
57735,May,1,,1,10302
57736,May,1,,2,"10302,10651"
57737,Apr,1,,2,"10302,10651"
57738,May,1,,1,10302
57739,Jun,1,,1,10651
57740,Jun,1,,1,10651
57741,Jul,0.5,,2,10302
57742,May,1,,1,10651
57743,Mar,1,,1,10651
57749,Jun,1,,1,10651
57815,Jul,1,,1,10292
58014,May,1,,1,10292
58099,Jul,1,,1,10651
58172,Jun,1,,1,10292
58256,Jul,1,,1,10320
58257,Oct,1,,1,10320
58260,Apr,1,,1,10320
58275,Jun,1,,1,10320
58310,Aug,1,,1,10320
58376,Oct,1,,1,10320
58485,Mar,1,,1,10320
58491,Jul,1,,1,10320
58537,Jul,1,,1,10320
58540,Oct,1,,1,10320
58543,Jul,1,,1,10320
58594,Jun,1,,1,10320
58605,May,1,,1,10320
58613,Oct,1,,1,10320
58620,Apr,1,,1,10320
58638,Oct,1,,1,10320
58641,Oct,1,,1,10320
58648,Dec,1,,1,10320
58650,Jul,1,,1,10320
58652,Jul,1,,1,10320
58653,Sep,1,,1,10320
58664,Jan,1,,1,10320
58665,Dec,1,,1,10320
58729,Mar,1,,1,10320
58734,Jun,1,,1,10320
58742,Mar,1,,1,10320
58751,Mar,0.5,,2,10320
58776,Mar,1,,1,10320
58783,Sep,1,,1,10320
58865,May,1,,1,10320
59079,Aug,1,,1,10320
59091,Apr,1,,1,10320
59198,Oct,1,,1,10320
59206,Oct,1,,1,10320
59226,Nov,1,,1,10320
59227,Sep,1,,1,10320
59229,Sep,1,,1,10320
59230,Jan,1,,1,10320
59262,Dec,1,,1,10320
59264,Jul,1,,1,10320
59265,Oct,1,,1,10320
59268,Oct,1,,1,10320
59273,Jul,1,,1,10651
59277,Feb,1,,1,10320
59278,Aug,1,,1,10320
59280,Oct,1,,1,10320
59299,Apr,1,,1,10320
59329,Jan,1,,1,10320
59330,Dec,1,,1,10320
59333,Oct,1,,1,10320
59337,Nov,1,,1,10320
59338,Sep,1,,1,10320
59339,Oct,1,,1,10320
59340,Oct,1,,1,10320
59343,Oct,1,,1,10320
59345,Jan,1,,1,10320
59352,Aug,1,,1,10320
59353,Dec,1,,1,10320
59388,Jan,1,,1,10320
59392,Aug,1,,1,10320
59435,Aug,1,,1,10320
59440,Oct,1,,1,10320
59447,Mar,1,,1,10320
59448,Nov,1,,1,10320
59491,Aug,1,,1,10320
59492,Aug,1,,1,10320
59493,Aug,0.5,,2,10320
59494,Oct,1,,1,10320
59496,Oct,1,,1,10320
59498,Sep,1,,1,10320
59500,Aug,1,,1,10320
59512,Jun,1,,1,10320
59519,Aug,1,,1,10320
59520,Oct,1,,1,10320
59522,Jul,0.333,,3,10320
59524,Sep,1,,1,10320
59537,Aug,1,,1,10320
59539,May,1,,1,10320
59546,Jan,1,,1,10320
59560,Aug,1,,1,10320
59563,Jul,1,,1,10320
59565,Sep,1,,1,10320
59566,Nov,1,,1,10320
59567,Mar,1,,1,10320
59568,Aug,0.5,,2,10320
59571,Apr,1,,1,10320
59572,Aug,1,,1,10320
59574,Jul,1,,1,10320
59578,Dec,0.5,,2,10320
59580,Jul,1,,1,10320
59581,Jun,1,,1,10320
59586,Aug,1,,1,10320
59587,Sep,1,,1,10320
59596,May,1,,1,10320
59597,Jul,1,,1,10320
59603,Oct,1,,1,10320
59613,Dec,1,,1,10320
59670,Nov,1,,1,10320
59671,Oct,1,,1,10320
59681,May,1,,1,10320
59682,Oct,1,,1,10320
59683,Mar,1,,1,10320
59687,Aug,1,,1,10320
59689,Sep,1,,1,10320
59690,Nov,1,,1,10320
59691,Sep,1,,1,10320
59692,Sep,1,,1,10320
59693,Nov,1,,1,10320
59694,Feb,1,,1,10320
59696,Sep,1,,1,10320
59698,Sep,1,,1,10320
59699,Feb,1,,1,10320
59700,Oct,1,,1,10320
59756,Oct,1,,1,10320
59760,Oct,1,,1,10320
59761,Apr,1,,1,10320
59774,Sep,1,,1,10320
59790,Mar,1,,1,10292
59795,Nov,1,,1,10320
59815,Apr,1,,1,10320
59821,Jun,1,,1,10320
59825,Aug,1,,1,10320
59836,Oct,1,,1,10320
59870,Sep,1,,1,10320
59888,Sep,1,,1,10320
60025,Oct,1,,1,10320
60033,Mar,1,,1,10320
60123,Nov,1,,1,10320
60268,Nov,1,,1,10320
60297,Mar,1,,1,10320
60379,Dec,1,,1,10320
60446,Nov,1,,1,10320
60665,Sep,1,,1,10320
60666,Sep,1,,1,10320
60812,Nov,1,,1,10320
60828,Apr,1,,1,10320
60837,Oct,1,,1,10320
60905,Sep,1,,1,10320
60960,Jan,1,,1,10320
60992,Dec,1,,1,10320
61007,Oct,1,,1,10320
61175,May,1,,1,10320
61181,Jan,1,,1,10320
61192,May,1,,1,10320
61533,Apr,1,,1,10320
61706,Nov,1,,1,10320
61710,Oct,1,,1,10320
61711,Aug,1,,1,10320
61717,Mar,0.5,,2,10320
61718,Sep,1,,1,10320
61719,Oct,1,,1,10320
61720,Nov,1,,1,10320
61721,Aug,1,,1,10320
61722,Apr,1,,1,10320
61724,Jul,1,,1,10320
61727,Oct,1,,1,10320
61730,Mar,1,,1,10320
61731,Oct,1,,1,10320
61742,Sep,1,,1,10320
61748,Oct,1,,1,10320
61749,Jul,1,,1,10320
61750,May,1,,1,10320
61751,Jun,1,,1,10320
61789,Oct,1,,1,10320
61790,Sep,1,,1,10320
61800,Nov,1,,1,10320
61804,Oct,1,,1,10320
61842,Sep,1,,1,10320
61844,Jul,1,,1,10320
61852,Jul,1,,1,10320
61854,Apr,0.5,,2,10320
61855,Mar,1,,1,10320
61862,Oct,1,,1,10320
61867,Sep,1,,1,10320
61868,Sep,1,,1,10320
61876,Aug,1,,1,10320
61877,Aug,1,,1,10320
61878,Aug,1,,1,10320
61883,Apr,1,,1,10320
61898,Sep,1,,1,10320
61899,Aug,0.5,,2,10320
61901,May,1,,1,10320
61902,Aug,0.5,,2,10320
61911,Sep,1,,1,10320
61919,Aug,1,,1,10320
61925,Aug,1,,1,10320
61930,Aug,1,,1,10320
61950,Jan,1,,1,10320
61951,Aug,1,,1,10320
61952,Aug,1,,1,10320
61953,Aug,1,,1,10320
61957,Aug,1,,1,10320
61958,Aug,1,,1,10320
61960,Jul,1,,1,10320
61962,Jun,1,,1,10320
61963,Jun,1,,1,10320
61965,Jul,1,,1,10320
61967,Jan,1,,1,10320
61968,Aug,1,,1,10320
61970,Jul,1,,1,10320
61972,Aug,1,,1,10320
61973,Dec,1,,1,10320
61975,Aug,1,,1,10320
61976,Aug,1,,1,10320
61977,Aug,1,,1,10320
61981,Jul,1,,1,10320
61982,Jul,1,,1,10320
61984,Aug,1,,1,10320
61985,Jun,1,,1,10320
61991,Nov,1,,1,10320
61992,Oct,1,,1,10320
62028,Jul,1,,1,10320
62041,Nov,1,,1,10320
62042,Oct,1,,1,10320
62043,Nov,1,,1,10320
62045,Oct,1,,1,10320
62046,Sep,1,,1,10320
62063,Nov,1,,1,10320
62067,Aug,1,,1,10320
62068,Apr,1,,1,10320
62069,Oct,1,,1,10320
62070,Mar,1,,1,10320
62074,Sep,1,,1,10320
62075,Dec,1,,1,10320
62076,Dec,1,,1,10320
62078,Feb,1,,1,10320
62079,Sep,1,,1,10320
62080,Feb,1,,1,10320
62082,Sep,1,,1,10320
62083,Aug,1,,1,10320
62084,Aug,1,,1,10320
62085,Sep,1,,1,10320
62087,Sep,1,,1,10320
62088,Mar,1,,1,10320
62089,Jan,1,,1,10320
62090,Dec,1,,1,10320
62096,Sep,1,,1,10320
62097,Feb,1,,1,10320
62098,Feb,1,,1,10320
62099,Aug,1,,1,10320
62100,Sep,1,,1,10320
62101,Jul,1,,1,10320
62102,Mar,1,,1,10320
62103,Apr,1,,1,10320
62105,Apr,1,,1,10320
62106,Sep,1,,1,10320
62108,Oct,1,,1,10320
62109,Aug,1,,1,10320
62112,Aug,1,,1,10320
62113,Nov,1,,1,10320
62119,Nov,1,,1,10320
62123,Aug,1,,1,10320
62124,Aug,1,,1,10320
62158,Mar,1,,1,10320
62160,Aug,0.333,,3,10320
62161,Aug,1,,1,10320
62163,Aug,1,,1,10320
62164,Nov,0.5,,2,10320
62165,Aug,0.5,,2,10320
62166,Aug,1,,1,10320
62176,Oct,1,,1,10320
62204,Oct,1,,1,10320
62206,Jul,1,,1,10320
62208,May,1,,1,10320
62247,Sep,1,,1,10320
62286,Jun,1,,1,10320
62287,May,1,,1,10320
62290,Jun,1,,1,10320
62308,Aug,1,,1,10320
62391,Jan,1,,1,10320
62418,May,1,,1,10320
62421,Jun,1,,1,10320
62449,Apr,1,,1,10320
62450,Aug,1,,1,10320
62455,Jun,1,,1,10320
62486,Jun,1,,1,10320
62513,Sep,1,,1,10320
62526,Jun,1,,1,10320
62528,May,1,,1,10320
62529,Jul,1,,1,10320
62530,Jun,1,,1,10320
62531,Jun,1,,1,10320
62533,Nov,1,,1,10320
62567,Sep,1,,1,10320
62584,Apr,1,,1,10320
62592,Aug,1,,1,10320
62594,Aug,1,,1,10320
62607,Apr,1,,1,10320
62618,Sep,1,,1,10320
62630,Mar,1,,1,10320
62661,Jun,1,,1,10320
62712,May,1,,1,10320
62716,Dec,1,,1,10320
62734,Oct,1,,1,10320
62771,Oct,1,,1,10320
62775,Aug,1,,1,10320
62793,Nov,1,,1,10320
62856,Nov,1,,1,10320
62864,Nov,1,,1,10320
62872,Nov,1,,1,10320
62873,May,1,,1,10320
62875,Nov,1,,1,10320
62881,Sep,1,,1,10320
62897,Oct,1,,1,10320
62898,Oct,1,,1,10320
62923,Aug,1,,1,10320
62924,Aug,1,,1,10320
62925,Apr,1,,1,10320
62927,Jan,1,,1,10320
62935,Oct,1,,1,10320
62948,Apr,1,,1,10320
62950,Sep,1,,1,10320
62952,Jul,1,,1,10320
62953,Jul,1,,1,10320
62972,Aug,1,,1,10320
62988,Sep,1,,1,10320
63008,Feb,1,,1,10320
63016,Jul,1,,1,10320
63018,Jun,1,,1,10320
63020,Sep,1,,1,10320
63022,Oct,1,,1,10320
63025,Jul,1,,1,10320
63027,Nov,1,,1,10320
63036,Jul,1,,1,10320
63037,Jun,1,,1,10320
63066,Aug,1,,1,10320
63067,Oct,1,,1,10320
63077,Jan,1,,1,10320
63080,Feb,1,,1,10320
63081,Nov,1,,1,10320
63082,Dec,1,,1,10320
63088,Jun,1,,1,10320
63092,Dec,1,,1,10320
63093,Sep,1,,1,10320
63096,Oct,1,,1,10320
63097,Jun,1,,1,10320
63098,May,1,,1,10320
63099,Dec,1,,1,10320
63102,Dec,1,,1,10320
63109,Mar,1,,1,10320
63111,Jun,1,,1,10320
63112,Jul,1,,1,10320
63113,Mar,1,,1,10320
63114,Mar,1,,1,10320
63117,Oct,1,,1,10320
63119,Oct,1,,1,10320
63143,Aug,0.333,,3,10320
63146,Aug,1,,1,10320
63148,May,1,,1,10320
63161,Sep,1,,1,10320
63179,Oct,1,,1,10320
63187,Aug,1,,1,10320
63223,Mar,1,,1,10342
63227,Oct,1,,1,10320
63232,Jun,1,,1,10320
63236,Sep,1,,1,10320
63238,Jul,1,,1,10320
63239,Nov,1,,1,10320
63260,Oct,1,,1,10651
63272,Sep,1,,1,10042
63444,Sep,1,,1,10320
63456,Jun,0.5,,2,10651
63457,Dec,1,,1,10302
63458,Jun,1,,1,10651
63459,Jun,1,,2,"10302,10651"
63460,Jun,1,,1,10302
63461,Jun,1,,1,10651
63462,Jun,0.5,,2,10302
63463,Apr,0.5,,2,10302
63464,Aug,1,,1,10651
63465,Jul,1,,1,10302
63466,Jun,1,,1,10651
63467,Aug,0.5,,2,10651
63468,Jul,1,,1,10302
63469,Jun,0.5,,2,10302
63470,Mar,1,,1,10302
63471,Apr,1,,1,10302
63474,Aug,0.5,,2,10302
63476,Jul,1,,2,"10302,10651"
63477,Jun,0.75,,4,"10302,10315,10651"
63478,Jun,1,,1,10651
63479,Jul,0.667,,3,"10302,10651"
63480,Jul,0.5,,2,10651
63481,Jul,0.667,,3,"10302,10651"
63483,Jul,0.5,,2,10651
63485,Mar,0.5,,4,"10302,10651"
63486,Apr,0.5,,2,10342
63487,Jul,1,,1,10302
63488,Jul,0.5,,2,10651
63489,Jun,0.5,,2,10302
63492,May,1,,1,10302
63495,May,1,,2,"10302,10651"
63496,Jun,1,,2,"10302,10651"
63497,Apr,1,,3,"10302,10315,10651"
63498,Jul,1,,1,10651
63500,Jun,1,,1,10302
63502,Jun,1,,2,"10302,10651"
63503,Jul,0.5,,2,10651
63504,Dec,0.5,,2,10302
63505,Dec,1,,1,10302
63510,May,0.667,,3,"10302,10651"
63511,Jun,1,,1,10302
63512,Jun,1,,2,"10302,10651"
63513,Jun,0.5,,4,"10302,10651"
63514,Apr,1,,1,10302
63516,Jun,1,,1,10651
63517,Jun,0.5,,2,10302
63518,Jun,0.5,,2,10302
63522,Jul,1,,1,10651
63523,Apr,0.667,,3,"10302,10651"
63524,Jun,1,,1,10651
63525,Jul,0.333,,3,10302
63538,Apr,0.5,,2,10302
63540,Jun,1,,1,10302
63543,May,0.667,,3,"10302,10315"
63545,Jun,1,,1,10651
63547,Jun,1,,1,10651
63548,Aug,0.333,,3,10651
63549,Jun,1,,1,10651
63550,Jul,0.333,,3,10302
63551,Jun,1,,1,10651
63552,Jun,1,,2,"10302,10651"
63553,Jun,1,,1,10651
63554,Jun,1,,1,10651
63555,Jun,1,,1,10651
63556,Jun,1,,1,10651
63557,Jun,1,,1,10651
63558,Jun,1,,2,"10302,10651"
63559,Jul,0.5,,2,10651
63561,Jul,0.5,,2,10302
63562,Jun,0.5,,2,10651
63565,Apr,1,,2,"10302,10651"
63568,Jun,1,,1,10651
63573,May,1,,1,10302
63578,Dec,1,,1,10302
63584,Apr,0.5,,2,10651
63595,May,1,,1,10302
63596,May,1,,3,"10302,10315,10651"
63611,Jun,1,,1,10651
63614,Jun,1,,1,10302
63681,May,1,,1,10651
63682,Mar,1,,1,10302
63683,Jun,1,,2,"10302,10651"
63685,Aug,0.333,,3,10651
63686,Aug,0.667,,3,"10302,10315"
63687,Jun,1,,1,10302
63690,Aug,1,,1,10651
63766,Jul,0.5,,2,10651
63767,Jun,1,,1,10302
63772,Apr,1,,1,10651
64078,Jun,1,,1,10651
64082,Apr,1,,1,10302
64088,Jun,1,,1,10302
64091,Jun,0.5,,2,10651
64093,Jul,0.5,,2,10651
64098,Apr,1,,1,10651
64101,Jun,0.5,,2,10651
64107,May,1,,1,10302
64108,Jun,0.667,,3,"10302,10320"
64109,Jun,1,,1,10302
64110,Jul,1,,1,10302
64113,May,1,,1,10302
64115,May,1,,1,10302
64126,May,0.667,,3,"10302,10651"
64130,Nov,1,,1,10053
64212,Nov,1,,1,10053
64220,Jan,1,,1,10053
64250,Mar,1,,1,10053
64257,variable,1,,1,10053
64294,Jun,1,,1,10053
64301,variable,1,,1,10053
64306,Sep,1,,1,10053
64310,variable,1,,1,10053
64334,May,1,,1,10053
64336,Sep,1,,1,10053
64337,Mar,1,,1,10053
64339,Jan,1,,1,10053
64378,Sep,1,,1,10042
64395,Jan,1,,1,10053
64398,Apr,1,,1,10053
64407,May,1,,1,10053
64420,Apr,1,,1,10053
64427,May,1,,1,10053
64435,Mar,1,,1,10053
64439,Feb,1,,1,10053
64440,variable,1,,1,10053
64445,May,1,,1,10053
64450,Dec,1,,1,10053
64460,variable,1,,1,10053
64482,variable,1,,1,10053
64483,Sep,1,,1,10053
64486,May,1,,1,10053
64489,variable,1,,1,10053
64490,Mar,1,,1,10053
64491,Apr,1,,1,10053
64493,May,1,,1,10053
64500,Mar,1,,1,10053
64509,Apr,1,,1,10053
64538,Oct,1,,1,10053
64551,Dec,1,,1,10053
64566,Nov,1,,1,10053
64593,variable,1,,1,10053
64594,Aug,1,,1,10053
64601,Dec,1,,1,10053
64618,Mar,1,,1,10053
64619,variable,1,,1,10053
64626,variable,1,,1,10053
64633,variable,1,,1,10053
64640,Apr,1,,1,10053
64673,Dec,1,,1,10053
64678,variable,1,,1,10053
64731,Jul,1,,1,10053
64732,Jul,1,,1,10053
64758,Jun,1,,1,10053
64775,variable,1,,1,10053
64782,Aug,1,,1,10053
64800,Feb,1,,1,10053
64827,Jan,1,,1,10053
64832,Oct,1,,1,10053
64844,variable,1,,1,10053
64852,May,1,,1,10053
64881,Feb,1,,1,10053
64885,variable,1,,1,10053
64889,May,1,,1,10053
64906,Jan,1,,1,10053
64907,variable,1,,1,10053
64914,Jun,1,,1,10053
64916,Feb,1,,1,10053
64924,Oct,1,,1,10053
64925,variable,1,,1,10053
64934,Jul,1,,1,10053
64960,variable,1,,1,10053
64968,Mar,1,,1,10053
64969,Jan,1,,1,10053
65001,variable,1,,1,10053
65003,Apr,1,,1,10053
65004,May,1,,1,10053
65008,Oct,1,,1,10053
65009,variable,1,,1,10053
65087,Apr,1,,1,10053
65102,Apr,1,,1,10053
65110,Feb,1,,1,10053
65136,Oct,1,,1,10053
65145,variable,1,,1,10053
65155,May,1,,1,10053
65175,Mar,1,,1,10053
65178,variable,1,,1,10053
65204,Feb,1,,1,10053
65209,variable,1,,1,10053
65215,Feb,1,,1,10053
65226,variable,1,,1,10053
65245,Jan,1,,1,10053
65251,Feb,1,,1,10053
65279,variable,1,,1,10053
65281,Mar,1,,1,10053
65282,variable,1,,1,10053
65284,variable,1,,1,10053
65319,variable,1,,1,10053
65334,Sep,1,,1,10053
65338,Nov,1,,1,10053
65342,variable,1,,1,10053
65344,variable,1,,1,10053
65349,variable,1,,1,10053
65357,May,1,,1,10053
65358,variable,1,,1,10053
65359,variable,1,,1,10053
65360,variable,1,,1,10053
65364,Apr,1,,1,10053
65366,Sep,1,,1,10053
65390,Feb,1,,1,10053
65436,variable,1,,1,10053
65446,variable,1,,1,10053
65453,variable,1,,1,10053
65476,Jan,1,,1,10053
65479,Feb,1,,1,10053
65481,Nov,1,,1,10053
65499,Feb,1,,1,10053
65500,Feb,1,,1,10053
65519,Aug,1,,1,10053
65520,Aug,1,,1,10053
65524,May,1,,1,10053
65525,variable,1,,1,10053
65530,variable,1,,1,10053
65532,variable,1,,1,10053
65562,variable,1,,1,10053
65676,Jan,1,,1,10053
65692,Nov,1,,1,10053
65714,Feb,1,,1,10053
65725,variable,1,,1,10053
65855,Jun,1,,1,10053
66010,variable,1,,1,10053
66011,Jan,1,,1,10053
66019,Oct,1,,1,10053
66021,May,1,,1,10053
66023,Mar,1,,1,10053
66025,Jan,1,,1,10053
66038,Feb,1,,1,10053
66046,Apr,1,,1,10053
66048,variable,1,,1,10053
66050,May,1,,1,10053
66058,Feb,1,,1,10053
66069,variable,1,,1,10053
66101,variable,1,,1,10053
66262,Oct,1,,1,10053
66295,Apr,1,,1,10053
66297,May,1,,1,10053
66301,variable,1,,1,10053
66303,variable,1,,1,10053
66310,May,1,,1,10053
66322,variable,1,,1,10053
66325,Feb,1,,1,10053
66329,Feb,1,,1,10053
66347,Feb,0.5,,2,10053
66351,Jan,1,,1,10053
66353,Feb,1,,1,10053
66372,variable,1,,1,10053
66380,Feb,1,,1,10053
66385,Jan,1,,1,10053
66387,Feb,1,,1,10053
66398,variable,1,,1,10053
66401,Apr,1,,1,10053
66442,variable,1,,1,10053
66447,Oct,1,,1,10053
66457,variable,1,,1,10053
66461,May,1,,1,10053
66462,Jul,1,,1,10053
66477,May,1,,1,10053
66487,Jan,1,,1,10053
66490,Oct,1,,1,10053
66502,Oct,1,,1,10053
66526,variable,1,,1,10053
66536,Feb,1,,1,10053
66537,variable,1,,1,10053
66540,Jul,1,,1,10053
66545,variable,1,,1,10053
66547,variable,1,,1,10053
66550,variable,1,,1,10053
66559,May,1,,1,10053
66566,Oct,1,,1,10053
66575,Feb,1,,1,10053
66580,variable,1,,1,10053
66591,variable,1,,1,10053
66600,variable,1,,1,10053
66616,Mar,1,,1,10053
66646,Dec,1,,1,10053
66650,variable,1,,1,10053
66663,Feb,1,,1,10053
66686,variable,1,,1,10053
66749,Jun,1,,1,10053
66755,May,1,,1,10053
66762,Jun,1,,1,10053
66765,variable,1,,1,10053
66767,variable,1,,1,10053
66782,May,1,,1,10053
66784,Jan,1,,1,10053
66788,variable,1,,1,10053
66790,variable,1,,1,10053
66798,variable,1,,1,10053
66818,variable,1,,1,10053
66841,Mar,1,,1,10053
66844,variable,1,,1,10053
66854,Sep,1,,1,10053
66855,Nov,1,,1,10053
66861,variable,1,,1,10053
66862,variable,1,,1,10053
66901,Aug,1,,1,10053
66928,Aug,1,,1,10053
66935,variable,1,,1,10053
66940,Feb,1,,1,10053
66941,Dec,1,,1,10053
66960,Mar,1,,1,10053
66987,variable,1,,1,10053
66991,Jan,1,,1,10053
66999,Feb,1,,1,10053
67005,Aug,1,,1,10053
67016,May,1,,1,10053
67024,variable,1,,1,10053
67025,Feb,1,,1,10053
67028,Feb,1,,1,10053
67037,variable,1,,1,10053
67038,Jun,1,,1,10053
67079,variable,1,,1,10053
67082,variable,1,,1,10053
67095,variable,1,,1,10053
67103,variable,1,,1,10053
67130,Mar,1,,1,10053
67138,variable,1,,1,10053
67180,variable,1,,1,10053
67182,variable,1,,1,10053
67205,May,1,,1,10053
67208,variable,1,,1,10053
67225,Feb,1,,1,10053
67230,Feb,1,,1,10053
67233,Mar,1,,1,10053
67236,variable,1,,1,10053
67243,variable,1,,1,10053
67260,variable,1,,1,10053
67265,variable,1,,1,10053
67267,Jan,1,,1,10053
67271,May,1,,1,10053
67298,Jan,1,,1,10053
67302,variable,1,,1,10053
67304,Mar,1,,1,10053
67307,variable,1,,1,10053
67311,variable,1,,1,10053
68172,Jun,1,,1,10302
68174,May,1,,1,10651
68176,May,1,,1,10651
68179,Jul,0.5,,2,10651
68181,Apr,1,,2,"10302,10651"
68184,Jul,1,,1,10302
68185,Apr,0.5,,2,10651
68186,May,1,,1,10651
68187,Jun,1,,1,10651
68188,Apr,1,,1,10651
68191,Aug,1,,1,10651
68192,May,1,,1,10651
68193,Jun,1,,1,10651
68194,Jul,0.5,,2,10651
68195,Jun,1,,1,10651
68196,Aug,1,,1,10302
68197,May,1,,2,"10302,10651"
68198,Apr,1,,1,10651
68199,May,1,,1,10651
68200,May,1,,1,10651
68201,Jun,1,,1,10651
68202,Jul,0.5,,2,10651
68205,Aug,1,,1,10651
68206,May,0.4,,5,"10302,10651"
68207,Aug,1,,1,10302
68208,Aug,0.333,,3,10651
68209,May,1,,1,10302
68210,Jul,1,,1,10651
68211,Jun,1,,1,10651
68212,Jun,1,,1,10651
68217,Jun,1,,1,10651
68219,Apr,0.5,,2,10651
68221,May,1,,1,10651
68222,Dec,0.5,,2,10302
68223,Aug,0.5,,2,10315
68224,Aug,0.5,,2,10302
68225,Jul,1,,2,"10302,10651"
68227,Jun,1,,1,10651
68228,Jun,1,,1,10651
68229,Jun,1,,1,10651
68230,Jun,1,,1,10651
68231,Jul,1,,1,10651
68232,Jun,0.5,,2,10651
68234,Apr,1,,1,10651
68235,May,1,,1,10651
68236,May,1,,2,"10302,10651"
68237,May,1,,2,"10302,10651"
68238,May,1,,1,10651
68239,May,1,,2,"10302,10651"
68240,May,1,,2,"10302,10651"
68241,May,1,,1,10651
68244,Mar,1,,1,10651
68245,Jun,1,,1,10651
68246,Jun,1,,1,10651
68248,Jul,0.5,,2,10651
68250,Apr,1,,2,"10302,10651"
68251,Jun,1,,2,"10302,10651"
68253,Jul,1,,1,10302
68254,Apr,1,,2,"10302,10651"
68255,May,1,,2,"10302,10651"
68257,Jun,0.667,,3,"10302,10651"
68258,Jul,0.5,,2,10302
68259,Jun,1,,2,"10302,10651"
68260,Jul,0.5,,2,10302
68261,Jan,1,,1,10651
68262,May,1,,2,"10302,10651"
68263,May,1,,2,"10302,10651"
68264,May,0.667,,3,"10302,10651"
68268,May,1,,1,10651
68269,Jul,1,,1,10651
68271,Jul,1,,1,10651
68272,Apr,0.5,,2,10302
68273,Jun,1,,1,10651
68274,Apr,0.5,,2,10302
68275,Jul,1,,2,"10302,10651"
68280,Jun,1,,1,10651
68282,Jun,1,,1,10302
68283,May,1,,1,10651
68284,May,1,,1,10651
68288,Jun,1,,1,10651
68289,Jul,1,,1,10651
68290,Apr,0.5,,2,10651
68291,May,1,,2,"10302,10651"
68292,May,1,,1,10651
68293,Jul,1,,1,10651
68294,Aug,0.5,,2,10302
68295,Jul,1,,1,10651
68296,Jun,1,,1,10651
68298,Jun,1,,2,"10302,10651"
68299,Apr,1,,1,10651
68300,Dec,0.5,,2,10302
68302,May,1,,1,10651
68305,May,1,,1,10651
68311,Jun,0.5,,2,10651
68313,Jul,0.5,,2,10651
68315,Aug,1,,1,10651
68317,Jun,1,,1,10651
68319,Jun,1,,1,10651
68320,May,1,,1,10651
68321,Jul,0.5,,2,10651
68322,Jun,1,,2,"10302,10651"
68330,variable,1,,1,10053
68348,variable,1,,1,10053
68364,May,1,,1,10053
68472,Dec,1,,1,10053
68717,Jun,1,,1,10042
68718,Jun,1,,1,10042
68720,Jul,1,,1,10042
68721,Jun,1,,1,10042
68723,Jun,1,,1,10042
68724,Jul,0.5,,2,10651
68725,Jun,1,,1,10042
68726,Jun,1,,1,10042
68727,May,1,,1,10042
68728,Jun,1,,1,10042
68729,Jun,1,,1,10042
68730,Jun,1,,1,10042
68732,Jun,1,,1,10042
68733,Apr,1,,1,10042
68735,Sep,1,,1,10042
68736,May,1,,1,10042
68737,Jun,0.5,,2,10042
68738,Jun,1,,1,10651
68739,Jun,1,,1,10042
68741,Jun,1,,1,10042
68744,Jul,1,,1,10042
68745,Jun,1,,1,10651
68747,Aug,0.5,,2,10042
68748,May,1,,1,10042
68749,Aug,1,,1,10042
68750,Aug,1,,1,10042
68751,Aug,1,,2,"10042,10651"
68752,Aug,1,,1,10042
68753,Aug,1,,1,10042
68754,Jun,1,,1,10042
68755,Jun,0.5,,2,10651
68756,Mar,1,,1,10042
68757,Aug,1,,1,10042
68758,May,1,,1,10042
68760,May,1,,1,10042
68763,Aug,1,,1,10042
68764,Jun,1,,1,10042
68766,Jun,1,,1,10042
68767,Jun,1,,1,10042
68768,Jun,1,,1,10042
68769,Aug,1,,1,10042
68770,Aug,1,,1,10042
68771,Jul,1,,1,10042
68772,Aug,1,,1,10042
68773,May,1,,1,10042
68774,Jun,1,,1,10042
68775,Sep,1,,1,10042
68776,Jul,1,,1,10042
68777,Apr,1,,1,10042
68778,Aug,1,,1,10042
68779,May,1,,1,10042
68780,Jun,1,,1,10042
68781,May,1,,1,10042
68782,May,1,,1,10042
68783,Jul,1,,1,10042
68784,Sep,1,,1,10042
68785,Sep,1,,1,10042
68786,Jul,1,,1,10042
68787,Jun,1,,1,10042
68788,May,1,,1,10042
68789,Jun,1,,1,10042
68790,Jul,1,,1,10042
68791,Aug,1,,1,10042
68792,Aug,0.5,,2,10651
68793,Aug,0.5,,2,10042
68794,Jun,1,,1,10042
68795,Jul,1,,1,10042
68796,Jul,1,,1,10042
68797,Jun,1,,1,10042
68798,Jul,1,,1,10042
68799,Aug,0.5,,2,10042
68800,May,1,,1,10042
68801,Apr,0.5,,2,10651
68802,May,1,,1,10042
68803,Aug,1,,1,10042
68804,Jul,0.5,,2,10651
68805,Jul,1,,1,10042
68806,Aug,1,,1,10042
68807,Aug,1,,1,10042
68808,Jun,1,,1,10042
68810,Jul,1,,1,10042
68811,Aug,0.5,,2,10042
68813,May,1,,1,10042
68814,Jun,1,,1,10042
68816,Jun,1,,1,10042
68817,Jul,1,,1,10042
68818,Jun,1,,1,10042
68820,Jul,0.5,,2,10042
68821,Jul,1,,1,10042
68822,Jul,1,,1,10042
68823,Jul,1,,1,10042
68824,Jul,1,,2,"10042,10651"
68825,Jul,1,,2,"10042,10651"
68826,Jul,1,,1,10042
68827,Aug,0.5,,2,10042
68831,May,1,,1,10042
68832,Jul,1,,1,10042
68833,Jul,1,,1,10042
68834,Apr,1,,1,10042
68835,Jul,1,,1,10042
68836,Jun,1,,1,10042
68837,Jun,1,,1,10042
68838,Apr,0.5,,2,10097
68840,Jun,1,,1,10042
68841,Jun,1,,1,10042
68844,Jun,0.667,,3,"10042,10651"
68845,Jul,1,,1,10042
68846,Jul,1,,1,10042
68848,Jul,1,,1,10042
68849,Jun,1,,1,10042
68850,Jul,1,,1,10042
68851,Jun,1,,1,10042
68852,Apr,1,,1,10042
68853,Jun,1,,1,10042
68854,May,1,,1,10042
68855,May,1,,1,10042
68856,Apr,0.5,,2,10042
68857,Jun,1,,2,"10042,10651"
68858,May,1,,1,10042
68860,Mar,1,,1,10042
68861,Jun,1,,1,10042
68862,May,1,,1,10042
68863,Jul,1,,1,10042
68864,Apr,1,,1,10042
68865,Apr,1,,1,10042
68866,May,1,,1,10042
68867,May,1,,2,"10042,10651"
68870,Jun,1,,1,10042
68983,variable,1,,1,10053
69056,Mar,1,,1,10053
69329,Aug,1,,1,10320
70447,Jul,1,,1,10651
70449,May,1,,1,10651
70450,May,1,,1,10651
70451,Jun,1,,1,10651
70453,Aug,1,,1,10651
70454,Jun,1,,1,10651
70455,Jul,1,,1,10651
70464,Jul,1,,1,10651
70465,Jun,1,,1,10651
70466,Jul,1,,1,10651
70472,Aug,1,,1,10651
70481,May,1,,1,10651
70482,Jul,1,,1,10651
70484,Jun,1,,1,10651
70485,Apr,0.333,,3,10651
70489,Jun,1,,1,10651
70491,Jul,0.5,,2,10651
70493,Apr,1,,1,10651
70497,Apr,1,,1,10651
70498,May,1,,1,10651
70504,Jun,1,,1,10651
70505,Jun,1,,1,10651
70506,May,1,,1,10651
70508,Jun,1,,1,10651
70511,Jun,1,,1,10651
70515,Jun,1,,1,10651
70518,Apr,1,,1,10651
70520,Jun,1,,1,10651
70527,Jun,1,,1,10651
70530,Jul,0.5,,2,10651
70533,Jun,1,,1,10651
70535,Jun,1,,1,10651
70541,Jul,1,,1,10651
70543,Aug,1,,1,10651
70544,Aug,1,,1,10651
70545,Aug,1,,1,10651
70546,Aug,1,,1,10651
70547,Sep,1,,1,10651
70551,Aug,1,,1,10651
70552,Aug,1,,1,10651
70556,Jun,1,,1,10651
70560,Jul,1,,1,10302
70565,Jul,1,,1,10651
70566,Jun,1,,1,10651
70570,Jun,1,,1,10651
70571,May,1,,1,10292
70572,Jul,1,,1,10651
70578,Jul,1,,1,10651
70579,Jul,1,,1,10651
70582,Jun,1,,1,10651
70583,May,1,,1,10651
70588,Jul,0.5,,2,10651
70590,May,1,,1,10651
70596,Jun,1,,1,10651
70597,Jun,1,,1,10651
70605,Jul,1,,1,10651
70606,Jul,1,,1,10651
70608,Jul,1,,1,10651
70616,Apr,1,,1,10651
70618,Aug,1,,1,10651
70623,Jul,1,,1,10651
70625,Aug,0.5,,2,10651
70626,Jul,1,,1,10651
70630,Jul,1,,1,10651
70631,Jul,1,,1,10651
70633,Jun,1,,1,10651
70634,Jul,0.5,,2,10651
70635,Jul,1,,1,10651
70641,Jul,1,,1,10651
70645,Jun,1,,1,10651
70646,Jun,1,,1,10651
70649,May,1,,1,10651
70651,Jun,1,,1,10651
70654,Jun,1,,1,10651
70663,May,1,,1,10651
70664,Jun,1,,1,10651
70665,May,1,,1,10651
70666,Jun,1,,1,10651
70667,Jun,1,,1,10651
70668,Apr,1,,1,10651
70670,Jun,1,,1,10651
70675,Jun,1,,1,10651
70676,Jun,1,,1,10651
70678,Jun,1,,1,10651
70683,Jun,1,,1,10651
70685,Jun,1,,1,10651
70688,May,1,,1,10651
70689,Jun,1,,1,10651
70691,Jun,0.5,,2,10651
70694,Apr,1,,1,10651
70697,May,1,,1,10651
70702,May,1,,1,10651
70703,Jun,1,,1,10651
70705,Jul,1,,1,10651
70710,Jul,1,,1,10651
70712,Jun,1,,1,10651
70713,Jun,1,,1,10651
70719,Jul,1,,1,10651
70722,Jun,1,,1,10651
70727,May,1,,1,10651
70741,Jul,1,,1,10651
70750,Jun,1,,1,10651
70752,Jun,0.5,,2,10651
70757,Jul,1,,1,10651
70763,Jun,1,,1,10651
70764,May,1,,1,10651
70769,Jun,1,,1,10651
70771,Jul,1,,1,10651
70775,Apr,0.5,,2,10651
70778,Jul,1,,2,"10302,10651"
70779,Jun,1,,1,10651
70781,May,1,,1,10651
70783,Jul,1,,1,10651
70785,Jul,1,,1,10651
70789,Jul,1,,1,10651
70790,Jul,1,,1,10651
70795,Aug,1,,2,"10302,10651"
70797,Jul,1,,1,10651
70798,Jul,1,,1,10651
70799,May,1,,1,10651
70802,Jul,1,,1,10651
70805,Mar,1,,1,10651
70806,Apr,1,,1,10651
70807,Jun,1,,1,10651
70808,Jun,1,,1,10651
70816,Jul,1,,1,10651
70820,Jun,1,,1,10651
70821,Jul,1,,1,10651
70822,Jul,1,,1,10651
70824,Jul,1,,1,10651
70826,Jul,0.5,,2,10651
70828,Jun,1,,1,10651
70829,Jul,0.5,,2,10651
70830,Jul,1,,1,10651
70834,Jul,1,,1,10651
70838,Jul,1,,1,10651
70839,Jul,1,,1,10651
70841,Jul,1,,1,10651
70845,Jul,0.5,,2,10651
70846,Jun,0.5,,2,10651
70847,Jul,1,,1,10651
70850,Jul,0.5,,2,10651
70854,Jul,1,,1,10651
70859,Jul,1,,1,10651
70861,Jun,1,,1,10651
70864,Jun,1,,1,10651
70865,Apr,1,,1,10651
70871,Apr,1,,1,10651
70872,Jun,1,,1,10651
70873,Jun,1,,1,10651
70874,Jun,1,,1,10651
70877,Jul,1,,1,10651
70878,Jun,1,,1,10651
70879,Jun,1,,1,10651
70885,May,1,,1,10651
70893,Jul,1,,1,10651
70894,Jun,1,,1,10651
70895,Jul,1,,1,10651
70896,Jul,1,,1,10651
70900,Jun,1,,1,10651
70902,Jul,1,,1,10651
70907,Aug,0.5,,2,10651
70908,Jul,1,,1,10651
70911,Jul,1,,1,10651
70918,Jun,1,,1,10651
70920,Jul,1,,1,10651
70922,Jul,1,,1,10651
70929,Jul,1,,1,10651
70931,Jul,0.5,,2,10651
70932,Apr,1,,1,10651
70934,Apr,1,,1,10651
70938,Jun,1,,1,10651
70939,Jun,1,,1,10651
70941,May,1,,1,10651
70947,Jun,1,,1,10651
70950,Jun,1,,1,10651
70951,Jun,1,,1,10651
70953,Jul,0.5,,2,10651
70954,Jul,1,,1,10651
70957,Jul,1,,1,10651
70958,Aug,1,,1,10651
70967,Jul,1,,1,10651
70972,Apr,0.5,,2,10651
70973,Jul,1,,1,10651
70977,Jul,1,,1,10651
70986,Jun,1,,2,"10302,10651"
70987,May,1,,1,10651
70988,May,1,,1,10651
70991,Jul,1,,1,10651
70993,Jul,1,,1,10651
70996,May,1,,1,10651
70997,Jul,1,,1,10651
70999,Dec,0.5,,2,10302
71000,Jul,1,,1,10651
71005,Jun,1,,1,10651
71007,Apr,0.333,,3,10651
71008,Jun,1,,1,10651
71010,Jul,0.5,,2,10651
71011,May,1,,1,10651
71014,Jul,1,,1,10651
71016,Jul,1,,1,10651
71019,Dec,0.5,,2,10302
71023,Jun,1,,1,10651
71024,Jul,0.5,,2,10651
71025,Jun,1,,1,10651
71031,Jun,1,,1,10651
71039,Aug,0.5,,2,10651
71042,May,1,,1,10651
71051,Aug,1,,1,10651
71053,Jun,1,,1,10651
71055,Jun,1,,1,10651
71057,Jun,1,,1,10651
71060,Jun,1,,1,10651
71065,Jun,1,,1,10651
71067,Jun,1,,1,10651
71071,Aug,1,,1,10651
71072,Jun,1,,1,10651
71073,Jun,1,,1,10651
71074,Jun,1,,1,10651
71075,Jun,1,,1,10651
71081,Jun,1,,1,10651
71082,Jun,1,,1,10651
71085,Jul,1,,1,10651
71086,Jul,0.5,,2,10651
71087,Jun,1,,1,10651
71090,Jun,1,,1,10651
71093,Jun,1,,1,10651
71099,Jul,1,,1,10651
71103,Jun,1,,1,10651
71104,Jun,1,,1,10651
71110,Jun,1,,1,10651
71111,Jul,0.5,,2,10651
71116,Jun,1,,1,10651
71118,Mar,0.5,,2,10651
71121,May,1,,1,10651
71122,Apr,1,,1,10651
71123,May,1,,1,10651
71129,Jul,1,,1,10651
71142,Apr,1,,1,10651
71145,Mar,1,,1,10651
71157,Jul,1,,1,10651
71159,Jun,0.5,,2,10651
71161,Jul,0.5,,2,10651
71162,Jul,1,,1,10651
71197,Sep,1,,1,10053
71218,May,1,,1,10053
71295,Apr,1,,1,10053
73848,Jul,1,,1,10302
77296,Aug,1,,1,10651
77300,Jul,1,,1,10651
77304,Aug,1,,1,10651
77306,Jul,1,,1,10651
77308,May,1,,1,10651
77312,Apr,1,,1,10302
77314,Jul,1,,1,10651
77315,Jul,1,,1,10651
77317,May,1,,1,10651
77318,Jul,1,,1,10651
77319,Jul,1,,1,10651
77322,Aug,1,,1,10651
77324,Aug,0.5,,2,10651
77325,Aug,1,,1,10651
77326,Jun,1,,1,10651
77327,Jul,1,,2,"10302,10651"
77329,Jun,1,,1,10651
77330,Jun,1,,1,10651
77331,Aug,1,,1,10651
77333,Jul,1,,2,"10315,10651"
77335,Jun,0.5,,2,10651
77336,Jul,1,,1,10651
77337,Jul,1,,1,10651
77338,Jul,0.5,,2,10651
77339,Jul,0.5,,2,10651
77340,Jun,1,,1,10651
77341,Jun,1,,1,10651
77342,Jul,1,,1,10651
77343,Jun,1,,1,10651
77344,Apr,1,,1,10651
77345,Jul,1,,1,10651
77353,Jan,1,,1,10651
77354,Jun,1,,1,10651
77356,Jun,1,,1,10651
77359,Jun,1,,1,10651
77366,Jul,1,,1,10651
77367,Jun,1,,1,10651
77370,Jun,1,,1,10651
77373,Aug,1,,1,10651
77374,Jul,1,,1,10651
77375,Jun,1,,1,10651
77377,Jun,1,,1,10651
77378,May,1,,1,10651
77379,Jul,1,,1,10651
77380,Jul,1,,1,10651
77381,Jun,1,,1,10651
77382,Jul,1,,1,10651
77383,Jul,1,,1,10651
77384,Jun,1,,1,10651
77387,Jun,1,,1,10651
77389,Jul,1,,1,10651
77390,Jun,1,,1,10651
77391,Jul,1,,1,10651
77392,Jun,1,,1,10651
77395,Jun,1,,1,10651
77396,Jul,1,,1,10651
77397,Jun,1,,1,10651
77398,Jun,1,,1,10651
77401,Jun,1,,1,10651
77402,Jul,1,,1,10651
77405,Jul,1,,1,10651
77406,Jun,1,,1,10651
77408,Jun,1,,1,10651
77409,Jun,1,,1,10651
77411,Jun,1,,1,10651
77413,Jul,1,,1,10651
77414,Jul,1,,1,10651
77415,Jul,0.5,,2,10651
77416,Jul,1,,1,10651
77417,Jun,1,,1,10651
77419,May,1,,1,10651
77422,Aug,1,,1,10651
77426,Jun,1,,1,10651
77429,Aug,1,,1,10651
77431,Jul,0.5,,2,10651
77433,Jul,1,,1,10651
77436,Jun,1,,1,10651
77439,Jun,1,,1,10651
77444,May,1,,1,10651
77446,Jul,1,,1,10651
77447,Jul,1,,1,10651
77448,Jul,1,,1,10651
77450,Jul,1,,1,10651
77451,Jun,1,,1,10651
77453,Jun,1,,1,10651
77454,Jun,1,,1,10651
77459,Jun,1,,1,10651
77460,Jul,1,,1,10651
77462,Jul,1,,1,10651
77463,Jul,1,,1,10651
77464,Jul,0.5,,2,10651
77465,Jun,1,,1,10651
77471,Aug,1,,1,10651
77473,Aug,0.5,,2,10651
77477,Aug,1,,1,10651
77481,Jul,1,,1,10651
77486,Jun,1,,1,10651
77489,Jul,0.5,,2,10651
77492,Jun,1,,1,10651
77493,Jun,1,,1,10651
77494,Jun,1,,1,10651
77497,Jun,0.5,,2,10651
77498,Aug,1,,1,10651
77499,Jun,1,,1,10651
77503,Jun,1,,1,10651
77504,May,1,,1,10651
77505,May,1,,1,10651
77506,Jun,1,,1,10651
77510,Aug,1,,1,10651
77511,Jul,1,,1,10651
77512,Jun,1,,1,10651
77513,Jun,1,,1,10651
77514,Jun,1,,1,10651
77515,Jun,1,,1,10651
77516,Jun,1,,1,10651
77517,May,1,,1,10651
77519,May,1,,2,"10302,10651"
77520,Jun,1,,1,10651
77522,May,1,,1,10651
77525,Jun,1,,1,10651
77527,Jul,1,,1,10651
77537,Aug,1,,1,10651
77540,Jun,1,,1,10651
77541,Jun,1,,1,10651
77542,Jul,1,,1,10651
77547,Jul,1,,1,10651
77548,Jul,1,,1,10651
77552,Jul,1,,1,10651
77553,Jul,1,,1,10651
77555,Jun,1,,1,10651
77556,Jul,0.5,,2,10651
77557,Jul,1,,1,10651
77563,Jun,1,,1,10651
77564,Jun,1,,1,10651
77565,Jul,1,,1,10651
77566,Jul,1,,1,10651
77571,Jun,1,,1,10651
77573,Jul,1,,1,10651
77575,Jun,1,,1,10651
77577,Aug,1,,1,10651
77578,May,1,,1,10651
77581,Jul,1,,1,10651
77582,Jul,1,,1,10302
77583,Jul,0.5,,2,10302
77587,Jun,1,,1,10651
77588,Jun,1,,2,"10302,10651"
77589,Apr,1,,3,"10302,10315,10651"
77593,Jul,1,,1,10302
77596,Jul,1,,1,10302
77597,Jul,1,,1,10302
77602,Jun,1,,1,10302
77603,Jul,1,,1,10302
77606,Jun,1,,1,10302
77610,Jun,1,,1,10302
77614,Jul,0.5,,2,10651
77615,Jul,1,,1,10302
77618,Aug,1,,1,10302
77624,Jun,1,,1,10302
77625,May,1,,1,10302
77628,Jun,1,,1,10302
77629,Jun,1,,1,10302
77632,Aug,1,,1,10302
77635,May,1,,1,10302
77636,Jul,1,,1,10302
77638,Jul,1,,1,10302
77642,May,0.667,,3,"10302,10651"
77643,Jun,1,,1,10302
77645,Apr,0.5,,2,10302
77648,Jun,1,,1,10302
77650,Jun,1,,1,10302
77655,Jun,1,,1,10302
77656,Apr,1,,1,10302
77658,May,1,,1,10302
77659,May,1,,1,10302
77663,Jul,1,,1,10302
77665,Jun,1,,1,10302
77667,Jun,1,,1,10302
77669,Jul,1,,1,10302
77670,Jul,0.5,,2,10302
77671,Jul,1,,1,10651
77673,Jul,1,,1,10302
77674,Jul,1,,1,10302
77676,Jul,1,,1,10651
77678,Jul,0.5,,2,10651
77679,Jun,0.5,,2,10651
77681,May,1,,1,10302
77682,May,1,,1,10302
77683,Jul,0.5,,2,10302
77684,Jul,1,,1,10302
77689,Jul,1,,1,10302
77690,Jul,1,,2,"10302,10651"
77691,Jul,0.5,,2,10302
77693,Jul,1,,1,10302
77694,Apr,1,,2,"10302,10315"
77697,Jun,0.5,,2,10651
77698,May,1,,1,10651
77699,Apr,0.5,,2,10651
77702,Jul,1,,1,10302
77703,Jul,1,,1,10302
77707,Jul,1,,1,10302
77710,Jul,1,,1,10302
77712,Jul,1,,1,10302
77714,Jun,1,,1,10302
77715,Dec,1,,1,10302
77716,Dec,0.5,,2,10302
77717,Jun,1,,1,10302
77719,Jul,0.5,,2,10302
77720,May,1,,1,10651
77721,Jul,1,,1,10302
77723,Jun,1,,1,10302
77724,May,1,,1,10302
77725,Jul,1,,1,10651
77727,Jul,1,,1,10302
77729,Aug,1,,1,10302
77731,Jul,0.5,,2,10302
77737,Jul,1,,1,10302
77738,Jul,1,,1,10302
77742,Jul,1,,1,10302
77744,Jul,0.5,,2,10651
77747,May,1,,1,10651
77749,Jun,1,,1,10315
77750,Jul,1,,1,10302
77753,Aug,0.25,,4,10651
77754,Jul,1,,1,10302
77755,May,1,,1,10651
77756,Apr,1,,1,10302
77757,Jul,0.5,,2,10302
77759,Jun,1,,1,10302
77764,Jul,1,,1,10302
77765,May,1,,1,10302
77772,Jun,1,,1,10302
77773,May,1,,1,10302
77774,Jul,1,,1,10302
77775,Apr,1,,1,10651
77780,Jun,1,,1,10302
77791,Jun,1,,1,10302
77793,Jul,1,,1,10302
77796,Jul,1,,1,10302
77797,Jul,1,,1,10302
77798,Jul,1,,1,10302
77799,Jun,1,,1,10302
77800,Jul,1,,1,10302
77802,Jul,1,,1,10302
77803,Jun,1,,1,10302
77804,Jul,1,,1,10302
77805,Jul,1,,1,10302
77807,Jul,1,,1,10302
77810,Jun,0.5,,2,10651
77811,Apr,1,,1,10302
77813,Apr,0.333,,3,10302
77815,May,1,,1,10651
77817,Jul,1,,1,10651
77820,Jun,1,,1,10302
77822,Jul,1,,1,10302
77824,Jun,0.5,,2,10302
77825,Jun,1,,2,"10302,10651"
77826,Apr,1,,1,10302
77828,Apr,1,,1,10302
77830,Mar,1,,1,10302
77835,Apr,1,,2,"10302,10651"
77838,May,1,,1,10651
77840,May,1,,1,10651
77843,May,1,,1,10302
77847,May,1,,1,10302
77854,Jun,1,,1,10302
77881,Jun,1,,1,10651
77884,Jul,1,,1,10302
77885,Jun,1,,1,10302
77887,May,1,,1,10302
77888,Jun,1,,1,10302
77889,Dec,1,,1,10302
77890,Jul,1,,1,10292
77892,Jul,1,,1,10302
77894,May,1,,1,10302
77896,Jun,1,,1,10302
77898,Jun,1,,1,10302
77899,May,1,,1,10302
77901,Aug,1,,1,10651
77903,Apr,0.5,,2,10651
77904,Jun,1,,1,10302
77908,Jul,1,,1,10302
77909,Aug,1,,1,10651
77910,Jun,0.5,,2,10302
77912,Jul,0.667,,3,"10302,10651"
77913,Jul,1,,2,"10302,10651"
77921,May,1,,1,10302
77922,May,1,,1,10302
77923,Jul,1,,1,10651
77924,Jun,1,,1,10302
77928,Jul,1,,3,"10302,10315,10651"
77929,Jun,1,,1,10302
77930,May,1,,1,10302
77934,Jun,1,,1,10302
77935,Jun,1,,1,10302
77939,Jun,1,,1,10302
77940,Jul,1,,1,10302
77942,Jul,0.5,,2,10302
77991,Apr,1,,1,10651
78001,May,1,,1,10651
78009,May,1,,1,10651
78042,Dec,1,,1,10053
78087,Jun,1,,1,10651
78272,Apr,1,,1,10651
78287,Apr,0.5,,2,10651
78405,May,1,,1,10292
78536,Jul,0.5,,2,10651
78577,Apr,1,,1,10053
78936,May,1,,1,10651
78937,Apr,1,,1,10651
78938,Jun,1,,1,10651
78940,May,1,,1,10651
79058,Oct,1,,1,10320
79064,Aug,1,,1,10320
79066,Nov,1,,1,10320
79067,Aug,1,,1,10320
79106,Jan,1,,1,10320
79121,Nov,1,,1,10320
79129,Jan,1,,1,10320
79135,Nov,1,,1,10320
79157,Aug,1,,1,10320
79178,Jul,1,,1,10320
79183,Jan,1,,1,10320
79187,Sep,1,,1,10320
79191,Oct,1,,1,10320
79198,Dec,1,,1,10320
79568,Jul,1,,1,10320
79570,Aug,1,,1,10320
79571,Jul,1,,1,10320
79572,Jul,1,,1,10320
79574,Aug,1,,1,10320
79579,Nov,1,,1,10320
79633,Dec,1,,1,10320
79634,Jul,1,,1,10320
79635,Jul,1,,1,10320
79646,Aug,1,,1,10320
79666,Aug,1,,1,10320
79684,Jun,1,,1,10320
79685,Jun,1,,1,10320
79690,Sep,1,,1,10320
79736,Aug,1,,1,10320
79737,Aug,1,,1,10320
79739,Sep,1,,1,10320
79742,Jul,1,,1,10320
79754,Oct,1,,1,10320
79757,Oct,1,,1,10320
79761,Oct,1,,1,10320
79794,Oct,1,,1,10320
79795,Dec,1,,1,10320
79797,Sep,1,,1,10320
79798,Sep,1,,1,10320
79803,Dec,1,,1,10320
79804,Sep,1,,1,10320
79805,Dec,1,,1,10320
79807,Aug,1,,1,10320
79829,Jan,1,,1,10320
79830,Jan,1,,1,10320
79837,Sep,1,,1,10320
79838,Oct,1,,1,10320
79846,Nov,0.5,,2,10320
79856,Aug,1,,1,10320
79857,Aug,0.5,,2,10320
79921,Jun,1,,1,10651
79933,Jun,1,,1,10651
79937,Aug,0.5,,2,10315
79940,Aug,1,,1,10097
79941,Jun,0.5,,2,10651
79944,Apr,1,,1,10651
79948,May,1,,1,10651
79971,Jun,1,,1,10042
79977,May,1,,1,10651
79992,Jun,1,,1,10651
80059,Jun,1,,1,10042
80066,Jun,1,,1,10651
80074,Jul,1,,1,10651
80078,Jun,1,,1,10651
80099,Jul,1,,1,10651
81390,Jun,1,,1,10651
81520,Jun,1,,1,10651
81552,Jul,1,,1,10651
81722,Apr,0.5,,2,10302
81790,Jun,1,,1,10302
81818,Feb,1,,1,10342
81819,May,1,,1,10651
81966,Jun,1,,1,10651
81996,Jun,0.5,,2,10651
82026,May,1,,1,10651
82113,Apr,1,,1,10651
82124,May,1,,1,10651
82162,Jul,1,,1,10302
82177,Jul,1,,1,10302
82297,May,1,,1,10651
82302,Jun,1,,1,10651
82337,May,1,,1,10651
82346,May,1,,1,10651
82515,Aug,1,,1,10302
83412,Jun,1,,1,10651
83423,Jun,0.5,,2,10651
83434,May,1,,1,10315
83442,Apr,1,,1,10302
83443,Apr,1,,1,10302
83464,Apr,1,,1,10651
83488,Apr,1,,1,10651
83489,Jun,1,,1,10651
83495,Jul,0.5,,2,10651
83514,Jun,1,,1,10651
83516,Apr,1,,1,10651
83526,May,1,,1,10651
83531,Jul,1,,1,10651
83534,May,1,,1,10651
83536,Jun,1,,1,10651
83552,Jun,1,,1,10651
83572,Apr,1,,1,10651
83584,Jun,1,,1,10651
83586,Jul,0.5,,2,10651
83587,Jun,1,,1,10651
83592,May,1,,1,10651
83594,Jun,1,,1,10651
83619,May,1,,1,10651
83622,Aug,1,,1,10651
83631,Jun,1,,1,10651
83643,Jul,1,,1,10651
83657,Mar,0.667,,3,"10302,10315"
83663,Jul,1,,1,10651
83674,Jul,0.5,,2,10651
83713,Jun,1,,1,10651
83721,Apr,0.5,,2,10651
83728,Jun,1,,1,10651
83738,Apr,1,,1,10651
83880,Apr,1,,1,10097
84319,variable,1,,1,10053
84348,Dec,1,,1,10053
84433,Jan,1,,1,10342
84440,Jul,1,,1,10651
84494,Apr,1,,1,10651
84519,Jun,1,,2,"10315,10651"
84520,Jun,1,,1,10651
84524,Jul,1,,1,10651
85577,Dec,0.5,,2,10302
86422,May,1,,1,10097
86991,Aug,1,,1,10320
87137,May,1,,1,10320
87407,Sep,1,,1,10320
87647,Jun,1,,1,10320
87672,Jun,1,,1,10651
88357,May,1,,1,10651
88545,Jun,1,,1,10320
88941,Nov,1,,1,10320
89429,Sep,1,,1,10320
89794,Mar,1,,1,10320
89799,Apr,1,,1,10320
90461,Apr,1,,1,10342
91545,Jul,1,,1,10651
91973,Mar,1,,1,10053
94003,Aug,1,,1,10651
95686,Aug,1,,1,10320
99374,Sep,1,,1,10320
102124,Dec,0.5,,2,10302
102125,Jun,1,,1,10651
102127,May,1,,1,10651
102129,Jun,1,,1,10651
102130,Jul,0.5,,2,10651
102132,Apr,1,,1,10651
102133,May,1,,1,10651
102135,Apr,1,,1,10651
102136,Apr,1,,1,10651
102137,Jun,1,,1,10651
102138,May,1,,1,10651
102141,Apr,0.5,,2,10651
102143,Jun,1,,1,10651
102144,May,1,,1,10651
102146,May,1,,1,10651
102149,Jul,1,,1,10651
102150,Apr,1,,1,10651
102151,Jun,1,,1,10651
102153,Jul,1,,1,10651
102154,Jul,1,,1,10651
102155,Jul,1,,1,10651
102156,Jul,1,,1,10651
102159,Jul,1,,1,10651
102160,Dec,0.5,,2,10302
102161,Jul,0.5,,2,10651
102162,Jun,1,,1,10651
102163,Jul,1,,1,10651
102164,Aug,1,,1,10651
102165,Jul,1,,1,10651
102166,Jun,1,,1,10651
102167,Jan,1,,1,10651
102168,Jul,1,,1,10651
102169,Jul,1,,1,10651
102170,Aug,1,,1,10302
102172,Aug,0.5,,2,10651
102173,Jul,1,,1,10651
102174,Jun,1,,1,10651
102177,Jun,1,,1,10651
102178,Jun,1,,1,10651
102179,Jun,1,,1,10651
102184,Jun,1,,1,10651
102187,May,1,,1,10651
102189,Apr,0.5,,2,10651
102190,Apr,1,,1,10651
102191,May,1,,1,10651
102192,Apr,1,,1,10651
102193,May,1,,1,10651
102194,Apr,1,,1,10651
102196,Jun,1,,1,10651
102197,Apr,1,,1,10651
102198,Jun,0.5,,2,10651
102199,Apr,1,,1,10651
102200,May,1,,1,10651
102201,Jun,1,,1,10651
102203,May,1,,1,10651
102204,Apr,0.5,,2,10651
102205,May,1,,1,10651
102206,Apr,0.5,,2,10651
102207,May,1,,1,10651
102208,Jun,1,,1,10651
102213,May,1,,1,10651
102215,May,1,,1,10651
102216,Apr,1,,1,10651
102217,May,1,,1,10651
102218,May,1,,1,10302
102220,Apr,1,,1,10651
102221,Jun,0.5,,2,10651
102222,Jun,1,,1,10651
102223,Apr,0.5,,2,10651
102224,Mar,1,,1,10651
102225,Jun,1,,1,10651
102227,May,1,,1,10651
102228,May,1,,1,10651
102229,Jun,1,,1,10651
102230,May,1,,1,10651
102231,Jun,1,,1,10651
102232,May,1,,1,10651
102234,Jul,1,,1,10651
102235,Jul,1,,1,10651
102236,Jul,1,,1,10651
102239,May,1,,1,10651
102240,Apr,0.5,,2,10651
102241,Jun,1,,1,10651
102242,May,1,,1,10651
102243,Jun,0.667,,3,"10302,10651"
102245,Jun,1,,1,10651
102247,May,1,,1,10651
102248,Apr,1,,1,10651
102250,May,1,,1,10651
102253,May,1,,1,10651
102254,May,1,,1,10651
102255,Jun,0.5,,2,10651
102256,May,1,,1,10651
102257,Jun,1,,1,10651
102258,Jun,1,,1,10651
102259,May,1,,1,10651
102260,Aug,1,,1,10651
102261,Aug,1,,1,10651
102262,May,1,,1,10651
102264,Jul,1,,1,10651
102265,Jul,1,,1,10651
102266,Jul,1,,1,10651
102267,Jul,1,,1,10651
102268,Aug,1,,1,10651
102270,Jun,0.5,,2,10651
102271,Aug,0.5,,2,10651
102277,Jun,1,,1,10651
102278,Jun,1,,1,10651
102279,May,1,,1,10651
102280,May,1,,1,10651
102297,Aug,1,,1,10651
102299,May,1,,1,10651
102302,Jul,1,,1,10651
102303,May,1,,1,10651
102304,May,1,,1,10651
102305,Jun,0.5,,2,10651
102306,May,1,,1,10651
102314,Jul,0.5,,2,10302
102315,Jun,1,,1,10651
102318,Jun,1,,1,10651
102319,Jun,1,,1,10651
102320,Jul,1,,1,10651
102323,Jul,1,,1,10042
102324,Jul,1,,1,10651
102325,May,1,,1,10651
102326,Jul,1,,1,10651
102327,May,1,,1,10651
102337,May,1,,1,10651
102339,Jun,1,,1,10651
102340,Jun,1,,1,10651
102341,Jun,1,,1,10651
102342,Jul,1,,1,10651
102346,Dec,0.5,,2,10302
102348,Jul,1,,1,10651
102349,Jun,1,,1,10651
102350,May,1,,1,10651
102351,Jul,0.5,,2,10651
102354,Jun,1,,1,10651
102356,Jul,0.5,,2,10651
102357,Jul,1,,1,10651
102360,Jul,0.5,,2,10651
102364,Jun,1,,1,10651
102366,Jul,1,,1,10651
102367,Jun,1,,1,10651
102369,May,1,,1,10651
102371,Jul,0.333,,3,10651
102372,Aug,1,,1,10651
102373,Aug,1,,1,10651
102375,Jul,1,,1,10651
102377,Aug,1,,1,10651
102378,Jul,1,,1,10651
102380,Jul,1,,1,10651
102382,Jul,0.5,,2,10651
102383,Jul,1,,1,10651
102384,Apr,1,,1,10651
102385,Jun,1,,2,"10302,10651"
102386,Jul,1,,1,10651
102387,Jul,1,,1,10651
102388,Jul,1,,1,10651
102389,Jun,1,,1,10651
102390,Jul,1,,1,10651
102391,Jul,1,,1,10651
102392,Apr,1,,1,10651
102393,Jun,1,,1,10651
102394,Jun,1,,1,10651
102395,Mar,1,,1,10651
102396,May,1,,1,10651
102398,May,1,,1,10651
102399,May,1,,1,10651
102401,Apr,1,,1,10651
102402,Apr,1,,1,10651
102403,Apr,1,,1,10651
102404,May,1,,1,10651
102405,Apr,1,,1,10651
102406,Apr,1,,1,10651
102407,Jul,0.5,,2,10651
102408,Jul,0.5,,2,10651
102409,Apr,1,,1,10651
102410,May,1,,1,10651
102412,May,1,,1,10651
102413,May,1,,1,10651
102414,Apr,1,,1,10651
102416,Aug,1,,1,10651
102417,Apr,0.333,,3,10651
102418,Jun,1,,1,10651
102419,Apr,1,,1,10651
102424,Jun,1,,1,10651
102426,Jun,1,,1,10651
102427,Jul,1,,1,10651
102428,Jul,1,,1,10651
102429,Jul,1,,1,10651
102430,Jun,1,,1,10651
102433,Jul,1,,1,10651
102434,Jun,1,,1,10651
102437,Aug,0.5,,2,10651
102440,Jul,1,,1,10651
102442,May,1,,1,10651
102443,May,1,,1,10651
102445,Jul,0.5,,2,10651
102447,Jun,1,,1,10651
102451,Jul,1,,1,10651
102452,Jun,1,,1,10651
102453,Jun,1,,1,10651
102454,Jul,1,,1,10651
102455,Aug,1,,1,10651
102458,Jun,1,,1,10651
102459,May,1,,1,10651
102460,Jul,1,,1,10651
102461,May,1,,1,10651
102462,Apr,1,,1,10651
102463,Apr,0.5,,2,10651
102464,Jun,1,,1,10651
102465,Jun,1,,1,10651
102466,Jul,1,,1,10651
102467,Jun,1,,1,10651
102468,May,1,,1,10651
102469,Aug,1,,1,10651
102471,Apr,1,,1,10651
102472,May,1,,1,10651
102473,Jun,1,,1,10651
102474,Jun,0.5,,2,10651
102475,May,1,,1,10651
102476,May,1,,1,10651
102477,Jun,1,,1,10651
102479,May,1,,1,10651
102483,Jun,1,,1,10651
102487,Jun,1,,1,10651
102493,Jul,1,,1,10651
102494,Jul,1,,1,10651
102495,Jun,1,,1,10651
102498,Jun,1,,1,10651
102499,May,1,,1,10651
102501,May,1,,1,10651
102502,Jun,1,,1,10651
102503,Jun,1,,1,10651
102504,May,1,,1,10651
102505,May,1,,1,10651
102506,Jul,1,,1,10651
102507,Jun,1,,1,10651
102509,May,1,,1,10651
102510,May,1,,1,10651
102511,Jun,1,,1,10651
102514,Jun,1,,1,10651
102515,Apr,1,,1,10651
102516,Jun,1,,1,10651
102517,May,1,,1,10651
102518,May,1,,1,10651
102519,Jul,1,,1,10651
102520,Apr,1,,1,10651
102521,May,1,,1,10651
102522,Apr,0.5,,2,10651
102523,May,1,,1,10651
102524,Jun,1,,1,10651
102525,Jun,1,,1,10651
102527,Apr,0.5,,2,10651
102528,Jun,1,,1,10651
102529,Jun,1,,1,10651
102530,Jun,1,,1,10651
102531,Jun,1,,1,10651
102532,Jun,1,,1,10651
102533,Aug,1,,1,10651
102534,Aug,0.5,,2,10651
102537,Jun,1,,1,10651
102538,Jun,1,,1,10651
102539,Jun,1,,1,10651
102541,May,1,,1,10651
102542,Jun,1,,1,10651
102543,Jun,1,,1,10651
102544,Jun,1,,1,10651
102545,Jun,1,,1,10651
102546,May,1,,1,10651
102548,Jun,1,,1,10651
102549,May,1,,1,10651
102550,May,1,,1,10651
102551,Jun,1,,1,10651
102552,Jun,1,,1,10651
102553,Jun,0.5,,2,10651
102554,Jun,1,,1,10651
102555,Jul,0.5,,2,10651
102557,Jun,1,,1,10651
102560,Jun,1,,1,10651
102561,May,1,,1,10651
102563,Jun,1,,1,10651
102564,Jun,1,,1,10651
102565,Jun,0.5,,2,10651
102566,Jul,1,,1,10651
102567,Jul,1,,1,10651
102568,Jun,1,,1,10651
102569,May,1,,1,10651
102571,Jul,1,,1,10651
102572,Jun,1,,1,10651
102573,Jun,1,,1,10651
102574,Jun,1,,1,10651
102576,Jun,1,,1,10651
102577,Jun,1,,1,10651
102578,Jun,1,,1,10651
102579,Jun,1,,1,10651
102580,May,1,,1,10651
102581,Jun,1,,1,10651
102583,Jun,1,,1,10651
102584,May,1,,1,10651
102585,Jul,1,,1,10651
102586,Jun,1,,1,10651
102587,May,1,,1,10651
102588,May,1,,1,10651
102589,May,1,,1,10651
102590,May,1,,1,10651
102591,May,1,,1,10651
102593,Jul,0.5,,2,10651
102594,Jun,1,,1,10651
102595,Jul,1,,1,10651
102596,Jul,1,,1,10651
102597,Jul,1,,1,10651
102600,Jul,1,,1,10651
102601,Jul,1,,1,10651
102602,Jun,1,,1,10651
102603,Apr,0.5,,2,10651
102604,May,1,,1,10651
102607,Jun,1,,1,10651
102608,Jul,1,,1,10651
102609,Jun,1,,1,10651
102610,Jun,1,,1,10651
102612,Jul,1,,1,10651
102614,Jun,1,,1,10651
102617,Jun,0.5,,2,10651
102621,Jul,1,,1,10651
102622,Jun,1,,1,10651
102624,Jun,1,,1,10651
102625,Jun,1,,1,10651
102626,Jun,1,,1,10651
102627,Jul,1,,1,10651
102628,Jul,1,,1,10651
102629,Jun,1,,1,10651
102630,Jun,1,,1,10651
102631,Jun,1,,1,10651
102632,Jun,1,,1,10651
102633,Jun,1,,1,10651
102634,Jul,0.5,,2,10651
102636,Jun,1,,1,10651
102638,Aug,1,,1,10651
102640,Aug,1,,1,10651
102641,Aug,1,,1,10651
102642,Aug,1,,1,10651
102643,Jul,1,,1,10651
102645,Jul,1,,1,10651
102646,Jul,1,,1,10651
102647,Jul,0.5,,2,10651
102648,Jun,1,,1,10651
102650,Jul,0.5,,2,10651
102653,Jul,1,,1,10651
102655,Jul,1,,1,10651
102656,Jul,1,,1,10651
102657,Jul,1,,1,10651
102659,Jul,0.5,,2,10651
102660,Jun,1,,1,10651
102661,Jul,1,,1,10651
102663,May,1,,1,10651
102668,Jun,1,,1,10651
102670,Jul,1,,1,10651
102671,Jul,1,,1,10651
102672,Jul,1,,1,10651
102674,May,1,,1,10651
102676,Apr,0.5,,2,10292
102677,Jul,1,,1,10651
102678,Jun,1,,1,10651
102679,Jul,1,,1,10651
102740,Jun,1,,1,10315
102745,May,1,,1,10315
102822,Sep,1,,1,10651
103022,Apr,1,,1,10651
103036,Jul,0.333,,3,10651
103395,Jul,0.4,,5,"10315,10651"
103997,Dec,1,,1,10302
105027,May,1,,1,10651
105485,Dec,1,,1,10302
105765,Jun,0.5,,4,"10302,10315"
106792,Apr,1,,1,10651
107363,Apr,1,,1,10651
111806,Oct,1,,1,10320
112792,Jul,0.667,,3,"10302,10651"
120283,Jul,1,,1,10651
120284,May,1,,1,10302
120761,Jul,1,,1,10651
120991,Dec,1,,1,10302
121832,Jun,0.5,,2,10651
122407,Jul,1,,1,10651
122489,May,1,,1,10651
122491,Apr,1,,1,10651
122960,Jun,1,,1,10292
123574,May,1,,1,10651
124074,Jun,0.667,,3,"10292,10651"
124101,May,1,,1,10292
124103,Jul,1,,1,10292
124163,Jul,0.5,,2,10302
124164,Apr,1,,1,10651
124170,May,1,,2,"10302,10651"
124173,May,1,,1,10302
124175,May,1,,1,10651
124178,Aug,0.5,,2,10651
124180,May,1,,2,"10302,10651"
124181,Jun,0.5,,2,10651
124186,Jun,1,,1,10651
124191,Jun,1,,1,10651
124200,Jun,1,,1,10651
124202,Jul,0.5,,2,10651
124211,Jun,1,,1,10651
124216,Jun,1,,1,10651
124222,Jun,1,,1,10651
124230,May,1,,1,10651
124235,Jul,0.5,,2,10651
124236,May,1,,1,10302
124241,Jun,1,,1,10651
124242,Jun,1,,1,10651
124243,May,1,,2,"10302,10651"
124246,Jun,1,,1,10651
124247,May,1,,1,10651
124250,May,1,,1,10651
124255,May,1,,1,10651
124256,May,1,,1,10651
124257,May,1,,1,10651
124276,May,1,,1,10651
124277,Jul,1,,1,10651
124279,May,1,,1,10651
124282,Apr,1,,1,10651
124284,May,1,,1,10651
124285,Jul,0.5,,2,10651
124287,Jun,1,,1,10651
124289,Jul,1,,1,10651
124294,Jun,1,,1,10651
124296,May,1,,1,10651
124297,Jun,1,,1,10651
124301,May,1,,1,10651
124304,Apr,1,,1,10651
124305,Apr,1,,1,10651
124309,Jul,1,,1,10651
124315,Jul,1,,1,10651
124316,Apr,1,,1,10651
124318,May,1,,1,10651
124323,Jun,1,,1,10651
124324,Jun,1,,1,10651
124325,Aug,1,,1,10651
124326,May,1,,1,10651
124330,Jun,1,,1,10651
124331,Jul,1,,1,10651
124332,Jul,1,,1,10651
124333,Apr,1,,1,10651
124334,Jun,1,,1,10651
124336,Jun,1,,1,10651
124337,Aug,1,,1,10651
124345,May,1,,1,10651
124347,Apr,1,,1,10651
124348,Aug,0.5,,2,10651
124350,Jun,1,,1,10651
124355,May,1,,1,10651
124356,May,1,,1,10651
124363,Jun,1,,1,10651
124366,Jun,1,,1,10651
124368,Jun,1,,1,10651
124374,Jun,1,,1,10651
124377,Jul,1,,1,10651
124378,Jun,1,,1,10651
124382,May,1,,1,10651
124388,Jun,1,,1,10651
124389,Jun,1,,1,10651
124395,Apr,0.5,,2,10651
124397,May,1,,1,10651
124403,May,1,,1,10651
124404,Aug,0.5,,2,10651
124405,Aug,1,,1,10651
124406,May,1,,1,10651
124407,Apr,1,,1,10651
124408,May,1,,1,10302
124410,Jun,1,,1,10651
124411,Jul,1,,1,10651
124413,Jun,1,,1,10651
124414,Jun,1,,1,10651
124416,May,1,,1,10651
124417,Jun,1,,1,10651
124419,Jun,1,,1,10651
124421,May,1,,1,10651
124427,Jun,1,,1,10651
124428,Jun,1,,1,10651
124431,Jul,0.5,,2,10651
124437,Aug,0.5,,2,10651
124446,Jun,1,,1,10651
124449,Jul,1,,1,10651
124453,Sep,1,,1,10651
124458,Jun,1,,1,10651
124554,Mar,1,,1,10053
124576,Feb,1,,1,10053
124654,Feb,1,,1,10053
124658,May,1,,1,10053
124675,May,1,,1,10053
124968,Dec,0.5,,2,10302
125536,Aug,1,,1,10651
125539,Jul,1,,1,10651
125540,May,1,,1,10651
125555,Jun,1,,1,10651
125560,May,1,,1,10651
125565,Jul,1,,1,10651
125566,Jul,1,,1,10651
125569,Aug,0.5,,2,10302
125570,Jul,1,,1,10302
125572,Jul,0.5,,2,10302
125574,May,1,,1,10651
125575,May,1,,1,10651
125630,May,1,,1,10292
125644,Aug,1,,1,10292
125683,Jun,1,,1,10651
125712,May,1,,1,10292
125728,Jul,1,,1,10651
125804,Jun,1,,1,10315
125824,Mar,1,,1,10292
125880,Jul,1,,1,10292
125881,Aug,1,,1,10292
125885,Jun,1,,1,10651
125887,May,1,,1,10292
125894,Apr,1,,1,10292
125896,Jun,1,,1,10651
125936,Jun,1,,1,10292
125966,Jun,1,,1,10292
126033,May,1,,1,10292
126044,Jul,1,,1,10651
126079,May,1,,1,10651
126090,Jun,1,,1,10292
126144,May,1,,1,10292
126162,May,1,,1,10292
126163,Apr,1,,1,10292
126165,Apr,0.5,,2,10292
126166,Dec,1,,1,10302
126171,Aug,1,,1,10292
126172,Jul,1,,1,10292
126176,May,1,,1,10651
126177,Jun,1,,1,10292
126180,Dec,1,,1,10302
126182,Mar,1,,1,10292
126186,Jun,1,,1,10292
126191,Jun,1,,1,10292
126193,May,1,,1,10292
126200,Apr,1,,1,10292
126201,May,1,,1,10292
126204,Apr,0.5,,2,10292
126210,Jul,0.5,,2,10651
126211,May,1,,1,10292
126212,May,1,,1,10292
126219,Jun,1,,1,10292
126220,May,1,,1,10292
126222,Mar,1,,1,10292
126229,May,1,,1,10292
126230,Jun,1,,1,10292
126233,Mar,1,,1,10292
126237,Aug,1,,1,10292
126238,Aug,1,,1,10292
126239,Jul,1,,1,10292
126241,Aug,1,,1,10292
126243,Sep,1,,1,10292
126244,Sep,1,,1,10651
126246,Aug,1,,1,10292
126249,Sep,1,,1,10292
126250,Aug,1,,1,10292
126258,May,1,,1,10292
126259,Apr,1,,1,10292
126260,Apr,1,,1,10292
126262,Apr,0.5,,2,10651
126263,Apr,1,,1,10292
126265,Aug,1,,1,10292
126270,May,1,,1,10292
126276,Jul,1,,1,10292
126279,May,1,,1,10292
126283,May,1,,1,10292
126284,Jul,1,,1,10292
126286,Dec,1,,1,10302
126292,Mar,1,,1,10292
126301,May,1,,1,10292
126305,May,1,,1,10292
126309,Apr,1,,1,10292
126315,May,1,,1,10315
126316,May,1,,1,10292
126317,May,1,,1,10292
126323,Mar,1,,1,10292
126324,Mar,1,,1,10292
126328,May,1,,1,10292
126330,Apr,1,,1,10292
126334,Apr,1,,1,10292
126335,May,1,,1,10292
126342,Apr,1,,1,10292
126349,Apr,1,,1,10292
126354,May,1,,1,10292
126355,May,1,,1,10292
126356,May,1,,1,10292
126365,Apr,1,,1,10292
126372,Apr,1,,1,10292
126375,May,1,,1,10292
126387,Apr,1,,1,10292
126388,Mar,1,,1,10292
126389,Mar,1,,1,10292
126390,Mar,1,,1,10292
126392,Jul,0.5,,2,10651
126394,Apr,1,,1,10292
126395,Jun,1,,2,"10292,10651"
126396,Apr,1,,1,10292
126397,Jun,1,,1,10292
126398,Jun,1,,1,10292
126405,Aug,1,,1,10292
126406,Jul,1,,1,10292
126413,May,1,,1,10292
126414,Jun,1,,1,10651
126417,Jul,1,,1,10292
126420,Jul,1,,1,10292
126423,Feb,1,,1,10292
126424,Jun,1,,1,10292
126428,Mar,1,,1,10292
126434,Jun,1,,1,10292
126436,Jul,1,,1,10292
126437,May,1,,1,10292
126439,May,1,,1,10292
126440,May,1,,1,10292
126444,Jun,1,,1,10651
126456,May,1,,1,10292
126477,Jul,1,,1,10292
126480,Apr,1,,1,10292
126482,Jun,1,,1,10292
126494,Mar,1,,1,10292
126506,Mar,1,,1,10292
126513,Jun,1,,1,10292
126529,Mar,1,,1,10292
126534,Aug,0.5,,2,10292
126539,Jun,1,,1,10292
126540,Mar,1,,1,10292
126543,Jul,1,,1,10651
126544,May,1,,1,10292
126545,Aug,1,,1,10292
126552,Jul,1,,1,10315
126553,Aug,1,,1,10292
126569,Sep,1,,1,10292
126570,Aug,1,,1,10292
126577,Apr,1,,1,10292
126589,Dec,0.5,,2,10302
126592,Jun,1,,1,10292
126594,Jul,1,,1,10292
126595,Jul,1,,1,10292
126596,Jul,1,,1,10292
126597,Jul,1,,1,10292
126598,Jul,1,,1,10292
126599,Jul,1,,1,10292
126600,Aug,0.667,,3,"10292,10302"
126602,Jul,1,,1,10292
126605,Apr,1,,1,10292
126606,Jul,1,,1,10292
126609,Jul,1,,1,10292
126611,Jun,1,,1,10302
126612,Aug,1,,1,10651
126616,May,1,,1,10292
126617,Mar,1,,1,10292
126618,Apr,1,,1,10292
126625,Jun,1,,1,10292
126626,Jun,1,,1,10292
126629,Jun,1,,1,10292
126630,May,1,,1,10292
126631,May,1,,1,10292
126632,May,1,,1,10292
126640,Dec,1,,1,10302
126663,Jul,1,,1,10292
126664,Aug,1,,1,10292
126665,Jul,1,,1,10292
126666,Jul,1,,1,10292
126668,Aug,1,,1,10292
126669,Jun,1,,1,10292
126671,Mar,1,,1,10292
126674,Jun,1,,1,10292
126678,Mar,1,,1,10292
126682,Jun,0.667,,3,"10292,10315"
126684,Jun,1,,1,10292
126687,Jun,1,,1,10651
126701,May,1,,1,10292
126702,Jun,1,,1,10292
126704,May,1,,1,10292
126707,Apr,1,,1,10292
126714,Jun,1,,1,10651
126715,Mar,1,,1,10292
126717,Jun,1,,1,10292
126718,Jul,1,,1,10292
126722,Apr,1,,1,10292
126723,Jun,1,,1,10292
126736,May,1,,1,10292
126740,Sep,1,,1,10292
126741,Aug,1,,1,10292
126745,Apr,1,,1,10292
126746,Jun,1,,1,10292
126749,Apr,1,,1,10292
126751,May,1,,1,10292
126755,Jun,1,,1,10651
126759,May,1,,1,10292
126760,Apr,1,,1,10292
126761,Aug,1,,1,10292
126764,May,1,,1,10292
126765,May,1,,1,10292
126771,Jul,1,,1,10292
126775,Jul,1,,1,10292
126778,Apr,1,,1,10292
126780,Jun,1,,1,10651
126784,Jun,1,,2,"10315,10651"
126785,Apr,1,,1,10292
126786,Apr,1,,1,10292
126787,May,1,,1,10292
126788,Jun,1,,1,10292
126809,Mar,1,,1,10292
126811,Apr,1,,1,10292
126813,May,1,,1,10292
126817,Apr,0.5,,2,10651
126824,May,1,,1,10292
126835,Aug,1,,1,10292
126845,Jul,1,,1,10292
126846,Jun,1,,1,10292
126847,Jun,1,,1,10292
126848,Jul,1,,1,10292
126866,May,1,,1,10292
126869,May,1,,1,10651
126872,May,1,,1,10651
126874,May,1,,1,10302
126880,Dec,0.5,,2,10302
126894,Jun,0.5,,2,10651
126906,Jun,1,,1,10292
126907,Dec,0.5,,2,10302
126908,Jul,1,,1,10292
126909,Jun,1,,1,10292
126914,Mar,1,,1,10292
126921,Mar,1,,1,10292
126935,Jun,1,,1,10651
126937,Jul,1,,1,10292
126938,Jun,1,,1,10292
126941,Aug,1,,1,10651
126942,May,1,,1,10292
126943,Apr,1,,1,10292
126947,May,1,,1,10651
126950,Jun,1,,1,10292
126951,Apr,1,,1,10292
126952,Jul,1,,1,10292
126953,Jul,1,,1,10292
126954,Jul,1,,1,10292
126962,Aug,1,,1,10292
126963,Aug,1,,1,10292
126964,Aug,1,,1,10292
126965,Jul,1,,1,10292
126966,Aug,1,,1,10292
126968,Aug,1,,1,10292
126987,Apr,1,,1,10292
126991,Apr,1,,1,10292
126993,Aug,1,,1,10292
126994,Sep,1,,1,10292
126995,Aug,1,,1,10292
126996,Aug,1,,1,10292
126997,Apr,1,,1,10651
126999,May,1,,1,10292
127002,May,1,,1,10292
127005,May,1,,1,10292
127016,May,1,,1,10292
127017,Jul,1,,1,10292
127024,Apr,1,,1,10292
127027,Mar,1,,1,10292
127028,Apr,1,,1,10292
127031,May,1,,1,10292
127035,Apr,1,,1,10292
127043,Jun,1,,1,10292
127044,Aug,1,,1,10292
127045,Aug,1,,1,10292
127046,May,1,,1,10292
127047,Jun,1,,1,10292
127048,Jul,1,,1,10292
127049,Jul,1,,1,10292
127050,Jun,1,,1,10292
127063,Apr,1,,1,10292
127067,Apr,0.5,,2,10292
127074,Jul,1,,1,10651
127075,May,1,,1,10292
127076,Apr,1,,1,10292
127141,Jun,1,,1,10302
127459,Jun,1,,1,10651
127925,Dec,0.5,,2,10302
128557,Jul,1,,1,10302
128581,Jul,0.5,,2,10651
128609,Jul,1,,1,10292
128632,Mar,1,,1,10292
128636,Jun,1,,1,10651
128642,May,1,,1,10292
128668,May,1,,1,10292
128719,Jun,1,,1,10651
128917,Mar,1,,1,10292
129095,Jun,1,,1,10651
129137,Jul,1,,1,10651
129277,Aug,1,,1,10292
129324,Apr,1,,1,10292
129333,Sep,1,,1,10292
129343,Jun,1,,1,10651
129353,Aug,1,,1,10292
129355,Aug,1,,1,10292
129365,Apr,1,,1,10292
129368,Sep,1,,1,10292
129371,Apr,1,,1,10292
129401,Jun,1,,1,10292
129432,Apr,1,,1,10292
129438,May,1,,1,10292
129455,Apr,1,,1,10292
129476,Jun,1,,1,10292
129485,Apr,0.5,,2,10292
129742,Aug,1,,1,10651
129749,Jul,1,,1,10651
129894,Apr,1,,1,10292
129901,Aug,1,,1,10292
129903,Apr,1,,1,10292
129946,May,1,,1,10292
130424,Jul,1,,1,10651
130432,Jul,1,,1,10651
130435,Jun,1,,1,10651
130445,Aug,1,,1,10651
130449,May,1,,1,10651
130467,May,1,,1,10651
130505,Aug,1,,1,10292
130583,Jun,1,,1,10651
130601,Jul,1,,1,10651
130615,Jun,1,,1,10651
130721,Jun,1,,1,10651
130779,Jun,1,,1,10651
130941,May,1,,1,10651
131023,May,1,,1,10292
131024,Jun,1,,1,10651
131027,Jul,1,,1,10651
131045,Jul,1,,1,10651
131073,Dec,1,,1,10302
131109,Jun,1,,1,10292
131114,May,1,,1,10302
131130,Jul,1,,1,10292
131132,Aug,1,,1,10292
131206,Jul,1,,1,10651
131233,Jun,1,,1,10651
131234,Dec,1,,1,10302
131236,Dec,1,,1,10302
131269,May,1,,1,10292
131288,Aug,1,,1,10292
131292,Jul,1,,1,10292
131293,Jul,1,,1,10292
131294,Jul,1,,1,10292
131307,Apr,1,,1,10292
131311,Apr,1,,1,10292
131322,Apr,1,,1,10292
131324,Jul,1,,1,10292
131332,Jun,1,,1,10292
131362,Mar,1,,1,10292
131368,Jan,1,,1,10292
131492,Jul,1,,1,10651
131493,Apr,0.5,,4,"10315,10651"
131500,Jul,1,,1,10651
131512,Jul,1,,1,10651
131574,Aug,1,,1,10651
131641,May,1,,1,10292
131645,Jul,1,,1,10292
131646,Sep,1,,1,10292
131647,Jul,1,,1,10651
131656,Jul,1,,1,10292
131678,Jun,1,,1,10292
131727,Jul,1,,1,10651
132178,Jun,1,,1,10651
132210,Jun,1,,1,10651
132321,May,1,,1,10651
132467,May,1,,1,10302
132582,Apr,1,,1,10292
132597,Jun,1,,1,10651
132601,Apr,1,,1,10292
132606,Jun,1,,1,10292
132609,Aug,1,,1,10292
132641,Jun,1,,1,10292
132668,Jul,1,,1,10292
132710,Aug,1,,1,10651
132720,Jun,1,,1,10651
132732,Jul,1,,1,10651
132757,May,1,,1,10651
132780,May,1,,1,10315
133133,Feb,1,,1,10053
133426,Jun,1,,1,10651
133444,Jun,1,,1,10651
133462,May,1,,1,10651
133491,Jul,1,,1,10651
133518,May,1,,1,10651
133525,Jun,1,,1,10651
133527,May,1,,1,10651
133535,Apr,1,,1,10651
133536,Apr,1,,1,10651
133537,Apr,0.5,,2,10651
133540,May,1,,1,10651
133543,Jul,1,,1,10651
133562,May,1,,1,10651
133566,Apr,1,,1,10651
133579,Jul,1,,1,10651
133583,Apr,1,,1,10651
133587,Jul,1,,1,10651
133606,Jul,1,,1,10651
133611,Jun,1,,1,10651
133617,Jun,1,,1,10651
133619,May,1,,1,10651
133624,Jul,1,,1,10651
133641,May,1,,1,10651
133656,Jul,1,,1,10651
133657,May,1,,1,10651
133658,Jun,1,,1,10651
133661,Apr,1,,1,10651
133677,Jun,1,,1,10651
133678,Jun,1,,1,10651
133695,Jun,1,,1,10651
133703,May,1,,1,10651
133706,Mar,1,,1,10651
133707,Apr,1,,1,10651
133721,Jun,1,,1,10651
133731,May,1,,1,10651
133732,Jun,1,,1,10651
133733,Jul,1,,1,10651
133735,Apr,1,,1,10651
133736,Apr,1,,1,10651
133737,May,1,,1,10651
133738,Jun,1,,1,10651
133739,Jun,1,,1,10651
133741,Jul,1,,1,10651
133743,Jun,1,,1,10651
133744,May,1,,1,10651
133750,Aug,1,,1,10651
133755,May,1,,1,10651
133757,May,1,,1,10651
133760,Jun,1,,1,10651
133762,Jul,0.5,,2,10651
133765,Jul,1,,1,10651
133766,Jun,1,,1,10651
133768,Jun,1,,1,10651
133769,Apr,1,,1,10651
133770,Mar,1,,1,10651
133771,Apr,1,,1,10651
133778,Jun,1,,1,10651
133783,Jul,1,,1,10651
133784,Jun,1,,1,10651
133793,Apr,0.333,,3,10651
133796,May,1,,1,10651
133797,Jun,1,,1,10651
133804,Jul,1,,1,10651
133811,Jun,1,,1,10651
133812,Aug,1,,1,10651
133814,Apr,1,,1,10651
133820,Aug,0.5,,2,10651
133823,Jun,1,,1,10651
133829,May,1,,1,10651
133830,Aug,0.5,,2,10651
133832,Jun,1,,1,10651
133833,Apr,1,,1,10651
133834,Jun,1,,1,10302
133837,Jun,1,,1,10651
133839,Aug,1,,1,10651
133840,Jul,1,,1,10651
133842,Aug,0.5,,2,10651
133845,Aug,1,,1,10651
133846,Aug,1,,1,10651
133849,May,1,,1,10651
133851,Apr,0.667,,3,"10302,10651"
133852,May,1,,1,10651
133857,Jul,0.5,,2,10651
133859,Apr,0.5,,2,10651
133866,Jun,1,,1,10651
133868,May,1,,1,10651
133871,Jul,1,,1,10651
133874,Jun,0.5,,2,10651
133875,Apr,1,,1,10651
133876,Jul,1,,1,10302
133878,Jul,0.5,,2,10651
133882,May,1,,1,10651
133884,May,1,,1,10651
133885,May,1,,1,10651
133886,May,1,,1,10651
133888,May,1,,1,10651
133889,May,1,,1,10651
133898,Jul,1,,1,10651
133901,Jun,1,,1,10651
133903,Jun,1,,1,10651
133907,Jul,0.5,,2,10651
133908,Jul,1,,1,10651
133910,Jul,1,,1,10651
133915,May,1,,1,10651
133916,Jul,1,,1,10651
133919,Jun,1,,1,10651
133920,Jun,0.5,,2,10651
133922,Jul,1,,1,10651
133924,May,1,,1,10651
133925,Jun,1,,1,10651
133927,Jun,1,,2,"10302,10651"
133929,Jun,1,,1,10651
133934,Jun,1,,1,10651
133937,Jul,1,,1,10651
133938,Jun,1,,1,10651
133939,Apr,1,,1,10651
133942,Jun,1,,1,10651
133959,May,1,,1,10651
133960,May,1,,1,10651
133962,Dec,1,,1,10302
133967,Jul,1,,1,10651
133968,Jun,1,,1,10651
133974,May,1,,1,10651
133975,May,1,,1,10651
133976,Apr,0.5,,2,10651
133977,Apr,0.333,,3,10651
133978,Jun,1,,1,10651
133980,Jun,1,,1,10651
133982,Jul,1,,1,10651
133985,May,1,,1,10651
133986,Jun,1,,1,10651
133987,Jun,0.5,,2,10651
133988,Jun,1,,1,10651
133992,May,1,,1,10651
134003,Jun,1,,1,10651
134005,May,1,,1,10651
134014,Jun,1,,1,10651
134017,Jun,1,,1,10651
134020,Jun,1,,1,10651
134026,May,1,,1,10651
134027,Jun,1,,1,10651
134028,May,1,,1,10651
134029,Jul,1,,1,10651
134030,May,1,,1,10651
134031,Jun,1,,1,10651
134041,May,1,,1,10651
134043,Jun,1,,1,10651
134044,Jun,0.5,,2,10651
134047,Jul,1,,1,10302
134048,Jun,1,,1,10651
134049,Jun,1,,1,10651
134054,Jun,1,,1,10651
134056,Jun,1,,1,10651
134064,Jun,1,,1,10651
134067,Jul,0.5,,2,10651
134068,May,1,,1,10651
134071,May,1,,1,10651
134072,Jun,1,,1,10651
134075,Apr,0.5,,2,10651
134076,Apr,0.333,,3,10651
134077,May,1,,1,10651
134078,May,1,,1,10651
134080,May,1,,1,10651
134085,Jun,1,,1,10651
134088,Aug,0.5,,2,10651
134089,Jul,1,,1,10651
134091,Jul,1,,1,10651
134092,Jun,1,,1,10651
134095,May,1,,1,10651
134098,Jun,1,,1,10651
134100,May,1,,1,10651
134102,May,1,,1,10651
134106,Jun,1,,1,10651
134107,Apr,0.5,,2,10651
134109,Apr,1,,1,10651
134113,May,1,,1,10651
134114,May,1,,1,10651
134116,May,1,,1,10651
134121,Aug,0.5,,2,10651
134122,May,1,,1,10651
134124,Jun,1,,1,10651
134126,May,1,,1,10651
134129,May,1,,1,10651
134136,Apr,1,,1,10651
134137,Jun,1,,1,10651
134139,Jun,0.5,,2,10651
134146,Apr,0.5,,2,10651
134149,Jun,1,,1,10651
134151,Jun,1,,1,10651
134155,May,1,,1,10651
134160,Jun,1,,1,10651
134163,May,1,,1,10651
134165,May,1,,1,10651
134167,Jul,1,,1,10651
134173,May,1,,1,10651
134177,Jul,1,,1,10651
134183,Jul,1,,1,10651
134186,Jul,0.5,,2,10651
134193,Jul,1,,1,10651
134194,Jul,0.5,,2,10651
134195,Jul,1,,1,10651
134196,Jun,1,,1,10651
134198,Jul,1,,1,10651
134200,May,1,,1,10651
134204,May,1,,1,10651
134209,Aug,0.5,,2,10651
134213,Aug,1,,1,10651
134215,Aug,0.5,,2,10651
134216,Jul,1,,1,10651
134220,Dec,0.5,,2,10302
134226,Jun,0.5,,2,10651
134229,Jun,1,,1,10651
134236,Jul,1,,1,10651
134242,Jul,1,,1,10651
134244,Aug,1,,1,10651
134246,Aug,1,,1,10651
134247,Jul,1,,1,10651
134249,May,1,,1,10651
134250,Jul,1,,1,10651
134258,Apr,1,,1,10651
134260,May,1,,1,10651
134263,Jun,1,,1,10651
134265,Aug,1,,1,10651
134266,Jun,1,,1,10651
134270,Jul,1,,1,10651
134272,May,1,,1,10651
134273,May,1,,1,10651
134276,Apr,1,,1,10651
134277,Apr,1,,1,10651
134278,Jun,1,,1,10651
134279,Mar,1,,1,10651
134281,Jul,1,,1,10651
134282,May,1,,1,10651
134285,Jun,1,,1,10651
134287,Aug,1,,1,10651
134288,Apr,1,,1,10651
134289,Jul,1,,1,10651
134291,May,1,,1,10651
134298,Jul,1,,1,10651
134302,Jun,1,,1,10651
134304,Jun,1,,1,10651
134305,Jun,1,,1,10651
134307,Jun,1,,1,10651
134311,Jul,1,,1,10651
134313,May,1,,1,10651
134315,Jul,1,,1,10651
134319,Jan,0.5,,2,10651
134320,May,1,,1,10651
134321,Apr,0.5,,2,10651
134322,May,1,,1,10651
134325,Jun,1,,1,10651
134327,May,1,,1,10651
134329,Jun,1,,1,10651
134330,May,1,,1,10651
134331,Jun,1,,1,10651
134334,May,1,,1,10651
134338,Aug,1,,1,10651
134342,Jun,1,,1,10651
134343,Jun,0.5,,2,10651
134346,Jul,1,,1,10651
134353,Apr,1,,1,10651
134354,Jun,1,,1,10651
134355,Jul,0.333,,3,10651
134358,Jul,1,,1,10651
134364,Jun,1,,1,10651
134366,Jul,1,,1,10651
134367,May,1,,1,10651
134368,May,1,,1,10651
134371,Jun,1,,1,10651
134378,May,1,,1,10651
134379,May,1,,1,10651
134383,Jun,1,,1,10651
134387,Jun,1,,1,10651
134388,Jun,1,,1,10651
134391,May,1,,1,10651
134392,Jun,1,,1,10651
134396,May,1,,1,10651
134397,Apr,1,,1,10651
134398,Jun,1,,1,10651
134399,Jul,0.333,,3,10651
134400,Jul,0.5,,2,10651
134401,Jun,1,,1,10651
134406,Jul,1,,1,10651
134412,Jun,1,,1,10651
134414,Jun,1,,1,10651
134415,May,1,,1,10651
134416,Jul,1,,1,10651
134424,Apr,1,,1,10651
134425,Jul,1,,1,10651
134433,Apr,1,,1,10651
134434,Jun,0.5,,2,10651
134436,May,1,,1,10651
134437,Jun,0.5,,2,10651
134438,May,1,,1,10651
134440,Mar,1,,1,10651
134443,Jun,0.5,,2,10651
134444,May,1,,1,10651
134447,Jun,1,,1,10651
134459,Jun,1,,1,10651
134460,May,1,,1,10651
134462,May,1,,1,10651
134463,May,1,,1,10651
134466,May,1,,1,10651
134469,Jun,1,,1,10651
134481,May,1,,1,10651
134482,Jul,1,,1,10651
134483,Jun,1,,1,10651
134485,Jul,1,,1,10651
134486,Jul,1,,1,10651
134490,Jul,0.5,,2,10651
134495,Jul,0.5,,2,10651
134499,Jun,1,,1,10651
134501,Jun,1,,1,10651
134502,Jun,1,,1,10651
134503,Jun,0.5,,2,10651
134510,Jun,1,,1,10651
134515,May,1,,1,10651
134517,Apr,1,,1,10651
134519,Aug,0.25,,4,10651
134522,May,1,,1,10651
134524,Apr,1,,1,10651
134526,Jul,1,,1,10651
134530,Jun,1,,1,10651
134531,Jul,1,,1,10651
134533,Jun,1,,1,10651
134535,Jun,1,,1,10651
134539,May,1,,1,10651
134589,Jul,1,,1,10651
134620,May,1,,1,10651
134634,Jul,1,,1,10651
134645,Apr,1,,1,10651
134652,Jun,0.5,,2,10651
134653,Apr,1,,1,10651
134657,Jun,1,,1,10651
134664,Apr,1,,1,10651
134700,Jun,1,,1,10651
134701,Apr,0.5,,2,10651
134706,May,1,,1,10651
134708,May,1,,1,10651
134752,May,1,,1,10651
134781,Apr,1,,1,10651
134799,Apr,1,,1,10651
134801,Jun,1,,1,10651
134802,Jul,1,,1,10651
134804,Jul,1,,1,10651
134807,Jun,1,,1,10651
134810,Jul,1,,1,10651
134815,May,1,,1,10651
134817,Aug,1,,1,10651
134821,Jul,1,,1,10651
134822,May,1,,1,10651
134823,May,1,,1,10651
134824,Jun,1,,1,10651
134828,Jul,1,,1,10651
134829,May,1,,1,10651
134830,Jul,0.5,,2,10651
134831,Mar,1,,1,10651
134833,Jun,1,,1,10651
134834,Jun,1,,1,10651
134835,Jul,1,,1,10651
134836,Jun,1,,1,10651
134837,Jun,1,,1,10651
134839,Jun,1,,1,10651
134840,Jun,0.5,,2,10651
134842,Apr,1,,1,10651
134843,May,1,,1,10651
134844,Jun,0.5,,2,10651
134845,May,1,,1,10651
134846,Jun,1,,1,10651
134848,May,1,,1,10651
134849,May,1,,1,10651
134851,Jul,1,,1,10651
134852,May,1,,1,10651
134854,Apr,0.333,,3,10651
134855,May,1,,1,10651
134860,Jul,1,,1,10651
134861,Jun,0.5,,2,10651
134863,Jun,1,,1,10651
134866,May,1,,1,10651
134867,Jul,1,,1,10651
134868,Jul,0.5,,2,10651
134869,Jul,1,,1,10651
134870,Jul,1,,1,10651
134872,Jun,1,,1,10651
134873,Jul,0.333,,3,10651
134876,Aug,0.333,,3,10651
134878,Jun,1,,1,10651
134879,May,1,,1,10651
134881,Jun,1,,1,10651
134882,Apr,1,,1,10651
134883,Jul,1,,1,10651
134884,Jul,0.5,,2,10651
134886,Jun,1,,1,10651
134888,Aug,1,,1,10651
134891,Jun,1,,1,10651
134893,May,1,,1,10651
134894,Jul,1,,1,10651
134895,May,1,,1,10651
134897,May,1,,1,10651
134898,Jul,1,,1,10651
134899,Jul,1,,1,10651
134901,Apr,1,,1,10651
134903,Aug,1,,1,10651
134904,Aug,1,,1,10651
134905,Jul,1,,1,10651
134906,Aug,1,,1,10651
134907,Jul,1,,1,10651
134908,Jul,1,,1,10651
134909,Jul,1,,1,10651
134910,May,1,,1,10651
134911,May,1,,1,10651
134913,May,1,,1,10651
134917,Jun,0.5,,2,10651
134918,Jul,1,,1,10651
134919,Sep,1,,1,10651
134920,Sep,1,,1,10651
134921,Jun,1,,1,10651
134922,Jun,1,,1,10651
134923,May,1,,1,10651
134924,Jul,1,,1,10651
134925,Jul,1,,1,10651
134927,Jul,0.5,,2,10651
134928,Jun,1,,1,10651
134929,Jun,1,,1,10651
134930,Jun,1,,1,10651
134932,Jul,1,,1,10651
134933,Jun,1,,1,10651
134934,Apr,1,,1,10651
134935,Jun,1,,1,10651
134937,Jun,1,,1,10651
134938,Apr,1,,1,10651
134942,Jul,1,,1,10651
134944,Apr,1,,1,10651
134945,Jan,1,,1,10651
134946,Apr,0.5,,2,10651
134949,Aug,0.5,,2,10651
134951,Jul,1,,1,10651
134952,Jun,1,,1,10651
134953,Jul,1,,1,10651
134954,Jun,1,,1,10651
134955,Jul,1,,1,10651
134956,Jun,1,,1,10651
134957,Jun,1,,1,10651
134958,Jun,1,,1,10651
134961,May,1,,1,10651
134962,Jul,1,,1,10651
134963,Aug,1,,1,10651
134964,May,1,,1,10651
134966,Jul,1,,1,10651
134967,Jul,0.667,,3,"10302,10651"
134968,Jul,1,,1,10651
134969,Jul,1,,2,"10302,10651"
134971,Aug,0.333,,3,10651
134972,Jul,0.5,,2,10651
134973,Jun,1,,1,10651
134974,Jul,1,,1,10651
134975,Aug,1,,1,10651
134976,Jun,1,,1,10651
134977,Jul,0.5,,2,10651
134982,May,1,,1,10651
134983,Jun,1,,1,10651
134984,Apr,1,,1,10651
134985,Jun,1,,1,10651
134986,May,1,,1,10651
134987,May,1,,1,10651
134988,Jul,1,,1,10651
134989,Jun,1,,1,10651
134990,Jun,0.5,,2,10651
134991,Jun,1,,1,10651
134994,Apr,1,,1,10651
134995,Jun,1,,1,10651
134997,Jun,1,,1,10651
134998,Jun,1,,1,10651
134999,Feb,1,,1,10651
135001,Jun,1,,1,10651
135003,Jun,1,,1,10651
135004,Jun,1,,1,10651
135005,Jun,1,,1,10651
135006,Jul,1,,1,10651
135010,Jun,1,,1,10651
135011,Jun,1,,1,10651
135014,Mar,1,,1,10651
135015,Apr,1,,1,10651
135016,Jun,1,,1,10651
135017,Jul,1,,1,10651
135018,Jun,1,,1,10651
135019,May,1,,1,10651
135023,Jul,1,,1,10651
135024,May,1,,1,10315
135025,Jun,0.5,,4,"10302,10651"
135026,Jul,1,,1,10651
135027,Jul,1,,1,10651
135028,May,1,,1,10651
135030,Jun,1,,1,10651
135031,Jul,1,,1,10651
135032,Jun,1,,1,10651
135035,Jun,1,,1,10651
135036,Jul,1,,1,10651
135037,Mar,1,,1,10651
135040,May,1,,1,10651
135041,Jul,0.5,,2,10651
135042,Jun,1,,1,10651
135043,Jul,1,,1,10651
135044,May,1,,1,10651
135045,May,1,,1,10651
135046,May,1,,1,10651
135049,May,1,,1,10651
135052,May,1,,1,10651
135053,Jun,1,,1,10651
135054,Jul,1,,1,10651
135055,Jul,0.5,,2,10651
135058,Jun,1,,1,10651
135059,May,1,,1,10651
135061,May,1,,1,10651
135062,Jul,1,,1,10651
135064,Jul,0.5,,2,10651
135065,Jun,0.5,,2,10651
135066,May,1,,1,10651
135068,Apr,0.5,,2,10651
135069,May,1,,1,10651
135071,Jun,1,,1,10651
135075,Jun,1,,1,10651
135079,Jul,1,,1,10651
135080,Jun,1,,1,10651
135081,Aug,1,,1,10651
135083,May,1,,1,10651
135085,Apr,1,,1,10651
135086,Jul,1,,1,10651
135089,Jun,1,,1,10651
135090,Jun,1,,1,10651
135094,Apr,1,,1,10651
135095,Jun,1,,1,10651
135096,Jul,1,,1,10651
135099,May,1,,1,10651
135100,May,1,,1,10651
135101,Jun,1,,1,10651
135102,May,1,,1,10651
135105,Jun,1,,1,10651
135106,Apr,1,,1,10651
135108,May,1,,1,10651
135110,Apr,0.5,,2,10651
135111,Jun,1,,1,10651
135112,Jun,1,,1,10651
135113,Jul,1,,1,10651
135114,May,1,,1,10651
136888,Jun,1,,1,10651
136898,Jul,1,,1,10651
136943,Aug,1,,1,10651
136984,Jun,1,,1,10651
137165,Aug,1,,1,10651
137441,Jul,1,,1,10651
137455,May,1,,1,10651
137458,Aug,1,,1,10651
137502,Jul,1,,1,10651
138326,Apr,1,,1,10651
138397,Sep,1,,1,10097
138620,Jul,1,,1,10651
138631,May,1,,1,10651
138686,Jun,1,,1,10651
138694,Jun,1,,1,10651
138702,May,1,,1,10651
138790,Jul,0.5,,2,10651
138909,May,1,,1,10651
139264,Mar,1,,1,10053
139313,Jun,1,,1,10053
139425,May,1,,1,10315
139443,Sep,1,,1,10320
139445,Jan,1,,1,10320
139446,Aug,1,,1,10320
139450,Aug,1,,1,10320
139452,Aug,1,,1,10320
139462,Dec,1,,1,10320
139473,Jan,1,,1,10320
139474,Nov,1,,1,10320
139503,Aug,1,,1,10320
139508,Aug,1,,1,10320
139520,Apr,1,,1,10320
139538,May,1,,1,10320
139541,Apr,1,,1,10320
139549,Jun,1,,1,10320
139552,Jan,1,,1,10320
139564,Sep,1,,1,10320
139582,Jul,1,,1,10651
139590,Jun,1,,1,10651
139599,Jun,1,,1,10651
139610,Jun,1,,1,10651
139616,Jul,1,,1,10302
139633,Sep,1,,1,10302
139642,variable,1,,1,10053
139647,Nov,1,,1,10320
139661,Jul,1,,1,10320
139662,Jul,1,,1,10320
139750,Nov,1,,1,10320
139756,Aug,0.5,,2,10651
139791,May,1,,1,10651
139817,Jul,1,,1,10651
139819,May,1,,1,10651
139953,Aug,1,,1,10651
139954,May,1,,1,10651
139957,May,1,,1,10651
139958,May,1,,1,10651
139960,Jun,1,,1,10651
139962,Jun,1,,1,10651
139966,Jul,1,,1,10651
139972,Jul,1,,1,10651
139978,Aug,1,,1,10651
139979,May,1,,1,10651
139980,Jun,1,,1,10651
139981,Aug,1,,1,10651
139982,May,1,,1,10651
139983,Jun,1,,1,10651
139985,May,1,,1,10651
139986,Jun,1,,1,10651
139991,Jun,1,,1,10651
139993,May,1,,1,10651
139994,Jun,1,,1,10651
139996,Jun,1,,1,10651
139997,May,1,,1,10651
140146,May,1,,1,10651
140233,Jul,0.5,,2,10651
140275,Jul,1,,1,10651
140293,Oct,1,,1,10320
140294,Jun,1,,1,10651
140486,Jun,0.5,,2,10651
140628,Mar,1,,1,10651
140634,Aug,1,,1,10651
140637,Jul,1,,1,10651
140641,Aug,1,,1,10651
140642,Aug,1,,1,10651
140643,Aug,1,,1,10651
140648,Aug,1,,1,10651
140650,Aug,1,,1,10651
140666,Apr,1,,1,10651
140684,Jun,1,,1,10651
140688,May,1,,1,10651
140690,May,1,,1,10651
140691,May,1,,1,10651
140772,May,1,,1,10651
140776,Jun,1,,1,10651
140779,May,1,,1,10651
140799,Sep,1,,1,10320
140810,Aug,1,,1,10651
140812,May,1,,1,10651
140815,Jul,1,,1,10651
140855,Sep,1,,1,10320
140896,Dec,1,,1,10320
140897,Jan,1,,1,10320
140991,Apr,0.5,,2,10320
140992,Mar,1,,1,10320
141129,May,1,,1,10651
141144,May,1,,1,10651
141174,May,1,,1,10651
141180,Apr,0.5,,2,10651
141184,May,1,,1,10651
141239,Jun,1,,1,10320
141241,Aug,1,,1,10651
141298,Apr,1,,1,10053
141399,Jul,1,,1,10651
141423,Jul,0.5,,2,10651
141656,Jul,0.5,,2,10302
141657,Jul,0.333,,3,10651
141661,Jun,1,,1,10302
141664,Jul,0.5,,2,10651
141665,Jun,1,,1,10651
141666,Aug,0.25,,4,10651
141667,Jul,1,,1,10651
141676,variable,1,,1,10053
141730,Jun,1,,1,10651
141732,Apr,1,,1,10651
141740,Jun,1,,1,10651
141742,Apr,1,,1,10302
141750,Jun,1,,1,10651
142127,Aug,1,,1,10342
142146,Jul,1,,1,10651
142264,May,1,,1,10651
142265,May,1,,1,10651
142277,Jun,1,,1,10651
142280,Jun,1,,1,10651
142284,Jul,1,,1,10651
142321,Jul,1,,1,10651
142357,Jun,1,,1,10651
142461,Jan,0.5,,2,10651
142592,Apr,1,,1,10651
142642,Jun,1,,1,10651
142643,Aug,1,,1,10651
142644,Aug,1,,1,10651
142645,Jul,1,,1,10651
142648,Jul,1,,1,10651
142652,Jun,1,,1,10651
142654,Jun,1,,1,10651
142696,Apr,1,,1,10651
142706,Apr,1,,1,10651
142748,Aug,1,,1,10651
142768,May,1,,1,10651
142769,Jun,1,,1,10651
142770,Jul,1,,1,10651
142771,Aug,1,,1,10651
142772,May,1,,1,10651
142773,Jun,1,,1,10651
142778,Jun,1,,1,10651
142779,Jul,1,,1,10651
142780,Jul,1,,1,10651
142781,Jul,1,,1,10651
142784,Apr,1,,1,10651
142785,Jun,1,,1,10651
142807,May,1,,1,10651
142810,May,1,,1,10651
142820,Sep,1,,1,10320
142843,Jul,1,,1,10651
143085,May,1,,1,10651
143206,Aug,1,,1,10320
143336,Jul,1,,1,10651
143420,May,1,,1,10651
143427,Apr,1,,1,10651
143445,Jul,1,,1,10651
143712,Jun,1,,1,10651
143713,Jul,1,,1,10651
143714,Jun,1,,1,10302
143716,Jul,1,,1,10651
143717,Jun,1,,1,10651
143718,Jul,1,,1,10651
143805,May,1,,1,10053
143899,Jun,1,,1,10651
143910,Oct,1,,1,10320
143967,Aug,1,,1,10651
144034,Apr,1,,1,10651
144055,Nov,1,,1,10320
144056,Dec,1,,1,10320
144058,Aug,1,,1,10320
144059,Aug,1,,1,10320
144064,Jun,1,,1,10651
144078,Apr,1,,1,10651
144088,Apr,1,,1,10651
144103,Apr,0.5,,2,10651
144106,Jun,1,,1,10651
144108,Apr,1,,1,10651
144109,Jun,1,,1,10651
144110,Jun,1,,1,10651
144111,Jun,1,,1,10651
144163,Jul,1,,1,10651
144180,Feb,1,,1,10651
144630,Jan,1,,1,10320
144717,May,1,,3,"10302,10315,10651"
144720,Jun,1,,1,10651
144788,Aug,1,,1,10651
144805,Jun,1,,1,10651
144827,Jul,1,,1,10651
144828,Jun,1,,1,10651
144851,Nov,1,,1,10320
144914,Apr,1,,1,10651
144923,Jun,1,,1,10651
144924,May,1,,1,10651
144928,Apr,1,,1,10651
144930,Apr,1,,1,10651
144933,Apr,1,,1,10651
144957,Mar,1,,1,10651
144959,Mar,1,,1,10651
144960,Mar,1,,1,10651
144973,Apr,1,,1,10651
145101,Apr,1,,1,10651
145129,May,1,,1,10651
145185,Jul,1,,1,10651
145188,Jul,1,,1,10651
145190,Jun,1,,1,10651
145255,Oct,1,,1,10320
145263,Oct,1,,1,10320
145308,Mar,1,,1,10651
145322,Oct,1,,1,10320
145337,Jul,1,,1,10320
145359,Nov,1,,1,10320
145361,Jul,1,,1,10320
145365,Aug,1,,1,10320
145370,Jul,1,,1,10320
145410,Nov,1,,1,10320
145417,Aug,1,,1,10320
145434,Sep,1,,1,10320
145442,Aug,1,,1,10320
145452,Aug,0.333,,3,10320
145459,Sep,1,,1,10320
145467,Aug,1,,1,10320
145470,Sep,1,,1,10320
145498,Aug,1,,1,10320
145507,Aug,1,,1,10320
145513,Aug,0.5,,2,10320
145514,Oct,1,,1,10320
145521,Jul,1,,1,10320
145545,Oct,0.5,,2,10320
145558,Aug,0.5,,2,10320
145591,Oct,1,,1,10320
145750,Jul,1,,1,10651
145760,May,1,,1,10651
145874,Jun,1,,1,10651
145882,Apr,0.5,,2,10651
145903,Jun,1,,1,10651
145944,Aug,1,,1,10651
145951,Jul,1,,1,10651
145953,May,1,,1,10651
145954,Jul,1,,1,10651
145958,Jul,0.5,,2,10651
146031,Mar,1,,1,10302
146034,Feb,1,,1,10651
146042,Aug,1,,1,10320
146118,Jun,1,,1,10651
146122,Jul,1,,1,10651
146187,Jun,1,,1,10302
146189,Nov,1,,1,10320
146190,Sep,1,,1,10320
146192,Jul,1,,1,10320
146193,Oct,1,,1,10320
146244,Jun,1,,1,10651
146245,Jun,1,,1,10651
146247,Jul,1,,1,10651
146261,Aug,1,,1,10651
146267,Oct,1,,1,10320
146459,May,1,,1,10651
146474,Jul,1,,1,10651
146507,Jun,1,,1,10651
146591,Jul,1,,1,10651
146608,Dec,1,,1,10302
146643,Jun,1,,1,10651
146659,Apr,0.5,,2,10651
146662,May,1,,1,10651
146665,May,1,,1,10651
146671,May,1,,1,10651
146673,Mar,1,,1,10651
146676,Apr,1,,1,10651
146684,Dec,1,,1,10302
146685,Jun,1,,1,10651
146686,Aug,1,,1,10651
146688,Apr,1,,1,10651
146700,May,1,,1,10651
146701,Jun,1,,1,10651
146708,May,1,,1,10651
146710,Jun,1,,1,10651
146714,Mar,1,,1,10651
146715,May,1,,1,10651
146716,May,1,,1,10651
146717,Apr,1,,1,10651
146720,Apr,1,,1,10651
146721,Mar,1,,1,10651
146727,Mar,1,,1,10651
146729,Mar,1,,1,10651
146735,Mar,1,,1,10651
146738,May,1,,1,10651
146741,May,1,,1,10651
146742,Jun,1,,1,10651
146744,May,1,,1,10651
146746,Apr,1,,1,10651
146749,Mar,1,,1,10651
146750,Apr,1,,1,10651
146756,Apr,1,,1,10651
146761,May,1,,1,10651
146762,Apr,0.5,,2,10651
146767,Mar,1,,1,10651
146769,Apr,1,,1,10651
146773,Mar,1,,1,10651
146775,Mar,1,,1,10651
146777,May,1,,1,10651
146778,Mar,1,,1,10651
146780,May,1,,1,10651
146862,Nov,1,,1,10320
146898,Jun,1,,1,10651
146919,Apr,1,,1,10651
146946,May,1,,1,10651
146947,Jun,1,,1,10651
146948,Jun,1,,1,10651
146949,Jun,1,,1,10651
146954,Jul,1,,1,10651
146956,Jul,1,,1,10651
146985,Jul,1,,1,10651
147006,Jul,1,,1,10651
147034,Mar,1,,1,10651
147172,Jun,1,,1,10651
147173,May,1,,1,10651
147186,May,1,,1,10651
147221,Mar,1,,1,10320
147222,Nov,1,,1,10320
147223,Oct,1,,1,10320
147227,Nov,1,,1,10320
147232,Oct,1,,1,10320
147234,Oct,1,,1,10320
147235,Dec,1,,1,10320
147239,Nov,1,,1,10320
147240,Oct,1,,1,10320
147241,Oct,1,,1,10320
147242,Mar,1,,1,10320
147245,Oct,1,,1,10320
147248,Dec,1,,1,10320
147295,Jun,1,,1,10651
147337,Jun,1,,1,10651
147343,Jun,1,,1,10651
147359,Jun,1,,1,10302
147361,Jul,1,,1,10651
147376,Jun,1,,1,10651
147400,Jun,1,,1,10651
147582,Apr,0.5,,2,263
147687,Jun,1,,1,10651
147868,Apr,1,,1,10651
147913,Jun,1,,1,10651
148034,Jun,1,,1,10651
148035,Jul,1,,1,10651
148074,Mar,1,,1,10651
148233,May,1,,1,10651
148234,Jun,1,,1,10651
148236,Jul,0.5,,2,10651
148396,May,1,,1,10651
148469,Dec,1,,1,10302
148568,Jun,1,,1,10651
148700,May,1,,1,10651
148754,Apr,1,,1,10315
148762,Jul,0.5,,2,10651
148900,Nov,1,,1,10320
149007,Jun,1,,1,10651
149008,Jul,1,,1,10651
149009,Jul,1,,1,10651
149036,May,1,,1,10292
149052,May,1,,1,10651
149222,May,1,,1,10651
149237,Jun,1,,1,10651
149275,Jun,1,,1,10651
149276,Apr,1,,1,10651
149299,Jan,1,,1,10320
149342,Jul,1,,1,10651
149343,Jul,1,,1,10651
149345,Jul,1,,1,10651
149375,Apr,0.5,,2,10651
149462,Jun,1,,1,10651
149536,Mar,1,,1,10651
149588,Jul,1,,1,10651
149776,Jun,1,,1,10651
149811,Sep,1,,1,10320
149829,Jul,1,,1,10651
149830,Jun,1,,1,10651
149831,May,1,,1,10651
149834,Jul,0.5,,2,10651
149836,May,1,,1,10651
149904,Jul,1,,1,10302
150045,Jun,1,,1,10651
150055,Jan,1,,1,10053
150168,May,1,,1,10651
150169,Aug,1,,2,"10302,10651"
150235,Apr,1,,2,"10302,10315"
150239,Mar,1,,1,10651
150242,Apr,1,,1,10302
150246,Nov,1,,1,10320
150405,May,1,,1,10651
150413,May,1,,1,10302
150415,May,1,,1,10651
150416,Jun,1,,1,10651
150424,Mar,1,,1,10651
150435,Apr,1,,1,10651
150439,Jul,1,,1,10651
150443,Jun,0.5,,2,10651
150464,Jul,1,,1,10651
150467,Apr,1,,1,10651
150481,Jul,1,,1,10320
150523,May,1,,1,10651
150525,May,1,,1,10651
150548,May,1,,1,10651
150549,Jun,1,,1,10651
150631,Apr,1,,1,10651
150904,Jul,1,,1,10651
150910,Dec,0.5,,2,10302
150911,Jun,1,,1,10651
150912,Apr,1,,1,10651
150914,Jun,1,,1,10302
150932,Apr,1,,1,10302
150935,May,1,,1,10651
150938,May,1,,1,10651
150949,Jun,1,,1,10651
151052,May,1,,1,10651
151076,May,1,,1,10651
151103,Jun,1,,1,10651
151117,Jun,1,,1,10651
151150,Jul,1,,1,10651
151193,Aug,1,,1,10651
151202,May,1,,1,10651
151210,May,1,,1,10651
151214,Jun,1,,1,10651
151217,Jun,1,,1,10651
151224,Jan,1,,1,10320
151237,Nov,1,,1,10320
151271,Jun,1,,1,10651
151278,Jun,1,,1,10651
151381,May,1,,1,10302
151385,May,1,,1,10651
151390,Jun,1,,1,10651
151391,Jun,1,,1,10302
151393,May,1,,1,10651
151394,May,1,,1,10651
151417,May,1,,1,10651
151425,Jun,1,,1,10651
151427,Apr,1,,1,10651
151439,May,1,,1,10651
151441,May,1,,1,10651
151443,Apr,1,,1,10651
151539,Jul,1,,1,10651
151544,Jul,1,,1,10651
151549,Jul,1,,1,10651
151552,Jul,1,,1,10651
151554,Jul,1,,1,10651
151558,Jun,1,,1,10651
151566,Mar,1,,1,10302
151575,Jun,1,,1,10302
151684,Aug,1,,1,10651
151709,Jul,1,,1,10651
151715,Jul,1,,1,10651
151718,May,1,,1,10651
151719,Jun,1,,1,10651
151721,Jun,1,,1,10651
151722,May,1,,1,10651
151724,Oct,1,,1,10320
151785,May,1,,1,10651
151786,Mar,1,,1,10302
151914,Jun,1,,1,10651
151958,Jul,1,,1,10651
152030,Aug,1,,1,10320
152057,May,1,,2,"10302,10651"
152068,Jun,1,,1,10651
152083,May,1,,1,10651
152140,Jun,1,,1,10651
152145,Jun,1,,1,10651
152164,Jun,1,,1,10651
152172,Jun,1,,1,10651
152176,Jul,1,,1,10651
152196,May,1,,1,10651
152214,Jul,1,,1,10651
152268,Apr,1,,1,10651
152285,Jul,1,,1,10651
152286,May,1,,1,10651
152288,Jun,1,,1,10651
152352,Apr,1,,1,10320
152363,Nov,1,,1,10320
152386,Feb,0.5,,2,10320
152389,Apr,1,,1,10320
152401,Jul,1,,1,10651
152402,Jun,1,,1,10651
152431,Jul,1,,1,10651
152450,Jul,1,,1,10651
152537,Jul,1,,1,10651
152540,May,1,,1,10651
152543,Jun,1,,1,10651
152620,Jul,1,,1,10651
152622,May,1,,1,10651
152636,Jul,1,,1,10651
152641,Jun,1,,1,10651
152651,Nov,1,,1,10320
152757,Jun,1,,2,"10315,10651"
152774,Jul,1,,1,10320
152779,Oct,1,,1,10320
152787,May,1,,1,10651
152790,May,1,,1,10651
152792,Jun,1,,1,10651
152801,Jun,1,,1,10651
152803,Jul,1,,1,10651
152834,Jul,0.5,,2,10651
152874,Jul,1,,1,10651
153021,Aug,1,,1,10320
153033,Jul,1,,1,10651
153035,Apr,1,,1,10651
153063,Apr,1,,1,10292
153080,Nov,1,,1,10320
153081,Nov,1,,1,10320
153092,Dec,1,,1,10320
153111,Jun,1,,1,10651
153112,May,1,,1,10651
153114,May,1,,1,10651
153131,Mar,1,,1,10651
153132,Jun,0.5,,2,10651
153135,May,1,,1,10651
153136,Apr,1,,1,10651
153137,Jun,1,,1,10651
153138,Apr,1,,1,10651
153139,May,1,,1,10651
153140,Apr,0.5,,2,10651
153141,Apr,1,,1,10651
153142,May,1,,1,10651
153145,Apr,0.5,,2,10651
153146,Mar,1,,1,10651
153175,Apr,1,,1,10651
153181,Jul,1,,1,10651
153256,Jun,1,,1,10651
153274,Jun,1,,1,10651
153322,Jul,1,,1,10651
153335,Jul,1,,1,10651
153347,Jul,0.5,,2,10302
153382,May,1,,1,10651
153401,Apr,1,,1,10651
153572,Jan,1,,1,10320
153574,Oct,1,,1,10320
153578,Aug,1,,1,10320
153724,Apr,0.5,,2,10651
153729,Jul,1,,1,10302
153731,Jul,1,,1,10302
153732,Jun,1,,1,10302
153735,Jun,0.5,,2,10302
153737,Jun,1,,1,10302
153738,Jun,1,,1,10315
153739,Jun,1,,1,10302
153740,Jun,0.5,,2,10315
153741,Apr,1,,1,10651
153743,Jul,1,,1,10315
153746,Jul,1,,1,10302
153748,May,1,,1,10302
153750,Jun,1,,1,10302
153753,Jun,1,,1,10302
153754,Jul,1,,1,10302
153757,Jun,1,,1,10302
153758,Jul,1,,2,"10302,10651"
153759,Jun,1,,1,10302
153761,Aug,0.333,,3,10651
153763,Jun,0.5,,2,10302
153764,Jun,1,,2,"10302,10651"
153765,May,1,,1,10302
153770,Jul,1,,1,10302
153771,Jul,0.333,,3,10302
153775,Jun,0.5,,2,10302
153776,Jun,1,,1,10651
153777,Jul,0.5,,2,10302
153778,May,1,,1,10651
153779,May,1,,1,10302
153781,Jun,1,,1,10302
153785,Jun,1,,1,10651
153787,Apr,1,,1,10302
153788,Jun,1,,1,10302
153790,Jun,1,,1,10651
153791,May,1,,1,10315
153794,May,1,,1,10302
153795,Jul,1,,1,10302
153807,May,1,,2,"10302,10651"
153808,Jun,0.5,,2,10651
153810,Apr,0.5,,2,10302
153813,May,1,,1,10302
153814,May,1,,1,10302
153815,Apr,1,,2,"10302,10651"
153905,Dec,0.25,,4,10302
153907,Jul,0.5,,4,"10302,10651"
153913,Jun,1,,1,10292
153915,Jul,0.5,,2,10651
153918,Jul,1,,1,10651
153920,Jul,0.667,,3,"10315,10651"
153921,Jul,0.5,,2,10315
153922,Jul,0.5,,2,10651
153925,Jun,1,,1,10651
153930,Jul,1,,1,10651
153932,Aug,0.5,,2,10651
153937,Jul,1,,1,10651
153953,Jun,1,,1,10651
153962,Jul,1,,2,"10302,10651"
153978,Aug,1,,1,10651
154012,Jul,0.5,,2,10651
154019,Jul,1,,1,10651
154021,May,1,,1,10651
154027,Jun,1,,1,10651
154042,Jul,1,,1,10651
154098,Jun,1,,1,10651
154100,Jul,1,,1,10651
154228,Jun,1,,1,10651
154229,May,1,,1,10651
154367,Aug,1,,1,10651
154433,Jun,1,,1,10651
154517,Jun,1,,1,10651
154593,Sep,1,,1,10053
154615,Apr,1,,1,10292
154666,Jun,1,,1,10651
154685,Jul,1,,1,10292
154686,May,1,,1,10292
154736,Apr,1,,1,10292
154755,Dec,1,,1,10302
154763,Jun,1,,1,10651
154875,Jun,1,,1,10651
155005,May,1,,1,10292
155012,Jun,1,,1,10651
155071,May,1,,1,10651
155176,Jul,1,,2,"10302,10651"
155177,Feb,1,,1,10651
155336,May,1,,1,10292
155350,Jul,1,,1,10651
155440,May,1,,1,10292
155461,Jun,1,,1,10651
155465,Jun,1,,1,10651
155467,Jun,1,,1,10651
155469,Jul,0.5,,2,10651
155470,Jun,1,,1,10651
155670,Jun,1,,1,10651
155743,May,1,,1,10651
155747,Jul,1,,1,10302
155749,Jun,1,,1,10651
155818,Aug,0.5,,2,10651
155926,Jul,1,,1,10292
156299,Jun,1,,1,10651
156300,Jun,1,,1,10651
156302,May,1,,1,10651
156303,Jun,1,,1,10651
156337,May,1,,1,10651
156539,Apr,1,,1,10651
156764,Apr,1,,1,10651
157169,Jun,1,,1,10292
157185,May,1,,1,10651
157187,May,1,,1,10651
157241,May,1,,1,10651
157242,Jun,1,,1,10651
157246,Jun,1,,1,10302
157408,May,0.5,,6,"10302,10315,10651"
157414,Apr,1,,1,10302
157596,Jul,1,,1,10292
157695,May,1,,1,10292
157913,Jun,1,,1,10651
157991,Jun,1,,1,10302
158117,Jul,1,,1,10292
159555,May,1,,1,10651
159568,Apr,1,,1,10651
159570,May,1,,1,10651
159577,May,1,,1,10651
159580,Apr,1,,1,10651
160133,May,1,,1,10651
160182,May,1,,1,10651
160187,May,1,,1,10651
161788,Mar,1,,1,10342
161792,Jul,1,,1,10651
162244,May,1,,1,10651
162837,Mar,0.667,,3,"10302,10651"
162844,May,1,,1,10342
162853,Jul,1,,1,10651
163090,Jul,0.5,,2,10302
163091,Jul,1,,1,10651
163094,Jun,1,,1,10651
163096,Jun,1,,1,10342
163415,Apr,0.667,,3,"10093,10651"
163462,Mar,1,,1,10651
163514,May,0.667,,3,"10302,10315"
163520,Apr,0.333,,3,10651
163521,May,1,,1,10651
163564,Jul,1,,1,10651
163655,Aug,1,,1,10651
163716,Jun,1,,1,10651
163717,May,1,,1,10651
163718,May,1,,1,10651
163818,May,1,,1,10651
164048,Jul,1,,1,10302
164303,variable,1,,1,10053
164337,May,1,,1,10651
164890,Sep,1,,1,10320
164894,Jul,1,,1,10320
164895,Oct,1,,1,10320
165226,May,1,,1,10651
165227,May,1,,1,10651
165228,May,1,,1,10651
165237,May,1,,1,10651
165240,Jul,1,,1,10651
165243,May,1,,1,10651
165250,May,1,,1,10651
165254,May,1,,1,10651
165308,Jul,1,,1,10651
165351,Sep,1,,1,10320
165765,Apr,1,,1,10651
165767,May,1,,1,10651
165776,May,1,,1,10651
165779,Apr,1,,1,10651
167343,variable,1,,1,10053
168782,Sep,1,,1,10320
168793,Aug,1,,1,10320
168797,Oct,1,,1,10320
168803,Aug,1,,1,10320
168812,Aug,1,,1,10320
168814,Dec,1,,1,10320
168864,Sep,1,,1,10320
169067,Dec,1,,1,10302
169513,Jun,1,,1,10651
169514,Jun,1,,1,10651
169515,Jun,1,,1,10651
169524,Jun,1,,1,10651
169527,Jun,1,,1,10651
169544,Jul,1,,1,10651
169546,Jun,0.5,,2,10651
169547,Jun,1,,1,10651
169551,Jun,1,,1,10651
169552,Jun,1,,1,10651
169555,Oct,1,,1,10320
169559,Jun,1,,1,10651
169563,Jul,0.5,,2,10651
169568,Jul,1,,1,10651
169570,Jun,1,,1,10651
169572,Jun,1,,1,10651
169574,Jun,1,,1,10651
170084,Apr,1,,1,10651
170087,Jun,1,,1,10651
170097,Jun,1,,1,10651
170099,Jul,1,,1,10651
170122,Jun,1,,1,10651
170125,Jun,0.5,,2,10651
170196,Nov,1,,1,10320
170197,Oct,1,,1,10320
170335,Jul,1,,1,10651
170498,May,1,,1,10651
170502,Jun,1,,1,10651
170879,Dec,1,,1,10320
170880,Sep,1,,1,10320
170882,Dec,1,,1,10320
170883,Sep,1,,1,10320
170884,Nov,1,,1,10320
170885,Jan,1,,1,10320
170886,Nov,1,,1,10320
171009,Jun,1,,1,10651
171980,variable,1,,1,10053
172289,Jul,1,,1,10302
172295,May,1,,1,10651
172854,variable,1,,1,10053
173297,variable,1,,1,10053
173301,May,1,,1,10651
173302,Apr,1,,1,10651
173303,May,1,,1,10651
173304,May,1,,1,10651
173305,Apr,1,,1,10651
173311,Apr,1,,1,10651
173312,May,1,,1,10651
173313,May,1,,1,10651
173315,May,1,,1,10651
173316,Sep,1,,1,10651
173760,Oct,1,,1,10320
173790,Oct,1,,1,10320
173793,Nov,1,,1,10320
173830,Jul,1,,1,10651
173836,May,1,,1,10651
173837,Jul,1,,1,10651
173839,Jul,1,,1,10651
173840,Jun,1,,1,10651
173842,Jul,1,,1,10651
173843,Jul,1,,1,10651
173845,Jun,1,,1,10651
173851,Jun,1,,1,10651
173853,Jul,1,,1,10651
173857,Jul,1,,1,10651
173858,Jun,1,,1,10651
173861,Jul,1,,1,10651
173862,Jun,1,,1,10651
173864,Jun,1,,1,10651
173865,Jun,1,,1,10651
173875,Jun,1,,1,10651
173876,Jul,1,,1,10651
173877,Jun,1,,1,10651
173878,May,1,,1,10651
174414,Jun,1,,1,10651
174541,Sep,1,,1,10320
176142,variable,1,,1,10053
176180,Mar,1,,1,10053
176798,Jun,1,,1,10651
176803,May,1,,1,10651
176806,May,1,,1,10651
176822,May,1,,1,10651
176843,May,1,,1,10651
176847,May,1,,1,10651
176855,May,1,,1,10651
176857,May,1,,1,10302
176888,Apr,1,,1,10651
176913,Apr,1,,1,10651
176919,Jul,1,,1,10651
176941,Jun,1,,1,10651
176955,May,1,,1,10651
176976,Apr,1,,1,10651
177035,Apr,1,,1,10651
177039,Apr,1,,1,10651
177092,Jun,1,,1,10651
177102,Apr,1,,1,10651
177108,May,1,,1,10651
177119,May,1,,1,10651
177144,Apr,1,,1,10651
177146,Jun,0.5,,2,10302
177177,Aug,1,,1,10651
177220,Jun,1,,1,10651
177221,May,1,,1,10651
177231,Apr,1,,1,10651
177274,May,1,,1,10651
177277,Jun,1,,1,10651
177285,Jun,1,,1,10651
177290,May,1,,1,10651
177296,Apr,1,,1,10651
177305,Apr,1,,1,10651
177315,May,1,,1,10651
177325,Jun,1,,1,10651
177328,Apr,1,,1,10651
177346,Apr,1,,1,10651
177364,Jun,0.5,,2,10651
177376,May,1,,1,10651
177377,Jun,1,,1,10651
177378,Mar,1,,1,10651
177404,May,1,,1,10651
177435,May,1,,1,10651
177437,Jun,1,,1,10651
177609,Apr,1,,1,10651
178625,Jul,1,,1,10302
178629,Jun,1,,1,10651
179087,Apr,1,,1,10651
179112,Aug,1,,1,10651
179122,May,1,,1,10651
179136,May,1,,1,10651
179139,May,1,,1,10651
179154,Jun,1,,1,10651
179157,May,1,,1,10651
179166,May,1,,1,10651
179181,Jun,1,,1,10651
179190,Jun,1,,1,10651
179196,Apr,1,,1,10651
179201,May,1,,1,10651
179204,Jun,1,,1,10651
179208,Apr,1,,1,10651
179231,Apr,1,,1,10651
179259,Jun,1,,1,10651
179267,May,1,,1,10651
179270,Jul,1,,1,10651
179275,May,1,,1,10651
179277,Apr,1,,1,10651
179339,Oct,1,,1,10320
179756,Jun,1,,1,10651
179780,Jul,1,,1,10651
179782,May,1,,1,10651
179789,Jun,1,,1,10651
179810,Jun,1,,1,10651
179816,May,1,,1,10651
179823,Jun,1,,1,10651
179831,May,1,,1,10651
179835,Jun,1,,1,10651
179839,Jun,1,,1,10651
179849,Jun,1,,1,10651
179873,Jul,1,,1,10651
179896,Jun,0.5,,2,10651
179910,May,1,,1,10651
179911,Jun,1,,1,10651
179921,May,1,,1,10651
179936,Jul,1,,1,10302
179940,Jun,1,,1,10302
179951,Jul,1,,1,10651
179963,May,1,,1,10651
179965,Jun,1,,1,10651
179979,Jun,1,,1,10651
179981,Jun,1,,1,10651
179991,Jun,1,,1,10651
180008,Jul,1,,1,10651
180020,Jun,1,,1,10651
180038,Jul,0.5,,2,10651
180045,Jun,1,,1,10651
180047,Jun,1,,1,10651
180048,Jun,1,,1,10651
180049,Jun,1,,1,10651
180052,Jun,1,,1,10651
180195,Dec,1,,1,10320
180196,Dec,1,,1,10320
180198,Dec,1,,1,10320
180200,Nov,1,,1,10320
180201,Nov,1,,1,10320
180202,Dec,1,,1,10320
180203,Dec,1,,1,10320
180204,Jan,1,,1,10320
180205,Dec,1,,1,10320
180206,Feb,1,,1,10320
180207,Nov,1,,1,10320
180208,Nov,1,,1,10320
180559,Jun,1,,1,10651
180728,Jul,1,,1,10302
180733,Jun,1,,1,10302
180734,Jul,1,,1,10302
180736,Jul,1,,1,10302
181006,Jul,1,,1,10651
181343,Sep,1,,1,10651
181346,Sep,1,,1,10651
181580,May,1,,1,10651
181810,Sep,1,,1,10320
181813,Aug,1,,1,10320
182008,Apr,0.5,,2,10651
182094,Aug,1,,1,10651
182095,Jul,1,,1,10651
182097,Jul,1,,1,10651
182098,Jul,0.5,,2,10651
182153,Jul,1,,1,10651
182250,Feb,1,,1,10053
182900,Jun,1,,1,10651
182901,Aug,1,,1,10651
182999,Aug,1,,1,10651
183001,May,1,,1,10651
183003,Jun,1,,1,10651
183005,Jun,1,,1,10651
183007,Jun,1,,1,10651
183013,May,1,,1,10651
183015,Jun,1,,1,10651
183016,Jun,1,,1,10651
183017,Jul,1,,1,10651
183018,Jun,1,,1,10651
183019,Jun,1,,1,10651
183020,Jun,1,,1,10651
183021,Jul,1,,1,10651
183023,Jun,1,,1,10651
183024,Jul,0.5,,2,10651
183026,Jul,1,,1,10651
183027,Jul,0.5,,2,10651
183028,May,1,,1,10651
183030,Jun,1,,1,10651
183032,May,1,,1,10651
183035,Jun,1,,1,10651
183036,May,1,,1,10651
183037,May,1,,1,10651
183042,Jun,1,,1,10651
183043,Jul,1,,1,10651
183045,May,1,,1,10651
183047,May,1,,1,10651
183048,May,1,,1,10651
183311,Jul,1,,1,10651
183313,Jun,1,,1,10651
183315,Jul,1,,1,10651
183320,Jul,1,,1,10651
184144,May,1,,1,10053
184507,Jun,1,,1,10651
184948,Jun,1,,1,10651
184954,May,1,,1,10651
184957,Jun,1,,1,10651
185031,Jul,1,,1,10651
185032,Jul,1,,1,10651
185033,Sep,1,,1,10651
185036,Jun,1,,1,10651
185037,Jul,1,,1,10651
185061,Jun,1,,1,10651
185158,Jul,1,,1,10320
185181,Jun,1,,1,10651
185239,Jul,1,,1,10651
185263,variable,1,,1,10053
186087,Feb,1,,1,10053
186172,May,1,,1,10651
186175,May,1,,1,10651
186176,May,1,,1,10651
186177,Jun,1,,1,10651
186178,Jun,0.5,,2,10651
186184,Apr,1,,1,10651
187191,May,1,,1,10292
188418,Jul,1,,1,10651
188419,Jul,1,,1,10651
189124,Aug,1,,1,10651
189586,Jul,1,,1,10651
189601,Jun,1,,1,10651
189617,Jul,1,,1,10651
189618,Jun,1,,1,10651
189621,Apr,1,,1,10651
189629,Sep,1,,1,10651
189637,May,1,,1,10651
189643,Jun,1,,1,10651
189644,Jun,1,,1,10651
189653,Jul,0.5,,2,10651
189655,Jul,1,,1,10651
189656,Jun,1,,1,10651
189657,Aug,1,,1,10651
189674,Jul,1,,1,10651
189683,May,1,,1,10651
189686,Jun,1,,1,10651
189688,Jun,1,,1,10651
189689,Jul,1,,1,10651
189690,Jul,1,,1,10651
189694,Aug,1,,1,10651
189697,Jul,1,,1,10651
189699,Aug,1,,1,10651
189701,Jun,1,,1,10651
189702,Jul,0.5,,2,10651
189703,Jul,1,,1,10651
189706,Apr,0.5,,2,10651
189716,Sep,1,,1,10651
189717,May,1,,1,10651
189721,Jul,1,,1,10651
189735,May,1,,1,10651
189743,Jun,1,,1,10651
189744,May,1,,1,10651
189747,Aug,1,,1,10651
189753,Jun,1,,1,10651
189755,Jun,1,,1,10651
189764,Jun,1,,1,10651
189771,Jul,1,,1,10651
189774,Jul,1,,1,10651
189775,May,1,,1,10651
189777,Jun,1,,1,10651
189780,Jun,1,,1,10651
191286,Jul,1,,1,10651
191781,Dec,1,,1,10320
191783,Dec,1,,1,10320
191784,Dec,1,,1,10320
191785,Dec,1,,1,10320
191786,Oct,1,,1,10320
191792,Nov,1,,1,10320
191795,Jun,1,,1,10320
191808,Nov,1,,1,10320
191817,Oct,1,,1,10320
191821,Oct,1,,1,10320
191830,Mar,1,,1,10320
191833,Oct,1,,1,10320
191839,Dec,1,,1,10320
191994,Sep,1,,1,10320
192001,Aug,1,,1,10320
192002,Oct,1,,1,10320
192011,Aug,1,,1,10320
192034,Aug,1,,1,10320
192036,Aug,1,,1,10320
192636,variable,1,,1,10053
192751,Aug,1,,1,10651
192762,Jun,1,,1,10651
192770,May,1,,1,10651
192772,May,1,,1,10651
192775,Jun,1,,1,10651
192781,May,1,,1,10651
192784,May,1,,1,10651
192787,Jul,1,,1,10651
192789,May,1,,1,10651
192792,Jun,1,,1,10651
192797,May,1,,1,10651
192799,Jul,1,,1,10651
192802,Jul,1,,1,10651
192805,Jul,1,,1,10651
192806,Jun,1,,1,10651
192807,Jul,1,,1,10651
192809,Jun,1,,1,10651
192812,Jun,1,,1,10651
192815,Jun,1,,1,10651
192818,May,1,,1,10651
192823,May,1,,1,10651
192824,May,1,,1,10651
192827,Jun,1,,1,10651
192828,Apr,1,,1,10651
192830,Jun,1,,1,10651
192831,Jul,0.5,,2,10651
192835,Apr,1,,1,10651
192836,Jun,1,,1,10651
192837,Aug,0.5,,2,10651
192838,Apr,1,,1,10651
192839,Jun,1,,1,10651
192842,Jun,1,,1,10651
192844,May,1,,1,10651
192846,May,1,,1,10651
192847,May,1,,1,10651
192848,Jun,1,,1,10651
192849,May,1,,1,10651
192851,May,1,,1,10651
192856,May,1,,1,10651
192859,Jul,1,,1,10651
192862,Jul,1,,1,10651
192866,Jul,1,,1,10651
192869,Apr,1,,1,10651
192872,May,1,,1,10651
192874,Jun,1,,1,10651
192877,May,1,,1,10651
192879,May,1,,1,10651
192880,Jun,1,,1,10651
192881,May,1,,1,10651
192885,Mar,1,,1,10651
192889,May,1,,1,10651
192897,Apr,1,,1,10651
192900,May,1,,1,10651
192902,Jul,1,,1,10651
192904,Jul,1,,1,10651
192907,Apr,1,,1,10651
192908,Jun,1,,1,10651
192909,Jun,1,,1,10651
192913,Jun,1,,1,10651
193399,Jan,1,,1,10320
193727,Jun,1,,1,10651
193732,Jul,1,,1,10651
193749,Jul,1,,1,10651
194247,Feb,1,,1,10053
194769,Dec,1,,1,10320
194776,Sep,1,,1,10320
194778,Oct,1,,1,10320
194784,Dec,1,,1,10320
194785,Apr,1,,1,10320
194795,Sep,1,,1,10320
194798,Dec,1,,1,10320
194802,Sep,1,,1,10320
194803,Feb,1,,1,10320
194804,Sep,1,,1,10320
194807,Feb,1,,1,10320
194808,Apr,1,,1,10320
194812,Sep,1,,1,10320
194817,Feb,1,,1,10320
194907,Apr,1,,1,10651
195301,Jun,1,,1,10053
195323,Oct,1,,1,10320
195938,Jun,1,,1,10651
195942,Jul,1,,1,10651
195943,Sep,1,,1,10651
195944,May,1,,1,10651
195945,Jun,1,,1,10651
195947,Aug,1,,1,10651
195951,May,1,,1,10651
195953,Apr,1,,1,10651
195960,Jul,1,,1,10651
195967,May,1,,1,10651
195971,Jun,1,,1,10651
195972,May,1,,1,10651
195974,May,1,,1,10651
195977,Jun,1,,1,10651
195985,Jul,1,,1,10651
195986,Apr,1,,1,10651
195988,Jul,1,,1,10651
195990,Jun,1,,1,10651
195994,Jul,1,,1,10651
195995,Jul,1,,1,10651
195996,Jul,1,,1,10651
196004,Aug,1,,1,10651
196005,Jul,1,,1,10651
196006,Aug,1,,1,10651
196019,Jun,1,,1,10651
196023,May,1,,1,10651
196024,Jun,1,,1,10651
196025,Jun,1,,1,10651
196028,May,1,,1,10651
196030,Jun,1,,1,10651
196032,Jul,1,,1,10651
196033,Jun,1,,1,10651
196037,May,1,,1,10651
196038,Sep,1,,1,10651
196043,May,1,,1,10651
196047,Jun,1,,1,10651
196049,May,1,,1,10651
196052,Jun,1,,1,10651
196053,Jun,1,,1,10651
196055,Jun,1,,1,10651
196056,Apr,1,,1,10651
196057,May,1,,1,10651
196061,Jul,1,,1,10651
196063,Jul,1,,1,10651
196064,Jul,1,,1,10651
196066,May,1,,1,10651
196070,Jun,1,,1,10651
196071,Aug,1,,1,10651
196075,Jun,1,,1,10651
196078,Jun,1,,1,10651
196081,Jun,1,,1,10651
196086,Jun,1,,1,10651
196091,Jun,1,,1,10651
196094,May,1,,1,10651
196095,Jul,1,,1,10651
196100,Jun,1,,1,10651
196101,Jun,1,,1,10651
196109,Jun,1,,1,10651
196111,Jun,1,,1,10651
196113,Jun,1,,1,10651
196116,May,1,,1,10651
196121,Jun,0.5,,2,10651
196124,Jun,1,,1,10651
196127,May,1,,1,10651
196128,Jun,1,,1,10651
196132,Jul,1,,1,10651
196134,May,1,,1,10651
196135,Jun,1,,1,10651
196137,Jul,1,,1,10651
196139,Jun,1,,1,10651
196142,Jun,1,,1,10651
196143,Jul,1,,1,10651
196144,Jun,1,,1,10651
196146,Apr,1,,1,10651
196149,Jul,1,,1,10651
196153,Jul,1,,1,10651
196154,Aug,1,,1,10651
196155,Aug,1,,1,10651
196157,May,1,,1,10651
196158,Jun,1,,1,10651
196163,Jun,1,,1,10651
196166,Jul,1,,1,10651
196168,Jul,1,,1,10651
196171,May,1,,1,10651
196175,May,1,,1,10651
196179,Jul,1,,1,10651
196180,Jun,1,,1,10651
196183,Jun,1,,1,10651
196186,Jun,1,,1,10651
196188,Jul,1,,1,10651
196192,Aug,1,,1,10651
196194,Jul,1,,1,10651
196199,Aug,1,,1,10651
196200,Jun,1,,1,10651
196201,Jul,1,,1,10651
196207,Aug,1,,1,10651
196221,Jun,1,,1,10651
196222,Jun,1,,1,10651
196227,Jun,1,,1,10651
196228,May,1,,1,10651
196229,Jun,1,,1,10651
196231,Jun,1,,1,10651
196232,Jun,1,,1,10651
196233,Jun,1,,1,10651
196243,Jun,1,,1,10651
196357,Jul,0.5,,2,10651
196370,Jun,1,,1,10651
196858,May,1,,1,10651
196862,Jun,0.5,,2,10651
196879,Aug,0.5,,2,10651
196887,Jun,1,,1,10651
196894,Jun,1,,1,10651
196931,Jun,1,,1,10651
196970,May,1,,1,10651
196977,May,1,,1,10651
196978,Jul,0.5,,2,10651
196987,May,1,,1,10651
197614,Apr,1,,1,10651
197785,Apr,1,,1,10053
198172,May,1,,1,10651
198174,Jun,1,,1,10651
198176,May,1,,1,10651
198187,Jul,1,,1,10651
198188,Jun,1,,1,10651
198192,Jun,1,,1,10651
198203,Jun,1,,1,10651
198204,Jul,1,,1,10651
198205,Jun,1,,1,10651
198206,Jun,1,,1,10651
198208,Jul,1,,1,10651
198212,Jun,1,,1,10651
198510,Jul,1,,1,10651
198523,Jul,1,,1,10651
198552,Jun,1,,1,10651
198556,Jun,1,,1,10651
198582,Jun,1,,1,10651
198583,May,1,,1,10651
198640,May,1,,1,10651
198644,Jun,0.5,,2,10651
198674,May,1,,1,10651
198682,May,1,,1,10651
198685,Jun,1,,1,10651
198698,May,1,,1,10651
198708,Jun,1,,1,10651
198710,May,1,,1,10651
198735,May,1,,1,10651
198744,May,1,,1,10651
198760,May,1,,1,10651
198767,May,1,,1,10651
198768,May,1,,1,10651
198772,May,1,,1,10651
198792,May,1,,1,10651
198794,May,1,,1,10651
198806,Jun,1,,1,10651
198812,May,1,,1,10651
198906,May,1,,1,10651
198941,Jun,1,,1,10651
198967,Apr,0.333,,3,10651
198979,May,1,,1,10651
199007,May,1,,1,10651
199014,Jun,1,,1,10651
199033,May,1,,1,10651
199041,Apr,1,,1,10651
199075,May,1,,1,10651
199177,Jul,1,,1,10651
199183,Jun,1,,1,10651
199188,Jun,1,,1,10651
199190,Jun,1,,1,10651
199192,Jun,0.5,,2,10651
199199,Jun,1,,1,10651
200388,Mar,1,,1,10651
200626,Aug,1,,1,10320
200812,Jul,1,,1,10651
200813,Jun,1,,1,10651
200814,Jun,1,,1,10651
200815,Jul,0.5,,2,10651
200817,Jun,1,,1,10651
200818,Aug,1,,1,10651
200821,Jul,1,,1,10651
200956,May,1,,1,10302
201097,variable,1,,1,10053
201345,Jun,1,,1,10651
201384,Jun,1,,1,10651
201438,Aug,1,,1,10651
201496,Oct,1,,1,10320
201655,Jun,1,,1,10651
201658,Jul,1,,1,10651
201659,Jun,1,,1,10651
201661,Jul,1,,1,10651
201666,Jul,1,,1,10651
201671,Jun,1,,1,10651
201675,Jun,1,,1,10651
201676,Jul,0.5,,2,10651
201683,Jun,1,,1,10651
201686,Jun,1,,1,10651
201687,Jul,1,,1,10651
201688,Jul,1,,1,10651
201689,Jul,1,,1,10651
201692,Aug,0.333,,3,10651
201695,Jun,1,,1,10651
201697,Jul,1,,1,10651
201698,Jul,1,,1,10651
201707,Jun,1,,1,10651
201708,Jun,1,,1,10651
201709,Jun,1,,1,10651
201710,Jul,1,,1,10651
201712,Aug,0.333,,3,10651
201717,Jul,0.5,,2,10651
201720,Jul,1,,1,10651
201723,Jun,1,,1,10651
201724,Jun,1,,1,10651
201727,May,1,,1,10651
201730,May,1,,1,10651
201732,Jul,1,,1,10651
201736,Jul,1,,1,10651
201738,Jun,1,,1,10651
201742,Jul,1,,1,10651
201744,May,1,,1,10651
201746,Jun,1,,1,10651
201747,Jun,1,,1,10651
201748,Jun,1,,1,10651
201749,Jun,0.5,,2,10651
201750,Jun,1,,1,10651
201754,Jul,1,,1,10651
201755,Jul,1,,1,10651
201759,Jun,1,,1,10651
201760,Jul,1,,1,10651
201762,Jun,1,,1,10651
201766,Jun,1,,1,10651
201767,Jul,1,,1,10651
201771,Jul,1,,1,10651
201772,Jul,1,,1,10651
201774,Jul,1,,1,10651
201775,Jun,1,,1,10651
201776,Jun,1,,1,10651
201780,Jul,0.5,,2,10651
201781,Jun,1,,1,10651
201784,Jun,1,,1,10651
201785,Jun,1,,1,10651
201789,Jul,1,,1,10651
201790,Jun,1,,1,10651
201793,Jul,1,,1,10651
201796,Jul,1,,1,10651
201801,Jul,0.5,,2,10651
201803,Dec,1,,1,10302
201804,Jun,0.5,,2,10651
201805,Jun,1,,1,10651
201806,Jul,1,,1,10651
201807,May,1,,1,10651
201808,Jun,1,,1,10651
201809,Jun,1,,1,10651
204146,Jul,1,,1,10651
204164,Jun,1,,1,10651
204322,Apr,1,,1,10651
204347,Jun,1,,1,10651
204407,May,1,,1,10651
204519,Aug,1,,1,10651
204615,Aug,1,,1,10651
204656,Jun,1,,1,10302
204883,variable,1,,1,10053
205144,Jun,1,,1,10651
205287,Jun,1,,1,10651
205325,Jun,1,,1,10651
205349,Jun,1,,1,10651
205416,Jun,1,,1,10651
205555,Jul,1,,1,10320
206540,Aug,1,,1,10651
209891,Jun,1,,1,10651
209892,Jul,0.5,,2,10651
211710,May,1,,1,10651
211846,May,1,,1,10651
211852,May,1,,1,10651
211893,May,1,,1,10651
211894,Jun,1,,1,10651
211919,May,1,,1,10651
212085,May,1,,1,10651
212189,Aug,1,,1,10651
212194,Apr,1,,1,10651
212210,May,1,,1,10651
212292,Jul,1,,1,10651
212410,Mar,0.667,,3,"10302,10651"
212420,May,1,,1,10302
212423,Mar,1,,1,10302
212518,Jul,1,,1,10651
212527,Apr,1,,1,10651
212528,Apr,1,,1,10651
212529,Apr,1,,1,10651
212531,May,1,,1,10651
212532,Jun,1,,1,10651
212533,Apr,1,,1,10651
212534,Apr,1,,1,10651
212535,Apr,1,,1,10651
212536,Apr,1,,1,10651
212537,Jun,1,,1,10651
212538,Apr,1,,1,10651
212539,May,1,,1,10651
212540,Jun,1,,1,10651
212541,May,1,,1,10651
212544,Mar,1,,1,10651
212550,Apr,1,,1,10651
212551,Jun,1,,1,10651
212553,May,1,,1,10651
212555,May,1,,1,10651
212573,May,1,,1,10651
212578,May,1,,1,10651
212603,Dec,1,,1,10320
212644,Jul,1,,1,10651
212645,Aug,1,,1,10651
212646,Jul,1,,1,10651
212647,Aug,1,,1,10651
212648,Aug,1,,1,10651
212757,Jun,1,,1,10651
212760,Jul,1,,1,10651
212789,May,1,,1,10320
212792,Nov,1,,1,10320
213022,Jul,1,,1,10651
213023,Jul,1,,1,10651
213024,May,1,,1,10651
213036,May,1,,1,10651
213040,Jun,1,,1,10651
213051,Jul,1,,1,10651
213056,Apr,0.5,,2,10651
213058,Jul,1,,1,10651
213059,May,1,,1,10651
213071,May,1,,1,10651
213072,Jun,1,,1,10651
213075,Jul,1,,1,10651
213078,Jun,1,,1,10651
213096,Dec,0.5,,2,10302
213102,Jul,1,,1,10651
213105,Jul,1,,1,10651
213106,May,1,,1,10651
213108,Jun,1,,1,10651
213112,May,1,,1,10651
213114,May,1,,1,10651
213120,Jun,1,,1,10651
213121,Jul,1,,1,10651
213124,Jun,1,,1,10651
213126,May,1,,1,10651
213128,May,1,,1,10651
213133,May,1,,1,10651
213134,Jun,1,,1,10651
213135,May,1,,1,10651
213136,Jun,1,,1,10651
213140,Aug,1,,1,10651
213144,May,1,,1,10651
213148,May,1,,1,10651
213161,May,1,,1,10651
213167,Jun,1,,1,10651
213172,Jul,1,,1,10651
213173,Jul,1,,1,10651
213174,Apr,1,,1,10651
213177,Jul,1,,1,10651
213178,Jul,1,,1,10651
213185,May,1,,1,10651
213187,Apr,1,,1,10651
213193,Aug,1,,1,10651
213194,Jun,1,,1,10651
213195,May,1,,1,10651
213201,May,1,,1,10651
213216,May,1,,1,10651
213217,Apr,1,,1,10651
213219,May,1,,1,10651
213220,Apr,1,,1,10651
213229,Jul,1,,1,10651
213234,Apr,1,,1,10651
213237,Jul,1,,1,10651
213240,Jul,1,,1,10302
213243,Aug,1,,1,10651
213245,Jul,0.5,,2,10651
213247,May,1,,1,10651
213248,Jun,1,,1,10651
213249,Jul,1,,1,10651
213250,Jun,1,,1,10651
213253,May,1,,1,10651
213261,Jun,1,,1,10651
213263,Jun,1,,1,10651
213265,May,1,,1,10651
213266,Aug,1,,1,10651
213275,May,1,,1,10651
213281,May,1,,1,10651
213283,Jun,1,,1,10651
213285,Jun,1,,1,10651
213293,Jun,1,,1,10651
213296,May,1,,1,10651
213298,Apr,1,,1,10651
213299,Jun,1,,1,10651
213310,May,1,,1,10651
213318,Jul,1,,1,10651
213323,Jun,1,,1,10651
213324,Apr,1,,1,10651
213325,Jun,1,,1,10651
213329,Apr,1,,1,10651
213330,Jul,1,,1,10651
213331,Jul,1,,1,10651
213332,Jul,1,,1,10651
213333,May,1,,1,10651
213334,May,1,,1,10651
213338,May,1,,1,10651
213345,May,1,,1,10651
213349,Jul,1,,1,10651
213359,Jun,1,,1,10651
213362,Jul,1,,1,10651
213365,Jun,1,,1,10651
213373,Jul,1,,1,10651
213378,Aug,1,,1,10651
213379,May,1,,1,10651
213387,May,1,,1,10651
213394,May,1,,1,10651
213405,Jul,1,,1,10651
213406,Jul,1,,1,10651
213409,May,1,,1,10651
213410,May,1,,1,10651
213411,Jun,1,,1,10651
213430,Jul,1,,1,10651
213432,May,1,,1,10651
213438,Jul,1,,1,10651
213442,May,1,,1,10651
213444,Jul,1,,1,10651
213446,Jun,1,,1,10651
213455,Jul,1,,1,10651
213458,Jul,1,,1,10651
213462,Jun,1,,1,10651
213463,Jun,1,,1,10651
213474,Apr,1,,1,10651
213475,Jun,1,,1,10651
213478,Jul,1,,1,10651
213479,Aug,1,,1,10651
213487,May,1,,1,10651
213724,May,1,,1,10651
213906,Jun,1,,1,10651
213966,Jun,1,,1,10651
214016,Apr,1,,1,10651
214096,May,1,,1,10651
214097,Jun,1,,1,10651
214106,Jun,1,,1,10651
214129,May,1,,1,10651
214135,Jun,1,,1,10651
214163,Jun,1,,1,10651
214164,Jun,0.5,,2,10651
214230,May,1,,1,10651
214232,Jun,1,,1,10651
214236,Apr,1,,1,10651
214261,Jul,1,,1,10651
214858,Apr,1,,1,10651
215124,May,1,,1,10651
215132,May,1,,1,10651
215140,Apr,0.5,,2,10651
215148,Mar,1,,1,10651
215154,Mar,1,,1,10651
215247,Jul,1,,1,10651
215270,Jan,1,,1,10320
215425,Feb,1,,1,10651
215426,Aug,1,,1,10651
215429,Apr,1,,1,10651
215441,Mar,1,,1,10651
215443,Feb,0.333,,3,10651
215769,Apr,1,,1,10651
215773,Jun,1,,1,10651
215778,Jun,1,,1,10651
215782,Apr,1,,1,10651
215785,May,1,,1,10651
215787,Jun,1,,1,10651
215790,Jun,1,,1,10651
215797,Apr,1,,1,10651
215799,Jul,1,,1,10651
215804,May,1,,1,10651
215806,Jun,1,,1,10651
215845,Mar,1,,1,10651
215849,Apr,1,,1,10651
215850,Mar,1,,1,10651
216059,Mar,1,,1,10651
216065,Mar,1,,1,10651
216077,May,1,,1,10651
216082,Apr,1,,1,10651
216087,Mar,1,,1,10651
216089,May,1,,1,10651
216094,Jun,1,,1,10651
216095,Apr,1,,1,10651
216096,May,1,,1,10651
216102,Jun,1,,1,10651
216107,Jun,1,,1,10651
216112,Apr,1,,1,10651
216119,Apr,1,,1,10651
216124,May,1,,1,10651
216154,Mar,1,,1,10651
216158,Apr,1,,1,10651
216160,Apr,1,,1,10651
216163,Apr,1,,1,10651
216167,Mar,1,,1,10651
216174,Apr,1,,1,10651
216175,Mar,1,,1,10651
216176,May,1,,1,10651
216181,Apr,1,,1,10651
216187,Mar,1,,1,10651
216188,May,1,,1,10651
216192,Apr,1,,1,10651
216194,Apr,0.5,,2,10651
216195,Apr,1,,1,10651
216196,May,1,,1,10651
216200,Mar,1,,1,10651
216204,Apr,1,,1,10651
216205,Apr,1,,1,10651
216206,Apr,1,,1,10651
216212,Jun,1,,1,10651
216216,Jul,1,,1,10651
216220,Jun,1,,1,10651
216231,Jun,1,,1,10651
216239,Apr,1,,1,10651
216244,Apr,1,,1,10651
216250,Mar,1,,1,10651
216254,Mar,1,,1,10651
216257,Feb,0.5,,2,10651
216275,May,1,,1,10651
216284,Mar,1,,1,10651
216295,Feb,1,,1,10651
216370,Jul,1,,1,10651
216372,May,1,,1,10651
216596,May,1,,1,10651
216603,Jun,1,,1,10651
216641,Jun,1,,1,10651
216644,May,1,,1,10651
216645,Jun,1,,1,10651
216733,Apr,1,,1,10651
216737,Oct,1,,1,10651
216738,Dec,1,,1,10302
216744,Oct,1,,1,10651
216757,Mar,1,,1,10651
216760,Dec,1,,1,10302
216764,Mar,1,,1,10651
216778,Sep,1,,1,10651
216779,Mar,1,,1,10651
217217,Jun,1,,1,10651
217220,Apr,1,,1,10302
217233,Apr,1,,1,10651
217234,Jun,1,,1,10651
217235,Apr,1,,1,10651
217238,Apr,0.5,,2,10651
217239,May,1,,1,10651
217244,Jun,1,,1,10651
217251,May,1,,1,10651
217252,Jun,1,,1,10651
217254,Jun,1,,1,10651
218772,Jun,1,,1,10651
218774,May,1,,1,10651
218775,Jun,1,,1,10651
218787,Jun,1,,1,10651
218828,Jul,1,,1,10320
218878,Oct,1,,1,10320
219615,Apr,1,,1,10651
219617,Mar,1,,1,10651
219618,Jun,1,,1,10651
219619,Mar,1,,1,10651
220054,May,1,,1,10651
220090,Jun,1,,1,10651
220091,Jul,1,,1,10651
220131,Jun,1,,1,10651
220136,Jul,1,,1,10302
220195,Jun,1,,1,10651
220201,Jun,1,,1,10651
220440,Jul,1,,1,10651
220441,Aug,1,,1,10651
220443,Jun,1,,1,10651
220445,Jul,1,,1,10651
220461,Jul,1,,1,10651
220465,Aug,1,,1,10651
220469,Jul,1,,1,10651
220470,Jul,1,,1,10651
220481,Jul,0.5,,2,10651
220483,Jul,1,,1,10651
221732,Jul,1,,1,10651
221737,Jul,1,,1,10651
221744,Jul,0.5,,2,10651
221748,Aug,1,,1,10651
221751,Jul,0.5,,2,10651
221756,Jul,1,,1,10651
221761,Jul,1,,1,10651
221763,Aug,1,,1,10302
221765,Jun,1,,1,10651
221771,Jun,1,,1,10651
221773,Aug,0.5,,2,10651
221779,Jul,1,,1,10651
221780,Jul,1,,1,10651
221781,Jul,1,,1,10651
221783,Jul,1,,1,10651
221787,Aug,1,,1,10651
221788,May,1,,1,10651
221797,Jun,1,,1,10302
221798,Jul,1,,1,10651
221813,Jun,1,,1,10651
221817,Jul,1,,1,10651
221820,Jun,1,,1,10651
221824,Jun,1,,1,10651
221828,Jul,1,,1,10651
221829,Jun,1,,1,10651
221837,Jun,1,,1,10651
221838,Aug,0.5,,2,10651
221839,Jun,1,,1,10651
222251,Jan,1,,1,10320
222666,Jul,0.5,,2,10651
222670,Jul,1,,1,10651
222918,Jun,1,,1,10651
222922,Jul,1,,1,10651
222924,Jun,0.5,,2,10651
222933,Aug,0.5,,2,10651
222939,Jul,1,,1,10651
222941,Aug,1,,1,10302
222948,Jul,1,,1,10651
222951,Jun,1,,1,10651
222960,Jul,1,,1,10651
222964,Jun,1,,1,10302
222966,Jun,1,,1,10651
222971,Jun,1,,1,10302
222976,Aug,1,,1,10651
223436,Jun,1,,1,10651
223438,Jun,1,,1,10651
223439,Jun,1,,1,10651
223441,Jun,1,,1,10651
223448,Jul,1,,1,10651
223459,Jun,1,,1,10651
223479,Jul,1,,1,10651
223486,Sep,1,,1,10651
223489,Aug,1,,1,10651
223527,Jul,1,,1,10651
223531,Jul,1,,1,10651
223533,Jun,1,,1,10651
223534,Jul,1,,1,10651
223536,Jul,1,,1,10651
223621,Jul,1,,1,10651
223625,Jul,1,,1,10651
223636,Jul,1,,1,10651
223645,Jul,1,,1,10302
223649,Jun,1,,1,10651
223938,Jun,1,,1,10302
223943,May,1,,1,10651
224370,Jul,1,,1,10651
224413,Jun,1,,1,10651
224426,Jun,1,,1,10651
224445,variable,1,,1,10053
224477,Jul,1,,1,10302
224502,May,1,,1,10651
224505,Jun,1,,1,10651
225073,Jul,0.5,,2,10651
225091,Jun,1,,1,10651
225097,Jul,1,,1,10651
225113,Jun,1,,1,10651
225114,Jul,1,,1,10651
225161,Jun,1,,1,10651
225204,Jul,1,,1,10651
225206,Jul,1,,1,10651
225208,Jul,1,,1,10651
225453,Jul,1,,1,10651
225481,Apr,1,,1,10651
225586,Jun,1,,1,10651
225848,Jul,1,,1,10651
225851,Jun,1,,1,10651
225859,Jun,1,,1,10651
225876,Jun,1,,1,10651
225877,Jul,1,,1,10651
225886,Jul,1,,1,10651
225900,Jul,1,,1,10651
225901,Jul,0.5,,2,10651
226076,Jul,1,,1,10651
226176,Aug,1,,1,10651
226214,Jul,1,,1,10302
226221,Dec,1,,1,10302
226269,May,1,,1,10302
226322,Jul,1,,1,10651
226326,Dec,1,,1,10302
226335,Jun,1,,1,10651
226372,Jul,1,,1,10302
226691,Jul,1,,1,10651
226698,Jul,1,,1,10651
226722,Jul,1,,1,10651
226730,Dec,0.333,,3,10302
226737,Jun,1,,1,10651
226824,Jun,1,,1,10651
226830,Jul,1,,1,10651
226864,May,1,,2,"10302,10651"
226865,Aug,1,,1,10651
226867,Sep,1,,1,10651
226868,May,1,,1,10651
226874,Jul,1,,1,10302
226883,Jun,1,,1,10651
226892,Jul,1,,1,10651
227178,Jul,1,,1,10651
227184,Jun,0.5,,2,10651
227187,Jun,0.5,,2,10651
227190,Jul,1,,1,10651
227224,May,1,,1,10651
227229,Jun,1,,1,10651
227230,Jul,0.5,,2,10651
227232,May,1,,1,10651
227233,Jul,1,,1,10651
227244,Jun,1,,1,10651
227247,May,1,,1,10651
227248,Jun,1,,1,10651
227253,Jun,1,,1,10651
227297,Jun,1,,1,10651
227299,Jun,1,,1,10651
227307,May,1,,1,10651
227311,Apr,1,,1,10342
227313,Jun,1,,1,10651
227708,May,1,,1,10651
227712,May,1,,1,10651
227768,Aug,0.5,,2,10651
227783,Jun,1,,1,10651
227789,Oct,1,,1,10651
227798,Aug,1,,1,10651
227813,Jun,1,,1,10651
227820,Jun,1,,1,10651
227878,Jun,1,,1,10651
227895,Jul,1,,1,10651
227902,Jul,1,,1,10651
227911,May,1,,1,10651
227915,Jun,1,,1,10651
227918,May,1,,1,10651
227919,May,1,,1,10651
227922,Jun,1,,1,10651
227923,Jun,1,,1,10651
227927,May,1,,1,10651
227947,May,1,,1,10651
227954,Apr,1,,1,10651
227958,May,1,,1,10651
227963,Jul,1,,1,10651
228039,Jul,0.5,,2,10651
228047,Apr,1,,1,10651
228080,Jun,1,,1,10302
228113,Jul,1,,1,10651
228119,Jun,1,,1,10651
228149,Jul,1,,1,10651
228155,Jun,1,,1,10651
228194,May,1,,1,10651
228199,Jun,1,,1,10651
228203,Jun,1,,1,10651
228213,May,1,,1,10651
228214,Jun,1,,1,10651
228221,Jul,1,,1,10651
228227,Jun,1,,1,10651
228230,Jun,1,,1,10651
228232,Jun,0.5,,2,10651
228233,May,1,,1,10651
228431,May,1,,1,10651
228444,May,1,,1,10651
228590,Aug,1,,1,10651
289858,Jun,1,,1,10651
289859,Jul,1,,1,10651
289864,Jun,1,,1,10651
289888,Feb,1,,1,10053
289933,Jul,1,,1,10651
289934,Jul,1,,1,10651
289939,Jun,1,,1,10053
289944,Dec,1,,1,10053
289947,Apr,1,,1,10053
289949,Sep,1,,1,10053
289950,variable,1,,1,10053
289951,Feb,1,,1,10053
289953,variable,1,,1,10053
289956,Nov,1,,1,10053
289959,Mar,1,,1,10053
289960,variable,1,,1,10053
289961,variable,1,,1,10053
289962,Jan,1,,1,10053
289964,Mar,1,,1,10053
289965,Mar,1,,1,10053
289966,Oct,1,,1,10053
289968,variable,1,,1,10053
289969,variable,1,,1,10053
289971,Aug,1,,1,10053
289973,Jan,1,,1,10053
290640,Jul,1,,1,10651
290735,May,1,,1,10097
290783,Jun,1,,1,10651
290887,May,1,,1,10093
292280,Feb,1,,1,10053
293263,variable,1,,1,10053
293968,Jun,1,,1,10651
293969,Aug,1,,1,10651
293970,May,1,,1,10651
293974,Jul,1,,1,10651
293994,Jun,1,,1,10651
293996,Jun,1,,1,10651
293999,Jun,1,,1,10651
294011,Jul,1,,1,10651
294014,Jun,1,,1,10651
294239,Jun,1,,1,10651
294243,May,1,,1,10651
294244,Jul,1,,1,10651
294246,Jul,1,,1,10651
294247,Jun,1,,1,10651
294249,May,1,,1,10651
294250,May,1,,1,10651
294253,May,1,,1,10651
294256,May,1,,1,10651
294258,Jun,1,,1,10651
294261,Jun,1,,1,10651
294262,Jul,1,,1,10651
294264,Aug,0.5,,2,10651
294265,Jul,1,,1,10651
294269,Jun,1,,1,10651
294270,Jun,1,,1,10651
294271,Jun,1,,1,10651
294272,Jul,1,,1,10651
294275,Jun,1,,1,10651
294276,Jul,1,,1,10651
294277,Aug,1,,1,10651
294278,Aug,1,,1,10651
294279,Jul,1,,1,10651
294280,Aug,0.5,,2,10651
294282,Jun,1,,1,10651
294283,Jun,1,,1,10651
294284,Jul,1,,1,10651
294285,Jul,1,,1,10651
294287,Jun,1,,1,10651
294466,Jul,1,,1,10651
294468,Jul,1,,1,10651
294470,Aug,1,,1,10651
294477,Aug,1,,1,10651
294478,Aug,1,,1,10651
294480,Jul,1,,1,10651
294483,Jul,1,,1,10651
294485,Jul,1,,1,10651
294486,Aug,1,,1,10651
294487,Jul,1,,1,10651
294488,Jul,1,,1,10651
294489,Jul,1,,1,10651
294490,Jul,1,,1,10651
294491,Apr,1,,1,10651
294492,Apr,1,,1,10651
294494,Apr,1,,1,10651
294495,May,1,,1,10651
294496,Jun,1,,1,10651
294497,Jul,0.5,,2,10651
294500,Jun,1,,1,10651
294502,Jul,1,,1,10651
294503,Aug,0.333,,3,10651
294504,Jul,1,,1,10651
294505,Sep,1,,1,10651
294506,May,1,,1,10651
294508,May,1,,1,10651
294509,Jun,1,,1,10651
294516,Jul,1,,1,10651
294518,Jun,1,,1,10651
294521,Jun,1,,1,10651
294522,Jul,1,,1,10651
294523,Jul,1,,1,10651
294525,Aug,1,,1,10651
294526,Jul,1,,1,10651
294530,Jun,1,,1,10651
294532,Jul,1,,1,10651
294534,May,1,,1,10651
294535,Jul,1,,1,10651
294536,Jul,1,,1,10651
294537,Jul,1,,1,10651
294539,Jul,1,,1,10651
294540,Jul,1,,1,10651
294543,Jul,1,,1,10651
294544,Jul,1,,1,10651
294545,Jun,1,,1,10651
294546,May,1,,1,10651
294549,Jun,1,,1,10651
294553,Jul,1,,1,10651
294554,Jul,1,,1,10651
294556,Jun,1,,1,10651
294557,May,1,,1,10651
294566,Jul,1,,1,10651
294571,Jun,1,,1,10302
294579,Jun,1,,1,10302
294594,Jun,1,,1,10651
294596,Jun,1,,1,10651
294599,Jun,0.5,,2,10651
294601,May,1,,1,10651
294607,May,1,,1,10651
294609,Jul,1,,1,10651
294621,Apr,1,,1,10651
294626,Aug,0.5,,2,10651
294631,Apr,1,,1,10651
294632,Apr,1,,1,10651
294633,Apr,0.5,,2,10651
294636,May,1,,1,10651
294638,Jun,1,,1,10651
294639,Jun,1,,1,10651
294640,Jun,1,,1,10651
294646,Jul,0.5,,2,10651
294647,Jun,0.5,,2,10651
294648,Jul,1,,1,10651
294649,Jun,1,,1,10651
294650,Jun,1,,1,10651
294651,Jun,1,,1,10651
294653,Aug,1,,1,10651
294655,Aug,1,,1,10651
294656,Jun,1,,1,10651
294657,Jul,1,,1,10651
294658,May,1,,1,10651
294659,Jul,1,,1,10651
294661,Jul,0.5,,2,10651
294662,Jun,1,,1,10651
294663,Apr,0.5,,2,10651
294666,May,1,,1,10651
294668,Jul,1,,1,10651
294669,May,1,,1,10651
294671,Jul,0.5,,2,10651
294676,Apr,1,,1,10651
294677,May,1,,1,10651
294678,May,1,,1,10651
294679,Jul,1,,1,10651
294680,Mar,1,,1,10651
294682,Apr,1,,1,10651
294683,May,1,,1,10651
294684,Apr,0.333,,3,10651
294685,Jul,0.5,,2,10651
294687,Jul,0.5,,2,10651
294688,Jun,1,,1,10651
294691,Jul,0.5,,2,10651
294694,Jun,1,,1,10651
294696,May,1,,1,10651
294698,May,1,,1,10651
294699,Jun,1,,1,10651
294700,Jun,1,,1,10651
294701,May,1,,1,10651
294702,Jun,1,,1,10651
294706,Jun,1,,1,10651
294707,Jul,1,,1,10651
294709,Jul,1,,1,10651
294711,Jun,1,,1,10651
294712,Jun,1,,1,10651
294713,Jul,0.5,,2,10651
294714,Jun,1,,1,10651
294715,Jul,1,,1,10651
294716,Jun,1,,1,10651
294717,Jul,1,,1,10651
294718,Jun,1,,1,10651
294719,Jun,1,,1,10651
294720,Jul,1,,1,10651
294722,Apr,0.5,,2,10651
294724,Apr,1,,1,10651
294725,Jul,1,,1,10651
294727,Apr,1,,1,10651
294728,Jun,1,,1,10651
294729,Jun,1,,1,10651
294730,Jun,1,,1,10651
294731,Apr,1,,1,10651
294734,Jul,1,,1,10651
294735,Jun,1,,1,10651
294736,Jul,1,,1,10651
294737,Jul,1,,1,10651
294740,Apr,1,,1,10651
294742,Aug,1,,1,10651
294743,Aug,1,,1,10651
294744,May,1,,1,10651
294747,Jul,1,,1,10651
294748,Jun,1,,1,10651
294753,Jul,1,,1,10651
294755,Jul,1,,1,10651
294756,Jul,0.5,,2,10651
294761,May,1,,1,10651
294762,May,1,,1,10651
294763,Jun,1,,1,10651
294765,Jul,1,,1,10651
294766,May,1,,1,10651
294768,May,1,,1,10651
294769,May,1,,1,10651
294770,May,1,,1,10651
294773,Apr,1,,1,10651
294774,Jul,0.5,,2,10651
294775,Apr,1,,1,10651
294777,Apr,0.5,,2,10651
294778,Jul,1,,1,10651
294781,Jul,1,,1,10651
294782,Jul,1,,1,10651
294783,Jun,1,,1,10651
294784,Apr,0.5,,2,10651
294785,May,1,,1,10651
294786,Jul,1,,1,10651
294787,Apr,1,,1,10651
294788,Jun,1,,1,10651
294789,Jul,1,,1,10651
294790,Apr,0.5,,2,10651
294791,Jun,1,,1,10651
294792,Jun,1,,1,10651
294793,Jul,1,,1,10651
294795,May,1,,1,10651
294796,May,1,,1,10651
294797,Jun,1,,1,10651
294799,Jun,1,,1,10651
294800,May,1,,1,10651
294801,Jun,1,,1,10651
294802,Jul,1,,1,10651
294803,Jun,1,,1,10651
294805,Jul,1,,1,10651
294808,May,1,,1,10651
294810,Jun,1,,1,10651
294811,May,1,,1,10651
294815,May,1,,1,10651
294816,Jun,1,,1,10651
294818,May,1,,1,10651
294819,Jun,1,,1,10651
294820,Apr,1,,1,10651
294821,May,1,,1,10651
294822,Apr,1,,1,10651
294823,Apr,1,,1,10651
294824,Apr,1,,1,10651
294825,Apr,1,,1,10651
294826,Jul,1,,1,10651
294827,Apr,1,,1,10651
294828,May,1,,1,10651
294829,Jun,1,,1,10651
294830,May,1,,1,10651
294831,Apr,1,,1,10651
294832,Apr,1,,1,10651
294833,May,1,,1,10651
294834,Jun,1,,1,10651
294835,May,1,,1,10651
294836,Jun,1,,1,10651
294837,Apr,1,,1,10651
294838,Jul,1,,1,10651
294839,Jun,1,,1,10651
294840,Jul,1,,1,10651
294841,May,1,,1,10651
294842,Jun,1,,1,10651
294845,Mar,0.5,,2,10651
294846,May,1,,1,10651
294848,Apr,1,,1,10651
294849,Apr,1,,1,10651
294850,Jun,1,,1,10651
294851,Jul,1,,1,10651
294852,May,1,,1,10651
294853,Jun,1,,1,10651
294854,Jun,1,,1,10651
294855,Jun,1,,1,10651
294863,Apr,1,,1,10651
294865,May,1,,1,10651
294867,May,1,,1,10651
294869,Jun,1,,1,10651
294870,Jun,1,,1,10651
294871,Jul,0.5,,2,10651
294872,May,1,,1,10651
294873,Jul,1,,1,10651
294875,Jun,1,,1,10651
294876,Jul,1,,1,10651
294877,Jul,1,,1,10651
294884,Apr,1,,1,10651
294885,May,1,,1,10651
294886,May,1,,1,10651
294887,May,1,,1,10651
294888,Jul,1,,1,10651
294889,Jun,1,,1,10651
294891,May,1,,1,10651
294892,Apr,1,,1,10651
294894,Apr,1,,1,10651
294895,May,1,,1,10651
294896,May,1,,1,10651
294897,Mar,1,,1,10651
294898,Jun,1,,1,10651
294899,May,1,,1,10651
294900,Apr,1,,1,10651
294901,Jul,0.5,,2,10651
294905,May,1,,1,10651
294906,Jul,1,,1,10651
294907,Jun,1,,1,10651
294908,Jun,1,,1,10651
294909,May,1,,1,10651
294911,May,1,,1,10651
294912,Apr,1,,1,10651
294913,May,1,,1,10651
294914,May,1,,1,10651
294915,May,1,,1,10651
294916,Jun,1,,1,10651
294917,May,1,,1,10651
294919,May,1,,1,10651
294920,Jul,1,,1,10651
294922,Jul,1,,1,10651
294923,May,1,,1,10651
294924,Jul,1,,1,10651
294925,Jun,1,,1,10651
294926,Jun,0.5,,2,10651
294927,Jun,1,,1,10651
294928,Jul,1,,1,10651
294929,Jul,1,,1,10651
294930,Jun,1,,1,10651
294931,Jul,1,,1,10651
294932,Jun,1,,1,10651
294933,Jul,1,,1,10651
294934,Jul,1,,1,10651
294935,Jul,1,,1,10651
294936,Apr,0.5,,2,10651
294937,Jun,1,,1,10651
294940,Apr,1,,1,10651
294941,Apr,1,,1,10651
294942,May,1,,1,10651
294943,Jun,1,,1,10651
294944,May,1,,1,10651
294945,Jun,1,,1,10651
294946,Jul,1,,1,10651
294947,Apr,1,,1,10651
294948,May,1,,1,10651
294950,May,1,,1,10651
294951,May,1,,1,10651
294952,Jun,1,,1,10651
294953,May,1,,1,10651
294954,May,1,,1,10651
294955,Jul,1,,1,10651
294956,May,1,,1,10651
294959,May,1,,1,10651
294961,Jul,1,,1,10651
294962,May,1,,1,10651
294963,Apr,1,,1,10651
294964,Jul,1,,1,10651
294965,Jul,1,,1,10651
294966,May,1,,1,10651
294967,Apr,1,,1,10651
294968,Jun,1,,1,10651
294970,Jun,1,,1,10651
294972,May,1,,1,10651
294974,May,1,,1,10651
294975,Jul,1,,1,10651
294976,Aug,1,,1,10651
294977,Jul,1,,1,10651
294978,Jun,1,,1,10651
294979,Jul,1,,1,10651
294980,May,1,,1,10651
294981,Jun,1,,1,10651
294982,Jun,1,,1,10651
294983,Jun,1,,1,10651
294987,May,1,,1,10651
294988,May,1,,1,10651
294989,Jul,1,,1,10651
294991,Jun,1,,1,10651
294992,Apr,1,,1,10651
294994,Jun,1,,1,10651
294995,May,1,,1,10651
294996,May,1,,1,10651
294999,Apr,1,,1,10651
295000,May,1,,1,10651
295001,May,1,,1,10651
295002,Jun,1,,1,10651
295004,May,1,,1,10651
295006,Jul,1,,1,10651
295008,Apr,1,,1,10651
295009,Jun,1,,1,10651
295011,May,1,,1,10651
295012,Apr,0.333,,3,10651
295013,Jun,1,,1,10651
295014,May,1,,1,10651
295015,May,1,,1,10651
295016,May,1,,1,10651
295017,Mar,1,,1,10651
295018,Apr,1,,1,10651
295019,Apr,1,,1,10651
295020,Jul,0.5,,2,10651
295021,Jun,1,,1,10651
295022,Jun,1,,1,10651
295023,Aug,1,,1,10651
295024,Jul,1,,1,10651
295025,Jul,1,,1,10651
295026,Jul,1,,1,10651
295027,Jun,0.5,,2,10651
295030,Jun,0.5,,2,10651
295031,May,1,,1,10651
295032,Jun,1,,1,10651
295033,May,1,,1,10651
295034,Jul,1,,1,10651
295035,Jul,1,,1,10651
295036,Jun,1,,1,10651
295037,May,1,,1,10651
295039,May,1,,1,10651
295040,May,1,,1,10651
295041,Jun,0.5,,2,10651
295042,Apr,1,,1,10651
295043,May,1,,1,10651
295044,Jun,1,,1,10651
295045,May,1,,1,10651
295047,Mar,1,,1,10651
295049,Apr,1,,1,10651
295055,Jul,1,,1,10651
295056,Jul,1,,1,10651
295057,Jul,1,,1,10651
295058,Jun,1,,1,10651
295059,Jul,1,,1,10651
295060,Jul,1,,1,10651
295061,Jul,1,,1,10651
295062,Jun,1,,1,10651
295065,May,1,,1,10651
295067,Jul,1,,1,10651
295068,May,1,,1,10651
295069,Jul,1,,1,10651
295072,May,1,,1,10651
295073,Aug,1,,1,10651
295074,Jul,1,,1,10651
295078,Aug,1,,1,10651
295080,Aug,1,,1,10651
295083,Aug,1,,1,10651
295085,Jun,1,,1,10651
295086,Aug,1,,1,10651
295089,May,1,,1,10651
295090,Jul,1,,1,10651
295091,Jun,1,,1,10651
295092,Jun,1,,1,10651
295093,Jun,1,,1,10651
295094,Jun,1,,1,10651
295095,May,1,,1,10651
295096,Jul,1,,1,10651
295097,Jun,1,,1,10651
295098,Jun,1,,1,10651
295099,Jul,1,,1,10651
295100,Aug,1,,1,10651
295101,Jul,1,,1,10651
295102,Jul,1,,1,10651
295103,Jul,1,,1,10651
295104,Aug,0.5,,2,10651
295105,Jul,1,,1,10651
295107,Jul,1,,1,10651
295118,Jul,1,,1,10651
295119,Jul,1,,1,10651
295120,May,1,,1,10651
295121,May,1,,1,10651
295122,May,1,,1,10651
295123,Apr,1,,1,10651
295124,Jun,1,,1,10651
295126,Jul,1,,1,10651
295127,Jul,0.5,,2,10651
295128,Jun,1,,1,10651
295129,Jun,1,,1,10651
295130,Apr,1,,1,10651
295131,Jul,1,,1,10651
295132,Jun,1,,1,10651
295133,Jul,1,,1,10651
295134,Jun,1,,1,10651
295136,May,1,,1,10651
295137,Jul,0.5,,2,10651
295138,Apr,0.5,,2,10651
295139,May,1,,1,10651
295140,Jul,1,,1,10651
295143,Jul,1,,1,10651
295144,Jun,1,,1,10651
295145,Jun,1,,1,10651
295146,Jun,1,,1,10651
295147,Jul,1,,1,10651
295148,May,1,,1,10651
295149,Jul,1,,1,10651
295150,Jun,1,,1,10651
295151,Apr,1,,1,10651
295152,Jun,1,,1,10651
295154,Apr,1,,1,10651
295157,Aug,0.5,,2,10651
295161,Jun,1,,1,10651
295166,Jun,1,,1,10651
295169,Jun,1,,1,10651
295171,Jul,0.5,,2,10651
295172,Apr,1,,1,10651
295173,Apr,1,,1,10651
295174,Jul,1,,1,10651
295176,Aug,1,,1,10651
295179,Jun,1,,1,10651
295181,Jun,1,,1,10651
295183,Aug,1,,1,10651
295185,Jul,1,,1,10651
295186,Jun,1,,1,10651
295187,May,1,,1,10651
295188,Jun,1,,1,10651
295189,Jul,1,,1,10651
295191,Jul,1,,1,10651
295192,Jul,1,,1,10651
295193,May,1,,1,10651
295194,Jun,1,,1,10651
295195,Jun,1,,1,10651
295196,Jun,1,,1,10651
295197,Jun,1,,1,10651
295198,May,1,,1,10651
295199,Jun,1,,1,10651
295200,Apr,1,,1,10651
295203,May,1,,1,10651
295204,May,1,,1,10651
295207,May,1,,1,10651
295208,Jun,1,,1,10651
295210,Jun,1,,1,10651
295211,Jul,1,,1,10651
295212,Jul,1,,1,10651
295213,Jun,1,,1,10651
295214,Jul,1,,1,10651
295215,Jul,1,,1,10651
295216,Jul,1,,1,10651
295217,Jul,1,,1,10651
295218,Jul,1,,1,10651
295221,Jun,1,,1,10651
295222,May,1,,1,10651
295223,Jun,1,,1,10651
295225,Apr,1,,1,10651
295228,Jul,1,,1,10651
295231,Jul,1,,1,10651
295232,Jul,0.5,,2,10651
295233,Jun,1,,1,10651
295234,Jun,1,,1,10651
295235,Jul,1,,1,10651
295236,May,1,,1,10651
295239,Aug,1,,1,10651
295241,Jul,1,,1,10651
295242,May,1,,1,10651
295245,Jul,1,,1,10651
295247,Jun,1,,1,10651
295248,Jun,1,,1,10651
295249,Jun,1,,1,10651
295250,Jun,1,,1,10651
295251,Aug,1,,1,10651
295252,Jul,1,,1,10651
295253,Jul,1,,1,10651
295256,Aug,1,,1,10651
295258,Jul,1,,1,10651
295265,Jul,1,,1,10651
295269,Jun,1,,1,10651
295272,Jul,1,,1,10651
295275,Jul,1,,1,10651
295276,Jun,1,,1,10651
295278,Jun,1,,1,10651
295280,Jun,1,,1,10651
295281,Aug,1,,1,10651
295283,Jul,1,,1,10651
295284,Jul,1,,1,10651
295286,Jul,1,,1,10651
295287,Jul,1,,1,10651
295289,Jul,1,,1,10651
295291,Jun,1,,1,10651
295292,Jul,1,,1,10651
295293,Jul,1,,1,10651
295294,Aug,1,,1,10651
295295,Jul,1,,1,10651
295296,Jul,1,,1,10651
295297,Aug,1,,1,10651
295298,Jul,1,,1,10651
295302,Jul,1,,1,10651
295311,May,1,,1,10651
295312,Jul,1,,1,10651
295313,May,1,,1,10651
295321,May,1,,1,10651
295323,May,1,,1,10651
295326,Jul,1,,1,10651
295329,Jul,0.333,,3,10651
295331,Jun,1,,1,10651
295336,Jun,1,,1,10651
295337,May,1,,1,10651
295338,Jun,1,,1,10651
295339,May,1,,1,10651
295343,May,1,,1,10651
295344,Jun,0.5,,2,10651
295345,May,1,,1,10651
295348,Jun,1,,1,10651
295352,Jun,1,,1,10651
295353,Jul,1,,1,10651
295354,Jun,1,,1,10651
295355,Jul,1,,1,10651
295356,Jun,0.667,,3,"10042,10651"
295357,Jun,1,,1,10651
295358,Jul,1,,1,10651
295359,Jul,1,,1,10651
295360,Jun,1,,1,10651
295361,Jul,1,,1,10651
295363,May,1,,1,10651
295364,Jun,1,,1,10651
295366,Jul,1,,1,10651
295367,May,1,,1,10651
295368,Jun,0.5,,2,10651
295377,Jul,1,,1,10651
295380,May,1,,1,10651
295384,Jul,1,,1,10651
295387,Aug,1,,1,10651
295390,May,1,,1,10651
295391,Jun,1,,1,10651
295392,Jun,1,,1,10651
295396,Jun,1,,1,10651
295397,May,1,,1,10651
295399,Jun,1,,1,10651
295404,Jul,1,,1,10651
295406,Jun,1,,1,10651
295407,Jul,1,,1,10651
295410,Aug,1,,1,10651
295412,Aug,1,,1,10651
295414,Aug,1,,1,10651
295419,Jun,1,,1,10651
295420,Jun,1,,1,10651
295421,Jun,1,,1,10651
295424,Mar,1,,1,10651
295425,Jun,0.5,,2,10651
295431,Jun,1,,1,10651
295432,Jul,1,,1,10651
295433,Jun,1,,1,10651
295434,Jul,1,,1,10651
295437,Apr,1,,1,10651
295441,Jun,1,,1,10651
295445,May,1,,1,10651
295448,May,1,,1,10651
295449,Jun,1,,1,10651
295451,Aug,1,,1,10651
295453,Jul,1,,1,10651
295462,Apr,1,,1,10651
295463,Apr,1,,1,10651
295464,Apr,1,,1,10651
295465,Apr,1,,1,10651
295467,Apr,1,,1,10651
295469,Jun,1,,1,10651
295471,May,1,,1,10651
295472,Jun,1,,1,10651
295473,Jul,0.5,,2,10651
295475,Jun,0.5,,2,10651
295476,Jun,1,,1,10651
295477,May,1,,1,10651
295478,Jun,1,,1,10651
295479,Jul,1,,1,10651
295482,Mar,1,,1,10651
295483,May,1,,1,10651
295484,Mar,1,,1,10651
295485,Jun,1,,1,10651
295486,Jun,1,,1,10651
295487,Jun,1,,1,10651
295490,Jun,1,,1,10651
295492,Apr,1,,1,10651
295494,Apr,1,,1,10651
295495,Apr,1,,1,10651
295496,May,1,,1,10651
295499,Jun,1,,1,10651
295500,Jun,1,,1,10651
295502,Jul,1,,1,10651
295504,Apr,1,,1,10651
295505,Apr,1,,1,10651
295507,Jun,1,,1,10651
295508,Apr,1,,1,10651
295509,Jul,1,,1,10651
295510,Jun,1,,1,10651
295512,Apr,1,,1,10651
295514,Apr,1,,1,10651
295515,Apr,1,,1,10651
295516,Aug,1,,1,10651
295517,Jul,1,,1,10651
295518,Jul,1,,1,10651
295519,Jul,1,,1,10651
295520,Jun,1,,1,10651
295521,Jun,1,,1,10651
295522,Jul,1,,1,10651
295523,Jul,1,,1,10651
295524,Jul,1,,1,10651
295525,May,1,,1,10651
295526,Jun,1,,1,10651
295528,Jul,1,,1,10651
295531,Jul,1,,1,10651
295532,Jul,1,,1,10651
295534,Jul,1,,1,10651
295535,Jun,1,,1,10651
295536,May,1,,1,10651
295537,May,1,,1,10651
295538,Jun,1,,1,10651
295539,Aug,1,,1,10651
295540,May,1,,1,10651
295541,Jun,1,,1,10651
295542,Apr,1,,1,10651
295543,Jul,1,,1,10651
295544,Jun,0.5,,2,10651
295545,Jul,1,,1,10651
295548,Jun,1,,1,10651
295551,May,1,,1,10651
295552,Aug,1,,1,10651
295554,Jul,1,,1,10651
295555,Jun,1,,1,10651
295558,May,1,,1,10651
295561,Jul,1,,1,10651
295563,Aug,1,,1,10651
295565,Jul,1,,1,10651
295568,May,1,,1,10651
295570,May,1,,1,10651
295571,Jun,1,,1,10651
295573,May,1,,1,10651
295574,Jul,1,,1,10651
295575,Jun,1,,1,10651
295576,May,1,,1,10651
295577,May,1,,1,10651
295578,Jun,1,,1,10651
295580,Jul,1,,1,10651
295582,May,1,,1,10651
295583,Jun,1,,1,10651
295585,Jul,1,,1,10651
295586,Jul,1,,1,10651
295587,Jul,1,,1,10651
295591,Jul,1,,1,10651
295592,Jul,1,,1,10651
295594,Jul,1,,1,10651
295596,Jun,1,,1,10651
295598,Aug,1,,1,10651
295599,Jul,1,,1,10651
295600,Apr,1,,1,10651
295601,Jun,1,,1,10651
295602,Jun,1,,1,10651
295606,Apr,1,,1,10651
295609,May,1,,1,10651
295610,Jun,1,,1,10651
295611,Jun,1,,1,10651
295612,Jun,1,,1,10651
295614,Jun,1,,1,10651
295615,May,1,,1,10651
295617,Jun,1,,1,10651
295618,Jul,1,,1,10651
295620,Jul,1,,1,10651
295621,Jun,1,,1,10651
295623,Jun,1,,1,10651
295624,Jun,1,,1,10651
295625,Apr,1,,1,10651
295626,Jul,1,,1,10651
295627,Jul,1,,1,10651
295629,Jun,1,,1,10651
295630,May,1,,1,10651
295631,Jun,1,,1,10651
295632,Jun,1,,1,10651
295633,Jul,1,,1,10651
295635,Aug,1,,1,10651
295636,Jul,1,,1,10651
295637,Jun,1,,1,10651
295639,Jun,1,,1,10651
295641,Jun,1,,1,10651
295644,Jul,1,,1,10651
295646,Jun,1,,1,10651
295648,Jun,1,,1,10651
295652,Jul,1,,1,10651
295653,May,1,,1,10651
295657,Aug,1,,1,10651
295658,Jun,1,,1,10651
295659,May,1,,1,10651
295660,Jul,1,,1,10651
295662,Jul,1,,1,10651
295665,Jul,1,,1,10651
295670,Jun,1,,1,10651
295671,May,1,,1,10651
295673,Jun,1,,1,10651
295675,Jul,1,,1,10651
295676,Aug,1,,1,10651
295677,Jun,1,,1,10651
295678,Jun,1,,1,10651
295681,Aug,1,,1,10651
295682,Jun,1,,1,10651
295684,Jul,1,,1,10651
295685,May,1,,1,10651
295686,May,1,,1,10651
295687,Aug,1,,1,10651
295688,Aug,1,,1,10651
295689,Aug,0.5,,2,10651
295693,Jul,1,,1,10651
295697,May,1,,1,10651
295699,Jun,1,,1,10651
295701,Apr,1,,1,10651
295702,May,1,,1,10651
295704,Jun,1,,1,10651
295707,Jul,1,,1,10651
295708,Jul,1,,1,10651
295709,Jul,1,,1,10651
295710,Jun,1,,1,10651
295711,Apr,1,,1,10651
295712,May,1,,1,10651
295713,Sep,1,,1,10651
295715,Aug,1,,1,10651
295716,May,1,,1,10651
295717,May,1,,1,10651
295719,Jun,0.5,,2,10651
295728,May,1,,1,10651
295730,Mar,1,,1,10651
295731,Apr,1,,1,10651
295734,May,1,,1,10651
295739,Aug,0.5,,2,10651
295741,Apr,1,,1,10651
295743,May,0.667,,3,"10302,10651"
295744,Jul,1,,1,10651
295745,Jul,0.5,,2,10651
295746,May,1,,1,10651
295747,Jun,1,,1,10651
295751,Jun,1,,1,10651
295752,May,1,,1,10651
295753,Aug,1,,1,10651
295754,Jul,1,,1,10651
295756,Jul,1,,1,10651
295757,May,1,,1,10651
295758,May,1,,1,10651
295759,Jun,1,,1,10651
295760,Apr,1,,1,10651
295761,May,1,,1,10651
295762,Jun,1,,1,10651
295766,Aug,1,,1,10651
295767,Jul,1,,1,10651
295768,Jul,1,,1,10651
295769,Jul,1,,1,10651
295770,May,1,,1,10651
295771,Jul,1,,1,10651
295773,Aug,1,,1,10651
295777,Jun,1,,1,10651
295778,Jun,1,,1,10651
295779,Jun,1,,1,10651
295784,Mar,0.5,,2,10651
295786,Jul,1,,1,10651
295787,Jun,1,,1,10651
295792,Jul,1,,1,10651
295794,Apr,1,,1,10651
295800,Apr,1,,1,10651
295803,Jul,1,,1,10651
295805,May,1,,1,10651
295807,Jun,1,,1,10651
295808,Apr,1,,1,10651
295809,Jul,1,,1,10651
295810,Jul,1,,1,10651
295811,Jun,1,,1,10651
295814,Jun,0.5,,2,10651
295815,Aug,1,,1,10651
295817,Jun,1,,1,10651
295818,Jul,1,,1,10651
295820,Jun,1,,1,10651
295821,Apr,0.5,,2,10651
295822,Aug,1,,1,10651
295823,Aug,1,,1,10651
295825,Jun,1,,1,10651
295826,May,1,,1,10651
295828,Jun,1,,1,10651
295829,Mar,1,,1,10651
295831,Mar,1,,1,10651
295832,Jun,1,,1,10651
295833,Apr,1,,1,10651
295835,May,1,,1,10651
295836,May,1,,1,10651
295837,Apr,1,,1,10651
295841,Jun,1,,1,10651
295842,Apr,1,,1,10651
295843,Apr,1,,1,10651
295844,Jun,1,,1,10651
295845,Jun,1,,1,10651
295848,Jun,1,,1,10651
295849,Apr,1,,1,10651
295850,May,1,,1,10651
295851,May,1,,1,10651
295852,Apr,1,,1,10651
295853,May,1,,1,10651
295857,Mar,1,,1,10651
295861,Jun,1,,1,10651
295863,May,1,,1,10651
295869,May,1,,1,10651
295875,Jul,1,,1,10651
295881,Jun,1,,1,10651
295882,Mar,1,,1,10651
295884,May,1,,1,10651
295885,May,1,,1,10651
295889,May,1,,1,10651
295890,May,1,,1,10651
295893,Jun,1,,1,10651
295895,May,1,,1,10651
295896,Jun,1,,1,10651
295897,Jun,1,,1,10651
295900,May,1,,1,10651
295903,Aug,1,,1,10651
295904,Apr,1,,1,10651
295905,May,1,,1,10651
295906,Apr,1,,1,10651
295907,Jun,1,,1,10651
295908,Jun,1,,1,10651
295909,Mar,1,,1,10651
295910,Apr,0.5,,2,10651
295911,May,1,,1,10651
295915,May,1,,1,10651
295916,Jun,1,,1,10651
295918,Jun,1,,1,10651
295919,May,1,,1,10651
295921,Apr,1,,1,10651
295922,Jun,1,,1,10651
295923,Jun,1,,1,10651
295926,May,1,,1,10651
295927,May,1,,1,10651
295928,Jun,1,,1,10651
295929,May,1,,1,10651
295931,May,1,,1,10651
295932,Jun,1,,1,10651
295933,Mar,1,,1,10651
295934,Apr,1,,1,10651
295935,May,1,,1,10651
295937,May,1,,1,10651
295938,Jun,1,,1,10651
295939,May,1,,1,10651
295940,May,1,,1,10651
295941,May,1,,1,10651
295942,Jul,1,,1,10651
295943,May,1,,1,10651
295944,May,1,,1,10651
295945,Jun,1,,1,10651
295948,May,1,,1,10651
295949,Jun,1,,1,10651
295957,May,1,,1,10651
295958,Apr,1,,1,10651
295959,Jul,1,,1,10651
295960,May,1,,1,10651
295961,May,1,,1,10651
295964,Apr,1,,1,10651
295966,Jul,1,,1,10651
295970,Jun,1,,1,10651
295972,Jun,1,,1,10651
295973,Jul,1,,1,10651
295975,Jun,1,,1,10651
295976,May,1,,1,10651
295983,Jul,1,,1,10651
295984,Jul,1,,1,10651
295985,Aug,1,,1,10651
295988,Jul,1,,1,10651
295990,Mar,1,,1,10651
295991,May,1,,1,10651
295992,May,1,,1,10651
295993,May,1,,1,10651
295995,May,1,,1,10651
295997,Jun,1,,1,10651
295998,Jul,1,,1,10651
296004,Aug,1,,1,10651
296005,May,1,,1,10651
296006,Jun,1,,1,10651
296008,May,1,,1,10651
296009,Aug,1,,1,10651
296010,Jul,1,,1,10651
296011,Jul,1,,1,10651
296012,Jul,1,,1,10651
296014,Jul,1,,1,10651
296016,Jul,1,,1,10651
296019,Jun,1,,1,10651
296023,Jul,1,,1,10651
296024,Apr,1,,1,10651
296025,Jun,1,,1,10651
296026,Jun,1,,1,10651
296027,Apr,1,,1,10651
296028,Jun,1,,1,10651
296030,May,1,,1,10651
296032,Apr,1,,1,10651
296034,May,1,,1,10651
296035,Jun,1,,1,10651
296036,May,1,,1,10651
296037,May,1,,1,10651
296043,May,1,,1,10651
296048,Jun,1,,1,10651
296053,Apr,1,,1,10651
296054,Apr,1,,1,10651
296055,Sep,1,,1,10651
296056,May,1,,1,10651
296058,Jun,1,,1,10651
296062,May,1,,1,10651
296063,Jun,1,,1,10651
296064,May,1,,1,10651
296065,Jun,1,,1,10651
296066,Jun,1,,1,10651
296068,Jul,1,,1,10651
296071,May,1,,1,10651
296073,Jul,1,,1,10651
296074,Jun,1,,1,10651
296075,Jul,1,,1,10651
296076,Jul,1,,1,10651
296077,Jul,1,,1,10651
296078,Jul,1,,1,10651
296080,Jul,1,,1,10651
296081,Apr,1,,1,10651
296083,May,1,,1,10651
296084,Jul,1,,1,10651
296085,Jul,1,,1,10651
296086,May,1,,1,10651
296087,May,1,,1,10651
296092,Aug,1,,1,10651
296094,Aug,1,,1,10651
296097,Apr,1,,1,10651
296098,May,1,,1,10651
296100,Jun,1,,1,10651
296102,Jun,1,,1,10651
296103,Jul,1,,1,10651
296104,Jun,1,,1,10651
296107,Jun,1,,1,10651
296108,May,1,,1,10651
296109,Jun,1,,1,10651
296110,Jul,1,,1,10651
296112,Jul,1,,1,10651
296113,Jul,1,,1,10651
296115,May,1,,1,10651
296116,May,1,,1,10651
296117,May,1,,1,10651
296119,Jul,1,,1,10651
296120,Jul,1,,1,10651
296124,Jun,1,,1,10651
296125,Jun,1,,1,10651
296126,Jun,1,,1,10651
296127,May,1,,1,10651
296128,Jul,1,,1,10651
296129,Jul,1,,1,10651
296130,Jul,1,,1,10651
296131,May,1,,1,10651
296132,Jul,1,,1,10651
296133,Jul,1,,1,10651
296134,Jul,1,,1,10651
296135,Jun,1,,1,10651
296136,Aug,1,,1,10651
296140,Jul,1,,1,10651
296143,Jun,1,,1,10651
296144,Jul,1,,1,10651
296145,Jun,1,,1,10651
296146,Apr,1,,1,10651
296148,Jun,1,,1,10651
296149,Jun,1,,1,10651
296151,Apr,1,,1,10651
296152,Aug,1,,1,10651
296154,Sep,1,,1,10651
296156,May,1,,1,10651
296157,May,1,,1,10651
296158,Jul,1,,1,10651
296159,Jul,1,,1,10651
296161,Jul,1,,1,10651
296166,May,1,,1,10651
296169,Apr,1,,1,10651
296170,Jul,1,,1,10651
296174,Apr,1,,1,10651
296175,May,1,,1,10651
296176,May,1,,1,10651
296177,Apr,1,,1,10651
296180,Apr,1,,1,10651
296182,May,1,,1,10651
296183,Apr,1,,1,10651
296184,Apr,1,,1,10651
296185,Jun,1,,1,10651
296186,Jul,1,,1,10651
296187,Jul,1,,1,10651
296188,Jul,1,,1,10651
296189,Jul,1,,1,10651
296190,Apr,1,,1,10651
296191,Apr,1,,1,10651
296194,Jun,1,,1,10651
296195,Apr,1,,1,10651
296199,Jul,1,,1,10651
296200,Apr,1,,1,10651
296201,May,1,,1,10651
296206,Jul,1,,1,10651
296210,May,1,,1,10651
296213,Jun,1,,1,10651
296218,Jun,1,,1,10651
296219,Jun,1,,1,10651
296220,May,1,,1,10651
296221,Jul,1,,1,10651
296224,May,1,,1,10651
296225,Jul,1,,1,10651
296226,Jun,1,,1,10651
296229,Apr,1,,1,10651
296234,Jul,1,,1,10651
296236,Aug,1,,1,10651
296241,Jul,1,,1,10651
296244,Jul,1,,1,10651
296246,Aug,1,,1,10651
296247,Aug,1,,1,10651
296251,May,1,,1,10651
296252,Jun,1,,1,10651
296254,Jul,1,,1,10651
296255,Jul,1,,1,10651
296260,Jun,1,,1,10651
296265,Jul,1,,1,10651
296270,Jun,1,,1,10651
296272,Jul,1,,1,10651
296274,Jul,1,,1,10651
296278,Jul,1,,1,10651
296279,Jul,1,,1,10651
296281,Jun,1,,1,10651
296282,May,1,,1,10651
296283,May,1,,1,10651
296284,Jun,1,,1,10651
296285,Jul,1,,1,10651
296286,Jul,1,,1,10651
296287,Jun,1,,1,10651
296288,Jun,1,,1,10651
296289,Jun,1,,1,10651
296290,May,1,,1,10651
296291,Jun,1,,1,10651
296292,Jun,1,,1,10651
296296,Jul,1,,1,10651
296297,Jul,1,,1,10651
296298,Jul,1,,1,10651
296299,Jul,1,,1,10651
296300,Jul,1,,1,10651
296303,May,1,,1,10651
296306,Jul,1,,1,10651
296308,May,1,,1,10651
296309,Jun,1,,1,10651
296310,Jun,1,,1,10651
296311,Jul,1,,1,10651
296315,Aug,1,,1,10651
296316,Aug,1,,1,10651
296318,Jul,1,,1,10651
296320,Jul,1,,1,10651
296321,Aug,1,,1,10651
296322,Jun,1,,1,10651
296326,Jul,1,,1,10651
298390,Apr,1,,1,10651
298834,Jul,1,,1,10651
298845,Mar,1,,1,10302
298865,Jun,1,,1,10651
298874,Jul,1,,1,10651
298880,Jun,0.5,,2,10651
298881,May,1,,1,10651
298882,Jun,1,,1,10651
298912,May,1,,1,10651
298955,Jul,1,,1,10651
298967,Jul,1,,1,10651
298977,Jun,1,,1,10651
301034,Aug,1,,1,10292
304183,Jul,1,,1,10651
307269,May,1,,1,10651
307273,Aug,0.5,,2,10651
307275,Jun,1,,1,10651
307277,Jul,1,,1,10651
307280,Jul,1,,1,10651
307281,Jun,1,,1,10651
307283,Apr,1,,1,10651
307287,Jul,1,,1,10651
307288,Jun,1,,1,10651
307289,Jun,1,,1,10651
307290,Jul,1,,1,10651
307291,Jun,1,,1,10651
307295,Jun,1,,1,10651
307296,May,1,,1,10651
307299,May,1,,1,10651
307300,May,1,,1,10651
307302,Jun,1,,1,10651
307303,Jul,1,,1,10651
307305,Jul,0.5,,2,10651
307306,Jun,1,,1,10651
307307,Jun,1,,1,10651
307308,Jul,1,,1,10651
307309,Jul,1,,1,10651
307310,Jul,1,,1,10651
307311,Jun,1,,1,10651
307313,Jul,1,,1,10651
307315,Jul,1,,1,10651
307316,Jun,1,,1,10651
307317,Jun,1,,1,10651
307318,Jun,1,,1,10651
307319,May,1,,1,10651
307321,Jun,1,,1,10651
307322,May,1,,1,10651
307324,Jun,1,,1,10651
307325,Aug,1,,1,10651
307326,Jul,1,,1,10651
307327,Jul,1,,1,10651
307328,May,1,,1,10651
307329,Jun,1,,1,10651
307334,Jul,1,,1,10651
307335,Jul,1,,1,10651
307336,Jul,1,,1,10651
307337,Jul,1,,1,10651
307339,Jul,1,,1,10651
307340,Jun,1,,1,10651
307341,Jun,1,,1,10651
307342,May,1,,1,10651
307343,Jun,1,,1,10651
307344,Jun,1,,1,10651
307345,Jul,0.5,,2,10651
307346,Jun,0.5,,2,10651
307347,Jul,1,,1,10651
307348,Jun,1,,1,10651
307349,Jun,1,,1,10651
307350,Jul,0.333,,3,10651
307351,Aug,1,,1,10651
307352,Jul,1,,1,10651
307353,Jun,1,,1,10651
307355,Jun,1,,1,10651
307356,May,1,,1,10651
307359,May,1,,1,10651
307360,Jun,1,,1,10651
307361,Apr,1,,1,10651
307362,Jun,1,,1,10651
307363,May,1,,1,10651
307368,May,1,,1,10651
307370,Jun,1,,1,10651
307373,Jul,1,,1,10651
307374,Jul,1,,1,10651
307381,Jun,1,,1,10651
307382,Jun,1,,1,10651
307384,Jul,1,,1,10651
307389,May,1,,1,10651
307390,Jun,1,,1,10651
307391,Jun,1,,1,10651
307393,Jun,1,,1,10651
307394,Jun,1,,1,10651
307395,Jun,1,,1,10651
307398,May,1,,1,10651
307399,May,1,,1,10651
307400,Jun,1,,1,10651
307408,May,1,,1,10651
307416,Jun,1,,1,10651
307419,May,1,,1,10651
307420,Jun,1,,1,10651
307421,Jun,1,,1,10651
307430,Jul,1,,1,10651
307432,Jul,1,,1,10651
307434,May,1,,1,10651
307435,May,1,,1,10651
307437,Aug,1,,1,10651
307443,May,1,,1,10651
307444,Aug,0.5,,2,10651
307445,Jul,1,,1,10651
307447,May,1,,1,10651
307448,May,1,,1,10651
307450,Apr,1,,1,10651
307455,Apr,1,,1,10651
307457,Jul,0.667,,3,"10315,10651"
307460,Apr,0.5,,2,10302
307461,Jun,0.5,,2,10651
307466,Jun,1,,1,10651
307512,Jun,1,,1,10651
307514,Aug,1,,1,10651
307516,May,1,,1,10651
307517,Jul,1,,1,10651
307518,Jul,1,,1,10651
307521,Jun,1,,1,10651
307522,Jun,0.5,,4,"10302,10651"
307525,Jun,1,,1,10651
307526,May,1,,1,10651
307527,May,1,,1,10651
307528,May,1,,1,10651
307530,May,1,,1,10651
307531,May,1,,1,10651
307532,May,1,,1,10651
307534,Jun,1,,1,10651
307535,Jun,1,,1,10651
307539,Jul,1,,1,10651
307540,Jun,1,,1,10651
307541,Jul,1,,1,10651
307542,Jul,1,,1,10651
307544,May,1,,1,10651
307545,May,1,,1,10651
307547,Apr,1,,1,10651
307548,May,1,,1,10651
307549,Jun,1,,1,10651
307552,May,1,,1,10651
307553,Jul,1,,1,10651
307555,Jun,1,,1,10651
307556,May,1,,1,10651
307563,Jun,1,,1,10651
307569,May,1,,1,10651
307575,Jun,1,,1,10651
307580,May,1,,1,10651
307586,Apr,1,,1,10651
307647,Jun,0.5,,2,10302
307666,Jul,1,,1,10302
307710,Aug,1,,1,10651
308389,Jul,0.5,,2,10651
308499,Jun,1,,1,10651
308628,May,1,,1,10651
308654,May,1,,1,10651
308655,Jun,1,,1,10651
308658,Jun,1,,1,10651
308661,May,1,,1,10651
308663,May,1,,1,10651
308668,Jun,1,,1,10651
308669,May,1,,1,10651
308673,Jun,1,,1,10651
308676,Jul,1,,1,10651
308703,Jun,1,,1,10651
308705,Jul,1,,1,10651
308780,Sep,1,,1,10320
308781,Jan,1,,1,10320
308805,Aug,1,,1,10320
308812,Sep,1,,1,10320
308822,Aug,1,,1,10320
308829,Jan,1,,1,10320
308835,Jan,1,,1,10320
308880,Jun,0.5,,2,10651
308972,Nov,1,,1,10320
308973,Aug,1,,1,10320
308981,Jun,1,,1,10320
308996,Oct,1,,1,10320
309035,Jul,1,,1,10097
309059,Oct,1,,1,10320
309094,May,1,,1,10302
309109,Jul,1,,1,10651
309110,Jul,1,,1,10651
309149,Mar,1,,1,10651
309150,Jul,1,,1,10651
309250,Oct,1,,1,10320
309275,Apr,1,,1,10651
309403,Dec,1,,1,10320
309408,Jul,1,,1,10651
309414,Apr,0.5,,2,10651
309419,May,1,,1,10651
309440,Jul,1,,1,10651
309480,May,1,,1,10651
309483,May,1,,1,10651
309521,Jul,1,,1,10651
309523,Jul,1,,1,10651
309526,Jun,1,,1,10651
309529,Aug,1,,1,10651
309532,Aug,1,,1,10651
309558,Jul,1,,1,10651
309559,Jul,1,,1,10651
309566,Dec,1,,1,10320
309572,Jun,1,,1,10651
309574,Aug,0.5,,2,10651
309582,Jul,1,,1,10651
309620,Jun,1,,1,10651
309667,Jul,1,,1,10651
309756,Jul,1,,1,10651
309757,Jul,1,,1,10651
309758,Jul,1,,1,10651
309846,Jun,1,,1,10651
309851,Jun,1,,1,10651
309897,Jun,1,,1,10651
309899,Jun,1,,1,10651
309909,Apr,1,,1,10302
309910,May,1,,1,10651
309918,Apr,1,,1,10651
309928,Apr,1,,1,10651
309935,May,1,,1,10651
309944,Apr,1,,1,10651
309994,May,1,,1,10651
310004,Jun,1,,1,10651
310005,May,1,,1,10651
310006,Jun,1,,1,10651
310007,May,1,,1,10651
310008,Jul,1,,1,10651
310009,Jun,1,,1,10651
310012,Jul,1,,1,10651
310024,Jul,1,,1,10651
310028,Jul,1,,1,10651
310031,Jul,1,,1,10651
310038,Mar,1,,1,10651
310049,May,1,,1,10651
310056,Jun,1,,1,10651
310059,Jun,1,,1,10651
310117,May,1,,1,10651
310132,Jul,1,,1,10651
310140,Jul,1,,1,10651
310151,Jul,1,,1,10651
310160,Aug,1,,1,10651
310163,May,1,,1,10651
310170,Jul,1,,1,10651
310171,Jul,1,,1,10651
310173,Jul,1,,1,10651
310180,Jun,1,,1,10651
310182,May,1,,1,10651
310183,May,1,,1,10651
310191,Jul,1,,1,10651
310197,Aug,1,,1,10651
310203,Apr,0.5,,2,10651
310211,Jul,1,,1,10651
310223,Jul,1,,1,10651
310225,Aug,1,,1,10651
310250,Jul,1,,1,10651
310255,Jul,1,,1,10651
310271,Jul,0.5,,2,10651
310274,Aug,1,,1,10651
310276,Sep,1,,1,10651
310378,May,1,,1,10651
310436,Jul,1,,1,10651
310534,Jun,1,,1,10651
310589,Jun,1,,1,10651
310592,Jun,1,,1,10302
310597,Jun,1,,1,10651
310658,Aug,1,,1,10320
310670,Apr,1,,1,10320
310673,Mar,1,,1,10320
310674,Feb,1,,1,10320
310772,Aug,1,,1,10320
310799,Aug,1,,1,10320
310802,Aug,1,,1,10320
310895,Jul,1,,1,10651
310917,Jan,1,,1,10320
310918,Jul,1,,1,10651
310924,Sep,1,,1,10320
310930,Jul,1,,1,10651
310943,Dec,1,,1,10320
310945,Oct,1,,1,10320
310947,Oct,1,,1,10320
310989,Jun,1,,1,10651
311144,Jul,1,,1,10651
311146,Jun,1,,1,10302
311468,Jun,1,,1,10302
311522,Apr,1,,1,10651
311523,Jun,1,,1,10651
311539,Apr,1,,1,10651
311546,Jun,1,,1,10651
311548,Jul,1,,1,10651
311550,Jun,1,,1,10651
311552,Jun,1,,1,10651
311601,Dec,1,,1,10320
311602,Dec,1,,1,10320
311603,Jun,1,,1,10302
311692,Jun,1,,1,10651
311911,Jun,1,,1,10651
311967,Aug,1,,1,10651
311973,Jul,1,,1,10651
311976,Jun,1,,1,10651
311995,Aug,1,,1,10651
312003,Aug,1,,1,10302
312006,Jul,1,,1,10651
312011,Jun,0.5,,2,10651
312012,Jun,1,,1,10651
312014,Jul,1,,1,10651
312064,Jun,1,,1,10651
312066,Jul,0.5,,2,10651
312071,Jun,1,,1,10651
312122,Jun,1,,1,10651
312223,Jul,1,,1,10651
312225,Aug,0.5,,2,10651
312226,Jul,1,,1,10651
312232,Jul,1,,1,10651
312260,May,1,,1,10651
312290,Jun,1,,1,10651
312297,Jul,1,,1,10651
312307,Jul,1,,1,10651
312315,Jul,1,,1,10651
312317,Jun,1,,1,10651
312321,Jun,1,,1,10651
312413,Apr,1,,1,10651
312417,May,1,,1,10651
312496,Jul,0.5,,2,10651
312535,May,1,,1,10651
312536,May,1,,1,10651
312598,Mar,1,,1,10651
312614,Jan,1,,1,10320
312628,Jul,1,,1,10651
312629,Jul,1,,1,10651
312631,May,1,,1,10651
312633,Dec,1,,1,10320
312635,Jul,0.5,,2,10651
312637,Jun,1,,1,10651
312649,Jul,1,,1,10651
312650,Jun,1,,1,10651
312651,Jul,1,,1,10651
312655,Aug,1,,1,10320
312669,Dec,1,,1,10320
312681,Sep,1,,1,10320
312691,May,1,,1,10651
312699,Sep,1,,1,10320
312703,May,1,,1,10651
312710,May,1,,1,10651
312712,Jun,1,,1,10302
312720,Jul,1,,1,10651
312736,Jul,1,,1,10651
312794,May,1,,1,10093
312813,Sep,1,,1,10320
312815,Dec,1,,1,10320
312818,Sep,1,,1,10320
312819,Dec,1,,1,10320
312831,Dec,1,,1,10320
312853,Jun,1,,1,10651
312861,Jun,1,,1,10651
312905,Jul,1,,1,10651
312909,Jul,1,,1,10302
312913,May,1,,1,10302
312915,Jul,1,,1,10302
312920,Jun,1,,1,10302
312921,Jul,1,,1,10302
312925,Jul,1,,1,10302
312926,Jul,0.5,,2,10651
312942,Jul,1,,1,10302
312950,Jun,1,,1,10651
312951,Jul,1,,1,10302
312954,Jul,1,,1,10651
312959,Jun,1,,1,10651
312960,Jul,1,,1,10302
312963,Jul,1,,1,10302
312966,Jul,1,,1,10302
312974,Jun,1,,1,10651
312977,Jul,1,,2,"10302,10651"
312980,Jun,1,,1,10651
312982,Jul,1,,1,10302
312984,Jul,1,,1,10302
312986,Jul,1,,1,10302
312995,Jul,1,,1,10302
313007,Apr,1,,1,10651
313015,Apr,1,,1,10651
313020,Aug,1,,1,10651
313023,Jul,1,,1,10302
313029,Jul,1,,1,10651
313046,Jan,1,,1,10320
313049,Nov,1,,1,10320
313052,Feb,1,,1,10320
313056,Aug,1,,1,10320
313058,Jul,1,,1,10320
313080,Nov,1,,1,10320
313089,Jun,1,,1,10651
313102,Jul,1,,1,10651
313107,Jul,1,,1,10651
313108,Aug,0.5,,2,10651
313126,Jun,1,,1,10651
313133,Aug,0.5,,2,10651
313162,Jun,1,,1,10651
313190,Jun,1,,1,10651
313194,May,1,,1,10651
313324,May,1,,1,10651
313331,Jun,1,,1,10302
313389,Jul,1,,1,10651
313400,Mar,1,,1,10651
313424,Jun,1,,1,10651
313447,Jul,1,,1,10302
313458,Apr,1,,1,10651
313461,Apr,1,,2,"263,10342"
313485,Apr,1,,1,10651
313486,Jul,1,,1,10302
313492,May,1,,1,10651
313499,Apr,1,,1,10651
313500,Jun,0.5,,2,10651
313506,Apr,1,,1,10651
313523,Jul,1,,1,10302
313531,Apr,1,,1,10651
313580,Jul,1,,1,10651
313595,Jul,0.5,,2,10651
313612,Sep,1,,1,10320
313632,Jul,1,,1,10320
313637,Jun,1,,1,10320
313638,Nov,1,,1,10320
313639,Oct,1,,1,10320
313644,Jul,1,,1,10320
313648,Aug,1,,1,10320
313655,Jul,1,,1,10320
313657,Jul,1,,1,10320
313661,Feb,1,,1,10320
313668,Sep,1,,1,10320
313701,Jul,0.5,,2,10651
313703,Mar,1,,1,10651
313704,Apr,0.5,,2,10651
313705,Apr,1,,1,10651
313730,May,1,,1,10651
313737,May,1,,1,10651
313747,Jun,1,,1,10651
313748,May,1,,1,10651
313791,Sep,1,,1,10320
313800,Sep,1,,1,10320
313834,Jun,1,,1,10651
313837,Jun,1,,1,10651
313841,Jun,1,,1,10651
313842,Jul,1,,1,10651
313927,May,1,,1,10651
313928,Jun,1,,1,10651
313929,Jun,1,,1,10651
313952,Sep,1,,1,10320
314004,May,1,,1,10651
314007,Jun,1,,1,10651
314070,Jun,1,,1,10651
314142,May,1,,1,10651
314145,Jul,1,,1,10651
314146,Jun,1,,1,10651
314149,Jul,1,,1,10651
314152,May,1,,1,10651
314173,Jun,1,,1,10651
314175,May,1,,1,10651
314211,Jul,1,,1,10302
314212,Jul,1,,1,10302
314222,May,1,,1,10651
314227,Jun,1,,1,10651
314230,May,1,,1,10651
314232,Jun,1,,1,10651
314245,Jun,1,,1,10651
314246,Jun,1,,1,10651
314247,May,1,,1,10651
314250,Jun,1,,1,10651
314259,Apr,1,,1,10651
314266,May,1,,1,10302
314455,Jun,1,,1,10651
314466,May,1,,1,10315
314612,May,1,,1,10302
314620,Aug,1,,1,10320
314638,Sep,1,,1,10320
314639,Oct,0.5,,2,10320
314640,Sep,1,,1,10320
314642,Sep,1,,1,10320
314643,Jun,1,,1,10320
314644,Jul,1,,1,10320
314645,Aug,1,,1,10320
314716,Apr,1,,1,10651
314747,Jul,1,,1,10651
314839,May,1,,1,10651
314842,May,1,,1,10651
314844,Jun,1,,1,10651
314847,May,1,,1,10651
314897,Jul,1,,1,10651
314899,May,1,,1,10651
314901,Jun,1,,1,10651
314902,May,1,,1,10651
314904,Jun,1,,1,10651
314905,May,1,,1,10651
314907,May,1,,1,10651
314911,Jun,1,,1,10651
314915,May,1,,1,10651
314916,Jun,1,,1,10651
314917,Jun,1,,1,10651
314918,Jun,1,,1,10651
314920,Jun,1,,1,10651
314921,Jul,1,,1,10651
314922,Jun,1,,1,10651
314923,Jun,1,,1,10651
314924,Jun,1,,1,10651
314925,May,1,,1,10651
314927,May,1,,1,10651
314931,Aug,1,,1,10651
314932,Jun,1,,1,10651
314935,Jun,1,,1,10651
314937,Jul,1,,1,10651
314948,Jul,0.5,,2,10651
314949,Jun,0.5,,2,10651
314956,Jun,1,,1,10651
314957,Jun,1,,1,10651
314959,Jun,1,,1,10651
314960,Jun,1,,1,10651
314963,Jul,1,,1,10651
314967,Aug,1,,1,10651
314969,Jul,1,,1,10651
314970,May,1,,1,10651
314972,Jun,1,,1,10651
314973,Jun,1,,1,10651
314974,Jun,1,,1,10651
314975,Jun,1,,1,10651
314976,Jun,1,,1,10651
314979,Jul,1,,1,10651
314980,Aug,0.5,,2,10651
314982,Jun,1,,1,10651
314984,Jun,1,,1,10651
314986,Jun,1,,1,10651
314987,May,1,,1,10651
315026,May,1,,1,10651
315091,Aug,1,,1,10651
315096,Aug,1,,1,10651
315097,Jul,1,,1,10651
315098,Aug,1,,1,10651
315102,Aug,1,,1,10651
315103,Jul,1,,1,10651
315104,Jun,1,,1,10651
315106,Aug,1,,1,10651
315111,Jun,1,,1,10651
315112,Jun,1,,1,10651
315115,Aug,1,,1,10651
315116,Aug,1,,1,10651
315117,Jun,1,,1,10651
315121,Aug,1,,1,10651
315125,Jul,1,,1,10651
315127,Aug,1,,1,10651
315129,Jul,1,,1,10651
315130,Aug,1,,1,10651
315132,May,1,,1,10651
315134,Jun,1,,1,10651
315138,Jun,1,,1,10651
315141,May,1,,1,10651
315148,Jun,1,,1,10651
315150,May,1,,1,10651
315155,Jul,1,,1,10651
315158,May,1,,1,10651
315160,Jul,1,,1,10651
315163,Jun,1,,1,10651
315167,Jul,1,,1,10651
315168,Aug,1,,1,10651
315172,Jun,1,,1,10651
315177,Jul,1,,1,10651
315180,Jul,1,,1,10651
315195,Jul,1,,1,10651
315198,Aug,0.333,,3,10651
315200,Jul,1,,1,10651
315203,Jul,1,,1,10651
315205,Jun,1,,1,10651
315216,Jul,1,,1,10651
315219,May,1,,1,10651
315224,Jun,1,,1,10651
315226,Jul,1,,1,10651
315232,Jul,1,,1,10651
315237,Aug,1,,1,10651
315251,Jul,1,,1,10651
315257,Jun,1,,1,10651
315259,May,1,,1,10651
315275,Jun,1,,1,10651
315277,Jun,1,,1,10651
315283,Jun,1,,1,10651
315284,Jul,1,,1,10651
315285,Jun,1,,1,10651
315291,Jul,1,,1,10651
315716,Aug,1,,1,10651
315717,Jul,1,,1,10651
315718,Aug,1,,1,10651
315719,Jun,1,,1,10651
315722,May,1,,1,10651
315725,May,1,,1,10651
315726,Jul,1,,1,10651
315729,Jul,1,,1,10651
315731,Jun,1,,1,10651
315738,Aug,1,,1,10651
315739,Jul,0.5,,2,10651
315741,May,1,,1,10651
315744,Jul,1,,1,10651
315746,Jun,1,,1,10651
315747,May,1,,1,10651
315749,Jun,1,,1,10651
315750,Jul,1,,1,10651
315751,Jul,1,,1,10651
315752,May,1,,1,10651
315753,Jun,1,,1,10651
315754,Jun,1,,1,10651
315764,Jun,1,,1,10651
315767,May,1,,1,10651
315774,Jul,1,,1,10651
315775,May,1,,1,10651
315778,May,1,,1,10651
315779,Jun,1,,1,10651
315780,Jun,1,,1,10651
315787,Jun,1,,1,10651
315790,May,1,,1,10651
315795,May,1,,1,10651
315803,Jul,1,,1,10651
315808,Jul,1,,1,10651
315810,Jun,1,,1,10651
315811,Jun,1,,1,10651
315813,May,1,,1,10651
315814,May,1,,1,10651
315819,Jun,1,,1,10651
315820,Jun,1,,1,10651
315825,May,1,,1,10651
315831,Jul,1,,1,10651
315841,Aug,0.5,,2,10651
315844,Jul,1,,1,10651
315850,Jun,1,,1,10651
315851,Jun,1,,1,10651
315852,Jun,1,,1,10651
315860,May,1,,1,10651
315865,May,1,,1,10651
315870,Apr,0.5,,2,10651
315880,May,1,,1,10651
315884,Jun,1,,1,10651
315885,Jun,1,,1,10651
315886,May,1,,1,10651
315889,Apr,1,,1,10651
315890,May,1,,1,10651
315892,Jun,1,,1,10651
315893,Aug,1,,1,10651
315895,May,1,,1,10651
315896,May,1,,1,10651
315898,May,1,,1,10651
315900,Jun,1,,1,10651
315901,Apr,1,,1,10651
315903,Jul,1,,1,10651
315904,Jul,1,,1,10651
315905,Jul,1,,1,10651
315907,Jun,1,,1,10651
315908,Jun,1,,1,10651
315911,Jun,1,,1,10651
315914,Jun,1,,1,10651
315916,Jul,1,,1,10651
315918,Jun,1,,1,10651
315919,May,1,,1,10651
315920,Aug,0.5,,2,10651
315921,Jun,1,,1,10651
315924,Jun,1,,1,10651
315927,Jun,1,,1,10651
315937,Jun,1,,1,10651
315940,May,1,,1,10651
315942,May,1,,1,10651
315947,Jul,1,,1,10651
315955,Jun,1,,1,10651
315956,Jun,1,,1,10651
315957,Jun,1,,1,10651
315966,Jul,1,,1,10651
315969,Jun,1,,1,10651
315970,May,1,,1,10651
315974,Jun,1,,1,10651
315982,Aug,1,,1,10651
315984,May,1,,1,10651
315986,Aug,1,,1,10651
315987,Aug,1,,1,10651
315988,Jul,1,,1,10651
315990,May,1,,1,10651
315994,Jul,1,,1,10651
315995,May,1,,1,10651
315996,Jun,1,,1,10651
315998,Apr,1,,1,10651
316002,Jun,1,,1,10651
316003,Jul,1,,1,10651
316005,Aug,0.5,,2,10651
316006,Apr,1,,1,10651
316010,Jul,1,,1,10651
316011,Jun,1,,1,10651
316013,Jun,1,,1,10651
316014,Jun,1,,1,10651
316016,Jul,1,,1,10651
316019,Jul,1,,1,10651
316023,Jul,1,,1,10651
316024,Jul,1,,1,10651
316025,Jun,1,,1,10651
316028,Jul,0.5,,2,10651
316029,Jul,1,,1,10651
316030,Aug,1,,1,10651
316031,Jul,1,,1,10651
316034,Jun,1,,1,10651
316035,Jun,1,,1,10651
316037,May,1,,1,10651
316038,Jul,1,,1,10651
316052,Jun,1,,1,10651
316054,Jul,1,,1,10651
316058,Jul,1,,1,10651
316062,Jun,1,,1,10651
316063,Jul,0.5,,2,10651
316064,Jul,1,,1,10651
316065,Jun,1,,1,10651
316066,Jul,1,,1,10651
316067,Jun,1,,1,10651
316068,Apr,0.5,,2,10651
316070,Jul,1,,1,10651
316071,May,1,,1,10651
316073,May,1,,1,10651
316074,Jun,1,,1,10651
316075,May,1,,1,10651
316076,Jun,1,,1,10651
316080,May,1,,1,10651
316086,Jul,1,,1,10651
316087,Jul,1,,1,10651
316088,Aug,1,,1,10651
316089,Aug,1,,1,10651
316090,Aug,1,,1,10651
316092,Jun,1,,1,10651
316093,Jul,1,,1,10651
316094,Jul,1,,1,10651
316099,Jun,1,,1,10651
316100,Jun,1,,1,10651
316101,May,1,,1,10651
316103,May,1,,1,10651
316104,Jul,1,,1,10651
316105,Jun,1,,1,10651
316106,May,1,,1,10651
316109,Jun,1,,1,10651
316110,Jul,1,,1,10651
316111,Jun,1,,1,10651
316112,Jul,1,,1,10651
316113,Jun,1,,1,10651
316115,Jul,1,,1,10651
316117,May,1,,1,10651
316122,May,1,,1,10651
316124,May,1,,1,10651
316125,Jul,1,,1,10651
316126,Jul,1,,1,10651
316127,Jun,1,,1,10651
316129,Aug,1,,1,10651
316139,May,1,,1,10651
316141,Jun,1,,1,10651
316142,Jul,1,,1,10651
316144,Jul,1,,1,10651
316145,Jun,1,,1,10651
316146,Jul,1,,1,10651
316147,Jul,1,,1,10651
316149,Jul,1,,1,10651
316151,Jul,1,,1,10651
316152,Jul,1,,1,10651
316154,Jun,1,,1,10651
316156,May,1,,1,10651
316158,Jun,0.5,,2,10651
316159,Jun,1,,1,10651
316160,May,1,,1,10651
316162,Jul,1,,1,10651
316164,May,1,,1,10651
316167,Jul,1,,1,10651
316172,May,1,,1,10651
316176,Jun,1,,1,10651
316177,Jun,1,,1,10651
316179,Jun,1,,1,10651
316183,Jul,1,,1,10651
316185,May,1,,1,10651
316186,Jun,1,,1,10651
316187,Jun,1,,1,10651
316188,Jun,1,,1,10651
316189,Jun,1,,1,10651
316190,Jun,1,,1,10651
316191,Jul,1,,1,10651
316193,Jun,1,,1,10651
316194,Aug,1,,1,10651
316199,May,1,,1,10651
316200,Jun,1,,1,10651
316224,May,1,,1,10651
316227,Jun,1,,1,10651
316231,Jul,1,,1,10651
316252,May,1,,1,10651
316268,Jul,1,,1,10651
316286,Jul,1,,1,10651
316314,Apr,1,,1,10651
316329,Aug,1,,1,10651
316366,Dec,1,,1,10302
316370,May,1,,1,10651
316378,Aug,1,,1,10651
316382,Jul,1,,1,10651
316397,Jul,1,,1,10651
316404,Jun,1,,1,10651
316405,Jun,1,,1,10651
316451,Jul,1,,1,10651
316468,Apr,1,,1,10651
316470,Jul,1,,1,10651
316472,Jul,1,,1,10651
316515,Jun,1,,1,10651
316516,Jun,1,,1,10651
316667,Jul,1,,1,10651
316702,May,1,,1,10651
316716,May,1,,1,10651
316728,Mar,1,,1,10651
316730,Jul,1,,1,10651
316741,Jun,1,,1,10651
316742,Jun,1,,1,10651
316743,Jul,1,,1,10651
316753,Jun,1,,1,10651
316763,May,1,,1,10651
316772,Apr,1,,1,10651
316774,Jun,1,,1,10651
316797,May,1,,1,10651
316800,Aug,1,,1,10651
316802,Apr,1,,1,10651
316804,Jul,1,,1,10651
316866,Aug,1,,1,10651
316876,Aug,1,,1,10651
316879,Jul,1,,1,10651
316886,Aug,0.5,,2,10651
316888,Jun,1,,1,10651
317522,Aug,1,,1,10651
318074,Aug,1,,1,10651
318836,Jul,1,,1,10651
320665,Mar,1,,1,10651
320913,Jul,1,,1,10651
321884,Jun,1,,1,10651
323266,Jul,1,,1,10651
323684,Jul,1,,1,10651
323739,May,1,,1,10651
323996,Jul,1,,1,10651
324264,Jul,1,,1,10042
324389,Aug,1,,1,10651
324395,May,1,,1,10651
324403,Apr,0.5,,2,10651
324433,Aug,1,,1,10651
324439,Jul,1,,1,10651
324442,Jul,1,,1,10651
324487,May,1,,1,10651
324501,Jun,1,,1,10651
324516,May,1,,1,10651
324533,Apr,1,,1,10651
324553,Jul,1,,1,10651
324554,Jun,1,,1,10651
324557,Jun,1,,1,10651
324560,Jun,1,,1,10651
324565,Aug,1,,1,10651
324566,Jun,1,,1,10651
324571,Jun,1,,1,10651
324573,Jun,1,,1,10651
324575,May,1,,1,10651
324576,May,1,,1,10651
324577,Jun,1,,1,10651
324581,Apr,1,,1,10651
324584,May,1,,1,10651
324585,Jun,1,,1,10651
324586,Jun,1,,1,10651
324589,Apr,1,,1,10651
324590,Jun,1,,1,10651
324594,May,1,,1,10651
324595,Jun,1,,1,10651
324596,Apr,1,,1,10651
324597,May,1,,1,10651
324598,Apr,1,,1,10651
324601,May,1,,1,10651
324605,May,1,,1,10651
324606,May,1,,1,10651
324607,May,1,,1,10651
324610,May,1,,1,10651
324616,May,1,,1,10651
324619,May,1,,1,10651
324620,May,1,,1,10651
324622,Jun,1,,1,10651
324624,May,1,,1,10651
324626,May,1,,1,10651
324627,May,1,,1,10651
324628,Jun,1,,1,10651
324629,Jun,1,,1,10651
324632,Jul,1,,1,10651
324637,Apr,1,,1,10651
324638,Jul,1,,1,10651
324639,Jul,1,,1,10651
324646,May,1,,1,10651
324651,Aug,1,,1,10651
324666,Jul,1,,1,10651
324671,Apr,1,,1,10651
324673,Jul,1,,1,10651
324679,Jun,1,,1,10651
324681,Jun,1,,1,10651
324683,Jul,1,,1,10651
324684,Jun,1,,1,10651
324688,Jun,1,,1,10651
324689,May,1,,1,10651
324690,Jun,1,,1,10651
324692,May,1,,1,10651
324693,Jul,1,,1,10651
324694,Jul,1,,1,10651
324695,Jul,1,,1,10651
324697,Jun,1,,1,10651
324698,Jun,1,,1,10651
324703,Apr,1,,1,10651
324704,Apr,1,,1,10651
324707,May,1,,1,10651
324708,May,1,,1,10651
324711,May,1,,1,10651
324714,May,1,,1,10651
324718,May,1,,1,10651
324721,Jun,1,,1,10651
324725,May,1,,1,10651
324726,Aug,1,,1,10651
324728,Apr,1,,1,10651
324730,May,1,,1,10651
324736,Apr,1,,1,10651
324738,May,1,,1,10651
324740,Jul,1,,1,10651
324741,Jun,1,,1,10651
324743,Jun,1,,1,10651
324745,Jun,1,,1,10651
324748,Jun,1,,1,10651
324749,Jun,1,,1,10651
324752,Apr,1,,1,10651
324762,Jun,1,,1,10651
324771,Apr,1,,1,10651
324773,Apr,1,,1,10651
324775,Jun,1,,1,10651
324776,Apr,1,,1,10651
324778,Jun,1,,1,10651
324782,May,1,,1,10651
324790,Jul,1,,1,10651
324791,Jul,1,,1,10651
324796,May,1,,1,10651
324797,May,1,,1,10651
324798,Jun,1,,1,10651
324803,Jun,1,,1,10651
324821,Jul,1,,1,10651
324822,Jul,1,,1,10651
324823,Jun,1,,1,10651
324824,May,1,,1,10651
324826,Jul,0.5,,2,10651
324827,May,1,,1,10651
324828,Apr,1,,1,10651
324829,Jun,1,,1,10651
324831,Jun,1,,1,10651
324832,May,1,,1,10651
324840,Jul,1,,1,10651
324841,May,1,,1,10651
324843,Jul,0.5,,2,10651
324845,Jul,1,,1,10651
324846,May,1,,1,10651
324847,Jun,1,,1,10651
324849,Mar,1,,1,10651
324850,Jun,0.5,,2,10651
324852,Jul,1,,1,10651
324853,Mar,1,,1,10651
324854,May,1,,1,10651
324857,Jun,1,,1,10651
324858,Apr,1,,1,10651
324859,Apr,1,,1,10651
324861,Apr,1,,1,10651
334226,Jun,1,,1,10651
337930,Jul,0.667,,3,"10302,10651"
337936,May,1,,1,10651
337955,May,1,,1,10651
337959,Jun,1,,1,10651
337964,Jul,0.5,,2,10302
337969,Jun,1,,1,10302
337971,Aug,1,,1,10651
337972,Aug,1,,1,10651
337977,Jul,1,,1,10302
337979,Oct,1,,1,10093
337992,Jun,1,,1,10302
337993,Aug,1,,1,10651
337995,May,1,,1,10651
337996,Apr,1,,1,10651
337998,Aug,1,,1,10651
338003,Jul,1,,1,10302
338015,Jul,1,,1,10651
338021,Aug,0.5,,2,10651
338029,Jul,1,,1,10302
338031,Sep,1,,1,10302
338033,Jun,1,,1,10651
338049,May,1,,1,10302
338052,Apr,1,,1,10651
338071,Jun,1,,1,10651
338076,May,1,,1,10302
338085,May,1,,1,10651
338089,Jul,1,,1,10651
338090,Jul,0.5,,2,10302
338091,Jul,1,,1,10302
338106,Dec,1,,1,10302
338107,May,1,,1,10302
338108,May,1,,1,10651
338114,Jun,1,,1,10651
338127,Jun,1,,1,10302
338128,Jun,1,,1,10302
338131,Jul,1,,1,10302
338132,May,1,,1,10302
338133,Jul,1,,1,10651
338140,May,1,,1,10651
338143,Jul,1,,1,10302
338144,Jun,1,,1,10302
338147,Jul,1,,1,10651
338148,Jun,1,,1,10651
338154,Jun,1,,1,10651
338169,Jun,1,,1,10651
338170,May,1,,1,10651
338175,Jul,1,,1,10302
338176,Jul,1,,1,10302
338180,Jul,1,,1,10302
338182,Jun,1,,1,10302
338183,May,1,,1,10651
338187,Jul,1,,1,10302
338221,Jul,1,,1,10302
344586,Apr,1,,1,10093
344590,Jul,1,,1,10651
345147,Jul,1,,1,10651
345240,Apr,0.5,,2,10651
345427,Jul,0.5,,2,10651
345428,Jul,1,,1,10651
345455,Jun,1,,1,10292
345460,Apr,1,,1,10292
345494,Sep,1,,1,10292
345500,May,1,,1,10292
346149,Apr,1,,1,10093
346154,Apr,0.333,,3,10651
346157,Mar,1,,1,10093
346517,May,1,,1,10651
346703,Mar,1,,1,10651
347310,May,1,,1,10651
347311,Aug,1,,1,10651
347312,May,1,,1,10651
347316,Jul,1,,1,10651
347317,Aug,1,,1,10651
347318,Jul,1,,1,10651
347322,Jun,1,,1,10651
347330,Jul,1,,1,10651
347334,Jun,1,,1,10651
347337,Jul,1,,1,10651
347338,Jul,1,,1,10651
347341,Jul,0.5,,2,10651
347344,Jun,1,,1,10651
347350,Jun,1,,1,10651
347353,Jul,1,,1,10651
347357,Jun,1,,1,10651
347363,Apr,1,,1,10651
347366,Apr,1,,1,10651
347368,Jun,1,,1,10651
347369,May,1,,1,10651
347377,Jun,1,,1,10651
347380,Jun,1,,1,10651
347382,Jun,1,,1,10651
347383,Jun,1,,1,10651
347384,May,1,,1,10651
347385,Jun,1,,1,10651
347389,Jul,1,,1,10651
347391,Aug,0.5,,2,10651
347392,Jul,1,,1,10651
347394,May,1,,1,10651
347399,May,1,,1,10651
347401,Jul,1,,1,10651
347402,Jul,1,,1,10651
347403,Jun,1,,1,10651
347405,May,1,,1,10651
347407,May,1,,1,10651
347408,Jun,1,,1,10651
347830,Jun,1,,1,10651
347871,Apr,1,,1,10651
347918,Jun,1,,1,10651
347921,Jul,1,,1,10651
347922,Jul,1,,1,10651
347925,Jun,1,,1,10651
347934,Jul,1,,1,10651
347935,Jun,1,,1,10651
347938,Aug,1,,1,10651
347939,Jun,1,,1,10651
347940,May,1,,1,10651
347941,Aug,0.5,,2,10651
347944,Jul,1,,1,10651
347947,Jun,1,,1,10651
347948,Jun,1,,1,10651
347949,Jun,1,,1,10651
347950,Jun,1,,1,10651
347951,Jul,1,,1,10651
347953,Jul,1,,1,10651
347954,May,1,,1,10651
347955,Jun,1,,1,10651
347964,Jul,1,,1,10651
347965,Jul,1,,1,10651
347966,Jun,1,,1,10651
347973,May,1,,1,10651
347976,Jul,1,,1,10651
347977,Jun,1,,1,10651
347978,Jul,1,,1,10651
347980,Jul,1,,1,10651
347983,May,1,,1,10651
347984,Aug,1,,1,10651
347985,Jul,1,,1,10651
347987,Jul,1,,1,10651
347990,Jun,1,,1,10651
347994,Jul,1,,1,10651
347995,Jul,1,,1,10651
348006,Jun,1,,1,10651
348009,Jun,1,,1,10651
348010,May,1,,1,10651
348011,Jun,1,,1,10651
348013,Jul,1,,1,10651
348014,Jul,1,,1,10651
348016,Jun,1,,1,10651
348020,May,1,,1,10651
348021,Jul,0.5,,2,10651
348025,Jun,1,,1,10651
348027,Jun,1,,1,10651
348031,Jun,1,,1,10651
348033,Aug,1,,1,10651
348034,Jun,1,,1,10651
348035,Jun,1,,1,10651
348046,Jul,1,,1,10651
348048,Jun,1,,1,10651
348050,Aug,1,,1,10651
348058,Jun,1,,1,10651
348060,Jul,0.5,,2,10651
348063,Jun,1,,1,10651
348064,Jul,1,,1,10651
348067,Jun,1,,1,10651
348076,Jun,1,,1,10651
348090,Jul,1,,1,10651
348091,Jul,1,,1,10651
348101,Jun,1,,1,10651
348103,May,1,,1,10651
348104,Apr,1,,1,10651
348112,Jul,1,,1,10651
348119,Jul,1,,1,10651
348128,May,1,,1,10651
348129,Aug,1,,1,10651
348131,Aug,1,,1,10651
348142,Jun,1,,1,10651
348146,Jul,1,,1,10651
348147,Aug,1,,1,10651
348148,May,1,,1,10651
348149,Jul,1,,1,10651
348156,Jul,1,,1,10651
348157,Jul,1,,1,10651
348158,Jun,1,,1,10651
348168,Aug,1,,1,10651
348174,Jun,1,,1,10651
348178,Jul,1,,1,10651
348180,Jul,1,,1,10651
348181,Jul,1,,1,10651
348182,Jun,1,,1,10651
348183,Jul,1,,1,10651
348194,Jun,1,,1,10651
348195,Jul,1,,1,10651
348196,Aug,1,,1,10651
348197,Aug,1,,1,10651
348198,Aug,1,,1,10651
348199,May,1,,1,10651
348203,Jun,1,,1,10651
348221,Jul,1,,1,10651
348224,Jun,1,,1,10651
348227,Jul,1,,1,10651
348231,Jul,1,,1,10651
348237,Aug,1,,1,10651
348238,Jul,1,,1,10651
348243,Jun,1,,1,10651
348248,Jul,1,,1,10651
348253,Jul,1,,1,10651
348263,Jun,1,,1,10651
348265,Jul,1,,1,10651
348266,Jun,1,,1,10651
348267,Jul,1,,1,10651
348275,May,1,,1,10651
348285,Jul,1,,1,10651
348286,Jul,1,,1,10651
348288,Jul,1,,1,10651
348289,Jul,1,,1,10651
348292,Jul,1,,1,10651
348295,Jul,1,,1,10651
348297,Aug,1,,1,10651
348303,Jun,1,,1,10651
348310,Jun,1,,1,10651
348327,Jul,1,,1,10651
348339,Aug,1,,1,10651
348341,Apr,1,,1,10651
348343,Jun,1,,1,10651
348345,Jul,1,,1,10651
348346,Jun,1,,1,10651
348347,May,1,,1,10651
348349,Jul,1,,1,10651
348351,Jul,1,,1,10651
348354,Jul,1,,1,10651
348358,Aug,1,,1,10651
348361,Jul,1,,1,10651
348362,Jul,1,,1,10651
348365,Jul,1,,1,10651
348369,Jul,0.5,,2,10651
348383,Jul,1,,1,10651
348401,Jun,1,,1,10651
348413,Jun,1,,1,10651
348415,Jul,1,,1,10651
348426,Jun,1,,1,10651
348441,Jul,1,,1,10651
348444,Jun,1,,1,10651
348446,Jul,1,,1,10651
348449,Aug,1,,1,10651
348451,Jun,1,,1,10651
348452,Jul,1,,1,10651
348453,Jul,1,,1,10651
348454,Jul,1,,1,10651
348455,Jun,1,,1,10651
348463,Jul,1,,1,10651
348465,Jun,1,,1,10651
348466,Jun,1,,1,10651
348467,Jun,1,,1,10651
348468,Jun,1,,1,10651
348478,Jul,0.5,,2,10651
348479,Jul,1,,1,10651
348480,Jul,1,,1,10651
348483,Jul,1,,1,10651
348484,Jun,1,,1,10651
348485,Aug,1,,1,10651
348487,Jul,1,,1,10651
348488,Aug,1,,1,10651
348490,Jul,1,,1,10651
348491,Jul,1,,1,10651
348493,Jul,1,,1,10651
348495,May,1,,1,10651
348509,Aug,1,,1,10651
348510,Jul,1,,1,10651
348514,Aug,1,,1,10651
348516,Jun,1,,1,10651
348519,Jun,1,,1,10651
348579,Jul,1,,1,10651
348580,Jul,1,,1,10651
348581,May,1,,1,10651
348582,Jun,0.5,,2,10651
348583,Jun,1,,1,10651
348587,Sep,1,,1,10651
348588,May,1,,1,10651
348590,May,1,,1,10651
348593,Apr,1,,1,10651
348594,May,1,,1,10651
348599,Jul,1,,1,10651
348602,Jul,0.5,,2,10651
348603,Jul,1,,1,10651
348605,May,1,,1,10651
348607,May,1,,1,10651
348610,Jul,1,,1,10651
348613,Jun,1,,1,10651
348614,Jun,1,,1,10651
348622,Apr,1,,1,10651
348624,Apr,1,,1,10651
348625,Apr,1,,1,10651
348627,Jul,1,,1,10651
348628,Apr,0.5,,2,10651
348633,May,1,,1,10342
348634,Apr,1,,1,10651
348635,Apr,1,,1,10651
348636,Apr,1,,1,10651
348638,May,1,,1,10651
348639,May,1,,1,10651
348640,Jun,1,,1,10651
348641,Apr,1,,1,10651
348643,May,1,,1,10651
348645,Apr,1,,1,10651
348648,Jun,1,,1,10651
348649,Jun,1,,1,10651
348650,Jun,1,,1,10651
348651,Apr,1,,1,10651
348655,Jul,1,,1,10651
348657,May,1,,1,10651
348658,Apr,1,,1,10651
348659,Mar,1,,1,10651
348660,May,1,,1,10651
348661,May,1,,1,10651
348662,Apr,1,,1,10651
348664,Apr,1,,1,10651
348667,Apr,1,,1,10651
348669,Apr,1,,1,10651
348680,Apr,1,,1,10651
348681,Jun,1,,1,10651
348684,Apr,0.5,,2,10651
348687,May,1,,1,10651
348688,Apr,1,,1,10651
348694,Mar,1,,1,10651
348696,Apr,1,,1,10651
348698,Jun,1,,1,10651
348699,May,1,,1,10651
348700,Jun,1,,1,10651
348701,May,1,,1,10651
348702,Jun,1,,1,10651
348704,Jun,1,,1,10651
348705,May,1,,1,10651
348706,May,1,,1,10651
348716,Jun,1,,1,10651
348717,Jul,1,,1,10651
348718,Aug,1,,1,10651
348722,Jun,1,,1,10651
348723,May,1,,1,10651
348724,Jul,1,,1,10651
348726,Apr,1,,1,10651
348727,Jul,0.5,,2,10651
348731,Jun,1,,1,10651
348735,Jul,1,,1,10651
348737,Jun,1,,1,10651
348738,Jun,1,,1,10651
348740,Jul,1,,1,10651
348741,Jun,1,,1,10651
348748,May,1,,1,10651
348751,Jun,1,,1,10651
348753,May,1,,1,10651
348754,Jun,1,,1,10651
348755,Jun,1,,1,10651
348756,Jul,1,,1,10651
348760,May,1,,1,10651
348763,Jul,1,,1,10651
348764,May,1,,1,10651
348765,Jul,1,,1,10651
348766,Apr,1,,1,10651
348769,Sep,1,,1,10651
348770,Jun,1,,1,10651
348771,May,1,,1,10651
348772,May,1,,1,10651
348773,Jun,1,,1,10651
348774,Jun,1,,1,10651
348775,May,1,,1,10651
348777,Jun,1,,1,10651
348778,May,1,,1,10651
348780,May,1,,1,10651
348781,Jun,1,,1,10651
348782,Jun,1,,1,10651
348785,Jun,1,,1,10651
348786,Jun,1,,1,10651
348788,Jul,1,,1,10651
348791,May,1,,1,10651
348792,Jul,1,,1,10651
348793,Jul,1,,1,10651
348794,Jun,1,,1,10651
348795,May,1,,1,10651
348796,Jul,1,,1,10651
348797,Jul,1,,1,10651
348798,Jul,1,,1,10651
348800,Jun,1,,1,10651
348801,Jul,1,,1,10651
348802,Jul,1,,1,10651
348803,Jul,1,,1,10651
348805,Jul,1,,1,10651
348808,Jun,1,,1,10651
348809,Jun,1,,1,10651
348813,Jun,1,,1,10651
348814,Jun,1,,1,10651
348815,Jun,1,,1,10651
348817,Jul,1,,1,10651
348820,May,1,,1,10651
348821,May,1,,1,10651
348822,May,1,,1,10651
348823,Jun,1,,1,10651
348824,May,1,,1,10651
348828,Jun,1,,1,10651
348831,Jul,1,,1,10651
348832,Jul,1,,1,10651
348833,May,1,,1,10651
348834,Apr,1,,1,10651
348835,Apr,1,,1,10651
348836,Apr,1,,1,10651
348841,Jul,1,,1,10651
348843,May,1,,1,10651
348845,Jul,1,,1,10651
348849,May,1,,1,10651
348850,Jul,1,,1,10651
348851,May,1,,1,10651
348852,Jun,1,,1,10651
348853,May,1,,1,10651
348854,May,1,,1,10651
348855,May,1,,1,10651
348863,Jun,1,,1,10651
348866,Aug,1,,1,10651
348867,Jun,1,,1,10651
348868,Aug,1,,1,10651
348869,Jul,1,,1,10651
348873,Jun,1,,1,10651
348874,May,1,,1,10651
348877,Jul,1,,1,10651
348879,Jun,1,,1,10651
348880,Jul,1,,1,10651
348881,Jul,1,,1,10651
348883,Apr,1,,1,10651
348890,Jun,1,,1,10651
348891,May,1,,1,10651
348893,Jul,1,,1,10651
348895,May,1,,1,10651
348896,Jun,1,,1,10651
348897,May,1,,1,10651
348899,Jul,1,,1,10651
348901,Jun,1,,1,10651
348905,May,1,,1,10651
348906,Mar,1,,1,10651
348907,Jun,1,,1,10651
348909,Jun,1,,1,10651
348916,Aug,1,,1,10651
348917,Jun,1,,1,10651
348919,Jun,1,,1,10651
348920,Jun,1,,1,10651
348921,Jun,1,,1,10651
348923,Jul,1,,1,10651
348926,Jun,1,,1,10651
348928,Aug,1,,1,10651
348930,Sep,1,,1,10651
348931,Jun,1,,1,10651
348934,Jul,1,,1,10651
348935,Jun,1,,1,10651
348938,May,1,,1,10651
348940,Jul,1,,1,10651
348941,Aug,1,,1,10651
348943,Jul,1,,1,10651
348944,Jul,1,,1,10651
348945,Jun,1,,1,10651
348946,May,1,,1,10651
348947,Jul,1,,1,10651
348949,May,1,,1,10651
348953,May,1,,1,10651
348954,Jul,1,,1,10651
348958,Jul,1,,1,10651
348959,Jun,1,,1,10651
348963,Jul,1,,1,10651
348965,May,1,,1,10651
348967,Jun,1,,1,10651
348968,Jul,1,,1,10651
348970,Apr,1,,1,10651
348975,Jul,1,,1,10651
348978,May,1,,1,10651
348979,May,1,,1,10651
348980,Apr,1,,1,10651
348981,May,1,,1,10651
348984,May,1,,1,10651
348985,Jun,1,,1,10651
348986,May,1,,1,10651
348987,May,1,,1,10651
348989,Apr,0.5,,2,10651
348993,May,1,,1,10651
348994,May,1,,1,10651
348995,Jun,1,,1,10651
348996,May,1,,1,10651
348997,May,1,,1,10651
349001,May,1,,1,10651
349003,May,1,,1,10651
349004,Jun,1,,1,10651
349005,Jul,1,,1,10651
349006,Jul,1,,1,10651
349010,Jun,1,,1,10651
349014,Jul,1,,1,10651
349017,Jul,1,,1,10651
349018,Jun,1,,1,10651
349019,Jun,1,,1,10651
349021,Jun,1,,1,10651
349022,May,1,,1,10651
349023,May,1,,1,10651
349024,Jul,1,,1,10651
349028,Apr,1,,1,10651
349029,Jun,1,,1,10651
349030,May,1,,1,10651
349032,Jun,1,,1,10651
349033,Jun,1,,1,10651
349034,Apr,1,,1,10651
349040,Jun,1,,1,10651
349041,Apr,1,,1,10651
349048,May,1,,1,10651
349054,Jul,1,,1,10651
349055,Jun,1,,1,10651
349057,Jun,1,,1,10651
349058,Jul,1,,1,10651
349060,Jul,1,,1,10651
349061,May,1,,1,10651
349063,Mar,1,,1,10651
349064,Jun,1,,1,10651
349068,May,1,,1,10651
349070,Apr,1,,1,10651
349078,Jul,1,,1,10651
349079,Jul,1,,1,10651
349080,Jun,1,,1,10651
349082,Jul,1,,1,10651
349083,Jul,1,,1,10651
349087,Jul,1,,1,10651
349088,Jun,1,,1,10651
349091,Jun,1,,1,10651
349094,Apr,1,,1,10651
349096,Jun,1,,1,10651
349100,May,1,,1,10651
349101,Jun,1,,1,10651
349102,May,1,,1,10651
349104,Aug,1,,1,10651
349107,Aug,1,,1,10651
349108,Jul,1,,1,10651
349109,Apr,1,,1,10651
349110,Jun,1,,1,10651
349111,Aug,1,,1,10651
349112,Jul,1,,1,10651
349113,Jun,1,,1,10651
349115,May,1,,1,10651
349119,Jul,1,,1,10651
349121,Jul,1,,1,10651
349122,Apr,1,,1,10651
349124,Apr,1,,1,10651
349125,Jun,1,,1,10651
349126,Aug,1,,1,10651
349127,Jun,1,,1,10651
349130,Jun,1,,1,10651
349134,May,1,,1,10651
349135,May,1,,1,10651
349136,Apr,1,,1,10651
349137,Jul,1,,1,10651
349138,May,1,,1,10651
349139,Jul,1,,1,10651
349140,Jun,1,,1,10651
349141,Jul,1,,1,10651
349142,Jul,1,,1,10651
349143,Jul,1,,1,10651
349144,Jul,1,,1,10651
349145,Aug,1,,1,10651
349146,Jul,1,,1,10651
349147,Jun,1,,1,10651
349149,Jul,1,,1,10651
349152,May,1,,1,10651
349155,Jul,1,,1,10651
349160,Jul,1,,1,10651
349161,Apr,1,,1,10651
349162,Jun,1,,1,10651
349163,May,1,,1,10651
349164,Jun,1,,1,10651
349165,Jun,1,,1,10651
349167,Jun,1,,1,10651
349174,Apr,1,,1,10651
349180,Jul,1,,1,10651
349181,Feb,1,,1,10651
349185,Aug,1,,1,10651
349186,May,1,,1,10651
349188,Aug,1,,1,10651
349189,Jul,1,,1,10651
349190,Jul,1,,1,10651
349191,Jul,1,,1,10651
349196,Aug,1,,1,10651
349199,May,1,,1,10651
349202,Jun,1,,1,10651
349204,Aug,1,,1,10651
349209,Jun,1,,1,10651
349210,Mar,1,,1,10651
349211,Jun,1,,1,10651
349220,May,1,,1,10651
349223,May,1,,1,10651
349226,Apr,1,,1,10651
349234,Jun,1,,1,10651
349235,May,1,,1,10651
349236,May,1,,1,10651
349237,Jun,1,,1,10651
349239,May,1,,1,10651
349240,Apr,1,,1,10651
349241,May,1,,1,10651
349245,May,1,,1,10651
349249,Apr,1,,1,10651
349254,Sep,1,,1,10651
349256,May,1,,1,10651
349257,May,1,,1,10651
349259,Jun,1,,1,10651
349260,Jun,1,,1,10651
349261,Apr,0.5,,2,10651
349262,Apr,1,,1,10651
349263,Apr,1,,1,10651
349264,Apr,1,,1,10651
349266,May,1,,1,10651
349268,May,1,,1,10651
349269,Apr,1,,1,10651
349272,Jun,1,,1,10651
349276,Apr,1,,1,10651
349279,May,1,,1,10651
349280,May,1,,1,10651
349284,Jul,1,,1,10651
349285,Jul,1,,1,10651
349286,Jul,1,,1,10651
349287,Apr,1,,1,10651
349288,May,1,,1,10651
349289,Jul,1,,1,10651
349291,Jun,1,,1,10651
349292,Aug,1,,1,10651
349293,Apr,1,,1,10651
349294,May,1,,1,10651
349299,May,1,,1,10651
349301,May,1,,1,10651
349302,Jun,1,,1,10651
349303,May,1,,1,10651
349304,Mar,1,,1,10651
349305,May,1,,1,10651
349306,Mar,1,,1,10651
349310,May,1,,1,10651
349311,Apr,1,,1,10651
349319,Apr,1,,1,10651
349321,Jul,0.5,,2,10651
349322,Apr,1,,1,10651
349324,Mar,1,,1,10651
349326,Jun,1,,1,10651
349327,Jun,1,,1,10651
349329,Apr,1,,1,10651
349330,Mar,1,,1,10651
349333,Aug,1,,1,10651
349334,Jul,1,,1,10651
349335,Jun,1,,1,10651
349336,Jun,1,,1,10651
349339,May,1,,1,10651
349341,Jul,0.5,,2,10651
349344,May,1,,1,10651
349345,Apr,1,,1,10651
349348,May,1,,1,10651
349349,Apr,1,,1,10651
349350,Jul,1,,1,10651
349352,Apr,1,,1,10651
349355,May,1,,1,10651
349356,Jun,0.5,,2,10651
349359,Jun,1,,1,10651
349360,Mar,1,,1,10651
349362,Apr,1,,1,10651
349363,Apr,1,,1,10651
349374,Apr,1,,1,10651
349375,Apr,1,,1,10651
349376,Aug,1,,1,10651
349378,Jul,1,,1,10651
349379,Apr,1,,1,10651
349381,Apr,1,,1,10651
349382,Jun,1,,1,10651
349383,Jun,1,,1,10651
349384,May,1,,1,10651
349385,May,1,,1,10651
349386,May,1,,1,10651
349387,May,1,,1,10651
349388,Jun,1,,1,10651
349389,Aug,1,,1,10651
349393,May,1,,1,10651
349394,May,1,,1,10651
349396,Apr,0.5,,2,10651
349397,Jul,1,,1,10651
349398,Jun,1,,1,10651
349399,Jun,1,,1,10651
349400,May,1,,1,10651
349402,May,1,,1,10651
349407,May,1,,1,10651
349408,Apr,1,,1,10651
349409,Jun,1,,1,10651
349410,May,1,,1,10651
349411,Apr,1,,1,10651
349412,Mar,1,,1,10651
349414,Apr,1,,1,10651
349416,Mar,1,,1,10651
349428,Mar,1,,1,10651
349438,Jul,1,,1,10651
349441,Jun,1,,1,10651
349444,Jul,1,,1,10651
349445,Aug,1,,1,10651
349446,May,1,,1,10651
349448,Aug,0.5,,2,10651
349449,Jun,1,,1,10651
349451,Jul,1,,1,10651
349459,May,1,,1,10651
349462,Jul,1,,1,10651
349464,May,1,,1,10651
349467,Aug,1,,1,10651
349468,Aug,1,,1,10651
349470,May,1,,1,10651
349471,Jun,1,,1,10651
349474,Jul,1,,1,10651
349475,Jun,1,,1,10651
349476,Aug,1,,1,10651
349479,Aug,1,,1,10651
349480,Jun,1,,1,10651
349482,Jun,1,,1,10651
349483,Jun,1,,1,10651
349486,Jul,1,,1,10651
349492,Jun,1,,1,10651
349493,Jul,1,,1,10651
349494,Jul,1,,1,10651
349495,Jul,1,,1,10651
349498,Jun,1,,1,10651
349499,Jul,1,,1,10651
349501,May,1,,1,10651
349502,May,1,,1,10651
349503,Jul,1,,1,10651
349513,Jul,1,,1,10651
349517,Jun,1,,1,10651
349518,Jul,1,,1,10651
349519,Jun,1,,1,10651
349523,Jun,1,,1,10651
349524,Jun,1,,1,10651
349526,Jul,1,,1,10651
349532,Jun,1,,1,10651
349534,Jul,1,,1,10651
349538,Jul,1,,1,10651
349543,Jul,1,,1,10651
349546,Jul,1,,1,10651
349547,Aug,0.5,,2,10651
349549,Jul,1,,1,10651
349551,Aug,1,,1,10651
349553,Jun,1,,1,10651
349554,Aug,1,,1,10651
349555,Aug,1,,1,10651
349557,Aug,1,,1,10651
349562,Aug,1,,1,10651
349563,Jul,1,,1,10651
349566,Jun,1,,1,10651
349573,Aug,1,,1,10651
349574,Jul,1,,1,10651
349582,Jul,1,,1,10651
349672,Jun,1,,1,10320
349800,Jun,1,,1,10320
349801,Aug,1,,1,10320
350058,Jun,1,,2,"10097,10651"
350064,Apr,1,,1,10651
350990,Apr,0.5,,2,10651
351761,Jun,1,,1,10651
351777,Aug,1,,1,10651
351779,Jun,1,,1,10651
351797,Jul,1,,1,10302
352879,Jun,1,,1,10651
353075,Jul,1,,1,10651
353105,Apr,1,,1,10292
353591,Jul,1,,1,10651
353639,Jul,0.5,,2,10651
354550,May,1,,1,10651
354587,Jun,1,,1,10651
354594,Apr,1,,1,10651
354604,Jun,1,,1,10651
354605,Jun,1,,1,10651
354610,Jul,1,,1,10651
354623,Jun,1,,1,10651
354624,Jul,1,,1,10651
354625,Jun,1,,1,10651
354627,Jun,1,,1,10651
354632,Jun,1,,1,10651
354647,Jul,1,,1,10302
354669,Jun,1,,1,10651
354687,Jul,1,,1,10651
354753,Jun,1,,1,10651
354764,Apr,1,,1,10651
354771,Jul,1,,1,10651
354793,Jun,1,,1,10651
354796,Jun,1,,1,10651
354803,Jul,1,,1,10651
354815,Jun,1,,1,10651
354825,Jun,1,,1,10651
354927,Jun,1,,1,10651
354987,Jul,1,,1,10651
355005,Jul,1,,1,10651
355010,Jul,1,,1,10651
355012,Jul,1,,1,10651
355132,Jul,0.5,,2,10651
355213,Jul,1,,1,10651
355255,Jul,1,,1,10651
355359,Jun,1,,1,10651
355438,Jun,1,,1,10651
355467,Jun,1,,1,10651
355548,Aug,0.5,,2,10651
355856,Apr,1,,1,10651
355857,Jul,1,,1,10302
356000,May,1,,1,10651
356179,Aug,1,,1,10651
356299,May,1,,1,10651
356310,Jun,1,,1,10651
356390,Jul,1,,1,10651
356426,May,1,,1,10651
356427,Jun,1,,1,10651
356428,May,0.667,,3,"10302,10651"
356439,Jul,1,,1,10302
356443,Jul,1,,1,10302
356477,Jun,1,,1,10651
356498,Jul,1,,1,10302
356503,Jul,1,,1,10302
356505,Jul,1,,1,10302
356506,Sep,1,,1,10651
356508,Jul,1,,1,10302
356509,Jun,1,,1,10302
356511,Dec,1,,1,10302
356512,Jul,1,,1,10302
356515,Jul,1,,1,10302
356516,Jun,1,,1,10302
356517,May,1,,1,10302
356521,Jul,1,,1,10651
356548,Jul,1,,1,10302
356549,Jul,1,,1,10302
356554,Jun,1,,1,10302
356555,Jul,1,,1,10302
356556,Jul,1,,1,10302
356557,Jun,1,,1,10651
356558,Jul,1,,1,10302
356560,Jul,1,,1,10302
356561,Aug,1,,1,10302
356562,Jun,1,,1,10302
356563,Jul,1,,1,10302
356564,Jul,1,,1,10302
356568,Jul,1,,1,10302
356569,Jun,1,,1,10302
356571,Jul,1,,1,10302
356574,May,1,,1,10302
356575,Jul,1,,1,10302
356592,Jun,1,,1,10651
356593,Jul,1,,1,10302
356609,Jun,1,,1,10302
356800,Feb,1,,1,10342
356857,Dec,1,,1,10302
356873,Jul,1,,1,10651
356876,Jun,1,,1,10651
356888,Apr,1,,1,10651
356942,May,1,,1,10651
356965,Jul,0.5,,2,10302
357031,Jul,0.5,,2,10651
357074,Jul,1,,2,"10302,10651"
357169,Jun,1,,1,10651
357268,Jun,1,,1,10651
357271,May,1,,1,10302
357281,Jun,0.5,,2,10651
357320,May,1,,1,10651
357382,Aug,1,,1,10302
357386,Jul,1,,1,10651
363362,May,1,,1,10651
363368,Jul,1,,1,10651
363378,May,1,,1,10651
363390,May,1,,1,10651
363398,Jun,1,,1,10651
363403,May,1,,1,10651
363418,May,1,,1,10651
363446,Jul,1,,1,10651
363452,Jul,1,,1,10651
363455,May,1,,1,10651
363456,Jul,1,,1,10651
363459,Jun,1,,1,10651
363462,Jun,1,,1,10651
363467,May,1,,1,10651
363473,May,1,,1,10651
363485,May,1,,1,10651
363487,Jun,1,,1,10651
363495,Apr,1,,1,10651
363497,Jul,0.5,,2,10651
363499,May,1,,1,10651
363503,Jun,1,,1,10651
363515,Jun,1,,1,10651
363517,May,1,,1,10651
363519,Jun,1,,1,10651
363526,Jun,1,,1,10651
363531,Jul,1,,1,10651
363541,May,1,,1,10651
363548,Apr,1,,1,10651
363554,May,1,,1,10651
363556,May,1,,1,10651
363557,May,1,,1,10651
363558,Apr,1,,1,10651
363569,Apr,1,,1,10651
363578,May,1,,1,10651
363587,Jun,1,,1,10651
363598,Jun,1,,1,10651
363605,Jun,1,,1,10651
363607,Apr,1,,1,10651
363608,Jul,1,,1,10651
363609,May,1,,1,10651
363610,Jul,1,,1,10651
363611,May,1,,1,10651
363613,Jun,1,,1,10651
363618,Jun,1,,1,10651
363636,Aug,1,,1,10651
363645,Jun,1,,1,10651
363659,Apr,1,,1,10651
363682,Jun,1,,1,10651
363690,Jun,1,,1,10651
363708,Jun,1,,1,10651
363719,Apr,1,,1,10651
363730,May,1,,1,10651
363769,Apr,1,,1,10651
363833,Jun,1,,1,10651
363837,Apr,0.5,,2,10651
363839,May,1,,1,10651
363860,Jun,1,,1,10651
363864,Jul,1,,1,10651
363879,Apr,1,,1,10651
363895,Apr,0.5,,2,10651
363897,Mar,1,,1,10651
363899,Jun,1,,1,10651
363908,Apr,0.5,,2,10651
363951,Apr,1,,1,10651
363961,Apr,1,,1,10651
363983,Apr,1,,1,10651
363994,Apr,1,,1,10651
364009,May,1,,1,10651
364014,Apr,1,,1,10651
364030,May,1,,1,10651
364064,Apr,1,,1,10651
364066,May,1,,1,10651
364070,Apr,0.5,,2,10651
364074,Jun,1,,1,10651
364078,Jul,1,,1,10651
364085,Jul,1,,1,10651
364092,Jul,0.5,,2,10651
364096,May,1,,1,10651
364097,Apr,1,,1,10651
364098,May,1,,1,10651
364108,Jun,1,,1,10651
364157,Mar,1,,1,10651
364158,Mar,1,,1,10651
364159,Aug,1,,1,10651
364164,Jun,1,,1,10651
364167,May,1,,1,10651
364177,Jun,1,,1,10651
364186,Jun,1,,1,10651
364188,Jun,1,,1,10651
364192,Jun,1,,1,10651
364195,Jul,1,,1,10651
364201,May,1,,1,10651
364204,Jun,0.5,,2,10651
364206,Jun,1,,1,10651
364209,Jul,1,,1,10651
364210,Jun,1,,1,10651
364212,Jun,1,,1,10651
364216,Jun,1,,1,10651
364217,Jun,1,,1,10651
364218,May,1,,1,10651
364221,Jun,0.5,,2,10651
364225,May,1,,1,10651
364231,Apr,1,,1,10651
364233,Apr,1,,1,10651
364240,Jul,1,,1,10651
364241,Jul,1,,1,10651
364242,Jul,1,,1,10651
364245,Jul,1,,1,10651
364251,Jul,1,,1,10651
364252,Apr,1,,1,10651
364257,Apr,1,,1,10651
364260,May,1,,1,10651
364263,Apr,1,,1,10651
364281,May,1,,1,10651
364282,May,1,,1,10651
364297,Apr,1,,1,10651
364318,Jul,1,,1,10651
364327,Jul,1,,1,10651
364333,Jul,1,,1,10651
364354,Jul,1,,1,10651
364356,Jul,1,,1,10651
364370,May,1,,1,10651
364390,Jun,1,,1,10651
364426,Jul,1,,1,10651
364452,Jun,1,,1,10651
364454,Jun,1,,1,10651
364459,Jun,1,,1,10651
364461,May,1,,1,10651
364466,Jun,1,,1,10651
364471,Jul,1,,1,10651
364479,May,1,,1,10651
364480,Jul,1,,1,10651
364496,Jul,1,,1,10651
364521,Jun,1,,1,10651
364524,Jun,1,,1,10651
364533,Apr,1,,1,10651
364540,Jun,1,,1,10651
364541,Jun,1,,1,10651
364558,Jun,1,,1,10651
364566,Jul,1,,1,10651
364567,May,1,,1,10651
364571,May,1,,1,10651
364574,Jun,1,,1,10651
364575,Jul,1,,1,10651
364581,Jul,1,,1,10651
364587,Jun,1,,1,10651
364590,Jun,1,,1,10651
364593,May,1,,1,10651
364596,Jul,1,,1,10651
364630,May,1,,1,10651
364644,Apr,1,,1,10651
364708,Jun,1,,1,10651
364709,Jun,1,,1,10651
364712,Jun,1,,1,10651
364720,Jul,1,,1,10651
364724,May,1,,1,10651
364740,Jun,1,,1,10651
364748,May,1,,1,10651
364755,Jul,1,,1,10651
364756,May,1,,1,10651
364758,May,1,,1,10651
364759,Aug,1,,1,10651
364765,Apr,1,,1,10651
364768,May,1,,1,10651
364771,Apr,0.5,,2,10651
364779,May,1,,1,10651
364790,Jun,1,,1,10651
364795,Apr,1,,1,10651
364796,Jun,1,,1,10651
364798,Jul,1,,1,10651
364799,Jun,1,,1,10651
364801,Jul,1,,1,10651
364808,Apr,1,,1,10651
364823,May,1,,1,10651
364828,Jun,0.5,,2,10651
364840,Jun,1,,1,10651
364860,May,1,,1,10651
364868,Jun,1,,1,10651
364871,Jun,1,,1,10651
364877,May,1,,1,10651
364880,May,1,,1,10651
364881,Jun,1,,1,10651
364883,Apr,1,,1,10651
364890,Apr,1,,1,10651
364900,Jul,1,,1,10651
364918,Jun,1,,1,10651
364937,Jun,1,,1,10651
364938,Jul,0.5,,2,10651
364944,May,1,,1,10651
364957,Jul,1,,1,10651
364959,Jun,1,,1,10651
364962,Jul,1,,1,10651
364966,Jun,1,,1,10651
364967,May,1,,1,10651
364970,Apr,1,,1,10651
365012,Jun,1,,1,10651
365015,Jul,1,,1,10651
365017,May,1,,1,10651
365018,Apr,1,,1,10651
365026,Mar,1,,1,10651
365027,Jun,1,,1,10651
365037,Jun,1,,1,10651
365039,Jul,1,,1,10651
365053,May,1,,1,10651
365054,Aug,1,,1,10651
365056,Jul,0.5,,2,10651
365061,May,1,,1,10651
365067,May,1,,1,10651
365082,Nov,1,,1,10651
365102,Jun,1,,1,10651
365114,Jun,1,,1,10651
365127,Mar,1,,1,10651
365130,Jun,1,,1,10651
365132,Aug,1,,1,10651
365145,Mar,1,,1,10651
365146,May,1,,1,10651
365147,Jun,1,,1,10651
365151,Jun,1,,1,10651
365153,Apr,1,,1,10651
365155,Jun,1,,1,10651
365162,May,1,,1,10651
365172,May,1,,1,10651
365184,Jun,1,,1,10651
365186,May,1,,1,10651
365192,May,1,,1,10651
365193,May,1,,1,10651
365194,Jun,1,,1,10651
365219,May,1,,1,10651
365232,Jul,1,,1,10651
365236,May,1,,1,10651
365237,Jun,1,,1,10651
365248,Jul,1,,1,10651
365260,May,1,,1,10651
365267,Apr,1,,1,10651
365292,Apr,1,,1,10651
365304,Jul,1,,1,10651
365326,Jul,1,,1,10651
365331,Jul,1,,1,10651
365334,Jun,1,,1,10651
365335,Jun,1,,1,10651
365345,Jul,1,,1,10651
365347,Jun,1,,1,10651
365351,Jun,1,,1,10651
365352,Jul,1,,1,10651
365356,Apr,1,,1,10651
365365,Jun,0.5,,2,10651
365366,Dec,1,,1,10651
365367,May,1,,1,10651
365401,May,1,,1,10651
365404,May,1,,1,10651
365418,Jul,1,,1,10651
365420,Jun,1,,1,10651
365423,Jul,1,,1,10651
365425,Jul,1,,1,10651
365426,Jun,1,,1,10651
365429,May,1,,1,10651
365432,May,1,,1,10651
365439,Apr,1,,1,10651
365451,Jun,1,,1,10651
365456,Jul,0.5,,2,10651
365457,Jun,1,,1,10651
365463,May,1,,1,10651
365465,May,1,,1,10651
365466,Jun,1,,1,10651
365504,Jun,1,,1,10651
365506,Jun,1,,1,10651
365544,May,1,,1,10651
365556,Jun,1,,1,10651
365566,May,1,,1,10651
365567,May,1,,1,10651
365572,May,1,,1,10651
365573,May,1,,1,10651
365582,May,1,,1,10651
365586,May,1,,1,10651
365589,Jun,1,,1,10651
365590,Jun,1,,1,10651
365600,Jun,1,,1,10651
365609,May,1,,1,10651
365620,Jul,1,,1,10651
365621,Jun,1,,1,10651
365623,May,1,,1,10651
365624,May,1,,1,10651
365628,Jul,1,,1,10651
365637,Jun,1,,1,10651
365640,Jul,1,,1,10651
365642,Jun,1,,1,10651
365643,Jun,1,,1,10651
365649,May,1,,1,10651
365667,May,1,,1,10651
365673,Apr,1,,1,10651
365679,Mar,1,,1,10651
365691,Jul,1,,1,10651
365693,Apr,0.5,,2,10651
365700,Apr,1,,1,10651
365702,May,1,,1,10651
365703,May,1,,1,10651
365704,Jun,1,,1,10651
365707,Mar,1,,1,10651
365714,Jun,1,,1,10651
365725,Jun,1,,1,10651
365732,May,1,,1,10651
365734,May,1,,1,10651
365749,Jun,1,,1,10651
365752,Apr,1,,1,10651
365753,Jul,1,,1,10651
365759,Jun,1,,1,10651
365765,Apr,1,,1,10651
365766,Jul,1,,1,10651
365779,Jun,1,,1,10651
365784,Jun,1,,1,10651
365795,Jul,1,,1,10651
365802,Jul,1,,1,10651
365804,Jul,1,,1,10651
365805,May,1,,1,10651
365807,May,1,,1,10651
365821,Jun,1,,1,10651
365828,May,1,,1,10651
365833,Jun,1,,1,10651
365835,Jul,1,,1,10651
365841,Apr,1,,1,10651
365842,Apr,0.5,,2,10651
365844,Apr,1,,1,10651
365857,Jun,1,,1,10651
365863,May,1,,1,10651
365866,Aug,1,,1,10651
365867,May,1,,1,10651
365872,Jun,1,,1,10651
365878,Apr,0.5,,2,10651
365879,May,1,,1,10651
365884,Jul,1,,1,10651
365885,Apr,1,,1,10651
365886,May,1,,1,10651
365895,Jun,1,,1,10651
365896,Jun,1,,1,10651
365903,Jun,1,,1,10651
365907,Apr,1,,1,10651
365911,Jun,1,,1,10651
365913,Jun,1,,1,10651
365915,Apr,1,,1,10651
365925,Jun,1,,1,10651
365937,May,1,,1,10651
365977,Jul,1,,1,10651
366003,Jun,1,,1,10651
366015,Jul,1,,1,10302
366107,May,1,,2,"10315,10651"
366244,Jun,0.667,,3,"10302,10651"
366282,Jun,1,,1,10651
366651,Jun,1,,1,10651
366661,Jun,1,,1,10651
366662,Jul,1,,1,10651
366664,Jul,1,,1,10651
366720,Jul,1,,1,10302
366836,Dec,1,,1,10302
366839,Jul,1,,1,10302
366840,Jul,1,,2,"10302,10651"
366845,Sep,1,,1,10302
366854,Apr,0.5,,2,10651
366856,May,1,,1,10302
366863,Jul,1,,1,10302
366867,Jul,1,,1,10651
366874,Jul,1,,1,10651
366877,Jul,1,,1,10302
366880,Jun,1,,1,10651
366882,Jul,1,,1,10302
366890,May,1,,1,10302
366896,Jun,1,,1,10651
366898,Jun,1,,1,10651
366904,Jun,1,,1,10651
366910,Mar,1,,1,10302
366913,Apr,1,,1,10302
366914,Apr,1,,1,10302
366965,May,1,,1,10651
366967,Jul,1,,2,"10302,10651"
367001,Jun,0.5,,2,10651
367005,Jun,1,,1,10651
367036,Jul,1,,1,10302
367037,Jun,1,,1,10302
367065,May,1,,1,10651
367066,Jun,1,,1,10651
367070,Jun,1,,1,10651
367073,Jul,0.5,,2,10651
367082,Jun,1,,1,10651
369101,Feb,1,,1,10053
369136,Oct,1,,1,10320
369145,Jan,1,,1,10342
369152,Aug,1,,1,10320
369160,Dec,1,,1,10320
369163,Sep,1,,1,10320
369170,Jul,1,,1,10320
369179,Feb,1,,1,10320
369183,Oct,1,,1,10320
369188,Nov,1,,1,10320
369189,Jan,1,,1,10320
369200,Jul,1,,1,10320
369202,Jan,1,,1,10320
369205,Dec,1,,1,10320
369209,Jan,1,,1,10320
369225,Nov,1,,1,10320
369226,Dec,1,,1,10320
369285,Aug,1,,1,10320
369287,Aug,1,,1,10320
369803,Feb,1,,1,10053
371343,Jul,0.333,,3,10651
375154,Jul,1,,1,10651
375549,Dec,0.5,,2,10302
380214,Apr,1,,1,10651
380459,Apr,1,,1,10302
380460,Apr,1,,1,10302
380461,Apr,1,,1,10302
380462,Apr,1,,1,10302
380463,Apr,1,,1,10302
380464,May,1,,1,10302
380465,Apr,1,,1,10302
380471,Jun,1,,1,10302
380473,Apr,1,,1,10302
380483,May,1,,1,10302
380484,Mar,1,,1,10302
380485,Apr,1,,1,10302
380486,Apr,1,,1,10302
380487,Apr,1,,1,10302
380488,Apr,1,,1,10302
380492,Jun,1,,1,10302
380504,Jun,1,,1,10302
380505,May,1,,1,10302
380506,Jun,1,,1,10302
380508,Aug,1,,1,10302
380509,Jul,1,,1,10302
380510,May,1,,1,10302
380511,May,1,,1,10302
380512,Jun,1,,1,10302
380517,Jul,1,,1,10302
380518,May,1,,1,10302
380521,May,1,,1,10302
380522,Jun,1,,1,10302
380523,May,1,,1,10302
380524,Jun,1,,1,10302
380525,Jul,1,,1,10302
380526,Jul,1,,1,10302
380527,Jul,1,,1,10302
380528,Jul,1,,1,10302
380530,Jun,1,,1,10302
380535,Jun,1,,1,10302
380536,Jun,1,,1,10302
380538,Jun,1,,1,10302
380539,Jul,1,,1,10302
380540,Jul,0.5,,2,10302
380541,Jul,1,,1,10302
380542,Jun,1,,2,"10302,10651"
380543,Jul,1,,1,10302
380544,Jul,1,,1,10302
380545,Jul,1,,1,10302
380547,Dec,1,,1,10302
380548,May,1,,1,10302
380549,Dec,1,,1,10302
380550,May,1,,1,10302
380551,Jun,1,,1,10302
380552,Jul,1,,1,10302
380553,Jul,1,,1,10302
380554,Jul,1,,1,10302
380555,Jul,1,,1,10302
380556,Jul,1,,1,10302
380558,Apr,1,,1,10302
380559,Jul,1,,1,10302
380561,Jul,1,,1,10302
380562,Jul,1,,1,10302
380563,Jul,1,,1,10302
380564,Aug,1,,1,10302
380566,Dec,1,,1,10302
380567,Jul,1,,1,10302
380568,Dec,1,,1,10302
380569,Jul,1,,1,10302
380570,Jun,1,,1,10302
380571,Jun,1,,1,10302
380572,Jun,1,,1,10302
380573,Jul,1,,1,10302
380574,Aug,1,,1,10302
380575,Jul,1,,1,10302
380576,Jul,1,,1,10302
380577,Jul,1,,1,10302
380578,Jul,1,,1,10302
380579,Jul,1,,1,10302
380581,Jul,1,,1,10302
380582,Jul,1,,1,10302
380584,Jul,1,,1,10302
380585,Jul,1,,1,10302
380586,Dec,1,,1,10302
380590,May,1,,2,"10302,10651"
380592,Jun,1,,1,10302
380593,Apr,1,,1,10302
380678,May,1,,1,10651
380814,Jun,1,,1,10651
380832,Jul,1,,1,10651
380842,Apr,0.5,,2,10651
380848,Jul,1,,1,10651
380852,Aug,1,,1,10651
380853,Aug,1,,1,10651
380854,May,1,,1,10651
380906,Jul,1,,1,10651
380954,Jul,0.5,,2,10651
380967,Apr,1,,1,10651
380968,Jul,1,,1,10651
381004,Jul,1,,1,10651
381008,May,1,,1,10651
381030,Jul,1,,1,10651
381036,May,1,,1,10651
381064,May,1,,1,10651
381080,Jul,1,,1,10651
381081,Apr,1,,1,10651
381088,Jun,1,,1,10651
381090,May,1,,1,10651
381094,Mar,1,,1,10651
381095,May,1,,1,10651
381099,Apr,1,,1,10651
381102,Jun,1,,1,10651
381169,Jul,1,,1,10651
381176,Apr,1,,1,10651
381189,Jun,1,,1,10651
381210,May,1,,1,10651
381289,Apr,1,,1,10651
381290,Apr,1,,1,10651
381323,May,1,,1,10651
381335,Apr,1,,1,10651
381412,May,1,,1,10651
381482,Apr,1,,1,10651
381501,Apr,1,,1,10651
381506,Apr,1,,1,10651
381517,May,1,,1,10651
381524,Apr,1,,1,10651
381561,May,1,,1,10651
381595,May,1,,1,10651
381606,Jun,1,,1,10651
381628,May,1,,1,10651
381636,May,1,,1,10651
381828,Jun,1,,1,10651
381881,Apr,1,,1,10651
381914,Jun,1,,1,10651
381916,Jun,1,,1,10651
381919,Jun,1,,1,10651
381922,Jun,1,,1,10651
381928,Jun,1,,1,10651
381933,Jul,1,,1,10651
381939,May,1,,1,10651
381944,Jun,1,,1,10651
382003,Aug,1,,1,10320
382391,Apr,0.5,,2,10651
382646,May,1,,1,10651
382694,May,1,,1,10651
382695,May,1,,1,10651
383370,Aug,0.5,,2,10042
383682,May,1,,1,10651
384043,Aug,1,,1,10320
384692,May,1,,1,10651
384693,Apr,1,,1,10651
385248,Jun,1,,1,10651
385941,Jan,1,,1,10053
386400,variable,1,,1,10053
387166,May,1,,1,10651
387684,Jul,0.5,,2,10651
387715,Jun,1,,1,10651
388143,Nov,1,,1,10320
391061,Jul,1,,1,10651
391250,Sep,1,,1,10320
391251,Sep,1,,1,10320
391254,Nov,1,,1,10320
391255,Dec,1,,1,10320
391258,Aug,1,,1,10320
391259,Nov,1,,1,10320
391265,Jul,1,,1,10320
391269,Sep,1,,1,10320
391271,Oct,1,,1,10320
391273,Aug,1,,1,10320
391280,Aug,1,,1,10320
391284,Mar,1,,1,10320
391289,Sep,1,,1,10320
391290,May,1,,1,10320
391311,Jul,1,,1,10320
391317,Oct,1,,1,10320
391319,Sep,1,,1,10320
391320,Aug,1,,1,10320
391322,Oct,1,,1,10320
391324,Jul,1,,1,10320
391326,Oct,1,,1,10320
391329,Aug,1,,1,10320
391332,Aug,1,,1,10320
391337,Dec,1,,1,10320
391340,Dec,1,,1,10320
391348,Jul,1,,1,10320
391350,Sep,1,,1,10320
391352,Jul,1,,1,10320
391354,Sep,1,,1,10320
391358,Aug,1,,1,10320
391361,Aug,1,,1,10320
391363,Sep,1,,1,10320
391370,Sep,1,,1,10320
391383,Feb,1,,1,10320
391385,Jan,1,,1,10320
391387,Aug,1,,1,10320
391388,Nov,1,,1,10320
391396,Jul,1,,1,10320
391398,Aug,0.5,,2,10320
391405,Nov,1,,1,10320
391407,Jul,1,,1,10320
391410,Sep,1,,1,10320
391414,Jun,1,,1,10320
391415,Oct,1,,1,10320
391425,Oct,1,,1,10320
391427,Nov,1,,1,10320
391440,Apr,1,,1,10320
391449,Aug,1,,1,10320
391452,Dec,1,,1,10320
391461,Dec,1,,1,10320
391470,Jun,1,,1,10320
393216,Dec,1,,1,10320
393217,Jan,1,,1,10320
393218,Mar,1,,1,10320
393221,Nov,1,,1,10320
393223,Dec,1,,1,10320
393235,Mar,1,,1,10320
393237,Nov,1,,1,10320
397738,Jun,1,,1,10651
397739,May,1,,1,10651
397748,Jun,1,,1,10651
397775,May,1,,1,10651
397777,May,1,,1,10651
397778,Jun,1,,1,10651
397779,May,1,,1,10651
397780,May,1,,1,10651
397781,May,1,,1,10651
397783,Jun,1,,1,10651
397784,May,1,,1,10651
397786,Jul,1,,1,10651
397787,Aug,1,,1,10651
397788,Aug,1,,1,10651
397789,Mar,1,,1,10651
397791,Apr,1,,1,10651
397792,May,1,,1,10651
397793,Apr,1,,1,10651
397794,May,1,,1,10651
397795,May,1,,1,10651
397797,Jun,1,,1,10651
397798,Aug,1,,1,10651
397799,Apr,1,,1,10651
397800,Jun,1,,1,10651
397801,Jun,1,,1,10651
397803,Jun,1,,1,10651
397806,May,1,,1,10651
397807,May,1,,1,10651
397810,Jun,1,,1,10651
397811,Jun,1,,1,10651
397814,May,1,,1,10651
397821,Jun,1,,1,10651
397822,Jul,1,,1,10651
397823,May,1,,1,10651
397824,Jul,1,,1,10651
397826,Jun,1,,1,10651
397828,Jun,1,,1,10651
397829,May,1,,1,10651
397831,May,1,,1,10651
397832,May,1,,1,10651
397833,Jul,1,,1,10651
397834,May,1,,1,10651
397835,May,1,,1,10651
397837,Jun,1,,1,10651
397838,May,1,,1,10651
397840,Aug,1,,1,10651
397844,Jun,1,,1,10651
397846,Jun,1,,1,10651
397850,Apr,1,,1,10651
397851,Jul,1,,1,10651
397852,Aug,1,,1,10651
397853,Jun,1,,1,10651
397854,Jun,1,,1,10651
397856,Jul,1,,1,10651
397857,Jul,1,,1,10651
397858,Jun,1,,1,10651
397859,May,1,,1,10651
397860,Jul,1,,1,10651
397862,Aug,1,,1,10651
397863,Aug,1,,1,10651
397864,May,1,,1,10651
397865,Apr,0.5,,2,10651
397866,May,1,,1,10651
397867,Apr,0.5,,2,10651
397868,Apr,1,,1,10651
397869,Jul,1,,1,10651
397870,Apr,1,,1,10651
397871,Jun,1,,1,10651
397875,Jun,1,,1,10651
397876,May,1,,1,10651
397877,Jun,1,,1,10651
397878,May,1,,1,10651
397879,May,1,,1,10651
397880,May,1,,1,10651
397881,Jun,1,,1,10651
397883,Apr,1,,1,10651
397884,May,1,,1,10651
397886,May,1,,1,10651
397888,Aug,1,,1,10651
397890,May,1,,1,10651
397895,Jun,1,,1,10651
397896,Jul,1,,1,10651
397897,Jun,1,,1,10651
397898,Jun,1,,1,10651
397900,Jun,1,,1,10651
397901,Jun,1,,1,10651
397902,May,1,,1,10651
397903,May,1,,1,10651
397904,Apr,1,,1,10651
397905,May,1,,1,10651
397908,May,1,,1,10651
397909,May,1,,1,10651
397910,Apr,1,,1,10651
397913,Apr,1,,1,10651
397918,May,1,,1,10651
397921,May,1,,1,10651
397922,Jun,1,,1,10651
397923,Apr,1,,1,10651
397924,Apr,1,,1,10651
397926,Jun,1,,1,10651
397931,Jun,1,,1,10651
397937,Jul,1,,1,10651
397938,May,1,,1,10651
397940,May,1,,1,10651
397942,May,1,,1,10651
397943,Jun,1,,1,10651
397944,Jun,1,,1,10651
397945,Jun,1,,1,10651
397946,Apr,1,,1,10651
397947,Jun,1,,1,10651
397950,Aug,1,,1,10651
397951,Jun,1,,1,10651
397953,May,1,,1,10651
397954,May,1,,1,10651
397955,Apr,1,,1,10651
397956,Jun,1,,1,10651
397957,May,1,,1,10651
397958,Apr,1,,1,10651
397961,Jul,1,,1,10651
397964,May,1,,1,10651
397965,May,1,,1,10651
397966,Apr,1,,1,10651
397967,May,1,,1,10651
397970,Jul,1,,1,10651
397972,May,1,,1,10651
397975,May,1,,1,10651
397976,May,1,,1,10651
397978,Jun,1,,1,10651
397979,Jul,1,,1,10651
397980,Apr,1,,1,10651
397981,May,1,,1,10651
397982,Apr,1,,1,10651
397983,May,1,,1,10651
397984,Apr,1,,1,10651
397985,Apr,1,,1,10651
397990,May,1,,1,10651
397991,May,1,,1,10651
397994,Jul,1,,1,10651
397995,May,1,,1,10651
397996,May,1,,1,10651
397999,Apr,1,,1,10651
398000,May,1,,1,10651
398001,Aug,1,,1,10651
398002,Aug,1,,1,10651
398003,May,1,,1,10651
398004,May,1,,1,10651
398007,Apr,1,,1,10651
398009,Jun,1,,1,10651
398011,May,1,,1,10651
398012,May,1,,1,10651
398013,May,1,,1,10651
398015,May,1,,1,10651
398016,Jun,1,,1,10651
398017,May,1,,1,10651
398018,Jul,1,,1,10651
398021,Jun,1,,1,10651
398023,Jun,1,,1,10651
398025,Jul,1,,1,10651
398028,Jul,1,,1,10651
398029,Jun,1,,1,10651
398033,Jul,1,,1,10651
398034,Jul,1,,1,10651
398039,Jul,1,,1,10651
398040,Jul,1,,1,10651
398041,Jul,1,,1,10651
398042,Jul,1,,1,10651
398043,Jul,1,,1,10651
398044,Jul,1,,1,10651
398045,Jun,1,,1,10651
398049,Jun,1,,1,10651
398051,Jun,1,,1,10651
398052,Jul,1,,1,10651
398054,Jul,1,,1,10651
398056,May,1,,1,10651
398058,May,1,,1,10651
398060,Apr,1,,1,10651
398062,Jul,1,,1,10651
398063,Jul,1,,1,10651
398065,Apr,0.5,,2,10651
398067,Jul,1,,1,10651
398071,Aug,1,,1,10651
398073,Aug,1,,1,10651
398076,Jun,1,,1,10651
398078,Jul,1,,1,10651
398079,Jun,1,,1,10651
398080,Jul,1,,1,10651
398081,Jun,1,,1,10651
398082,Jun,1,,1,10651
398083,Jul,1,,1,10651
398084,May,1,,1,10651
398085,Jun,1,,1,10651
398089,Jul,1,,1,10651
398092,Aug,1,,1,10651
398094,Jun,1,,1,10651
398095,Jun,1,,1,10651
398096,Aug,1,,1,10651
398105,Jul,1,,1,10651
398106,Apr,0.5,,2,10651
398109,May,1,,1,10651
398110,Jun,1,,1,10651
398112,Aug,1,,1,10651
398113,Jul,1,,1,10651
398119,Jul,1,,1,10651
398120,Jul,1,,1,10651
398121,May,1,,1,10651
398122,May,1,,1,10651
398128,Jul,1,,1,10651
398129,Jun,1,,1,10651
398131,May,1,,1,10651
398139,Jul,1,,1,10651
398144,Jun,1,,1,10651
398145,Jul,1,,1,10651
398146,Jul,1,,1,10651
398152,Apr,1,,1,10651
398153,May,1,,1,10651
398154,May,1,,1,10651
398155,Apr,1,,1,10651
398156,Jun,1,,1,10651
398157,May,1,,1,10651
398159,May,1,,1,10651
398160,May,1,,1,10651
398162,May,1,,1,10651
398163,May,1,,1,10651
398166,Jul,1,,1,10651
398167,Jul,1,,1,10651
398172,Jul,1,,1,10651
398174,Jun,1,,1,10651
398176,Jun,1,,1,10651
398177,May,1,,1,10651
398178,May,1,,1,10651
398187,Jul,1,,1,10651
398189,Jun,1,,1,10651
398190,Jul,1,,1,10651
398191,Aug,1,,1,10651
398195,Jun,1,,1,10651
398196,Apr,1,,1,10651
398197,Jun,1,,1,10651
398198,Jul,1,,1,10651
398199,May,1,,1,10651
398200,May,1,,1,10651
398201,May,1,,1,10651
398203,May,1,,1,10651
398208,Jun,1,,1,10651
398209,Apr,1,,1,10651
398210,Jul,1,,1,10651
398213,Jul,1,,1,10651
398214,Jul,1,,1,10651
398218,Jun,1,,1,10651
398219,May,1,,1,10651
398220,May,1,,1,10651
398222,Jun,1,,1,10651
398223,May,1,,1,10651
398224,Apr,1,,1,10651
398225,May,1,,1,10651
398228,May,1,,1,10651
398235,Aug,1,,1,10651
398236,Jul,1,,1,10651
398237,Jul,1,,1,10651
398238,May,1,,1,10651
398239,Jul,1,,1,10651
398240,Jun,1,,1,10651
398247,Jul,1,,1,10651
398254,May,1,,1,10651
398255,May,1,,1,10651
398257,Jun,1,,1,10651
398260,Aug,1,,1,10651
398261,Jul,1,,1,10651
398262,Jul,1,,1,10651
398263,Jun,1,,1,10651
398264,Jun,1,,1,10651
398265,Jun,1,,1,10651
398269,Jul,1,,1,10651
398278,Jul,1,,1,10651
398279,Jun,1,,1,10651
398282,Jul,1,,1,10651
398283,Jun,1,,1,10651
398284,May,1,,1,10651
398285,Aug,1,,1,10651
398286,Jun,1,,1,10651
398289,Jun,1,,1,10651
398291,Jun,1,,1,10651
398319,Jul,1,,1,10651
398329,Jul,1,,1,10651
398348,Jul,1,,1,10651
398524,Jul,1,,1,10651
398543,Jun,1,,1,10651
398574,Jun,1,,1,10651
398640,May,0.4,,5,"10315,10651"
398710,Jul,1,,1,10651
398787,Aug,1,,1,10651
398789,Jun,1,,1,10651
398854,Aug,1,,1,10651
399833,Aug,1,,1,10651
400391,Jul,1,,1,10651
401116,Jul,1,,1,10651
401368,Jun,1,,1,10651
401595,Jul,1,,1,10651
401874,Jun,1,,1,10651
401911,Apr,1,,1,10651
402509,Jul,1,,1,10302
402820,Jul,1,,1,10651
402823,Apr,1,,1,10651
402824,Apr,1,,1,10651
402826,Apr,0.333,,3,10651
402827,Jun,1,,1,10651
402828,Jun,1,,1,10651
402829,Jul,1,,1,10651
402830,Jul,1,,1,10651
402831,Jul,1,,1,10651
402833,Jul,1,,1,10651
402834,Jul,1,,1,10651
402835,Jul,1,,1,10651
402838,Jun,1,,1,10651
402843,May,1,,1,10651
402844,Jun,1,,1,10651
402845,Jul,1,,1,10651
402847,Aug,1,,1,10651
402857,May,1,,1,10651
402858,May,1,,1,10651
402859,Apr,1,,1,10651
402861,Jun,1,,1,10651
402863,Mar,1,,1,10651
402864,Jun,1,,1,10651
402865,Apr,1,,1,10651
402866,Jun,0.5,,2,10651
402870,May,1,,1,10651
402873,May,1,,1,10651
402876,May,1,,1,10651
402877,Jul,1,,1,10651
402878,Jun,1,,1,10651
402879,May,1,,1,10651
402881,May,1,,1,10651
402882,May,1,,1,10651
402885,Jun,1,,1,10651
402886,Jul,1,,1,10651
402887,May,1,,1,10651
402889,May,1,,1,10651
402894,Jun,0.5,,2,10651
402895,May,1,,1,10651
402896,May,1,,1,10651
402899,Jul,1,,1,10651
402900,May,1,,1,10651
402901,Jun,1,,1,10651
402902,Jun,1,,1,10651
402903,May,1,,1,10651
402904,Jun,1,,1,10651
402906,May,1,,1,10651
402907,May,1,,1,10651
402908,May,1,,1,10651
402912,Jul,1,,1,10651
402913,May,1,,1,10651
402915,Jul,1,,1,10651
402916,Mar,1,,1,10651
402920,May,1,,1,10651
402923,Jul,1,,1,10651
402924,Jun,1,,1,10651
402925,Jul,1,,1,10651
402927,Jun,1,,1,10651
402928,Jun,1,,1,10651
402929,Jul,1,,1,10651
402931,Jun,1,,1,10651
402933,Jun,1,,1,10651
402934,Jul,1,,1,10651
402935,May,1,,1,10651
402936,Jun,1,,1,10651
402937,Apr,1,,1,10651
402938,Apr,1,,1,10651
402940,Jun,1,,1,10651
402941,Jul,0.5,,2,10651
402942,Aug,1,,1,10651
402944,Aug,0.5,,2,10651
402945,Aug,1,,1,10651
402946,Aug,1,,1,10651
402949,May,1,,1,10651
402952,Aug,1,,1,10651
402953,Jul,1,,1,10651
402954,May,1,,1,10651
402955,Jun,1,,1,10651
402956,Jun,1,,1,10651
402958,Jun,1,,1,10651
402959,Jul,1,,1,10651
402961,Jun,1,,1,10651
402962,Jun,1,,1,10651
402963,Aug,1,,1,10651
402965,Jul,1,,1,10651
402968,Jul,1,,1,10651
402970,Jul,1,,1,10651
402974,Jul,1,,1,10651
402977,Jun,1,,1,10651
402983,Jun,1,,1,10651
402984,May,1,,1,10651
402988,Jul,1,,1,10651
402989,Jun,1,,1,10651
402990,May,1,,1,10651
402991,Jun,1,,1,10651
402992,Jul,1,,1,10651
402993,May,1,,1,10651
402995,Jul,1,,1,10651
402996,Jun,1,,1,10651
402999,May,1,,1,10651
403000,May,1,,1,10651
403001,May,1,,1,10651
403002,Aug,1,,1,10651
403004,Apr,1,,1,10651
403013,Jun,1,,1,10651
403014,Mar,1,,1,10651
403015,Jun,1,,1,10651
403017,Jun,1,,1,10651
403018,May,1,,1,10651
403019,May,1,,1,10651
403020,Jun,1,,1,10651
403021,May,1,,1,10651
403022,May,1,,1,10651
403024,May,1,,1,10651
403025,Jul,1,,1,10651
403027,May,1,,1,10651
403028,Jun,1,,1,10651
403029,May,1,,1,10651
403030,Jun,1,,1,10651
403031,Jun,1,,1,10651
403032,Jun,1,,1,10651
403033,Jun,1,,1,10651
403036,Jun,1,,1,10651
403037,May,1,,1,10651
403038,Jul,1,,1,10651
403039,Jul,1,,1,10651
403042,Jun,0.5,,2,10651
403044,Jun,1,,1,10651
403047,Jun,1,,1,10651
403048,Jun,1,,1,10651
403052,Jun,1,,1,10651
403054,Jun,1,,1,10651
403056,Jun,1,,1,10651
403058,Apr,1,,1,10651
403061,May,1,,1,10651
403065,Aug,1,,1,10651
403068,Jun,1,,1,10651
403069,Jun,1,,1,10651
403070,Jun,1,,1,10651
403071,Jul,1,,1,10651
403072,Jun,1,,1,10651
403073,Jun,1,,1,10651
403074,Jun,1,,1,10651
403075,May,1,,1,10651
403077,Jul,1,,1,10651
403078,Jul,0.5,,2,10651
403082,Jun,1,,1,10651
403084,Jun,1,,1,10651
403085,Jul,1,,1,10651
403089,Jun,1,,1,10651
403091,Jul,1,,1,10651
403092,Jun,1,,1,10651
403095,Jul,1,,1,10651
403096,Jul,1,,1,10651
403098,Jun,1,,1,10651
403099,Jun,1,,1,10651
403100,Jun,1,,1,10651
403101,Jun,1,,1,10651
403104,Apr,1,,1,10651
403106,Apr,1,,1,10651
403108,Aug,1,,1,10651
403109,Jul,1,,1,10651
403110,Jun,1,,1,10651
403111,Apr,1,,1,10651
403112,Jun,1,,1,10651
403113,May,1,,1,10651
403114,May,1,,1,10651
403115,May,1,,1,10651
403116,May,1,,1,10651
403117,Apr,1,,1,10651
403118,Apr,1,,1,10651
403122,Jul,1,,1,10651
403127,Jun,1,,1,10651
403128,Apr,1,,1,10651
403130,May,1,,1,10651
403131,Jun,1,,1,10651
403133,Jul,0.5,,2,10651
403134,Jul,1,,1,10651
403135,May,1,,1,10651
403136,Jul,0.5,,2,10651
403137,Jul,1,,1,10651
403139,Jun,1,,1,10651
403140,May,1,,1,10651
403146,Jun,1,,1,10651
403151,Jun,1,,1,10651
403152,Jun,1,,1,10651
403155,May,1,,1,10651
403156,Jun,1,,1,10651
403157,Jun,1,,1,10651
403158,Jun,1,,1,10651
403163,May,1,,1,10651
403166,Mar,0.667,,3,"10302,10315"
403235,Jun,1,,1,10651
403263,Jul,1,,1,10651
403268,Jun,1,,1,10651
403275,Jul,1,,1,10651
403301,Jun,0.4,,5,"10302,10315"
403338,May,1,,1,10651
403340,May,1,,1,10651
403342,Aug,1,,1,10651
403344,Jul,1,,1,10651
403346,Jun,1,,1,10651
403347,Jul,1,,1,10651
403348,Jul,1,,1,10651
403349,Aug,1,,1,10651
403350,Jul,1,,1,10651
403351,Jul,1,,1,10651
403352,Jul,1,,1,10651
403355,Jun,1,,1,10651
403356,Jun,1,,1,10651
403359,Jun,1,,1,10651
403361,Aug,1,,1,10651
403363,Jun,1,,1,10651
403367,Jun,1,,1,10651
403369,Jul,1,,1,10651
403370,May,1,,1,10651
403372,May,1,,1,10651
403373,Jul,1,,1,10651
403377,Jun,1,,1,10651
403381,Jun,1,,1,10651
403385,Jun,1,,1,10651
403386,Jul,1,,1,10651
403388,May,1,,1,10651
403390,Jun,1,,1,10651
403391,Aug,1,,1,10651
403393,Jul,1,,1,10651
403394,May,1,,1,10651
403395,May,1,,1,10651
403396,Jun,1,,1,10651
403397,May,1,,1,10651
403399,Apr,1,,1,10651
403400,Sep,1,,1,10651
403401,May,1,,1,10651
403402,Jul,1,,1,10651
403404,May,1,,1,10651
403406,Jun,1,,1,10651
403408,Jul,1,,1,10651
403412,Apr,1,,1,10651
403413,Mar,1,,1,10651
403414,May,1,,1,10651
403415,May,1,,1,10651
403416,Jun,0.5,,2,10651
403420,Jun,1,,1,10651
403425,Aug,0.5,,2,10651
403427,Apr,1,,1,10651
403429,Jun,1,,1,10651
403431,Jun,1,,1,10651
403435,Jul,1,,1,10651
403437,Jun,1,,1,10651
403440,May,1,,1,10651
403441,May,1,,1,10651
403442,Jul,1,,1,10651
403444,Jun,1,,1,10651
403447,Jul,1,,1,10651
403450,May,1,,1,10651
403454,Jun,1,,1,10651
403456,Jun,1,,1,10651
403457,Jun,0.5,,2,10651
403458,May,1,,1,10651
403459,Mar,1,,1,10651
403463,May,1,,1,10651
403464,Jul,1,,1,10651
403465,Jun,1,,1,10651
403467,May,1,,1,10651
403469,Jun,1,,1,10651
403471,Jul,1,,1,10651
403478,Jun,1,,1,10651
403486,Jul,1,,1,10651
403490,May,1,,1,10651
403494,Jun,1,,1,10651
403495,Jul,1,,1,10651
403496,Jul,1,,1,10651
403497,Jun,1,,1,10651
403498,Jun,1,,1,10651
403499,May,1,,1,10651
403509,Jun,1,,1,10651
403510,Jun,1,,1,10651
403512,Jun,1,,1,10651
403513,Aug,1,,1,10651
403515,Jun,1,,1,10651
403517,Jul,1,,1,10651
403520,Jul,0.5,,2,10651
403525,Jun,1,,1,10651
403526,Jul,1,,1,10651
403529,Jul,1,,1,10651
403532,Jul,1,,1,10651
403535,Jun,1,,1,10651
403538,Jun,1,,1,10651
403539,May,1,,1,10651
403540,Jul,1,,1,10651
403541,Jul,0.333,,3,10651
403543,May,1,,1,10651
403545,Jul,1,,1,10651
403547,Jul,1,,1,10651
403548,Jun,1,,1,10651
403549,Jun,0.5,,2,10651
403550,Jun,1,,1,10651
403554,Jun,1,,1,10651
403556,Jul,1,,1,10651
403557,Jun,1,,1,10651
403559,Apr,1,,1,10651
403563,Jun,1,,1,10651
403564,Jun,1,,1,10651
403571,Jul,1,,1,10651
403575,Aug,1,,1,10651
403576,Jun,1,,1,10651
403578,Jun,1,,1,10651
403580,Jun,1,,1,10651
403581,Jun,1,,1,10651
403582,Jun,1,,1,10651
403583,Jul,1,,1,10651
403587,May,1,,1,10651
403590,Jun,0.5,,2,10651
403593,Jul,1,,1,10651
403602,Jul,1,,1,10651
403603,Jun,1,,1,10651
403604,Jul,1,,1,10651
403607,May,1,,1,10651
403609,Jul,1,,1,10651
403760,Jul,1,,1,10651
403764,Jun,1,,1,10651
403770,Jun,1,,1,10651
403867,Jun,1,,1,10651
403920,Jun,1,,1,10651
403923,Jul,1,,1,10651
403925,Jun,1,,1,10651
403932,Jun,1,,1,10651
403943,Jul,1,,1,10651
403952,Jun,1,,1,10651
403959,Jul,1,,1,10651
403963,Jun,1,,1,10651
403976,Jun,1,,1,10651
403996,Jun,1,,1,10651
404002,Jul,1,,1,10651
404038,Jun,1,,1,10651
404039,Jul,1,,1,10651
404045,Jun,1,,1,10651
404057,Jun,0.5,,2,10651
404075,Jul,1,,1,10651
404095,Feb,1,,2,"263,10342"
404096,Jun,1,,2,"263,10342"
404099,Feb,1,,1,10342
404100,Apr,0.5,,2,10342
404101,May,1,,2,"263,10342"
404102,Dec,1,,2,"263,10342"
404105,May,1,,1,10342
404107,Feb,1,,1,10342
404108,Mar,1,,1,10342
404110,Mar,1,,2,"263,10342"
404113,Apr,1,,1,10342
404117,Jun,1,,1,10342
404155,Jul,1,,1,10651
404209,Jul,1,,1,10651
404276,Jul,1,,1,10651
404277,Jul,1,,1,10651
404278,Jul,1,,1,10651
404279,Jul,1,,1,10651
404280,Jul,1,,1,10651
404281,Jul,1,,1,10651
404282,Jun,1,,1,10651
404283,Jun,1,,1,10651
404285,Jul,1,,1,10651
404286,Jun,1,,1,10651
404287,Jul,1,,1,10651
404288,Jul,1,,1,10651
404290,Jul,1,,1,10651
404291,Aug,1,,1,10651
404293,Jul,1,,1,10651
404294,Jul,1,,1,10651
404295,Jun,1,,1,10651
404296,Jun,1,,1,10651
404297,Jun,1,,1,10651
404299,Jul,1,,1,10651
404302,Jun,1,,1,10651
404303,Jul,1,,1,10651
404304,Jun,1,,1,10651
404305,Jul,1,,1,10651
404306,Jun,1,,1,10651
404307,Jun,1,,1,10651
404308,Jun,1,,1,10651
404309,Jul,1,,1,10651
404310,Jul,1,,1,10651
404311,Jul,1,,1,10651
404312,Jun,1,,1,10651
404313,Jun,1,,1,10651
404314,Aug,1,,1,10651
404316,Jun,1,,1,10651
404317,Jun,1,,1,10651
404318,Jun,1,,1,10651
404319,Jun,1,,1,10651
404331,Jul,1,,1,10651
404352,Jul,1,,1,10651
404354,Jul,1,,1,10651
404356,Jul,1,,1,10651
404363,Jul,1,,1,10651
404364,Jul,1,,1,10651
404365,Jun,1,,1,10651
404372,Jul,1,,1,10651
404374,Jun,1,,1,10651
404376,Jul,1,,1,10651
404381,Jul,1,,1,10651
404823,May,1,,1,10651
404860,Apr,1,,1,10651
404943,Jul,1,,1,10651
404945,Jun,1,,1,10651
404946,Jun,1,,1,10651
404952,Jun,1,,1,10651
404953,Jul,1,,1,10651
404954,Jun,1,,1,10651
404957,Jun,1,,1,10651
404958,Jul,1,,1,10651
404962,Jul,1,,1,10651
404964,Jul,1,,1,10651
404966,Jun,1,,1,10651
404967,Jul,1,,1,10651
404970,Jul,1,,1,10651
404971,Jul,1,,1,10651
404972,Jul,1,,1,10651
404973,Jul,1,,1,10651
404974,Jun,1,,1,10651
404975,Jul,1,,1,10651
404976,Jul,1,,1,10651
404978,Aug,1,,1,10651
404979,May,1,,1,10651
404981,Apr,1,,1,10651
404982,Jul,1,,1,10651
404985,Apr,1,,1,10651
404989,Jun,1,,1,10651
404991,Jul,1,,1,10651
404994,Jul,1,,1,10651
404997,Jun,1,,1,10651
404999,Jul,1,,1,10651
405002,Aug,1,,1,10651
405003,Jun,1,,1,10651
405006,Jul,1,,1,10651
405007,Jun,1,,1,10651
405009,Jul,1,,1,10651
405010,Jul,1,,1,10651
405012,Jul,1,,1,10651
405014,Jun,1,,1,10651
405015,Jul,1,,1,10651
405017,Jul,1,,1,10651
405018,Jul,1,,1,10651
405019,Jun,1,,1,10651
405020,Jun,1,,1,10651
405021,Jul,1,,1,10651
405023,Jul,1,,1,10651
405024,Aug,1,,1,10651
405025,Jul,1,,1,10651
405026,Aug,1,,1,10651
405027,Jul,1,,1,10651
405028,Jul,1,,1,10651
405029,Aug,0.5,,2,10651
405030,Aug,1,,1,10651
405031,Jul,1,,1,10651
405032,Aug,1,,1,10651
405033,Aug,1,,1,10651
405034,Jul,1,,1,10651
405035,Jul,1,,1,10651
405036,Jul,1,,1,10651
405037,Jul,1,,1,10651
405038,Aug,1,,1,10651
405039,Jun,1,,1,10651
405042,Jun,1,,1,10651
405043,Jun,1,,1,10651
405044,Jun,1,,1,10651
405046,Jul,1,,1,10651
405050,Jul,1,,1,10651
405053,Jun,1,,1,10651
405054,Aug,1,,1,10651
405055,May,1,,1,10651
405058,May,1,,1,10651
405059,Apr,0.5,,2,10651
405061,Jun,1,,1,10651
405062,Jul,0.5,,2,10651
405064,Jul,1,,1,10651
405067,Jun,1,,1,10651
405070,Jul,1,,1,10651
405071,Jul,1,,1,10651
405074,Jul,1,,1,10651
405076,Jul,1,,1,10651
405077,Jul,1,,1,10651
405078,Jul,1,,1,10651
405079,Jul,1,,1,10651
405080,Jul,0.5,,2,10651
405081,Jul,1,,1,10651
405082,Aug,0.5,,2,10651
405083,Jul,1,,1,10651
405085,May,1,,1,10651
405087,Jun,1,,1,10651
405088,Jul,1,,1,10651
405089,Jul,1,,1,10651
405090,Jun,1,,1,10651
405091,Jul,1,,1,10651
405092,Jun,1,,1,10651
405098,Jul,1,,1,10651
405099,Aug,1,,1,10651
405100,Jun,1,,1,10651
405103,Jun,1,,1,10651
405105,May,1,,1,10651
405106,Jun,1,,1,10651
405109,Jun,1,,1,10651
405111,May,1,,1,10651
405112,May,1,,1,10651
405115,May,1,,1,10651
405116,Jun,1,,1,10651
405117,Jul,0.5,,2,10651
405120,May,1,,1,10651
405121,Jul,1,,1,10651
405122,May,1,,1,10651
405123,Jul,1,,1,10651
405131,Jul,1,,1,10651
405132,Jun,1,,1,10651
405134,Jun,1,,1,10651
405138,Jul,1,,1,10651
405139,May,1,,1,10651
405140,Jun,1,,1,10651
405141,May,1,,1,10651
405143,Jul,1,,1,10651
405144,Apr,1,,1,10651
405145,Jul,1,,1,10651
405148,Jul,1,,1,10651
405149,Jun,1,,1,10651
405150,Jun,1,,1,10651
405151,Jul,1,,1,10651
405154,Jun,1,,1,10651
405155,Jun,1,,1,10651
405157,Jun,1,,1,10651
405158,Jun,1,,1,10651
405160,Jun,1,,1,10651
405162,Jul,1,,1,10651
405163,Jul,1,,1,10651
405166,Jul,1,,1,10651
405171,Jul,1,,1,10651
405172,Jul,1,,1,10651
405175,Jul,1,,1,10651
405176,Jul,1,,1,10651
405177,Jul,1,,1,10651
405178,Jun,1,,1,10651
405186,Jun,1,,1,10651
405189,May,1,,1,10651
405190,Aug,1,,1,10651
405191,Jul,1,,1,10651
405193,Jun,1,,1,10651
405195,Jul,1,,1,10651
405196,Jun,1,,1,10651
405199,Jun,1,,1,10651
405201,Jul,1,,1,10651
405203,Jul,1,,1,10651
405204,May,1,,1,10651
405208,Jul,1,,1,10651
405209,Jul,1,,1,10651
405216,Jun,1,,1,10651
405219,Jun,1,,1,10651
405223,Jul,1,,1,10651
405224,Jun,1,,1,10651
405230,Jun,1,,1,10651
405231,Jul,1,,1,10651
405234,Jul,1,,1,10651
405235,Jun,1,,1,10651
405237,Jul,1,,1,10651
405240,Jun,1,,1,10651
405243,Jul,1,,1,10651
405252,Apr,0.333,,3,10651
405649,Mar,1,,1,10651
405795,Mar,1,,1,10342
405904,Jun,1,,1,10651
406384,Jun,1,,1,10651
406392,May,1,,1,10651
406407,Jul,1,,1,10651
406409,Jul,1,,1,10651
406410,Jun,1,,1,10651
406411,May,1,,1,10651
406422,May,1,,1,10302
406493,Apr,1,,1,10651
406545,Jun,1,,1,10651
406585,Jun,1,,1,10651
406709,May,1,,1,10651
406712,Jun,1,,1,10651
406713,Aug,0.5,,2,10651
406714,Apr,1,,1,10651
406715,Jul,1,,1,10651
406716,Jul,1,,1,10651
406717,May,1,,1,10651
406719,May,1,,1,10651
406720,Mar,1,,1,10651
406721,Jun,1,,1,10651
406722,Jul,1,,1,10651
406731,Jun,1,,1,10651
406732,Jul,1,,1,10651
406735,May,1,,1,10651
406736,May,1,,1,10651
406741,Jul,1,,1,10651
406758,Aug,0.5,,2,10651
406773,Aug,1,,1,10651
406794,Jul,1,,1,10651
406795,Jul,1,,1,10651
406796,Jul,1,,1,10651
406801,Jul,1,,1,10651
406822,Mar,1,,1,10651
406823,Jun,1,,1,10651
406827,Jul,1,,1,10651
406918,Jun,1,,1,10651
406947,May,1,,1,10651
406955,Jul,1,,1,10651
406956,Aug,1,,1,10651
406958,Apr,1,,1,10651
406959,Jun,1,,1,10651
406960,Jun,1,,1,10651
406961,Jul,1,,1,10651
406962,Apr,1,,1,10651
406966,Jun,1,,1,10651
406967,May,0.667,,3,"10302,10651"
406970,Jun,1,,1,10651
406974,Jul,1,,1,10651
406984,Jun,1,,1,10651
406986,Jul,1,,1,10651
406988,Jul,1,,1,10651
406989,Jun,1,,1,10651
406990,May,1,,1,10651
406995,May,1,,1,10651
406998,Jun,1,,1,10651
406999,Jun,1,,1,10651
407002,Jul,1,,1,10651
407007,Jul,1,,1,10651
407008,Jul,0.5,,2,10651
407010,Jun,1,,1,10651
407012,Aug,1,,1,10651
407013,Aug,1,,1,10651
407014,Jul,1,,1,10651
407015,Jun,1,,1,10651
407018,Jun,1,,1,10651
407022,Jul,1,,1,10651
407024,May,1,,1,10651
407025,Jul,1,,1,10651
407030,Jun,1,,1,10651
407033,Aug,1,,1,10651
407035,Jun,1,,1,10651
407036,Jul,1,,1,10651
407037,Jun,1,,1,10651
407038,Jun,1,,1,10651
407039,Jul,1,,1,10651
407040,Apr,1,,1,10651
407041,Jul,1,,1,10651
407042,Jun,1,,1,10651
407047,May,1,,1,10651
407048,Jun,1,,1,10651
407050,Jul,1,,1,10651
407053,Jun,1,,1,10651
407055,Jul,1,,1,10651
407056,Jul,1,,1,10651
407057,May,1,,1,10651
407058,Jun,1,,1,10651
407064,Jun,1,,1,10651
407065,May,1,,1,10651
407066,Jun,1,,1,10651
407067,May,1,,1,10651
407068,Jun,1,,1,10651
407069,May,1,,1,10651
407076,May,1,,1,10651
407079,Jun,1,,1,10651
407080,May,1,,1,10651
407081,May,1,,1,10651
407083,Apr,1,,1,10651
407086,Jun,1,,1,10651
407088,Jul,1,,1,10651
407090,Jun,1,,1,10651
407091,Jun,1,,1,10651
407092,Aug,1,,1,10651
407093,Jul,1,,1,10651
407094,Aug,1,,1,10651
407097,Jul,1,,1,10651
407098,Jul,1,,1,10651
407099,Jul,1,,1,10651
407100,Jul,1,,1,10651
407101,May,1,,1,10651
407104,Jul,1,,1,10651
407121,Jul,1,,1,10651
407124,Jul,1,,1,10651
407140,Jul,1,,1,10651
407159,Jun,1,,1,10651
407164,Jul,1,,1,10651
407166,Jul,1,,1,10651
407167,Jul,1,,1,10651
407171,Aug,1,,1,10651
407172,Jul,1,,1,10651
407173,Jun,1,,1,10651
407174,Aug,1,,1,10651
407175,Jun,1,,1,10651
407176,Jul,1,,1,10651
407177,Jul,1,,1,10651
407178,Jul,1,,1,10651
407179,Jul,1,,1,10651
407180,Apr,0.5,,2,10651
407181,May,1,,1,10651
407185,Jun,1,,1,10651
407186,Jun,1,,1,10651
407187,Jun,1,,1,10651
407212,Aug,1,,1,10651
407214,Aug,1,,1,10651
407218,Jul,1,,1,10651
407224,Jul,1,,1,10651
407225,Aug,1,,1,10651
407231,Jul,1,,1,10651
407236,Jul,1,,1,10651
407237,Jul,1,,1,10651
407240,Jul,1,,1,10651
407241,Jul,1,,1,10651
407250,Jul,1,,1,10651
407253,Aug,1,,1,10651
407255,Jul,1,,1,10651
407256,Jun,1,,1,10651
407257,Aug,1,,1,10651
407260,Jun,1,,1,10651
407262,Aug,1,,1,10651
407265,Jul,1,,1,10651
407266,Aug,1,,1,10651
407272,Jul,1,,1,10651
407273,Aug,1,,1,10651
407277,Jul,1,,1,10651
407286,Jul,1,,1,10651
407287,Aug,1,,1,10651
407293,Aug,1,,1,10651
407297,Jul,1,,1,10651
407298,Jul,1,,1,10651
407299,Jul,1,,1,10651
407301,Jul,1,,1,10651
407309,Aug,1,,1,10651
407310,Jul,1,,1,10651
407312,Jul,1,,1,10651
407315,Aug,1,,1,10651
407316,Jul,1,,1,10651
407321,Jul,1,,1,10651
407324,Jul,1,,1,10651
407327,Jul,1,,1,10651
407332,Jun,1,,1,10651
407333,Jul,1,,1,10651
407343,Jul,1,,1,10651
407349,Aug,1,,1,10651
407350,Jul,1,,1,10651
407352,Jul,1,,1,10651
407354,Jul,1,,1,10651
407358,Jul,0.5,,2,10651
407360,Jun,1,,1,10651
407362,Jul,1,,1,10651
407371,Jun,1,,1,10651
407372,Jul,1,,1,10651
407376,May,1,,1,10651
407377,Jun,1,,1,10651
407379,Jul,1,,1,10651
407380,May,1,,1,10651
407381,Apr,1,,1,10651
407384,Jul,1,,1,10651
407385,Jun,1,,1,10651
407388,Jul,1,,1,10651
407394,May,1,,1,10651
407416,Jul,1,,1,10651
407432,Jul,1,,1,10651
407433,Jul,1,,1,10651
407460,May,1,,1,10651
407480,May,1,,1,10651
407481,May,1,,1,10651
407491,Jul,1,,1,10651
407754,Jun,1,,1,10651
407757,Jul,1,,1,10651
407760,Aug,1,,1,10651
407766,Jun,1,,1,10651
407767,Jul,1,,1,10651
407828,Jun,1,,1,10651
407842,Jul,1,,1,10651
407874,Jun,1,,1,10651
407876,Jul,0.5,,2,10651
407995,Jul,1,,1,10651
408026,Aug,0.5,,2,10651
408086,Jun,1,,1,10651
408092,Jun,1,,1,10651
408123,May,1,,1,10651
408176,Mar,1,,1,10651
408187,Jul,1,,1,10651
408188,Aug,0.5,,2,10651
408242,Jul,1,,1,10651
408246,Jun,1,,1,10651
408249,Jun,1,,1,10651
408353,Apr,1,,1,10651
408366,Jun,1,,1,10651
408386,Jun,1,,1,10651
408442,Jun,1,,1,10651
408469,Jun,1,,1,10651
408518,Jul,1,,1,10651
408642,May,1,,1,10651
408679,Jun,1,,1,10651
408697,Jun,1,,1,10651
408739,Apr,1,,1,10651
408750,May,1,,1,10651
408778,Jun,1,,1,10651
408779,Jul,0.5,,2,10651
408800,Jun,0.5,,2,10651
408828,Jul,1,,1,10651
408841,Jun,1,,1,10651
408872,May,1,,1,10651
409031,May,1,,1,10651
409051,Apr,1,,1,10651
409086,Jun,1,,1,10651
409087,Jun,1,,1,10651
409088,Jun,1,,1,10651
409089,May,1,,1,10651
409090,Jun,1,,1,10651
409091,Jun,1,,1,10651
409093,Jun,1,,1,10651
409094,Jun,1,,1,10651
409095,Jun,1,,1,10651
409097,Jun,1,,1,10651
409098,Jun,1,,1,10651
409099,Jun,1,,1,10651
409102,Jun,1,,1,10651
409107,May,1,,1,10651
409113,Jul,1,,1,10651
409114,Jun,1,,1,10651
409115,Jun,1,,1,10651
409116,Jul,1,,1,10651
409120,Jul,1,,1,10651
409122,Jun,1,,1,10651
409123,Jun,1,,1,10651
409125,Jun,1,,1,10651
409126,May,1,,1,10651
409127,Jun,1,,1,10651
409130,Jun,1,,1,10651
409131,Jun,1,,1,10651
409132,Jun,1,,1,10651
409133,Apr,1,,1,10651
409135,Jul,1,,1,10651
409136,Jun,1,,1,10651
409137,Jun,1,,1,10651
409138,Jul,1,,1,10651
409153,Jul,1,,1,10651
409154,Apr,1,,1,10651
409170,Apr,1,,1,10651
409172,Jul,0.5,,2,10651
409173,Jun,1,,1,10651
409178,Jun,1,,1,10651
409181,Mar,1,,1,10651
409183,Jun,1,,1,10651
409185,Apr,1,,1,10651
409187,Jul,1,,1,10651
409189,May,1,,1,10651
409195,Mar,1,,1,10651
409199,Jun,1,,1,10651
409200,Apr,1,,1,10651
409205,Jun,1,,1,10651
409214,Jun,1,,1,10651
409220,May,1,,1,10651
409222,Aug,1,,1,10651
415182,Apr,1,,1,10342
415379,Apr,1,,1,10292
415564,May,1,,1,10292
418288,Jul,1,,1,10651
418296,Aug,0.5,,2,10651
418299,May,1,,1,10651
418301,Aug,1,,1,10651
418311,May,1,,1,10651
421973,Jan,1,,1,10342
421974,Apr,1,,1,10342
421975,Mar,1,,1,10342
421976,Mar,1,,1,10342
421978,Feb,1,,1,10342
421979,Aug,1,,2,"263,10342"
421980,Jun,1,,1,10342
421982,Jan,1,,1,10342
421984,Mar,1,,1,10342
421986,Apr,1,,1,10342
421987,Apr,1,,1,10342
421988,Jun,1,,1,10342
421991,Feb,1,,1,10342
421992,Feb,1,,1,10342
421993,Dec,1,,1,10342
421995,Feb,1,,1,10342
421997,Mar,1,,1,10342
421998,Mar,1,,1,10342
422000,Mar,1,,1,10342
422001,May,1,,1,10342
422002,May,1,,1,10342
422004,Mar,1,,1,10342
422005,Dec,1,,1,10342
422006,Mar,1,,1,10342
422007,Jan,1,,1,10342
422008,Mar,1,,1,10342
422009,Mar,1,,1,10342
422010,Mar,1,,1,10342
422011,Mar,1,,1,10342
422012,Mar,1,,1,10342
422640,Apr,0.5,,2,10342
422658,Apr,1,,1,10651
422668,Apr,1,,1,10651
422670,Apr,1,,1,10651
422690,Apr,1,,1,10093
422701,Mar,1,,1,10093
422702,Apr,0.5,,2,10093
422716,Apr,1,,1,10093
422719,Apr,1,,1,10093
422733,Mar,1,,1,10093
422734,Mar,1,,1,10093
423279,Mar,1,,1,10651
423451,Aug,1,,1,10651
423456,Oct,1,,1,10320
423459,Jul,1,,1,10651
423485,Jul,1,,1,10651
423499,Jul,1,,1,10651
423509,Aug,1,,1,10651
423569,Jul,1,,1,10651
423575,Aug,1,,1,10651
423579,Jul,1,,1,10651
423587,Jul,1,,1,10651
423603,Aug,1,,1,10651
423632,Jun,1,,1,10651
423640,Jul,1,,1,10651
423643,Jun,1,,1,10651
423661,Jun,1,,1,10651
423666,Jul,1,,1,10651
423671,May,1,,1,10651
423674,Jun,1,,1,10651
423708,Jul,1,,1,10651
423723,Jun,1,,1,10651
423762,Aug,1,,1,10651
423766,Jul,1,,1,10651
423771,Jul,1,,1,10651
424204,Dec,1,,2,"263,10342"
424357,Aug,1,,1,10651
424509,Jul,1,,1,10651
424515,Jun,1,,1,10302
424546,Apr,0.5,,4,"10315,10651"
428236,Oct,1,,1,10320
428979,Mar,1,,1,10053
429038,Feb,1,,1,10053
429248,Feb,1,,1,10053
429337,Nov,1,,1,10320
429384,Oct,1,,1,10320
430801,Aug,1,,1,10097
432242,Mar,0.75,,4,"10042,10315,10651"
432372,May,1,,1,10651
432428,May,1,,1,10651
433041,Nov,1,,1,10042
433148,Aug,0.5,,2,10042
435213,Jul,1,,1,10651
436114,Jan,0.5,,2,10342
436300,Aug,1,,1,10651
436324,Jul,1,,1,10651
436448,May,1,,2,"10302,10315"
436450,Jul,1,,1,10315
436545,Aug,1,,1,10651
436547,Apr,1,,1,10651
436549,Jul,0.5,,2,10651
436619,Jun,1,,1,10651
436622,Jun,1,,1,10651
436625,Aug,1,,1,10651
436627,May,1,,1,10651
436632,Jun,1,,1,10651
436633,Jun,1,,1,10651
436634,May,1,,1,10651
436645,Apr,1,,1,10651
436646,Jul,1,,1,10651
436651,May,1,,1,10651
436653,Jun,1,,1,10651
436661,Jun,1,,1,10651
436665,Jun,1,,1,10651
436666,Jun,1,,1,10651
436680,Aug,1,,1,10651
436681,Jul,1,,1,10651
436684,Jun,1,,1,10651
436693,May,1,,1,10651
436697,Jul,1,,1,10651
436709,May,1,,1,10651
436710,May,1,,1,10651
436712,May,1,,1,10651
436714,Jul,1,,1,10651
436720,Jun,1,,1,10651
436730,Jun,1,,1,10651
436734,May,1,,1,10651
436737,May,1,,1,10651
436740,Apr,1,,1,10651
436752,Jun,1,,1,10651
436753,May,1,,1,10651
436754,Jul,1,,1,10651
436757,Jun,1,,1,10651
436761,Jun,1,,1,10651
436765,Jul,1,,1,10651
436768,May,1,,1,10651
436769,Apr,1,,1,10651
436774,May,1,,1,10651
436775,May,1,,1,10651
436776,May,1,,1,10651
436778,Aug,1,,1,10651
436779,Jun,1,,1,10651
436781,May,1,,1,10651
436782,May,1,,1,10651
436783,May,1,,1,10651
436785,Jun,1,,1,10651
436787,Jun,1,,1,10651
436793,Aug,0.5,,2,10651
436794,Jul,1,,1,10651
436795,Jul,1,,1,10651
436796,Jun,1,,1,10651
436803,Jun,1,,1,10651
436805,Jun,1,,1,10651
436806,Jul,1,,1,10651
436811,Jun,1,,1,10651
436814,Jun,1,,1,10302
436816,Jul,1,,1,10651
436821,Jul,1,,1,10651
436826,Jul,1,,1,10651
436828,Jul,1,,1,10651
436831,Jul,1,,1,10651
436837,Jun,1,,1,10651
436844,Jul,1,,1,10651
436846,Jun,1,,1,10651
436886,May,1,,1,10651
436888,May,1,,1,10651
436894,May,1,,1,10651
436895,Jun,1,,1,10651
436897,Jul,1,,1,10651
436898,May,1,,1,10651
436899,May,1,,1,10651
436900,Jul,1,,1,10651
436901,Jun,1,,1,10651
436902,Jul,1,,1,10651
436904,May,1,,1,10651
436908,Aug,1,,1,10651
436910,Jul,1,,1,10651
436913,Jun,1,,1,10651
436916,Jul,1,,1,10651
436917,Jul,1,,1,10651
436918,Aug,1,,1,10651
436919,Jul,1,,1,10651
436920,Jul,1,,1,10651
436923,Jun,1,,1,10651
436924,Jul,1,,1,10651
436925,Jul,1,,1,10651
436927,Jul,1,,1,10651
436928,May,1,,1,10651
436931,May,1,,1,10651
436932,Jun,1,,1,10651
436934,Jul,1,,1,10651
436935,Jun,1,,1,10651
436936,May,1,,1,10651
436937,Apr,1,,1,10651
436938,Jun,1,,1,10651
436940,Jun,1,,1,10651
436941,Jun,1,,1,10651
436942,Aug,1,,1,10651
436943,Apr,1,,1,10651
436944,Jul,1,,1,10651
436945,Jul,1,,1,10651
436946,Jun,1,,1,10651
436948,Jul,1,,1,10651
436949,Jun,1,,1,10651
436950,Jun,1,,1,10651
436951,Jun,1,,1,10651
436953,Aug,1,,1,10651
436954,Aug,1,,1,10651
436955,Jun,1,,1,10651
436959,Jul,1,,1,10651
436960,Jul,1,,1,10651
436964,Jul,1,,1,10651
436967,Jun,1,,1,10651
436968,Jul,1,,1,10651
436969,May,1,,1,10651
436971,Jun,1,,1,10651
436975,Jun,1,,1,10651
436977,Jun,1,,1,10651
436979,Jul,1,,1,10651
436980,Aug,0.5,,2,10651
436981,Jul,1,,1,10651
436982,Jul,0.5,,2,10651
436984,May,1,,1,10651
436985,May,1,,1,10651
436986,Jun,1,,1,10651
436989,Jul,1,,1,10651
436990,Aug,1,,1,10651
436991,Jul,1,,1,10651
436992,Jul,1,,1,10651
436993,Jul,1,,1,10651
436994,Jun,1,,1,10651
436995,May,1,,1,10651
437001,Jun,1,,1,10651
437007,Jul,1,,1,10651
437010,Jun,1,,1,10651
437016,Jun,1,,1,10651
437019,Jun,1,,1,10651
437027,Jun,1,,1,10651
437029,Jun,1,,1,10651
437030,Jun,1,,1,10651
437031,May,1,,1,10651
437032,Jul,1,,1,10651
437035,May,1,,1,10651
437039,May,1,,1,10651
437040,Jun,1,,1,10651
437044,Jun,1,,1,10651
437055,Jun,0.667,,3,"10302,10651"
437061,May,1,,1,10651
437062,Jul,1,,1,10651
437064,Jun,1,,1,10651
437066,Jul,1,,1,10651
437067,Jul,1,,1,10651
437070,Apr,1,,1,10651
437071,Jul,1,,1,10651
437072,May,1,,1,10651
437073,Jul,1,,1,10651
437075,Jul,1,,1,10651
437076,Jun,1,,1,10651
437078,Jun,1,,1,10651
437082,Jun,1,,1,10651
437084,Jun,1,,1,10651
437085,May,1,,1,10651
437086,May,1,,1,10651
437087,Jul,1,,1,10651
437090,Jul,1,,1,10651
437098,Jun,1,,1,10651
437100,Jul,1,,1,10651
437101,Jun,1,,1,10651
437104,Jul,1,,1,10651
437105,Jun,1,,1,10651
437116,Jun,1,,1,10651
437117,Jun,1,,1,10651
437118,Aug,1,,1,10651
437119,Jun,1,,1,10651
437121,May,1,,1,10651
437124,Aug,1,,1,10651
437125,Jul,1,,1,10651
437126,Jul,1,,1,10651
437130,May,1,,1,10651
437133,Mar,1,,1,10651
437134,Jul,1,,1,10651
437135,May,1,,1,10651
437138,Apr,1,,1,10651
437139,Jul,0.5,,2,10651
437145,Jun,1,,1,10651
437146,May,1,,1,10651
437147,Apr,1,,1,10651
437149,May,1,,1,10651
437154,Jul,1,,1,10651
437155,May,1,,1,10651
437164,Apr,1,,1,10651
437169,Jul,1,,1,10651
437172,May,1,,1,10651
437173,Jun,0.5,,2,10651
437175,Apr,1,,1,10651
437176,May,1,,1,10651
437178,Jul,1,,1,10651
437187,Jul,1,,1,10651
437199,Jun,1,,1,10651
437201,Jun,1,,1,10651
437203,Jun,1,,1,10651
437216,Jul,1,,1,10651
437218,Jul,1,,1,10651
437224,Apr,1,,1,10651
437225,Jun,1,,1,10651
437226,Jun,1,,1,10651
437228,Jul,1,,1,10651
437230,Jul,1,,1,10651
437231,Aug,1,,1,10651
437232,Jul,1,,1,10651
437235,Apr,1,,1,10651
437238,Apr,1,,1,10651
437239,Apr,1,,1,10651
437240,May,1,,1,10651
437241,Apr,1,,1,10651
437242,Apr,1,,1,10651
437247,Jul,1,,1,10651
437249,May,1,,1,10651
437251,May,1,,1,10651
437253,Jul,1,,1,10651
437255,May,1,,1,10651
437256,Apr,1,,1,10651
437259,May,1,,1,10651
437260,May,1,,1,10651
437261,May,1,,1,10651
437262,Jun,1,,1,10651
437263,May,1,,1,10651
437266,Jun,1,,1,10651
437269,Mar,1,,1,10651
437270,Apr,1,,1,10651
437275,Apr,1,,1,10651
437276,Jun,1,,1,10651
437283,Apr,1,,1,10651
437289,Jul,1,,1,10651
437298,May,1,,1,10651
437299,Jun,1,,1,10651
437300,Jul,1,,1,10651
437301,Jun,1,,1,10651
437302,May,1,,1,10651
437303,Jul,1,,1,10651
437304,Jun,1,,1,10651
437306,Apr,1,,1,10651
437307,Apr,1,,1,10651
437308,Jun,1,,1,10651
437309,May,1,,1,10651
437310,May,1,,1,10651
437324,May,1,,1,10651
437325,Apr,1,,1,10651
437326,Apr,1,,1,10651
437327,Mar,1,,1,10651
437328,Jun,1,,1,10651
437331,May,1,,1,10651
437332,Jun,1,,1,10651
437334,May,1,,1,10651
437335,Apr,1,,1,10651
437339,Jun,1,,1,10651
437340,Jun,1,,1,10651
437341,Jul,1,,1,10651
437342,Jun,1,,1,10651
437343,Jun,1,,1,10651
437344,May,1,,1,10651
437345,May,1,,1,10651
437346,Jul,1,,1,10651
437347,Jun,1,,1,10651
437348,Jun,1,,1,10651
437353,May,1,,1,10651
437355,May,1,,1,10651
437357,May,1,,1,10651
437358,Apr,1,,1,10651
437364,Jun,1,,1,10651
437365,May,1,,1,10651
437366,Jun,1,,1,10651
437367,Jun,1,,1,10651
437368,Jun,1,,1,10651
437372,Jul,1,,1,10651
437374,Jun,1,,1,10651
437377,May,1,,1,10651
437380,Jun,1,,1,10651
437381,May,1,,1,10651
437384,May,1,,1,10651
437386,Jul,1,,1,10651
437387,Apr,1,,1,10651
437391,May,1,,1,10651
437396,Jun,1,,1,10651
437399,May,1,,1,10651
437400,Jul,1,,1,10651
437402,Mar,1,,1,10651
437406,May,1,,1,10651
437407,May,1,,1,10651
437409,Jun,1,,1,10651
437410,May,1,,1,10651
437415,Jun,1,,1,10651
437416,Jun,1,,1,10651
437417,May,1,,1,10651
437419,Jun,1,,1,10651
437420,Aug,1,,1,10651
437422,Jun,1,,1,10651
437424,May,1,,1,10651
437425,Aug,1,,1,10651
437427,Apr,1,,1,10651
437428,May,1,,1,10651
437430,Jun,1,,1,10651
437432,Jun,1,,1,10651
437435,Jul,1,,1,10651
437436,Jul,1,,1,10651
437438,Aug,1,,1,10651
437439,Aug,1,,1,10651
437440,Jul,1,,1,10651
437453,Jun,1,,1,10651
437455,Jun,1,,1,10651
437456,Jul,1,,1,10651
437457,Jul,1,,1,10651
437458,Apr,1,,1,10651
437460,May,1,,1,10651
437461,Apr,1,,1,10651
437462,May,1,,1,10651
437463,Mar,1,,1,10651
437464,Jun,1,,1,10651
437467,Jul,1,,1,10651
437468,Apr,1,,1,10651
437469,May,1,,1,10651
437474,Jun,1,,1,10651
437476,Jul,1,,1,10651
437478,May,1,,1,10651
437479,Jun,1,,1,10651
437481,May,1,,1,10651
437482,Jun,1,,1,10651
437483,Jul,1,,1,10651
437484,Jul,1,,1,10651
437485,Jun,1,,1,10651
437486,May,1,,1,10651
437487,Jun,1,,1,10651
437488,May,1,,1,10651
437489,Jun,1,,1,10651
437490,Jul,1,,1,10651
437491,Jun,1,,1,10651
437492,Jul,1,,1,10651
437493,May,1,,1,10651
437494,Jun,1,,1,10651
437495,Jul,1,,1,10651
437498,May,1,,1,10651
437499,Jul,1,,1,10651
437500,Apr,1,,1,10651
437502,Apr,1,,1,10651
437505,Jun,1,,1,10651
437506,May,1,,1,10651
437507,Apr,1,,1,10651
437508,Jun,1,,1,10651
437511,May,1,,1,10651
437513,Jun,1,,1,10651
437514,May,1,,1,10651
437517,Jul,1,,1,10651
437518,May,1,,1,10651
437519,May,1,,1,10651
437520,Jul,1,,1,10651
437523,Jun,1,,1,10651
437524,May,1,,1,10651
437525,Jun,1,,1,10651
437526,May,1,,1,10651
437527,Jun,1,,1,10651
437528,Jun,1,,1,10651
437529,May,1,,1,10651
437530,Jun,1,,1,10651
437531,Sep,1,,1,10651
437532,Jul,1,,1,10651
437537,May,1,,1,10651
437538,Aug,1,,1,10651
437539,Jun,1,,1,10651
437540,Jun,1,,1,10651
437541,Apr,1,,1,10651
437543,Jul,1,,1,10651
437546,Jul,1,,1,10651
437548,Jul,1,,1,10651
437554,Jun,1,,1,10651
437560,Aug,1,,1,10651
437563,Jul,1,,1,10651
437564,Jun,1,,1,10651
437565,Jun,1,,1,10651
437567,Apr,1,,1,10651
437569,Apr,1,,1,10651
437570,Aug,1,,1,10651
437573,Apr,1,,1,10651
437574,Jun,1,,1,10651
437575,Jul,1,,1,10651
437576,Jul,1,,1,10651
437579,Apr,1,,1,10651
437584,Jun,1,,1,10651
437585,Jun,1,,1,10651
437586,Jul,1,,1,10651
437587,Jul,1,,1,10651
437588,Aug,1,,1,10651
437589,May,1,,1,10651
437591,Jun,1,,1,10651
437592,Jul,1,,1,10651
437593,Jul,1,,1,10651
437594,Jun,1,,1,10651
437595,Jun,1,,1,10651
437596,May,1,,1,10651
437598,May,1,,1,10651
437599,Jul,1,,1,10651
437600,Jun,1,,1,10651
437601,Apr,1,,1,10651
437603,Jul,1,,1,10651
437604,Jun,1,,1,10651
437607,May,1,,1,10651
437608,Jul,1,,1,10651
437615,Jul,1,,1,10651
437617,Jun,1,,1,10651
437618,Apr,1,,1,10651
437621,Jun,1,,1,10651
437623,Apr,1,,1,10651
437624,Jul,0.5,,2,10651
437629,Jul,1,,1,10651
437634,Aug,1,,1,10651
437637,May,1,,1,10651
437638,Jun,1,,1,10651
437639,May,1,,1,10651
437640,Jul,1,,1,10651
437641,Jun,1,,1,10651
437642,May,1,,1,10651
437643,May,1,,1,10651
437654,May,1,,1,10651
437656,Jun,1,,1,10651
437659,Jun,1,,1,10651
437661,Aug,1,,1,10651
437670,May,1,,1,10651
437671,May,1,,1,10651
437682,Jul,1,,1,10651
437685,Jul,1,,1,10651
437689,Jun,1,,1,10651
437691,May,1,,1,10651
437693,Aug,1,,1,10651
437694,May,1,,1,10651
437695,Jun,1,,1,10651
437696,Sep,1,,1,10651
437698,May,1,,1,10651
437700,Jul,1,,1,10651
437701,Jul,1,,1,10651
437704,Jul,1,,1,10651
437706,May,1,,1,10651
437708,Jul,1,,1,10651
437710,Jul,1,,1,10651
437712,Jun,1,,1,10651
437713,Jun,1,,1,10651
437716,Jun,1,,1,10651
437717,Jul,1,,1,10651
437718,Jun,1,,1,10651
437720,May,1,,1,10651
437722,Jul,1,,1,10651
437723,Jul,1,,1,10651
437726,May,1,,1,10651
437731,Jul,1,,1,10651
437733,Jun,1,,1,10651
437734,Jun,1,,1,10651
437735,Jun,1,,1,10651
437751,Jun,0.667,,3,"10302,10651"
437753,Jun,1,,1,10651
437763,Jun,1,,1,10651
437766,Jun,1,,1,10651
437777,May,1,,1,10651
437778,Jul,1,,1,10651
437783,Jun,1,,1,10651
437784,May,1,,1,10651
437785,May,1,,1,10651
437794,Jul,1,,1,10651
437799,Jul,1,,1,10651
437800,May,1,,1,10651
437801,Jul,1,,1,10651
437805,Jul,1,,1,10651
437807,Jul,1,,1,10651
437808,Jul,1,,1,10651
437811,Mar,1,,1,10651
437812,Jul,1,,1,10651
437814,Jun,1,,1,10651
437816,Aug,0.5,,2,10651
437818,Jul,1,,1,10651
437820,Jul,1,,1,10651
437824,May,1,,1,10651
437825,May,1,,1,10651
437827,Jun,1,,1,10651
437828,Jul,1,,1,10651
437838,Jul,1,,1,10651
437846,Jun,1,,1,10651
437854,Apr,1,,1,10651
437855,May,1,,1,10651
437861,Jul,1,,1,10651
437865,Jul,1,,1,10651
437871,Apr,1,,1,10651
437892,Jun,1,,1,10651
437897,Jul,1,,1,10651
437900,Jul,1,,1,10651
437904,Jun,1,,1,10651
437905,May,1,,1,10651
438116,Mar,1,,1,10342
438122,Jan,1,,1,10320
438148,Jun,1,,1,10651
438152,May,1,,1,10651
438155,Jul,1,,1,10651
438180,Dec,0.333,,3,10302
438184,May,1,,1,10651
438187,Sep,1,,1,10320
438209,Mar,0.5,,2,10342
438211,Mar,1,,1,10342
438212,May,1,,2,"263,10342"
438215,May,1,,1,10097
438228,Jul,1,,1,10651
438229,Jun,1,,1,10651
438230,Jun,1,,1,10315
438231,Jun,1,,1,10651
438250,Jun,1,,3,"10302,10315,10651"
438256,Jul,0.5,,2,10302
438258,May,1,,3,"10302,10315,10651"
438265,Jul,1,,1,10651
438287,Dec,0.5,,2,10342
438294,Dec,1,,1,10302
438343,May,0.667,,3,"10302,10315"
438356,Apr,1,,1,10315
438362,Jun,0.5,,4,"10315,10651"
438364,Jun,1,,2,"10315,10651"
438378,Jul,1,,1,10651
438386,May,0.429,,7,"10042,10315,10651"
438388,Apr,0.333,,3,10651
438389,May,0.667,,3,"10302,10651"
438392,Jul,0.5,,2,10302
438417,Jan,1,,1,10342
438418,Dec,1,,2,"263,10342"
438425,Jun,1,,1,10651
438430,Jun,1,,1,10651
438431,Mar,1,,1,10315
438432,Apr,0.333,,3,10651
438434,May,1,,1,10651
438435,Jun,1,,1,10651
438438,May,1,,2,"10302,10651"
438439,Jun,1,,1,10651
438440,Apr,0.5,,2,10651
438444,Jul,1,,1,10097
438454,May,1,,1,10302
438467,May,1,,2,"10302,10315"
438473,Jun,1,,1,10315
438474,Jun,0.5,,4,"10302,10315"
438475,Jun,0.667,,3,"10315,10342"
438477,Jul,0.5,,2,10342
438484,Apr,1,,2,"10302,10651"
438497,Jun,1,,1,10651
438498,Jul,1,,1,10651
438499,Jul,1,,1,10651
438500,May,1,,1,10302
438502,Jan,1,,2,"263,10342"
438507,May,0.75,,4,"10302,10315,10651"
438522,Aug,1,,1,10651
438529,Jun,1,,1,10651
438543,May,1,,1,10315
438549,Jul,0.75,,4,"10042,10302,10651"
438553,May,1,,1,10315
438557,Jul,1,,2,"10302,10651"
438559,Mar,1,,1,10342
438578,Mar,1,,1,10342
438592,Jul,1,,1,10651
438593,Jul,1,,1,10302
438606,May,1,,1,10651
438610,Jul,1,,1,10651
438613,Jun,0.75,,4,"10302,10315,10651"
438618,Oct,1,,1,10320
438657,Mar,1,,1,10342
438658,May,1,,2,"10302,10315"
438687,Apr,0.5,,4,"10342,10651"
438709,Jul,0.667,,3,"10302,10651"
438720,Apr,1,,1,10097
438726,Jun,0.5,,4,"10315,10651"
438727,Jun,1,,2,"10302,10651"
438753,Aug,1,,1,10320
438754,Sep,1,,1,10320
438755,Oct,1,,1,10320
438759,Apr,1,,1,10651
438770,Aug,1,,1,10651
438789,Dec,1,,1,10320
438793,Apr,0.5,,2,10651
438794,Jul,1,,1,10651
438806,Jun,1,,1,10302
438807,Jan,1,,1,10342
438812,Apr,0.5,,2,10651
438821,May,1,,1,10651
438822,Jul,1,,1,10651
438841,Jan,0.5,,2,10342
438851,Jun,1,,1,10342
438854,Aug,1,,1,10651
438855,Jul,1,,1,10651
438857,Jun,1,,2,"10302,10651"
438877,Dec,1,,1,10342
438878,Mar,0.5,,2,10097
438880,Nov,1,,1,10320
438884,Sep,1,,1,10320
438885,Mar,1,,1,10342
439033,Jun,1,,1,10302
439036,Jul,1,,1,10651
439041,variable,1,,1,10053
439060,Dec,1,,1,10342
439069,Jun,1,,1,10651
439079,Jun,1,,1,10302
439084,May,0.667,,3,"10302,10342"
439090,May,1,,2,"10302,10315"
439095,Jun,0.5,,4,"10302,10651"
439096,May,0.667,,3,"10302,10315"
439099,Jun,1,,1,10651
439100,May,1,,1,10651
439102,May,1,,1,10342
439104,Jul,1,,1,10342
439111,Jul,1,,1,10315
439122,Jun,1,,1,10651
439130,May,1,,1,10651
439135,Jan,1,,1,10342
439142,Jun,0.5,,2,10651
439143,Mar,1,,1,10342
439145,Feb,1,,1,10342
439147,Apr,0.333,,3,10651
439148,Mar,1,,1,10342
439149,Jan,1,,1,10342
439152,May,1,,1,10342
439153,Jun,0.667,,3,"10302,10315"
439155,May,1,,2,"10302,10315"
439157,May,1,,1,10302
439160,Apr,0.5,,2,10651
439161,Aug,1,,1,10320
439162,May,0.4,,5,"10302,10651"
439180,Jul,0.333,,3,10302
439181,Apr,1,,2,"10302,10651"
439199,Oct,1,,2,"263,10342"
439204,Mar,1,,1,10302
439207,Apr,0.5,,2,10342
439219,Jun,1,,1,10651
439226,Mar,1,,1,10342
439232,Jan,1,,1,10342
439239,Jul,1,,1,10651
439240,Mar,1,,2,"263,10342"
439243,Oct,1,,1,10342
439249,Apr,1,,1,10342
439252,Mar,1,,1,10342
439253,May,0.667,,3,"10315,10651"
439255,Jun,0.667,,3,"10302,10315"
439257,Jun,0.5,,4,"10302,10315"
439258,Dec,1,,1,10302
439259,Dec,1,,1,10320
439278,Apr,0.5,,2,10342
439289,Aug,1,,1,10320
439299,Jul,0.5,,2,10302
439300,Jul,1,,1,10651
439301,Jul,0.5,,2,10651
439310,May,1,,1,10651
439311,Feb,1,,1,10342
439314,Feb,1,,1,10651
439315,Feb,1,,1,10651
439319,Jun,1,,1,10651
439358,Dec,1,,1,10302
439375,Feb,1,,1,10342
439387,Jun,0.75,,4,"10302,10315,10651"
439388,Jun,0.5,,2,10315
439390,Jun,0.5,,4,"10315,10651"
439397,Apr,1,,1,10097
439403,Jun,1,,1,10651
439404,Jun,1,,1,10651
439419,Apr,0.5,,2,10042
439423,Jul,1,,1,10651
439428,May,0.667,,3,"10302,10651"
439485,Mar,1,,1,10651
439497,Jul,0.5,,2,10302
439498,Jun,1,,2,"10302,10651"
439501,Apr,1,,2,"263,10342"
439549,Feb,1,,1,10342
439552,Jul,1,,1,10651
439555,Apr,1,,1,10651
439611,May,1,,1,10651
439618,May,1,,1,10651
439629,Oct,1,,1,10342
439635,Jul,1,,3,"10302,10315,10651"
439636,Jul,0.333,,3,10651
439646,Aug,1,,1,10651
439668,Mar,1,,1,10053
439670,Apr,0.5,,2,10342
439728,Feb,1,,1,10342
439768,Feb,1,,1,10053
439771,Apr,0.5,,2,10097
439772,Jul,1,,1,10042
439790,Jun,1,,1,10651
439839,Sep,1,,1,10053
439854,May,1,,1,10093
439878,Jul,1,,1,10651
439882,Mar,1,,1,10651
439885,Mar,1,,1,10342
439908,Jul,1,,1,10651
439915,Jul,1,,1,10651
439918,Jul,1,,1,10302
439928,Aug,1,,1,10651
439945,Jun,1,,1,10292
439950,May,1,,1,10342
439951,Jul,0.5,,2,10315
439959,Jun,1,,1,10053
439972,May,1,,1,10320
439995,Jun,1,,2,"10302,10651"
439999,Dec,1,,1,10302
440001,Dec,0.5,,2,10342
440002,Aug,1,,1,10320
440020,Aug,1,,1,10651
440026,Jun,1,,1,10651
440044,Jul,1,,1,10651
440046,Jan,1,,1,10342
440053,Mar,0.5,,2,10651
440065,Mar,1,,2,"10302,10651"
440070,Jun,1,,1,10651
440089,Jul,1,,1,10651
440094,May,1,,1,10651
440095,May,1,,1,10651
440098,May,0.667,,3,"10302,10651"
440102,Jul,0.333,,3,10651
440123,Oct,1,,1,10320
440125,Mar,1,,1,10342
440131,Jun,1,,1,10097
440139,Apr,0.5,,2,10651
440142,May,0.5,,4,"10315,10651"
440143,Jun,1,,2,"10315,10651"
440144,Apr,0.667,,3,"10342,10651"
440146,Jun,0.5,,2,10315
440155,Apr,0.333,,3,10651
440157,Jul,1,,1,10651
440166,Feb,1,,1,10342
440174,Jun,0.4,,5,"10302,10651"
440179,Feb,1,,1,10342
440182,Jun,1,,2,"10302,10315"
440185,Dec,0.5,,2,10320
440187,Oct,1,,1,10320
440188,Apr,1,,1,10342
440189,Oct,1,,1,10320
440195,Jun,1,,1,10651
440221,Aug,1,,1,10320
440225,Apr,0.5,,2,10302
440265,Jun,0.5,,4,"10302,10651"
440268,Jul,0.667,,3,"10302,10315"
440271,Mar,1,,1,10053
440335,variable,1,,1,10053
440348,Jun,1,,1,10651
440355,Jun,0.5,,4,"10302,10651"
440363,Jun,0.5,,2,10320
440367,Nov,0.5,,2,10320
440424,Nov,1,,1,10053
440434,Jan,1,,1,10320
440439,Mar,1,,1,10342
440480,Apr,0.333,,3,10093
440483,Dec,1,,1,10302
440495,Jul,1,,1,10651
440496,Jul,0.5,,2,10651
440501,Feb,1,,1,10342
440527,Jun,1,,1,10651
440534,Jun,1,,1,10651
440541,Jul,1,,1,10651
440544,May,1,,1,10651
440562,Jul,0.5,,2,10651
440569,May,1,,1,10302
440601,Oct,1,,1,10320
440607,Jul,1,,2,"10302,10651"
440608,Aug,0.4,,5,"10302,10315"
440619,May,1,,1,10342
440645,Jul,0.667,,3,"10302,10315"
440646,Jul,0.5,,2,10315
440649,Jun,1,,2,"10302,10651"
440650,Jul,1,,1,10651
440651,Jun,0.667,,3,"10315,10651"
440658,variable,1,,1,10053
440663,Mar,1,,1,10342
440671,Apr,1,,2,"263,10342"
440672,Mar,0.5,,2,10342
440673,May,1,,1,10342
440675,Jul,0.667,,3,"10315,10651"
440683,Jun,1,,1,10651
440686,Jun,1,,3,"10302,10315,10651"
440689,Feb,1,,1,10342
440700,Jul,1,,1,10097
440720,Feb,1,,1,10342
440721,Jan,1,,2,"263,10342"
440722,Jan,1,,2,"263,10342"
440734,Jun,1,,2,"10302,10651"
440735,Jul,0.5,,2,10302
440744,Nov,1,,1,10342
440745,Mar,1,,2,"263,10342"
440746,Apr,0.5,,2,263
440789,Mar,0.5,,2,10315
440792,Jun,1,,1,10342
440797,Apr,1,,1,10651
440800,Jun,1,,1,10302
440804,Feb,1,,1,10342
440805,Nov,0.667,,3,"263,10342"
440808,May,1,,1,10651
440809,Jun,0.5,,2,10651
440817,May,1,,2,"10302,10651"
440818,May,1,,1,10315
440826,Jun,0.5,,2,10302
440827,Jun,0.5,,4,"10315,10651"
440828,Apr,1,,1,10651
440829,Apr,1,,1,10651
440833,Jan,1,,1,10342
440859,Jun,1,,1,10651
440864,Aug,1,,1,10320
440865,Sep,1,,1,10320
440867,Sep,1,,1,10320
440869,Oct,1,,1,10320
440881,Jul,1,,1,10651
440900,Feb,0.5,,2,263
440902,Feb,0.5,,2,263
440904,Feb,0.5,,2,263
440907,Dec,0.5,,2,263
440908,Jan,1,,2,"263,10342"
440910,Feb,1,,1,10342
440913,Feb,1,,2,"263,10342"
440915,Mar,1,,1,10342
440919,Mar,1,,1,10342
440931,Jun,1,,1,10651
440977,Jun,1,,1,10651
440980,Jun,1,,1,10651
440991,Mar,1,,1,10342
441000,Jul,0.5,,2,10302
441001,Jul,1,,1,10651
441002,May,1,,3,"10302,10315,10651"
441003,Jul,1,,1,10651
441020,Feb,1,,1,10342
441030,Dec,1,,1,10302
441033,Feb,1,,1,10342
441039,Feb,1,,1,10342
441060,Mar,1,,2,"263,10342"
441094,Aug,1,,3,"10302,10315,10651"
441095,Feb,0.5,,2,10342
441110,Mar,1,,1,10342
441157,Jul,1,,1,10651
441167,May,1,,2,"10315,10651"
441169,May,1,,1,10651
441224,Aug,1,,1,10651
441225,Jul,1,,1,10651
441232,Jan,0.667,,3,"263,10342"
441235,Jan,1,,1,10342
441236,Jan,1,,1,10342
441237,May,1,,1,10315
441271,Jun,1,,2,"10302,10651"
441274,Feb,0.5,,4,"263,10342"
441276,May,0.667,,3,"10302,10651"
441279,Jul,1,,1,10302
441280,Jul,0.5,,2,10651
441301,Jul,1,,1,10302
441336,May,0.5,,4,"10302,10315"
441340,Apr,1,,1,10651
441347,Apr,1,,1,10651
441352,May,1,,1,10651
441353,Aug,1,,1,10320
441354,Apr,0.667,,3,"10302,10651"
441373,May,1,,1,10651
441390,May,1,,1,10320
441411,Oct,0.5,,2,263
441431,Jun,1,,1,10651
441442,Jan,1,,1,10342
441452,Mar,1,,1,10342
441467,Aug,0.5,,2,10651
441476,Nov,1,,1,10320
441482,Jul,0.5,,2,10302
441483,Apr,1,,1,10342
441485,Mar,1,,2,"10093,10342"
441488,Mar,1,,1,10042
441502,Feb,1,,1,10342
441510,Jun,0.5,,2,10651
441511,Jun,0.667,,3,"10315,10651"
441514,Apr,0.5,,2,10342
441556,Jun,1,,1,10651
441581,Apr,1,,1,10342
441590,May,0.75,,4,"10302,10315,10651"
441593,Dec,0.5,,2,10302
441604,May,1,,1,10042
441618,Mar,1,,1,10342
441633,Jun,1,,1,10292
441694,Dec,1,,1,10302
441709,Jun,1,,2,"10302,10651"
441710,Jun,1,,2,"10042,10097"
441712,Jul,1,,1,10651
441715,Jul,1,,1,10651
441716,Aug,1,,2,"10302,10315"
441719,Jun,1,,1,10651
441720,Jul,1,,1,10651
441725,Jul,1,,1,10315
441727,Jul,1,,1,10651
441762,Jun,0.667,,3,"10315,10651"
441770,Jul,0.5,,2,10651
441777,Aug,1,,1,10651
441780,Jul,1,,1,10651
441793,Jul,1,,2,"10315,10651"
441795,Apr,1,,1,10342
441796,Apr,1,,1,10342
441816,May,0.5,,6,"10302,10315,10651"
441834,Jul,1,,1,10651
441839,Dec,1,,1,10320
441841,Dec,1,,1,10320
441913,Jul,1,,1,10302
441937,Mar,1,,1,10342
441938,Mar,1,,1,10342
441939,May,0.5,,2,10651
441951,Jul,1,,1,10651
441958,May,1,,1,10651
441959,May,1,,1,10651
441962,Jul,1,,1,10651
441963,Aug,1,,1,10651
441964,Jul,1,,1,10651
441999,Mar,1,,1,10315
442065,Apr,1,,1,10651
442114,May,1,,2,"263,10342"
442115,Jul,0.5,,2,263
442117,Apr,1,,1,10651
442120,Jun,1,,1,10315
442121,Apr,1,,1,10053
442122,Apr,1,,1,10342
442123,Jun,0.5,,2,10302
442124,Apr,1,,1,10651
442125,Mar,0.667,,3,"10302,10315"
442149,May,1,,3,"10302,10315,10651"
442150,Jul,0.333,,3,10651
442151,May,1,,2,"10302,10651"
442153,Apr,0.4,,5,"10302,10651"
442154,May,1,,1,10651
442158,Jul,1,,1,10651
442177,Feb,0.5,,2,263
442178,Jan,1,,1,10342
442214,Jun,1,,1,10651
442215,Jun,1,,1,10651
442217,Apr,0.667,,3,"10315,10651"
442235,Jun,0.5,,2,10651
442237,Jun,1,,1,10315
442243,Apr,0.5,,2,10042
442248,Aug,0.5,,2,10651
442250,Jan,1,,1,10342
442254,Aug,1,,1,10320
442269,Jul,1,,1,10315
442280,May,1,,1,10342
442289,Apr,1,,1,10342
442290,Jun,1,,2,"263,10342"
442291,Jul,0.5,,4,"10315,10651"
442292,Jul,1,,1,10651
442294,Jan,1,,1,10342
442296,Jun,1,,1,10342
442310,Jul,1,,1,10651
442311,Jul,1,,1,10651
442318,May,1,,1,10342
442322,Jun,0.4,,5,"10302,10315"
442335,Jul,1,,1,10651
442346,Jul,1,,1,10651
442347,Jul,1,,1,10651
442348,Jun,1,,1,10651
442349,Aug,1,,1,10651
442350,Jul,1,,1,10651
442351,Jul,0.5,,2,10651
442361,Jun,0.5,,2,10302
442362,Jun,1,,1,10342
442418,May,0.667,,3,"10315,10651"
442419,Apr,0.5,,2,10651
442420,Apr,1,,1,10651
442421,Apr,1,,1,10651
442424,May,1,,1,10651
442429,Jul,1,,1,10342
442430,May,1,,1,10651
442432,May,1,,1,10651
442441,Jun,1,,1,10315
442442,Jun,1,,1,10651
442448,Jul,0.5,,2,10651
442450,Jul,0.5,,4,"10315,10651"
442451,Jun,1,,1,10651
442455,Dec,1,,1,10342
442463,Jul,0.5,,4,"10302,10315"
442475,Jul,1,,1,10651
442481,Jul,1,,1,10302
442482,Jun,1,,1,10651
442493,Jul,1,,1,10651
442496,Jun,0.333,,3,10651
442505,Dec,1,,2,"263,10342"
442507,May,1,,1,10342
442521,Apr,1,,2,"263,10342"
442522,Apr,1,,2,"263,10342"
442524,Jun,1,,1,10651
442525,Jun,0.667,,3,"10302,10651"
442526,Apr,0.333,,3,10342
442533,May,1,,1,10342
442534,Jul,1,,1,10302
442535,Jul,1,,2,"10302,10651"
442542,May,0.5,,4,"10315,10651"
442551,Feb,0.333,,3,10342
442561,Jun,1,,1,10651
442563,May,1,,1,10342
442566,Jun,1,,1,10651
442568,Apr,0.5,,2,10342
442575,May,1,,2,"10302,10651"
442590,May,1,,2,"10302,10651"
442591,May,1,,1,10651
442598,Jul,1,,1,10315
442601,Feb,0.5,,2,10342
442650,Nov,0.5,,2,10320
442653,Jun,0.667,,3,"10315,10651"
442665,Jun,1,,1,10651
442667,Jun,1,,1,10651
442668,Apr,1,,3,"10302,10315,10651"
442670,Mar,0.5,,4,"10302,10315"
442671,Jun,1,,1,10651
442672,Jul,0.5,,2,263
442719,Aug,1,,1,10302
442722,Jun,1,,1,10651
442724,Aug,0.5,,2,10315
442743,Apr,0.5,,4,"10042,10651"
442746,Jan,1,,1,10342
442755,Feb,1,,2,"263,10342"
442756,Apr,1,,1,10342
442757,Mar,1,,1,10342
442758,Apr,1,,1,10342
442759,Mar,1,,1,10342
442760,Mar,1,,1,10342
442777,Jan,1,,2,"263,10342"
442778,Apr,0.5,,2,10342
442779,Jul,0.667,,3,"10302,10315"
442804,Apr,1,,1,10302
442806,Apr,1,,1,10651
442838,Jun,0.5,,2,10651
442839,Apr,1,,1,10342
442862,May,1,,1,10651
442868,Nov,1,,1,10053
442871,Jul,1,,1,10651
442887,Jun,1,,1,10651
442893,Jun,1,,1,10651
442907,Jun,1,,1,10651
442938,Mar,1,,1,10342
442983,Jun,1,,1,10651
442984,Jul,0.5,,2,10302
442991,Apr,0.75,,4,"10302,10315,10651"
442992,Apr,0.333,,3,10651
442993,Apr,1,,1,10651
442994,Jul,0.25,,4,10315
442995,Mar,1,,1,10342
442996,Apr,1,,1,10651
442997,Mar,1,,1,10342
442999,Apr,0.75,,4,"10302,10315,10651"
443000,May,1,,1,10651
443003,Apr,1,,1,10651
443005,Apr,0.333,,3,10651
443006,Apr,1,,1,10651
443007,Apr,1,,1,10651
443064,May,1,,1,10651
443065,Nov,1,,1,10320
443066,Aug,1,,1,10320
443075,Jun,0.5,,4,"10302,10651"
443077,Apr,1,,1,10651
443078,Mar,1,,2,"10302,10315"
443080,Mar,1,,1,10302
443084,Feb,1,,1,10342
443087,Feb,1,,2,"263,10342"
443088,Jun,1,,1,10302
443089,May,1,,1,10651
443090,May,1,,1,10651
443103,Jun,1,,1,10651
443119,Mar,1,,1,10342
443120,May,1,,1,10315
443122,Apr,0.667,,3,"10342,10651"
443124,Feb,1,,1,10342
443126,Mar,1,,1,10342
443130,Jun,1,,1,10315
443143,Jul,1,,1,10651
443145,Aug,0.5,,2,10302
443184,Mar,1,,1,10093
443200,Mar,1,,1,10093
443201,Mar,1,,1,10093
443410,Jun,1,,1,10651
443419,Mar,1,,1,10651
443423,Apr,0.5,,2,10093
443427,Jul,0.5,,2,10651
443431,Apr,1,,1,10651
443446,Apr,1,,1,10093
443447,Mar,1,,1,10651
443449,Apr,1,,1,10093
443450,Mar,1,,1,10093
443456,Jun,1,,1,10651
443462,Apr,1,,1,10651
443466,Apr,1,,1,10651
443467,Apr,1,,1,10651
443469,Apr,1,,1,10651
443471,Apr,1,,1,10651
443473,May,1,,2,"10302,10651"
443474,Jul,1,,1,10651
443477,Apr,0.5,,2,10651
443479,Apr,1,,1,10651
443480,May,1,,1,10651
443484,Feb,1,,1,10093
443487,Apr,1,,1,10651
443488,Jun,0.5,,2,10651
443494,Apr,1,,1,10651
443495,Jun,1,,1,10093
443502,Apr,0.5,,2,10651
443504,May,1,,1,10651
443509,Apr,1,,1,10651
443512,Aug,0.5,,2,10651
443516,Apr,1,,1,10651
443517,Apr,0.5,,2,10651
443518,Apr,1,,1,10651
443519,Mar,1,,1,10651
443520,Apr,1,,1,10651
443578,Apr,1,,1,10320
443695,Mar,1,,1,10053
443696,Jan,1,,1,10053
443707,variable,1,,1,10053
443709,Mar,1,,1,10053
443710,Apr,1,,1,10053
443872,May,1,,1,10651
443873,Jun,1,,1,10651
443875,Jul,1,,1,10651
443876,Apr,1,,1,10651
443877,Jul,1,,1,10651
443880,Apr,0.5,,2,10651
443881,Aug,1,,1,10651
443882,May,1,,1,10651
443883,Jun,1,,1,10651
443884,Jul,1,,1,10651
443885,Aug,0.333,,3,10651
443887,May,1,,1,10651
443888,Apr,1,,1,10651
443890,Jul,1,,1,10651
443891,Apr,1,,1,10651
443892,Apr,1,,1,10651
443893,Apr,1,,1,10651
443894,Mar,1,,1,10651
443895,Mar,1,,1,10651
443897,Jun,1,,1,10651
443898,Apr,1,,1,10651
443899,Jun,1,,1,10651
443900,Jun,1,,1,10651
443901,May,1,,1,10651
443902,May,1,,1,10651
443903,Mar,1,,1,10651
443904,Mar,1,,2,"10302,10651"
443905,Mar,1,,1,10302
443906,Apr,0.5,,2,10651
443907,Jun,1,,1,10651
443908,Mar,1,,1,10093
443909,Oct,1,,1,10093
443910,Oct,1,,1,10093
443911,Mar,1,,1,10093
443912,Jan,1,,1,10097
443913,Aug,0.5,,2,10097
443914,Jun,0.5,,2,10042
443915,Jul,0.333,,3,10651
443916,May,1,,1,10097
443917,Aug,1,,1,10097
443918,Apr,0.5,,2,10097
443919,Apr,1,,1,10097
443920,May,1,,1,10097
443921,Apr,1,,1,10097
443922,Apr,0.5,,2,10097
443923,Apr,0.5,,2,10097
443924,May,1,,1,10097
443925,Apr,1,,1,10097
443926,Apr,1,,1,10097
443927,Aug,1,,1,10097
443928,Apr,1,,1,10097
443929,Aug,0.5,,2,10097
443930,Jun,1,,1,10097
443931,Jul,1,,1,10097
443932,Apr,1,,1,10097
443933,Mar,0.5,,2,10097
443934,Jul,1,,1,10097
443935,Apr,1,,1,10097
443936,Apr,1,,1,10097
443937,May,1,,1,10097
443938,Mar,1,,1,10042
443940,Jul,1,,1,10042
443942,Jul,1,,1,10302
443944,Jul,1,,1,10302
443945,Jul,1,,1,10302
443946,Jul,0.5,,2,10302
443948,Apr,1,,1,10651
443949,May,1,,1,10302
443951,Apr,0.5,,2,10651
443952,Jul,0.667,,3,"10302,10315"
443954,Apr,1,,1,10302
443955,Jun,0.667,,3,"10302,10651"
443956,May,1,,1,10315
443957,Jul,1,,1,10651
443966,Mar,0.333,,3,10302
443967,Jun,1,,2,"10302,10651"
443968,Apr,0.5,,2,10302
443971,Aug,1,,1,10302
443972,Jul,0.667,,3,"10302,10651"
443973,Jul,1,,1,10302
443975,Jan,1,,1,10315
443977,Jul,1,,1,10302
443979,Jul,0.333,,3,10651
443980,Jun,1,,1,10302
443981,Jun,1,,1,10302
443986,Jul,1,,1,10302
443990,Aug,1,,1,10651
444003,Jun,1,,1,10651
444004,Jul,1,,2,"10302,10651"
444005,Jun,1,,1,10651
444006,Jul,1,,1,10302
444008,Jun,1,,1,10302
444009,Jul,1,,1,10302
444010,Jun,1,,1,10302
444012,Jul,1,,1,10302
444014,May,1,,2,"10302,10651"
444017,Jul,0.5,,2,10651
444019,May,1,,1,10302
444021,Mar,1,,1,10302
444022,Mar,1,,2,"10302,10651"
444023,May,1,,1,10302
444024,May,1,,1,10651
444026,Jun,1,,1,10302
444028,Jul,1,,1,10302
444029,Jul,0.5,,2,10302
444031,Jun,0.5,,2,10651
444033,Jun,1,,1,10302
444034,Feb,1,,1,10302
444035,Jun,1,,1,10302
444036,Jun,0.5,,2,10651
444038,Mar,0.5,,2,10302
444039,May,1,,1,10302
444040,Jun,1,,1,10651
444041,Jun,1,,2,"10302,10651"
444043,Jul,1,,1,10302
444044,Jul,0.667,,3,"10302,10651"
444045,Jun,1,,1,10651
444047,Jul,1,,1,10302
444048,May,1,,1,10302
444049,Jul,0.5,,2,10302
444050,Jun,1,,1,10302
444051,Jun,1,,1,10302
444052,Jul,1,,1,10302
444053,May,1,,1,10302
444054,Jun,0.667,,3,"10302,10651"
444055,Jul,0.5,,2,10651
444057,Jul,1,,2,"10302,10651"
444154,Jul,1,,1,10651
444215,Mar,1,,1,10320
444218,May,1,,1,10320
444227,Jul,1,,1,10320
444239,Aug,1,,1,10320
444251,Sep,1,,1,10320
444252,Oct,1,,1,10320
444266,Apr,1,,1,10320
444267,Aug,1,,1,10320
444269,Aug,1,,1,10320
444283,Jun,1,,1,10320
444297,Apr,1,,1,10320
444299,Aug,1,,1,10320
444352,Aug,1,,1,10320
444367,Feb,1,,1,10320
444469,Aug,1,,1,10320
444505,Jul,1,,1,10320
444507,Sep,1,,1,10320
444508,Apr,1,,1,10320
444515,Oct,1,,1,10320
444518,May,1,,1,10320
444520,Jun,1,,1,10320
444525,May,1,,1,10320
444526,Nov,1,,1,10320
444528,Jan,1,,1,10320
444534,Sep,1,,1,10320
444537,Nov,1,,1,10320
444539,Nov,1,,1,10320
444548,Sep,1,,1,10320
444556,Jun,1,,1,10320
444567,May,1,,1,10320
444569,Jul,1,,1,10320
444614,Mar,1,,1,10320
444616,Jun,1,,1,10320
444618,Jun,1,,1,10320
444627,Mar,1,,1,10320
444630,Sep,1,,1,10320
444631,Aug,1,,1,10320
444634,Apr,1,,1,10320
444662,Jun,1,,2,"10302,10651"
444663,May,1,,1,10302
444664,Jul,1,,1,10302
444666,Jun,0.5,,2,10651
444670,Apr,1,,2,"10302,10651"
444673,Apr,0.667,,3,"10302,10651"
444674,Jun,1,,1,10302
444678,Jun,1,,1,10315
444684,Jun,1,,1,10302
444717,May,1,,1,10651
444719,Jun,1,,1,10651
444797,Feb,1,,1,10053
444812,Feb,1,,1,10053
444821,Aug,1,,1,10053
444838,Nov,1,,1,10053
444840,Jun,1,,1,10053
444870,Jun,1,,1,10651
444896,May,1,,1,10053
444909,Dec,1,,1,10053
444914,Aug,1,,1,10053
444915,variable,1,,1,10053
444916,Aug,1,,1,10053
444920,variable,1,,1,10053
444924,variable,1,,1,10053
444933,variable,1,,1,10053
444945,variable,1,,1,10053
444990,variable,1,,1,10053
445003,Feb,1,,1,10053
445006,Mar,1,,1,10053
445010,Feb,1,,1,10053
445016,Jul,1,,1,10053
445024,Oct,1,,1,10053
445031,Feb,1,,1,10053
445036,Mar,1,,1,10053
445038,Feb,1,,1,10053
445044,Oct,1,,1,10053
445049,Apr,1,,1,10053
445151,Apr,1,,1,10651
445156,Jul,0.5,,2,10302
445157,Jun,1,,1,10651
445158,Jul,1,,1,10651
445160,Apr,0.5,,2,10651
445163,May,1,,1,10302
445164,Aug,0.5,,2,10302
445165,Apr,1,,1,10651
445166,May,1,,1,10651
445194,Jul,1,,1,10042
445195,Jun,1,,1,10042
445196,Jun,0.5,,2,10042
445197,May,1,,1,10042
445198,Jun,1,,1,10042
445199,Jun,1,,1,10042
445200,Jul,1,,1,10042
445201,Jul,1,,1,10042
445202,Jun,1,,1,10042
445203,Aug,1,,1,10042
445204,Apr,0.5,,2,10042
445205,Jul,1,,1,10042
445206,Mar,1,,1,10042
445207,Apr,0.5,,2,10651
445208,Jun,1,,1,10042
445209,Jun,1,,1,10042
445210,Jun,1,,1,10042
445211,Jun,1,,1,10042
445212,Jul,1,,1,10042
445345,Jul,1,,1,10651
445346,Aug,1,,1,10651
445359,Aug,1,,1,10651
445362,Jul,1,,1,10651
445365,Jul,1,,1,10651
445369,Aug,1,,1,10651
445373,Jul,1,,1,10651
445379,Jul,1,,1,10651
445380,Jul,1,,1,10651
445382,Jul,1,,1,10651
445385,May,1,,1,10651
445387,Jul,1,,1,10651
445390,Jul,1,,1,10651
445393,Jun,1,,1,10651
445398,Jun,1,,1,10651
445406,Jun,1,,1,10651
445407,Jun,1,,1,10651
445412,Jun,1,,1,10651
445416,Jun,1,,1,10651
445417,Jul,1,,1,10651
445419,Jul,0.5,,2,10651
445421,Jun,1,,1,10651
445422,Jul,0.5,,2,10651
445424,Jul,1,,1,10651
445425,Jul,1,,1,10651
445427,Jun,1,,1,10651
445428,May,1,,1,10651
445429,Jul,1,,1,10651
445436,Jun,0.5,,2,10651
445438,Jun,1,,1,10651
445441,Jun,1,,1,10651
445443,Jul,1,,1,10651
445452,Jun,1,,1,10651
445453,Jun,1,,1,10651
445458,Jul,1,,1,10651
445459,May,1,,1,10651
445460,Apr,0.5,,2,10651
445461,Jul,1,,1,10651
445463,Jul,1,,2,"10302,10651"
445472,Jan,1,,1,10053
445978,Jul,1,,1,10651
445979,Jul,1,,1,10651
445980,Apr,1,,1,10651
445981,Jul,1,,1,10651
445982,Jun,1,,1,10651
445983,Jul,0.5,,2,10651
445984,Jul,1,,1,10651
445985,Jun,1,,1,10651
445986,Jun,1,,1,10651
445989,Jun,1,,1,10651
445990,Jun,1,,1,10651
445991,Jul,1,,1,10651
445992,Jul,1,,1,10651
445994,Jun,1,,1,10651
445995,Jun,1,,1,10651
445997,Jun,1,,1,10651
445998,Jul,1,,1,10651
445999,Jul,1,,1,10651
446000,Jul,0.5,,2,10651
446001,Jul,1,,1,10651
446002,Jul,1,,1,10651
446003,Jun,1,,1,10651
446004,Jun,1,,1,10651
446005,Jul,0.333,,3,10651
446006,May,1,,1,10651
446007,Jul,1,,1,10651
446008,Jun,1,,1,10651
446009,May,1,,1,10651
446010,Jul,1,,1,10651
446011,May,1,,1,10651
446012,Jul,1,,1,10651
446013,Jun,1,,1,10651
446014,Jul,1,,1,10651
446017,Jul,1,,1,10302
446019,May,1,,1,10651
446021,Jul,1,,1,10302
446024,May,1,,1,10302
446028,Apr,1,,1,10302
446032,Jun,1,,1,10651
446036,May,1,,1,10651
446038,Apr,0.5,,2,10302
446040,Jul,1,,1,10302
446042,Jul,1,,1,10302
446043,Jun,1,,1,10302
446045,Jul,1,,1,10302
446048,Jul,1,,1,10302
446050,Jul,1,,1,10651
446053,Apr,1,,1,10302
446055,Mar,0.5,,2,10302
446056,Jun,0.5,,2,10651
446058,May,1,,1,10302
446063,Jun,1,,2,"10302,10651"
446065,Jun,1,,1,10651
446066,Jul,1,,1,10651
446068,Jul,1,,1,10302
446071,Jun,1,,1,10302
446168,Jun,1,,1,10651
446200,Jul,1,,1,10320
446207,Jul,1,,1,10320
446220,Nov,1,,1,10320
446223,Jun,1,,1,10651
446226,Aug,1,,1,10651
446232,Jul,1,,1,10651
446233,May,1,,1,10651
446423,May,1,,1,10302
446435,May,1,,1,10651
446463,Jan,1,,1,263
446515,Mar,1,,1,10651
446523,Jul,0.5,,2,10651
446529,Apr,1,,1,10651
446531,Jun,0.5,,2,10651
446533,Jul,1,,1,10651
446539,Jun,1,,1,10651
446545,Jun,1,,1,10651
446549,Jun,1,,1,10651
446553,Jun,1,,1,10651
446555,Jun,1,,1,10651
446560,Jul,1,,1,10651
446563,Jul,0.5,,2,10651
446654,May,1,,2,"10302,10651"
448135,Apr,0.5,,2,10651
448136,May,1,,1,10302
448137,Apr,0.5,,2,10651
448138,May,1,,1,10651
448139,Aug,1,,1,10651
448140,Jul,1,,1,10651
448141,Jul,1,,1,10651
448142,Aug,0.5,,2,10651
448143,Aug,1,,1,10651
448144,Jul,1,,1,10651
448145,Apr,1,,1,10651
448148,May,1,,1,10651
448149,Jun,1,,1,10651
448150,Jun,1,,1,10651
448151,Jun,1,,1,10651
448152,May,1,,1,10651
448153,Apr,0.5,,2,10651
448154,Jun,1,,1,10651
448155,Jul,1,,1,10651
448156,Apr,1,,1,10651
448157,May,1,,1,10651
448161,Aug,1,,1,10651
448163,Aug,1,,1,10651
448164,Jun,1,,1,10651
448165,Jun,1,,1,10651
448166,Apr,1,,1,10651
448167,Jul,0.5,,2,10651
448168,Jun,1,,1,10651
448170,Jul,1,,1,10651
448171,Apr,1,,1,10651
448173,Jul,0.5,,2,10651
448174,Jun,1,,1,10651
448175,Aug,0.5,,2,10651
448176,Jul,1,,1,10651
448177,Apr,0.5,,2,10651
448178,Apr,1,,1,10651
448181,Apr,1,,1,10651
448183,Jun,1,,1,10651
448184,Jun,1,,1,10651
448185,Jul,1,,1,10651
448186,Jun,1,,1,10651
448187,Dec,0.5,,2,10302
448189,Jun,1,,1,10651
448190,Jun,1,,1,10651
448191,Jul,1,,1,10651
448192,Jul,1,,1,10651
448193,Jun,1,,1,10651
448194,Jun,1,,1,10651
448195,Jun,1,,1,10651
448196,Jun,1,,1,10651
448198,Jun,1,,1,10651
448199,May,1,,1,10651
448200,Jun,1,,1,10651
448202,Jul,1,,1,10651
448203,Jul,1,,1,10651
448204,Jun,1,,1,10651
448205,May,1,,1,10651
448207,Jun,1,,1,10651
448208,Jun,0.5,,2,10651
448209,Jun,1,,1,10651
448210,Jun,1,,1,10651
448211,May,1,,1,10651
448212,Jun,0.5,,2,10651
448213,Jul,1,,1,10651
448214,Jun,1,,1,10651
448215,Jul,1,,1,10651
448216,Jun,1,,1,10651
448225,May,1,,1,10315
450121,Aug,1,,1,10651
450124,Jul,1,,2,"10302,10651"
450132,Aug,1,,1,10651
450137,Jun,1,,1,10651
450138,Aug,1,,1,10651
450139,Jul,1,,1,10651
450141,May,1,,1,10651
450142,Jun,1,,1,10651
450143,Aug,1,,1,10651
450146,Jun,1,,1,10651
450151,Jun,1,,1,10651
450253,Jun,1,,1,10651
450303,Aug,1,,1,10292
450309,May,1,,1,10292
450315,Aug,1,,1,10292
450317,Jun,1,,2,"10302,10651"
450318,May,1,,1,10292
450324,Jun,1,,1,10292
450339,Apr,1,,1,10292
450345,Jul,1,,1,10292
450346,Sep,1,,1,10292
450352,Jun,1,,1,10292
450357,Apr,1,,1,10292
450359,Dec,1,,1,10302
450364,Apr,1,,1,10292
450367,Jun,1,,1,10292
450370,Jun,1,,1,10292
450371,Jun,1,,1,10292
450381,Apr,0.5,,2,10292
450608,Jun,1,,1,10651
450633,Jul,1,,1,10292
450646,May,1,,1,10292
450663,Jul,1,,1,10651
450744,Aug,1,,1,10651
450759,Jun,1,,1,10651
450760,Jul,1,,1,10651
450817,Jun,1,,1,10292
450823,May,1,,1,10292
450854,Aug,1,,1,10651
450874,Sep,1,,1,10292
450964,Jul,1,,1,10302
451049,May,1,,1,10651
451055,Jun,1,,1,10651
451070,May,1,,1,10651
451071,Apr,1,,1,10651
451078,Jul,1,,1,10651
451085,Jun,1,,1,10651
451086,Jun,1,,1,10651
451088,Mar,1,,1,10651
451090,Jun,1,,2,"10302,10651"
451091,May,1,,1,10651
451095,May,1,,1,10651
451096,Jul,1,,1,10651
451100,Jun,1,,1,10651
451101,Jul,1,,1,10651
451102,Jul,1,,1,10651
451106,Jul,1,,1,10651
451107,Apr,1,,1,10651
451109,Jun,1,,1,10651
451111,May,1,,1,10651
451116,Jun,1,,1,10651
451117,Jun,1,,1,10651
451120,Apr,1,,1,10651
451125,Jun,1,,1,10651
451126,May,1,,1,10651
451129,Jun,1,,1,10651
451133,Jul,1,,1,10651
451135,Mar,1,,1,10651
451137,Jul,1,,1,10651
451139,Jul,1,,1,10651
451140,Apr,1,,1,10651
451147,Jun,1,,1,10651
451149,Apr,1,,1,10651
451151,Jul,1,,1,10651
451153,Jun,1,,1,10651
451156,May,1,,1,10651
451157,Jul,1,,1,10651
451165,Aug,1,,1,10651
451167,Jun,1,,1,10651
451171,Jun,1,,1,10651
451173,Jul,1,,1,10651
451174,Jul,1,,1,10651
451177,Jun,1,,1,10651
451178,Jul,1,,1,10651
451189,Jun,1,,1,10651
451193,May,1,,1,10651
451198,Apr,1,,1,10651
451201,Jun,1,,1,10651
451202,Jul,1,,1,10651
451203,Jun,1,,1,10651
451204,May,1,,1,10651
451205,Jun,0.5,,2,10651
451206,Jun,1,,1,10651
451207,May,1,,1,10651
451210,Jun,1,,1,10651
451211,Jun,1,,1,10651
451212,Jun,1,,1,10651
451213,Apr,0.5,,2,10651
451214,Jun,1,,1,10651
451215,Apr,1,,1,10651
451217,Jul,1,,1,10651
451218,Jul,1,,1,10651
451221,Jun,1,,1,10651
451222,Jun,1,,1,10651
451223,Jun,1,,1,10651
451224,Jun,1,,1,10651
451225,Jul,1,,1,10651
451227,Jun,1,,1,10651
451228,Jun,1,,1,10651
451229,Jun,1,,1,10651
451232,May,1,,1,10651
451233,May,1,,1,10651
451357,Jun,0.5,,2,10651
451464,Jul,1,,1,10651
451465,Jun,1,,1,10651
451474,Jun,1,,1,10651
451621,Jun,1,,1,10651
451660,variable,1,,1,10053
451716,Aug,1,,1,10651
451726,May,1,,1,10651
451732,Aug,1,,1,10651
451758,May,1,,1,10651
451759,Apr,0.5,,2,10651
451760,Jun,0.5,,2,10651
451799,Jul,1,,1,10651
451878,May,1,,1,10651
451881,Apr,1,,1,10651
451893,Sep,1,,1,10320
451963,May,1,,1,10651
451965,Jun,1,,1,10651
451967,Jun,1,,1,10651
451970,Apr,1,,1,10651
451999,May,1,,1,10651
452000,May,1,,1,10651
452001,Jun,1,,1,10651
452002,Jun,1,,1,10651
452003,Jun,1,,1,10651
452004,Jun,1,,1,10651
452005,Jun,1,,1,10651
452131,Jun,1,,1,10651
452227,Jun,1,,1,10651
452240,Jul,1,,1,10651
452347,Jun,1,,1,10651
452371,Jun,1,,1,10651
452457,Jun,1,,1,10651
452477,Jun,1,,1,10651
452488,May,1,,1,10651
452498,Jun,1,,1,10651
452545,Jul,1,,1,10651
452552,Jul,1,,1,10651
452601,Jun,1,,1,10651
452602,Jul,1,,1,10651
452603,Jun,1,,1,10651
452651,May,1,,1,10651
452654,Jul,1,,1,10651
452661,Jul,1,,1,10651
452662,Jul,1,,1,10651
452673,May,1,,1,10302
452675,May,1,,1,10651
452684,Jun,1,,1,10651
452686,Jun,1,,1,10651
452699,Sep,1,,1,10320
452728,Jul,1,,1,10651
452750,Jul,1,,1,10651
452757,Jun,1,,1,10651
452758,May,1,,1,10302
452790,Jul,1,,1,10651
452791,Jul,1,,1,10651
452792,Jun,1,,1,10651
452862,Jun,1,,1,10651
452879,May,1,,1,10315
452880,Jun,1,,1,10302
452881,Apr,1,,1,10302
452886,May,1,,1,10302
452890,Apr,1,,1,10302
452925,Jun,1,,1,10302
452934,May,1,,1,10651
452977,Jun,0.5,,2,10651
453069,Jul,1,,1,10292
453097,Jun,1,,1,10651
453098,Jun,1,,1,10651
453195,Apr,1,,1,10651
453285,Jul,0.5,,2,10651
453287,Jul,0.5,,2,10651
453306,Jul,1,,1,10302
453310,Aug,1,,1,10302
453313,Aug,1,,1,10651
453382,Jun,1,,1,10651
453470,Jun,1,,1,10651
453516,Jun,1,,1,10651
453517,Jun,1,,1,10651
453670,Jul,1,,1,10651
453961,Jun,1,,1,10651
453965,Jun,1,,1,10651
453966,May,1,,1,10651
454114,Oct,1,,1,10320
454282,Feb,1,,1,10053
454441,Apr,1,,1,10651
454637,Jun,1,,1,10651
454734,Apr,1,,1,10651
454735,Apr,1,,1,10651
454758,May,1,,1,10651
454825,Jun,1,,1,10651
454828,May,1,,1,10651
454833,May,1,,1,10651
454836,May,1,,1,10651
454838,Jun,1,,1,10651
455088,May,1,,1,10651
455091,Sep,1,,1,10651
455092,May,1,,1,10651
455093,Jul,1,,1,10651
455187,May,1,,1,10651
455188,Aug,1,,1,10651
455653,Jun,1,,1,10651
455655,Jun,1,,1,10651
455656,Jul,0.333,,3,10651
455660,Jul,1,,1,10651
455906,Jul,1,,1,10651
456304,Jun,1,,1,10651
456461,Jul,1,,1,10651
456470,Jul,1,,1,10651
456479,Aug,1,,1,10651
456766,Apr,1,,1,10651
456785,Apr,1,,1,10651
456787,Apr,1,,1,10651
456788,Apr,1,,1,10651
456808,Jul,1,,1,10651
456821,Apr,1,,1,10651
456857,May,1,,1,10651
456859,May,1,,1,10651
456860,Jun,1,,1,10651
456861,Mar,1,,1,10302
456924,Apr,1,,1,10651
456957,Jun,1,,1,10651
456972,May,1,,1,10651
456977,Mar,1,,1,10651
456978,Mar,1,,1,10651
457025,Feb,1,,1,10302
457085,Jun,1,,1,10651
457342,May,1,,1,10651
457513,Aug,1,,1,10651
457514,May,1,,1,10651
457519,Apr,1,,1,10651
457520,Jul,1,,1,10651
457539,Jun,1,,1,10651
457541,Jun,1,,1,10651
457542,Jun,1,,1,10651
457567,Jun,1,,1,10651
457606,Aug,1,,1,10651
457607,Jul,1,,1,10651
457608,Jul,1,,1,10651
457620,Jun,1,,1,10651
457624,Jun,1,,1,10651
457734,Aug,1,,1,10651
457741,May,1,,1,10651
457758,Jun,1,,1,10651
457760,Jun,1,,1,10651
457762,Jul,0.5,,2,10651
457781,Jul,1,,1,10651
458162,Jun,1,,1,10651
458166,May,1,,1,10651
458168,May,1,,1,10053
458169,variable,1,,1,10053
458170,variable,1,,1,10053
458420,Jul,1,,1,10651
458421,Jul,1,,1,10651
458423,Jul,1,,1,10651
458439,Mar,1,,1,10651
458440,May,1,,1,10651
458441,May,1,,1,10651
458442,Jul,1,,1,10651
458443,Jun,1,,1,10651
458444,Jul,1,,1,10651
458447,May,1,,1,10651
458448,Aug,1,,1,10651
458449,Jul,1,,1,10651
458450,May,1,,1,10651
458459,Jul,1,,1,10651
458460,Jun,1,,1,10651
458461,May,1,,1,10651
458462,Mar,1,,1,10651
458465,Jun,1,,1,10651
458467,Apr,1,,1,10651
458468,Apr,1,,1,10651
458469,Jun,1,,1,10651
458470,Jun,1,,1,10651
458472,Jun,1,,1,10651
458473,Jul,0.5,,2,10651
458474,Jun,1,,1,10651
458475,Jun,1,,1,10651
458476,Jun,1,,1,10651
458477,May,1,,1,10651
458478,Dec,0.333,,3,10302
458479,Jul,1,,1,10651
458480,Jun,1,,1,10651
458481,Jun,1,,1,10651
458482,Jul,1,,1,10651
458483,Jun,1,,1,10651
458484,Jul,1,,1,10651
458485,May,1,,1,10651
458487,May,1,,1,10651
458490,Aug,1,,1,10651
458491,Apr,1,,1,10651
458492,Apr,1,,1,10651
458493,May,1,,1,10651
458494,Apr,1,,1,10651
458495,Jun,1,,1,10651
458496,Apr,1,,1,10651
458497,Mar,1,,1,10651
458498,May,1,,1,10651
458499,May,1,,1,10651
458500,Jun,1,,1,10651
458501,Jun,1,,1,10651
458502,May,1,,1,10651
458503,Jun,1,,1,10651
458504,Jun,1,,1,10651
458506,Jun,1,,1,10651
458507,May,1,,1,10651
458508,Jul,0.5,,2,10651
458509,Jun,1,,1,10651
458510,Jun,1,,1,10651
458511,May,1,,1,10651
458512,Jul,1,,1,10651
458513,Jun,1,,1,10651
458514,Apr,1,,1,10651
458515,Apr,1,,1,10651
458516,May,1,,1,10651
458517,Jun,1,,1,10651
458518,Jun,1,,1,10651
458519,Apr,1,,1,10651
458520,May,1,,1,10651
458521,Jun,1,,1,10651
458522,Jun,1,,1,10651
458523,Mar,1,,1,10651
458524,Jul,1,,1,10651
458525,Jun,1,,1,10651
458526,May,1,,1,10651
458527,Aug,1,,1,10651
458529,Jul,1,,1,10651
458530,Jul,1,,1,10651
458531,Jul,1,,1,10651
458536,Jun,1,,1,10651
458537,Jun,1,,1,10651
458538,Jul,1,,1,10651
458539,Jul,0.5,,2,10651
458540,Jul,0.5,,2,10651
458541,Jun,1,,1,10651
458542,May,1,,1,10651
458543,Apr,1,,1,10651
458544,May,1,,1,10651
458545,Jun,1,,1,10651
458546,Jul,1,,1,10651
458547,Jun,1,,1,10651
458548,Jun,1,,1,10651
458549,Jun,1,,1,10651
458550,Jul,1,,1,10651
458551,May,1,,1,10651
458552,Jul,1,,1,10651
458553,Feb,1,,1,10651
458555,Jun,1,,1,10651
458556,Jul,1,,1,10651
458557,Jun,1,,1,10651
458558,Jul,0.5,,2,10651
458559,May,1,,1,10651
458560,Jul,1,,1,10651
458561,Jul,1,,1,10651
458562,Apr,0.5,,2,10651
458563,Aug,1,,1,10651
458564,Jun,1,,1,10651
458565,Jul,1,,1,10651
458566,Aug,1,,1,10651
458567,Jul,1,,1,10651
458568,Jun,0.5,,2,10651
458569,Jul,1,,1,10651
458571,Jul,1,,1,10651
458572,Jul,1,,1,10651
458574,Jul,1,,1,10651
458575,Jul,1,,1,10651
458576,Jun,1,,1,10651
458577,Apr,1,,1,10651
458579,Jul,0.333,,3,10651
458580,Jul,1,,1,10651
458581,Jul,1,,1,10651
458582,Apr,1,,1,10651
458583,Jul,0.5,,2,10651
458584,Jun,1,,1,10651
458586,Jun,1,,1,10651
458587,Jul,1,,1,10651
458588,Jul,1,,1,10651
458589,May,1,,1,10651
458590,Jun,1,,1,10651
458591,Aug,1,,1,10651
458597,Jun,1,,1,10651
458598,Jul,1,,1,10651
458599,Jul,1,,1,10651
458600,Jun,1,,1,10651
458602,May,1,,1,10651
458603,May,1,,1,10651
458604,Jun,1,,1,10651
458605,Jun,1,,1,10651
458606,Jun,1,,1,10651
458607,Apr,1,,1,10651
458608,Apr,1,,1,10651
458609,Jul,1,,1,10651
458610,May,1,,1,10651
458612,May,1,,1,10651
458613,May,1,,1,10651
458614,Apr,1,,1,10651
458616,Jul,1,,1,10651
458617,Aug,1,,1,10651
458618,Apr,1,,1,10651
458619,Apr,1,,1,10651
458620,Apr,1,,1,10651
458621,Apr,1,,1,10651
458622,Jun,1,,1,10651
458623,May,1,,1,10651
458624,Jul,1,,1,10651
458625,Jun,1,,1,10651
458627,Jun,1,,1,10651
458630,Jun,1,,1,10651
458631,Jul,1,,1,10651
458632,May,1,,1,10651
458634,Jun,1,,1,10651
458635,Jun,1,,1,10651
458636,Aug,1,,1,10651
458637,Jul,1,,1,10651
458638,Jul,1,,1,10651
458639,Jun,1,,1,10651
458640,May,1,,1,10651
458641,Jul,1,,1,10651
458642,Jun,1,,1,10651
458643,Jun,1,,1,10651
458644,Jun,1,,1,10651
458645,Apr,1,,1,10651
458646,Jul,1,,1,10651
458647,Jul,1,,1,10651
458648,Jul,0.5,,2,10651
458649,Apr,1,,1,10651
458651,May,1,,1,10651
458652,Jun,1,,1,10651
458653,May,1,,1,10651
458654,Jun,1,,1,10651
458655,Jun,1,,1,10651
458656,Jun,1,,1,10651
458657,Apr,1,,1,10651
458663,Aug,0.5,,2,10651
458664,Jun,1,,1,10651
458665,May,1,,1,10651
458666,Jun,1,,1,10651
458667,Jun,1,,1,10651
458668,Apr,1,,1,10651
458669,Mar,1,,1,10651
458672,Jul,1,,1,10651
458674,May,1,,1,10651
458675,May,1,,1,10651
458676,Jul,0.5,,2,10651
458677,Apr,1,,1,10651
458679,Mar,1,,1,10651
458680,Jun,1,,1,10651
458681,Aug,1,,1,10651
458683,May,1,,1,10651
458684,May,1,,1,10651
458685,Apr,1,,1,10651
458686,May,1,,1,10651
458689,Jul,1,,1,10651
458692,Jun,1,,1,10651
458693,Jul,1,,1,10651
458696,Mar,1,,1,10651
458698,Aug,1,,1,10651
458699,Jun,1,,1,10651
458700,Jun,1,,1,10651
458705,Jul,1,,1,10651
458706,Jun,1,,1,10651
458707,Jun,1,,1,10651
458708,Jun,0.5,,2,10651
458709,Jul,1,,1,10651
458710,Jul,1,,1,10651
458711,Jun,1,,1,10651
458712,May,1,,1,10651
458714,May,1,,1,10651
458715,May,1,,1,10651
458716,Jul,1,,1,10651
458717,Jun,1,,1,10651
458718,Jul,1,,1,10651
458719,Jul,1,,1,10651
458720,Jun,1,,1,10651
458721,May,1,,1,10651
458722,Jul,1,,1,10651
458723,Jul,1,,1,10651
458724,Apr,1,,1,10651
458725,Apr,1,,1,10651
458726,May,1,,1,10651
458727,Jul,1,,1,10651
458728,Apr,1,,1,10651
458730,May,1,,1,10651
458732,Jul,1,,1,10651
458733,Jun,1,,1,10651
458734,Jul,1,,1,10651
458737,Jun,1,,1,10651
458738,Jul,0.5,,2,10651
458739,Jun,1,,1,10651
458740,Apr,1,,1,10651
458742,Jul,1,,1,10651
458745,Aug,1,,1,10651
459032,Jun,1,,1,10651
459823,Apr,1,,1,10651
459825,Jun,1,,1,10651
459827,Jul,1,,1,10651
459828,Jul,1,,1,10651
459829,May,1,,1,10651
459830,Jul,1,,1,10651
459831,Jul,1,,1,10651
459832,Jul,1,,1,10651
459834,Jun,1,,1,10651
459835,Jul,1,,1,10651
459837,May,1,,1,10651
459840,May,1,,1,10651
459841,Apr,1,,1,10651
459845,Jun,1,,1,10651
459846,May,1,,1,10651
459849,Jun,1,,1,10651
459850,Jun,1,,1,10651
459852,Jun,1,,1,10651
459855,Jul,1,,1,10651
459856,May,1,,1,10651
459859,Mar,1,,1,10651
459866,Jun,1,,1,10651
459891,Jun,1,,1,10651
459904,Jun,1,,1,10651
459911,Jun,1,,1,10651
459938,Jul,1,,1,10651
459939,Dec,1,,1,10320
459943,Jun,1,,1,10651
459949,Jul,1,,1,10651
459957,Jul,1,,1,10651
459975,Apr,1,,1,10651
459977,Jun,1,,1,10651
459980,May,1,,1,10651
459982,Jun,1,,1,10651
459985,Jul,1,,1,10651
459987,Jun,1,,1,10651
459988,May,1,,1,10651
459989,Jun,1,,1,10651
459991,May,1,,1,10651
459995,Jun,1,,1,10651
460003,Jun,1,,1,10651
460005,Aug,1,,1,10651
460012,Jul,1,,1,10651
460016,Aug,1,,1,10651
460017,May,1,,1,10651
460021,Jun,1,,1,10651
460025,Aug,1,,1,10302
460026,Jun,1,,1,10302
460042,Jul,1,,1,10651
460058,Sep,1,,1,10320
460083,Jul,1,,1,10651
460157,Apr,1,,1,10651
460163,Jun,1,,1,10315
460166,Apr,1,,1,10651
460179,Jul,1,,1,10302
460190,Jun,1,,1,10651
460192,Jun,1,,1,10651
460207,Jul,1,,1,10302
460225,Jun,1,,1,10651
460239,Jun,1,,1,10302
460276,Aug,1,,1,10320
460281,Sep,1,,1,10651
460282,Aug,1,,1,10651
460286,Jun,1,,1,10651
460309,Jul,0.5,,2,10651
460310,Jul,1,,1,10302
460313,Jul,1,,1,10651
460314,Aug,1,,1,10651
460317,Jun,1,,1,10651
460337,Apr,1,,1,10651
460358,May,1,,1,10651
460366,Jun,1,,1,10651
460402,May,1,,1,10651
460404,May,1,,1,10651
460406,May,1,,1,10651
460435,Nov,1,,1,10320
460436,Jun,1,,1,10651
460439,Jun,1,,1,10651
460470,Jul,1,,1,10651
460513,May,1,,1,10651
460534,Jun,1,,1,10651
460537,Jul,1,,1,10651
460538,Jun,1,,1,10651
460540,May,1,,1,10651
460542,May,1,,1,10651
460554,Jun,1,,1,10651
460558,Jul,1,,1,10651
460563,Jul,1,,1,10651
460570,Aug,1,,1,10651
460574,Aug,1,,1,10651
460582,Jul,1,,1,10651
460585,Jul,1,,1,10651
460599,Jul,0.5,,2,10651
460604,Jun,1,,1,10651
460605,May,1,,1,10651
460606,Jun,1,,1,10651
460608,Jul,1,,1,10651
460609,Jun,1,,1,10651
460610,Jul,1,,1,10651
460612,Jul,1,,1,10651
460614,Jun,1,,1,10651
460615,May,1,,1,10651
460616,Apr,1,,1,10651
460617,May,1,,1,10651
460618,Jun,1,,1,10651
460620,Jul,1,,1,10651
460622,Jul,1,,1,10651
460623,Jun,1,,1,10651
460624,Jun,1,,1,10651
460625,May,1,,1,10651
460626,Jul,1,,1,10651
460627,Jul,1,,1,10651
460628,Jul,1,,1,10651
460629,Jul,1,,1,10651
460630,Jun,1,,1,10651
460639,Jul,1,,1,10651
460640,Jul,1,,1,10651
460644,Jun,1,,1,10651
460647,Aug,1,,1,10651
460648,Jun,1,,1,10651
460650,Jun,1,,1,10651
460671,Jun,1,,1,10651
460681,Aug,1,,1,10651
460691,Jul,1,,1,10651
460693,Jun,1,,1,10651
460721,Jun,1,,1,10651
460722,May,1,,1,10302
460729,Jul,1,,1,10651
460730,Jun,1,,1,10651
461312,Jun,1,,1,10651
461331,Mar,1,,1,10651
461515,Jun,1,,1,10651
461561,Jun,1,,1,10651
461583,Jun,1,,1,10651
461592,Jul,1,,1,10651
461593,Jul,1,,1,10651
461594,Jul,1,,1,10651
461596,May,1,,1,10651
461597,Jun,1,,1,10651
461598,Jul,1,,1,10651
461602,Jun,1,,1,10651
461605,Jun,1,,1,10651
461606,Jul,1,,1,10651
461607,Jun,1,,1,10651
461608,Apr,1,,1,10651
461609,Jul,1,,1,10651
461612,Jun,0.5,,2,10651
461613,Jul,1,,1,10651
462132,Jun,1,,1,10302
462136,Jul,1,,1,10651
462145,Jun,1,,1,10302
462153,Jul,1,,1,10302
462154,Jun,1,,1,10302
462155,May,1,,1,10302
462160,Jun,1,,1,10651
462162,May,1,,1,10302
462827,Jul,1,,1,10651
462946,Feb,1,,1,10342
462959,May,1,,1,10651
463026,Apr,1,,1,10651
463037,May,1,,1,10342
463112,Jun,1,,1,10651
463116,Jul,1,,1,10651
463121,May,1,,1,10651
463122,May,1,,1,10651
463123,Jun,1,,1,10651
463124,Jul,1,,1,10651
463188,Jun,1,,1,10651
463190,Jun,1,,1,10651
463192,Jul,1,,1,10651
463193,May,1,,1,10651
463194,May,1,,1,10651
463195,Jun,1,,1,10651
463196,Jul,1,,1,10651
463197,Jun,1,,1,10651
463200,Jul,1,,1,10651
463201,Jul,1,,1,10651
463202,May,1,,1,10651
463208,Jun,1,,1,10651
463209,Jun,1,,1,10651
463216,Jul,1,,1,10651
463218,Jun,1,,1,10651
463219,Jun,1,,1,10651
463222,Jul,1,,1,10651
463230,Jul,1,,1,10651
463232,Aug,1,,1,10651
463233,Jul,1,,1,10651
463234,Jun,1,,1,10651
463235,Jul,1,,1,10651
463238,Jul,1,,1,10651
463239,Jul,1,,1,10651
463242,Aug,1,,1,10651
463244,Jun,1,,1,10651
463249,Jun,1,,1,10651
463254,Jul,1,,1,10651
463256,Jun,1,,1,10651
463273,Jul,1,,1,10651
463274,Jun,1,,1,10651
463278,May,1,,1,10651
463281,May,1,,1,10651
463282,Mar,1,,1,10651
463283,May,1,,1,10651
463285,May,1,,1,10651
463286,Apr,1,,1,10651
463288,Jun,1,,1,10651
463289,Jun,1,,1,10651
463293,Apr,0.333,,3,10651
463294,Jun,1,,1,10651
463295,Jun,1,,1,10651
463296,Jun,1,,1,10651
463297,Jul,1,,1,10651
463298,Apr,1,,1,10651
463299,May,1,,1,10651
463300,Jun,1,,1,10651
463301,Jun,1,,1,10651
463302,May,1,,1,10651
463303,May,1,,1,10651
463305,May,1,,1,10651
463306,Jul,1,,1,10651
463310,Jul,0.5,,2,10651
463311,Jun,1,,1,10651
463314,May,1,,1,10651
463315,Jun,1,,1,10651
463317,Jun,1,,1,10651
463319,Jun,1,,1,10651
463320,Jun,1,,1,10651
463322,Jun,1,,1,10651
463323,Jun,1,,1,10651
463324,Jul,1,,1,10651
463325,May,1,,1,10651
463326,Jun,1,,1,10651
463328,May,1,,1,10651
463329,Jul,1,,1,10651
463330,Jul,1,,1,10651
463331,Jun,1,,1,10651
463332,Apr,1,,1,10651
463333,Jul,1,,1,10651
463334,Aug,1,,1,10651
463335,May,1,,1,10651
463338,Apr,1,,1,10651
463339,Jul,1,,1,10651
463340,Jul,1,,1,10651
463343,Jul,1,,1,10651
463345,Jul,1,,1,10651
463346,Apr,1,,1,10651
463347,Jun,1,,1,10651
463350,Aug,1,,1,10651
463351,Jun,1,,1,10651
463352,May,1,,1,10651
463355,Jun,1,,1,10651
463357,Apr,1,,1,10651
463359,May,1,,1,10651
463360,May,1,,1,10651
463361,Apr,1,,1,10651
463362,Jul,1,,1,10651
463366,May,1,,1,10651
463368,Apr,1,,1,10651
463369,May,1,,1,10651
463376,Apr,1,,1,10651
463378,Jul,1,,1,10651
463379,Jul,1,,1,10651
463382,Jul,1,,1,10651
463383,Jul,1,,1,10651
463386,Jul,1,,1,10651
463388,Jun,1,,1,10651
463389,Aug,1,,1,10651
463391,Jul,1,,1,10651
463731,Dec,1,,1,10302
463897,May,1,,1,10651
463902,Jul,0.5,,2,10651
463904,Jun,1,,1,10651
463906,Jul,1,,1,10651
463907,Jul,1,,1,10651
463908,Jul,0.5,,2,10651
463935,Jul,1,,1,10651
463962,Jul,1,,1,10302
463966,Dec,1,,1,10302
463970,Jul,1,,1,10302
463972,Aug,1,,1,10302
463975,Jul,1,,1,10302
463978,Jun,1,,1,10651
463994,May,1,,1,10651
464028,Jun,1,,1,10651
464044,May,1,,1,10302
464045,Jun,1,,1,10651
464067,Mar,0.5,,2,10302
464107,Dec,1,,1,10320
464332,Jun,1,,1,10651
464334,Jun,1,,1,10651
464351,Apr,1,,1,10651
464354,Apr,1,,1,10651
464367,May,1,,1,10651
464368,Apr,1,,1,10651
464369,May,1,,1,10651
464382,Jun,1,,1,10651
464388,Jun,1,,1,10651
464395,Jul,1,,1,10651
464407,Jun,1,,1,10651
464418,Jun,1,,1,10651
464423,Apr,1,,1,10651
464435,May,1,,1,10651
464456,May,1,,1,10651
464460,Jun,1,,1,10651
464465,Jun,1,,1,10651
464472,Jun,1,,1,10651
464475,Jun,1,,1,10651
464478,Jun,0.5,,2,10651
464482,Apr,1,,1,10651
464491,Jun,1,,1,10651
464493,Jun,1,,1,10651
464497,May,1,,1,10651
464499,Jun,1,,1,10651
464500,Jun,1,,1,10651
464503,Jun,1,,1,10651
464504,Jun,1,,1,10651
464509,May,1,,1,10651
464512,May,1,,1,10651
464518,Jul,1,,1,10651
464520,May,1,,1,10651
464523,May,1,,1,10651
464530,May,1,,1,10651
464534,Apr,1,,1,10651
464538,Apr,1,,1,10651
464543,May,1,,1,10651
464549,Jul,1,,1,10651
464551,May,1,,1,10651
464553,May,1,,1,10651
464564,Jun,1,,1,10651
464577,Jun,1,,1,10651
464587,Jul,1,,1,10651
464597,Jun,1,,1,10651
464614,May,1,,1,10651
464616,Apr,1,,1,10651
464617,May,1,,1,10651
464619,Jun,1,,1,10651
464621,May,1,,1,10651
464622,Jun,1,,1,10651
464623,May,1,,1,10651
464626,Jun,1,,1,10651
464628,Apr,1,,1,10651
464630,May,1,,1,10651
464631,May,1,,1,10651
464634,Apr,1,,1,10651
464635,Jul,1,,1,10651
464646,Jun,1,,1,10651
464647,May,1,,1,10651
464649,Jun,1,,1,10651
464650,Jun,1,,1,10651
464664,May,1,,1,10651
464665,Apr,1,,1,10651
464670,May,1,,1,10651
464750,Jun,1,,1,10651
464754,Apr,1,,1,10651
464758,Jun,1,,1,10302
464780,Jul,1,,1,10651
464782,May,1,,1,10302
464785,Jun,1,,1,10651
464786,Jun,1,,1,10651
464802,Jun,0.5,,2,10651
464817,Apr,1,,1,10651
464818,Jun,1,,1,10651
465020,Jan,1,,1,10320
465021,Jan,1,,1,10320
465025,Jan,1,,1,10320
465840,Jun,1,,1,10651
465866,May,1,,1,10302
465867,Apr,1,,1,10302
465868,Apr,1,,1,10302
465869,Jun,1,,1,10302
465870,Jun,0.5,,2,10302
465871,May,1,,1,10302
465872,Jul,1,,1,10302
465873,Jul,1,,1,10302
465888,Jul,1,,1,10651
465927,Apr,1,,1,10651
465930,Jun,1,,1,10651
465938,Jun,1,,1,10651
465944,Apr,0.5,,2,10651
465998,Apr,1,,1,10651
466001,Apr,0.5,,2,10651
466003,Apr,1,,1,10651
466042,Apr,1,,1,10651
466071,May,1,,1,10651
466111,May,1,,1,10651
466306,Jun,0.5,,2,10651
466315,Jul,1,,1,10651
466664,Jul,1,,1,10320
466665,Sep,1,,1,10320
466669,Dec,1,,1,10320
466671,Jul,1,,1,10320
466672,Dec,1,,1,10320
466674,Jul,1,,1,10320
466676,Jun,1,,1,10320
466680,Sep,1,,1,10320
466684,Jan,1,,1,10320
466685,Dec,1,,1,10320
466686,Mar,0.5,,2,10320
466883,Dec,1,,1,10320
466885,May,1,,1,10651
466922,May,1,,1,10651
466923,May,1,,1,10651
466924,Jun,1,,1,10651
466925,May,1,,1,10651
466926,Jun,1,,1,10651
466927,Jun,1,,1,10651
466928,Jun,1,,1,10651
466929,May,1,,1,10651
466931,Apr,1,,1,10651
466932,Apr,1,,1,10651
466933,Jul,1,,1,10651
466934,May,1,,1,10651
466936,Jun,1,,1,10651
466937,May,1,,1,10651
466938,May,1,,1,10651
466939,May,1,,1,10651
466940,Apr,1,,1,10651
466941,Apr,1,,1,10651
466942,May,1,,1,10651
466943,May,1,,1,10651
466946,Apr,1,,1,10651
466947,Jun,1,,1,10651
466948,Jun,1,,1,10651
466949,Jun,1,,1,10651
466950,May,1,,1,10651
466951,Jul,1,,1,10651
466953,Jun,1,,1,10651
466954,Jul,1,,1,10651
466956,Jun,1,,1,10651
466957,Jun,1,,1,10651
466958,May,1,,1,10651
466959,May,1,,1,10651
466963,Jul,1,,1,10651
466965,Jun,1,,1,10651
466966,Jul,1,,1,10651
466967,May,1,,1,10651
466968,Jul,1,,1,10651
466970,May,1,,1,10651
466971,Jun,1,,1,10651
466972,Jul,1,,1,10651
466973,Jun,1,,1,10651
466974,May,1,,1,10651
466977,Apr,1,,1,10651
466979,Jun,1,,1,10651
466980,May,1,,1,10651
466984,May,1,,1,10651
466985,Jul,1,,1,10651
466987,May,1,,1,10651
466989,Aug,1,,1,10651
466993,Jun,1,,1,10651
466996,Jul,1,,1,10651
467052,Jun,1,,1,10651
467348,Jun,1,,1,10651
467349,Jun,1,,1,10651
467351,Jul,1,,1,10651
467352,Jul,1,,1,10651
467354,Apr,1,,1,10651
467355,Jul,0.333,,3,10651
467356,May,1,,1,10651
467357,May,1,,1,10651
467358,Jun,1,,1,10651
467359,May,1,,1,10651
467360,Jul,1,,1,10651
467361,Jun,1,,1,10651
467363,Jul,1,,1,10651
467364,Aug,0.5,,2,10651
467365,Jul,1,,1,10651
467367,Jun,1,,1,10651
467368,Jul,1,,1,10651
467372,Jul,1,,1,10651
467373,May,1,,1,10651
467374,Jul,1,,1,10651
467375,Jul,1,,1,10651
467376,Jul,0.5,,2,10651
467377,Jun,1,,1,10651
467378,Jul,1,,1,10651
467379,Jun,1,,1,10651
467380,Jun,1,,1,10651
467381,May,1,,1,10651
467382,May,1,,1,10651
467383,Jul,1,,1,10651
467384,Jul,1,,1,10651
467385,Apr,1,,1,10651
467386,Jun,1,,1,10651
467388,Jun,1,,1,10651
467390,May,1,,1,10651
467392,Jul,1,,1,10651
467393,Jun,1,,1,10651
467394,Jun,1,,1,10651
467395,Jul,1,,1,10651
467399,Jul,1,,1,10651
467400,May,1,,1,10651
467401,Jul,1,,1,10651
467402,Jul,1,,1,10651
467403,May,1,,1,10651
467413,Jul,1,,1,10651
467419,May,1,,1,10651
467422,Jul,1,,1,10651
467423,Jul,1,,1,10651
467424,Jul,1,,1,10651
467429,May,1,,1,10651
467430,Jun,1,,1,10651
467432,Jul,1,,1,10651
467434,May,1,,1,10651
467437,Jun,1,,1,10651
467439,Jul,1,,1,10651
467440,May,1,,1,10651
467441,Apr,1,,1,10651
467442,Jun,1,,1,10651
467447,Jul,1,,1,10651
467450,Jun,1,,1,10651
467451,Jun,1,,1,10651
467453,May,1,,1,10651
467454,Jul,1,,1,10651
467455,Jul,1,,1,10651
467456,Jun,1,,1,10651
467457,Aug,1,,1,10651
467517,Jul,1,,1,10651
467518,Jun,1,,1,10651
467521,Jul,1,,1,10651
467547,Jun,1,,1,10651
467549,Jul,1,,1,10651
467550,May,1,,1,10651
467551,May,1,,1,10651
467552,Aug,1,,1,10651
467554,Jul,1,,1,10651
467555,Jun,1,,1,10651
467556,Jul,1,,1,10651
467557,Apr,0.5,,2,10651
467558,Jun,1,,1,10651
467560,Jul,1,,1,10651
467561,Feb,1,,1,10651
467562,Aug,1,,1,10651
467563,May,1,,1,10651
467564,Jul,1,,1,10651
467565,Jul,1,,1,10651
467566,Jul,1,,1,10651
467567,Apr,1,,1,10651
467568,Jul,1,,1,10651
467570,Aug,1,,1,10651
467571,Jul,1,,1,10651
467572,Jul,1,,1,10651
467573,Jun,1,,1,10651
467575,Jul,1,,1,10651
467577,Jul,1,,1,10651
467578,Aug,0.5,,2,10651
467579,Apr,1,,1,10651
467581,Jun,1,,1,10651
467582,Jun,1,,1,10651
467584,May,1,,1,10651
467592,May,1,,1,10651
467732,May,1,,1,10651
467735,Jun,1,,1,10651
467736,Jun,1,,1,10651
467743,Jun,1,,1,10651
467748,May,1,,1,10651
467752,May,1,,1,10651
467755,Jul,1,,1,10651
467757,Jul,1,,1,10651
467758,Jun,1,,1,10651
467760,Jun,1,,1,10651
467761,Jul,1,,1,10651
467763,Jul,1,,1,10651
467769,Jul,1,,1,10651
467778,Jun,1,,1,10651
467853,Apr,1,,1,10651
467928,May,1,,1,10651
467930,Jul,1,,1,10651
467952,May,1,,1,10651
467953,Jun,1,,1,10651
467954,Jul,1,,1,10651
467955,Jul,1,,1,10651
467957,Jun,1,,1,10651
467958,May,1,,1,10651
469249,Jun,1,,1,10651
469250,May,1,,1,10651
469256,Mar,1,,1,10651
469538,Apr,1,,1,10342
469539,Jan,1,,1,10342
469540,Apr,1,,1,10342
469541,Jan,1,,1,10342
469725,Jun,1,,1,10651
469758,Jul,1,,1,10651
469759,Jul,1,,1,10651
469760,Jun,1,,1,10651
469763,Apr,1,,1,10651
471178,Jul,1,,1,10651
471179,Jul,1,,1,10651
471180,Jul,1,,1,10651
471185,May,1,,1,10651
471186,Jun,1,,1,10651
471188,Jul,1,,1,10651
471189,May,1,,1,10651
471191,Jun,1,,1,10651
471192,Jul,1,,1,10651
471194,May,1,,1,10651
471196,Jun,1,,1,10651
471197,Apr,1,,1,10651
471198,Jun,1,,1,10651
471199,Jun,1,,1,10651
471200,May,1,,1,10651
471202,Jul,1,,1,10651
471203,Jul,1,,1,10651
471204,Jun,1,,1,10651
471205,May,1,,1,10651
471206,Jul,1,,1,10651
471207,Apr,1,,1,10651
471208,May,1,,1,10651
471209,Jun,1,,1,10651
471210,Jun,1,,1,10651
471211,Jun,1,,1,10651
471213,May,1,,1,10651
471214,Jul,1,,1,10651
471215,Jul,1,,1,10651
471216,Aug,1,,1,10651
471217,May,1,,1,10651
471218,Apr,1,,1,10651
471219,May,1,,1,10651
471220,Jun,1,,1,10651
471221,Aug,1,,1,10651
471222,Jul,1,,1,10651
471223,May,1,,1,10651
471224,Jul,1,,1,10651
471225,Jul,1,,1,10651
471226,Jun,1,,1,10651
471227,Jun,0.5,,2,10651
471228,Jul,1,,1,10651
471229,May,1,,1,10651
471230,Apr,1,,1,10651
471231,May,1,,1,10651
471232,Jun,1,,1,10651
471233,Jun,1,,1,10651
471234,Jun,1,,1,10651
471235,Jun,1,,1,10651
471236,Jun,1,,1,10651
471237,Jul,1,,1,10651
471238,Jun,1,,1,10651
471239,Apr,1,,1,10651
471240,Aug,1,,1,10651
471241,Apr,1,,1,10651
471242,May,1,,1,10651
471243,Apr,1,,1,10651
471244,Jun,1,,1,10651
471245,Jun,1,,1,10651
471246,Jul,1,,1,10651
471247,Aug,1,,1,10651
471248,Jun,1,,1,10651
471249,Jun,1,,1,10651
471250,Jul,1,,1,10651
471251,Jun,1,,1,10651
471252,May,1,,1,10651
471253,Aug,1,,1,10651
471254,Jun,1,,1,10651
471255,May,1,,1,10651
471256,May,1,,1,10651
471257,May,1,,1,10651
471258,May,1,,1,10651
471259,Jun,1,,1,10651
471260,Jun,1,,1,10651
471261,May,1,,1,10651
471262,Jun,1,,1,10651
471263,Jun,1,,1,10651
471264,May,1,,1,10651
471265,Jun,1,,1,10651
471266,Jun,1,,1,10651
471267,Jun,1,,1,10651
471268,Jun,1,,1,10651
471269,Jun,1,,1,10651
471270,Jun,1,,1,10651
471271,Jun,1,,1,10651
471272,Jun,1,,1,10651
471273,Jul,1,,1,10651
471274,Jun,1,,1,10651
471275,Jun,1,,1,10651
471276,Apr,1,,1,10651
471277,Aug,1,,1,10651
471278,Jun,1,,1,10651
471280,May,1,,1,10651
471281,Apr,1,,1,10651
471282,May,1,,1,10651
471283,Apr,1,,1,10651
471284,Jun,1,,1,10651
471285,Jun,1,,1,10651
471286,Jun,1,,1,10651
471287,Apr,1,,1,10651
471288,Jun,1,,1,10651
471289,May,1,,1,10651
471290,May,1,,1,10651
471291,Jun,1,,1,10651
471292,May,1,,1,10651
471293,Jun,1,,1,10651
471294,Aug,1,,1,10651
471295,Aug,1,,1,10651
471296,May,1,,1,10651
471297,May,1,,1,10651
471298,May,1,,1,10651
471299,Jun,1,,1,10651
471300,May,1,,1,10651
471301,Jun,1,,1,10651
471302,Jul,1,,1,10651
471303,Jun,1,,1,10651
471304,Apr,1,,1,10651
471305,Jul,1,,1,10651
471306,May,1,,1,10651
471307,Jun,1,,1,10651
471308,Jun,1,,1,10651
471309,Jul,1,,1,10651
471310,Jul,1,,1,10651
471311,Aug,1,,1,10651
471312,Jun,1,,1,10651
471313,Jul,1,,1,10651
471314,Jun,1,,1,10651
471316,Jul,1,,1,10651
471317,Jul,1,,1,10651
471318,Apr,1,,1,10651
471319,May,1,,1,10651
471320,May,1,,1,10651
471321,May,1,,1,10651
471322,Jul,1,,1,10651
471323,May,1,,1,10651
471324,Jul,1,,1,10651
471325,Jun,1,,1,10651
471326,Jun,1,,1,10651
471327,Jun,1,,1,10651
471328,Jul,1,,1,10651
471329,Jul,1,,1,10651
471330,Jul,1,,1,10651
471331,Aug,1,,1,10651
471332,Jul,1,,1,10651
471333,May,1,,1,10651
471335,Jun,1,,1,10651
471336,Jun,1,,1,10651
471337,Jun,1,,1,10651
471338,Jun,1,,1,10651
471339,May,1,,1,10651
471340,Aug,1,,1,10651
471341,Jul,1,,1,10651
471342,Jul,1,,1,10651
471343,Jul,1,,1,10651
471344,Jun,1,,1,10651
471345,May,1,,1,10651
471346,Jun,1,,1,10651
471348,Jun,1,,1,10651
471349,Jun,1,,1,10651
471351,Aug,1,,1,10651
471352,May,1,,1,10651
471354,May,1,,1,10651
471382,May,1,,1,10651
