work_ID,trait_value,agreement,coeff_var,n,references
13,3.5,,,1,10353
14,17.5,,,1,10353
15,4.5,,0,2,10353
16,5.5,,,1,10353
21,9,,,1,10328
45,0.3,,,1,10328
51,0.1,,,1,10328
74,1,,,1,10353
97,1.2,,,1,10353
108,7,,,1,10328
132,7.5,,,1,10328
133,7,,,1,10328
138,12.5,,,1,10328
142,7.5,,,1,10328
166,10,,,1,10328
172,6,,,1,10328
174,9,,,1,10328
183,4.5,,,1,10328
184,7.5,,,1,10328
228,7.5,,,1,10328
233,0.3,,,1,10328
234,0.3,,,1,10328
239,0.3,,,1,10328
245,0.2,,,1,10328
246,0.3,,,1,10328
250,0.2,,,1,10328
253,0.4,,,1,10328
358,0.65,,,1,10354
359,2,,,1,10354
360,1,,,1,10354
361,0.8,,,1,10353
365,1.8,,,1,10353
366,2.75,,,1,10353
367,3.5,,,1,10328
372,2.25,,0,4,10353
376,2.75,,,1,10353
377,2.1,,,1,10353
378,0.8,,,1,10353
380,2.2,,,1,10353
385,0.7,,,1,10353
388,2.5,,,1,10328
389,0.7,,0,2,10353
390,0.6,,,1,10353
401,0.7,,,1,10353
402,0.8,,,1,10353
418,0.2,,,1,10353
421,0.18,,,1,10353
430,0.2,,,1,10328
529,0.5,,,1,10328
537,0.6,,,1,10328
571,2,,,1,10353
572,1.05,,0.202,2,10353
594,4.25,,,1,10354
595,2.5,,,1,10354
642,0.5,,,1,10328
661,0.8,,,1,10353
663,1.5,,,1,10353
666,2.5,,,1,10353
667,3,,,1,10353
668,6,,,1,10328
670,2.5,,,1,10353
671,3.25,,,1,10353
672,1.9,,,1,10353
673,2.75,,,1,10353
674,1.25,,,1,10353
682,0.175,,,1,10353
684,0.85,,,1,10353
690,0.5,,,1,10353
692,2.6,,,1,10354
693,3,,,1,10354
694,10,,,1,10354
714,30,,,1,10353
738,0.7,,,1,10353
769,0.4,,0,2,10353
865,2.5,,,1,10354
887,6,,,1,10353
914,0.325,,,1,10353
915,0.4,,,1,10328
1003,6,,,1,10328
1028,3.5,,,1,10328
1044,8,,,1,10328
1056,5,,,1,10328
1115,1.75,,,1,10353
1116,0.1,,,1,10328
1127,0.2,,,1,10328
1130,0.145,,,1,10353
1131,0.18,,0.157,2,"10328,10353"
1188,0.75,,,1,10353
1197,1.5,,,1,10353
1307,4.5,,0.164,4,"10328,10353"
1308,4,,,1,10353
1310,6.25,,,1,10353
1311,0.8,,,1,10353
1312,0.28,,,1,10353
1314,0.4,,,1,10353
1315,0.5,,0.2,3,10353
1317,0.4,,,1,10353
1318,0.4,,,1,10353
1319,0.3,,,1,10353
1321,1.95,,,1,10354
1322,1.4,,,1,10354
1352,8.5,,,1,10328
1355,0.9,,,1,10353
1356,0.6,,0,4,10353
1358,1.35,,,1,10353
1362,1.5,,,1,10353
1368,2.75,,,1,10353
1379,14,,,1,10328
1411,0.15,,,1,10353
1441,0.35,,,1,10353
1448,0.225,,,1,10353
1449,0.25,,,1,10353
1450,0.24,,0.354,2,"10328,10353"
1452,0.208333333333333,,0.183,3,"10328,10353"
1459,1.6,,,1,10354
1460,1.35,,,1,10354
1461,4.25,,,1,10354
1500,4.7,,0.09,2,"10328,10353"
1546,0.7,,,1,10328
1580,0.7,,,1,10328
1615,0.9,,,1,10353
1625,0.8,,,1,10353
1641,0.95,,,1,10353
1642,1.4,,,1,10353
1648,0.75,,1.037,2,10328
1657,1,,,1,10328
1693,0.25,,,1,10353
1714,4,,,1,10353
1716,3,,,1,10353
1717,2.75,,,1,10353
1761,1,,,1,10328
1811,2,,,1,10328
1838,0.125,,,1,10353
1843,0.1625,,0.544,2,"10328,10353"
1870,0.4,,,1,10328
1902,1,,,1,10353
1903,2,,,1,10353
1914,0.95,,0.074,2,10353
1924,0.135,,,1,10353
1928,0.2,,,1,10353
1942,0.35,,,1,10353
1954,0.11,,,1,10353
1958,0.225,,,1,10353
1979,0.4,,,1,10328
2003,0.7,,,1,10197
2010,0.7,,,1,10353
2025,0.1875,,0.094,2,"10328,10353"
2069,0.8,,,1,10353
2111,0.87,,,1,10197
2142,2.25,,,1,10353
2164,15,,,1,10353
2166,0.1,,,1,10328
2171,0.1,,0,4,10353
2172,0.07,,0,2,10353
2174,0.06,,,1,10353
2175,0.085,,0,4,10353
2191,2.25,,,1,10353
2194,0.6,,,1,10353
2202,0.3,,,1,10353
2222,1,,,1,10353
2253,0.275,,,1,10353
2307,0.4,,,1,10353
2311,0.5,,,1,10353
2315,0.55,,0,2,10353
2318,0.7,,,1,10353
2321,0.45,,,1,10353
2322,0.5,,0,2,10353
2323,1,,,1,10328
2417,5,,,1,10353
2421,0.2,,,1,10353
2435,0.3,,,1,10328
2443,0.3,,,1,10328
2462,9,,,1,10353
2516,0.2,,,1,10328
2519,0.2,,,1,10328
2552,0.3,,,1,10328
2555,0.75,,,1,10353
2589,0.475,,,1,10353
2590,0.9,,,1,10353
2594,0.7,,,1,10353
2597,0.55,,,1,10353
2598,0.55,,,1,10353
2602,0.65,,,1,10353
2604,0.11,,,1,10353
2638,1.2,,,1,10328
2684,1.65,,,1,10353
2705,1.05,,,1,10197
2706,0.7,,,1,10353
2720,0.175,,0.202,2,"10328,10353"
2731,0.1,,,1,10328
2747,1.15,,,1,10353
2749,0.95,,,1,10353
2753,1,,,1,10353
2754,1.05,,,1,10353
2776,2.5,,,1,10353
2789,1.25,,0.057,2,"10328,10353"
2793,5,,,1,10353
2795,2.25,,,1,10353
2798,1.1375,,0.761,2,10353
2801,4,,,1,10353
2852,0.4,,,1,10353
2857,0.3,,,1,10353
2858,0.3,,,1,10353
2859,0.325,,0.109,2,10353
2860,0.4,,,1,10353
2861,0.4,,,1,10353
2871,24,,,1,10328
2875,10,,,1,10328
2888,10,,,1,10328
2892,1.645,,0.133,2,"10197,10328"
2896,0.25,,,1,10353
2904,0.45,,,1,10353
2930,1.21666666666667,,0.086,3,"10197,10353,10354"
2931,1.25,,,1,10354
2939,0.65,,0.109,2,"10328,10353"
2940,0.7,,,1,10328
2948,0.76,,,1,10197
2950,0.2,,,1,10328
2955,0.7,,,1,10353
2957,0.5,,,1,10353
3025,4,,,1,10354
3026,4.3,,,1,10354
3027,2.1,,,1,10354
3028,1.9,,,1,10354
3029,2.2,,,1,10354
3030,3,,,1,10354
3031,5,,,1,10354
3032,5.25,,0.337,2,"10353,10354"
3033,3,,,1,10354
3034,3,,,1,10354
3038,1,,,1,10354
3039,3,,,1,10354
3040,2.2,,,1,10354
3041,5,,,1,10354
3042,5.5,,,1,10354
3043,2,,,1,10354
3044,2.6,,,1,10354
3046,3.75,,,1,10354
3047,1.2,,,1,10354
3048,2.5,,,1,10354
3049,3.2,,,1,10354
3050,2.5,,,1,10354
3051,6,,,1,10354
3052,2,,,1,10354
3053,2.5,,,1,10354
3054,2.5,,,1,10354
3055,4.5,,,1,10354
3056,2,,,1,10354
3057,1.4,,,1,10354
3058,4.5,,,1,10354
3081,0.1,,,1,10328
3082,2.65,,,1,10354
3083,1.5,,,1,10354
3084,1,,,1,10354
3085,1.5,,,1,10354
3086,0.7,,,1,10354
3087,1.2,,,1,10354
3088,1.5,,,1,10354
3090,1.44,,,1,10354
3092,6,,,1,10354
3093,7,,,1,10354
3095,1.5,,,1,10354
3096,2.45,,,1,10354
3097,1.8,,,1,10354
3099,1.3,,,1,10354
3100,5,,,1,10354
3101,7,,,1,10354
3107,3.75,,,1,10353
3108,2.3,,,1,10328
3137,0.4,,,1,10328
3164,0.1,,,1,10328
3200,2,,,1,10328
3271,7,,,1,10353
3279,6,,,1,10353
3284,7.5,,,1,10353
3286,3.5,,,1,10353
3287,2.25,,,1,10353
3288,7,,,1,10353
3292,8.5,,,1,10353
3295,4,,,1,10353
3334,4,,,1,10353
3341,5.5,,,1,10353
3343,0.4,,,1,10328
3345,0.5,,,1,10328
3359,0.35,,0.202,2,"10328,10353"
3360,0.2,,,1,10353
3380,2.5,,,1,10353
3381,3.25,,,1,10353
3384,1.85,,,1,10353
3388,0.1,,,1,10328
3446,0.1,,,1,10328
3450,0.25,,,1,10353
3478,0.4,,,1,10328
3518,200,,,1,10353
3531,1.35,,,1,10353
3538,1.055,,0.074,2,"10197,10328"
3603,8,,,1,10353
3619,0.65,,,1,10197
3622,0.58,,,1,10197
3623,0.65,,,1,10197
3625,0.8,,,1,10328
3628,0.9,,,1,10353
3634,0.725,,0.049,2,"10328,10353"
3640,0.8,,,1,10328
3641,0.6,,,1,10353
3643,0.583333333333333,,0.131,3,"10197,10328,10353"
3649,0.3,,,1,10353
3667,0.2,,,1,10328
3686,0.5,,,1,10328
3692,0.6,,,1,10353
4017,0.7,,,1,10328
4019,0.9,,,1,10328
4021,1.5,,,1,10328
4031,0.5,,,1,10328
4033,1.3,,,1,10328
4035,0.4,,,1,10328
4038,0.225,,0,10,10353
4039,0.3,,0,4,10353
4042,0.225,,,1,10353
4048,0.2,,,1,10353
4049,0.2,,,1,10353
4053,0.225,,,1,10353
4062,1,,,1,10354
4132,4,,0.53,2,"10197,10354"
4133,5.5,,,1,10354
4155,3,,,1,10353
4273,0.1,,,1,10328
4305,0.2,,,1,10328
4311,0.2,,,1,10328
4326,6,,,1,10354
4327,3.75,,,1,10354
4328,7.5,,,1,10354
4329,5.5,,0.129,2,"10197,10354"
4334,1.6,,,1,10353
4335,1.1,,,1,10353
4336,2,,,1,10353
4337,1.2,,,1,10353
4351,0.5,,,1,10328
4392,6.5,,,1,10353
4394,2,,,1,10328
4451,2.75,,,1,10353
4457,2.25,,,1,10353
4500,0.65,,,1,10354
4501,1.25,,,1,10354
4502,5,,,1,10354
4503,1.615,,0.118,2,"10197,10354"
4505,1.1,,,1,10354
4506,3.5,,,1,10354
4507,1.6,,,1,10354
4508,1.9,,,1,10354
4509,0.5,,,1,10354
4528,0.2,,,1,10353
4542,3.5,,,1,10354
4543,4,,,1,10354
4544,1.7,,,1,10354
4545,1.5,,,1,10354
4546,3.5,,,1,10354
4547,1.95,,,1,10354
4549,2.15,,,1,10354
4550,2.05,,,1,10354
4591,1,,,1,10328
4660,3,,0.471,2,"10328,10353"
4661,2.75,,,1,10353
4664,40,,,1,10328
4665,2.5,,,1,10353
4667,2.75,,,1,10353
4673,1.5,,,1,10353
4678,1.8,,,1,10353
4690,9.75,,,1,10353
4705,0.2,,,1,10328
4719,0.6,,,1,10354
4720,0.63,,,1,10354
4721,0.8,,,1,10354
4722,1.2,,,1,10354
4723,0.4,,,1,10354
4724,1,,,1,10354
4725,0.9,,,1,10354
4726,0.7,,,1,10354
4727,1,,,1,10354
4728,0.7,,,1,10354
4729,0.75,,,1,10354
4730,1.1,,,1,10354
4731,0.7,,,1,10354
4820,2.4,,,1,10354
4821,3.5,,,1,10354
4925,1.4,,,1,10353
4926,1.8,,,1,10353
4928,1.7,,,1,10353
4929,1.75,,,1,10353
4930,1.6,,,1,10353
4932,3.75,,,1,10353
4934,2.15,,,1,10353
4935,3.5,,,1,10353
4937,4.5,,,1,10353
4943,3.875,,0.319,2,10353
4944,3.65,,,1,10353
4945,4.5,,,1,10353
4946,3,,,1,10328
4947,2.5,,,1,10328
4950,1.75,,,1,10353
4951,3.25,,,1,10353
4952,5.5,,,1,10353
4953,3,,,1,10353
4967,0.1,,,1,10328
4999,1.5,,,1,10354
5001,0.65,,,1,10353
5002,0.8,,,1,10353
5006,2.2,,,1,10328
5007,0.9,,0,2,10353
5008,0.9,,,1,10328
5009,0.775,,0.046,2,10353
5011,0.9,,,1,10353
5015,0.85,,,1,10353
5017,0.75,,,1,10353
5020,1,,,1,10353
5021,0.99,,0.056,3,"10197,10328"
5022,0.6,,0.083,3,10353
5023,0.6,,,1,10353
5025,0.85,,0,2,10353
5026,0.55,,,1,10353
5027,0.8,,0,2,10353
5030,0.7,,,1,10353
5035,0.225,,,1,10353
5046,0.6,,,1,10353
5060,0.2,,,1,10353
5089,1.5,,,1,10353
5093,1,,,1,10353
5100,1.5,,,1,10353
5102,1.4,,,1,10353
5104,0.575,,,1,10353
5119,0.775,,0.046,2,"10328,10353"
5140,0.85,,0.25,2,"10328,10353"
5144,0.35,,,1,10353
5157,0.75,,0.189,2,10353
5188,0.45,,,1,10353
5189,0.45,,,1,10353
5201,4.4,,,1,10354
5213,1,,,1,10328
5214,0.4,,,1,10353
5223,0.5,,,1,10353
5348,0.1,,,1,10353
5349,0.1,,,1,10353
5350,0.1,,,1,10353
5354,0.1,,0,2,10353
5355,0.1,,,1,10353
5359,0.15,,,1,10353
5361,0.15,,,1,10353
5364,0.07,,,1,10353
5365,0.105,,,1,10353
5367,0.15,,0.471,2,10353
5368,0.15,,,1,10353
5370,0.1,,,1,10353
5371,0.1,,,1,10353
5421,0.1,,,1,10353
5422,0.1,,,1,10353
5425,0.6,,,1,10353
5427,0.08,,,1,10353
5433,0.115,,0.061,2,10353
5435,0.08,,,1,10353
5452,0.325,,,1,10353
5453,0.3,,,1,10353
5538,9,,,1,10354
5539,12,,,1,10354
5540,12,,,1,10354
5541,16.25,,0.326,2,"10353,10354"
5542,13.5,,,1,10354
5543,30,,,1,10354
5626,1.25,,,1,10353
5653,2.5,,,1,10353
5664,0.2,,,1,10328
5715,0.3,,,1,10328
5769,0.1,,,1,10328
5775,0.3,,,1,10328
5779,0.2,,,1,10328
5789,2.1,,,1,10354
5790,1.85,,,1,10354
5791,3,,,1,10354
5805,3.3,,,1,10328
5808,3,,0.471,2,"10328,10353"
5810,6.5,,0.109,2,"10328,10353"
5811,1.9,,,1,10328
5812,7.5,,,1,10353
5813,5,,,1,10328
5815,4.91666666666667,,0.179,3,"10328,10353"
5822,3.2,,,1,10354
5823,3.1,,,1,10354
5828,0.375,,,1,10353
5836,4,,,1,10353
5859,0.8325,,,1,10255
5862,1.2,,,1,10353
5959,0.7,,,1,10353
5960,1,,,1,10353
5961,9,,,1,10328
5964,11,,,1,10328
5990,1,,,1,10328
6021,0.9,,,1,10328
6052,0.65,,,1,10353
6053,0.5,,,1,10353
6055,0.4,,,1,10353
6057,0.5,,,1,10353
6058,0.75,,0.094,2,"10328,10353"
6063,0.55,,,1,10353
6065,0.5,,,1,10353
6066,0.6,,,1,10353
6067,0.3,,,1,10328
6070,0.3,,,1,10353
6081,0.6,,,1,10328
6083,0.8,,,1,10328
6084,0.4,,,1,10328
6085,1,,,1,10328
6086,0.4,,,1,10328
6257,0.7,,,1,10353
6292,0.4,,,1,10328
6293,0.2,,,1,10328
6303,0.25,,,1,10353
6305,0.6,,,1,10353
6314,1.2,,,1,10354
6315,2.2,,,1,10354
6316,1.6,,,1,10354
6317,1.6,,,1,10354
6318,2,,,1,10354
6343,2.65,,,1,10354
6386,0.8,,,1,10328
6501,1.8,,,1,10328
6503,1.5,,,1,10328
6587,0.2395,,,1,10255
6609,0.75,,0.471,2,10354
6613,0.3,,,1,10354
6615,0.5,,,1,10354
6617,1.65,,0.129,2,10354
6620,1.1,,,1,10354
6622,0.75,,,1,10354
6623,0.6,,,1,10354
6624,1.1,,,1,10354
6625,0.7,,,1,10354
6628,1.375,,0.129,2,10354
6631,1,,,1,10354
6632,1.2,,,1,10354
6634,0.3,,,1,10354
6640,0.6,,,1,10354
6642,1.5,,,1,10354
6643,2.5,,,1,10354
6645,0.9,,,1,10354
6646,0.7,,,1,10354
6648,3,,,1,10354
6650,3.12,,,1,10354
6653,0.65,,,1,10354
6656,1.09,,,1,10354
6657,1,,,1,10354
6658,2,,,1,10354
6660,1.06,,0.053,2,10354
6661,2,,,1,10354
6662,1,,,1,10354
6663,1,,,1,10354
6667,1.5,,,1,10354
6668,1.85,,0.072,3,"10353,10354"
6673,1,,,1,10354
6674,1.925,,0.115,4,10354
6675,0.95,,,1,10354
6676,1.8,,0.157,2,10354
6680,1.48,,,1,10354
6681,1.15,,,1,10354
6684,1.1,,,1,10354
6685,2,,,1,10354
6688,1.6,,,1,10354
6690,2,,,1,10354
6691,2.7,,,1,10354
6694,0.7,,,1,10354
6699,0.94,,,1,10354
6704,1.33,,,1,10354
6705,1.1,,,1,10354
6707,1.0125,,0.262,4,10354
6717,0.7,,,1,10354
6722,1.8,,,1,10354
6723,0.9,,,1,10354
6724,3,,,1,10354
6725,0.77,,,1,10354
6726,3.5,,,1,10354
6729,1.1,,,1,10354
6730,2.5,,,1,10354
6732,0.75,,,1,10354
6733,2.8,,,1,10354
6734,1.75,,0.121,2,10354
6735,1.6,,,1,10354
6738,1.5,,,1,10354
6740,1.15,,,1,10354
6742,1.3,,,1,10354
6745,1.7,,,1,10354
6746,0.966666666666667,,0.06,3,10354
6748,0.6,,,1,10354
6749,1.24,,,1,10354
6751,1.5,,,1,10354
6752,1.4,,,1,10354
6753,1.29166666666667,,0.431,6,10354
6757,1,,,1,10354
6758,1,,,1,10354
6759,0.5,,,1,10354
6764,2.82,,,1,10354
6765,0.7,,,1,10354
6766,1.5,,,1,10354
6769,1.85,,,1,10354
6770,0.94,,,1,10354
6771,1.4,,,1,10354
6772,3,,,1,10354
6774,1.6,,,1,10354
6775,1.2,,,1,10354
6778,0.5,,,1,10354
6780,1.5,,,1,10354
6782,1.775,,,1,10354
6784,0.8,,,1,10354
6786,0.95,,,1,10354
6787,1.53,,,1,10354
6788,0.7,,,1,10354
6791,1.73333333333333,,0.393,3,10354
6793,0.8,,,1,10354
6796,1.15,,,1,10354
6800,1.15,,0.43,2,10354
6803,0.8,,,1,10354
6805,0.75,,,1,10354
6806,1.2,,,1,10354
6811,1.25,,0.17,2,"10353,10354"
6812,2.38333333333333,,0.067,3,10354
6813,1.5,,,1,10354
6814,1.25,,,1,10354
6816,1.5,,,1,10354
6820,0.9,,,1,10354
6823,1.3,,,1,10354
6827,1.3,,,1,10354
6829,1.4,,,1,10354
6830,1.1,,,1,10354
6837,0.64,,0.108,3,10354
6838,0.75,,,1,10354
6842,2,,,1,10354
6845,0.8,,,1,10354
6848,0.75,,,1,10354
6851,0.8,,,1,10354
6852,1.55,,0.046,2,10354
6853,1.325,,0.187,2,"10353,10354"
6854,0.866666666666667,,0.067,3,"10353,10354"
6855,2.5,,,1,10354
6856,1.5,,0,3,"10353,10354"
6862,2.2,,,1,10354
6864,1.5,,,1,10354
6865,0.8,,,1,10354
6866,1.31,,,1,10354
6867,1.16,,,1,10354
6868,0.9,,0.157,2,10354
6872,1.175,,0.09,2,10354
6874,1,,,1,10354
6877,1.15,,,1,10354
6879,0.75,,0.471,2,10354
6880,0.8,,,1,10354
6945,0.8,,,1,10328
6947,0.3,,,1,10353
6952,0.6,,,1,10328
6959,3.5,,,1,10328
6998,0.375,,,1,10353
7067,1.5,,,1,10328
7079,0.325,,,1,10353
7088,0.1,,,1,10328
7089,0.15,,,1,10353
7090,0.1,,,1,10328
7094,0.1,,,1,10328
7097,0.125,,,1,10353
7104,0.175,,0.202,2,"10328,10353"
7113,0.9,,,1,10328
7145,2.3,,,1,10353
7176,8,,,1,10353
7179,1,,0,3,10353
7368,2.85,,,1,10354
7369,1.1,,,1,10354
7370,1.15,,,1,10354
7371,1.1,,,1,10354
7372,1.1,,,1,10354
7373,1.3,,,1,10354
7374,1.3,,,1,10354
7375,1.15,,,1,10354
7376,0.4,,,1,10354
7377,1,,,1,10354
7378,1.4,,,1,10354
7379,1.2,,,1,10354
7380,2.6,,,1,10354
7381,2,,,1,10354
7382,0.85,,,1,10354
7383,1.8,,,1,10354
7384,1.9,,,1,10354
7385,1.15,,,1,10354
7386,1.3,,,1,10354
7387,1.7,,,1,10354
7388,1.3,,,1,10354
7389,1,,,1,10354
7390,0.95,,,1,10354
7391,0.9,,,1,10354
7392,5,,,1,10354
7393,1.7,,,1,10354
7401,1.28,,,1,10354
7402,2.5,,,1,10354
7403,0.58,,,1,10354
7405,1,,,1,10353
7410,1.1,,0.129,2,"10328,10353"
7411,0.2,,,1,10328
7412,1.6,,,1,10353
7413,0.8,,,1,10328
7421,0.9,,,1,10328
7422,0.55,,,1,10353
7423,0.8,,,1,10353
7492,2,,,1,10328
7503,0.4,,,1,10328
7529,2.25,,,1,10353
7552,1.71,,0.213,3,"10197,10353"
7554,2.38,,,1,10197
7565,3.25,,,1,10353
7568,3.5,,,1,10353
7570,4.5,,,1,10353
7601,3.5,,,1,10353
7602,1.75,,0.202,2,"10328,10353"
7660,0.725,,0.146,2,"10328,10353"
7662,10,,,1,10328
7666,0.45,,,1,10353
7685,2.15,,,1,10353
7686,1.5,,,1,10328
7687,2,,,1,10328
7692,1.65,,0.043,2,"10328,10353"
7699,2.4,,0.354,2,"10328,10353"
7701,2.4,,,1,10353
7703,0.3,,,1,10328
7705,1.5,,,1,10353
7715,3.25,,0.326,2,"10328,10353"
7719,1.85,,,1,10353
7727,3.75,,,1,10353
7740,0.4,,,1,10353
7753,0.35,,,1,10353
7755,0.4,,,1,10328
7759,0.4,,,1,10328
7847,0.3,,,1,10328
7905,0.2,,,1,10328
7919,0.2,,,1,10328
8196,20,,,1,10353
8198,3.5,,,1,10353
8224,1,,,1,10328
8226,0.9,,,1,10328
8235,1.2,,,1,10328
8248,2,,,1,10354
8249,0.35,,,1,10353
8251,0.325,,,1,10353
8254,0.4,,0.217,3,10353
8256,0.325,,0,2,10353
8279,0.43,,0.23,2,"10255,10328"
8283,6,,,1,10354
8284,0.7,,,1,10328
8294,0.45,,,1,10353
8298,0.55,,,1,10353
8299,0.45,,,1,10353
8307,1.5,,,1,10354
8308,2.1,,,1,10354
8309,1.4,,,1,10354
8310,2.2,,,1,10354
8311,3.2,,,1,10354
8312,1.4,,,1,10354
8313,2.2,,,1,10354
8314,2,,,1,10354
8315,2.5,,,1,10354
8384,1.5,,,1,10197
8400,0.1,,,1,10328
8423,0.5,,,1,10328
8425,5.5,,,1,10353
8428,1.3,,,1,10353
8429,1.25,,,1,10353
8430,3,,,1,10353
8431,5.5,,,1,10353
8433,1.75,,,1,10353
8434,2.5,,,1,10353
8436,2.75,,,1,10353
8437,1.55,,,1,10353
8438,1.35,,,1,10353
8439,4.5,,,1,10353
8444,2.75,,,1,10353
8445,1.35,,,1,10353
8446,5,,,1,10353
8454,1.05,,,1,10353
8455,6.25,,,1,10353
8488,1,,,1,10328
8490,0.5,,,1,10328
8496,40,,,1,10328
8528,7,,,1,10353
8547,1.5,,,1,10197
8553,1,,,1,10353
8555,0.9,,,1,10353
8558,1.35,,,1,10353
8570,0.2,,,1,10255
8574,6.75,,,1,10255
8575,0.2,,,1,10328
8581,11.25,,,1,10353
8585,0.65,,,1,10353
8586,0.85,,,1,10353
8587,1.4,,,1,10353
8588,0.9,,,1,10353
8589,1,,,1,10353
8590,0.625,,,1,10353
8595,1,,,1,10353
8597,0.3,,,1,10328
8599,0.3,,,1,10328
8613,0.3,,,1,10328
8614,0.5,,,1,10328
8615,0.6,,,1,10328
8627,0.6,,,1,10328
8644,0.4,,,1,10328
8653,0.4,,,1,10328
8655,0.325,,,1,10353
8663,0.6,,,1,10197
8664,1.005,,0.007,2,"10197,10328"
8670,0.9,,,1,10197
8687,0.85,,,1,10353
8720,0.6,,,1,10353
8723,0.5,,,1,10328
8731,0.35,,,1,10353
8738,0.3,,,1,10328
8740,0.3,,,1,10328
8749,0.4,,,1,10353
8752,0.3,,,1,10328
8756,0.3,,,1,10328
8764,0.9,,,1,10328
8767,0.825,,,1,10353
8772,0.8,,,1,10328
8775,0.2775,,0.115,2,"10328,10353"
8781,0.1,,,1,10328
8783,0.1,,,1,10353
8788,0.5,,0,2,10353
8789,0.45,,,1,10353
8909,0.35,,,1,10353
8925,0.475,,0.074,2,"10328,10353"
8940,6.25,,,1,10353
8960,0.4,,,1,10328
8964,1.25,,,1,10353
8970,20,,,1,10353
8976,1.5,,,1,10328
8989,2,,,1,10328
8991,0.8,,,1,10328
9009,4.075,,1.189,2,"10328,10353"
9011,0.9,,,1,10328
9026,0.35,,,1,10353
9038,0.4,,,1,10328
9043,0.35,,,1,10353
9044,0.3,,,1,10328
9046,0.6,,,1,10328
9048,0.5,,,1,10328
9058,1,,,1,10353
9094,3,,,1,10328
9097,4.5,,,1,10328
9099,0.4,,,1,10353
9100,1.2,,,1,10354
9101,1,,,1,10354
9102,0.55,,,1,10354
9103,1.1,,,1,10354
9104,1,,,1,10354
9105,0.8,,,1,10354
9106,1.5,,,1,10354
9111,0.1175,,0.211,2,"10328,10353"
9112,1.375,,0.077,2,"10197,10354"
9116,3,,,1,10354
9117,4.5,,,1,10354
9120,1.25,,,1,10353
9283,3.5,,,1,10353
9322,3.5,,,1,10353
9340,0.525,,,1,10353
9342,0.55,,,1,10353
9379,1.56,,,1,10197
9380,1.25,,,1,10353
9426,0.275,,,1,10353
9458,0.3,,,1,10353
9574,1.5,,,1,10353
9575,2.5,,,1,10354
9576,1.6,,0,2,10354
9595,0.3,,,1,10353
9600,0.225,,0.157,2,10353
9613,0.6,,,1,10353
9614,1.3,,,1,10353
9616,0.7,,,1,10353
9617,1,,,1,10353
9623,2,,,1,10353
9624,0.95,,,1,10353
9625,0.7,,,1,10353
9626,1.5,,,1,10353
9627,1,,,1,10353
9628,1.3,,,1,10353
9631,1,,,1,10353
9633,0.7,,,1,10353
9636,1,,,1,10353
9637,2,,,1,10353
9641,0.7,,,1,10353
9645,1.5,,,1,10353
9654,0.215,,0,5,10353
9655,0.345,,,1,10353
9656,0.245,,,1,10353
9657,0.29,,,1,10353
9661,0.3625,,0.207,4,"10328,10353"
9674,0.4,,0,2,10353
9678,3.5,,,1,10353
9686,0.3,,,1,10328
9689,0.4,,,1,10353
9697,0.4,,0,2,"10328,10353"
9698,0.4,,,1,10353
9700,0.65,,,1,10353
9705,0.9,,,1,10353
9706,0.85,,,1,10353
9710,1.75,,,1,10353
9714,0.9,,,1,10353
9715,1.8,,,1,10197
9718,1,,,1,10353
9719,1,,,1,10353
9722,1,,,1,10353
9730,1.25,,,1,10353
9733,0.8,,0,2,10353
9734,1,,,1,10353
9753,0.7,,,1,10328
9758,0.1,,,1,10328
9759,0.8,,,1,10328
9787,40,,,1,10328
9812,0.175,,,1,10353
9842,1.25,,,1,10197
9855,0.1,,,1,10328
9901,1,,,1,10353
9910,0.5,,,1,10353
9911,0.4,,,1,10353
9915,0.6,,0,2,10353
9920,0.5,,,1,10353
9921,0.65,,,1,10353
9928,3.5,,,1,10328
9932,0.7,,0,2,10353
9943,0.3,,,1,10353
9945,0.5,,,1,10353
9951,0.45,,0,2,10353
9953,0.46,,0.049,5,"10328,10353"
9956,0.5,,,1,10353
9970,0.4,,0,3,"10328,10353"
9972,0.633333333333333,,0.182,3,10353
9975,0.65,,0,2,10353
9976,0.2,,,1,10328
9987,5.5,,,1,10328
10060,0.6,,,1,10328
10144,0.1,,,1,10328
10150,1,,,1,10328
10151,1,,,1,10354
10152,2.25,,,1,10354
10153,3.75,,,1,10354
10154,1.6,,,1,10354
10156,1.2,,,1,10354
10157,0.5,,,1,10354
10158,0.85,,,1,10354
10160,0.75,,,1,10354
10161,1.5,,,1,10354
10162,2.2,,,1,10354
10163,1.35,,,1,10354
10164,1.5,,,1,10354
10167,0.95,,,1,10353
10215,3,,,1,10353
10220,0.3,,,1,10353
10221,0.225,,,1,10353
10231,1.6,,,1,10255
10232,7,,,1,10328
10311,1.1,,,1,10354
10312,1.2,,,1,10354
10314,0.9,,,1,10354
10316,0.8,,,1,10354
10321,1.35,,,1,10354
10323,0.55,,,1,10354
10326,0.55,,,1,10354
10328,0.7,,,1,10354
10330,1.15,,,1,10354
10331,1,,,1,10354
10332,1.25,,,1,10354
10333,1.3,,,1,10354
10335,0.66,,,1,10354
10338,1.27,,,1,10354
10345,0.95,,,1,10354
10346,1,,,1,10354
10349,0.7,,,1,10354
10350,0.65,,,1,10354
10354,1.15,,,1,10354
10355,6.3,,,1,10354
10362,0.65,,,1,10353
10374,0.4,,,1,10353
10387,21.25,,0.083,2,"10353,10354"
10483,0.35,,,1,10353
10489,0.19,,,1,10353
10498,0.5,,,1,10328
10525,1.25,,,1,10354
10579,0.1,,,1,10353
10607,0.4,,,1,10353
10614,0.5,,,1,10353
10627,1,,,1,10353
10687,0.5,,,1,10353
10691,0.325,,0.109,2,"10328,10353"
10698,3.5,,,1,10353
10737,0.95,,0.074,2,"10197,10353"
10742,0.675,,0.052,2,"10328,10353"
10799,1.5,,,1,10354
10800,2.05,,,1,10354
10801,2,,,1,10354
10802,1.35,,,1,10354
10803,1.5,,,1,10354
10804,1.8,,,1,10354
10806,2,,,1,10354
10808,2.1,,,1,10354
10809,1.85,,,1,10354
10810,1.85,,,1,10354
10813,1.75,,,1,10354
10816,2.7,,,1,10354
10817,1.8,,,1,10354
10819,2.75,,,1,10354
10827,0.7,,,1,10328
10829,0.7,,,1,10328
10830,0.5,,,1,10328
10831,0.7,,,1,10328
10836,0.7,,,1,10328
10839,0.6,,,1,10328
10841,0.4,,,1,10328
10852,0.9,,,1,10328
10860,0.4,,,1,10328
10864,0.6,,,1,10328
10866,3.155,,1.333,3,"10255,10328"
10879,0.5,,,1,10328
10883,0.7,,,1,10328
10886,0.7,,,1,10328
10888,0.6,,,1,10328
10898,0.4,,,1,10328
10900,0.5,,,1,10328
10901,0.8,,,1,10328
10902,0.4,,,1,10328
10903,0.5,,,1,10328
10907,0.7,,,1,10328
10913,0.8,,,1,10328
10916,0.6,,,1,10328
10919,0.5,,,1,10328
10924,0.45,,,1,10353
10940,1,,,1,10353
10947,5.5,,,1,10353
11046,2.5,,,1,10353
11059,0.5,,,1,10328
11060,0.6,,,1,10328
11063,0.6,,,1,10328
11067,0.5,,,1,10328
11071,0.62,,,1,10197
11078,0.275,,,1,10353
11080,0.2875,,0.061,2,"10328,10353"
11082,0.275,,,1,10353
11085,0.5,,,1,10328
11087,0.4,,,1,10328
11092,0.2,,,1,10328
11118,0.64,,,1,10197
11129,0.5,,,1,10328
11132,0.7,,,1,10328
11200,2.5,,0.283,2,10353
11203,2.25,,,1,10353
11204,1.75,,,1,10353
11207,1.2,,,1,10353
11208,2,,,1,10353
11209,3,,,1,10353
11212,2.5,,0,2,10353
11214,3,,,1,10353
11217,0.7,,,1,10353
11222,1.1,,,1,10353
11230,1.35,,,1,10353
11245,3,,,1,10328
11248,4,,,1,10354
11249,2.5,,,1,10354
11263,2,,,1,10353
11264,0.9,,,1,10328
11309,0.65,,,1,10353
11310,0.7,,,1,10353
11312,0.75,,,1,10353
11318,0.6,,0.167,3,10353
11324,0.9,,,1,10328
11327,0.55,,,1,10353
11328,0.6,,,1,10353
11330,0.675,,0.052,2,"10328,10353"
11331,0.625,,0.396,2,"10328,10353"
11332,0.625,,0.057,2,"10328,10353"
11336,0.6,,0.236,2,"10328,10353"
11353,0.725,,0.341,2,"10328,10353"
11355,0.55,,,1,10353
11356,0.775,,0.137,2,10353
11360,0.675,,0.052,2,10353
11361,0.75,,,1,10353
11362,0.65,,,1,10353
11363,0.75,,,1,10353
11365,0.675,,0.157,2,"10328,10353"
11371,0.8,,,1,10353
11372,0.6,,,1,10353
11375,0.8,,,1,10328
11383,0.9,,,1,10353
11384,0.75,,,1,10353
11387,0.1,,0,2,"10328,10333"
11389,0.2,,,1,10328
11396,2.5,,,1,10328
11406,1.8,,,1,10353
11408,0.575,,,1,10353
11448,0.2,,,1,10328
11502,1.055,,0.208,2,"10197,10328"
11518,1,,,1,10353
11519,1.5,,,1,10353
11524,0.245,,0.202,2,10353
11526,0.4,,,1,10353
11528,0.166666666666667,,0.346,3,10353
11590,0.2,,,1,10328
11595,1.1,,,1,10328
11612,0.6,,,1,10328
11616,0.3,,,1,10353
11619,0.8,,,1,10328
11659,0.3,,,1,10328
11716,8,,,1,10328
11842,0.5,,,1,10353
11843,1,,,1,10353
11860,1,,,1,10255
11905,0.2,,,1,10353
11925,0.475,,,1,10353
11964,0.825,,,1,10353
11965,1.7,,,1,10353
11966,1.75,,,1,10353
11967,1.475,,0.024,2,"10197,10353"
11975,2.75,,,1,10353
11977,1.22,,,1,10197
11981,1.2,,,1,10353
11986,1.5,,,1,10353
11990,1.95,,,1,10353
12002,1.4,,,1,10353
12015,12.5,,,1,10353
12018,1.4,,,1,10328
12029,0.5,,,1,10353
12119,2.6,,,1,10328
12123,20,,,1,10328
12141,0.6,,,1,10353
12143,4,,,1,10328
12231,3,,,1,10328
12252,0.35,,,1,10353
12255,0.3,,,1,10328
12261,0.2,,,1,10328
12271,0.4,,,1,10353
12277,0.1,,,1,10328
12372,0.25,,,1,10353
12376,0.2,,,1,10353
12377,0.25,,,1,10353
12546,0.4,,,1,10353
12562,0.88,,,1,10197
12632,0.2,,,1,10328
12636,4,,,1,10353
12699,1,,,1,10353
12726,4.75,,0,2,10353
12749,12,,,1,10353
12750,0.75,,0.094,2,"10328,10353"
12765,0.35,,,1,10353
12775,0.225,,,1,10353
12782,0.3,,,1,10328
12844,0.2,,,1,10328
12874,0.1,,0,2,"10328,10333"
12996,0.2,,,1,10328
13002,1.2,,,1,10354
13003,1.25,,,1,10354
13008,1.6,,,1,10354
13009,1.95,,,1,10354
13010,2.3,,,1,10354
13011,2.1,,,1,10354
13012,1.25,,,1,10354
13014,0.9,,,1,10354
13015,1.85,,,1,10354
13016,2.3,,,1,10354
13169,1.45,,,1,10354
13170,1,,,1,10354
13172,1.2,,,1,10354
13173,0.9,,,1,10354
13197,2.5,,,1,10328
13199,3.8,,,1,10328
13203,1,,,1,10328
13204,0.4,,,1,10328
13209,0.8,,,1,10328
13225,0.57,,,1,10255
13226,0.0995,,,1,10255
13272,1.225,,,1,10354
13296,2.4,,,1,10354
13347,1.2,,,1,10328
13348,1.05,,,1,10353
13412,0.7,,,1,10353
13413,0.9,,,1,10353
13416,0.62,,,1,10197
13419,1,,,1,10353
13420,0.94,,,1,10197
13423,0.59,,,1,10197
13426,0.7,,,1,10353
13430,1,,,1,10353
13431,0.9,,,1,10353
13432,0.8,,,1,10353
13462,5.5,,,1,10353
13467,5,,,1,10328
13470,3,,,1,10353
13472,2.125,,1.081,2,"10328,10353"
13476,0.283333333333333,,0.27,3,"10328,10333,10353"
13479,0.4,,,1,10328
13517,0.1,,,1,10353
13533,1.2,,,1,10354
13542,1.2,,,1,10353
13543,4.5,,,1,10353
13579,1.35,,0,2,10353
13745,0.7,,,1,10353
13752,0.2,,,1,10353
13756,0.55,,,1,10353
13758,0.3,,,1,10353
13778,0.8,,,1,10353
13779,0.55,,,1,10353
13783,0.55,,,1,10353
13785,0.55,,,1,10353
13813,0.92,,,1,10197
13815,0.9,,,1,10353
13981,2.75,,,1,10353
14047,1.49,,,1,10354
14048,1.694362745,,,1,10354
14050,3.5,,,1,10353
14083,0.6,,,1,10353
14089,1.1,,,1,10328
14097,1.1,,,1,10328
14100,1.3,,,1,10328
14122,1,,,1,10353
14167,1.8,,,1,10353
14179,0.9,,,1,10353
14180,1.15,,,1,10353
14183,0.2,,,1,10328
14186,0.2,,,1,10328
14213,0.6,,,1,10353
14249,1.25,,,1,10354
14251,0.55,,,1,10353
14285,0.3,,,1,10328
14295,1.35,,0.157,2,"10328,10353"
14405,2,,,1,10353
14409,1.5,,,1,10353
14410,2.25,,,1,10353
14412,2.65,,,1,10353
14414,1.18,,,1,10197
14421,2.25,,,1,10353
14423,5.25,,,1,10353
14424,1.75,,,1,10353
14432,2.25,,,1,10353
14434,3,,,1,10353
14446,2.25,,,1,10353
14448,2.25,,,1,10353
14454,2.75,,,1,10353
14477,1.5,,,1,10353
14490,1.85,,,1,10353
14504,1.7,,,1,10328
14505,4.75,,,1,10353
14512,3.75,,,1,10353
14538,1.25,,,1,10353
14698,1.65,,,1,10353
14705,5,,,1,10353
14730,3,,0,2,"10328,10353"
14733,2.5,,,1,10328
14744,3.5,,,1,10328
14746,0.4,,,1,10328
14776,0.5,,,1,10328
14777,8,,,1,10353
14781,6.5,,,1,10353
14784,4.5,,,1,10353
14805,1.25,,,1,10353
14817,0.8,,,1,10328
14819,1.05,,,1,10353
14820,0.85,,,1,10353
14821,0.9,,,1,10353
14824,1,,,1,10353
14825,1,,,1,10353
14844,1.1,,,1,10353
14845,1.15,,,1,10353
14857,0.2,,,1,10328
14892,0.4,,,1,10328
14912,0.7,,,1,10197
14917,0.5,,,1,10328
14918,1.25,,,1,10353
14997,0.9,,,1,10353
15007,0.7,,0,2,10353
15019,1,,,1,10353
15025,1,,,1,10353
15028,1,,,1,10353
15058,2,,,1,10353
15075,0.4,,,1,10328
15082,0.5,,,1,10328
15090,0.1,,,1,10328
15096,0.4,,,1,10328
15107,1.545,,,1,10354
15127,1,,,1,10328
15129,0.2,,,1,10328
15136,0.5,,,1,10353
15141,0.25,,0.283,2,"10328,10353"
15144,0.1,,,1,10328
15145,0.7,,,1,10328
15160,0.25,,,1,10353
15171,1.7,,,1,10354
15172,1.7,,,1,10354
15175,3.7,,,1,10354
15333,0.1,,,1,10353
15337,1.5,,,1,10353
15350,1.2,,,1,10353
15355,1.35,,,1,10353
15360,1.5,,,1,10353
15362,2.15,,,1,10353
15369,3.5,,,1,10353
15440,22.5,,,1,10353
15451,2,,,1,10354
15452,0.95,,,1,10354
15453,2,,,1,10354
15454,1.25,,,1,10354
15455,1.25,,,1,10354
15456,1.4,,,1,10354
15458,1.2,,,1,10354
15459,1.45,,,1,10354
15461,1.4,,,1,10354
15462,1.5,,,1,10354
15463,2,,,1,10354
15465,1.1,,,1,10354
15466,1.5,,,1,10354
15467,2,,,1,10354
15468,1.8,,,1,10354
15469,2.5,,,1,10354
15470,0.95,,,1,10354
15471,1.5,,,1,10354
15472,1,,,1,10354
15473,0.85,,,1,10354
15476,1.05,,,1,10354
15477,2.75,,,1,10354
15479,1.6,,,1,10354
15480,1.25,,,1,10354
15481,0.95,,,1,10354
15482,1.8,,,1,10354
15483,0.9,,,1,10354
15484,1.1,,,1,10354
15485,0.8,,,1,10354
15487,1.3,,,1,10354
15488,1.1,,,1,10354
15489,2.75,,,1,10354
15490,2.2,,,1,10354
15492,1.85,,,1,10354
15493,2.35,,,1,10354
15495,1.2,,,1,10354
15496,1.75,,,1,10354
15498,1.6,,,1,10354
15500,0.8,,,1,10354
15501,1.4,,,1,10354
15502,2.5,,,1,10354
15503,1.5,,,1,10354
15504,1,,,1,10354
15505,1.65,,,1,10354
15506,0.9,,,1,10354
15507,2,,,1,10354
15508,0.565,,,1,10354
15509,0.95,,,1,10354
15510,1,,,1,10354
15511,1,,,1,10354
15512,1.1,,,1,10354
15514,0.8,,,1,10354
15518,1.05,,,1,10354
15519,0.6,,,1,10354
15520,1,,,1,10354
15522,2.1,,,1,10354
15523,1.1,,,1,10354
15524,1.4,,,1,10354
15525,0.75,,,1,10354
15527,1.4,,,1,10354
15530,1.5,,,1,10354
15531,1.3,,,1,10354
15533,0.9,,,1,10354
15534,0.5,,,1,10354
15536,2.35,,,1,10354
15537,0.75,,,1,10354
15538,1.45,,,1,10354
15539,0.95,,,1,10354
15540,1.3,,,1,10354
15543,2.5,,,1,10354
15544,1.55,,,1,10354
15545,0.9,,,1,10354
15546,1.3,,,1,10354
15547,0.95,,,1,10354
15548,1.4,,,1,10354
15549,0.8,,,1,10354
15551,1.6,,,1,10354
15552,1.7,,,1,10354
15553,1.8,,,1,10354
15554,1.7,,,1,10354
15556,0.6,,,1,10354
15557,1.4,,,1,10354
15560,1.35,,,1,10354
15562,0.75,,,1,10354
15563,0.95,,,1,10354
15564,0.65,,,1,10354
15565,2.15,,,1,10354
15566,1.6,,,1,10354
15567,1.3,,,1,10354
15568,0.95,,,1,10354
15569,1.3,,,1,10354
15570,1.4,,,1,10354
15574,0.8,,,1,10354
15575,1.35,,,1,10354
15576,0.815,,0.061,2,"10255,10354"
15577,1.3,,,1,10354
15578,1.5,,,1,10354
15581,0.95,,,1,10354
15582,1.15,,,1,10354
15583,0.975,,,1,10354
15584,1.1,,,1,10354
15585,1,,,1,10354
15587,1.75,,,1,10354
15588,1.8,,,1,10354
15589,1.35,,,1,10354
15590,0.525,,,1,10354
15591,1.4,,,1,10354
15592,2.25,,,1,10354
15593,1,,,1,10354
15600,1.2,,,1,10197
15649,4,,,1,10328
15650,0.4,,,1,10328
15697,0.7,,,1,10353
15721,0.3,,,1,10328
15734,0.3,,,1,10328
15736,0.3,,,1,10328
15747,0.225,,0.157,2,"10328,10353"
15750,0.28,,,1,10353
15763,1,,,1,10197
15828,4.375,,0.04,2,"10353,10354"
15849,1.15,,,1,10353
15863,0.8,,,1,10328
15865,4.25,,,1,10353
15870,2.75,,,1,10353
15875,1.75,,,1,10353
15883,1.5,,,1,10353
15885,1.75,,,1,10353
15899,1.1,,,1,10353
16058,0.055,,,1,10353
16059,0.085,,,1,10353
16061,0.08,,,1,10353
16069,0.07,,,1,10353
16070,0.08,,,1,10353
16071,0.05,,,1,10353
16073,0.06,,,1,10353
16076,0.318333333333333,,0.716,3,10353
16077,0.21,,,1,10353
16080,0.06,,,1,10353
16106,2.5,,,1,10354
16117,0.1,,,1,10328
16202,0.4,,,1,10353
16203,0.3,,,1,10353
16209,0.14,,,1,10255
16225,1.6,,,1,10353
16227,0.45,,,1,10353
16264,0.8025,,,1,10255
16271,0.3,,,1,10353
16304,0.3,,,1,10353
16306,0.3,,,1,10353
16307,0.35,,,1,10353
16352,2,,,1,10353
16354,3.8,,,1,10353
16378,1,,,1,10353
16387,10,,,1,10197
16413,0.35,,,1,10353
16416,2,,,1,10353
16444,0.2,,,1,10328
16450,0.1,,,1,10353
16521,2.7,,,1,10328
16523,2.65,,,1,10353
16525,1.6,,,1,10328
16531,4,,,1,10328
16533,6,,,1,10328
16535,6.5,,,1,10328
16550,7.5,,,1,10328
16552,5.75,,,1,10353
16553,6,,,1,10328
16556,4,,,1,10328
16557,3,,,1,10328
16563,0.6,,,1,10328
16565,3.8,,,1,10328
16566,2.8,,,1,10328
16567,1.5,,,1,10328
16569,3.25,,,1,10353
16570,3.1,,,1,10328
16572,7,,,1,10328
16573,9,,,1,10328
16574,6,,,1,10353
16575,5,,0,2,"10328,10353"
16577,4.75,,,1,10353
16578,3.8,,,1,10328
16581,3.65,,,1,10353
16583,3.5,,,1,10328
16589,3.5,,,1,10328
16591,3.75,,,1,10353
16593,11.5,,,1,10328
16726,1.3,,,1,10353
16732,0.3,,,1,10328
16741,0.9,,,1,10328
16769,0.2,,,1,10328
16773,0.2,,,1,10328
16775,0.2,,,1,10328
16779,0.3,,,1,10328
16796,0.18,,,1,10353
16798,0.1,,,1,10328
16803,0.175,,0.202,2,"10328,10353"
16807,0.111666666666667,,0.181,3,"10328,10353"
16817,0.1,,,1,10328
16820,0.2,,,1,10353
16829,0.1,,,1,10328
16833,0.2,,,1,10353
16851,0.135,,,1,10353
16971,0.2,,,1,10353
16987,3.1,,0.046,2,"10328,10353"
16998,3.3,,,1,10328
17015,2,,,1,10353
17018,2.4,,,1,10353
17023,1.4,,,1,10353
17024,1.4,,,1,10353
17025,2.2,,,1,10353
17026,1.5,,,1,10353
17037,0.12,,,1,10353
17045,0.325,,,1,10353
17060,3,,,1,10353
17072,6,,,1,10353
17077,6,,,1,10328
17119,2,,,1,10353
17167,0.4,,,1,10328
17170,5.8,,,1,10328
17180,0.2,,,1,10353
17190,0.6,,,1,10353
17200,0.9,,,1,10328
17205,0.8,,,1,10328
17212,0.5,,,1,10353
17217,0.9,,,1,10328
17222,0.8,,,1,10328
17225,0.8,,,1,10328
17228,2.5,,,1,10328
17232,0.825,,0.129,2,"10328,10353"
17234,0.7,,,1,10328
17240,0.6,,,1,10328
17243,0.6,,,1,10353
17250,0.6,,,1,10328
17255,0.5,,,1,10328
17258,0.8,,,1,10353
17263,1,,,1,10328
17265,0.55,,,1,10353
17267,0.5,,,1,10328
17268,0.85,,,1,10353
17273,0.7,,,1,10328
17279,1.375,,0.129,2,"10328,10353"
17284,0.675,,0.262,2,"10328,10353"
17292,0.7,,,1,10328
17293,0.6,,,1,10328
17299,0.7,,,1,10328
17306,0.1,,,1,10328
17308,0.8,,,1,10328
17309,0.1,,,1,10328
17310,0.2,,1.299,3,"10328,10353"
17311,0.1,,,1,10353
17312,0.2,,,1,10328
17315,0.1,,,1,10328
17316,0.1,,,1,10328
17317,0.7,,,1,10328
17319,0.1,,,1,10328
17325,0.85,,,1,10197
17337,9,,,1,10354
17338,5.5,,,1,10354
17339,7,,,1,10354
17388,3,,,1,10197
17655,1.65,,,1,10353
17656,0.75,,,1,10353
17659,0.8,,,1,10353
17660,1,,,1,10353
17661,0.75,,,1,10197
17662,0.9,,,1,10353
17665,0.6,,,1,10353
17666,0.8,,,1,10353
17667,1.25,,,1,10353
17669,0.8,,0,2,"10328,10353"
17671,0.8,,,1,10353
17674,1,,,1,10353
17675,1.5,,,1,10353
17676,1.1,,,1,10353
17677,1,,,1,10353
17679,0.8,,,1,10353
17684,0.9,,,1,10353
17689,0.25,,,1,10353
17690,0.3,,0,2,"10328,10353"
17692,0.35,,,1,10353
17694,0.25,,,1,10353
17698,0.3,,0,2,10353
17709,0.25,,,1,10353
17727,0.37,,,1,10353
17733,0.35,,,1,10353
17744,0.2,,,1,10353
17796,0.55,,,1,10353
17807,0.2,,,1,10353
17825,0.275,,,1,10353
17830,0.5,,0.071,2,10353
17831,0.15,,,1,10353
17834,0.125,,,1,10353
17835,0.2,,,1,10353
17837,0.15,,,1,10353
17838,0.25,,,1,10353
17845,0.55,,,1,10353
17866,0.2,,,1,10353
17868,0.115,,,1,10353
17871,0.55,,,1,10353
17881,0.35,,,1,10353
17913,0.1675,,0.485,2,"10333,10353"
17927,0.15,,,1,10353
17930,0.175,,,1,10353
17949,0.165,,,1,10353
17953,0.375,,,1,10353
17967,0.735,,,1,10353
17972,0.15,,,1,10353
17973,0.8,,,1,10353
18028,0.5,,,1,10328
18036,0.7,,,1,10328
18050,0.35,,,1,10353
18055,0.6,,,1,10328
18116,4,,,1,10353
18136,2,,,1,10353
18140,1.2,,,1,10354
18141,1.2,,,1,10354
18142,1.5,,,1,10354
18143,1.1,,,1,10354
18155,0.375,,0,2,10353
18182,0.8,,,1,10353
18183,1.25,,,1,10353
18185,0.75,,,1,10353
18187,0.8,,,1,10353
18267,0.625,,0.17,2,"10328,10353"
18268,0.3,,,1,10353
18269,0.55,,,1,10353
18272,4,,,1,10353
18282,0.85,,,1,10353
18290,0.375,,,1,10353
18292,0.325,,,1,10353
18293,0.35,,,1,10353
18303,0.7,,,1,10353
18315,0.7,,,1,10328
18427,2.56,,0.171,2,"10197,10353"
18440,0.1,,,1,10353
18441,0.89,,,1,10197
18446,1.85,,,1,10197
18448,5.175,,0.499,2,"10197,10328"
18450,0.54,,,1,10197
18457,1.43,,,1,10197
18461,0.95,,,1,10197
18464,2.62,,0.335,2,10197
18468,1.01,,,1,10197
18471,1.5,,,1,10197
18473,1.8,,,1,10197
18474,2.86,,,1,10197
18477,1.5,,,1,10353
18479,1.1,,,1,10197
18489,6.95,,,1,10197
18500,0.76,,,1,10197
18508,1.33,,,1,10197
18519,2,,,1,10197
18539,2,,,1,10197
18540,0.6,,,1,10197
18549,1.77,,,1,10197
18552,1.16,,,1,10197
18558,0.225,,,1,10353
18560,7,,,1,10353
18573,1.2,,,1,10197
18580,0.44,,,1,10197
18585,1.115,,0.59,2,"10197,10353"
18588,1.02,,,1,10197
18589,1.66,,,1,10197
18591,3.5,,,1,10197
18592,2.5,,,1,10197
18594,1,,,1,10197
18598,1.475,,0.072,2,"10197,10353"
18603,2.12,,,1,10197
18611,0.7,,,1,10197
18618,0.1,,,1,10353
18638,0.065,,,1,10353
18645,0.4,,,1,10328
18713,0.8,,,1,10353
18718,2,,,1,10353
18722,3,,,1,10353
18766,0.5,,,1,10353
18773,0.5,,0,2,"10328,10353"
18801,0.9,,,1,10328
18805,1.85,,,1,10353
18819,1.22,,0.325,2,"10197,10328"
18823,0.62,,,1,10197
18826,0.55,,,1,10353
18828,0.7,,,1,10353
18839,0.2,,,1,10353
18846,3.5,,,1,10353
18848,1.2,,,1,10353
18849,2.75,,,1,10353
18850,3,,,1,10353
18852,2.3,,,1,10328
18858,0.2,,,1,10328
18862,15,,,1,10328
18874,9.5,,,1,10353
18923,0.54,,,1,10197
18924,2,,,1,10328
18928,1,,,1,10328
18930,2,,,1,10328
18932,1,,,1,10328
18934,2,,,1,10328
18961,0.3,,,1,10328
18964,0.2,,,1,10328
18966,0.2,,,1,10328
18973,0.2,,,1,10328
18975,0.2,,,1,10328
18981,0.175,,,1,10353
19017,0.65,,,1,10353
19057,0.2,,,1,10353
19058,0.2,,,1,10353
19062,0.5,,,1,10328
19128,2.5,,,1,10328
19133,0.2,,,1,10328
19137,0.1625,,0.326,2,"10328,10353"
19138,0.1,,,1,10328
19146,0.3,,,1,10328
19167,0.1,,,1,10328
19184,0.35,,,1,10197
19197,0.1,,,1,10328
19206,0.1,,,1,10328
19212,0.2,,,1,10328
19231,0.1,,,1,10328
19248,0.1,,,1,10328
19252,1.31,,,1,10197
19282,2.5,,,1,10353
19289,4,,,1,10353
19295,3,,,1,10353
19296,1.65,,,1,10353
19365,0.7,,,1,10353
19366,1.3,,,1,10353
19395,1,,,1,10328
19396,0.5,,,1,10353
19398,0.2,,,1,10328
19401,0.5,,,1,10353
19406,0.7,,,1,10328
19407,0.8,,,1,10328
19408,0.4,,,1,10328
19411,0.4,,,1,10328
19424,1.5,,,1,10354
19425,1,,,1,10354
19426,1,,,1,10354
19463,1.25,,,1,10353
19484,0.6,,,1,10328
19509,1.6,,,1,10328
19515,1.9,,,1,10328
19522,3,,,1,10328
19544,0.55,,,1,10353
19547,1.6,,,1,10353
19548,0.575,,0.061,2,10353
19549,0.7,,,1,10353
19551,0.5,,,1,10353
19555,2.25,,,1,10353
19556,0.725,,0.146,2,10353
19557,0.525,,0.067,2,10353
19558,0.45,,,1,10353
19560,1.65,,,1,10353
19563,0.65,,,1,10353
19626,0.58,,,1,10354
19627,0.95,,,1,10354
19638,2,,,1,10353
19642,0.3,,,1,10328
19644,0.25,,,1,10353
19647,2.5,,,1,10353
19649,3,,,1,10353
19660,0.2,,,1,10328
19670,0.3,,,1,10328
19671,0.2,,,1,10328
19673,1.4,,,1,10328
19675,1.15,,1.045,2,"10328,10353"
19676,0.75,,,1,10353
19680,1.65,,,1,10353
19681,1.5,,,1,10328
19682,1.75,,,1,10353
19694,0.45,,,1,10353
19793,0.3,,,1,10328
19796,0.5,,,1,10328
19797,0.6,,,1,10328
19811,0.275,,,1,10353
19840,12,,,1,10328
19841,20,,,1,10328
19853,0.95,,,1,10353
19909,1,,,1,10353
19934,0.75,,,1,10353
19941,0.1,,,1,10328
19980,1.5,,,1,10353
19981,1.65,,,1,10353
20015,0.05,,,1,10353
20020,0.06,,0.167,3,10353
20066,5.25,,0.067,2,"10328,10353"
20067,6,,,1,10328
20091,1.4,,,1,10353
20095,1.4,,,1,10353
20096,1.35,,,1,10353
20097,4.5,,,1,10353
20108,0.3,,,1,10328
20111,0.2,,,1,10328
20173,3.5,,,1,10328
20232,2.75,,0.129,2,10353
20233,5,,0.283,2,10353
20236,3,,,1,10353
20237,4.25,,,1,10353
20426,2,,,1,10328
20449,1.18,,,1,10197
20454,0.6,,,1,10353
20472,0.6,,,1,10328
20506,1.6,,,1,10197
20646,0.3,,,1,10328
20647,0.4,,,1,10328
20653,0.2,,,1,10328
20656,0.4,,,1,10328
20657,0.2,,,1,10328
20696,8,,,1,10353
20698,9.75,,,1,10353
20699,5,,,1,10353
20700,7,,,1,10353
20732,0.75,,,1,10353
20734,1.5,,,1,10353
20735,0.6,,,1,10197
20739,0.65,,,1,10353
20764,0.21,,,1,10353
20765,0.4,,,1,10353
20766,0.5,,,1,10353
20768,0.425,,,1,10353
20769,0.45,,,1,10353
20770,0.35,,,1,10353
20772,0.5,,,1,10353
20773,0.35,,,1,10353
20857,4,,,1,10328
20865,2.4,,,1,10328
20866,2.4,,,1,10328
20870,1.2,,,1,10353
20874,1.5,,,1,10197
20898,0.2,,,1,10328
20900,0.4,,,1,10328
20987,1.25,,,1,10353
20988,0.35,,,1,10197
21037,0.7,,,1,10328
21046,1.5,,,1,10328
21063,0.1,,,1,10328
21068,0.4,,,1,10353
21109,4,,,1,10354
21120,0.2,,,1,10328
21166,1.275,,0.028,2,"10328,10353"
21174,0.5,,,1,10328
21191,0.1,,,1,10328
21269,2.2,,,1,10197
21366,0.75,,,1,10353
21368,0.6,,,1,10353
21377,0.3,,,1,10328
21390,2,,,1,10353
21391,2.25,,,1,10353
21410,0.55,,,1,10353
21417,0.9,,,1,10354
21443,1.4,,,1,10197
21447,0.4,,,1,10353
21457,1,,,1,10328
21459,0.8,,,1,10328
21494,0.2,,,1,10353
21502,0.6,,,1,10328
21505,0.2,,,1,10328
21510,3.5,,,1,10353
21541,0.7,,,1,10353
21565,1.8,,,1,10354
21567,0.8,,,1,10354
21568,0.8,,,1,10354
21569,1.6,,,1,10354
21573,0.7,,,1,10354
21574,1.125,,,1,10354
21575,1.25,,,1,10354
21576,1.2,,,1,10354
21579,1.1,,,1,10354
21580,1.5,,,1,10354
21582,1.6,,,1,10354
21583,2.5,,,1,10354
21585,1.05,,,1,10354
21586,0.5,,,1,10354
21587,1.05,,,1,10354
21588,3.25,,,1,10354
21589,0.95,,,1,10354
21590,1,,,1,10354
21591,1.3,,,1,10354
21593,0.9,,,1,10354
21595,0.6,,,1,10354
21596,0.8,,,1,10354
21597,1.225,,,1,10354
21598,1,,,1,10354
21600,0.8,,,1,10354
21601,1.2,,,1,10354
21602,2.2,,,1,10354
21603,1.3,,,1,10354
21608,6,,,1,10353
21609,11,,,1,10353
21610,12,,,1,10353
21662,0.92,,,1,10197
21697,2,,,1,10328
21711,0.7,,,1,10353
21713,2.75,,,1,10353
21719,2.75,,,1,10353
21730,2.5,,0,2,10353
21732,4,,,1,10353
21740,1.2,,,1,10353
21745,1,,,1,10353
21911,0.3,,,1,10328
21932,0.3,,,1,10328
22023,0.4,,,1,10328
22090,0.3,,,1,10353
22175,0.135,,,1,10353
22180,0.8,,,1,10328
22184,0.92,,,1,10197
22223,0.6,,,1,10328
22240,0.5,,,1,10328
22243,0.5,,,1,10353
22244,0.7,,,1,10197
22247,0.84,,0.101,2,"10197,10328"
22276,0.65,,,1,10353
22286,0.35,,,1,10353
22307,6,,,1,10353
22341,0.4,,,1,10328
22348,4.25,,,1,10353
22363,6,,,1,10353
22380,0.25,,,1,10353
22390,3.5,,,1,10354
22391,4,,,1,10354
22395,8.75,,,1,10353
22399,8,,,1,10353
22401,12,,,1,10353
22404,6,,,1,10353
22417,11,,,1,10353
22441,1,,,1,10353
22506,4.5,,,1,10353
22510,1.5,,,1,10328
22544,0.5,,,1,10328
22548,0.8,,,1,10354
22550,1.5,,,1,10354
22551,1.2,,,1,10354
22556,0.85,,,1,10354
22558,1.25,,,1,10354
22559,1.8,,,1,10354
22560,1.325,,0.027,2,10354
22562,0.85,,,1,10354
22564,1.55,,,1,10354
22565,1.2,,,1,10354
22567,1.5,,,1,10354
22569,1.05,,0.067,2,10354
22570,0.975,,,1,10354
22571,1.4,,,1,10354
22572,1.15,,,1,10354
22575,1,,,1,10354
22578,1.5,,,1,10354
22580,0.8,,,1,10354
22582,1.3,,,1,10354
22585,0.65,,,1,10354
22589,0.8,,,1,10354
22592,1.1,,,1,10354
22593,1,,,1,10354
22624,0.2,,,1,10328
22625,0.11,,,1,10353
22630,0.2,,,1,10328
22631,0.2,,,1,10328
22638,0.12,,,1,10353
22640,0.1,,,1,10353
22641,0.12,,,1,10353
22643,0.1,,,1,10328
22644,0.1,,,1,10328
22653,0.5,,,1,10353
22660,1.425,,0.174,2,10353
22815,3.8,,,1,10354
22816,2.3,,,1,10354
22817,3.15,,,1,10354
22818,4,,,1,10354
22819,2,,,1,10354
22822,1.5,,,1,10353
22833,4.5,,,1,10353
22850,1,,,1,10328
22859,0.9,,,1,10328
22869,1,,,1,10353
22873,0.85,,,1,10353
22874,1.5,,,1,10353
22876,0.8,,0,2,10353
22879,0.5,,0.283,2,"10328,10353"
22882,1.3,,0.109,2,"10328,10353"
22885,0.8,,,1,10328
22887,0.3625,,0.244,2,"10328,10353"
22892,1.825,,0.019,2,"10328,10353"
22901,0.4,,,1,10328
22904,0.65,,,1,10353
22908,0.7,,,1,10328
22909,1.45,,,1,10353
22910,0.51,,,1,10353
22912,0.6,,,1,10328
22917,0.7,,,1,10353
22922,0.8,,,1,10353
22925,0.8,,,1,10328
22934,4.5,,,1,10354
22935,7,,,1,10354
22941,0.6,,,1,10328
22943,1.4,,,1,10353
22945,1.2,,,1,10328
22958,1.3,,,1,10353
22963,1,,,1,10353
23018,1.25,,,1,10197
23062,0.45,,,1,10353
23077,0.9,,,1,10328
23080,0.85,,,1,10354
23081,1,,,1,10354
23083,1.5,,,1,10354
23084,0.85,,,1,10354
23086,1.05,,,1,10354
23087,1,,,1,10354
23088,0.85,,,1,10354
23089,1.5,,,1,10354
23090,1.15,,,1,10354
23091,0.7,,,1,10354
23093,1.3,,,1,10354
23094,2.4,,,1,10354
23099,0.825,,0.043,2,"10197,10328"
23173,0.6,,,1,10197
23228,3.75,,,1,10353
23229,2.1,,,1,10353
23230,4,,,1,10353
23232,4.25,,0,2,10353
23251,2.5,,,1,10328
23350,0.35,,,1,10353
23352,0.15,,,1,10353
23373,0.8,,,1,10328
23374,0.7,,,1,10353
23379,2.8,,,1,10328
23503,2.75,,,1,10353
23504,5,,,1,10353
23505,3.375,,1.1,2,"10197,10328"
23507,6.75,,,1,10353
23513,5,,,1,10328
23515,3,,,1,10353
23518,5.25,,,1,10353
23552,1.25,,,1,10353
23642,0.1,,,1,10328
23678,0.4,,,1,10328
23679,0.3,,,1,10328
23685,9,,,1,10353
23693,0.3,,,1,10353
23694,0.3,,,1,10353
23695,0.3,,,1,10353
23696,0.294,,0.233,5,10353
23698,0.5,,,1,10353
23701,0.25,,0,2,10353
23702,0.4,,,1,10353
23703,0.25,,,1,10353
23707,0.4,,,1,10328
23709,0.3,,,1,10328
23807,0.2,,,1,10328
23809,0.375,,,1,10353
23814,0.2,,,1,10328
23816,0.2,,,1,10328
23827,0.35,,,1,10353
23862,0.85,,,1,10353
23868,1.1,,,1,10353
23869,1,,,1,10353
23881,1.45,,,1,10353
23882,1.05,,,1,10353
23883,1.2,,,1,10353
23885,1.35,,,1,10353
23888,1.05,,,1,10353
23890,0.7125,,0.145,4,"10328,10353"
23891,1.35,,,1,10353
23893,0.95,,0.372,2,"10328,10353"
23895,0.95,,,1,10353
23896,1,,,1,10353
23898,1.25,,,1,10353
23901,1,,,1,10353
23905,2.75,,,1,10353
23907,1.4,,,1,10255
23911,2.5,,,1,10255
23912,3,,,1,10353
23913,1.55,,,1,10353
23918,5,,,1,10354
23919,3.4,,,1,10354
23928,1.65,,,1,10354
23931,3.3,,,1,10328
23934,4.3,,,1,10328
23943,0.2,,,1,10328
23944,0.3,,,1,10328
23945,0.5,,,1,10328
23948,0.2,,,1,10328
23950,0.4,,,1,10328
23954,0.3,,,1,10328
23956,0.3,,,1,10328
23963,0.3,,,1,10328
23964,0.2,,,1,10328
23966,0.4,,,1,10328
23969,0.4,,,1,10328
23972,0.2,,,1,10328
23973,0.2,,,1,10328
23977,0.3,,,1,10328
23978,0.3,,,1,10328
23981,0.2,,,1,10328
23983,0.4,,,1,10328
23987,0.2,,,1,10328
23989,0.3,,,1,10328
23990,3.5,,,1,10328
23996,0.2,,,1,10328
24001,0.4,,,1,10328
24002,0.5,,,1,10328
24003,0.3,,,1,10328
24004,0.6,,,1,10328
24005,0.3,,,1,10328
24007,0.3,,,1,10328
24013,0.3,,,1,10328
24015,0.3,,,1,10328
24017,0.3,,,1,10328
24020,0.3,,,1,10328
24023,0.2,,,1,10328
24025,0.5,,,1,10328
24026,0.3,,,1,10328
24028,0.2,,,1,10328
24039,0.2,,,1,10328
24046,0.5,,,1,10328
24049,0.2,,,1,10328
24050,0.2,,,1,10328
24053,0.3,,,1,10328
24058,0.2,,,1,10328
24200,1,,,1,10328
24232,1.75,,,1,10353
24244,0.2,,,1,10328
24253,5.5,,,1,10328
24254,2.2,,,1,10354
24255,1.7,,,1,10354
24256,2,,,1,10354
24257,1.7,,,1,10354
24264,4,,,1,10354
24279,0.4,,,1,10328
24309,2.5,,,1,10353
24315,3.5,,,1,10328
24410,4,,,1,10353
24411,5,,,1,10353
24428,0.6,,,1,10328
24433,1.9,,,1,10353
24434,2.1,,,1,10353
24439,0.2,,,1,10353
24448,0.9,,,1,10354
24450,1.75,,,1,10354
24451,1.5,,,1,10354
24452,2,,,1,10354
24453,0.9,,,1,10354
24454,2.5,,,1,10354
24455,2,,,1,10354
24456,1.85,,,1,10354
24457,0.8,,,1,10354
24458,2,,,1,10354
24459,2.2,,,1,10354
24460,1.75,,,1,10354
24462,2.25,,,1,10354
24463,1.3,,,1,10354
24464,1,,,1,10354
24465,1,,,1,10354
24466,3.75,,,1,10354
24467,2,,,1,10354
24468,2,,,1,10354
24470,2,,,1,10354
24471,1,,,1,10354
24476,0.915,,,1,10255
24493,0.3,,,1,10328
24535,5,,,1,10328
24537,1.5,,,1,10354
24564,0.4,,0,2,10353
24566,0.45,,0.157,2,10353
24570,0.4,,,1,10328
24575,0.35,,0.202,2,"10328,10353"
24576,0.325,,0.109,2,"10328,10353"
24577,0.4,,,1,10353
24579,0.5,,,1,10353
24583,0.5,,,1,10328
24608,0.2,,,1,10328
24623,0.3,,,1,10353
24627,1.5,,,1,10353
24628,1.1,,,1,10353
24629,1.15,,,1,10353
24632,2.9,,,1,10353
24633,0.7,,,1,10353
24634,1.2,,,1,10353
24638,0.1,,,1,10353
24647,0.2,,,1,10328
24649,0.3,,,1,10328
24655,0.4,,,1,10328
24661,1,,,1,10328
24663,1,,,1,10328
24676,0.5,,,1,10328
24722,0.25,,,1,10353
24724,0.03,,,1,10353
24727,0.35,,,1,10353
24729,0.4,,,1,10328
24733,2,,,1,10328
24852,7,,,1,10354
24853,4.5,,,1,10354
24855,4.25,,,1,10354
24868,7.5,,,1,10328
24874,8.5,,,1,10328
24881,6,,,1,10328
24889,6,,,1,10328
24890,5.5,,,1,10328
24891,9,,,1,10328
24911,0.38,,,1,10353
24916,1.5,,,1,10328
24919,1.34,,0.148,2,"10197,10328"
24926,0.2,,,1,10328
24968,0.45,,,1,10353
25009,0.625,,0.17,2,10353
25038,5,,,1,10354
25062,0.4,,,1,10328
25068,0.2,,,1,10328
25223,0.6,,,1,10353
25224,0.5,,,1,10353
25225,0.6,,,1,10353
25259,0.3,,,1,10328
25263,0.3,,,1,10328
25264,0.6,,,1,10328
25265,0.2,,,1,10328
25266,0.2125,,0.083,2,"10328,10353"
25267,0.3,,,1,10328
25268,0.125,,0.283,2,"10328,10353"
25270,0.4375,,0.202,2,"10328,10353"
25275,0.4,,,1,10328
25288,0.4,,,1,10328
25290,0.375,,,1,10353
25294,0.3,,,1,10328
25296,0.2125,,0.083,2,"10328,10353"
25297,0.55,,0.129,2,"10328,10353"
25299,0.4,,,1,10328
25303,0.275,,0.129,2,"10328,10353"
25307,1.2,,,1,10354
25347,1.25,,,1,10353
25386,0.6,,,1,10328
25398,0.2,,,1,10328
25556,0.3,,,1,10328
25557,0.275,,0.129,2,"10328,10353"
25622,0.3,,,1,10328
25649,0.175,,,1,10353
25654,0.7,,,1,10354
25656,6,,,1,10353
25657,0.8,,,1,10328
25664,1.3425,,,1,10255
25683,1.5,,,1,10328
25684,1.5,,,1,10328
25701,2,,,1,10354
25706,1,,,1,10354
25707,2.15,,,1,10354
25708,1.1,,,1,10354
25709,1.2,,,1,10354
25710,0.85,,,1,10354
25711,1,,,1,10354
25713,0.8,,,1,10354
25714,0.75,,,1,10354
25715,1,,,1,10354
25716,0.9,,,1,10354
25717,0.45,,,1,10354
25718,1,,,1,10354
25719,4,,,1,10354
25721,1.45,,,1,10354
25724,1.6,,,1,10354
25725,1,,,1,10354
25728,1,,,1,10354
25729,0.8,,,1,10354
25733,0.9,,,1,10354
25734,1.9,,,1,10354
25735,1.5,,,1,10354
25738,2.65,,,1,10354
25739,0.5,,,1,10354
25741,1.1,,,1,10354
25742,1,,,1,10354
25744,0.9,,,1,10354
25745,0.7,,,1,10354
25746,2.25,,,1,10354
25748,1,,,1,10354
25749,2.7,,,1,10354
25750,0.9,,,1,10354
25751,1.2,,,1,10354
25752,1,,,1,10354
25757,2,,,1,10354
25760,1.2,,,1,10354
25762,0.9,,,1,10354
25763,0.8,,,1,10354
25764,0.7,,,1,10354
25766,1.6,,,1,10354
25767,0.7,,,1,10354
25768,2.5,,,1,10354
25771,1.2,,,1,10354
25772,0.95,,,1,10354
25773,1,,,1,10354
25774,1.15,,,1,10354
25777,1.5,,,1,10354
25778,1,,,1,10354
25779,2.1,,,1,10354
25780,1.3,,,1,10354
25782,0.9,,,1,10354
25783,0.8,,,1,10354
25785,1.3,,,1,10354
25786,0.8,,,1,10354
25787,0.8,,,1,10354
25791,0.85,,,1,10353
25792,0.75,,,1,10353
25793,0.5,,,1,10353
25794,1,,,1,10353
25795,0.5,,,1,10353
25801,0.8,,,1,10353
25802,0.9,,,1,10353
25803,0.8,,,1,10353
25804,0.9,,,1,10353
25806,0.725,,0.244,2,"10328,10353"
25809,0.6,,,1,10328
25810,0.375,,,1,10353
25811,0.7,,,1,10353
25813,0.85,,,1,10353
25814,0.63125,,0.084,8,"10328,10353"
25817,0.25,,,1,10353
25819,0.755,,0.084,2,"10197,10328"
25829,0.2,,,1,10328
25835,5.25,,,1,10353
25837,2.5,,,1,10353
25840,8,,,1,10353
25845,6,,,1,10353
25848,4.75,,,1,10353
25857,0.6,,,1,10353
25858,0.5,,,1,10353
25859,0.35,,,1,10353
25861,0.3,,,1,10353
25863,0.35,,,1,10353
25864,0.5,,,1,10353
26042,0.3,,,1,10353
26043,0.2,,,1,10328
26044,0.2,,,1,10328
26058,0.6,,,1,10353
26068,0.4,,,1,10328
26077,0.8,,,1,10353
26079,0.8,,,1,10353
26081,0.9,,,1,10353
26082,1,,,1,10353
26083,0.75,,,1,10353
26085,0.55,,,1,10353
26087,0.6,,,1,10353
26090,0.6,,,1,10353
26091,0.9,,,1,10353
26190,1.55,,,1,10354
26191,2.15,,,1,10354
26197,0.6,,,1,10328
26198,0.3,,,1,10328
26199,0.25,,,1,10353
26209,0.7,,,1,10328
26212,0.525,,,1,10353
26217,0.2,,,1,10328
26218,0.7,,,1,10353
26282,0.6,,,1,10328
26308,7,,0,2,"10328,10353"
26327,2.75,,,1,10353
26330,2.25,,,1,10353
26331,2.25,,,1,10353
26333,1.3,,,1,10353
26334,1.2,,,1,10353
26337,1.6,,,1,10353
26338,17,,,1,10353
26339,0.95,,,1,10353
26344,1.1,,,1,10353
26345,1.85,,,1,10353
26347,2.25,,,1,10353
26350,1.35,,,1,10353
26353,1.85,,,1,10353
26355,2.2,,,1,10353
26356,1.4,,0,2,10353
26358,2.5,,,1,10353
26359,3.25,,,1,10353
26361,1.5,,,1,10353
26362,1.4,,,1,10353
26363,1.9,,,1,10353
26364,1.4,,,1,10353
26365,3,,,1,10353
26366,1.15,,0,2,10353
26367,1.2,,,1,10353
26369,1.4,,,1,10353
26370,1.5,,,1,10353
26371,1.25,,,1,10353
26374,2,,,1,10353
26375,1.4,,,1,10353
26376,1.5,,,1,10353
26378,1.5,,,1,10353
26379,0.95,,,1,10353
26385,0.3,,,1,10353
26390,1.6,,,1,10353
26391,1,,,1,10353
26392,0.8,,,1,10353
26393,2.75,,,1,10353
26394,1.27,,,1,10197
26398,0.75,,,1,10353
26401,0.5,,,1,10353
26404,1.2,,,1,10353
26409,2.2,,,1,10353
26410,0.895,,0.308,2,"10197,10353"
26413,1.3,,,1,10353
26414,0.8,,,1,10353
26415,2.5,,,1,10353
26421,1,,,1,10353
26422,2,,,1,10353
26430,0.5,,,1,10353
26431,0.7,,,1,10353
26438,0.55,,,1,10353
26439,1,,,1,10353
26445,0.6,,,1,10353
26451,0.6,,,1,10353
26452,0.75,,,1,10353
26453,1.25,,,1,10353
26457,1.7,,,1,10354
26458,1.1,,,1,10354
26459,2.45,,,1,10354
26460,2.5,,0.283,2,"10353,10354"
26461,1.5,,,1,10354
26462,1.5,,,1,10354
26463,1.6,,,1,10354
26464,0.8,,,1,10354
26465,1.5,,,1,10354
26467,1.5,,,1,10354
26468,1.1,,,1,10354
26470,2.775,,0.242,2,"10353,10354"
26471,1.2,,,1,10354
26475,1,,,1,10328
26497,0.5,,,1,10328
26534,1.2,,,1,10328
26567,0.3625,,0.146,2,"10328,10353"
26568,45,,,1,10354
26570,4,,,1,10353
26572,5.25,,,1,10353
26681,0.85,,,1,10197
26685,0.72,,,1,10197
26688,0.5,,,1,10328
26691,0.5,,,1,10328
26696,0.79,,,1,10197
26697,0.81,,,1,10197
26701,0.4,,,1,10197
26704,0.78,,,1,10197
26708,0.6,,,1,10328
26720,0.5,,,1,10353
26726,0.75,,,1,10353
26730,2.5,,,1,10328
26744,2.5,,,1,10328
26776,2.5,,,1,10328
26786,1,,,1,10328
26788,2.5,,,1,10328
26791,2.5,,,1,10354
26829,1.75,,,1,10353
26835,3,,,1,10353
26837,0.4,,,1,10328
26838,0.975,,1.124,2,"10328,10353"
26877,3,,,1,10328
26884,5,,,1,10328
26885,6,,,1,10328
26896,5,,,1,10328
26902,4,,,1,10328
26979,1.8,,,1,10197
26984,0.9,,,1,10353
26988,2.5,,,1,10328
26993,1.1,,,1,10353
26995,0.9,,,1,10328
27048,0.1,,,1,10328
27094,0.45,,,1,10353
27119,0.25,,,1,10353
27120,0.35,,,1,10353
27124,0.275,,,1,10353
27125,0.35,,,1,10353
27127,0.3,,,1,10353
27128,0.35,,,1,10353
27129,0.275,,,1,10353
27132,0.2125,,0.083,2,10353
27136,0.35,,,1,10353
27141,0.275,,,1,10353
27142,0.5,,,1,10353
27155,0.3,,,1,10353
27157,0.25,,,1,10353
27159,0.3,,,1,10353
27167,0.5,,,1,10328
27171,0.2,,,1,10328
27172,0.4,,,1,10328
27194,0.35,,0.202,2,10353
27212,0.5,,,1,10353
27286,0.9,,,1,10353
27287,0.6,,,1,10353
27288,2.2,,,1,10353
27289,0.9,,,1,10353
27290,1.2,,,1,10353
27292,1,,,1,10353
27294,1,,,1,10353
27295,1,,,1,10353
27298,0.85,,,1,10353
27299,1,,,1,10353
27300,0.7,,,1,10353
27301,0.7,,,1,10353
27302,2,,,1,10353
27305,1.25,,,1,10353
27306,0.85,,,1,10353
27307,1,,,1,10353
27308,3,,,1,10353
27310,2.75,,,1,10353
27311,0.85,,,1,10353
27313,0.9,,,1,10353
27314,0.4,,,1,10353
27315,2.5,,,1,10353
27316,1.4,,,1,10353
27317,0.7,,,1,10353
27320,2.15,,,1,10353
27322,0.95,,,1,10353
27344,0.85,,,1,10353
27345,0.5,,,1,10353
27357,0.9,,,1,10353
27358,0.8,,,1,10353
27382,0.4,,,1,10328
27393,0.6,,,1,10197
27409,9.5,,,1,10353
27410,3.75,,,1,10353
27411,7.5,,,1,10353
27412,11,,,1,10353
27414,10,,,1,10353
27416,4,,,1,10353
27420,5.5,,,1,10353
27425,4,,0.348,3,10353
27427,4,,,1,10353
27428,4.25,,0.25,2,10353
27429,13.5,,,1,10353
27430,8.5,,,1,10353
27433,2.25,,,1,10353
27435,4.5,,,1,10353
27436,5,,,1,10353
27438,2.75,,,1,10353
27442,3.5,,,1,10353
27445,4.5,,,1,10353
27457,0.45,,,1,10353
27504,5.25,,,1,10353
27532,0.6,,,1,10353
27608,0.9,,,1,10353
27609,2.875,,0.43,2,10353
27611,1,,,1,10353
27614,2.92,,,1,10197
27642,2,,,1,10328
27694,5.875,,0.391,2,10353
27696,5.5,,,1,10353
27702,5,,,1,10354
27706,1.65,,,1,10353
27707,2.6,,,1,10197
27761,0.7,,,1,10353
27825,2.25,,,1,10354
27826,1.95,,,1,10354
27829,0.3,,,1,10328
27843,14,,,1,10353
27845,5,,,1,10353
27868,10,,,1,10353
27869,7,,,1,10353
27893,1,,,1,10328
27897,3.75,,,1,10353
27900,3.25,,,1,10354
27901,2.45,,,1,10354
27902,1.81666666666667,,0.207,3,10353
27945,0.45,,,1,10353
27946,0.2,,,1,10328
27955,7.5,,,1,10353
27966,7,,,1,10354
28034,0.275,,,1,10353
28085,0.3,,,1,10328
28092,0.6,,,1,10328
28097,0.5,,,1,10328
28128,0.65,,,1,10353
28137,0.8,,0.53,2,10353
28169,2.4,,,1,10353
28226,0.65,,,1,10353
28248,0.8,,,1,10353
28249,1.3,,,1,10353
28253,1.85,,0,2,10353
28261,1.6,,,1,10197
28263,3,,,1,10328
28371,0.5,,,1,10328
28378,0.6,,,1,10328
28382,0.4,,,1,10328
28385,0.4,,,1,10328
28388,0.3,,,1,10328
28395,0.165,,,1,10255
28400,0.5,,,1,10353
28420,0.2,,,1,10328
28453,5.5,,,1,10353
28457,3.15,,1.055,2,10353
28458,7.58,,0.294,5,10353
28507,0.1,,,1,10328
28510,0.1,,,1,10328
28513,0.1,,,1,10328
28516,0.1,,,1,10328
28517,0.8,,,1,10328
28529,0.325,,1.414,2,"10328,10353"
28565,0.65,,,1,10353
28636,3,,,1,10353
28691,0.4,,,1,10328
28696,1.5,,,1,10328
28710,0.5,,,1,10328
28721,0.9,,,1,10328
28724,12.5,,,1,10354
28725,6.75,,,1,10354
28726,10,,,1,10354
28727,9,,,1,10354
28730,7,,,1,10354
28731,9.5,,,1,10354
28887,0.1,,,1,10353
28960,1.6,,,1,10197
29042,1.75,,,1,10353
29043,1.3,,,1,10353
29044,1.75,,,1,10353
29045,1.5,,,1,10353
29046,2,,,1,10353
29047,1.5,,,1,10353
29056,0.35,,,1,10353
29097,0.85,,,1,10353
29189,0.725,,0.146,2,"10328,10353"
29203,1.85,,,1,10353
29204,0.85,,,1,10353
29206,0.8,,,1,10328
29260,0.45,,,1,10353
29263,0.275,,,1,10353
29291,0.35,,,1,10353
29317,0.7,,,1,10353
29322,0.7,,,1,10353
29341,0.85,,,1,10353
29342,1.35,,,1,10353
29371,4.5,,,1,10328
29425,35,,,1,10353
29429,1.75,,0,2,10353
29432,2.25,,,1,10353
29475,1.5,,,1,10197
29503,0.4,,,1,10328
29504,0.3,,,1,10328
29505,0.2,,,1,10328
29526,1.17,,,1,10197
29527,0.4,,,1,10353
29528,0.725,,,1,10353
29529,0.7,,,1,10353
29531,0.45,,,1,10353
29532,0.9,,,1,10353
29533,0.35,,,1,10353
29534,0.5,,,1,10353
29535,0.35,,,1,10353
29536,0.45,,,1,10353
29538,0.35,,,1,10353
29539,0.6,,,1,10353
29555,9,,,1,10353
29556,13,,,1,10353
29558,11,,,1,10353
29562,7,,,1,10353
29568,0.7,,,1,10328
29633,0.8,,,1,10328
29653,0.2,,,1,10328
29665,0.1,,,1,10328
29678,0.1375,,0.386,2,"10328,10353"
29697,0.1,,,1,10328
29708,0.2,,,1,10328
29763,2.5,,,1,10354
29766,1.5,,,1,10353
29779,0.8,,,1,10328
29799,0.2,,,1,10328
29804,0.25,,,1,10353
29806,0.2,,,1,10353
29809,0.3,,,1,10353
29810,0.1,,,1,10328
29961,1.15,,,1,10197
29962,1.75,,,1,10353
29973,0.16,,,1,10353
29974,0.225,,,1,10353
29977,0.2,,,1,10353
29983,0.5,,,1,10353
29984,0.25,,,1,10353
29991,0.1,,,1,10353
29992,0.1,,,1,10353
29997,0.5,,,1,10353
30038,2.5,,0.283,2,10328
30039,1.65,,0.132,3,"10328,10353"
30083,0.5,,,1,10353
30084,2.15,,,1,10353
30087,1.1,,,1,10328
30091,0.11,,,1,10353
30093,6.5,,,1,10354
30094,2.5,,,1,10354
30115,1.75,,,1,10353
30126,0.7,,,1,10353
30127,0.8,,,1,10353
30130,0.45,,,1,10353
30131,0.9,,,1,10353
30133,1,,,1,10353
30134,0.9,,,1,10197
30135,1.55,,,1,10353
30136,0.7,,,1,10353
30138,1.2,,,1,10353
30139,1.5,,,1,10353
30140,1.55,,,1,10353
30141,1.5,,,1,10353
30142,0.9,,,1,10353
30144,1,,,1,10353
30146,0.7,,,1,10353
30147,0.5,,,1,10353
30148,1.3,,,1,10353
30149,0.8,,,1,10353
30151,0.65,,,1,10353
30159,0.6,,,1,10328
30166,0.4975,,0.576,2,"10255,10328"
30167,0.5,,,1,10328
30201,6.5,,,1,10354
30203,5,,,1,10354
30206,1.75,,,1,10353
30218,0.2,,,1,10328
30279,18,,,1,10328
30280,0.9,,,1,10328
30281,0.4,,,1,10328
30283,0.51,,0.305,2,"10197,10328"
30312,0.2,,,1,10353
30322,1.1,,,1,10328
30323,0.8,,,1,10328
30343,1.475,,0.024,2,"10328,10353"
30350,1,,,1,10328
30363,1.3,,0,2,"10328,10353"
30365,1.8,,,1,10328
30366,1.8,,,1,10328
30375,2.15,,0.099,2,"10328,10353"
30396,0.7,,,1,10197
30397,4.25,,,1,10354
30427,0.7,,,1,10328
30444,0.7,,,1,10328
30458,3,,,1,10328
30466,2.75,,,1,10353
30476,5,,,1,10353
30486,2.25,,,1,10353
30490,0,,,1,10328
30493,0.4,,,1,10353
30494,1.15,,1.168,2,"10328,10353"
30496,11.5,,,1,10354
30498,1.25,,0.566,2,10353
30499,1.25,,0.057,2,10353
30538,1.1,,,1,10353
30547,15.25,,,1,10353
30552,4.5,,,1,10353
30555,3,,,1,10353
30614,1.8,,,1,10197
30672,0.4,,,1,10328
30673,0.25,,,1,10353
30678,0.275,,,1,10353
30681,0.3,,,1,10328
30683,0.3,,,1,10328
30685,3.5,,,1,10354
30686,2,,,1,10328
30687,2.75,,,1,10353
30691,4,,,1,10353
30694,2.5,,0.283,2,"10328,10353"
30699,3.75,,,1,10353
30702,2.75,,,1,10353
30705,3,,,1,10353
30708,0.85,,0.083,2,"10328,10353"
30711,2.65,,0.187,2,"10328,10353"
30720,3.3,,,1,10353
30723,1.35,,,1,10353
30775,0.6,,,1,10353
30776,1.55,,,1,10197
30777,1.2825,,0.438,4,"10197,10328,10353"
30778,1.6,,,1,10353
30780,0.75,,,1,10353
30782,1.3,,,1,10353
30824,0.2,,,1,10328
30830,0.2,,,1,10328
30842,0.4,,,1,10328
30846,0.3,,,1,10328
30873,0.15,,,1,10353
30874,0.15,,,1,10353
30890,1.2,,,1,10354
30891,1.2,,,1,10354
30892,1.7,,,1,10354
30894,1.1,,,1,10354
30935,0.7,,,1,10328
30942,0.6,,,1,10353
31067,1.75,,,1,10353
31099,5,,,1,10353
31105,7.5,,,1,10353
31109,6.3,,,1,10328
31117,6.25,,,1,10353
31126,5,,,1,10353
31132,3.5,,,1,10354
31133,3.7,,,1,10354
31134,5.75,,,1,10354
31135,0.9,,,1,10354
31136,4.15,,,1,10354
31137,3.75,,,1,10354
31138,4.75,,,1,10354
31139,6,,,1,10354
31141,3.75,,,1,10354
31142,5.4,,,1,10354
31143,4.3,,,1,10354
31144,1.3,,,1,10354
31145,6.2,,,1,10354
31146,6.25,,,1,10354
31148,4.5,,,1,10354
31149,6.5,,,1,10354
31152,1,,,1,10353
31185,0.12,,,1,10353
31186,0.15,,,1,10353
31187,0.11,,,1,10353
31189,0.12,,,1,10353
31191,0.12,,,1,10353
31201,0.8,,,1,10328
31274,1.5,,,1,10328
31275,2.3,,,1,10328
31276,2.1,,,1,10328
31306,0.7,,,1,10328
31333,0.475,,0.149,2,10353
31355,0.6,,0,2,10353
31356,1.03,,0.193,5,10353
31363,2,,,1,10353
31365,1.5,,,1,10353
31366,1.5,,,1,10353
31373,1,,,1,10353
31377,1.6,,,1,10353
31443,0.95,,0.074,2,10353
31449,2.375,,0.074,2,10353
31452,0.83,,,1,10197
31453,0.825,,0.129,2,10197
31461,5,,,1,10328
31498,0.35,,,1,10353
31507,1.575,,0.157,2,"10328,10353"
31530,1.5,,,1,10328
31593,0.275,,,1,10353
31594,0.8,,,1,10353
31707,2.5,,,1,10353
31798,10,,,1,10353
31846,17,,,1,10353
31857,9,,,1,10328
31979,2.5,,,1,10328
31985,2,,,1,10328
31994,1.35,,,1,10353
32001,1.45,,0.146,2,"10328,10353"
32003,3.65,,0.717,2,"10328,10353"
32055,0.4075,,0.2,2,10353
32060,1.4,,,1,10353
32062,0.425,,,1,10353
32063,0.7,,0,2,10353
32065,0.5,,,1,10353
32066,0.5,,,1,10353
32067,11.5,,,1,10328
32091,0.8,,,1,10328
32092,1,,,1,10328
32097,0.115,,,1,10353
32103,0.1,,,1,10328
32107,3.225,,0.121,2,"10197,10255"
32109,4,,,1,10197
32117,2,,,1,10353
32118,0.87,,,1,10197
32120,1,,,1,10353
32137,2.1,,,1,10328
32147,0.1,,,1,10328
32156,4.75,,,1,10353
32169,1.3,,,1,10328
32185,0.25,,,1,10353
32186,0.9,,,1,10353
32189,1.1,,,1,10353
32190,1.25,,,1,10353
32309,3.5,,,1,10328
32314,3.05,,,1,10197
32322,5.6,,,1,10328
32337,8,,,1,10328
32369,9.5,,,1,10328
32379,0.525,,0.067,2,"10328,10353"
32400,3.875,,0.046,2,"10328,10353"
32501,1.6,,,1,10353
32508,1.8,,0,2,10353
32509,0.85,,,1,10353
32510,1.35,,0,2,10353
32515,1.1,,,1,10353
32523,12.5,,,1,10354
32529,2,,,1,10353
32531,0.2,,,1,10328
32536,0,,,1,10328
32538,2,,,1,10353
32575,0.08,,,1,10353
32578,0.1,,,1,10353
32600,0.9,,,1,10328
32637,0.2,,,1,10328
32868,1.5,,,1,10353
32914,1.7,,,1,10353
32947,0.15,,,1,10353
32951,11,,0.257,2,"10328,10353"
32961,0.2,,,1,10333
32966,0.175,,,1,10353
32969,0.175,,,1,10353
32970,0.35,,,1,10353
32972,0.225,,,1,10353
32975,0.175,,,1,10353
32976,0.275,,,1,10353
32978,0.275,,0.129,2,"10328,10353"
32980,0.275,,0.129,2,"10328,10353"
32981,0.2,,,1,10353
32983,0.2125,,0.083,2,"10328,10353"
32987,0.225,,,1,10353
32988,0.4,,,1,10328
32993,0.3,,,1,10328
32994,0.25,,,1,10353
32997,0.3,,,1,10353
33012,0.65,,,1,10353
33023,0.35,,,1,10353
33042,0.5,,,1,10353
33044,0.275,,,1,10353
33049,0.5,,,1,10353
33074,0.4,,,1,10328
33137,20,,,1,10328
33140,7,,,1,10328
33212,0.52,,,1,10197
33213,0.71,,,1,10197
33240,0.9,,,1,10353
33263,1.9,,,1,10353
33273,0.4,,0.354,2,"10328,10353"
33274,0.6,,,1,10328
33277,0.85,,,1,10353
33279,1.7,,,1,10353
33281,1,,,1,10353
33282,1.2,,,1,10353
33283,1.2,,,1,10353
33284,1.15,,,1,10354
33286,2,,,1,10354
33287,1.075,,0.888,2,"10328,10354"
33288,6,,0.236,2,"10353,10354"
33289,2.15,,,1,10354
33290,1.775,,0.1,2,10354
33291,1.5,,,1,10354
33292,1.9,,,1,10354
33293,1.7,,0.083,2,"10353,10354"
33294,1.9,,,1,10354
33296,2.375,,0.074,2,"10353,10354"
33297,1.5,,,1,10354
33298,4,,,1,10354
33299,8,,,1,10354
33300,7.75,,,1,10354
33302,7.5,,,1,10354
33335,10,,,1,10328
33336,10,,,1,10328
33337,0.25,,,1,10353
33342,0.75,,,1,10353
33343,0.575,,0.184,2,10353
33344,0.9,,,1,10353
33346,0.675,,0.262,2,10353
33372,1,,,1,10353
33377,0.8,,,1,10353
33380,1.2,,,1,10328
33395,0.2,,,1,10328
33398,0.4,,,1,10353
33399,0.7,,,1,10353
33401,0.6,,,1,10353
33402,0.7,,,1,10353
33403,0.6,,,1,10353
33455,0.5,,,1,10353
33510,0.3,,,1,10353
33564,0.2,,,1,10353
33656,0.25,,,1,10353
33678,0.3,,,1,10328
33680,0.3,,,1,10328
33681,0.45,,,1,10353
33685,0.35,,,1,10353
33759,0.9,,0.471,2,10353
33773,1.375,,0.129,2,"10328,10353"
33782,1.5,,,1,10354
33783,1.2,,,1,10354
33784,2,,,1,10354
33786,2.55,,,1,10354
33787,2.5,,,1,10354
33788,2.3,,,1,10354
33791,7.5,,,1,10354
33803,0.8,,,1,10328
33804,0.9,,,1,10328
33820,4,,,1,10328
33836,0.7,,,1,10353
33840,0.55,,,1,10353
33844,0.3,,0,2,10353
33857,0.4,,,1,10353
33858,0.4,,,1,10353
33859,0.5,,,1,10353
33860,0.9,,,1,10354
33861,1,,,1,10354
33871,0.14,,,1,10353
33875,0.07,,,1,10353
33898,0.07,,,1,10353
33902,0.1,,,1,10353
33940,0.13,,,1,10353
33943,0.1,,,1,10353
33992,0.04,,,1,10353
34017,0.05,,,1,10353
34020,0.055,,,1,10353
34029,0.15,,,1,10353
34040,0.08,,,1,10353
34067,0.1,,,1,10353
34074,0.1,,,1,10353
34077,0.05,,,1,10353
34084,0.2,,,1,10353
34156,0.4,,,1,10328
34165,0.3,,,1,10328
34170,0.2,,,1,10328
34209,0.15,,,1,10353
34229,4.5,,,1,10354
34231,1.7,,,1,10354
34232,1.45,,,1,10354
34233,0.8,,,1,10354
34235,1.55,,,1,10354
34236,1.6,,,1,10354
34237,2.1,,,1,10354
34238,2.1,,0.19,3,"10353,10354"
34239,2.2,,,1,10354
34241,1,,,1,10354
34242,1.7,,,1,10354
34243,1.2,,,1,10354
34244,1.5,,,1,10354
34245,1.35,,,1,10354
34246,2,,,1,10354
34247,1.3,,,1,10354
34248,1.6,,,1,10354
34249,1.3,,,1,10354
34250,1.5,,,1,10354
34251,1.5,,,1,10354
34252,1.6,,,1,10354
34253,2,,,1,10354
34254,1.35,,,1,10354
34255,1.5,,,1,10354
34256,1.6,,,1,10354
34259,1,,,1,10354
34260,1.2,,,1,10354
34261,2,,,1,10354
34266,1,,,1,10354
34267,1.3,,,1,10354
34268,2.6,,,1,10354
34269,2,,,1,10354
34271,2.3,,,1,10354
34272,3.1,,,1,10354
34273,1.7,,,1,10354
34274,0.85,,,1,10354
34275,2,,,1,10354
34277,1.1,,,1,10354
34279,2.5,,,1,10354
34280,2.5,,,1,10354
34281,2,,,1,10354
34284,1.5,,,1,10354
34285,0.95,,,1,10354
34286,2.25,,,1,10354
34287,1.625,,,1,10354
34288,1.5,,,1,10354
34289,1.2,,,1,10354
34291,0.9,,,1,10354
34293,1,,,1,10354
34294,1.8,,,1,10354
34295,1.5,,,1,10354
34296,1,,,1,10354
34300,1.7,,,1,10354
34301,1,,,1,10354
34302,1.3,,,1,10354
34303,0.65,,,1,10354
34304,1.5,,,1,10354
34305,1.7,,,1,10354
34306,1.5,,,1,10354
34308,1,,,1,10354
34309,1.5,,,1,10354
34310,2.1,,,1,10354
34311,1.3,,,1,10354
34312,1.9,,,1,10354
34313,1.2,,,1,10354
34314,0.4,,,1,10354
34315,1.5,,,1,10354
34316,1.6,,,1,10354
34317,1.7,,,1,10354
34319,1.8,,,1,10354
34320,1.2,,,1,10354
34321,1.4,,,1,10354
34322,1.55,,,1,10354
34323,0.8,,,1,10354
34325,1.3,,,1,10354
34326,0.65,,,1,10354
34327,1.7,,,1,10354
34329,1.2,,,1,10354
34357,4.4,,,1,10328
34362,3.5,,,1,10328
34368,8.7,,,1,10328
34377,4,,,1,10328
34378,6.5,,,1,10328
34379,6.5,,,1,10328
34382,8.5,,,1,10328
34384,16,,,1,10328
34386,10,,,1,10328
34389,3.5,,,1,10328
34392,15.2,,,1,10328
34393,4.5,,,1,10328
34394,10.8,,,1,10328
34415,0.2,,,1,10353
34428,4,,,1,10328
34437,0.5,,,1,10353
34445,0.45,,,1,10353
34455,0.175,,,1,10353
34543,1.05,,,1,10353
34575,0.52,,,1,10197
34576,0.64,,,1,10197
34577,2,,,1,10353
34610,1.55,,,1,10353
34626,1.5,,,1,10328
34628,2.75,,,1,10353
34638,0.48125,,0.055,2,"10255,10328"
34644,2.25,,,1,10353
34653,1.05,,,1,10353
34679,1.2,,,1,10353
34703,0.90925,,0.452,2,"10255,10328"
34708,1.3,,,1,10328
34710,2,,,1,10353
34712,0.65,,,1,10197
34731,0.5,,,1,10328
34733,0.285,,0.571,2,"10255,10328"
34823,0.3,,,1,10328
34827,0.3,,,1,10328
34835,0.2,,,1,10328
34841,0.3,,,1,10328
34855,0.2,,,1,10328
34858,0.3,,,1,10328
34859,0.2,,,1,10328
34864,0.3,,0,2,"10328,10333"
34872,0.5,,,1,10328
34879,0.3,,,1,10328
34888,0.4,,,1,10328
34896,0.2,,,1,10328
34899,0.3,,,1,10328
34987,2.5,,,1,10354
34988,3,,,1,10354
34989,1.6,,,1,10354
34991,2,,,1,10354
34992,2.5,,,1,10354
34994,2.5,,,1,10354
34995,2.75,,,1,10354
34996,2.5,,,1,10354
34997,2.5,,,1,10354
35004,0.2,,,1,10328
35006,0.2,,,1,10328
35130,0.54,,,1,10197
35143,0.15,,,1,10353
35148,0.15,,,1,10353
35307,3,,,1,10328
35336,0.6,,,1,10328
35351,25,,,1,10328
35380,0.4,,,1,10353
35406,0.55,,,1,10353
35430,0.45,,,1,10353
35440,0.3,,,1,10353
35455,0.2,,,1,10328
35484,0.4,,,1,10353
35490,0.3,,,1,10353
35492,1,,,1,10328
35496,0.2,,,1,10353
35513,0.8,,,1,10353
35516,0.1,,,1,10328
35522,1,,,1,10353
35524,0.88,,0.048,2,"10197,10353"
35525,0.7,,,1,10353
35526,0.73,,0.058,2,"10197,10353"
35533,0.2125,,0.083,2,"10328,10353"
35535,0.2875,,0.061,2,"10328,10353"
35562,0.35,,,1,10353
35564,0.1875,,0.094,2,"10328,10353"
35667,0.6,,,1,10197
35701,0.45,,,1,10197
35849,0.2,,,1,10328
35861,0.3,,,1,10328
35871,3,,,1,10354
35872,4,,,1,10354
35873,2.25,,,1,10354
35886,0.7,,,1,10353
35888,0.5,,,1,10353
35894,0.575,,0.061,2,10353
35896,0.7,,,1,10353
35897,0.5,,,1,10353
35901,0.35,,,1,10353
35951,0.5,,0,2,"10328,10353"
35955,0.375,,,1,10353
35979,4,,,1,10197
35984,2,,,1,10328
35987,0.4,,,1,10328
36003,0.3,,,1,10328
36017,0.1,,,1,10353
36020,0.1,,,1,10328
36035,0.1,,,1,10353
36077,1.38,,,1,10197
36092,3,,,1,10197
36104,0.16,,,1,10353
36105,0.12,,,1,10353
36184,1.4,,,1,10354
36185,1,,,1,10354
36192,0.75,,,1,10353
36196,0.35,,0.202,2,"10328,10353"
36200,0.75,,,1,10353
36223,4.5,,,1,10354
36224,4,,,1,10354
36225,3,,,1,10354
36226,4.25,,,1,10354
36227,2.5,,,1,10354
36228,5,,,1,10354
36229,2.75,,,1,10354
36230,1.85,,,1,10354
36231,2.5,,,1,10354
36232,1.5,,,1,10354
36233,4.5,,,1,10354
36234,4.75,,,1,10354
36235,1.75,,,1,10354
36236,4.5,,,1,10354
36237,2.25,,,1,10354
36238,0.6,,,1,10354
36239,2.1,,,1,10354
36240,2.1,,,1,10354
36241,1.15,,,1,10354
36242,2.95,,,1,10354
36243,1.9,,,1,10354
36244,4,,,1,10354
36246,7,,,1,10354
36247,2.95,,,1,10354
36248,2.4,,,1,10354
36249,2,,,1,10354
36250,4.75,,,1,10354
36347,1,,,1,10328
36352,0.2,,,1,10328
36353,0.95,,,1,10197
36355,0.9,,0.079,4,10353
36356,2.5,,0,2,10353
36357,2,,,1,10353
36359,1.1,,0.129,2,"10328,10353"
36361,2.4,,0.059,2,"10328,10353"
36362,1.35,,,1,10353
36366,1.75,,,1,10353
36368,1.15,,,1,10353
36374,1.1,,,1,10328
36375,0.75,,0.067,3,"10197,10328,10353"
36384,3.81666666666667,,0.726,3,"10328,10353"
36385,0.9,,,1,10353
36388,0.71,,,1,10197
36391,0.825,,0.129,2,10353
36393,1.26,,0.011,2,"10197,10353"
36394,1.025,,0.103,2,10353
36398,0.85,,,1,10197
36400,2.1,,0,2,10353
36412,0.25,,,1,10353
36413,0.6,,,1,10353
36418,1.8,,,1,10353
36420,1.9,,,1,10353
36425,2.5,,,1,10353
36454,0.05,,,1,10353
36459,0.04,,0,3,10353
36474,0.3625,,0.536,2,"10255,10328"
36488,1.3,,,1,10354
36489,2.12,,,1,10354
36490,1.39,,,1,10354
36491,3.07,,,1,10354
36510,0.375,,,1,10353
36512,7.5,,,1,10328
36516,0.4,,,1,10328
36550,5.5,,,1,10353
36583,0.125,,,1,10353
36596,0.4,,,1,10328
37096,0.05,,,1,10353
37195,0.4,,,1,10328
37215,1.2,,,1,10354
37216,5,,,1,10354
37219,2,,,1,10354
37220,1.9,,,1,10354
37221,1.5,,,1,10354
37222,1.1,,,1,10354
37223,1.45,,,1,10354
37224,1.2,,,1,10354
37225,1.3,,,1,10354
37226,1.55,,,1,10354
37228,1.6,,,1,10354
37229,1.3,,,1,10354
37230,1.5,,,1,10354
37232,1.4,,,1,10354
37233,1.3,,,1,10354
37235,1,,,1,10354
37237,1.85,,,1,10354
37238,1.2,,,1,10354
37239,1,,,1,10354
37240,1.7,,,1,10354
37241,1.4,,,1,10354
37242,1.6,,,1,10354
37243,1.55,,,1,10354
37244,1.5,,,1,10354
37245,1.7,,,1,10354
37246,1.55,,,1,10354
37247,1.8,,,1,10354
37286,0.2,,,1,10353
37297,0.6,,,1,10328
37323,7,,,1,10328
37338,1.15,,,1,10353
37339,2,,,1,10353
37398,1.75,,,1,10353
37399,1.2,,,1,10353
37418,0.525,,0.067,2,"10328,10353"
37422,0.4875,,0.129,4,"10328,10353"
37423,0.7,,,1,10353
37432,0.75,,,1,10353
37435,0.5,,,1,10353
37436,0.85,,,1,10353
37437,0.9,,,1,10353
37440,0.65,,,1,10353
37441,0.725,,,1,10353
37443,0.475,,,1,10353
37446,0.75,,,1,10353
37488,1,,,1,10353
37489,5,,0.283,2,"10328,10353"
37509,2.5,,,1,10353
37510,1.55,,0,3,10353
37512,2.65,,,1,10353
37514,1.1,,,1,10353
37515,2.75,,,1,10353
37518,2.2,,,1,10328
37519,1.15,,,1,10353
37520,1.4,,,1,10353
37521,0.7,,,1,10353
37523,1,,,1,10353
37530,1.41666666666667,,0.082,3,10353
37531,2,,,1,10353
37534,2.15,,,1,10353
37536,0.95,,,1,10353
37540,1.15,,,1,10353
37541,1.15,,,1,10353
37544,1.5,,,1,10353
37546,1.7,,,1,10328
37549,1.4,,,1,10353
37551,2.25,,,1,10353
37552,2.5,,,1,10353
37553,1,,,1,10353
37555,0.9,,,1,10353
37556,3.25,,,1,10353
37559,1.55,,,1,10353
37560,1.4,,,1,10353
37564,1.4,,,1,10353
37566,1.5,,,1,10353
37569,2.25,,,1,10353
37574,2.125,,0.582,2,"10328,10353"
37576,2.3,,,1,10328
37578,1,,,1,10353
37579,1.15,,,1,10353
37581,1.15,,,1,10353
37583,1.5,,,1,10353
37584,0.79,,,1,10353
37586,0.8,,,1,10353
37587,3,,,1,10353
37588,1.5,,,1,10353
37590,1.5,,,1,10353
37602,0.5,,,1,10328
37668,0.3,,,1,10328
37673,0.51,,0.028,2,"10255,10353"
37682,0.3,,,1,10328
37685,0.3125,,0.057,2,10353
37688,0.4,,,1,10328
37693,0.15,,,1,10353
37713,0.2,,,1,10328
37715,0.2,,,1,10328
37719,0.135,,,1,10353
37736,0.2,,,1,10353
37740,0.225,,,1,10353
37742,0.2,,,1,10353
37743,0.4,,,1,10328
37749,0.25,,,1,10353
37759,0.2,,,1,10328
37764,0.3,,,1,10328
37765,0.45,,0.157,2,"10328,10353"
37776,0.2,,,1,10328
37779,0.2,,,1,10328
37782,0.175,,,1,10353
37802,0.25,,,1,10353
37803,0.11,,,1,10353
37810,0.2,,,1,10328
37812,0.105,,0.067,2,"10328,10353"
37820,0.35,,,1,10353
37822,0.2,,,1,10328
37833,0.15,,,1,10353
37836,0.1,,,1,10353
37852,0.1,,,1,10328
37869,0.1,,,1,10328
37871,0.1,,,1,10328
37900,4.25,,0.068,4,"10328,10353"
37902,7.5,,,1,10354
37903,7.5,,,1,10354
37904,9,,,1,10354
37905,6.25,,,1,10354
37906,6.41666666666667,,0.184,3,"10353,10354"
37908,0.3,,,1,10328
37909,0.5,,,1,10328
37910,0.4,,,1,10328
37912,0.4,,,1,10328
37916,1.1,,,1,10353
37929,0.73,,,1,10197
37931,1,,,1,10353
37937,1.75,,,1,10354
37938,2.1,,,1,10354
37939,2.45,,,1,10354
37940,2.85,,,1,10354
37941,1.75,,,1,10354
37942,1,,,1,10354
37943,1.35,,,1,10354
37944,0.75,,,1,10354
37945,2,,,1,10354
37946,1.7,,,1,10354
37947,0.825,,,1,10354
37948,1.4,,,1,10354
37949,1.1,,,1,10354
37950,1.85,,,1,10354
37967,6.25,,,1,10353
37977,1.4,,,1,10354
37978,1.7,,,1,10354
37979,2,,,1,10354
37982,3.5,,,1,10353
37997,1.075,,0.099,2,"10328,10353"
37999,1.2,,0.236,2,"10328,10353"
38000,0.4,,,1,10328
38002,1,,,1,10353
38033,0.375,,0.283,2,"10328,10353"
38034,0.275,,,1,10353
38038,0.8,,,1,10328
38061,0.595,,0.012,2,"10197,10328"
38062,0.74,,,1,10197
38065,0.63,,,1,10197
38071,0.65,,,1,10353
38078,0.57,,,1,10197
38100,0.65,,,1,10353
38101,0.5,,,1,10353
38102,0.55,,,1,10353
38105,0.89,,0.016,2,"10353,10354"
38106,0.815,,,1,10354
38107,0.75,,0.094,2,10354
38110,0.775,,,1,10354
38113,0.85,,,1,10353
38114,1,,,1,10328
38122,0.8,,,1,10353
38129,2.25,,,1,10353
38131,6,,,1,10353
38133,2.75,,,1,10353
38137,0.8,,0,2,10353
38142,2,,,1,10353
38145,1.1,,,1,10353
38149,0.9,,,1,10353
38150,3,,,1,10353
38151,3.25,,,1,10353
38153,1,,,1,10353
38155,3,,,1,10353
38156,1,,,1,10353
38157,3,,,1,10353
38158,0.9,,,1,10353
38159,4,,,1,10353
38160,0.45,,,1,10353
38162,0.65,,0.109,2,10353
38164,1,,,1,10353
38166,0.8,,,1,10353
38167,3.75,,,1,10353
38170,1.75,,,1,10353
38171,0.75,,,1,10353
38172,3,,,1,10353
38173,1.45,,,1,10353
38174,4.75,,,1,10353
38175,2.2,,,1,10353
38177,1.2,,,1,10353
38178,1.05,,,1,10353
38179,0.8,,,1,10353
38181,1.4,,,1,10328
38182,1.25,,,1,10353
38183,4.25,,,1,10353
38184,0.6,,,1,10353
38185,0.5,,,1,10353
38188,1.5,,,1,10353
38189,1,,,1,10353
38190,2.25,,,1,10353
38192,1.5,,,1,10353
38193,2.5,,,1,10353
38194,5,,,1,10353
38196,1.1,,,1,10353
38197,0.5,,,1,10353
38198,2,,,1,10353
38200,4.25,,,1,10353
38201,3.4,,,1,10353
38203,2.25,,,1,10353
38208,1,,,1,10353
38209,1.2,,,1,10353
38212,1.75,,,1,10353
38221,2.4,,,1,10354
38222,3.25,,,1,10354
38223,2.55,,,1,10354
38224,1.7,,,1,10354
38225,1.825,,,1,10354
38226,1.1,,,1,10354
38227,1.4,,,1,10354
38228,1.15,,0.184,2,"10328,10354"
38234,0.52,,,1,10197
38246,0.3,,,1,10328
38443,2,,,1,10353
38455,2,,,1,10353
38462,5.8,,,1,10328
38486,7.5,,,1,10353
38494,0.8,,,1,10353
38511,1,,,1,10328
38646,0.4,,,1,10328
38648,0.7,,,1,10353
38651,2.75,,,1,10353
38653,0.275,,0.386,2,10353
38656,1.5,,,1,10353
38661,0.7,,,1,10328
38666,1.5,,,1,10328
38668,1.25,,,1,10353
38676,1.5,,,1,10197
38679,1.5,,,1,10353
38682,1.25,,,1,10353
38689,0.55,,,1,10353
38691,0.85,,,1,10353
38695,1.4,,,1,10328
38698,0.7,,,1,10353
38700,0.666666666666667,,0.087,3,"10197,10328,10353"
38707,3.5,,0,2,10353
38708,1.7,,,1,10328
38709,2.25,,,1,10353
38718,1.3,,,1,10353
38723,0.6,,,1,10353
38733,1,,,1,10354
38741,1,,,1,10328
38753,0.15,,,1,10353
38754,0.1,,,1,10353
38771,1.35,,,1,10353
38773,2,,,1,10353
38782,1.3,,,1,10354
38783,1.3,,,1,10354
38784,1.25,,,1,10354
38785,1.2,,,1,10354
38786,1.625,,0.109,2,"10353,10354"
38787,1.5,,,1,10354
38788,1.25,,0.057,2,"10353,10354"
38789,1,,,1,10354
38790,1.3,,,1,10354
38800,0.58,,,1,10197
38851,0.9,,,1,10328
38876,0.8,,,1,10353
38878,1,,,1,10353
38891,1,,,1,10353
38900,1.7,,,1,10353
38907,1.1,,,1,10353
38913,1,,,1,10353
38939,1.5,,,1,10353
38953,0.95,,0.074,2,"10197,10353"
38965,1.5,,,1,10353
38966,1.2,,,1,10353
38967,1.3,,,1,10328
38984,1.1,,,1,10353
39009,1.055,,0.092,4,"10197,10353"
39018,0.7,,,1,10353
39026,1,,,1,10353
39031,0.7,,,1,10353
39045,1.25,,,1,10353
39067,0.85,,0.25,2,10353
39113,1.25,,,1,10353
39127,1.1,,0.129,2,"10328,10353"
39130,1.25,,,1,10353
39149,1.25,,,1,10353
39171,1.5,,,1,10328
39179,1.2,,,1,10328
39183,1.25,,,1,10353
39214,1.5,,,1,10353
39216,1.25,,,1,10353
39231,1.7,,,1,10353
39240,1.31,,,1,10197
39265,0.4,,,1,10328
39303,1.2,,,1,10353
39315,0.2,,0,2,"10328,10353"
39316,0.141666666666667,,0.367,3,"10328,10353"
39325,0.2,,,1,10328
39328,0.2,,,1,10328
39329,0.2,,,1,10328
39331,0.225,,,1,10353
39336,0.3,,,1,10328
39338,0.275,,,1,10353
39344,0.25,,,1,10353
39345,0.25,,,1,10353
39349,0.15,,,1,10353
39350,0.15,,,1,10353
39352,0.2,,,1,10328
39354,0.3,,,1,10328
39359,0.275,,,1,10353
39361,0.2,,,1,10328
39364,7.5,,,1,10328
39371,0.2,,,1,10353
39374,0.175,,,1,10353
39382,0.6,,,1,10353
39383,0.3,,,1,10353
39384,0.6,,,1,10353
39390,0.4,,,1,10328
39391,0.2,,,1,10328
39396,0.6,,,1,10328
39397,1.11,,,1,10197
39399,1.44,,,1,10197
39470,1.7,,,1,10354
39471,0.9,,,1,10354
39472,1.25,,,1,10354
39473,1.1,,,1,10354
39474,0.95,,,1,10354
39475,0.8,,,1,10354
39476,1.1,,,1,10354
39478,1.15,,,1,10354
39484,1.35,,,1,10353
39485,0.65,,,1,10353
39486,0.85,,,1,10353
39531,1.1,,,1,10353
39548,0.4,,,1,10353
39561,0.4,,,1,10353
39588,8,,,1,10354
39589,2.775,,,1,10354
39590,4,,,1,10354
39594,6,,,1,10354
39597,7,,,1,10354
39598,5.6,,,1,10354
39599,7.5,,,1,10354
39600,4.35,,,1,10354
39601,4.5,,,1,10353
39602,1,,,1,10353
39603,2,,,1,10353
39606,4,,,1,10353
39614,2,,,1,10353
39644,0.55,,,1,10353
39648,0.391666666666667,,0.242,3,10353
39649,0.9,,,1,10353
39663,0.65,,,1,10353
39671,0.25,,,1,10353
39680,0.5,,,1,10353
39687,0.3,,,1,10353
39690,0.9,,,1,10353
39695,0.65,,,1,10353
39709,0.7,,,1,10353
39710,0.9,,0.157,2,10353
39729,1.5,,,1,10328
39730,0.8,,,1,10328
39798,0.2,,,1,10328
39814,1.1,,,1,10328
39815,0.2,,,1,10328
39848,0.45,,,1,10197
39849,0.54,,,1,10197
39853,0.615,,0.195,2,"10197,10328"
39856,0.565,,0.163,2,"10197,10328"
39859,0.5,,,1,10328
39889,0.45,,,1,10353
39894,0.25,,,1,10353
39896,0.175,,,1,10353
39915,1.1,,,1,10353
39959,1.5,,,1,10353
39961,0.45,,,1,10353
39972,0.35,,,1,10353
40009,0.25,,,1,10353
40027,1.2,,,1,10354
40028,2.5,,,1,10354
40029,4,,,1,10354
40030,2,,,1,10354
40031,1.8,,,1,10354
40032,6,,,1,10354
40033,3.9,,,1,10354
40034,1.075,,,1,10354
40054,1.3,,,1,10354
40055,5.6,,,1,10354
40079,0.25,,,1,10353
40225,0.6,,,1,10328
40257,0.4,,,1,10328
40264,0.35,,,1,10353
40286,0.6,,,1,10353
40296,0.9,,,1,10353
40298,0.6,,,1,10353
40339,0.55,,0.129,2,"10255,10328"
40341,2.5,,,1,10354
40354,0.25,,,1,10353
40502,0.85,,,1,10353
40508,1.1,,,1,10353
40583,0.5,,,1,10328
40584,0.2,,,1,10328
40586,0.2,,,1,10328
40590,0.3,,,1,10328
40666,3,,,1,10354
40681,0.8,,,1,10353
40713,0.25,,,1,10353
40716,0.175,,0.202,2,10353
40730,0.4,,,1,10328
40735,0.5,,,1,10328
40753,0.6,,,1,10328
40754,0.55,,,1,10353
40767,0.9,,,1,10353
40768,1,,,1,10353
40769,0.9,,,1,10353
40793,0.4,,,1,10328
40818,0.275,,,1,10353
40819,0.5,,,1,10328
40830,5.1875,,0.173,4,10353
41082,0.4,,,1,10328
41086,0.2,,,1,10328
41096,0.2,,,1,10328
41102,0.3,,,1,10328
41111,0.2,,,1,10328
41112,0.3,,,1,10328
41113,0.3,,,1,10353
41114,0.1,,,1,10328
41130,0.2,,,1,10328
41134,0.1,,,1,10328
41145,0.45,,,1,10353
41171,0.3,,,1,10353
41172,0.2,,,1,10328
41181,0.2,,,1,10328
41190,0.2,,,1,10328
41221,10,,,1,10328
41237,7.5,,,1,10328
41253,2.2,,,1,10328
41265,2.12,,0.047,2,"10197,10354"
41311,2.5,,,1,10353
41314,17,,,1,10353
41394,0.375,,,1,10353
41395,0.2,,,1,10328
41396,0.85,,,1,10197
41456,0.35,,,1,10353
41466,0.4,,,1,10353
41495,1,,,1,10353
41550,0.61,,,1,10197
41561,1.3,,,1,10255
41579,0.25,,,1,10353
41581,0.2,,,1,10328
41594,0.85,,,1,10353
41605,1,,,1,10353
41608,0.9,,,1,10328
41610,1.5,,,1,10353
41611,0.85,,1.081,2,"10328,10353"
41617,1.3,,,1,10328
41619,0.8,,,1,10328
41622,0.95,,,1,10353
41628,0.775,,0.228,2,"10328,10353"
41645,1.7,,,1,10328
41652,0.9,,,1,10353
41657,1.425,,0.223,2,"10328,10353"
41661,1.1,,,1,10328
41662,0.425,,,1,10353
41665,0.9,,,1,10353
41672,0.7,,,1,10353
41704,0.6,,,1,10328
41705,1.9,,,1,10197
41713,0.3,,,1,10353
41718,2.6,,0.218,2,"10328,10353"
41754,1.5,,,1,10353
41756,0.3,,,1,10328
41759,9,,0,2,"10328,10353"
41763,3.025,,0.129,2,"10328,10353"
41764,2.75,,,1,10353
41765,1.275,,0.028,2,"10328,10353"
41766,8,,,1,10328
41767,1.5,,,1,10328
41783,0.5,,,1,10328
41786,1,,,1,10328
41789,0.3,,,1,10353
41790,0.25,,,1,10353
41803,3.5,,,1,10353
41811,1.75,,,1,10353
41827,0.8,,,1,10353
41828,0.73,,,1,10197
41830,0.55,,,1,10353
41835,0.5,,,1,10353
41845,0.85,,,1,10353
41852,1.2,,,1,10353
41853,0.65,,,1,10353
41864,0.85,,,1,10353
41873,0.8,,,1,10353
41877,0.65,,,1,10353
41879,0.8,,,1,10353
41882,0.85,,,1,10353
41894,3,,,1,10354
41906,0.7,,,1,10328
41911,2,,,1,10328
41913,1.2,,,1,10353
41915,6,,0,2,"10328,10353"
41924,1.2,,,1,10328
41927,0.1,,,1,10328
41932,1,,,1,10328
41940,0.633333333333333,,0.795,3,"10197,10328,10353"
41968,2.5,,,1,10328
41973,2.3,,,1,10328
41976,0.8,,,1,10353
41977,0.7,,,1,10353
41981,5,,,1,10353
41982,4,,,1,10328
41984,1,,,1,10328
41991,8.5,,,1,10328
41994,1,,,1,10353
41996,0.756666666666667,,0.099,3,"10197,10328,10353"
42007,0.9,,,1,10328
42009,0.82,,0.31,2,10353
42012,0.8,,,1,10353
42014,1.45,,0.21,3,"10328,10353"
42021,1,,,1,10328
42032,1.75,,0.202,2,"10328,10353"
42042,1.21666666666667,,0.024,3,"10197,10328,10353"
42046,1.75,,0.202,2,"10328,10353"
42055,0.8,,,1,10328
42058,0.7,,,1,10197
42064,0.1,,,1,10328
42069,0.2,,,1,10328
42070,0.2,,,1,10328
42074,0.2,,,1,10328
42083,0.3,,,1,10353
42097,0.5,,,1,10328
42103,1.2,,,1,10354
42107,0.35,,0.202,2,"10328,10353"
42108,0.3,,0,2,"10328,10353"
42135,0.3,,0,2,"10328,10353"
42138,0.3,,,1,10353
42153,0.55,,,1,10353
42158,2.25,,,1,10353
42178,3,,,1,10328
42185,0.3,,,1,10353
42186,0.3,,,1,10353
42187,0.3,,,1,10328
42193,0.85,,0.25,2,"10197,10353"
42195,0.65,,,1,10353
42215,0.5,,,1,10353
42265,1,,,1,10328
42269,0.4,,,1,10353
42272,0.3,,,1,10353
42273,0.4,,,1,10353
42277,0.7,,,1,10353
42278,0.5,,0.283,2,"10328,10353"
42291,7,,,1,10328
42352,0.5,,0.283,2,"10328,10353"
42366,0.5,,,1,10328
42570,4.25,,,1,10353
42571,2.22,,,1,10197
42572,0.2,,,1,10328
42574,0.1,,,1,10328
42633,1.2,,,1,10353
42639,0.2,,,1,10328
42659,0.2,,,1,10328
42677,0.3,,,1,10328
42722,0.5,,,1,10353
42724,0.6,,,1,10353
42727,0.6,,,1,10353
42728,0.5,,,1,10353
42729,0.6,,,1,10353
42760,0.3,,,1,10328
42781,0.35,,,1,10353
42804,0.45,,,1,10353
42956,0.725,,0.146,2,10353
42957,0.55,,,1,10353
42959,0.6,,,1,10353
43069,0.25,,,1,10353
43161,0.25,,,1,10353
43163,0.6,,,1,10353
43186,0.25,,,1,10353
43221,0.1,,,1,10328
43233,2,,,1,10353
43236,0.8,,,1,10353
43262,2.1,,,1,10353
43272,1.25,,,1,10353
43278,1.15,,,1,10353
43316,1,,,1,10328
43326,0.35,,,1,10353
43337,1,,,1,10353
43340,0.55,,,1,10353
43343,1.8,,,1,10353
43346,1,,,1,10353
43354,6,,,1,10354
43355,2.75,,0.129,2,"10353,10354"
43356,2.75,,,1,10354
43357,0.9,,,1,10353
43359,3,,,1,10197
43360,1.2,,,1,10328
43362,0.6,,,1,10328
43380,0.2,,,1,10328
43385,0.4,,,1,10328
43395,0.35,,,1,10353
43401,0.9,,,1,10353
43403,0.85,,,1,10353
43417,2.3,,,1,10353
43420,0.9,,,1,10353
43424,1.2,,,1,10353
43425,1.75,,,1,10353
43427,0.7,,,1,10353
43429,1.35,,,1,10353
43430,0.65,,,1,10353
43438,1.5,,,1,10197
43446,0.7,,,1,10353
43450,0.95,,,1,10353
43451,0.65,,,1,10353
43455,0.7,,,1,10353
43456,0.7,,,1,10353
43457,0.95,,,1,10353
43458,2.025,,0.681,2,10353
43462,1,,,1,10353
43463,1.025,,0.241,2,10353
43465,0.85,,,1,10353
43466,0.75,,,1,10353
43470,3.75,,,1,10353
43471,4.5,,,1,10353
43472,4,,,1,10353
43493,1.75,,,1,10353
43512,0.6,,,1,10353
43517,2,,,1,10328
43525,0.7,,,1,10353
43533,1,,,1,10353
43538,1.2,,,1,10353
43542,1.375,,0.386,2,10353
43551,1.5,,0,2,10353
43578,2.5,,,1,10197
43579,1.35,,,1,10353
43580,1.25,,,1,10353
43582,1.6,,,1,10353
43601,0.75,,,1,10353
43609,4,,,1,10353
43617,1.2,,0,2,10353
43656,1.75,,,1,10353
43663,1,,,1,10353
43664,4.5,,,1,10353
43674,1.435,,0.034,2,"10197,10328"
43684,0.35,,,1,10353
43787,3,,,1,10353
43788,4.5,,,1,10353
43792,0.775,,0.137,2,10353
43827,1,,,1,10328
43828,0.6,,,1,10328
43840,0.4,,,1,10328
43851,0.8,,,1,10328
43874,0.3,,,1,10353
43876,0.156666666666667,,0.258,3,"10328,10353"
44080,0.3,,,1,10353
44293,0.75,,,1,10353
44297,1.2,,,1,10328
44401,1.1,,,1,10354
44416,8.5,,,1,10353
44417,10,,,1,10353
44570,0.1,,,1,10328
44620,0.4,,,1,10353
44634,1.1,,,1,10353
44635,1.75,,,1,10353
44636,0.11,,,1,10353
44639,1.4,,0,2,10353
44640,0.7,,,1,10353
44641,0.6,,,1,10353
44644,0.9,,,1,10353
44647,0.75,,0,2,10353
44648,1.4,,,1,10353
44649,0.8,,,1,10353
44650,0.065,,,1,10353
44651,1.1,,,1,10353
44652,1.3,,,1,10353
44653,2.5,,0,2,10353
44726,0.1,,,1,10328
44749,0.3,,,1,10353
44752,0.65,,,1,10353
44756,0.25,,,1,10353
44757,0.35,,0,2,10353
44999,1.375,,0.077,2,"10328,10353"
45013,5,,,1,10353
45037,0.95,,,1,10354
45038,0.7,,,1,10354
45039,0.75,,,1,10354
45067,0.7,,,1,10353
45069,1.1,,,1,10353
45071,1.25,,,1,10353
45074,1.8,,,1,10353
45077,1.8,,,1,10353
45088,0.25,,,1,10353
45109,0.2,,,1,10353
45142,0.35,,,1,10353
45214,4,,,1,10353
45217,1.15,,,1,10353
45256,0.225,,,1,10353
45262,0.1,,,1,10328
45313,1.6,,,1,10353
45314,1,,,1,10353
45315,0.7,,,1,10353
45319,1.2,,,1,10353
45321,0.4,,,1,10328
45323,0.3375,,0.262,2,"10328,10353"
45326,0.3,,,1,10328
45327,0.55,,,1,10353
45335,1.5,,,1,10328
45383,0.8,,,1,10353
45384,0.55,,,1,10353
45389,12.5,,,1,10353
45392,8,,0,2,10353
45393,9,,,1,10353
45394,0.2,,,1,10328
45400,1,,0.141,2,"10328,10354"
45401,0.8,,,1,10354
45437,1.4,,,1,10328
45440,1,,,1,10328
45441,0.9,,,1,10328
45469,1.5,,,1,10353
45519,0.5,,,1,10353
45647,0.25,,,1,10353
45658,0.3,,,1,10328
45660,0.2,,,1,10328
45661,0.2,,,1,10328
45668,0.2,,,1,10328
45669,0.3,,,1,10328
45678,0.3,,,1,10328
45681,0.3,,,1,10328
45685,0.3,,,1,10328
45688,0.3,,,1,10328
45689,0.4,,,1,10328
45690,0.4,,,1,10328
45699,0.2,,,1,10328
45701,0.2,,,1,10328
45706,0.3,,,1,10328
45707,0.7,,,1,10328
45717,0.3,,,1,10328
45719,0.4,,,1,10328
45720,0.3,,,1,10328
45721,0.3,,,1,10328
45722,0.2,,,1,10328
45730,0.3,,,1,10328
45732,0.3,,,1,10328
45733,0.3,,,1,10328
45736,0.3,,,1,10328
45750,0.9,,,1,10328
45751,0.2,,,1,10328
45779,0.275,,0.9,2,10353
45780,0.15,,,1,10353
45781,0.45,,,1,10353
45785,2.3,,,1,10353
45814,0.2,,,1,10328
45837,2.5,,,1,10353
45842,1.4,,,1,10353
45845,1.25,,,1,10353
45927,0.9,,,1,10353
45937,0.125,,,1,10353
45955,1.2,,,1,10328
45957,0.6,,,1,10328
45979,1,,,1,10353
45994,0.8,,,1,10353
46009,0.55,,,1,10353
46013,0.75,,,1,10353
46029,7.5,,,1,10353
46030,0.35,,,1,10353
46054,0.15,,,1,10353
46055,0.12,,,1,10353
46056,0.11,,,1,10353
46058,0.1,,,1,10328
46068,1.9,,,1,10328
46070,0.9,,,1,10328
46075,1.75,,,1,10353
46076,1.5,,,1,10353
46079,1.15,,,1,10353
46081,1.2,,,1,10353
46121,0.4,,,1,10328
46220,0.28,,0.859,2,10353
46224,0.1,,0,2,10328
46235,0.1,,,1,10353
46236,0.14,,0.606,2,"10328,10353"
46247,0.5,,,1,10328
46251,0.2,,,1,10328
46283,4.75,,,1,10353
46284,2.75,,,1,10353
46288,5,,,1,10353
46291,2.25,,,1,10353
46296,1.5,,,1,10353
46308,0.65,,,1,10353
46311,0.5,,,1,10353
46313,0.5,,,1,10353
46314,1.5,,,1,10328
46317,0.6,,0,2,10353
46319,0.75,,0.094,2,10353
46321,0.5,,,1,10353
46323,0.85,,,1,10353
46324,0.5,,,1,10353
46325,0.45,,,1,10353
46332,0.6,,,1,10353
46333,0.72,,0.157,2,"10197,10353"
46336,1,,,1,10353
46339,0.45,,,1,10353
46348,0.865,,0.221,2,"10197,10353"
46349,0.5,,,1,10353
46351,0.6,,,1,10353
46438,0.5,,,1,10255
46442,9,,,1,10328
46456,3.75,,,1,10354
46457,1.5,,,1,10354
46458,5,,,1,10354
46460,2.2,,,1,10354
46462,3.2,,,1,10354
46463,1.5,,,1,10354
46464,2,,,1,10354
46468,0.1,,,1,10328
46474,1.75,,,1,10353
46475,4,,,1,10353
46484,2,,,1,10353
46486,8.5,,,1,10353
46488,0.725,,0.049,2,"10328,10353"
46493,0.9,,,1,10328
46503,0.6,,,1,10353
46512,0.9,,,1,10328
46513,0.8,,,1,10328
46514,0.1,,,1,10328
46516,0.1,,,1,10328
46521,0.165,,0.3,2,"10328,10333"
46522,0.2,,,1,10328
46523,0.2,,,1,10328
46579,0.6,,,1,10328
46582,0.4,,,1,10328
46585,0.3,,,1,10353
46586,0.325,,,1,10353
46590,0.3,,,1,10353
46603,0.6,,,1,10328
46633,0.4,,,1,10328
46638,0.25,,,1,10353
46644,0.4,,,1,10328
46650,0.6,,,1,10353
46659,0.45,,,1,10353
46666,0.5,,,1,10353
46668,0.4,,,1,10328
46669,0.4,,,1,10328
46680,0.4,,,1,10328
46686,0.275,,,1,10353
46695,0.4,,,1,10328
46696,0.5,,,1,10353
46708,0.5,,,1,10328
46714,0.3,,,1,10353
46717,0.3,,,1,10353
46719,2.5,,,1,10354
46720,2.5,,,1,10328
46729,0.65,,,1,10197
46744,0.55,,,1,10197
46755,0.755,,0.103,2,"10197,10328"
46772,2.4,,,1,10328
46778,20,,,1,10328
46784,1,,,1,10328
46787,2,,,1,10328
46791,3.2,,,1,10328
46805,4.5,,,1,10328
46813,1.2,,,1,10328
46815,2.8,,,1,10328
46848,0.515,,,1,10255
46862,1,,0,2,10353
46869,0.8,,,1,10328
46871,0.7,,,1,10353
46872,0.55,,,1,10353
46884,0.8,,,1,10328
46885,1,,,1,10353
46891,0.9,,,1,10328
46895,1,,,1,10353
46896,0.5,,,1,10328
46903,0.9,,,1,10353
46917,0.9,,,1,10328
46921,1.25,,,1,10353
46931,1,,,1,10328
46940,0.7,,,1,10353
46941,0.85,,,1,10353
46945,1,,,1,10328
46946,0.6,,0,2,10353
46949,0.7,,,1,10353
46958,0.6,,,1,10353
46961,0.9,,0.157,2,"10328,10353"
46965,0.7,,,1,10353
46968,0.6,,,1,10353
46970,1.88,,,1,10197
46978,0.83,,,1,10197
46979,0.35,,,1,10353
46980,0.7,,,1,10353
46984,0.75,,,1,10353
46985,0.5,,,1,10353
46986,0.5,,,1,10197
47005,2,,,1,10328
47020,0.85,,,1,10197
47021,0.65,,0,2,10353
47022,0.65,,,1,10353
47025,0.9,,,1,10353
47026,1.15,,,1,10353
47029,0.9,,,1,10353
47030,0.8,,,1,10353
47034,1.38,,0.379,2,"10197,10353"
47036,1.1,,,1,10353
47040,0.4,,,1,10328
47042,0.4,,,1,10328
47072,7.5,,,1,10354
47130,1,,,1,10328
47133,0.8,,,1,10328
47143,0.8,,,1,10328
47160,0.7,,,1,10328
47195,1.45,,0.049,2,"10353,10354"
47211,0.775,,0.319,2,"10353,10354"
47212,1,,0,2,"10353,10354"
47217,2,,,1,10328
47285,0.7,,,1,10353
47292,0.75,,,1,10353
47299,0.7,,0,2,10353
47301,0.6,,,1,10353
47307,0.6,,,1,10353
47337,12.5,,,1,10328
47346,5.75,,,1,10354
47358,0.7,,,1,10353
47402,1.2,,,1,10328
47403,2,,,1,10328
47471,0.2,,,1,10328
47480,2.5,,,1,10353
47584,0.325,,,1,10353
47594,0.35,,,1,10353
47605,0.45,,,1,10353
47614,0.3,,,1,10353
47616,1.15,,,1,10353
47637,0.225,,,1,10353
47638,1,,,1,10328
47790,1.15,,,1,10353
47793,2.75,,0,2,10353
47795,1.73,,,1,10197
47804,1.05,,,1,10353
47808,1.75,,,1,10354
47827,0.2,,,1,10328
47834,0.2,,,1,10328
47928,2,,,1,10197
48063,0.645,,,1,10354
48182,4,,,1,10354
48307,1.3,,,1,10354
48359,5,,,1,10333
48507,0.8,,,1,10353
48516,2.75,,0,2,10353
48532,0.55,,1.157,2,10353
48721,0.6,,,1,10353
49073,0.8,,,1,10197
49216,0.5,,,1,10328
49705,8.5,,,1,10197
49860,1.5,,,1,10354
49861,2.75,,,1,10354
49862,2.75,,,1,10354
49863,2.5,,,1,10354
49864,1.75,,,1,10354
49866,3,,,1,10354
49867,1.4,,,1,10354
49868,1.35,,,1,10354
49869,2,,,1,10354
49871,1.85,,0.038,2,10354
49872,2,,,1,10354
49873,2.5,,,1,10354
49874,2.5,,,1,10354
49876,7.5,,,1,10354
49878,4.5,,,1,10354
50145,0.8,,,1,10197
50880,0.675,,1.1,2,"10328,10353"
51040,1.8,,,1,10328
51168,0.325,,,1,10353
51169,0.35,,,1,10353
51375,0.3,,,1,10353
51488,0.55,,,1,10353
51499,0.25,,,1,10353
51529,0.75,,,1,10353
51550,0.4,,,1,10353
51610,0.7,,,1,10353
51618,6,,,1,10354
51644,0.3,,,1,10353
51649,0.375,,,1,10353
51658,0.25,,,1,10353
51668,0.3,,,1,10353
51670,2.5,,,1,10353
51793,5,,,1,10353
51853,1.1,,,1,10353
51905,0.3,,,1,10353
51944,0.25,,,1,10255
52043,0.4,,,1,10353
52124,0.3,,,1,10353
52137,0.58,,,1,10197
52698,0.9,,,1,10197
52861,1.5,,,1,10354
52903,0.9,,0,4,10354
52950,1.15,,,1,10354
52951,1.3,,,1,10354
53121,0.75,,,1,10197
53245,10,,,1,10353
53285,0.4,,,1,10353
53579,2.95,,,1,10354
54238,2.2,,,1,10354
54239,5.75,,,1,10354
54310,0.85,,,1,10197
54418,1.5,,,1,10354
54419,2.25,,,1,10354
54420,0.75,,,1,10354
54421,1.25,,,1,10354
54422,0.85,,,1,10354
54448,1.5,,,1,10197
54570,3.25,,,1,10354
54647,2,,,1,10197
54784,4.5,,,1,10354
54901,0.7,,,1,10197
55105,0.8,,,1,10197
55809,4.5,,,1,10255
56121,0.2,,,1,10328
56154,3.75,,,1,10354
56327,0.575,,,1,10353
56330,0.275,,,1,10353
56345,2.25,,,1,10353
56349,4.5,,,1,10353
56351,0.35,,,1,10353
56353,0.85,,,1,10353
56368,0.5,,,1,10353
56420,0.5,,,1,10353
56464,5.5,,,1,10353
56466,13,,,1,10353
56467,4.5,,,1,10353
56479,0.2,,,1,10353
56480,0.175,,,1,10353
56482,0.25,,,1,10353
56485,2.65,,1.254,2,10353
56493,0.8,,,1,10353
56494,1,,,1,10353
56502,0.6,,,1,10353
56503,0.5,,,1,10353
56510,0.2,,,1,10353
56551,0.5,,,1,10353
56553,2,,,1,10353
56554,1.5,,,1,10353
56555,0.85,,,1,10353
56560,3,,,1,10353
56574,1.5,,,1,10353
56576,1.5,,,1,10353
56582,0.5,,0,2,10353
56584,0.15,,,1,10353
56586,0.3,,,1,10353
56593,0.7,,,1,10353
56606,1.25,,,1,10353
56607,1.35,,,1,10353
56608,0.8,,,1,10353
56609,1.25,,,1,10353
56610,2.25,,,1,10353
56611,1.15,,,1,10353
56612,1.25,,,1,10353
56620,1.2,,,1,10353
56622,0.1,,,1,10353
56623,0.1,,,1,10353
56630,0.11,,,1,10353
56632,0.7,,,1,10353
56633,0.4,,,1,10353
56637,2.5,,,1,10353
56638,4.5,,,1,10353
56643,3.5,,,1,10353
56644,0.25,,,1,10353
56646,0.7,,,1,10353
56647,0.8,,,1,10353
56650,1.1,,,1,10353
56665,0.55,,,1,10353
56666,2,,,1,10353
56669,0.35,,,1,10353
56697,0.65,,,1,10353
56698,0.05,,,1,10353
56701,0.55,,,1,10353
56720,1,,,1,10353
56753,1.3,,,1,10353
56862,0.55,,,1,10353
56912,0.4,,,1,10353
56959,0.3,,,1,10353
56961,0.2,,,1,10353
56977,0.6,,,1,10353
56990,0.78,,,1,10353
57001,0.675,,0.052,2,"10197,10353"
57011,3,,,1,10353
57076,0.4,,,1,10353
57086,0.5,,,1,10353
57114,1.25,,,1,10353
57118,0.375,,,1,10353
57323,0.65,,,1,10353
57370,1,,,1,10353
57371,0.85,,0,2,10353
57417,1,,,1,10353
57429,3,,,1,10353
57505,0.6,,,1,10353
57508,1.35,,,1,10353
57525,0.4,,,1,10353
57533,2.5,,,1,10353
57534,2.05,,,1,10255
57572,1.4,,,1,10353
57678,0.4,,0,2,10353
57680,0.2,,0,3,10353
57693,1.75,,,1,10353
57711,0.08,,,1,10353
57719,2.25,,,1,10353
57734,1.2,,,1,10353
58076,1.3,,,1,10354
58816,0.9,,,1,10353
59534,1.36,,,1,10197
59672,1.59,,,1,10197
59680,0.35,,,1,10353
59789,0.525,,0.202,2,"10328,10353"
59898,0.55,,,1,10197
59920,0.85,,,1,10353
60024,0.9,,,1,10197
60043,1.25,,,1,10354
60044,1.7,,,1,10354
60045,2.3,,,1,10354
60046,2,,,1,10354
60047,1.7,,,1,10354
60048,1.3,,,1,10354
60049,1.5,,,1,10354
60050,1.3,,,1,10354
60051,0.9,,,1,10354
60053,1.35,,,1,10354
60054,1.25,,,1,10354
60055,0.7,,,1,10354
60056,1.3,,,1,10354
60057,1.25,,,1,10354
60058,1.05,,,1,10354
60059,3.4,,,1,10354
60108,1.66,,,1,10197
60229,0.45,,,1,10353
60263,1.61,,,1,10197
60271,0.8,,,1,10197
60274,1.72,,,1,10197
60453,1.5,,,1,10197
60495,2.33,,,1,10197
60513,1.8,,,1,10197
60537,2.08,,,1,10197
60544,3.85,,,1,10197
60547,3.7,,,1,10197
60567,1.85,,,1,10197
60618,2.85,,,1,10197
60619,1.58,,,1,10197
60620,1.08,,,1,10197
60628,1.47,,,1,10197
60691,1.41,,,1,10197
60701,1.6,,,1,10197
60713,2.36,,,1,10197
60836,3.64,,,1,10197
61172,0.5,,,1,10353
61239,0.85,,,1,10353
61253,1.48,,,1,10197
61262,1.2,,,1,10197
61327,2.55,,,1,10197
61363,0.31,,,1,10197
61449,1.96,,,1,10197
61493,2.25,,,1,10197
61531,0.6,,,1,10197
61533,0.8,,,1,10197
61935,2.71,,,1,10197
61994,0.5,,,1,10353
61999,0.55,,,1,10353
62229,0.75,,,1,10353
62615,1.2,,,1,10354
62616,1.5,,,1,10354
62865,1.3,,,1,10354
63255,3.05,,,1,10354
63463,1.35,,,1,10353
63481,0.8,,,1,10353
63485,0.7,,,1,10328
63523,0.2,,,1,10353
63525,2.75,,,1,10353
63550,0.1975,,0.161,2,10353
63596,0.3,,,1,10353
63678,1.1,,,1,10353
63994,0.63,,,1,10197
64333,1.2,,,1,10197
64357,0.55,,,1,10197
64365,0.6,,,1,10353
64428,0.7,,,1,10197
65218,1.1,,,1,10197
65509,1.1,,,1,10197
65594,3.5,,,1,10197
65596,3.75,,,1,10197
65722,0.805,,,1,10255
66068,1.015,,,1,10255
66132,0.61,,,1,10255
66404,0.55,,,1,10197
66537,1.4,,,1,10197
66981,1.3,,,1,10197
67127,0.5,,,1,10353
67525,2.5,,,1,10197
67614,1,,,1,10255
68031,0.93,,,1,10354
68185,1.5,,,1,10353
68205,0.21,,,1,10353
68244,0.5,,,1,10353
68259,0.45,,,1,10353
68296,0.3,,,1,10353
68299,2.75,,,1,10353
68350,0.9,,,1,10197
68393,1.8,,,1,10197
68407,1,,,1,10197
68409,0.6,,,1,10197
68429,1,,,1,10197
68437,0.95,,,1,10197
68459,1.8,,,1,10197
68474,0.6,,,1,10197
68485,4.25,,,1,10197
68496,0.8,,,1,10197
68504,0.9,,,1,10353
68518,1.4,,,1,10197
68532,1.05,,,1,10197
68540,0.7,,,1,10197
68564,1.2,,,1,10197
68609,0.6,,,1,10197
68625,0.5,,,1,10197
68626,1.45,,,1,10197
68631,0.85,,,1,10197
68632,0.8,,,1,10197
68637,0.275,,,1,10353
68659,0.65,,,1,10197
68687,2.4,,,1,10197
68697,0.35,,,1,10197
68743,1.15,,,1,10353
68745,0.75,,,1,10353
68748,0.275,,,1,10353
68753,0.21,,0,10,10353
68755,0.5,,,1,10353
68756,0.2,,0,4,10353
68769,0.5,,,1,10353
68770,0.4,,,1,10353
68772,1,,,1,10353
68787,0.55,,,1,10353
68789,1.6,,,1,10353
68793,5.5,,,1,10353
68797,2.3,,,1,10353
68811,1.1,,,1,10353
68832,0.5,,,1,10353
68837,0.35,,,1,10353
68838,0.5,,,1,10353
68844,1.75,,0,2,10353
68859,0.45,,,1,10353
68866,0.3875,,0.228,2,10353
68867,1.7,,,1,10353
68870,0.06,,,1,10353
68880,8,,,1,10354
68910,0.09,,,1,10255
68960,2.25,,,1,10197
69019,1.15,,,1,10197
69021,2.15,,,1,10255
69287,3.25,,,1,10354
69460,13,,,1,10255
69485,2.25,,,1,10354
69486,2.65,,,1,10354
69487,6,,,1,10354
69488,4.25,,,1,10354
69594,2.5,,,1,10255
69718,1.4,,,1,10197
69851,0.83,,,1,10197
69868,3.5,,,1,10354
69869,1.2,,,1,10354
69870,1.16,,,1,10354
69871,1.25,,,1,10354
69872,1,,,1,10354
69873,1.1,,,1,10354
69874,0.8,,,1,10354
69875,1.75,,,1,10354
69876,1.25,,,1,10354
69877,1.25,,,1,10354
69878,1.75,,,1,10354
70481,0.5625,,0.597,2,10353
70483,0.2,,,1,10353
70484,0.35,,,1,10353
70485,0.275,,,1,10353
70486,0.2,,,1,10353
70487,0.135,,,1,10353
70488,0.2,,0.354,2,10353
70490,0.12,,,1,10353
70491,0.6,,,1,10353
70494,0.225,,,1,10353
70495,0.225,,,1,10353
70497,0.225,,,1,10353
70501,0.125,,,1,10353
70511,0.5,,,1,10353
70520,1.35,,,1,10353
70521,0.8,,,1,10353
70522,1.1,,,1,10353
70523,0.9,,,1,10353
70524,0.8,,,1,10353
70525,0.9,,,1,10353
70527,0.6,,,1,10353
70530,0.4,,,1,10353
70535,0.275,,,1,10353
70539,0.1,,0,2,10353
70556,0.3,,,1,10353
70563,0.45,,,1,10353
70564,0.45,,,1,10353
70566,0.4,,,1,10353
70575,0.2,,,1,10353
70579,0.3,,,1,10353
70582,0.1875,,0.094,2,10353
70583,0.23,,,1,10353
70584,0.48,,,1,10353
70596,0.55,,,1,10353
70600,0.4,,,1,10353
70604,0.4,,,1,10353
70606,0.25,,,1,10353
70608,0.35,,,1,10353
70610,0.35,,,1,10353
70612,0.3,,0.236,2,10353
70613,0.85,,,1,10353
70620,0.3,,,1,10353
70625,0.1,,,1,10353
70630,0.22,,,1,10353
70659,4,,,1,10353
70664,1.975,,,1,10353
70665,1.75,,,1,10353
70667,1.65,,,1,10353
70668,6.5,,,1,10353
70675,0.2,,,1,10353
70678,0.45,,,1,10353
70680,0.6,,,1,10353
70681,0.45,,,1,10353
70683,0.9,,,1,10353
70684,0.85,,,1,10353
70685,0.5,,,1,10353
70686,0.8,,,1,10353
70688,1.3,,,1,10353
70689,1.2,,,1,10353
70690,0.8,,,1,10353
70696,0.275,,,1,10353
70697,0.175,,,1,10353
70703,8.75,,,1,10353
70751,0.65,,,1,10353
70752,0.5,,,1,10353
70753,1.5,,,1,10353
70756,1.6,,,1,10353
70757,1.25,,,1,10353
70758,0.8,,,1,10353
70760,0.85,,,1,10353
70761,1,,,1,10353
70764,1.75,,,1,10353
70766,0.8,,,1,10353
70769,3.5,,,1,10353
70775,0.475,,0.251,4,10353
70778,0.9,,0,2,10353
70779,0.425,,,1,10353
70780,2.5,,,1,10353
70781,0.325,,,1,10353
70782,0.9,,,1,10353
70783,1.35,,,1,10353
70784,0.675,,,1,10353
70789,0.575,,,1,10353
70790,2,,,1,10353
70797,4,,,1,10353
70798,2,,,1,10353
70799,3.25,,,1,10353
70886,5,,,1,10353
70977,6.25,,,1,10353
70980,5.25,,,1,10353
70983,0.11,,,1,10353
70991,1.6,,,1,10353
70994,1.2,,,1,10353
70997,1.9,,0,3,10353
71007,0.375,,,1,10353
71008,0.6,,,1,10353
71019,0.3,,,1,10353
71027,0.916666666666667,,0.137,3,10353
71028,0.9,,,1,10353
71029,0.3,,,1,10353
71047,2,,,1,10353
71051,1.6,,,1,10353
71052,0.2,,,1,10353
71054,0.7,,,1,10353
71055,0.65,,,1,10353
71057,1.1,,,1,10353
71060,0.125,,0.113,2,10353
71061,0.1,,,1,10353
71066,0.1,,,1,10353
71067,0.15,,,1,10353
71068,0.175,,,1,10353
71074,0.175,,,1,10353
71075,0.2,,,1,10353
71077,0.5,,,1,10353
71081,0.1,,,1,10353
71082,0.2,,,1,10353
71119,0.55,,,1,10353
71139,0.65,,,1,10353
71142,0.65,,,1,10353
71143,1.2,,,1,10353
71145,1.6,,,1,10353
71148,0.425,,,1,10353
71152,0.8,,,1,10353
71162,0.3,,,1,10353
71163,0.2,,,1,10353
71205,8.75,,,1,10354
71456,1.6,,,1,10354
71457,0.925,,0.191,2,10354
71608,1.3,,,1,10255
72320,1.3,,,1,10197
72536,5.35,,,1,10354
72537,3.55,,,1,10354
72538,7.25,,,1,10354
72542,8.25,,,1,10354
72545,8.5,,,1,10354
72602,1.4,,,1,10354
72603,1.5,,,1,10354
72604,2.75,,,1,10354
72605,3.25,,,1,10354
72606,2,,,1,10354
72607,1.5,,,1,10354
72608,4.5,,,1,10354
72609,1,,,1,10354
72993,3,,,1,10197
73006,0.29,,,1,10255
73046,2,,,1,10354
73047,1.5,,,1,10354
73048,1.9,,,1,10354
73064,1.55,,,1,10354
73065,1.35,,,1,10354
73066,1.65,,,1,10354
73067,1.25,,,1,10354
73469,1.04,,,1,10354
73470,1.23,,,1,10354
73499,2.65,,,1,10354
73941,1.05,,,1,10197
73983,0.821714286,,,1,10354
73984,1.06462766,,,1,10354
73985,0.68,,,1,10354
73986,0.66,,,1,10354
73987,0.63,,,1,10354
73988,1.113070866,,,1,10354
73989,0.7,,,1,10354
73990,0.735,,,1,10354
73991,0.86,,,1,10354
73992,0.72,,,1,10354
74155,0.8,,,1,10197
74161,1.6,,,1,10197
74270,1.15,,,1,10354
74391,2.35,,,1,10354
74703,1.37,,,1,10197
74796,3,,,1,10354
75076,1.5,,,1,10197
75081,0.55,,,1,10197
75096,1.4,,,1,10255
75267,1.7,,0.25,2,"10197,10354"
75268,2.5,,,1,10354
75611,1.5,,,1,10197
75628,0.85,,,1,10197
75705,10.5,,0.337,2,10354
75706,7.5,,,1,10354
76033,1.5,,,1,10197
76533,2.33,,,1,10197
76550,2.5,,,1,10197
76619,3,,,1,10354
76817,3.25,,,1,10354
77067,2.2,,,1,10197
77113,0.88,,,1,10197
77118,1.5,,,1,10197
77241,0.9,,,1,10354
77252,2.75,,,1,10354
77296,0.21,,,1,10353
77300,0.825,,0.986,2,10353
77306,0.18,,,1,10353
77308,0.2,,,1,10353
77337,0.275,,,1,10353
77341,0.5,,,1,10353
77370,1,,,1,10353
77377,1.3,,,1,10353
77378,0.85,,,1,10353
77380,0.7,,,1,10353
77390,0.85,,,1,10353
77413,2.325,,0.106,2,10353
77464,2,,,1,10353
77465,1.25,,,1,10353
77481,0.225,,,1,10353
77494,0.3,,,1,10353
77497,0.2,,,1,10353
77499,0.925,,0.42,2,10353
77502,0.45,,,1,10353
77507,0.3,,,1,10353
77511,0.25,,,1,10353
77553,0.55,,,1,10353
77571,0.7,,,1,10353
77578,0.4,,,1,10353
77676,0.45,,,1,10353
77679,0.85,,,1,10353
77835,0.35,,,1,10353
77942,1.75,,,1,10353
77991,0.4,,,1,10353
78075,6,,,1,10354
78379,1.25,,,1,10197
78684,1.14,,,1,10255
78776,2.5,,,1,10197
78794,1.15,,,1,10197
78796,1.45,,,1,10197
78801,2,,,1,10197
78803,0.45,,,1,10197
78823,2,,,1,10197
78868,7.5,,,1,10197
78900,1.75,,,1,10197
78915,2.75,,,1,10197
78916,1.75,,,1,10197
78925,1.2,,,1,10197
78935,12,,,1,10353
79775,0.55,,,1,10353
79887,0.3,,,1,10353
79890,0.25,,0,2,10353
79891,0.4,,,1,10353
79901,0.9,,,1,10353
79904,0.85,,,1,10353
79933,1.1,,,1,10353
79950,0.35,,,1,10353
79973,0.4,,,1,10353
79974,0.4,,,1,10353
79975,2.375,,0.074,2,10353
79976,0.6,,,1,10353
79977,0.3,,,1,10353
79979,0.55,,,1,10353
79980,1.6,,,1,10353
79981,0.9,,,1,10353
79986,0.5,,,1,10353
80017,4,,,1,10353
80028,0.85,,,1,10353
80029,0.4,,,1,10353
80051,9.5,,,1,10353
80054,0.4,,,1,10353
80056,0.6,,,1,10353
80059,0.9,,,1,10353
80069,0.05,,,1,10353
80070,1.25,,,1,10353
80085,0.09,,,1,10353
80088,0.1,,,1,10353
80090,0.75,,,1,10353
80160,4.375,,0.04,2,"10197,10354"
80161,7.5,,,1,10354
80162,4.65,,,1,10354
80163,2.6,,,1,10354
80164,3.75,,,1,10354
80165,2.6,,,1,10354
80166,2.25,,,1,10354
80839,1.7,,,1,10354
80840,0.8,,,1,10354
80841,0.8,,,1,10354
81407,2.05,,,1,10197
81408,0.75,,,1,10197
81489,1,,,1,10197
81540,0.93,,,1,10197
81638,1.18,,,1,10197
81666,0.76,,,1,10197
81876,4.75,,,1,10353
81966,1.75,,,1,10353
82150,1.19,,,1,10197
82153,0.97,,,1,10197
82154,1.4,,,1,10353
82534,5.5,,,1,10354
82536,2.75,,,1,10354
82784,0.7,,,1,10354
82785,7.5,,,1,10354
82786,0.85,,,1,10354
82787,3.62,,,1,10354
82788,0.79375,,,1,10354
82789,0.85,,,1,10354
82790,2.15,,,1,10354
82833,2.1,,,1,10197
82872,2.6,,,1,10197
83791,2.5,,,1,10354
83794,0.06,,,1,10353
83795,0.1,,,1,10353
83814,4,,,1,10353
83819,2.25,,,1,10353
83844,1.15,,,1,10353
83945,0.7,,,1,10353
83948,1.85,,,1,10353
84020,5.25,,0,2,10353
84063,0.125,,,1,10353
84064,0.65,,,1,10353
84212,1.05,,,1,10197
84274,1.4,,,1,10353
84389,1.2,,,1,10197
84558,1.75,,,1,10354
84822,15,,,1,10354
84893,3,,,1,10197
86419,0.65,,,1,10197
86511,2.22,,,1,10197
86853,3,,,1,10354
87132,0.6,,,1,10328
87133,0.7,,,1,10328
87214,0.3575,,,1,10255
87550,0.295,,,1,10255
87727,5,,,1,10255
88150,0.99,,,1,10197
88156,1.6,,,1,10197
90348,1.26,,,1,10197
91776,1.9,,,1,10197
91894,1.3,,,1,10353
92189,0.6,,,1,10197
92404,6.5,,,1,10354
92484,4.8,,,1,10255
92702,0.65,,,1,10197
92778,0.65,,,1,10197
93345,3.3,,,1,10328
93398,0.3275,,,1,10255
93410,0.427,,,1,10255
93512,0.7375,,,1,10255
94021,0.3,,,1,10255
94109,0.99,,,1,10255
94259,0.38,,,1,10255
94326,0.045,,,1,10255
94367,0.294,,,1,10255
94830,1.14,,,1,10255
100659,0.4825,,,1,10255
102063,2.96,,,1,10197
102075,1.65,,,1,10197
102096,3.25,,,1,10197
102147,1.75,,,1,10353
102150,1.1,,,1,10353
102151,0.1,,,1,10353
102190,2.25,,,1,10353
102197,0.7,,,1,10353
102221,3,,,1,10353
102227,0.45,,,1,10353
102264,0.375,,,1,10353
102267,0.35,,,1,10353
102268,0.35,,,1,10353
102314,0.225,,,1,10353
102346,0.65,,,1,10353
102375,0.95,,,1,10353
102387,0.25,,0.283,2,10353
102390,0.15,,,1,10353
102403,1,,0,2,10353
102463,1.15,,,1,10353
102465,2,,,1,10353
102467,1.5,,,1,10353
102468,4,,,1,10353
102471,0.5,,0.1,3,10353
102472,1,,,1,10353
102478,0.25,,,1,10353
102495,1,,0,3,10353
102503,2.5,,,1,10353
102507,1.16666666666667,,0.718,3,10353
102510,0.9,,,1,10353
102511,1.25,,,1,10353
102515,0.4,,,1,10353
102517,0.85,,,1,10353
102518,0.8,,,1,10353
102519,1,,,1,10353
102521,1.1,,,1,10353
102522,0.5,,,1,10353
102524,2,,,1,10353
102527,0.6,,,1,10353
102528,1.25,,,1,10353
102529,0.325,,,1,10353
102530,6,,,1,10353
102545,0.125,,,1,10353
102548,0.65,,,1,10353
102549,0.7,,,1,10353
102550,1,,,1,10353
102554,0.1,,,1,10353
102555,0.25,,,1,10353
102578,3,,,1,10353
102580,3,,,1,10353
102581,2.25,,,1,10353
102583,3,,,1,10353
102587,0.7,,,1,10353
102588,1.25,,,1,10353
102589,0.9,,,1,10353
102591,0.5,,,1,10353
102593,0.375,,,1,10353
102594,0.5,,0,2,10353
102595,0.25,,0,2,10353
102596,0.35,,,1,10353
102599,0.65,,,1,10353
102600,0.3,,,1,10353
102603,1.25,,,1,10353
102612,1.6,,,1,10353
102614,5.5,,,1,10353
102629,0.9,,,1,10353
102634,0.35,,,1,10353
102645,0.5,,,1,10353
102646,0.435,,,1,10353
102647,0.55,,,1,10353
102653,0.7,,,1,10353
102655,0.3125,,0.08,4,10353
102659,0.32,,,1,10353
102663,0.325,,,1,10353
102668,0.25,,,1,10353
102684,0.75,,,1,10353
102686,1.75,,,1,10353
102693,1,,,1,10353
102704,1,,,1,10353
102716,0.05,,,1,10353
102719,1.55,,,1,10353
102726,0.25,,,1,10353
102730,0.8,,,1,10354
102919,0.8,,,1,10354
103082,1.05,,,1,10354
103083,1.25,,,1,10354
103084,0.85,,,1,10354
103281,0.6,,,1,10197
104681,3.6,,,1,10354
106885,1.9,,,1,10354
106886,1.6,,,1,10354
107944,5.5,,,1,10354
107946,6.25,,,1,10354
108005,2.05,,,1,10354
108006,1.25,,,1,10354
108007,1.7,,,1,10354
108082,2,,,1,10354
108589,0.95,,,1,10354
109885,1.1,,,1,10354
110114,2.5,,,1,10354
110115,3.5,,,1,10354
110116,3,,,1,10354
110118,2.2,,,1,10354
112199,1.6,,,1,10354
112200,1.2,,,1,10354
112549,2.5,,,1,10354
113051,4,,,1,10354
113052,7,,,1,10354
113053,3.5,,,1,10354
113057,5.25,,,1,10354
113058,3.75,,,1,10354
113059,7.5,,,1,10354
113076,2,,,1,10354
113356,1.7,,,1,10197
113526,2,,,1,10197
113644,2.5,,,1,10197
114001,1.05,,,1,10354
114002,1.1,,,1,10354
114053,0.95,,,1,10354
114054,1.06,,,1,10354
114055,0.895,,,1,10354
114056,0.6625,,,1,10354
114145,0.7,,,1,10197
114353,1.55,,,1,10354
114441,2.84,,,1,10354
114442,3.798333334,,,1,10354
114453,2.25,,,1,10354
114730,5.75,,,1,10354
114912,2,,,1,10197
115108,1.65,,,1,10354
115185,1.07,,,1,10197
115237,0.9,,,1,10197
115271,5,,,1,10197
115586,1.1,,,1,10354
116211,3.5,,,1,10354
116436,1.8,,,1,10197
116459,2.3,,,1,10197
116863,1,,,1,10197
117081,1.5,,,1,10197
117094,0.8,,,1,10354
117929,2,,,1,10197
118144,2,,,1,10197
118271,2.5,,,1,10354
118272,3.75,,,1,10354
118273,6.75,,,1,10354
118283,1.6,,,1,10354
118284,0.6,,,1,10354
118285,2,,,1,10354
118286,1,,,1,10354
118287,1.35,,,1,10354
118288,2.75,,,1,10354
118289,1.85,,,1,10354
118290,2,,,1,10354
118291,1.25,,,1,10354
118292,1.5,,,1,10354
118378,0.29,,,1,10255
118458,1.5,,,1,10197
118643,1.62,,,1,10354
118644,1.26,,,1,10354
118740,2.2,,,1,10197
119143,1.5,,,1,10197
119331,4.35,,,1,10354
119332,4.25,,,1,10354
119403,1.3,,,1,10197
119436,2.5,,,1,10197
119489,9.55,,,1,10354
119585,3.25,,,1,10354
120103,3,,,1,10354
120184,7.5,,,1,10354
120297,0.35,,,1,10353
120308,0.9,,,1,10353
120360,0.65,,,1,10353
120387,2.2,,,1,10354
120388,1.575,,0.067,2,"10353,10354"
120404,2.4,,,1,10353
120472,0.7,,,1,10353
120522,2,,,1,10353
120523,1.65,,,1,10353
120549,3.25,,,1,10353
120579,0.75,,,1,10353
120605,0.4,,,1,10353
120616,0.35,,,1,10353
120654,2.25,,,1,10353
120693,1.5,,,1,10353
120706,7,,,1,10353
120714,0.45,,,1,10353
120736,7,,,1,10353
120738,3.25,,,1,10353
120761,0.45,,,1,10353
120791,1.35,,0,2,"10353,10354"
120819,1.15,,0.184,2,10353
120821,1.15,,,1,10353
120826,2.5,,,1,10353
120829,6,,,1,10354
120863,0.55,,,1,10353
120887,1.65,,,1,10353
120929,1.5,,0.133,3,"10353,10354"
120999,0.06,,,1,10353
121017,4.05,,0.332,2,"10353,10354"
121019,4.75,,,1,10353
121027,0.725,,0,2,10353
121052,4,,,1,10354
121081,0.14,,,1,10353
121103,0.25,,,1,10353
121131,9,,,1,10353
121160,1.5,,,1,10353
121172,1.1,,,1,10353
121179,1.7,,,1,10353
121182,1.5,,,1,10353
121224,1.3,,,1,10353
121245,12.5,,,1,10353
121251,1.2,,,1,10353
121252,0.7,,0,2,10353
121264,3,,,1,10354
121274,0.7,,,1,10353
121290,2.3,,,1,10353
121325,3.5,,,1,10353
121348,2.1,,,1,10353
121353,0.65,,,1,10353
121387,11,,,1,10353
121400,2.43,,,1,10197
121413,1.25,,,1,10353
121453,0.45,,,1,10353
121487,0.75,,,1,10353
121494,0.55,,,1,10353
121506,0.65,,,1,10353
121508,3.75,,,1,10353
121534,1.2,,,1,10353
121587,0.7,,,1,10353
121588,1,,,1,10353
121589,1.5,,,1,10353
121593,0.71,,,1,10197
121596,2.35,,,1,10353
121625,1,,,1,10353
121628,2.75,,,1,10353
121635,5,,,1,10353
121646,1.75,,,1,10353
121658,1.6,,,1,10353
121659,3,,,1,10353
121660,3,,0,2,10353
121687,13,,,1,10353
121692,1.75,,,1,10353
121697,1.25,,,1,10353
121698,2.25,,,1,10353
121710,1.05,,,1,10353
121711,1.25,,0,3,10353
121717,2.75,,,1,10353
121723,0.65,,,1,10353
121746,0.3,,,1,10353
121761,0.25,,,1,10353
121763,2.25,,,1,10353
121769,1.9,,,1,10353
121778,1.75,,,1,10353
121779,6,,,1,10353
121789,1.1,,,1,10353
121795,0.8,,,1,10353
121799,0.7,,,1,10353
121806,0.7,,,1,10353
121813,1.15,,,1,10353
121815,0.7,,,1,10353
121838,1.2,,,1,10354
121845,0.5,,,1,10353
121864,0.6,,0,2,10353
121865,0.8,,,1,10353
121866,0.8,,,1,10353
121877,0.325,,,1,10353
121880,4.75,,0,2,10353
121884,0.4,,,1,10353
121885,0.4,,,1,10353
121886,0.5,,,1,10353
121895,0.45,,,1,10353
121920,0.35,,,1,10353
121933,0.4,,,1,10353
121934,0.15,,,1,10353
121945,1.55,,,1,10353
121946,0.8,,0,2,10353
121953,0.65,,,1,10353
121955,0.25,,,1,10353
121958,0.8,,,1,10353
121962,0.6,,,1,10353
121963,0.65,,,1,10353
121972,1.2,,,1,10354
121991,0.25,,,1,10353
121997,0.25,,,1,10353
122001,0.9,,,1,10353
122019,0.5,,,1,10353
122023,0.45,,,1,10353
122025,0.65,,0,2,10353
122027,0.55,,,1,10353
122041,3,,,1,10353
122042,0.8,,,1,10353
122046,2.85,,,1,10353
122047,3.15,,,1,10353
122052,0.85,,,1,10353
122053,0.75,,,1,10353
122054,1,,,1,10353
122055,0.6,,,1,10353
122058,0.35,,,1,10353
122060,2.25,,,1,10353
122063,10,,,1,10353
122096,1.5,,,1,10353
122106,1.1,,,1,10353
122107,2.5,,,1,10353
122115,4,,,1,10353
122124,0.65,,,1,10353
122125,0.7,,,1,10353
122126,0.5,,,1,10353
122138,1.55,,,1,10353
122145,0.4,,,1,10353
122146,0.5,,,1,10353
122159,0.7,,,1,10353
122160,0.5,,,1,10353
122163,0.5,,,1,10353
122166,1.35,,,1,10353
122167,1.35,,,1,10353
122168,0.25,,,1,10353
122172,1.5,,,1,10353
122173,2.75,,,1,10353
122192,0.425,,,1,10353
122198,0.7,,,1,10353
122206,13,,,1,10353
122208,5,,,1,10353
122247,4.25,,,1,10353
122259,0.9,,,1,10353
122263,0.7,,,1,10353
122276,0.4375,,0.202,2,10353
122280,0.7,,,1,10353
122281,3.5,,,1,10353
122282,2.75,,,1,10353
122283,2.275,,0.016,2,10353
122286,1.2,,,1,10353
122291,0.8,,,1,10353
122296,1.7,,,1,10353
122297,1.35,,,1,10353
122298,1.5,,,1,10353
122299,2.5,,,1,10353
122302,0.8,,,1,10353
122304,0.6,,,1,10353
122305,2.5,,,1,10354
122318,0.9,,,1,10353
122324,0.4,,,1,10353
122325,0.4,,,1,10353
122327,0.5375,,0.099,2,10353
122328,0.45,,,1,10353
122334,2.5,,,1,10353
122343,6.25,,,1,10353
122345,1.15,,,1,10353
122350,1.25,,,1,10353
122352,8.5,,,1,10353
122353,9.5,,,1,10353
122357,3.25,,,1,10353
122358,1.85,,,1,10353
122359,2.5,,,1,10353
122366,1.2,,,1,10353
122378,7,,,1,10353
122387,1.65,,,1,10353
122402,0.8,,0,2,10353
122404,0.8,,,1,10353
122418,1.85,,,1,10353
122420,0.8,,,1,10353
122423,1.5,,,1,10353
122427,0.8,,,1,10353
122434,1.05,,,1,10353
122444,2.5,,,1,10354
122449,0.8,,,1,10353
122450,0.5,,,1,10353
122459,0.35,,,1,10353
122476,0.3,,,1,10353
122478,0.45,,,1,10353
122481,0.6,,,1,10353
122484,1.85,,,1,10353
122488,1,,,1,10353
122491,4.25,,,1,10353
122492,0.4,,,1,10353
122505,1,,,1,10353
122506,1.5,,,1,10353
122507,1,,,1,10353
122511,4,,,1,10353
122514,2.25,,,1,10353
122519,1.45,,,1,10353
122520,1.5,,,1,10353
122521,2.25,,,1,10353
122523,1.25,,,1,10353
122524,3.5,,,1,10353
122525,2,,,1,10353
122527,3,,,1,10353
122528,0.65,,,1,10353
122529,1.6,,,1,10353
122531,0.7,,,1,10353
122532,1.25,,,1,10353
122533,2.75,,,1,10353
122534,0.7,,,1,10353
122536,2.25,,,1,10353
122537,0.95,,,1,10353
122538,1,,,1,10353
122539,0.75,,0.283,2,10353
122541,2,,,1,10353
122542,1.75,,,1,10353
122543,1,,,1,10353
122548,1.8,,,1,10353
122550,1.2,,,1,10353
122553,1.75,,,1,10353
122556,3,,,1,10353
122557,2,,,1,10353
122559,0.7,,,1,10353
122561,1.9,,,1,10353
122562,1.15,,,1,10353
122563,3.5,,,1,10353
122565,1.75,,,1,10353
122566,0.6,,,1,10353
122567,0.8,,,1,10353
122569,1.75,,,1,10353
122570,1.35,,,1,10353
122571,0.6,,,1,10353
122572,5,,,1,10353
122576,2.25,,,1,10353
122577,1.75,,,1,10353
122579,0.95,,,1,10353
122581,0.8,,,1,10353
122584,1.7,,,1,10353
122585,2,,,1,10353
122586,3.5,,,1,10353
122588,4,,,1,10353
122589,0.5,,,1,10353
122590,1.75,,,1,10353
122591,3.25,,,1,10353
122592,1,,,1,10353
122595,1.1,,,1,10353
122596,1.85,,,1,10353
122597,2.75,,,1,10353
122598,5.5,,,1,10353
122602,1.3,,,1,10353
122603,2,,,1,10353
122605,2.15,,,1,10353
122606,0.75,,,1,10353
122608,1.35,,0,2,10353
122610,2.2,,,1,10353
122612,1.075,,0.164,2,10353
122628,1,,,1,10353
122629,2,,,1,10353
122632,1,,,1,10353
122636,0.9,,,1,10353
122638,0.7,,0,3,10353
122642,0.9,,,1,10353
122655,0.8,,,1,10353
122660,0.75,,,1,10353
122661,2.5,,,1,10353
122668,0.75,,,1,10353
122673,0.7,,,1,10353
122674,0.7,,0,2,10353
122675,0.7,,,1,10353
122676,0.7,,,1,10353
122677,0.9,,,1,10353
122681,5.25,,,1,10353
122699,0.8,,,1,10353
122701,0.55,,,1,10353
122707,1.625,,0.109,2,10353
122711,2.3,,,1,10353
122716,0.925,,0.191,2,10353
122725,1,,,1,10353
122726,7.75,,,1,10353
122727,0.4,,,1,10353
122729,0.7,,,1,10353
122730,1,,,1,10353
122738,1.65,,,1,10353
122741,1.2,,,1,10353
122746,0.6,,,1,10353
122747,0.65,,,1,10353
122750,0.6,,,1,10353
122752,1,,,1,10353
122756,0.55,,,1,10353
122757,0.5,,,1,10353
122758,0.45,,,1,10353
122759,0.57,,,1,10353
122760,0.65,,,1,10353
122771,2.05,,0.103,2,"10353,10354"
122775,4,,,1,10353
122797,0.8,,,1,10354
122867,1,,,1,10353
122942,0.9,,,1,10353
122954,1,,,1,10353
122964,0.575,,,1,10353
122990,1.6,,,1,10353
123010,1.1,,,1,10353
123037,1.75,,,1,10353
123053,0.4,,,1,10353
123057,8,,,1,10353
123125,0.9,,0,2,10353
123126,0.85,,0,2,10353
123183,0.1,,,1,10353
123460,1.3,,0.544,2,"10353,10354"
123471,3.5,,,1,10353
123475,1.25,,,1,10353
123479,1.2,,,1,10354
123480,0.1,,,1,10353
123507,3,,,1,10353
123522,0.45,,,1,10353
123535,0.75,,,1,10353
123544,1.4,,,1,10353
123546,1.3,,,1,10353
123553,2.05,,,1,10353
123554,0.085,,,1,10353
123558,0.45,,,1,10353
123592,0.55,,,1,10353
123596,0.5,,,1,10353
123605,1.6,,,1,10353
123610,1.25,,,1,10353
123676,1.5,,,1,10353
123690,0.8,,,1,10354
123691,2.5,,,1,10354
123694,2.875,,0.061,2,"10353,10354"
123720,10.5,,,1,10353
123786,7.7,,,1,10197
123823,1.1,,0.193,2,10353
123888,1,,,1,10354
123891,0.35,,,1,10353
123903,0.35,,,1,10353
124033,2.5,,,1,10353
124264,0.5,,,1,10353
124266,0.8,,,1,10353
124271,0.4,,,1,10353
124277,4.75,,,1,10353
124282,2.1,,,1,10353
124289,0.5,,,1,10353
124291,0.65,,,1,10353
124299,0.8,,,1,10353
124300,0.5,,,1,10353
124301,1.25,,,1,10353
124303,0.9,,,1,10353
124304,1.3,,,1,10353
124305,0.95,,,1,10353
124306,1.2,,,1,10353
124309,0.305,,,1,10353
124311,0.65,,,1,10353
124313,0.475,,,1,10353
124315,1.25,,,1,10353
124316,1.7,,,1,10353
124325,0.5,,0,2,10353
124326,0.2,,,1,10353
124350,1,,,1,10353
124354,1.1,,,1,10353
124355,1,,,1,10353
124358,2.5,,,1,10353
124359,0.6,,,1,10353
124363,4.25,,,1,10353
124388,2,,,1,10353
124389,3.25,,,1,10353
124394,0.5,,,1,10353
124403,0.3,,,1,10353
124404,1.41666666666667,,0.713,3,10353
124405,0.55,,,1,10353
124406,2.75,,,1,10353
124419,0.9,,,1,10353
124420,0.85,,,1,10353
124421,4,,,1,10353
124427,0.55,,,1,10353
124428,0.5,,,1,10353
124434,1.3,,,1,10353
124437,0.55,,,1,10353
124442,0.2,,,1,10353
124451,0.35,,,1,10353
124611,2.85,,,1,10354
124746,2.5,,,1,10353
124756,3,,,1,10353
124757,2.5,,,1,10353
124769,0.15,,,1,10353
124779,3,,,1,10353
124780,3.2,,,1,10353
124814,1.3,,,1,10353
124815,0.1,,,1,10353
124820,0.6,,,1,10353
124838,2.25,,,1,10353
124841,4.5,,,1,10353
124842,1.5,,,1,10353
124846,3,,,1,10353
124862,7,,,1,10353
124869,2.5,,,1,10353
124871,4,,,1,10353
124875,3.65,,,1,10353
124878,4.75,,,1,10353
124885,2.4,,,1,10353
124895,4.75,,,1,10353
124934,2.15,,,1,10353
124952,1.2,,,1,10353
124957,0.055,,,1,10353
124958,0.2,,,1,10353
124966,0.55,,,1,10353
124967,2.5,,,1,10353
124971,1.35,,0.157,2,"10353,10354"
124972,1,,,1,10354
124983,6,,,1,10353
124991,0.8,,,1,10353
125019,0.8,,,1,10353
125023,1.25,,,1,10353
125029,3.75,,,1,10353
125037,1.75,,,1,10353
125038,0.65,,,1,10353
125091,1.15,,,1,10353
125100,1.5,,,1,10353
125101,0.3,,,1,10353
125109,1.35,,,1,10353
125140,0.75,,,1,10353
125141,1.5,,,1,10353
125153,1.4,,,1,10353
125154,3.25,,,1,10353
125156,1.55,,,1,10353
125157,3,,,1,10353
125158,0.6,,,1,10353
125218,1.45,,,1,10353
125222,12,,,1,10353
125237,3.51,,,1,10197
125262,1.2,,,1,10353
125263,2.175,,0.211,2,10353
125296,3,,,1,10354
125299,1.8,,,1,10354
125300,1.3,,,1,10354
125302,0.75,,,1,10354
125313,0.625,,,1,10353
125361,4.75,,,1,10353
125364,0.55,,,1,10353
125390,0.3,,,1,10353
125394,0.04,,,1,10353
125395,0.1,,,1,10353
125398,0.2,,,1,10353
125399,0.08,,,1,10353
125400,0.06,,,1,10353
125421,0.65,,,1,10353
125436,0.2,,,1,10353
125439,0.5,,,1,10353
125442,0.783333333333333,,0.133,3,10353
125451,0.8,,,1,10353
125452,0.6,,,1,10353
125454,1.3,,,1,10353
125455,1.3,,,1,10353
125458,4.5,,,1,10353
125459,0.4,,,1,10353
125460,0.85,,,1,10353
125461,0.95,,,1,10353
125462,0.55,,,1,10353
125463,0.95,,,1,10353
125465,2.5,,,1,10353
125474,7,,,1,10353
125478,1.6,,,1,10353
125490,0.8,,,1,10353
125491,0.7,,,1,10353
125539,0.2,,,1,10353
125572,0.3,,,1,10353
126044,0.175,,,1,10353
126153,1.45,,,1,10353
126160,0.7,,,1,10353
126402,1.4,,,1,10353
126414,0.45,,,1,10353
126543,0.7,,,1,10353
126554,0.4,,,1,10328
126636,3.355,,,1,10255
126755,2.75,,,1,10353
126817,0.3,,,1,10353
126842,0.85,,,1,10353
126874,0.8,,,1,10353
126998,1.39285714285714,,0.053,7,10353
127053,1.15,,,1,10197
127940,1.335,,,1,10255
128719,0.3,,,1,10353
130435,0.6,,,1,10353
130575,6,,,1,10353
130721,0.4,,,1,10353
130903,0.365,,,1,10255
131024,0.3,,,1,10353
131236,1.2,,,1,10353
131315,1,,,1,10353
131829,0.9,,,1,10353
131913,0.44,,,1,10255
132094,0.405,,,1,10255
133053,0.85,,,1,10197
133268,8.5,,,1,10354
133462,1.35,,,1,10353
133683,0.303,,,1,10255
134067,0.35,,,1,10353
134220,0.8,,,1,10353
134399,0.22,,,1,10353
134403,0.2,,,1,10353
134416,0.14,,,1,10353
134929,0.24,,,1,10353
135090,0.25,,,1,10353
135128,3.1,,,1,10354
135631,1.1,,,1,10354
135728,3.5,,,1,10354
135843,0.15,,,1,10353
135882,0.75,,,1,10354
136229,2,,,1,10354
136568,2.5,,0,2,10353
136578,0.8,,,1,10353
136579,0.4,,,1,10353
136581,0.8,,,1,10353
136583,0.6,,,1,10353
136585,0.825,,0.9,2,10353
136592,0.15,,,1,10353
136597,0.2,,,1,10353
136604,1.5,,,1,10353
136605,1.5,,,1,10353
136629,0.18,,,1,10353
136634,0.4,,,1,10353
136635,0.5,,,1,10353
136638,1.65,,,1,10353
136639,1,,,1,10353
136641,0.25,,,1,10353
136649,0.95,,,1,10353
136657,0.7,,0,2,10353
136659,3,,,1,10353
136660,0.12,,,1,10353
136662,0.2,,,1,10353
136663,0.1,,,1,10353
136664,0.2,,0,2,10353
136680,2,,,1,10353
136684,0.235,,,1,10353
136686,1.8,,,1,10353
136724,14,,,1,10353
136726,7,,,1,10353
136738,0.55,,,1,10353
136739,0.55,,,1,10353
136740,0.3,,,1,10353
136741,0.325,,0,2,10353
136742,0.425,,,1,10353
136743,0.31,,,1,10353
136744,0.2,,,1,10353
136745,0.175,,,1,10353
136756,1.3,,,1,10353
136764,6.35,,,1,10353
136771,1,,,1,10353
136772,0.575,,0.061,2,10353
136773,0.725,,0.049,2,10353
136775,1,,,1,10353
136776,0.8,,,1,10353
136777,0.775,,0.137,2,10353
136780,1,,,1,10353
136781,0.65,,,1,10353
136782,0.7,,,1,10353
136783,0.85,,0.333,2,10353
136784,0.65,,,1,10353
136787,1.025,,0.103,2,10353
136788,1.25,,,1,10353
136797,1.5,,,1,10353
136799,0.7,,,1,10353
136804,1.3,,,1,10353
136818,0.55,,0,2,10353
136825,1.3,,,1,10353
136826,0.8,,,1,10353
136839,2.9,,,1,10353
136840,2.5,,,1,10353
136842,3.25,,,1,10353
136876,0.425,,,1,10353
136877,0.18,,,1,10353
136891,0.9,,,1,10353
136892,0.75,,,1,10353
136894,0.675,,0,2,10353
136899,1.4,,,1,10353
136900,0.75,,,1,10353
136901,0.95,,,1,10353
136902,0.9,,,1,10353
136903,1,,,1,10353
136904,1.4,,,1,10353
136905,0.6,,,1,10353
136906,13,,,1,10353
136921,0.385,,,1,10353
136922,0.315,,,1,10353
136923,0.55,,,1,10353
136924,0.275,,,1,10353
136927,0.35,,,1,10353
136928,0.3,,,1,10353
136930,0.25,,,1,10353
136950,0.85,,,1,10353
136952,0.4,,,1,10353
136955,0.625,,0.057,2,10353
136958,1,,,1,10353
136959,2.5,,,1,10353
136961,0.75,,,1,10353
136962,1.5,,,1,10353
136965,1.75,,,1,10353
136968,1.5,,,1,10353
136969,1.2,,,1,10353
136971,0.75,,,1,10353
136972,1.35,,,1,10353
136974,2.25,,,1,10353
136976,0.6,,,1,10353
136977,1,,,1,10353
136978,0.65,,,1,10353
136979,0.65,,,1,10353
136984,0.75,,,1,10353
136985,0.55,,,1,10353
136986,0.55,,,1,10353
136987,0.45,,,1,10353
136989,0.95,,,1,10353
136991,1.1,,,1,10353
136992,1.75,,,1,10353
136993,2.5,,,1,10353
136994,2.2,,0,2,10353
136995,2.25,,,1,10353
136996,1.25,,,1,10353
136998,0.3,,,1,10353
136999,0.35,,,1,10353
137000,0.3,,,1,10353
137001,0.3,,,1,10353
137002,0.6,,,1,10353
137003,0.25,,,1,10353
137005,0.5,,,1,10353
137006,0.25,,,1,10353
137008,0.4,,,1,10353
137017,0.25,,,1,10353
137023,1.5,,,1,10353
137024,2,,,1,10353
137025,1.5,,,1,10353
137032,11,,,1,10353
137033,8,,,1,10353
137034,6.5,,,1,10353
137043,4.5,,,1,10353
137044,4.5,,,1,10353
137045,1.75,,,1,10353
137046,5,,,1,10353
137048,1.3,,,1,10353
137049,3.5,,,1,10353
137051,2,,0,2,10353
137052,1.35,,,1,10353
137054,1.3,,,1,10353
137055,1.3,,,1,10353
137074,3.5,,,1,10353
137077,0.325,,,1,10353
137082,2.5,,,1,10353
137091,0.75,,,1,10353
137092,2.5,,,1,10353
137093,0.38,,,1,10353
137095,0.9,,,1,10353
137096,0.5,,,1,10353
137097,0.45,,,1,10353
137098,0.85,,,1,10353
137099,0.575,,,1,10353
137100,0.45,,,1,10353
137101,0.675,,0.157,2,10353
137103,0.5,,,1,10353
137117,3.5,,,1,10353
137118,0.09,,,1,10353
137119,0.07,,,1,10353
137121,0.1,,,1,10353
137123,0.1,,,1,10353
137125,0.075,,,1,10353
137127,0.08,,,1,10353
137129,0.06,,,1,10353
137135,0.05,,,1,10353
137150,5.25,,,1,10353
137151,9,,,1,10353
137153,5.65,,,1,10353
137154,4.25,,,1,10353
137160,0.2,,,1,10353
137161,0.225,,,1,10353
137162,0.25,,0,3,10353
137175,3.25,,,1,10353
137180,1,,,1,10353
137181,1,,,1,10353
137182,0.35,,,1,10353
137183,0.55,,,1,10353
137216,4.5,,,1,10353
137217,3.25,,,1,10353
137223,7,,,1,10353
137228,0.5,,,1,10353
137229,0.55,,,1,10353
137230,0.5,,,1,10353
137231,0.5,,,1,10353
137235,0.55,,,1,10353
137236,0.7,,,1,10353
137237,0.4,,0.062,3,10353
137238,0.65,,,1,10353
137239,0.575,,0.061,2,10353
137240,0.65,,,1,10353
137241,0.45,,,1,10353
137244,0.65,,,1,10353
137248,1.1,,,1,10353
137250,0.45,,,1,10353
137252,0.4,,,1,10353
137254,1.2,,0.236,2,10353
137256,0.35,,,1,10353
137257,0.375,,,1,10353
137259,1.6,,,1,10353
137262,2.4,,,1,10353
137265,1.1,,,1,10353
137266,0.29,,,1,10353
137267,2,,,1,10353
137268,1.6,,,1,10353
137269,2.75,,,1,10353
137270,2,,,1,10353
137272,1.75,,,1,10353
137273,1.75,,,1,10353
137275,2.75,,,1,10353
137278,0.13,,,1,10353
137335,0.3,,,1,10353
137346,0.15,,,1,10353
137348,2,,,1,10353
137352,0.55,,,1,10353
137353,0.8,,,1,10353
137354,0.4,,,1,10353
137355,0.8,,,1,10353
137356,0.9,,,1,10353
137357,0.6,,,1,10353
137406,4.75,,,1,10353
137407,5.75,,,1,10353
137408,4.25,,,1,10353
137410,5.25,,0,2,10353
137411,3.15,,,1,10353
137412,1.3,,,1,10353
137443,2.25,,,1,10353
137444,1.3,,,1,10353
137461,1,,,1,10353
137462,0.525,,,1,10353
137464,0.5,,,1,10353
137465,0.5,,,1,10353
137466,0.6,,,1,10353
137468,0.45,,,1,10353
137469,0.75,,,1,10353
137470,0.7,,,1,10353
137471,0.7,,,1,10353
137473,0.55,,,1,10353
137474,0.5,,,1,10353
137479,0.5,,,1,10353
137481,0.6,,,1,10353
137482,3.5,,,1,10353
137484,2.5,,,1,10353
137485,1.75,,,1,10353
137487,0.08,,,1,10353
137488,0.8,,,1,10353
137489,0.6,,,1,10353
137490,0.55,,,1,10353
137491,0.85,,,1,10353
137503,1.55,,,1,10353
137504,2.2,,,1,10353
137505,0.7,,,1,10353
137506,1.5,,,1,10353
137508,0.5,,,1,10353
137509,1.5,,,1,10353
137524,0.6,,,1,10353
137525,0.9,,,1,10353
137527,0.8,,,1,10353
137528,0.4,,,1,10353
137531,0.4,,,1,10353
137534,0.35,,,1,10353
137535,0.45,,,1,10353
137536,0.35,,,1,10353
137537,0.35,,,1,10353
137538,0.4,,,1,10353
137539,0.4,,,1,10353
137540,0.35,,,1,10353
137545,1.5,,,1,10353
137561,0.8,,,1,10197
137565,1.75,,,1,10353
137566,1.25,,,1,10353
137567,2.25,,,1,10353
137570,9,,,1,10353
137571,13,,,1,10353
137575,2.5,,,1,10353
137576,2,,,1,10353
137577,1.25,,,1,10353
137579,2,,,1,10353
137580,1.8,,,1,10353
137589,11.5,,,1,10353
137594,0.245,,,1,10353
137600,1.5,,,1,10353
137601,3.75,,,1,10353
137612,0.25,,,1,10353
137622,1,,,1,10353
137623,1.2,,,1,10353
137626,0.9,,,1,10353
137627,0.9,,,1,10353
137628,1,,,1,10353
137629,0.55,,,1,10353
137630,1,,,1,10353
137648,0.2,,,1,10353
137649,0.2,,,1,10353
137653,1.9,,,1,10353
137654,7.5,,,1,10353
137655,2.5,,,1,10353
137673,2,,,1,10353
137675,0.2,,,1,10353
137680,0.55,,,1,10353
137683,3.25,,,1,10353
137687,2,,,1,10353
137708,0.8,,,1,10353
137711,1.35,,,1,10353
137713,0.5,,,1,10353
137715,1.5,,,1,10353
137718,1.2,,,1,10353
137719,2,,,1,10353
137721,1,,,1,10353
137723,1.4,,0,2,10353
137724,1.4,,,1,10353
137725,1.35,,,1,10353
137728,0.9,,,1,10353
137734,1.1,,,1,10353
137735,1.35,,,1,10353
137738,1.1,,,1,10353
137744,11,,,1,10353
137747,0.55,,,1,10353
137759,1.3,,,1,10353
137760,0.9,,,1,10353
137761,1.3,,,1,10353
137762,2.1,,,1,10353
137765,0.6,,,1,10353
137767,0.45,,,1,10353
137772,0.1,,,1,10353
137773,0.11,,,1,10353
137774,0.12,,,1,10353
137775,0.08,,,1,10353
137777,0.1,,,1,10353
137778,0.1,,,1,10353
137780,0.18,,,1,10353
137781,0.1,,,1,10353
137783,0.08,,,1,10353
137785,0.08,,,1,10353
137797,0.45,,,1,10353
137806,2.5,,,1,10353
137835,0.8,,,1,10353
137837,0.7,,,1,10353
137839,0.6,,,1,10353
137853,0.8,,,1,10353
137858,0.8,,,1,10353
137872,0.1,,,1,10353
137883,0.55,,,1,10353
137888,0.2,,,1,10353
137890,1.25,,,1,10353
137891,0.5,,,1,10353
137898,0.25,,,1,10353
137904,0.3,,0.236,2,10353
137906,0.45,,,1,10353
137911,0.6,,,1,10353
137912,0.8,,,1,10353
137930,0.85,,,1,10353
137931,0.7,,,1,10353
137934,0.45,,0,2,10353
137949,2,,,1,10353
137951,2,,,1,10353
137952,1.9,,,1,10353
137953,1.1,,,1,10353
137954,0.5,,,1,10353
137955,2,,,1,10353
137956,2.5,,,1,10353
137957,1.2,,,1,10353
137959,0.7,,,1,10353
137960,2,,,1,10353
137961,2.3,,,1,10353
137963,0.55,,,1,10353
137966,3,,,1,10353
137967,0.9,,,1,10353
137968,1.1,,,1,10353
137970,2.25,,,1,10353
137971,0.45,,,1,10353
137973,1.5,,,1,10353
137974,1.8,,,1,10353
137975,1.35,,,1,10353
137976,0.65,,,1,10353
137977,1.5,,,1,10353
137979,1.2,,,1,10353
137980,0.8,,,1,10353
137981,1.2,,,1,10353
137982,1.6,,,1,10353
137998,0.9,,,1,10353
137999,1.15,,0,2,10353
138000,0.9,,0,2,10353
138002,1,,,1,10353
138006,1.5,,,1,10353
138011,1.25,,,1,10353
138013,1,,,1,10353
138020,1.6,,,1,10353
138022,1,,,1,10353
138030,1,,,1,10353
138034,1.25,,,1,10353
138035,0.7,,,1,10353
138037,0.35,,,1,10353
138038,0.6,,,1,10353
138042,0.2,,,1,10353
138044,0.9,,,1,10353
138047,0.4,,,1,10353
138058,0.3,,,1,10353
138059,0.5,,,1,10353
138060,0.55,,,1,10353
138063,0.45,,,1,10353
138064,0.5,,,1,10353
138066,0.5,,,1,10353
138069,0.35,,,1,10353
138071,0.375,,,1,10353
138074,0.4,,,1,10353
138085,0.225,,,1,10353
138086,0.12,,,1,10353
138092,0.3,,,1,10353
138093,0.3,,,1,10353
138095,0.35,,,1,10353
138096,0.25,,,1,10353
138098,0.35,,,1,10353
138099,0.325,,,1,10353
138100,0.26,,,1,10353
138101,0.25,,0.283,2,10353
138102,0.6,,,1,10353
138103,0.4,,,1,10353
138104,0.3625,,0.049,2,10353
138105,0.6,,,1,10353
138127,0.5,,,1,10353
138141,0.65,,,1,10353
138142,0.65,,,1,10353
138143,0.8,,,1,10353
138152,0.25,,,1,10353
138154,0.35,,,1,10353
138165,1,,,1,10353
138166,1.2,,,1,10353
138167,1,,,1,10353
138168,0.9,,,1,10353
138170,1.1,,,1,10353
138181,1.2,,,1,10353
138183,0.55,,,1,10353
138187,0.75,,0.094,2,10353
138189,0.3,,,1,10353
138192,0.7,,,1,10353
138193,0.65,,,1,10353
138194,0.675,,0.052,2,10353
138195,0.7,,,1,10353
138196,0.7,,,1,10353
138197,0.75,,,1,10353
138199,0.8,,,1,10353
138201,0.45,,,1,10353
138203,1.2,,,1,10353
138218,0.4,,,1,10353
138219,0.35,,,1,10353
138228,0.65,,,1,10353
138234,1.75,,,1,10353
138236,1,,,1,10353
138237,0.7,,,1,10353
138239,1.35,,,1,10353
138250,1.6,,0.094,3,10353
138251,0.8,,,1,10353
138257,0.75,,,1,10353
138260,1.15,,,1,10353
138261,0.7,,,1,10353
138262,0.9,,0,2,10353
138264,0.6,,,1,10353
138265,0.4,,,1,10353
138266,0.18,,,1,10353
138267,0.7,,,1,10353
138268,0.45,,,1,10353
138274,0.3,,,1,10353
138275,0.9,,,1,10353
138280,0.8,,,1,10354
138283,0.12,,,1,10353
138287,0.13,,,1,10353
138288,0.45,,,1,10353
138290,1,,,1,10353
138300,0.08,,,1,10353
138301,0.1,,,1,10353
138303,0.65,,,1,10353
138304,0.7,,,1,10353
138305,0.65,,,1,10353
138306,0.6,,,1,10353
138309,0.65,,,1,10353
138313,0.45,,,1,10353
138314,0.35,,,1,10353
138315,0.4,,,1,10353
138325,0.9,,,1,10353
138326,0.85,,,1,10353
138327,0.7,,,1,10353
138332,0.6,,0,2,10353
138333,0.9,,,1,10353
138342,0.35,,,1,10353
138352,0.4,,,1,10353
138355,0.15,,,1,10353
138359,0.26,,,1,10353
138366,1.075,,0.033,2,10353
138367,1.45,,,1,10353
138368,0.8,,,1,10353
138374,4.25,,,1,10353
138383,0.6,,,1,10353
138387,0.3,,,1,10353
138391,0.7,,0,2,10353
138397,0.18,,,1,10353
138401,0.45,,,1,10353
138407,2.5,,,1,10353
138426,1.15,,,1,10353
138434,0.8,,,1,10353
138437,7.5,,,1,10353
138444,1.25,,,1,10353
138446,2,,,1,10353
138447,1.4,,,1,10353
138458,0.75,,,1,10353
138469,2,,,1,10353
138478,0.7,,0,2,10353
138484,0.7,,,1,10353
138495,0.25,,,1,10353
138500,1.7,,,1,10353
138501,1.5,,,1,10353
138506,0.3,,,1,10353
138526,0.2,,,1,10353
138552,4.75,,,1,10353
138555,0.25,,,1,10353
138581,1.5,,,1,10353
138584,0.85,,,1,10353
138585,1.025,,0.172,2,10353
138586,0.8,,,1,10353
138589,0.275,,,1,10353
138590,0.325,,,1,10353
138603,0.28,,,1,10353
138623,0.55,,,1,10353
138625,0.225,,,1,10353
138643,1.15,,,1,10353
138645,0.6,,,1,10353
138646,0.5,,,1,10353
138649,0.65,,,1,10353
138652,1,,,1,10353
138653,0.75,,,1,10353
138654,0.55,,,1,10353
138656,0.7,,,1,10353
138658,0.15,,,1,10353
138660,0.3,,,1,10353
138661,0.5,,,1,10353
138664,0.3,,,1,10353
138666,0.6,,,1,10353
138667,0.5,,,1,10353
138672,1.2,,0,2,10353
138685,0.9,,,1,10353
138686,0.75,,,1,10353
138689,1.05,,,1,10353
138690,0.85,,,1,10353
138698,3.75,,,1,10353
138707,4.5,,,1,10353
138710,0.35,,,1,10353
138714,1.65,,,1,10353
138720,2.75,,,1,10353
138724,0.2,,,1,10353
138726,1.4,,,1,10353
138728,0.35,,,1,10353
138730,0.525,,0.337,2,10353
138732,0.4,,,1,10353
138733,1.6,,,1,10353
138734,1.9,,,1,10353
138745,0.6,,,1,10353
138755,3.6,,,1,10353
138757,1.3,,,1,10353
138785,0.55,,0.129,2,10353
138792,3.15,,,1,10353
138811,0.65,,,1,10353
138818,4,,,1,10353
138819,3.75,,,1,10353
138826,0.165,,,1,10353
138844,1.75,,,1,10353
138849,1.6,,,1,10353
138852,2,,,1,10353
138857,1.4,,,1,10353
138858,1.5,,,1,10353
138860,3,,,1,10353
138868,1.8,,,1,10353
138872,1,,,1,10353
138873,1.15,,,1,10353
138882,0.32,,,1,10353
138909,0.85,,,1,10353
138928,2.4,,,1,10353
138946,0.125,,,1,10353
138949,0.75,,,1,10353
138959,0.65,,,1,10353
138960,0.9,,,1,10353
138964,1.25,,,1,10353
138969,0.35,,0.202,2,10353
138978,0.3,,,1,10353
138980,0.3,,,1,10353
138982,0.4,,,1,10353
138984,0.2,,,1,10353
138991,0.25,,,1,10353
138993,0.5,,,1,10353
138995,0.35,,,1,10353
138996,0.2,,,1,10353
139036,0.25,,,1,10353
139061,1.3,,,1,10353
139065,0.8,,,1,10353
139079,1,,,1,10353
139084,0.6,,,1,10353
139085,0.8,,,1,10353
139086,0.5,,,1,10353
139094,0.22,,,1,10353
139096,0.11,,,1,10353
139102,6,,,1,10353
139125,1.65,,,1,10353
139126,0.75,,,1,10353
139130,1.5,,,1,10353
139131,0.3,,,1,10353
139586,0.7,,,1,10353
139587,1.25,,,1,10353
139597,0.9,,,1,10353
139598,1,,,1,10353
139602,0.8,,,1,10353
139612,1.55,,,1,10353
139633,1.65,,0,3,10353
139635,1.7,,,1,10353
139666,1.55,,,1,10353
139667,4,,,1,10353
139669,1.75,,,1,10353
139672,3,,,1,10353
139675,2.5,,,1,10353
139676,0.9,,,1,10353
139678,3.25,,,1,10353
139679,3,,,1,10353
139684,2.25,,,1,10353
139694,2,,,1,10353
139874,1.6,,,1,10197
139890,1.3,,,1,10354
139891,1.05,,,1,10354
139892,1.75,,,1,10354
139893,2.15,,,1,10354
139894,1.35,,,1,10354
139896,1.5,,,1,10354
139897,4.5,,,1,10354
139898,1,,,1,10354
139899,0.85,,,1,10354
139900,0.9,,,1,10354
139901,0.75,,,1,10354
139902,2.25,,,1,10354
139903,0.85,,,1,10354
139906,0.15,,,1,10353
139934,0.15,,,1,10353
139946,0.425,,,1,10353
139947,0.4,,,1,10353
139953,0.55,,,1,10353
140145,10,,,1,10354
140214,0.7,,0,2,10353
140230,2,,,1,10353
140283,1.05,,,1,10353
140296,0.45,,,1,10353
140297,0.65,,,1,10353
140299,0.4875,,0.036,2,10353
140479,4.75,,,1,10354
140508,2.5,,,1,10353
140509,0.95,,,1,10353
140518,0.3,,,1,10353
140628,2,,,1,10353
140684,0.65,,,1,10353
140781,2.6,,,1,10354
140782,3,,,1,10354
140783,5,,,1,10354
140810,0.5,,,1,10353
140816,7,,,1,10354
140817,5,,,1,10354
140818,5,,,1,10354
140820,12.5,,,1,10354
140821,6.5,,,1,10354
140822,9,,,1,10354
140823,7.4,,,1,10354
140824,10.75,,,1,10354
140825,5.5,,,1,10354
140826,12.5,,,1,10354
140864,1.5,,,1,10354
140865,1.3,,,1,10354
140866,2.5,,,1,10354
140867,1.4,,,1,10354
140868,1.1,,,1,10354
140869,0.65,,,1,10354
140870,2.25,,,1,10354
140871,2,,,1,10354
140872,1.5,,,1,10354
140873,1.65,,,1,10354
140874,2.75,,,1,10354
140875,1.3,,,1,10354
140876,1.15,,,1,10354
140877,3.25,,,1,10354
140878,1.45,,,1,10354
140879,1.65,,,1,10354
140880,1.55,,,1,10354
140881,2.85,,,1,10354
140882,1.6,,,1,10354
140883,0.85,,,1,10354
140884,1.35,,,1,10354
140885,2.25,,,1,10354
140886,1,,,1,10354
140887,0.7,,,1,10354
140888,1,,,1,10354
141034,3.5,,,1,10354
141118,3,,,1,10353
141131,0.835,,,1,10255
141144,0.95,,0.074,2,10353
141145,0.14,,,1,10353
141146,1.1,,,1,10353
141147,0.9,,0,2,10353
141153,0.75,,,1,10353
141154,0.95,,,1,10353
141249,0.25,,,1,10353
141278,2.25,,,1,10354
141279,1.5,,,1,10354
141280,0.65,,,1,10354
141281,1,,,1,10354
141300,0.62,,,1,10197
141371,3.75,,,1,10353
141388,1.9,,,1,10354
141389,2.6,,,1,10354
141395,1.1,,,1,10197
141396,1,,,1,10255
141401,0.6,,,1,10353
141434,1,,,1,10354
141436,1.76666666666667,,0.22,6,10354
141437,1,,,1,10354
141440,1,,,1,10354
141441,1.6,,,1,10354
141442,1,,,1,10354
141444,2,,0.354,2,10354
141511,1.5,,,1,10353
141512,1.38333333333333,,0.512,3,10353
141594,1.3,,,1,10353
141610,1.15,,,1,10354
141611,1.56,,,1,10354
141740,2.5,,,1,10353
141746,4.5,,,1,10353
141811,4.5,,,1,10353
141824,3.25,,0.109,2,"10353,10354"
141829,0.9,,,1,10197
141866,1.5,,,1,10353
141875,3.25,,,1,10353
141876,1.2,,,1,10353
141878,1.65,,,1,10353
141880,2.5,,,1,10353
141975,1.75,,,1,10353
142003,0.8,,,1,10353
142035,1.8,,,1,10354
142036,1.85,,,1,10354
142037,1.65,,,1,10354
142038,1.8,,,1,10354
142039,1.65,,,1,10354
142040,1.65,,,1,10354
142041,1.65,,,1,10354
142048,8.5,,,1,10353
142056,0.8,,,1,10354
142057,1.425,,,1,10354
142058,2,,,1,10354
142059,1.2,,,1,10354
142060,0.75,,,1,10354
142061,1,,,1,10354
142062,1.3,,,1,10354
142063,0.65,,,1,10354
142064,1.3,,,1,10354
142065,1.15,,,1,10354
142066,1.25,,,1,10354
142067,0.75,,,1,10354
142068,1.5,,,1,10354
142069,0.75,,,1,10354
142070,1.2,,,1,10354
142071,0.8,,,1,10354
142072,0.6,,,1,10354
142073,0.75,,,1,10354
142074,0.9,,,1,10354
142075,0.9,,,1,10354
142076,1.05,,,1,10354
142077,0.65,,,1,10354
142078,1,,,1,10354
142079,0.55,,,1,10354
142080,0.6,,,1,10354
142082,1.25,,,1,10354
142083,1.2,,,1,10354
142084,0.95,,,1,10354
142085,1,,,1,10354
142086,1.2,,,1,10354
142088,1,,,1,10354
142089,0.75,,,1,10354
142090,1,,,1,10354
142091,1.1,,,1,10354
142092,1.35,,,1,10354
142093,0.8,,,1,10354
142094,0.7,,,1,10354
142095,1.4,,,1,10354
142096,1.2,,,1,10354
142098,0.75,,,1,10354
142099,0.7,,,1,10354
142100,0.8,,,1,10354
142101,1.05,,,1,10354
142102,0.6,,,1,10354
142103,0.75,,,1,10354
142105,1.05,,,1,10354
142106,0.8,,,1,10354
142107,0.9,,,1,10354
142108,0.65,,,1,10354
142109,1,,,1,10354
142110,0.8,,,1,10354
142111,1,,,1,10354
142112,1.2,,,1,10354
142113,0.85,,,1,10354
142114,1.3,,,1,10354
142115,0.75,,,1,10354
142116,2,,,1,10354
142142,1.75,,,1,10354
142143,1.85,,,1,10354
142144,2.5,,,1,10354
142145,1.85,,,1,10354
142158,0.6,,,1,10353
142175,1,,,1,10197
142178,0.25,,,1,10353
142179,0.3,,,1,10353
142180,0.3,,,1,10353
142181,0.35,,,1,10353
142280,0.5,,,1,10353
142292,1,,,1,10353
142307,1.85,,,1,10353
142358,0.5,,,1,10353
142359,0.35,,,1,10353
142408,3.15,,,1,10354
142607,0.7,,0,2,10353
142608,0.65,,,1,10353
142612,0.55,,,1,10353
142613,0.6,,,1,10353
142695,3.25,,,1,10353
142696,1.1,,,1,10353
142699,1.6,,,1,10353
142700,0.8,,,1,10353
142701,0.8,,,1,10353
142703,0.75,,,1,10353
142704,0.75,,,1,10353
142743,0.9,,,1,10353
142744,0.7,,,1,10353
142745,0.65,,,1,10353
142746,0.85,,,1,10353
142779,0.18,,,1,10353
142780,0.45,,,1,10353
142804,1,,,1,10353
142805,2.5,,,1,10353
142807,0.8,,,1,10353
142809,0.6,,,1,10353
142810,1.25,,,1,10353
142816,0.65,,,1,10353
142821,0.35,,,1,10353
142822,0.25,,0,3,10353
142824,0.7,,,1,10353
142906,2.3,,,1,10354
142907,2,,,1,10354
142908,1.6,,,1,10354
142909,1.65,,,1,10354
142910,1.55,,,1,10354
142911,3.35,,,1,10354
142912,1.55,,,1,10354
142913,1.55,,,1,10354
142963,1.6,,,1,10353
143079,0.85,,,1,10353
143255,0.51,,,1,10255
143257,6,,,1,10353
143310,1.33,,,1,10354
143336,0.2,,,1,10353
143350,1.35,,,1,10353
143358,1.1,,,1,10353
143443,1.65,,,1,10353
143450,4.25,,,1,10353
143451,2,,,1,10353
143454,1.65,,,1,10353
143474,2,,,1,10353
143481,1.6,,,1,10353
143537,1.3,,,1,10353
143543,5.75,,,1,10353
143638,2.4,,,1,10353
143652,1.3,,,1,10353
143697,2.5,,,1,10353
143699,0.275,,,1,10353
143953,0.06,,,1,10353
143972,0.7,,,1,10197
144031,0.6,,,1,10197
144034,0.8,,,1,10353
144078,0.6,,,1,10353
144088,1.5,,,1,10353
144106,0.8,,,1,10353
144631,8,,,1,10354
144689,0.75,,,1,10353
144690,2.25,,,1,10353
144707,0.54,,,1,10353
144713,0.45,,,1,10353
144720,0.45,,,1,10353
144751,2,,,1,10354
144766,0.35,,,1,10353
144768,0.225,,,1,10353
144774,0.225,,,1,10353
144775,0.35,,,1,10353
144786,1.25,,,1,10353
144788,0.425,,,1,10353
144861,1.5,,,1,10353
144876,2.5,,,1,10353
144877,1.725,,0.43,2,10353
144932,2.1,,,1,10353
144933,1.75,,,1,10353
145008,3.35,,,1,10353
145032,0.85,,,1,10353
145061,1.55,,,1,10354
145076,2.75,,,1,10353
145077,0.475,,,1,10353
145080,1.07,,,1,10354
145081,1.23,,,1,10354
145082,1.89,,,1,10354
145083,0.77,,,1,10354
145084,1.24,,,1,10354
145085,0.76,,,1,10354
145086,0.73,,,1,10354
145087,0.86,,,1,10354
145088,0.69,,,1,10354
145089,0.78,,,1,10354
145091,0.96,,,1,10354
145092,1.12,,,1,10354
145093,0.6,,,1,10354
145094,0.59,,,1,10354
145095,0.71,,,1,10354
145096,0.53,,,1,10354
145097,0.691428572,,,1,10354
145098,1.297,,,1,10354
145099,0.9,,,1,10354
145708,0.6,,,1,10354
145874,0.25,,,1,10353
145890,2.7,,,1,10353
146035,2.2,,,1,10353
146040,4,,,1,10353
146052,0.8,,,1,10353
146122,0.63,,,1,10353
146261,3.5,,,1,10353
146459,0.3,,,1,10353
146500,0.93,,,1,10354
146507,0.53,,,1,10353
146508,5,,,1,10354
146538,2,,,1,10354
146643,0.15,,,1,10353
146658,1.2,,,1,10354
146674,8.5,,,1,10353
146679,3,,,1,10353
146681,4,,,1,10353
146686,4.25,,,1,10353
146692,3.5,,,1,10353
146701,7.5,,,1,10353
146717,5.5,,,1,10353
146740,5.25,,,1,10353
146744,2.75,,,1,10353
146750,6.25,,,1,10353
146754,2.25,,,1,10353
146756,5.25,,,1,10353
146763,5.5,,,1,10353
146769,3.75,,,1,10353
146774,4.75,,,1,10353
146781,3.5,,,1,10353
146863,2.25,,,1,10354
146962,0.15,,,1,10353
146992,1.15,,,1,10353
147035,5.5,,,1,10353
147071,1.9,,,1,10354
147098,1,,,1,10353
147336,1.05,,,1,10354
147339,0.5,,,1,10353
147341,0.55,,,1,10353
147342,0.45,,,1,10353
147343,0.5,,,1,10353
147344,0.4,,,1,10353
147345,0.7,,,1,10353
147346,0.5,,,1,10353
147347,0.375,,,1,10353
147348,0.575,,,1,10353
147349,0.5,,0,2,10353
147351,0.35,,,1,10353
147364,4.25,,,1,10353
147372,6.5,,,1,10353
147373,3.5,,,1,10353
147385,0.8,,,1,10353
147391,1.5,,,1,10353
147392,0.7,,,1,10353
147393,1,,,1,10353
147400,0.4,,,1,10353
147416,8,,,1,10353
147422,1.75,,,1,10353
147426,1.75,,,1,10353
147430,1.85,,,1,10353
147432,1.7,,,1,10353
147435,1.6,,,1,10353
147447,1.4,,,1,10353
147453,1.25,,,1,10353
147478,1.5,,,1,10353
147496,0.85,,,1,10353
147506,2,,,1,10354
147507,1.4,,,1,10354
147687,0.325,,,1,10353
147690,0.35,,,1,10353
147691,0.4,,,1,10353
147693,0.35,,,1,10353
147694,0.3,,,1,10353
147696,0.35,,,1,10353
147698,0.25,,,1,10353
147699,0.375,,,1,10353
147701,0.4,,,1,10353
147702,0.3,,,1,10353
147703,0.3,,,1,10353
147755,1.4,,,1,10353
147877,3.75,,,1,10353
147912,0.8,,,1,10353
147913,1,,,1,10353
147916,1.15,,,1,10353
147951,7.5,,,1,10353
147953,5.5,,,1,10353
147956,11,,,1,10353
147961,7,,,1,10353
147962,9,,,1,10353
148077,2.25,,,1,10354
148231,2.5,,,1,10353
148232,4.5,,,1,10354
148244,0.325,,,1,10353
148408,0.5,,,1,10353
148419,5.5,,,1,10353
148493,11,,,1,10353
148498,13.5,,,1,10353
148714,2.5,,,1,10353
148763,0.7,,,1,10353
148778,1.1,,,1,10197
148800,1.3,,,1,10354
148932,0.95,,,1,10354
149181,1.7,,,1,10354
149182,1.9,,,1,10354
149183,2.4,,,1,10354
149184,1.75,,,1,10354
149185,2.45,,,1,10354
149199,1,,,1,10353
149217,2,,,1,10354
149222,0.6,,,1,10353
149237,0.95,,,1,10353
149295,8.5,,,1,10353
149302,1.75,,,1,10353
149303,1.25,,,1,10353
149360,0.95,,,1,10353
149373,2.75,,,1,10353
149486,4.75,,,1,10354
149487,5.25,,,1,10354
149496,0.4,,,1,10353
149497,0.35,,,1,10353
149498,0.35,,,1,10353
149499,0.6,,,1,10353
149500,0.425,,,1,10353
149560,5,,,1,10353
149561,4.25,,,1,10353
149562,3.75,,,1,10353
149563,8,,,1,10353
149564,2.54,,,1,10353
149668,0.8,,,1,10353
149847,1,,,1,10353
149850,1.25,,,1,10353
149851,11.5,,,1,10354
149852,1.215,,,1,10354
149853,2.23,,,1,10354
149854,2.23,,,1,10354
149855,1.385,,,1,10354
149903,7.5,,,1,10354
150218,0.4,,,1,10353
150230,0.7,,,1,10353
150239,0.75,,,1,10353
150393,0.85,,,1,10354
150394,0.9,,,1,10354
150395,0.85,,,1,10354
150398,0.9,,,1,10354
150399,1.15,,,1,10354
150403,0.5,,,1,10353
150409,0.28,,,1,10353
150411,0.25,,,1,10353
150414,0.6,,,1,10353
150420,0.275,,,1,10353
150423,0.75,,,1,10353
150444,0.4,,,1,10353
150450,0.5,,,1,10353
150468,1,,,1,10353
150523,1.15,,,1,10353
150526,1,,,1,10353
150542,1.5,,,1,10353
150708,0.233333333333333,,0.327,3,10353
150730,1.7,,,1,10353
150754,1.5,,,1,10353
150786,0.75,,,1,10353
150789,1.25,,,1,10353
150808,1.25,,,1,10353
150817,1.55,,,1,10353
150818,1,,,1,10353
150823,1.25,,,1,10353
150836,1.15,,,1,10353
150886,0.4,,,1,10353
150958,0.3,,,1,10353
150963,6,,,1,10354
150985,0.95,,,1,10354
150986,1.35,,,1,10354
151007,6.25,,,1,10353
151008,6.25,,,1,10353
151009,1.25,,,1,10353
151010,1.7,,,1,10354
151011,1.2,,,1,10354
151012,1.5,,,1,10354
151085,2,,,1,10354
151089,0.725,,,1,10353
151090,0.9,,,1,10353
151091,0.925,,,1,10353
151092,0.875,,,1,10353
151105,2.25,,,1,10353
151107,0.375,,,1,10353
151108,2.15,,,1,10353
151112,0.7,,,1,10353
151116,3.25,,,1,10353
151118,1.25,,,1,10353
151121,0.5,,,1,10353
151122,0.55,,,1,10353
151123,2.25,,,1,10353
151130,0.75,,,1,10353
151135,1.15,,,1,10353
151136,1.1,,,1,10353
151138,0.55,,,1,10353
151140,0.8,,,1,10353
151147,1.75,,,1,10353
151149,0.75,,,1,10353
151150,0.6,,,1,10353
151152,1.3,,,1,10353
151155,0.8,,,1,10353
151156,1.5,,,1,10353
151159,0.25,,,1,10353
151162,0.6,,,1,10353
151166,1.2,,,1,10353
151172,0.25,,,1,10353
151272,1.25,,,1,10353
151273,0.9,,,1,10353
151274,1.125,,0.283,2,10353
151277,1.75,,0.202,2,10353
151278,1,,,1,10353
151279,1.6,,,1,10353
151281,1,,,1,10353
151293,1.3,,,1,10354
151294,1.75,,,1,10353
151296,1,,,1,10353
151333,1.29,,0.099,2,"10197,10354"
151334,1.8,,,1,10354
151335,1.45,,,1,10354
151336,1.85,,,1,10354
151337,1.85,,,1,10354
151338,1.6,,,1,10354
151341,0.6,,0,2,10353
151372,0.3,,,1,10353
151377,0.4,,,1,10353
151383,0.25,,,1,10353
151388,0.5,,,1,10353
151389,0.475,,0.223,2,10353
151492,0.9,,,1,10353
151494,0.6,,,1,10353
151495,0.8,,,1,10353
151539,0.3,,,1,10353
151541,0.5,,,1,10353
151542,0.4,,,1,10353
151544,0.5,,,1,10353
151547,0.3,,,1,10353
151548,0.3,,,1,10353
151549,0.3,,,1,10353
151550,0.3,,,1,10353
151552,0.7,,,1,10353
151553,0.35,,,1,10353
151556,0.3,,,1,10353
151560,0.25,,,1,10353
151709,2.1,,,1,10353
151715,0.5,,,1,10353
151716,0.85,,,1,10353
151758,0.3,,,1,10353
151888,0.4,,,1,10353
151911,1.5,,,1,10353
151927,0.5,,,1,10353
151942,2.25,,,1,10353
151943,2.25,,,1,10353
151947,1,,,1,10353
151957,1.25,,,1,10353
151992,1.2,,,1,10197
152015,1.6,,,1,10197
152028,4.5,,,1,10354
152082,0.55,,,1,10353
152083,1,,0.141,2,10353
152084,0.65,,,1,10353
152156,4.8,,,1,10255
152197,1.5,,,1,10353
152198,1,,,1,10353
152217,1.2,,,1,10353
152394,1.05,,,1,10353
152438,2.75,,,1,10354
152439,2.5,,,1,10354
152440,7.75,,,1,10354
152441,3.5,,,1,10354
152442,2.5,,,1,10354
152443,6.5,,,1,10354
152444,2.5,,,1,10354
152445,6.5,,,1,10354
152528,2.35,,,1,10354
152534,0.3,,,1,10353
152538,1.25,,,1,10353
152539,1.25,,,1,10353
152540,1.15,,,1,10353
152541,1.325,,0.187,2,10353
152542,1.15,,,1,10353
152543,1.35,,0.105,2,10353
152636,0.65,,,1,10353
152702,0.3,,,1,10353
152787,0.3,,,1,10353
152788,0.4,,,1,10353
152789,0.45,,,1,10353
152790,0.5,,0,2,10353
152791,0.25,,,1,10353
152792,0.45,,,1,10353
152872,0.75,,,1,10353
152878,0.7,,,1,10353
152924,0.275,,,1,10353
153044,0.45,,,1,10353
153111,1,,,1,10353
153112,1.2,,0.118,2,10353
153114,1.1,,,1,10353
153137,2.75,,,1,10353
153161,0.14,,,1,10353
153169,2.4,,,1,10353
153174,3,,,1,10353
153245,0.84,,,1,10197
153250,0.45,,,1,10353
153254,0.45,,,1,10353
153322,1.35,,,1,10353
153323,1.75,,,1,10353
153342,0.4,,,1,10353
153384,1.12,,,1,10197
153403,0.7,,,1,10353
153405,1,,,1,10353
153407,0.6,,,1,10353
153409,0.55,,,1,10353
153410,1.35,,,1,10353
153502,4.5,,,1,10328
153506,3.47,,,1,10354
153513,2.5,,,1,10354
153514,1.9,,,1,10354
153515,1.7,,,1,10354
153516,4,,,1,10354
153517,2.5,,,1,10354
153518,2.5,,,1,10354
153519,4.5,,,1,10354
153520,2.35,,,1,10354
153521,2.95,,,1,10354
153522,4,,,1,10354
153523,2.5,,,1,10354
153524,2.5,,,1,10354
153525,1.75,,,1,10354
153526,3.5,,,1,10354
153528,2.55,,,1,10354
153529,2.75,,,1,10354
153530,4,,,1,10354
153531,2.5,,,1,10354
153535,0.4,,,1,10353
153695,1.9,,,1,10353
153905,0.5,,,1,10328
153907,1,,,1,10328
153925,0.65,,,1,10353
153978,0.3,,,1,10353
154012,0.7,,,1,10353
154148,3,,,1,10354
154624,0.7,,,1,10353
156540,1.25,,,1,10353
156544,2,,,1,10353
156545,0.7,,,1,10353
156546,0.7,,,1,10353
159154,4.6,,,1,10354
159540,1,,,1,10354
159541,1.5,,,1,10354
159542,4.7,,,1,10354
159543,1,,,1,10354
159654,1.75,,,1,10354
159836,0.7,,,1,10353
160274,4.49,,,1,10354
160403,3.5,,,1,10354
160404,2,,,1,10354
160406,2.3,,,1,10354
160440,2.15,,,1,10354
160545,1.35,,,1,10354
160546,1.2,,,1,10354
160591,1,,,1,10354
160593,1.8,,,1,10354
160594,1.05,,,1,10354
160804,1.25,,,1,10353
160916,1.7,,,1,10354
161026,1,,,1,10354
161027,1.8,,,1,10354
161028,0.9,,,1,10354
161033,0.55,,,1,10353
161439,2.95,,,1,10354
161545,1.9,,,1,10354
161669,2.05,,,1,10354
161670,2.9,,,1,10354
161671,2.25,,,1,10354
161672,3.15,,,1,10354
161673,2.8,,,1,10354
161674,3.75,,,1,10354
161677,2.15,,,1,10354
161680,2.15,,,1,10354
161681,2.75,,,1,10354
161682,2.4,,,1,10354
161683,2.15,,,1,10354
161684,2.9,,,1,10354
161685,3.7,,,1,10354
161752,2,,,1,10354
161812,8,,,1,10354
161905,3,,,1,10354
162029,1,,,1,10354
162269,1.05,,,1,10354
162274,0.9,,,1,10354
162278,0.8,,,1,10354
162279,0.535,,,1,10354
162291,0.6,,,1,10354
162477,1.1,,,1,10354
162623,1.5,,,1,10354
162624,1.5,,,1,10354
162625,1.5,,,1,10354
162638,1,,,1,10354
162676,1.8,,,1,10354
162814,1.5,,,1,10354
163072,0.65,,,1,10354
163073,0.86,,,1,10354
163074,0.875,,,1,10354
163076,0.81,,,1,10354
163077,1.4,,,1,10354
163138,3.8,,,1,10354
163253,1.6,,,1,10354
163258,4.1,,,1,10354
163374,0.75,,,1,10354
163378,0.54,,,1,10354
163385,0.73,,,1,10354
163399,0.61,,,1,10354
163545,1.3,,,1,10353
163599,0.74,,,1,10354
163856,2.4,,,1,10354
163867,1.5,,,1,10354
163875,6.26,,,1,10354
163918,2,,,1,10354
164216,1.75,,,1,10354
164456,1.58,,,1,10354
164457,1.263,,,1,10354
164460,1.30375,,,1,10354
164727,2.513333333,,,1,10354
164733,1.512,,,1,10354
164741,1.4175,,,1,10354
164921,1,,,1,10354
164922,1,,,1,10354
164924,2.2,,,1,10354
164945,0.7,,,1,10354
164947,0.85,,,1,10354
164948,0.7,,,1,10354
164950,2.7,,,1,10354
164951,1,,,1,10354
164953,1,,,1,10354
164954,1.125,,,1,10354
164955,0.8,,,1,10354
164957,1.5,,,1,10354
164962,1,,,1,10354
164969,1.75,,,1,10354
164972,0.6,,,1,10354
164977,2.5,,,1,10354
164982,0.65,,,1,10354
164988,0.85,,,1,10354
164995,1.3,,,1,10354
164998,0.7,,,1,10354
165001,1.5,,,1,10354
165002,1.3,,,1,10354
165007,0.9,,,1,10354
165021,1.5,,,1,10354
165029,0.9,,,1,10354
165124,5.9,,,1,10354
165125,2,,,1,10354
165126,4.25,,,1,10354
165128,3.75,,,1,10354
165129,4.75,,,1,10354
165130,3.85,,,1,10354
165133,4,,,1,10354
165147,4,,,1,10354
165153,4.9,,,1,10354
165164,1.7,,,1,10354
165165,2.86,,,1,10354
165166,1.98,,,1,10354
165247,1.6,,,1,10354
165351,0.6,,,1,10328
165391,2.4,,,1,10354
165392,1.9,,,1,10354
165438,1.3,,,1,10354
165463,1,,,1,10354
165464,2,,,1,10354
165465,1.075,,,1,10354
165519,0.65,,,1,10353
166691,0.9,,,1,10197
166912,0.5,,,1,10353
166917,0.3,,,1,10353
166922,0.7,,,1,10353
166927,0.5,,,1,10353
166932,0.3,,,1,10353
166935,0.55,,,1,10353
166951,7.5,,,1,10354
166952,0.5,,,1,10354
166953,1.8,,,1,10354
167243,1.2,,,1,10354
167244,1.9,,,1,10354
167251,0.35,,,1,10353
167255,0.4,,,1,10353
168876,1.2,,,1,10354
168878,0.8,,,1,10354
168880,1.8,,,1,10354
168881,1.2,,,1,10354
168882,1.9,,,1,10354
168883,1,,,1,10354
168884,1,,,1,10354
168887,2.425,,0.278,4,"10353,10354"
168888,0.8,,,1,10354
168889,3,,,1,10354
168891,1.4,,,1,10354
168892,1.6,,,1,10354
168894,1.2,,,1,10354
168895,1,,,1,10354
168897,1,,,1,10354
168898,2,,,1,10354
168900,1.5,,,1,10354
168902,2.65,,0.027,2,"10353,10354"
168903,2.4,,,1,10354
168904,0.8,,,1,10354
168905,1.5,,,1,10354
168908,0.7,,,1,10354
168909,2.875,,0.061,2,"10353,10354"
168912,2,,,1,10354
168913,2,,,1,10354
168917,2.745,,,1,10354
168918,1.95,,,1,10354
168920,1.6,,0.53,2,10354
168921,2,,,1,10354
168922,0.8,,,1,10354
168926,2.59,,,1,10354
168929,1.2,,0,2,"10353,10354"
168930,0.7,,,1,10354
168931,1.8,,,1,10354
169291,1.08,,,1,10354
169292,1.25,,,1,10354
169294,2.07,,,1,10354
169295,1.22,,,1,10354
169296,0.98,,,1,10354
169657,3.3,,,1,10354
169664,2.5,,,1,10353
169677,3.5,,,1,10353
169684,1.25,,,1,10353
169692,2.1,,,1,10353
169694,2.5,,,1,10353
169696,3.25,,,1,10353
169705,1.4,,,1,10353
169707,2.75,,,1,10353
169719,4.5,,,1,10353
169720,1.7,,,1,10353
169723,3,,,1,10353
169724,5.5,,,1,10353
169730,4.25,,,1,10353
170060,1.1,,,1,10354
170063,0.7,,,1,10354
170064,0.4,,,1,10354
170065,1.5,,,1,10354
170066,1.4,,,1,10354
170068,0.55,,,1,10354
170069,1.05,,,1,10354
170070,0.75,,,1,10354
170071,1,,,1,10354
170072,0.8,,,1,10354
170073,0.775,,,1,10354
170075,1,,,1,10354
170076,0.9,,,1,10354
170077,0.7,,,1,10354
170078,0.9,,,1,10354
170079,1.1,,,1,10354
170080,1.25,,,1,10354
170172,3.25,,,1,10354
170173,1.4,,,1,10354
170174,5.4,,,1,10354
170175,4.9,,,1,10354
170176,4.2,,,1,10354
170177,6.1,,,1,10354
170178,6.2,,,1,10354
170179,5.3,,,1,10354
170180,4,,,1,10354
170181,5,,,1,10354
170182,5.1,,,1,10354
170183,8,,,1,10354
170185,1.2,,,1,10354
170186,8,,,1,10354
170187,4,,,1,10354
170189,5,,,1,10354
170191,4.65,,,1,10354
170206,7.5,,,1,10354
170207,6,,,1,10354
170208,5.25,,,1,10354
170210,6,,,1,10354
170211,7.27,,,1,10354
170212,8.75,,,1,10354
170214,5,,,1,10354
170216,8.5,,,1,10354
170219,6.75,,,1,10354
170220,7,,,1,10354
170222,9,,,1,10354
170223,7.5,,,1,10354
170224,0.9,,,1,10353
170227,1.5,,,1,10353
170228,1.2,,,1,10353
170284,1.1,,,1,10354
170285,1.15,,,1,10354
170286,1.5,,,1,10354
170287,1.2,,,1,10354
170289,2.5,,,1,10354
170290,2.1,,,1,10354
170291,1.4,,,1,10354
170327,0.8,,,1,10353
170433,1.5,,,1,10354
170607,4,,,1,10353
171029,7.5,,,1,10354
171558,0.2,,,1,10353
171599,0.135,,,1,10353
172397,0.915,,,1,10354
173171,1,,,1,10255
173368,0.6,,,1,10353
173401,0.7,,,1,10353
173406,0.35,,,1,10353
173436,1.52,,,1,10354
173438,1.38,,,1,10354
174534,0.7,,,1,10353
176233,1.5,,,1,10354
176234,1.35,,,1,10354
176251,5,,,1,10354
176798,0.3,,,1,10353
176803,0.4,,,1,10353
176806,0.25,,,1,10353
176807,0.5,,,1,10353
176888,0.55,,,1,10353
176913,0.2,,,1,10353
177108,0.6,,,1,10353
177119,0.125,,,1,10353
177190,0.3,,,1,10353
177217,0.16,,,1,10353
177220,0.375,,,1,10353
177221,0.375,,,1,10353
177231,0.25,,,1,10353
177262,0.4,,,1,10353
177276,0.45,,,1,10353
177290,0.425,,,1,10353
177315,0.35,,,1,10353
177328,0.5,,,1,10353
177363,0.35,,,1,10353
177435,0.5,,,1,10353
179087,0.5,,,1,10353
179275,0.25,,,1,10353
179277,0.4,,,1,10353
179323,0.6,,,1,10353
180222,0.73,,,1,10354
180223,1.32,,,1,10354
180224,0.67,,,1,10354
180225,0.62,,,1,10354
180226,0.67,,,1,10354
180227,0.56,,,1,10354
180228,0.73,,,1,10354
180723,0.85,,0.25,2,"10353,10354"
181467,0.9,,,1,10353
181543,0.55,,,1,10353
181544,0.8,,,1,10353
181547,0.65,,,1,10353
181990,7,,,1,10354
182102,0.6,,,1,10354
182104,2,,,1,10354
182108,1,,,1,10354
182113,0.6,,,1,10354
182114,2,,,1,10354
182115,1.15,,,1,10354
182116,1.5,,,1,10354
182630,2.4,,0,2,10255
182680,3.9,,,1,10354
182885,1,,,1,10354
182887,1,,,1,10354
184288,0.65,,,1,10354
184289,0.8,,,1,10354
184290,0.8,,,1,10354
184291,0.8,,,1,10354
184292,1.6,,,1,10354
184293,1.15,,,1,10354
184295,1.25,,,1,10354
184296,0.75,,,1,10354
184297,1,,,1,10354
184298,1,,,1,10354
184299,2.5,,,1,10354
184301,1.5,,,1,10354
184302,1.4,,,1,10354
184303,1,,,1,10354
184304,1.2,,,1,10354
184305,1,,,1,10354
184306,1.2,,,1,10354
184307,1,,,1,10354
184308,1,,,1,10354
184309,1,,,1,10354
184310,0.7,,,1,10354
184311,1.3,,,1,10354
184312,1,,,1,10354
184313,1,,,1,10354
184314,1,,,1,10354
184315,0.8,,,1,10354
184317,0.5,,,1,10354
184320,1,,,1,10354
184321,1,,,1,10354
184322,0.9,,,1,10354
184323,1.1,,,1,10354
184702,1.95,,,1,10353
184707,1.35,,,1,10353
184722,1.75,,,1,10353
184730,1.8,,,1,10353
184737,1.4,,,1,10353
184740,1.1,,,1,10353
184742,1.4,,,1,10353
184748,1.25,,,1,10353
184751,1.1,,0,2,10353
184753,1.35,,,1,10353
184757,2.75,,,1,10353
184759,0.85,,,1,10353
184761,0.2,,,1,10353
184762,1.3,,,1,10353
184763,1.4,,,1,10353
184764,1.35,,,1,10353
184769,4.5,,,1,10353
184776,1.5,,,1,10353
184788,1.9,,,1,10353
184789,1.9,,,1,10353
184797,1.8,,,1,10353
184801,1.2,,,1,10353
184803,1.5,,,1,10353
184804,1.4,,,1,10353
184805,1.25,,,1,10353
184808,0.65,,,1,10353
184809,1.35,,,1,10353
184812,2.3,,,1,10353
184820,15,,,1,10353
184826,2.7,,,1,10353
184838,2,,,1,10353
184839,1.6,,,1,10353
184840,1.75,,,1,10353
184842,1.1,,,1,10353
184848,3.25,,,1,10353
184855,0.95,,,1,10353
184859,1,,,1,10353
184863,1,,,1,10353
184868,2.45,,,1,10353
184870,1.7,,,1,10353
184884,1.4,,,1,10353
184889,1.35,,,1,10353
184890,1.65,,,1,10353
184892,1.85,,,1,10353
184894,2.5,,,1,10353
184898,2,,,1,10353
184907,2.5,,,1,10353
184909,1.7,,,1,10353
184916,1.2,,,1,10354
184917,1.15,,,1,10354
185337,0.6,,,1,10353
185656,6,,,1,10353
186664,2,,,1,10353
186676,0.95,,,1,10354
186677,1,,,1,10354
187809,0.93,,,1,10197
188505,3.5,,,1,10354
189514,1.4,,,1,10354
189515,4.6,,,1,10354
189516,3.5,,,1,10354
192914,2,,,1,10354
192915,1.3,,,1,10354
193621,1.2,,,1,10354
193622,1.55,,,1,10354
193623,1.8,,,1,10354
193624,1.7,,,1,10354
193625,1.5,,,1,10354
193626,3,,,1,10354
193627,1.5,,,1,10354
193628,1.2,,,1,10354
193630,3,,,1,10354
193633,2,,,1,10354
193634,1.6,,,1,10354
193635,1.35,,,1,10354
193636,1.6,,,1,10354
193637,1.95,,0.254,2,"10353,10354"
193638,1.5,,,1,10354
193893,2.25,,,1,10354
193894,1.5,,,1,10354
193895,2.6,,,1,10354
193896,2.3,,,1,10354
193897,2.7,,,1,10354
194887,0.65,,,1,10353
194893,1.25,,,1,10353
194894,1.3,,,1,10353
194895,1.35,,,1,10353
194898,1.65,,,1,10353
194899,1.1,,,1,10353
194905,3,,,1,10353
194922,2.1,,,1,10353
194924,1.7,,,1,10353
194929,2.25,,,1,10353
194931,1.4,,,1,10353
194935,1.1,,,1,10353
194940,1.1,,,1,10353
194959,1.5,,,1,10353
194964,1.5,,,1,10353
194972,2,,,1,10353
194973,1.1,,,1,10353
194976,1.68333333333333,,0.27,3,10353
194983,0.9,,,1,10353
194984,1.2,,,1,10353
194985,1.6,,,1,10353
194987,1.15,,,1,10353
194993,1.2,,,1,10353
194996,1.25,,,1,10353
195000,1.2,,,1,10353
195006,1.4,,,1,10353
195024,0.95,,0,2,10353
195025,0.9,,,1,10353
195029,3.125,,0.17,2,10353
195037,1.4,,,1,10353
195044,0.7,,,1,10353
195049,0.85,,,1,10353
195050,1.5,,,1,10353
195051,1.65,,,1,10353
195091,8,,,1,10354
195092,5.25,,,1,10354
195093,5.25,,,1,10354
195094,5,,,1,10354
195097,6.75,,,1,10354
195098,11.5,,,1,10354
195099,6,,,1,10354
195100,6.5,,,1,10354
195296,2,,,1,10354
195588,1.5,,,1,10197
195597,0.3,,,1,10353
196627,0.4,,,1,10353
197550,0.8,,,1,10197
197742,4.25,,,1,10354
197743,3.4,,,1,10354
197744,2.5,,,1,10354
197745,2,,,1,10354
197746,1.75,,,1,10354
197747,3.1,,,1,10354
197748,3,,,1,10354
197749,2,,,1,10354
197750,3.5,,,1,10354
197751,3.25,,,1,10354
197752,2.15,,,1,10354
197753,4,,,1,10354
198080,1,,,1,10353
198325,0.5,,,1,10197
198479,4.75,,,1,10354
198480,3.4,,,1,10354
198482,1.8,,,1,10354
199602,0.75,,,1,10353
200553,1.1,,,1,10354
200554,1.65,,0.129,2,"10353,10354"
200555,1.3,,,1,10354
201991,1.7,,,1,10354
201992,1.1,,,1,10354
201993,0.7,,,1,10354
202100,0.7,,,1,10197
202130,0.7,,,1,10197
202983,0.5,,,1,10354
203498,11,,,1,10354
203500,12,,,1,10354
203509,4,,,1,10354
203928,2,,,1,10354
203929,2.7,,,1,10354
204749,3,,,1,10353
204760,2.5,,,1,10353
204783,1.75,,,1,10353
204887,2.5,,,1,10353
204986,1.25,,,1,10353
205567,0.9,,,1,10354
205568,1.2,,,1,10354
205569,2.15,,,1,10354
205571,1.4,,,1,10354
205639,1.85,,,1,10354
206238,2.55,,,1,10354
206898,0.85,,,1,10354
207495,0.9,,,1,10354
207496,0.875,,,1,10354
207880,2.5,,,1,10353
207892,21.5,,,1,10353
207895,21,,,1,10353
208094,0.65,,,1,10353
208101,0.65,,,1,10353
208104,7,,,1,10353
208105,0.45,,,1,10353
208836,0.65,,,1,10353
209275,0.9,,,1,10353
209276,0.95,,,1,10353
210442,3.75,,,1,10354
210443,5.5,,,1,10354
211029,1,,,1,10354
211065,1.4,,,1,10353
211843,0.55,,,1,10353
211867,0.6,,,1,10353
211882,0.85,,,1,10353
211888,0.65,,,1,10353
211892,0.7,,,1,10353
211893,0.65,,,1,10353
211894,0.9,,,1,10353
211914,0.65,,,1,10353
211916,0.65,,,1,10353
211917,0.45,,,1,10353
211918,0.65,,,1,10353
212086,2,,,1,10353
212331,6,,,1,10353
212334,2.25,,,1,10353
212400,0.7,,,1,10353
212409,1,,,1,10353
212452,0.75,,,1,10353
212456,1.35,,,1,10353
212458,0.9,,,1,10353
212462,0.55,,,1,10353
212485,0.6,,,1,10353
212489,0.85,,,1,10353
212496,0.7,,,1,10353
212506,0.7,,,1,10353
212583,1.6,,,1,10353
212584,1.6,,,1,10353
212761,1.75,,,1,10353
212762,1,,,1,10353
213004,0.35,,,1,10353
213005,0.55,,,1,10353
213009,0.275,,,1,10353
213012,0.225,,,1,10353
213013,0.275,,,1,10353
213015,0.15,,,1,10353
213725,2,,,1,10353
213746,2.25,,,1,10353
214217,0.7,,,1,10353
214218,0.7,,,1,10353
214219,1,,,1,10353
214226,0.75,,,1,10353
214228,0.8,,,1,10353
214230,0.9,,,1,10353
214234,0.65,,,1,10353
214830,1,,,1,10197
214920,0.7,,,1,10353
215623,1.05,,,1,10353
215769,1.75,,,1,10353
215776,0.8,,,1,10353
215785,0.9,,,1,10353
216073,3,,,1,10353
216077,2.4,,,1,10353
216080,3,,,1,10353
216087,1.2,,,1,10353
216094,1.9,,,1,10353
216098,3,,,1,10353
216106,1.3,,,1,10353
216121,2.15,,,1,10353
216331,0.15,,,1,10353
216336,0.35,,,1,10353
216733,1.2,,,1,10353
216872,0.6,,,1,10354
216878,0.35,,,1,10353
216957,1.68,,,1,10354
216959,1.003,,,1,10354
216961,1.75,,,1,10354
216962,1.12,,,1,10354
216963,1.05,,,1,10354
216964,1.35,,,1,10354
217219,6.25,,,1,10353
217232,2,,,1,10353
217241,7.5,,,1,10353
217242,6,,,1,10353
217252,3.25,,,1,10353
217830,7,,,1,10353
217831,5.5,,,1,10353
217952,0.905,,,1,10354
218132,6,,,1,10353
218257,1,,,1,10354
219216,1.25,,,1,10354
219633,7,,,1,10353
219634,6,,,1,10353
219636,3.25,,,1,10354
219637,2.48,,,1,10354
219647,1,,,1,10353
219650,1.05,,,1,10353
219655,0.8,,,1,10353
219706,1.2,,,1,10353
219707,1.5,,,1,10353
219869,0.55,,,1,10353
220020,0.7,,,1,10353
220023,0.8,,,1,10353
220037,0.85,,,1,10353
220044,1,,,1,10353
220081,1.5,,,1,10353
220088,1.25,,,1,10353
220113,0.9,,,1,10353
220114,1.45,,,1,10353
220121,1.5,,,1,10353
220122,1.1,,,1,10353
220123,0.9,,,1,10353
220125,0.95,,,1,10353
222262,3.75,,,1,10354
222401,2,,,1,10354
222413,2.5,,,1,10354
222513,1.5,,,1,10354
222514,1,,,1,10354
222516,1,,,1,10354
222517,1,,,1,10354
222518,0.8,,,1,10354
222556,1.9,,,1,10354
222557,1.6,,,1,10354
222558,1.75,,,1,10354
222559,1.7,,,1,10354
222560,1.5,,,1,10354
222741,0.3,,,1,10353
222751,1.9,,,1,10353
223355,1.65,,,1,10353
224482,1.3,,,1,10353
224483,0.9,,,1,10353
224484,1.75,,,1,10353
224488,2.15,,,1,10353
224491,3.5,,,1,10353
224493,3.2,,,1,10353
224495,4.5,,,1,10353
224497,2.5,,,1,10353
224500,1,,,1,10353
224506,1.75,,,1,10353
224507,3,,,1,10353
225002,0.68,,,1,10354
225010,0.78,,,1,10354
226114,0.35,,,1,10353
226165,2,,,1,10353
226266,0.6,,,1,10353
226325,0.25,,,1,10353
226383,2,,,1,10353
227538,0.18,,,1,10333
228519,0.25,,,1,10353
228749,17,,,1,10353
229164,0.4,,,1,10353
229165,0.65,,,1,10353
229168,0.5,,,1,10353
229169,0.7,,,1,10353
229179,0.4,,,1,10353
229181,1,,,1,10353
229182,1,,,1,10353
229191,0.45,,,1,10353
229425,1.35,,,1,10353
229440,1.15,,,1,10353
229477,1.9,,,1,10353
229513,1.05,,,1,10353
229591,0.45,,,1,10353
229599,0.55,,,1,10353
229619,0.6,,,1,10353
229629,0.7,,,1,10353
229638,0.55,,,1,10353
229642,0.9,,,1,10353
229643,0.3,,,1,10353
230032,0.7,,,1,10353
230067,1,,,1,10353
230242,3.09,,,1,10197
230263,0.6,,,1,10197
230270,2.35,,,1,10353
230304,1.48,,,1,10197
230332,4.55,,,1,10197
230334,0.57,,,1,10197
231864,0.04,,,1,10353
231868,0.3,,,1,10353
289887,1,,,1,10197
289892,1,,,1,10197
289893,0.95,,,1,10197
289898,0.36,,,1,10197
289900,0.85,,,1,10197
289903,1.25,,,1,10197
289904,0.9,,,1,10197
289905,2.8,,,1,10197
289910,0.52,,,1,10197
289912,0.8,,,1,10197
289923,1.15,,,1,10197
289926,0.85,,,1,10197
289927,1.7,,,1,10197
290194,1.3,,,1,10353
290195,0.9,,,1,10353
290520,1,,,1,10353
290565,0.8,,,1,10255
290640,0.225,,,1,10353
292065,1,,,1,10353
292079,0.7,,,1,10353
292222,3,,,1,10353
292224,4,,,1,10353
292240,3,,,1,10353
292343,1.1,,,1,10353
292363,0.8,,,1,10353
292446,3.4,,,1,10353
292450,1.65,,,1,10353
292452,1.3,,,1,10353
292454,2.1,,,1,10353
292706,3.5,,,1,10353
292723,1.65,,,1,10353
293001,1.35,,,1,10353
293042,1.7,,,1,10353
293083,1.75,,,1,10353
293230,3.75,,,1,10353
293279,0.85,,,1,10353
293281,0.65,,,1,10353
293378,1.5,,,1,10353
293399,3.2,,,1,10353
293400,0.8,,,1,10353
293515,0.8,,,1,10353
293692,0.6,,,1,10353
293777,0.45,,,1,10353
293942,5,,,1,10353
293975,1.6,,,1,10353
294014,0.45,,,1,10353
294243,0.3,,,1,10353
294249,1.475,,1.222,2,10353
294250,1.75,,,1,10353
294254,1.75,,,1,10353
294256,3,,,1,10353
294262,2.5,,,1,10353
294264,0.6,,,1,10353
294265,0.325,,,1,10353
294269,5,,,1,10353
294271,0.2,,,1,10353
294272,0.65,,0,3,10353
294278,0.2,,,1,10353
294279,0.45,,,1,10353
294280,0.4,,,1,10353
294282,0.275,,,1,10353
294283,0.3,,,1,10353
294285,0.35,,,1,10353
294466,1.2,,0,2,10353
294468,1.6,,0,2,10353
294480,0.3,,,1,10353
294485,0.55,,,1,10353
294487,0.4,,,1,10353
294488,0.35,,0,2,10353
294489,0.3,,,1,10353
294491,1.6,,,1,10353
294492,2.25,,,1,10353
294494,0.9,,,1,10353
294495,4.25,,,1,10353
294497,0.2,,,1,10353
294500,2.5,,,1,10353
294503,0.275,,,1,10353
294505,0.11,,,1,10353
294515,0.325,,,1,10353
294521,0.1,,,1,10353
294523,0.45,,0.111,3,10353
294525,1.5,,,1,10353
294526,0.38,,,1,10353
294532,1.75,,,1,10353
294534,0.45,,,1,10353
294537,0.45,,0,2,10353
294543,0.6,,,1,10353
294544,0.775,,,1,10353
294545,9,,,1,10353
294556,6,,,1,10353
294557,0.7,,,1,10353
294594,0.12,,,1,10353
294631,0.5,,,1,10353
294639,0.65,,0.109,2,10353
294646,0.35,,,1,10353
294650,1.2,,,1,10353
294654,1.1,,0,2,10353
294657,0.2,,,1,10353
294658,1.1,,,1,10353
294659,2.75,,,1,10353
294663,4.5,,,1,10353
294691,0.65,,,1,10353
294706,0.3,,,1,10353
294714,7,,,1,10353
294715,0.7,,,1,10353
294734,0.525,,,1,10353
294735,0.2,,,1,10353
294737,0.21,,,1,10353
294755,0.35,,,1,10353
294767,0.2,,,1,10353
294769,1.2,,,1,10353
294788,0.55,,,1,10353
294792,1.1,,,1,10353
294793,0.9,,,1,10353
294797,0.5,,,1,10353
294799,1.1,,,1,10353
294801,0.65,,,1,10353
294811,0.4,,,1,10353
294816,0.35,,,1,10353
294818,0.5,,,1,10353
294819,0.125,,,1,10353
294820,15,,,1,10353
294821,18,,,1,10353
294822,2,,,1,10353
294823,1.4,,,1,10353
294824,1,,,1,10353
294825,2.15,,,1,10353
294826,1.75,,,1,10353
294827,0.55,,,1,10353
294829,0.325,,,1,10353
294830,1.25,,,1,10353
294832,2.5,,,1,10353
294833,1.75,,,1,10353
294834,2.5,,,1,10353
294835,2,,,1,10353
294837,0.6,,,1,10353
294839,0.95,,,1,10353
294841,0.6,,,1,10353
294865,0.9,,,1,10353
294946,2.75,,,1,10353
294947,0.5,,,1,10353
294950,0.85,,,1,10353
294953,0.65,,,1,10353
294954,0.9,,,1,10353
294955,5,,,1,10353
294956,0.4,,,1,10353
294961,0.375,,0.094,2,10353
294964,0.35,,,1,10353
294965,0.375,,,1,10353
294967,0.135,,,1,10353
294968,0.5,,,1,10353
294970,0.7,,,1,10353
294975,1,,,1,10353
294988,0.5,,,1,10353
295004,0.6,,,1,10353
295008,0.7,,,1,10353
295012,0.6,,,1,10353
295014,0.6,,,1,10353
295015,0.6,,,1,10353
295016,0.55,,,1,10353
295022,0.55,,,1,10353
295026,0.65,,,1,10353
295030,1.05,,,1,10353
295034,1.5,,,1,10353
295035,1.4,,,1,10353
295056,0.225,,,1,10353
295057,0.225,,,1,10353
295061,0.21,,0,2,10353
295062,0.3,,,1,10353
295067,0.2375,,,1,10353
295068,0.125,,,1,10353
295069,0.25,,,1,10353
295073,0.125,,,1,10353
295085,0.35,,,1,10353
295094,0.3,,,1,10353
295099,0.2,,,1,10353
295100,0.4,,0,2,10353
295102,0.7,,,1,10353
295103,0.6,,,1,10353
295105,0.5,,,1,10353
295107,0.55,,,1,10353
295131,0.375,,,1,10353
295143,0.375,,,1,10353
295147,0.4,,,1,10353
295148,0.4,,,1,10353
295150,0.4,,,1,10353
295152,0.5,,,1,10353
295157,0.4,,,1,10353
295163,0.2,,,1,10353
295166,4.5,,,1,10353
295174,0.235,,,1,10353
295176,0.135,,,1,10353
295178,0.5,,,1,10353
295179,0.35,,,1,10353
295187,0.4,,,1,10353
295188,1,,,1,10353
295189,0.9,,,1,10353
295225,0.8,,,1,10353
295231,0.25,,,1,10353
295235,1.15,,,1,10353
295245,0.375,,,1,10353
295248,0.235,,,1,10353
295250,0.15,,,1,10353
295268,1.75,,,1,10353
295272,0.2,,,1,10353
295275,0.7,,,1,10353
295287,1.65,,,1,10353
295293,0.185,,,1,10353
295321,1.4,,,1,10353
295338,1,,,1,10353
295364,0.7,,,1,10353
295433,0.8,,,1,10353
295448,0.6,,,1,10353
295541,0.525,,0.337,2,10353
295625,0.2,,,1,10353
295687,0.6,,,1,10353
295697,0.5,,,1,10353
295710,0.375,,,1,10353
295713,1.35,,0.074,3,10353
295730,4.25,,,1,10353
295841,1.6,,,1,10353
295853,1.05,,,1,10353
295988,0.09,,,1,10353
296027,0.6,,,1,10353
296063,0.95,,,1,10353
296076,0.275,,,1,10353
296078,0.06,,,1,10353
296200,0.35,,,1,10353
296201,0.225,,,1,10353
296241,0.375,,,1,10353
296246,0.35,,,1,10353
296273,0.75,,,1,10353
296319,0.5,,,1,10353
307269,0.55,,,1,10353
307273,0.225,,,1,10353
307295,0.35,,,1,10353
307307,0.8,,,1,10353
307309,0.85,,,1,10353
307324,0.21,,,1,10353
307353,0.65,,,1,10353
307378,0.55,,,1,10353
307419,0.9,,,1,10353
307515,0.2,,,1,10353
307518,0.3,,,1,10353
307521,0.4,,,1,10353
309273,1.15,,,1,10353
309315,0.3,,,1,10353
309388,2,,,1,10353
309473,9,,,1,10353
309477,11,,,1,10353
309483,9.5,,,1,10353
309521,0.22,,,1,10353
309558,0.185,,,1,10353
309846,0.525,,,1,10353
309897,0.35,,,1,10353
309899,0.25,,,1,10353
309966,4.5,,,1,10255
310090,0.9,,,1,10353
310107,2.5,,,1,10353
310280,0.25,,,1,10353
310281,0.275,,,1,10353
310324,1.5,,,1,10353
310326,1.35,,,1,10353
310378,0.45,,,1,10353
310690,1.9,,,1,10353
310691,0.65,,,1,10353
310700,2.25,,,1,10353
310710,0.3,,,1,10353
310895,2.75,,,1,10353
310918,2.25,,,1,10353
310920,1.2,,,1,10353
310921,2,,,1,10353
310923,1.65,,,1,10353
310964,1.02,,,1,10255
311007,0.8,,,1,10353
311234,0.4,,,1,10353
311521,1.75,,,1,10353
311530,5.75,,,1,10353
311532,0.5,,,1,10353
311920,0.5,,,1,10353
311921,0.5,,,1,10353
311927,2,,,1,10353
311969,0.3,,,1,10353
311997,1.1,,,1,10353
312001,1.4,,0,2,10353
312006,1.15,,,1,10353
312079,1.5,,,1,10353
312081,1.75,,,1,10353
312083,1,,,1,10353
312220,1.05,,,1,10353
312263,0.25,,,1,10353
312320,1.9,,,1,10353
312322,1.6,,,1,10353
312333,0.75,,,1,10353
312334,0.7,,,1,10353
312523,1.6,,,1,10353
312564,0.7,,,1,10353
312629,0.35,,,1,10353
312630,0.375,,,1,10353
312636,1.25,,,1,10353
312638,0.7,,,1,10353
312661,0.3,,,1,10353
312720,0.6,,,1,10353
312722,0.65,,,1,10353
312755,0.15,,,1,10353
313028,0.7,,,1,10353
313059,0.6,,,1,10353
313103,0.3,,,1,10353
313104,0.4,,0,2,10353
313106,0.3,,,1,10353
313107,0.3,,,1,10353
313108,0.25,,,1,10353
313393,1.06666666666667,,0.135,3,10353
313396,0.925,,0.038,2,10353
313424,2.75,,,1,10353
314142,1.5,,,1,10353
314166,0.5,,0,2,10353
314175,0.25,,,1,10353
314184,0.9,,,1,10353
314187,0.2,,,1,10353
314191,0.85,,,1,10353
314196,1,,,1,10353
314203,1.4,,,1,10353
314206,1.25,,,1,10353
314239,4.5,,,1,10353
314241,1.25,,,1,10353
314243,0.45,,,1,10353
314256,1.65,,,1,10353
314259,2.05,,,1,10353
314565,0.7,,,1,10353
314595,0.55,,,1,10353
314613,0.165,,,1,10353
314715,1,,,1,10353
314716,0.8,,,1,10353
314747,0.8,,,1,10353
314763,4.5,,,1,10353
314899,5,,,1,10353
314901,0.65,,,1,10353
314902,0.35,,,1,10353
314913,3.585,,,1,10353
314954,0.3,,,1,10353
314976,0.65,,,1,10353
314982,0.325,,,1,10353
314984,1.5,,,1,10353
315078,4.25,,,1,10353
315079,0.45,,,1,10353
315081,0.3,,,1,10353
315085,0.3,,,1,10353
315086,0.45,,,1,10353
315100,0.3,,,1,10353
315102,0.325,,,1,10353
315103,0.3,,,1,10353
315104,14.5,,,1,10353
315106,0.32,,0.088,2,10353
315109,0.7,,,1,10353
315110,0.5,,,1,10353
315111,0.8,,,1,10353
315117,0.75,,,1,10353
315118,0.575,,0.43,2,10353
315125,0.35,,,1,10353
315127,0.475,,,1,10353
315129,0.5,,,1,10353
315135,0.225,,,1,10353
315136,0.275,,,1,10353
315141,0.325,,,1,10353
315143,0.25,,,1,10353
315146,3.4,,,1,10353
315148,0.225,,,1,10353
315159,0.5,,,1,10353
315160,0.6,,,1,10353
315178,0.325,,,1,10353
315196,0.65,,,1,10353
315198,1.2,,,1,10353
315199,1.25,,,1,10353
315202,2,,,1,10353
315203,2.5,,,1,10353
315209,0.8,,,1,10353
315213,1.55,,,1,10353
315216,1.75,,,1,10353
315224,0.3,,,1,10353
315226,0.4,,,1,10353
315227,0.375,,,1,10353
315235,0.25,,,1,10353
315249,0.5,,,1,10353
315251,1.4,,,1,10353
315254,0.45,,,1,10353
315257,0.35,,,1,10353
315259,0.633333333333333,,0.091,3,10353
315260,1.25,,,1,10353
315284,0.8,,,1,10353
315285,0.225,,,1,10353
315289,0.4,,,1,10353
315291,0.9,,,1,10353
315708,0.35,,,1,10353
315779,0.325,,,1,10353
315780,0.9,,,1,10353
315793,0.28,,,1,10353
315795,0.3,,,1,10353
315803,0.4,,,1,10353
315816,1.1,,,1,10353
315850,0.475,,,1,10353
315860,0.75,,,1,10353
315864,0.3,,,1,10353
315868,0.3375,,0.157,2,10353
315884,0.5,,,1,10353
315886,0.525,,0.202,2,10353
315892,1,,,1,10353
315901,1.35,,,1,10353
315904,0.2,,,1,10353
315919,0.9,,,1,10353
315962,0.4,,,1,10353
315964,0.4,,,1,10353
315970,1.5,,,1,10353
315976,1.35,,,1,10353
315993,1.8,,,1,10353
315994,0.5,,,1,10353
316030,0.3,,,1,10353
316034,0.5,,,1,10353
316043,0.65,,,1,10353
316044,0.2,,,1,10353
316046,4,,,1,10353
316054,2.35,,,1,10353
316062,0.75,,,1,10353
316066,1.25,,,1,10353
316077,0.2,,,1,10353
316081,0.5,,,1,10353
316083,0.6,,,1,10353
316092,0.2,,,1,10353
316093,0.65,,,1,10353
316125,1.35,,,1,10353
316135,0.275,,0,2,10353
316137,1.2,,,1,10353
316139,0.6,,,1,10353
316140,4,,,1,10353
316154,0.2,,,1,10353
316155,1.1,,,1,10353
316162,0.4,,,1,10353
316185,1.5,,,1,10353
316189,0.2,,,1,10353
316191,0.25,,,1,10353
316199,1.25,,,1,10353
316210,0.44,,0.124,5,10353
316213,0.8,,0,4,10353
316215,1.75,,,1,10353
316216,3,,,1,10353
316228,0.75,,,1,10353
316230,0.9,,,1,10353
316237,0.2,,,1,10353
316239,4.5,,,1,10353
316240,3.25,,,1,10353
316244,1.25,,,1,10353
316245,0.75,,,1,10353
316250,0.5,,,1,10353
316252,0.5,,0,2,10353
316253,0.45,,0,2,10353
316254,2,,,1,10353
316255,2.4,,,1,10353
316256,0.9,,,1,10353
316258,2,,,1,10353
316259,0.95,,,1,10353
316262,0.225,,,1,10353
316264,1,,,1,10353
316265,1,,,1,10353
316266,0.525,,,1,10353
316267,1.4,,,1,10353
316268,1.525,,0.116,2,10353
316273,0.75,,,1,10353
316298,0.55,,,1,10353
316300,0.45,,,1,10353
316314,4,,,1,10353
316317,0.825,,,1,10353
316319,2.75,,,1,10353
316320,2,,,1,10353
316321,2.25,,,1,10353
316324,1.4,,,1,10353
316328,1,,,1,10353
316329,0.15,,,1,10353
316330,0.65,,,1,10353
316331,0.3,,,1,10353
316332,0.5,,,1,10353
316333,0.9,,,1,10353
316335,0.6,,,1,10353
316338,0.45,,,1,10353
316339,0.4,,,1,10353
316340,0.35,,,1,10353
316342,0.2,,,1,10353
316343,0.3,,,1,10353
316346,1.4,,,1,10353
316356,0.7,,,1,10353
316361,0.45,,,1,10353
316363,0.6,,,1,10353
316364,0.15,,,1,10353
316365,0.55,,0.129,2,10353
316369,0.85,,,1,10353
316370,0.5,,0,2,10353
316372,1.05,,,1,10353
316382,1.1,,,1,10353
316400,0.3,,,1,10353
316407,0.75,,0.133,3,10353
316409,0.65,,,1,10353
316415,0.8,,,1,10353
316422,3,,,1,10353
316423,1,,,1,10353
316425,8.75,,,1,10353
316428,1,,0,2,10353
316433,1.125,,0.157,2,10353
316436,0.791666666666667,,0.19,3,10353
316437,1.55,,,1,10353
316444,6.5,,,1,10353
316448,0.3,,,1,10353
316451,0.325,,,1,10353
316452,0.5,,,1,10353
316454,0.55,,,1,10353
316457,2,,,1,10353
316463,0.165,,,1,10353
316467,0.25,,,1,10353
316468,0.65,,,1,10353
316472,0.5,,,1,10353
316475,0.35,,0,2,10353
316477,1,,,1,10353
316492,1.75,,,1,10353
316496,0.4,,,1,10353
316500,0.4,,,1,10353
316502,0.9,,,1,10353
316505,0.225,,,1,10353
316506,0.2,,,1,10353
316509,0.5,,,1,10353
316510,0.3,,,1,10353
316511,0.55,,,1,10353
316512,0.5,,0,2,10353
316515,0.3,,,1,10353
316520,0.35,,,1,10353
316521,0.375,,,1,10353
316522,0.34,,,1,10353
316523,0.3,,,1,10353
316528,0.65,,,1,10353
316534,0.5,,,1,10353
316539,0.25,,,1,10353
316540,0.35,,,1,10353
316543,1.25,,,1,10353
316547,0.275,,,1,10353
316552,0.65,,0.109,2,10353
316554,0.55,,,1,10353
316555,0.95,,,1,10353
316557,0.4,,,1,10353
316558,0.3,,,1,10353
316564,0.375,,,1,10353
316569,0.35,,,1,10353
316573,0.65,,,1,10353
316574,1.35,,,1,10353
316576,2,,,1,10353
316577,0.85,,,1,10353
316578,1.15,,,1,10353
316579,2.5,,,1,10353
316580,0.45,,,1,10353
316581,0.5,,,1,10353
316582,0.7,,,1,10353
316586,0.55,,,1,10353
316589,1.4,,,1,10353
316596,1,,,1,10353
316597,1,,,1,10353
316598,1.1,,,1,10353
316599,0.65,,,1,10353
316600,0.4,,,1,10353
316612,0.2,,,1,10353
316618,0.55,,,1,10353
316622,0.8,,,1,10353
316626,0.11,,0.129,2,10353
316630,0.25,,,1,10353
316631,0.75,,,1,10353
316632,2,,,1,10353
316634,0.7,,,1,10353
316640,0.5,,,1,10353
316651,0.75,,,1,10353
316653,0.55,,,1,10353
316654,1.2,,,1,10353
316657,1,,,1,10353
316658,0.8,,,1,10353
316660,2,,,1,10353
316661,0.65,,,1,10353
316664,0.3,,,1,10353
316668,0.5,,,1,10353
316669,0.5,,,1,10353
316670,0.4,,,1,10353
316675,1.5,,,1,10353
316676,1.2,,,1,10353
316677,0.4,,,1,10353
316678,0.25,,,1,10353
316684,0.35,,,1,10353
316687,0.475,,,1,10353
316697,0.12,,,1,10353
316698,0.1,,,1,10353
316700,0.14,,0.16,5,10353
316703,0.27,,,1,10353
316719,0.8,,,1,10353
316720,0.2,,,1,10353
316732,1.75,,,1,10353
316733,1.4,,,1,10353
316734,1.85,,,1,10353
316741,0.2,,,1,10353
316742,0.4,,,1,10353
316749,0.275,,,1,10353
316750,0.275,,,1,10353
316753,0.65,,,1,10353
316764,1.3,,,1,10353
316765,2,,,1,10353
316774,0.2,,,1,10353
316775,0.2,,,1,10353
316777,0.15,,,1,10353
316781,1.5,,,1,10353
316786,0.4,,,1,10353
316788,0.35,,,1,10353
316790,1,,,1,10353
316793,0.325,,,1,10353
316794,0.85,,,1,10353
316795,0.7,,,1,10353
316796,0.9,,,1,10353
316797,0.8,,,1,10353
316798,0.4,,,1,10353
316799,0.25,,,1,10353
316811,1.1,,,1,10353
316818,2,,,1,10353
316819,1,,,1,10353
316822,1,,,1,10353
316826,6.25,,,1,10353
316827,0.65,,,1,10353
316828,0.8,,,1,10353
316832,0.3,,,1,10353
316839,0.9,,,1,10353
316841,0.55,,,1,10353
316844,0.6,,,1,10353
316852,0.65,,,1,10353
316854,0.9,,,1,10353
316858,1.65,,,1,10353
316861,0.15,,0,3,10353
316866,0.6,,,1,10353
316869,0.5,,,1,10353
316870,0.55,,,1,10353
316871,1.2,,,1,10353
316872,2,,,1,10353
316873,1.5,,,1,10353
316875,0.55,,,1,10353
316878,0.2,,,1,10353
316879,0.7,,,1,10353
316883,0.9,,,1,10353
316885,1.2,,,1,10353
316890,0.5,,,1,10353
316893,1.6,,,1,10353
316894,2.25,,,1,10353
316897,4,,,1,10353
316900,0.3,,0,2,10353
316903,1.1,,,1,10353
316904,1,,,1,10353
316905,0.25,,,1,10353
316907,0.5,,,1,10353
316908,0.7,,,1,10353
316909,0.45,,,1,10353
316910,0.8,,,1,10353
316913,0.75,,,1,10353
316921,1.05,,,1,10353
316923,0.3,,,1,10353
316924,0.375,,,1,10353
316925,0.3,,,1,10353
316926,0.6,,,1,10353
316933,0.25,,,1,10353
316934,0.7,,,1,10353
316935,0.6,,,1,10353
316939,2.25,,,1,10353
316940,2.5,,,1,10353
316942,0.25,,,1,10353
316945,0.9,,,1,10353
316950,0.7,,,1,10353
316954,2.5,,,1,10353
316959,0.85,,0,2,10353
316960,0.8,,,1,10353
316961,0.8,,,1,10353
316970,0.5,,,1,10353
316971,0.5,,,1,10353
316974,0.6,,,1,10353
316986,0.8,,,1,10353
316996,0.95,,,1,10353
316997,0.8,,,1,10353
316998,7.35,,,1,10353
316999,1.3,,,1,10353
317001,0.325,,,1,10353
317002,0.35,,,1,10353
317011,0.9,,,1,10353
317012,0.7,,,1,10353
317013,0.65,,,1,10353
317015,1,,,1,10353
317018,0.8,,,1,10353
317021,0.65,,,1,10353
317022,13.5,,,1,10353
317025,1.4,,,1,10353
317026,1,,,1,10353
317028,0.3,,,1,10353
317037,0.45,,,1,10353
317038,0.5,,,1,10353
317039,0.4,,,1,10353
317042,2,,,1,10353
317043,2.3,,,1,10353
317044,1.35,,,1,10353
317053,0.6,,,1,10353
317055,0.95,,,1,10353
317058,0.35,,,1,10353
317059,0.5,,,1,10353
317074,2,,,1,10353
317075,9,,,1,10353
317092,3.3,,,1,10353
317093,0.9,,,1,10353
317094,0.7,,0.101,2,10353
317095,0.7,,,1,10353
317097,0.7,,,1,10353
317098,0.925,,0.115,2,10353
317099,0.6,,,1,10353
317102,0.1,,,1,10353
317113,1.1,,,1,10353
317114,0.8,,,1,10353
317115,0.8,,,1,10353
317125,1,,,1,10353
317126,0.5,,,1,10353
317127,0.47,,,1,10353
317130,0.5,,,1,10353
317131,0.45,,,1,10353
317138,1.2,,,1,10353
317139,2.5,,,1,10353
317140,0.65,,,1,10353
317141,0.7,,,1,10353
317142,0.55,,,1,10353
317178,0.9,,,1,10353
317180,1,,,1,10353
317191,1,,,1,10353
317193,1.5,,,1,10353
317194,1.05,,,1,10353
317195,1,,,1,10353
317198,0.6,,,1,10353
317206,0.18,,,1,10353
317207,0.11,,,1,10353
317253,0.35,,,1,10353
317254,0.325,,,1,10353
317255,0.425,,,1,10353
317257,0.45,,0,2,10353
317258,0.325,,,1,10353
317260,0.25,,,1,10353
317262,0.7,,,1,10353
317263,1.2,,,1,10353
317264,0.9,,,1,10353
317268,10,,,1,10353
317269,10,,,1,10353
317276,1.2,,,1,10353
317277,0.18,,,1,10353
317286,0.45,,,1,10353
317288,0.5,,,1,10353
317289,0.95,,,1,10353
317291,0.09,,,1,10353
317292,0.6,,,1,10353
317293,0.7,,,1,10353
317294,0.5,,,1,10353
317295,0.55,,,1,10353
317297,1.3,,,1,10353
317298,1.35,,,1,10353
317299,1.1,,,1,10353
317301,0.8,,,1,10353
317303,0.3,,,1,10353
317304,0.7,,,1,10353
317310,2.7,,,1,10353
317324,0.7,,,1,10353
317329,0.9,,,1,10353
317330,0.85,,,1,10353
317331,4.5,,,1,10353
317336,0.6,,,1,10353
317337,2,,,1,10353
317338,0.5,,,1,10353
317339,0.7,,,1,10353
317340,4.25,,,1,10353
317341,0.9,,,1,10353
317345,0.65,,,1,10353
317346,1.75,,,1,10353
317348,1,,,1,10353
317349,1,,,1,10353
317352,1.1,,,1,10353
317353,1,,,1,10353
317354,0.85,,,1,10353
317355,1.25,,,1,10353
317357,1.25,,,1,10353
317359,1,,,1,10353
317360,3.75,,,1,10353
317364,0.5,,,1,10353
317367,0.275,,,1,10353
317368,0.25,,,1,10353
317389,0.3,,,1,10353
317398,1.2,,,1,10353
317401,0.6,,,1,10353
317402,0.45,,,1,10353
317403,0.225,,,1,10353
317407,0.1,,,1,10353
317408,0.1,,,1,10353
317409,0.1,,,1,10353
317410,3,,,1,10353
317412,2.25,,,1,10353
317414,0.1,,,1,10353
317416,0.8,,,1,10353
317417,0.55,,,1,10353
317418,0.6,,,1,10353
317423,1.6,,,1,10353
317424,0.6,,,1,10353
317426,1,,,1,10353
317427,0.9,,,1,10353
317429,0.7,,,1,10353
317433,0.55,,,1,10353
317435,0.8,,,1,10353
317437,0.7,,,1,10353
317443,0.25,,,1,10353
317451,0.065,,,1,10353
317461,1.75,,,1,10353
317467,0.5,,,1,10353
317469,11,,,1,10353
317471,0.8,,,1,10353
317475,0.06,,,1,10353
317476,2,,,1,10353
317477,0.9,,,1,10353
317485,0.25,,,1,10353
317486,0.45,,,1,10353
317487,0.35,,,1,10353
317495,2,,,1,10353
317500,1.2,,,1,10353
317501,1.5,,,1,10353
317504,0.3,,,1,10353
317505,2.25,,,1,10353
317507,0.8,,,1,10353
317510,0.25,,,1,10353
317516,0.3,,,1,10353
317527,0.3,,,1,10353
317528,0.5,,,1,10353
317533,0.4,,0,2,10353
317535,0.16,,0,2,10353
317540,0.65,,,1,10353
317541,0.75,,,1,10353
317542,0.7,,,1,10353
317557,0.75,,,1,10353
317559,0.7,,,1,10353
317569,1.3,,,1,10353
317570,1.35,,,1,10353
317573,0.75,,,1,10353
317577,1.5,,,1,10353
317581,0.08,,,1,10353
317582,0.45,,,1,10353
317583,1.25,,,1,10353
317584,0.325,,,1,10353
317590,0.5,,0.141,2,10353
317607,0.08,,,1,10353
317608,1,,,1,10353
317609,1.2,,,1,10353
317611,0.65,,,1,10353
317612,0.4,,,1,10353
317613,0.4,,,1,10353
317614,1.2,,,1,10353
317616,1.5,,,1,10353
317622,0.6,,,1,10353
317623,6.5,,,1,10353
317631,0.6,,,1,10353
317634,0.9,,0,2,10353
317637,0.08,,,1,10353
317642,0.5,,,1,10353
317645,3.5,,,1,10353
317647,2,,,1,10353
317648,2,,,1,10353
317649,0.55,,,1,10353
317653,0.35,,,1,10353
317656,1,,,1,10353
317659,0.5,,,1,10353
317663,0.5,,,1,10353
317671,1,,,1,10353
317672,1,,,1,10353
317673,0.35,,,1,10353
317674,0.9,,,1,10353
317675,0.2,,,1,10353
317678,0.5,,,1,10353
317680,0.45,,,1,10353
317681,0.275,,,1,10353
317684,0.5,,,1,10353
317686,2,,,1,10353
317692,2.25,,,1,10353
317693,1.3,,,1,10353
317695,0.4,,,1,10353
317699,0.575,,,1,10353
317712,0.2,,,1,10353
317713,0.175,,,1,10353
317718,0.85,,,1,10353
317719,0.9,,,1,10353
317720,0.7,,,1,10353
317723,0.65,,,1,10353
317727,0.79,,,1,10353
317740,1.6,,,1,10353
317741,4.25,,,1,10353
317756,1.4,,,1,10353
317757,0.4,,,1,10353
317758,1.15,,,1,10353
317762,2.5,,0,2,10353
317790,1,,,1,10353
317791,0.75,,,1,10353
317793,0.4,,,1,10353
317795,0.375,,,1,10353
317796,1.9,,,1,10353
317805,13,,,1,10353
317807,0.6,,,1,10353
317810,0.35,,,1,10353
317812,0.6,,,1,10353
317818,1.1,,,1,10353
317819,0.1,,,1,10353
317820,0.135,,,1,10353
317824,0.9,,,1,10353
317825,0.8,,,1,10353
317826,1.2,,,1,10353
317844,1.5,,0,2,10353
317846,0.45,,,1,10353
317847,4,,,1,10353
317848,2.5,,,1,10353
317849,0.3,,,1,10353
317851,2.7,,,1,10353
317852,0.65,,0.468,3,10353
317853,0.8,,,1,10353
317854,0.8,,,1,10353
317857,0.9,,,1,10353
317858,1.1,,,1,10353
317860,1.3,,,1,10353
317861,1,,,1,10353
317864,0.4,,,1,10353
317879,0.4,,,1,10353
317880,0.21,,,1,10353
317881,0.65,,,1,10353
317886,0.375,,,1,10353
317887,0.5,,,1,10353
317889,0.3,,,1,10353
317890,0.35,,,1,10353
317893,0.65,,,1,10353
317897,0.35,,,1,10353
317910,0.13,,,1,10353
317912,1.75,,,1,10353
317915,0.1,,,1,10353
317918,0.165,,0,2,10353
317919,0.5,,,1,10353
317923,2,,,1,10353
317924,0.5,,,1,10353
317925,0.75,,,1,10353
317927,0.75,,,1,10353
317928,1.1,,,1,10353
317931,0.275,,,1,10353
317934,0.8,,,1,10353
317942,1.3,,,1,10353
317943,3,,,1,10353
317949,1,,,1,10353
317953,5.5,,0,2,10353
317955,1.3,,,1,10353
317956,0.75,,,1,10353
317957,1.5,,,1,10353
317958,1.5,,,1,10353
317959,0.5125,,0.103,2,10353
317961,2.25,,,1,10353
317964,0.55,,,1,10353
317966,1.8,,,1,10353
317975,0.18,,,1,10353
317977,0.25,,,1,10353
317979,0.4,,,1,10353
317981,1.1,,,1,10353
317982,0.5,,,1,10353
317985,0.35,,,1,10353
317987,0.3,,,1,10353
317997,0.45,,,1,10353
317998,0.25,,,1,10353
317999,0.55,,,1,10353
318000,0.5,,,1,10353
318001,1.15,,,1,10353
318002,0.5,,,1,10353
318004,0.3,,,1,10353
318013,0.45,,,1,10353
318018,0.45,,,1,10353
318019,1.75,,,1,10353
318020,1.2,,,1,10353
318021,2.5,,,1,10353
318023,1.25,,,1,10353
318024,1.5,,,1,10353
318026,1,,,1,10353
318028,0.7,,,1,10353
318035,0.5,,,1,10353
318037,0.4,,,1,10353
318038,0.4,,0,2,10353
318039,0.6,,,1,10353
318040,0.4,,,1,10353
318042,0.3,,,1,10353
318046,0.7,,,1,10353
318049,0.6,,,1,10353
318050,0.45,,,1,10353
318053,1.1,,,1,10353
318058,0.6,,,1,10353
318059,1.2,,,1,10353
318064,1.85,,0.803,2,10353
318067,1.7,,,1,10353
318068,1.1,,,1,10353
318071,0.5,,,1,10353
318074,0.2,,,1,10353
318077,0.1,,,1,10353
318080,3,,,1,10353
318093,0.2,,,1,10353
318098,0.6,,,1,10353
318099,1.9,,,1,10353
318100,0.5,,,1,10353
318101,0.85,,,1,10353
318102,0.7,,,1,10353
318104,0.8,,,1,10353
318105,0.9,,,1,10353
318107,1.15,,,1,10353
318114,1.05,,,1,10353
318115,0.75,,,1,10353
318122,0.3,,0,2,10353
318123,0.25,,,1,10353
318124,2.5,,,1,10353
318125,10,,,1,10353
318131,0.6,,,1,10353
318132,2,,,1,10353
318133,1,,,1,10353
318137,0.4,,,1,10353
318138,0.5,,,1,10353
318140,0.35,,,1,10353
318141,0.125,,,1,10353
318142,1.75,,0,2,10353
318144,1.1,,,1,10353
318145,1.2,,,1,10353
318147,4.5,,,1,10353
318148,2.5,,,1,10353
318149,3.5,,,1,10353
318150,2.75,,,1,10353
318151,0.65,,0,2,10353
318152,0.65,,,1,10353
318153,0.55,,,1,10353
318154,0.55,,,1,10353
318160,1.15,,0,2,10353
318161,1.4,,,1,10353
318163,1.55,,,1,10353
318164,1.2,,,1,10353
318169,1.2,,,1,10353
318181,0.45,,,1,10353
318182,0.06,,,1,10353
318183,0.05,,,1,10353
318184,0.065,,,1,10353
318185,0.08,,,1,10353
318186,0.06,,,1,10353
318187,0.1,,,1,10353
318188,4,,,1,10353
318189,2,,,1,10353
318191,1.2,,,1,10353
318196,1.5,,,1,10353
318199,1.75,,,1,10353
318200,1.5,,,1,10353
318203,0.5,,,1,10353
318205,1.15,,,1,10353
318206,2,,,1,10353
318207,0.3,,,1,10353
318210,0.3,,,1,10353
318211,0.425,,0.083,2,10353
318221,0.13,,,1,10353
318222,0.12,,,1,10353
318227,1.25,,,1,10353
318228,0.9,,,1,10353
318254,0.425,,,1,10353
318257,0.5,,,1,10353
318262,1,,,1,10353
318263,0.5,,,1,10353
318264,1.1,,,1,10353
318271,0.375,,,1,10353
318272,0.4,,,1,10353
318274,0.4,,,1,10353
318275,0.3,,,1,10353
318276,0.375,,,1,10353
318277,0.4,,,1,10353
318278,0.7,,,1,10353
318280,0.7,,,1,10353
318287,1.35,,,1,10353
318289,2,,,1,10353
318299,0.7,,,1,10353
318302,0.55,,,1,10353
318303,0.55,,,1,10353
318304,0.6,,,1,10353
318309,1.4,,,1,10353
318312,1.15,,,1,10353
318315,2.25,,,1,10353
318316,1.4,,,1,10353
318318,0.1,,,1,10353
318319,0.5,,0,2,10353
318321,0.6,,,1,10353
318322,0.725,,,1,10353
318332,0.25,,,1,10353
318337,1.2,,,1,10353
318338,2.3,,,1,10353
318339,1.1,,,1,10353
318340,1.35,,,1,10353
318362,0.25,,,1,10353
318365,0.3,,,1,10353
318373,0.3,,,1,10353
318382,1.75,,,1,10353
318384,3.5,,,1,10353
318385,1.35,,,1,10353
318387,1.15,,,1,10353
318389,2.25,,,1,10353
318391,1,,,1,10353
318392,1.5,,,1,10353
318393,2.8,,,1,10353
318394,2.5,,,1,10353
318399,2.5,,,1,10353
318401,1.6,,,1,10353
318403,1.4,,,1,10353
318406,0.65,,,1,10353
318407,0.375,,,1,10353
318408,0.5,,,1,10353
318409,0.65,,0,2,10353
318410,0.25,,,1,10353
318411,0.4,,,1,10353
318412,0.3,,,1,10353
318413,0.4,,,1,10353
318415,0.15,,,1,10353
318416,0.3,,,1,10353
318417,0.3,,,1,10353
318418,0.45,,,1,10353
318419,0.6,,,1,10353
318424,0.8,,,1,10353
318432,1.1,,,1,10353
318433,0.9,,,1,10353
318435,0.25,,,1,10353
318446,0.75,,,1,10353
318451,6.5,,,1,10353
318453,1.15,,,1,10353
318454,0.8,,,1,10353
318457,0.7,,,1,10353
318461,0.1,,,1,10353
318462,0.06,,,1,10353
318463,0.1,,,1,10353
318464,1.7,,,1,10353
318465,0.45,,,1,10353
318466,0.325,,,1,10353
318469,0.6,,,1,10353
318472,0.45,,,1,10353
318479,0.6,,,1,10353
318481,2,,,1,10353
318482,2.75,,,1,10353
318483,1,,,1,10353
318487,0.5,,,1,10353
318495,0.1,,0,2,10353
318506,0.2,,,1,10353
318508,0.275,,,1,10353
318530,0.85,,,1,10353
318547,0.4,,,1,10353
318549,0.4,,0,3,10353
318550,0.5,,0,2,10353
318552,2,,,1,10353
318553,0.25,,,1,10353
318554,0.5,,,1,10353
318583,1.5,,,1,10353
318596,0.055,,,1,10353
318599,1.5,,,1,10353
318600,0.7,,,1,10353
318634,1,,,1,10353
318635,1.1,,,1,10353
318636,0.45,,,1,10353
318642,0.75,,,1,10353
318649,1.4,,,1,10353
318652,1,,,1,10353
318653,0.8,,,1,10353
318664,1.3,,,1,10353
318665,0.8,,,1,10353
318667,0.35,,,1,10353
318671,1.25,,,1,10353
318673,0.3,,,1,10353
318677,0.08,,,1,10353
318679,0.135,,,1,10353
318681,0.7,,,1,10353
318696,0.2,,,1,10353
318699,9.25,,,1,10353
318700,1.75,,,1,10353
318702,1.5,,,1,10353
318703,2.15,,,1,10353
318705,0.525,,0.067,2,10353
318707,3.5,,,1,10353
318708,0.9,,,1,10353
318709,2.6,,,1,10353
318710,2,,,1,10353
318712,1.5,,,1,10353
318713,0.5,,,1,10353
318715,0.55,,,1,10353
318718,0.65,,,1,10353
318724,8,,,1,10353
318727,1,,,1,10353
318730,0.5,,,1,10353
318734,0.35,,,1,10353
318736,0.3,,0,2,10353
318738,1,,,1,10353
318742,0.3,,,1,10353
318743,5.85,,,1,10353
318751,5.75,,,1,10353
318752,0.7,,,1,10353
318757,2.5,,,1,10353
318762,0.1,,,1,10353
318764,0.9,,,1,10353
318766,0.35,,,1,10353
318768,0.05,,0,2,10353
318780,6.5,,,1,10353
318785,3.2,,,1,10353
318786,2.75,,,1,10353
318787,0.75,,,1,10353
318792,0.08,,,1,10353
318804,1.75,,,1,10353
318835,1.6,,,1,10353
318836,0.65,,,1,10353
318838,1.7,,,1,10353
318842,1.1,,,1,10353
318849,1.7,,,1,10353
318850,0.75,,,1,10353
318851,1.1,,,1,10353
318855,2,,,1,10353
318856,4,,,1,10353
318861,0.275,,,1,10353
318869,0.7,,,1,10353
318895,0.75,,,1,10353
318896,1.3,,,1,10353
318897,0.6,,,1,10353
318898,1.25,,,1,10353
318900,0.425,,,1,10353
318901,0.65,,,1,10353
318902,0.3,,,1,10353
318906,1.3,,,1,10353
318912,6.5,,,1,10353
318916,1.75,,,1,10353
318917,1.5,,,1,10353
318934,1.75,,,1,10353
318941,0.7,,,1,10353
318943,0.06,,,1,10353
318944,0.08,,,1,10353
318945,0.1,,,1,10353
318949,0.5,,,1,10353
318950,0.08,,,1,10353
318958,1.65,,,1,10353
318962,0.85,,,1,10353
318966,5,,,1,10353
318968,0.7,,,1,10353
318969,0.6,,,1,10353
318970,1,,,1,10353
318972,2.7,,,1,10353
318977,0.6,,,1,10353
318978,0.25,,,1,10353
318994,0.95,,,1,10353
319000,0.6,,,1,10353
319002,0.4,,,1,10353
319003,0.55,,,1,10353
319005,0.35,,,1,10353
319006,0.55,,,1,10353
319011,0.7,,,1,10353
319017,0.5,,,1,10353
319018,1.1,,,1,10353
319019,0.8,,,1,10353
319020,0.5,,,1,10353
319021,0.85,,,1,10353
319022,0.7,,,1,10353
319023,1.75,,,1,10353
319024,1.5,,,1,10353
319025,1.6,,,1,10353
319026,0.9,,,1,10353
319032,0.55,,0,2,10353
319052,0.6,,,1,10353
319067,0.3,,,1,10353
319085,2.8,,,1,10353
319086,2.75,,,1,10353
319087,3.25,,,1,10353
319088,5,,,1,10353
319096,0.12,,,1,10353
319111,0.2,,,1,10353
319135,2.25,,,1,10353
319183,1.25,,,1,10353
319184,1.5,,,1,10353
319185,0.6,,,1,10353
319186,0.5,,,1,10353
319187,0.65,,,1,10353
319193,2.3,,,1,10353
319194,2.5,,,1,10353
319195,2.75,,,1,10353
319196,2,,,1,10353
319198,0.4,,,1,10353
319230,8.75,,,1,10353
319238,1.1,,,1,10353
319239,1.35,,,1,10353
319247,1.1,,,1,10353
319248,0.08,,,1,10353
319253,0.08,,,1,10353
319254,0.1,,,1,10353
319256,0.8,,,1,10353
319258,0.06,,,1,10353
319264,0.07,,,1,10353
319265,0.06,,,1,10353
319266,0.06,,,1,10353
319268,0.075,,,1,10353
319271,0.07,,,1,10353
319272,0.06,,,1,10353
319275,0.08,,,1,10353
319276,0.07,,,1,10353
319277,0.12,,,1,10353
319280,8,,,1,10353
319282,0.5,,,1,10353
319286,0.75,,,1,10353
319290,1.4,,,1,10353
319293,5.25,,,1,10353
319295,0.65,,,1,10353
319310,1.2,,,1,10353
319315,1.45,,,1,10353
319327,0.3,,,1,10353
319334,0.13,,,1,10353
319335,0.15,,,1,10353
319337,16,,,1,10353
319343,0.4,,,1,10353
319384,0.7,,,1,10353
319387,0.85,,,1,10353
319392,1.3,,,1,10353
319393,0.09,,,1,10353
319398,1.5,,,1,10353
319399,0.8,,,1,10353
319400,4,,,1,10353
319401,5.75,,,1,10353
319402,7.5,,,1,10353
319403,1.3,,,1,10353
319410,0.25,,,1,10353
319411,0.3,,,1,10353
319412,0.3,,,1,10353
319414,0.275,,,1,10353
319415,0.3,,,1,10353
319417,0.3,,,1,10353
319428,3,,,1,10353
319429,1,,,1,10353
319434,0.85,,,1,10353
319439,5,,,1,10353
319456,0.325,,,1,10353
319462,1.7,,,1,10353
319463,1.2,,,1,10353
319472,0.175,,,1,10353
319473,0.15,,,1,10353
319481,0.55,,,1,10353
319489,0.7,,,1,10353
319493,0.40875,,0.043,4,10353
319494,1.5,,,1,10353
319502,1.3,,,1,10353
319503,0.05,,,1,10353
319504,0.08,,,1,10353
319505,0.08,,,1,10353
319507,0.09,,,1,10353
319510,0.45,,,1,10353
319516,1,,,1,10353
319517,0.5,,0,2,10353
319523,0.5,,,1,10353
319528,0.15,,,1,10353
319529,0.08,,,1,10353
319530,0.15,,,1,10353
319538,0.7,,,1,10353
319543,2,,,1,10353
319546,1.35,,,1,10353
319547,0.7,,,1,10353
319555,0.8,,,1,10353
319563,0.9,,,1,10353
319577,0.5,,,1,10353
319581,1.05,,,1,10353
319582,1.15,,,1,10353
319583,1,,,1,10353
319591,2.5,,,1,10353
319592,0.4,,,1,10353
319593,2.25,,,1,10353
319595,0.4,,,1,10353
319596,0.55,,,1,10353
319599,0.55,,,1,10353
319600,0.85,,,1,10353
319601,0.6,,,1,10353
319605,2.05,,,1,10353
319608,1,,,1,10353
319609,1,,,1,10353
319613,1,,,1,10353
319614,0.8,,,1,10353
319619,0.4,,,1,10353
319663,0.225,,,1,10353
319670,0.375,,,1,10353
319672,0.35,,,1,10353
319677,1.5,,,1,10353
319679,1.1,,,1,10353
319682,1.2,,,1,10353
319683,0.55,,,1,10353
319685,9,,,1,10353
319694,0.13,,,1,10353
319695,0.11,,,1,10353
319697,3,,,1,10353
319717,2,,,1,10353
319718,1.75,,,1,10353
319720,0.12,,,1,10353
319725,0.45,,,1,10353
319736,0.2,,,1,10353
319741,0.28,,,1,10353
319745,0.5,,,1,10353
319747,0.2,,,1,10353
319751,1,,,1,10353
319752,0.6,,,1,10353
319771,0.375,,0.094,2,10353
319788,0.5,,,1,10353
319791,3.1,,,1,10353
319793,0.435,,,1,10353
319802,1.1,,,1,10353
319803,1.25,,0,2,10353
319804,0.85,,,1,10353
319819,1.7,,,1,10353
319820,2.25,,,1,10353
319821,2.15,,,1,10353
319822,2.05,,,1,10353
319823,1.5,,,1,10353
319826,1,,,1,10353
319828,0.4,,,1,10353
319830,0.3,,,1,10353
319831,0.3,,,1,10353
319835,1,,,1,10353
319836,1,,,1,10353
319837,1.15,,,1,10353
319838,0.85,,,1,10353
319841,1.1,,,1,10353
319843,0.65,,,1,10353
319854,0.12,,,1,10353
319856,0.1,,,1,10353
319858,0.1675,,0.274,2,10353
319861,0.4,,,1,10353
319866,5,,,1,10353
319867,0.4,,,1,10353
319872,0.7,,,1,10353
319876,1.4,,,1,10353
319899,1.9,,,1,10353
319906,0.225,,,1,10353
319910,0.3,,0,2,10353
319911,0.2,,,1,10353
319913,0.18,,0,2,10353
319914,0.2,,0,2,10353
319919,0.13,,,1,10353
319920,0.18,,,1,10353
319926,1.4,,,1,10353
319929,0.2,,,1,10353
319931,0.4,,,1,10353
319932,0.25,,,1,10353
319933,0.5,,,1,10353
319938,0.4,,,1,10353
319939,0.5,,,1,10353
319940,0.6,,,1,10353
319941,0.45,,,1,10353
319942,0.5,,,1,10353
319944,0.2,,,1,10353
319945,0.1,,,1,10353
319949,0.15,,,1,10353
319950,0.13,,,1,10353
319951,0.18,,,1,10353
319961,0.75,,,1,10353
319963,1.75,,,1,10353
319965,0.12,,,1,10353
319966,0.1,,0,2,10353
319967,0.12,,,1,10353
319968,0.07,,,1,10353
319970,0.07,,,1,10353
319971,0.1,,0,2,10353
319972,0.15,,,1,10353
319974,0.1,,,1,10353
319975,0.1,,,1,10353
319976,0.1,,,1,10353
319978,0.08,,,1,10353
319979,0.1,,,1,10353
319980,0.1,,,1,10353
319997,0.5,,,1,10353
320022,0.65,,,1,10353
320023,0.65,,,1,10353
320024,0.5,,,1,10353
320028,0.45,,,1,10353
320031,0.5,,,1,10353
320032,0.325,,,1,10353
320035,0.6,,,1,10353
320036,0.65,,,1,10353
320056,0.45,,,1,10353
320071,0.9,,0,2,10353
320074,6,,,1,10353
320104,0.235,,0,3,10353
320105,0.35,,0.165,4,10353
320107,0.3,,,1,10353
320108,0.3,,,1,10353
320110,0.2,,,1,10353
320112,0.225,,,1,10353
320114,0.325,,0,2,10353
320116,0.2,,,1,10353
320117,0.275,,,1,10353
320118,0.2,,,1,10353
320120,3,,,1,10353
320189,1.7,,,1,10353
320192,0.6,,,1,10353
320194,0.7,,,1,10353
320195,0.75,,,1,10353
320197,1.1,,,1,10353
320198,1.4,,,1,10353
320199,0.85,,,1,10353
320200,0.85,,,1,10353
320201,0.75,,0.189,2,10353
320202,0.75,,,1,10353
320203,0.9,,,1,10353
320205,1.1,,0,2,10353
320207,0.85,,,1,10353
320208,0.95,,0.074,2,10353
320209,0.7,,,1,10353
320211,0.7,,,1,10353
320212,0.75,,,1,10353
320214,1.025,,0.103,2,10353
320215,0.75,,,1,10353
320217,0.75,,,1,10353
320218,0.975,,0.109,2,10353
320219,0.65,,,1,10353
320220,0.725,,0.049,2,10353
320222,1.2,,,1,10353
320224,0.7375,,0.168,2,10353
320226,1.2,,,1,10353
320229,1,,,1,10353
320231,0.75,,,1,10353
320233,0.85,,,1,10353
320235,1.25,,,1,10353
320236,1.3,,,1,10353
320237,1.15,,,1,10353
320239,1.1,,,1,10353
320241,1,,,1,10353
320250,0.1,,,1,10353
320251,0.1,,,1,10353
320252,0.1,,,1,10353
320259,0.5,,,1,10353
320260,0.7,,,1,10353
320262,0.325,,,1,10353
320264,0.4,,,1,10353
320265,0.45,,,1,10353
320266,0.2,,,1,10353
320269,0.9,,,1,10353
320290,3.25,,,1,10353
320291,0.3,,,1,10353
320292,0.3,,,1,10353
320295,0.45,,,1,10353
320296,1.9,,,1,10353
320298,1,,,1,10353
320299,0.8,,,1,10353
320300,0.6,,,1,10353
320303,0.9,,,1,10353
320310,0.185,,,1,10353
320311,0.25,,,1,10353
320312,0.15,,,1,10353
320327,0.3,,,1,10353
320330,0.35,,,1,10353
320331,0.5,,,1,10353
320332,0.5,,,1,10353
320334,0.4,,,1,10353
320336,0.45,,,1,10353
320343,0.25,,,1,10353
320345,0.7,,,1,10353
320352,1.15,,,1,10353
320356,1.35,,,1,10353
320357,0.85,,,1,10353
320358,0.55,,,1,10353
320360,0.85,,,1,10353
320361,0.525,,0.337,2,10353
320364,2,,,1,10353
320366,1.35,,,1,10353
320370,1.5,,,1,10353
320371,0.6,,0.118,2,10353
320373,1,,,1,10353
320374,2.3,,,1,10353
320375,2.25,,,1,10353
320376,1.25,,,1,10353
320378,1.1,,,1,10353
320379,1.85,,0,3,10353
320380,2.125,,0.25,2,10353
320385,1,,,1,10353
320386,3,,,1,10353
320387,0.51,,,1,10353
320388,0.7,,,1,10353
320389,1.1,,,1,10353
320390,1.1,,,1,10353
320392,1.5,,,1,10353
320394,1.275,,0.36,2,10353
320395,1,,,1,10353
320396,1.2,,,1,10353
320398,1,,,1,10353
320399,1,,,1,10353
320400,1.2,,,1,10353
320401,1.5,,,1,10353
320403,1,,,1,10353
320404,3.5,,,1,10353
320405,1,,,1,10353
320406,0.5,,0.283,2,10353
320409,0.9,,,1,10353
320410,1.15,,,1,10353
320411,1,,,1,10353
320412,1.8,,,1,10353
320413,1.25,,,1,10353
320414,0.8,,,1,10353
320416,1.1,,,1,10353
320418,1.1,,,1,10353
320419,1,,,1,10353
320421,0.75,,,1,10353
320423,1.1,,,1,10353
320424,0.7,,,1,10353
320426,1.05,,,1,10353
320427,0.9,,,1,10353
320429,0.8,,,1,10353
320430,0.7,,,1,10353
320433,2.5,,,1,10353
320436,0.9,,0,2,10353
320437,1,,,1,10353
320438,0.9,,,1,10353
320439,1,,,1,10353
320444,1.65,,,1,10353
320445,1.3,,,1,10353
320446,0.7,,,1,10353
320448,0.5,,,1,10353
320449,1,,,1,10353
320451,0.85,,,1,10353
320452,0.8,,,1,10353
320454,0.85,,,1,10353
320457,0.8,,,1,10353
320459,0.55,,,1,10353
320460,0.45,,,1,10353
320461,0.4,,,1,10353
320462,0.4,,,1,10353
320463,0.4,,,1,10353
320464,0.25,,,1,10353
320465,0.3,,,1,10353
320467,0.5,,,1,10353
320468,0.55,,,1,10353
320469,0.35,,,1,10353
320470,0.2,,,1,10353
320471,0.4,,,1,10353
320472,0.4,,,1,10353
320473,0.35,,,1,10353
320474,0.4,,,1,10353
320475,0.4,,,1,10353
320478,0.4,,,1,10353
320484,4.5,,,1,10353
320491,0.575,,,1,10353
320495,2,,,1,10353
320496,3.5,,,1,10353
320506,0.5,,,1,10353
320509,1.7,,,1,10353
320510,1.5,,,1,10353
320512,1.2,,,1,10353
320515,1.1,,0,2,10353
320517,1.7,,,1,10353
320535,1.9,,,1,10353
320540,1.95,,0,2,10353
320546,1.8,,,1,10353
320553,1.5,,0,2,10353
320555,1.75,,,1,10353
320557,1.9,,,1,10353
320561,1.8,,,1,10353
320579,0.875,,,1,10353
320580,0.9,,,1,10353
320591,0.15,,,1,10353
320593,0.7,,,1,10353
320595,0.45,,0.157,2,10353
320596,0.8,,,1,10353
320597,0.75,,0,2,10353
320600,0.65,,,1,10353
320602,0.375,,,1,10353
320603,0.4,,,1,10353
320604,0.4,,,1,10353
320605,0.85,,,1,10353
320606,0.8,,0.265,2,10353
320607,0.5,,,1,10353
320621,0.7,,,1,10353
320623,0.8,,,1,10353
320630,0.08,,,1,10353
320632,5,,,1,10353
320633,4.5,,,1,10353
320635,0.7,,,1,10353
320636,0.225,,,1,10353
320640,1.5,,,1,10353
320642,0.2,,,1,10353
320643,0.2,,,1,10353
320647,0.17,,,1,10353
320648,8,,,1,10353
320653,0.6,,,1,10353
320659,1,,,1,10353
320660,0.38,,,1,10353
320662,0.45,,,1,10353
320664,0.2,,,1,10353
320667,0.375,,,1,10353
320668,1.25,,,1,10353
320669,0.85,,,1,10353
320670,0.775,,0.137,2,10353
320671,1.75,,,1,10353
320673,0.758333333333333,,0.209,3,10353
320674,0.45,,,1,10353
320675,0.5125,,0.172,2,10353
320676,1.9,,,1,10353
320677,0.7,,,1,10353
320678,0.6,,,1,10353
320679,1.65,,,1,10353
320680,0.375,,,1,10353
320681,1.9,,,1,10353
320683,1.6,,,1,10353
320686,0.325,,,1,10353
320687,1.65,,,1,10353
320688,0.625,,,1,10353
320689,7.35,,,1,10353
320690,0.425,,,1,10353
320694,1.1,,,1,10353
320695,0.5,,,1,10353
320696,0.35,,,1,10353
320697,1.2,,0.144,3,10353
320699,0.725,,0.192,3,10353
320700,0.35,,,1,10353
320701,0.8,,,1,10353
320703,1.2,,,1,10353
320704,2.3,,,1,10353
320705,0.425,,,1,10353
320706,0.45,,,1,10353
320708,1.15,,,1,10353
320714,1.975,,0.269,2,10353
320715,1.4,,,1,10353
320717,0.425,,,1,10353
320718,0.5375,,0.164,2,10353
320719,1.85,,,1,10353
320720,0.45,,,1,10353
320722,0.9,,,1,10353
320723,2.25,,,1,10353
320726,0.95,,,1,10353
320728,1.2,,,1,10353
320734,2,,,1,10353
320735,2.5,,,1,10353
320737,2.5,,,1,10353
320738,0.25,,,1,10353
320739,2,,,1,10353
320747,0.7,,,1,10353
320748,1.25,,,1,10353
320751,0.1,,,1,10353
320754,3.5,,,1,10353
320757,0.13,,,1,10353
320767,0.3,,,1,10353
320773,0.5,,,1,10353
320774,0.7,,,1,10353
320775,0.8,,,1,10353
320776,0.65,,,1,10353
320782,2.3,,,1,10353
320783,0.2,,,1,10353
320784,0.15,,,1,10353
320791,1.1,,,1,10353
320793,1.95,,,1,10353
320889,0.5,,,1,10353
320890,0.55,,,1,10353
320891,0.7,,,1,10353
320895,0.14,,,1,10353
320896,0.06,,,1,10353
320904,0.1,,,1,10353
320910,0.5,,,1,10353
320915,0.4,,,1,10353
320919,0.5,,,1,10353
320920,0.8,,,1,10353
320923,0.8,,,1,10353
320924,0.6,,,1,10353
320925,0.55,,,1,10353
320927,0.475,,,1,10353
320928,0.7,,,1,10353
320930,0.4,,,1,10353
320932,0.7,,,1,10353
320935,0.5,,,1,10353
320946,0.3,,,1,10353
320952,0.9,,,1,10353
320956,1.75,,,1,10353
320957,1.3,,,1,10353
320959,1.9,,,1,10353
320961,1.3,,,1,10353
320973,0.45,,,1,10353
320974,0.45,,,1,10353
320975,0.35,,,1,10353
320976,0.45,,,1,10353
320980,0.3,,,1,10353
320981,0.4,,,1,10353
320982,0.55,,,1,10353
320983,0.325,,,1,10353
320984,0.25,,,1,10353
320986,0.45,,,1,10353
320987,0.55,,,1,10353
320988,0.45,,,1,10353
320996,6,,,1,10353
320997,1.1,,,1,10353
320998,1.25,,,1,10353
320999,1,,,1,10353
321003,1.5,,,1,10353
321004,7.5,,,1,10353
321005,6,,,1,10353
321007,2.15,,,1,10353
321008,0.25,,0.849,2,10353
321010,0.2,,,1,10353
321016,0.21,,,1,10353
321017,0.2,,,1,10353
321018,0.26,,,1,10353
321019,0.17,,,1,10353
321020,0.15,,,1,10353
321021,0.18,,,1,10353
321022,0.18,,,1,10353
321023,0.2,,,1,10353
321024,0.225,,,1,10353
321025,0.18,,,1,10353
321026,0.215,,,1,10353
321027,0.275,,,1,10353
321028,0.7,,,1,10353
321042,0.165,,,1,10353
321043,0.2,,,1,10353
321049,1.3,,,1,10353
321050,2,,,1,10353
321052,0.25,,,1,10353
321079,0.2,,,1,10353
321091,0.55,,,1,10353
321098,0.55,,,1,10353
321099,0.3,,,1,10353
321100,0.45,,,1,10353
321101,0.4,,,1,10353
321102,0.35,,,1,10353
321103,0.5,,,1,10353
321104,0.3,,,1,10353
321105,0.45,,,1,10353
321134,1.3,,,1,10353
321139,1.4,,,1,10353
321141,2.2,,,1,10353
321142,1.25,,,1,10353
321147,1.2,,,1,10353
321148,1,,0,2,10353
321151,0.45,,,1,10353
321155,1.8,,,1,10353
321156,1.5,,,1,10353
321157,1.7,,,1,10353
321159,1.2,,,1,10353
321167,1.1,,0,2,10353
321172,1.5,,,1,10353
321187,1,,,1,10353
321191,0.7,,,1,10353
321192,1.2,,,1,10353
321195,0.85,,,1,10353
321196,0.9,,,1,10353
321199,1,,,1,10353
321201,1.4,,,1,10353
321202,1.1,,,1,10353
321203,1.3,,,1,10353
321209,1,,,1,10353
321211,1.4,,,1,10353
321214,1.8,,,1,10353
321218,0.9,,,1,10353
321219,0.9,,,1,10353
321222,1.4,,,1,10353
321225,1.8,,,1,10353
321227,2.1,,,1,10353
321231,1.3,,,1,10353
321233,0.5,,,1,10353
321237,2,,,1,10353
321244,1.7,,,1,10353
321246,0.8,,,1,10353
321252,1.4,,,1,10353
321256,1.2,,,1,10353
321266,0.6,,,1,10353
321277,0.4,,,1,10353
321278,0.6,,,1,10353
321283,0.8,,,1,10353
321284,2.6,,,1,10353
321289,1,,,1,10353
321292,0.175,,,1,10353
321296,0.15,,,1,10353
321306,1.4,,,1,10353
321308,0.525,,,1,10353
321309,0.7,,,1,10353
321327,0.8,,,1,10353
321372,0.5,,,1,10353
321380,0.21,,,1,10353
321385,0.3,,,1,10353
321386,0.6,,,1,10353
321387,0.6,,,1,10353
321395,0.85,,,1,10353
321398,1.05,,,1,10353
321412,0.95,,,1,10353
321414,0.8,,,1,10353
321418,0.45,,,1,10353
321423,1.75,,,1,10353
321426,1.25,,,1,10353
321431,0.5,,,1,10353
321436,0.6,,,1,10353
321441,2,,,1,10353
321446,0.375,,,1,10353
321451,1.15,,,1,10353
321453,0.7,,,1,10353
321463,0.25,,0,2,10353
321467,0.8,,,1,10353
321469,0.27,,,1,10353
321470,0.55,,,1,10353
321471,0.55,,,1,10353
321472,0.75,,,1,10353
321473,2,,,1,10353
321475,0.1,,,1,10353
321476,0.15,,,1,10353
321477,0.15,,,1,10353
321478,0.1,,,1,10353
321479,0.2,,,1,10353
321481,0.1,,,1,10353
321482,0.2,,,1,10353
321486,0.125,,,1,10353
321488,0.15,,,1,10353
321490,0.175,,,1,10353
321491,0.7,,,1,10353
321494,0.75,,,1,10353
321496,0.95,,,1,10353
321497,0.95,,,1,10353
321500,0.875,,,1,10353
321501,0.55,,,1,10353
321502,0.8,,,1,10353
321514,2,,,1,10353
321515,2,,,1,10353
321516,1.25,,,1,10353
321517,1.5,,,1,10353
321518,0.5,,,1,10353
321519,2.25,,,1,10353
321520,0.6,,,1,10353
321521,2.5,,,1,10353
321522,1.75,,,1,10353
321525,1.1,,,1,10353
321527,1.75,,,1,10353
321528,0.475,,,1,10353
321530,1,,,1,10353
321531,1.6,,,1,10353
321533,3,,,1,10353
321534,0.5,,,1,10353
321535,0.3,,,1,10353
321536,1.75,,,1,10353
321539,1.5,,,1,10353
321540,1.25,,,1,10353
321541,0.6,,,1,10353
321542,2.5,,,1,10353
321544,2.5,,,1,10353
321546,1,,,1,10353
321549,0.6,,,1,10353
321550,2.8,,,1,10353
321554,2.25,,,1,10353
321555,0.5,,,1,10353
321556,2.5,,,1,10353
321557,0.5,,,1,10353
321558,2.5,,,1,10353
321559,0.3,,,1,10353
321561,0.65,,,1,10353
321562,0.45,,,1,10353
321564,0.35,,,1,10353
321569,0.95,,,1,10353
321570,1.75,,,1,10353
321571,0.4,,,1,10353
321573,1.15,,,1,10353
321574,0.35,,,1,10353
321575,1,,,1,10353
321576,2.5,,,1,10353
321578,1.25,,,1,10353
321579,1,,,1,10353
321580,0.6,,,1,10353
321581,2.05,,,1,10353
321584,0.9,,,1,10353
321585,0.7,,,1,10353
321586,2.25,,,1,10353
321587,0.4,,,1,10353
321588,1.2,,,1,10353
321591,1.75,,,1,10353
321593,1.25,,,1,10353
321594,1.05,,,1,10353
321595,0.35,,,1,10353
321596,2.5,,,1,10353
321597,1.25,,,1,10353
321599,0.4,,,1,10353
321600,0.35,,,1,10353
321604,3.5,,,1,10353
321605,2,,,1,10353
321606,1.75,,,1,10353
321608,0.9,,,1,10353
321610,0.5,,,1,10353
321611,0.4,,,1,10353
321622,0.7,,,1,10353
321623,1,,,1,10353
321624,1.1,,,1,10353
321626,1,,,1,10353
321627,1.25,,,1,10353
321630,1,,,1,10353
321632,1.5,,,1,10353
321635,1,,,1,10353
321636,1.5,,,1,10353
321641,1.65,,,1,10353
321642,1.1,,,1,10353
321643,0.95,,,1,10353
321644,0.9,,,1,10353
321645,1,,,1,10353
321646,1,,,1,10353
321647,1.5,,,1,10353
321650,0.4,,,1,10353
321651,0.55,,,1,10353
321655,0.5,,,1,10353
321656,0.3,,,1,10353
321659,0.6,,,1,10353
321662,0.275,,,1,10353
321665,0.525,,,1,10353
321671,0.4,,,1,10353
321675,0.4,,,1,10353
321680,0.3,,,1,10353
321683,0.5,,,1,10353
321685,0.275,,,1,10353
321687,0.32,,,1,10353
321689,0.3625,,0.049,2,10353
321692,0.25,,,1,10353
321693,0.5,,,1,10353
321698,0.35,,,1,10353
321703,0.35,,,1,10353
321704,0.3,,,1,10353
321706,0.3,,,1,10353
321707,0.3,,,1,10353
321709,0.2,,,1,10353
321710,0.28,,,1,10353
321711,0.4,,,1,10353
321712,0.28,,,1,10353
321713,0.3,,,1,10353
321714,0.35,,,1,10353
321715,0.35,,,1,10353
321717,0.3,,,1,10353
321719,0.5,,,1,10353
321720,0.275,,,1,10353
321721,0.4,,,1,10353
321722,0.5,,,1,10353
321723,0.4,,,1,10353
321725,0.26,,,1,10353
321727,0.35,,,1,10353
321730,0.3,,,1,10353
321731,0.35,,,1,10353
321732,0.3,,,1,10353
321733,0.3,,,1,10353
321735,0.3,,,1,10353
321736,0.3,,,1,10353
321739,0.45,,,1,10353
321740,0.4,,,1,10353
321741,0.3,,,1,10353
321743,0.4,,,1,10353
321748,0.4,,,1,10353
321749,0.4,,,1,10353
321813,0.4,,,1,10353
321816,1.25,,,1,10353
321817,1.1,,,1,10353
321818,0.8,,,1,10353
321876,0.3,,,1,10353
321883,0.45,,,1,10353
321885,0.35,,,1,10353
321892,0.8,,,1,10353
321893,0.7,,,1,10353
321894,0.8,,,1,10353
321895,1.9,,,1,10353
321897,1.25,,,1,10353
321900,1.2,,,1,10353
321901,0.8,,,1,10353
321904,1.1,,,1,10353
321905,0.9,,,1,10353
321906,0.9,,,1,10353
321908,1,,,1,10353
321909,0.9,,,1,10353
321910,0.9,,,1,10353
321912,0.8,,,1,10353
321913,0.9,,,1,10353
321914,1.1,,,1,10353
321915,1,,,1,10353
321916,1.3,,,1,10353
321938,5,,,1,10353
321939,3.5,,,1,10353
321940,4.25,,,1,10353
321941,3.5,,,1,10353
321942,4,,,1,10353
321943,4.75,,,1,10353
321950,0.35,,,1,10353
321961,0.5,,,1,10353
321968,0.9,,,1,10353
321973,0.7,,,1,10353
321980,1,,,1,10353
321982,1.4,,,1,10353
321983,1.1,,,1,10353
321987,0.5,,,1,10353
321991,0.3,,,1,10353
321999,0.375,,,1,10353
322002,0.3,,,1,10353
322003,0.3,,,1,10353
322008,0.25,,,1,10353
322009,0.4,,,1,10353
322010,0.3,,,1,10353
322011,0.3,,0,2,10353
322012,0.3,,,1,10353
322013,0.8,,,1,10353
322014,0.25,,,1,10353
322015,0.2,,,1,10353
322016,0.235,,,1,10353
322017,0.16,,,1,10353
322018,0.325,,,1,10353
322025,0.9,,,1,10353
322029,0.2,,,1,10353
322040,0.2,,,1,10353
322046,0.1,,,1,10353
322047,0.13,,,1,10353
322048,0.175,,,1,10353
322050,0.1,,,1,10353
322055,0.15,,,1,10353
322056,0.2,,,1,10353
322060,1.2,,,1,10353
322061,1.05,,0,2,10353
322062,1,,,1,10353
322063,0.9,,,1,10353
322072,0.3,,,1,10353
322073,0.45,,,1,10353
322074,0.3,,,1,10353
322075,0.4,,,1,10353
322076,0.35,,,1,10353
322079,2.5,,,1,10353
322086,0.55,,,1,10353
322091,0.4,,,1,10353
322108,2.75,,,1,10353
322110,2.3,,,1,10353
322116,0.4,,,1,10353
322120,2,,,1,10353
322127,0.8,,,1,10353
322128,0.7,,,1,10353
322129,0.8,,,1,10353
322131,0.55,,,1,10353
322144,13,,,1,10353
322154,1.1,,,1,10353
322155,1.4,,,1,10353
322177,0.07,,,1,10353
322180,0.1,,,1,10353
322181,1,,,1,10353
322185,1.3,,,1,10353
322214,0.08,,,1,10353
322220,0.3,,,1,10353
322222,0.3,,,1,10353
322245,1,,,1,10353
322254,0.1,,,1,10353
322255,0.08,,,1,10353
322271,0.8,,,1,10353
322273,1.8,,,1,10353
322274,0.85,,,1,10353
322277,3.85,,,1,10353
322279,3.5,,,1,10353
322282,1.2,,,1,10353
322283,1.25,,,1,10353
322290,0.25,,,1,10353
322296,5.5,,,1,10353
322301,1.15,,,1,10353
322302,1.1,,,1,10353
322313,2,,,1,10353
322326,0.15,,,1,10353
322328,1.85,,,1,10353
322342,0.6,,,1,10353
322344,0.35,,,1,10353
322368,1,,,1,10353
322369,0.07,,,1,10353
322370,0.1,,,1,10353
322380,0.4,,,1,10353
322382,0.6,,,1,10353
322399,0.45,,,1,10353
322400,0.8,,,1,10353
322422,1.6,,,1,10353
322424,0.5,,,1,10353
322447,0.35,,,1,10353
322448,0.2,,,1,10353
322449,0.2875,,0.061,2,10353
322452,0.265,,,1,10353
322479,5,,,1,10353
322480,3.5,,,1,10353
322483,0.7,,,1,10353
322484,0.75,,0,2,10353
322487,0.6,,,1,10353
322488,0.85,,,1,10353
322489,1,,,1,10353
322491,0.6,,,1,10353
322494,0.95,,,1,10353
322495,1.2,,,1,10353
322501,1.1,,,1,10353
322502,1,,,1,10353
322503,0.75,,,1,10353
322505,0.775,,0.046,2,10353
322506,0.65,,,1,10353
322513,0.08,,,1,10353
322514,0.1,,,1,10353
322530,0.45,,,1,10353
322560,2,,,1,10353
322565,6.5,,,1,10353
322566,1.3,,,1,10353
322569,4.5,,,1,10353
322588,0.475,,,1,10353
322589,0.3,,,1,10353
322610,1.05,,0.067,2,10353
322611,1.15,,,1,10353
322612,0.95,,,1,10353
322615,1.5,,,1,10353
322619,0.7,,,1,10353
322620,1.1,,,1,10353
322621,1,,,1,10353
322622,0.5,,,1,10353
322624,0.55,,,1,10353
322625,0.35,,,1,10353
322629,0.16,,,1,10353
322630,0.5,,,1,10353
322631,0.5,,,1,10353
322632,0.6,,,1,10353
322633,0.65,,,1,10353
322634,0.4,,,1,10353
322635,0.35,,,1,10353
322636,0.4,,,1,10353
322637,0.5,,,1,10353
322638,0.5,,,1,10353
322639,0.35,,,1,10353
322643,3.1,,,1,10353
322668,0.7,,,1,10353
322669,0.7,,,1,10353
322671,1.65,,,1,10353
322675,1.3,,,1,10353
322685,0.25,,,1,10353
322690,2,,,1,10353
322696,1,,,1,10353
322708,1.8,,,1,10353
322746,1.5,,,1,10353
322747,3.25,,,1,10353
322749,2.75,,,1,10353
322770,0.05,,,1,10353
322773,0.06,,,1,10353
322780,0.04,,,1,10353
322783,2.75,,,1,10353
322788,0.2175,,0.114,2,10353
322791,1.5,,,1,10353
322792,0.8,,,1,10353
322802,0.9,,,1,10353
322813,1,,,1,10353
322817,0.65,,,1,10353
322818,1.85,,,1,10353
322820,1.35,,,1,10353
322821,0.85,,,1,10353
322822,1.1,,,1,10353
322824,0.425,,,1,10353
322825,0.425,,,1,10353
322827,3,,,1,10353
322835,7.5,,,1,10353
322847,0.75,,,1,10353
322861,0.65,,,1,10353
322863,1.2,,,1,10353
322942,0.15,,,1,10353
322944,0.32,,,1,10353
322949,1.3,,,1,10353
322963,0.7,,,1,10353
322965,0.4,,0,2,10353
322966,0.4,,,1,10353
322969,0.55,,,1,10353
322972,0.5,,,1,10353
322975,0.3,,,1,10353
322977,0.6,,,1,10353
322982,1.5,,,1,10353
322990,0.6,,,1,10353
322991,0.4,,,1,10353
322992,0.5,,,1,10353
322993,0.45,,,1,10353
322997,0.3,,,1,10353
322999,0.35,,,1,10353
323004,2.2,,,1,10353
323005,0.5,,,1,10353
323016,0.8,,,1,10353
323020,5,,,1,10353
323021,1.5,,,1,10353
323022,0.9,,,1,10353
323025,2.5,,,1,10353
323026,6.5,,,1,10353
323041,1.5,,,1,10353
323047,0.9,,,1,10353
323048,0.3,,,1,10353
323049,0.165,,,1,10353
323050,0.15,,,1,10353
323051,0.18,,,1,10353
323052,0.5,,,1,10353
323057,0.14,,,1,10353
323058,0.2,,,1,10353
323065,0.316666666666667,,0.091,3,10353
323077,0.395,,0.187,4,10353
323079,0.35,,,1,10353
323089,1,,,1,10353
323092,1.3,,,1,10353
323103,1.5,,,1,10353
323108,1,,,1,10353
323110,1.4,,,1,10353
323116,1.25,,,1,10353
323120,1.3,,,1,10353
323124,1.2,,,1,10353
323127,0.09,,,1,10353
323130,0.6,,,1,10353
323149,1.1,,,1,10353
323150,1.8,,,1,10353
323157,0.465,,,1,10353
323158,0.12,,,1,10353
323159,0.08,,,1,10353
323160,0.12,,,1,10353
323161,0.28,,,1,10353
323170,0.45,,,1,10353
323171,0.4,,,1,10353
323188,0.9,,,1,10353
323227,0.3,,,1,10353
323228,0.325,,,1,10353
323229,0.35,,,1,10353
323230,0.25,,,1,10353
323241,0.3,,,1,10353
323246,0.375,,0.094,2,10353
323248,1.75,,,1,10353
323263,1.8,,,1,10353
323266,0.22,,,1,10353
323270,0.1,,,1,10353
323275,1.3,,,1,10353
323278,1,,,1,10353
323281,0.9,,,1,10353
323284,2,,,1,10353
323287,0.6,,,1,10353
323289,1.85,,,1,10353
323290,0.5,,,1,10353
323291,1.75,,,1,10353
323293,0.7,,,1,10353
323295,0.5,,,1,10353
323298,0.3,,,1,10353
323299,0.6,,,1,10353
323300,1,,,1,10353
323304,0.5,,,1,10353
323305,3,,,1,10353
323306,0.45,,,1,10353
323307,3.5,,,1,10353
323308,0.6,,,1,10353
323309,1.4,,,1,10353
323311,1.75,,,1,10353
323321,1,,,1,10353
323328,1,,,1,10353
323329,0.25,,,1,10353
323330,0.75,,,1,10353
323331,0.27,,,1,10353
323332,1.2,,,1,10353
323335,2,,,1,10353
323343,0.4,,,1,10353
323344,0.34,,,1,10353
323347,0.3,,,1,10353
323348,0.3,,,1,10353
323349,0.5,,,1,10353
323355,0.25,,,1,10353
323361,0.5,,,1,10353
323395,0.8,,,1,10353
323411,0.4,,,1,10353
323421,0.7,,,1,10353
323427,0.8,,,1,10353
323430,1.35,,,1,10353
323438,1,,,1,10353
323439,0.5,,,1,10353
323456,0.55,,,1,10353
323458,0.35,,,1,10353
323464,0.6,,,1,10353
323488,0.9,,,1,10353
323493,0.85,,,1,10353
323495,0.8,,,1,10353
323498,3,,,1,10353
323500,3.5,,,1,10353
323501,5,,,1,10353
323510,0.475,,,1,10353
323511,0.8,,,1,10353
323528,2.75,,,1,10353
323529,0.9,,,1,10353
323532,0.9,,,1,10353
323533,1.25,,,1,10353
323538,0.3,,,1,10353
323539,0.45,,,1,10353
323543,1.1,,,1,10353
323548,12,,,1,10353
323550,0.15,,,1,10353
323559,0.65,,,1,10353
323563,0.4,,,1,10353
323565,0.55,,,1,10353
323566,0.8,,,1,10353
323577,1.1,,,1,10353
323578,0.3,,,1,10353
323580,1,,,1,10353
323591,2.95,,,1,10353
323594,1.2,,,1,10353
323605,1.55,,,1,10353
323611,0.9,,,1,10353
323616,0.18,,,1,10353
323618,0.18,,,1,10353
323626,0.165,,,1,10353
323637,0.08,,,1,10353
323648,0.6,,,1,10353
323650,0.25,,,1,10353
323668,0.3,,,1,10353
323669,0.15,,,1,10353
323670,0.14,,,1,10353
323673,0.3,,,1,10353
323701,0.85,,,1,10353
323702,0.95,,,1,10353
323704,1,,,1,10353
323705,1.2,,,1,10353
323709,1.4,,,1,10353
323716,0.7,,,1,10353
323728,0.5,,,1,10353
323734,0.2,,,1,10353
323736,0.45,,,1,10353
323756,0.9,,,1,10353
323758,1.1,,,1,10353
323759,1.5,,,1,10353
323760,0.6,,,1,10353
323762,0.4,,,1,10353
323763,0.55,,,1,10353
323764,0.75,,,1,10353
323767,2,,,1,10353
323771,1.25,,,1,10353
323772,0.5,,,1,10353
323773,0.65,,,1,10353
323776,0.5,,,1,10353
323778,2,,,1,10353
323779,1,,,1,10353
323780,0.6,,,1,10353
323785,0.2,,,1,10353
323786,0.4,,,1,10353
323787,0.25,,,1,10353
323789,0.25,,,1,10353
323791,0.3,,,1,10353
323792,0.6,,,1,10353
323793,0.3,,,1,10353
323794,0.5,,,1,10353
323796,0.5,,,1,10353
323798,0.4,,,1,10353
323806,1.8,,,1,10353
323808,1.2,,,1,10353
323809,1,,,1,10353
323819,1.2,,,1,10353
323820,1.7,,,1,10353
323834,0.2,,,1,10353
323837,0.5,,,1,10353
323840,0.6,,,1,10353
323841,0.275,,,1,10353
323842,0.85,,,1,10353
323851,0.05,,,1,10353
323853,0.06,,,1,10353
323858,0.12,,,1,10353
323860,0.12,,,1,10353
323862,0.08,,,1,10353
323864,0.12,,,1,10353
323865,0.225,,,1,10353
323871,0.2,,,1,10353
323873,0.275,,,1,10353
323874,0.1,,,1,10353
323875,0.25,,,1,10353
323876,0.19,,,1,10353
323877,0.16,,,1,10353
323878,0.11,,,1,10353
323879,1.925,,,1,10353
323890,0.35,,,1,10353
323894,1.35,,,1,10353
323896,1.4,,,1,10353
323897,0.8,,,1,10353
323898,1.65,,,1,10353
323904,0.15,,,1,10353
323910,0.75,,,1,10353
323934,0.275,,,1,10353
323935,0.25,,,1,10353
323939,0.3,,,1,10353
323940,0.6,,0,2,10353
323941,0.6,,,1,10353
323942,0.55,,,1,10353
323947,0.5,,,1,10353
323954,1.35,,,1,10353
323955,0.75,,,1,10353
323959,1,,,1,10353
323960,2.65,,,1,10353
323964,1.5,,,1,10353
323967,1.1,,,1,10353
323969,0.18,,,1,10353
323970,0.24,,,1,10353
323971,0.2,,,1,10353
323979,0.225,,,1,10353
323980,0.25,,,1,10353
323998,0.6,,,1,10353
324002,0.2,,,1,10353
324015,2,,,1,10353
324024,1.5,,,1,10353
324029,2,,,1,10353
324031,0.8,,,1,10353
324032,0.375,,,1,10353
324033,0.35,,,1,10353
324035,2.1,,,1,10353
324038,0.1,,,1,10353
324040,0.2,,,1,10353
324042,0.08,,,1,10353
324043,0.6,,,1,10353
324064,1,,,1,10353
324069,0.6,,,1,10353
324079,0.5,,,1,10353
324095,0.55,,,1,10353
324098,0.75,,,1,10353
324110,0.3,,,1,10353
324111,1.25,,,1,10353
324114,0.1,,,1,10353
324121,0.75,,,1,10353
324124,1.05,,,1,10353
324132,0.9,,,1,10353
324133,0.5,,,1,10353
324136,1.75,,,1,10353
324137,1,,,1,10353
324139,0.3,,,1,10353
324140,2,,,1,10353
324141,0.9,,,1,10353
324144,0.6,,,1,10353
324151,1.6,,,1,10353
324154,1.75,,,1,10353
324157,1.75,,,1,10353
324158,1.6,,,1,10353
324159,1.3,,,1,10353
324162,2,,,1,10353
324163,1.75,,,1,10353
324164,0.7,,,1,10353
324170,1.1,,,1,10353
324181,0.5,,,1,10353
324183,0.3,,,1,10353
324188,0.35,,,1,10353
324189,0.15,,,1,10353
324190,0.375,,,1,10353
324194,0.625,,,1,10353
324196,0.4,,,1,10353
324200,3.25,,,1,10353
324201,0.2,,,1,10353
324206,0.35,,,1,10353
324208,0.3,,,1,10353
324263,7.35,,,1,10353
324265,0.7,,,1,10353
324266,1.1,,,1,10353
324268,1.2,,,1,10353
324270,1,,,1,10353
324271,0.85,,,1,10353
324276,2.5,,,1,10353
324287,0.75,,,1,10353
324296,0.55,,,1,10353
324297,2.45,,,1,10353
324300,0.3,,,1,10353
324312,0.45,,,1,10353
324314,0.235,,,1,10353
324321,0.1,,,1,10353
324322,0.1,,,1,10353
324324,0.1,,,1,10353
324329,1.25,,,1,10353
324336,0.95,,,1,10353
324339,0.275,,,1,10353
324343,0.4,,,1,10353
324352,1.5,,,1,10353
324356,0.21,,,1,10353
324357,1.3,,,1,10353
324359,0.325,,,1,10353
324360,0.8,,,1,10353
324365,0.35,,,1,10353
324366,0.3,,,1,10353
324367,0.35,,,1,10353
324370,0.5,,,1,10353
324374,0.175,,,1,10353
324375,0.35,,,1,10353
324381,0.5,,,1,10353
324383,0.45,,,1,10353
324386,1,,,1,10353
324389,0.65,,,1,10353
324394,0.4,,,1,10353
324401,0.2,,,1,10353
324402,0.3,,,1,10353
324410,0.95,,,1,10353
324414,1.5,,,1,10353
324416,0.2,,,1,10353
324417,0.55,,,1,10353
324419,0.5,,0,2,10353
324424,1.55,,,1,10353
324425,0.07,,,1,10353
324427,0.9,,,1,10353
324428,1.1,,,1,10353
324429,0.45,,,1,10353
324430,0.35,,,1,10353
324433,0.115,,,1,10353
324440,0.3,,,1,10353
324447,0.125,,,1,10353
324452,0.5,,,1,10353
324456,0.65,,,1,10353
324457,0.8,,,1,10353
324459,0.35,,,1,10353
324462,0.5,,0,2,10353
324466,0.35,,,1,10353
324470,0.8,,,1,10353
324475,0.35,,,1,10353
324477,2,,,1,10353
324481,0.5,,,1,10353
324482,0.15,,,1,10353
324499,0.22,,,1,10353
324510,0.15,,,1,10353
324511,0.2,,,1,10353
324513,0.3,,,1,10353
324531,0.4,,,1,10353
324533,0.45,,,1,10353
324546,1.7,,,1,10353
324547,1.4,,,1,10353
324557,0.325,,,1,10353
324610,0.2,,,1,10353
324614,1.5,,,1,10353
324624,0.7,,,1,10353
324626,0.6,,,1,10353
324627,0.65,,,1,10353
324628,0.4,,,1,10353
324629,0.375,,,1,10353
324632,0.4,,,1,10353
324638,1.1,,,1,10353
324640,0.5,,,1,10353
324641,0.5,,,1,10353
324646,0.6,,,1,10353
324662,1,,,1,10353
324669,0.6,,,1,10353
324670,0.7,,,1,10353
324673,0.25,,,1,10353
324674,0.25,,,1,10353
324675,0.25,,,1,10353
324676,0.275,,,1,10353
324678,0.25,,,1,10353
324679,0.25,,,1,10353
324681,0.15,,,1,10353
324683,0.225,,,1,10353
324684,1.1,,,1,10353
324685,1,,,1,10353
324686,1.4,,,1,10353
324689,1.3,,,1,10353
324691,1.1,,,1,10353
324692,0.65,,,1,10353
324693,0.45,,,1,10353
324694,0.3,,,1,10353
324703,0.325,,,1,10353
324706,1.15,,,1,10353
324707,0.6,,,1,10353
324710,0.55,,,1,10353
324711,0.6,,,1,10353
324714,0.5,,,1,10353
324718,0.2,,,1,10353
324719,0.275,,,1,10353
324721,0.225,,,1,10353
324727,0.7,,,1,10353
324729,0.5,,,1,10353
324735,0.7,,,1,10353
324748,1.55,,,1,10353
324750,0.55,,,1,10353
324754,0.225,,,1,10353
324755,0.325,,,1,10353
324762,0.25,,,1,10353
324766,0.1,,,1,10353
324769,0.15,,,1,10353
324771,0.5,,,1,10353
324776,0.375,,,1,10353
324779,0.65,,,1,10353
324782,0.525,,,1,10353
324790,0.4,,,1,10353
324791,0.6,,,1,10353
324792,0.3,,,1,10353
324798,1.25,,,1,10353
324803,0.6,,,1,10353
324821,0.6,,,1,10353
324823,1.25,,,1,10353
324828,0.8,,,1,10353
324829,0.9,,,1,10353
324831,1.1,,,1,10353
324840,0.4,,,1,10353
324841,0.7,,,1,10353
324850,0.35,,,1,10353
324852,0.375,,,1,10353
324853,1,,,1,10353
331336,9,,,1,10354
331993,3,,,1,10255
338358,1.5,,,1,10255
348214,0.35,,,1,10353
348754,2,,,1,10353
349070,0.2,,,1,10353
350064,1,,,1,10353
351202,0.75,,,1,10353
351626,3,,,1,10353
351767,0.5,,,1,10353
361262,1.6,,,1,10354
361265,1.2,,,1,10354
363322,0.9,,,1,10353
368585,1,,,1,10197
369250,0.4,,,1,10328
380283,1.5,,,1,10353
380284,2,,,1,10353
380286,0.3,,,1,10353
380288,1.15,,,1,10353
380289,0.7,,,1,10353
380290,0.35,,,1,10353
380292,0.75,,,1,10353
380295,0.35,,,1,10353
380296,1.7,,,1,10353
380299,0.3,,,1,10353
380306,1,,,1,10353
380308,1,,,1,10353
380309,0.65,,,1,10353
380312,1.2,,,1,10353
380314,1,,,1,10353
380315,0.6,,,1,10353
380316,1.4,,,1,10353
380317,0.8,,,1,10353
380321,5.5,,,1,10353
380329,1.8,,,1,10353
380330,1.4,,,1,10353
380331,0.6,,,1,10353
380333,0.4,,,1,10353
380337,1,,,1,10353
380338,0.75,,,1,10353
380347,0.65,,,1,10353
380354,0.9,,,1,10353
380371,0.4,,,1,10353
380372,0.6,,,1,10353
380373,0.7,,,1,10353
380374,0.6,,,1,10353
380376,0.65,,,1,10353
380380,0.4,,,1,10353
380382,0.6,,,1,10353
380385,0.15,,,1,10353
380387,0.3,,,1,10353
380389,0.35,,,1,10353
380390,0.3,,,1,10353
380391,0.5,,,1,10353
380392,0.375,,,1,10353
380393,0.85,,,1,10353
380395,1,,,1,10353
380400,5,,,1,10353
380401,0.7,,,1,10353
380408,1,,,1,10353
380412,7.5,,,1,10353
380414,2,,,1,10353
380419,0.7,,,1,10353
380420,1,,,1,10353
380422,0.65,,,1,10353
380427,1.35,,,1,10353
380428,2.5,,,1,10353
380438,0.2,,,1,10353
380442,0.75,,,1,10353
380443,0.11,,,1,10353
380954,0.225,,0.157,2,10353
381008,0.65,,,1,10353
381628,0.4,,,1,10353
382696,9.05,,,1,10354
382712,1.5,,,1,10354
383370,0.8,,0.108,3,"10328,10353"
383371,1.3,,,1,10353
383746,1.1,,,1,10353
385724,1.75,,,1,10353
385845,1.4,,,1,10354
386209,2.25,,,1,10353
386242,2.3,,,1,10354
386522,2.5,,,1,10353
386526,4,,,1,10353
386693,2.65,,,1,10197
387816,1.35,,,1,10354
391246,3.25,,,1,10197
397777,1.6,,,1,10353
397970,0.35,,,1,10353
398325,1,,,1,10353
398341,7,,,1,10353
398413,0.5,,,1,10353
398539,0.275,,,1,10353
398687,1.35,,,1,10353
398710,1.15,,,1,10353
398747,0.5,,,1,10353
399184,1,,,1,10353
400260,0.325,,,1,10353
400264,0.3,,,1,10353
400270,0.25,,,1,10353
401280,0.3,,,1,10353
401370,0.4,,,1,10353
401646,0.5,,,1,10353
401766,0.9,,,1,10353
401767,0.4,,,1,10353
401809,1,,,1,10353
401813,0.7,,,1,10353
401874,0.8,,0.177,2,10353
402010,0.95,,,1,10353
402200,0.15,,,1,10353
402553,0.95,,,1,10353
415182,9.5,,,1,10353
422424,0.85,,,1,10353
422444,0.5,,,1,10353
422473,0.225,,,1,10353
422493,10,,,1,10353
422531,1.5,,,1,10353
422566,7.5,,,1,10353
422994,2,,,1,10353
423207,1.1,,,1,10353
423219,0.4,,,1,10353
423221,0.35,,,1,10353
423222,0.4,,,1,10353
423231,0.3,,,1,10353
423232,0.375,,,1,10353
423239,0.35,,,1,10353
423247,0.3,,,1,10353
423248,0.6,,,1,10353
423259,0.2,,,1,10353
423264,0.85,,,1,10353
423265,0.85,,,1,10353
423267,0.35,,,1,10353
423268,0.95,,,1,10353
423277,0.9,,,1,10353
423278,0.3,,,1,10353
423279,3,,,1,10353
423281,0.4,,,1,10353
423284,0.95,,,1,10353
423286,0.9,,,1,10353
423287,0.9,,,1,10353
423288,0.06,,,1,10353
423290,0.7,,0.303,2,10353
423292,8,,,1,10354
423296,1.225,,,1,10354
423297,1.2,,,1,10354
423299,2.2,,,1,10354
423303,3,,,1,10354
423304,3,,,1,10354
423305,2.75,,,1,10354
423307,4,,,1,10354
423634,0.9,,,1,10353
423824,1.2,,,1,10353
424402,0.6,,0,2,10353
424531,0.65,,,1,10353
424546,0.58,,,1,10197
425297,1.3,,,1,10353
426195,6.2,,,1,10197
428242,5,,,1,10353
428243,2,,,1,10353
428246,2.2,,,1,10353
428247,0.28,,,1,10353
428248,2.5,,,1,10353
428249,5,,,1,10353
428300,1,,,1,10353
428320,1.1,,,1,10353
428380,3.7,,,1,10197
428774,1.3,,,1,10353
428881,1.8,,,1,10255
429014,0.95,,0.223,2,10353
429248,1.05,,,1,10353
429259,0.06,,,1,10353
429710,7.5,,,1,10353
430371,0.35,,,1,10353
430735,0.1,,,1,10353
430801,0.05,,,1,10353
431514,0.3,,,1,10353
431950,0.9,,,1,10353
431989,2,,,1,10353
432242,3.65,,,1,10353
432286,0.3,,,1,10353
433148,0.15875,,,1,10353
433218,0.7,,,1,10353
433284,0.15,,,1,10353
436275,1.25,,,1,10353
436300,0.225,,,1,10353
436310,0.975,,0.109,2,10353
436324,0.21,,,1,10353
436455,1.07,,,1,10197
436740,0.325,,,1,10353
438127,12,,,1,10328
438134,0.4,,,1,10328
438143,0.6,,,1,10353
438149,0.55,,,1,10353
438175,0.7,,,1,10354
438180,0.375,,,1,10353
438186,0.1,,,1,10328
438247,0.6,,,1,10353
438248,1.4,,,1,10354
438252,0.825,,,1,10353
438258,0.2,,,1,10328
438288,0.4,,0,2,10353
438289,0.9,,,1,10353
438362,0.225,,,1,10353
438374,0.8,,,1,10353
438386,0.35,,,1,10353
438389,0.2,,,1,10328
438420,2,,,1,10353
438426,0.2,,,1,10328
438435,0.6,,,1,10353
438436,0.35,,,1,10353
438437,0.35,,,1,10353
438444,0.35,,,1,10353
438453,0.3,,,1,10353
438466,0.2,,,1,10328
438467,0.1,,,1,10328
438474,0.2,,,1,10328
438512,4.25,,,1,10353
438520,2.75,,,1,10353
438538,1.25,,,1,10353
438573,0.225,,,1,10353
438613,0.62,,1.186,2,"10197,10328"
438717,0.275,,,1,10353
438726,0.3,,0.167,3,10353
438727,0.2,,,1,10353
438731,0.5,,,1,10353
438739,0.05,,,1,10353
438793,4.5,,,1,10328
438806,0.67,,,1,10197
438807,1.5,,,1,10328
438813,0.325,,,1,10353
438822,0.491666666666667,,0.346,3,10353
438858,2.11,,0.502,5,"10353,10354"
438859,0.77,,,1,10354
438860,0.95,,,1,10354
438882,0.5,,,1,10353
439047,5,,,1,10255
439091,0.6,,,1,10328
439133,1,,0,2,10353
439134,0.75,,,1,10353
439136,0.8,,,1,10353
439153,0.3,,,1,10353
439162,0.4,,,1,10328
439180,1.1,,,1,10353
439183,2,,,1,10354
439184,1.6,,0.442,2,10354
439185,1.2,,,1,10354
439186,1.4,,,1,10354
439187,1.75,,,1,10354
439201,5,,,1,10353
439208,0.25,,,1,10353
439270,0.4,,,1,10353
439289,0.8,,,1,10328
439307,0.705,,0.211,2,"10197,10353"
439312,0.7,,,1,10328
439314,5.3,,,1,10328
439320,0.3,,0,2,10353
439362,0.4,,,1,10328
439387,1.8,,,1,10353
439420,0.2,,,1,10328
439428,4,,,1,10328
439432,1,,,1,10328
439446,0.85,,,1,10353
439549,2.7,,,1,10328
439572,2.25,,,1,10353
439573,3,,,1,10353
439601,12.5,,,1,10353
439611,9,,,1,10353
439612,8,,,1,10353
439616,8,,,1,10353
439618,6,,,1,10353
439621,9,,,1,10353
439629,0.1,,,1,10333
439638,0.1155,,,1,10255
439643,0.1,,0,2,"10328,10333"
439672,0.8,,,1,10354
439673,1.85,,0.268,2,10354
439674,1.23333333333333,,0.432,6,10354
439675,1.76666666666667,,0.294,18,"10353,10354"
439676,1,,,1,10354
439677,1.55,,,1,10354
439678,1,,,1,10354
439679,1.66,,0.051,2,10354
439680,2.5,,,1,10354
439681,1.7,,,1,10354
439682,1.9375,,0.192,2,10354
439683,1.7375,,0.175,4,10354
439684,1.8,,,1,10354
439685,2.5,,,1,10354
439686,2.5,,,1,10354
439687,2,,,1,10354
439688,2.5,,,1,10354
439689,1.15,,,1,10354
439690,1.5,,0,2,10354
439692,4.5,,,1,10354
439693,1.4,,0.404,2,10354
439695,1.8,,,1,10354
439696,1.61666666666667,,0.206,3,10354
439698,1.3,,,1,10354
439699,1.55,,0.046,2,10354
439700,2,,,1,10354
439702,2.25,,,1,10354
439705,2,,,1,10354
439706,1.5,,,1,10354
439707,1.1,,,1,10354
439708,2.2,,,1,10354
439709,1.95,,0.036,2,10354
439710,2.5,,,1,10354
439711,2.2,,,1,10354
439712,2.6,,,1,10354
439714,2.5,,,1,10354
439715,1.1,,,1,10354
439716,3.5,,,1,10354
439717,3,,,1,10354
439718,1.5,,,1,10354
439911,12,,,1,10353
439939,3,,,1,10353
439967,1.92,,,1,10197
440012,0.1,,,1,10353
440023,3,,,1,10328
440030,1.5,,,1,10353
440051,1.6,,,1,10353
440052,1.75,,,1,10353
440053,4.25,,0.25,2,"10328,10353"
440077,0.1,,,1,10328
440087,0.7,,,1,10353
440131,0.7,,,1,10353
440150,0.85,,,1,10197
440155,0.1,,,1,10328
440172,1,,,1,10353
440185,0.1,,0,2,10328
440186,0.1,,,1,10328
440187,0.1,,,1,10328
440188,0.075,,0.471,2,"10328,10353"
440198,0.7,,,1,10353
440214,0.2,,,1,10328
440234,0.25,,,1,10197
440259,1.25,,,1,10353
440265,0.5,,,1,10328
440285,0.85,,,1,10353
440324,10,,,1,10353
440326,0.5,,,1,10328
440366,2.3,,,1,10328
440447,0.2,,,1,10328
440452,0.1,,,1,10328
440505,0.25,,,1,10353
440509,0.75,,,1,10353
440510,0.65,,,1,10353
440511,0.75,,,1,10353
440603,0.3,,,1,10328
440655,0.6,,,1,10328
440682,1.25,,,1,10353
440683,0.73,,,1,10197
440686,0.3,,,1,10328
440708,0.175,,0,3,10353
440797,0.325,,0.109,2,10353
440817,0.375,,,1,10353
440819,0.8,,,1,10353
440837,0.3,,,1,10328
440842,0.1,,,1,10328
440850,0.7,,,1,10353
440865,0.8,,,1,10328
440966,1.9,,,1,10353
440971,1.1,,,1,10354
440972,1.95,,,1,10354
441016,0.7,,,1,10353
441017,2,,,1,10354
441019,3,,,1,10353
441029,1.5,,,1,10353
441030,0.85,,0.083,2,"10328,10353"
441034,0.7,,,1,10353
441045,4.75,,,1,10353
441052,2.2,,,1,10197
441053,2.2,,,1,10255
441105,0.8,,,1,10328
441114,0.45,,,1,10353
441116,0.8,,,1,10353
441121,1.4,,,1,10328
441135,0.8,,,1,10353
441148,1.1,,,1,10353
441156,10.5,,,1,10353
441169,8.5,,,1,10353
441228,1.7,,,1,10353
441259,1.65,,,1,10353
441271,0.4,,,1,10353
441292,3.25,,,1,10353
441311,1,,,1,10353
441312,1,,,1,10353
441341,3,,,1,10353
441375,0.3,,,1,10328
441378,0.5,,,1,10328
441386,0.8,,,1,10328
441397,0.4,,,1,10353
441426,1,,,1,10353
441436,1.2,,,1,10354
441443,0.7,,,1,10353
441447,0.5,,,1,10328
441520,2.25,,0,2,10353
441521,2.25,,,1,10353
441522,1.75,,,1,10353
441543,0.7,,,1,10353
441545,0.35,,,1,10353
441568,0.7,,,1,10353
441590,2,,,1,10328
441599,0.2,,,1,10328
441600,0.4,,,1,10328
441602,0.4,,,1,10328
441634,27,,,1,10328
441645,3,,,1,10353
441657,0.12,,,1,10353
441658,0.09,,,1,10353
441661,0.09,,,1,10353
441662,0.08,,,1,10353
441694,0.15,,,1,10353
441701,1.4,,,1,10353
441702,5.25,,,1,10353
441709,0.45,,,1,10353
441710,0.45,,,1,10353
441711,0.35,,,1,10353
441712,0.325,,,1,10353
441713,0.2125,,0.083,2,"10328,10353"
441715,0.35,,,1,10353
441716,0.25,,,1,10353
441717,0.3,,,1,10353
441722,0.55,,,1,10353
441726,0.35,,,1,10353
441727,0.375,,,1,10353
441740,2.2,,,1,10353
441748,0.675,,0.276,6,10353
441750,0.7,,,1,10328
441762,1.25,,,1,10353
441770,0.4,,,1,10353
441777,0.12,,,1,10353
441783,0.07,,,1,10353
441816,5,,,1,10328
441923,1.55,,,1,10354
441924,1.3,,,1,10354
441925,1.7,,,1,10354
441942,0.3,,,1,10353
441944,0.2,,,1,10328
441947,0.2,,,1,10353
441950,0.1575,,0.292,2,10353
441952,0.275,,,1,10353
441955,0.225,,,1,10353
441959,0.25,,,1,10353
441961,0.2,,,1,10328
441962,0.275,,,1,10353
441963,0.15,,,1,10353
441964,0.25,,,1,10353
441989,2,,,1,10328
441990,0.4,,,1,10328
441992,3,,,1,10353
442044,1.8,,,1,10328
442094,15,,,1,10328
442124,0.5,,,1,10353
442151,0.15,,,1,10353
442153,0.2,,,1,10328
442155,0.2,,,1,10328
442170,0.1,,,1,10328
442175,0.6,,,1,10197
442179,2,,,1,10354
442190,0.85,,,1,10353
442196,0.4,,,1,10353
442228,0.7,,,1,10328
442244,0.6,,,1,10328
442245,0.6,,,1,10328
442247,1,,,1,10353
442297,0.3,,,1,10328
442330,15,,,1,10353
442344,0.5,,,1,10353
442363,0.4,,,1,10353
442366,0.45,,,1,10353
442387,0.1,,,1,10328
442392,0.2,,,1,10328
442397,0.3,,,1,10328
442409,0.2,,,1,10328
442429,11,,,1,10328
442466,1,,,1,10328
442475,0.3,,,1,10353
442487,0.2,,,1,10328
442488,0.3,,,1,10353
442525,0.625,,0.057,2,"10328,10353"
442526,1.8,,,1,10328
442539,2.28,,,1,10197
442542,3.3,,,1,10328
442545,0.35,,,1,10353
442566,1.15,,,1,10353
442568,1.1,,,1,10197
442575,2.11,,,1,10197
442580,1.39,,,1,10197
442590,1.16,,,1,10197
442655,0.6,,,1,10353
442682,0.25,,,1,10353
442722,1.4,,,1,10353
442729,1,,,1,10353
442743,0.325,,0.109,2,"10328,10353"
442746,6,,,1,10328
442790,0.5,,,1,10353
442825,1.1,,,1,10328
442868,0.4,,,1,10353
442869,0.7,,,1,10353
442871,0.9,,,1,10353
442915,1,,,1,10353
442919,5,,,1,10353
442927,6.5,,,1,10353
442928,11.5,,,1,10353
442930,5.5,,,1,10353
442931,8,,,1,10353
442939,0.6,,,1,10328
442970,0.5,,,1,10328
442991,0.2,,,1,10328
442999,0.2,,,1,10328
443067,4,,0,2,10353
443092,0.065,,0,2,10353
443138,0.5,,,1,10328
443146,1.2,,,1,10197
443184,1.1,,,1,10353
443369,0.65,,,1,10197
443419,0.625,,,1,10353
443467,0.3,,,1,10353
443725,1.107142857,,,1,10354
443769,1.3,,,1,10197
443875,0.4,,,1,10353
443885,0.24,,0,3,10353
443891,0.6,,,1,10353
443914,5.5,,,1,10353
443921,1.5,,,1,10353
443924,7.25,,,1,10353
443933,0.4175,,0.581,4,10353
443948,1.475,,,1,10353
443984,0.6,,,1,10353
444029,0.45,,,1,10353
444325,2.75,,,1,10354
444454,0.41,,,1,10255
444468,1.36,,,1,10197
444609,1.2,,,1,10354
445043,3.25,,,1,10197
445171,1.59,,,1,10197
445348,0.185,,,1,10353
445349,0.275,,,1,10353
445350,0.4,,,1,10353
445361,0.2,,,1,10353
445362,0.21,,,1,10353
445364,0.185,,,1,10353
445366,0.6,,,1,10353
445367,0.475,,0.074,2,10353
445371,0.3,,,1,10353
445382,0.5,,,1,10353
445386,3,,,1,10353
445393,1,,,1,10353
445395,1.75,,,1,10353
445442,0.35,,,1,10353
445448,0.7,,,1,10353
445450,0.14,,,1,10353
445460,0.65,,,1,10353
445465,0.35,,0,2,10353
445466,0.45,,,1,10353
445468,0.6,,,1,10353
445718,0.9,,,1,10197
445935,1.9,,,1,10197
445995,0.275,,,1,10353
445999,0.55,,,1,10353
446000,0.35,,,1,10353
446001,0.325,,,1,10353
446006,0.175,,,1,10353
446228,0.65,,,1,10353
446230,0.8,,,1,10353
446234,0.85,,,1,10353
446237,0.8,,,1,10353
446239,0.25,,,1,10353
446545,0.8,,,1,10353
446603,1,,,1,10353
446633,0.5,,,1,10197
446883,0.8,,,1,10197
447168,1.92,,,1,10197
447473,0.251,,,1,10255
447616,0.199,,,1,10255
447617,0.544,,,1,10255
448131,0.55,,,1,10197
448157,0.3,,,1,10353
448163,0.375,,,1,10353
448164,1,,,1,10353
448173,0.75,,,1,10353
448174,0.65,,,1,10353
448186,0.225,,,1,10353
448191,1.15,,,1,10353
448195,0.225,,,1,10353
448196,0.125,,,1,10353
448203,0.9,,,1,10353
448204,0.425,,0.25,2,10353
448210,0.45,,,1,10353
448211,0.7,,,1,10353
448212,0.4,,,1,10353
448849,3.15,,,1,10354
449315,2,,,1,10197
449626,1.4,,,1,10197
449741,1,,,1,10353
449760,0.25,,,1,10353
449812,2,,,1,10353
449817,16,,,1,10353
449851,0.2,,,1,10353
449860,1.05,,,1,10353
449866,1.75,,,1,10353
449867,2.75,,,1,10353
449882,0.5,,,1,10353
449889,0.65,,,1,10353
449900,1.1,,,1,10353
449901,2.5,,,1,10353
449903,0.8,,,1,10353
449907,0.7,,,1,10353
449917,0.6375,,0.083,2,10353
449921,0.8,,,1,10353
449922,0.8,,0,2,10353
449924,0.1,,,1,10353
449944,0.9,,,1,10353
449946,0.7,,,1,10353
449950,0.4,,,1,10353
449952,1,,,1,10353
449953,0.9,,,1,10353
449955,0.65,,,1,10353
449958,0.85,,,1,10353
449962,1.9,,,1,10353
449963,2.75,,,1,10353
450013,0.45,,0.186,6,10353
450014,2.3,,,1,10353
450049,4.5,,,1,10353
450060,1.35,,,1,10353
450132,0.325,,,1,10353
450138,0.5,,,1,10353
450143,0.26,,,1,10353
450146,1.5,,,1,10353
450171,0.31,,0.046,2,10353
450185,0.45,,,1,10353
450187,2,,,1,10353
450225,0.55,,,1,10353
450234,0.9,,,1,10353
450238,0.9,,,1,10353
450242,0.3,,,1,10353
450253,0.425,,,1,10353
450279,0.35,,,1,10255
450828,0.75,,,1,10353
450854,0.19,,,1,10353
451193,0.5,,,1,10353
451335,1.7,,,1,10353
451337,2.4,,,1,10353
451340,2.6,,,1,10353
451342,2.9,,,1,10353
451345,0.325,,0.109,2,10353
451351,0.6,,,1,10353
451356,0.625,,0,2,10353
451372,0.225,,,1,10353
451374,0.7,,,1,10353
451386,0.9,,,1,10353
451391,0.1,,,1,10353
451392,1.1,,,1,10353
451396,6,,,1,10353
451402,0.2,,,1,10353
451405,4,,,1,10353
451407,0.8,,,1,10353
451408,1.5,,,1,10353
451409,0.9,,,1,10353
451417,1.3,,,1,10353
451419,1.5,,,1,10353
451420,1.6,,,1,10353
451421,0.12,,,1,10353
451422,2.25,,,1,10353
451423,1.5,,,1,10353
451425,0.675,,0.262,2,10353
451440,0.2,,,1,10353
451441,0.25,,,1,10353
451442,0.4,,0,2,10353
451445,0.3,,,1,10353
451446,0.5,,,1,10353
451447,0.625,,0.17,2,10353
451452,0.4,,,1,10353
451456,1.25,,,1,10353
451457,2,,,1,10353
451458,1.5,,,1,10353
451459,5.5,,,1,10353
451462,0.8,,,1,10353
451463,1.25,,,1,10353
451464,1.1,,,1,10353
451469,2.25,,,1,10353
451470,2.5,,,1,10353
451477,1.15,,,1,10353
451481,0.6,,,1,10353
451482,0.5,,,1,10353
451486,0.45,,,1,10353
451487,0.45,,,1,10353
451490,0.35,,,1,10353
451492,0.35,,,1,10353
451494,0.2,,,1,10353
451504,0.5,,0,2,10353
451506,0.3,,0,2,10353
451514,0.4625,,0.115,2,10353
451515,0.55,,,1,10353
451519,0.55,,,1,10353
451520,0.35,,,1,10353
451521,0.4,,,1,10353
451529,0.75,,,1,10353
451530,0.65,,,1,10353
451531,0.7,,,1,10353
451540,1.25,,,1,10353
451541,1.1,,,1,10353
451544,0.3,,,1,10353
451558,0.8,,,1,10353
451589,0.6,,,1,10353
451594,0.55,,,1,10353
451598,0.225,,,1,10353
451599,0.4,,,1,10353
451608,0.6,,,1,10353
451612,0.8,,,1,10353
451614,1.15,,,1,10353
451625,0.4,,,1,10353
451632,0.3,,,1,10353
451696,0.375,,,1,10353
451720,1,,,1,10353
451747,0.8,,0,2,10353
451758,0.375,,,1,10353
451765,3.75,,,1,10197
451896,3.75,,,1,10353
451966,0.85,,,1,10353
451967,0.55,,,1,10353
452035,6,,,1,10353
452046,1.75,,,1,10353
452049,1.512941176,,,1,10354
452106,0.4,,,1,10353
452139,1.25,,,1,10353
452177,0.6,,,1,10354
452216,3.25,,,1,10353
452240,0.25,,,1,10353
452347,1.51666666666667,,0.276,3,10353
452352,0.45,,,1,10353
452355,0.8,,,1,10353
452514,3,,,1,10197
452552,0.35,,,1,10353
452559,1,,,1,10353
452609,1.05,,,1,10354
452639,1.85,,,1,10353
452643,1,,,1,10353
452674,0.62,,,1,10197
452677,3,,,1,10353
452730,0.25,,,1,10353
452757,0.65,,,1,10353
452775,1.2,,,1,10353
452776,0.65,,,1,10353
452777,1.1,,,1,10353
452778,0.65,,,1,10353
452797,0.2,,,1,10353
452814,0.6,,,1,10353
452852,5.5,,,1,10353
453614,2,,,1,10354
453618,3.5,,,1,10354
453619,1.7,,,1,10354
453705,1.54,,,1,10354
454115,0.8,,,1,10354
454118,2.8,,,1,10354
454192,12.5,,,1,10354
454316,1.823,,,1,10354
454317,1.13,,,1,10354
454319,1.002,,,1,10354
454320,1.193333333,,,1,10354
454321,2.092352941,,,1,10354
454357,1.5,,,1,10354
454358,2.5,,,1,10354
454362,0.55,,,1,10353
454741,1.125,,,1,10354
454745,2,,,1,10354
454842,6.75,,,1,10353
454860,3.15,,,1,10354
454974,2.8,,,1,10354
455482,0.4,,,1,10353
456863,0.6,,,1,10353
457279,0.8,,,1,10354
457525,0.3,,,1,10353
458163,0.6,,,1,10197
458164,2.25,,,1,10197
458165,0.5,,,1,10197
458166,0.6,,,1,10353
458229,5,,,1,10353
458230,11,,,1,10353
458231,4.75,,,1,10353
458302,1.65,,,1,10353
458420,0.475,,,1,10353
458421,0.3,,,1,10353
458442,0.4,,,1,10353
458443,1,,,1,10353
458447,0.175,,,1,10353
458449,0.375,,,1,10353
458469,1.3,,,1,10353
458474,0.3,,,1,10353
458475,0.3,,,1,10353
458476,0.4,,,1,10353
458483,0.55,,,1,10353
458485,2.3,,,1,10353
458492,1.05,,,1,10353
458495,0.165,,,1,10353
458512,0.3,,,1,10353
458515,0.55,,,1,10353
458526,0.35,,,1,10353
458536,0.425,,,1,10353
458538,0.5,,,1,10353
458540,0.3,,,1,10353
458542,0.7,,,1,10353
458543,0.65,,,1,10353
458544,1.2,,,1,10353
458545,0.8,,,1,10353
458546,0.48,,,1,10353
458548,0.5,,,1,10353
458561,0.3,,,1,10353
458564,0.375,,,1,10353
458567,0.4,,,1,10353
458571,0.325,,,1,10353
458575,0.8,,,1,10353
458576,0.35,,,1,10353
458740,3,,,1,10353
459831,0.275,,,1,10353
459943,5,,,1,10353
459976,0.25,,,1,10353
460212,6.25,,,1,10353
460263,1.15,,,1,10353
460274,0.4,,,1,10353
460275,0.3625,,0.146,2,10353
460285,0.35,,,1,10353
460337,0.325,,0.109,2,10353
460349,1.5,,,1,10353
460441,0.8,,,1,10353
460494,1.2,,,1,10353
460496,0.7,,,1,10353
460540,5,,,1,10353
460555,0.4,,,1,10353
460559,0.55,,,1,10353
460563,0.85,,,1,10353
460570,0.35,,,1,10353
460573,0.135,,,1,10353
460579,0.3,,,1,10353
460608,0.25,,,1,10353
460610,1.85,,,1,10353
460627,0.55,,,1,10353
460638,0.8,,,1,10353
460643,0.85,,,1,10353
460644,0.3,,,1,10353
460646,1,,,1,10353
460647,0.55,,0,2,10353
460650,0.4,,,1,10353
460657,5.5,,,1,10353
460658,0.225,,,1,10353
460660,1.15,,,1,10353
460661,1.75,,,1,10353
460662,1.5,,,1,10353
460663,5,,,1,10353
460664,0.325,,,1,10353
460668,0.26,,,1,10353
460672,1.6,,,1,10353
460673,0.1,,,1,10353
460674,0.4,,,1,10353
460675,0.525,,,1,10353
460677,1.85,,0,3,10353
460680,0.3,,,1,10353
460683,0.6,,,1,10353
460686,0.3,,,1,10353
460688,7.5,,,1,10353
460690,1.8,,,1,10353
460691,0.45,,,1,10353
460692,0.225,,,1,10353
460694,0.5,,0.141,2,10353
460702,0.6,,,1,10353
460703,0.45,,,1,10353
460704,0.6,,,1,10353
460706,3.75,,,1,10353
460707,2.5,,,1,10353
460711,3,,,1,10353
460716,0.2,,,1,10353
460717,0.15,,,1,10353
460720,0.45,,,1,10353
460721,0.3,,,1,10353
460725,0.4,,,1,10353
460728,0.35,,,1,10353
460732,0.8,,,1,10353
460737,0.25,,,1,10353
460738,0.8,,,1,10353
460739,0.9,,,1,10353
460743,5.25,,,1,10353
460745,0.325,,,1,10353
460747,0.9,,,1,10353
460750,7,,,1,10353
460755,0.375,,,1,10353
460757,5.5,,,1,10353
460771,10,,,1,10353
460777,0.45,,,1,10353
460779,0.7,,,1,10353
460784,0.55,,,1,10353
460785,0.6,,,1,10353
460786,0.9,,,1,10353
460788,0.3,,,1,10353
460792,1.5,,,1,10353
460798,8,,,1,10353
460799,0.25,,,1,10353
460812,0.4,,,1,10353
460813,0.325,,,1,10353
460814,1.2,,,1,10353
460817,1,,0,2,10353
460826,0.3,,,1,10353
460829,0.7,,,1,10353
460830,1,,,1,10353
460838,0.7,,,1,10353
460843,1.75,,,1,10353
460845,0.7,,,1,10353
460846,0.4875,,0.211,4,10353
460850,0.275,,,1,10353
460851,0.425,,,1,10353
460852,0.275,,,1,10353
460853,0.275,,,1,10353
460857,1,,,1,10353
460858,1.5,,,1,10353
460859,1.2,,,1,10353
460866,1.25,,,1,10353
460867,3.5,,,1,10353
460872,0.65,,,1,10353
460874,0.65,,,1,10353
460875,1.4,,,1,10353
460880,3.75,,,1,10353
460881,0.3,,,1,10353
460882,5,,,1,10353
460886,4,,,1,10353
460894,0.1,,,1,10353
460899,1,,,1,10353
460900,1.35,,,1,10353
460902,0.5,,,1,10353
460903,0.45,,0.157,2,10353
460904,0.36,,,1,10353
460906,0.55,,,1,10353
460909,0.375,,,1,10353
460910,0.225,,,1,10353
460911,0.35,,,1,10353
460913,0.35,,,1,10353
460915,0.8,,,1,10353
460916,1.9,,,1,10353
460918,2.75,,,1,10353
460926,2.5,,,1,10353
460930,0.8,,,1,10353
460931,0.3,,,1,10353
460946,1,,,1,10353
460959,0.3,,,1,10353
460966,2,,,1,10353
460968,0.3,,,1,10353
460974,0.12,,,1,10353
460975,0.3,,,1,10353
460983,0.4,,,1,10353
460985,1.6,,,1,10353
460988,0.3,,,1,10353
461013,1.1,,,1,10353
461015,1,,,1,10353
461023,0.7,,,1,10353
461024,0.8,,,1,10353
461027,1.6,,,1,10353
461035,0.6,,0,2,10353
461036,0.7,,,1,10353
461038,0.35,,,1,10353
461039,3.75,,,1,10353
461041,0.7,,,1,10353
461044,1.1,,,1,10353
461045,1,,,1,10353
461048,5,,,1,10353
461055,8,,,1,10353
461056,4.75,,,1,10353
461057,0.11,,,1,10353
461063,0.4,,,1,10353
461069,0.65,,,1,10353
461072,0.5,,,1,10353
461074,1,,,1,10353
461084,0.08,,,1,10353
461085,0.1,,,1,10353
461098,0.65,,,1,10353
461105,0.45,,,1,10353
461118,0.3,,,1,10353
461138,0.35,,,1,10353
461139,0.3,,,1,10353
461154,1.05,,,1,10353
461160,0.4,,,1,10353
461164,0.75,,,1,10353
461166,0.9,,,1,10353
461168,0.9,,,1,10353
461170,0.4,,,1,10353
461172,0.7,,,1,10353
461177,1.5,,,1,10353
461178,0.7,,,1,10353
461183,0.35,,,1,10353
461189,0.7,,,1,10353
461190,0.3,,,1,10353
461194,0.2,,,1,10353
461195,0.65,,,1,10353
461197,2,,,1,10353
461198,1.4,,,1,10353
461199,2.25,,,1,10353
461200,2.5,,,1,10353
461201,2.75,,,1,10353
461205,0.1,,,1,10353
461206,0.4,,,1,10353
461208,0.4,,,1,10353
461209,0.24,,,1,10353
461212,0.3,,,1,10353
461220,3,,,1,10353
461221,0.2,,,1,10353
461223,0.35,,,1,10353
461225,0.5,,,1,10353
461227,0.5,,,1,10353
461233,0.3,,,1,10353
461234,0.3,,,1,10353
461235,0.25,,,1,10353
461236,0.275,,,1,10353
461237,0.25,,,1,10353
461238,0.225,,,1,10353
461241,0.6,,,1,10353
461242,0.35,,,1,10353
461243,0.6,,,1,10353
461247,0.6,,,1,10353
461254,0.3,,,1,10353
461257,0.3,,,1,10353
461258,0.85,,,1,10353
461260,0.05,,,1,10353
461261,0.9,,,1,10353
461262,0.425,,,1,10353
461264,0.8,,,1,10353
461267,0.45,,,1,10353
461269,0.35,,,1,10353
461270,0.55,,,1,10353
461272,0.55,,,1,10353
461273,0.35,,,1,10353
461274,0.225,,,1,10353
461275,0.275,,,1,10353
461276,0.325,,,1,10353
461277,0.35,,,1,10353
461278,0.35,,,1,10353
461279,0.2,,,1,10353
461288,0.4,,,1,10353
461290,1.5,,,1,10353
461291,1.7,,,1,10353
461312,0.725,,0.146,2,10353
461317,0.6,,,1,10353
461324,0.3,,,1,10353
461325,0.325,,,1,10353
461326,0.8,,,1,10353
461332,0.45,,,1,10353
461341,0.07,,,1,10353
461343,1,,,1,10353
461353,0.45,,,1,10353
461380,0.4,,,1,10353
461387,11,,,1,10353
461393,9,,,1,10353
461396,0.7,,0,2,10353
461399,0.5,,,1,10353
461405,1.7,,,1,10353
461418,0.45,,,1,10353
461422,0.6,,,1,10353
461428,1.2,,,1,10353
461429,1.5,,,1,10353
461431,0.6,,,1,10353
461436,0.15,,,1,10353
461447,0.38,,,1,10353
461449,0.25,,,1,10353
461453,0.0635,,,1,10353
461455,0.35,,,1,10353
461457,1.7,,,1,10353
461459,0.45,,,1,10353
461460,0.55,,,1,10353
461463,2,,,1,10353
461464,0.275,,,1,10353
461480,0.25,,,1,10353
461487,0.7,,,1,10353
461493,0.45,,,1,10353
461498,0.25,,,1,10353
461506,0.275,,,1,10353
461510,0.7,,,1,10353
461511,0.5,,,1,10353
461514,0.5,,,1,10353
461516,2.25,,,1,10353
461523,3,,,1,10353
461526,0.35,,,1,10353
461527,0.2,,,1,10353
461528,0.26,,,1,10353
461531,0.3,,,1,10353
461532,0.2,,,1,10353
461535,0.6,,,1,10353
461536,0.75,,,1,10353
461537,0.5,,,1,10353
461540,0.6,,,1,10353
461542,0.1,,,1,10353
461544,0.4,,,1,10353
461548,0.25,,,1,10353
461556,0.3,,,1,10353
461561,0.275,,,1,10353
461580,1.55,,,1,10353
461581,0.5,,,1,10353
461587,1.15,,,1,10353
461588,0.65,,,1,10353
461589,0.4,,,1,10353
461591,0.15,,,1,10353
461592,0.275,,,1,10353
461594,0.475,,0.074,2,10353
461597,0.4,,,1,10353
461600,0.6,,,1,10353
461601,0.45,,,1,10353
461602,0.225,,,1,10353
461603,0.275,,,1,10353
461604,0.2,,,1,10353
461608,0.6,,,1,10353
461609,0.7,,,1,10353
461646,5,,,1,10255
461672,0.5,,,1,10255
463822,0.3,,,1,10353
465840,0.2,,,1,10353
465841,0.275,,,1,10353
465843,0.325,,,1,10353
465849,0.3,,,1,10353
465850,0.5,,,1,10353
465856,0.65,,,1,10353
465861,0.225,,,1,10353
465863,0.225,,,1,10353
465865,0.25,,,1,10353
466846,1.7,,,1,10354
467158,0.3,,,1,10353
467187,0.1,,,1,10353
469684,1.7,,,1,10353
469685,1.9,,,1,10353
469686,0.3,,,1,10353
469690,0.5,,,1,10353
469692,1.1,,,1,10353
469694,1.25,,,1,10353
469696,2,,,1,10353
469697,0.16,,,1,10353
469701,3.4,,,1,10354
471358,1,,,1,10328
