work_ID,trait_value,agreement,coeff_var,n,references
7,yes,1,,1,10199
13,no,1,,1,10199
14,no,1,,1,10199
15,no,1,,1,10199
16,no,1,,1,10199
21,no,1,,1,10328
45,no,1,,1,10328
51,no,1,,1,10328
59,yes,1,,1,10199
62,no,1,,1,10199
63,no,1,,1,10199
72,no,1,,1,10199
74,no,1,,1,10199
78,no,1,,1,10199
83,no,1,,1,10199
87,no,1,,1,10199
88,no,1,,1,10199
93,no,1,,1,10199
97,no,1,,1,10199
103,yes,1,,1,10199
105,yes,1,,1,10199
106,yes,1,,1,10199
108,yes,1,,1,10328
120,yes,1,,1,10199
123,no,1,,1,10199
126,yes,1,,1,10199
132,yes,1,,1,10328
133,yes,1,,1,10328
138,no,0.5,,2,10199
141,yes,1,,1,10199
148,no,1,,1,10199
149,yes,1,,1,10199
158,yes,1,,1,10199
163,yes,1,,1,10199
166,yes,1,,2,"10199,10328"
170,yes,1,,1,10199
172,yes,1,,2,"10199,10328"
174,yes,1,,2,"10199,10328"
183,yes,1,,1,10328
184,yes,1,,1,10328
205,yes,1,,1,10199
228,yes,1,,1,10328
232,yes,1,,1,10199
233,no,1,,1,10328
245,no,1,,1,10328
250,no,1,,1,10328
253,no,1,,1,10328
266,no,1,,1,10199
271,no,1,,1,10199
278,no,1,,1,10199
288,no,1,,1,10199
293,no,1,,1,10199
296,no,1,,1,10199
298,no,1,,1,10199
300,no,1,,1,10199
303,no,1,,1,10199
332,no,1,,1,10199
344,no,1,,1,10199
354,no,1,,1,10199
360,no,1,,1,10199
362,no,1,,1,10199
365,no,1,,1,10199
366,no,1,,1,10199
367,no,1,,1,10328
384,no,1,,1,10199
388,no,1,,1,10328
395,no,1,,1,10328
418,no,1,,1,10328
430,no,1,,1,10199
431,no,1,,1,10199
529,no,1,,1,10328
555,no,1,,1,10199
561,no,1,,1,10199
569,no,1,,1,10199
579,no,1,,1,10199
594,no,1,,1,10199
596,no,1,,1,10199
600,no,1,,1,10199
633,no,1,,1,10199
663,no,1,,1,10199
667,no,1,,1,10199
668,no,1,,1,10328
671,no,1,,1,10199
678,no,1,,1,10199
714,no,1,,1,10199
720,yes,1,,1,10199
721,yes,1,,1,10199
725,no,1,,1,10199
726,no,1,,1,10199
727,no,1,,1,10199
729,no,1,,1,10199
771,no,1,,1,10199
774,no,1,,1,10199
791,no,1,,1,10199
792,no,1,,1,10199
860,no,1,,1,10199
865,no,1,,1,10199
886,no,1,,1,10199
887,no,1,,1,10199
900,no,1,,1,10199
912,no,1,,1,10199
938,no,1,,1,10328
965,no,1,,1,10199
979,yes,1,,1,10199
988,yes,1,,1,10199
1009,no,1,,1,10199
1010,no,1,,1,10199
1011,no,1,,1,10199
1014,yes,1,,1,10199
1015,yes,1,,1,10199
1027,no,1,,1,10199
1028,no,1,,2,"10199,10328"
1044,no,1,,1,10328
1045,no,1,,1,10199
1046,no,1,,1,10199
1047,no,1,,1,10199
1048,no,1,,1,10199
1050,no,1,,1,10199
1052,no,1,,1,10199
1056,no,1,,1,10199
1060,no,1,,1,10199
1077,no,1,,1,10199
1094,no,1,,1,10199
1096,no,1,,1,10199
1101,no,1,,1,10199
1104,no,1,,1,10199
1108,no,1,,1,10199
1110,no,1,,1,10199
1115,no,1,,1,10199
1116,no,1,,1,10328
1127,no,1,,2,"10199,10328"
1130,no,1,,1,10199
1131,no,1,,1,10199
1135,no,1,,1,10199
1136,no,1,,1,10199
1137,no,1,,1,10199
1138,no,1,,1,10199
1139,no,1,,1,10199
1141,no,1,,1,10199
1142,no,1,,1,10199
1143,no,1,,1,10199
1145,no,1,,1,10199
1147,no,1,,1,10199
1148,no,1,,1,10199
1149,no,1,,1,10199
1150,no,1,,1,10199
1152,no,1,,1,10199
1153,no,1,,1,10199
1155,no,1,,1,10199
1156,no,1,,1,10199
1157,no,1,,1,10199
1158,no,1,,1,10199
1160,no,1,,1,10199
1161,no,1,,1,10199
1162,no,1,,1,10199
1163,no,1,,1,10199
1260,no,1,,1,10328
1271,no,1,,1,10199
1303,no,1,,1,10199
1307,no,1,,1,10328
1309,no,1,,1,10199
1310,no,1,,1,10199
1321,no,1,,1,10199
1322,no,1,,1,10199
1323,no,1,,1,10328
1327,no,1,,1,10328
1335,no,1,,1,10199
1352,no,1,,1,10328
1356,no,1,,1,10199
1362,no,1,,1,10199
1370,no,1,,1,10199
1373,yes,1,,1,10199
1374,yes,1,,1,10199
1375,no,1,,1,10199
1379,yes,1,,1,10199
1381,yes,1,,1,10199
1383,no,1,,1,10199
1384,yes,1,,1,10199
1385,no,1,,1,10199
1386,yes,1,,1,10199
1387,no,1,,1,10199
1389,no,1,,1,10199
1419,no,1,,1,10199
1420,no,1,,1,10199
1421,no,1,,1,10199
1422,no,1,,1,10199
1424,no,1,,1,10199
1426,no,1,,1,10199
1430,no,1,,1,10199
1442,no,1,,1,10199
1447,no,1,,1,10199
1450,no,1,,1,10328
1459,no,1,,1,10199
1460,no,1,,1,10199
1461,no,1,,1,10199
1462,no,1,,1,10199
1463,no,1,,1,10199
1516,no,1,,1,10199
1528,no,1,,1,10199
1546,no,1,,1,10328
1561,no,1,,1,10328
1564,no,1,,1,10199
1580,no,1,,1,10328
1581,no,1,,1,10199
1585,no,1,,1,10328
1590,yes,1,,1,10199
1595,yes,1,,1,10199
1605,no,1,,1,10199
1612,no,1,,1,10199
1624,no,1,,1,10199
1641,no,1,,1,10199
1642,no,1,,1,10199
1648,yes,1,,1,10328
1651,yes,1,,1,10199
1657,no,1,,1,10328
1658,no,1,,1,10199
1665,no,1,,1,10199
1666,no,1,,1,10199
1671,no,1,,1,10199
1674,no,1,,1,10199
1678,no,1,,1,10199
1685,no,1,,1,10199
1687,no,1,,1,10328
1690,no,1,,1,10328
1694,no,1,,1,10328
1700,no,1,,1,10199
1712,no,1,,1,10199
1722,no,1,,1,10199
1724,no,1,,1,10199
1728,no,1,,1,10199
1735,no,1,,1,10199
1738,no,1,,1,10199
1739,no,1,,1,10199
1743,no,1,,1,10199
1744,no,1,,1,10199
1754,no,1,,1,10199
1755,no,1,,1,10199
1757,no,1,,1,10199
1770,no,1,,1,10199
1787,no,1,,1,10199
1789,no,1,,1,10199
1790,no,1,,1,10199
1800,no,1,,1,10199
1802,no,1,,1,10199
1804,no,1,,1,10199
1805,no,1,,1,10199
1807,no,1,,1,10199
1808,no,1,,1,10199
1813,no,1,,1,10199
1814,no,1,,1,10199
1820,no,1,,1,10199
1830,no,1,,1,10199
1835,no,1,,1,10199
1838,no,1,,1,10199
1843,no,1,,2,"10199,10328"
1868,yes,1,,1,10199
1870,no,1,,1,10328
1910,no,1,,1,10199
1917,no,1,,1,10199
1924,no,1,,1,10199
1928,no,1,,1,10199
1929,no,1,,1,10199
1933,no,1,,1,10199
1935,no,1,,2,"10199,10328"
1936,no,1,,1,10328
1940,no,1,,2,"10199,10328"
1941,no,1,,2,"10199,10328"
1942,no,1,,1,10199
1947,no,1,,1,10199
1949,no,0.5,,2,10199
1951,no,1,,2,"10199,10328"
1954,no,1,,2,"10199,10328"
1956,no,1,,1,10199
1957,no,1,,1,10199
1958,no,1,,1,10199
1959,no,1,,2,"10199,10328"
1960,no,1,,1,10199
1973,no,1,,1,10199
2008,yes,1,,1,10199
2017,no,1,,1,10199
2020,no,1,,1,10199
2025,no,1,,1,10328
2039,no,1,,1,10199
2048,no,1,,1,10199
2049,no,1,,1,10199
2050,no,1,,1,10199
2074,no,1,,1,10328
2093,no,1,,1,10199
2097,no,1,,1,10328
2115,no,1,,1,10199
2118,no,1,,1,10199
2142,no,1,,1,10199
2143,no,1,,1,10199
2151,yes,1,,1,10199
2152,no,1,,1,10199
2164,no,1,,1,10199
2166,no,1,,1,10328
2209,no,1,,1,10199
2212,yes,1,,1,10199
2222,no,1,,1,10199
2232,no,1,,1,10199
2264,no,1,,1,10199
2283,no,1,,1,10328
2307,no,1,,1,10199
2323,no,1,,1,10328
2333,no,1,,1,10199
2345,no,1,,1,10199
2364,no,1,,1,10199
2419,no,1,,1,10199
2420,no,1,,1,10199
2427,no,1,,1,10199
2428,no,1,,1,10199
2429,no,1,,1,10199
2431,no,1,,1,10199
2435,no,1,,1,10328
2443,no,1,,1,10328
2448,no,1,,1,10199
2453,no,1,,1,10199
2462,no,1,,1,10199
2469,no,1,,1,10199
2470,no,1,,1,10199
2474,no,1,,1,10199
2478,no,1,,1,10199
2479,no,1,,1,10199
2487,no,1,,1,10199
2505,no,1,,1,10199
2506,no,1,,2,"10199,10328"
2530,no,1,,1,10328
2549,no,1,,1,10328
2585,no,1,,1,10199
2589,no,1,,1,10199
2590,no,1,,1,10199
2592,no,1,,1,10199
2593,no,1,,1,10199
2595,no,1,,1,10199
2600,no,1,,1,10199
2602,no,1,,1,10199
2603,no,1,,1,10199
2606,no,1,,1,10199
2609,no,1,,1,10199
2611,no,1,,1,10199
2638,no,1,,1,10328
2674,no,1,,1,10199
2681,no,1,,1,10199
2684,no,1,,1,10199
2695,no,1,,1,10328
2705,no,1,,1,10199
2724,no,1,,1,10328
2731,no,1,,1,10328
2733,no,1,,1,10199
2735,no,1,,1,10199
2741,no,1,,1,10199
2753,no,1,,1,10199
2773,no,1,,1,10199
2774,no,1,,1,10199
2775,no,1,,1,10199
2776,no,1,,1,10199
2805,yes,1,,1,10199
2806,yes,1,,1,10199
2858,no,1,,1,10199
2868,no,1,,1,10199
2871,no,1,,2,"10199,10328"
2873,no,1,,1,10199
2874,no,1,,1,10199
2875,no,1,,2,"10199,10328"
2888,no,1,,2,"10199,10328"
2890,no,1,,1,10199
2893,no,1,,1,10199
2906,yes,1,,1,10199
2907,yes,1,,1,10199
2909,yes,1,,1,10199
2910,yes,1,,1,10199
2911,no,1,,1,10199
2914,yes,1,,1,10199
2940,no,1,,1,10328
2970,no,1,,1,10199
2977,no,1,,1,10199
2998,no,1,,1,10199
3030,no,1,,1,10199
3032,no,1,,1,10199
3039,no,1,,1,10199
3046,no,1,,1,10199
3048,no,1,,1,10199
3054,no,1,,1,10199
3058,no,1,,1,10199
3081,no,1,,1,10328
3082,no,1,,1,10199
3085,no,1,,1,10199
3090,no,1,,1,10199
3092,no,1,,1,10199
3093,no,1,,1,10199
3099,no,1,,1,10199
3100,no,1,,1,10199
3101,no,1,,1,10199
3107,no,1,,1,10199
3111,no,1,,1,10328
3156,no,1,,1,10199
3164,no,1,,1,10328
3182,no,1,,1,10199
3200,no,1,,1,10328
3202,no,1,,1,10199
3291,no,1,,1,10199
3298,no,1,,1,10199
3323,no,1,,1,10199
3345,no,1,,1,10328
3346,no,1,,1,10328
3361,no,1,,1,10199
3381,no,1,,1,10199
3384,no,1,,1,10199
3385,no,1,,1,10199
3401,no,1,,1,10199
3405,no,1,,1,10328
3416,no,1,,1,10199
3446,no,1,,1,10328
3511,no,1,,1,10199
3512,no,1,,1,10199
3513,no,1,,1,10199
3514,no,1,,1,10199
3515,no,1,,1,10199
3516,no,1,,1,10199
3517,no,1,,1,10199
3518,no,1,,1,10199
3520,no,1,,1,10199
3521,no,1,,1,10199
3522,no,1,,1,10199
3523,no,1,,1,10199
3524,no,1,,1,10199
3525,no,1,,1,10199
3526,no,1,,1,10199
3528,no,1,,1,10199
3529,no,1,,1,10199
3530,no,1,,1,10199
3531,no,1,,1,10199
3538,no,1,,1,10328
3554,no,1,,1,10199
3603,no,1,,1,10199
3621,no,1,,1,10199
3625,no,1,,1,10328
3626,no,1,,1,10199
3628,no,1,,1,10199
3637,no,1,,1,10199
3640,no,1,,1,10328
3643,no,1,,2,"10199,10328"
3667,no,1,,1,10328
3705,no,1,,1,10199
3865,no,1,,1,10199
3882,no,1,,1,10199
3985,no,1,,1,10199
4019,no,1,,1,10328
4021,no,1,,1,10328
4031,no,1,,1,10328
4033,no,1,,1,10328
4035,no,1,,1,10328
4062,no,1,,1,10199
4077,no,1,,1,10199
4132,no,1,,1,10199
4133,no,1,,1,10199
4155,no,1,,1,10199
4159,no,1,,1,10199
4173,no,1,,1,10199
4249,no,1,,1,10199
4273,no,1,,1,10328
4326,no,1,,1,10199
4327,no,1,,1,10199
4329,no,1,,1,10199
4391,no,1,,1,10199
4392,no,1,,1,10199
4393,no,1,,1,10199
4394,no,1,,2,"10199,10328"
4395,no,1,,1,10199
4396,no,1,,1,10199
4399,yes,1,,1,10199
4405,no,1,,1,10199
4422,no,1,,1,10199
4423,no,1,,1,10199
4427,no,1,,1,10199
4429,no,1,,1,10328
4433,no,0.5,,2,10328
4441,no,1,,1,10199
4444,no,1,,1,10199
4445,no,1,,1,10199
4446,no,1,,1,10199
4447,no,1,,1,10199
4448,no,1,,1,10199
4449,no,1,,1,10199
4450,no,1,,1,10199
4451,no,1,,1,10199
4452,no,1,,1,10199
4453,no,1,,1,10199
4454,no,1,,1,10199
4455,no,1,,1,10199
4456,no,1,,1,10199
4457,no,1,,1,10199
4458,no,1,,1,10199
4461,no,1,,1,10199
4494,no,1,,1,10199
4502,no,1,,1,10199
4503,no,1,,1,10199
4506,no,1,,1,10199
4508,no,1,,1,10199
4509,no,1,,1,10199
4528,no,1,,1,10199
4539,no,1,,1,10199
4551,no,1,,1,10199
4553,no,1,,1,10199
4603,no,1,,1,10199
4604,no,1,,1,10199
4611,no,1,,1,10199
4614,no,1,,1,10199
4616,no,1,,1,10199
4618,no,1,,1,10199
4619,no,1,,1,10199
4622,no,1,,1,10199
4623,no,1,,1,10199
4624,no,1,,1,10199
4625,no,1,,1,10199
4628,no,1,,1,10199
4629,no,1,,1,10199
4630,no,1,,1,10199
4646,no,1,,1,10199
4650,no,1,,2,"10199,10328"
4654,yes,1,,1,10199
4655,yes,1,,1,10199
4660,no,1,,1,10328
4673,no,1,,1,10199
4675,no,1,,1,10199
4678,no,1,,1,10199
4688,yes,1,,1,10199
4689,no,1,,1,10199
4690,no,1,,1,10199
4691,no,1,,1,10199
4693,no,1,,1,10199
4696,no,1,,1,10199
4698,no,1,,1,10199
4700,no,1,,1,10199
4701,no,1,,1,10199
4705,no,1,,1,10328
4710,no,1,,1,10199
4711,no,1,,1,10199
4741,no,1,,1,10199
4745,no,1,,1,10199
4756,no,1,,1,10199
4769,no,1,,1,10199
4773,no,1,,1,10199
4775,no,1,,1,10199
4781,no,1,,1,10199
4782,no,1,,1,10199
4783,no,1,,1,10199
4787,no,1,,1,10199
4789,no,1,,1,10199
4821,no,1,,1,10199
4852,no,1,,1,10199
4864,no,1,,1,10199
4924,no,1,,1,10199
4932,no,1,,1,10199
4934,no,1,,1,10199
4938,no,1,,1,10199
4942,no,1,,1,10199
4945,no,1,,1,10199
4946,no,1,,1,10328
4947,no,1,,1,10328
4967,no,1,,1,10328
4989,no,1,,1,10199
5008,no,1,,1,10328
5022,no,1,,1,10328
5044,no,1,,1,10199
5047,no,1,,1,10199
5071,no,1,,1,10199
5075,no,1,,1,10199
5080,no,1,,1,10328
5100,no,1,,1,10199
5102,no,1,,1,10199
5119,no,1,,1,10328
5140,no,1,,2,"10199,10328"
5157,no,1,,2,"10199,10328"
5164,no,1,,1,10199
5172,no,1,,1,10199
5189,no,1,,1,10199
5190,no,1,,1,10199
5205,no,1,,1,10199
5213,no,1,,1,10328
5280,no,1,,1,10328
5296,no,1,,1,10199
5301,no,1,,1,10328
5337,no,1,,1,10199
5350,no,1,,1,10199
5359,no,1,,1,10199
5361,no,1,,1,10199
5363,no,1,,1,10199
5368,no,1,,1,10199
5392,no,1,,1,10199
5413,no,1,,1,10199
5415,no,1,,1,10199
5419,no,1,,1,10199
5421,no,1,,1,10199
5425,no,1,,1,10199
5433,no,1,,1,10199
5452,no,1,,1,10199
5453,no,1,,1,10199
5463,no,1,,1,10199
5497,no,1,,1,10328
5498,no,1,,1,10328
5502,no,1,,1,10328
5504,yes,1,,1,10199
5506,no,1,,1,10199
5509,no,1,,1,10199
5536,no,1,,1,10328
5538,no,1,,1,10199
5539,no,1,,1,10199
5540,no,1,,1,10199
5541,no,1,,1,10199
5562,no,1,,1,10199
5563,no,1,,1,10199
5575,no,1,,1,10199
5591,no,1,,1,10199
5617,no,1,,1,10199
5619,no,1,,1,10199
5620,no,1,,1,10199
5622,no,1,,1,10199
5626,no,1,,1,10199
5699,no,1,,1,10199
5700,no,1,,1,10199
5702,no,1,,1,10199
5703,no,1,,1,10199
5704,no,1,,1,10199
5705,no,1,,1,10199
5736,no,1,,1,10328
5767,no,1,,1,10328
5769,no,1,,1,10328
5775,no,1,,1,10328
5779,no,1,,1,10328
5789,no,1,,1,10199
5791,no,1,,1,10199
5793,no,1,,1,10199
5802,no,1,,1,10199
5808,no,1,,1,10199
5811,no,1,,2,"10199,10328"
5812,no,1,,1,10199
5815,no,1,,1,10199
5837,no,1,,1,10199
5839,no,1,,1,10199
5840,no,1,,1,10199
5841,no,1,,1,10199
5843,no,1,,1,10199
5846,no,1,,1,10199
5856,no,1,,1,10199
5857,no,1,,1,10199
5859,no,1,,1,10199
5860,no,1,,1,10199
5861,no,1,,1,10199
5862,no,1,,1,10199
5863,no,1,,1,10199
5874,no,1,,1,10328
5875,no,1,,1,10328
5881,no,1,,1,10199
5882,no,1,,1,10199
5884,no,1,,1,10199
5885,no,1,,1,10199
5939,no,1,,1,10199
5951,no,1,,1,10199
5953,no,1,,1,10199
5955,no,1,,1,10199
5959,no,1,,1,10199
5961,no,1,,1,10199
5964,no,1,,1,10328
5966,no,1,,1,10199
5968,no,1,,1,10199
5971,no,1,,1,10199
5972,no,1,,1,10199
5977,no,1,,1,10199
5978,no,1,,1,10199
5982,no,1,,1,10199
5989,no,1,,1,10199
5990,no,1,,1,10328
6000,no,1,,1,10199
6010,yes,1,,1,10199
6032,no,1,,1,10199
6055,no,1,,1,10199
6058,no,1,,1,10328
6064,no,1,,2,"10199,10328"
6076,no,1,,1,10199
6081,no,1,,1,10328
6082,no,1,,1,10328
6083,no,1,,1,10328
6084,no,1,,1,10328
6085,no,1,,1,10328
6086,no,1,,1,10328
6237,no,1,,1,10199
6247,no,1,,1,10199
6297,no,1,,1,10199
6299,no,1,,1,10199
6326,no,1,,1,10199
6339,no,1,,1,10199
6342,no,1,,1,10199
6343,no,1,,1,10199
6386,no,1,,1,10328
6398,no,1,,1,10199
6399,no,1,,1,10199
6408,no,1,,1,10199
6411,no,1,,1,10199
6422,no,1,,1,10199
6436,no,1,,1,10199
6443,no,1,,1,10199
6450,yes,1,,1,10199
6478,yes,1,,1,10199
6495,yes,1,,1,10199
6501,no,1,,1,10328
6503,no,1,,1,10328
6562,no,1,,1,10199
6617,no,1,,1,10199
6620,no,1,,1,10199
6621,no,1,,1,10199
6623,no,1,,1,10199
6624,no,1,,1,10199
6625,no,1,,1,10199
6634,no,1,,1,10199
6637,no,1,,1,10199
6640,no,1,,1,10199
6642,no,1,,1,10199
6643,no,1,,1,10199
6644,no,1,,1,10199
6645,no,1,,1,10199
6648,no,1,,1,10199
6653,no,1,,1,10199
6658,no,1,,1,10199
6660,no,1,,1,10199
6661,no,1,,1,10199
6665,no,1,,1,10199
6668,no,1,,1,10199
6673,no,1,,1,10199
6674,no,1,,1,10199
6676,no,1,,1,10199
6684,no,1,,1,10199
6688,no,1,,1,10199
6698,no,1,,1,10199
6699,no,1,,1,10199
6704,no,1,,1,10199
6705,no,1,,1,10199
6707,no,1,,1,10199
6715,no,1,,1,10199
6721,no,1,,1,10199
6723,no,1,,1,10199
6726,no,1,,1,10199
6733,no,1,,1,10199
6734,no,1,,1,10199
6735,no,1,,1,10199
6740,no,1,,1,10199
6742,no,1,,1,10199
6745,no,1,,1,10199
6746,no,1,,1,10199
6748,no,1,,1,10199
6749,no,1,,1,10199
6751,no,1,,1,10199
6753,no,1,,1,10199
6757,no,1,,1,10199
6758,no,1,,1,10199
6759,no,1,,1,10199
6766,no,1,,1,10199
6771,no,1,,1,10199
6772,no,1,,1,10199
6774,no,1,,1,10199
6775,no,1,,1,10199
6778,no,1,,1,10199
6782,no,1,,1,10199
6785,no,1,,1,10199
6786,no,1,,1,10199
6788,no,1,,1,10199
6791,no,1,,1,10199
6793,no,1,,1,10199
6806,no,1,,1,10199
6808,no,1,,1,10199
6811,no,1,,1,10199
6812,no,1,,1,10199
6813,no,1,,1,10199
6816,no,1,,1,10199
6819,no,1,,1,10199
6824,no,1,,1,10199
6829,no,1,,1,10199
6837,no,1,,1,10199
6848,no,1,,1,10199
6852,no,1,,1,10199
6854,no,1,,1,10199
6856,no,1,,1,10199
6860,no,1,,1,10199
6862,no,1,,1,10199
6864,no,1,,1,10199
6865,no,1,,1,10199
6867,no,1,,1,10199
6868,no,1,,1,10199
6874,no,1,,1,10199
6879,no,1,,1,10199
6880,no,1,,1,10199
6898,no,1,,1,10199
6927,no,1,,1,10199
6952,no,1,,1,10328
6959,yes,1,,1,10328
6987,yes,1,,1,10199
6991,no,1,,1,10199
6994,no,1,,1,10199
7005,no,1,,1,10199
7031,no,1,,1,10199
7042,no,1,,1,10199
7067,yes,1,,1,10328
7088,no,1,,1,10328
7090,no,1,,1,10328
7098,no,1,,1,10328
7104,no,1,,1,10328
7109,no,1,,1,10199
7113,no,1,,1,10328
7116,no,1,,1,10328
7134,no,1,,1,10199
7135,no,1,,1,10199
7136,no,1,,1,10199
7137,no,1,,1,10199
7141,no,1,,1,10199
7142,no,1,,1,10199
7143,no,1,,1,10199
7144,no,1,,1,10199
7145,no,1,,1,10199
7146,no,1,,1,10199
7149,no,1,,1,10199
7150,no,1,,1,10199
7152,no,1,,1,10199
7153,no,1,,1,10199
7154,no,1,,1,10199
7155,no,1,,1,10199
7160,no,1,,1,10199
7162,no,1,,1,10199
7165,yes,1,,1,10199
7168,no,1,,1,10199
7175,no,1,,1,10328
7176,no,1,,1,10199
7177,no,1,,1,10199
7224,no,1,,1,10199
7225,no,1,,1,10199
7402,no,1,,1,10199
7403,no,1,,1,10199
7410,no,1,,1,10328
7411,no,1,,1,10328
7412,no,1,,1,10328
7413,no,1,,1,10328
7435,no,1,,1,10328
7436,no,1,,1,10199
7438,no,1,,1,10199
7444,no,1,,1,10199
7445,no,1,,1,10199
7499,no,1,,1,10328
7502,no,1,,1,10328
7506,no,1,,1,10328
7520,no,1,,1,10199
7521,no,1,,1,10199
7522,no,1,,1,10199
7523,no,1,,1,10199
7524,no,1,,1,10199
7540,no,1,,1,10199
7552,no,1,,1,10199
7554,no,1,,1,10199
7557,no,1,,1,10199
7558,no,1,,1,10199
7559,no,1,,1,10199
7560,no,1,,1,10199
7561,no,1,,1,10199
7563,no,1,,1,10199
7564,no,1,,1,10199
7566,no,1,,1,10199
7567,no,1,,1,10199
7568,no,1,,1,10199
7570,no,1,,1,10199
7573,no,1,,1,10199
7574,no,1,,1,10199
7578,yes,1,,1,10199
7580,yes,1,,1,10199
7583,yes,1,,1,10199
7596,yes,1,,1,10199
7600,no,1,,1,10199
7601,no,1,,1,10199
7602,no,1,,2,"10199,10328"
7605,no,1,,2,"10199,10328"
7616,no,1,,1,10199
7633,no,1,,1,10199
7648,no,1,,1,10199
7653,no,1,,1,10199
7654,no,1,,1,10199
7658,no,1,,1,10199
7660,no,1,,2,"10199,10328"
7662,no,1,,2,"10199,10328"
7663,no,1,,1,10199
7664,no,1,,1,10199
7666,no,1,,1,10199
7672,no,1,,1,10199
7673,no,1,,1,10199
7692,no,1,,1,10328
7699,no,1,,1,10328
7733,no,1,,1,10199
7753,no,1,,1,10328
7755,no,1,,1,10328
7759,no,1,,1,10328
7799,no,1,,1,10328
8022,no,1,,1,10328
8046,no,1,,1,10328
8081,no,1,,1,10328
8196,no,1,,1,10199
8197,no,1,,1,10199
8198,no,1,,1,10199
8199,no,1,,1,10199
8221,no,1,,1,10199
8224,yes,1,,1,10328
8226,yes,1,,1,10328
8257,no,1,,1,10328
8270,no,1,,1,10199
8271,no,1,,1,10328
8272,no,1,,1,10199
8273,no,1,,2,"10199,10328"
8274,no,1,,1,10199
8279,no,1,,1,10328
8294,no,1,,1,10328
8298,no,1,,2,"10199,10328"
8307,no,1,,1,10199
8309,no,1,,1,10199
8313,no,1,,1,10199
8314,no,1,,1,10199
8318,no,1,,1,10199
8326,no,1,,1,10199
8328,no,1,,1,10199
8330,no,1,,1,10199
8339,no,1,,1,10199
8344,no,1,,1,10199
8345,no,1,,1,10199
8357,no,1,,1,10199
8362,no,1,,1,10199
8366,no,1,,1,10199
8372,no,1,,1,10199
8373,no,1,,1,10199
8374,no,1,,1,10199
8375,no,1,,1,10199
8379,no,1,,1,10199
8382,no,1,,1,10199
8400,no,1,,1,10328
8402,no,1,,1,10328
8412,no,1,,1,10199
8413,no,1,,1,10199
8418,no,1,,1,10199
8423,no,1,,1,10328
8428,no,1,,1,10199
8441,no,1,,1,10199
8442,no,1,,1,10199
8443,no,1,,1,10199
8455,no,1,,1,10199
8458,yes,1,,1,10199
8472,no,1,,1,10199
8486,yes,1,,1,10199
8487,no,1,,1,10199
8488,yes,1,,1,10199
8489,yes,1,,1,10199
8490,no,0.5,,2,10328
8491,yes,1,,1,10199
8496,no,1,,1,10328
8498,no,1,,1,10199
8525,no,1,,1,10199
8538,no,1,,1,10199
8542,no,1,,1,10199
8569,no,1,,1,10199
8570,no,1,,1,10199
8571,no,1,,1,10199
8574,no,1,,1,10199
8575,no,1,,1,10199
8579,no,1,,1,10199
8580,no,1,,1,10199
8581,no,1,,1,10199
8582,no,1,,1,10199
8597,no,1,,1,10328
8599,no,1,,1,10328
8613,no,1,,1,10328
8614,no,1,,1,10328
8615,no,1,,1,10328
8644,no,1,,1,10328
8655,no,1,,1,10199
8661,no,1,,1,10199
8663,no,1,,1,10199
8664,no,1,,1,10328
8670,no,1,,1,10199
8673,no,1,,1,10199
8676,no,1,,1,10199
8681,no,1,,1,10199
8688,no,1,,1,10199
8693,no,1,,1,10199
8722,no,1,,1,10328
8740,no,1,,1,10328
8764,no,1,,1,10328
8775,no,1,,2,"10199,10328"
8781,no,1,,1,10328
8783,no,1,,2,"10199,10328"
8801,no,1,,1,10328
8807,no,1,,1,10328
8810,no,1,,1,10328
8811,yes,1,,1,10199
8820,yes,1,,1,10199
8821,yes,1,,1,10199
8893,no,1,,1,10328
8895,no,1,,1,10328
8931,no,1,,1,10199
8940,no,1,,1,10199
8941,no,1,,1,10199
8945,no,1,,1,10199
8948,yes,1,,1,10328
8951,no,1,,1,10199
8952,no,1,,1,10199
8953,no,1,,1,10199
8957,no,1,,1,10199
8964,no,1,,1,10199
9009,no,1,,1,10199
9011,no,1,,2,"10199,10328"
9046,no,1,,1,10328
9048,no,1,,1,10328
9061,yes,1,,1,10199
9079,yes,1,,1,10199
9081,yes,1,,1,10199
9094,no,1,,1,10328
9097,yes,1,,1,10328
9102,no,1,,1,10199
9106,no,1,,1,10199
9120,no,1,,1,10199
9167,no,1,,1,10328
9169,no,1,,1,10199
9286,no,1,,2,"10199,10328"
9287,no,1,,1,10199
9301,no,1,,1,10199
9311,no,1,,1,10199
9312,no,1,,1,10199
9341,no,1,,1,10199
9344,no,1,,1,10199
9354,no,1,,1,10199
9373,no,1,,1,10199
9405,no,1,,1,10328
9418,no,1,,1,10199
9423,no,1,,1,10199
9451,yes,1,,1,10199
9460,no,1,,1,10199
9466,no,1,,1,10199
9468,no,1,,1,10199
9514,no,1,,1,10199
9529,no,1,,1,10199
9530,no,1,,1,10199
9543,no,1,,1,10199
9544,no,1,,1,10199
9546,no,1,,1,10199
9550,no,1,,1,10199
9559,no,1,,1,10199
9573,no,1,,1,10199
9581,no,1,,1,10199
9583,no,1,,1,10199
9584,no,1,,1,10199
9586,no,1,,1,10199
9587,no,1,,1,10199
9591,yes,1,,1,10199
9595,no,1,,1,10199
9603,no,1,,1,10199
9604,no,1,,1,10199
9605,no,1,,1,10199
9609,no,1,,1,10199
9614,no,1,,1,10199
9615,no,1,,1,10199
9616,no,1,,1,10199
9617,no,1,,1,10199
9624,no,1,,1,10199
9629,no,1,,1,10199
9639,no,1,,1,10199
9641,no,1,,1,10199
9647,no,1,,1,10199
9661,no,1,,1,10328
9686,no,1,,1,10328
9697,no,1,,1,10328
9699,no,1,,1,10199
9700,no,1,,1,10199
9704,no,1,,1,10199
9713,no,1,,1,10199
9729,no,1,,1,10199
9731,no,1,,1,10199
9742,no,1,,1,10199
9744,no,1,,1,10199
9753,no,1,,1,10328
9768,no,1,,1,10199
9777,no,1,,1,10199
9786,no,1,,1,10199
9787,no,1,,1,10199
9789,no,1,,1,10199
9790,no,1,,1,10199
9792,no,1,,1,10199
9793,no,1,,1,10199
9801,no,1,,1,10199
9809,no,1,,1,10199
9822,no,1,,1,10199
9835,no,1,,1,10199
9842,no,1,,1,10199
9844,no,1,,1,10199
9846,no,1,,1,10199
9924,no,1,,1,10199
9928,no,1,,1,10328
9930,no,1,,1,10328
9952,no,1,,1,10199
9955,no,1,,1,10328
9972,no,1,,1,10328
9976,no,1,,1,10328
9985,no,1,,1,10199
9992,no,1,,1,10199
10001,no,1,,1,10199
10006,no,1,,1,10199
10075,no,1,,1,10199
10081,no,1,,1,10199
10087,no,1,,1,10199
10123,no,1,,1,10199
10124,no,1,,1,10328
10127,no,1,,1,10199
10149,no,1,,1,10199
10150,no,1,,1,10328
10161,no,1,,1,10199
10168,yes,1,,1,10199
10172,yes,1,,1,10199
10175,yes,1,,1,10199
10191,no,1,,1,10199
10196,no,1,,1,10199
10204,no,1,,1,10199
10214,no,1,,1,10199
10215,no,1,,1,10199
10223,no,1,,1,10199
10233,no,1,,1,10199
10257,no,1,,1,10199
10285,no,1,,1,10199
10296,no,1,,1,10199
10301,no,1,,1,10199
10302,no,1,,1,10199
10311,no,1,,1,10199
10312,no,1,,1,10199
10314,no,1,,1,10199
10316,no,1,,1,10199
10321,no,1,,1,10199
10338,no,1,,1,10199
10364,no,1,,1,10199
10385,no,1,,1,10199
10386,no,1,,1,10199
10387,no,1,,1,10199
10388,no,1,,1,10199
10408,no,1,,1,10199
10447,no,1,,1,10199
10448,no,1,,1,10199
10449,no,1,,1,10199
10456,no,1,,1,10199
10457,no,1,,1,10199
10462,no,1,,1,10199
10465,no,1,,1,10199
10483,no,1,,1,10199
10519,no,1,,1,10328
10522,no,1,,2,"10199,10328"
10524,yes,1,,1,10199
10525,no,1,,1,10199
10528,no,1,,1,10199
10529,no,1,,1,10199
10532,no,1,,1,10199
10533,no,1,,1,10199
10535,no,1,,1,10199
10562,no,1,,1,10199
10581,no,1,,1,10199
10585,no,1,,1,10199
10587,no,1,,1,10199
10589,no,1,,1,10199
10594,no,1,,1,10199
10596,no,1,,1,10199
10608,no,1,,1,10199
10616,no,1,,1,10199
10629,no,1,,1,10199
10635,no,1,,1,10199
10682,no,1,,1,10199
10692,no,1,,1,10199
10705,no,1,,1,10199
10752,no,1,,1,10199
10798,no,1,,1,10199
10799,no,1,,1,10199
10800,no,1,,1,10199
10801,no,1,,1,10199
10802,no,1,,1,10199
10803,no,1,,1,10199
10806,no,1,,1,10199
10808,no,1,,1,10199
10810,no,1,,1,10199
10813,no,1,,1,10199
10816,no,1,,1,10199
10817,no,1,,1,10199
10819,no,1,,1,10199
10827,no,1,,1,10328
10829,no,1,,1,10328
10830,no,1,,1,10328
10831,no,1,,1,10328
10835,no,1,,1,10328
10839,no,1,,1,10328
10840,no,1,,1,10328
10852,no,1,,1,10328
10860,no,1,,1,10328
10864,no,1,,1,10328
10866,no,1,,1,10328
10879,no,1,,1,10328
10881,no,1,,1,10328
10883,no,1,,1,10328
10886,no,1,,1,10328
10898,no,1,,1,10328
10902,no,1,,1,10328
10907,no,1,,1,10328
10912,no,1,,1,10328
10939,no,1,,1,10199
10940,no,1,,1,10199
10947,no,1,,1,10199
10949,no,1,,1,10199
10951,no,1,,1,10199
10952,no,1,,1,10199
10955,no,1,,1,10199
10966,no,1,,1,10199
10970,no,1,,1,10199
10976,no,1,,1,10199
10981,no,1,,1,10199
10982,no,1,,1,10199
10995,no,1,,1,10199
11007,no,1,,1,10199
11021,no,1,,1,10199
11032,no,1,,1,10199
11040,no,1,,1,10199
11043,no,1,,1,10199
11046,no,1,,1,10199
11048,no,1,,1,10199
11049,no,1,,1,10199
11059,no,1,,1,10328
11060,no,1,,1,10328
11062,no,1,,1,10199
11067,no,1,,1,10328
11080,no,1,,1,10328
11082,no,1,,1,10199
11085,no,1,,1,10199
11087,yes,1,,1,10328
11092,yes,1,,1,10328
11129,no,1,,1,10328
11222,no,1,,1,10199
11226,no,1,,1,10328
11228,no,1,,1,10199
11229,no,1,,1,10199
11230,no,1,,1,10199
11231,no,1,,1,10199
11235,no,1,,1,10199
11245,no,1,,1,10328
11248,no,1,,1,10199
11249,no,1,,1,10199
11260,no,1,,1,10199
11265,no,1,,1,10199
11266,no,1,,1,10199
11285,no,1,,1,10199
11291,no,1,,1,10199
11292,no,1,,1,10199
11297,no,1,,1,10199
11298,no,1,,1,10199
11324,no,1,,1,10328
11330,no,1,,1,10328
11331,no,1,,1,10328
11332,no,1,,1,10328
11336,no,1,,1,10328
11387,no,1,,1,10328
11389,no,1,,1,10328
11397,no,1,,1,10199
11398,no,1,,1,10199
11401,no,1,,1,10199
11414,no,1,,1,10199
11444,no,1,,1,10328
11452,no,1,,1,10199
11454,no,1,,1,10199
11467,no,1,,1,10328
11502,no,1,,1,10328
11512,no,1,,1,10199
11513,no,1,,1,10199
11515,no,1,,1,10199
11517,no,1,,1,10199
11518,no,1,,1,10199
11519,no,1,,1,10199
11520,no,1,,1,10199
11521,no,1,,1,10199
11590,no,1,,1,10328
11621,no,1,,1,10199
11622,no,1,,1,10199
11626,no,1,,1,10199
11631,no,1,,1,10199
11647,no,1,,1,10199
11659,no,1,,1,10199
11716,yes,1,,1,10328
11723,no,1,,1,10199
11735,yes,1,,1,10199
11741,yes,1,,1,10199
11746,yes,1,,1,10199
11752,no,1,,1,10199
11753,yes,1,,1,10199
11760,yes,1,,1,10199
11763,no,1,,1,10199
11773,yes,1,,1,10199
11785,no,1,,1,10199
11802,no,1,,1,10199
11803,no,1,,1,10199
11814,no,1,,1,10199
11820,no,1,,1,10199
11825,no,1,,1,10199
11836,no,1,,1,10199
11842,no,1,,1,10199
11843,no,1,,1,10199
11857,no,1,,1,10199
11871,no,1,,1,10199
11883,no,1,,1,10199
11905,no,1,,1,10199
11907,no,1,,1,10199
11957,no,1,,1,10199
11959,no,1,,1,10199
11964,no,1,,1,10199
11965,no,1,,1,10199
11966,no,1,,1,10199
11967,no,1,,1,10199
11970,no,1,,1,10199
11977,no,1,,1,10199
11978,no,1,,1,10199
11990,no,1,,1,10199
11993,no,1,,1,10199
11997,no,1,,1,10199
12015,no,1,,1,10199
12018,no,1,,1,10328
12020,no,1,,1,10199
12021,no,1,,1,10199
12082,no,1,,1,10199
12112,no,1,,1,10199
12113,no,1,,1,10199
12116,no,1,,1,10199
12117,no,1,,1,10199
12119,no,1,,1,10199
12120,no,1,,1,10199
12121,no,1,,1,10199
12123,no,1,,2,"10199,10328"
12124,no,1,,1,10199
12125,no,1,,1,10199
12126,no,1,,1,10199
12127,no,1,,1,10199
12133,no,1,,1,10199
12134,no,1,,1,10199
12138,yes,1,,1,10199
12141,no,1,,1,10199
12143,no,1,,1,10199
12150,no,1,,1,10199
12168,no,1,,1,10199
12170,no,1,,1,10199
12211,no,1,,1,10328
12231,no,1,,2,"10199,10328"
12232,no,1,,1,10199
12234,no,1,,1,10199
12236,no,1,,1,10199
12237,no,1,,1,10199
12240,no,1,,1,10199
12241,no,1,,1,10199
12246,no,1,,1,10199
12247,no,1,,1,10199
12292,yes,1,,1,10199
12378,no,1,,1,10199
12397,no,1,,1,10199
12460,no,1,,1,10199
12510,no,1,,1,10199
12518,yes,1,,1,10199
12520,no,1,,1,10199
12522,yes,1,,1,10199
12523,yes,1,,1,10199
12524,no,1,,1,10199
12539,no,1,,1,10199
12540,no,1,,1,10199
12541,no,1,,1,10199
12632,no,1,,1,10328
12656,no,1,,1,10328
12661,no,1,,1,10199
12682,no,1,,1,10199
12684,no,1,,1,10199
12685,no,1,,1,10199
12686,no,1,,1,10199
12689,no,1,,1,10199
12691,no,1,,1,10199
12695,no,1,,1,10199
12756,no,1,,1,10199
12765,no,1,,2,"10199,10328"
12775,no,1,,1,10199
12784,yes,1,,1,10199
12785,no,1,,1,10199
12786,no,1,,1,10199
12787,no,1,,1,10199
12790,no,1,,1,10199
12827,no,1,,1,10199
12836,no,1,,1,10199
12844,no,1,,1,10328
12855,no,1,,1,10199
12862,no,1,,1,10199
12874,no,1,,1,10328
12876,no,1,,1,10199
12896,no,1,,1,10328
12900,no,1,,1,10199
12917,no,1,,1,10328
12922,no,1,,1,10199
12923,no,1,,1,10199
12942,no,1,,1,10199
12964,no,1,,2,"10199,10328"
12996,no,1,,1,10328
12997,no,1,,1,10199
13005,no,1,,1,10199
13031,no,1,,1,10199
13167,no,1,,1,10199
13197,yes,1,,1,10328
13199,yes,1,,1,10328
13204,no,1,,1,10328
13205,no,1,,1,10199
13209,no,1,,1,10328
13215,no,1,,1,10199
13217,no,1,,1,10199
13220,no,1,,1,10199
13226,no,1,,1,10199
13348,no,1,,1,10199
13353,yes,1,,1,10199
13354,yes,1,,1,10199
13360,yes,1,,1,10199
13366,no,0.5,,2,10199
13368,yes,1,,1,10199
13370,yes,1,,1,10199
13372,yes,1,,1,10199
13402,no,1,,1,10199
13434,no,1,,1,10199
13446,no,1,,1,10199
13447,no,1,,1,10199
13468,no,1,,1,10199
13470,no,1,,1,10199
13472,no,1,,2,"10199,10328"
13476,no,1,,1,10328
13479,no,1,,1,10328
13506,no,1,,1,10199
13536,no,1,,1,10199
13551,no,1,,1,10328
13572,yes,1,,1,10199
13573,no,1,,1,10199
13636,no,1,,1,10328
13710,no,1,,1,10199
13712,no,1,,1,10199
13741,no,1,,1,10199
13742,no,1,,1,10199
13743,no,1,,1,10199
13745,no,1,,1,10199
13752,no,1,,1,10199
13767,yes,1,,1,10199
13769,no,1,,1,10199
13935,no,1,,1,10199
13939,no,1,,1,10199
13951,no,1,,1,10199
13955,no,1,,1,10328
14040,yes,1,,1,10199
14047,no,1,,1,10199
14048,no,1,,1,10199
14050,no,1,,1,10199
14052,no,1,,1,10199
14070,yes,1,,1,10199
14071,yes,1,,1,10199
14072,yes,1,,1,10199
14073,yes,1,,1,10199
14074,yes,1,,1,10199
14075,no,1,,1,10199
14080,no,1,,1,10199
14083,no,1,,1,10199
14088,no,1,,1,10199
14089,no,1,,1,10328
14093,no,1,,1,10199
14181,no,1,,1,10328
14183,no,1,,1,10328
14186,no,1,,1,10328
14201,yes,1,,1,10199
14231,no,1,,1,10199
14239,no,1,,1,10199
14249,no,1,,1,10199
14290,no,1,,1,10199
14313,no,1,,1,10199
14357,no,1,,1,10199
14358,no,1,,1,10199
14359,no,1,,1,10199
14361,no,1,,1,10199
14362,no,1,,1,10199
14363,no,1,,1,10199
14364,no,1,,1,10199
14366,no,1,,1,10199
14382,no,1,,1,10199
14405,no,1,,1,10199
14410,no,1,,1,10199
14412,no,1,,1,10199
14418,no,1,,1,10199
14419,no,1,,1,10199
14427,no,1,,1,10199
14430,no,1,,1,10199
14432,no,1,,1,10199
14436,no,1,,1,10199
14439,no,1,,1,10199
14442,no,1,,1,10199
14450,no,1,,1,10199
14451,no,1,,1,10199
14458,no,1,,1,10199
14462,no,1,,1,10199
14470,no,1,,1,10199
14471,no,1,,1,10199
14475,no,1,,1,10199
14476,no,1,,1,10199
14477,no,1,,1,10199
14486,no,1,,1,10199
14488,no,1,,1,10199
14492,no,1,,1,10199
14497,no,1,,1,10199
14500,no,1,,1,10199
14503,no,1,,1,10199
14509,no,1,,1,10199
14511,no,1,,1,10199
14514,no,1,,1,10199
14518,no,1,,1,10199
14520,no,1,,1,10199
14534,no,1,,1,10199
14542,no,1,,1,10199
14546,no,1,,1,10199
14570,no,1,,1,10199
14612,no,1,,1,10199
14660,no,1,,1,10199
14699,no,1,,1,10199
14730,no,1,,1,10328
14744,yes,1,,1,10328
14746,no,1,,1,10328
14756,no,1,,1,10199
14758,no,1,,1,10199
14759,no,1,,1,10199
14760,no,1,,1,10199
14761,no,1,,1,10199
14763,yes,1,,1,10199
14764,no,1,,1,10199
14765,no,1,,1,10199
14768,no,1,,1,10199
14769,no,1,,1,10199
14776,yes,1,,1,10328
14802,no,1,,1,10199
14815,no,1,,1,10328
14817,no,1,,1,10328
14821,no,1,,1,10199
14857,no,1,,1,10328
14886,no,1,,1,10199
14891,no,1,,1,10199
14896,no,1,,1,10199
14908,no,1,,1,10199
14911,no,1,,1,10199
14912,no,1,,1,10199
14913,no,1,,1,10199
14917,no,1,,1,10328
14938,no,1,,1,10199
14977,no,1,,1,10199
14978,no,1,,1,10199
14979,no,1,,1,10199
15019,no,1,,1,10199
15027,no,1,,1,10199
15028,no,1,,1,10199
15032,no,1,,1,10199
15057,no,1,,1,10199
15058,no,1,,1,10199
15060,no,1,,1,10199
15063,no,1,,1,10328
15075,no,1,,1,10328
15082,no,1,,1,10328
15085,no,1,,1,10328
15088,no,1,,1,10328
15090,no,1,,1,10328
15095,no,1,,1,10328
15096,no,1,,1,10328
15124,no,1,,1,10328
15141,no,1,,1,10199
15153,no,1,,1,10199
15180,no,1,,1,10199
15181,no,1,,1,10199
15185,no,1,,1,10199
15331,no,1,,1,10199
15334,no,1,,1,10199
15344,no,1,,1,10199
15354,no,1,,1,10199
15356,no,1,,1,10199
15369,no,1,,1,10199
15395,no,1,,1,10199
15437,no,1,,1,10199
15440,no,1,,1,10199
15448,no,1,,1,10199
15462,no,1,,1,10199
15466,no,1,,1,10199
15467,no,1,,1,10199
15477,no,1,,1,10199
15493,no,1,,1,10199
15502,no,1,,1,10199
15511,no,1,,1,10199
15524,no,1,,1,10199
15530,no,1,,1,10199
15531,no,1,,1,10199
15534,no,1,,1,10199
15549,no,1,,1,10199
15554,no,1,,1,10199
15556,no,1,,1,10199
15557,no,1,,1,10199
15560,no,1,,1,10199
15587,no,1,,1,10199
15590,no,1,,1,10199
15592,no,1,,1,10199
15599,no,1,,1,10199
15600,no,1,,1,10199
15603,no,1,,1,10199
15604,no,1,,1,10199
15606,no,1,,1,10199
15607,no,1,,1,10199
15608,no,1,,1,10199
15609,no,1,,1,10199
15611,no,1,,1,10199
15617,no,1,,1,10199
15620,no,1,,1,10199
15627,no,1,,2,"10199,10328"
15640,no,1,,1,10328
15643,no,1,,1,10328
15647,no,1,,1,10199
15650,no,1,,1,10328
15655,no,1,,1,10328
15669,no,1,,1,10199
15672,no,1,,1,10199
15679,no,1,,1,10199
15721,no,1,,1,10328
15736,no,1,,1,10328
15740,no,1,,1,10199
15747,no,1,,1,10328
15750,no,1,,1,10199
15752,no,1,,1,10199
15760,no,1,,1,10199
15763,no,1,,1,10199
15771,no,1,,1,10199
15772,no,1,,1,10199
15828,no,1,,1,10199
15831,no,1,,1,10199
15833,no,1,,1,10199
15835,no,1,,1,10199
15852,no,1,,1,10199
15893,no,1,,1,10199
16049,no,1,,1,10199
16106,no,1,,1,10199
16117,no,1,,1,10328
16132,no,1,,1,10199
16142,no,1,,1,10328
16164,no,1,,1,10328
16176,no,1,,1,10328
16184,no,1,,2,"10199,10328"
16202,no,1,,1,10199
16204,no,1,,1,10199
16208,no,1,,1,10199
16209,no,1,,1,10199
16213,no,1,,1,10199
16226,no,1,,1,10199
16232,no,1,,1,10199
16276,no,1,,1,10199
16295,no,1,,1,10199
16304,no,1,,1,10199
16307,no,1,,1,10199
16314,no,1,,1,10328
16321,no,1,,1,10199
16351,no,1,,1,10199
16355,no,1,,1,10199
16357,no,1,,1,10199
16362,no,1,,1,10199
16367,no,1,,1,10199
16368,no,1,,1,10199
16369,no,1,,1,10199
16375,no,1,,1,10199
16376,no,1,,1,10199
16387,no,1,,1,10199
16390,yes,1,,1,10199
16393,no,1,,1,10199
16395,yes,1,,1,10199
16413,no,1,,1,10199
16442,no,1,,1,10328
16525,no,1,,1,10328
16531,no,1,,1,10328
16533,no,1,,1,10328
16535,no,1,,1,10328
16550,no,1,,1,10328
16553,no,1,,1,10328
16563,no,1,,1,10328
16566,no,1,,1,10328
16567,no,1,,1,10328
16570,no,1,,1,10328
16572,no,1,,1,10328
16573,no,1,,1,10328
16575,no,1,,1,10328
16578,no,1,,1,10328
16593,no,1,,1,10328
16615,no,1,,1,10199
16623,no,1,,1,10199
16630,no,1,,1,10199
16638,no,1,,1,10199
16645,no,1,,1,10199
16652,no,1,,1,10199
16658,no,1,,1,10199
16659,no,1,,1,10199
16664,no,1,,1,10199
16687,no,1,,1,10199
16699,no,1,,1,10199
16702,no,1,,1,10199
16718,no,1,,1,10199
16724,no,1,,1,10199
16732,no,1,,1,10328
16735,no,1,,2,"10199,10328"
16741,no,1,,1,10199
16769,no,1,,1,10328
16772,no,1,,1,10328
16773,no,1,,1,10328
16779,no,1,,1,10328
16803,no,1,,1,10328
16807,no,1,,1,10199
16817,no,1,,1,10328
16829,no,1,,1,10328
16987,no,1,,1,10328
16998,no,1,,1,10328
17006,no,1,,1,10199
17032,no,1,,1,10328
17037,no,1,,1,10199
17044,no,1,,1,10199
17052,no,1,,1,10328
17077,no,1,,1,10328
17080,yes,1,,1,10199
17082,yes,1,,2,"10199,10328"
17083,yes,1,,1,10199
17085,yes,1,,2,"10199,10328"
17087,yes,1,,1,10199
17091,yes,1,,1,10199
17093,yes,1,,1,10199
17094,yes,1,,1,10199
17101,yes,1,,1,10199
17102,yes,1,,1,10199
17105,yes,1,,1,10199
17107,yes,1,,1,10199
17108,yes,1,,1,10199
17109,yes,1,,1,10199
17110,yes,1,,1,10199
17111,yes,1,,1,10199
17120,no,1,,1,10199
17121,no,1,,1,10199
17152,no,1,,1,10199
17159,no,1,,1,10199
17167,no,1,,2,"10199,10328"
17169,no,1,,1,10328
17170,no,1,,1,10328
17180,no,1,,1,10199
17181,no,1,,1,10199
17182,no,1,,1,10199
17183,no,1,,1,10199
17190,no,1,,1,10199
17204,no,1,,1,10199
17205,no,1,,1,10328
17212,no,1,,1,10199
17216,no,1,,1,10199
17222,no,1,,1,10328
17228,no,1,,2,"10199,10328"
17232,no,1,,2,"10199,10328"
17234,no,1,,1,10328
17243,no,1,,1,10199
17244,no,1,,1,10199
17247,no,1,,1,10199
17251,no,1,,2,"10199,10328"
17255,no,1,,1,10328
17256,no,1,,1,10199
17260,no,1,,1,10199
17263,no,1,,1,10199
17273,no,1,,1,10328
17276,no,1,,1,10199
17279,no,1,,2,"10199,10328"
17284,no,1,,1,10199
17285,no,1,,1,10199
17293,no,1,,2,"10199,10328"
17297,no,1,,1,10199
17299,no,1,,2,"10199,10328"
17306,no,1,,1,10328
17308,no,1,,1,10328
17309,no,1,,1,10328
17310,no,1,,1,10328
17312,no,1,,1,10328
17313,no,1,,1,10328
17315,no,1,,1,10328
17316,no,1,,1,10328
17317,no,1,,1,10328
17319,no,1,,1,10328
17325,no,1,,1,10199
17339,no,1,,1,10199
17348,no,1,,1,10199
17359,no,1,,1,10199
17374,no,1,,1,10199
17388,no,1,,1,10199
17403,no,1,,1,10199
17436,no,1,,1,10199
17521,no,1,,1,10199
17563,no,1,,1,10199
17567,no,1,,1,10199
17591,no,1,,1,10199
17597,no,1,,1,10199
17603,no,1,,1,10199
17615,no,1,,1,10199
17634,no,1,,1,10199
17669,no,1,,2,"10199,10328"
17692,no,1,,1,10199
17727,no,1,,1,10199
17739,no,1,,1,10199
17766,no,1,,1,10328
17771,no,1,,1,10199
17783,no,1,,1,10199
17789,no,1,,1,10199
17811,no,1,,1,10328
17813,no,1,,1,10199
17825,no,1,,1,10328
17830,no,1,,1,10199
17834,no,1,,1,10199
17837,no,1,,1,10199
17839,no,1,,1,10199
17842,no,1,,1,10199
17843,no,1,,1,10199
17855,no,1,,1,10328
17866,no,1,,1,10328
17892,no,1,,1,10199
17913,no,1,,2,"10199,10328"
17920,no,1,,1,10328
17927,no,1,,1,10199
17932,no,1,,1,10199
17933,no,1,,1,10199
17944,no,1,,1,10199
17972,no,1,,1,10199
17973,no,1,,1,10199
17978,no,1,,1,10199
17996,no,1,,1,10328
18007,no,1,,1,10328
18009,no,1,,1,10328
18035,no,1,,1,10328
18036,no,1,,1,10328
18055,no,1,,1,10328
18076,no,1,,1,10199
18116,no,1,,1,10199
18120,no,1,,1,10199
18133,no,1,,1,10199
18140,no,1,,1,10199
18141,no,1,,1,10199
18142,no,1,,1,10199
18143,no,1,,1,10199
18150,no,1,,1,10199
18182,no,1,,1,10199
18185,no,1,,1,10199
18186,no,1,,1,10199
18198,no,1,,1,10199
18220,no,1,,1,10199
18248,no,1,,1,10328
18267,no,1,,1,10199
18271,no,1,,1,10199
18272,no,1,,1,10199
18276,no,1,,1,10199
18284,yes,1,,1,10199
18300,no,1,,1,10199
18315,no,1,,1,10328
18414,no,1,,1,10199
18416,no,1,,1,10199
18419,no,1,,1,10328
18422,no,1,,1,10199
18424,no,1,,1,10199
18425,no,1,,1,10199
18427,no,1,,1,10199
18429,no,1,,1,10199
18432,no,1,,1,10199
18433,no,1,,1,10199
18436,no,1,,1,10199
18439,no,1,,1,10199
18441,no,1,,1,10199
18445,no,1,,1,10199
18448,no,1,,2,"10199,10328"
18454,no,1,,1,10199
18457,no,1,,1,10199
18458,no,1,,1,10199
18459,no,1,,1,10199
18461,no,1,,1,10199
18464,no,1,,1,10199
18469,no,1,,1,10199
18473,no,1,,1,10199
18476,no,1,,1,10199
18477,no,1,,1,10199
18479,no,1,,1,10199
18481,no,1,,1,10199
18485,no,1,,1,10199
18488,no,1,,1,10199
18493,no,1,,1,10199
18499,no,1,,1,10199
18500,no,1,,1,10199
18503,no,1,,1,10199
18506,no,1,,1,10199
18516,no,1,,1,10199
18519,no,1,,1,10199
18522,no,1,,1,10199
18524,no,1,,1,10199
18526,no,1,,1,10199
18528,no,1,,1,10199
18531,no,1,,1,10199
18534,no,1,,1,10199
18535,no,1,,1,10199
18538,no,1,,1,10199
18539,no,1,,1,10199
18540,no,1,,1,10199
18550,no,1,,1,10199
18553,no,1,,1,10199
18555,no,1,,1,10199
18556,no,1,,1,10199
18560,no,1,,1,10199
18563,no,1,,1,10199
18566,no,1,,1,10199
18568,no,1,,2,"10199,10328"
18572,no,1,,1,10199
18573,no,1,,1,10199
18576,no,1,,1,10199
18578,no,1,,1,10199
18579,no,1,,1,10199
18580,no,1,,1,10199
18584,no,1,,1,10199
18591,no,1,,1,10199
18592,no,1,,1,10199
18594,no,1,,1,10199
18597,no,1,,1,10199
18603,no,1,,1,10199
18607,no,1,,1,10199
18611,no,1,,1,10199
18612,no,1,,1,10199
18613,no,1,,1,10199
18691,no,1,,1,10199
18698,no,1,,1,10199
18703,no,1,,1,10199
18707,no,1,,1,10199
18732,no,1,,1,10199
18735,no,1,,1,10199
18736,no,1,,1,10199
18737,no,1,,1,10199
18738,no,1,,1,10199
18742,no,1,,1,10199
18750,yes,1,,1,10199
18753,no,1,,1,10199
18758,no,1,,1,10199
18761,no,1,,1,10199
18763,no,1,,1,10199
18765,no,1,,1,10199
18771,no,1,,1,10199
18773,no,1,,1,10328
18775,no,1,,1,10199
18776,no,1,,1,10199
18801,no,1,,1,10328
18838,no,1,,1,10199
18848,no,1,,1,10199
18852,no,1,,1,10328
18854,no,1,,1,10199
18860,no,1,,1,10199
18862,no,1,,1,10328
18904,no,1,,1,10199
18923,no,1,,1,10199
18924,no,1,,1,10199
18925,no,1,,1,10199
18927,no,1,,1,10199
18928,no,1,,1,10328
18931,no,1,,1,10199
18935,no,1,,1,10199
18961,no,1,,1,10328
18964,no,1,,1,10328
18973,no,1,,1,10328
18984,no,1,,1,10199
18985,no,1,,1,10199
18987,no,1,,2,"10199,10328"
18988,no,1,,1,10199
19035,no,1,,1,10328
19044,no,1,,1,10328
19046,no,1,,1,10328
19048,no,1,,1,10328
19055,no,1,,1,10328
19062,no,1,,1,10328
19128,yes,1,,1,10328
19137,no,1,,2,"10199,10328"
19138,no,1,,1,10328
19146,no,1,,1,10328
19167,no,1,,1,10328
19197,no,1,,1,10328
19206,no,1,,1,10328
19212,no,1,,1,10328
19231,no,1,,1,10328
19248,no,1,,1,10328
19252,no,1,,1,10199
19257,no,1,,1,10199
19261,no,1,,1,10199
19264,no,1,,1,10199
19269,no,1,,1,10199
19274,no,1,,1,10199
19277,no,1,,1,10199
19278,no,1,,1,10199
19281,no,1,,1,10199
19283,no,1,,1,10199
19284,no,1,,1,10199
19289,no,1,,1,10199
19290,no,1,,1,10199
19293,no,1,,1,10199
19295,no,1,,1,10199
19299,no,1,,1,10199
19302,no,1,,1,10199
19303,no,1,,1,10199
19304,no,1,,1,10199
19314,no,1,,1,10199
19315,no,1,,1,10199
19322,no,1,,1,10199
19327,no,1,,1,10199
19335,no,1,,1,10199
19340,no,1,,1,10199
19346,no,1,,1,10199
19347,no,1,,1,10199
19348,no,1,,1,10199
19365,no,1,,1,10199
19366,no,1,,1,10199
19395,no,1,,1,10328
19399,no,1,,1,10328
19401,no,1,,1,10199
19405,no,1,,1,10199
19406,no,1,,1,10328
19407,no,1,,1,10328
19408,no,1,,1,10328
19411,no,1,,1,10328
19416,no,1,,1,10328
19417,no,1,,1,10328
19434,no,1,,1,10328
19461,no,1,,1,10199
19464,no,1,,1,10199
19484,no,1,,1,10328
19489,no,1,,1,10199
19509,yes,1,,1,10328
19515,yes,1,,1,10328
19525,yes,1,,1,10328
19573,no,1,,1,10328
19590,no,1,,1,10328
19594,no,1,,1,10328
19598,no,1,,1,10328
19606,no,1,,1,10328
19610,no,1,,1,10328
19620,no,1,,1,10199
19624,yes,1,,1,10199
19626,no,1,,1,10199
19627,no,1,,1,10199
19630,no,1,,1,10199
19632,no,1,,1,10199
19642,no,1,,1,10328
19650,no,1,,1,10328
19660,no,1,,1,10328
19670,no,1,,1,10328
19673,no,1,,1,10328
19675,no,1,,1,10328
19678,no,1,,1,10328
19681,no,1,,1,10328
19757,no,1,,1,10328
19775,no,1,,1,10199
19779,no,1,,1,10199
19797,no,1,,1,10328
19811,no,1,,1,10199
19814,no,1,,1,10199
19815,no,1,,1,10199
19817,no,1,,1,10199
19819,no,1,,1,10199
19825,no,1,,1,10199
19832,no,1,,1,10328
19841,no,1,,1,10328
19843,no,1,,1,10328
19852,yes,1,,1,10328
19859,no,1,,1,10328
19862,no,1,,1,10328
19867,no,1,,1,10199
19868,no,1,,1,10199
19871,yes,1,,1,10199
19886,no,1,,1,10199
19892,no,1,,1,10199
19894,no,1,,1,10199
19896,no,1,,1,10199
19900,no,1,,1,10199
19902,no,1,,1,10199
19909,no,1,,1,10199
19910,no,1,,1,10199
19912,no,1,,1,10199
19913,no,1,,1,10199
19917,no,1,,1,10199
19927,no,1,,1,10199
19933,no,1,,1,10199
19941,no,1,,1,10328
19943,no,1,,1,10328
19944,no,1,,1,10199
19946,no,1,,1,10199
19950,no,1,,1,10328
19951,no,1,,1,10328
19955,no,1,,1,10328
19956,no,1,,1,10328
19963,yes,1,,1,10199
19972,no,1,,1,10199
19973,no,1,,1,10199
19976,no,1,,1,10199
19984,no,1,,1,10199
19985,no,1,,1,10199
20024,yes,1,,1,10199
20030,no,1,,1,10199
20031,no,1,,1,10199
20066,no,1,,2,"10199,10328"
20152,no,1,,1,10199
20153,no,1,,1,10199
20173,yes,1,,1,10328
20199,no,1,,1,10199
20232,no,1,,1,10199
20233,no,1,,1,10199
20236,no,1,,1,10199
20237,no,1,,1,10199
20245,no,1,,1,10199
20251,no,1,,1,10199
20378,no,1,,1,10199
20389,no,1,,1,10199
20392,no,1,,1,10328
20408,no,1,,1,10328
20411,no,1,,1,10199
20415,no,1,,1,10199
20422,no,1,,1,10199
20424,no,1,,1,10199
20426,no,1,,2,"10199,10328"
20427,no,1,,1,10199
20428,no,1,,1,10199
20437,no,1,,1,10199
20440,no,1,,1,10199
20444,no,1,,1,10199
20449,no,1,,1,10199
20460,no,1,,1,10199
20461,no,1,,1,10199
20482,no,1,,1,10199
20483,no,1,,1,10199
20496,no,1,,1,10199
20504,no,1,,1,10199
20506,no,1,,1,10199
20507,no,1,,1,10199
20510,no,1,,1,10199
20511,no,1,,1,10199
20512,no,1,,1,10199
20515,no,1,,1,10199
20591,no,1,,1,10199
20594,no,1,,1,10199
20631,no,1,,1,10199
20653,no,1,,1,10328
20658,no,1,,1,10199
20660,no,1,,1,10199
20684,no,1,,1,10199
20692,no,1,,1,10199
20700,no,1,,1,10199
20710,no,1,,1,10328
20735,no,1,,1,10199
20737,no,1,,1,10199
20742,no,1,,1,10199
20750,yes,1,,1,10199
20752,yes,1,,1,10199
20755,no,1,,1,10199
20760,no,1,,1,10199
20765,no,1,,1,10199
20769,no,1,,1,10199
20770,no,1,,1,10199
20772,no,1,,1,10199
20773,no,1,,1,10199
20783,no,1,,1,10199
20846,yes,1,,1,10199
20847,yes,1,,1,10199
20852,no,1,,1,10199
20857,no,1,,1,10328
20865,no,1,,1,10328
20866,no,1,,1,10328
20874,no,1,,1,10199
20916,no,1,,1,10199
20920,no,1,,1,10199
20924,no,1,,1,10199
20927,no,1,,1,10199
20928,no,1,,1,10199
20929,no,1,,1,10199
20930,no,1,,1,10199
20931,no,1,,1,10199
20932,no,1,,1,10199
20936,no,1,,1,10199
20952,yes,1,,1,10199
20972,no,1,,1,10199
20974,no,1,,1,10199
20976,no,1,,1,10199
20987,no,1,,1,10199
20988,no,1,,1,10199
21037,no,1,,1,10328
21046,no,1,,1,10328
21060,no,1,,1,10199
21061,no,1,,1,10328
21063,no,1,,1,10328
21110,no,1,,1,10199
21111,no,1,,1,10199
21120,no,1,,1,10328
21166,no,1,,1,10199
21172,no,1,,1,10328
21174,no,1,,1,10328
21191,no,1,,1,10328
21218,no,1,,1,10328
21249,no,1,,1,10199
21251,no,1,,1,10199
21259,no,1,,1,10199
21268,no,1,,1,10199
21282,no,1,,1,10199
21305,no,1,,1,10199
21306,no,1,,1,10199
21320,no,1,,1,10199
21325,no,1,,1,10199
21331,no,1,,1,10199
21337,no,1,,1,10199
21362,no,1,,1,10199
21365,no,1,,1,10199
21375,no,1,,1,10199
21377,no,1,,1,10328
21442,no,1,,1,10199
21457,no,1,,1,10328
21463,no,1,,1,10199
21464,no,1,,1,10199
21468,no,1,,1,10199
21480,no,1,,1,10199
21485,no,1,,1,10199
21486,no,1,,1,10199
21488,no,1,,1,10199
21502,no,1,,1,10328
21505,no,1,,1,10328
21545,no,1,,1,10199
21574,no,1,,1,10199
21618,no,1,,1,10199
21621,no,1,,1,10199
21622,no,1,,1,10199
21679,no,1,,1,10199
21684,no,1,,1,10199
21687,no,1,,1,10199
21697,no,1,,2,"10199,10328"
21700,no,1,,1,10199
21704,no,1,,1,10199
21705,no,1,,1,10199
21713,no,1,,1,10199
21718,no,1,,1,10199
21720,no,1,,1,10199
21727,no,1,,1,10199
21728,no,1,,1,10199
21730,no,1,,1,10199
21731,no,1,,1,10199
21740,no,1,,1,10199
21741,no,1,,1,10199
21745,no,1,,2,"10199,10328"
21911,no,1,,1,10328
21918,no,1,,1,10328
21932,no,1,,1,10328
21952,no,1,,1,10328
22125,no,1,,1,10199
22126,no,1,,1,10199
22128,no,1,,1,10199
22151,no,1,,1,10199
22156,no,1,,1,10199
22171,no,1,,1,10199
22176,no,1,,1,10199
22180,no,1,,1,10328
22184,no,1,,1,10199
22185,no,1,,1,10199
22190,no,1,,1,10199
22223,no,1,,1,10328
22227,no,1,,1,10199
22234,no,1,,1,10328
22244,no,1,,1,10199
22247,no,1,,2,"10199,10328"
22256,no,1,,1,10199
22262,no,1,,1,10199
22279,no,1,,1,10199
22288,no,1,,1,10199
22303,no,1,,1,10199
22306,no,1,,1,10199
22307,no,1,,1,10199
22309,no,1,,1,10199
22310,no,1,,1,10199
22311,no,1,,1,10199
22312,no,1,,1,10199
22314,no,1,,1,10199
22343,no,1,,1,10199
22346,no,1,,1,10199
22347,no,1,,1,10199
22354,no,1,,1,10199
22361,no,1,,1,10199
22393,no,1,,1,10199
22396,no,1,,1,10199
22405,no,1,,1,10199
22452,no,1,,1,10199
22506,no,1,,1,10199
22531,no,1,,1,10199
22532,no,1,,1,10199
22620,no,1,,1,10328
22624,no,1,,1,10328
22630,no,1,,1,10328
22631,no,1,,1,10328
22635,no,1,,1,10328
22641,no,1,,1,10199
22643,no,1,,1,10328
22644,no,1,,1,10328
22653,no,1,,1,10199
22654,no,1,,1,10199
22677,no,0.5,,2,10199
22679,yes,1,,1,10199
22831,no,1,,1,10199
22850,no,1,,1,10328
22879,no,1,,1,10328
22885,no,1,,1,10328
22887,no,1,,1,10328
22895,no,1,,1,10328
22901,no,1,,1,10328
22908,no,1,,1,10328
22925,no,1,,1,10328
22934,no,1,,1,10199
22945,no,1,,1,10328
23030,no,1,,1,10199
23077,no,1,,1,10328
23173,no,1,,1,10199
23180,no,1,,1,10199
23188,no,1,,1,10199
23233,no,1,,1,10199
23240,no,1,,1,10328
23246,no,1,,1,10199
23251,no,1,,1,10328
23257,no,1,,1,10328
23258,no,1,,1,10199
23262,no,1,,1,10199
23272,no,1,,1,10199
23279,yes,1,,1,10199
23281,yes,1,,1,10199
23283,no,1,,1,10199
23309,yes,1,,1,10199
23310,yes,1,,1,10199
23316,yes,1,,1,10199
23322,yes,1,,1,10199
23324,yes,1,,1,10199
23325,yes,1,,1,10199
23328,yes,1,,1,10199
23329,yes,1,,1,10199
23331,yes,1,,1,10199
23333,yes,1,,1,10199
23334,yes,1,,1,10199
23335,yes,1,,1,10199
23336,yes,1,,1,10199
23337,yes,1,,1,10199
23338,yes,1,,1,10199
23339,yes,1,,1,10199
23340,yes,1,,1,10199
23341,yes,1,,1,10199
23342,no,1,,1,10199
23343,yes,1,,1,10199
23344,yes,1,,1,10199
23350,no,1,,1,10328
23379,no,1,,1,10199
23381,no,1,,1,10199
23384,no,1,,1,10199
23386,no,1,,1,10199
23391,no,1,,1,10199
23407,no,1,,1,10199
23426,no,1,,1,10328
23441,no,1,,1,10199
23448,no,1,,1,10199
23449,no,1,,1,10199
23454,no,1,,1,10199
23481,no,1,,1,10199
23483,no,1,,1,10199
23496,no,1,,1,10199
23503,no,1,,1,10199
23505,no,1,,1,10328
23513,no,1,,1,10328
23525,no,1,,1,10199
23526,no,1,,1,10199
23535,no,1,,1,10328
23636,no,1,,1,10328
23637,no,1,,1,10328
23639,no,1,,1,10328
23640,no,1,,1,10328
23642,no,1,,1,10328
23643,no,1,,1,10328
23644,no,1,,1,10328
23645,no,1,,1,10328
23648,no,1,,1,10328
23649,no,1,,1,10328
23650,no,1,,1,10328
23652,no,1,,1,10328
23653,no,1,,1,10328
23655,no,1,,1,10328
23657,no,1,,1,10328
23658,no,1,,1,10328
23659,no,1,,1,10328
23662,no,1,,1,10328
23678,no,1,,1,10328
23679,no,1,,1,10328
23707,no,1,,1,10328
23708,no,1,,1,10328
23709,no,1,,1,10328
23712,no,1,,1,10199
23713,no,1,,1,10199
23729,no,1,,1,10199
23732,no,1,,1,10199
23738,no,1,,1,10199
23749,no,1,,1,10199
23797,no,1,,1,10199
23799,no,1,,1,10199
23802,no,1,,1,10199
23816,no,1,,1,10328
23833,no,1,,1,10199
23872,no,1,,1,10199
23896,no,1,,1,10199
23905,no,1,,1,10199
23907,no,1,,1,10199
23912,no,1,,1,10199
23930,no,1,,1,10199
23931,no,1,,1,10328
23932,no,1,,1,10199
23937,no,1,,1,10199
23943,no,1,,1,10328
23944,no,1,,1,10328
23945,no,1,,1,10328
23948,no,1,,1,10328
23950,no,1,,1,10328
23954,no,1,,1,10328
23956,no,1,,1,10328
23961,no,1,,1,10328
23963,no,1,,1,10328
23964,no,1,,1,10328
23965,no,1,,1,10328
23966,no,1,,1,10328
23972,no,1,,1,10328
23973,no,1,,1,10328
23977,no,1,,1,10328
23978,no,1,,1,10328
23979,no,1,,1,10328
23981,no,1,,1,10328
23983,no,1,,1,10328
23987,no,1,,1,10328
23989,no,1,,1,10328
23990,no,1,,1,10328
23996,no,1,,1,10328
24001,no,1,,1,10328
24005,no,1,,1,10328
24007,no,1,,1,10328
24009,no,1,,1,10328
24013,no,1,,1,10328
24015,no,1,,1,10328
24017,no,1,,1,10328
24020,no,1,,1,10328
24023,no,1,,1,10328
24025,no,1,,1,10328
24026,no,1,,1,10328
24039,no,1,,1,10328
24046,no,1,,1,10328
24049,no,1,,1,10328
24050,no,1,,1,10328
24053,no,1,,1,10328
24058,no,1,,1,10328
24062,no,1,,1,10199
24063,no,1,,1,10199
24074,no,1,,1,10199
24086,no,1,,1,10199
24117,no,1,,1,10199
24143,no,1,,1,10199
24189,no,1,,1,10199
24196,no,1,,1,10328
24216,no,1,,1,10199
24232,no,1,,1,10199
24253,yes,1,,1,10328
24260,no,1,,1,10199
24263,no,1,,1,10328
24266,no,1,,1,10199
24271,no,1,,1,10199
24272,no,1,,1,10199
24273,no,1,,1,10199
24279,no,1,,1,10328
24285,no,1,,1,10199
24292,no,1,,1,10199
24308,no,1,,1,10199
24309,no,1,,1,10199
24311,no,1,,1,10199
24315,no,1,,1,10328
24424,no,1,,1,10199
24428,no,1,,1,10328
24429,no,1,,1,10199
24430,no,1,,1,10199
24462,no,1,,1,10199
24468,no,1,,1,10199
24474,no,1,,1,10199
24483,no,1,,1,10199
24493,no,1,,1,10328
24517,yes,1,,1,10199
24535,yes,1,,1,10328
24537,no,1,,1,10199
24566,no,1,,1,10199
24576,no,1,,1,10328
24599,no,1,,1,10199
24600,no,1,,1,10199
24627,no,1,,1,10199
24629,no,1,,1,10199
24632,no,1,,1,10199
24634,no,1,,1,10199
24635,no,1,,1,10199
24643,no,1,,1,10199
24647,no,1,,1,10328
24649,no,1,,1,10328
24651,no,1,,1,10328
24655,no,1,,1,10328
24661,no,1,,1,10328
24663,no,1,,1,10328
24668,no,1,,1,10199
24670,no,1,,1,10199
24676,no,1,,2,"10199,10328"
24694,no,1,,1,10328
24702,no,1,,1,10199
24721,no,1,,1,10199
24724,no,1,,1,10199
24729,no,1,,1,10328
24733,no,1,,1,10328
24744,no,1,,1,10199
24868,yes,1,,1,10328
24874,yes,1,,1,10328
24881,yes,1,,1,10328
24886,yes,1,,1,10199
24889,yes,1,,1,10328
24890,yes,1,,1,10328
24891,yes,1,,1,10328
24911,no,1,,1,10199
24916,no,1,,1,10328
24926,no,1,,1,10328
24934,no,1,,1,10328
24943,no,1,,1,10199
24959,no,1,,1,10199
24978,no,1,,1,10199
24979,no,1,,1,10199
24990,no,1,,1,10199
24991,no,1,,1,10199
24994,no,1,,1,10199
25030,no,1,,2,"10199,10328"
25052,no,1,,1,10199
25053,no,1,,1,10199
25054,no,1,,2,"10199,10328"
25062,no,1,,1,10328
25220,no,1,,1,10199
25259,no,1,,1,10199
25263,no,1,,1,10328
25265,no,1,,1,10328
25268,no,1,,2,"10199,10328"
25288,no,1,,1,10328
25296,no,1,,1,10328
25297,no,1,,1,10199
25299,no,1,,1,10328
25303,no,1,,1,10199
25309,no,1,,1,10328
25347,no,1,,1,10199
25348,no,1,,1,10199
25352,no,1,,1,10199
25353,no,1,,1,10199
25386,no,1,,1,10328
25398,no,1,,1,10328
25399,no,1,,1,10328
25407,no,1,,1,10328
25413,no,1,,1,10328
25419,no,1,,1,10328
25445,no,1,,1,10199
25492,no,1,,1,10199
25496,no,1,,1,10328
25500,no,1,,1,10328
25502,no,1,,1,10199
25520,yes,1,,1,10199
25548,yes,1,,1,10199
25549,yes,1,,1,10199
25557,no,1,,1,10328
25566,no,1,,1,10199
25607,no,1,,1,10328
25622,no,1,,1,10328
25654,no,1,,1,10199
25657,no,1,,1,10328
25683,no,1,,1,10328
25696,no,1,,1,10199
25699,no,1,,1,10199
25766,no,1,,1,10199
25774,no,1,,1,10199
25783,no,1,,1,10199
25806,no,1,,1,10328
25809,no,1,,1,10328
25814,no,1,,1,10328
25819,no,1,,1,10328
25829,no,1,,1,10328
25832,no,1,,1,10328
25840,no,1,,1,10328
25856,no,1,,1,10199
25857,no,1,,1,10199
25861,no,1,,1,10199
25864,no,1,,1,10199
25865,no,1,,1,10199
26043,no,1,,1,10328
26044,no,1,,1,10328
26068,no,1,,1,10328
26079,no,1,,1,10199
26082,no,1,,1,10199
26084,no,1,,1,10199
26197,no,1,,1,10328
26209,no,1,,1,10328
26217,no,1,,1,10328
26282,no,1,,1,10328
26298,no,1,,1,10199
26301,no,1,,1,10199
26306,no,1,,1,10199
26307,no,1,,1,10199
26327,no,1,,1,10199
26342,no,1,,1,10199
26377,no,1,,1,10199
26393,no,1,,1,10199
26396,no,1,,1,10199
26397,no,1,,1,10199
26401,no,1,,1,10199
26403,no,1,,1,10199
26404,no,1,,1,10199
26409,no,1,,1,10199
26410,no,1,,1,10199
26412,no,1,,1,10199
26422,no,1,,1,10199
26425,no,1,,1,10199
26430,no,1,,1,10199
26431,no,1,,1,10199
26433,no,1,,1,10199
26444,no,1,,1,10199
26445,no,1,,1,10199
26451,no,1,,1,10199
26452,no,1,,1,10199
26453,no,1,,1,10199
26457,no,1,,1,10199
26460,no,1,,1,10199
26470,no,1,,1,10199
26475,no,1,,1,10328
26476,no,1,,1,10328
26531,no,1,,1,10328
26532,no,1,,1,10328
26534,no,1,,1,10328
26564,no,1,,1,10199
26567,no,1,,1,10328
26568,no,1,,1,10199
26658,yes,1,,1,10199
26669,yes,1,,1,10199
26688,no,1,,2,"10199,10328"
26691,no,1,,1,10328
26696,no,1,,1,10328
26705,no,1,,1,10199
26708,no,1,,1,10328
26717,no,1,,1,10199
26719,no,1,,1,10199
26726,no,1,,1,10199
26730,yes,1,,1,10328
26776,yes,1,,1,10328
26786,yes,1,,1,10328
26788,yes,1,,1,10328
26819,no,1,,1,10199
26827,no,1,,1,10199
26829,no,1,,1,10199
26832,no,1,,1,10199
26835,no,1,,1,10199
26837,no,1,,1,10328
26838,no,1,,1,10328
26839,no,1,,1,10199
26842,no,1,,1,10199
26848,no,1,,1,10199
26849,no,1,,1,10199
26851,no,1,,1,10199
26854,no,1,,1,10199
26863,no,1,,1,10199
26864,no,1,,1,10199
26883,yes,1,,1,10199
26884,yes,1,,1,10328
26885,yes,1,,1,10328
26896,yes,1,,1,10328
26902,yes,1,,1,10328
26918,no,1,,1,10328
26925,no,1,,1,10328
26936,no,1,,1,10328
26943,no,1,,1,10328
26952,no,1,,1,10328
26956,no,1,,1,10328
26958,no,1,,1,10328
26988,no,1,,1,10328
26993,no,1,,1,10199
26995,no,1,,1,10328
27003,no,1,,1,10199
27012,no,1,,1,10199
27025,no,1,,1,10199
27048,no,1,,1,10328
27056,no,1,,1,10199
27060,no,1,,1,10199
27062,no,1,,1,10199
27067,no,1,,1,10199
27114,no,1,,1,10199
27115,no,1,,1,10199
27116,no,1,,1,10199
27119,no,1,,1,10199
27162,no,1,,1,10199
27167,no,1,,1,10328
27183,no,1,,1,10199
27184,no,1,,1,10199
27190,no,1,,1,10199
27194,no,1,,1,10199
27195,no,1,,1,10199
27196,no,1,,1,10199
27198,no,1,,1,10199
27203,no,1,,1,10199
27205,no,1,,1,10199
27208,no,1,,1,10199
27213,no,1,,1,10199
27218,no,1,,1,10199
27219,no,1,,1,10199
27220,no,1,,1,10199
27232,no,1,,1,10328
27234,no,1,,1,10328
27247,no,1,,1,10328
27255,no,1,,1,10328
27257,no,1,,1,10328
27259,no,1,,1,10328
27260,no,1,,1,10328
27262,yes,1,,1,10199
27304,no,1,,1,10199
27321,no,1,,1,10199
27323,no,1,,1,10199
27372,no,1,,1,10199
27374,no,1,,1,10199
27376,no,1,,1,10199
27377,no,1,,1,10199
27382,no,1,,2,"10199,10328"
27383,no,1,,1,10199
27407,no,1,,1,10199
27409,no,1,,1,10199
27412,yes,1,,1,10199
27419,no,1,,1,10199
27420,no,1,,1,10199
27425,no,1,,1,10199
27437,no,1,,1,10199
27438,no,1,,1,10199
27444,no,1,,1,10199
27448,no,1,,1,10199
27470,no,1,,1,10199
27520,no,1,,1,10199
27527,no,1,,1,10199
27529,no,1,,1,10199
27552,no,1,,1,10199
27557,no,1,,1,10199
27561,no,1,,1,10199
27601,no,1,,1,10199
27617,no,1,,1,10328
27626,no,1,,1,10328
27627,no,1,,1,10328
27628,no,1,,1,10328
27631,no,1,,2,"10199,10328"
27636,no,1,,1,10328
27637,no,1,,1,10199
27642,no,1,,1,10328
27645,no,1,,1,10199
27646,no,1,,1,10199
27649,no,1,,1,10199
27691,no,1,,1,10199
27692,no,1,,1,10199
27693,no,1,,1,10199
27694,no,1,,1,10199
27695,no,1,,1,10199
27696,no,1,,1,10199
27697,no,1,,1,10199
27698,no,1,,1,10199
27699,no,1,,1,10199
27701,no,1,,1,10199
27702,no,1,,1,10199
27705,no,1,,1,10199
27706,no,1,,1,10199
27707,no,1,,1,10199
27711,no,1,,1,10199
27713,no,1,,1,10199
27715,no,1,,1,10199
27721,no,1,,1,10199
27730,no,1,,1,10199
27731,no,1,,1,10328
27732,no,1,,1,10199
27761,no,1,,1,10199
27766,no,1,,1,10199
27789,no,1,,1,10199
27790,no,1,,1,10199
27793,no,1,,1,10199
27818,no,1,,1,10199
27829,no,1,,1,10328
27868,no,1,,1,10199
27885,no,1,,1,10199
27886,no,1,,1,10199
27888,no,1,,1,10199
27893,no,1,,1,10328
27899,no,1,,1,10199
27905,no,1,,1,10199
27946,no,1,,1,10328
27966,no,1,,1,10199
27974,no,1,,1,10199
27977,no,1,,1,10199
28006,no,1,,1,10199
28030,no,1,,1,10328
28073,yes,1,,1,10328
28083,yes,1,,1,10199
28085,yes,1,,1,10328
28092,yes,1,,1,10328
28097,yes,1,,1,10328
28126,no,1,,1,10199
28177,no,1,,1,10199
28179,no,1,,1,10199
28184,no,1,,1,10199
28197,no,1,,1,10199
28202,no,1,,1,10199
28208,no,1,,1,10199
28209,no,1,,1,10199
28251,no,1,,1,10199
28261,no,1,,1,10199
28262,no,1,,1,10199
28263,no,1,,1,10328
28278,no,1,,1,10199
28281,no,1,,1,10199
28295,no,1,,1,10199
28296,no,1,,1,10199
28300,no,1,,1,10199
28315,no,1,,1,10199
28319,no,1,,1,10199
28357,no,1,,1,10328
28363,no,1,,1,10199
28378,no,1,,1,10328
28382,no,1,,1,10328
28385,yes,1,,1,10328
28387,yes,1,,1,10199
28388,yes,1,,2,"10199,10328"
28396,no,1,,1,10199
28404,no,1,,1,10199
28406,no,1,,1,10199
28413,no,1,,1,10199
28416,no,1,,1,10199
28418,no,1,,1,10199
28420,no,1,,1,10328
28426,no,1,,1,10199
28434,no,1,,1,10199
28480,no,1,,1,10199
28494,no,1,,1,10199
28510,no,1,,1,10328
28513,no,1,,1,10328
28516,no,1,,1,10328
28517,no,1,,1,10328
28529,no,1,,1,10328
28530,no,1,,1,10328
28616,no,1,,1,10328
28617,no,1,,1,10199
28618,no,1,,1,10199
28636,yes,1,,1,10199
28680,no,1,,1,10199
28691,no,1,,1,10328
28696,no,1,,1,10328
28710,no,1,,1,10328
28721,no,1,,1,10328
28724,no,1,,1,10199
28725,no,1,,1,10199
28726,no,1,,1,10199
28727,no,1,,1,10199
28730,no,1,,1,10199
28731,no,1,,1,10199
28743,no,1,,1,10199
28745,no,1,,1,10199
28757,no,1,,1,10199
28761,no,1,,1,10199
28762,no,1,,1,10199
28779,no,1,,1,10199
28786,no,1,,1,10199
28793,no,1,,1,10199
28807,no,1,,1,10199
28814,no,1,,1,10199
28820,no,1,,1,10199
28839,no,1,,1,10199
28840,no,1,,1,10199
28877,no,1,,1,10199
28879,no,1,,1,10199
28881,no,1,,1,10199
28886,no,1,,1,10199
28924,no,1,,1,10199
28959,no,1,,1,10199
28960,no,1,,1,10199
28977,no,1,,1,10328
29004,no,1,,1,10199
29005,no,1,,1,10199
29034,no,1,,1,10199
29056,no,1,,1,10199
29068,no,1,,1,10199
29094,no,1,,1,10199
29107,no,1,,1,10199
29110,yes,1,,1,10199
29124,yes,1,,1,10199
29129,yes,1,,1,10199
29139,yes,1,,1,10199
29141,yes,1,,1,10199
29143,yes,1,,1,10199
29161,no,1,,1,10199
29162,no,1,,1,10199
29163,no,1,,1,10199
29164,no,1,,1,10199
29189,no,1,,2,"10199,10328"
29197,no,1,,1,10199
29206,no,1,,1,10328
29223,no,1,,1,10199
29259,no,1,,1,10328
29291,no,1,,1,10199
29293,no,1,,1,10199
29294,no,1,,1,10199
29295,no,1,,1,10199
29328,no,1,,1,10199
29346,no,1,,1,10199
29347,no,1,,1,10199
29352,no,1,,1,10328
29397,no,1,,1,10199
29408,no,1,,1,10199
29425,no,1,,1,10199
29429,no,1,,1,10199
29432,no,1,,1,10199
29467,no,1,,1,10199
29469,no,1,,1,10199
29472,no,1,,1,10199
29485,yes,1,,1,10199
29495,yes,1,,1,10199
29497,no,1,,1,10199
29500,yes,1,,1,10199
29503,no,1,,1,10328
29504,no,1,,1,10328
29522,yes,1,,1,10199
29526,no,1,,1,10199
29547,no,1,,1,10199
29555,no,1,,1,10199
29556,no,1,,1,10199
29562,no,1,,1,10199
29563,no,1,,1,10199
29584,no,1,,1,10199
29602,no,1,,1,10199
29631,no,1,,1,10328
29633,no,1,,1,10328
29638,no,1,,1,10199
29653,no,1,,1,10328
29655,no,1,,1,10328
29665,no,1,,1,10328
29678,no,1,,1,10328
29697,no,1,,1,10328
29708,no,1,,1,10328
29728,no,1,,1,10199
29729,no,1,,1,10199
29750,no,1,,1,10199
29758,no,1,,1,10199
29766,no,1,,1,10199
29776,yes,1,,1,10199
29779,no,1,,1,10328
29785,no,1,,2,"10199,10328"
29823,no,1,,1,10199
29828,no,1,,1,10199
29849,yes,1,,1,10199
29855,no,1,,1,10199
29870,no,1,,1,10199
29884,no,1,,1,10199
29939,no,1,,1,10199
29947,no,1,,1,10199
29968,no,1,,1,10199
29969,no,1,,1,10199
29970,no,1,,1,10199
29983,no,1,,1,10199
29996,no,1,,1,10199
30012,no,1,,1,10328
30022,no,1,,1,10199
30039,no,1,,1,10199
30043,no,1,,1,10199
30061,no,1,,1,10199
30084,no,1,,1,10199
30099,no,1,,1,10199
30111,no,1,,1,10199
30121,no,1,,1,10199
30152,no,1,,1,10199
30165,yes,1,,1,10199
30166,no,1,,1,10328
30230,no,1,,1,10199
30231,no,1,,1,10199
30233,no,1,,1,10199
30268,no,1,,1,10199
30279,no,1,,2,"10199,10328"
30280,no,1,,1,10328
30281,no,1,,1,10328
30283,no,1,,1,10328
30286,no,1,,1,10328
30289,no,1,,1,10199
30322,no,1,,1,10328
30323,no,1,,1,10328
30333,no,1,,1,10199
30339,no,1,,1,10199
30342,no,1,,2,"10199,10328"
30343,no,1,,1,10199
30350,no,1,,1,10199
30363,no,1,,1,10199
30366,no,1,,1,10199
30401,no,1,,1,10199
30444,no,1,,2,"10199,10328"
30456,no,1,,1,10199
30462,no,1,,1,10199
30463,no,1,,1,10199
30465,no,1,,1,10199
30474,no,1,,1,10199
30476,no,1,,1,10199
30478,no,1,,1,10199
30488,no,1,,1,10199
30489,no,1,,1,10199
30490,no,1,,1,10328
30493,no,1,,1,10199
30494,no,1,,1,10328
30496,no,1,,1,10199
30498,no,1,,1,10199
30531,no,1,,1,10199
30535,no,1,,1,10199
30538,no,1,,1,10199
30547,no,1,,1,10199
30552,no,1,,1,10199
30554,no,1,,1,10199
30563,no,1,,1,10199
30567,no,1,,1,10199
30577,no,1,,1,10199
30578,no,1,,2,"10199,10328"
30579,no,1,,1,10199
30581,no,1,,1,10199
30582,no,1,,1,10199
30596,no,1,,1,10199
30601,no,1,,1,10199
30608,no,1,,1,10199
30613,no,1,,1,10199
30615,no,1,,1,10199
30617,no,1,,1,10199
30672,no,1,,1,10328
30678,no,1,,1,10199
30681,no,1,,1,10328
30683,no,1,,1,10328
30685,no,1,,1,10199
30694,no,1,,1,10328
30696,no,1,,1,10328
30705,no,1,,1,10328
30723,no,1,,1,10199
30739,no,1,,1,10199
30769,no,1,,1,10199
30776,no,1,,1,10199
30777,no,1,,2,"10199,10328"
30781,no,1,,1,10199
30824,no,1,,1,10328
30853,no,1,,1,10328
30863,no,1,,1,10328
30881,no,1,,1,10199
30888,no,1,,1,10199
30892,no,1,,1,10199
30894,no,1,,1,10199
30935,yes,1,,1,10328
30942,no,1,,1,10328
30979,no,1,,1,10199
31006,no,1,,1,10199
31014,no,1,,1,10199
31067,no,1,,1,10199
31094,no,1,,1,10199
31105,no,1,,1,10199
31117,no,1,,1,10199
31126,no,1,,1,10199
31131,no,1,,1,10199
31174,no,1,,1,10328
31178,no,1,,1,10328
31180,no,1,,1,10328
31185,no,1,,1,10199
31186,no,1,,1,10199
31201,no,1,,1,10328
31210,no,1,,1,10328
31225,no,1,,1,10199
31231,yes,1,,1,10199
31235,yes,1,,1,10199
31236,yes,1,,1,10199
31238,yes,1,,1,10199
31243,no,1,,1,10199
31274,yes,1,,1,10328
31276,yes,1,,1,10328
31306,no,1,,1,10328
31332,no,1,,1,10199
31342,no,1,,1,10199
31345,no,1,,1,10199
31354,no,1,,1,10199
31355,no,1,,1,10199
31364,no,1,,1,10199
31390,no,1,,1,10328
31453,no,1,,1,10199
31491,no,1,,1,10328
31499,no,1,,2,"10199,10328"
31507,no,1,,2,"10199,10328"
31508,no,1,,2,"10199,10328"
31523,no,1,,1,10328
31524,no,1,,1,10328
31531,no,1,,2,"10199,10328"
31536,no,1,,1,10328
31544,no,1,,1,10199
31546,no,1,,1,10328
31547,no,1,,1,10199
31548,no,1,,1,10199
31552,no,1,,1,10199
31553,no,1,,1,10199
31577,no,1,,1,10199
31583,no,1,,1,10199
31637,no,1,,1,10199
31640,no,1,,1,10199
31641,no,1,,1,10199
31659,no,1,,1,10199
31683,yes,1,,1,10199
31684,yes,1,,1,10199
31698,no,1,,1,10199
31725,no,1,,1,10199
31730,no,1,,1,10199
31732,no,1,,1,10199
31733,no,1,,1,10199
31734,no,1,,1,10199
31735,no,1,,1,10199
31736,no,1,,1,10199
31737,no,1,,1,10199
31738,no,1,,1,10199
31739,no,1,,1,10199
31740,no,1,,1,10199
31743,no,1,,1,10199
31772,no,1,,1,10199
31785,no,1,,1,10199
31795,no,1,,1,10199
31804,no,1,,1,10199
31809,no,1,,1,10199
31814,no,1,,1,10199
31818,no,1,,1,10199
31829,no,1,,1,10199
31833,no,1,,1,10199
31846,no,1,,1,10199
31849,no,1,,1,10199
31857,no,1,,1,10328
31858,no,1,,1,10199
31866,no,1,,1,10199
31881,no,1,,1,10199
31886,no,1,,1,10199
31916,no,1,,1,10199
31926,no,1,,1,10199
31944,no,1,,1,10199
31958,no,1,,1,10199
31963,no,1,,1,10199
31966,no,1,,1,10199
31969,no,1,,1,10199
31983,no,1,,1,10328
31985,no,1,,1,10328
32001,no,1,,1,10328
32003,no,1,,2,"10199,10328"
32034,no,1,,1,10199
32051,no,1,,1,10328
32067,yes,1,,2,"10199,10328"
32070,no,1,,1,10199
32093,no,1,,1,10199
32097,no,1,,1,10328
32100,no,1,,1,10328
32107,no,1,,1,10199
32108,no,1,,1,10199
32109,no,1,,1,10199
32111,no,1,,1,10199
32124,yes,1,,1,10199
32125,yes,1,,1,10199
32129,yes,1,,1,10199
32130,yes,1,,1,10199
32131,yes,1,,1,10199
32132,no,1,,1,10199
32133,no,1,,1,10199
32134,no,1,,1,10199
32137,yes,1,,1,10328
32169,no,1,,1,10328
32232,no,1,,2,"10199,10328"
32283,no,1,,1,10199
32294,no,1,,1,10199
32295,no,1,,1,10199
32298,no,1,,1,10199
32309,no,1,,2,"10199,10328"
32314,no,1,,1,10199
32322,no,1,,2,"10199,10328"
32324,no,1,,1,10199
32330,no,1,,1,10199
32331,no,1,,1,10199
32335,no,1,,1,10199
32336,no,1,,1,10199
32337,no,1,,2,"10199,10328"
32340,no,1,,1,10199
32352,no,1,,1,10199
32353,no,1,,1,10199
32358,no,1,,1,10199
32365,no,1,,1,10199
32368,no,1,,1,10199
32369,no,1,,2,"10199,10328"
32373,no,1,,1,10199
32379,no,1,,1,10328
32395,no,1,,1,10199
32400,no,1,,1,10328
32404,no,1,,1,10199
32443,no,1,,1,10199
32492,no,1,,1,10199
32529,no,1,,1,10199
32535,no,1,,1,10199
32536,no,1,,1,10328
32553,no,1,,1,10199
32588,no,1,,1,10199
32590,no,1,,1,10199
32591,yes,1,,1,10199
32594,no,1,,1,10199
32600,no,1,,1,10328
32630,no,1,,1,10199
32632,no,1,,1,10328
32633,yes,1,,1,10199
32634,yes,1,,1,10199
32636,no,1,,1,10199
32639,no,1,,1,10199
32651,no,1,,1,10199
32654,no,1,,1,10199
32672,no,1,,1,10199
32747,no,1,,1,10199
32757,no,1,,1,10199
32774,no,1,,1,10199
32834,no,1,,1,10199
32850,no,1,,1,10199
32868,no,1,,1,10199
32898,no,1,,1,10199
32899,no,1,,1,10199
32942,no,1,,1,10199
32951,no,1,,2,"10199,10328"
32953,no,1,,1,10199
32965,no,1,,1,10199
32966,no,1,,1,10199
32971,no,1,,1,10199
32980,no,1,,1,10199
32996,no,1,,1,10199
33003,no,1,,1,10199
33017,no,1,,1,10199
33024,no,1,,1,10328
33027,no,1,,1,10199
33029,no,1,,1,10199
33031,no,1,,1,10199
33037,no,1,,1,10328
33044,no,1,,2,"10199,10328"
33108,no,1,,1,10328
33136,no,1,,1,10199
33137,yes,1,,2,"10199,10328"
33140,yes,1,,2,"10199,10328"
33143,yes,1,,1,10199
33230,no,1,,1,10199
33244,no,1,,1,10199
33267,no,1,,1,10328
33287,no,1,,1,10328
33288,no,1,,1,10199
33290,no,1,,1,10199
33291,no,1,,1,10199
33292,no,1,,1,10199
33296,no,1,,1,10199
33335,no,1,,1,10328
33352,no,1,,2,"10199,10328"
33354,no,1,,1,10199
33375,no,1,,1,10199
33384,no,1,,2,"10199,10328"
33395,no,1,,1,10328
33409,no,1,,1,10199
33412,no,1,,1,10199
33448,no,1,,1,10199
33489,no,1,,1,10199
33501,no,1,,1,10199
33540,no,1,,1,10199
33548,no,1,,1,10199
33562,no,1,,1,10199
33570,no,1,,1,10199
33571,no,1,,1,10199
33575,no,1,,1,10199
33578,no,1,,1,10199
33595,no,1,,1,10199
33622,no,1,,1,10199
33624,no,1,,1,10199
33663,no,1,,1,10199
33678,no,1,,1,10328
33680,no,1,,1,10328
33759,no,1,,1,10199
33766,no,1,,1,10199
33767,no,1,,1,10199
33773,no,1,,2,"10199,10328"
33774,no,1,,1,10199
33775,no,1,,1,10199
33791,no,1,,1,10199
33797,no,1,,1,10199
33799,no,1,,1,10199
33800,no,1,,1,10199
33803,no,1,,1,10328
33805,no,1,,1,10199
33811,no,1,,1,10328
33820,no,1,,1,10328
33833,no,1,,1,10199
33835,no,1,,1,10199
33840,no,1,,1,10199
33848,no,1,,1,10199
33860,no,1,,1,10199
33861,no,1,,1,10199
33892,no,1,,1,10199
33992,no,1,,1,10199
34113,no,1,,1,10328
34114,no,1,,1,10328
34122,no,1,,1,10328
34124,no,1,,1,10328
34131,no,1,,1,10199
34156,no,1,,1,10328
34165,no,1,,1,10328
34170,no,1,,1,10328
34190,no,1,,1,10199
34199,no,1,,1,10199
34204,no,1,,1,10199
34354,no,1,,1,10199
34357,no,1,,1,10328
34360,no,1,,1,10199
34362,no,1,,1,10328
34366,no,1,,1,10199
34368,no,1,,1,10328
34369,no,1,,1,10199
34371,no,1,,1,10199
34374,no,1,,1,10199
34375,no,1,,1,10199
34377,no,1,,1,10328
34378,no,1,,1,10328
34379,no,1,,1,10328
34381,no,1,,1,10199
34382,no,1,,2,"10199,10328"
34384,no,1,,1,10328
34386,no,1,,1,10328
34389,no,1,,2,"10199,10328"
34392,no,1,,1,10328
34393,no,1,,1,10328
34394,no,1,,1,10328
34402,no,1,,1,10199
34404,no,1,,1,10199
34406,no,1,,1,10199
34409,no,1,,1,10199
34412,no,1,,1,10199
34416,no,1,,1,10199
34428,no,1,,1,10328
34431,no,1,,1,10199
34445,no,1,,1,10199
34461,no,1,,1,10199
34465,no,1,,1,10199
34472,no,1,,1,10199
34482,no,1,,1,10199
34483,no,1,,1,10199
34486,no,1,,1,10199
34501,no,1,,1,10199
34515,no,1,,1,10199
34517,no,1,,1,10199
34542,no,1,,1,10199
34543,no,1,,1,10199
34544,no,1,,1,10199
34568,no,1,,1,10199
34574,no,1,,1,10199
34578,no,1,,2,"10199,10328"
34581,no,1,,1,10199
34599,yes,1,,1,10199
34603,no,1,,1,10199
34626,no,1,,1,10328
34638,no,1,,1,10328
34640,no,1,,1,10199
34680,no,1,,1,10199
34703,no,1,,1,10328
34712,no,1,,1,10199
34719,no,1,,1,10199
34731,no,1,,1,10328
34795,no,1,,1,10199
34805,no,1,,1,10199
34811,no,1,,1,10199
34827,no,1,,1,10328
34835,no,1,,1,10328
34858,no,1,,2,"10199,10328"
34859,no,1,,1,10328
34864,no,1,,2,"10199,10328"
34872,no,1,,1,10328
34879,no,1,,1,10328
34888,no,1,,1,10328
34896,no,1,,1,10328
34899,no,1,,1,10328
34940,no,1,,1,10199
34941,no,1,,1,10199
34978,yes,1,,1,10199
34988,no,1,,1,10199
35004,no,1,,1,10328
35006,no,1,,1,10328
35030,no,1,,1,10199
35033,no,1,,1,10199
35116,no,1,,1,10199
35143,no,1,,1,10199
35153,no,1,,1,10199
35154,no,1,,1,10199
35155,no,1,,1,10199
35158,no,1,,1,10199
35160,no,1,,1,10199
35161,no,1,,1,10199
35166,no,1,,1,10199
35203,no,1,,1,10328
35264,no,1,,1,10328
35266,no,1,,1,10328
35272,no,1,,1,10328
35307,yes,1,,1,10328
35316,no,1,,1,10199
35319,no,1,,1,10199
35328,no,1,,1,10199
35334,no,1,,1,10199
35336,no,1,,1,10328
35351,no,1,,1,10328
35368,no,1,,1,10199
35373,no,1,,1,10199
35430,no,1,,1,10199
35455,no,1,,1,10328
35533,no,1,,1,10328
35535,no,1,,1,10328
35564,no,1,,1,10199
35645,no,1,,1,10328
35662,no,1,,1,10199
35668,no,1,,1,10199
35670,no,1,,1,10199
35671,no,1,,1,10199
35679,no,1,,1,10199
35681,no,1,,1,10199
35705,no,1,,1,10199
35719,no,1,,1,10199
35849,no,1,,1,10328
35861,no,1,,1,10328
35876,yes,1,,1,10199
35877,no,1,,1,10199
35888,no,1,,1,10328
35916,no,1,,1,10199
35938,no,1,,1,10199
35944,no,1,,1,10199
35951,no,1,,2,"10199,10328"
35954,no,1,,1,10199
35956,no,1,,1,10199
35972,no,1,,1,10199
35974,no,1,,1,10199
35979,no,1,,1,10199
35984,no,1,,1,10328
36013,no,1,,1,10328
36020,no,1,,1,10328
36029,no,1,,1,10328
36049,no,1,,1,10328
36053,no,1,,1,10328
36082,no,1,,1,10199
36084,no,1,,1,10199
36085,no,1,,1,10199
36089,no,1,,1,10199
36092,no,1,,1,10199
36095,no,1,,1,10199
36096,no,1,,1,10199
36097,no,1,,1,10199
36101,no,1,,1,10199
36103,no,1,,1,10199
36104,no,1,,1,10199
36105,no,1,,1,10199
36119,no,1,,1,10328
36158,no,1,,1,10199
36164,no,1,,1,10199
36171,no,1,,1,10199
36176,no,1,,1,10199
36184,no,1,,1,10199
36196,no,1,,1,10328
36208,no,1,,1,10328
36216,no,1,,1,10199
36221,no,1,,1,10199
36241,no,1,,1,10199
36256,no,1,,1,10199
36303,yes,1,,1,10199
36305,yes,1,,1,10199
36306,yes,1,,1,10199
36328,no,1,,1,10199
36341,no,1,,1,10199
36347,no,1,,1,10328
36352,no,1,,1,10328
36353,no,1,,1,10199
36355,no,1,,1,10199
36378,no,1,,1,10199
36387,no,1,,1,10199
36390,no,1,,1,10199
36391,no,1,,1,10328
36413,no,1,,1,10199
36435,no,1,,1,10199
36471,no,1,,1,10199
36488,no,1,,1,10199
36491,no,1,,1,10199
36509,no,1,,1,10199
36516,no,1,,1,10328
36550,no,1,,1,10199
36551,no,1,,1,10199
36560,no,1,,1,10199
36564,no,1,,1,10199
36570,no,1,,1,10199
36586,no,1,,1,10199
36592,no,1,,1,10199
36593,no,1,,1,10199
36594,yes,1,,1,10199
36596,yes,1,,1,10328
36659,no,1,,1,10199
36788,no,1,,1,10199
36806,no,1,,1,10199
36919,no,1,,1,10199
36932,no,1,,1,10199
36945,no,1,,1,10199
36950,no,1,,1,10199
36990,no,1,,1,10199
37088,yes,1,,1,10199
37090,yes,1,,1,10199
37091,yes,1,,1,10199
37092,yes,1,,1,10199
37093,yes,1,,1,10199
37108,no,1,,1,10199
37112,no,1,,1,10199
37113,no,1,,1,10199
37114,no,1,,1,10199
37115,no,1,,1,10199
37116,no,1,,1,10199
37117,no,1,,1,10199
37132,no,1,,1,10328
37183,no,1,,1,10328
37193,no,1,,1,10199
37211,no,1,,1,10199
37224,no,1,,1,10199
37252,no,1,,1,10328
37253,no,1,,1,10328
37264,no,1,,1,10328
37269,yes,1,,2,"10199,10328"
37284,no,1,,1,10199
37297,yes,1,,1,10328
37323,no,1,,1,10199
37325,no,1,,1,10199
37340,no,1,,1,10199
37397,no,1,,1,10199
37422,no,1,,1,10328
37449,no,1,,1,10199
37457,no,1,,1,10199
37500,no,1,,1,10199
37501,no,1,,1,10199
37546,no,1,,1,10328
37551,no,1,,1,10199
37574,no,1,,1,10328
37602,no,1,,1,10328
37644,no,1,,1,10199
37673,no,1,,1,10328
37754,no,1,,1,10328
37765,no,1,,1,10328
37779,no,1,,1,10328
37802,no,1,,1,10328
37852,no,1,,1,10328
37858,no,1,,1,10328
37861,no,1,,1,10328
37863,no,1,,1,10328
37871,no,1,,1,10328
37900,no,1,,2,"10199,10328"
37902,no,1,,1,10199
37903,no,1,,1,10199
37904,no,1,,1,10199
37906,no,1,,1,10199
37909,no,1,,1,10328
37910,no,1,,1,10328
37912,no,1,,1,10328
37915,no,1,,1,10199
37920,no,1,,1,10199
37926,no,1,,1,10199
37929,no,1,,1,10199
37931,no,1,,1,10199
37933,yes,1,,1,10199
37934,no,1,,1,10199
37935,no,1,,1,10199
37937,no,1,,1,10199
37939,no,1,,1,10199
37941,no,1,,1,10199
37944,no,1,,1,10199
37945,no,1,,1,10199
37948,no,1,,1,10199
37949,no,1,,1,10199
37991,no,1,,1,10199
37992,no,1,,1,10199
37996,no,1,,1,10199
37999,no,1,,1,10328
38000,no,1,,1,10328
38013,no,1,,1,10199
38029,no,1,,1,10199
38033,no,1,,1,10328
38035,no,1,,1,10328
38038,no,1,,1,10328
38054,no,1,,1,10199
38061,no,1,,1,10328
38128,no,1,,1,10199
38130,no,1,,1,10199
38131,no,1,,1,10199
38133,no,1,,1,10199
38181,no,1,,1,10328
38212,no,1,,1,10199
38228,no,1,,1,10328
38231,no,1,,1,10199
38243,no,1,,1,10199
38246,no,1,,1,10328
38426,no,1,,1,10199
38440,no,1,,1,10199
38442,no,1,,1,10199
38443,no,1,,2,"10199,10328"
38460,no,1,,1,10199
38462,yes,1,,1,10328
38492,no,1,,1,10199
38497,no,1,,1,10328
38511,no,1,,1,10328
38656,no,1,,1,10199
38676,no,1,,1,10328
38708,no,1,,1,10328
38734,no,1,,1,10199
38737,no,1,,1,10199
38741,no,1,,1,10328
38760,no,1,,1,10199
38763,no,1,,1,10199
38770,no,1,,1,10199
38772,no,1,,1,10199
38773,no,1,,1,10199
38783,no,1,,1,10199
38786,no,1,,1,10199
38788,no,1,,1,10199
38795,no,1,,1,10199
38820,no,1,,1,10199
38835,no,1,,1,10199
38851,no,1,,1,10328
38897,no,1,,1,10328
38898,no,1,,1,10199
38953,yes,1,,1,10199
38966,no,1,,1,10199
38967,no,1,,1,10328
38981,no,1,,1,10199
39073,no,1,,1,10199
39094,no,1,,1,10199
39117,no,1,,1,10199
39170,no,1,,1,10199
39171,no,1,,1,10199
39214,no,1,,1,10199
39240,no,1,,1,10328
39265,no,1,,1,10328
39314,no,1,,1,10199
39316,no,1,,1,10328
39325,no,1,,1,10328
39328,no,1,,1,10328
39329,no,1,,2,"10199,10328"
39336,no,1,,1,10328
39354,no,1,,1,10328
39364,no,1,,1,10328
39377,no,1,,1,10199
39390,no,1,,1,10328
39426,no,1,,1,10328
39445,no,1,,1,10328
39449,no,1,,1,10328
39455,no,1,,1,10328
39470,no,1,,1,10199
39471,no,1,,1,10199
39472,no,1,,1,10199
39473,no,1,,1,10199
39474,no,1,,1,10199
39475,no,1,,1,10199
39476,no,1,,1,10199
39478,no,1,,1,10199
39500,no,1,,1,10199
39504,no,1,,1,10199
39533,no,1,,1,10199
39534,no,1,,1,10328
39546,no,1,,1,10328
39558,no,1,,1,10199
39565,no,1,,1,10199
39599,no,1,,1,10199
39600,no,1,,1,10199
39602,no,1,,1,10199
39608,no,1,,1,10199
39613,no,1,,1,10199
39614,no,1,,1,10199
39616,no,1,,1,10199
39640,no,1,,1,10328
39648,no,1,,1,10328
39653,no,1,,1,10328
39657,no,1,,1,10328
39670,no,1,,1,10199
39713,no,1,,1,10328
39716,no,1,,1,10328
39724,no,1,,1,10199
39729,no,1,,2,"10199,10328"
39734,no,1,,1,10328
39742,no,1,,1,10199
39766,no,1,,1,10199
39771,no,1,,1,10199
39773,no,1,,1,10328
39780,no,1,,1,10199
39794,no,1,,1,10199
39800,no,1,,1,10199
39801,no,1,,2,"10199,10328"
39806,no,1,,1,10199
39820,no,1,,1,10328
39822,no,1,,1,10199
39838,no,1,,1,10328
39848,no,1,,1,10199
39851,no,1,,1,10199
39853,no,1,,1,10328
39859,no,1,,1,10328
39860,no,1,,1,10199
39873,no,1,,1,10199
39915,no,1,,1,10199
39916,no,1,,1,10199
39918,no,1,,1,10199
39920,no,1,,1,10199
39921,no,1,,1,10199
39922,no,1,,1,10199
39923,no,1,,1,10199
39925,no,1,,1,10199
39926,no,1,,1,10199
39928,no,1,,1,10199
39929,no,1,,1,10199
39930,no,1,,1,10199
39931,no,1,,1,10199
39932,no,1,,1,10199
39938,no,1,,1,10199
39939,no,1,,1,10199
39940,no,1,,1,10199
39942,no,1,,1,10199
39948,no,1,,1,10199
39951,no,1,,1,10199
39970,no,1,,1,10199
39972,no,1,,1,10199
40026,no,1,,1,10199
40066,no,1,,1,10199
40090,no,1,,1,10199
40145,no,1,,1,10328
40206,no,1,,1,10199
40229,no,1,,1,10199
40230,no,1,,1,10199
40242,no,1,,1,10199
40337,no,1,,1,10199
40338,no,1,,1,10199
40339,no,1,,1,10199
40369,no,1,,1,10328
40370,no,1,,1,10328
40375,no,1,,1,10328
40404,yes,1,,1,10199
40413,no,1,,1,10199
40415,no,1,,1,10199
40416,no,1,,1,10199
40417,no,1,,1,10199
40418,no,1,,1,10199
40419,no,1,,1,10199
40420,no,1,,1,10199
40421,no,1,,1,10199
40423,no,1,,1,10199
40428,no,1,,1,10199
40456,no,1,,1,10199
40460,no,1,,1,10328
40461,no,1,,1,10328
40470,no,1,,1,10328
40473,no,1,,1,10328
40476,no,1,,1,10328
40481,no,1,,1,10328
40485,no,1,,1,10328
40488,no,1,,1,10328
40489,no,1,,1,10328
40495,no,1,,1,10328
40515,no,1,,1,10199
40529,no,1,,1,10199
40565,no,1,,1,10199
40590,no,1,,1,10328
40665,no,1,,1,10199
40677,no,1,,1,10199
40713,no,1,,1,10199
40715,no,1,,1,10199
40717,yes,1,,1,10328
40735,no,1,,1,10328
40793,no,1,,1,10328
40806,no,1,,1,10199
40819,no,1,,1,10328
40834,no,1,,1,10199
40838,no,1,,1,10199
40860,no,1,,1,10328
40863,no,1,,1,10328
41011,no,1,,1,10199
41027,no,1,,1,10199
41082,no,1,,1,10328
41086,no,1,,1,10328
41114,no,1,,1,10328
41130,no,1,,1,10328
41164,no,1,,1,10328
41171,no,1,,1,10199
41172,no,1,,1,10328
41181,no,1,,1,10328
41190,no,1,,1,10328
41191,no,1,,1,10328
41195,no,1,,1,10199
41196,no,1,,1,10199
41198,no,1,,1,10199
41201,no,1,,1,10199
41207,yes,1,,1,10199
41214,yes,1,,1,10199
41215,no,1,,1,10199
41217,no,1,,1,10199
41221,yes,1,,1,10328
41222,yes,1,,1,10199
41224,yes,1,,1,10199
41225,yes,1,,1,10199
41230,no,1,,1,10199
41232,no,1,,1,10199
41233,no,1,,1,10199
41235,no,1,,1,10199
41237,yes,1,,1,10199
41238,no,1,,1,10199
41239,no,1,,1,10199
41241,yes,1,,1,10199
41243,no,1,,1,10199
41246,no,1,,1,10199
41247,yes,1,,1,10199
41249,no,1,,1,10199
41253,no,1,,1,10328
41273,no,1,,1,10199
41311,no,1,,1,10199
41312,no,1,,1,10199
41313,no,1,,1,10199
41317,yes,1,,1,10199
41323,no,1,,1,10199
41324,yes,1,,1,10199
41345,no,1,,1,10199
41358,no,1,,1,10199
41369,no,1,,1,10199
41372,no,1,,1,10199
41395,no,1,,1,10328
41396,no,1,,1,10199
41398,no,1,,1,10199
41399,no,1,,1,10199
41400,no,1,,1,10199
41402,no,1,,1,10199
41403,no,1,,1,10199
41404,no,1,,1,10199
41405,no,1,,1,10199
41406,no,1,,1,10199
41407,no,1,,1,10199
41408,no,1,,1,10199
41409,no,1,,1,10199
41410,no,1,,1,10199
41411,no,1,,1,10199
41412,no,1,,1,10199
41413,no,1,,1,10199
41414,no,1,,1,10199
41415,no,1,,1,10199
41416,no,1,,1,10199
41417,no,1,,1,10199
41418,no,1,,1,10199
41419,no,1,,1,10199
41420,no,1,,1,10199
41421,no,1,,1,10199
41422,no,1,,1,10199
41434,no,1,,1,10199
41456,no,1,,1,10199
41468,no,1,,1,10199
41469,no,1,,1,10199
41472,no,1,,1,10199
41488,no,1,,1,10199
41542,no,1,,1,10199
41548,no,1,,1,10199
41550,no,1,,1,10199
41551,no,1,,1,10199
41561,no,1,,1,10199
41564,no,1,,1,10199
41567,no,1,,1,10199
41571,no,1,,1,10199
41581,no,1,,1,10328
41611,no,1,,1,10328
41617,no,1,,1,10328
41628,no,1,,1,10328
41645,no,1,,1,10328
41657,no,1,,1,10328
41661,no,1,,1,10328
41702,no,1,,1,10328
41704,no,1,,1,10328
41705,no,1,,1,10199
41709,no,1,,1,10199
41723,no,1,,1,10199
41725,no,1,,1,10199
41726,no,1,,1,10199
41727,no,1,,1,10199
41750,no,1,,1,10199
41756,no,1,,1,10328
41765,no,1,,1,10328
41766,no,1,,1,10328
41773,no,1,,1,10199
41783,no,1,,1,10328
41796,no,1,,1,10199
41807,no,1,,1,10199
41808,no,1,,1,10199
41817,no,1,,1,10199
41822,no,1,,1,10199
41828,no,1,,1,10199
41836,no,1,,1,10199
41859,no,1,,1,10199
41862,no,1,,1,10199
41869,no,1,,1,10199
41887,yes,1,,1,10199
41894,no,1,,1,10199
41899,no,1,,1,10199
41902,no,1,,1,10199
41903,no,1,,1,10199
41904,no,1,,1,10199
41906,no,1,,2,"10199,10328"
41909,no,1,,1,10199
41911,no,1,,2,"10199,10328"
41915,no,1,,1,10199
41923,no,1,,1,10199
41927,no,1,,1,10328
41934,no,1,,1,10199
41942,no,1,,1,10199
41944,no,1,,1,10199
41951,no,1,,1,10199
41959,no,1,,1,10199
41960,no,1,,1,10199
41968,no,1,,1,10328
41971,no,1,,1,10199
41973,no,1,,1,10328
41975,no,1,,1,10199
41976,no,1,,1,10199
41978,no,1,,1,10199
41982,no,1,,1,10328
41984,no,1,,1,10328
41987,no,1,,1,10199
41991,no,1,,2,"10199,10328"
41996,no,1,,2,"10199,10328"
42004,no,1,,1,10199
42008,no,1,,1,10199
42014,no,1,,1,10328
42018,no,1,,1,10199
42019,no,1,,1,10199
42022,no,1,,1,10199
42025,no,1,,1,10199
42039,no,1,,1,10199
42042,no,1,,1,10199
42046,no,1,,1,10199
42055,no,1,,1,10199
42056,no,1,,1,10199
42057,no,1,,1,10199
42058,no,1,,1,10199
42063,no,1,,1,10199
42064,no,1,,1,10328
42070,no,1,,1,10328
42081,no,1,,1,10328
42094,no,1,,1,10328
42096,no,1,,1,10328
42097,no,1,,1,10328
42108,no,1,,2,"10199,10328"
42128,no,1,,1,10328
42135,no,1,,2,"10199,10328"
42158,no,1,,1,10199
42159,no,1,,1,10199
42160,no,1,,1,10199
42164,yes,1,,1,10199
42174,yes,1,,1,10328
42184,yes,1,,1,10199
42193,no,1,,1,10328
42229,no,1,,1,10199
42230,no,1,,1,10199
42237,no,1,,1,10199
42241,no,1,,1,10199
42265,no,1,,1,10328
42267,no,1,,1,10328
42278,no,1,,1,10328
42291,yes,1,,2,"10199,10328"
42309,no,1,,1,10199
42357,no,1,,1,10328
42368,no,1,,1,10328
42372,no,1,,1,10328
42388,no,1,,1,10199
42410,no,1,,1,10199
42423,no,1,,1,10199
42426,no,1,,1,10199
42485,no,1,,1,10199
42487,no,1,,1,10199
42488,no,1,,1,10199
42511,no,1,,1,10199
42543,no,1,,1,10199
42558,no,1,,1,10328
42567,no,1,,1,10199
42569,no,1,,1,10199
42570,no,1,,1,10199
42571,no,1,,1,10199
42572,no,1,,1,10328
42574,no,1,,1,10328
42579,no,1,,1,10199
42586,no,1,,1,10199
42591,no,1,,1,10199
42611,no,1,,1,10328
42639,no,1,,1,10328
42659,no,1,,1,10328
42663,no,1,,1,10199
42666,no,1,,1,10199
42667,no,1,,1,10199
42677,no,1,,1,10328
42712,no,1,,1,10199
42736,no,1,,1,10199
42780,no,1,,1,10328
42788,no,1,,1,10328
42816,no,1,,1,10199
42846,no,1,,1,10199
42849,no,1,,1,10199
42853,no,1,,1,10199
42854,no,1,,1,10199
42855,no,1,,1,10199
42856,no,1,,1,10199
42904,no,1,,1,10199
42921,no,1,,1,10199
42930,no,1,,1,10199
42943,no,1,,1,10199
42951,no,1,,1,10199
42952,no,1,,1,10199
42956,no,1,,1,10199
42957,no,1,,1,10199
42958,no,1,,1,10199
42960,no,1,,1,10199
42969,no,1,,1,10199
42970,no,1,,1,10199
42971,no,1,,1,10199
42972,no,1,,1,10199
42973,no,1,,1,10199
42976,no,1,,1,10199
42979,no,1,,1,10199
42983,no,1,,1,10199
42984,no,1,,1,10199
42986,no,1,,1,10199
42989,no,1,,1,10199
42990,no,1,,1,10199
42993,no,1,,1,10199
42997,no,1,,1,10199
43015,no,1,,1,10199
43044,no,1,,1,10199
43067,no,1,,1,10199
43136,no,1,,1,10199
43145,no,1,,1,10199
43159,no,1,,1,10199
43162,no,1,,1,10199
43169,no,1,,1,10199
43190,no,1,,1,10199
43191,no,1,,1,10199
43197,no,1,,1,10199
43198,no,1,,1,10199
43199,no,1,,1,10199
43200,no,1,,1,10199
43206,no,1,,1,10199
43209,no,1,,1,10199
43211,no,1,,1,10199
43213,no,1,,1,10199
43215,no,1,,1,10199
43220,no,1,,1,10199
43223,no,1,,1,10328
43263,no,1,,1,10199
43280,no,1,,1,10199
43294,no,1,,1,10328
43316,yes,1,,1,10328
43319,no,1,,1,10199
43326,no,1,,1,10199
43331,yes,1,,1,10199
43335,yes,1,,1,10199
43347,no,1,,1,10199
43348,no,1,,1,10199
43349,no,1,,1,10199
43352,no,1,,1,10199
43353,no,1,,1,10199
43355,no,1,,1,10199
43356,no,1,,1,10199
43359,no,1,,1,10199
43380,no,1,,1,10328
43385,no,1,,1,10328
43401,no,1,,1,10199
43414,no,1,,1,10199
43421,no,1,,1,10199
43438,no,1,,1,10199
43448,no,1,,1,10199
43459,no,1,,1,10199
43469,no,1,,1,10199
43483,no,1,,1,10199
43491,no,1,,1,10199
43494,no,1,,1,10328
43502,no,1,,1,10199
43504,no,1,,1,10199
43508,no,1,,1,10199
43511,no,1,,1,10199
43514,no,1,,1,10199
43517,no,1,,2,"10199,10328"
43525,no,1,,1,10199
43542,no,1,,1,10199
43551,no,1,,1,10199
43552,no,1,,1,10199
43561,no,1,,1,10199
43565,no,1,,1,10199
43568,no,1,,1,10199
43571,no,1,,1,10199
43575,no,1,,1,10199
43576,no,1,,1,10199
43578,no,1,,1,10199
43581,no,1,,1,10199
43583,no,1,,1,10199
43585,no,1,,1,10199
43587,no,1,,1,10199
43608,no,1,,1,10328
43609,no,1,,1,10199
43615,no,1,,1,10199
43616,no,1,,1,10199
43618,no,1,,1,10199
43622,no,1,,1,10199
43628,no,1,,1,10199
43630,no,1,,1,10199
43634,no,1,,1,10199
43643,no,1,,1,10199
43651,no,1,,1,10199
43657,no,1,,1,10199
43660,no,1,,1,10199
43664,no,1,,1,10199
43674,no,1,,2,"10199,10328"
43679,no,1,,1,10199
43685,no,1,,1,10199
43696,no,1,,1,10199
43697,no,1,,1,10199
43699,no,1,,1,10199
43703,no,1,,1,10199
43704,no,1,,1,10199
43722,no,1,,1,10199
43723,no,1,,1,10199
43750,no,1,,1,10199
43751,no,1,,1,10199
43758,no,1,,1,10199
43762,no,1,,1,10199
43763,no,1,,1,10199
43765,no,1,,1,10199
43768,no,1,,1,10199
43769,no,1,,1,10199
43770,no,1,,1,10199
43771,no,1,,1,10199
43772,no,1,,1,10199
43773,no,1,,1,10199
43775,no,1,,1,10199
43776,no,1,,1,10199
43780,no,1,,1,10199
43781,no,1,,1,10199
43782,no,1,,1,10199
43783,no,1,,1,10199
43789,no,1,,1,10199
43827,no,1,,2,"10199,10328"
43828,no,1,,1,10199
43829,no,1,,1,10199
43839,no,1,,1,10199
43840,no,1,,1,10199
43841,no,1,,1,10199
43844,no,1,,1,10199
43845,yes,1,,1,10199
43847,no,1,,1,10199
43851,no,1,,1,10328
43858,no,1,,1,10199
43876,no,1,,1,10328
43878,no,1,,1,10328
44297,no,1,,1,10328
44301,no,1,,1,10199
44362,no,1,,1,10199
44399,no,1,,1,10199
44402,no,1,,1,10199
44416,no,1,,1,10199
44417,no,1,,1,10199
44430,yes,1,,1,10199
44444,yes,1,,1,10199
44449,yes,1,,1,10199
44450,yes,1,,1,10199
44461,yes,1,,1,10199
44462,no,1,,1,10199
44473,no,1,,1,10199
44476,no,1,,1,10199
44480,no,1,,1,10199
44484,no,1,,1,10199
44487,no,1,,1,10199
44489,no,1,,1,10199
44491,no,1,,1,10199
44493,no,1,,1,10199
44495,no,1,,1,10199
44497,no,1,,1,10199
44499,no,1,,1,10199
44500,no,1,,1,10199
44501,no,1,,1,10199
44502,no,1,,1,10199
44504,no,1,,1,10199
44507,no,1,,1,10199
44508,no,1,,1,10199
44521,no,1,,1,10199
44549,no,1,,1,10199
44565,no,1,,1,10199
44567,no,1,,1,10199
44568,no,1,,1,10199
44570,no,1,,1,10328
44571,no,1,,1,10199
44581,no,1,,1,10199
44591,no,1,,1,10199
44620,no,1,,1,10199
44623,no,1,,1,10199
44632,no,1,,1,10328
44696,no,1,,1,10199
44698,no,1,,1,10199
44736,no,1,,1,10328
44748,no,1,,1,10199
44770,no,1,,1,10199
44771,no,1,,1,10199
44807,no,1,,1,10328
44824,no,1,,1,10328
44853,no,1,,1,10328
44946,no,1,,1,10199
44949,no,1,,1,10199
44951,no,1,,1,10199
44952,no,1,,1,10199
44953,no,1,,1,10199
44975,no,1,,1,10199
44977,no,1,,1,10199
44978,no,1,,1,10199
45010,no,1,,1,10199
45032,no,1,,1,10199
45038,no,1,,1,10199
45039,no,1,,1,10199
45067,no,1,,2,"10199,10328"
45074,no,1,,1,10199
45108,no,1,,1,10328
45111,no,1,,1,10199
45116,no,1,,1,10199
45136,no,1,,1,10199
45192,no,1,,1,10199
45205,no,1,,1,10199
45216,no,1,,1,10199
45223,yes,1,,1,10199
45232,no,1,,1,10199
45262,no,1,,1,10328
45306,no,1,,1,10199
45307,no,1,,1,10199
45321,no,1,,1,10328
45326,no,1,,1,10328
45335,no,1,,1,10328
45343,no,1,,1,10199
45382,no,1,,1,10199
45394,no,1,,1,10328
45396,no,1,,1,10199
45398,no,1,,1,10199
45400,no,1,,1,10328
45411,no,1,,1,10199
45416,no,1,,1,10328
45434,no,1,,1,10199
45440,no,1,,1,10328
45446,no,1,,1,10199
45449,no,1,,1,10199
45453,no,1,,1,10199
45469,no,1,,1,10199
45476,no,1,,1,10199
45478,no,1,,1,10199
45479,no,1,,1,10199
45481,no,1,,1,10199
45488,no,1,,1,10199
45491,no,1,,1,10199
45492,no,1,,1,10199
45493,no,1,,1,10199
45495,no,1,,1,10199
45496,no,1,,1,10199
45499,no,1,,1,10199
45518,no,1,,1,10199
45523,no,1,,1,10199
45610,no,1,,1,10199
45647,no,1,,1,10199
45658,yes,1,,1,10328
45660,yes,1,,1,10328
45661,yes,1,,1,10328
45669,yes,1,,1,10328
45678,yes,1,,1,10328
45681,yes,1,,1,10328
45685,yes,1,,1,10328
45688,yes,1,,1,10328
45689,yes,1,,1,10328
45690,yes,1,,1,10328
45699,yes,1,,1,10328
45701,yes,1,,1,10328
45706,yes,1,,1,10328
45707,yes,1,,1,10328
45717,yes,1,,1,10328
45719,yes,1,,1,10328
45720,yes,1,,1,10328
45721,yes,1,,1,10328
45722,yes,1,,1,10328
45730,yes,1,,1,10328
45732,yes,1,,1,10328
45733,yes,1,,1,10328
45736,yes,1,,1,10328
45759,yes,1,,1,10199
45768,no,1,,1,10199
45784,no,1,,1,10199
45791,no,1,,1,10199
45797,no,1,,1,10199
45802,no,1,,1,10199
45809,no,1,,1,10199
45810,no,1,,1,10199
45811,no,1,,1,10199
45812,no,1,,1,10199
45814,no,1,,1,10328
45830,no,1,,1,10199
45831,no,1,,1,10199
45834,no,1,,1,10199
45860,no,1,,1,10328
45879,no,1,,1,10199
45881,no,1,,1,10199
45883,no,1,,1,10199
45893,no,1,,1,10199
45909,no,1,,1,10328
45911,no,1,,1,10199
45916,no,1,,1,10199
45917,no,1,,1,10328
45918,no,1,,1,10328
45919,no,1,,1,10199
45921,no,1,,1,10199
45925,no,1,,1,10199
45926,no,1,,1,10199
45927,no,1,,1,10199
45930,no,1,,1,10199
45931,no,1,,1,10199
45936,no,1,,1,10199
45955,no,1,,2,"10199,10328"
45957,no,1,,1,10328
45982,no,1,,1,10199
45999,no,1,,1,10199
46004,no,1,,1,10199
46030,no,1,,1,10328
46055,no,1,,1,10199
46056,no,1,,1,10199
46058,no,1,,1,10328
46064,no,1,,1,10199
46068,yes,1,,1,10328
46070,yes,1,,1,10328
46094,no,1,,1,10199
46150,no,1,,1,10199
46151,no,1,,1,10199
46153,no,1,,1,10199
46156,no,1,,1,10199
46161,no,1,,1,10199
46162,no,1,,1,10199
46163,no,1,,1,10199
46164,no,1,,1,10199
46167,no,1,,1,10199
46169,no,1,,1,10199
46172,no,1,,1,10199
46174,no,1,,1,10199
46179,no,1,,1,10199
46180,no,1,,1,10199
46182,no,1,,1,10199
46214,no,1,,1,10328
46220,no,1,,2,"10199,10328"
46222,no,1,,1,10328
46224,no,1,,1,10328
46236,no,1,,1,10328
46241,no,1,,1,10328
46247,no,1,,1,10328
46251,no,1,,1,10328
46259,no,1,,1,10328
46284,no,1,,1,10199
46288,no,1,,1,10199
46293,no,1,,1,10199
46296,no,1,,1,10199
46310,no,1,,1,10199
46318,no,1,,1,10199
46329,no,1,,1,10199
46331,no,1,,1,10199
46343,no,1,,1,10199
46418,no,1,,1,10199
46424,no,1,,1,10199
46428,no,1,,1,10199
46430,no,1,,1,10199
46432,no,1,,1,10199
46442,no,1,,2,"10199,10328"
46447,no,1,,1,10199
46449,no,1,,1,10199
46450,no,1,,1,10199
46468,no,1,,1,10328
46482,no,1,,1,10199
46488,no,1,,1,10328
46493,no,1,,1,10328
46512,no,1,,1,10328
46513,no,1,,1,10328
46514,no,1,,1,10328
46521,no,1,,2,"10199,10328"
46522,no,1,,2,"10199,10328"
46523,no,1,,1,10328
46551,no,1,,1,10199
46552,no,1,,1,10199
46565,no,1,,1,10199
46579,no,1,,1,10328
46582,no,1,,1,10328
46585,no,1,,1,10328
46590,no,1,,1,10328
46602,no,1,,1,10328
46603,no,1,,1,10328
46623,no,1,,1,10328
46633,no,1,,1,10328
46657,no,1,,1,10328
46658,no,1,,1,10328
46666,no,1,,1,10328
46668,no,1,,1,10328
46669,no,1,,1,10328
46680,no,1,,1,10328
46684,no,1,,1,10328
46686,no,1,,1,10328
46695,no,1,,1,10328
46743,no,1,,1,10199
46745,no,1,,1,10328
46772,yes,1,,1,10328
46776,yes,1,,1,10328
46778,yes,1,,2,"10199,10328"
46784,yes,1,,2,"10199,10328"
46787,yes,1,,1,10328
46791,yes,1,,1,10328
46805,yes,1,,1,10328
46813,yes,1,,1,10328
46815,yes,1,,1,10328
46820,yes,1,,1,10199
46825,yes,1,,1,10199
46827,yes,1,,1,10199
46828,yes,1,,1,10199
46829,yes,1,,1,10199
46830,yes,1,,1,10199
46831,yes,1,,1,10199
46835,yes,1,,1,10199
46840,yes,1,,1,10199
46841,yes,1,,1,10199
46842,yes,1,,1,10199
46843,yes,1,,1,10199
46850,no,1,,1,10328
46851,no,1,,1,10328
46869,no,1,,1,10328
46891,no,1,,1,10328
46931,no,1,,1,10328
46969,yes,1,,1,10328
46970,no,1,,1,10199
46993,no,1,,1,10199
46995,no,1,,1,10199
46996,no,1,,1,10199
46997,no,1,,1,10199
46998,yes,1,,1,10199
46999,no,1,,1,10199
47000,no,1,,1,10199
47005,no,1,,1,10328
47006,no,1,,1,10199
47008,no,1,,1,10199
47010,no,1,,1,10199
47012,no,1,,1,10199
47015,no,1,,1,10199
47032,no,1,,1,10199
47034,no,1,,1,10199
47038,no,1,,1,10328
47042,no,1,,1,10328
47071,no,1,,1,10199
47072,no,1,,1,10199
47074,no,1,,1,10199
47076,no,1,,1,10199
47133,no,1,,1,10328
47196,no,1,,1,10199
47197,no,1,,1,10199
47202,no,1,,1,10199
47210,no,1,,1,10199
47214,no,1,,1,10328
47217,no,1,,1,10328
47246,no,1,,1,10199
47277,no,1,,1,10199
47320,no,1,,1,10199
47321,no,1,,1,10199
47322,no,1,,1,10199
47329,no,1,,1,10199
47331,no,1,,1,10199
47335,no,1,,1,10199
47337,yes,1,,1,10328
47343,no,1,,1,10199
47349,no,1,,1,10328
47352,no,1,,1,10199
47356,no,1,,1,10199
47358,no,1,,1,10199
47380,no,1,,1,10199
47381,no,1,,1,10199
47382,no,1,,1,10199
47383,no,1,,1,10199
47384,no,1,,1,10199
47385,no,1,,1,10199
47402,no,1,,1,10328
47405,no,1,,1,10199
47406,no,1,,1,10199
47409,no,1,,1,10199
47413,no,1,,1,10199
47414,no,1,,1,10199
47415,no,1,,1,10199
47416,no,1,,1,10199
47437,no,1,,1,10199
47438,no,1,,1,10199
47442,no,1,,1,10199
47478,no,1,,1,10199
47479,no,1,,1,10199
47480,no,1,,1,10199
47493,yes,1,,1,10199
47498,no,1,,1,10199
47499,no,1,,1,10199
47500,no,1,,1,10199
47504,no,1,,1,10199
47506,no,1,,1,10199
47511,no,1,,1,10199
47513,no,1,,1,10199
47519,no,1,,1,10199
47543,no,1,,1,10199
47559,no,1,,1,10199
47574,no,1,,1,10199
47595,no,1,,1,10199
47617,no,1,,1,10199
47621,no,1,,1,10199
47622,no,1,,2,"10199,10328"
47628,no,1,,1,10199
47637,no,1,,1,10328
47638,no,1,,1,10328
47640,no,1,,1,10199
47641,no,1,,1,10199
47645,no,1,,1,10199
47646,no,1,,1,10199
47651,no,1,,1,10199
47658,no,1,,1,10199
47659,no,1,,1,10199
47661,no,1,,1,10199
47662,no,1,,1,10199
47671,no,1,,1,10199
47673,no,1,,1,10199
47677,no,1,,1,10199
47680,no,1,,1,10199
47691,no,1,,1,10199
47693,no,1,,1,10199
47701,yes,1,,1,10199
47706,no,1,,1,10199
47769,no,1,,1,10199
47770,no,1,,1,10199
47772,no,1,,1,10199
47774,no,1,,1,10199
47782,no,1,,2,"10199,10328"
47784,no,1,,1,10199
47805,no,1,,1,10199
47808,no,1,,1,10199
47818,yes,1,,1,10199
47827,no,1,,1,10328
47834,no,1,,1,10328
47846,yes,1,,1,10199
47888,no,1,,1,10199
47892,yes,1,,1,10199
47893,no,1,,1,10199
47894,no,1,,1,10199
47895,yes,1,,1,10199
47896,yes,1,,1,10199
47902,no,1,,1,10199
47912,no,1,,1,10199
47923,no,1,,1,10199
47928,no,1,,1,10199
47945,no,1,,1,10199
47946,no,1,,1,10199
47948,no,1,,1,10199
47950,no,1,,1,10199
47954,no,1,,1,10199
47970,no,1,,1,10199
47986,no,1,,1,10199
47987,no,1,,1,10199
47989,no,1,,1,10199
47990,no,1,,1,10199
48043,no,1,,1,10199
48047,no,1,,1,10199
48049,no,1,,1,10199
48085,yes,1,,1,10199
48086,yes,1,,1,10199
48107,yes,1,,1,10199
48115,no,1,,1,10199
48163,no,1,,1,10199
48171,yes,1,,1,10199
48194,no,1,,1,10199
48206,yes,1,,1,10199
48207,yes,1,,1,10199
48217,no,1,,1,10199
48251,yes,1,,1,10199
48266,no,1,,1,10199
48274,yes,1,,1,10199
48279,no,1,,1,10199
48322,no,1,,1,10199
48324,no,1,,1,10199
48326,no,1,,1,10199
48351,no,1,,1,10199
48352,no,1,,1,10199
48353,no,1,,1,10199
48355,no,1,,1,10199
48372,no,1,,1,10199
48406,no,1,,1,10199
48409,no,1,,1,10199
48415,no,1,,1,10199
48426,yes,1,,1,10199
48462,no,1,,1,10199
48466,no,1,,1,10199
48467,no,1,,1,10199
48531,no,1,,1,10199
48535,no,1,,1,10199
48577,no,1,,1,10199
48605,no,1,,1,10199
48723,no,1,,1,10199
48755,no,1,,1,10199
48756,no,1,,1,10199
48759,no,1,,1,10199
48761,no,1,,1,10199
48772,no,1,,1,10199
48799,no,1,,1,10199
48801,no,1,,1,10199
48808,no,1,,1,10199
48820,no,1,,1,10199
48823,yes,1,,1,10199
48899,no,1,,1,10199
48906,no,1,,1,10199
48907,no,1,,1,10199
48909,no,1,,1,10199
48920,no,1,,1,10199
48975,no,1,,1,10199
48978,no,1,,1,10199
48979,no,1,,1,10199
48981,no,1,,1,10199
48984,no,1,,1,10199
48998,no,1,,1,10199
49000,no,1,,1,10199
49004,no,1,,1,10199
49005,no,1,,1,10199
49006,no,1,,1,10199
49007,no,1,,1,10199
49019,no,1,,1,10199
49026,no,1,,1,10199
49033,no,1,,1,10199
49042,yes,1,,1,10199
49043,yes,1,,1,10199
49048,yes,1,,1,10199
49054,yes,1,,1,10199
49056,yes,1,,1,10199
49057,yes,1,,1,10199
49059,no,1,,1,10199
49064,no,1,,1,10199
49071,no,1,,1,10199
49073,no,1,,1,10199
49074,no,1,,1,10199
49085,no,1,,1,10199
49105,no,1,,1,10199
49106,no,1,,1,10199
49107,no,1,,1,10199
49108,no,1,,1,10199
49112,no,1,,1,10199
49114,no,1,,1,10199
49117,no,1,,1,10199
49118,no,1,,1,10199
49119,no,1,,1,10199
49122,no,1,,1,10199
49123,no,1,,1,10199
49124,no,1,,1,10199
49130,no,1,,1,10199
49131,no,1,,1,10199
49132,no,1,,1,10199
49134,no,1,,1,10199
49136,no,1,,1,10199
49141,no,1,,1,10199
49162,no,1,,1,10199
49168,no,1,,1,10199
49184,no,1,,1,10199
49186,no,1,,1,10199
49188,no,1,,1,10199
49189,no,1,,1,10199
49197,no,1,,1,10199
49198,no,1,,1,10199
49199,no,1,,1,10199
49216,no,1,,1,10328
49217,no,1,,1,10199
49223,no,1,,1,10199
49225,no,1,,1,10199
49230,no,1,,1,10199
49260,no,1,,1,10199
49336,no,1,,1,10199
49364,no,1,,1,10199
49427,no,1,,1,10199
49428,no,1,,1,10199
49429,no,1,,1,10199
49436,no,1,,1,10199
49450,no,1,,1,10199
49457,no,1,,1,10199
49461,no,1,,1,10199
49471,no,1,,1,10199
49476,no,1,,1,10199
49483,no,1,,1,10199
49499,no,1,,1,10199
49513,no,1,,1,10199
49520,no,1,,1,10199
49524,no,1,,1,10199
49547,no,1,,1,10199
49602,no,1,,1,10199
49617,no,1,,1,10199
49621,no,1,,1,10199
49625,no,1,,1,10199
49626,no,1,,1,10199
49630,no,1,,1,10199
49631,no,1,,1,10199
49635,no,1,,1,10199
49636,no,1,,1,10199
49647,no,1,,1,10199
49651,no,1,,1,10199
49665,no,1,,1,10199
49667,no,1,,1,10199
49670,no,1,,1,10199
49677,no,1,,1,10199
49692,no,1,,1,10199
49698,no,1,,1,10199
49705,no,1,,1,10199
49709,no,1,,1,10199
49715,no,1,,1,10199
49719,no,1,,1,10199
49725,no,1,,1,10199
49729,no,1,,1,10199
49733,no,1,,1,10199
49737,no,1,,1,10199
49738,no,1,,1,10199
49739,no,1,,1,10199
49748,no,1,,1,10199
49750,no,1,,1,10199
49752,no,1,,1,10199
49753,no,1,,1,10199
49758,no,1,,1,10199
49759,no,1,,1,10199
49760,no,1,,1,10199
49773,no,1,,1,10199
49776,no,1,,1,10199
49785,no,1,,1,10199
49791,no,1,,1,10199
49806,no,1,,1,10199
49814,no,1,,1,10199
49823,no,1,,1,10199
49829,no,1,,1,10199
49838,no,1,,1,10199
49840,no,1,,1,10199
49842,no,1,,1,10199
49844,no,1,,1,10199
49860,no,1,,1,10199
49869,no,1,,1,10199
49876,no,1,,1,10199
49886,no,1,,1,10199
49903,no,1,,1,10199
49911,no,1,,1,10199
49932,no,1,,1,10199
49940,no,1,,1,10199
49942,no,1,,1,10199
49993,no,1,,1,10199
49996,no,1,,1,10199
50013,no,1,,1,10199
50014,no,1,,1,10199
50022,no,1,,1,10199
50028,no,1,,1,10199
50029,no,1,,1,10199
50041,no,1,,1,10199
50042,no,1,,1,10199
50044,no,1,,1,10199
50060,no,1,,1,10199
50062,no,1,,1,10199
50063,no,1,,1,10199
50064,no,1,,1,10199
50065,no,1,,1,10199
50075,no,1,,1,10199
50077,no,1,,1,10199
50098,no,1,,1,10199
50099,no,1,,1,10199
50100,no,1,,1,10199
50184,no,1,,1,10199
50209,no,1,,1,10199
50213,no,1,,1,10199
50215,no,1,,1,10199
50229,no,1,,1,10199
50231,no,1,,1,10199
50233,no,1,,1,10199
50239,no,1,,1,10199
50244,no,1,,1,10199
50245,no,1,,1,10199
50249,no,1,,1,10199
50252,no,1,,1,10199
50262,no,1,,1,10199
50272,no,1,,1,10199
50312,no,1,,1,10199
50353,no,1,,1,10199
50394,no,1,,1,10199
50429,no,1,,1,10199
50431,no,1,,1,10199
50880,no,1,,1,10328
51186,no,1,,1,10199
51534,no,1,,1,10199
51561,no,1,,1,10199
51609,no,1,,1,10199
51618,no,1,,1,10199
51669,no,1,,1,10199
51698,no,1,,1,10199
51700,no,1,,1,10199
51733,no,1,,1,10199
51857,yes,1,,1,10199
51905,no,1,,1,10199
51910,no,1,,1,10199
52173,no,1,,1,10199
52217,no,1,,1,10199
52250,no,1,,1,10199
52358,no,1,,1,10199
52372,no,1,,1,10199
52427,yes,1,,1,10199
52461,no,1,,1,10199
52502,no,1,,1,10199
52505,no,1,,1,10199
52581,no,1,,1,10199
52667,no,1,,1,10199
52674,no,1,,1,10199
52745,yes,1,,1,10199
52865,no,1,,1,10199
52894,no,1,,1,10199
52900,no,1,,1,10199
52913,no,1,,1,10328
52976,no,1,,1,10199
53076,no,1,,1,10199
53080,no,1,,1,10199
53084,no,1,,1,10199
53095,yes,1,,1,10199
53162,no,1,,1,10199
53188,yes,1,,1,10199
53217,no,1,,1,10199
53238,no,1,,1,10199
53239,no,1,,1,10199
53240,no,1,,1,10199
53263,no,1,,1,10199
53376,no,1,,1,10199
53377,no,1,,1,10199
53383,no,1,,1,10199
53392,no,1,,1,10199
53403,no,1,,1,10199
53404,no,1,,1,10199
53407,no,1,,1,10199
53424,no,1,,1,10199
53434,no,1,,1,10199
53560,no,1,,1,10199
53561,no,1,,1,10199
53571,no,1,,1,10199
53609,no,1,,1,10199
53610,no,1,,1,10199
53630,no,1,,1,10199
53655,no,1,,1,10199
53659,no,1,,1,10199
53667,yes,1,,1,10199
53671,no,1,,1,10199
53672,no,1,,1,10199
53676,yes,1,,1,10199
53681,yes,1,,1,10199
53682,yes,1,,1,10199
53683,yes,1,,1,10199
53684,no,1,,1,10199
53689,yes,1,,1,10199
53709,no,1,,1,10199
53710,no,1,,1,10199
53711,no,1,,1,10199
53718,no,1,,1,10199
53738,no,1,,1,10199
53740,no,1,,1,10199
53741,no,1,,1,10199
53746,no,1,,1,10199
53747,no,1,,1,10199
53816,no,1,,1,10199
53830,no,1,,1,10199
53832,no,1,,1,10199
53833,no,1,,1,10199
53834,no,1,,1,10199
53835,no,1,,1,10199
53838,no,1,,1,10199
53839,no,1,,1,10199
53844,no,1,,1,10199
53845,no,1,,1,10199
53847,no,1,,1,10199
53851,no,1,,1,10199
53861,no,1,,1,10199
53862,no,1,,1,10199
53874,no,1,,1,10199
53875,no,1,,1,10199
53877,no,1,,1,10199
53882,no,1,,1,10199
53889,no,1,,1,10199
53920,no,1,,1,10199
53922,no,1,,1,10199
53930,no,1,,1,10199
53933,no,1,,1,10199
53942,no,1,,1,10199
53946,no,1,,1,10199
53949,no,1,,1,10199
53950,no,1,,1,10199
53952,no,1,,1,10199
53958,no,1,,1,10199
53960,no,1,,1,10199
53977,no,1,,1,10199
54023,no,1,,1,10199
54026,no,1,,1,10199
54028,no,1,,1,10199
54029,no,1,,1,10199
54033,no,1,,1,10199
54035,no,1,,1,10199
54036,no,1,,1,10199
54041,no,1,,1,10199
54042,no,1,,1,10199
54046,no,1,,1,10199
54047,no,1,,1,10199
54050,no,1,,1,10199
54051,no,1,,1,10199
54054,no,1,,1,10199
54055,no,1,,1,10199
54056,no,1,,1,10199
54058,no,1,,1,10199
54073,no,1,,1,10199
54075,no,1,,1,10199
54077,no,1,,1,10199
54079,no,1,,1,10199
54080,no,1,,1,10199
54084,no,1,,1,10199
54085,no,1,,1,10199
54089,no,1,,1,10199
54090,no,1,,1,10199
54091,no,1,,1,10199
54095,no,1,,1,10199
54097,no,1,,1,10199
54102,no,1,,1,10199
54106,no,1,,1,10199
54108,no,1,,1,10199
54109,no,1,,1,10199
54112,yes,1,,1,10199
54113,no,1,,1,10199
54115,no,1,,1,10199
54116,no,1,,1,10199
54119,no,1,,1,10199
54120,no,1,,1,10199
54124,no,1,,1,10199
54125,yes,1,,1,10199
54129,no,1,,1,10199
54133,no,1,,1,10199
54135,no,1,,1,10199
54136,no,1,,1,10199
54137,yes,1,,1,10199
54143,yes,1,,1,10199
54144,no,1,,1,10199
54147,no,1,,1,10199
54151,no,1,,1,10199
54166,no,1,,1,10199
54168,no,1,,1,10199
54170,no,1,,1,10199
54182,no,1,,1,10199
54205,no,1,,1,10199
54209,no,1,,1,10199
54211,no,1,,1,10199
54213,no,1,,1,10199
54214,no,1,,1,10199
54227,no,1,,1,10199
54229,no,1,,1,10199
54231,no,1,,1,10199
54240,no,1,,1,10199
54242,no,1,,1,10199
54243,no,1,,1,10199
54246,no,1,,1,10199
54247,no,1,,1,10199
54248,no,1,,1,10199
54250,no,1,,1,10199
54251,no,1,,1,10199
54252,no,1,,1,10199
54275,no,1,,1,10199
54279,no,1,,1,10199
54291,no,1,,1,10199
54293,no,1,,1,10199
54328,no,1,,1,10199
54331,no,1,,1,10199
54336,no,1,,1,10199
54337,no,1,,1,10199
54338,no,1,,1,10199
54340,no,1,,1,10199
54346,no,1,,1,10199
54347,no,1,,1,10199
54355,no,1,,1,10199
54358,no,1,,1,10199
54382,no,1,,1,10199
54388,no,1,,1,10199
54420,no,1,,1,10199
54421,no,1,,1,10199
54448,no,1,,1,10199
54452,no,1,,1,10199
54455,no,1,,1,10199
54456,no,1,,1,10199
54465,no,1,,1,10199
54468,no,1,,1,10199
54469,no,1,,1,10199
54476,no,1,,1,10199
54497,no,1,,1,10199
54502,no,1,,1,10199
54503,no,1,,1,10199
54522,no,1,,1,10199
54528,no,1,,1,10199
54537,no,1,,1,10199
54561,no,1,,1,10199
54570,no,1,,1,10199
54577,yes,1,,1,10199
54614,yes,1,,1,10199
54615,yes,1,,1,10199
54616,no,1,,1,10199
54632,no,1,,1,10199
54633,no,1,,1,10199
54637,no,1,,1,10199
54638,no,1,,1,10199
54641,no,1,,1,10199
54648,no,1,,1,10199
54650,no,1,,1,10199
54664,no,1,,1,10199
54684,no,1,,1,10199
54685,no,1,,1,10199
54691,no,1,,1,10199
54695,no,1,,1,10199
54696,yes,1,,1,10199
54712,no,1,,1,10199
54713,no,1,,1,10199
54714,no,1,,1,10199
54716,no,1,,1,10199
54717,no,1,,1,10199
54719,no,1,,1,10199
54725,no,1,,1,10199
54730,no,1,,1,10199
54731,no,1,,1,10199
54736,no,1,,1,10199
54738,no,1,,1,10199
54739,no,1,,1,10199
54754,yes,1,,1,10199
54761,no,1,,1,10199
54774,no,1,,1,10199
54876,no,1,,1,10199
54889,no,1,,1,10199
54936,no,1,,1,10199
54938,no,1,,1,10199
54963,no,1,,1,10199
54964,no,1,,1,10199
54979,no,1,,1,10199
54985,no,1,,1,10199
55018,no,1,,1,10199
55025,no,1,,1,10199
55037,no,1,,1,10199
55040,yes,1,,1,10199
55045,no,1,,1,10199
55047,no,1,,1,10199
55048,no,1,,1,10199
55049,no,1,,1,10199
55051,no,1,,1,10199
55105,no,1,,1,10199
55106,no,1,,1,10199
55107,no,1,,1,10199
55108,no,1,,1,10199
55112,no,1,,1,10199
55151,no,1,,1,10199
55358,no,1,,1,10199
55710,yes,1,,1,10199
55712,yes,1,,1,10199
55715,yes,1,,1,10199
55810,no,1,,1,10199
55929,no,1,,1,10199
55949,no,1,,1,10199
56022,no,1,,1,10199
56106,no,1,,1,10199
56121,no,1,,1,10199
56522,no,1,,1,10199
56569,no,1,,1,10199
56593,no,1,,1,10199
56607,no,1,,1,10199
56609,no,1,,1,10199
56620,no,1,,1,10199
56622,no,1,,1,10199
56631,no,1,,1,10199
56666,no,1,,1,10199
56668,no,1,,1,10199
56696,no,1,,1,10199
56729,no,1,,1,10199
57417,no,1,,1,10199
57805,no,1,,1,10199
57822,no,1,,1,10199
57837,no,1,,1,10199
57840,no,1,,1,10199
57841,no,1,,1,10199
57912,no,1,,1,10199
57940,no,1,,1,10199
58009,no,1,,1,10199
58076,no,1,,1,10199
58079,no,1,,1,10199
58083,no,1,,1,10199
58188,no,1,,1,10199
58217,no,1,,1,10199
58234,no,1,,1,10199
58248,no,1,,1,10199
58347,no,1,,1,10199
58360,no,1,,1,10199
58372,no,1,,1,10199
58406,no,1,,1,10199
58408,no,1,,1,10199
58653,no,1,,1,10199
58682,no,1,,1,10199
58715,no,1,,1,10199
58716,no,1,,1,10199
58717,no,1,,1,10199
58747,yes,1,,1,10199
58773,yes,1,,1,10199
58783,yes,1,,1,10199
58808,no,1,,1,10199
58940,no,1,,1,10199
59088,no,1,,1,10199
59091,no,1,,1,10199
59097,no,1,,1,10199
59133,no,1,,1,10199
59158,no,1,,1,10199
59159,no,1,,1,10199
59231,no,1,,1,10199
59251,no,1,,1,10199
59307,no,1,,1,10199
59390,no,1,,1,10199
59532,no,1,,1,10199
59556,no,1,,1,10199
59567,yes,1,,1,10199
59609,no,1,,1,10199
59626,no,1,,1,10199
59672,no,1,,1,10199
59745,no,1,,1,10199
59817,no,1,,1,10199
59819,no,1,,1,10199
59820,no,1,,1,10199
59858,no,1,,1,10199
59863,no,1,,1,10199
59893,no,1,,1,10199
59894,no,1,,1,10199
59895,no,1,,1,10199
59905,no,1,,1,10199
59951,no,1,,1,10199
59967,no,1,,1,10199
60033,no,1,,1,10199
60048,no,1,,1,10199
60049,no,1,,1,10199
60050,no,1,,1,10199
60099,no,1,,1,10199
60107,no,1,,1,10199
60108,no,1,,1,10199
60146,no,1,,1,10199
60162,no,1,,1,10199
60167,no,1,,1,10199
60203,no,1,,1,10199
60229,no,1,,1,10199
60257,no,1,,1,10199
60259,yes,1,,1,10199
60283,no,1,,1,10199
60339,no,1,,1,10199
60348,no,1,,1,10199
60355,no,1,,1,10199
60398,yes,1,,1,10199
60399,yes,1,,1,10199
60478,no,1,,1,10199
60483,no,1,,1,10199
60484,no,1,,1,10199
60487,no,1,,1,10199
60492,no,1,,1,10199
60495,no,1,,1,10199
60496,no,1,,1,10199
60498,no,1,,1,10199
60506,no,1,,1,10199
60507,no,1,,1,10199
60515,no,1,,1,10199
60516,no,1,,1,10199
60517,no,1,,1,10199
60518,no,1,,1,10199
60521,no,1,,1,10199
60524,no,1,,1,10199
60529,no,1,,1,10199
60531,no,1,,1,10199
60533,no,1,,1,10199
60534,no,1,,1,10199
60536,no,1,,1,10199
60537,no,1,,1,10199
60538,no,1,,1,10199
60542,no,1,,1,10199
60544,no,1,,1,10199
60545,no,1,,1,10199
60548,no,1,,1,10199
60576,no,1,,1,10199
60609,no,1,,1,10199
60615,no,1,,1,10199
60616,no,1,,1,10199
60617,no,1,,1,10199
60619,no,1,,1,10199
60620,no,1,,1,10199
60621,no,1,,1,10199
60624,no,1,,1,10199
60653,no,1,,1,10199
60663,no,1,,1,10199
60669,yes,1,,1,10199
60672,yes,1,,1,10199
60702,no,1,,1,10199
60731,no,1,,1,10199
60732,no,1,,1,10199
60733,no,1,,1,10199
60779,no,1,,1,10199
60790,no,1,,1,10199
60811,no,1,,1,10199
60820,no,1,,1,10199
60823,no,1,,1,10199
60824,no,1,,1,10199
60825,no,1,,1,10199
60826,no,1,,1,10199
60828,no,1,,1,10199
60829,no,1,,1,10199
60831,no,1,,1,10199
60835,no,1,,1,10199
60836,no,1,,1,10199
60837,no,1,,1,10199
60842,no,1,,1,10199
60843,no,1,,1,10199
60844,no,1,,1,10199
60846,no,1,,1,10199
60848,no,1,,1,10199
60849,no,1,,1,10199
60851,no,1,,1,10199
60856,no,1,,1,10199
61040,no,1,,1,10199
61050,no,1,,1,10199
61117,no,1,,1,10199
61225,no,1,,1,10199
61248,no,1,,1,10199
61320,no,1,,1,10199
61337,no,1,,1,10199
61345,no,1,,1,10199
61356,no,1,,1,10199
61362,no,1,,1,10199
61367,no,1,,1,10199
61396,no,1,,1,10199
61484,no,1,,1,10199
61533,no,1,,1,10199
61571,no,1,,1,10199
61587,no,1,,1,10199
61712,no,1,,1,10199
61713,no,1,,1,10199
61946,no,1,,1,10199
62010,no,1,,1,10199
62017,no,1,,1,10199
62170,no,1,,1,10199
62207,no,1,,1,10199
62229,no,1,,1,10199
62511,no,1,,1,10199
62515,no,1,,1,10199
62599,no,1,,1,10199
62705,no,1,,1,10199
62728,no,1,,1,10199
62857,no,1,,1,10199
62892,no,1,,1,10199
62954,yes,1,,1,10199
63035,no,1,,1,10199
63078,no,1,,1,10199
63189,no,1,,1,10199
63266,no,1,,1,10199
63335,no,1,,1,10199
63366,no,1,,1,10199
63485,no,1,,1,10328
63776,no,1,,1,10199
63778,no,1,,1,10199
63862,no,1,,1,10199
63865,no,1,,1,10199
63893,no,1,,1,10199
63926,no,1,,1,10199
63946,no,1,,1,10199
63976,yes,1,,1,10199
63994,no,1,,1,10199
63995,no,1,,1,10199
64020,no,1,,1,10199
64033,no,1,,1,10199
64045,no,1,,1,10199
64133,no,1,,1,10199
64212,no,1,,1,10199
64304,no,1,,1,10199
64305,no,1,,1,10199
64306,no,1,,1,10199
64308,no,1,,1,10199
64310,no,1,,1,10199
64333,no,1,,1,10199
64334,no,1,,1,10199
64336,no,1,,1,10199
64337,no,1,,1,10199
64338,no,1,,1,10199
64340,no,1,,1,10199
64341,no,1,,1,10199
64346,no,1,,1,10199
64349,no,1,,1,10199
64351,no,1,,1,10199
64353,no,1,,1,10199
64375,no,1,,1,10199
64391,no,1,,1,10199
64393,no,1,,1,10199
64395,no,1,,1,10199
64396,no,1,,1,10199
64397,no,1,,1,10199
64398,no,1,,1,10199
64400,no,1,,1,10199
64407,no,1,,1,10199
64409,no,1,,1,10199
64410,no,1,,1,10199
64413,no,1,,1,10199
64414,no,1,,1,10199
64417,no,1,,1,10199
64418,no,1,,1,10199
64420,no,1,,1,10199
64428,no,1,,1,10199
64430,no,1,,1,10199
64435,no,1,,1,10199
64436,no,1,,1,10199
64439,no,1,,1,10199
64440,no,1,,1,10199
64443,no,1,,1,10199
64445,no,1,,1,10199
64446,no,1,,1,10199
64455,no,1,,1,10199
64458,no,1,,1,10199
64460,no,1,,1,10199
64461,no,1,,1,10199
64463,no,1,,1,10199
64464,no,1,,1,10199
64469,no,1,,1,10199
64470,no,1,,1,10199
64472,no,1,,1,10199
64474,no,1,,1,10199
64476,no,1,,1,10199
64485,no,1,,1,10199
64488,yes,1,,1,10199
64490,yes,1,,1,10199
64491,yes,1,,1,10199
64492,no,1,,1,10199
64494,yes,1,,1,10199
64495,yes,1,,1,10199
64496,yes,1,,1,10199
64509,no,1,,1,10199
64519,no,1,,1,10199
64532,no,1,,1,10199
64537,no,1,,1,10199
64546,no,1,,1,10199
64550,no,1,,1,10199
64551,no,1,,1,10199
64556,no,1,,1,10199
64557,no,1,,1,10199
64558,no,1,,1,10199
64562,no,1,,1,10199
64566,yes,1,,1,10199
64588,yes,1,,1,10199
64616,yes,1,,1,10199
64622,no,1,,1,10199
64623,no,1,,1,10199
64624,no,1,,1,10199
64628,no,1,,1,10199
64630,yes,1,,1,10199
64631,yes,1,,1,10199
64634,no,1,,1,10199
64635,no,1,,1,10199
64637,no,1,,1,10199
64638,no,1,,1,10199
64640,no,1,,1,10199
64645,no,1,,1,10199
64651,no,1,,1,10199
64668,yes,1,,1,10199
64669,no,1,,1,10199
64672,no,1,,1,10199
64673,no,1,,1,10199
64678,no,1,,1,10199
64679,no,1,,1,10199
64680,no,1,,1,10199
64681,no,1,,1,10199
64685,no,1,,1,10199
64688,no,1,,1,10199
64689,no,1,,1,10199
64690,no,1,,1,10199
64691,no,1,,1,10199
64693,no,1,,1,10199
64694,no,1,,1,10199
64695,no,1,,1,10199
64696,no,1,,1,10199
64697,no,1,,1,10199
64699,no,1,,1,10199
64700,no,1,,1,10199
64725,no,1,,1,10199
64726,no,1,,1,10199
64745,no,1,,1,10199
64750,no,1,,1,10199
64756,no,1,,1,10199
64765,yes,1,,1,10199
64778,no,1,,1,10199
64781,no,1,,1,10199
64782,no,1,,1,10199
64784,no,1,,1,10199
64786,no,1,,1,10199
64787,no,1,,1,10199
64799,no,1,,1,10199
64800,yes,1,,1,10199
64802,no,1,,1,10199
64803,no,1,,1,10199
64814,no,1,,1,10199
64818,no,1,,1,10199
64819,no,1,,1,10199
64825,yes,1,,1,10199
64826,yes,1,,1,10199
64827,yes,1,,1,10199
64841,no,1,,1,10199
64842,yes,1,,1,10199
64844,no,1,,1,10199
64849,yes,1,,1,10199
64851,yes,1,,1,10199
64862,no,1,,1,10199
64871,yes,1,,1,10199
64879,no,1,,1,10199
64880,no,1,,1,10199
64881,no,1,,1,10199
64883,no,1,,1,10199
64885,no,1,,1,10199
64886,no,1,,1,10199
64889,no,1,,1,10199
64906,no,1,,1,10199
64907,no,1,,1,10199
64977,no,1,,1,10199
64982,no,1,,1,10199
64983,no,1,,1,10199
64985,no,1,,1,10199
65012,no,1,,1,10199
65014,no,1,,1,10199
65038,no,1,,1,10199
65039,no,1,,1,10199
65047,no,1,,1,10199
65049,no,1,,1,10199
65058,no,1,,1,10199
65063,no,1,,1,10199
65080,no,1,,1,10199
65081,no,1,,1,10199
65098,no,1,,1,10199
65102,no,1,,1,10199
65114,no,1,,1,10199
65115,no,1,,1,10199
65116,no,1,,1,10199
65117,no,1,,1,10199
65118,no,1,,1,10199
65121,no,1,,1,10199
65158,no,1,,1,10199
65159,no,1,,1,10199
65164,no,1,,1,10199
65165,no,1,,1,10199
65167,no,1,,1,10199
65175,no,1,,1,10199
65181,no,1,,1,10199
65186,no,1,,1,10199
65245,no,1,,1,10199
65248,no,1,,1,10199
65254,no,1,,1,10199
65256,no,1,,1,10199
65281,no,1,,1,10199
65282,no,1,,1,10199
65289,no,1,,1,10199
65290,no,1,,1,10199
65302,no,1,,1,10199
65303,no,1,,1,10199
65311,no,1,,1,10199
65316,no,1,,1,10199
65319,no,1,,1,10199
65321,no,1,,1,10199
65334,no,1,,1,10199
65335,no,1,,1,10199
65337,no,1,,1,10199
65338,no,1,,1,10199
65342,no,1,,1,10199
65406,no,1,,1,10199
65476,no,1,,1,10199
65477,no,1,,1,10199
65479,no,1,,1,10199
65481,no,1,,1,10199
65487,no,1,,1,10199
65489,no,1,,1,10199
65490,no,1,,1,10199
65492,no,1,,1,10199
65493,no,1,,1,10199
65496,no,1,,1,10199
65497,no,1,,1,10199
65499,no,1,,1,10199
65500,no,1,,1,10199
65509,no,1,,1,10199
65514,no,1,,1,10199
65517,no,1,,1,10199
65518,no,1,,1,10199
65519,no,1,,1,10199
65520,no,1,,1,10199
65524,no,1,,1,10199
65525,no,1,,1,10199
65529,no,1,,1,10199
65530,no,1,,1,10199
65532,no,1,,1,10199
65533,no,1,,1,10199
65537,no,1,,1,10199
65539,no,1,,1,10199
65550,no,1,,1,10199
65551,no,1,,1,10199
65552,no,1,,1,10199
65554,no,1,,1,10199
65583,no,1,,1,10199
65586,no,1,,1,10199
65588,no,1,,1,10199
65594,no,1,,1,10199
65595,no,1,,1,10199
65596,no,1,,1,10199
65602,no,1,,1,10199
65603,no,1,,1,10199
65604,no,1,,1,10199
65606,yes,1,,1,10199
65619,no,1,,1,10199
65623,no,1,,1,10199
65631,no,1,,1,10199
65637,no,1,,1,10199
65638,no,1,,1,10199
65640,no,1,,1,10199
65676,no,1,,1,10199
65679,no,1,,1,10199
65690,no,1,,1,10199
65714,no,1,,1,10199
65715,no,1,,1,10199
65736,no,1,,1,10199
65980,no,1,,1,10199
65994,no,1,,1,10199
66011,no,1,,1,10199
66026,no,1,,1,10199
66030,no,1,,1,10199
66031,no,1,,1,10199
66038,no,1,,1,10199
66041,no,1,,1,10199
66042,no,1,,1,10199
66044,no,1,,1,10199
66047,no,1,,1,10199
66050,no,1,,1,10199
66051,no,1,,1,10199
66057,no,1,,1,10199
66066,no,1,,1,10199
66069,no,1,,1,10199
66072,no,1,,1,10199
66073,no,1,,1,10199
66079,no,1,,1,10199
66091,no,1,,1,10199
66100,no,1,,1,10199
66101,no,1,,1,10199
66102,no,1,,1,10199
66103,no,1,,1,10199
66105,no,1,,1,10199
66106,no,1,,1,10199
66107,no,1,,1,10199
66108,no,1,,1,10199
66110,no,1,,1,10199
66114,no,1,,1,10199
66147,no,1,,1,10199
66155,no,1,,1,10199
66169,no,1,,1,10199
66186,no,1,,1,10199
66201,no,1,,1,10199
66281,no,1,,1,10199
66283,no,1,,1,10199
66295,no,1,,1,10199
66296,no,1,,1,10199
66300,no,1,,1,10199
66301,no,1,,1,10199
66305,no,1,,1,10199
66308,no,1,,1,10199
66311,no,1,,1,10199
66329,no,1,,1,10199
66337,no,1,,1,10199
66345,no,1,,1,10199
66347,no,1,,1,10199
66404,no,1,,1,10199
66441,no,1,,1,10199
66442,no,1,,1,10199
66445,no,1,,1,10199
66447,no,1,,1,10199
66448,no,1,,1,10199
66451,no,1,,1,10199
66454,no,1,,1,10199
66457,no,1,,1,10199
66461,no,1,,1,10199
66462,no,1,,1,10199
66502,no,1,,1,10199
66504,no,1,,1,10199
66557,no,1,,1,10199
66566,no,1,,1,10199
66607,no,1,,1,10199
66715,no,1,,1,10199
66725,no,1,,1,10199
66765,no,1,,1,10199
66905,no,1,,1,10199
66906,no,1,,1,10199
66907,no,1,,1,10199
66915,no,1,,1,10199
66925,no,1,,1,10199
66927,no,1,,1,10199
66940,no,1,,1,10199
66941,no,1,,1,10199
66981,no,1,,1,10199
67038,no,1,,1,10199
67065,no,1,,1,10199
67068,no,1,,1,10199
67079,no,1,,1,10199
67089,no,1,,1,10199
67096,no,1,,1,10199
67123,no,1,,1,10199
67124,no,1,,1,10199
67130,no,1,,1,10199
67138,no,1,,1,10199
67145,no,1,,1,10199
67193,no,1,,1,10199
67202,no,1,,1,10199
67203,no,1,,1,10199
67211,no,1,,1,10199
67261,no,1,,1,10199
67284,no,1,,1,10199
67285,no,1,,1,10199
67287,no,1,,1,10199
67290,no,1,,1,10199
67294,no,1,,1,10199
67321,no,1,,1,10199
67325,no,1,,1,10199
67342,no,1,,1,10199
67359,no,1,,1,10199
67367,no,1,,1,10199
67440,no,1,,1,10199
67493,no,1,,1,10199
67500,no,1,,1,10199
67502,no,1,,1,10199
67506,no,1,,1,10199
67524,no,1,,1,10199
67525,no,1,,1,10199
67526,no,1,,1,10199
67538,no,1,,1,10199
67539,no,1,,1,10199
67540,no,1,,1,10199
67541,no,1,,1,10199
67544,no,1,,1,10199
67547,no,1,,1,10199
67548,no,1,,1,10199
67614,no,1,,1,10199
67615,no,1,,1,10199
67636,no,1,,1,10199
67639,no,1,,1,10199
67657,no,1,,1,10199
67660,yes,1,,1,10199
67661,yes,1,,1,10199
67672,no,1,,1,10199
67674,yes,1,,1,10199
67675,yes,1,,1,10199
67680,yes,1,,1,10199
67681,yes,1,,1,10199
67682,yes,1,,1,10199
67683,yes,1,,1,10199
67686,no,1,,1,10199
67691,yes,1,,1,10199
67693,no,0.5,,2,10199
67714,no,1,,1,10199
67715,no,1,,1,10199
67719,no,1,,1,10199
67759,no,1,,1,10199
67763,no,1,,1,10199
67796,no,1,,1,10199
67797,no,1,,1,10199
67802,no,1,,1,10199
67803,no,1,,1,10199
67807,no,1,,1,10199
67812,no,1,,1,10199
67821,no,1,,1,10199
67822,no,1,,1,10199
67953,no,1,,1,10199
67959,no,1,,1,10199
67964,no,1,,1,10199
67970,no,1,,1,10199
67974,no,1,,1,10199
67979,no,1,,1,10199
67993,no,1,,1,10199
67997,no,1,,1,10199
68003,no,1,,1,10199
68005,no,1,,1,10199
68022,no,1,,1,10199
68023,no,1,,1,10199
68025,no,1,,1,10199
68026,no,1,,1,10199
68030,no,1,,1,10199
68031,no,1,,1,10199
68050,no,1,,1,10199
68056,no,1,,1,10199
68057,no,1,,1,10199
68060,no,1,,1,10199
68061,no,1,,1,10199
68064,no,1,,1,10199
68065,no,1,,1,10199
68066,no,1,,1,10199
68068,no,1,,1,10199
68070,yes,1,,1,10199
68071,yes,1,,1,10199
68076,yes,1,,1,10199
68078,yes,1,,1,10199
68079,yes,1,,1,10199
68082,yes,1,,1,10199
68090,no,1,,1,10199
68101,no,1,,1,10199
68104,no,1,,1,10199
68105,no,1,,1,10199
68111,no,1,,1,10199
68112,no,1,,1,10199
68113,no,1,,1,10199
68115,no,1,,1,10199
68128,no,1,,1,10199
68149,no,1,,1,10199
68153,no,1,,1,10199
68156,no,1,,1,10199
68157,no,1,,1,10199
68158,no,1,,1,10199
68159,no,1,,1,10199
68161,no,1,,1,10199
68167,no,1,,1,10199
68169,no,1,,1,10199
68170,no,1,,1,10199
68301,no,1,,1,10199
68323,no,1,,1,10199
68328,no,1,,1,10199
68329,no,1,,1,10199
68331,no,1,,1,10199
68332,no,1,,1,10199
68339,yes,1,,1,10199
68345,no,1,,1,10199
68347,yes,1,,1,10199
68348,yes,1,,1,10199
68351,no,1,,1,10199
68363,no,1,,1,10199
68375,no,1,,1,10199
68381,no,1,,1,10199
68392,no,1,,1,10199
68393,no,1,,1,10199
68394,no,1,,1,10199
68396,no,1,,1,10199
68398,no,1,,1,10199
68405,no,1,,1,10199
68409,no,1,,1,10199
68410,no,1,,1,10199
68411,no,1,,1,10199
68412,no,1,,1,10199
68413,no,1,,1,10199
68415,no,1,,1,10199
68418,no,1,,1,10199
68419,no,1,,1,10199
68429,no,1,,1,10199
68430,no,1,,1,10199
68431,no,1,,1,10199
68432,no,1,,1,10199
68436,no,1,,1,10199
68439,no,1,,1,10199
68442,no,1,,1,10199
68449,no,1,,1,10199
68450,no,1,,1,10199
68455,no,1,,1,10199
68458,no,1,,1,10199
68459,no,1,,1,10199
68463,no,1,,1,10199
68468,yes,1,,1,10199
68471,yes,1,,1,10199
68472,no,1,,1,10199
68473,no,1,,1,10199
68481,no,1,,1,10199
68482,no,1,,1,10199
68485,no,1,,1,10199
68486,no,1,,1,10199
68488,no,1,,1,10199
68490,no,1,,1,10199
68492,no,1,,1,10199
68500,no,1,,1,10199
68514,no,1,,1,10199
68520,no,1,,1,10199
68521,no,1,,1,10199
68522,no,1,,1,10199
68530,no,1,,1,10199
68532,no,1,,1,10199
68540,no,1,,1,10199
68543,no,1,,1,10199
68558,no,1,,1,10199
68559,yes,1,,1,10199
68566,no,1,,1,10199
68571,no,1,,1,10199
68578,no,1,,1,10199
68582,no,1,,1,10199
68588,no,1,,1,10199
68590,no,1,,1,10199
68592,no,1,,1,10199
68597,no,1,,1,10199
68598,no,1,,1,10199
68606,no,1,,1,10199
68607,no,1,,1,10199
68616,no,1,,1,10199
68625,no,1,,1,10199
68627,no,1,,1,10199
68628,no,1,,1,10199
68630,no,1,,1,10199
68641,no,1,,1,10199
68642,no,1,,1,10199
68644,no,1,,1,10199
68646,no,1,,1,10199
68647,no,1,,1,10199
68648,no,1,,1,10199
68654,no,1,,1,10199
68658,no,1,,1,10199
68659,no,1,,1,10199
68661,no,1,,1,10199
68665,no,1,,1,10199
68666,no,1,,1,10199
68667,no,1,,1,10199
68668,no,1,,1,10199
68669,no,1,,1,10199
68673,no,1,,1,10199
68685,no,1,,1,10199
68687,no,1,,1,10199
68688,no,1,,1,10199
68697,no,1,,1,10199
68698,no,1,,1,10199
68699,no,1,,1,10199
68700,no,1,,1,10199
68701,no,1,,1,10199
68708,no,1,,1,10199
68710,no,1,,1,10199
68711,no,1,,1,10199
68787,no,1,,1,10199
68880,no,1,,1,10199
68889,no,1,,1,10199
68905,no,1,,1,10199
68906,no,1,,1,10199
68908,no,1,,1,10199
68913,no,1,,1,10199
68921,no,1,,1,10199
68922,no,1,,1,10199
68923,no,1,,1,10199
68924,no,1,,1,10199
68928,no,1,,1,10199
68929,no,1,,1,10199
68932,no,1,,1,10199
68939,no,1,,1,10199
68940,no,1,,1,10199
68944,no,1,,1,10199
68948,no,1,,1,10199
68949,no,1,,1,10199
68951,no,1,,1,10199
68956,no,1,,1,10199
68958,no,1,,1,10199
68959,no,1,,1,10199
68960,no,1,,1,10199
68962,no,1,,1,10199
68964,no,1,,1,10199
68965,no,1,,1,10199
68966,no,1,,1,10199
68967,no,1,,1,10199
68968,yes,1,,1,10199
68969,no,1,,1,10199
68970,no,1,,1,10199
68973,yes,1,,1,10199
68986,yes,1,,1,10199
68987,no,1,,1,10199
68988,no,1,,1,10199
68997,yes,1,,1,10199
68999,no,1,,1,10199
69001,yes,1,,1,10199
69007,no,1,,1,10199
69008,no,1,,1,10199
69011,no,1,,1,10199
69012,no,1,,1,10199
69013,no,1,,1,10199
69016,no,1,,1,10199
69017,no,1,,1,10199
69018,no,1,,1,10199
69019,no,1,,1,10199
69020,no,1,,1,10199
69021,no,1,,1,10199
69026,no,1,,1,10199
69033,no,1,,1,10199
69036,no,1,,1,10199
69037,no,1,,1,10199
69039,no,1,,1,10199
69040,no,1,,1,10199
69042,no,1,,1,10199
69045,no,1,,1,10199
69046,no,1,,1,10199
69054,no,1,,1,10199
69056,no,1,,1,10199
69057,no,1,,1,10199
69060,no,1,,1,10199
69061,no,1,,1,10199
69063,no,1,,1,10199
69065,no,1,,1,10199
69067,no,1,,1,10199
69098,yes,1,,1,10199
69359,no,1,,1,10199
69409,no,1,,1,10199
69459,no,1,,1,10199
69460,no,1,,1,10199
69463,no,1,,1,10199
69464,no,1,,1,10199
69470,no,1,,1,10199
69472,no,1,,1,10199
69476,no,1,,1,10199
69478,no,1,,1,10199
69486,no,1,,1,10199
69487,no,1,,1,10199
69488,no,1,,1,10199
69507,no,1,,1,10199
69521,no,1,,1,10199
69559,no,1,,1,10199
69560,no,1,,1,10199
69561,no,1,,1,10199
69565,no,1,,1,10199
69570,no,1,,1,10199
69585,no,1,,1,10199
69593,no,1,,1,10199
69594,no,1,,1,10199
69603,no,1,,1,10199
69614,yes,1,,1,10199
69630,yes,1,,1,10199
69632,yes,1,,1,10199
69639,no,1,,1,10199
69642,yes,1,,1,10199
69651,no,1,,1,10199
69653,no,1,,1,10199
69657,no,1,,1,10199
69659,no,1,,1,10199
69662,no,1,,1,10199
69666,no,1,,1,10199
69685,no,1,,1,10199
69686,no,1,,1,10199
69705,no,1,,1,10199
69706,no,1,,1,10199
69717,no,1,,1,10199
69718,no,1,,1,10199
69720,no,1,,1,10199
69730,no,1,,1,10199
69733,no,1,,1,10199
69738,no,1,,1,10199
69740,no,1,,1,10199
69742,no,1,,1,10199
69744,no,1,,1,10199
69747,no,1,,1,10199
69779,no,1,,1,10199
69787,no,1,,1,10199
69789,no,1,,1,10199
69794,no,1,,1,10199
69796,no,1,,1,10199
69797,no,1,,1,10199
69815,no,1,,1,10199
69816,no,1,,1,10199
69817,no,1,,1,10199
69818,no,1,,1,10199
69836,no,1,,1,10199
69838,no,1,,1,10199
69839,no,1,,1,10199
69844,no,1,,1,10199
69852,no,1,,1,10199
69863,no,1,,1,10199
69868,no,1,,1,10199
69870,no,1,,1,10199
69874,no,1,,1,10199
69877,no,1,,1,10199
69915,no,1,,1,10199
69925,no,1,,1,10199
69928,no,1,,1,10199
69934,no,1,,1,10199
69949,no,1,,1,10199
69955,no,1,,1,10199
69964,no,1,,1,10199
69965,no,1,,1,10199
69971,no,1,,1,10199
69972,no,1,,1,10199
69991,no,1,,1,10199
70006,no,1,,1,10199
70019,yes,1,,1,10199
70020,yes,1,,1,10199
70021,yes,1,,1,10199
70023,yes,1,,1,10199
70039,yes,1,,1,10199
70040,yes,1,,1,10199
70045,no,1,,1,10199
70051,yes,1,,1,10199
70054,yes,1,,1,10199
70059,no,1,,1,10199
70089,no,1,,1,10199
70095,no,1,,1,10199
70101,no,1,,1,10199
70127,no,1,,1,10199
70128,no,1,,1,10199
70138,no,1,,1,10199
70140,no,1,,1,10199
70144,no,1,,1,10199
70149,no,1,,1,10199
70152,no,1,,1,10199
70253,no,1,,1,10199
70261,no,1,,1,10199
70337,no,1,,1,10199
70338,no,1,,1,10199
70346,no,1,,1,10199
70356,no,1,,1,10199
70360,no,1,,1,10199
70362,no,1,,1,10199
70381,no,1,,1,10199
70382,no,1,,1,10199
70391,no,1,,1,10199
70406,no,1,,1,10199
70408,no,1,,1,10199
70415,no,1,,1,10199
70435,no,1,,1,10199
71175,no,1,,1,10199
71182,no,1,,1,10199
71184,no,1,,1,10199
71185,no,1,,1,10199
71187,no,1,,1,10199
71193,yes,1,,1,10199
71196,no,1,,1,10199
71199,no,1,,1,10199
71201,no,1,,1,10199
71205,no,1,,1,10199
71206,no,1,,1,10199
71241,no,1,,1,10199
71243,no,1,,1,10199
71248,no,1,,1,10199
71251,no,1,,1,10199
71253,no,1,,1,10199
71263,no,1,,1,10199
71266,no,1,,1,10199
71268,no,1,,1,10199
71275,no,1,,1,10199
71284,no,1,,1,10199
71285,no,1,,1,10199
71422,no,1,,1,10199
71424,no,1,,1,10199
71428,no,1,,1,10199
71439,no,1,,1,10199
71440,no,1,,1,10199
71457,no,1,,1,10199
71504,no,1,,1,10199
71509,no,1,,1,10199
71510,no,1,,1,10199
71516,no,1,,1,10199
71528,no,1,,1,10199
71560,no,1,,1,10199
71584,no,1,,1,10199
71625,yes,1,,1,10199
71626,no,1,,1,10199
71654,yes,1,,1,10199
71666,yes,1,,1,10199
71668,yes,1,,1,10199
71705,no,1,,1,10199
71726,no,1,,1,10199
71738,no,1,,1,10199
71750,no,1,,1,10199
71753,no,1,,1,10199
71768,no,1,,1,10199
71807,no,1,,1,10199
71809,no,1,,1,10199
71819,no,1,,1,10199
71821,no,1,,1,10199
71824,no,1,,1,10199
71830,no,1,,1,10199
71833,no,1,,1,10199
71834,no,1,,1,10199
71835,no,1,,1,10199
72001,no,1,,1,10199
72076,no,1,,1,10199
72086,no,1,,1,10199
72098,no,1,,1,10199
72143,no,1,,1,10199
72144,no,1,,1,10199
72147,no,1,,1,10199
72158,yes,1,,1,10199
72244,no,1,,1,10199
72255,no,1,,1,10199
72270,no,1,,1,10199
72281,no,1,,1,10199
72304,yes,1,,1,10199
72310,no,1,,1,10199
72320,no,1,,1,10199
72321,no,1,,1,10199
72339,yes,1,,1,10199
72352,no,1,,1,10199
72353,no,1,,1,10199
72354,no,1,,1,10199
72356,no,1,,1,10199
72360,no,1,,1,10199
72364,no,1,,1,10199
72366,no,1,,1,10199
72418,no,1,,1,10199
72425,no,1,,1,10199
72428,no,1,,1,10199
72429,no,1,,1,10199
72430,no,1,,1,10199
72485,no,1,,1,10199
72486,no,1,,1,10199
72487,no,1,,1,10199
72489,no,1,,1,10199
72490,no,1,,1,10199
72491,no,1,,1,10199
72538,no,1,,1,10199
72540,no,1,,1,10199
72542,no,1,,1,10199
72545,no,1,,1,10199
72586,no,1,,1,10199
72602,no,1,,1,10199
72603,no,1,,1,10199
72605,no,1,,1,10199
72607,no,1,,1,10199
72609,no,1,,1,10199
72611,no,1,,1,10199
72645,no,1,,1,10199
72654,no,1,,1,10199
72678,no,1,,1,10199
72687,no,1,,1,10199
72698,no,1,,1,10199
72719,no,1,,1,10199
72804,no,1,,1,10199
72805,no,1,,1,10199
72806,no,1,,1,10199
72813,no,1,,1,10199
72830,no,1,,1,10199
72889,no,1,,1,10199
72904,no,1,,1,10199
72905,no,1,,1,10199
72942,no,1,,1,10199
72943,no,1,,1,10199
72948,no,1,,1,10199
72953,no,1,,1,10199
72955,no,1,,1,10199
72956,no,1,,1,10199
72957,no,1,,1,10199
72959,no,1,,1,10199
72964,no,1,,1,10199
72977,no,1,,1,10199
72987,no,1,,1,10199
73006,no,1,,1,10199
73010,yes,1,,1,10199
73011,no,1,,1,10199
73017,yes,1,,1,10199
73047,no,1,,1,10199
73049,no,1,,1,10199
73060,no,1,,1,10199
73067,no,1,,1,10199
73079,no,1,,1,10199
73084,no,1,,1,10199
73085,no,1,,1,10199
73090,no,1,,1,10199
73093,no,1,,1,10199
73094,no,1,,1,10199
73102,no,1,,1,10199
73108,no,1,,1,10199
73111,no,1,,1,10199
73123,no,1,,1,10199
73142,no,1,,1,10199
73144,no,1,,1,10199
73150,no,1,,1,10199
73220,no,1,,1,10199
73228,no,1,,1,10199
73250,no,1,,1,10199
73251,no,1,,1,10199
73255,no,1,,1,10199
73260,no,1,,1,10199
73267,no,1,,1,10199
73269,no,1,,1,10199
73286,no,1,,1,10199
73288,no,1,,1,10199
73299,no,1,,1,10199
73319,no,1,,1,10199
73320,no,1,,1,10199
73339,no,1,,1,10199
73420,no,1,,1,10199
73421,no,1,,1,10199
73424,yes,1,,1,10199
73437,no,1,,1,10199
73470,no,1,,1,10199
73475,no,1,,1,10199
73499,no,1,,1,10199
73523,no,1,,1,10199
73533,no,1,,1,10199
73550,no,1,,1,10199
73554,no,1,,1,10199
73556,yes,1,,1,10199
73557,no,1,,1,10199
73559,yes,1,,1,10199
73565,no,1,,1,10199
73566,no,1,,1,10199
73745,yes,1,,1,10199
73746,yes,1,,1,10199
73747,yes,1,,1,10199
73786,no,1,,1,10199
73787,no,1,,1,10199
73789,no,1,,1,10199
73793,yes,1,,1,10199
73800,no,1,,1,10199
73801,no,1,,1,10199
73812,no,1,,1,10199
73820,no,1,,1,10199
73845,no,1,,1,10199
73876,no,1,,1,10199
73883,no,1,,1,10199
73884,no,1,,1,10199
73891,no,1,,1,10199
73894,no,1,,1,10199
73900,no,1,,1,10199
73940,no,1,,1,10199
73946,no,1,,1,10199
73954,no,1,,1,10199
73983,no,1,,1,10199
73984,no,1,,1,10199
73985,no,1,,1,10199
73986,no,1,,1,10199
73988,no,1,,1,10199
73989,no,1,,1,10199
73991,no,1,,1,10199
73992,no,1,,1,10199
74014,no,1,,1,10199
74044,no,1,,1,10199
74045,no,1,,1,10199
74057,no,1,,1,10199
74062,no,1,,1,10199
74065,no,1,,1,10199
74068,no,1,,1,10199
74111,no,1,,1,10199
74113,no,1,,1,10199
74137,no,1,,1,10199
74149,no,1,,1,10199
74150,no,1,,1,10199
74151,no,1,,1,10199
74176,no,1,,1,10199
74250,no,1,,1,10199
74251,yes,1,,1,10199
74270,no,1,,1,10199
74308,no,1,,1,10199
74332,yes,1,,1,10199
74333,no,1,,1,10199
74338,yes,1,,1,10199
74343,yes,1,,1,10199
74345,yes,1,,1,10199
74346,no,1,,1,10199
74347,yes,1,,1,10199
74350,yes,1,,1,10199
74351,yes,1,,1,10199
74355,yes,1,,1,10199
74359,yes,1,,1,10199
74365,yes,1,,1,10199
74366,yes,1,,1,10199
74372,yes,1,,1,10199
74381,yes,1,,1,10199
74391,no,1,,1,10199
74393,no,1,,1,10199
74396,no,1,,1,10199
74397,no,1,,1,10199
74436,no,1,,1,10199
74479,no,1,,1,10199
74483,no,1,,1,10199
74484,no,1,,1,10199
74497,no,1,,1,10199
74552,no,1,,1,10199
74567,no,1,,1,10199
74583,no,1,,1,10199
74596,no,1,,1,10199
74621,no,1,,1,10199
74624,no,1,,1,10199
74673,no,1,,1,10199
74699,yes,1,,1,10199
74703,no,1,,1,10199
74744,no,1,,1,10199
74749,no,1,,1,10199
74796,no,1,,1,10199
74821,no,1,,1,10199
74892,no,1,,1,10199
74903,no,1,,1,10199
74923,no,1,,1,10199
74925,no,1,,1,10199
74954,no,1,,1,10199
74997,no,1,,1,10199
74998,no,1,,1,10199
75000,no,1,,1,10199
75027,no,1,,1,10199
75033,no,1,,1,10199
75035,no,1,,1,10199
75074,no,1,,1,10199
75077,no,1,,1,10199
75096,no,1,,1,10199
75108,no,1,,1,10199
75113,no,1,,1,10199
75117,no,1,,1,10199
75124,no,1,,1,10199
75134,no,1,,1,10199
75140,no,1,,1,10199
75143,no,1,,1,10199
75181,yes,1,,1,10199
75219,no,1,,1,10199
75230,no,1,,1,10199
75238,no,1,,1,10199
75267,no,1,,1,10199
75268,no,1,,1,10199
75301,yes,1,,1,10199
75303,yes,1,,1,10199
75424,no,1,,1,10199
75428,yes,1,,1,10199
75438,no,1,,1,10199
75440,no,1,,1,10199
75455,no,1,,1,10199
75480,no,1,,1,10199
75490,no,1,,1,10199
75538,no,1,,1,10199
75618,no,1,,1,10199
75626,no,1,,1,10199
75628,no,1,,1,10199
75633,no,1,,1,10199
75704,no,1,,1,10199
75705,no,1,,1,10199
75709,no,1,,1,10199
75723,no,1,,1,10199
75744,no,1,,1,10199
75804,yes,1,,1,10199
75825,yes,1,,1,10199
75839,yes,1,,1,10199
75840,yes,1,,1,10199
75857,no,1,,1,10199
75909,no,1,,1,10199
75971,no,1,,1,10199
75974,no,1,,1,10199
75986,no,1,,1,10199
75987,no,1,,1,10199
75995,no,1,,1,10199
75996,no,1,,1,10199
76017,no,1,,1,10199
76021,no,1,,1,10199
76031,no,1,,1,10199
76033,no,1,,1,10199
76034,no,1,,1,10199
76035,no,1,,1,10199
76060,no,1,,1,10199
76061,no,1,,1,10199
76062,no,1,,1,10199
76066,no,1,,1,10199
76067,no,1,,1,10199
76068,no,1,,1,10199
76069,no,1,,1,10199
76072,no,1,,1,10199
76076,no,1,,1,10199
76092,no,1,,1,10199
76169,no,1,,1,10199
76171,no,1,,1,10199
76203,no,1,,1,10199
76218,no,1,,1,10199
76220,no,1,,1,10199
76255,no,1,,1,10199
76284,no,1,,1,10199
76288,no,1,,1,10199
76290,no,1,,1,10199
76338,no,1,,1,10199
76339,no,1,,1,10199
76351,no,1,,1,10199
76356,no,1,,1,10199
76357,no,1,,1,10199
76359,no,1,,1,10199
76407,no,1,,1,10199
76428,no,1,,1,10199
76538,no,1,,1,10199
76542,no,1,,1,10199
76590,no,1,,1,10199
76595,no,1,,1,10199
76602,no,1,,1,10199
76605,no,1,,1,10199
76684,no,1,,1,10199
76690,no,1,,1,10199
76710,no,1,,1,10199
76748,no,1,,1,10199
76777,no,1,,1,10199
76778,no,1,,1,10199
76779,no,1,,1,10199
76782,no,1,,1,10199
76787,no,1,,1,10199
76788,yes,1,,1,10199
76789,yes,1,,1,10199
76790,yes,1,,1,10199
76795,no,1,,1,10199
76803,no,1,,1,10199
76811,yes,1,,1,10199
76812,yes,1,,1,10199
76815,no,1,,1,10199
76816,no,1,,1,10199
76817,no,1,,1,10199
76829,no,1,,1,10199
76844,no,1,,1,10199
76845,no,1,,1,10199
76850,yes,1,,1,10199
76851,yes,1,,1,10199
76855,no,1,,1,10199
76868,no,1,,1,10199
76889,no,1,,1,10199
76890,no,1,,1,10199
76971,no,1,,1,10199
76989,no,1,,1,10199
77053,no,1,,1,10199
77057,no,1,,1,10199
77064,no,1,,1,10199
77066,no,1,,1,10199
77067,no,1,,1,10199
77069,no,1,,1,10199
77073,no,1,,1,10199
77114,no,1,,1,10199
77115,no,1,,1,10199
77116,no,1,,1,10199
77122,no,1,,1,10199
77130,no,1,,1,10199
77149,no,1,,1,10199
77152,yes,1,,1,10199
77162,no,1,,1,10199
77174,no,1,,1,10199
77176,no,1,,1,10199
77178,no,1,,1,10199
77179,no,1,,1,10199
77185,no,1,,1,10199
77186,no,1,,1,10199
77187,no,1,,1,10199
77199,no,1,,1,10199
77203,no,1,,1,10199
77204,no,1,,1,10199
77206,no,1,,1,10199
77266,no,1,,1,10199
77267,no,1,,1,10199
77283,no,1,,1,10199
77285,no,1,,1,10199
77950,no,1,,1,10199
77969,no,1,,1,10199
77981,no,1,,1,10199
78013,no,1,,1,10199
78014,no,1,,1,10199
78028,no,1,,1,10199
78029,no,1,,1,10199
78067,no,1,,1,10199
78165,no,1,,1,10199
78180,no,1,,1,10199
78183,no,1,,1,10199
78192,no,1,,1,10199
78195,no,1,,1,10199
78202,no,1,,1,10199
78216,no,1,,1,10199
78217,no,1,,1,10199
78257,no,1,,1,10199
78258,no,1,,1,10199
78260,no,1,,1,10199
78261,no,1,,1,10199
78262,no,1,,1,10199
78281,yes,1,,1,10199
78285,yes,1,,1,10199
78288,no,1,,1,10199
78290,yes,1,,1,10199
78300,no,1,,1,10199
78303,no,1,,1,10199
78312,yes,1,,1,10199
78317,yes,1,,1,10199
78327,yes,1,,1,10199
78345,no,1,,1,10199
78349,no,1,,1,10199
78352,yes,1,,1,10199
78368,yes,1,,1,10199
78370,yes,1,,1,10199
78379,no,1,,1,10199
78380,no,1,,1,10199
78381,no,1,,1,10199
78387,no,1,,1,10199
78389,no,1,,1,10199
78391,no,1,,1,10199
78394,no,1,,1,10199
78397,no,1,,1,10199
78398,no,1,,1,10199
78399,no,1,,1,10199
78400,no,1,,1,10199
78401,no,1,,1,10199
78403,no,1,,1,10199
78406,no,1,,1,10199
78411,no,1,,1,10199
78412,no,1,,1,10199
78413,no,1,,1,10199
78416,no,1,,1,10199
78417,no,1,,1,10199
78430,no,1,,1,10199
78436,no,1,,1,10199
78437,no,1,,1,10199
78440,no,1,,1,10199
78441,no,1,,1,10199
78442,no,1,,1,10199
78460,no,1,,1,10199
78461,no,1,,1,10199
78463,no,1,,1,10199
78465,no,1,,1,10199
78466,no,1,,1,10199
78467,no,1,,1,10199
78468,no,1,,1,10199
78469,no,1,,1,10199
78473,no,1,,1,10199
78476,no,1,,1,10199
78490,no,1,,1,10199
78498,no,1,,1,10199
78502,no,1,,1,10199
78503,no,1,,1,10199
78507,no,1,,1,10199
78510,no,1,,1,10199
78517,no,1,,1,10199
78536,no,1,,1,10199
78543,no,1,,1,10199
78548,no,1,,1,10199
78551,no,1,,1,10199
78553,no,1,,1,10199
78563,no,1,,1,10199
78573,no,1,,1,10199
78587,no,1,,1,10199
78588,no,1,,1,10199
78596,no,1,,1,10199
78597,no,1,,1,10199
78613,no,1,,1,10199
78617,no,1,,1,10199
78639,no,1,,1,10199
78640,no,1,,1,10199
78641,no,1,,1,10199
78642,no,1,,1,10199
78665,no,1,,1,10199
78666,no,1,,1,10199
78675,no,1,,1,10199
78678,no,1,,1,10199
78699,no,1,,1,10199
78722,no,1,,1,10199
78735,no,1,,1,10199
78737,no,1,,1,10199
78738,no,1,,1,10199
78765,no,1,,1,10199
78768,no,1,,1,10199
78770,no,1,,1,10199
78773,yes,1,,1,10199
78783,no,1,,1,10199
78785,no,1,,1,10199
78796,no,1,,1,10199
78797,no,1,,1,10199
78800,no,1,,1,10199
78803,no,1,,1,10199
78806,no,1,,1,10199
78816,no,1,,1,10199
78819,no,1,,1,10199
78822,no,1,,1,10199
78823,no,1,,1,10199
78827,no,1,,1,10199
78829,no,1,,1,10199
78830,no,1,,1,10199
78832,yes,1,,1,10199
78851,no,1,,1,10199
78853,no,1,,1,10199
78860,no,1,,1,10199
78862,no,1,,1,10199
78866,no,1,,1,10199
78868,no,1,,1,10199
78871,no,1,,1,10199
78885,yes,1,,1,10199
78886,no,1,,1,10199
78890,no,1,,1,10199
78897,no,1,,1,10199
78900,no,1,,1,10199
78901,no,1,,1,10199
78908,no,1,,1,10199
78910,no,1,,1,10199
78915,no,1,,1,10199
78916,no,1,,1,10199
78917,no,1,,1,10199
78918,no,1,,1,10199
78923,no,1,,1,10199
78924,no,1,,1,10199
79769,no,1,,1,10199
79973,no,1,,1,10199
80092,no,1,,1,10199
80135,no,1,,1,10199
80140,no,1,,1,10199
80142,no,1,,1,10199
80158,no,1,,1,10199
80160,no,1,,1,10199
80162,no,1,,1,10199
80163,no,1,,1,10199
80166,no,1,,1,10199
80168,no,1,,1,10199
80215,no,1,,1,10199
80221,no,1,,1,10199
80234,no,1,,1,10199
80235,no,1,,1,10199
80243,no,1,,1,10199
80245,no,1,,1,10199
80295,no,1,,1,10199
80312,no,1,,1,10199
80335,yes,1,,1,10199
80357,no,1,,1,10199
80370,no,1,,1,10199
80375,yes,1,,1,10199
80380,no,1,,1,10199
80385,yes,1,,1,10199
80386,yes,1,,1,10199
80412,no,1,,1,10199
80415,yes,1,,1,10199
80420,no,1,,1,10199
80427,yes,1,,1,10199
80436,no,1,,1,10199
80465,no,1,,1,10199
80513,no,1,,1,10199
80554,no,1,,1,10199
80568,no,1,,1,10199
80577,no,1,,1,10199
80583,no,1,,1,10199
80605,no,1,,1,10199
80714,no,1,,1,10199
80753,no,1,,1,10199
80757,no,1,,1,10199
80759,no,1,,1,10199
80760,no,1,,1,10199
80778,no,1,,1,10199
80779,no,1,,1,10199
80780,no,1,,1,10199
80801,no,1,,1,10199
80826,no,1,,1,10199
80836,no,1,,1,10199
80865,no,1,,1,10199
80867,no,1,,1,10199
80876,no,1,,1,10199
80883,no,1,,1,10199
80957,no,1,,1,10199
80962,no,1,,1,10199
81075,no,1,,1,10199
81088,no,1,,1,10199
81103,no,1,,1,10199
81124,no,1,,1,10199
81161,no,1,,1,10199
81164,yes,1,,1,10199
81172,yes,1,,1,10199
81173,yes,1,,1,10199
81228,no,1,,1,10199
81236,no,1,,1,10199
81276,no,1,,1,10199
81297,no,1,,1,10199
81341,no,1,,1,10199
81365,no,1,,1,10199
81366,no,1,,1,10199
82534,no,1,,1,10199
82536,no,1,,1,10199
82564,no,1,,1,10199
82568,no,1,,1,10199
82588,no,1,,1,10199
82601,no,1,,1,10199
82604,no,1,,1,10199
82610,no,1,,1,10199
82611,no,1,,1,10199
82612,no,1,,1,10199
82618,yes,1,,1,10199
82623,yes,1,,1,10199
82625,yes,1,,1,10199
82632,no,1,,1,10199
82648,no,1,,1,10199
82679,no,1,,1,10199
82680,no,1,,1,10199
82711,no,1,,1,10199
82718,no,1,,1,10199
82728,no,1,,1,10199
82731,no,1,,1,10199
82785,no,1,,1,10199
82787,no,1,,1,10199
82789,no,1,,1,10199
82790,no,1,,1,10199
82814,no,1,,1,10199
82844,no,1,,1,10199
82856,no,1,,1,10199
82861,no,1,,1,10199
82875,no,1,,1,10199
82878,no,1,,1,10199
82919,no,1,,1,10199
82925,no,1,,1,10199
82935,yes,1,,1,10199
82937,no,1,,1,10199
82939,yes,1,,1,10199
82945,no,1,,1,10199
82949,yes,1,,1,10199
82958,yes,1,,1,10199
82971,no,1,,1,10199
82980,no,1,,1,10199
83019,no,1,,1,10199
83021,no,1,,1,10199
83028,no,1,,1,10199
83029,no,1,,1,10199
83046,no,1,,1,10199
83081,no,1,,1,10199
83084,no,1,,1,10199
83102,no,1,,1,10199
83103,no,1,,1,10199
83104,no,1,,1,10199
83117,no,1,,1,10199
83118,no,1,,1,10199
83131,no,1,,1,10199
83132,no,1,,1,10199
83298,no,1,,1,10199
83312,no,1,,1,10199
83325,no,1,,1,10199
83334,no,1,,1,10199
83342,no,1,,1,10199
83352,no,1,,1,10199
83354,no,1,,1,10199
83376,no,1,,1,10199
83378,no,1,,1,10199
83379,no,1,,1,10199
83404,no,1,,1,10199
83407,no,1,,1,10199
83773,no,1,,1,10199
83780,no,1,,1,10199
83781,no,1,,1,10199
83783,no,1,,1,10199
83812,no,1,,1,10199
83814,no,1,,1,10199
83819,no,1,,1,10199
83820,no,1,,1,10199
83825,no,1,,1,10199
83826,no,1,,1,10199
83827,no,1,,1,10199
83838,no,1,,1,10199
83861,no,1,,1,10199
83862,no,1,,1,10199
83867,no,1,,1,10199
83889,no,1,,1,10199
83890,no,1,,1,10199
83904,no,1,,1,10199
83919,yes,1,,1,10199
83929,no,1,,1,10199
83930,no,1,,1,10199
83935,no,1,,1,10199
83941,no,1,,1,10199
83943,no,1,,1,10199
83946,no,1,,1,10199
83948,no,1,,1,10199
83951,no,1,,1,10199
83952,no,1,,1,10199
83957,no,1,,1,10199
84049,no,1,,1,10199
84051,no,1,,1,10199
84058,no,1,,1,10199
84062,no,1,,1,10199
84063,no,1,,1,10199
84110,no,1,,1,10199
84111,no,1,,1,10199
84164,no,1,,1,10199
84183,no,1,,1,10199
84212,no,1,,1,10199
84253,no,1,,1,10199
84264,yes,1,,1,10199
84282,no,1,,1,10199
84318,no,1,,1,10199
84347,no,1,,1,10199
84372,no,1,,1,10199
84373,no,1,,1,10199
84397,no,1,,1,10199
84412,no,1,,1,10199
84421,no,1,,1,10199
84545,no,1,,1,10199
84555,no,1,,1,10199
84612,no,1,,1,10199
84613,no,1,,1,10199
84674,yes,1,,1,10199
84725,no,1,,1,10199
84727,no,1,,1,10199
84731,no,1,,1,10199
84789,no,1,,1,10199
84792,no,1,,1,10199
84806,no,1,,1,10199
84815,no,1,,1,10199
84816,no,1,,1,10199
84822,no,1,,1,10199
84832,no,1,,1,10199
84834,no,1,,1,10199
84835,no,1,,1,10199
84856,no,1,,1,10199
84861,no,1,,1,10199
84867,no,1,,1,10199
84868,no,1,,1,10199
84869,no,1,,1,10199
84870,no,1,,1,10199
84887,no,1,,1,10199
84889,no,1,,1,10199
84893,no,1,,1,10199
84894,no,1,,1,10199
84906,no,1,,1,10199
84919,no,1,,1,10199
84928,no,1,,1,10199
84972,no,1,,1,10199
85019,no,1,,1,10199
85021,no,1,,1,10199
85063,no,1,,1,10199
85112,no,1,,1,10199
85116,no,1,,1,10199
85125,no,1,,1,10199
85142,no,1,,1,10199
85143,no,1,,1,10199
85145,no,1,,1,10199
85152,no,1,,1,10199
85153,no,1,,1,10199
85156,no,1,,1,10199
85167,no,1,,1,10199
85168,no,1,,1,10199
85187,no,1,,1,10199
85189,no,1,,1,10199
85190,no,1,,1,10199
85191,no,1,,1,10199
85192,no,1,,1,10199
85193,no,1,,1,10199
85194,no,1,,1,10199
85195,no,1,,1,10199
85197,no,1,,1,10199
85205,no,1,,1,10199
85214,no,1,,1,10199
85221,no,1,,1,10199
85224,no,1,,1,10199
85226,no,1,,1,10199
85228,no,1,,1,10199
85230,no,1,,1,10199
85239,no,1,,1,10199
85248,no,1,,1,10199
85250,no,1,,1,10199
85251,no,1,,1,10199
85252,no,1,,1,10199
85253,no,1,,1,10199
85254,no,1,,1,10199
85256,no,1,,1,10199
85257,no,1,,1,10199
85258,no,1,,1,10199
85259,no,1,,1,10199
85261,no,1,,1,10199
85262,no,1,,1,10199
85272,no,1,,1,10199
85277,no,1,,1,10199
85285,no,1,,1,10199
85346,no,1,,1,10199
85375,no,1,,1,10199
85383,no,1,,1,10199
85384,no,1,,1,10199
85386,no,1,,1,10199
85390,no,1,,1,10199
85394,no,1,,1,10199
85397,no,1,,1,10199
85398,no,1,,1,10199
85400,no,1,,1,10199
85404,no,1,,1,10199
85406,no,1,,1,10199
85407,no,1,,1,10199
85411,no,1,,1,10199
85413,no,1,,1,10199
85423,no,1,,1,10199
85433,no,1,,1,10199
85440,no,1,,1,10199
85448,no,1,,1,10199
85456,no,1,,1,10199
85463,no,1,,1,10199
85464,no,1,,1,10199
85465,no,1,,1,10199
85467,no,1,,1,10199
85468,no,1,,1,10199
85471,no,1,,1,10199
85473,no,1,,1,10199
85481,no,1,,1,10199
85506,no,1,,1,10199
85510,no,1,,1,10199
85514,no,1,,1,10199
85515,no,1,,1,10199
85516,no,1,,1,10199
85517,no,1,,1,10199
85519,no,1,,1,10199
85520,no,1,,1,10199
85521,no,1,,1,10199
85523,no,1,,1,10199
85565,no,1,,1,10199
85569,no,1,,1,10199
85570,no,1,,1,10199
85571,no,1,,1,10199
85572,no,1,,1,10199
85588,no,1,,1,10199
85589,no,1,,1,10199
85591,no,1,,1,10199
85592,no,1,,1,10199
85595,no,1,,1,10199
85596,no,1,,1,10199
85597,no,1,,1,10199
85599,no,1,,1,10199
85604,no,1,,1,10199
85605,no,1,,1,10199
85610,no,1,,1,10199
85615,no,1,,1,10199
85617,no,1,,1,10199
85620,no,1,,1,10199
85623,no,1,,1,10199
85624,no,1,,1,10199
85627,no,1,,1,10199
85648,yes,1,,1,10199
85650,yes,1,,1,10199
85651,no,1,,1,10199
85653,no,1,,1,10199
85654,no,1,,1,10199
85655,no,1,,1,10199
85658,no,1,,1,10199
85661,no,1,,1,10199
85662,yes,1,,1,10199
85664,yes,1,,1,10199
85689,yes,1,,1,10199
85691,yes,1,,1,10199
85693,no,1,,1,10199
85704,yes,1,,1,10199
85737,no,1,,1,10199
85739,yes,1,,1,10199
85741,no,1,,1,10199
85759,no,1,,1,10199
85763,yes,1,,1,10199
85778,no,1,,1,10199
85785,no,1,,1,10199
85793,no,1,,1,10199
85794,no,1,,1,10199
85806,no,1,,1,10199
85813,no,1,,1,10199
85821,no,1,,1,10199
85823,no,1,,1,10199
85827,no,1,,1,10199
85841,no,1,,1,10199
85848,no,1,,1,10199
85878,no,1,,1,10199
85886,no,1,,1,10199
85887,no,1,,1,10199
85888,no,1,,1,10199
85893,no,1,,1,10199
85926,no,1,,1,10199
85929,no,1,,1,10199
85943,no,1,,1,10199
85945,no,1,,1,10199
85946,no,1,,1,10199
85990,no,1,,1,10199
85997,no,1,,1,10199
86000,no,1,,1,10199
86020,no,1,,1,10199
86022,no,1,,1,10199
86026,no,1,,1,10199
86033,no,1,,1,10199
86034,no,1,,1,10199
86035,no,1,,1,10199
86042,no,1,,1,10199
86086,no,1,,1,10199
86110,no,1,,1,10199
86142,no,1,,1,10199
86159,no,1,,1,10199
86163,no,1,,1,10199
86187,no,1,,1,10199
86188,no,1,,1,10199
86195,no,1,,1,10199
86196,no,1,,1,10199
86198,no,1,,1,10199
86199,no,1,,1,10199
86203,no,1,,1,10199
86227,no,1,,1,10199
86228,no,1,,1,10199
86234,no,1,,1,10199
86236,no,1,,1,10199
86241,no,1,,1,10199
86251,no,1,,1,10199
86252,no,1,,1,10199
86253,no,1,,1,10199
86303,no,1,,1,10199
86307,no,1,,1,10199
86308,no,1,,1,10199
86309,no,1,,1,10199
86310,no,1,,1,10199
86320,no,1,,1,10199
86321,no,1,,1,10199
86329,no,1,,1,10199
86419,no,1,,1,10199
86422,no,1,,1,10199
86447,no,1,,1,10199
86468,no,1,,1,10199
86511,no,1,,1,10199
86533,no,1,,1,10199
86535,no,1,,1,10199
86544,no,1,,1,10199
86562,no,1,,1,10199
86570,no,1,,1,10199
86621,no,1,,1,10199
86649,no,1,,1,10199
86706,no,1,,1,10199
86733,no,1,,1,10199
86745,no,1,,1,10199
86822,no,1,,1,10199
86880,no,1,,1,10199
86886,no,1,,1,10199
86980,no,1,,1,10199
87044,no,1,,1,10199
87132,no,1,,1,10328
87666,no,1,,1,10199
87724,no,1,,1,10199
87725,no,1,,1,10199
87727,no,1,,1,10199
87835,no,1,,1,10199
87877,no,1,,1,10199
87901,no,1,,1,10199
87999,no,1,,1,10199
88156,no,1,,1,10199
88262,no,1,,1,10199
88514,yes,1,,1,10199
88576,no,1,,1,10199
88577,no,1,,1,10199
88741,no,1,,1,10199
89134,no,1,,1,10199
89204,no,1,,1,10199
89263,no,1,,1,10199
89281,no,1,,1,10199
89301,no,1,,1,10199
89752,no,1,,1,10199
89816,no,1,,1,10199
89818,no,1,,1,10199
89955,no,1,,1,10199
90195,no,1,,1,10199
90275,no,1,,1,10199
90348,no,1,,1,10199
90568,no,1,,1,10199
90569,no,1,,1,10199
90573,no,1,,1,10199
90631,no,1,,1,10199
90727,no,1,,1,10199
90739,no,1,,1,10199
91105,no,1,,1,10199
91149,no,1,,1,10199
91181,no,1,,1,10199
91184,no,1,,1,10199
91218,no,1,,1,10199
91226,no,1,,1,10199
91240,no,1,,1,10199
91291,no,1,,1,10199
91423,no,1,,1,10199
91431,no,1,,1,10199
91435,no,1,,1,10199
91462,no,1,,1,10199
91463,no,1,,1,10199
91465,no,1,,1,10199
91468,no,1,,1,10199
91596,no,1,,1,10199
91636,no,1,,1,10199
91646,no,1,,1,10199
91663,yes,1,,1,10199
91668,no,1,,1,10199
91670,no,1,,1,10199
91678,no,1,,1,10199
91694,no,1,,1,10199
91730,no,1,,1,10199
91760,no,1,,1,10199
91761,no,1,,1,10199
91772,no,1,,1,10199
91776,no,1,,1,10199
91777,no,1,,1,10199
91797,no,1,,1,10199
91803,yes,1,,1,10199
91836,no,1,,1,10199
91845,yes,1,,1,10199
91973,no,1,,1,10199
92000,no,1,,1,10199
92002,no,1,,1,10199
92003,no,1,,1,10199
92019,no,1,,1,10199
92025,no,1,,1,10199
92027,no,1,,1,10199
92044,no,1,,1,10199
92093,no,1,,1,10199
92151,no,1,,1,10199
92152,no,1,,1,10199
92171,no,1,,1,10199
92205,no,1,,1,10199
92219,no,1,,1,10199
92250,no,1,,1,10199
92254,no,1,,1,10199
92266,no,1,,1,10199
92291,no,1,,1,10199
92394,no,1,,1,10199
92404,no,1,,1,10199
92535,no,1,,1,10199
92560,no,1,,1,10199
92577,yes,1,,1,10199
92578,no,1,,1,10199
92698,no,1,,1,10199
92700,no,1,,1,10199
92726,no,1,,1,10199
92757,no,1,,1,10199
92781,no,1,,1,10199
92904,no,1,,1,10199
92909,no,1,,1,10199
93023,no,1,,1,10199
93185,no,1,,1,10199
93226,no,1,,1,10199
93239,no,1,,1,10199
93265,no,1,,1,10199
93273,no,1,,1,10199
93298,no,1,,1,10199
93319,no,1,,1,10199
93334,no,1,,1,10199
93404,no,1,,1,10199
93568,no,1,,1,10199
93727,no,1,,1,10199
93733,no,1,,1,10199
93752,no,1,,1,10199
93758,no,1,,1,10199
93782,no,1,,1,10199
93789,no,1,,1,10199
93793,no,1,,1,10199
93801,no,1,,1,10199
93802,no,1,,1,10199
93815,no,1,,1,10199
93992,no,1,,1,10199
94087,no,1,,1,10199
94256,no,1,,1,10199
94257,no,1,,1,10199
94265,no,1,,1,10199
94415,no,1,,1,10199
94531,no,1,,1,10199
95639,no,1,,1,10199
96619,no,1,,1,10199
101485,no,1,,1,10199
101501,no,1,,1,10199
102060,no,1,,1,10199
102062,no,1,,1,10199
102063,no,1,,1,10199
102065,no,1,,1,10199
102066,no,1,,1,10199
102075,no,1,,1,10199
102085,yes,1,,1,10199
102094,no,1,,1,10199
102096,no,1,,1,10199
102097,no,1,,1,10199
102107,no,1,,1,10199
102108,no,1,,1,10199
102110,no,1,,1,10199
102111,no,1,,1,10199
102693,no,1,,1,10199
102694,no,1,,1,10199
102696,no,1,,1,10199
102697,no,1,,1,10199
102698,no,1,,1,10199
102700,yes,1,,1,10199
102704,no,1,,1,10199
102707,no,1,,1,10199
102709,no,1,,1,10199
102715,no,1,,1,10199
102716,no,1,,1,10199
102718,no,1,,1,10199
102872,no,1,,1,10199
102902,no,1,,1,10199
103083,no,1,,1,10199
103103,no,1,,1,10199
103109,no,1,,1,10199
103118,no,1,,1,10199
103153,no,1,,1,10199
103154,no,1,,1,10199
103159,no,1,,1,10199
103164,no,1,,1,10199
103186,no,1,,1,10199
103216,no,1,,1,10199
103225,no,1,,1,10199
103226,no,1,,1,10199
103228,no,1,,1,10199
103235,no,1,,1,10199
103248,no,1,,1,10199
103264,no,1,,1,10199
103270,no,1,,1,10199
103282,no,1,,1,10199
103286,no,1,,1,10199
103343,no,1,,1,10199
103395,no,1,,1,10199
103403,no,1,,1,10199
103689,yes,1,,1,10199
103789,no,1,,1,10199
103881,no,1,,1,10199
103926,no,1,,1,10199
103997,no,1,,1,10199
104075,no,1,,1,10199
104244,no,1,,1,10199
104318,no,1,,1,10199
104424,no,1,,1,10199
104534,no,1,,1,10199
104681,no,1,,1,10199
105276,no,1,,1,10199
105280,yes,1,,1,10199
105311,no,1,,1,10199
105450,no,1,,1,10199
105516,no,1,,1,10199
105574,no,1,,1,10199
105576,no,1,,1,10199
105587,no,1,,1,10199
105616,no,1,,1,10199
105765,no,1,,1,10328
105830,no,1,,1,10199
105982,no,1,,1,10199
106118,yes,1,,1,10199
106128,no,1,,1,10199
106160,no,1,,1,10199
106229,no,1,,1,10199
106271,no,1,,1,10199
106339,yes,1,,1,10199
106842,no,1,,1,10199
106873,no,1,,1,10199
106885,no,1,,1,10199
106894,no,1,,1,10199
106902,no,1,,1,10199
106926,no,1,,1,10199
106942,no,1,,1,10199
106947,no,1,,1,10199
106953,no,1,,1,10199
106972,no,1,,1,10199
106990,no,1,,1,10199
107008,no,1,,1,10199
107022,no,1,,1,10199
107067,no,1,,1,10199
107109,no,1,,1,10199
107115,no,1,,1,10199
107785,no,1,,1,10199
107897,no,1,,1,10199
107898,no,1,,1,10199
107944,no,1,,1,10199
107946,no,1,,1,10199
108006,no,1,,1,10199
108115,no,1,,1,10199
108117,no,1,,1,10199
108131,no,1,,1,10199
108137,no,1,,1,10199
108151,yes,1,,1,10199
108176,no,1,,1,10199
108177,no,1,,1,10199
108178,no,1,,1,10199
108202,no,1,,1,10199
108246,no,1,,1,10199
108248,no,1,,1,10199
108295,no,1,,1,10199
108325,yes,1,,1,10199
108328,no,1,,1,10199
108330,no,1,,1,10199
108333,no,1,,1,10199
108383,no,1,,1,10199
108488,no,1,,1,10199
108493,no,1,,1,10199
108496,no,1,,1,10199
108505,no,1,,1,10199
108513,no,1,,1,10199
108548,no,1,,1,10199
108559,no,1,,1,10199
108566,no,1,,1,10199
108589,no,1,,1,10199
108670,no,1,,1,10199
108676,no,1,,1,10199
108717,no,1,,1,10199
108738,yes,1,,1,10199
108821,no,1,,1,10199
108841,yes,1,,1,10199
108846,no,1,,1,10199
108880,no,1,,1,10199
108929,no,1,,1,10199
108938,no,1,,1,10199
108952,no,1,,1,10199
109040,no,1,,1,10199
109093,no,1,,1,10199
109102,no,1,,1,10199
109104,no,1,,1,10199
109147,no,1,,1,10199
109159,no,1,,1,10199
109162,no,1,,1,10199
109200,no,1,,1,10199
109211,no,1,,1,10199
109317,no,1,,1,10199
109321,no,1,,1,10199
109325,no,1,,1,10199
109387,no,1,,1,10199
109426,yes,1,,1,10199
109427,no,1,,1,10199
109439,yes,1,,1,10199
109491,no,1,,1,10199
109492,no,1,,1,10199
109530,no,1,,1,10199
109580,no,1,,1,10199
109604,no,1,,1,10199
109617,no,1,,1,10199
109680,no,1,,1,10199
109754,no,1,,1,10199
109821,no,1,,1,10199
109822,no,1,,1,10199
109824,no,1,,1,10199
109825,no,1,,1,10199
109876,no,1,,1,10199
109937,no,1,,1,10199
109938,no,1,,1,10199
109966,no,1,,1,10199
109994,no,1,,1,10199
110001,no,1,,1,10199
110033,no,1,,1,10199
110062,no,1,,1,10199
110109,no,1,,1,10199
110250,no,1,,1,10199
110252,no,1,,1,10199
110402,no,1,,1,10199
110410,no,1,,1,10199
110499,no,1,,1,10199
110823,no,1,,1,10199
110909,no,1,,1,10199
111169,yes,1,,1,10199
111425,no,1,,1,10199
111526,no,1,,1,10199
111546,no,1,,1,10199
111828,no,1,,1,10199
112219,no,1,,1,10199
112368,yes,1,,1,10199
112416,no,1,,1,10199
112549,no,1,,1,10199
112925,no,1,,1,10199
112936,no,1,,1,10199
112938,no,1,,1,10199
112946,no,1,,1,10199
112951,no,1,,1,10199
112978,no,1,,1,10199
112986,no,1,,1,10199
113051,no,1,,1,10199
113052,no,1,,1,10199
113053,no,1,,1,10199
113076,no,1,,1,10199
113116,no,1,,1,10199
113172,no,1,,1,10199
113282,no,1,,1,10199
113292,no,1,,1,10199
113318,no,1,,1,10199
113344,no,1,,1,10199
113410,no,1,,1,10199
113413,no,1,,1,10199
113506,no,1,,1,10199
113509,no,1,,1,10199
113526,no,1,,1,10199
113528,no,1,,1,10199
113532,no,1,,1,10199
113533,no,1,,1,10199
113549,no,1,,1,10199
113553,no,1,,1,10199
113558,no,1,,1,10199
113561,no,1,,1,10199
113586,no,1,,1,10199
113644,no,1,,1,10199
113700,no,1,,1,10199
113724,no,1,,1,10199
113743,no,1,,1,10199
113746,no,1,,1,10199
113817,no,1,,1,10199
113896,no,1,,1,10199
113898,yes,1,,1,10199
113900,yes,1,,1,10199
113939,no,1,,1,10199
113941,no,1,,1,10199
113973,no,1,,1,10199
114001,no,1,,1,10199
114054,no,1,,1,10199
114083,no,1,,1,10199
114125,no,1,,1,10199
114181,no,1,,1,10199
114198,no,1,,1,10199
114219,no,1,,1,10199
114221,no,1,,1,10199
114278,yes,1,,1,10199
114279,yes,1,,1,10199
114347,yes,1,,1,10199
114351,yes,1,,1,10199
114359,no,1,,1,10199
114362,no,1,,1,10199
114363,no,1,,1,10199
114409,no,1,,1,10199
114441,no,1,,1,10199
114442,no,1,,1,10199
114453,no,1,,1,10199
114458,no,1,,1,10199
114470,no,1,,1,10199
114472,no,1,,1,10199
114532,yes,1,,1,10199
114569,yes,1,,1,10199
114643,no,1,,1,10199
114730,no,1,,1,10199
114753,no,1,,1,10199
114784,no,1,,1,10199
114806,no,1,,1,10199
114814,no,1,,1,10199
114832,no,1,,1,10199
114834,no,1,,1,10199
114835,no,1,,1,10199
114874,no,1,,1,10199
114876,no,1,,1,10199
115108,no,1,,1,10199
115122,yes,1,,1,10199
115126,yes,1,,1,10199
115270,no,1,,1,10199
115271,no,1,,1,10199
115275,no,1,,1,10199
115314,no,1,,1,10199
115439,no,1,,1,10199
115489,no,1,,1,10199
115554,no,1,,1,10199
115555,no,1,,1,10199
115580,no,1,,1,10199
115582,no,1,,1,10199
115592,no,1,,1,10199
115595,no,1,,1,10199
115596,no,1,,1,10199
115599,no,1,,1,10199
115600,no,1,,1,10199
115700,no,1,,1,10199
115704,no,1,,1,10199
115752,no,1,,1,10199
115864,no,1,,1,10199
115883,no,1,,1,10199
115899,no,1,,1,10199
115992,no,1,,1,10199
116070,no,1,,1,10199
116086,no,1,,1,10199
116089,no,1,,1,10199
116163,no,1,,1,10199
116164,no,1,,1,10199
116180,yes,1,,1,10199
116188,yes,1,,1,10199
116190,yes,1,,1,10199
116198,yes,1,,1,10199
116200,yes,1,,1,10199
116203,yes,1,,1,10199
116204,yes,1,,1,10199
116249,no,1,,1,10199
116276,no,1,,1,10199
116309,no,1,,1,10199
116358,no,1,,1,10199
116380,no,1,,1,10199
116452,no,1,,1,10199
116454,no,1,,1,10199
116455,no,1,,1,10199
116459,no,1,,1,10199
116465,no,1,,1,10199
116471,no,1,,1,10199
116484,no,1,,1,10199
116493,no,1,,1,10199
116495,no,1,,1,10199
116534,no,1,,1,10199
116536,no,1,,1,10199
116586,yes,1,,1,10199
116590,yes,1,,1,10199
116625,no,1,,1,10199
116627,no,1,,1,10199
116639,no,1,,1,10199
116641,no,1,,1,10199
116648,no,1,,1,10199
116656,no,1,,1,10199
116659,no,1,,1,10199
116726,no,1,,1,10199
116731,no,1,,1,10199
116755,no,1,,1,10199
116760,no,1,,1,10199
116865,no,1,,1,10199
117031,yes,1,,1,10199
117081,no,1,,1,10199
117094,no,1,,1,10199
117149,no,1,,1,10199
117168,no,1,,1,10199
117207,no,1,,1,10199
117229,no,1,,1,10199
117302,yes,1,,1,10199
117304,no,1,,1,10199
117308,no,1,,1,10199
117426,yes,1,,1,10199
117431,no,1,,1,10199
117434,no,1,,1,10199
117437,no,1,,1,10199
117517,no,1,,1,10199
117546,yes,1,,1,10199
117547,yes,1,,1,10199
117633,no,1,,1,10199
117755,no,1,,1,10199
117756,no,1,,1,10199
117778,no,1,,1,10199
117782,no,1,,1,10199
117809,no,1,,1,10199
117851,no,1,,1,10199
117907,no,1,,1,10199
118004,yes,1,,1,10199
118113,no,1,,1,10199
118119,no,1,,1,10199
118120,no,1,,1,10199
118123,no,1,,1,10199
118129,no,1,,1,10199
118162,no,1,,1,10199
118163,no,1,,1,10199
118179,no,1,,1,10199
118204,no,1,,1,10199
118205,yes,1,,1,10199
118220,yes,1,,1,10199
118230,no,1,,1,10199
118266,no,1,,1,10199
118273,no,1,,1,10199
118289,no,1,,1,10199
118293,no,1,,1,10199
118321,no,1,,1,10199
118378,no,1,,1,10199
118384,no,1,,1,10199
118407,no,1,,1,10199
118417,no,1,,1,10199
118423,no,1,,1,10199
118436,no,1,,1,10199
118437,no,1,,1,10199
118444,no,1,,1,10199
118467,no,1,,1,10199
118497,no,1,,1,10199
118501,no,1,,1,10199
118521,no,1,,1,10199
118569,yes,1,,1,10199
118592,no,1,,1,10199
118641,no,1,,1,10199
118643,no,1,,1,10199
118659,no,1,,1,10199
118661,no,1,,1,10199
118663,no,1,,1,10199
118678,no,1,,1,10199
118687,no,1,,1,10199
118703,no,0.5,,2,10199
118704,yes,1,,1,10199
118705,no,1,,1,10199
118716,yes,1,,1,10199
118785,no,1,,1,10199
118788,no,1,,1,10199
118792,no,1,,1,10199
118803,no,1,,1,10199
118844,no,1,,1,10199
118878,no,1,,1,10199
118895,no,1,,1,10199
118943,yes,1,,1,10199
118944,yes,1,,1,10199
118945,yes,1,,1,10199
118988,no,1,,1,10199
119034,no,1,,1,10199
119053,no,1,,1,10199
119118,no,1,,1,10199
119119,no,1,,1,10199
119124,no,1,,1,10199
119130,no,1,,1,10199
119170,no,1,,1,10199
119173,no,1,,1,10199
119175,no,1,,1,10199
119188,no,1,,1,10199
119191,no,1,,1,10199
119207,no,1,,1,10199
119226,no,1,,1,10199
119270,no,1,,1,10199
119307,no,1,,1,10199
119314,no,1,,1,10199
119315,no,1,,1,10199
119316,no,1,,1,10199
119331,no,1,,1,10199
119337,no,1,,1,10199
119342,yes,1,,1,10199
119365,no,1,,1,10199
119375,no,1,,1,10199
119410,no,1,,1,10199
119415,no,1,,1,10199
119423,no,1,,1,10199
119428,no,1,,1,10199
119436,no,1,,1,10199
119454,no,1,,1,10199
119489,no,1,,1,10199
119538,no,1,,1,10199
119585,no,1,,1,10199
119588,yes,1,,1,10199
119590,no,1,,1,10199
119648,no,1,,1,10199
119720,no,1,,1,10199
119723,no,1,,1,10199
119876,no,1,,1,10199
119996,no,1,,1,10199
120014,yes,1,,1,10199
120021,yes,1,,1,10199
120025,yes,1,,1,10199
120053,yes,1,,1,10199
120071,no,1,,1,10199
120163,yes,1,,1,10199
120206,no,1,,1,10199
120310,no,1,,1,10199
120317,no,1,,1,10199
120344,no,1,,1,10199
120360,no,1,,1,10199
120388,no,1,,1,10199
120397,no,1,,1,10199
120403,no,1,,1,10199
120413,no,1,,1,10199
120446,no,1,,1,10199
120453,no,1,,1,10199
120455,no,1,,1,10199
120458,no,1,,1,10199
120533,no,1,,1,10199
120536,no,1,,1,10199
120537,no,1,,1,10199
120538,no,1,,1,10199
120539,no,1,,1,10199
120549,no,1,,1,10199
120585,no,1,,1,10199
120615,no,1,,1,10199
120636,no,1,,1,10199
120638,no,1,,1,10199
120706,no,1,,1,10199
120711,no,1,,1,10199
120720,yes,1,,1,10199
120726,no,1,,1,10199
120775,no,1,,1,10199
120780,yes,1,,1,10199
120803,no,1,,1,10199
120805,no,1,,1,10199
120814,yes,1,,1,10199
120835,no,1,,1,10199
120848,no,1,,1,10199
120851,no,1,,1,10199
120852,no,1,,1,10199
120855,no,1,,1,10199
120874,no,1,,1,10199
120877,no,1,,1,10199
120878,no,1,,1,10199
120884,no,1,,1,10199
120892,no,1,,1,10199
120905,no,1,,1,10199
120948,no,1,,1,10199
120954,no,1,,1,10199
120960,no,1,,1,10199
120987,no,1,,1,10199
121003,no,1,,1,10199
121008,no,1,,1,10199
121013,no,1,,1,10199
121017,no,1,,1,10199
121019,no,1,,1,10199
121081,no,1,,1,10199
121087,no,1,,1,10199
121113,no,1,,1,10199
121114,no,1,,1,10199
121125,yes,1,,1,10199
121143,no,1,,1,10199
121162,no,1,,1,10199
121184,no,1,,1,10199
121210,no,1,,1,10199
121218,yes,1,,1,10199
121225,no,1,,1,10199
121242,no,1,,1,10199
121243,no,1,,1,10199
121276,no,1,,1,10199
121343,no,1,,1,10199
121345,no,1,,1,10199
121348,no,1,,1,10199
121361,no,1,,1,10199
121362,no,1,,1,10199
121370,no,1,,1,10199
121379,no,1,,1,10199
121383,no,1,,1,10199
121384,no,1,,1,10199
121400,no,1,,1,10199
121401,no,1,,1,10199
121412,no,1,,1,10199
121439,no,1,,1,10199
121511,no,1,,1,10199
121512,no,1,,1,10199
121517,no,1,,1,10199
121569,no,1,,1,10199
121585,no,1,,1,10199
121592,no,1,,1,10199
121604,no,1,,1,10199
121652,no,1,,1,10199
121686,no,1,,1,10199
121693,no,1,,1,10199
121722,no,1,,1,10199
121753,no,1,,1,10199
121794,no,1,,1,10199
121796,no,1,,1,10199
121803,no,1,,1,10199
121829,no,1,,1,10199
121835,no,1,,1,10199
121855,no,1,,1,10199
121907,no,1,,1,10199
121915,no,1,,1,10199
121999,no,1,,1,10199
122013,no,1,,1,10199
122015,no,1,,1,10199
122069,yes,1,,1,10199
122075,no,1,,1,10199
122110,no,1,,1,10199
122148,no,1,,1,10199
122155,no,1,,1,10199
122156,no,1,,1,10199
122293,no,1,,1,10199
122305,no,1,,1,10199
122362,no,1,,1,10199
122389,no,1,,1,10199
122441,no,1,,1,10199
122452,no,1,,1,10199
122453,no,1,,1,10199
122509,no,1,,1,10199
122618,no,1,,1,10199
122622,no,1,,1,10199
122695,no,1,,1,10199
122723,no,1,,1,10199
122857,no,1,,1,10199
122874,no,1,,1,10199
122892,no,1,,1,10199
122896,no,1,,1,10199
122954,no,1,,1,10199
122969,no,1,,1,10199
122970,no,1,,1,10199
122978,no,1,,1,10199
122992,no,1,,1,10199
123014,no,1,,1,10199
123021,no,1,,1,10199
123026,no,1,,1,10199
123030,no,1,,1,10199
123047,no,1,,1,10199
123057,no,1,,1,10199
123062,no,1,,1,10199
123077,no,1,,1,10199
123079,no,1,,1,10199
123093,no,1,,1,10199
123100,no,1,,1,10199
123124,no,1,,1,10199
123152,no,1,,1,10199
123153,no,1,,1,10199
123222,no,1,,1,10199
123280,no,1,,1,10199
123281,no,1,,1,10199
123291,no,1,,1,10199
123312,no,1,,1,10199
123385,no,1,,1,10199
123437,no,1,,1,10199
123440,no,1,,1,10199
123465,no,1,,1,10199
123476,no,1,,1,10199
123536,no,1,,1,10199
123546,no,1,,1,10199
123632,no,1,,1,10199
123666,no,1,,1,10199
123691,no,1,,1,10199
123694,no,1,,1,10199
123703,no,1,,1,10199
123724,no,1,,1,10199
123743,no,1,,1,10199
123747,no,1,,1,10199
123757,no,1,,1,10199
123786,no,1,,1,10199
123787,no,1,,1,10199
123788,no,1,,1,10199
123789,no,1,,1,10199
123809,no,1,,1,10199
123811,no,1,,1,10199
123814,no,1,,1,10199
123823,no,1,,1,10199
123842,no,1,,1,10199
123891,no,1,,1,10199
123909,no,1,,1,10199
123971,yes,1,,1,10199
123980,no,1,,1,10199
123992,no,1,,1,10199
124011,no,1,,1,10199
124031,no,1,,1,10199
124032,no,1,,1,10199
124097,yes,1,,1,10199
124102,no,1,,1,10199
124310,no,1,,1,10199
124473,no,1,,1,10199
124486,no,1,,1,10199
124502,no,1,,1,10199
124514,no,1,,1,10199
124515,no,1,,1,10199
124518,no,1,,1,10199
124525,no,1,,1,10199
124532,no,1,,1,10199
124542,no,1,,1,10199
124548,no,1,,1,10199
124558,yes,1,,1,10199
124563,no,1,,1,10199
124566,no,1,,1,10199
124568,no,1,,1,10199
124570,no,1,,1,10199
124573,yes,1,,1,10199
124584,no,1,,1,10199
124589,no,1,,1,10199
124599,no,1,,1,10199
124600,no,1,,1,10199
124604,no,1,,1,10199
124605,no,1,,1,10199
124606,no,1,,1,10199
124607,no,1,,1,10199
124609,no,1,,1,10199
124611,no,1,,1,10199
124617,no,1,,1,10199
124618,no,1,,1,10199
124620,no,1,,1,10199
124627,no,1,,1,10199
124635,no,1,,1,10199
124640,no,1,,1,10199
124647,no,1,,1,10199
124649,yes,1,,1,10199
124654,no,1,,1,10199
124655,no,1,,1,10199
124656,no,1,,1,10199
124657,no,1,,1,10199
124659,no,1,,1,10199
124672,no,1,,1,10199
124673,no,1,,1,10199
124683,no,1,,1,10199
124684,no,1,,1,10199
124688,no,1,,1,10199
124690,no,1,,1,10199
124695,no,1,,1,10199
124702,no,1,,1,10199
124709,no,1,,1,10199
124710,no,1,,1,10199
124711,no,1,,1,10199
124713,no,1,,1,10199
124743,no,1,,1,10199
124754,no,1,,1,10199
124756,no,1,,1,10199
124763,no,1,,1,10199
124779,no,1,,1,10199
124784,no,1,,1,10199
124790,no,1,,1,10199
124796,no,1,,1,10199
124797,no,1,,1,10199
124800,no,1,,1,10199
124831,no,1,,1,10199
124838,no,1,,1,10199
124863,no,1,,1,10199
124880,no,1,,1,10199
124892,no,1,,1,10199
124893,no,1,,1,10199
124910,no,1,,1,10199
124934,no,1,,1,10199
124944,no,1,,1,10199
124951,no,1,,1,10199
124953,no,1,,1,10199
124955,no,1,,1,10199
124971,no,1,,1,10199
124972,no,1,,1,10199
124994,no,1,,1,10199
125021,no,1,,1,10199
125044,no,1,,1,10199
125089,no,1,,1,10199
125173,no,1,,1,10199
125177,no,1,,1,10199
125185,no,1,,1,10199
125196,no,1,,1,10199
125217,yes,1,,1,10199
125233,no,1,,1,10199
125262,no,1,,1,10199
125311,no,1,,1,10199
125471,no,1,,1,10199
126554,no,1,,1,10328
127077,yes,1,,1,10199
127721,no,1,,1,10199
127986,no,1,,1,10199
130497,no,1,,1,10199
131163,no,1,,1,10199
132855,no,1,,1,10199
132860,no,1,,1,10199
132862,no,1,,1,10199
132868,no,1,,1,10199
132870,no,1,,1,10199
132872,no,1,,1,10199
132878,no,1,,1,10199
132895,no,1,,1,10199
132907,no,1,,1,10199
132926,no,1,,1,10199
132932,no,1,,1,10199
132943,no,1,,1,10199
132947,no,1,,1,10199
132950,no,1,,1,10199
132951,no,1,,1,10199
132952,no,1,,1,10199
132956,no,1,,1,10199
132969,no,1,,1,10199
132970,no,1,,1,10199
132974,no,1,,1,10199
132975,no,1,,1,10199
132976,no,1,,1,10199
132983,no,1,,1,10199
132984,no,1,,1,10199
132985,no,1,,1,10199
132986,no,1,,1,10199
132988,no,1,,1,10199
132989,no,1,,1,10199
132991,no,1,,1,10199
132998,no,1,,1,10199
132999,no,1,,1,10199
133000,no,1,,1,10199
133005,no,1,,1,10199
133009,no,1,,1,10199
133019,no,1,,1,10199
133021,no,1,,1,10199
133066,no,1,,1,10199
133070,no,1,,1,10199
133076,no,1,,1,10199
133077,no,1,,1,10199
133081,no,1,,1,10199
133083,no,1,,1,10199
133086,no,1,,1,10199
133091,no,1,,1,10199
133092,no,1,,1,10199
133093,no,1,,1,10199
133095,no,1,,1,10199
133102,no,1,,1,10199
133104,no,1,,1,10199
133108,no,1,,1,10199
133109,no,1,,1,10199
133111,no,1,,1,10199
133120,no,1,,1,10199
133138,no,1,,1,10199
133151,no,1,,1,10199
133233,no,1,,1,10199
133244,no,1,,1,10199
133245,no,1,,1,10199
133246,no,1,,1,10199
133247,no,1,,1,10199
133268,no,1,,1,10199
133269,no,1,,1,10199
133374,no,1,,1,10199
135128,no,1,,1,10199
135458,no,1,,1,10199
135500,no,1,,1,10199
135523,no,1,,1,10199
135545,yes,1,,1,10199
135563,no,1,,1,10199
135618,no,1,,1,10199
135675,no,1,,1,10199
135679,no,1,,1,10199
135728,no,1,,1,10199
135880,no,1,,1,10199
135897,no,1,,1,10199
136229,no,1,,1,10199
136406,no,1,,1,10199
136538,no,1,,1,10199
136656,no,1,,1,10199
136760,no,1,,1,10199
136828,no,1,,1,10199
136880,no,1,,1,10199
137123,no,1,,1,10199
137223,no,1,,1,10199
137796,no,1,,1,10199
137923,no,1,,1,10199
138127,no,1,,1,10199
138362,no,1,,1,10199
138582,no,1,,1,10199
139214,no,1,,1,10199
139241,no,1,,1,10199
139249,no,1,,1,10199
139251,no,1,,1,10199
139257,no,1,,1,10199
139262,no,1,,1,10199
139264,no,1,,1,10199
139267,no,1,,1,10199
139270,no,1,,1,10199
139307,no,1,,1,10199
139355,no,1,,1,10199
139357,no,1,,1,10199
139389,no,1,,1,10199
139397,no,1,,1,10199
139417,no,1,,1,10199
139625,no,1,,1,10199
139704,no,1,,1,10199
139705,no,1,,1,10199
139706,no,1,,1,10199
139707,no,1,,1,10199
139714,no,1,,1,10199
139746,no,1,,1,10199
139824,no,1,,1,10199
139826,no,1,,1,10199
139844,no,1,,1,10199
139865,no,1,,1,10199
139868,no,1,,1,10199
139869,no,1,,1,10199
139871,no,1,,1,10199
139874,no,1,,1,10199
139889,no,1,,1,10199
139892,no,1,,1,10199
139893,no,1,,1,10199
139897,no,1,,1,10199
139898,no,1,,1,10199
139921,no,1,,1,10199
139922,yes,1,,1,10199
139926,yes,1,,1,10199
139955,no,1,,1,10199
140045,no,1,,1,10199
140048,no,1,,1,10199
140060,no,1,,1,10199
140064,no,1,,1,10199
140068,no,1,,1,10199
140077,no,1,,1,10199
140079,no,1,,1,10199
140082,no,1,,1,10199
140084,no,1,,1,10199
140086,no,1,,1,10199
140108,no,1,,1,10199
140110,no,1,,1,10199
140112,no,1,,1,10199
140117,no,1,,1,10199
140120,no,1,,1,10199
140122,no,1,,1,10199
140145,no,1,,1,10199
140211,no,1,,1,10199
140223,no,1,,1,10199
140255,no,1,,1,10199
140256,no,1,,1,10199
140261,yes,1,,1,10199
140267,no,1,,1,10199
140380,no,1,,1,10199
140397,no,1,,1,10199
140399,no,1,,1,10199
140401,no,1,,1,10199
140402,no,1,,1,10199
140463,no,1,,1,10199
140466,no,1,,1,10199
140468,no,1,,1,10199
140479,no,1,,1,10199
140491,no,1,,1,10199
140492,no,1,,1,10199
140507,no,1,,1,10199
140508,no,1,,1,10199
140519,no,1,,1,10199
140533,yes,1,,1,10199
140625,no,1,,1,10199
140633,no,1,,1,10199
140655,no,1,,1,10199
140660,no,1,,1,10199
140661,no,1,,1,10199
140663,no,1,,1,10199
140664,no,1,,1,10199
140752,no,1,,1,10199
140758,no,1,,1,10199
140760,no,1,,1,10199
140767,no,1,,1,10199
140782,no,1,,1,10199
140783,no,1,,1,10199
140797,no,1,,1,10199
140805,yes,1,,1,10199
140816,no,1,,1,10199
140818,no,1,,1,10199
140820,no,1,,1,10199
140822,no,1,,1,10199
140823,no,1,,1,10199
140824,no,1,,1,10199
140826,no,1,,1,10199
140827,no,1,,1,10199
140840,no,1,,1,10199
140857,no,1,,1,10199
140858,no,1,,1,10199
140865,no,1,,1,10199
140870,no,1,,1,10199
140871,no,1,,1,10199
140873,no,1,,1,10199
140908,yes,1,,1,10199
141030,no,1,,1,10199
141038,no,1,,1,10199
141043,no,1,,1,10199
141086,no,1,,1,10199
141097,no,1,,1,10199
141101,no,1,,1,10199
141103,no,1,,1,10199
141105,no,1,,1,10199
141133,no,1,,1,10199
141224,no,1,,1,10199
141226,no,1,,1,10199
141229,no,1,,1,10199
141238,no,1,,1,10199
141239,no,1,,1,10199
141248,no,1,,1,10199
141255,no,1,,1,10199
141260,no,1,,1,10199
141265,no,1,,1,10199
141268,no,1,,1,10199
141270,no,1,,1,10199
141271,no,1,,1,10199
141272,no,1,,1,10199
141282,no,1,,1,10199
141303,no,1,,1,10199
141322,no,1,,1,10199
141353,no,1,,1,10199
141359,no,1,,1,10199
141360,no,1,,1,10199
141361,no,1,,1,10199
141371,no,1,,1,10199
141383,no,1,,1,10199
141389,no,1,,1,10199
141394,no,1,,1,10199
141398,no,1,,1,10199
141542,no,1,,1,10199
141544,no,1,,1,10199
141546,no,1,,1,10199
141547,no,1,,1,10199
141548,no,1,,1,10199
141550,no,1,,1,10199
141551,no,1,,1,10199
141553,no,1,,1,10199
141554,no,1,,1,10199
141557,no,1,,1,10199
141558,no,1,,1,10199
141561,no,1,,1,10199
141562,no,1,,1,10199
141563,no,1,,1,10199
141567,no,1,,1,10199
141634,no,1,,1,10199
141671,no,1,,1,10199
141681,no,1,,1,10199
141682,no,1,,1,10199
141683,no,1,,1,10199
141686,no,1,,1,10199
141687,no,1,,1,10199
141691,no,1,,1,10199
141692,no,1,,1,10199
141693,no,1,,1,10199
141695,no,1,,1,10199
141699,no,1,,1,10199
141701,no,1,,1,10199
141710,no,1,,1,10199
141789,no,1,,1,10199
141792,no,1,,1,10199
141809,no,1,,1,10199
141815,no,1,,1,10199
141816,no,1,,1,10199
141834,no,1,,1,10199
141864,no,1,,1,10199
141869,no,1,,1,10199
141873,no,1,,1,10199
141879,no,1,,1,10199
141886,no,1,,1,10199
141937,no,1,,1,10199
141963,no,1,,1,10199
141966,no,1,,1,10199
141969,no,1,,1,10199
141971,no,1,,1,10199
141972,no,1,,1,10199
141980,no,1,,1,10199
141989,no,1,,1,10199
142035,no,1,,1,10199
142036,no,1,,1,10199
142037,no,1,,1,10199
142038,no,1,,1,10199
142040,no,1,,1,10199
142041,no,1,,1,10199
142068,no,1,,1,10199
142071,no,1,,1,10199
142101,no,1,,1,10199
142142,no,1,,1,10199
142143,no,1,,1,10199
142145,no,1,,1,10199
142155,no,1,,1,10199
142174,no,1,,1,10199
142182,no,1,,1,10199
142192,no,1,,1,10199
142255,no,1,,1,10199
142300,no,1,,1,10199
142306,no,1,,1,10199
142313,no,1,,1,10199
142383,no,1,,1,10199
142385,no,1,,1,10199
142390,no,1,,1,10199
142457,no,1,,1,10199
142468,no,1,,1,10199
142477,no,1,,1,10199
142488,no,1,,1,10199
142505,no,1,,1,10199
142508,no,1,,1,10199
142509,no,1,,1,10199
142598,no,1,,1,10199
142600,no,1,,1,10199
142601,no,1,,1,10199
142617,no,1,,1,10199
142619,no,1,,1,10199
142622,no,1,,1,10199
142749,no,1,,1,10199
142750,no,1,,1,10199
142751,no,1,,1,10199
142754,no,1,,1,10199
142756,no,1,,1,10199
142757,no,1,,1,10199
142760,no,1,,1,10199
142761,no,1,,1,10199
142803,no,1,,1,10199
142856,no,1,,1,10199
142859,no,1,,1,10199
142861,no,1,,1,10199
142863,no,1,,1,10199
142865,no,1,,1,10199
142866,no,1,,1,10199
142872,no,1,,1,10199
142874,no,1,,1,10199
142878,no,1,,1,10199
142881,no,1,,1,10199
142883,no,1,,1,10199
142884,no,1,,1,10199
142906,no,1,,1,10199
142909,no,1,,1,10199
142912,no,1,,1,10199
142913,no,1,,1,10199
142925,no,1,,1,10199
142943,no,1,,1,10199
142946,no,1,,1,10199
142947,no,1,,1,10199
142948,no,1,,1,10199
142949,no,1,,1,10199
142977,no,1,,1,10199
142994,no,1,,1,10199
143010,no,1,,1,10199
143019,no,1,,1,10199
143077,no,1,,1,10199
143096,no,1,,1,10199
143097,no,1,,1,10199
143106,no,1,,1,10199
143107,no,1,,1,10199
143108,no,1,,1,10199
143109,no,1,,1,10199
143167,no,1,,1,10199
143168,no,1,,1,10199
143170,no,1,,1,10199
143173,yes,1,,1,10199
143175,yes,1,,1,10199
143177,yes,1,,1,10199
143181,yes,1,,1,10199
143182,no,1,,1,10199
143184,yes,1,,1,10199
143186,yes,1,,1,10199
143187,yes,1,,1,10199
143188,yes,1,,1,10199
143190,yes,1,,1,10199
143222,no,1,,1,10199
143277,yes,1,,1,10199
143323,no,1,,1,10199
143324,yes,1,,1,10199
143326,yes,1,,1,10199
143328,yes,1,,1,10199
143329,no,1,,1,10199
143331,yes,1,,1,10199
143389,no,1,,1,10199
143390,no,1,,1,10199
143392,no,1,,1,10199
143393,no,1,,1,10199
143394,no,1,,1,10199
143397,no,1,,1,10199
143399,no,1,,1,10199
143400,no,1,,1,10199
143409,no,1,,1,10199
143428,no,1,,1,10199
143493,no,1,,1,10199
143498,no,1,,1,10199
143500,no,1,,1,10199
143501,no,1,,1,10199
143519,no,1,,1,10199
143521,no,1,,1,10199
143522,no,1,,1,10199
143532,no,1,,1,10199
143533,no,1,,1,10199
143534,no,1,,1,10199
143536,no,1,,1,10199
143538,no,1,,1,10199
143551,no,1,,1,10199
143558,no,1,,1,10199
143565,no,1,,1,10199
143574,no,1,,1,10199
143592,no,1,,1,10199
143597,no,1,,1,10199
143609,no,1,,1,10199
143612,no,1,,1,10199
143614,no,1,,1,10199
143617,no,1,,1,10199
143622,no,1,,1,10199
143623,no,1,,1,10199
143624,no,1,,1,10199
143625,no,1,,1,10199
143626,no,1,,1,10199
143628,no,1,,1,10199
143634,no,1,,1,10199
143636,no,1,,1,10199
143639,no,1,,1,10199
143671,no,1,,1,10199
143693,no,1,,1,10199
143719,no,1,,1,10199
143720,no,1,,1,10199
143791,no,1,,1,10199
143794,no,1,,1,10199
143804,no,1,,1,10199
143807,no,1,,1,10199
143808,no,1,,1,10199
143809,no,1,,1,10199
143818,no,1,,1,10199
143819,no,1,,1,10199
143822,no,1,,1,10199
143824,no,1,,1,10199
143848,no,1,,1,10199
143850,no,1,,1,10199
143852,no,1,,1,10199
143856,no,1,,1,10199
143857,no,1,,1,10199
143868,no,1,,1,10199
143873,no,1,,1,10199
143876,no,1,,1,10199
143877,no,1,,1,10199
143884,no,1,,1,10199
143972,no,1,,1,10199
144016,no,1,,1,10199
144019,no,1,,1,10199
144022,no,1,,1,10199
144031,no,1,,1,10199
144032,no,1,,1,10199
144033,no,1,,1,10199
144036,no,1,,1,10199
144049,no,1,,1,10199
144050,no,1,,1,10199
144063,yes,1,,1,10199
144158,no,1,,1,10199
144176,yes,1,,1,10199
144210,no,1,,1,10199
144228,no,1,,1,10199
144236,no,1,,1,10199
144240,no,1,,1,10199
144631,no,1,,1,10199
144634,no,1,,1,10199
144642,no,1,,1,10199
144645,no,1,,1,10199
144649,no,1,,1,10199
144650,no,1,,1,10199
144676,no,1,,1,10199
144693,no,1,,1,10199
144695,no,1,,1,10199
144704,no,1,,1,10199
144716,no,1,,1,10199
144718,no,1,,1,10199
144751,no,1,,1,10199
144754,no,1,,1,10199
144758,no,1,,1,10199
144802,no,1,,1,10199
144817,no,1,,1,10199
144819,no,1,,1,10199
144821,no,1,,1,10199
144825,no,1,,1,10199
144844,no,1,,1,10199
144945,no,1,,1,10199
144989,no,1,,1,10199
144990,no,1,,1,10199
144993,no,1,,1,10199
145003,no,1,,1,10199
145008,no,1,,1,10199
145010,no,1,,1,10199
145011,no,1,,1,10199
145018,no,1,,1,10199
145021,no,1,,1,10199
145072,no,1,,1,10199
145080,no,1,,1,10199
145084,no,1,,1,10199
145085,no,1,,1,10199
145092,no,1,,1,10199
145098,no,1,,1,10199
145120,no,1,,1,10199
145157,no,1,,1,10199
145172,no,1,,1,10199
145175,no,1,,1,10199
145176,no,1,,1,10199
145178,no,1,,1,10199
145183,no,1,,1,10199
145195,no,1,,1,10199
145226,no,1,,1,10199
145236,no,1,,1,10199
145238,no,1,,1,10199
145241,no,1,,1,10199
145242,no,1,,1,10199
145243,no,1,,1,10199
145244,no,1,,1,10199
145245,no,1,,1,10199
145246,no,1,,1,10199
145600,no,1,,1,10199
145601,no,1,,1,10199
145602,no,1,,1,10199
145603,no,1,,1,10199
145605,no,1,,1,10199
145607,no,1,,1,10199
145659,no,1,,1,10199
145672,no,1,,1,10199
145732,no,1,,1,10199
145895,no,1,,1,10199
145908,no,1,,1,10199
146063,no,1,,1,10199
146090,no,1,,1,10199
146091,no,1,,1,10199
146108,no,1,,1,10199
146129,no,1,,1,10199
146170,no,1,,1,10199
146171,no,1,,1,10199
146194,no,1,,1,10199
146198,no,1,,1,10199
146199,no,1,,1,10199
146201,no,1,,1,10199
146202,no,1,,1,10199
146204,no,1,,1,10199
146205,no,1,,1,10199
146207,no,1,,1,10199
146208,no,1,,1,10199
146209,no,1,,1,10199
146210,no,1,,1,10199
146213,no,1,,1,10199
146214,no,1,,1,10199
146221,no,1,,1,10199
146224,no,1,,1,10199
146225,no,1,,1,10199
146228,no,1,,1,10199
146229,no,1,,1,10199
146230,no,1,,1,10199
146231,no,1,,1,10199
146232,no,1,,1,10199
146235,no,1,,1,10199
146238,no,1,,1,10199
146240,no,1,,1,10199
146252,no,1,,1,10199
146457,no,1,,1,10199
146479,no,1,,1,10199
146488,no,1,,1,10199
146496,no,1,,1,10199
146533,no,1,,1,10199
146542,no,1,,1,10199
146600,no,1,,1,10199
146608,no,1,,1,10199
146625,yes,1,,1,10199
146790,no,1,,1,10199
146794,no,1,,1,10199
146824,no,1,,1,10199
146826,no,1,,1,10199
146863,no,1,,1,10199
146872,no,1,,1,10199
146875,no,1,,1,10199
146897,no,1,,1,10199
146922,no,1,,1,10199
146923,no,1,,1,10199
146963,no,1,,1,10199
146987,no,1,,1,10199
146989,no,1,,1,10199
146991,no,1,,1,10199
146998,no,1,,1,10199
147013,no,1,,1,10199
147081,no,1,,1,10199
147082,no,1,,1,10199
147090,no,1,,1,10199
147099,no,1,,1,10199
147114,no,1,,1,10199
147115,no,1,,1,10199
147116,no,1,,1,10199
147158,no,1,,1,10199
147160,no,1,,1,10199
147162,no,1,,1,10199
147163,no,1,,1,10199
147164,no,1,,1,10199
147167,no,1,,1,10199
147202,no,1,,1,10199
147203,no,1,,1,10199
147204,no,1,,1,10199
147216,no,1,,1,10199
147328,no,1,,1,10199
147382,no,1,,1,10199
147412,no,1,,1,10199
147437,no,1,,1,10199
147477,no,1,,1,10199
147483,no,1,,1,10199
147487,no,1,,1,10199
147488,no,1,,1,10199
147524,no,1,,1,10199
147541,yes,1,,1,10199
147608,yes,1,,1,10199
147716,no,1,,1,10199
147722,no,1,,1,10199
147725,no,1,,1,10199
147745,no,1,,1,10328
147749,no,1,,1,10199
147791,no,1,,1,10199
147796,no,1,,1,10199
147813,no,1,,1,10199
147820,no,1,,1,10199
147838,no,1,,1,10199
147845,no,1,,1,10199
147852,no,1,,1,10199
147859,no,1,,1,10199
147898,no,1,,1,10199
147905,no,1,,1,10199
147923,no,1,,1,10199
147942,no,1,,1,10199
147943,no,1,,1,10199
147946,no,1,,1,10199
147947,no,1,,1,10199
147948,no,1,,1,10199
147950,no,1,,1,10199
147955,no,1,,1,10199
147976,no,1,,1,10199
147984,no,1,,1,10199
147997,no,1,,1,10199
148011,no,1,,1,10199
148033,yes,1,,1,10199
148051,no,1,,1,10199
148232,no,1,,1,10199
148248,no,1,,1,10199
148392,no,1,,1,10199
148394,no,1,,1,10199
148415,no,1,,1,10199
148424,no,1,,1,10199
148470,no,1,,1,10199
148476,no,1,,1,10199
148480,no,1,,1,10199
148494,no,1,,1,10199
148500,no,1,,1,10199
148501,no,1,,1,10199
148504,no,1,,1,10199
148506,no,1,,1,10199
148521,no,1,,1,10199
148531,no,1,,1,10199
148536,no,1,,1,10199
148552,no,1,,1,10199
148579,no,1,,1,10199
148595,no,1,,1,10199
148629,yes,1,,1,10199
148647,no,1,,1,10199
148673,no,1,,1,10199
148674,no,1,,1,10199
148678,no,1,,1,10199
148683,no,1,,1,10199
148701,no,1,,1,10199
148702,no,1,,1,10199
148705,no,1,,1,10199
148753,no,1,,1,10199
148779,no,1,,1,10199
148784,no,1,,1,10199
148791,no,1,,1,10199
148793,no,1,,1,10199
148794,no,1,,1,10199
148906,no,1,,1,10199
148909,no,1,,1,10199
148955,no,1,,1,10199
148990,no,1,,1,10199
149132,no,1,,1,10199
149134,no,1,,1,10199
149136,no,1,,1,10199
149141,no,1,,1,10199
149144,no,1,,1,10199
149155,no,1,,1,10199
149159,no,1,,1,10199
149164,no,1,,1,10199
149166,no,1,,1,10199
149182,no,1,,1,10199
149195,no,1,,1,10199
149265,yes,1,,1,10199
149315,no,1,,1,10199
149377,no,1,,1,10199
149380,no,1,,1,10199
149384,no,1,,1,10199
149385,no,1,,1,10199
149386,no,1,,1,10199
149390,no,1,,1,10199
149391,no,1,,1,10199
149394,no,1,,1,10199
149396,no,1,,1,10199
149397,no,1,,1,10199
149398,no,1,,1,10199
149401,no,1,,1,10199
149403,no,1,,1,10199
149404,no,1,,1,10199
149406,no,1,,1,10199
149410,no,1,,1,10199
149412,no,1,,1,10199
149413,no,1,,1,10199
149436,no,1,,1,10199
149483,no,1,,1,10199
149486,no,1,,1,10199
149487,no,1,,1,10199
149493,yes,1,,1,10199
149504,no,1,,1,10199
149506,no,1,,1,10199
149508,no,1,,1,10199
149509,no,1,,1,10199
149520,no,1,,1,10199
149528,no,1,,1,10199
149529,no,1,,1,10199
149579,no,1,,1,10199
149598,no,1,,1,10199
149599,no,1,,1,10199
149600,no,1,,1,10199
149601,no,1,,1,10199
149602,no,1,,1,10199
149603,no,1,,1,10199
149606,no,1,,1,10199
149617,no,1,,1,10199
149635,no,1,,1,10199
149645,no,1,,1,10199
149647,no,1,,1,10199
149659,yes,1,,1,10199
149663,no,1,,1,10199
149715,no,1,,1,10199
149721,no,1,,1,10199
149852,no,1,,1,10199
149855,no,1,,1,10199
149863,no,1,,1,10199
149864,no,1,,1,10199
149868,no,1,,1,10199
149869,no,1,,1,10199
149877,no,1,,1,10199
149879,no,1,,1,10199
149880,no,1,,1,10199
149882,no,1,,1,10199
149895,no,1,,1,10199
149903,no,1,,1,10199
149974,no,1,,1,10199
149992,no,1,,1,10199
149997,no,1,,1,10199
150022,no,1,,1,10199
150044,no,1,,1,10199
150049,yes,1,,1,10199
150051,no,1,,1,10199
150055,no,1,,1,10199
150060,no,1,,1,10199
150069,no,1,,1,10199
150119,no,1,,1,10199
150129,yes,1,,1,10199
150130,no,1,,1,10199
150173,no,1,,1,10199
150188,no,1,,1,10199
150224,no,1,,1,10199
150247,no,1,,1,10199
150253,no,1,,1,10199
150272,no,1,,1,10199
150274,no,1,,1,10199
150283,no,1,,1,10199
150294,no,1,,1,10199
150312,no,1,,1,10199
150338,no,1,,1,10199
150342,no,1,,1,10199
150372,no,1,,1,10199
150385,no,1,,1,10199
150389,no,1,,1,10199
150390,no,1,,1,10199
150394,no,1,,1,10199
150395,no,1,,1,10199
150490,no,1,,1,10199
150503,no,1,,1,10199
150506,no,1,,1,10199
150510,no,1,,1,10199
150511,no,1,,1,10199
150513,no,1,,1,10199
150556,no,1,,1,10199
150561,no,1,,1,10199
150596,no,1,,1,10199
150711,yes,1,,1,10199
150712,yes,1,,1,10199
150718,no,1,,1,10199
150721,no,1,,1,10199
150765,no,1,,1,10199
150791,no,1,,1,10199
150792,no,1,,1,10199
150794,no,1,,1,10199
150795,no,1,,1,10199
150800,no,1,,1,10199
150832,no,1,,1,10199
150875,no,1,,1,10199
150884,no,1,,1,10199
150963,no,1,,1,10199
150980,no,1,,1,10199
150981,no,1,,1,10199
150982,no,1,,1,10199
150984,no,1,,1,10199
151166,no,1,,1,10199
151282,no,1,,1,10199
151334,no,1,,1,10199
151335,no,1,,1,10199
151336,no,1,,1,10199
151344,no,1,,1,10199
151459,no,1,,1,10199
151469,no,1,,1,10199
151585,no,1,,1,10199
151586,no,1,,1,10199
151645,no,1,,1,10199
151671,no,1,,1,10199
151703,no,1,,1,10199
151707,no,1,,1,10199
151730,no,1,,1,10199
151736,no,1,,1,10199
151741,no,1,,1,10199
151746,no,1,,1,10199
151797,no,1,,1,10199
151799,no,1,,1,10199
151801,no,1,,1,10199
151802,no,1,,1,10199
151805,no,1,,1,10199
151806,no,1,,1,10199
151808,no,1,,1,10199
151809,no,1,,1,10199
151810,no,1,,1,10199
151811,no,1,,1,10199
151813,no,1,,1,10199
151815,no,1,,1,10199
151816,no,1,,1,10199
151818,no,1,,1,10199
151819,no,1,,1,10199
151820,no,1,,1,10199
151822,no,1,,1,10199
151823,no,1,,1,10199
151824,no,1,,1,10199
151826,no,1,,1,10199
151827,no,1,,1,10199
151829,no,1,,1,10199
151831,no,1,,1,10199
151832,no,1,,1,10199
151833,no,1,,1,10199
151834,no,1,,1,10199
151835,no,1,,1,10199
151836,no,1,,1,10199
151838,no,1,,1,10199
151840,no,1,,1,10199
151841,no,1,,1,10199
151842,no,1,,1,10199
151844,no,1,,1,10199
151845,no,1,,1,10199
151846,no,1,,1,10199
151848,no,1,,1,10199
151851,no,1,,1,10199
151854,no,1,,1,10199
151855,no,1,,1,10199
151856,no,1,,1,10199
151857,no,1,,1,10199
151859,no,1,,1,10199
151861,no,1,,1,10199
151862,no,1,,1,10199
151864,no,1,,1,10199
151871,no,1,,1,10199
151873,no,1,,1,10199
151876,no,1,,1,10199
151878,no,1,,1,10199
151880,no,1,,1,10199
151881,no,1,,1,10199
151882,no,1,,1,10199
151883,no,1,,1,10199
151886,no,1,,1,10199
151923,no,1,,1,10199
151931,no,1,,1,10199
151936,no,1,,1,10199
151938,no,1,,1,10199
151939,no,1,,1,10199
151949,no,1,,1,10199
152021,no,1,,1,10199
152067,no,1,,1,10199
152156,no,1,,1,10199
152211,no,1,,1,10199
152242,no,1,,1,10199
152253,no,1,,1,10199
152265,no,1,,1,10199
152276,no,1,,1,10199
152277,no,1,,1,10199
152301,no,1,,1,10199
152310,no,1,,1,10199
152312,no,1,,1,10199
152315,no,1,,1,10199
152318,yes,1,,1,10199
152399,no,1,,1,10199
152407,no,1,,1,10199
152410,yes,1,,1,10199
152414,yes,1,,1,10199
152417,no,1,,1,10199
152419,yes,1,,1,10199
152422,yes,1,,1,10199
152426,no,1,,1,10199
152437,no,1,,1,10199
152438,no,1,,1,10199
152440,no,1,,1,10199
152442,no,1,,1,10199
152443,no,1,,1,10199
152445,no,1,,1,10199
152454,no,1,,1,10199
152455,no,1,,1,10199
152456,no,1,,1,10199
152457,no,1,,1,10199
152458,no,1,,1,10199
152471,no,1,,1,10199
152482,no,1,,1,10199
152493,no,1,,1,10199
152546,no,1,,1,10199
152553,no,1,,1,10199
152564,no,1,,1,10199
152572,no,1,,1,10199
152576,no,1,,1,10199
152578,no,1,,1,10199
152585,no,1,,1,10199
152586,no,1,,1,10199
152603,yes,1,,1,10199
152637,no,1,,1,10199
152669,no,1,,1,10199
152709,no,1,,1,10199
152710,no,1,,1,10199
152712,no,1,,1,10199
152714,no,1,,1,10199
152726,no,1,,1,10199
152727,no,1,,1,10199
152728,no,1,,1,10199
152729,no,1,,1,10199
152730,no,1,,1,10199
152731,no,1,,1,10199
152746,no,1,,1,10199
152761,no,1,,1,10199
152799,no,1,,1,10199
152800,no,1,,1,10199
152932,no,1,,1,10199
152949,no,1,,1,10199
152958,no,1,,1,10199
153082,no,1,,1,10199
153083,no,1,,1,10199
153089,no,1,,1,10199
153095,no,1,,1,10199
153117,no,1,,1,10199
153176,no,1,,1,10199
153283,no,1,,1,10199
153286,no,1,,1,10199
153298,no,1,,1,10199
153299,no,1,,1,10199
153300,no,1,,1,10199
153301,no,1,,1,10199
153305,no,1,,1,10199
153420,no,1,,1,10199
153421,no,1,,1,10199
153422,no,1,,1,10199
153425,no,1,,1,10199
153427,no,1,,1,10199
153429,no,1,,1,10199
153432,no,1,,1,10199
153434,no,1,,1,10199
153436,no,1,,1,10199
153448,no,1,,1,10199
153472,no,1,,1,10199
153474,no,1,,1,10199
153496,no,1,,1,10199
153499,no,1,,1,10199
153502,no,1,,1,10328
153506,no,1,,1,10199
153513,no,1,,1,10199
153519,no,1,,1,10199
153520,no,1,,1,10199
153521,no,1,,1,10199
153523,no,1,,1,10199
153524,no,1,,1,10199
153528,no,1,,1,10199
153529,no,1,,1,10199
153537,no,1,,1,10199
153561,yes,1,,1,10199
153563,no,1,,1,10199
153584,no,1,,1,10199
153664,no,1,,1,10199
153669,no,1,,1,10199
153687,no,1,,1,10199
153905,no,1,,1,10328
153907,no,1,,1,10328
154588,no,1,,1,10199
155367,no,1,,1,10199
155801,no,1,,1,10199
158184,no,1,,1,10199
158209,no,1,,1,10199
158272,no,1,,1,10199
158333,no,1,,1,10199
158355,no,1,,1,10199
158390,no,1,,1,10199
158559,no,1,,1,10199
158604,no,1,,1,10199
158611,no,1,,1,10199
158674,no,1,,1,10199
158711,no,1,,1,10199
158712,no,1,,1,10199
158774,no,1,,1,10199
159296,no,1,,1,10199
159511,no,1,,1,10199
159593,no,1,,1,10199
159673,no,1,,1,10199
159770,no,1,,1,10199
159792,no,1,,1,10199
159803,no,1,,1,10199
159814,no,1,,1,10199
159829,no,1,,1,10199
159833,no,1,,1,10199
163448,no,1,,1,10199
163479,no,1,,1,10199
163480,no,1,,1,10199
163572,no,1,,1,10199
163577,no,1,,1,10199
164302,no,1,,1,10199
164461,no,1,,1,10199
165351,no,1,,1,10328
165466,no,1,,1,10199
165613,no,1,,1,10199
165649,no,1,,1,10199
165700,no,1,,1,10199
165759,no,1,,1,10199
165760,no,1,,1,10199
165761,no,1,,1,10199
165762,no,1,,1,10199
166557,no,1,,1,10199
166564,no,1,,1,10199
166569,no,1,,1,10199
166582,no,1,,1,10199
166588,no,1,,1,10199
166597,no,1,,1,10199
167332,no,1,,1,10199
167337,no,1,,1,10199
167339,no,1,,1,10199
167343,no,1,,1,10199
168771,no,1,,1,10199
168772,no,1,,1,10199
168889,no,1,,1,10199
168892,no,1,,1,10199
168905,no,1,,1,10199
168912,no,1,,1,10199
168920,no,1,,1,10199
168921,no,1,,1,10199
168922,no,1,,1,10199
168926,no,1,,1,10199
168929,no,1,,1,10199
169136,no,1,,1,10199
169291,no,1,,1,10199
169351,no,1,,1,10199
169353,no,1,,1,10199
169357,no,1,,1,10199
169410,no,1,,1,10199
169450,no,1,,1,10199
169649,no,1,,1,10199
169650,no,1,,1,10199
169653,no,1,,1,10199
169676,no,1,,1,10199
169683,no,1,,1,10199
169693,no,1,,1,10199
169708,no,1,,1,10199
169840,no,1,,1,10199
169841,no,1,,1,10199
169842,no,1,,1,10199
169843,no,1,,1,10199
169846,no,1,,1,10199
169896,no,1,,1,10199
170145,no,1,,1,10199
170150,no,1,,1,10199
170168,no,1,,1,10199
170172,no,1,,1,10199
170181,no,1,,1,10199
170184,no,1,,1,10199
170206,no,1,,1,10199
170208,no,1,,1,10199
170211,no,1,,1,10199
170214,no,1,,1,10199
170219,no,1,,1,10199
170220,no,1,,1,10199
170221,no,1,,1,10199
170223,no,1,,1,10199
170256,no,1,,1,10199
170259,no,1,,1,10199
170261,no,1,,1,10199
170263,no,1,,1,10199
170264,no,1,,1,10199
170265,no,1,,1,10199
170268,no,1,,1,10199
170269,no,1,,1,10199
170270,no,1,,1,10199
170271,no,1,,1,10199
170272,no,1,,1,10199
170273,no,1,,1,10199
170274,no,1,,1,10199
170275,no,1,,1,10199
170276,no,1,,1,10199
170278,no,1,,1,10199
170279,no,1,,1,10199
170281,no,1,,1,10199
170282,no,1,,1,10199
170283,no,1,,1,10199
170323,no,1,,1,10199
171393,no,1,,1,10199
171412,no,1,,1,10199
171417,no,1,,1,10199
171420,no,1,,1,10199
171453,no,1,,1,10199
171455,no,1,,1,10199
171457,no,1,,1,10199
171471,no,1,,1,10199
171548,no,1,,1,10199
171562,no,1,,1,10199
171564,no,1,,1,10199
171571,no,1,,1,10199
171579,no,1,,1,10199
171586,no,1,,1,10199
171627,no,1,,1,10199
172305,no,1,,1,10199
172351,no,1,,1,10199
172370,no,1,,1,10199
172387,no,1,,1,10199
172400,no,1,,1,10199
172694,no,1,,1,10199
172843,no,1,,1,10199
172854,no,1,,1,10199
172869,no,1,,1,10199
172873,no,1,,1,10199
172889,no,1,,1,10199
172900,no,1,,1,10199
172902,no,1,,1,10199
172912,no,1,,1,10199
172954,no,1,,1,10199
172962,no,1,,1,10199
172994,no,1,,1,10199
173000,no,1,,1,10199
173008,no,1,,1,10199
173014,no,1,,1,10199
173017,no,1,,1,10199
173020,no,1,,1,10199
173027,no,1,,1,10199
173084,no,1,,1,10199
173088,no,1,,1,10199
173111,no,1,,1,10199
173121,no,1,,1,10199
173138,no,1,,1,10199
173139,no,1,,1,10199
173150,no,1,,1,10199
173170,no,1,,1,10199
173183,no,1,,1,10199
173261,no,1,,1,10199
173298,no,1,,1,10199
173436,no,1,,1,10199
173438,no,1,,1,10199
173650,no,1,,1,10199
174441,no,1,,1,10199
174509,no,1,,1,10199
174516,no,1,,1,10199
174520,no,1,,1,10199
174522,no,1,,1,10199
175593,no,1,,1,10199
176189,no,1,,1,10199
176237,no,1,,1,10199
176239,no,1,,1,10199
176301,no,1,,1,10199
176422,no,1,,1,10199
176434,no,1,,1,10199
176469,no,1,,1,10199
176576,no,1,,1,10199
176588,no,1,,1,10199
176650,no,1,,1,10199
176662,no,1,,1,10199
176796,no,1,,1,10199
176815,no,1,,1,10199
176895,no,1,,1,10199
176904,no,1,,1,10199
176907,no,1,,1,10199
176920,no,1,,1,10199
176928,no,1,,1,10199
177010,no,1,,1,10199
177013,no,1,,1,10199
177043,no,1,,1,10199
177078,no,1,,1,10199
177088,no,1,,1,10199
177151,no,1,,1,10199
177199,no,1,,1,10199
177236,no,1,,1,10199
177255,no,1,,1,10199
177333,no,1,,1,10199
177359,no,1,,1,10199
177428,no,1,,1,10199
177688,no,1,,1,10199
178892,no,1,,1,10199
178894,no,1,,1,10199
179025,no,1,,1,10199
179028,no,1,,1,10199
179041,no,1,,1,10199
179049,no,1,,1,10199
179055,no,1,,1,10199
179071,no,1,,1,10199
179077,no,1,,1,10199
179079,no,1,,1,10199
179149,no,1,,1,10199
179228,no,1,,1,10199
179243,no,1,,1,10199
179264,no,1,,1,10199
179278,no,1,,1,10199
179279,no,1,,1,10199
179321,no,1,,1,10199
179484,no,1,,1,10199
179500,no,1,,1,10199
179502,no,1,,1,10199
180371,no,1,,1,10199
180684,no,1,,1,10199
181249,no,1,,1,10199
181555,no,1,,1,10199
181780,no,1,,1,10199
181827,no,1,,1,10199
182418,no,1,,1,10199
182579,no,1,,1,10199
182580,no,1,,1,10199
182592,no,1,,1,10199
182601,no,1,,1,10199
182603,no,1,,1,10199
182609,no,1,,1,10199
182633,no,1,,1,10199
182643,no,1,,1,10199
182650,no,1,,1,10199
182927,no,1,,1,10199
182928,no,1,,1,10199
182929,no,1,,1,10199
182945,no,1,,1,10199
182946,no,1,,1,10199
182947,no,1,,1,10199
182948,no,1,,1,10199
183052,no,1,,1,10199
183054,no,1,,1,10199
183057,no,1,,1,10199
183060,no,1,,1,10199
183064,no,1,,1,10199
183065,no,1,,1,10199
183072,no,1,,1,10199
184140,no,1,,1,10199
184679,no,1,,1,10199
184697,no,1,,1,10199
184771,no,1,,1,10199
185180,no,1,,1,10199
185263,no,1,,1,10199
185272,no,1,,1,10199
185302,no,1,,1,10199
185316,no,1,,1,10199
185375,no,1,,1,10199
185403,no,1,,1,10199
185410,no,1,,1,10199
185412,no,1,,1,10199
185414,no,1,,1,10199
185573,no,1,,1,10199
186036,no,1,,1,10199
186076,no,1,,1,10199
186103,no,1,,1,10199
186186,no,1,,1,10199
186941,no,1,,1,10199
186963,no,1,,1,10199
186996,no,1,,1,10199
187004,no,1,,1,10199
187267,no,1,,1,10199
187440,no,1,,1,10199
188001,no,1,,1,10199
188124,no,1,,1,10199
188139,no,1,,1,10199
188140,no,1,,1,10199
188154,no,1,,1,10199
188155,no,1,,1,10199
188173,no,1,,1,10199
188178,no,1,,1,10199
188183,no,1,,1,10199
188505,no,1,,1,10199
188587,no,1,,1,10199
188627,no,1,,1,10199
189220,no,1,,1,10199
189225,no,1,,1,10199
189404,no,1,,1,10199
189411,no,1,,1,10199
189413,no,1,,1,10199
189414,no,1,,1,10199
189418,no,1,,1,10199
189527,no,1,,1,10199
189532,no,1,,1,10199
190234,no,1,,1,10199
190528,no,1,,1,10199
190529,no,1,,1,10199
190808,no,1,,1,10199
191097,no,1,,1,10199
191100,no,1,,1,10199
191101,no,1,,1,10199
191106,no,1,,1,10199
191108,no,1,,1,10199
191362,no,1,,1,10199
191374,no,1,,1,10199
191648,no,1,,1,10199
191894,no,1,,1,10199
191898,no,1,,1,10199
191905,no,1,,1,10199
191912,no,1,,1,10199
191913,no,1,,1,10199
192159,no,1,,1,10199
192687,no,1,,1,10199
193197,no,1,,1,10199
193337,no,1,,1,10199
193360,no,1,,1,10199
193489,no,1,,1,10199
193547,no,1,,1,10199
194834,no,1,,1,10199
195060,no,1,,1,10199
195091,no,1,,1,10199
195123,no,1,,1,10199
195128,no,1,,1,10199
195607,no,1,,1,10199
196309,no,1,,1,10199
196311,no,1,,1,10199
196320,no,1,,1,10199
196435,no,1,,1,10199
196452,no,1,,1,10199
197683,no,1,,1,10199
197687,no,1,,1,10199
197715,no,1,,1,10199
197722,no,1,,1,10199
197731,no,1,,1,10199
197742,no,1,,1,10199
197745,no,1,,1,10199
197749,no,1,,1,10199
197751,no,1,,1,10199
197752,no,1,,1,10199
197756,no,1,,1,10199
197804,no,1,,1,10199
197806,no,1,,1,10199
197813,no,1,,1,10199
197823,no,1,,1,10199
197881,no,1,,1,10199
197882,no,1,,1,10199
197898,no,1,,1,10199
197924,no,1,,1,10199
197936,no,1,,1,10199
197941,no,1,,1,10199
197985,no,1,,1,10199
198006,no,1,,1,10199
198037,no,1,,1,10199
198121,no,1,,1,10199
198639,no,1,,1,10199
198688,no,1,,1,10199
199481,no,1,,1,10199
199492,no,1,,1,10199
199501,no,1,,1,10199
199502,no,1,,1,10199
199504,no,1,,1,10199
199588,no,1,,1,10199
199606,no,1,,1,10199
199610,no,1,,1,10199
199687,no,1,,1,10199
199697,no,1,,1,10199
199722,no,1,,1,10199
199731,no,1,,1,10199
199735,no,1,,1,10199
199749,no,1,,1,10199
199761,no,1,,1,10199
199763,no,1,,1,10199
199766,no,1,,1,10199
199767,no,1,,1,10199
200232,no,1,,1,10199
200240,no,1,,1,10199
200290,no,1,,1,10199
200311,no,1,,1,10199
200422,no,1,,1,10199
200424,no,1,,1,10199
200462,no,1,,1,10199
200486,no,1,,1,10199
200509,no,1,,1,10199
200635,no,1,,1,10199
200648,no,1,,1,10199
200741,no,1,,1,10199
200742,no,1,,1,10199
202022,no,1,,1,10199
202028,no,1,,1,10199
202540,no,1,,1,10199
202541,no,1,,1,10199
202632,no,1,,1,10199
202959,no,1,,1,10199
203038,no,1,,1,10199
203053,no,1,,1,10199
203107,no,1,,1,10199
203170,no,1,,1,10199
203240,no,1,,1,10199
203301,no,1,,1,10199
204756,no,1,,1,10199
204808,no,1,,1,10199
204877,no,1,,1,10199
204883,no,1,,1,10199
205827,no,1,,1,10199
205859,no,1,,1,10199
205929,no,1,,1,10199
205936,no,1,,1,10199
205955,no,1,,1,10199
205961,no,1,,1,10199
207289,no,1,,1,10199
207561,no,1,,1,10199
208132,no,1,,1,10199
210442,no,1,,1,10199
211985,no,1,,1,10199
212000,no,1,,1,10199
212390,no,1,,1,10199
212799,no,1,,1,10199
212802,no,1,,1,10199
212808,no,1,,1,10199
212971,no,1,,1,10199
213025,no,1,,1,10199
213424,no,1,,1,10199
213553,no,1,,1,10199
213560,no,1,,1,10199
213563,no,1,,1,10199
213566,no,1,,1,10199
213577,no,1,,1,10199
213589,no,1,,1,10199
213591,no,1,,1,10199
213597,no,1,,1,10199
213603,no,1,,1,10199
213637,no,1,,1,10199
213660,no,1,,1,10199
213664,no,1,,1,10199
213672,no,1,,1,10199
213686,no,1,,1,10199
213687,no,1,,1,10199
213704,no,1,,1,10199
213719,no,1,,1,10199
213780,no,1,,1,10199
213788,no,1,,1,10199
213802,no,1,,1,10199
213815,no,1,,1,10199
213827,no,1,,1,10199
213828,no,1,,1,10199
214056,no,1,,1,10199
214285,no,1,,1,10199
214302,no,1,,1,10199
214579,no,1,,1,10199
214689,no,1,,1,10199
214715,no,1,,1,10199
214807,no,1,,1,10199
214929,no,1,,1,10199
215635,no,1,,1,10199
215899,no,1,,1,10199
216496,no,1,,1,10199
216504,no,1,,1,10199
216505,no,1,,1,10199
216529,no,1,,1,10199
216542,no,1,,1,10199
216657,no,1,,1,10199
216699,no,1,,1,10199
216702,no,1,,1,10199
216719,no,1,,1,10199
216856,no,1,,1,10199
217015,no,1,,1,10199
217022,no,1,,1,10199
217023,no,1,,1,10199
217161,no,1,,1,10199
217502,no,1,,1,10199
217735,no,1,,1,10199
217765,no,1,,1,10199
218131,no,1,,1,10199
218571,no,1,,1,10199
218575,no,1,,1,10199
218577,no,1,,1,10199
219218,no,1,,1,10199
219272,no,1,,1,10199
219277,no,1,,1,10199
219577,no,1,,1,10199
219616,no,1,,1,10199
219646,no,1,,1,10199
220018,no,1,,1,10199
220076,no,1,,1,10199
220145,no,1,,1,10199
220152,no,1,,1,10199
220503,no,1,,1,10199
220591,no,1,,1,10199
220870,no,1,,1,10199
221401,no,1,,1,10199
222748,no,1,,1,10199
222754,no,1,,1,10199
222771,no,1,,1,10199
222886,no,1,,1,10199
223049,no,1,,1,10199
223087,no,1,,1,10199
223127,no,1,,1,10199
223138,no,1,,1,10199
223147,no,1,,1,10199
223160,no,1,,1,10199
223161,no,1,,1,10199
223219,no,1,,1,10199
223221,no,1,,1,10199
223278,no,1,,1,10199
223290,no,1,,1,10199
223309,no,1,,1,10199
223345,no,1,,1,10199
223364,no,1,,1,10199
223366,no,1,,1,10199
223391,no,1,,1,10199
223994,no,1,,1,10199
223996,no,1,,1,10199
223997,no,1,,1,10199
224001,no,1,,1,10199
224034,no,1,,1,10199
224037,no,1,,1,10199
224379,no,1,,1,10199
224385,no,1,,1,10199
224404,no,1,,1,10199
224409,no,1,,1,10199
224412,no,1,,1,10199
224552,no,1,,1,10199
225022,no,1,,1,10199
225227,no,1,,1,10199
225511,no,1,,1,10199
225560,no,1,,1,10199
225760,no,1,,1,10199
226583,no,1,,1,10199
226786,no,1,,1,10199
226787,no,1,,1,10199
226813,no,1,,1,10199
228390,no,1,,1,10199
228397,no,1,,1,10199
228400,no,1,,1,10199
228408,no,1,,1,10199
228409,no,1,,1,10199
228411,no,1,,1,10199
228414,no,1,,1,10199
228419,no,1,,1,10199
228425,no,1,,1,10199
228426,no,1,,1,10199
228702,no,1,,1,10199
230209,no,1,,1,10199
230229,no,1,,1,10199
230293,no,1,,1,10199
230304,no,1,,1,10199
230309,no,1,,1,10199
230319,no,1,,1,10199
230332,no,1,,1,10199
230340,no,1,,1,10199
230346,no,1,,1,10199
230365,no,1,,1,10199
230366,no,1,,1,10199
232025,no,1,,1,10199
289884,no,1,,1,10199
289885,no,1,,1,10199
289927,no,1,,1,10199
289954,no,1,,1,10199
289974,no,1,,1,10199
289975,no,1,,1,10199
289976,no,1,,1,10199
289977,no,1,,1,10199
289978,no,1,,1,10199
289979,no,1,,1,10199
289980,no,1,,1,10199
289981,no,1,,1,10199
289982,no,1,,1,10199
289983,no,1,,1,10199
289984,no,1,,1,10199
289985,no,1,,1,10199
289986,no,1,,1,10199
289987,no,1,,1,10199
289988,no,1,,1,10199
289989,no,1,,1,10199
289990,no,1,,1,10199
289991,no,1,,1,10199
289992,no,1,,1,10199
289993,no,1,,1,10199
289994,no,1,,1,10199
289995,no,1,,1,10199
289996,no,1,,1,10199
289997,no,1,,1,10199
289998,no,1,,1,10199
289999,no,1,,1,10199
290000,no,1,,1,10199
290001,no,1,,1,10199
290002,no,1,,1,10199
290003,no,1,,1,10199
290004,no,1,,1,10199
290005,no,1,,1,10199
290006,no,1,,1,10199
290007,no,1,,1,10199
290008,no,1,,1,10199
290009,no,1,,1,10199
290010,no,1,,1,10199
290011,no,1,,1,10199
290012,no,1,,1,10199
290014,no,1,,1,10199
290015,no,1,,1,10199
290016,no,1,,1,10199
290017,no,1,,1,10199
290018,yes,1,,1,10199
290019,no,1,,1,10199
290020,no,1,,1,10199
290021,no,1,,1,10199
290022,no,1,,1,10199
290023,no,1,,1,10199
290024,no,1,,1,10199
290025,no,1,,1,10199
290026,no,1,,1,10199
290027,no,1,,1,10199
290028,no,1,,1,10199
290033,no,1,,1,10199
290034,no,1,,1,10199
290035,no,1,,1,10199
290036,yes,1,,1,10199
290037,yes,1,,1,10199
290038,no,1,,1,10199
290039,no,1,,1,10199
290041,no,1,,1,10199
290042,no,1,,1,10199
290043,no,1,,1,10199
290044,no,1,,1,10199
290045,no,1,,1,10199
290047,no,1,,1,10199
290048,no,1,,1,10199
290049,no,1,,1,10199
290050,no,1,,1,10199
290051,no,1,,1,10199
290052,no,1,,1,10199
290053,no,1,,1,10199
290055,no,1,,1,10199
290056,no,1,,1,10199
290057,no,1,,1,10199
290058,no,1,,1,10199
290059,no,1,,1,10199
290060,no,1,,1,10199
290061,no,1,,1,10199
290062,no,1,,1,10199
290063,yes,1,,1,10199
290064,yes,1,,1,10199
290065,yes,1,,1,10199
290066,yes,1,,1,10199
290067,no,1,,1,10199
290068,no,1,,1,10199
290069,no,1,,1,10199
290070,no,1,,1,10199
290071,no,1,,1,10199
290072,no,1,,1,10199
290074,no,1,,1,10199
290075,no,1,,1,10199
290076,no,1,,1,10199
290078,no,1,,1,10199
290079,no,1,,1,10199
290080,no,1,,1,10199
290081,no,1,,1,10199
290082,no,1,,1,10199
290083,no,1,,1,10199
290084,no,1,,1,10199
290085,no,1,,1,10199
290086,no,1,,1,10199
290087,no,1,,1,10199
290089,no,1,,1,10199
290090,no,1,,1,10199
290091,no,1,,1,10199
290092,no,1,,1,10199
290093,no,1,,1,10199
290094,no,1,,1,10199
290095,no,1,,1,10199
290096,no,1,,1,10199
290097,no,1,,1,10199
290098,yes,1,,1,10199
290099,no,1,,1,10199
290100,no,1,,1,10199
290101,no,1,,1,10199
290102,no,1,,1,10199
290103,no,1,,1,10199
290105,no,1,,1,10199
290106,no,1,,1,10199
290107,no,1,,1,10199
290108,no,1,,1,10199
290110,no,1,,1,10199
290111,no,1,,1,10199
290112,no,1,,1,10199
290113,no,1,,1,10199
290114,no,1,,1,10199
290115,no,1,,1,10199
290116,no,1,,1,10199
290117,no,1,,1,10199
290118,no,1,,1,10199
290120,no,1,,1,10199
290121,no,1,,1,10199
290122,yes,1,,1,10199
290124,no,1,,1,10199
290125,no,1,,1,10199
290126,no,1,,1,10199
290127,no,1,,1,10199
290128,no,1,,1,10199
290129,no,1,,1,10199
290130,no,1,,1,10199
290131,no,1,,1,10199
290132,yes,1,,1,10199
290135,no,1,,1,10199
290136,no,1,,1,10199
290137,no,1,,1,10199
290138,no,1,,1,10199
290139,no,1,,1,10199
290140,no,1,,1,10199
290141,no,1,,1,10199
290142,no,1,,1,10199
290143,no,1,,1,10199
290144,no,1,,1,10199
290145,no,1,,1,10199
290146,no,1,,1,10199
290147,no,1,,1,10199
290148,no,1,,1,10199
290149,no,1,,1,10199
290150,no,1,,1,10199
290151,no,1,,1,10199
290152,no,1,,1,10199
290154,no,1,,1,10199
290155,no,1,,1,10199
290156,no,1,,1,10199
290158,no,1,,1,10199
290159,no,1,,1,10199
290160,no,1,,1,10199
290161,no,1,,1,10199
290162,no,1,,1,10199
290163,no,1,,1,10199
290164,no,1,,1,10199
290165,no,1,,1,10199
290167,no,1,,1,10199
290168,no,1,,1,10199
290169,no,1,,1,10199
290170,no,1,,1,10199
290171,no,1,,1,10199
290172,no,1,,1,10199
290173,no,1,,1,10199
290174,no,1,,1,10199
290175,no,1,,1,10199
290176,no,1,,1,10199
290177,no,1,,1,10199
290178,no,1,,1,10199
290179,no,1,,1,10199
290180,no,1,,1,10199
290181,no,1,,1,10199
290182,no,1,,1,10199
290183,no,1,,1,10199
290184,no,1,,1,10199
290185,no,1,,1,10199
290186,yes,1,,1,10199
290187,yes,1,,1,10199
290188,no,1,,1,10199
290189,no,1,,1,10199
290190,no,1,,1,10199
290191,no,1,,1,10199
290192,no,1,,1,10199
290193,no,1,,1,10199
290194,no,1,,1,10199
290195,no,1,,1,10199
290196,no,1,,1,10199
290198,no,1,,1,10199
290199,no,1,,1,10199
290200,no,1,,1,10199
290202,no,1,,1,10199
290203,no,1,,1,10199
290204,no,1,,1,10199
290207,no,1,,1,10199
290208,no,1,,1,10199
290209,no,1,,1,10199
290212,no,1,,1,10199
290213,no,1,,1,10199
290214,no,1,,1,10199
290215,no,1,,1,10199
290216,no,1,,1,10199
290217,no,1,,1,10199
290218,no,1,,1,10199
290219,no,1,,1,10199
290220,no,1,,1,10199
290221,no,1,,1,10199
290222,no,1,,1,10199
290223,no,1,,1,10199
290224,no,1,,1,10199
290225,no,1,,1,10199
290226,no,1,,1,10199
290227,no,1,,1,10199
290228,no,1,,1,10199
290229,no,1,,1,10199
290230,no,1,,1,10199
290231,no,1,,1,10199
290232,no,1,,1,10199
290233,no,1,,1,10199
290234,no,1,,1,10199
290235,no,1,,1,10199
290236,yes,1,,1,10199
290237,no,1,,1,10199
290238,no,1,,1,10199
290239,no,1,,1,10199
290240,no,1,,1,10199
290241,no,1,,1,10199
290242,no,1,,1,10199
290243,no,1,,1,10199
290244,no,1,,1,10199
290245,no,1,,1,10199
290246,no,1,,1,10199
290247,no,1,,1,10199
290248,no,1,,1,10199
290249,no,1,,1,10199
290250,no,1,,1,10199
290251,no,1,,1,10199
290252,no,1,,1,10199
290253,no,1,,1,10199
290254,no,1,,1,10199
290255,no,1,,1,10199
290256,no,1,,1,10199
290257,no,1,,1,10199
290258,no,1,,1,10199
290259,no,1,,1,10199
290260,no,1,,1,10199
290261,no,1,,1,10199
290262,no,1,,1,10199
290263,no,1,,1,10199
290264,no,1,,1,10199
290265,no,1,,1,10199
290266,no,1,,1,10199
290267,no,1,,1,10199
290268,no,1,,1,10199
290269,no,1,,1,10199
290270,no,1,,1,10199
290271,no,1,,1,10199
290272,no,1,,1,10199
290273,no,1,,1,10199
290274,yes,1,,1,10199
290276,yes,1,,1,10199
290277,yes,1,,1,10199
290278,no,1,,1,10199
290279,yes,1,,1,10199
290280,no,1,,1,10199
290281,no,1,,1,10199
290282,yes,1,,1,10199
290283,no,1,,1,10199
290284,no,1,,1,10199
290285,no,1,,1,10199
290286,no,1,,1,10199
290287,no,1,,1,10199
290288,yes,1,,1,10199
290289,no,1,,1,10199
290290,yes,1,,1,10199
290291,no,1,,1,10199
290292,yes,1,,1,10199
290293,no,1,,1,10199
290295,no,1,,1,10199
290296,yes,1,,1,10199
290297,yes,1,,1,10199
290298,no,1,,1,10199
290299,yes,1,,1,10199
290300,no,1,,1,10199
290301,no,1,,1,10199
290302,no,1,,1,10199
290303,yes,1,,1,10199
290304,yes,1,,1,10199
290305,yes,1,,1,10199
290306,yes,1,,1,10199
290307,no,1,,1,10199
290308,no,1,,1,10199
290310,no,1,,1,10199
290311,no,1,,1,10199
290312,yes,1,,1,10199
290313,no,1,,1,10199
290314,no,1,,1,10199
290315,no,1,,1,10199
290316,no,1,,1,10199
290317,no,1,,1,10199
290318,no,1,,1,10199
290319,no,1,,1,10199
290320,no,1,,1,10199
290321,no,1,,1,10199
290322,no,1,,1,10199
290323,no,1,,1,10199
290324,no,1,,1,10199
290325,no,1,,1,10199
290326,yes,1,,1,10199
290327,yes,1,,1,10199
290328,yes,1,,1,10199
290329,yes,1,,1,10199
290330,no,1,,1,10199
290331,yes,1,,1,10199
290333,no,1,,1,10199
290334,no,1,,1,10199
290335,no,1,,1,10199
290336,no,1,,1,10199
290337,no,1,,1,10199
290340,yes,1,,1,10199
290341,no,1,,1,10199
290342,no,1,,1,10199
290343,no,1,,1,10199
290344,no,1,,1,10199
290346,no,1,,1,10199
290347,no,1,,1,10199
290348,no,1,,1,10199
290349,no,1,,1,10199
290350,no,1,,1,10199
290351,no,1,,1,10199
290352,yes,1,,1,10199
290353,yes,1,,1,10199
290354,no,1,,1,10199
290355,no,1,,1,10199
290356,no,1,,1,10199
290357,yes,1,,1,10199
290358,no,1,,1,10199
290359,no,1,,1,10199
290360,no,1,,1,10199
290361,no,1,,1,10199
290362,no,1,,1,10199
290363,no,1,,1,10199
290364,yes,1,,1,10199
290365,yes,1,,1,10199
290366,no,1,,1,10199
290367,no,1,,1,10199
290368,no,1,,1,10199
290370,no,1,,1,10199
290371,no,1,,1,10199
290372,no,1,,1,10199
290373,no,1,,1,10199
290375,no,1,,1,10199
290376,no,1,,1,10199
290377,no,1,,1,10199
290378,no,1,,1,10199
290379,no,1,,1,10199
290380,no,1,,1,10199
290381,no,1,,1,10199
290382,no,1,,1,10199
290383,no,1,,1,10199
290384,no,1,,1,10199
290385,no,1,,1,10199
290386,no,1,,1,10199
290387,no,1,,1,10199
290388,no,1,,1,10199
290389,no,1,,1,10199
290390,no,1,,1,10199
290391,yes,1,,1,10199
290392,no,1,,1,10199
290393,no,1,,1,10199
290394,no,1,,1,10199
290395,no,1,,1,10199
290396,no,1,,1,10199
290398,no,1,,1,10199
290399,no,1,,1,10199
290400,no,1,,1,10199
290401,no,1,,1,10199
290402,no,1,,1,10199
290403,no,1,,1,10199
290404,no,1,,1,10199
290405,no,1,,1,10199
290406,no,1,,1,10199
290407,no,1,,1,10199
290408,no,1,,1,10199
290409,no,1,,1,10199
290410,no,1,,1,10199
290411,no,1,,1,10199
290412,no,1,,1,10199
290413,no,1,,1,10199
290414,no,1,,1,10199
290415,no,1,,1,10199
290416,no,1,,1,10199
290417,no,1,,1,10199
290418,no,1,,1,10199
290419,no,1,,1,10199
290420,no,1,,1,10199
290425,no,1,,1,10199
290426,no,1,,1,10199
290428,no,1,,1,10199
290430,no,1,,1,10199
290431,no,1,,1,10199
290432,no,1,,1,10199
290433,no,1,,1,10199
290434,no,1,,1,10199
290435,no,1,,1,10199
290436,no,1,,1,10199
290437,no,1,,1,10199
290438,no,1,,1,10199
290439,no,1,,1,10199
290440,no,1,,1,10199
290441,no,1,,1,10199
290442,no,1,,1,10199
290443,no,1,,1,10199
290444,no,1,,1,10199
290445,no,1,,1,10199
290446,no,1,,1,10199
290447,no,1,,1,10199
290448,no,1,,1,10199
290449,no,1,,1,10199
290450,no,1,,1,10199
290451,no,1,,1,10199
290452,no,1,,1,10199
290453,no,1,,1,10199
290455,no,1,,1,10199
290457,no,1,,1,10199
290458,no,1,,1,10199
290459,no,1,,1,10199
290460,no,1,,1,10199
290461,no,1,,1,10199
290462,no,1,,1,10199
290463,no,1,,1,10199
290464,no,1,,1,10199
290465,no,1,,1,10199
290468,no,1,,1,10199
290469,no,1,,1,10199
290470,no,1,,1,10199
290472,yes,1,,1,10199
290473,no,1,,1,10199
290474,no,1,,1,10199
290475,no,1,,1,10199
290476,no,1,,1,10199
290477,no,1,,1,10199
290478,no,1,,1,10199
290479,yes,1,,1,10199
290480,yes,1,,1,10199
290481,yes,1,,1,10199
290482,yes,1,,1,10199
290483,yes,1,,1,10199
290484,yes,1,,1,10199
290485,no,1,,1,10199
290486,no,1,,1,10199
290487,no,1,,1,10199
290489,no,1,,1,10199
290490,no,1,,1,10199
290491,no,1,,1,10199
290492,no,1,,1,10199
290493,no,1,,1,10199
290494,no,1,,1,10199
290495,no,1,,1,10199
290496,no,1,,1,10199
290497,no,1,,1,10199
290498,no,1,,1,10199
290499,no,1,,1,10199
290500,no,1,,1,10199
290502,no,1,,1,10199
290503,no,1,,1,10199
290504,no,1,,1,10199
290506,no,1,,1,10199
290507,no,1,,1,10199
290508,no,1,,1,10199
290509,no,1,,1,10199
290512,no,1,,1,10199
290513,yes,1,,1,10199
290514,no,1,,1,10199
290515,yes,1,,1,10199
290517,no,1,,1,10199
290520,no,1,,1,10199
290521,no,1,,1,10199
290523,no,1,,1,10199
290524,no,1,,1,10199
290525,no,1,,1,10199
290527,no,1,,1,10199
290528,no,1,,1,10199
290530,yes,1,,1,10199
290531,no,1,,1,10199
290532,no,1,,1,10199
290533,no,1,,1,10199
290535,no,1,,1,10199
290537,no,1,,1,10199
290538,no,1,,1,10199
290539,no,1,,1,10199
290540,no,1,,1,10199
290541,no,1,,1,10199
290542,no,1,,1,10199
290543,no,1,,1,10199
290544,no,1,,1,10199
290545,no,1,,1,10199
290546,no,1,,1,10199
290550,no,1,,1,10199
290551,no,1,,1,10199
290552,no,1,,1,10199
290553,no,1,,1,10199
290554,no,1,,1,10199
290555,no,1,,1,10199
290556,no,1,,1,10199
290557,no,1,,1,10199
290558,no,1,,1,10199
290559,no,1,,1,10199
290561,no,1,,1,10199
290562,no,1,,1,10199
290563,no,1,,1,10199
290564,no,1,,1,10199
290565,no,1,,1,10199
290566,no,1,,1,10199
290567,no,1,,1,10199
290568,no,1,,1,10199
290569,no,1,,1,10199
290571,no,1,,1,10199
290572,no,1,,1,10199
290573,no,1,,1,10199
290574,no,1,,1,10199
290575,no,1,,1,10199
290576,no,1,,1,10199
290577,no,1,,1,10199
290578,no,1,,1,10199
290579,no,1,,1,10199
290581,no,1,,1,10199
290582,no,1,,1,10199
290583,no,1,,1,10199
290584,no,1,,1,10199
290585,no,1,,1,10199
290586,no,1,,1,10199
290587,no,1,,1,10199
290588,no,1,,1,10199
290589,yes,1,,1,10199
290590,yes,1,,1,10199
290591,no,1,,1,10199
290592,no,1,,1,10199
290593,no,1,,1,10199
290595,no,1,,1,10199
290596,no,1,,1,10199
290597,no,1,,1,10199
290598,no,1,,1,10199
290599,no,1,,1,10199
290601,no,1,,1,10199
290602,no,1,,1,10199
290603,no,1,,1,10199
290604,no,1,,1,10199
290605,no,1,,1,10199
290606,no,1,,1,10199
290608,no,1,,1,10199
290609,no,1,,1,10199
290610,no,1,,1,10199
290612,no,1,,1,10199
290613,no,1,,1,10199
290614,no,1,,1,10199
290615,no,1,,1,10199
290616,no,1,,1,10199
290617,no,1,,1,10199
290621,no,1,,1,10199
290623,no,1,,1,10199
290624,no,1,,1,10199
290625,no,1,,1,10199
290626,no,1,,1,10199
290627,no,1,,1,10199
290628,no,1,,1,10199
290631,no,1,,1,10199
290633,no,1,,1,10199
290634,no,1,,1,10199
290635,no,1,,1,10199
290636,no,1,,1,10199
290637,no,1,,1,10199
290640,no,1,,1,10199
290641,no,1,,1,10199
290642,no,1,,1,10199
290644,no,1,,1,10199
290645,no,1,,1,10199
290646,no,1,,1,10199
290647,no,1,,1,10199
290648,no,1,,1,10199
290649,no,1,,1,10199
290650,no,1,,1,10199
290653,yes,1,,1,10199
290654,no,1,,1,10199
290655,no,1,,1,10199
290656,no,1,,1,10199
290657,yes,1,,1,10199
290658,no,1,,1,10199
290659,no,1,,1,10199
290660,yes,1,,1,10199
290661,no,1,,1,10199
290663,no,1,,1,10199
290665,no,1,,1,10199
290666,no,1,,1,10199
290668,no,1,,1,10199
290669,no,1,,1,10199
290671,no,1,,1,10199
290672,no,1,,1,10199
290673,no,1,,1,10199
290674,no,1,,1,10199
290675,no,1,,1,10199
290676,no,1,,1,10199
290677,no,1,,1,10199
290678,no,1,,1,10199
290680,yes,1,,1,10199
290681,yes,1,,1,10199
290682,no,1,,1,10199
290683,no,1,,1,10199
290684,no,1,,1,10199
290685,no,1,,1,10199
290686,no,1,,1,10199
290687,no,1,,1,10199
290688,no,1,,1,10199
290689,no,1,,1,10199
290690,no,1,,1,10199
290691,no,1,,1,10199
290693,no,1,,1,10199
290695,no,1,,1,10199
290697,no,1,,1,10199
290699,no,1,,1,10199
290700,no,1,,1,10199
290705,no,1,,1,10199
290706,no,1,,1,10199
290707,no,1,,1,10199
290709,no,1,,1,10199
290710,yes,1,,1,10199
290711,no,1,,1,10199
290712,no,1,,1,10199
290713,no,1,,1,10199
290714,no,1,,1,10199
290715,no,1,,1,10199
290716,no,1,,1,10199
290717,no,1,,1,10199
290718,no,1,,1,10199
290719,no,1,,1,10199
290720,no,1,,1,10199
290723,no,1,,1,10199
290726,no,1,,1,10199
290727,no,1,,1,10199
290728,no,1,,1,10199
290729,no,1,,1,10199
290730,no,1,,1,10199
290731,no,1,,1,10199
290732,no,1,,1,10199
290733,no,1,,1,10199
290734,no,1,,1,10199
290735,yes,1,,1,10199
290736,no,1,,1,10199
290737,yes,1,,1,10199
290738,no,1,,1,10199
290740,no,1,,1,10199
290741,no,1,,1,10199
290742,no,1,,1,10199
290743,yes,1,,1,10199
290744,no,1,,1,10199
290745,no,1,,1,10199
290746,no,1,,1,10199
290747,no,1,,1,10199
290748,no,1,,1,10199
290749,no,1,,1,10199
290750,no,1,,1,10199
290751,no,1,,1,10199
290753,no,1,,1,10199
290754,no,1,,1,10199
290755,no,1,,1,10199
290756,no,1,,1,10199
290758,no,1,,1,10199
290759,no,1,,1,10199
290763,no,1,,1,10199
290764,no,1,,1,10199
290765,no,1,,1,10199
290766,no,1,,1,10199
290768,no,1,,1,10199
290769,no,1,,1,10199
290770,no,1,,1,10199
290771,no,1,,1,10199
290772,no,1,,1,10199
290773,no,1,,1,10199
290774,no,1,,1,10199
290775,no,1,,1,10199
290776,no,1,,1,10199
290777,no,1,,1,10199
290778,no,1,,1,10199
290779,no,1,,1,10199
290780,no,1,,1,10199
290781,no,1,,1,10199
290782,no,1,,1,10199
290783,no,1,,1,10199
290784,no,1,,1,10199
290785,no,1,,1,10199
290786,no,1,,1,10199
290787,no,1,,1,10199
290788,no,1,,1,10199
290789,no,1,,1,10199
290790,no,1,,1,10199
290791,no,1,,1,10199
290792,no,1,,1,10199
290793,no,1,,1,10199
290794,no,1,,1,10199
290795,no,1,,1,10199
290796,no,1,,1,10199
290797,no,1,,1,10199
290798,no,1,,1,10199
290799,no,1,,1,10199
290800,no,1,,1,10199
290801,no,1,,1,10199
290802,no,1,,1,10199
290803,no,1,,1,10199
290804,yes,1,,1,10199
290805,no,1,,1,10199
290807,no,1,,1,10199
290808,no,1,,1,10199
290809,yes,1,,1,10199
290810,no,1,,1,10199
290811,no,1,,1,10199
290812,no,1,,1,10199
290813,no,1,,1,10199
290814,no,1,,1,10199
290815,no,1,,1,10199
290816,no,1,,1,10199
290817,no,1,,1,10199
290818,no,1,,1,10199
290819,no,1,,1,10199
290820,yes,1,,1,10199
290825,no,1,,1,10199
290826,no,1,,1,10199
290827,no,1,,1,10199
290828,no,1,,1,10199
290829,no,1,,1,10199
290830,no,1,,1,10199
290831,no,1,,1,10199
290832,no,1,,1,10199
290833,no,1,,1,10199
290835,no,1,,1,10199
290836,no,1,,1,10199
290837,no,1,,1,10199
290838,no,1,,1,10199
290839,no,1,,1,10199
290840,no,1,,1,10199
290841,no,1,,1,10199
290842,no,1,,1,10199
290843,no,1,,1,10199
290844,no,1,,1,10199
290845,no,1,,1,10199
290846,no,1,,1,10199
290847,no,1,,1,10199
290848,no,1,,1,10199
290850,no,1,,1,10199
290851,no,1,,1,10199
290852,no,1,,1,10199
290854,no,1,,1,10199
290855,no,1,,1,10199
290857,no,1,,1,10199
290858,no,1,,1,10199
290859,no,1,,1,10199
290860,no,1,,1,10199
290867,no,1,,1,10199
290868,no,1,,1,10199
290869,no,1,,1,10199
290870,no,1,,1,10199
290871,no,1,,1,10199
290872,no,1,,1,10199
290873,no,1,,1,10199
290874,no,1,,1,10199
290875,no,1,,1,10199
290876,no,1,,1,10199
290877,no,1,,1,10199
290878,no,1,,1,10199
290880,no,1,,1,10199
290881,no,1,,1,10199
290882,no,1,,1,10199
290883,yes,1,,1,10199
290884,yes,1,,1,10199
290885,yes,1,,1,10199
290886,yes,1,,1,10199
290887,yes,1,,1,10199
290888,yes,1,,1,10199
290889,no,1,,1,10199
290890,no,1,,1,10199
290893,no,1,,1,10199
290895,no,1,,1,10199
290896,no,1,,1,10199
290899,no,1,,1,10199
290900,no,1,,1,10199
290902,no,1,,1,10199
290906,no,1,,1,10199
290907,no,1,,1,10199
290908,no,1,,1,10199
290909,no,1,,1,10199
290910,no,1,,1,10199
290911,no,1,,1,10199
290912,no,1,,1,10199
290913,no,1,,1,10199
290914,no,1,,1,10199
290915,no,1,,1,10199
290916,no,1,,1,10199
290917,no,1,,1,10199
290918,no,1,,1,10199
290919,no,1,,1,10199
290920,no,1,,1,10199
290921,no,1,,1,10199
290923,no,1,,1,10199
290925,no,1,,1,10199
290927,no,1,,1,10199
290928,no,1,,1,10199
290931,no,1,,1,10199
292154,no,1,,1,10199
293079,yes,1,,1,10199
293741,no,1,,1,10199
296351,no,1,,1,10199
296497,yes,1,,1,10199
296624,yes,1,,1,10199
297343,no,1,,1,10199
297347,no,1,,1,10199
297479,yes,1,,1,10199
297887,yes,1,,1,10199
297898,no,1,,1,10199
309841,no,1,,1,10199
310849,no,1,,1,10199
314787,no,1,,1,10199
315006,no,1,,1,10199
315015,yes,1,,1,10199
331801,yes,1,,1,10199
331818,no,1,,1,10199
332482,no,1,,1,10199
332837,no,1,,1,10199
336621,no,1,,1,10199
337919,no,1,,1,10328
337930,no,1,,1,10199
341697,no,1,,1,10199
341902,no,1,,1,10199
343633,no,1,,1,10199
344235,no,1,,1,10199
344404,no,1,,1,10199
345879,no,1,,1,10199
346067,no,1,,1,10199
351588,yes,1,,1,10199
354522,no,1,,1,10199
361262,no,1,,1,10199
361763,no,1,,1,10199
361778,no,1,,1,10199
362011,no,1,,1,10199
362115,no,1,,1,10199
362450,no,1,,1,10199
362477,no,1,,1,10199
362480,no,1,,1,10199
367320,no,1,,1,10199
367612,no,1,,1,10199
368300,no,1,,1,10199
368653,no,1,,1,10199
369477,no,1,,1,10199
369574,no,1,,1,10199
374056,no,1,,1,10199
374746,no,1,,1,10199
374870,no,1,,1,10199
377792,no,1,,1,10199
382097,no,1,,1,10199
382098,no,1,,1,10199
382347,no,1,,1,10199
382465,no,1,,1,10199
382831,no,1,,1,10199
382900,no,1,,1,10199
383318,no,1,,1,10199
383672,no,1,,1,10199
383746,no,1,,1,10199
384116,no,1,,1,10199
384885,no,1,,1,10199
385223,no,1,,1,10199
385228,no,1,,1,10199
385504,no,1,,1,10199
385724,no,1,,1,10199
385959,no,1,,1,10199
385973,no,1,,1,10199
386511,no,1,,1,10199
386995,no,1,,1,10199
386996,no,1,,1,10199
387097,no,1,,1,10199
387471,no,1,,1,10199
388082,yes,1,,1,10199
391246,no,1,,1,10199
398303,no,1,,1,10328
398305,no,1,,1,10328
401379,no,1,,1,10199
401380,no,1,,1,10199
402108,no,1,,1,10199
402200,no,1,,1,10199
403301,no,1,,1,10328
404100,no,1,,1,10199
409234,no,1,,1,10199
409376,no,1,,1,10199
409377,no,1,,1,10199
409383,no,1,,1,10199
409387,no,1,,1,10199
409412,yes,1,,1,10199
409418,no,1,,1,10199
409420,no,1,,1,10199
409421,no,1,,1,10199
409422,no,1,,1,10199
409489,no,1,,1,10199
409508,no,1,,1,10199
409510,no,1,,1,10199
409560,yes,1,,1,10199
409576,no,1,,1,10199
409622,no,1,,1,10199
409626,no,1,,1,10199
410151,no,1,,1,10199
410152,no,1,,1,10199
410154,no,1,,1,10199
410162,no,1,,1,10199
410181,no,1,,1,10199
410358,no,1,,1,10199
410570,no,1,,1,10199
410871,no,1,,1,10199
410990,no,1,,1,10328
411278,no,1,,1,10199
411334,no,1,,1,10199
411466,no,1,,1,10199
411883,no,1,,1,10199
411975,no,1,,1,10199
412000,no,1,,1,10199
412543,no,1,,1,10199
413924,no,1,,1,10199
413978,no,1,,1,10199
415182,no,1,,1,10199
417801,no,1,,1,10199
418207,no,1,,1,10199
420247,no,1,,1,10199
420539,no,1,,1,10199
421041,no,1,,1,10199
421497,no,1,,1,10199
421820,no,1,,1,10199
421913,no,1,,1,10199
422686,yes,1,,1,10199
422689,yes,1,,1,10199
422690,yes,1,,1,10199
422691,yes,1,,1,10199
422702,no,1,,1,10199
422852,no,1,,1,10199
422923,yes,1,,1,10199
422994,no,1,,1,10199
423164,no,1,,1,10199
424204,no,1,,1,10199
424429,no,1,,1,10199
424751,no,1,,1,10199
425944,yes,1,,1,10199
425950,yes,1,,1,10199
426152,no,1,,1,10199
426319,no,1,,1,10199
426328,no,1,,1,10199
428187,no,1,,1,10199
428208,no,1,,1,10199
428221,no,1,,1,10199
428243,no,1,,1,10199
428248,no,1,,1,10199
428287,no,1,,1,10199
428292,no,1,,1,10199
428313,no,1,,1,10199
428314,no,1,,1,10199
428315,no,1,,1,10199
428368,no,1,,1,10199
428386,no,1,,1,10199
428400,no,1,,1,10199
428486,no,1,,1,10199
428492,no,1,,1,10199
428542,no,1,,1,10199
428550,no,1,,1,10199
428566,no,1,,1,10199
428596,no,1,,1,10199
428619,no,1,,1,10199
428700,no,1,,1,10199
428762,no,1,,1,10199
428782,no,1,,1,10199
428783,no,1,,1,10199
428785,no,1,,1,10199
428786,no,1,,1,10199
428836,no,1,,1,10199
428874,no,1,,1,10199
428879,no,1,,1,10199
428881,no,1,,1,10199
428882,no,1,,1,10199
428943,yes,1,,1,10199
428955,yes,1,,1,10199
428958,yes,1,,1,10199
428961,yes,1,,1,10199
428968,no,1,,1,10199
428985,no,1,,1,10199
429035,no,1,,1,10199
429038,no,1,,1,10199
429088,no,1,,1,10199
429096,yes,1,,1,10199
429100,yes,1,,1,10199
429108,yes,1,,1,10199
429130,no,1,,1,10199
429132,yes,1,,1,10199
429138,no,1,,1,10199
429248,no,1,,1,10199
431161,no,1,,1,10199
436114,yes,1,,1,10199
436450,no,1,,1,10328
438112,yes,1,,1,10199
438117,no,1,,1,10199
438120,yes,1,,1,10199
438127,yes,1,,1,10328
438142,no,1,,1,10199
438174,no,1,,1,10199
438186,no,1,,1,10328
438200,no,1,,1,10199
438205,no,1,,1,10199
438215,no,1,,1,10199
438237,no,1,,1,10328
438248,no,1,,1,10199
438255,yes,1,,1,10199
438258,no,1,,1,10328
438262,no,1,,1,10199
438270,no,1,,1,10199
438272,no,1,,1,10199
438294,no,1,,1,10199
438347,no,1,,1,10199
438368,no,1,,1,10199
438370,no,1,,1,10199
438375,no,1,,1,10199
438386,no,1,,1,10328
438389,no,1,,1,10328
438426,no,1,,1,10328
438451,no,1,,1,10199
438474,no,1,,1,10328
438512,no,1,,1,10199
438526,no,1,,1,10199
438528,no,1,,1,10199
438614,no,1,,1,10199
438620,no,1,,1,10328
438621,no,1,,1,10328
438623,no,1,,1,10328
438625,no,1,,1,10199
438661,no,1,,1,10199
438663,no,1,,1,10328
438677,no,1,,1,10199
438697,no,1,,1,10199
438719,no,1,,1,10199
438720,no,1,,1,10199
438738,no,1,,1,10199
438762,no,1,,1,10199
438769,no,1,,1,10199
438796,no,1,,1,10199
438805,no,1,,1,10199
438807,no,1,,1,10199
438808,no,1,,1,10199
438810,no,1,,1,10199
438834,yes,1,,1,10199
438838,yes,1,,1,10199
438839,yes,1,,1,10199
438840,yes,1,,1,10199
438841,yes,1,,1,10199
438842,no,1,,1,10199
438849,yes,1,,1,10199
438851,no,1,,1,10199
438852,no,1,,1,10199
438858,no,1,,1,10199
438859,no,1,,1,10199
438869,no,1,,1,10199
438873,no,1,,1,10199
438874,yes,1,,1,10199
438878,no,1,,1,10199
438882,no,1,,1,10328
439039,no,1,,1,10199
439041,no,1,,1,10199
439045,no,1,,1,10199
439059,no,1,,1,10199
439062,no,1,,1,10199
439096,no,1,,1,10328
439115,no,1,,1,10199
439117,no,1,,1,10199
439137,no,1,,1,10328
439142,no,1,,1,10199
439148,no,1,,1,10199
439162,no,1,,1,10328
439203,no,1,,1,10199
439252,no,1,,1,10199
439289,no,1,,1,10328
439293,no,1,,1,10199
439295,no,1,,1,10199
439296,no,1,,1,10199
439305,no,1,,1,10199
439307,no,1,,1,10199
439313,no,1,,1,10199
439314,no,1,,1,10199
439315,no,1,,1,10199
439322,no,1,,1,10199
439356,no,1,,1,10199
439358,no,1,,1,10199
439362,no,1,,1,10328
439377,no,1,,1,10199
439379,no,1,,1,10199
439383,no,1,,1,10199
439398,no,1,,1,10199
439408,no,1,,1,10199
439410,no,1,,1,10199
439413,no,1,,1,10199
439428,yes,1,,1,10328
439454,no,1,,1,10199
439532,no,1,,1,10199
439548,no,1,,1,10199
439549,no,1,,2,"10199,10328"
439550,no,1,,1,10199
439551,no,1,,1,10199
439585,no,1,,1,10328
439629,no,1,,1,10328
439643,no,1,,1,10328
439646,no,1,,1,10328
439668,no,1,,1,10199
439674,no,1,,1,10199
439675,no,1,,1,10199
439679,no,1,,1,10199
439681,no,1,,1,10199
439683,no,1,,1,10199
439685,no,1,,1,10199
439686,no,1,,1,10199
439690,no,1,,1,10199
439692,no,1,,1,10199
439694,no,1,,1,10199
439695,no,1,,1,10199
439697,no,1,,1,10199
439698,no,1,,1,10199
439702,no,1,,1,10199
439706,no,1,,1,10199
439708,no,1,,1,10199
439709,no,1,,1,10199
439710,no,1,,1,10199
439711,no,1,,1,10199
439712,no,1,,1,10199
439715,no,1,,1,10199
439765,no,1,,1,10199
439772,yes,1,,1,10199
439785,yes,1,,1,10199
439835,no,1,,1,10199
439845,no,1,,1,10199
439871,no,1,,1,10199
439888,yes,1,,1,10328
439916,no,1,,1,10199
439940,no,1,,1,10199
439959,no,0.5,,2,10328
439964,no,1,,1,10328
439972,no,1,,1,10199
440008,no,1,,1,10199
440021,no,1,,1,10328
440053,no,1,,2,"10199,10328"
440077,no,1,,1,10328
440095,no,1,,1,10199
440132,no,1,,1,10199
440149,no,1,,1,10199
440164,no,1,,1,10199
440185,no,1,,1,10328
440186,no,1,,1,10328
440187,no,1,,1,10328
440192,no,1,,1,10199
440231,no,1,,1,10199
440232,no,1,,1,10199
440241,no,1,,1,10199
440265,no,1,,1,10328
440285,no,1,,1,10199
440326,no,1,,1,10328
440340,no,1,,1,10199
440366,no,1,,1,10328
440447,no,1,,1,10328
440466,no,1,,1,10199
440477,no,1,,1,10199
440480,no,1,,1,10199
440481,no,1,,1,10199
440520,no,1,,1,10199
440537,no,1,,1,10328
440567,no,1,,1,10199
440568,no,1,,1,10199
440597,no,1,,1,10199
440603,no,1,,1,10328
440632,no,1,,1,10199
440634,no,1,,1,10199
440641,yes,1,,1,10328
440644,yes,1,,1,10199
440654,no,1,,1,10328
440655,no,1,,1,10328
440678,no,1,,1,10199
440681,no,1,,1,10199
440686,no,1,,1,10328
440729,no,1,,1,10199
440747,no,1,,1,10199
440790,no,1,,1,10199
440798,no,1,,1,10199
440827,yes,1,,1,10199
440842,no,1,,1,10328
440847,no,1,,1,10199
440848,no,1,,1,10199
440865,no,1,,1,10328
440874,no,1,,1,10199
440876,no,1,,1,10199
440877,no,1,,1,10199
440878,no,1,,1,10199
440925,no,1,,1,10199
440987,yes,1,,1,10199
440995,no,1,,1,10199
441013,no,1,,1,10199
441053,no,1,,1,10199
441055,no,1,,1,10199
441093,no,1,,1,10199
441105,no,1,,1,10328
441121,no,1,,1,10328
441152,no,1,,1,10199
441230,no,1,,1,10328
441246,no,1,,1,10199
441291,no,1,,1,10328
441305,no,1,,1,10199
441310,no,1,,1,10199
441311,no,1,,1,10199
441312,no,1,,1,10199
441315,yes,1,,1,10199
441330,no,1,,1,10199
441367,no,1,,1,10199
441375,no,1,,1,10328
441386,no,1,,1,10328
441422,no,1,,1,10199
441441,no,1,,1,10199
441447,no,1,,1,10328
441523,no,1,,1,10199
441570,no,1,,1,10199
441599,no,1,,1,10328
441600,no,1,,1,10328
441602,no,1,,1,10328
441607,no,1,,1,10199
441611,no,1,,1,10199
441612,no,1,,1,10199
441634,no,1,,1,10328
441636,no,1,,1,10199
441664,yes,1,,1,10199
441677,no,1,,1,10199
441689,no,1,,1,10199
441698,no,1,,1,10199
441714,no,1,,1,10199
441715,no,1,,1,10199
441734,no,1,,1,10199
441750,no,1,,2,"10199,10328"
441751,no,1,,1,10199
441791,yes,1,,1,10199
441798,no,1,,1,10199
441805,no,1,,1,10199
441810,no,1,,1,10199
441816,yes,1,,2,"10199,10328"
441825,no,1,,1,10199
441847,no,1,,1,10199
441929,no,1,,1,10199
441933,no,1,,1,10199
441944,no,1,,1,10328
441990,no,1,,1,10328
441992,no,1,,1,10199
442043,no,1,,1,10199
442044,no,1,,1,10328
442049,no,1,,1,10199
442089,no,1,,1,10199
442121,yes,1,,1,10199
442136,no,1,,1,10199
442153,no,1,,1,10328
442174,no,1,,1,10199
442175,no,1,,1,10199
442190,no,1,,1,10328
442207,no,1,,1,10199
442219,no,1,,1,10199
442221,no,1,,1,10199
442222,no,1,,1,10199
442225,no,1,,1,10199
442228,no,1,,1,10328
442244,no,1,,1,10328
442257,no,1,,1,10199
442262,no,1,,1,10199
442275,no,1,,1,10199
442276,no,1,,1,10199
442300,no,1,,1,10328
442313,no,1,,1,10199
442314,no,1,,1,10199
442316,no,1,,1,10199
442318,no,1,,1,10199
442319,no,1,,1,10199
442363,no,1,,1,10199
442368,no,1,,1,10199
442370,no,1,,1,10199
442371,no,1,,1,10199
442374,no,1,,1,10199
442375,no,1,,1,10199
442387,no,1,,1,10328
442392,no,1,,1,10328
442429,no,1,,2,"10199,10328"
442461,no,1,,1,10199
442466,no,1,,1,10328
442487,no,1,,1,10328
442514,no,1,,1,10199
442515,no,1,,1,10199
442516,no,1,,1,10199
442539,no,1,,1,10199
442542,no,1,,1,10328
442553,no,1,,1,10199
442560,no,1,,1,10199
442677,no,1,,1,10199
442697,no,1,,1,10199
442729,no,1,,1,10199
442730,no,1,,1,10199
442731,no,1,,1,10199
442743,no,1,,1,10328
442746,no,1,,2,"10199,10328"
442764,no,1,,1,10199
442768,no,1,,1,10199
442769,no,1,,1,10199
442770,no,1,,1,10199
442779,no,1,,1,10199
442831,no,1,,1,10199
442841,no,1,,1,10199
442864,no,1,,1,10199
442865,no,1,,1,10199
442867,no,1,,1,10199
442868,no,1,,1,10199
442873,no,1,,1,10199
442880,no,1,,1,10199
442923,no,1,,1,10199
442924,no,1,,1,10199
442925,no,1,,1,10199
442927,no,1,,1,10199
442930,no,1,,1,10199
442933,no,1,,1,10199
442943,no,1,,1,10328
442945,no,1,,1,10328
442948,no,1,,1,10328
442951,no,1,,1,10328
442968,no,1,,1,10328
442972,no,1,,1,10328
442973,no,1,,1,10328
442974,no,1,,1,10328
442975,no,1,,1,10199
442999,no,1,,1,10328
443073,no,1,,1,10199
443138,no,1,,1,10328
443139,no,1,,1,10199
443163,no,1,,1,10199
443164,no,1,,1,10199
443184,no,1,,1,10199
443190,no,1,,1,10199
443199,no,1,,1,10199
443219,no,1,,1,10199
443224,no,1,,1,10199
443249,no,1,,1,10199
443263,no,1,,1,10199
443266,yes,1,,1,10199
443301,no,1,,1,10199
443302,no,1,,1,10199
443346,no,1,,1,10199
443369,no,1,,1,10199
443371,no,1,,1,10199
443372,no,1,,1,10199
443373,no,1,,1,10199
443455,no,1,,1,10199
443510,no,1,,1,10199
443640,no,1,,1,10199
443656,no,1,,1,10199
443669,no,1,,1,10199
443677,no,1,,1,10199
443698,no,1,,1,10199
443713,no,1,,1,10199
443716,no,1,,1,10199
443721,no,1,,1,10199
443873,no,1,,1,10199
443924,no,1,,1,10199
444075,no,1,,1,10199
444110,no,1,,1,10199
444153,no,1,,1,10199
444209,no,1,,1,10199
444250,no,1,,1,10199
444253,no,1,,1,10199
444255,no,1,,1,10199
444341,no,1,,1,10199
444388,no,1,,1,10199
444391,no,1,,1,10199
444399,no,1,,1,10199
444411,no,1,,1,10199
444454,no,1,,1,10199
444503,no,1,,1,10199
444526,no,1,,1,10199
444607,no,1,,1,10199
444731,no,1,,1,10199
444745,yes,1,,1,10199
444748,no,1,,1,10199
444751,no,1,,1,10199
444756,no,1,,1,10199
444773,no,1,,1,10199
444795,no,1,,1,10199
444796,no,1,,1,10199
444797,no,1,,1,10199
444798,no,1,,1,10199
444800,no,1,,1,10199
444816,no,1,,1,10199
444826,no,1,,1,10199
444829,no,1,,1,10199
444830,no,1,,1,10199
444831,no,1,,1,10199
444835,no,1,,1,10199
444837,no,1,,1,10199
444847,no,1,,1,10199
444851,no,1,,1,10199
444868,no,1,,1,10199
444871,yes,1,,1,10199
444873,yes,1,,1,10199
444883,no,1,,1,10199
444893,no,1,,1,10199
444901,no,1,,1,10199
444904,no,1,,1,10199
444912,no,1,,1,10199
444917,no,1,,1,10199
444922,no,1,,1,10199
444924,no,1,,1,10199
444961,no,1,,1,10199
445010,no,1,,1,10199
445014,no,1,,1,10199
445015,no,1,,1,10199
445016,no,1,,1,10199
445024,no,1,,1,10199
445026,no,1,,1,10199
445031,no,1,,1,10199
445037,no,1,,1,10199
445038,no,1,,1,10199
445042,no,1,,1,10199
445043,no,1,,1,10199
445044,no,1,,1,10199
445045,no,1,,1,10199
445046,no,1,,1,10199
445049,no,1,,1,10199
445053,no,1,,1,10199
445079,no,1,,1,10199
445098,no,1,,1,10199
445107,no,1,,1,10199
445108,yes,1,,1,10199
445123,no,1,,1,10199
445130,no,1,,1,10199
445136,no,1,,1,10199
445141,no,1,,1,10199
445143,no,1,,1,10199
445144,no,1,,1,10199
445146,no,1,,1,10199
445147,no,1,,1,10199
445170,yes,1,,1,10199
445171,no,1,,1,10199
445175,no,1,,1,10199
445181,no,1,,1,10199
445191,no,1,,1,10199
445192,no,1,,1,10199
445213,no,1,,1,10199
445215,no,1,,1,10199
445217,no,1,,1,10199
445218,no,1,,1,10199
445220,no,1,,1,10199
445222,no,1,,1,10199
445224,no,1,,1,10199
445225,no,1,,1,10199
445226,no,1,,1,10199
445227,no,1,,1,10199
445282,no,1,,1,10199
445284,no,1,,1,10199
445311,no,1,,1,10199
445313,no,1,,1,10199
445341,no,1,,1,10199
445343,no,1,,1,10199
445470,no,1,,1,10199
445471,no,1,,1,10199
445472,no,1,,1,10199
445473,no,1,,1,10199
445510,yes,1,,1,10199
445528,no,1,,1,10199
445557,no,1,,1,10199
445571,no,1,,1,10199
445574,no,1,,1,10199
445591,yes,1,,1,10199
445608,no,1,,1,10199
445629,no,1,,1,10199
445706,no,1,,1,10199
445733,yes,1,,1,10199
445761,no,1,,1,10199
445803,no,1,,1,10199
445810,no,1,,1,10199
445844,yes,1,,1,10199
445855,no,1,,1,10199
445913,no,1,,1,10199
445926,yes,1,,1,10199
445935,no,1,,1,10199
445958,no,1,,1,10199
446076,yes,1,,1,10199
446113,no,1,,1,10199
446129,no,1,,1,10199
446130,no,1,,1,10199
446131,no,1,,1,10199
446139,no,1,,1,10199
446145,no,1,,1,10199
446148,no,1,,1,10199
446158,no,1,,1,10199
446160,no,1,,1,10199
446252,no,1,,1,10199
446295,no,1,,1,10199
446312,no,1,,1,10199
446316,yes,1,,1,10199
446320,yes,1,,1,10199
446327,no,1,,1,10199
446425,no,1,,1,10199
446464,no,1,,1,10199
446465,yes,1,,1,10199
446477,no,1,,1,10199
446487,no,1,,1,10199
446503,no,1,,1,10199
446512,no,1,,1,10199
446576,no,1,,1,10199
446577,no,1,,1,10199
446582,no,1,,1,10199
446585,no,1,,1,10199
446593,no,1,,1,10199
446599,no,1,,1,10199
446603,no,1,,1,10199
446624,no,1,,1,10199
446639,no,1,,1,10199
446667,no,1,,1,10199
446706,no,1,,1,10199
446707,no,1,,1,10199
446709,no,1,,1,10199
446710,no,1,,1,10199
446711,no,1,,1,10199
446716,no,1,,1,10199
446720,no,1,,1,10199
446732,no,1,,1,10199
446733,no,1,,1,10199
446743,no,1,,1,10199
446748,no,1,,1,10199
446755,no,1,,1,10199
446756,no,1,,1,10199
446757,yes,1,,1,10199
446765,no,1,,1,10199
446769,no,1,,1,10199
446770,no,1,,1,10199
446771,no,1,,1,10199
446773,no,1,,1,10199
446776,no,1,,1,10199
446781,no,1,,1,10199
446792,no,1,,1,10199
446793,no,1,,1,10199
446805,no,1,,1,10199
446883,no,1,,1,10199
446887,no,1,,1,10199
447057,no,1,,1,10199
447169,no,1,,1,10199
447173,no,1,,1,10199
447404,no,1,,1,10199
447445,no,1,,1,10199
447553,no,1,,1,10199
447566,no,1,,1,10199
448131,no,1,,1,10199
448233,no,1,,1,10199
448270,no,1,,1,10199
448788,no,1,,1,10199
448869,no,1,,1,10199
448934,no,1,,1,10199
449185,yes,1,,1,10199
449236,no,1,,1,10199
449312,no,1,,1,10199
449339,no,1,,1,10199
449426,no,1,,1,10199
449455,no,1,,1,10199
449559,no,1,,1,10199
449571,no,1,,1,10199
449604,no,1,,1,10199
449625,no,1,,1,10199
449626,no,1,,1,10199
449631,no,1,,1,10199
449653,no,1,,1,10199
449724,no,1,,1,10199
449743,no,1,,1,10199
449765,no,1,,1,10199
449773,no,1,,1,10199
449777,no,1,,1,10199
449780,no,1,,1,10199
449782,no,1,,1,10199
449787,no,1,,1,10199
449791,no,1,,1,10199
449811,no,1,,1,10199
449813,no,1,,1,10199
449824,no,1,,1,10199
449835,no,1,,1,10199
449860,no,1,,1,10199
449883,no,1,,1,10199
449893,no,1,,1,10199
449898,no,1,,1,10199
449962,no,1,,1,10199
449977,no,1,,1,10199
449989,no,1,,1,10199
450076,no,1,,1,10199
450098,no,1,,1,10199
450172,no,1,,1,10199
450239,no,1,,1,10199
450990,no,1,,1,10199
450991,no,1,,1,10199
451000,no,1,,1,10199
451001,no,1,,1,10199
451005,no,1,,1,10199
451007,no,1,,1,10199
451014,no,1,,1,10199
451390,no,1,,1,10199
451737,no,1,,1,10199
451744,no,1,,1,10199
451765,no,1,,1,10199
451766,no,1,,1,10199
451767,no,1,,1,10199
451891,no,1,,1,10199
451895,no,1,,1,10199
451896,no,1,,1,10199
451939,no,1,,1,10199
451943,no,1,,1,10199
451955,no,1,,1,10199
451977,no,1,,1,10199
452014,no,1,,1,10199
452159,no,1,,1,10199
452162,no,1,,1,10199
452177,no,1,,1,10199
452188,no,1,,1,10199
452190,no,1,,1,10199
452224,no,1,,1,10199
452255,no,1,,1,10199
452256,no,1,,1,10199
452297,no,1,,1,10199
452321,no,1,,1,10199
452365,no,1,,1,10199
452464,no,1,,1,10199
452482,no,1,,1,10199
452487,no,1,,1,10199
452514,no,1,,1,10199
452536,no,1,,1,10199
452537,no,1,,1,10199
452576,no,1,,1,10199
452606,no,1,,1,10199
452608,no,1,,1,10199
452752,no,1,,1,10199
452768,no,1,,1,10199
452789,no,1,,1,10199
452808,yes,1,,1,10199
452817,no,1,,1,10199
453399,no,1,,1,10199
453422,no,1,,1,10199
453423,no,1,,1,10199
453469,no,1,,1,10199
453693,no,1,,1,10199
453705,no,1,,1,10199
454118,no,1,,1,10199
454192,no,1,,1,10199
454258,no,1,,1,10199
454260,no,1,,1,10199
454316,no,1,,1,10199
454417,no,1,,1,10199
454610,no,1,,1,10199
455127,no,1,,1,10199
455147,no,1,,1,10199
455460,no,1,,1,10199
455473,no,1,,1,10199
455492,no,1,,1,10199
455512,no,1,,1,10199
455571,no,1,,1,10199
455614,no,1,,1,10199
455852,no,1,,1,10199
456008,no,1,,1,10199
456012,no,1,,1,10199
456019,no,1,,1,10199
456040,no,1,,1,10199
456050,no,1,,1,10199
456052,no,1,,1,10199
456066,no,1,,1,10199
456082,no,1,,1,10199
456085,no,1,,1,10199
456267,no,1,,1,10199
456869,no,1,,1,10199
457198,no,1,,1,10199
457317,no,1,,1,10199
457338,no,1,,1,10199
457379,no,1,,1,10199
457525,no,1,,1,10199
458171,no,1,,1,10199
458172,no,1,,1,10199
458173,yes,1,,1,10199
458174,no,1,,1,10199
458175,no,1,,1,10199
458176,no,1,,1,10199
458177,no,1,,1,10199
458178,no,1,,1,10199
458179,no,1,,1,10199
458180,no,1,,1,10199
458181,no,1,,1,10199
458182,no,1,,1,10199
458183,no,1,,1,10199
458184,no,1,,1,10199
458185,no,1,,1,10199
458186,yes,1,,1,10199
458187,no,1,,1,10199
458188,no,1,,1,10199
458189,no,1,,1,10199
458190,no,1,,1,10199
458191,no,1,,1,10199
458192,no,1,,1,10199
458193,no,1,,1,10199
458194,no,1,,1,10199
458195,no,1,,1,10199
458196,no,1,,1,10199
458197,no,1,,1,10199
458198,no,1,,1,10199
458199,no,1,,1,10199
458200,no,1,,1,10199
458201,no,1,,1,10199
458202,no,1,,1,10199
458203,no,1,,1,10199
458204,no,1,,1,10199
458205,no,1,,1,10199
458206,no,1,,1,10199
458207,no,1,,1,10199
458208,no,1,,1,10199
458209,no,1,,1,10199
458210,yes,1,,1,10199
458211,no,1,,1,10199
458212,no,1,,1,10199
458213,no,1,,1,10199
458214,no,1,,1,10199
458215,no,1,,1,10199
458216,no,1,,1,10199
458217,no,1,,1,10199
458218,no,1,,1,10199
458219,no,1,,1,10199
458220,no,1,,1,10199
458221,no,1,,1,10199
458222,no,1,,1,10199
458223,no,1,,1,10199
458224,no,1,,1,10199
458225,no,1,,1,10199
458226,no,1,,1,10199
458227,no,1,,1,10199
458228,no,1,,1,10199
458229,no,1,,1,10199
458230,no,1,,1,10199
458231,no,1,,1,10199
458232,no,1,,1,10199
458233,no,1,,1,10199
458234,no,1,,1,10199
458235,no,1,,1,10199
458236,no,1,,1,10199
458237,no,1,,1,10199
458238,no,1,,1,10199
458239,no,1,,1,10199
458240,no,1,,1,10199
471358,no,1,,1,10328
