ref_ID,list_ID,entity_ID,work_author,work_ID,genus_ID,work_species,questionable,native,quest_native,naturalized,endemic_ref,quest_end_ref,endemic_list,quest_end_list,cons_status
10060,10132,10132,(Benth.) Barneby & J.W.Grimes,107784,952,Abarema langsdorffii,,1,0,0,,,,,
10060,10132,10132,M.H.Alford,49058,881,Abatia angeliana,,1,0,0,,,,,
10060,10132,10132,(Burm.f.) Kral,438102,13710,Abildgaardia ovata,,1,0,0,,,,,
10060,10132,10132,Eichler,107785,7863,Abuta selloana,,1,0,0,,,,,
10060,10132,10132,(K.Schum.) Donnell,343632,14665,Callianthe amoena,,1,0,0,,,,,
10060,10132,10132,(Hook.f.) Donnell,341984,14665,Callianthe darwinii,,0,1,0,,,,,
10060,10132,10132,(Vell.) Donnell,344125,14665,Callianthe fluviatilis,,1,0,0,,,,,
10060,10132,10132,(Willd.) Sweet,72,961,Abutilon grandifolium,,1,0,0,,,,,
10060,10132,10132,(A.Spreng.) Dorr,297343,14665,Callianthe megapotamica,,1,0,0,,,,,
10060,10132,10132,(Garcke & K.Schum.) Donnell,338902,14665,Callianthe muelleri-friderici,,1,0,0,,,,,
10060,10132,10132,(A.St.-Hil.) Donnell,344346,14665,Callianthe rufinerva,,1,0,0,,,,,
10060,10132,10132,(Klotzsch) Donnell,338905,14665,Callianthe sellowiana,,0,1,0,,,,,
10060,10132,10132,A.St.-Hil.,49093,961,Abutilon umbelliflorum,,1,0,0,,,,,
10060,10132,10132,(É.Morren) Donnell,448980,14665,Callianthe vexillaria,,1,0,0,,,,,
10060,10132,10132,(Burkart) Seigler & Ebinger,341012,7253,Senegalia catharinensis,,1,0,0,,,,,
10060,10132,10132,(Benth.) Seigler & Ebinger,313969,7253,Senegalia lacerans,,1,0,0,,,,,
10060,10132,10132,(Andrews) Willd.,166,962,Acacia longifolia,,0,0,1,,,,,
10060,10132,10132,(Burkart) Seigler & Ebinger,342792,7253,Senegalia magnibracteosa,,1,0,0,,,,,
10060,10132,10132,(Steud.) Bocage & L.P.Queiroz,68073,7253,Senegalia martiusiana,,1,0,0,,,,,
10060,10132,10132,(Speg.) Seigler & Ebinger,298497,7253,Senegalia nitidifolia,,1,0,0,,,,,
10060,10132,10132,(L.Rico) Seigler & Ebinger,298494,7253,Senegalia lowei,,1,0,0,,,,,
10060,10132,10132,(Benth.) Seigler & Ebinger,341021,7253,Senegalia recurva,,1,0,0,,,,,
10060,10132,10132,(Griseb.) Seigler & Ebinger,444742,7253,Senegalia tucumanensis,,1,0,0,,,,,
10060,10132,10132,(DC.) Bocage & L.P.Queiroz,68075,7253,Senegalia velutina,,1,0,0,,,,,
10060,10132,10132,(DC.) Bocage & L.P.Queiroz,68075,7253,Senegalia velutina,,1,0,0,,,,,
10060,10132,10132,Cham. & Schltdl.,106819,964,Acaena eupatoria,,1,0,0,,,,,
10060,10132,10132,Müll.Arg.,105878,965,Acalypha brasiliensis,,1,0,0,,,,,
10060,10132,10132,Müll.Arg.,49021,965,Acalypha communis,,1,0,0,,,,,
10060,10132,10132,Spreng.,49022,965,Acalypha gracilis,,1,0,0,,,,,
10060,10132,10132,Spreng.,319,965,Acalypha poiretii,,1,0,0,,,,,
10060,10132,10132,L.B.Sm. & Downs,110628,965,Acalypha uleana,,1,0,0,,,,,
10060,10132,10132,(Loefl.) Kuntze,361,973,Acanthospermum australe,,1,0,0,,,,,
10060,10132,10132,DC.,362,973,Acanthospermum hispidum,,1,0,0,,,,,
10060,10132,10132,(O.Berg) O.Berg,438142,15785,Feijoa sellowiana,,1,0,0,,,,,
10060,10132,10132,Griseb.,48890,7286,Achatocarpus praecox,,1,0,0,,,,,
10060,10132,10132,(Cham. & Schltdl.) Wettst.,107796,978,Achetaria ocymoides,,1,0,0,,,,,
10060,10132,10132,L.,418,979,Achillea millefolium,,0,0,0,,,,,
10060,10132,10132,(Kunth) DC.,52148,985,Achyrocline alata,,1,0,0,,,,,
10060,10132,10132,(Weinm.) DC.,48920,985,Achyrocline flaccida,,1,0,0,,,,,
10060,10132,10132,(Baker) Deble & Marchiori,449032,985,Achyrocline gardneri,,1,0,0,,,,,
10060,10132,10132,(Lam.) DC.,445079,985,Achyrocline saturejoides,,1,0,0,,,,,
10060,10132,10132,(Kraenzl.) Porto & Brade,107800,5651,Pleurothallis alborosea,,1,0,0,,,,,
10060,10132,10132,(Lindl.) Pridgeon & M.W.Chase,72180,988,Acianthera aphthosa,,1,0,0,,,,,
10060,10132,10132,(Lindl.) Pridgeon & M.W.Chase,110630,988,Acianthera bicarinata,,1,0,0,,,,,
10060,10132,10132,(Hoehne) Pridgeon & M.W.Chase,107802,988,Acianthera brachiloba,,1,0,0,,,,,
10060,10132,10132,Luer & Toscano,110631,988,Acianthera echinosa,,1,0,0,,,,,
10060,10132,10132,(Barb.Rodr.) Pridgeon & M.W.Chase,107804,988,Acianthera exarticulata,,1,0,0,,,,,
10060,10132,10132,(Lindl.) Luer,107805,988,Acianthera glanduligera,,1,0,0,,,,,
10060,10132,10132,(Lindl.) Pridgeon & M.W.Chase,107806,988,Acianthera glumacea,,1,0,0,,,,,
10060,10132,10132,(Rchb.f.) F.Barros,107808,988,Acianthera hoffmannseggiana,,1,0,0,,,,,
10060,10132,10132,(Rchb.f.) Pridgeon & M.W.Chase,106823,988,Acianthera klotzschiana,,1,0,0,,,,,
10060,10132,10132,(Lindl.) Pridgeon & M.W.Chase,106824,988,Acianthera luteola,,1,0,0,,,,,
10060,10132,10132,(Barb.Rodr.) Pridgeon & M.W.Chase,107809,988,Acianthera macropoda,,1,0,0,,,,,
10060,10132,10132,(Barb.Rodr.) F.Barros,106825,988,Acianthera macuconensis,,1,0,0,,,,,
10060,10132,10132,(Pabst) Pridgeon & M.W.Chase,110632,988,Acianthera murexoidea,,1,0,0,,,,,
10060,10132,10132,(Barb.Rodr.) F.Barros,107812,988,Acianthera oligantha,,1,0,0,,,,,
10060,10132,10132,(Barb.Rodr.) Pridgeon & M.W.Chase,107813,988,Acianthera panduripetala,,1,0,0,,,,,
10060,10132,10132,(Rchb.f.) Pridgeon & M.W.Chase,107814,988,Acianthera pardipes,,1,0,0,,,,,
10060,10132,10132,(Lindl.) Pridgeon & M.W.Chase,449,988,Acianthera pubescens,,1,0,0,,,,,
10060,10132,10132,(Lindl.) Pridgeon & M.W.Chase,49297,988,Acianthera recurva,,1,0,0,,,,,
10060,10132,10132,(Barb.Rodr.) Pridgeon & M.W.Chase,105882,988,Acianthera crinita,,1,0,0,,,,,
10060,10132,10132,(Rchb.f.) Pridgeon & M.W.Chase,106826,988,Acianthera saundersiana,,1,0,0,,,,,
10060,10132,10132,(G.Lodd.) Pridgeon & M.W.Chase,107816,988,Acianthera saurocephala,,1,0,0,,,,,
10060,10132,10132,(Rchb.f.) Pridgeon & M.W.Chase,106827,988,Acianthera sonderiana,,1,0,0,,,,,
10060,10132,10132,(Lindl.) Luer,202677,988,Acianthera breviflora,,1,0,0,,,,,
10060,10132,10132,(Lindl.) Pridgeon & M.W.Chase,107817,988,Acianthera strupifolia,,1,0,0,,,,,
10060,10132,10132,(Barb.Rodr.) Luer,110634,988,Acianthera translucida,,1,0,0,,,,,
10060,10132,10132,(Poepp. & Endl.) Pridgeon & M.W.Chase,107818,988,Acianthera tricarinata,,1,0,0,,,,,
10060,10132,10132,(Klotzsch) Pridgeon & M.W.Chase,107821,988,Acianthera wageneriana,,1,0,0,,,,,
10060,10132,10132,Less.,103287,990,Acicarpha procumbens,,1,0,0,,,,,
10060,10132,10132,R.Br.,448762,990,Acicarpha spathulata,,1,0,0,,,,,
10060,10132,10132,Juss.,472,990,Acicarpha tribuloides,,1,0,0,,,,,
10060,10132,10132,(DC.) Triana,446661,998,Acisanthera alsinefolia,,1,0,0,,,,,
10060,10132,10132,(DC.) Triana,446661,998,Acisanthera alsinefolia,,1,0,0,,,,,
10060,10132,10132,(DC.) Triana,446661,998,Acisanthera alsinefolia,,1,0,0,,,,,
10060,10132,10132,Triana,67738,998,Acisanthera variabilis,,1,0,0,,,,,
10060,10132,10132,(Sm.) R.K.Jansen,71462,1000,Acmella bellidioides,,1,0,0,,,,,
10060,10132,10132,R.K.Jansen,48922,1000,Acmella serratifolia,,1,0,0,,,,,
10060,10132,10132,(L.) J.M.H.Shaw,438174,3951,Iochroma arborescens,,1,0,0,,,,,
10060,10132,10132,(Henrard) Zuloaga & Morrone,72186,1014,Acroceras excavatum,,1,0,0,,,,,
10060,10132,10132,(Kunth) Dandy,593,1014,Acroceras zizanioides,,1,0,0,,,,,
10060,10132,10132,L.,633,1021,Acrostichum aureum,,1,0,0,,,,,
10060,10132,10132,Langsd. & Fisch.,634,1021,Acrostichum danaeifolium,,1,0,0,,,,,
10060,10132,10132,(Bong.) Kunth,445100,5238,Paepalanthus polyanthus,,1,0,0,,,,,
10060,10132,10132,(Mart.) C.Presl,110023,1037,Actinostachys subtrijuga,,1,0,0,,,,,
10060,10132,10132,(Spreng.) Müll.Arg.,49025,1038,Actinostemon concolor,,1,0,0,,,,,
10060,10132,10132,Miers,448763,1052,Adenocalymma acutissimum,,1,0,0,,,,,
10060,10132,10132,Kraenzl.,107825,1052,Adenocalymma dusenii,,1,0,0,,,,,
10060,10132,10132,(Cham.) DC.,48970,1052,Adenocalymma marginatum,,1,0,0,,,,,
10060,10132,10132,(Sandwith) Udulutsch & Assis,448981,1052,Adenocalymma apterospermum,,1,0,0,,,,,
10060,10132,10132,Miers,106828,1052,Adenocalymma scansile,,1,0,0,,,,,
10060,10132,10132,Cass.,767,1064,Adenostemma brasilianum,,1,0,0,,,,,
10060,10132,10132,Kuntze,773,1064,Adenostemma verbesina,,1,0,0,,,,,
10060,10132,10132,Burkart,107828,7587,Adesmia araujoi,,1,0,0,,,,,
10060,10132,10132,Miotto,107829,7587,Adesmia arillata,,1,0,0,,,,,
10060,10132,10132,Vogel,107830,7587,Adesmia ciliata,,1,0,0,,,,,
10060,10132,10132,(Spreng.) Vogel,103291,7587,Adesmia latifolia,,1,0,0,,,,,
10060,10132,10132,Burkart,107831,7587,Adesmia paranensis,,1,0,0,,,,,
10060,10132,10132,Vogel,107832,7587,Adesmia psoraleoides,,1,0,0,,,,,
10060,10132,10132,DC.,103294,7587,Adesmia punctata,,1,0,0,,,,,
10060,10132,10132,DC.,103294,7587,Adesmia punctata,,1,0,0,,,,,
10060,10132,10132,Burkart,110635,7587,Adesmia reitziana,,1,0,0,,,,,
10060,10132,10132,Burkart,107833,7587,Adesmia rocinhensis,,1,0,0,,,,,
10060,10132,10132,Miotto,107834,7587,Adesmia sulina,,1,0,0,,,,,
10060,10132,10132,Vogel,107835,7587,Adesmia tristis,,1,0,0,,,,,
10060,10132,10132,Miotto,107836,7587,Adesmia vallsii,,1,0,0,,,,,
10060,10132,10132,(Sw.) Christenh.,444725,3727,Hemionitis chlorophylla,,1,0,0,,,,,
10060,10132,10132,(Sehnem) Christenh.,448764,3727,Hemionitis occulta,,1,0,0,,,,,
10060,10132,10132,(Sehnem) Christenh.,448983,3727,Hemionitis perfasciculata,,1,0,0,,,,,
10060,10132,10132,(L.) Christenh.,438198,3727,Hemionitis radiata,,1,0,0,,,,,
10060,10132,10132,Schrad.,107838,1069,Adiantum abscissum,,1,0,0,,,,,
10060,10132,10132,Kaulf.,107839,1069,Adiantum curvatum,,1,0,0,,,,,
10060,10132,10132,Hook.,72203,1069,Adiantum digitatum,,1,0,0,,,,,
10060,10132,10132,Lindm.,72208,1069,Adiantum incertum,,1,0,0,,,,,
10060,10132,10132,Sw.,110636,1069,Adiantum intermedium,,1,0,0,,,,,
10060,10132,10132,Lam.,816,1069,Adiantum latifolium,,1,0,0,,,,,
10060,10132,10132,Hieron.,48866,1069,Adiantum lorentzii,,1,0,0,,,,,
10060,10132,10132,Kunze & Ettingsh.,72211,1069,Adiantum pectinatum,,1,0,0,,,,,
10060,10132,10132,L.,844,1069,Adiantum trapeziforme,,1,0,0,,,,,
10060,10132,10132,Desv.,829,1069,Adiantum petiolatum,,1,0,0,,,,,
10060,10132,10132,Wikstr.,831,1069,Adiantum poiretii,,1,0,0,,,,,
10060,10132,10132,Hieron.,48867,1069,Adiantum pseudotinctum,,1,0,0,,,,,
10060,10132,10132,C.Presl,836,1069,Adiantum raddianum,,1,0,0,,,,,
10060,10132,10132,Kunze ex Miq.,54376,1069,Adiantum terminatum,,1,0,0,,,,,
10060,10132,10132,Reitz,110637,1076,Aechmea apocalyptica,,1,0,0,,,,,
10060,10132,10132,(L.B.Sm.) Aguirre-Santoro,449033,19962,Wittmackia bicolor,,1,0,0,,,,,
10060,10132,10132,Reitz,110639,1076,Aechmea blumenavii,,1,0,0,,,,,
10060,10132,10132,Reitz,110639,1076,Aechmea blumenavii,,1,0,0,,,,,
10060,10132,10132,(Rudge) Baker ex Benth. & Hook.f.,53612,1076,Aechmea bromeliifolia,,1,0,0,,,,,
10060,10132,10132,(É.Morren) Baker,49245,1076,Aechmea calyculata,,1,0,0,,,,,
10060,10132,10132,É.Morren ex Baker,110640,1076,Aechmea candida,,1,0,0,,,,,
10060,10132,10132,Lindm.,107842,1076,Aechmea caudata,,1,0,0,,,,,
10060,10132,10132,(K.Koch) Jacob-Makoy,107843,1076,Aechmea coelestis,,1,0,0,,,,,
10060,10132,10132,Lindm.,107844,1076,Aechmea cylindrata,,1,0,0,,,,,
10060,10132,10132,Lem.,49246,1076,Aechmea distichantha,,1,0,0,,,,,
10060,10132,10132,Wittm.,107845,1076,Aechmea gamosepala,,1,0,0,,,,,
10060,10132,10132,Wittm.,107845,1076,Aechmea gamosepala,,1,0,0,,,,,
10060,10132,10132,Reitz,110641,1076,Aechmea kertesziae,,1,0,0,,,,,
10060,10132,10132,Reitz,110641,1076,Aechmea kertesziae,,1,0,0,,,,,
10060,10132,10132,Reitz,110642,1076,Aechmea kleinii,,1,0,0,,,,,
10060,10132,10132,Philcox,110643,1076,Aechmea leppardii,,1,0,0,,,,,
10060,10132,10132,(Beer) Baker,110644,1076,Aechmea comata,,1,0,0,,,,,
10060,10132,10132,(Beer) Baker,110644,1076,Aechmea comata,,1,0,0,,,,,
10060,10132,10132,(L.) Griseb.,880,1076,Aechmea nudicaulis,,1,0,0,,,,,
10060,10132,10132,(L.) Griseb.,880,1076,Aechmea nudicaulis,,1,0,0,,,,,
10060,10132,10132,(L.) Griseb.,880,1076,Aechmea nudicaulis,,1,0,0,,,,,
10060,10132,10132,Wawra,107848,1076,Aechmea organensis,,1,0,0,,,,,
10060,10132,10132,(Gaudich. ex Beer) Baker,107849,1076,Aechmea ornata,,1,0,0,,,,,
10060,10132,10132,(Gaudich. ex Beer) Baker,107849,1076,Aechmea ornata,,1,0,0,,,,,
10060,10132,10132,(Gaudich. ex Beer) Baker,107849,1076,Aechmea ornata,,1,0,0,,,,,
10060,10132,10132,Baker,107850,1076,Aechmea pectinata,,1,0,0,,,,,
10060,10132,10132,Reitz,110645,1076,Aechmea pimenti-velosoi,,1,0,0,,,,,
10060,10132,10132,Reitz,110645,1076,Aechmea pimenti-velosoi,,1,0,0,,,,,
10060,10132,10132,(Klotzsch) L.B.Sm.,49247,1076,Aechmea recurvata,,1,0,0,,,,,
10060,10132,10132,(Klotzsch) L.B.Sm.,49247,1076,Aechmea recurvata,,1,0,0,,,,,
10060,10132,10132,(Klotzsch) L.B.Sm.,49247,1076,Aechmea recurvata,,1,0,0,,,,,
10060,10132,10132,Leme & Fraga,110646,1076,Aechmea rubroaristata,,1,0,0,,,,,
10060,10132,10132,Vell.,49229,1081,Aegiphila brachiata,,1,0,0,,,,,
10060,10132,10132,(Jacq.) B.D.Jacks.,54382,1081,Aegiphila integrifolia,,1,0,0,,,,,
10060,10132,10132,Vell.,107852,1081,Aegiphila obducta,,1,0,0,,,,,
10060,10132,10132,Vell.,72244,1081,Aegiphila verticillata,,1,0,0,,,,,
10060,10132,10132,(Schltdl. & Cham.) D.B.O.S.Cardoso & A.Delgado,438217,19964,Ctenodon elegans,,1,0,0,,,,,
10060,10132,10132,"(Poir.) D.B.O.S.Cardoso, P.L.R.Moraes & H.C.Lima",444619,19964,Ctenodon falcatus,,1,0,0,,,,,
10060,10132,10132,Abruzzi de Oliveira,110032,1095,Aeschynomene fructipendula,,1,0,0,,,,,
10060,10132,10132,Vogel,107853,1095,Aeschynomene selloi,,1,0,0,,,,,
10060,10132,10132,Sw.,996,1095,Aeschynomene sensitiva,,1,0,0,,,,,
10060,10132,10132,(Cham. & Schltdl.) D'Arcy,102887,1105,Agalinis communis,,1,0,0,,,,,
10060,10132,10132,(Cham. & Schltdl.) D'Arcy,103296,1105,Agalinis genistifolia,,1,0,0,,,,,
10060,10132,10132,(Cham. & Schltdl.) D'Arcy,55975,1105,Agalinis linarioides,,1,0,0,,,,,
10060,10132,10132,(Cham.) G.Don,67583,1110,Agarista chlorantha,,1,0,0,,,,,
10060,10132,10132,(Cham. & Schltdl.) G.Don,110033,1110,Agarista eucalyptoides,,1,0,0,,,,,
10060,10132,10132,(Glaz. ex Sleumer) Judd,110034,1110,Agarista minensis,,1,0,0,,,,,
10060,10132,10132,(Sleumer) Judd,107855,1110,Agarista niederleinii,,1,0,0,,,,,
10060,10132,10132,(Sleumer) Judd,107855,1110,Agarista niederleinii,,1,0,0,,,,,
10060,10132,10132,(Cham.) G.Don,110035,1110,Agarista nummularia,,1,0,0,,,,,
10060,10132,10132,G.Don,107856,1110,Agarista pulchella,,1,0,0,,,,,
10060,10132,10132,(Hack.) Clayton,105267,9860,Agenium leptocladum,,1,0,0,,,,,
10060,10132,10132,(Nees) Pilg.,80667,9860,Agenium villosum,,1,0,0,,,,,
10060,10132,10132,L.,1130,1119,Ageratum conyzoides,,1,0,0,,,,,
10060,10132,10132,Griseb.,49136,7311,Agonandra excelsa,,1,0,0,,,,,
10060,10132,10132,Bong. ex C.A.Mey.,342979,1127,Agrimonia hirsuta,,1,0,0,,,,,
10060,10132,10132,Aiton,1187,1127,Agrimonia parviflora,,0,0,0,,,,,
10060,10132,10132,Cham. & Schltdl.,106830,1127,Agrimonia villosa,,1,0,0,,,,,
10060,10132,10132,Roseng.,107735,1130,Agrostis lenis,,1,0,0,,,,,
10060,10132,10132,Spreng. ex Nees,92097,1130,Agrostis montevidensis,,1,0,0,,,,,
10060,10132,10132,Spreng. ex Nees,92097,1130,Agrostis montevidensis,,1,0,0,,,,,
10060,10132,10132,Kosterm.,110647,9079,Aiouea acarodomatifera,,1,0,0,,,,,
10060,10132,10132,Meisn.,107859,9079,Aiouea saligna,,1,0,0,,,,,
10060,10132,10132,(Brack.) Christenh.,448765,3553,Grammitis reclinata,,1,0,0,,,,,
10060,10132,10132,(Lindl.) M.W.Chase & N.H.Williams,84738,3518,Gomesa ciliata,,1,0,0,,,,,
10060,10132,10132,(Lindl.) M.W.Chase & N.H.Williams,110648,3518,Gomesa macropetala,,1,0,0,,,,,
10060,10132,10132,(Rchb.f.) M.W.Chase & N.H.Williams,110036,3518,Gomesa micropogon,,1,0,0,,,,,
10060,10132,10132,Barneby & J.W.Grimes,107862,1150,Albizia burkartiana,,1,0,0,,,,,
10060,10132,10132,(Hoehne) Barneby & J.W.Grimes,49041,1150,Albizia edwallii,,1,0,0,,,,,
10060,10132,10132,(Spruce ex Benth.) Burkart,1383,1150,Albizia niopoides,,1,0,0,,,,,
10060,10132,10132,Poepp.,49026,1154,Alchornea glandulosa,,1,0,0,,,,,
10060,10132,10132,Müll.Arg.,106831,1154,Alchornea sidifolia,,1,0,0,,,,,
10060,10132,10132,(Spreng.) Müll.Arg.,68057,1154,Alchornea triplinervia,,1,0,0,,,,,
10060,10132,10132,(DC.) E.E.Schill. & Panero,103298,9263,Aldama anchusifolia,,1,0,0,,,,,
10060,10132,10132,(H.Rob. & A.J.Moore) E.E.Schill. & Panero,110040,9263,Aldama santacatarinensis,,1,0,0,,,,,
10060,10132,10132,(S.F.Blake) E.E.Schill. & Panero,110649,9263,Aldama subdentata,,1,0,0,,,,,
10060,10132,10132,Pohl,1465,1167,Allamanda schottii,,1,0,0,,,,,
10060,10132,10132,"(A.St.-Hil., A.Juss. & Cambess.) Radlk.",1612,1179,Allophylus edulis,,1,0,0,,,,,
10060,10132,10132,(A.St.-Hil.) Radlk.,49187,1179,Allophylus guaraniticus,,1,0,0,,,,,
10060,10132,10132,Radlk.,445571,1179,Allophylus petiolulatus,,1,0,0,,,,,
10060,10132,10132,Moldenke,107865,1190,Aloysia dusenii,,1,0,0,,,,,
10060,10132,10132,(Ruiz & Pav.) Juss.,1700,1190,Aloysia virgata,,1,0,0,,,,,
10060,10132,10132,Schott,68149,8981,Alseis floribunda,,1,0,0,,,,,
10060,10132,10132,(L.f.) S.Y.Dong,446980,3610,Gymnosphaera capensis,,1,0,0,,,,,
10060,10132,10132,Kaulf.,48845,1199,Alsophila setosa,,1,0,0,,,,,
10060,10132,10132,(Pohl) D.S.Conant,107869,1199,Alsophila sternbergii,,1,0,0,,,,,
10060,10132,10132,M.C.Assis,107870,1201,Alstroemeria amabilis,,1,0,0,,,,,
10060,10132,10132,Baker,106834,1201,Alstroemeria apertiflora,,1,0,0,,,,,
10060,10132,10132,Herb.,107872,1201,Alstroemeria inodora,,1,0,0,,,,,
10060,10132,10132,Herb.,448529,1201,Alstroemeria isabelleana,,1,0,0,,,,,
10060,10132,10132,Kraenzl.,107873,1201,Alstroemeria malmeana,,1,0,0,,,,,
10060,10132,10132,Seub.,107875,1201,Alstroemeria sellowiana,,1,0,0,,,,,
10060,10132,10132,(Mart.) Chodat & Hassl.,1840,1202,Alternanthera ramosissima,,1,0,0,,,,,
10060,10132,10132,(L.) Kuntze,1814,1202,Alternanthera brasiliana,,1,0,0,,,,,
10060,10132,10132,Kunth,1822,1202,Alternanthera flavescens,,1,0,0,,,,,
10060,10132,10132,P.Beauv.,1830,1202,Alternanthera littoralis,,1,0,0,,,,,
10060,10132,10132,R.E.Fr.,106836,1202,Alternanthera micrantha,,1,0,0,,,,,
10060,10132,10132,A.St.-Hil.,1834,1202,Alternanthera paronychioides,,1,0,0,,,,,
10060,10132,10132,(Mart.) Griseb.,1835,1202,Alternanthera philoxeroides,,1,0,0,,,,,
10060,10132,10132,Kunth,1822,1202,Alternanthera flavescens,,1,0,0,,,,,
10060,10132,10132,Briq.,53553,1202,Alternanthera reineckii,,1,0,0,,,,,
10060,10132,10132,(L.) R.Br. ex DC.,1843,1202,Alternanthera sessilis,,1,0,0,,,,,
10060,10132,10132,Aubl.,72320,1213,Amaioua guianensis,,1,0,0,,,,,
10060,10132,10132,L.,1935,1216,Amaranthus cruentus,,0,0,0,,,,,
10060,10132,10132,L.,1941,1216,Amaranthus hybridus,,0,0,0,,,,,
10060,10132,10132,L.,1954,1216,Amaranthus spinosus,,1,0,0,,,,,
10060,10132,10132,L.,1959,1216,Amaranthus viridis,,1,0,0,,,,,
10060,10132,10132,Lindl.,67826,3135,Epidendrum tridactylum,,1,0,0,,,,,
10060,10132,10132,L.,1979,1225,Ambrosia artemisiifolia,,1,0,0,,,,,
10060,10132,10132,Hook. & Arn.,103302,1225,Ambrosia scabra,,1,0,0,,,,,
10060,10132,10132,Spreng.,1996,1225,Ambrosia tenuifolia,,1,0,0,,,,,
10060,10132,10132,Heer & Regel,2021,1233,Ammannia robusta,,1,0,0,,,,,
10060,10132,10132,L.,2025,1234,Ammi majus,,0,0,0,,,,,
10060,10132,10132,Gaertn.,438362,15795,Visnaga daucoides,,0,0,0,,,,,
10060,10132,10132,(Döll) Swallen,444767,1253,Amphibromus quadridentulus,,1,0,0,,,,,
10060,10132,10132,(L.) L.G.Lohmann,2080,1255,Amphilophium crucigerum,,1,0,0,,,,,
10060,10132,10132,(Cham.) L.G.Lohmann,107878,1255,Amphilophium dolichoides,,1,0,0,,,,,
10060,10132,10132,(Kraenzl.) L.G.Lohmann,107879,1255,Amphilophium dusenianum,,1,0,0,,,,,
10060,10132,10132,(Vahl) L.G.Lohmann,54595,1255,Amphilophium elongatum,,1,0,0,,,,,
10060,10132,10132,(L.) Kunth,2084,1255,Amphilophium paniculatum,,1,0,0,,,,,
10060,10132,10132,(L.) U.Manns & Anderb.,438386,4439,Lysimachia arvensis,,0,0,0,,,,,
10060,10132,10132,(Cham. & Schltdl.) U.Manns & Anderb.,444753,4439,Lysimachia filiformis,,1,0,0,,,,,
10060,10132,10132,(L.) Merr.,2164,1278,Ananas comosus,,1,0,0,,,,,
10060,10132,10132,(L.) Merr.,2164,1278,Ananas comosus,,1,0,0,,,,,
10060,10132,10132,(Pabst) F.Barros,67878,1284,Anathallis bleyensis,,1,0,0,,,,,
10060,10132,10132,(Porto & Brade) F.Barros & Barberena,110650,1284,Anathallis bocainensis,,1,0,0,,,,,
10060,10132,10132,(Pabst) F.Barros & Barberena,110651,1284,Anathallis globifera,,0,1,0,,,,,
10060,10132,10132,(Barb.Rodr.) F.Barros & F.Pinheiro,110652,1284,Anathallis imbricata,,1,0,0,,,,,
10060,10132,10132,(Pabst) Luer,107886,1284,Anathallis kleinii,,1,0,0,,,,,
10060,10132,10132,Luer & Toscano,110653,1284,Anathallis klingelfusii,,1,0,0,,,,,
10060,10132,10132,(Cogn.) Pridgeon & M.W.Chase,49294,1284,Anathallis linearifolia,,1,0,0,,,,,
10060,10132,10132,(Barb.Rodr.) C.O.Azevedo & Van den Berg,49296,1284,Anathallis microphyta,,1,0,0,,,,,
10060,10132,10132,(Lindl.) F.Barros & Barberena,110654,1284,Anathallis muscoidea,,1,0,0,,,,,
10060,10132,10132,(Lindl.) Pridgeon & M.W.Chase,2188,1284,Anathallis obovata,,1,0,0,,,,,
10060,10132,10132,(Garay) Pridgeon & M.W.Chase,107888,1284,Anathallis pabstii,,1,0,0,,,,,
10060,10132,10132,(Cogn.) Pridgeon & M.W.Chase,49294,1284,Anathallis linearifolia,,1,0,0,,,,,
10060,10132,10132,(Lindl.) Karremans,443763,6522,Stelis sclerophylla,,1,0,0,,,,,
10060,10132,10132,"Luer, Toscano & Baptista",110655,1284,Anathallis seidelii,,1,0,0,,,,,
10060,10132,10132,(Mart.) G.Don,49231,7319,Anchietea pyrifolia,,1,0,0,,,,,
10060,10132,10132,Benth.,67660,1291,Andira fraxinifolia,,1,0,0,,,,,
10060,10132,10132,Hack.,107893,1297,Andropogon arenarius,,1,0,0,,,,,
10060,10132,10132,L.,2226,1297,Andropogon bicornis,,1,0,0,,,,,
10060,10132,10132,"Roseng., B.R.Arrill. & Izag.",110048,1297,Andropogon glaucophyllus,,1,0,0,,,,,
10060,10132,10132,Nees,2236,1297,Andropogon lateralis,,1,0,0,,,,,
10060,10132,10132,Kunth,2237,1297,Andropogon leucostachyus,,1,0,0,,,,,
10060,10132,10132,Hack.,110049,1297,Andropogon × lindmanii,,1,0,0,,,,,
10060,10132,10132,Trin.,438424,1297,Andropogon macrothrix,,1,0,0,,,,,
10060,10132,10132,(Hack.) Hack.,2240,1297,Andropogon selloanus,,1,0,0,,,,,
10060,10132,10132,(Spreng.) Nees,2243,1297,Andropogon ternatus,,1,0,0,,,,,
10060,10132,10132,Desv.,2245,1297,Andropogon virgatus,,1,0,0,,,,,
10060,10132,10132,Spreng.,448289,2661,Cyperus trigynus,,1,0,0,,,,,
10060,10132,10132,Brade,110656,1302,Anemia alfredi-rohrii,,1,0,0,,,,,
10060,10132,10132,Sturm,110050,1302,Anemia imbricata,,1,0,0,,,,,
10060,10132,10132,(L.) Sw.,2275,1302,Anemia phyllitidis,,1,0,0,,,,,
10060,10132,10132,Link,107894,1302,Anemia raddiana,,0,1,0,,,,,
10060,10132,10132,(Christ) Mickel,104667,1302,Anemia simplicior,,0,1,0,,,,,
10060,10132,10132,(Sav.) Sw.,48873,1302,Anemia tomentosa,,1,0,0,,,,,
10060,10132,10132,(Sav.) Sw.,48873,1302,Anemia tomentosa,,1,0,0,,,,,
10060,10132,10132,Willd.,67339,1302,Anemia villosa,,1,0,0,,,,,
10060,10132,10132,Prantl,107895,1302,Anemia warmingii,,1,0,0,,,,,
10060,10132,10132,Vahl,102893,1303,Anemone triternata,,1,0,0,,,,,
10060,10132,10132,(Pritz.) Christenh. & Byng,449034,10561,Knowltonia sellowii,,1,0,0,,,,,
10060,10132,10132,(Sims) Bureau & K.Schum.,2304,1305,Anemopaegma chamberlaynii,,1,0,0,,,,,
10060,10132,10132,DC.,107896,1305,Anemopaegma prostratum,,1,0,0,,,,,
10060,10132,10132,L.,2307,1307,Anethum graveolens,,0,0,0,,,,,
10060,10132,10132,(L.) Splitg.,2308,1308,Anetium citrifolium,,1,0,0,,,,,
10060,10132,10132,Spreng.,53775,1311,Angelonia integerrima,,1,0,0,,,,,
10060,10132,10132,(Nees & Mart.) Mez,107897,1319,Aniba firmula,,1,0,0,,,,,
10060,10132,10132,Warm.,68023,1333,Annona cacans,,1,0,0,,,,,
10060,10132,10132,L.,2462,1333,Annona glabra,,1,0,0,,,,,
10060,10132,10132,H.Rainer,105276,1333,Annona neosalicifolia,,1,0,0,,,,,
10060,10132,10132,(Schltdl.) H.Rainer,106842,1333,Annona rugulosa,,1,0,0,,,,,
10060,10132,10132,(Desv.) Li Bing Zhang & Liang Zhang,433487,19917,Gastoniella chaerophylla,,1,0,0,,,,,
10060,10132,10132,(Ten.) Steenis,2506,1341,Anredera cordifolia,,1,0,0,,,,,
10060,10132,10132,(Lillo & Hauman) Sperling,72379,1341,Anredera tucumanensis,,1,0,0,,,,,
10060,10132,10132,(Kunth) Nees,25457,4252,Leptocoryphium lanatum,,1,0,0,,,,,
10060,10132,10132,L.,2549,1351,Anthoxanthum odoratum,,0,0,0,,,,,
10060,10132,10132,N.E.Br.,107899,1353,Anthurium acutum,,1,0,0,,,,,
10060,10132,10132,Kunth,107901,1353,Anthurium gaudichaudianum,,1,0,0,,,,,
10060,10132,10132,G.Don,107902,1353,Anthurium coriaceum,,1,0,0,,,,,
10060,10132,10132,Engl.,107903,1353,Anthurium loefgrenii,,1,0,0,,,,,
10060,10132,10132,(Aubl.) G.Don,47909,1353,Anthurium pentaphyllum,,1,0,0,,,,,
10060,10132,10132,Reitz,110658,1353,Anthurium pilonense,,1,0,0,,,,,
10060,10132,10132,(Aubl.) Engl.,2572,1353,Anthurium scandens,,1,0,0,,,,,
10060,10132,10132,Kunth,107905,1353,Anthurium sellowianum,,1,0,0,,,,,
10060,10132,10132,Schott,107907,1353,Anthurium urvilleanum,,1,0,0,,,,,
10060,10132,10132,Sw.,344226,1517,Asplenium brasiliense,,1,0,0,,,,,
10060,10132,10132,(A.Juss.) Baill.,72428,9287,Aparisthmium cordatum,,1,0,0,,,,,
10060,10132,10132,(L.) Scop.,438258,1153,Alchemilla arvensis,,0,0,0,,,,,
10060,10132,10132,I.M.Johnst.,448242,1153,Alchemilla parodii,,1,0,0,,,,,
10060,10132,10132,Nees,107908,1380,Aphelandra chamissoniana,,1,0,0,,,,,
10060,10132,10132,Jacob-Makoy,107909,1380,Aphelandra liboniana,,1,0,0,,,,,
10060,10132,10132,(Lindl.) Profice,445139,1380,Aphelandra longiflora,,1,0,0,,,,,
10060,10132,10132,(Nees) T.Anderson,107910,1380,Aphelandra ornata,,1,0,0,,,,,
10060,10132,10132,(Mart.) Tul.,110659,9289,Apinagia fucoides,,1,0,0,,,,,
10060,10132,10132,(Mart.) Tul.,110659,9289,Apinagia fucoides,,1,0,0,,,,,
10060,10132,10132,L.,2720,1389,Apium graveolens,,0,0,0,,,,,
10060,10132,10132,Labill. ex Vent.,2724,1389,Apium prostratum,,1,0,0,,,,,
10060,10132,10132,H.Wolff,103308,1389,Apium sellowianum,,1,0,0,,,,,
10060,10132,10132,McClure & L.B.Sm.,107912,11125,Apoclada simplex,,1,0,0,,,,,
10060,10132,10132,Pabst,106844,5651,Pleurothallis karlii,,1,0,0,,,,,
10060,10132,10132,(Cogn.) Mart.Crov.,110660,7589,Apodanthera ulei,,1,0,0,,,,,
10060,10132,10132,(Schltdl.) Cogn.,106845,7589,Apodanthera laciniosa,,1,0,0,,,,,
10060,10132,10132,(Cogn.) Mart.Crov.,110660,7589,Apodanthera ulei,,1,0,0,,,,,
10060,10132,10132,(Nutt.) Barnhart ex Small,2769,1402,Apteria aphylla,,1,0,0,,,,,
10060,10132,10132,(Vogel) J.F.Macbr.,49042,7301,Apuleia leiocarpa,,1,0,0,,,,,
10060,10132,10132,(Marchal) J.Wen,48908,1417,Aralia warmingiana,,1,0,0,,,,,
10060,10132,10132,(Bertol.) Kuntze,2868,1419,Araucaria angustifolia,,1,0,0,,,,,
10060,10132,10132,(Bertol.) Kuntze,2868,1419,Araucaria angustifolia,,1,0,0,,,,,
10060,10132,10132,(Bertol.) Kuntze,2868,1419,Araucaria angustifolia,,1,0,0,,,,,
10060,10132,10132,(Bertol.) Kuntze,2868,1419,Araucaria angustifolia,,1,0,0,,,,,
10060,10132,10132,(Bertol.) Kuntze,2868,1419,Araucaria angustifolia,,1,0,0,,,,,
10060,10132,10132,(Bertol.) Kuntze,2868,1419,Araucaria angustifolia,,1,0,0,,,,,
10060,10132,10132,(Bertol.) Kuntze,2868,1419,Araucaria angustifolia,,1,0,0,,,,,
10060,10132,10132,Brot.,2888,1420,Araujia sericifera,,1,0,0,,,,,
10060,10132,10132,(Hill) Bernh.,2940,1435,Arctium minus,,0,0,0,,,,,
10060,10132,10132,(Aubl.) Mez,72446,1441,Ardisia guianensis,,1,0,0,,,,,
10060,10132,10132,(Aubl.) Mez,72446,1441,Ardisia guianensis,,1,0,0,,,,,
10060,10132,10132,Longhi-Wagner,107915,1465,Aristida brasiliensis,,1,0,0,,,,,
10060,10132,10132,Lindm.,53785,1465,Aristida circinalis,,1,0,0,,,,,
10060,10132,10132,(Arechav.) Herter,110056,1465,Aristida filifolia,,1,0,0,,,,,
10060,10132,10132,Trin. & Rupr.,107916,1465,Aristida flaccida,,1,0,0,,,,,
10060,10132,10132,(Arechav.) Herter,67905,1465,Aristida jubata,,1,0,0,,,,,
10060,10132,10132,(Nees) Kunth,102936,1465,Aristida laevis,,1,0,0,,,,,
10060,10132,10132,Hack.,105284,1465,Aristida macrophylla,,1,0,0,,,,,
10060,10132,10132,Spreng.,105285,1465,Aristida megapotamica,,1,0,0,,,,,
10060,10132,10132,Cav.,102939,1465,Aristida pallens,,1,0,0,,,,,
10060,10132,10132,Arechav.,102940,1465,Aristida spegazzinii,,1,0,0,,,,,
10060,10132,10132,Arechav.,110058,1465,Aristida teretifolia,,1,0,0,,,,,
10060,10132,10132,Parodi,3302,1466,Aristolochia littoralis,,1,0,0,,,,,
10060,10132,10132,Cham.,53580,1466,Aristolochia fimbriata,,1,0,0,,,,,
10060,10132,10132,Willd.,3298,1466,Aristolochia labiata,,1,0,0,,,,,
10060,10132,10132,Ortega,103316,1466,Aristolochia macroura,,1,0,0,,,,,
10060,10132,10132,Silva Manso ex Duch.,106849,1466,Aristolochia melastoma,,1,0,0,,,,,
10060,10132,10132,Hoehne,107918,1466,Aristolochia paulistana,,1,0,0,,,,,
10060,10132,10132,Ahumada,110059,1466,Aristolochia robertii,,1,0,0,,,,,
10060,10132,10132,(Klotzsch) Duch.,105290,1466,Aristolochia sessilifolia,,1,0,0,,,,,
10060,10132,10132,Cham.,48909,1466,Aristolochia triangularis,,1,0,0,,,,,
10060,10132,10132,Malme,110060,7724,Arjona megapotamica,,1,0,0,,,,,
10060,10132,10132,L.,3388,1478,Artemisia absinthium,,0,0,0,,,,,
10060,10132,10132,Lamotte,3446,1478,Artemisia verlotiorum,,0,0,0,,,,,
10060,10132,10132,(Lindl.) Pridgeon & M.W.Chase,107922,988,Acianthera auriculata,,1,0,0,,,,,
10060,10132,10132,(Lindl.) Pridgeon & M.W.Chase,443,988,Acianthera capillaris,,1,0,0,,,,,
10060,10132,10132,(Barb.Rodr.) Pridgeon & M.W.Chase,106851,988,Acianthera hygrophila,,1,0,0,,,,,
10060,10132,10132,(Kunth ex Willd.) Kuntze,3550,1494,Arundinella hispida,,1,0,0,,,,,
10060,10132,10132,Vell.,71438,1501,Asclepias candida,,1,0,0,,,,,
10060,10132,10132,E.Fourn.,110661,1501,Asclepias bracteolata,,1,0,0,,,,,
10060,10132,10132,L.,3603,1501,Asclepias curassavica,,0,0,0,,,,,
10060,10132,10132,E.Fourn.,107926,1501,Asclepias langsdorffii,,1,0,0,,,,,
10060,10132,10132,A.St.-Hil.,53569,1501,Asclepias mellodora,,1,0,0,,,,,
10060,10132,10132,(Chodat) J.F.B.Pastore & J.R.Abbott,104670,9294,Asemeia extraaxillaris,,1,0,0,,,,,
10060,10132,10132,(DC.) J.F.B.Pastore & J.R.Abbott,107927,9294,Asemeia hebeclada,,1,0,0,,,,,
10060,10132,10132,Lindl.,107930,10916,Aspasia lunata,,1,0,0,,,,,
10060,10132,10132,(Vell.) Garay,84735,7326,Aspidogyne argentea,,1,0,0,,,,,
10060,10132,10132,(Rchb.f.) Garay & G.A.Romero,71758,7326,Aspidogyne decora,,1,0,0,,,,,
10060,10132,10132,(Schltr.) Garay,49269,7326,Aspidogyne bidentifera,,1,0,0,,,,,
10060,10132,10132,(Pabst) Garay,49270,7326,Aspidogyne bruxelii,,1,0,0,,,,,
10060,10132,10132,(B.S.Williams) Garay,107931,7326,Aspidogyne fimbrillaris,,1,0,0,,,,,
10060,10132,10132,(Porsch) Garay,49271,7326,Aspidogyne kuczynskii,,1,0,0,,,,,
10060,10132,10132,(Cogn.) Garay,106854,7326,Aspidogyne lindleyana,,1,0,0,,,,,
10060,10132,10132,(Cogn.) Garay,110061,7326,Aspidogyne longicornu,,1,0,0,,,,,
10060,10132,10132,Müll.Arg.,48899,1514,Aspidosperma australe,,1,0,0,,,,,
10060,10132,10132,Müll.Arg.,107932,1514,Aspidosperma camporum,,1,0,0,,,,,
10060,10132,10132,Müll.Arg.,107933,1514,Aspidosperma pyricollum,,1,0,0,,,,,
10060,10132,10132,Müll.Arg.,67367,1514,Aspidosperma ramiflorum,,1,0,0,,,,,
10060,10132,10132,Mart.,69472,1514,Aspidosperma tomentosum,,1,0,0,,,,,
10060,10132,10132,(Spreng.) B.L.Turner,303599,7116,Wedelia montevidensis,,1,0,0,,,,,
10060,10132,10132,(Baker) B.L.Turner,445082,7116,Wedelia reflexa,,1,0,0,,,,,
10060,10132,10132,Willd.,3708,1517,Asplenium abscissum,,1,0,0,,,,,
10060,10132,10132,Humb. & Bonpl. ex Willd.,3720,1517,Asplenium alatum,,1,0,0,,,,,
10060,10132,10132,Sw.,3733,1517,Asplenium auriculatum,,1,0,0,,,,,
10060,10132,10132,L.,3798,1517,Asplenium erosum,,1,0,0,,,,,
10060,10132,10132,Hieron.,48836,1517,Asplenium claussenii,,1,0,0,,,,,
10060,10132,10132,Lam.,3774,1517,Asplenium cristatum,,1,0,0,,,,,
10060,10132,10132,Kunze ex Fée,3801,1517,Asplenium feei,,1,0,0,,,,,
10060,10132,10132,Fée,105293,1517,Asplenium gastonis,,1,0,0,,,,,
10060,10132,10132,Kunze,3821,1517,Asplenium harpeodes,,1,0,0,,,,,
10060,10132,10132,Willd.,3835,1517,Asplenium inaequilaterale,,1,0,0,,,,,
10060,10132,10132,Langsd. & Fisch.,3958,1517,Asplenium serra,,1,0,0,,,,,
10060,10132,10132,Klotzsch,48838,1517,Asplenium kunzeanum,,1,0,0,,,,,
10060,10132,10132,C.Chr.,107937,1517,Asplenium martianum,,1,0,0,,,,,
10060,10132,10132,L.,3875,1517,Asplenium monanthes,,1,0,0,,,,,
10060,10132,10132,C.Presl,68013,1517,Asplenium mucronatum,,1,0,0,,,,,
10060,10132,10132,Rosenst.,107938,1517,Asplenium muellerianum,,1,0,0,,,,,
10060,10132,10132,Kaulf.,105294,1517,Asplenium oligophyllum,,1,0,0,,,,,
10060,10132,10132,Sw.,3917,1517,Asplenium praemorsum,,1,0,0,,,,,
10060,10132,10132,Raddi,107939,1517,Asplenium pseudonitidum,,1,0,0,,,,,
10060,10132,10132,Kaulf.,3927,1517,Asplenium pteropus,,1,0,0,,,,,
10060,10132,10132,Raddi,72515,1517,Asplenium pulchellum,,1,0,0,,,,,
10060,10132,10132,Gaudich.,72516,1517,Asplenium raddianum,,1,0,0,,,,,
10060,10132,10132,Rich. ex Willd.,3762,1517,Asplenium cirrhatum,,1,0,0,,,,,
10060,10132,10132,L.,3931,1517,Asplenium radicans,,1,0,0,,,,,
10060,10132,10132,Kunze,3934,1517,Asplenium resiliens,,1,0,0,,,,,
10060,10132,10132,Kaulf.,438569,1517,Asplenium scandicinum,,1,0,0,,,,,
10060,10132,10132,(Hieron.) Hieron.,103318,1517,Asplenium sellowianum,,1,0,0,,,,,
10060,10132,10132,Langsd. & Fisch.,3958,1517,Asplenium serra,,1,0,0,,,,,
10060,10132,10132,L.,3959,1517,Asplenium serratum,,1,0,0,,,,,
10060,10132,10132,L.,72508,1517,Asplenium squamosum,,1,0,0,,,,,
10060,10132,10132,Raddi,3993,1517,Asplenium uniseriale,,1,0,0,,,,,
10060,10132,10132,(Hand.-Mazz.) Harling,110662,1518,Asplundia polymera,,1,0,0,,,,,
10060,10132,10132,E.G.Gonç.,107942,11126,Asterostigma reticulatum,,1,0,0,,,,,
10060,10132,10132,Schott,107943,11126,Asterostigma tweedieanum,,1,0,0,,,,,
10060,10132,10132,(L.) Klotzsch,4077,1532,Astraea lobata,,1,0,0,,,,,
10060,10132,10132,(Schott) Burret,107944,1535,Astrocaryum aculeatissimum,,1,0,0,,,,,
10060,10132,10132,Baill.,49043,1548,Ateleia glazioveana,,1,0,0,,,,,
10060,10132,10132,(Mart.) Sendtn.,107945,11127,Athenaea picta,,1,0,0,,,,,
10060,10132,10132,Desv.,445589,1554,Athyrium dombeyi,,1,0,0,,,,,
10060,10132,10132,(Mart.) Burret,107946,1562,Attalea dubia,,1,0,0,,,,,
10060,10132,10132,(Döll) McClure,107947,8953,Aulonemia aristulata,,1,0,0,,,,,
10060,10132,10132,(Rupr.) McClure & L.B.Sm.,110663,8953,Aulonemia radiata,,1,0,0,,,,,
10060,10132,10132,(Vell.) I.M.C.Rodrigues & Stehmann,428295,11127,Athenaea fasciculata,,1,0,0,,,,,
10060,10132,10132,(Sendtn.) I.M.C.Rodrigues & Stehmann,428297,11127,Athenaea tomentosa,,1,0,0,,,,,
10060,10132,10132,(Witasek) I.M.C.Rodrigues & Stehmann,428299,11127,Athenaea wettsteiniana,,1,0,0,,,,,
10060,10132,10132,(Kunth) R.M.King & H.Rob.,438625,1575,Austroeupatorium inulifolium,,1,0,0,,,,,
10060,10132,10132,(Malme) R.M.King & H.Rob.,48941,1575,Austroeupatorium picturatum,,1,0,0,,,,,
10060,10132,10132,L.,4386,1581,Avena fatua,,0,0,0,,,,,
10060,10132,10132,L.,4387,1581,Avena sativa,,0,0,0,,,,,
10060,10132,10132,Stapf & Leechm. ex Moldenke,4396,1583,Avicennia schaueriana,,1,0,0,,,,,
10060,10132,10132,Parodi,72112,1584,Axonopus argentinus,,1,0,0,,,,,
10060,10132,10132,(Spreng.) Kuhlm.,67910,1584,Axonopus brasiliensis,,1,0,0,,,,,
10060,10132,10132,(Sw.) P.Beauv.,4399,1584,Axonopus compressus,,1,0,0,,,,,
10060,10132,10132,(Raddi) Kuhlm.,4401,1584,Axonopus fissifolius,,1,0,0,,,,,
10060,10132,10132,(Flüggé) Hitchc.,4403,1584,Axonopus furcatus,,1,0,0,,,,,
10060,10132,10132,G.A.Black,107955,1584,Axonopus polystachyus,,1,0,0,,,,,
10060,10132,10132,(Flüggé) Kuhlm.,72566,1584,Axonopus scoparius,,1,0,0,,,,,
10060,10132,10132,(Nees) Kuhlm.,53786,1584,Axonopus siccus,,1,0,0,,,,,
10060,10132,10132,(J.C.Mikan ex Trin.) Parodi,84752,1584,Axonopus suffultus,,1,0,0,,,,,
10060,10132,10132,(Trin. ex Döll) Kuhlm.,107952,1584,Axonopus comans,,0,1,0,,,,,
10060,10132,10132,(Speg.) Sleumer,107956,884,Azara uruguayensis,,1,0,0,,,,,
10060,10132,10132,Lam.,4429,1589,Azolla filiculoides,,1,0,0,,,,,
10060,10132,10132,(Spreng.) Joch.Müll.,448233,1594,Baccharis aliena,,1,0,0,,,,,
10060,10132,10132,DC.,48923,1594,Baccharis anomala,,1,0,0,,,,,
10060,10132,10132,A.A.Schneid. & Boldrini,110065,1594,Baccharis apicifoliosa,,1,0,0,,,,,
10060,10132,10132,Malag. & Hatschb. ex G.M.Barroso,107958,1594,Baccharis aracatubensis,,1,0,0,,,,,
10060,10132,10132,Baker,105298,1594,Baccharis arenaria,,1,0,0,,,,,
10060,10132,10132,Pers.,72577,1594,Baccharis articulata,,1,0,0,,,,,
10060,10132,10132,DC.,107959,1594,Baccharis axillaris,,1,0,0,,,,,
10060,10132,10132,Pers.,72591,1594,Baccharis oblongifolia,,1,0,0,,,,,
10060,10132,10132,DC.,444734,1594,Baccharis ligustrina,,1,0,0,,,,,
10060,10132,10132,(Baker) Malag. & J.Vidal,107960,1594,Baccharis brachystachys,,1,0,0,,,,,
10060,10132,10132,DC.,107961,1594,Baccharis brevifolia,,1,0,0,,,,,
10060,10132,10132,DC.,103330,1594,Baccharis breviseta,,1,0,0,,,,,
10060,10132,10132,DC.,67416,1594,Baccharis calvescens,,1,0,0,,,,,
10060,10132,10132,DC.,445272,1594,Baccharis camporum,,1,0,0,,,,,
10060,10132,10132,DC.,445272,1594,Baccharis camporum,,1,0,0,,,,,
10060,10132,10132,DC.,103331,1594,Baccharis caprariifolia,,1,0,0,,,,,
10060,10132,10132,D.B.Falkenb. & Deble,110665,1594,Baccharis chionolaenoides,,1,0,0,,,,,
10060,10132,10132,DC.,105299,1594,Baccharis cognata,,1,0,0,,,,,
10060,10132,10132,DC.,107963,1594,Baccharis conyzoides,,1,0,0,,,,,
10060,10132,10132,DC.,102782,1594,Baccharis coridifolia,,1,0,0,,,,,
10060,10132,10132,Giuliano,110066,1594,Baccharis coronata,,1,0,0,,,,,
10060,10132,10132,Spreng.,72582,1594,Baccharis crispa,,1,0,0,,,,,
10060,10132,10132,Baker,107964,1594,Baccharis cultrata,,1,0,0,,,,,
10060,10132,10132,Heering ex Malme,107965,1594,Baccharis curitybensis,,1,0,0,,,,,
10060,10132,10132,A.S.Oliveira & Marchiori,110067,1594,Baccharis deblei,,1,0,0,,,,,
10060,10132,10132,(Vell.) G.M.Barroso,48925,1594,Baccharis dentata,,1,0,0,,,,,
10060,10132,10132,DC.,48926,1594,Baccharis dracunculifolia,,1,0,0,,,,,
10060,10132,10132,DC.,107967,1594,Baccharis erigeroides,,1,0,0,,,,,
10060,10132,10132,DC.,107968,1594,Baccharis erioclada,,1,0,0,,,,,
10060,10132,10132,A.A.Schneid. & Boldrini,110070,1594,Baccharis flexuosiramosa,,1,0,0,,,,,
10060,10132,10132,Deble & A.S.Oliveira,448984,1594,Baccharis floccosa,,1,0,0,,,,,
10060,10132,10132,Baker,110071,1594,Baccharis gibertii,,1,0,0,,,,,
10060,10132,10132,Baker,107969,1594,Baccharis glaziovii,,1,0,0,,,,,
10060,10132,10132,Pers.,57770,1594,Baccharis glutinosa,,1,0,0,,,,,
10060,10132,10132,Spreng.,103336,1594,Baccharis gnaphalioides,,1,0,0,,,,,
10060,10132,10132,DC.,107970,1594,Baccharis gracilis,,1,0,0,,,,,
10060,10132,10132,DC.,106860,1594,Baccharis helichrysoides,,1,0,0,,,,,
10060,10132,10132,DC.,110072,1594,Baccharis hirta,,1,0,0,,,,,
10060,10132,10132,Sch.Bip. ex Baker,69494,1594,Baccharis humilis,,1,0,0,,,,,
10060,10132,10132,Hook. & Arn.,107971,1594,Baccharis incisa,,1,0,0,,,,,
10060,10132,10132,Gardner,107972,1594,Baccharis intermixta,,1,0,0,,,,,
10060,10132,10132,Baker,107974,1594,Baccharis lateralis,,1,0,0,,,,,
10060,10132,10132,Dusén,107975,1594,Baccharis leucocephala,,1,0,0,,,,,
10060,10132,10132,DC.,107976,1594,Baccharis leucopappa,,1,0,0,,,,,
10060,10132,10132,Pers.,106861,1594,Baccharis linearifolia,,1,0,0,,,,,
10060,10132,10132,A.S.Oliveira,448987,1594,Baccharis longiattenuata,,1,0,0,,,,,
10060,10132,10132,G.M.Barroso,107977,1594,Baccharis lymanii,,1,0,0,,,,,
10060,10132,10132,Spreng.,84567,1594,Baccharis megapotamica,,1,0,0,,,,,
10060,10132,10132,Spreng.,84567,1594,Baccharis megapotamica,,1,0,0,,,,,
10060,10132,10132,DC.,110078,1594,Baccharis mesoneura,,1,0,0,,,,,
10060,10132,10132,DC.,53583,1594,Baccharis microcephala,,1,0,0,,,,,
10060,10132,10132,DC.,48930,1594,Baccharis microdonta,,1,0,0,,,,,
10060,10132,10132,DC.,107979,1594,Baccharis milleflora,,1,0,0,,,,,
10060,10132,10132,Mart. ex Baker,110079,1594,Baccharis minutiflora,,1,0,0,,,,,
10060,10132,10132,DC.,106862,1594,Baccharis montana,,1,0,0,,,,,
10060,10132,10132,Baker,107980,1594,Baccharis muelleri,,1,0,0,,,,,
10060,10132,10132,DC.,67418,1594,Baccharis myricifolia,,1,0,0,,,,,
10060,10132,10132,DC.,84568,1594,Baccharis myriocephala,,1,0,0,,,,,
10060,10132,10132,G.Heiden,107981,1594,Baccharis napaea,,1,0,0,,,,,
10060,10132,10132,Malag. & Hatschb. ex A.S.Oliveira,107982,1594,Baccharis nebulae,,1,0,0,,,,,
10060,10132,10132,G.Heiden,107983,1594,Baccharis nebularis,,1,0,0,,,,,
10060,10132,10132,Pers.,72590,1594,Baccharis nitida,,1,0,0,,,,,
10060,10132,10132,Heering ex Malme,107984,1594,Baccharis nummularia,,1,0,0,,,,,
10060,10132,10132,Spreng.,105800,1594,Baccharis ochracea,,1,0,0,,,,,
10060,10132,10132,Mart. ex Baker,110666,1594,Baccharis opuntioides,,1,0,0,,,,,
10060,10132,10132,Baker,107986,1594,Baccharis organensis,,1,0,0,,,,,
10060,10132,10132,DC.,48931,1594,Baccharis oxyodonta,,1,0,0,,,,,
10060,10132,10132,Heering,110081,1594,Baccharis palustris,,1,0,0,,,,,
10060,10132,10132,Heering & Dusén,107987,1594,Baccharis paranensis,,1,0,0,,,,,
10060,10132,10132,DC.,84569,1594,Baccharis pauciflosculosa,,1,0,0,,,,,
10060,10132,10132,DC.,105301,1594,Baccharis pentaptera,,1,0,0,,,,,
10060,10132,10132,Malme,107988,1594,Baccharis pentodonta,,1,0,0,,,,,
10060,10132,10132,Sch.Bip. ex Griseb.,448767,1594,Baccharis pentziifolia,,1,0,0,,,,,
10060,10132,10132,Sch.Bip. ex Griseb.,448767,1594,Baccharis pentziifolia,,1,0,0,,,,,
10060,10132,10132,Heering,106863,1594,Baccharis petraea,,1,0,0,,,,,
10060,10132,10132,DC.,110084,1594,Baccharis phylicifolia,,1,0,0,,,,,
10060,10132,10132,Malag.,107989,1594,Baccharis pseudomyriocephala,,1,0,0,,,,,
10060,10132,10132,Malag. & Vidal,107990,1594,Baccharis pseudovillosa,,1,0,0,,,,,
10060,10132,10132,DC.,4478,1594,Baccharis punctulata,,1,0,0,,,,,
10060,10132,10132,Kunth,72595,1594,Baccharis quitensis,,1,0,0,,,,,
10060,10132,10132,G.Heiden & Macias,110085,1594,Baccharis ramboi,,1,0,0,,,,,
10060,10132,10132,DC.,107991,1594,Baccharis reticularia,,1,0,0,,,,,
10060,10132,10132,DC.,107993,1594,Baccharis retusa,,1,0,0,,,,,
10060,10132,10132,(Less.) DC.,55209,1594,Baccharis sagittalis,,1,0,0,,,,,
10060,10132,10132,G.Heiden,110087,1594,Baccharis scabrifolia,,1,0,0,,,,,
10060,10132,10132,A.A.Schneid. & G.Heiden,110667,1594,Baccharis scopulorum,,1,0,0,,,,,
10060,10132,10132,Baker,107994,1594,Baccharis selloi,,1,0,0,,,,,
10060,10132,10132,Kunth,297252,1594,Baccharis gnidiifolia,,1,0,0,,,,,
10060,10132,10132,Vahl,67420,1594,Baccharis sessiliflora,,1,0,0,,,,,
10060,10132,10132,(Vell.) G.M.Barroso,107995,1594,Baccharis singularis,,1,0,0,,,,,
10060,10132,10132,A.A.Schneid. & G.Heiden,110088,1594,Baccharis sphagnophila,,1,0,0,,,,,
10060,10132,10132,(Lam.) Baill.,72024,1594,Baccharis spicata,,1,0,0,,,,,
10060,10132,10132,DC.,107996,1594,Baccharis subdentata,,1,0,0,,,,,
10060,10132,10132,G.Heiden,107998,1594,Baccharis subtropicalis,,1,0,0,,,,,
10060,10132,10132,Vahl,103343,1594,Baccharis tridentata,,1,0,0,,,,,
10060,10132,10132,A.S.Oliveira & Marchiori,107999,1594,Baccharis trilobata,,1,0,0,,,,,
10060,10132,10132,(Less.) DC.,67422,1594,Baccharis trimera,,1,0,0,,,,,
10060,10132,10132,Pers.,444735,1594,Baccharis trinervis,,1,0,0,,,,,
10060,10132,10132,Malag.,110668,1594,Baccharis uleana,,1,0,0,,,,,
10060,10132,10132,DC.,108001,1594,Baccharis uncinella,,1,0,0,,,,,
10060,10132,10132,Heering,108002,1594,Baccharis usterii,,1,0,0,,,,,
10060,10132,10132,Baker,108003,1594,Baccharis vincifolia,,1,0,0,,,,,
10060,10132,10132,(Baker) Heering ex Malag.,448293,10920,Archibaccharis vulneraria,,1,0,0,,,,,
10060,10132,10132,V.C.Souza,105302,1595,Bacopa australis,,1,0,0,,,,,
10060,10132,10132,(Cham. & Schltdl.) Wettst.,61111,1595,Bacopa lanigera,,1,0,0,,,,,
10060,10132,10132,(L.) Wettst.,4494,1595,Bacopa monnieri,,1,0,0,,,,,
10060,10132,10132,(Benth.) Edwall,53778,1595,Bacopa laxiflora,,1,0,0,,,,,
10060,10132,10132,(Benth.) Pennell,106865,1595,Bacopa serpyllifolia,,1,0,0,,,,,
10060,10132,10132,(Schrad.) Wettst. ex Edwall,4499,1595,Bacopa stricta,,1,0,0,,,,,
10060,10132,10132,Mart.,108006,1596,Bactris setosa,,1,0,0,,,,,
10060,10132,10132,(Engl.) Engl.,49184,7315,Balfourodendron riedelianum,,1,0,0,,,,,
10060,10132,10132,(A.Gray) Benth.,106866,885,Banara parviflora,,1,0,0,,,,,
10060,10132,10132,Clos,49059,885,Banara tomentosa,,1,0,0,,,,,
10060,10132,10132,(Nied.) B.Gates,108011,1622,Banisteriopsis pseudojanusia,,1,0,0,,,,,
10060,10132,10132,(Cogn.) Schltr.,108013,1629,Barbosella australis,,1,0,0,,,,,
10060,10132,10132,(Speg. & Kraenzl.) Schltr.,106867,1629,Barbosella cogniauxiana,,1,0,0,,,,,
10060,10132,10132,(Lindl.) Schltr.,108015,1629,Barbosella gardneri,,1,0,0,,,,,
10060,10132,10132,(DC.) R.M.King & H.Rob.,445273,7739,Barrosoa betoniciformis,,1,0,0,,,,,
10060,10132,10132,(Hook. & Arn.) R.M.King & H.Rob.,53586,7739,Barrosoa candolleana,,1,0,0,,,,,
10060,10132,10132,(Kraenzl.) Schltr.,108018,11128,Baskervilla paranaensis,,1,0,0,,,,,
10060,10132,10132,(A.St.-Hil.) K.Schum.,72645,9300,Bathysa australis,,1,0,0,,,,,
10060,10132,10132,Vogel,448681,1650,Bauhinia affinis,,1,0,0,,,,,
10060,10132,10132,Link,4756,1650,Bauhinia forficata,,1,0,0,,,,,
10060,10132,10132,Burkart,110669,1650,Bauhinia kleiniana,,1,0,0,,,,,
10060,10132,10132,Raddi,444743,14465,Schnella microstachya,,1,0,0,,,,,
10060,10132,10132,Benth.,105305,1650,Bauhinia uruguayensis,,1,0,0,,,,,
10060,10132,10132,Brongn.,82903,7873,Becquerelia cymosa,,1,0,0,,,,,
10060,10132,10132,(Boeckeler) Nees,110670,7873,Becquerelia muricata,,1,0,0,,,,,
10060,10132,10132,Vell.,108019,1665,Begonia angulata,,1,0,0,,,,,
10060,10132,10132,L.B.Sm.,108020,1665,Begonia barkleyana,,1,0,0,,,,,
10060,10132,10132,Brade,110671,1665,Begonia biguassuensis,,1,0,0,,,,,
10060,10132,10132,(Brade ex L.B.Sm. & R.C.Sm.) E.L.Jacques & Mamede,110091,1665,Begonia calvescens,,1,0,0,,,,,
10060,10132,10132,Brade,110672,1665,Begonia camposportoana,,1,0,0,,,,,
10060,10132,10132,Brade,110673,1665,Begonia capanemae,,1,0,0,,,,,
10060,10132,10132,Brade,110674,1665,Begonia catharinensis,,1,0,0,,,,,
10060,10132,10132,Hook.,4848,1665,Begonia coccinea,,1,0,0,,,,,
10060,10132,10132,(Klotzsch) A.DC.,4849,1665,Begonia convolvulacea,,1,0,0,,,,,
10060,10132,10132,Willd.,4852,1665,Begonia cucullata,,1,0,0,,,,,
10060,10132,10132,Willd.,4852,1665,Begonia cucullata,,1,0,0,,,,,
10060,10132,10132,L.B.Sm. & B.G.Schub.,106869,1665,Begonia descoleana,,1,0,0,,,,,
10060,10132,10132,Regel,108021,1665,Begonia echinosepala,,1,0,0,,,,,
10060,10132,10132,Regel,108021,1665,Begonia echinosepala,,1,0,0,,,,,
10060,10132,10132,Schrank,4859,1665,Begonia fischeri,,1,0,0,,,,,
10060,10132,10132,(Klotzsch) A.DC.,106871,1665,Begonia fruticosa,,1,0,0,,,,,
10060,10132,10132,Brade,110675,1665,Begonia fuscocaulis,,1,0,0,,,,,
10060,10132,10132,L.B.Sm. & R.C.Sm.,110676,1665,Begonia garuvae,,1,0,0,,,,,
10060,10132,10132,A.DC.,110677,1665,Begonia hilariana,,1,0,0,,,,,
10060,10132,10132,Link,4871,1665,Begonia hirtella,,1,0,0,,,,,
10060,10132,10132,Schott ex A.DC.,108022,1665,Begonia hispida,,1,0,0,,,,,
10060,10132,10132,Brade,110678,1665,Begonia insularis,,1,0,0,,,,,
10060,10132,10132,Irmsch.,110092,1665,Begonia isopterocarpa,,1,0,0,,,,,
10060,10132,10132,Irmsch. ex Brade,110679,1665,Begonia itatinensis,,1,0,0,,,,,
10060,10132,10132,L.B.Sm. & R.C.Sm.,110680,1665,Begonia konderreisiana,,1,0,0,,,,,
10060,10132,10132,Brade,110681,1665,Begonia lineolata,,1,0,0,,,,,
10060,10132,10132,Irmsch.,110682,1665,Begonia parvistipulata,,1,0,0,,,,,
10060,10132,10132,Brade,48968,1665,Begonia per-dusenii,,1,0,0,,,,,
10060,10132,10132,Irmsch.,110683,1665,Begonia pilgeriana,,1,0,0,,,,,
10060,10132,10132,Irmsch.,110684,1665,Begonia polyandra,,1,0,0,,,,,
10060,10132,10132,Vell.,108027,1665,Begonia radicans,,1,0,0,,,,,
10060,10132,10132,Toledo,110685,1665,Begonia rufosericea,,1,0,0,,,,,
10060,10132,10132,Irmsch.,110686,1665,Begonia rupium,,1,0,0,,,,,
10060,10132,10132,W.Watson,443206,1665,Begonia haageana,,1,0,0,,,,,
10060,10132,10132,Brade,110687,1665,Begonia solitudinis,,1,0,0,,,,,
10060,10132,10132,Irmsch.,110688,1665,Begonia squamipes,,1,0,0,,,,,
10060,10132,10132,L.B.Sm. & R.C.Sm.,110689,1665,Begonia stenolepis,,1,0,0,,,,,
10060,10132,10132,Klotzsch,48969,1665,Begonia subvillosa,,1,0,0,,,,,
10060,10132,10132,Mattos,110690,1686,Berberis kleinii,,1,0,0,,,,,
10060,10132,10132,Thunb.,106873,1686,Berberis laurina,,1,0,0,,,,,
10060,10132,10132,(Baill.) Müll.Arg.,49027,1692,Bernardia pulchella,,1,0,0,,,,,
10060,10132,10132,Müll.Arg.,84631,1692,Bernardia sellowii,,1,0,0,,,,,
10060,10132,10132,Gardner,108031,11130,Bertolonia acuminata,,1,0,0,,,,,
10060,10132,10132,Cogn.,108033,11130,Bertolonia mosenii,,1,0,0,,,,,
10060,10132,10132,L.,5100,1708,Bidens bipinnata,,0,0,0,,,,,
10060,10132,10132,"(L.) Britton, Sterns & Poggenb.",5128,1708,Bidens laevis,,1,0,0,,,,,
10060,10132,10132,L.,5140,1708,Bidens pilosa,,1,0,0,,,,,
10060,10132,10132,L.,5140,1708,Bidens pilosa,,1,0,0,,,,,
10060,10132,10132,(Hook.) Lindl.,67827,8946,Bifrenaria aureofulva,,1,0,0,,,,,
10060,10132,10132,(Hook.) Rchb.f.,67828,8946,Bifrenaria harrisoniae,,1,0,0,,,,,
10060,10132,10132,Lindl.,108035,8946,Bifrenaria inodora,,1,0,0,,,,,
10060,10132,10132,(Lindl.) Schltr.,108038,8946,Bifrenaria tetragona,,1,0,0,,,,,
10060,10132,10132,Thunb.,53606,1711,Bignonia binata,,1,0,0,,,,,
10060,10132,10132,(Hovel.) L.G.Lohmann,444738,1711,Bignonia sciuripabulum,,1,0,0,,,,,
10060,10132,10132,Reitz,108039,1714,Billbergia alfonsi-joannis,,1,0,0,,,,,
10060,10132,10132,(G.Lodd.) Lindl.,67507,1714,Billbergia amoena,,1,0,0,,,,,
10060,10132,10132,(G.Lodd.) Lindl.,67507,1714,Billbergia amoena,,1,0,0,,,,,
10060,10132,10132,(G.Lodd.) Lindl.,67507,1714,Billbergia amoena,,1,0,0,,,,,
10060,10132,10132,(Vell.) Mez,108040,1714,Billbergia distachia,,1,0,0,,,,,
10060,10132,10132,(Vell.) Mez,108040,1714,Billbergia distachia,,1,0,0,,,,,
10060,10132,10132,(Vell.) Mez,108040,1714,Billbergia distachia,,1,0,0,,,,,
10060,10132,10132,(Vell.) Mez,108040,1714,Billbergia distachia,,1,0,0,,,,,
10060,10132,10132,H.Wendl. ex Regel,5186,1714,Billbergia nutans,,1,0,0,,,,,
10060,10132,10132,H.Wendl. ex Regel,5186,1714,Billbergia nutans,,1,0,0,,,,,
10060,10132,10132,(Herb.) Lindl.,49248,1714,Billbergia zebrina,,1,0,0,,,,,
10060,10132,10132,(Rchb.f.) Cisternas & Salazar,164598,8106,Bipinnula penicillata,,1,0,0,,,,,
10060,10132,10132,L.,5205,1722,Bixa orellana,,1,0,0,,,,,
10060,10132,10132,Cav.,444723,1730,Blechnum auriculatum,,1,0,0,,,,,
10060,10132,10132,de la Sota,48841,1730,Blechnum austrobrasilianum,,1,0,0,,,,,
10060,10132,10132,(Desv.) Mett.,48843,1730,Blechnum acutum,,1,0,0,,,,,
10060,10132,10132,Desv.,48842,1730,Blechnum brasiliense,,1,0,0,,,,,
10060,10132,10132,Desv.,48842,1730,Blechnum brasiliense,,1,0,0,,,,,
10060,10132,10132,(Desv.) Hieron.,5246,1730,Blechnum cordatum,,1,0,0,,,,,
10060,10132,10132,(Kunze) Mett.,5249,1730,Blechnum divergens,,1,0,0,,,,,
10060,10132,10132,Kaulf.,70413,1730,Blechnum gracile,,1,0,0,,,,,
10060,10132,10132,Hieron.,47931,1730,Blechnum lehmannii,,1,0,0,,,,,
10060,10132,10132,L.,5293,1730,Blechnum occidentale,,1,0,0,,,,,
10060,10132,10132,(Maxon & C.V.Morton) Kuhn,5301,1730,Blechnum penna-marina,,1,0,0,,,,,
10060,10132,10132,Raddi,5302,1730,Blechnum polypodioides,,1,0,0,,,,,
10060,10132,10132,Brade,108042,1730,Blechnum sampaioanum,,1,0,0,,,,,
10060,10132,10132,(Klotzsch) C.Chr.,72739,1730,Blechnum schomburgkii,,1,0,0,,,,,
10060,10132,10132,"(Rich.) Perrie, D.J.Ohlsen & Brownsey",409621,19338,Telmatoblechnum serrulatum,,1,0,0,,,,,
10060,10132,10132,(Thunb.) Kuhn,5313,1730,Blechnum tabulare,,1,0,0,,,,,
10060,10132,10132,(Kunth) O.Berg,53741,1735,Blepharocalyx salicifolius,,1,0,0,,,,,
10060,10132,10132,(Decne.) Decne.,72742,7875,Blepharodon lineare,,1,0,0,,,,,
10060,10132,10132,Urb. & Gilg,110100,7304,Blumenbachia catharinensis,,1,0,0,,,,,
10060,10132,10132,Urb.,448771,7304,Blumenbachia eichleri,,1,0,0,,,,,
10060,10132,10132,Cambess.,49075,7304,Blumenbachia latifolia,,1,0,0,,,,,
10060,10132,10132,(Miers) Urb.,448772,7304,Blumenbachia scabra,,1,0,0,,,,,
10060,10132,10132,(A.St.-Hil.) Mears,5377,1746,Blutaparon portulacoides,,1,0,0,,,,,
10060,10132,10132,(A.St.-Hil.) Mears,5377,1746,Blutaparon portulacoides,,1,0,0,,,,,
10060,10132,10132,Sw.,5413,1754,Boehmeria caudata,,1,0,0,,,,,
10060,10132,10132,(L.) Sw.,5415,1754,Boehmeria cylindrica,,1,0,0,,,,,
10060,10132,10132,Mill.,5448,1758,Boerhavia coccinea,,1,0,0,,,,,
10060,10132,10132,Ching,108046,1762,Bolbitis curupirae,,1,0,0,,,,,
10060,10132,10132,(Pursh) Soják,5503,1763,Bolboschoenus robustus,,1,0,0,,,,,
10060,10132,10132,(Tussac) Herb.,5506,1766,Bomarea edulis,,1,0,0,,,,,
10060,10132,10132,Less.,448773,990,Acicarpha bupleuroides,,1,0,0,,,,,
10060,10132,10132,(Cham. & Schltdl.) Kuntze,53823,6462,Spermacoce brachystemonoides,,1,0,0,,,,,
10060,10132,10132,(Cham. & Schltdl.) Delprete,42389,6462,Spermacoce dasycephala,,1,0,0,,,,,
10060,10132,10132,E.L. Cabral & L.M. Miguel,105308,9261,Borreria krapocarmeniana,,1,0,0,,,,,
10060,10132,10132,Aubl.,442604,6462,Spermacoce latifolia,,1,0,0,,,,,
10060,10132,10132,Willd.,42409,6462,Spermacoce ocymifolia,,1,0,0,,,,,
10060,10132,10132,(Cham. & Schltdl.) Cabaña Fader & E.L.Cabral,448682,7313,Galianthe palustris,,1,0,0,,,,,
10060,10132,10132,(E.L.Cabral & Bacigalupo) Delprete,108048,6462,Spermacoce paranaensis,,1,0,0,,,,,
10060,10132,10132,A.St.-Hil.,84769,6462,Spermacoce poaya,,1,0,0,,,,,
10060,10132,10132,Aubl.,42414,6462,Spermacoce prostrata,,1,0,0,,,,,
10060,10132,10132,(Standl. ex Bacigalupo) Delprete,49163,6462,Spermacoce schumannii,,1,0,0,,,,,
10060,10132,10132,(Sw.) Delprete & J.H.Kirkbr.,410126,13916,Hexasepalum sarmentosum,,1,0,0,,,,,
10060,10132,10132,(G.Mey.) Kuntze,42421,6462,Spermacoce suaveolens,,1,0,0,,,,,
10060,10132,10132,Willd.,445605,6462,Spermacoce orinocensis,,1,0,0,,,,,
10060,10132,10132,L.,42426,6462,Spermacoce verticillata,,1,0,0,,,,,
10060,10132,10132,Dalmolim & A.Zanin,110691,1788,Bothriochloa catharinensis,,0,1,0,,,,,
10060,10132,10132,(Nash) Henrard,53787,1788,Bothriochloa exaristata,,1,0,0,,,,,
10060,10132,10132,(DC.) Herter,5589,1788,Bothriochloa laguroides,,1,0,0,,,,,
10060,10132,10132,(Gould) Allred & Gould,58087,1788,Bothriochloa longipaniculata,,1,0,0,,,,,
10060,10132,10132,(Steud.) Scrivanti & Anton,444088,1788,Bothriochloa torreyana,,1,0,0,,,,,
10060,10132,10132,M.Marchi & Longhi-Wagner,108050,1788,Bothriochloa velutina,,1,0,0,,,,,
10060,10132,10132,(L.) Sw.,5617,1790,Botrychium virginianum,,1,0,0,,,,,
10060,10132,10132,(Miers) Britton & Rusby,53850,7761,Bouchetia anomala,,1,0,0,,,,,
10060,10132,10132,Choisy,5622,1793,Bougainvillea glabra,,1,0,0,,,,,
10060,10132,10132,Choisy,5622,1793,Bougainvillea glabra,,1,0,0,,,,,
10060,10132,10132,Willd.,5626,1793,Bougainvillea spectabilis,,1,0,0,,,,,
10060,10132,10132,Ruiz & Pav.,5663,1797,Bowlesia incana,,1,0,0,,,,,
10060,10132,10132,Szlach.,110692,8107,Brachystele bicrinita,,1,0,0,,,,,
10060,10132,10132,(Lindl.) Schltr.,110105,8107,Brachystele bracteosa,,1,0,0,,,,,
10060,10132,10132,(Kraenzl.) Schltr.,105310,8107,Brachystele cyclochila,,1,0,0,,,,,
10060,10132,10132,(Lindl.) Schltr.,103357,8107,Brachystele dilatata,,1,0,0,,,,,
10060,10132,10132,(Cogn.) Schltr.,108052,8107,Brachystele subfiliformis,,1,0,0,,,,,
10060,10132,10132,Hook.,444762,4576,Maxillaria picta,,1,0,0,,,,,
10060,10132,10132,Hook.,53757,1819,Brassavola tuberculata,,1,0,0,,,,,
10060,10132,10132,J.R.Forst. & G.Forst.,5840,1829,Breynia disticha,,0,0,0,,,,,
10060,10132,10132,L.,5875,1836,Briza minor,,0,0,0,,,,,
10060,10132,10132,Bertol.,5881,1838,Bromelia antiacantha,,1,0,0,,,,,
10060,10132,10132,Mez,5882,1838,Bromelia balansae,,1,0,0,,,,,
10060,10132,10132,Nees,103359,1130,Agrostis hygrometrica,,1,0,0,,,,,
10060,10132,10132,(Kuntze) Parodi,103360,1130,Agrostis tandilensis,,1,0,0,,,,,
10060,10132,10132,Trin. ex Nees,102945,1840,Bromus auleticus,,1,0,0,,,,,
10060,10132,10132,Döll,49303,1840,Bromus brachyantherus,,1,0,0,,,,,
10060,10132,10132,Vahl,5901,1840,Bromus catharticus,,1,0,0,,,,,
10060,10132,10132,Taub.,110109,1841,Brosimum glaziovii,,1,0,0,,,,,
10060,10132,10132,(S.Moore) C.C.Berg,70159,1841,Brosimum lactescens,,1,0,0,,,,,
10060,10132,10132,(Humb. & Bonpl. ex Willd.) Sweet,5962,1849,Brugmansia suaveolens,,0,0,0,,,,,
10060,10132,10132,Benth.,5978,1852,Brunfelsia australis,,1,0,0,,,,,
10060,10132,10132,(Spreng.) L.B.Sm. & Downs,108053,1852,Brunfelsia brasiliensis,,1,0,0,,,,,
10060,10132,10132,J.A.Schmidt,108054,1852,Brunfelsia cuneifolia,,1,0,0,,,,,
10060,10132,10132,(Cham. & Schltdl.) Benth.,5990,1852,Brunfelsia pauciflora,,1,0,0,,,,,
10060,10132,10132,Plowman,49201,1852,Brunfelsia pilosa,,1,0,0,,,,,
10060,10132,10132,(Exell) Gere & Boatwr.,411030,6717,Terminalia kleinii,,1,0,0,,,,,
10060,10132,10132,Cham. & Schltdl.,108056,1869,Buchnera amethystina,,1,0,0,,,,,
10060,10132,10132,Kunth,6047,1869,Buchnera pusilla,,1,0,0,,,,,
10060,10132,10132,Kunth,6046,1869,Buchnera longifolia,,1,0,0,,,,,
10060,10132,10132,Cham.,110110,1871,Buddleja cestriflora,,1,0,0,,,,,
10060,10132,10132,Cham.,108058,1871,Buddleja cuneata,,1,0,0,,,,,
10060,10132,10132,Cham. & Schltdl.,105311,1871,Buddleja elegans,,1,0,0,,,,,
10060,10132,10132,Cham. & Schltdl.,105312,1871,Buddleja grandiflora,,1,0,0,,,,,
10060,10132,10132,E.M.Norman & L.B.Sm.,108059,1871,Buddleja hatschbachii,,1,0,0,,,,,
10060,10132,10132,E.M.Norman & L.B.Sm.,110111,1871,Buddleja kleinii,,1,0,0,,,,,
10060,10132,10132,L.B.Sm.,110112,1871,Buddleja ramboi,,1,0,0,,,,,
10060,10132,10132,Cham. & Schltdl.,48316,1871,Buddleja stachyoides,,1,0,0,,,,,
10060,10132,10132,(E.M.Norman & L.B.Sm.) Coelho & Miotto,448296,1871,Buddleja angusticarpa,,1,0,0,,,,,
10060,10132,10132,Lindl.,108065,1876,Bulbophyllum gladiatum,,1,0,0,,,,,
10060,10132,10132,(Barb.Rodr.) Cogn.,108066,1876,Bulbophyllum glutinosum,,1,0,0,,,,,
10060,10132,10132,Barb.Rodr.,108067,1876,Bulbophyllum granulosum,,1,0,0,,,,,
10060,10132,10132,(Barb.Rodr.) Cogn.,108068,1876,Bulbophyllum laciniatum,,1,0,0,,,,,
10060,10132,10132,(Barb.Rodr.) Cogn.,108066,1876,Bulbophyllum glutinosum,,1,0,0,,,,,
10060,10132,10132,Barb.Rodr.,110693,1876,Bulbophyllum mentosum,,1,0,0,,,,,
10060,10132,10132,Rchb.f.,110694,1876,Bulbophyllum meridense,,1,0,0,,,,,
10060,10132,10132,Lindl.,106881,1876,Bulbophyllum napellii,,1,0,0,,,,,
10060,10132,10132,Rchb.f.,106882,1876,Bulbophyllum regnellii,,1,0,0,,,,,
10060,10132,10132,Lindl.,113187,1876,Bulbophyllum exaltatum,,1,0,0,,,,,
10060,10132,10132,(L.) Kunth ex C.B.Clarke,6215,1877,Bulbostylis capillaris,,1,0,0,,,,,
10060,10132,10132,(Kunth) C.B.Clarke,67556,1877,Bulbostylis consanguinea,,1,0,0,,,,,
10060,10132,10132,(Vahl) Kük. ex Herter,6222,1877,Bulbostylis juncoides,,1,0,0,,,,,
10060,10132,10132,(Vahl) Kük. ex Herter,6222,1877,Bulbostylis juncoides,,1,0,0,,,,,
10060,10132,10132,(Vahl) Kük. ex Herter,6222,1877,Bulbostylis juncoides,,1,0,0,,,,,
10060,10132,10132,(Vahl) Kük. ex Herter,6222,1877,Bulbostylis juncoides,,1,0,0,,,,,
10060,10132,10132,(J.Presl & C.Presl) C.B.Clarke,71573,1877,Bulbostylis scabra,,1,0,0,,,,,
10060,10132,10132,(Boeckeler) Lindm.,69588,1877,Bulbostylis sphaerocephala,,1,0,0,,,,,
10060,10132,10132,(Boeckeler) Lindm.,69588,1877,Bulbostylis sphaerocephala,,1,0,0,,,,,
10060,10132,10132,(J.Presl & C.Presl) C.B.Clarke,71573,1877,Bulbostylis scabra,,1,0,0,,,,,
10060,10132,10132,Skottsb.,49083,1878,Bunchosia pallescens,,1,0,0,,,,,
10060,10132,10132,Mart.,108081,1886,Burmannia alba,,1,0,0,,,,,
10060,10132,10132,Malme,110113,1886,Burmannia australis,,1,0,0,,,,,
10060,10132,10132,Mart.,6307,1886,Burmannia flava,,1,0,0,,,,,
10060,10132,10132,(Mart.) Becc.,6343,1892,Butia capitata,,1,0,0,,,,,
10060,10132,10132,Noblick & Lorenzi,110114,1892,Butia catarinensis,,1,0,0,,,,,
10060,10132,10132,(Mart. ex Drude) Becc.,106885,1892,Butia eriospatha,,1,0,0,,,,,
10060,10132,10132,A.Juss.,108085,1895,Byrsonima ligustrifolia,,1,0,0,,,,,
10060,10132,10132,(A.St.-Hil.) Christenh. & Byng,448534,1586,Ayenia australis,,1,0,0,,,,,
10060,10132,10132,(Cristóbal) Christenh. & Byng,448775,1586,Ayenia hatschbachii,,1,0,0,,,,,
10060,10132,10132,(Cristóbal) Christenh. & Byng,448776,1586,Ayenia implicabilis,,1,0,0,,,,,
10060,10132,10132,(Cristóbal) Christenh. & Byng,448777,1586,Ayenia triadenia,,1,0,0,,,,,
10060,10132,10132,(Vell.) Mart.,49105,7308,Cabralea canjerana,,1,0,0,,,,,
10060,10132,10132,(Roth) O.Deg.,438839,19771,Biancaea decapetala,,0,0,0,,,,,
10060,10132,10132,"(Lam.) Gagnon, H.C.Lima & G.P.Lewis",422923,19679,Paubrasilia echinata,,1,0,0,,,,,
10060,10132,10132,(DC.) Gagnon & G.P.Lewis,428314,9849,Cenostigma pluviosum,,1,0,0,,,,,
10060,10132,10132,(L.) Sw.,6478,1903,Caesalpinia pulcherrima,,0,0,0,,,,,
10060,10132,10132,(Cambess.) Reiche,444758,8084,Viviania albiflora,,1,0,0,,,,,
10060,10132,10132,(L.) Huth,6495,1905,Cajanus cajan,,0,0,0,,,,,
10060,10132,10132,(Wand. & S.Vieira) Borchs. & S.Suárez,448778,8974,Goeppertia communis,,1,0,0,,,,,
10060,10132,10132,Ruiz & Pav.,6945,1915,Calceolaria tripartita,,1,0,0,,,,,
10060,10132,10132,Less.,104682,1918,Calea cymosa,,1,0,0,,,,,
10060,10132,10132,Malme,108091,1918,Calea ilienii,,1,0,0,,,,,
10060,10132,10132,(DC.) Baker,108095,1918,Calea myrtifolia,,1,0,0,,,,,
10060,10132,10132,Baker,108097,1918,Calea phyllolepis,,1,0,0,,,,,
10060,10132,10132,Banks ex Steud.,48949,1918,Calea pinnatifida,,1,0,0,,,,,
10060,10132,10132,(Vell.) Pruski,108098,1918,Calea triantha,,1,0,0,,,,,
10060,10132,10132,Less.,84577,1918,Calea uniflora,,1,0,0,,,,,
10060,10132,10132,(Sendtn.) Wijsman,106890,1922,Calibrachoa caesia,,1,0,0,,,,,
10060,10132,10132,Stehmann & Semir,110695,1922,Calibrachoa eglandulata,,1,0,0,,,,,
10060,10132,10132,(R.E.Fr.) Wijsman,108100,1922,Calibrachoa ericifolia,,1,0,0,,,,,
10060,10132,10132,(R.E.Fr.) Wijsman,105321,1922,Calibrachoa excellens,,1,0,0,,,,,
10060,10132,10132,(Sendtn.) Wijsman,110127,1922,Calibrachoa heterophylla,,1,0,0,,,,,
10060,10132,10132,(Sendtn.) Wijsman,106892,1922,Calibrachoa linoides,,1,0,0,,,,,
10060,10132,10132,(Sendtn.) Wijsman,106892,1922,Calibrachoa linoides,,1,0,0,,,,,
10060,10132,10132,(R.E.Fr.) Stehmann & Semir,108101,1922,Calibrachoa micrantha,,1,0,0,,,,,
10060,10132,10132,(Sendtn.) Wijsman,108103,1922,Calibrachoa sellowiana,,1,0,0,,,,,
10060,10132,10132,(R.E.Fr.) Stehmann & Semir,110696,1922,Calibrachoa sendtneriana,,1,0,0,,,,,
10060,10132,10132,(L.B.Sm. & Downs) Stehmann & Semir,110697,1922,Calibrachoa serrulata,,1,0,0,,,,,
10060,10132,10132,(L.B.Sm. & Downs) Stehmann & Semir,108104,1922,Calibrachoa spathulata,,1,0,0,,,,,
10060,10132,10132,(A.Juss.) D.M.Johnson,49084,1926,Callaeum psilophyllum,,1,0,0,,,,,
10060,10132,10132,(Spreng.) J.F.Macbr.,438876,1928,Calliandra selloi,,1,0,0,,,,,
10060,10132,10132,Benth.,49045,1928,Calliandra foliolosa,,1,0,0,,,,,
10060,10132,10132,Benth.,438877,1928,Calliandra tweediei,,1,0,0,,,,,
10060,10132,10132,Mart.,80780,9865,Callisthene minor,,1,0,0,,,,,
10060,10132,10132,Mart.,80780,9865,Callisthene minor,,1,0,0,,,,,
10060,10132,10132,Fassett,48992,1938,Callitriche rimosa,,1,0,0,,,,,
10060,10132,10132,(Cham. & Schltdl.) Gilg,445104,11131,Calolisianthus pedunculatus,,1,0,0,,,,,
10060,10132,10132,Cambess.,7136,1948,Calophyllum brasiliense,,1,0,0,,,,,
10060,10132,10132,(Benth.) C.Wright,7165,1950,Calopogonium caeruleum,,1,0,0,,,,,
10060,10132,10132,Krapov.,110698,11173,Calyculogygas uruguayensis,,1,0,0,,,,,
10060,10132,10132,(Klatt) Baker,108108,7323,Calydorea campestris,,1,0,0,,,,,
10060,10132,10132,Ravenna,108109,7323,Calydorea crocoides,,1,0,0,,,,,
10060,10132,10132,(Nees & Mart.) B.L.Turner,344391,1963,Calyptocarpus brasiliensis,,1,0,0,,,,,
10060,10132,10132,Krapov.,110699,11188,Calyptraemalva catharinensis,,1,0,0,,,,,
10060,10132,10132,(DC.) G.P.Burton & E.Lucas,445147,4842,Myrcia loranthifolia,,1,0,0,,,,,
10060,10132,10132,(Cambess.) G.P.Burton & E.Lucas,444751,4842,Myrcia glomerata,,1,0,0,,,,,
10060,10132,10132,(DC.) G.P.Burton & E.Lucas,445147,4842,Myrcia loranthifolia,,1,0,0,,,,,
10060,10132,10132,(DC.) G.P.Burton & E.Lucas,445147,4842,Myrcia loranthifolia,,1,0,0,,,,,
10060,10132,10132,(Cambess.) G.P.Burton & E.Lucas,444751,4842,Myrcia glomerata,,1,0,0,,,,,
10060,10132,10132,A.R.Lourenço & E.Lucas,428653,4842,Myrcia lonchophylla,,1,0,0,,,,,
10060,10132,10132,A.R.Lourenço & E.Lucas,445618,4842,Myrcia neolucida,,1,0,0,,,,,
10060,10132,10132,A.R.Lourenço & E.Lucas,445618,4842,Myrcia neolucida,,1,0,0,,,,,
10060,10132,10132,A.R.Lourenço & E.Lucas,448779,4842,Myrcia legrandii,,1,0,0,,,,,
10060,10132,10132,(D.Legrand) A.R.Lourenço & E.Lucas,428685,4842,Myrcia pileata,,1,0,0,,,,,
10060,10132,10132,(Cambess.) G.P.Burton & E.Lucas,444751,4842,Myrcia glomerata,,1,0,0,,,,,
10060,10132,10132,A.R.Lourenço & E.Lucas,448990,4842,Myrcia neorubella,,1,0,0,,,,,
10060,10132,10132,A.R.Lourenço & E.Lucas,428707,4842,Myrcia strigosa,,1,0,0,,,,,
10060,10132,10132,(D.Legrand) A.R.Lourenço & E.Lucas,428718,4842,Myrcia tricona,,1,0,0,,,,,
10060,10132,10132,(Brongn.) Urb.,7394,1966,Calyptrocarya glomerulata,,1,0,0,,,,,
10060,10132,10132,(Rudge) Kuntze,54436,7874,Bisboeckelera longifolia,,1,0,0,,,,,
10060,10132,10132,P.P.A.Ferreira & Sim.-Bianch.,110133,1969,Calystegia brummittii,,1,0,0,,,,,
10060,10132,10132,"(Hack.) P.L.Viana, L.G.Clark & Filg.",110134,11174,Cambajuva ulei,,1,0,0,,,,,
10060,10132,10132,(Cambess.) O.Berg,69720,7310,Campomanesia adamantium,,1,0,0,,,,,
10060,10132,10132,O.Berg,106894,7310,Campomanesia aurea,,1,0,0,,,,,
10060,10132,10132,O.Berg,106894,7310,Campomanesia aurea,,1,0,0,,,,,
10060,10132,10132,(Cambess.) D.Legrand ex Landrum,67802,7310,Campomanesia eugenioides,,1,0,0,,,,,
10060,10132,10132,(DC.) Bertoni,49117,7310,Campomanesia guaviroba,,1,0,0,,,,,
10060,10132,10132,(Cambess.) O.Berg,49118,7310,Campomanesia guazumifolia,,1,0,0,,,,,
10060,10132,10132,D.Legrand,108116,7310,Campomanesia reitziana,,1,0,0,,,,,
10060,10132,10132,(Mart.) O.Berg,49119,7310,Campomanesia xanthocarpa,,1,0,0,,,,,
10060,10132,10132,(Mart.) O.Berg,49119,7310,Campomanesia xanthocarpa,,1,0,0,,,,,
10060,10132,10132,(Vell.) R.M.King & H.Rob.,72907,9314,Campovassouria cruciata,,1,0,0,,,,,
10060,10132,10132,(Mart. ex Benth.) Burkart,67665,8928,Camptosema scarlatinum,,1,0,0,,,,,
10060,10132,10132,(Less.) DC.,53591,7741,Campuloclinium macrocephalum,,1,0,0,,,,,
10060,10132,10132,(Baker) R.M.King & H.Rob.,72028,7741,Campuloclinium purpurascens,,1,0,0,,,,,
10060,10132,10132,Barb.Rodr.,106895,1987,Campylocentrum aromaticum,,1,0,0,,,,,
10060,10132,10132,Cogn.,104683,1987,Campylocentrum densiflorum,,1,0,0,,,,,
10060,10132,10132,Cogn.,106897,1987,Campylocentrum ulei,,1,0,0,,,,,
10060,10132,10132,Cogn.,49272,1987,Campylocentrum grisebachii,,1,0,0,,,,,
10060,10132,10132,Cogn.,110704,1987,Campylocentrum hirtellum,,1,0,0,,,,,
10060,10132,10132,(Rchb.f. & Warm.) Cogn.,49273,1987,Campylocentrum neglectum,,1,0,0,,,,,
10060,10132,10132,(Lindl.) Rolfe,110136,1987,Campylocentrum ornithorrhynchum,,1,0,0,,,,,
10060,10132,10132,(Barb.Rodr.) Rolfe,108121,1987,Campylocentrum parahybunense,,1,0,0,,,,,
10060,10132,10132,(Rchb.f.) Rolfe,7536,1987,Campylocentrum poeppigii,,1,0,0,,,,,
10060,10132,10132,(Rchb.f.) Rolfe,110137,1987,Campylocentrum sellowii,,1,0,0,,,,,
10060,10132,10132,Cogn.,106897,1987,Campylocentrum ulei,,1,0,0,,,,,
10060,10132,10132,Fée,68016,1988,Campyloneurum acrocarpon,,1,0,0,,,,,
10060,10132,10132,(Alston) Sota,72911,1988,Campyloneurum aglaolepis,,1,0,0,,,,,
10060,10132,10132,(Alston) Sota,48854,1988,Campyloneurum austrobrasilianum,,1,0,0,,,,,
10060,10132,10132,(Raddi) C.Presl,108122,1988,Campyloneurum decurrens,,1,0,0,,,,,
10060,10132,10132,T.Moore,136092,1988,Campyloneurum aphanophlebium,,1,0,0,,,,,
10060,10132,10132,C.Presl,48856,1988,Campyloneurum nitidum,,1,0,0,,,,,
10060,10132,10132,J.Sm.,68017,1988,Campyloneurum rigidum,,1,0,0,,,,,
10060,10132,10132,(Döll) Zuloaga & Morrone,448780,12676,Canastra aristella,,1,0,0,,,,,
10060,10132,10132,Lindl.,48327,1997,Canavalia bonariensis,,1,0,0,,,,,
10060,10132,10132,(Sw.) DC.,7596,1997,Canavalia rosea,,1,0,0,,,,,
10060,10132,10132,L.,7601,1999,Canna glauca,,1,0,0,,,,,
10060,10132,10132,L.,7602,1999,Canna indica,,1,0,0,,,,,
10060,10132,10132,Ruiz & Pav.,49249,1999,Canna paniculata,,1,0,0,,,,,
10060,10132,10132,Sims,7604,1999,Canna pedunculata,,1,0,0,,,,,
10060,10132,10132,(Pohl ex Benth.) Harley & J.F.B.Pastore,105332,7231,Cantinoa althaeifolia,,1,0,0,,,,,
10060,10132,10132,(Epling) Harley & J.F.B.Pastore,108125,7231,Cantinoa heterodon,,1,0,0,,,,,
10060,10132,10132,(Rich.) Harley & J.F.B.Pastore,47946,7231,Cantinoa mutabilis,,1,0,0,,,,,
10060,10132,10132,(Benth.) Harley & J.F.B.Pastore,108126,7231,Cantinoa plectranthoides,,1,0,0,,,,,
10060,10132,10132,(Benth.) Harley & J.F.B.Pastore,105333,7231,Cantinoa stricta,,1,0,0,,,,,
10060,10132,10132,Porto & Brade,108127,7327,Capanemia adelaidae,,1,0,0,,,,,
10060,10132,10132,Hoehne,108128,7327,Capanemia gehrtii,,1,0,0,,,,,
10060,10132,10132,Barb.Rodr.,49274,7327,Capanemia micromera,,1,0,0,,,,,
10060,10132,10132,(Rchb.f.) Garay,49275,7327,Capanemia superflua,,1,0,0,,,,,
10060,10132,10132,Barb.Rodr.,169483,7327,Capanemia theresae,,1,0,0,,,,,
10060,10132,10132,Müll.Arg.,110705,2005,Caperonia buettneriacea,,1,0,0,,,,,
10060,10132,10132,A.St.-Hil.,103367,2005,Caperonia linearifolia,,1,0,0,,,,,
10060,10132,10132,(L.) L.,439046,2008,Capparis flexuosa,,1,0,0,,,,,
10060,10132,10132,Schwacke,108131,2293,Cinnamodendron dinisii,,1,0,0,,,,,
10060,10132,10132,L.,7663,2011,Capsicum baccatum,,1,0,0,,,,,
10060,10132,10132,L.,7663,2011,Capsicum baccatum,,1,0,0,,,,,
10060,10132,10132,Sendtn.,49202,2011,Capsicum flexuosum,,1,0,0,,,,,
10060,10132,10132,L.,7674,2015,Cardamine africana,,0,0,0,,,,,
10060,10132,10132,Juss. ex Pers.,7679,2015,Cardamine bonariensis,,1,0,0,,,,,
10060,10132,10132,Pers.,439064,2015,Cardamine chenopodiifolia,,1,0,0,,,,,
10060,10132,10132,Sw.,7732,2021,Cardiospermum grandiflorum,,1,0,0,,,,,
10060,10132,10132,L.,7733,2021,Cardiospermum halicacabum,,1,0,0,,,,,
10060,10132,10132,Kunth,7734,2021,Cardiospermum microcarpum,,1,0,0,,,,,
10060,10132,10132,L.,7753,2024,Carduus nutans,,0,0,1,,,,,
10060,10132,10132,A.St.-Hil.,104684,2026,Carex brasiliensis,,1,0,0,,,,,
10060,10132,10132,Boeckeler,448298,2026,Carex catharinensis,,1,0,0,,,,,
10060,10132,10132,d'Urv.,7910,2026,Carex fuscula,,1,0,0,,,,,
10060,10132,10132,H.Pfeiff.,103373,2026,Carex feddeana,,1,0,0,,,,,
10060,10132,10132,d'Urv.,7910,2026,Carex fuscula,,1,0,0,,,,,
10060,10132,10132,(Kük.) Herter,444760,2026,Carex meridionalis,,1,0,0,,,,,
10060,10132,10132,Kunth,49250,2026,Carex phalaroides,,1,0,0,,,,,
10060,10132,10132,Kunth,49250,2026,Carex phalaroides,,1,0,0,,,,,
10060,10132,10132,Kunth,448369,2026,Carex moesta,,1,0,0,,,,,
10060,10132,10132,Kunth,49250,2026,Carex phalaroides,,1,0,0,,,,,
10060,10132,10132,Kunth,49250,2026,Carex phalaroides,,1,0,0,,,,,
10060,10132,10132,Kunth,448369,2026,Carex moesta,,1,0,0,,,,,
10060,10132,10132,Boeckeler,8070,2026,Carex polysticha,,1,0,0,,,,,
10060,10132,10132,Boeckeler,108133,2026,Carex purpureovaginata,,1,0,0,,,,,
10060,10132,10132,Schltdl.,49251,2026,Carex sellowiana,,1,0,0,,,,,
10060,10132,10132,Boeckeler,108134,2026,Carex seticulmis,,1,0,0,,,,,
10060,10132,10132,Kunth,103377,2026,Carex sororia,,1,0,0,,,,,
10060,10132,10132,Desf. ex Poir.,103370,2026,Carex bonariensis,,1,0,0,,,,,
10060,10132,10132,Boeckeler,103379,2026,Carex uruguensis,,1,0,0,,,,,
10060,10132,10132,L.,8196,2028,Carica papaya,,1,0,0,,,,,
10060,10132,10132,A.St.-Hil.,290896,7042,Vasconcellea quercifolia,,1,0,0,,,,,
10060,10132,10132,(Raddi) Kuntze,72956,9319,Cariniana estrellensis,,1,0,0,,,,,
10060,10132,10132,Sleumer,110706,897,Casearia catharinensis,,1,0,0,,,,,
10060,10132,10132,Jacq.,8339,897,Casearia decandra,,1,0,0,,,,,
10060,10132,10132,Eichler,68159,897,Casearia lasiophylla,,1,0,0,,,,,
10060,10132,10132,Spreng.,68160,897,Casearia obliqua,,1,0,0,,,,,
10060,10132,10132,Sw.,8362,897,Casearia sylvestris,,1,0,0,,,,,
10060,10132,10132,(Lam.) Christenh.,444726,3727,Hemionitis triphylla,,1,0,0,,,,,
10060,10132,10132,Vogel,8375,2056,Cassia leptophylla,,1,0,0,,,,,
10060,10132,10132,Schltdl. & Cham.,439125,2069,Castilleja arvensis,,1,0,0,,,,,
10060,10132,10132,Kunth,8483,2069,Castilleja scorzonerifolia,,1,0,0,,,,,
10060,10132,10132,Lindl.,108138,2076,Catasetum atratum,,1,0,0,,,,,
10060,10132,10132,Rolfe,110707,2076,Catasetum rodigasianum,,1,0,0,,,,,
10060,10132,10132,(Lindl.) Rchb.f.,110708,2076,Catasetum cernuum,,1,0,0,,,,,
10060,10132,10132,(C.Morren) Lindl.,71760,2076,Catasetum fimbriatum,,1,0,0,,,,,
10060,10132,10132,Rolfe,110707,2076,Catasetum rodigasianum,,1,0,0,,,,,
10060,10132,10132,Rchb.f.,108140,2076,Catasetum triodon,,1,0,0,,,,,
10060,10132,10132,Rchb.f.,108140,2076,Catasetum triodon,,1,0,0,,,,,
10060,10132,10132,(Vell.) Hoehne,108141,2076,Catasetum socco,,1,0,0,,,,,
10060,10132,10132,(L.) G.Don,8525,2078,Catharanthus roseus,,0,0,0,,,,,
10060,10132,10132,(Schult. & Schult.f.) Mez,8529,2082,Catopsis berteroniana,,1,0,0,,,,,
10060,10132,10132,(Ruiz & Pav.) Mez,8534,2082,Catopsis sessiliflora,,1,0,0,,,,,
10060,10132,10132,(Lindl.) Van den Berg,105335,2083,Cattleya cernua,,1,0,0,,,,,
10060,10132,10132,Lindl.,108142,2083,Cattleya forbesii,,1,0,0,,,,,
10060,10132,10132,Graham ex Hook.,108144,2083,Cattleya intermedia,,1,0,0,,,,,
10060,10132,10132,Linden & Rchb.f.,108145,2083,Cattleya porphyroglossa,,1,0,0,,,,,
10060,10132,10132,A.Rich.,110142,2083,Cattleya tigrina,,1,0,0,,,,,
10060,10132,10132,Cogn. ex Harms,110144,2089,Cayaponia biflora,,1,0,0,,,,,
10060,10132,10132,(Vell.) Mart.,108146,2089,Cayaponia cabocla,,1,0,0,,,,,
10060,10132,10132,(Vell.) Mart.,108146,2089,Cayaponia cabocla,,1,0,0,,,,,
10060,10132,10132,(Vell.) Cogn.,110710,2089,Cayaponia fluminensis,,1,0,0,,,,,
10060,10132,10132,Cogn. ex Harms,110711,2089,Cayaponia laxa,,1,0,0,,,,,
10060,10132,10132,Gomes-Klein,110712,2089,Cayaponia membranacea,,1,0,0,,,,,
10060,10132,10132,Cogn.,106901,2089,Cayaponia palmata,,1,0,0,,,,,
10060,10132,10132,(Vell.) Cogn.,49012,2089,Cayaponia pilosa,,1,0,0,,,,,
10060,10132,10132,(Vell.) Cogn.,108147,2089,Cayaponia ternata,,1,0,0,,,,,
10060,10132,10132,(Cogn.) Cogn.,72995,2089,Cayaponia trifoliolata,,1,0,0,,,,,
10060,10132,10132,Cogn.,108149,2089,Cayaponia trilobata,,1,0,0,,,,,
10060,10132,10132,Cogn. ex Harms,110145,2089,Cayaponia ulei,,1,0,0,,,,,
10060,10132,10132,Snethl.,68170,2093,Cecropia glaziovii,,1,0,0,,,,,
10060,10132,10132,Trécul,8569,2093,Cecropia pachystachya,,1,0,0,,,,,
10060,10132,10132,Vell.,49106,2094,Cedrela fissilis,,1,0,0,,,,,
10060,10132,10132,"(A.St.-Hil., A.Juss. & Cambess.) Ravenna",8582,2097,Ceiba speciosa,,1,0,0,,,,,
10060,10132,10132,L.,8655,2100,Celosia argentea,,0,0,1,,,,,
10060,10132,10132,L.,8655,2100,Celosia argentea,,0,0,1,,,,,
10060,10132,10132,Didr.,110713,2100,Celosia corymbifera,,1,0,0,,,,,
10060,10132,10132,Moq.,110146,2100,Celosia grandifolia,,1,0,0,,,,,
10060,10132,10132,(Gardner) Planch.,72058,2101,Celtis brasiliensis,,1,0,0,,,,,
10060,10132,10132,(Jacq.) Sarg.,8673,2101,Celtis iguanaea,,1,0,0,,,,,
10060,10132,10132,(Jacq.) Sarg.,8673,2101,Celtis iguanaea,,1,0,0,,,,,
10060,10132,10132,L.,8698,2103,Cenchrus echinatus,,1,0,0,,,,,
10060,10132,10132,Cav.,8710,2103,Cenchrus spinifex,,1,0,0,,,,,
10060,10132,10132,L.,8711,2103,Cenchrus tribuloides,,1,0,0,,,,,
10060,10132,10132,(L.) L.,8720,2104,Centaurea benedicta,,0,0,0,,,,,
10060,10132,10132,(L.) Urb.,8775,2107,Centella asiatica,,1,0,0,,,,,
10060,10132,10132,Cass.,8797,2114,Centratherum punctatum,,1,0,0,,,,,
10060,10132,10132,(Mart. ex Benth.) H.C.Lima,73017,2116,Centrolobium microchaete,,1,0,0,,,,,
10060,10132,10132,(L.) Benth.,47951,2119,Centrosema brasilianum,,1,0,0,,,,,
10060,10132,10132,(L.) Benth.,8824,2119,Centrosema virginianum,,1,0,0,,,,,
10060,10132,10132,(L.) U.Manns & Anderb.,438389,4439,Lysimachia minima,,0,0,0,,,,,
10060,10132,10132,(Baker) C.V.Morton,448782,3553,Grammitis albidula,,1,0,0,,,,,
10060,10132,10132,(Mett.) Christenh.,445644,3553,Grammitis spixiana,,1,0,0,,,,,
10060,10132,10132,Ser.,103382,2133,Cerastium commersonianum,,1,0,0,,,,,
10060,10132,10132,Fenzl ex Rohrb.,103383,2133,Cerastium dicrotrichum,,1,0,0,,,,,
10060,10132,10132,Thuill.,8895,2133,Cerastium glomeratum,,0,0,0,,,,,
10060,10132,10132,Cambess.,49001,2133,Cerastium rivulare,,1,0,0,,,,,
10060,10132,10132,L.,8925,2139,Ceratophyllum demersum,,1,0,0,,,,,
10060,10132,10132,K.Schum.,8953,2150,Cereus hildmannianus,,1,0,0,,,,,
10060,10132,10132,Link & Otto,68165,2156,Cestrum bracteatum,,1,0,0,,,,,
10060,10132,10132,Schltdl.,84787,2156,Cestrum corymbosum,,1,0,0,,,,,
10060,10132,10132,Schltdl.,84787,2156,Cestrum corymbosum,,1,0,0,,,,,
10060,10132,10132,Schltdl.,103387,2156,Cestrum euanthes,,1,0,0,,,,,
10060,10132,10132,Sendtn.,49203,2156,Cestrum intermedium,,1,0,0,,,,,
10060,10132,10132,Ruiz & Pav.,443685,2156,Cestrum strigilatum,,1,0,0,,,,,
10060,10132,10132,(Hassl.) R.M.King & H.Rob.,71472,9222,Chacoa pseudoprasiifolia,,1,0,0,,,,,
10060,10132,10132,(Vogel) T.M.Moura & Fort.-Perez,445548,8237,Nissolia brasiliensis,,1,0,0,,,,,
10060,10132,10132,(Burkart) T.M.Moura & Fort.-Perez,448538,8237,Nissolia nigricans,,1,0,0,,,,,
10060,10132,10132,(Collad.) Killip,67668,2170,Chamaecrista desvauxii,,1,0,0,,,,,
10060,10132,10132,(Collad.) Killip,67668,2170,Chamaecrista desvauxii,,1,0,0,,,,,
10060,10132,10132,(L.) Greene,9070,2170,Chamaecrista flexuosa,,1,0,0,,,,,
10060,10132,10132,(L.) Moench,9080,2170,Chamaecrista nictitans,,1,0,0,,,,,
10060,10132,10132,(L.) Moench,9080,2170,Chamaecrista nictitans,,1,0,0,,,,,
10060,10132,10132,(L.) Moench,9080,2170,Chamaecrista nictitans,,1,0,0,,,,,
10060,10132,10132,(Vogel) H.S.Irwin & Barneby,108158,2170,Chamaecrista punctata,,1,0,0,,,,,
10060,10132,10132,(Vogel) H.S.Irwin & Barneby,105341,2170,Chamaecrista repens,,1,0,0,,,,,
10060,10132,10132,(Vogel) Govaerts,108159,2170,Chamaecrista vestita,,1,0,0,,,,,
10060,10132,10132,Mart.,48891,2184,Chamissoa acuminata,,1,0,0,,,,,
10060,10132,10132,(Jacq.) Kunth,9119,2184,Chamissoa altissima,,1,0,0,,,,,
10060,10132,10132,(Baker) Cabrera,108160,2187,Chaptalia cordifolia,,1,0,0,,,,,
10060,10132,10132,(Pers.) Baker,102786,2187,Chaptalia exscapa,,1,0,0,,,,,
10060,10132,10132,(Dusén) Cabrera,108161,2187,Chaptalia graminifolia,,1,0,0,,,,,
10060,10132,10132,(Vell.) Burkart,67426,2187,Chaptalia integerrima,,1,0,0,,,,,
10060,10132,10132,Burkart,73069,2187,Chaptalia mandonii,,1,0,0,,,,,
10060,10132,10132,(L.) Pol.,9143,2187,Chaptalia nutans,,1,0,0,,,,,
10060,10132,10132,Kunth,67427,2187,Chaptalia runcinata,,1,0,0,,,,,
10060,10132,10132,(Less.) Baker,71465,2187,Chaptalia sinuata,,1,0,0,,,,,
10060,10132,10132,(Ekman) Parodi ex Nicora & Rúgolo,444963,14676,Microbriza brachychaete,,1,0,0,,,,,
10060,10132,10132,(Trin.) Matthei,445132,19997,Poidium calotheca,,1,0,0,,,,,
10060,10132,10132,(Lam.) Desv.,448301,11042,Chascolytrum erectum,,1,0,0,,,,,
10060,10132,10132,(Hack.) Matthei,448784,19997,Poidium juergensii,,1,0,0,,,,,
10060,10132,10132,(Hack.) Matthei,448784,19997,Poidium juergensii,,1,0,0,,,,,
10060,10132,10132,(Nees) Matthei,444964,11042,Chascolytrum lamarckianum,,1,0,0,,,,,
10060,10132,10132,"Essi, Souza-Chies & Longhi-Wagner",110148,11042,Chascolytrum latifolium,,1,0,0,,,,,
10060,10132,10132,(Hack.) Matthei,448590,19997,Poidium monandrum,,1,0,0,,,,,
10060,10132,10132,"(Roseng., B.R.Arrill. & Izag.) Matthei",448785,11042,Chascolytrum parodianum,,1,0,0,,,,,
10060,10132,10132,(J.Presl) Parodi ex Nicora & Rúgolo,298044,14676,Microbriza poimorpha,,1,0,0,,,,,
10060,10132,10132,(J.Presl) Roseng. & B.R.Arrill.,438798,19996,Lombardochloa rufa,,1,0,0,,,,,
10060,10132,10132,(Lam.) Desv.,438799,11042,Chascolytrum subaristatum,,1,0,0,,,,,
10060,10132,10132,(Nees) Matthei,438800,19997,Poidium uniolae,,1,0,0,,,,,
10060,10132,10132,(Sw.) Christenh.,448227,3727,Hemionitis micropteris,,1,0,0,,,,,
10060,10132,10132,(Kunze) Christenh.,448786,3727,Hemionitis regularis,,1,0,0,,,,,
10060,10132,10132,(Cambess.) A.C.Sm.,82587,7884,Cheiloclinium serratum,,1,0,0,,,,,
10060,10132,10132,L.,31000,5116,Ophioglossum palmatum,,1,0,0,,,,,
10060,10132,10132,Less.,48934,2212,Chevreulia acuminata,,1,0,0,,,,,
10060,10132,10132,(Pers.) S.F.Blake,9321,2212,Chevreulia sarmentosa,,1,0,0,,,,,
10060,10132,10132,(L.) Hitchc.,9354,2225,Chiococca alba,,1,0,0,,,,,
10060,10132,10132,(Vell.) P.S.Green,108169,2227,Chionanthus filiformis,,1,0,0,,,,,
10060,10132,10132,(J.W.Ingram) L.B.Sm. & Downs,110155,7746,Chiropetalum phalacradenium,,1,0,0,,,,,
10060,10132,10132,(Allem & Irgang) Radcl.-Sm. & Govaerts,110156,7746,Chiropetalum pilosistylum,,1,0,0,,,,,
10060,10132,10132,(Vell.) Chodat & Hassl.,53651,7746,Chiropetalum tricoccum,,1,0,0,,,,,
10060,10132,10132,Lindl.,103400,2234,Chloraea membranacea,,1,0,0,,,,,
10060,10132,10132,(Desv.) P.M.Peterson,439273,20011,Stapfochloa elata,,1,0,0,,,,,
10060,10132,10132,Trin.,9441,2236,Chloris pycnothrix,,1,0,0,,,,,
10060,10132,10132,A.Rich.,110158,2242,Chomelia brasiliana,,1,0,0,,,,,
10060,10132,10132,Cham. & Schltdl.,53825,2242,Chomelia obtusa,,1,0,0,,,,,
10060,10132,10132,Benth.,108171,2242,Chomelia pedunculosa,,1,0,0,,,,,
10060,10132,10132,(Hook. & Arn.) R.M.King & H.Rob.,53589,2258,Chromolaena hirsuta,,1,0,0,,,,,
10060,10132,10132,(L.) R.M.King & H.Rob.,439288,2258,Chromolaena ivifolia,,1,0,0,,,,,
10060,10132,10132,(Lam.) R.M.King & H.Rob.,73098,2258,Chromolaena laevigata,,1,0,0,,,,,
10060,10132,10132,(Hook. & Arn.) R.M.King & H.Rob.,48940,2258,Chromolaena pedunculosa,,1,0,0,,,,,
10060,10132,10132,(Hook. & Arn.) R.M.King & H.Rob.,53594,2258,Chromolaena squarrulosa,,1,0,0,,,,,
10060,10132,10132,(DC.) R.M.King & H.Rob.,104686,2258,Chromolaena verbenacea,,1,0,0,,,,,
10060,10132,10132,(Less.) Dematt.,104687,2270,Chrysolaena cognata,,1,0,0,,,,,
10060,10132,10132,(Sims) H.Rob.,84579,2270,Chrysolaena flexuosa,,1,0,0,,,,,
10060,10132,10132,(Hieron.) H.Rob.,84580,2270,Chrysolaena lithospermifolia,,1,0,0,,,,,
10060,10132,10132,(Vell.) H.Rob.,108175,2270,Chrysolaena oligophylla,,1,0,0,,,,,
10060,10132,10132,(Spreng.) H.Rob.,9540,2270,Chrysolaena platensis,,1,0,0,,,,,
10060,10132,10132,(Hieron.) H.Rob.,72025,2270,Chrysolaena propinqua,,1,0,0,,,,,
10060,10132,10132,(Less.) H.Rob.,105345,2270,Chrysolaena verbascifolia,,1,0,0,,,,,
10060,10132,10132,(Mart. & Eichler) Engl.,53844,2271,Chrysophyllum gonocarpum,,1,0,0,,,,,
10060,10132,10132,Mart.,108176,2271,Chrysophyllum inornatum,,1,0,0,,,,,
10060,10132,10132,(Hook. & Arn.) Radlk.,49197,2271,Chrysophyllum marginatum,,1,0,0,,,,,
10060,10132,10132,Mart. & Eichler,108178,2271,Chrysophyllum viride,,1,0,0,,,,,
10060,10132,10132,Nees,108179,2281,Chusquea anelythra,,1,0,0,,,,,
10060,10132,10132,(Raddi) Hack.,108181,2281,Chusquea bambusoides,,1,0,0,,,,,
10060,10132,10132,(Raddi) Hack.,108181,2281,Chusquea bambusoides,,1,0,0,,,,,
10060,10132,10132,Nees,108182,2281,Chusquea capitata,,1,0,0,,,,,
10060,10132,10132,"A.C.Mota, R.P.Oliveira & L.G.Clark",448994,2281,Chusquea kleinii,,1,0,0,,,,,
10060,10132,10132,Trin.,108183,2281,Chusquea capituliflora,,1,0,0,,,,,
10060,10132,10132,McClure & L.B.Sm.,110159,2281,Chusquea gracilis,,1,0,0,,,,,
10060,10132,10132,McClure & L.B.Sm.,108184,2281,Chusquea ibiramae,,1,0,0,,,,,
10060,10132,10132,Hack.,106904,2281,Chusquea juergensii,,1,0,0,,,,,
10060,10132,10132,Nees,108185,2281,Chusquea leptophylla,,1,0,0,,,,,
10060,10132,10132,Rupr. ex Döll,108186,2281,Chusquea meyeriana,,1,0,0,,,,,
10060,10132,10132,McClure & L.B.Sm.,108187,2281,Chusquea mimosa,,1,0,0,,,,,
10060,10132,10132,McClure & L.B.Sm.,108187,2281,Chusquea mimosa,,1,0,0,,,,,
10060,10132,10132,L.G.Clark,110714,2281,Chusquea nudiramea,,1,0,0,,,,,
10060,10132,10132,Rupr.,108188,2281,Chusquea oligophylla,,1,0,0,,,,,
10060,10132,10132,(Hack.) Ekman,108189,2281,Chusquea oxylepis,,1,0,0,,,,,
10060,10132,10132,(Nees) Nees,67912,2281,Chusquea pinifolia,,1,0,0,,,,,
10060,10132,10132,Lindm.,53788,2281,Chusquea ramosissima,,1,0,0,,,,,
10060,10132,10132,Rupr.,108190,2281,Chusquea sellowii,,1,0,0,,,,,
10060,10132,10132,Nees,49304,2281,Chusquea tenella,,1,0,0,,,,,
10060,10132,10132,Hack.,108191,2281,Chusquea urelytra,,1,0,0,,,,,
10060,10132,10132,L.G.Clark,110715,2281,Chusquea windischii,,1,0,0,,,,,
10060,10132,10132,L.,9596,2288,Cichorium intybus,,0,0,0,,,,,
10060,10132,10132,(Nees) Endl. ex Walp.,108192,2293,Cinnamodendron axillare,,1,0,0,,,,,
10060,10132,10132,(Nees & Mart.) R.Rohde,428199,9079,Aiouea amoena,,1,0,0,,,,,
10060,10132,10132,(Mez) R.Rohde,448788,9079,Aiouea glaziovii,,1,0,0,,,,,
10060,10132,10132,(Vattimo-Gil) R.Rohde,448789,9079,Aiouea hatschbachii,,1,0,0,,,,,
10060,10132,10132,Lorea-Hern.,409671,9079,Aiouea pseudoglaziovii,,1,0,0,,,,,
10060,10132,10132,Kosterm.,108196,2294,Cinnamomum riedelianum,,1,0,0,,,,,
10060,10132,10132,(Nees & Mart.) R.Rohde,428226,9079,Aiouea sellowiana,,1,0,0,,,,,
10060,10132,10132,(Sw.) R.Rohde,422852,9079,Aiouea montana,,1,0,0,,,,,
10060,10132,10132,(G.Lodd.) G.Don,108197,11134,Cirrhaea dependens,,1,0,0,,,,,
10060,10132,10132,(G.Lodd.) G.Don,108197,11134,Cirrhaea dependens,,1,0,0,,,,,
10060,10132,10132,(G.Lodd.) G.Don,108197,11134,Cirrhaea dependens,,1,0,0,,,,,
10060,10132,10132,Hoehne,110716,11134,Cirrhaea longiracemosa,,1,0,0,,,,,
10060,10132,10132,Lindl.,108199,11134,Cirrhaea fuscolutea,,1,0,0,,,,,
10060,10132,10132,(Savi) Ten.,9697,2299,Cirsium vulgare,,0,0,1,,,,,
10060,10132,10132,DC.,67791,2301,Cissampelos andromorpha,,1,0,0,,,,,
10060,10132,10132,DC.,67792,2301,Cissampelos ovalifolia,,1,0,0,,,,,
10060,10132,10132,L.,9699,2301,Cissampelos pareira,,1,0,0,,,,,
10060,10132,10132,Vell.,108200,2302,Cissus paullinifolia,,1,0,0,,,,,
10060,10132,10132,Vell.,108201,2302,Cissus stipulata,,1,0,0,,,,,
10060,10132,10132,(Ruiz & Pav.) Lombardi,439309,2329,Clematicissus striata,,1,0,0,,,,,
10060,10132,10132,(Baker) Planch.,49236,2302,Cissus sulcicaulis,,1,0,0,,,,,
10060,10132,10132,(L.) Nicolson & C.E.Jarvis,9742,2302,Cissus verticillata,,1,0,0,,,,,
10060,10132,10132,Cham.,84792,2306,Citharexylum myrianthum,,1,0,0,,,,,
10060,10132,10132,Cham.,108202,2306,Citharexylum solanaceum,,1,0,0,,,,,
10060,10132,10132,(Loes.) R.A.Howard,108203,2308,Citronella engleriana,,1,0,0,,,,,
10060,10132,10132,(Mart.) R.A.Howard,84612,2308,Citronella gongonha,,1,0,0,,,,,
10060,10132,10132,(Mart.) R.A.Howard,49064,2308,Citronella paniculata,,1,0,0,,,,,
10060,10132,10132,(L.) Pohl,9809,2313,Cladium mariscus,,1,0,0,,,,,
10060,10132,10132,(Cogn.) Hoehne,110717,7886,Cleistes catharinensis,,1,0,0,,,,,
10060,10132,10132,(Rchb.f.) Schltr.,108213,7886,Cleistes libonii,,1,0,0,,,,,
10060,10132,10132,(Rchb.f.) Schltr.,108213,7886,Cleistes libonii,,1,0,0,,,,,
10060,10132,10132,(Schltr.) Schltr.,108215,7886,Cleistes magnifica,,1,0,0,,,,,
10060,10132,10132,(Barb.Rodr.) Schltr.,108216,7886,Cleistes paranaensis,,1,0,0,,,,,
10060,10132,10132,(Rchb.f.) Schltr.,108213,7886,Cleistes libonii,,1,0,0,,,,,
10060,10132,10132,Pabst,108220,7886,Cleistes uliginosa,,1,0,0,,,,,
10060,10132,10132,(Rchb.f.) Schltr.,108213,7886,Cleistes libonii,,1,0,0,,,,,
10060,10132,10132,Juss. ex DC.,103404,2330,Clematis bonariensis,,1,0,0,,,,,
10060,10132,10132,A.St.-Hil.,53820,2330,Clematis campestris,,1,0,0,,,,,
10060,10132,10132,A.St.-Hil.,49155,2330,Clematis affinis,,1,0,0,,,,,
10060,10132,10132,DC.,106907,2330,Clematis brasiliana,,1,0,0,,,,,
10060,10132,10132,A.St.-Hil.,53820,2330,Clematis campestris,,1,0,0,,,,,
10060,10132,10132,Kunth,73164,2331,Cleome parviflora,,1,0,0,,,,,
10060,10132,10132,Vahl ex DC.,106908,2331,Cleome rosea,,1,0,0,,,,,
10060,10132,10132,L.,444741,2331,Cleome gigantea,,1,0,0,,,,,
10060,10132,10132,Pers.,67541,2335,Clethra scabra,,1,0,0,,,,,
10060,10132,10132,Pers.,67541,2335,Clethra scabra,,1,0,0,,,,,
10060,10132,10132,Pers.,67541,2335,Clethra scabra,,1,0,0,,,,,
10060,10132,10132,Sleumer,108223,2335,Clethra uleana,,1,0,0,,,,,
10060,10132,10132,(DC.) R.Goldenb.,410358,4675,Miconia blepharodes,,1,0,0,,,,,
10060,10132,10132,(Pav. ex D.Don) Judd & Majure,409454,4675,Miconia dependens,,1,0,0,,,,,
10060,10132,10132,(Vahl) Michelang.,409452,4675,Miconia crenata,,1,0,0,,,,,
10060,10132,10132,Michelang.,410485,4675,Miconia neourceolata,,1,0,0,,,,,
10060,10132,10132,L.,10150,2341,Clinopodium vulgare,,0,0,0,,,,,
10060,10132,10132,Lam.,448240,4334,Linum selaginoides,,1,0,0,,,,,
10060,10132,10132,Lam.,10169,2345,Clitoria falcata,,1,0,0,,,,,
10060,10132,10132,Benth.,105347,2345,Clitoria nana,,1,0,0,,,,,
10060,10132,10132,Cambess.,67543,2348,Clusia criuva,,1,0,0,,,,,
10060,10132,10132,Humb. & Bonpl. ex Willd.,108226,2348,Clusia parviflora,,1,0,0,,,,,
10060,10132,10132,(Graham) C.B.Costa & Mamede,108227,2360,Coccocypselum capitatum,,1,0,0,,,,,
10060,10132,10132,Pers.,73214,2360,Coccocypselum condalia,,1,0,0,,,,,
10060,10132,10132,Wawra,108228,2360,Coccocypselum geophiloides,,1,0,0,,,,,
10060,10132,10132,Chodat,49164,2360,Coccocypselum hasslerianum,,1,0,0,,,,,
10060,10132,10132,(Ruiz & Pav.) Pers.,10240,2360,Coccocypselum lanceolatum,,1,0,0,,,,,
10060,10132,10132,Standl.,108230,2360,Coccocypselum lymansmithii,,1,0,0,,,,,
10060,10132,10132,Cham.,49165,2360,Coccocypselum pulchellum,,1,0,0,,,,,
10060,10132,10132,(Vell.) R.A.Howard,82662,2361,Coccoloba arborescens,,1,0,0,,,,,
10060,10132,10132,Lindau,108231,2361,Coccoloba glaziovii,,1,0,0,,,,,
10060,10132,10132,Meisn.,108232,2361,Coccoloba warmingii,,1,0,0,,,,,
10060,10132,10132,Raddi,448790,3553,Grammitis punctata,,1,0,0,,,,,
10060,10132,10132,(Sw.) Sw.,439351,3553,Grammitis serrulata,,1,0,0,,,,,
10060,10132,10132,Chautems,110718,2376,Codonanthe cordifolia,,1,0,0,,,,,
10060,10132,10132,Lem.,108233,2376,Codonanthe devosiana,,1,0,0,,,,,
10060,10132,10132,(Mart.) Hanst.,108234,2376,Codonanthe gracilis,,1,0,0,,,,,
10060,10132,10132,L.,10456,2392,Coix lacryma-jobi,,0,0,0,,,,,
10060,10132,10132,(McClure & L.B.Sm.) McClure,108235,9949,Colanthelia cingulata,,1,0,0,,,,,
10060,10132,10132,(McClure & L.B.Sm.) McClure,108236,9949,Colanthelia intermedia,,1,0,0,,,,,
10060,10132,10132,(McClure & L.B.Sm.) McClure,108237,9949,Colanthelia lanciflora,,1,0,0,,,,,
10060,10132,10132,(Hack.) McClure,106911,9949,Colanthelia rhizantha,,1,0,0,,,,,
10060,10132,10132,(Loisel.) DC.,67671,8929,Collaea speciosa,,1,0,0,,,,,
10060,10132,10132,(Hook. & Arn.) Benth.,84656,8929,Collaea stenophylla,,1,0,0,,,,,
10060,10132,10132,(Spreng.) Escal.,103406,2404,Colletia paradoxa,,1,0,0,,,,,
10060,10132,10132,Klotzsch ex Baill.,108239,8040,Colliguaja brasillensis,,1,0,0,,,,,
10060,10132,10132,G.Perkins,10533,2414,Colubrina glandulosa,,1,0,0,,,,,
10060,10132,10132,(Loefl.) Stuntz,49006,2422,Combretum fruticosum,,1,0,0,,,,,
10060,10132,10132,Burm.f.,10614,2425,Commelina diffusa,,1,0,0,,,,,
10060,10132,10132,L.,10616,2425,Commelina erecta,,1,0,0,,,,,
10060,10132,10132,Vahl,10622,2425,Commelina obliqua,,1,0,0,,,,,
10060,10132,10132,Vahl,10622,2425,Commelina obliqua,,1,0,0,,,,,
10060,10132,10132,(A.St.-Hil.) Kallunki & Pirani,110719,9283,Conchocarpus gaudichaudianus,,1,0,0,,,,,
10060,10132,10132,Reissek,71819,2436,Condalia buxifolia,,1,0,0,,,,,
10060,10132,10132,(Benth.) Harley & J.F.B.Pastore,103407,7234,Condea fastigiata,,1,0,0,,,,,
10060,10132,10132,(Schrank) Harley & J.F.B.Pastore,103409,7234,Condea undulata,,1,0,0,,,,,
10060,10132,10132,(Vell.) A.DC.,48900,7290,Condylocarpon isthmicum,,1,0,0,,,,,
10060,10132,10132,(Vell.) L.B.Sm.,108242,2442,Connarus rostratus,,1,0,0,,,,,
10060,10132,10132,(Cogn.) Porto & Brade,110720,11189,Constantia australis,,1,0,0,,,,,
10060,10132,10132,Barb.Rodr.,110721,11189,Constantia rupestris,,1,0,0,,,,,
10060,10132,10132,Cabrera,57064,3164,Erigeron blakei,,1,0,0,,,,,
10060,10132,10132,L.,16807,3164,Erigeron canadensis,,1,0,0,,,,,
10060,10132,10132,L.,16803,3164,Erigeron bonariensis,,1,0,0,,,,,
10060,10132,10132,Cabrera,106916,2456,Conyza catharinensis,,1,0,0,,,,,
10060,10132,10132,Cabrera,105349,2456,Conyza glandulitecta,,1,0,0,,,,,
10060,10132,10132,Spreng.,108244,2456,Conyza macrophylla,,1,0,0,,,,,
10060,10132,10132,(Lam.) Greuter,439394,3164,Erigeron primulifolius,,1,0,0,,,,,
10060,10132,10132,Cabrera,108245,2456,Conyza reitziana,,1,0,0,,,,,
10060,10132,10132,Cabrera,110722,2456,Conyza retirensis,,1,0,0,,,,,
10060,10132,10132,(Kunth) Sch.Bip.,16817,3164,Erigeron floribundus,,1,0,0,,,,,
10060,10132,10132,Retz.,16851,3164,Erigeron sumatrensis,,1,0,0,,,,,
10060,10132,10132,Kunth,10948,2470,Corchorus orinocensis,,1,0,0,,,,,
10060,10132,10132,L.,10944,2470,Corchorus hirtus,,1,0,0,,,,,
10060,10132,10132,(L.) Gottschling & J.S.Mill.,48984,2471,Cordia americana,,1,0,0,,,,,
10060,10132,10132,Cham.,108246,2471,Cordia magnoliifolia,,1,0,0,,,,,
10060,10132,10132,Cham.,73267,2471,Cordia sellowiana,,1,0,0,,,,,
10060,10132,10132,Fresen.,108248,2471,Cordia silvestris,,1,0,0,,,,,
10060,10132,10132,(Vell.) Arráb. ex Steud.,48981,2471,Cordia trichotoma,,1,0,0,,,,,
10060,10132,10132,(Cham.) Kuntze,67937,8956,Cordiera concolor,,1,0,0,,,,,
10060,10132,10132,Kunth,105350,2473,Cordyline sellowiana,,0,0,0,,,,,
10060,10132,10132,L.,11085,2478,Coriandrum sativum,,0,0,0,,,,,
10060,10132,10132,(Schult. & Schult.f.) Asch. & Graebn.,11169,2496,Cortaderia selloana,,1,0,0,,,,,
10060,10132,10132,Swallen,110723,2496,Cortaderia vaginata,,1,0,0,,,,,
10060,10132,10132,(Sw.) Kuntze,11238,2502,Corymborkis flava,,1,0,0,,,,,
10060,10132,10132,L.,11287,2515,Costus arabicus,,1,0,0,,,,,
10060,10132,10132,Ruiz & Pav.,11296,2515,Costus scaber,,1,0,0,,,,,
10060,10132,10132,(Jacq.) Roscoe,11299,2515,Costus spiralis,,1,0,0,,,,,
10060,10132,10132,(Schott) Rizzini,67538,7892,Coussapoa microcarpa,,1,0,0,,,,,
10060,10132,10132,(Walp.) Benth. & Hook.f. ex Müll.Arg.,49166,2527,Coussarea contracta,,1,0,0,,,,,
10060,10132,10132,(Jacq.) K.Schum.,49168,7312,Coutarea hexandra,,1,0,0,,,,,
10060,10132,10132,(Barb.Rodr.) Cogn.,105998,2530,Cranichis candida,,1,0,0,,,,,
10060,10132,10132,(Mart.) C.T.Philbrick & Novelo,343846,5671,Podostemum scaturiginum,,1,0,0,,,,,
10060,10132,10132,(Tul.) C.T.Philbrick & Novelo,448995,5671,Podostemum weddellianum,,1,0,0,,,,,
10060,10132,10132,Reitz & L.B.Sm.,110725,10968,Crinodendron brasiliense,,1,0,0,,,,,
10060,10132,10132,L.,11630,2551,Crinum americanum,,1,0,0,,,,,
10060,10132,10132,(Lam.) Spach,448310,2555,Crocanthemum brasiliense,,1,0,0,,,,,
10060,10132,10132,Micheli,105352,2565,Crotalaria balansae,,1,0,0,,,,,
10060,10132,10132,Benth.,108250,2565,Crotalaria hilariana,,1,0,0,,,,,
10060,10132,10132,L.,11733,2565,Crotalaria incana,,1,0,0,,,,,
10060,10132,10132,L.,11735,2565,Crotalaria juncea,,0,0,0,,,,,
10060,10132,10132,E.Mey.,11738,2565,Crotalaria lanceolata,,0,0,0,,,,,
10060,10132,10132,Link,11746,2565,Crotalaria micans,,1,0,0,,,,,
10060,10132,10132,Aiton,11753,2565,Crotalaria pallida,,0,0,0,,,,,
10060,10132,10132,L.,11760,2565,Crotalaria retusa,,0,0,0,,,,,
10060,10132,10132,Roth,11768,2565,Crotalaria spectabilis,,0,0,1,,,,,
10060,10132,10132,Benth.,448540,2565,Crotalaria tweedieana,,1,0,0,,,,,
10060,10132,10132,Benth.,108251,2565,Crotalaria vespertilio,,1,0,0,,,,,
10060,10132,10132,Ker Gawl.,11778,2565,Crotalaria vitellina,,1,0,0,,,,,
10060,10132,10132,Müll.Arg.,445283,2566,Croton aberrans,,1,0,0,,,,,
10060,10132,10132,(Müll.Arg.) G.L.Webster,108252,2566,Croton ackermannianus,,1,0,0,,,,,
10060,10132,10132,G.L.Webster,108253,2566,Croton allemii,,1,0,0,,,,,
10060,10132,10132,Mart.,67612,2566,Croton antisyphiliticus,,1,0,0,,,,,
10060,10132,10132,Radcl.-Sm. & Govaerts,106919,2566,Croton apostolon,,1,0,0,,,,,
10060,10132,10132,L.B.Sm. & Downs,110726,2566,Croton bresolinii,,1,0,0,,,,,
10060,10132,10132,G.L.Webster,106920,2566,Croton calonervosus,,1,0,0,,,,,
10060,10132,10132,Allem,110165,2566,Croton calycireduplicatus,,1,0,0,,,,,
10060,10132,10132,L.B.Sm. & Downs,110727,2566,Croton catharinensis,,1,0,0,,,,,
10060,10132,10132,Baill.,108254,2566,Croton ceanothifolius,,1,0,0,,,,,
10060,10132,10132,Baill.,108255,2566,Croton celtidifolius,,1,0,0,,,,,
10060,10132,10132,Müll.Arg.,108256,2566,Croton chaetophorus,,1,0,0,,,,,
10060,10132,10132,Müll.Arg.,110728,2566,Croton chloroleucus,,1,0,0,,,,,
10060,10132,10132,L.B.Sm. & Downs,110729,2566,Croton confinis,,1,0,0,,,,,
10060,10132,10132,(Croizat) Radcl.-Sm. & Govaerts,106921,2566,Croton cooperianus,,1,0,0,,,,,
10060,10132,10132,(Müll.Arg.) G.L.Webster,69602,2566,Croton solanaceus,,1,0,0,,,,,
10060,10132,10132,(Croizat) G.L.Webster,106922,2566,Croton doratophylloides,,1,0,0,,,,,
10060,10132,10132,Croizat,110730,2566,Croton dusenii,,1,0,0,,,,,
10060,10132,10132,Baill.,110731,2566,Croton erythroxyloides,,1,0,0,,,,,
10060,10132,10132,Rusby,71591,2566,Croton flavispicatus,,1,0,0,,,,,
10060,10132,10132,L.,11825,2566,Croton glandulosus,,1,0,0,,,,,
10060,10132,10132,Müll.Arg.,106923,2566,Croton glechomifolius,,1,0,0,,,,,
10060,10132,10132,Baill.,108257,2566,Croton heterodoxus,,1,0,0,,,,,
10060,10132,10132,L'Hér.,11833,2566,Croton hirtus,,1,0,0,,,,,
10060,10132,10132,L.B.Sm. & Downs,108258,2566,Croton ichthygaster,,1,0,0,,,,,
10060,10132,10132,L.B.Sm. & Downs,110732,2566,Croton kleinii,,1,0,0,,,,,
10060,10132,10132,Lam.,67618,2566,Croton lanatus,,1,0,0,,,,,
10060,10132,10132,Lam.,67618,2566,Croton lanatus,,1,0,0,,,,,
10060,10132,10132,Müll.Arg.,108260,2566,Croton linearifolius,,1,0,0,,,,,
10060,10132,10132,(Didr.) Müll.Arg.,69597,2566,Croton lundianus,,1,0,0,,,,,
10060,10132,10132,Baill.,108261,2566,Croton macrobothrys,,1,0,0,,,,,
10060,10132,10132,Müll.Arg.,108263,2566,Croton myrianthus,,1,0,0,,,,,
10060,10132,10132,L.B.Sm. & Downs,110733,2566,Croton patrum,,1,0,0,,,,,
10060,10132,10132,(Croizat) Radcl.-Sm. & Govaerts,108265,2566,Croton pyrosoma,,1,0,0,,,,,
10060,10132,10132,L.B.Sm. & Downs,49028,2566,Croton reitzii,,1,0,0,,,,,
10060,10132,10132,(L.B.Sm. & Downs) Radcl.-Sm. & Govaerts,106924,2566,Croton robustior,,1,0,0,,,,,
10060,10132,10132,Baill.,84637,2566,Croton serratifolius,,1,0,0,,,,,
10060,10132,10132,Müll.Arg.,110734,2566,Croton serratus,,1,0,0,,,,,
10060,10132,10132,Radcl.-Sm. & Govaerts,106925,2566,Croton spissirameus,,1,0,0,,,,,
10060,10132,10132,Mart.,173178,2566,Croton splendidus,,1,0,0,,,,,
10060,10132,10132,Müll.Arg.,110179,2566,Croton stenotrichus,,1,0,0,,,,,
10060,10132,10132,Lam.,105360,2566,Croton triqueter,,1,0,0,,,,,
10060,10132,10132,Baill.,53655,2566,Croton urucurana,,1,0,0,,,,,
10060,10132,10132,Baill.,105361,2566,Croton uruguayensis,,1,0,0,,,,,
10060,10132,10132,G.L.Webster,84638,2566,Croton verbascoides,,1,0,0,,,,,
10060,10132,10132,(Croizat) Radcl.-Sm. & Govaerts,108269,2566,Croton viridulus,,1,0,0,,,,,
10060,10132,10132,Mez,106926,2579,Cryptocarya aschersoniana,,1,0,0,,,,,
10060,10132,10132,Nees & Mart.,108271,2579,Cryptocarya moschata,,1,0,0,,,,,
10060,10132,10132,(Barb.Rodr.) Pridgeon & M.W.Chase,108273,988,Acianthera fenestrata,,1,0,0,,,,,
10060,10132,10132,Petersen,68091,2589,Ctenanthe muelleri,,1,0,0,,,,,
10060,10132,10132,(Rosenst.) Copel.,108275,2590,Ctenitis anniesii,,1,0,0,,,,,
10060,10132,10132,(Kaulf.) Copel.,110735,2590,Ctenitis deflexa,,1,0,0,,,,,
10060,10132,10132,(Brack.) Ching,108278,2590,Ctenitis distans,,1,0,0,,,,,
10060,10132,10132,(Raddi) Ching,84531,2590,Ctenitis falciculata,,1,0,0,,,,,
10060,10132,10132,(C.Chr.) Copel.,108279,2590,Ctenitis fenestralis,,1,0,0,,,,,
10060,10132,10132,(Rosenst.) Salino & P.O.Morais,110736,2590,Ctenitis laetevirens,,1,0,0,,,,,
10060,10132,10132,(C.Chr.) Lellinger,108280,2590,Ctenitis paranaensis,,1,0,0,,,,,
10060,10132,10132,(Fée) R.S.Viveros & Salino,434953,2590,Ctenitis nervata,,1,0,0,,,,,
10060,10132,10132,L.,12112,2596,Cucumis anguria,,0,0,0,,,,,
10060,10132,10132,Benth.,106928,11043,Cunila angustifolia,,1,0,0,,,,,
10060,10132,10132,Benth.,110183,11043,Cunila galioides,,1,0,0,,,,,
10060,10132,10132,Benth.,105362,11043,Cunila incana,,1,0,0,,,,,
10060,10132,10132,Benth.,110184,11043,Cunila incisa,,1,0,0,,,,,
10060,10132,10132,Epling,108285,11043,Cunila platyphylla,,1,0,0,,,,,
10060,10132,10132,Benth.,105364,11043,Cunila spicata,,1,0,0,,,,,
10060,10132,10132,Epling,110737,11043,Cunila tenuifolia,,1,0,0,,,,,
10060,10132,10132,Mart.,73338,2606,Cupania oblongifolia,,1,0,0,,,,,
10060,10132,10132,Cambess.,53838,2606,Cupania vernalis,,1,0,0,,,,,
10060,10132,10132,A.St.-Hil.,108287,2608,Cuphea acinifolia,,1,0,0,,,,,
10060,10132,10132,Koehne,110738,2608,Cuphea aperta,,1,0,0,,,,,
10060,10132,10132,Lourteig,53713,2608,Cuphea bonplandii,,1,0,0,,,,,
10060,10132,10132,Cham. & Schltdl.,68083,2608,Cuphea calophylla,,1,0,0,,,,,
10060,10132,10132,Cham. & Schltdl.,68083,2608,Cuphea calophylla,,1,0,0,,,,,
10060,10132,10132,(Jacq.) J.F.Macbr.,12208,2608,Cuphea carthagenensis,,1,0,0,,,,,
10060,10132,10132,A.St.-Hil.,106929,2608,Cuphea confertiflora,,1,0,0,,,,,
10060,10132,10132,Spreng.,49080,2608,Cuphea fruticosa,,1,0,0,,,,,
10060,10132,10132,Koehne,106930,2608,Cuphea glaziovii,,1,0,0,,,,,
10060,10132,10132,Cham. & Schltdl.,48372,2608,Cuphea glutinosa,,1,0,0,,,,,
10060,10132,10132,Lourteig,49081,2608,Cuphea hirsutissima,,1,0,0,,,,,
10060,10132,10132,Cham. & Schltdl.,67710,2608,Cuphea ingrata,,1,0,0,,,,,
10060,10132,10132,Cham. & Schltdl.,69687,2608,Cuphea linarioides,,1,0,0,,,,,
10060,10132,10132,Koehne ex Bacig.,108290,2608,Cuphea lindmaniana,,1,0,0,,,,,
10060,10132,10132,Lindl.,73343,2608,Cuphea melvilla,,1,0,0,,,,,
10060,10132,10132,(L.f.) Spreng.,12220,2608,Cuphea racemosa,,1,0,0,,,,,
10060,10132,10132,Lourteig,110739,2608,Cuphea reitzii,,1,0,0,,,,,
10060,10132,10132,Cham. & Schltdl.,49082,2608,Cuphea thymoides,,1,0,0,,,,,
10060,10132,10132,Cham. & Schltdl.,49082,2608,Cuphea thymoides,,1,0,0,,,,,
10060,10132,10132,Cham. & Schltdl.,105365,2608,Cuphea tuberosa,,1,0,0,,,,,
10060,10132,10132,Koehne,108293,2608,Cuphea urbaniana,,1,0,0,,,,,
10060,10132,10132,Koehne,108293,2608,Cuphea urbaniana,,1,0,0,,,,,
10060,10132,10132,Koehne ex Bacig.,108294,2608,Cuphea varia,,1,0,0,,,,,
10060,10132,10132,(D.Legrand) Salywon & Landrum,108295,11135,Curitiba prismatica,,1,0,0,,,,,
10060,10132,10132,(Mart.) Knobl.,108296,7895,Curtia conferta,,1,0,0,,,,,
10060,10132,10132,(Aubl.) Knobl.,54542,7895,Curtia tenuifolia,,1,0,0,,,,,
10060,10132,10132,Kunth,12272,2613,Cuscuta obtusiflora,,1,0,0,,,,,
10060,10132,10132,Progel,71916,2613,Cuscuta platyloba,,1,0,0,,,,,
10060,10132,10132,Mart.,67555,2613,Cuscuta racemosa,,1,0,0,,,,,
10060,10132,10132,Mart. ex Engelm.,84617,2613,Cuscuta xanthochortos,,1,0,0,,,,,
10060,10132,10132,(Vell.) A.H.Gentry,68043,8911,Cuspidaria convoluta,,1,0,0,,,,,
10060,10132,10132,(Rchb.f.) Barb.Rodr.,103419,10935,Cyanaeorchis arundinae,,1,0,0,,,,,
10060,10132,10132,(Langsd. & Fisch.) Domin,84529,2621,Cyathea atrovirens,,1,0,0,,,,,
10060,10132,10132,(Fée) Lellinger,108300,2621,Cyathea axillaris,,1,0,0,,,,,
10060,10132,10132,(Raddi) Domin,108301,2621,Cyathea corcovadensis,,1,0,0,,,,,
10060,10132,10132,Sternb.,12421,2621,Cyathea delgadii,,1,0,0,,,,,
10060,10132,10132,(Fée) Domin,108302,2621,Cyathea dichromatolepis,,1,0,0,,,,,
10060,10132,10132,(C.Chr.) Domin,108303,2621,Cyathea feeana,,1,0,0,,,,,
10060,10132,10132,Mart.,82528,2621,Cyathea phalerata,,1,0,0,,,,,
10060,10132,10132,Domin,73376,2621,Cyathea poeppigii,,1,0,0,,,,,
10060,10132,10132,Willd.,73381,2621,Cyathea villosa,,1,0,0,,,,,
10060,10132,10132,(A.DC.) Miq.,73392,2626,Cybianthus peruvianus,,1,0,0,,,,,
10060,10132,10132,(Mart.) Mart.,67500,8912,Cybistax antisyphilitica,,1,0,0,,,,,
10060,10132,10132,(Gillies) Arn.,49014,2629,Cyclanthera hystrix,,1,0,0,,,,,
10060,10132,10132,Cogn.,108304,2629,Cyclanthera tenuifolia,,1,0,0,,,,,
10060,10132,10132,(Lindl.) Schltr.,105366,2638,Cyclopogon apricus,,1,0,0,,,,,
10060,10132,10132,(Ker Gawl.) Schltr.,67844,2638,Cyclopogon bicolor,,1,0,0,,,,,
10060,10132,10132,(Vell.) Hoehne,49276,2638,Cyclopogon congestus,,1,0,0,,,,,
10060,10132,10132,(Sw.) Schltr.,12578,2638,Cyclopogon elatus,,1,0,0,,,,,
10060,10132,10132,Schltr.,108311,2638,Cyclopogon iguapensis,,1,0,0,,,,,
10060,10132,10132,(Kraenzl.) Hoehne,108312,2638,Cyclopogon itatiaiensis,,1,0,0,,,,,
10060,10132,10132,(Barb.Rodr.) Schltr.,49278,2638,Cyclopogon longibracteatus,,1,0,0,,,,,
10060,10132,10132,Schltr.,108313,2638,Cyclopogon multiflorus,,1,0,0,,,,,
10060,10132,10132,Schltr.,110185,2638,Cyclopogon trifasciatus,,1,0,0,,,,,
10060,10132,10132,(Rchb.f.) Schltr.,108314,2638,Cyclopogon warmingii,,1,0,0,,,,,
10060,10132,10132,(Pers.) Sprague ex Britton & P.Wilson,12632,2640,Cyclospermum leptophyllum,,1,0,0,,,,,
10060,10132,10132,(Pers.) Sprague ex Britton & P.Wilson,12632,2640,Cyclospermum leptophyllum,,1,0,0,,,,,
10060,10132,10132,(Pers.) Sprague ex Britton & P.Wilson,12632,2640,Cyclospermum leptophyllum,,1,0,0,,,,,
10060,10132,10132,(Miers) Benth. & Hook.f.,439604,3609,Gymnosiphon refractus,,1,0,0,,,,,
10060,10132,10132,Rapini,106936,2651,Cynanchum caudiculatum,,1,0,0,,,,,
10060,10132,10132,Spreng.,443220,2651,Cynanchum montevidense,,1,0,0,,,,,
10060,10132,10132,(L.) Pers.,12756,2653,Cynodon dactylon,,0,0,0,,,,,
10060,10132,10132,(L.) Pers.,12756,2653,Cynodon dactylon,,1,0,0,,,,,
10060,10132,10132,(Lehm.) Ravenna,49263,7324,Phalocallis coelestis,,1,0,0,,,,,
10060,10132,10132,Ravenna,110189,7753,Cypella fucata,,1,0,0,,,,,
10060,10132,10132,(Klatt) Ravenna,108316,7753,Cypella geniculata,,1,0,0,,,,,
10060,10132,10132,(Lindl.) Herb.,53699,7753,Cypella herbertii,,1,0,0,,,,,
10060,10132,10132,(Lindl.) Herb.,53699,7753,Cypella herbertii,,1,0,0,,,,,
10060,10132,10132,(Vell.) Ravenna,216784,7753,Cypella crenata,,1,0,0,,,,,
10060,10132,10132,(Willd.) Endl.,12825,2661,Cyperus aggregatus,,1,0,0,,,,,
10060,10132,10132,Steud. ex Boeckeler,49252,2661,Cyperus tabina,,1,0,0,,,,,
10060,10132,10132,Steud. ex Boeckeler,49252,2661,Cyperus tabina,,1,0,0,,,,,
10060,10132,10132,Herter,448312,2661,Cyperus barrosianus,,1,0,0,,,,,
10060,10132,10132,(Kunth) Bauters,104692,2661,Cyperus brasiliensis,,1,0,0,,,,,
10060,10132,10132,(Rottb.) Hassk.,439629,2661,Cyperus brevifolius,,1,0,0,,,,,
10060,10132,10132,Boeckeler,110194,2661,Cyperus cellulosoreticulatus,,1,0,0,,,,,
10060,10132,10132,J.Presl & C.Presl,73405,2661,Cyperus chalaranthus,,1,0,0,,,,,
10060,10132,10132,L.,12842,2661,Cyperus compressus,,1,0,0,,,,,
10060,10132,10132,C.B.Clarke,110740,2661,Cyperus consors,,1,0,0,,,,,
10060,10132,10132,(Salzm. ex Steud.) Dorr,440755,2661,Cyperus hortensis,,1,0,0,,,,,
10060,10132,10132,L.f.,12862,2661,Cyperus distans,,1,0,0,,,,,
10060,10132,10132,Boeckeler,12873,2661,Cyperus entrerianus,,1,0,0,,,,,
10060,10132,10132,Lam.,12874,2661,Cyperus eragrostis,,1,0,0,,,,,
10060,10132,10132,L.,12876,2661,Cyperus esculentus,,0,0,0,,,,,
10060,10132,10132,L.,12876,2661,Cyperus esculentus,,0,0,0,,,,,
10060,10132,10132,L.,12876,2661,Cyperus esculentus,,0,1,0,,,,,
10060,10132,10132,L.,439635,2661,Cyperus flavescens,,1,0,0,,,,,
10060,10132,10132,Vahl,12960,2661,Cyperus reflexus,,1,0,0,,,,,
10060,10132,10132,Boeckeler,49253,2661,Cyperus friburgensis,,1,0,0,,,,,
10060,10132,10132,Vahl,12889,2661,Cyperus giganteus,,1,0,0,,,,,
10060,10132,10132,L.,12900,2661,Cyperus haspan,,1,0,0,,,,,
10060,10132,10132,L.,12900,2661,Cyperus haspan,,1,0,0,,,,,
10060,10132,10132,(Jacq.) Standl.,12901,2661,Cyperus hermaphroditus,,1,0,0,,,,,
10060,10132,10132,Kunth,49254,2661,Cyperus incomtus,,1,0,0,,,,,
10060,10132,10132,C.B.Clarke,108318,2661,Cyperus inops,,1,0,0,,,,,
10060,10132,10132,Schrad.,104693,2661,Cyperus intricatus,,1,0,0,,,,,
10060,10132,10132,L.,12828,2661,Cyperus alternifolius,,0,0,0,,,,,
10060,10132,10132,L.,12908,2661,Cyperus iria,,0,0,0,,,,,
10060,10132,10132,Poir.,439639,2661,Cyperus lanceolatus,,1,0,0,,,,,
10060,10132,10132,Lam.,12913,2661,Cyperus laxus,,1,0,0,,,,,
10060,10132,10132,L.,12915,2661,Cyperus ligularis,,1,0,0,,,,,
10060,10132,10132,(L.) Retz.,12920,2661,Cyperus luzulae,,1,0,0,,,,,
10060,10132,10132,(A.Dietr.) Kunth,448247,2661,Cyperus megapotamicus,,1,0,0,,,,,
10060,10132,10132,Kunth,12925,2661,Cyperus meyenianus,,1,0,0,,,,,
10060,10132,10132,Kunth,110195,2661,Cyperus mundulus,,1,0,0,,,,,
10060,10132,10132,Boeckeler,448543,2661,Cyperus niederleinianus,,1,0,0,,,,,
10060,10132,10132,Ruiz & Pav.,444696,2661,Cyperus niger,,1,0,0,,,,,
10060,10132,10132,(J.Presl & C.Presl) Mattf. & Kük.,439642,2661,Cyperus obtusatus,,1,0,0,,,,,
10060,10132,10132,L.,12936,2661,Cyperus odoratus,,1,0,0,,,,,
10060,10132,10132,(Nees) Steud.,71575,2661,Cyperus pohlii,,1,0,0,,,,,
10060,10132,10132,Rottb.,439643,2661,Cyperus polystachyos,,1,0,0,,,,,
10060,10132,10132,Kunth,12954,2661,Cyperus prolixus,,1,0,0,,,,,
10060,10132,10132,Vahl,12960,2661,Cyperus reflexus,,1,0,0,,,,,
10060,10132,10132,Kunth,53640,2661,Cyperus impolitus,,1,0,0,,,,,
10060,10132,10132,J.Presl & C.Presl,71576,2661,Cyperus rigens,,1,0,0,,,,,
10060,10132,10132,L.,12964,2661,Cyperus rotundus,,1,0,0,,,,,
10060,10132,10132,Nees,80288,2661,Cyperus schomburgkianus,,1,0,0,,,,,
10060,10132,10132,(Kunth) T.Koyama,446266,2661,Cyperus sellowianus,,1,0,0,,,,,
10060,10132,10132,(Torr.) Mattf. & Kük.,439647,2661,Cyperus sesquiflorus,,1,0,0,,,,,
10060,10132,10132,Rottb.,12973,2661,Cyperus sphacelatus,,1,0,0,,,,,
10060,10132,10132,Rottb.,12982,2661,Cyperus surinamensis,,1,0,0,,,,,
10060,10132,10132,Sw.,12985,2661,Cyperus tenuis,,1,0,0,,,,,
10060,10132,10132,Boeckeler,73409,2661,Cyperus unicolor,,1,0,0,,,,,
10060,10132,10132,R.Br.,439649,2661,Cyperus unioloides,,1,0,0,,,,,
10060,10132,10132,Michx.,12998,2661,Cyperus virens,,1,0,0,,,,,
10060,10132,10132,(Lam.) H.Rob.,13144,2677,Cyrtocymura scorpioides,,1,0,0,,,,,
10060,10132,10132,(Lamb. ex Andrews) R.Br.,108319,2681,Cyrtopodium andersonii,,1,0,0,,,,,
10060,10132,10132,Barb.Rodr.,105376,2681,Cyrtopodium brandonianum,,1,0,0,,,,,
10060,10132,10132,(Nees) Link & Otto ex Rchb.,67847,2681,Cyrtopodium flavum,,1,0,0,,,,,
10060,10132,10132,Rendle,68615,3232,Eulophia ruwenzoriensis,,1,0,0,,,,,
10060,10132,10132,(Vell.) Hoehne,108321,2681,Cyrtopodium gigas,,1,0,0,,,,,
10060,10132,10132,J.A.N.Bat. & Bianch.,108322,2681,Cyrtopodium kleinii,,1,0,0,,,,,
10060,10132,10132,Rchb.f. & Warm.,49280,2681,Cyrtopodium palmifrons,,1,0,0,,,,,
10060,10132,10132,(L.) Bernh.,13181,2688,Cystopteris fragilis,,1,0,0,,,,,
10060,10132,10132,(Benth.) Malme,106939,8971,Dahlstedtia pinnata,,1,0,0,,,,,
10060,10132,10132,Vogel,108325,2706,Dalbergia brasiliensis,,1,0,0,,,,,
10060,10132,10132,(L.) Taub.,13355,2706,Dalbergia ecastaphyllum,,1,0,0,,,,,
10060,10132,10132,Hoehne,110741,2706,Dalbergia ernest-ulei,,1,0,0,,,,,
10060,10132,10132,(Vell.) Britton,49047,2706,Dalbergia frutescens,,1,0,0,,,,,
10060,10132,10132,Benth.,108326,2706,Dalbergia lateriflora,,1,0,0,,,,,
10060,10132,10132,Baill.,68059,2708,Dalechampia clausseniana,,1,0,0,,,,,
10060,10132,10132,Lam.,13382,2708,Dalechampia ficifolia,,1,0,0,,,,,
10060,10132,10132,Baill.,106940,2708,Dalechampia glechomifolia,,1,0,0,,,,,
10060,10132,10132,Baill.,110742,2708,Dalechampia leandrii,,1,0,0,,,,,
10060,10132,10132,Baill.,106941,2708,Dalechampia micromeria,,1,0,0,,,,,
10060,10132,10132,L.B.Sm. & Downs,110743,2708,Dalechampia reitzkleinii,,1,0,0,,,,,
10060,10132,10132,L.B.Sm. & Downs,110744,2708,Dalechampia riparia,,1,0,0,,,,,
10060,10132,10132,Müll.Arg.,49030,2708,Dalechampia stipulacea,,1,0,0,,,,,
10060,10132,10132,(L.) Sm.,13400,2713,Danaea nodosa,,1,0,0,,,,,
10060,10132,10132,C.Presl,73428,2713,Danaea moritziana,,1,0,0,,,,,
10060,10132,10132,(L.) Sm.,13400,2713,Danaea nodosa,,1,0,0,,,,,
10060,10132,10132,Hack. & Arechav.,102947,2717,Danthonia cirrata,,1,0,0,,,,,
10060,10132,10132,Hack. & Arechav.,103423,2717,Danthonia montevidensis,,1,0,0,,,,,
10060,10132,10132,J.Presl,67914,2717,Danthonia secundiflora,,1,0,0,,,,,
10060,10132,10132,Taub.,108329,2721,Daphnopsis coriacea,,1,0,0,,,,,
10060,10132,10132,(Meisn.) Nevling,108330,2721,Daphnopsis fasciculata,,1,0,0,,,,,
10060,10132,10132,Domke,110745,2721,Daphnopsis pseudosalix,,1,0,0,,,,,
10060,10132,10132,Griseb.,49226,2721,Daphnopsis racemosa,,1,0,0,,,,,
10060,10132,10132,(Spreng.) Cabrera,48935,7292,Dasyphyllum brasiliense,,1,0,0,,,,,
10060,10132,10132,(Less.) Cabrera,108333,7292,Dasyphyllum spinescens,,1,0,0,,,,,
10060,10132,10132,(Baker) Cabrera,110199,7292,Dasyphyllum synacanthum,,1,0,0,,,,,
10060,10132,10132,(Spreng.) Cabrera,106942,7292,Dasyphyllum tomentosum,,1,0,0,,,,,
10060,10132,10132,(Spreng.) Cabrera,106942,7292,Dasyphyllum tomentosum,,1,0,0,,,,,
10060,10132,10132,L.,13472,2734,Datura stramonium,,0,0,0,,,,,
10060,10132,10132,L.,13476,2735,Daucus carota,,0,0,0,,,,,
10060,10132,10132,Michx.,13485,2735,Daucus pusillus,,1,0,0,,,,,
10060,10132,10132,Poir.,67577,2740,Davilla rugosa,,1,0,0,,,,,
10060,10132,10132,Mart. ex Zucc.,67943,2747,Declieuxia cordigera,,1,0,0,,,,,
10060,10132,10132,Standl.,108335,2747,Declieuxia dusenii,,1,0,0,,,,,
10060,10132,10132,(Vell.) Seem.,108336,2775,Dendropanax monogynus,,1,0,0,,,,,
10060,10132,10132,(Dusén ex Cabrera) C.Jeffrey,106943,2777,Dendrophorbium catharinense,,1,0,0,,,,,
10060,10132,10132,(Cabrera) C.Jeffrey,444737,2777,Dendrophorbium pluricephalum,,1,0,0,,,,,
10060,10132,10132,(Dusén) A.M.Teles,448793,2777,Dendrophorbium subnemorale,,1,0,0,,,,,
10060,10132,10132,(Sw.) T.Moore,13886,2785,Dennstaedtia cicutaria,,1,0,0,,,,,
10060,10132,10132,Hieron.,13893,2785,Dennstaedtia globulifera,,1,0,0,,,,,
10060,10132,10132,(Willd.) T.Moore,13895,2785,Dennstaedtia obtusifolia,,1,0,0,,,,,
10060,10132,10132,(K.Schum.) Lorence,49183,7314,Deppea blumenaviensis,,1,0,0,,,,,
10060,10132,10132,(L.) P.Beauv.,13955,2791,Deschampsia cespitosa,,1,0,0,,,,,
10060,10132,10132,(Lindm.) Burkart,72077,2793,Desmanthus paspalaceus,,1,0,0,,,,,
10060,10132,10132,Hoehne,103426,2793,Desmanthus tatuhyensis,,1,0,0,,,,,
10060,10132,10132,(L.) Willd.,13989,2793,Desmanthus virgatus,,1,0,0,,,,,
10060,10132,10132,(Sw.) H.Ohashi & K.Ohashi,439768,19738,Grona adscendens,,1,0,0,,,,,
10060,10132,10132,Schltdl.,13994,2796,Desmodium affine,,1,0,0,,,,,
10060,10132,10132,(Schindl.) J.F.Macbr.,105856,2796,Desmodium album,,1,0,0,,,,,
10060,10132,10132,(L.) H.Ohashi & K.Ohashi,439769,19738,Grona barbata,,1,0,0,,,,,
10060,10132,10132,Hook. & Arn.,53664,2796,Desmodium cuneatum,,1,0,0,,,,,
10060,10132,10132,(Sw.) DC.,14014,2796,Desmodium incanum,,1,0,0,,,,,
10060,10132,10132,(Spreng.) G.Don,80376,2796,Desmodium leiocarpum,,1,0,0,,,,,
10060,10132,10132,Vogel,448481,2796,Desmodium pachyrhizum,,1,0,0,,,,,
10060,10132,10132,Chodat & Hassl.,104696,2796,Desmodium polygaloides,,1,0,0,,,,,
10060,10132,10132,Vogel,108340,2796,Desmodium subsecundum,,1,0,0,,,,,
10060,10132,10132,Malme,104024,2796,Desmodium subsericeum,,1,0,0,,,,,
10060,10132,10132,(Sw.) DC.,14040,2796,Desmodium tortuosum,,1,0,0,,,,,
10060,10132,10132,Malme,110200,2796,Desmodium triarticulatum,,1,0,0,,,,,
10060,10132,10132,(L.) H.Ohashi & K.Ohashi,425950,19738,Grona triflora,,0,1,0,,,,,
10060,10132,10132,(Jacq.) DC.,14042,2796,Desmodium uncinatum,,1,0,0,,,,,
10060,10132,10132,Vogel,104697,2796,Desmodium venosum,,1,0,0,,,,,
10060,10132,10132,"(J.Presl) P.M.Peterson, Soreng, Romasch. & Barberá",448249,20048,Cinnagrostis alba,,1,0,0,,,,,
10060,10132,10132,"(Swallen) P.M.Peterson, Soreng, Romasch. & Barberá",449035,20048,Cinnagrostis reitzii,,1,0,0,,,,,
10060,10132,10132,"(Trin.) P.M.Peterson, Soreng, Romasch. & Barberá",445675,20048,Cinnagrostis rupestris,,1,0,0,,,,,
10060,10132,10132,"(Trin.) P.M.Peterson, Soreng, Romasch. & Barberá",445675,20048,Cinnagrostis rupestris,,1,0,0,,,,,
10060,10132,10132,"(Poir.) P.M.Peterson, Soreng, Romasch. & Barberá",444768,20048,Cinnagrostis viridiflavescens,,1,0,0,,,,,
10060,10132,10132,"(Poir.) P.M.Peterson, Soreng, Romasch. & Barberá",444768,20048,Cinnagrostis viridiflavescens,,1,0,0,,,,,
10060,10132,10132,Radlk.,49188,7316,Diatenopteryx sorbifolia,,1,0,0,,,,,
10060,10132,10132,(A.Juss.) Griseb.,108341,7306,Dicella bracteosa,,1,0,0,,,,,
10060,10132,10132,Chodat,49085,7306,Dicella nucifera,,1,0,0,,,,,
10060,10132,10132,Cogn.,108342,2814,Dichaea anchorifera,,1,0,0,,,,,
10060,10132,10132,Poepp. & Endl.,173466,2814,Dichaea calyculata,,1,0,0,,,,,
10060,10132,10132,Schltr.,108346,2814,Dichaea cogniauxiana,,1,0,0,,,,,
10060,10132,10132,(Aubl.) Cogn.,14152,2814,Dichaea pendula,,1,0,0,,,,,
10060,10132,10132,(Trin.) Zuloaga,448794,2815,Dichanthelium hebotes,,1,0,0,,,,,
10060,10132,10132,(Lam.) Gould & C.A.Clark,103427,2815,Dichanthelium sabulorum,,1,0,0,,,,,
10060,10132,10132,(Lam.) Gould & C.A.Clark,103427,2815,Dichanthelium sabulorum,,1,0,0,,,,,
10060,10132,10132,(Lam.) Gould & C.A.Clark,103427,2815,Dichanthelium sabulorum,,1,0,0,,,,,
10060,10132,10132,(Zuloaga & Morrone) Davidse,443759,2815,Dichanthelium sciurotoides,,1,0,0,,,,,
10060,10132,10132,(Trin.) Zuloaga,448795,2815,Dichanthelium stigmosum,,1,0,0,,,,,
10060,10132,10132,(Hack.) Zuloaga,448796,2815,Dichanthelium superatum,,1,0,0,,,,,
10060,10132,10132,(Zuloaga & Morrone) Zuloaga,448797,2815,Dichanthelium surrectum,,1,0,0,,,,,
10060,10132,10132,Meisn.,49009,2822,Dichondra macrocalyx,,1,0,0,,,,,
10060,10132,10132,(Hallier f.) Fabris,14184,2822,Dichondra microcalyx,,1,0,0,,,,,
10060,10132,10132,(Aubl.) C.B.Clarke,14190,2824,Dichorisandra hexandra,,1,0,0,,,,,
10060,10132,10132,Mart.,108351,2824,Dichorisandra pubescens,,1,0,0,,,,,
10060,10132,10132,J.C.Mikan,14193,2824,Dichorisandra thyrsiflora,,1,0,0,,,,,
10060,10132,10132,(C.Presl) Hook.,48847,2829,Dicksonia sellowiana,,1,0,0,,,,,
10060,10132,10132,Nees,14228,2830,Dicliptera squarrosa,,1,0,0,,,,,
10060,10132,10132,(Schrad.) Underw.,14237,2833,Dicranopteris flexuosa,,1,0,0,,,,,
10060,10132,10132,(Kaulf.) Maxon,108352,2833,Dicranopteris nervosa,,1,0,0,,,,,
10060,10132,10132,Edwall,110747,7040,Vanilla dietschiana,,1,0,0,,,,,
10060,10132,10132,(Hook.) Miers,69948,9109,Dictyostega orobanchoides,,1,0,0,,,,,
10060,10132,10132,(Hook.) Miers,69948,9109,Dictyostega orobanchoides,,1,0,0,,,,,
10060,10132,10132,(Sw.) J.Sm.,14253,879,Didymochlaena truncatula,,1,0,0,,,,,
10060,10132,10132,L.,14295,2852,Digitalis purpurea,,0,0,0,,,,,
10060,10132,10132,(Hack. & Arechav.) Parodi,14298,2853,Digitaria aequiglumis,,1,0,0,,,,,
10060,10132,10132,(Lam.) Roem. & Schult.,14300,2853,Digitaria bicornis,,0,0,0,,,,,
10060,10132,10132,(Retz.) Koeler,14304,2853,Digitaria ciliaris,,1,0,0,,,,,
10060,10132,10132,(Trin.) Henrard,108354,2853,Digitaria connivens,,1,0,0,,,,,
10060,10132,10132,(Trin.) Parodi,53790,2853,Digitaria cuyabensis,,1,0,0,,,,,
10060,10132,10132,(Hack. ex Arechav.) Parodi,110748,2853,Digitaria enodis,,1,0,0,,,,,
10060,10132,10132,Steud.,14312,2853,Digitaria eriantha,,0,0,0,,,,,
10060,10132,10132,(J.Presl) Henrard,14316,2853,Digitaria fuscescens,,0,0,0,,,,,
10060,10132,10132,Willd.,14322,2853,Digitaria horizontalis,,1,0,0,,,,,
10060,10132,10132,(L.) Mez ex Ekman,14323,2853,Digitaria insularis,,1,0,0,,,,,
10060,10132,10132,(Schreb.) Muhl.,14324,2853,Digitaria ischaemum,,0,0,0,,,,,
10060,10132,10132,(Hack.) Henrard,110749,2853,Digitaria myriostachya,,1,0,0,,,,,
10060,10132,10132,Schumach.,14335,2853,Digitaria nuda,,1,0,0,,,,,
10060,10132,10132,(Trin.) Parodi,103428,2853,Digitaria phaeothrix,,1,0,0,,,,,
10060,10132,10132,(Trin.) Parodi,103428,2853,Digitaria phaeothrix,,1,0,0,,,,,
10060,10132,10132,Swallen,108357,2853,Digitaria purpurea,,1,0,0,,,,,
10060,10132,10132,(C.Muell.) Henrard,108358,2853,Digitaria sellowii,,1,0,0,,,,,
10060,10132,10132,(C.Muell.) Henrard,108358,2853,Digitaria sellowii,,1,0,0,,,,,
10060,10132,10132,Link,14353,2853,Digitaria violascens,,1,0,0,,,,,
10060,10132,10132,(Baker) M.D.Moraes,104700,9064,Dimerostemma arnottii,,1,0,0,,,,,
10060,10132,10132,(Chodat) M.D.Moraes,110750,9064,Dimerostemma myrtifolium,,1,0,0,,,,,
10060,10132,10132,(H.Rob.) M.D.Moraes,108359,9064,Dimerostemma reitzii,,1,0,0,,,,,
10060,10132,10132,(Mart. ex Benth.) L.P.Queiroz & Snak,439840,4470,Macropsychanthus violaceus,,1,0,0,,,,,
10060,10132,10132,(Willd.) Delprete & J.H.Kirkbr.,409367,13916,Hexasepalum apiculatum,,1,0,0,,,,,
10060,10132,10132,(Willd.) Delprete & J.H.Kirkbr.,443221,13916,Hexasepalum radulum,,1,0,0,,,,,
10060,10132,10132,(Cham. & Schltdl.) K.Schum.,106946,2865,Diodia saponariifolia,,1,0,0,,,,,
10060,10132,10132,Lam.,78028,2867,Dioscorea cayenensis,,1,0,0,,,,,
10060,10132,10132,Humb. & Bonpl. ex Willd.,110751,2867,Dioscorea aspera,,1,0,0,,,,,
10060,10132,10132,R.Knuth,110752,2867,Dioscorea beecheyi,,1,0,0,,,,,
10060,10132,10132,Griseb.,49257,2867,Dioscorea campestris,,1,0,0,,,,,
10060,10132,10132,Uline,49258,2867,Dioscorea ceratandra,,1,0,0,,,,,
10060,10132,10132,Hook.,106947,2867,Dioscorea cinnamomifolia,,1,0,0,,,,,
10060,10132,10132,R.Knuth,110753,2867,Dioscorea commutata,,1,0,0,,,,,
10060,10132,10132,Uline ex R.Knuth,444761,2867,Dioscorea demourae,,1,0,0,,,,,
10060,10132,10132,Griseb.,105383,2867,Dioscorea furcata,,1,0,0,,,,,
10060,10132,10132,(Griseb.) Klotzsch ex Kunth,73523,2867,Dioscorea glandulosa,,1,0,0,,,,,
10060,10132,10132,Mart. ex Griseb.,108362,2867,Dioscorea laxiflora,,1,0,0,,,,,
10060,10132,10132,Uline ex R.Knuth,110754,2867,Dioscorea macrantha,,1,0,0,,,,,
10060,10132,10132,(Kunth) Griseb.,108363,2867,Dioscorea monadelpha,,1,0,0,,,,,
10060,10132,10132,Mart. ex Griseb.,49261,2867,Dioscorea multiflora,,1,0,0,,,,,
10060,10132,10132,Klotzsch ex Griseb.,108364,2867,Dioscorea olfersiana,,1,0,0,,,,,
10060,10132,10132,Humb. & Bonpl. ex Willd.,73526,2867,Dioscorea piperifolia,,1,0,0,,,,,
10060,10132,10132,Vell.,71582,2867,Dioscorea sinuata,,1,0,0,,,,,
10060,10132,10132,Vell.,108365,6408,Smilax spicata,,1,0,0,,,,,
10060,10132,10132,Vell.,53645,2867,Dioscorea subhastata,,1,0,0,,,,,
10060,10132,10132,Jacq.,14492,2868,Diospyros inconstans,,1,0,0,,,,,
10060,10132,10132,Raddi,73533,2878,Diplazium ambiguum,,1,0,0,,,,,
10060,10132,10132,Mynssen & Sylvestre,110755,2878,Diplazium brachycarpum,,1,0,0,,,,,
10060,10132,10132,Kunze,84526,2878,Diplazium celtidifolium,,1,0,0,,,,,
10060,10132,10132,(Desr.) Alston,14605,2878,Diplazium cristatum,,1,0,0,,,,,
10060,10132,10132,(Bong. ex Kuhn) C.Chr.,14663,2878,Diplazium riedelianum,,1,0,0,,,,,
10060,10132,10132,Fée,108367,2878,Diplazium rostratum,,1,0,0,,,,,
10060,10132,10132,(L.) C.Presl,14674,2878,Diplazium striatum,,1,0,0,,,,,
10060,10132,10132,Rosenst.,108368,2878,Diplazium turgidum,,1,0,0,,,,,
10060,10132,10132,Rchb.f.,110205,11009,Zygostates pellucida,,1,0,0,,,,,
10060,10132,10132,(Kraenzl.) Schltr.,108369,11009,Zygostates pustulata,,1,0,0,,,,,
10060,10132,10132,Gillies & Hook.,103429,2901,Discaria americana,,1,0,0,,,,,
10060,10132,10132,Barneby,108370,2905,Disciphania contraversa,,1,0,0,,,,,
10060,10132,10132,Szlach.,110756,8107,Brachystele scabrilingua,,1,0,0,,,,,
10060,10132,10132,(Hook. & Arn.) R.M.King & H.Rob.,105809,10086,Disynaphia calyculata,,1,0,0,,,,,
10060,10132,10132,(Baker) R.M.King & H.Rob.,84582,10086,Disynaphia multicrenulata,,1,0,0,,,,,
10060,10132,10132,Hook. & Arn.,448313,8891,Ditassa burchellii,,1,0,0,,,,,
10060,10132,10132,Spreng.,448686,5209,Oxypetalum megapotamicum,,1,0,0,,,,,
10060,10132,10132,Jacq.,14886,2933,Dodonaea viscosa,,1,0,0,,,,,
10060,10132,10132,Cham.,53607,2936,Dolichandra cynanchoides,,1,0,0,,,,,
10060,10132,10132,(K.Schum.) L.G.Lohmann,103432,2936,Dolichandra dentata,,1,0,0,,,,,
10060,10132,10132,(Jacq.) L.G.Lohmann,48977,2936,Dolichandra quadrivalvis,,1,0,0,,,,,
10060,10132,10132,(Andrews) L.G.Lohmann,14889,2936,Dolichandra uncata,,1,0,0,,,,,
10060,10132,10132,(L.) L.G.Lohmann,14890,2936,Dolichandra unguis-cati,,1,0,0,,,,,
10060,10132,10132,Eichler,108376,2941,Doliocarpus schottianus,,1,0,0,,,,,
10060,10132,10132,C.C.Berg,108377,2952,Dorstenia carautae,,1,0,0,,,,,
10060,10132,10132,Bonpl. ex Bureau,49113,2952,Dorstenia tenuis,,1,0,0,,,,,
10060,10132,10132,(Prantl) Christenh.,448798,3727,Hemionitis acutiloba,,1,0,0,,,,,
10060,10132,10132,(Raddi) Christenh.,448687,3727,Hemionitis collina,,1,0,0,,,,,
10060,10132,10132,(Langsd. & Fisch.) Christenh.,439223,3727,Hemionitis concolor,,1,0,0,,,,,
10060,10132,10132,(Fée) Christenh.,445681,3727,Hemionitis crenulans,,1,0,0,,,,,
10060,10132,10132,(Klotzsch) Christenh.,446655,3727,Hemionitis lomariacea,,1,0,0,,,,,
10060,10132,10132,(Hieron.) Christenh.,445682,3727,Hemionitis lorentzii,,1,0,0,,,,,
10060,10132,10132,(Yesilyurt) Christenh.,445523,3727,Hemionitis majestosa,,1,0,0,,,,,
10060,10132,10132,(T.Moore) Christenh.,444727,3727,Hemionitis nobilis,,1,0,0,,,,,
10060,10132,10132,Christenh.,443652,3727,Hemionitis querquobadii,,1,0,0,,,,,
10060,10132,10132,(Fée) Christenh.,448799,3727,Hemionitis rediviva,,1,0,0,,,,,
10060,10132,10132,(Sehnem) Christenh.,448999,3727,Hemionitis rivalis,,1,0,0,,,,,
10060,10132,10132,(Raddi) Christenh.,448800,3727,Hemionitis sagittifolia,,1,0,0,,,,,
10060,10132,10132,(Rosenst.) Christenh.,445683,3727,Hemionitis stieri,,1,0,0,,,,,
10060,10132,10132,Miers,108382,2972,Drimys angustifolia,,1,0,0,,,,,
10060,10132,10132,Miers,108383,2972,Drimys brasiliensis,,1,0,0,,,,,
10060,10132,10132,Pursh,15130,2975,Drosera brevifolia,,1,0,0,,,,,
10060,10132,10132,Poir.,15133,2975,Drosera capillaris,,1,0,0,,,,,
10060,10132,10132,A.St.-Hil.,67580,2975,Drosera communis,,1,0,0,,,,,
10060,10132,10132,(Eichler) Gonella & Rivadavia,108384,2975,Drosera latifolia,,1,0,0,,,,,
10060,10132,10132,A.St.-Hil.,67581,2975,Drosera montana,,1,0,0,,,,,
10060,10132,10132,(Cogn.) Luer,108386,9124,Dryadella edwallii,,1,0,0,,,,,
10060,10132,10132,(Cogn.) Luer,108387,9124,Dryadella lilliputiana,,1,0,0,,,,,
10060,10132,10132,(Porsch) Luer,110208,9124,Dryadella zebrina,,1,0,0,,,,,
10060,10132,10132,(Andrews) Th.Wolf,50880,5739,Potentilla indica,,0,0,0,,,,,
10060,10132,10132,A.St.-Hil.,68025,7360,Duguetia lanceolata,,1,0,0,,,,,
10060,10132,10132,Baker,110757,3009,Dyckia brevifolia,,1,0,0,,,,,
10060,10132,10132,L.B.Sm. & Reitz,110758,3009,Dyckia cabrerae,,1,0,0,,,,,
10060,10132,10132,Hassl.,106954,3009,Dyckia distachya,,1,0,0,,,,,
10060,10132,10132,L.B.Sm.,108392,3009,Dyckia dusenii,,1,0,0,,,,,
10060,10132,10132,(Gaudich.) Mez,108393,3009,Dyckia encholirioides,,1,0,0,,,,,
10060,10132,10132,(Gaudich.) Mez,108393,3009,Dyckia encholirioides,,1,0,0,,,,,
10060,10132,10132,Reitz,110759,3009,Dyckia ibiramensis,,1,0,0,,,,,
10060,10132,10132,Baker,84610,3009,Dyckia leptostachya,,1,0,0,,,,,
10060,10132,10132,Baker,110220,3009,Dyckia maritima,,1,0,0,,,,,
10060,10132,10132,Mez,67512,3009,Dyckia minarum,,1,0,0,,,,,
10060,10132,10132,L.B.Sm. & Reitz,110760,3009,Dyckia monticola,,1,0,0,,,,,
10060,10132,10132,L.B.Sm.,108398,3009,Dyckia reitzii,,1,0,0,,,,,
10060,10132,10132,(Vell.) Beer,69557,3009,Dyckia tuberosa,,1,0,0,,,,,
10060,10132,10132,Leonard,110225,3013,Dyschoriste smithii,,1,0,0,,,,,
10060,10132,10132,(Sendtn.) Miers,448802,8960,Dyssochroma longipes,,1,0,0,,,,,
10060,10132,10132,(Sims) Miers,445137,8960,Dyssochroma viridiflorum,,1,0,0,,,,,
10060,10132,10132,(L.) P.Beauv.,15669,3029,Echinochloa crus-galli,,0,0,0,,,,,
10060,10132,10132,(Kunth) Schult.,15670,3029,Echinochloa crus-pavonis,,1,0,0,,,,,
10060,10132,10132,(Kunth) Hitchc.,15677,3029,Echinochloa polystachya,,1,0,0,,,,,
10060,10132,10132,(Kunth) Hitchc.,15677,3029,Echinochloa polystachya,,1,0,0,,,,,
10060,10132,10132,(Rusby) Lehtonen & Myllys,21115,3694,Helanthium bolivianum,,1,0,0,,,,,
10060,10132,10132,(Seub.) Christenh. & Byng,439946,20032,Aquarius floribundus,,1,0,0,,,,,
10060,10132,10132,(Cham. & Schltdl.) Christenh. & Byng,443654,20032,Aquarius grandiflorus,,1,0,0,,,,,
10060,10132,10132,(Arechav.) Christenh. & Byng,445484,20032,Aquarius longiscapus,,1,0,0,,,,,
10060,10132,10132,(Kunth) Christenh. & Byng,446248,20032,Aquarius macrophyllus,,1,0,0,,,,,
10060,10132,10132,(Rataj) Christenh. & Byng,448803,20032,Aquarius scaber,,1,0,0,,,,,
10060,10132,10132,(Mart. ex Schult.f.) Christenh. & Byng,448804,20032,Aquarius subulatus,,1,0,0,,,,,
10060,10132,10132,(Arechav.) Christenh. & Byng,444759,20032,Aquarius uruguayensis,,1,0,0,,,,,
10060,10132,10132,DC.,103436,3040,Eclipta elliptica,,1,0,0,,,,,
10060,10132,10132,(L.) L.,15750,3040,Eclipta prostrata,,1,0,0,,,,,
10060,10132,10132,(Regel) Leme,448805,20280,Edmundoa lindenii,,1,0,0,,,,,
10060,10132,10132,(Regel) Leme,448805,20280,Edmundoa lindenii,,1,0,0,,,,,
10060,10132,10132,(Planch.) Casp.,439951,3085,Elodea densa,,1,0,0,,,,,
10060,10132,10132,Sw.,439958,5723,Pontederia azurea,,1,0,0,,,,,
10060,10132,10132,Mart.,439959,5723,Pontederia crassipes,,1,0,0,,,,,
10060,10132,10132,(K.Koch & C.D.Bouché ex Carrière) Nic.García & Dutilh,449036,7203,Zephyranthes blumenavia,,1,0,0,,,,,
10060,10132,10132,(Cambess.) A.C.Sm.,106959,3056,Elachyptera micrantha,,1,0,0,,,,,
10060,10132,10132,(Fée) J.Sm.,73642,3063,Elaphoglossum brachyneuron,,1,0,0,,,,,
10060,10132,10132,(Baker) C.Chr.,73644,3063,Elaphoglossum burchellii,,1,0,0,,,,,
10060,10132,10132,(Fée) Alston,110762,3063,Elaphoglossum chrysolepis,,1,0,0,,,,,
10060,10132,10132,T.Moore,108409,3063,Elaphoglossum crassinerve,,1,0,0,,,,,
10060,10132,10132,Rosenst.,108410,3063,Elaphoglossum edwallii,,1,0,0,,,,,
10060,10132,10132,Brade,108413,3063,Elaphoglossum iguapense,,1,0,0,,,,,
10060,10132,10132,Rosenst.,110763,3063,Elaphoglossum itatiayense,,1,0,0,,,,,
10060,10132,10132,Rosenst.,110228,3063,Elaphoglossum lagesianum,,1,0,0,,,,,
10060,10132,10132,(C.Presl) Brack.,73679,3063,Elaphoglossum lingua,,1,0,0,,,,,
10060,10132,10132,Christ,73680,3063,Elaphoglossum luridum,,1,0,0,,,,,
10060,10132,10132,(Fée) Rosenst.,67327,3063,Elaphoglossum macahense,,1,0,0,,,,,
10060,10132,10132,Christ,54607,3063,Elaphoglossum macrophyllum,,1,0,0,,,,,
10060,10132,10132,Christ,54607,3063,Elaphoglossum macrophyllum,,1,0,0,,,,,
10060,10132,10132,(Pohl ex Fée) T.Moore,15994,3063,Elaphoglossum minutum,,1,0,0,,,,,
10060,10132,10132,(Hook.) Diels,73691,3063,Elaphoglossum nigrescens,,1,0,0,,,,,
10060,10132,10132,Christ,108414,3063,Elaphoglossum ornatum,,1,0,0,,,,,
10060,10132,10132,(Fée) T.Moore,106960,3063,Elaphoglossum pachydermum,,1,0,0,,,,,
10060,10132,10132,T.Moore,16010,3063,Elaphoglossum piloselloides,,1,0,0,,,,,
10060,10132,10132,(Pohl ex Ettingsh.) Alston,108416,3063,Elaphoglossum rubicundum,,1,0,0,,,,,
10060,10132,10132,(Raddi) J.Sm.,110230,3063,Elaphoglossum scolopendrifolium,,1,0,0,,,,,
10060,10132,10132,(C.Presl) T.Moore,106044,3063,Elaphoglossum sellowianum,,1,0,0,,,,,
10060,10132,10132,(Kunze) A.Rojas,299481,3063,Elaphoglossum curvans,,1,0,0,,,,,
10060,10132,10132,Rosenst.,73711,3063,Elaphoglossum subarborescens,,1,0,0,,,,,
10060,10132,10132,Rosenst.,110764,3063,Elaphoglossum tenax,,1,0,0,,,,,
10060,10132,10132,Christ,110231,3063,Elaphoglossum ulei,,1,0,0,,,,,
10060,10132,10132,(Mett.) Hieron.,108418,3063,Elaphoglossum vagans,,1,0,0,,,,,
10060,10132,10132,(Roxb.) Schult.,16118,3070,Eleocharis acutangula,,1,0,0,,,,,
10060,10132,10132,Svenson,104704,3070,Eleocharis barrosii,,1,0,0,,,,,
10060,10132,10132,Kunth,16156,3070,Eleocharis minima,,1,0,0,,,,,
10060,10132,10132,Nees,53641,3070,Eleocharis bonariensis,,1,0,0,,,,,
10060,10132,10132,Kunth,73718,3070,Eleocharis capillacea,,1,0,0,,,,,
10060,10132,10132,(Poir.) Steud.,16128,3070,Eleocharis confervoides,,1,0,0,,,,,
10060,10132,10132,Maury ex Micheli,53642,3070,Eleocharis contracta,,1,0,0,,,,,
10060,10132,10132,Kunth,16131,3070,Eleocharis debilis,,1,0,0,,,,,
10060,10132,10132,(Kunth) Roem. & Schult.,16133,3070,Eleocharis elegans,,1,0,0,,,,,
10060,10132,10132,Chapm.,16135,3070,Eleocharis elongata,,1,0,0,,,,,
10060,10132,10132,Kunth,16138,3070,Eleocharis filiculmis,,1,0,0,,,,,
10060,10132,10132,(Poir.) Urb.,16139,3070,Eleocharis flavescens,,1,0,0,,,,,
10060,10132,10132,(L.) Roem. & Schult.,16141,3070,Eleocharis geniculata,,1,0,0,,,,,
10060,10132,10132,Boeckeler,108420,3070,Eleocharis glaucovirens,,1,0,0,,,,,
10060,10132,10132,(Vahl) Roem. & Schult.,16144,3070,Eleocharis interstincta,,1,0,0,,,,,
10060,10132,10132,Barros,110233,3070,Eleocharis kleinii,,1,0,0,,,,,
10060,10132,10132,R.Trevis. & Boldrini,110234,3070,Eleocharis laeviglumis,,1,0,0,,,,,
10060,10132,10132,Boeckeler,108421,3070,Eleocharis loefgreniana,,1,0,0,,,,,
10060,10132,10132,(Vahl) Roem. & Schult.,16150,3070,Eleocharis maculosa,,1,0,0,,,,,
10060,10132,10132,Kunth,16156,3070,Eleocharis minima,,1,0,0,,,,,
10060,10132,10132,(Kunth) Roem. & Schult.,16159,3070,Eleocharis montana,,1,0,0,,,,,
10060,10132,10132,Kunth,16160,3070,Eleocharis montevidensis,,1,0,0,,,,,
10060,10132,10132,(L.) Roem. & Schult.,16162,3070,Eleocharis mutata,,1,0,0,,,,,
10060,10132,10132,Kunth,16163,3070,Eleocharis nana,,1,0,0,,,,,
10060,10132,10132,(Kunth) Palla,71579,3070,Eleocharis nudipes,,1,0,0,,,,,
10060,10132,10132,(Lindl. & Nees) Steud.,448482,3070,Eleocharis obtusetrigona,,1,0,0,,,,,
10060,10132,10132,Steud.,16167,3070,Eleocharis ochrostachys,,1,0,0,,,,,
10060,10132,10132,R.Trevis. & D.J.Rosen,110765,3070,Eleocharis pauciglumis,,1,0,0,,,,,
10060,10132,10132,(Griseb.) Svenson,16174,3070,Eleocharis plicarhachis,,1,0,0,,,,,
10060,10132,10132,(Kunth) Roem. & Schult.,16136,3070,Eleocharis exigua,,1,0,0,,,,,
10060,10132,10132,Kunth,16181,3070,Eleocharis sellowiana,,1,0,0,,,,,
10060,10132,10132,Svenson,108424,3070,Eleocharis squamigera,,1,0,0,,,,,
10060,10132,10132,(Nees) Boeckeler,108425,3070,Eleocharis subarticulata,,1,0,0,,,,,
10060,10132,10132,Kük. ex Osten,72066,3070,Eleocharis viridans,,1,0,0,,,,,
10060,10132,10132,Kunth,16199,3072,Elephantopus mollis,,1,0,0,,,,,
10060,10132,10132,(Lam.) Lam.,16211,3075,Eleusine tristachya,,1,0,0,,,,,
10060,10132,10132,(Spreng.) Kuntze,66147,3080,Elionurus muticus,,1,0,0,,,,,
10060,10132,10132,(Lindl.) Rchb.f.,67848,3081,Elleanthus brasiliensis,,1,0,0,,,,,
10060,10132,10132,(M.N.Correa) Garay,71763,9244,Pteroglossa lurida,,1,0,0,,,,,
10060,10132,10132,(Spreng.) K.Schum.,73723,9369,Emmeorhiza umbellata,,1,0,0,,,,,
10060,10132,10132,(Lindl.) W.E.Higgins,110766,5775,Prosthechea glumacea,,1,0,0,,,,,
10060,10132,10132,(Barb.Rodr.) Porto & Brade,110237,3107,Encyclia pauciflora,,1,0,0,,,,,
10060,10132,10132,(Lindl.) Schltr.,16339,3107,Encyclia oncidioides,,1,0,0,,,,,
10060,10132,10132,Hook.,68120,3107,Encyclia patens,,1,0,0,,,,,
10060,10132,10132,(Spreng.) J.F.Macbr.,68064,3109,Endlicheria paniculata,,1,0,0,,,,,
10060,10132,10132,(Vell.) Morong,53667,3123,Enterolobium contortisiliquum,,1,0,0,,,,,
10060,10132,10132,Lour.,16413,3127,Enydra fluctuans,,1,0,0,,,,,
10060,10132,10132,DC.,16415,3127,Enydra sessilis,,1,0,0,,,,,
10060,10132,10132,Lindl.,73751,3135,Epidendrum armeniacum,,1,0,0,,,,,
10060,10132,10132,Barb.Rodr.,108429,3135,Epidendrum caldense,,1,0,0,,,,,
10060,10132,10132,Ruiz & Pav.,70199,3135,Epidendrum cristatum,,1,0,0,,,,,
10060,10132,10132,Hook.,84737,3135,Epidendrum densiflorum,,1,0,0,,,,,
10060,10132,10132,Barb.Rodr.,54619,3135,Epidendrum proligerum,,1,0,0,,,,,
10060,10132,10132,Brongn.,108430,3135,Epidendrum fulgens,,1,0,0,,,,,
10060,10132,10132,Barb.Rodr.,108431,3135,Epidendrum geniculatum,,1,0,0,,,,,
10060,10132,10132,Barb.Rodr.,108432,3135,Epidendrum henschenii,,1,0,0,,,,,
10060,10132,10132,Barb.Rodr.,108433,3135,Epidendrum paranaense,,1,0,0,,,,,
10060,10132,10132,Lindl.,108434,3135,Epidendrum latilabre,,1,0,0,,,,,
10060,10132,10132,Hook.,84737,3135,Epidendrum densiflorum,,1,0,0,,,,,
10060,10132,10132,Jacq.,16496,3135,Epidendrum nocturnum,,1,0,0,,,,,
10060,10132,10132,A.D.Hawkes,108436,3135,Epidendrum obergii,,1,0,0,,,,,
10060,10132,10132,Barb.Rodr.,108433,3135,Epidendrum paranaense,,1,0,0,,,,,
10060,10132,10132,Lindl.,70202,3135,Epidendrum polyanthum,,1,0,0,,,,,
10060,10132,10132,Barb.Rodr.,54619,3135,Epidendrum proligerum,,1,0,0,,,,,
10060,10132,10132,Hoehne & Schltr.,108439,3135,Epidendrum pseudodifforme,,1,0,0,,,,,
10060,10132,10132,F.Pinheiro & F.Barros,108440,3135,Epidendrum puniceoluteum,,1,0,0,,,,,
10060,10132,10132,Barb.Rodr.,108441,3135,Epidendrum × purpureum,,1,0,0,,,,,
10060,10132,10132,Jacq.,16507,3135,Epidendrum rigidum,,1,0,0,,,,,
10060,10132,10132,Jacq.,16511,3135,Epidendrum secundum,,1,0,0,,,,,
10060,10132,10132,Rchb.f.,16513,3135,Epidendrum strobiliferum,,1,0,0,,,,,
10060,10132,10132,Jacq.,16511,3135,Epidendrum secundum,,1,0,0,,,,,
10060,10132,10132,Lindl.,108443,3135,Epidendrum vesicatum,,1,0,0,,,,,
10060,10132,10132,A.Cunn.,16553,3137,Epilobium hirtigerum,,1,0,0,,,,,
10060,10132,10132,(L.) Haw.,16615,3139,Epiphyllum phyllanthus,,1,0,0,,,,,
10060,10132,10132,L.,16632,3145,Equisetum giganteum,,1,0,0,,,,,
10060,10132,10132,Nees,16646,3146,Eragrostis airoides,,1,0,0,,,,,
10060,10132,10132,Nicora,103444,3146,Eragrostis cataclasta,,1,0,0,,,,,
10060,10132,10132,(L.) R.Br.,16659,3146,Eragrostis ciliaris,,0,0,0,,,,,
10060,10132,10132,(Schrad.) Nees,16664,3146,Eragrostis curvula,,0,0,0,,,,,
10060,10132,10132,"(Lam.) Britton, Sterns & Poggenb.",16679,3146,Eragrostis hypnoides,,1,0,0,,,,,
10060,10132,10132,Nees,53793,3146,Eragrostis lugens,,1,0,0,,,,,
10060,10132,10132,J.Presl,16723,3146,Eragrostis virescens,,1,0,0,,,,,
10060,10132,10132,Trin.,71972,3146,Eragrostis neesii,,1,0,0,,,,,
10060,10132,10132,(L.) P.Beauv.,16699,3146,Eragrostis pilosa,,0,0,0,,,,,
10060,10132,10132,Nees,16702,3146,Eragrostis plana,,0,0,0,,,,,
10060,10132,10132,Nees,84756,3146,Eragrostis polytricha,,1,0,0,,,,,
10060,10132,10132,(Spreng.) Schult.,16704,3146,Eragrostis purpurascens,,1,0,0,,,,,
10060,10132,10132,Arechav.,103445,3146,Eragrostis trichocolea,,1,0,0,,,,,
10060,10132,10132,(Link ex Spreng.) DC.,16735,3149,Erechtites valerianifolius,,1,0,0,,,,,
10060,10132,10132,(Hack.) Hack.,444769,3159,Erianthus trinii,,1,0,0,,,,,
10060,10132,10132,Körn.,108446,3167,Eriocaulon dictyophyllum,,1,0,0,,,,,
10060,10132,10132,Kunth,110239,3167,Eriocaulon gomphrenoides,,1,0,0,,,,,
10060,10132,10132,Kunth,105397,3167,Eriocaulon leptophyllum,,1,0,0,,,,,
10060,10132,10132,(Vell.) L.B.Sm.,108447,3167,Eriocaulon ligulatum,,1,0,0,,,,,
10060,10132,10132,Ruhland,108448,3167,Eriocaulon magnificum,,1,0,0,,,,,
10060,10132,10132,Kunth,80298,3167,Eriocaulon modestum,,1,0,0,,,,,
10060,10132,10132,Moldenke & L.B.Sm.,110767,3167,Eriocaulon reitzii,,1,0,0,,,,,
10060,10132,10132,Kunth,80299,3167,Eriocaulon sellowianum,,1,0,0,,,,,
10060,10132,10132,Kunth,80299,3167,Eriocaulon sellowianum,,1,0,0,,,,,
10060,10132,10132,Ruhland,110768,3167,Eriocaulon ulaei,,1,0,0,,,,,
10060,10132,10132,(Ruhland) A.L.R.Oliveira,449037,3167,Eriocaulon radiosum,,1,0,0,,,,,
10060,10132,10132,(Kunth) Mabb.,440056,7015,Urochloa polystachya,,1,0,0,,,,,
10060,10132,10132,P.Beauv.,16920,3171,Eriochrysis cayennensis,,1,0,0,,,,,
10060,10132,10132,Swallen,105399,3171,Eriochrysis laxa,,1,0,0,,,,,
10060,10132,10132,Benth.,105400,3176,Eriosema campestre,,1,0,0,,,,,
10060,10132,10132,Benth.,105400,3176,Eriosema campestre,,1,0,0,,,,,
10060,10132,10132,(Kunth) G.Don,16950,3176,Eriosema crinitum,,1,0,0,,,,,
10060,10132,10132,(Kunth) G.Don,16950,3176,Eriosema crinitum,,1,0,0,,,,,
10060,10132,10132,Benth.,67676,3176,Eriosema heterophyllum,,1,0,0,,,,,
10060,10132,10132,Benth.,69635,3176,Eriosema longifolium,,1,0,0,,,,,
10060,10132,10132,(Kunth) G.Don,16952,3176,Eriosema rufum,,1,0,0,,,,,
10060,10132,10132,Benth.,108452,3176,Eriosema strictum,,1,0,0,,,,,
10060,10132,10132,Arechav.,84659,3176,Eriosema tacuaremboense,,1,0,0,,,,,
10060,10132,10132,"(Schwartsb. & Labiak) Schuettp., J.Prado & A.T.Cochran",343915,15712,Tryonia areniticola,,1,0,0,,,,,
10060,10132,10132,"(Sw.) Schuettp., J.Prado & A.T.Cochran",344336,15712,Tryonia myriophylla,,1,0,0,,,,,
10060,10132,10132,Mart. ex Urb.,110769,3192,Eryngium aloifolium,,1,0,0,,,,,
10060,10132,10132,Cham. & Schltdl.,67362,3192,Eryngium canaliculatum,,1,0,0,,,,,
10060,10132,10132,Urb.,448548,3192,Eryngium chamissonis,,1,0,0,,,,,
10060,10132,10132,Mathias & Constance,108455,3192,Eryngium corallinum,,1,0,0,,,,,
10060,10132,10132,H.Wolff,108456,3192,Eryngium dusenii,,1,0,0,,,,,
10060,10132,10132,Lam.,53564,3192,Eryngium ebracteatum,,1,0,0,,,,,
10060,10132,10132,Decne.,53565,3192,Eryngium eburneum,,1,0,0,,,,,
10060,10132,10132,Urb.,103450,3192,Eryngium echinatum,,1,0,0,,,,,
10060,10132,10132,H.Wolff,48897,3192,Eryngium ekmanii,,1,0,0,,,,,
10060,10132,10132,Cham. & Schltdl.,53566,3192,Eryngium elegans,,1,0,0,,,,,
10060,10132,10132,Cham. & Schltdl.,105401,3192,Eryngium eriophorum,,1,0,0,,,,,
10060,10132,10132,Cham. & Schltdl.,84546,3192,Eryngium floribundum,,1,0,0,,,,,
10060,10132,10132,Malme,53567,3192,Eryngium horridum,,1,0,0,,,,,
10060,10132,10132,Cham. & Schltdl.,69469,3192,Eryngium junceum,,1,0,0,,,,,
10060,10132,10132,(Urb.) Mathias & Constance,67363,3192,Eryngium juncifolium,,1,0,0,,,,,
10060,10132,10132,Urb.,108457,3192,Eryngium koehneanum,,1,0,0,,,,,
10060,10132,10132,Malme,105813,3192,Eryngium megapotamicum,,1,0,0,,,,,
10060,10132,10132,T.M.Pedersen,103452,3192,Eryngium mesopotamicum,,1,0,0,,,,,
10060,10132,10132,Lam.,102776,3192,Eryngium nudicaule,,1,0,0,,,,,
10060,10132,10132,Cham. & Schltdl.,17044,3192,Eryngium pandanifolium,,1,0,0,,,,,
10060,10132,10132,Urb.,108459,3192,Eryngium pohlianum,,1,0,0,,,,,
10060,10132,10132,Mathias & Constance,110770,3192,Eryngium raulinii,,1,0,0,,,,,
10060,10132,10132,Malme,103453,3192,Eryngium regnellii,,1,0,0,,,,,
10060,10132,10132,Cham. & Schltdl.,105402,3192,Eryngium sanguisorba,,1,0,0,,,,,
10060,10132,10132,Cham.,108460,3192,Eryngium scirpinum,,1,0,0,,,,,
10060,10132,10132,Cham. & Schltdl.,103454,3192,Eryngium serra,,1,0,0,,,,,
10060,10132,10132,Mathias & Constance,110243,3192,Eryngium smithii,,1,0,0,,,,,
10060,10132,10132,(H.Wolff) Mathias & Constance,108461,3192,Eryngium subinerme,,1,0,0,,,,,
10060,10132,10132,H.Wolff,110244,3192,Eryngium urbanianum,,1,0,0,,,,,
10060,10132,10132,H.Wolff,110245,3192,Eryngium zosterifolium,,1,0,0,,,,,
10060,10132,10132,L.,17085,3194,Erythrina crista-galli,,1,0,0,,,,,
10060,10132,10132,Benth.,49048,3194,Erythrina falcata,,1,0,0,,,,,
10060,10132,10132,Andrews,17105,3194,Erythrina speciosa,,1,0,0,,,,,
10060,10132,10132,A.St.-Hil.,448808,3202,Erythroxylum frangulifolium,,1,0,0,,,,,
10060,10132,10132,O.E.Schulz,104075,3202,Erythroxylum argentinum,,1,0,0,,,,,
10060,10132,10132,Amaral,110771,3202,Erythroxylum catharinense,,1,0,0,,,,,
10060,10132,10132,(Mart.) O.E.Schulz,49018,3202,Erythroxylum cuneifolium,,1,0,0,,,,,
10060,10132,10132,Mart.,108465,3202,Erythroxylum cuspidifolium,,1,0,0,,,,,
10060,10132,10132,A.St.-Hil.,49019,3202,Erythroxylum deciduum,,1,0,0,,,,,
10060,10132,10132,(Mart.) O.E.Schulz,108466,3202,Erythroxylum gonoclados,,1,0,0,,,,,
10060,10132,10132,A.St.-Hil.,104713,3202,Erythroxylum microphyllum,,1,0,0,,,,,
10060,10132,10132,Mart.,49020,3202,Erythroxylum myrsinites,,1,0,0,,,,,
10060,10132,10132,Mart.,448809,3202,Erythroxylum vacciniifolium,,1,0,0,,,,,
10060,10132,10132,Link & Otto,17167,3203,Escallonia bifida,,1,0,0,,,,,
10060,10132,10132,A.St.-Hil.,108470,3203,Escallonia farinacea,,1,0,0,,,,,
10060,10132,10132,(Vell.) Sleumer,108471,3203,Escallonia laevis,,1,0,0,,,,,
10060,10132,10132,Sleumer,110772,3203,Escallonia ledifolia,,1,0,0,,,,,
10060,10132,10132,Spreng.,103455,3203,Escallonia megapotamica,,1,0,0,,,,,
10060,10132,10132,A.St.-Hil.,108472,3203,Escallonia obtusissima,,1,0,0,,,,,
10060,10132,10132,Rambo & Sleumer,110247,3203,Escallonia petrophila,,1,0,0,,,,,
10060,10132,10132,(L.f.) Kuntze,73820,9375,Escobedia grandiflora,,1,0,0,,,,,
10060,10132,10132,(Chodat & Hassl.) Hass.,106968,3206,Esenbeckia densiflora,,1,0,0,,,,,
10060,10132,10132,Mart.,68157,3206,Esenbeckia grandiflora,,1,0,0,,,,,
10060,10132,10132,Engl.,108473,3206,Esenbeckia hieronymi,,1,0,0,,,,,
10060,10132,10132,J.C.Mikan,67960,8959,Esterhazya splendida,,1,0,0,,,,,
10060,10132,10132,(Hook. & Arn.) Engl.,17187,3212,Eubrachion ambiguum,,1,0,0,,,,,
10060,10132,10132,Mattos,110773,3227,Eugenia angelyana,,1,0,0,,,,,
10060,10132,10132,Cambess.,108475,3227,Eugenia astringens,,1,0,0,,,,,
10060,10132,10132,D.Legrand,108476,3227,Eugenia bacopari,,1,0,0,,,,,
10060,10132,10132,Cambess.,108477,3227,Eugenia ternatifolia,,1,0,0,,,,,
10060,10132,10132,Lam.,17374,3227,Eugenia brasiliensis,,1,0,0,,,,,
10060,10132,10132,DC.,108505,3227,Eugenia pluriflora,,1,0,0,,,,,
10060,10132,10132,Kiaersk.,108479,3227,Eugenia brevipedunculata,,1,0,0,,,,,
10060,10132,10132,Kiaersk.,176613,3227,Eugenia tenuipedunculata,,1,0,0,,,,,
10060,10132,10132,(D.Legrand) D.Legrand,49120,3227,Eugenia burkartiana,,1,0,0,,,,,
10060,10132,10132,O.Berg,108484,3227,Eugenia catharinae,,1,0,0,,,,,
10060,10132,10132,D.Legrand,108485,3227,Eugenia catharinensis,,1,0,0,,,,,
10060,10132,10132,Miq.,108493,3227,Eugenia cerasiflora,,1,0,0,,,,,
10060,10132,10132,D.Legrand,108486,3227,Eugenia cereja,,1,0,0,,,,,
10060,10132,10132,Spring ex Mart.,176605,3227,Eugenia supraaxillaris,,1,0,0,,,,,
10060,10132,10132,Cambess.,49121,3227,Eugenia hiemalis,,1,0,0,,,,,
10060,10132,10132,D.Legrand,110774,3227,Eugenia floscellus,,1,0,0,,,,,
10060,10132,10132,DC.,48047,3227,Eugenia florida,,1,0,0,,,,,
10060,10132,10132,D.Legrand,68108,3227,Eugenia handroana,,1,0,0,,,,,
10060,10132,10132,(Mattos) Mattos,108492,3227,Eugenia handroi,,1,0,0,,,,,
10060,10132,10132,Cambess.,49121,3227,Eugenia hiemalis,,1,0,0,,,,,
10060,10132,10132,Kiaersk.,176613,3227,Eugenia tenuipedunculata,,1,0,0,,,,,
10060,10132,10132,DC.,49122,3227,Eugenia involucrata,,1,0,0,,,,,
10060,10132,10132,Miq.,108493,3227,Eugenia cerasiflora,,1,0,0,,,,,
10060,10132,10132,D.Legrand,108496,3227,Eugenia kleinii,,1,0,0,,,,,
10060,10132,10132,Kausel,110776,3227,Eugenia joenssonii,,1,0,0,,,,,
10060,10132,10132,(Sw.) Willd.,17482,3227,Eugenia ligustrina,,1,0,0,,,,,
10060,10132,10132,(O.Berg) D.Legrand,68107,3227,Eugenia blastantha,,1,0,0,,,,,
10060,10132,10132,Miq.,108493,3227,Eugenia cerasiflora,,1,0,0,,,,,
10060,10132,10132,D.Legrand,68109,3227,Eugenia malacantha,,1,0,0,,,,,
10060,10132,10132,O.Berg,53742,3227,Eugenia mansoi,,1,0,0,,,,,
10060,10132,10132,D.Legrand,110777,3227,Eugenia mattosii,,1,0,0,,,,,
10060,10132,10132,(D.Legrand) Sobral,108499,3227,Eugenia melanogyna,,1,0,0,,,,,
10060,10132,10132,Cambess.,73843,3227,Eugenia pisiformis,,1,0,0,,,,,
10060,10132,10132,DC.,49122,3227,Eugenia involucrata,,1,0,0,,,,,
10060,10132,10132,DC.,53743,3227,Eugenia modesta,,1,0,0,,,,,
10060,10132,10132,D.Legrand,110250,3227,Eugenia multicostata,,1,0,0,,,,,
10060,10132,10132,D.Legrand,110250,3227,Eugenia multicostata,,1,0,0,,,,,
10060,10132,10132,Kiaersk.,176613,3227,Eugenia tenuipedunculata,,1,0,0,,,,,
10060,10132,10132,Sobral,108504,3227,Eugenia neomyrtifolia,,1,0,0,,,,,
10060,10132,10132,Sobral,73844,3227,Eugenia neosilvestris,,1,0,0,,,,,
10060,10132,10132,Sobral,110778,3227,Eugenia neotristis,,1,0,0,,,,,
10060,10132,10132,Sobral,68110,3227,Eugenia neoverrucosa,,1,0,0,,,,,
10060,10132,10132,O.Berg,108490,3227,Eugenia nutans,,1,0,0,,,,,
10060,10132,10132,O.Berg,73830,3227,Eugenia excelsa,,1,0,0,,,,,
10060,10132,10132,D.Legrand,108506,3227,Eugenia pachyclada,,1,0,0,,,,,
10060,10132,10132,O.Berg,110251,3227,Eugenia pantagensis,,1,0,0,,,,,
10060,10132,10132,(O.Berg) Nied.,84727,3227,Eugenia pitanga,,1,0,0,,,,,
10060,10132,10132,DC.,108505,3227,Eugenia pluriflora,,1,0,0,,,,,
10060,10132,10132,D.Legrand,110779,3227,Eugenia pruinosa,,1,0,0,,,,,
10060,10132,10132,D.Legrand,110780,3227,Eugenia pseudomalacantha,,1,0,0,,,,,
10060,10132,10132,DC.,73846,3227,Eugenia subterminalis,,1,0,0,,,,,
10060,10132,10132,DC.,73846,3227,Eugenia subterminalis,,1,0,0,,,,,
10060,10132,10132,Cambess.,49123,3227,Eugenia pyriformis,,1,0,0,,,,,
10060,10132,10132,DC.,53743,3227,Eugenia modesta,,1,0,0,,,,,
10060,10132,10132,D.Legrand,49124,3227,Eugenia ramboi,,1,0,0,,,,,
10060,10132,10132,D.Legrand,110781,3227,Eugenia reitziana,,1,0,0,,,,,
10060,10132,10132,D.Legrand,110252,3227,Eugenia rostrifolia,,1,0,0,,,,,
10060,10132,10132,D.Legrand,110782,3227,Eugenia rotundicosta,,1,0,0,,,,,
10060,10132,10132,(Vell.) Angely,108513,3227,Eugenia verticillata,,1,0,0,,,,,
10060,10132,10132,D.Legrand,110783,3227,Eugenia sclerocalyx,,1,0,0,,,,,
10060,10132,10132,D.Legrand,110783,3227,Eugenia sclerocalyx,,1,0,0,,,,,
10060,10132,10132,Cambess.,73845,3227,Eugenia speciosa,,1,0,0,,,,,
10060,10132,10132,DC.,110784,3227,Eugenia stigmatosa,,1,0,0,,,,,
10060,10132,10132,O.Berg,108516,3227,Eugenia subavenia,,1,0,0,,,,,
10060,10132,10132,Spring ex Mart.,17603,3227,Eugenia sulcata,,1,0,0,,,,,
10060,10132,10132,L.,17615,3227,Eugenia uniflora,,1,0,0,,,,,
10060,10132,10132,Cambess.,103456,3227,Eugenia uruguayensis,,1,0,0,,,,,
10060,10132,10132,(L.) Fawc. & Rendle,17637,3232,Eulophia alta,,1,0,0,,,,,
10060,10132,10132,R.M.King & H.Rob.,448813,8902,Heterocondylus reitzii,,1,0,0,,,,,
10060,10132,10132,(Spreng.) R.M.King & H.Rob.,84583,10087,Grazielia serrata,,1,0,0,,,,,
10060,10132,10132,(DC.) R.M.King & H.Rob.,445273,7739,Barrosoa betoniciformis,,1,0,0,,,,,
10060,10132,10132,(DC.) R.M.King & H.Rob.,445273,7739,Barrosoa betoniciformis,,1,0,0,,,,,
10060,10132,10132,(Vell.) R.M.King & H.Rob.,72907,9314,Campovassouria cruciata,,1,0,0,,,,,
10060,10132,10132,B.L.Rob.,108519,8907,Symphyopappus casarettoi,,1,0,0,,,,,
10060,10132,10132,(Cabrera) R.M.King & H.Rob.,110785,11098,Neocabreria catharinensis,,1,0,0,,,,,
10060,10132,10132,B.L.Rob.,67474,8907,Symphyopappus compressus,,1,0,0,,,,,
10060,10132,10132,(DC.) Sch.Bip. ex Baker,67475,8907,Symphyopappus cuneatus,,1,0,0,,,,,
10060,10132,10132,(B.L.Rob.) R.M.King & H.Rob.,110256,11181,Dasycondylus debeauxii,,1,0,0,,,,,
10060,10132,10132,(Gardner) R.M.King & H.Rob.,110786,11138,Steyermarkina dispalata,,1,0,0,,,,,
10060,10132,10132,(Malme) R.M.King & H.Rob.,108521,11138,Steyermarkina dusenii,,1,0,0,,,,,
10060,10132,10132,(DC.) R.M.King & H.Rob.,448815,10087,Grazielia gaudichaudiana,,1,0,0,,,,,
10060,10132,10132,(DC.) R.M.King & H.Rob.,448815,10087,Grazielia gaudichaudiana,,1,0,0,,,,,
10060,10132,10132,(DC.) R.M.King & H.Rob.,108524,10087,Grazielia intermedia,,1,0,0,,,,,
10060,10132,10132,(Hieron.) R.M.King & H.Rob.,108525,8907,Symphyopappus itatiayensis,,1,0,0,,,,,
10060,10132,10132,R.M.King & H.Rob.,339992,7293,Macropodina reitzii,,1,0,0,,,,,
10060,10132,10132,(Cabrera) R.M.King & H.Rob.,108526,2258,Chromolaena kleinii,,1,0,0,,,,,
10060,10132,10132,(Cabrera) R.M.King & H.Rob.,110788,3338,Fleischmannia laxicephala,,1,0,0,,,,,
10060,10132,10132,(Hook. & Arn.) R.M.King & H.Rob.,448816,10086,Disynaphia ligulifolia,,1,0,0,,,,,
10060,10132,10132,(Cabrera) R.M.King & H.Rob.,108529,10086,Disynaphia littoralis,,1,0,0,,,,,
10060,10132,10132,(Cabrera) R.M.King & H.Rob.,449038,4070,Koanophyllon lobatifolium,,1,0,0,,,,,
10060,10132,10132,B.L.Rob.,332402,8907,Symphyopappus lymansmithii,,1,0,0,,,,,
10060,10132,10132,(DC.) R.M.King & H.Rob.,343211,10087,Grazielia multifida,,1,0,0,,,,,
10060,10132,10132,(L.) R.M.King & H.Rob.,9514,2258,Chromolaena odorata,,1,0,0,,,,,
10060,10132,10132,(B.L.Rob.) R.M.King & H.Rob.,110107,2258,Chromolaena gentianoides,,1,0,0,,,,,
10060,10132,10132,(DC.) R.M.King & H.Rob.,343568,15715,Vittetia orbiculata,,1,0,0,,,,,
10060,10132,10132,(Sch.Bip. ex Baker) R.M.King & H.Rob.,108534,2258,Chromolaena palmaris,,1,0,0,,,,,
10060,10132,10132,B.L.Rob.,67474,8907,Symphyopappus compressus,,1,0,0,,,,,
10060,10132,10132,(DC.) R.M.King & H.Rob.,110791,11138,Steyermarkina pyrifolia,,1,0,0,,,,,
10060,10132,10132,(Cabrera) R.M.King & H.Rob.,110257,7739,Barrosoa ramboi,,1,0,0,,,,,
10060,10132,10132,(Cabrera) R.M.King & H.Rob.,110258,8907,Symphyopappus reitzii,,1,0,0,,,,,
10060,10132,10132,Cabrera,110792,3236,Eupatorium rosengurttii,,1,0,0,,,,,
10060,10132,10132,(Cabrera & Vittet) R.M.King & H.Rob.,108537,1575,Austroeupatorium rosmarinaceum,,1,0,0,,,,,
10060,10132,10132,(B.L.Rob.) R.M.King & H.Rob.,344323,7740,Praxelis sanctopaulensis,,1,0,0,,,,,
10060,10132,10132,(DC.) R.M.King & H.Rob.,108539,11098,Neocabreria serrulata,,1,0,0,,,,,
10060,10132,10132,(Hook. & Arn.) R.M.King & H.Rob.,110260,10086,Disynaphia spathulata,,1,0,0,,,,,
10060,10132,10132,R.M.King & H.Rob.,339995,11047,Malmeanthus catharinensis,,1,0,0,,,,,
10060,10132,10132,(Baker) R.M.King & H.Rob.,108541,11006,Gyptidium trichobasis,,1,0,0,,,,,
10060,10132,10132,(Klatt) J.Calvo & Roque,409820,7741,Campuloclinium scabrum,,1,0,0,,,,,
10060,10132,10132,(Hieron.) R.M.King & H.Rob.,110793,2258,Chromolaena ulei,,1,0,0,,,,,
10060,10132,10132,(Hook. & Arn.) R.M.King & H.Rob.,105720,2258,Chromolaena elliptica,,1,0,0,,,,,
10060,10132,10132,(Vell.) R.M.King & H.Rob.,108544,8902,Heterocondylus alatus,,1,0,0,,,,,
10060,10132,10132,(Vell.) R.M.King & H.Rob.,108544,8902,Heterocondylus alatus,,1,0,0,,,,,
10060,10132,10132,(Sch.Bip. ex Baker) R.M.King & H.Rob.,449039,2258,Chromolaena xylorrhiza,,1,0,0,,,,,
10060,10132,10132,Boiss.,108545,3237,Euphorbia elodes,,1,0,0,,,,,
10060,10132,10132,L.,17830,3237,Euphorbia heterophylla,,1,0,0,,,,,
10060,10132,10132,L.,17834,3237,Euphorbia hirta,,0,0,0,,,,,
10060,10132,10132,Pers.,17901,3237,Euphorbia ophthalmica,,0,0,0,,,,,
10060,10132,10132,Boiss.,105405,3237,Euphorbia hirtella,,1,0,0,,,,,
10060,10132,10132,L.,17838,3237,Euphorbia hyssopifolia,,1,0,0,,,,,
10060,10132,10132,Vell.,72068,3237,Euphorbia insulana,,1,0,0,,,,,
10060,10132,10132,A.St.-Hil.,58504,3237,Euphorbia papillosa,,1,0,0,,,,,
10060,10132,10132,Dusén,108546,3237,Euphorbia paranensis,,1,0,0,,,,,
10060,10132,10132,Boiss.,108547,3237,Euphorbia peperomioides,,1,0,0,,,,,
10060,10132,10132,L.,17913,3237,Euphorbia peplus,,0,0,0,,,,,
10060,10132,10132,Aiton,17927,3237,Euphorbia prostrata,,1,0,0,,,,,
10060,10132,10132,Boiss.,49031,3237,Euphorbia sciadophila,,1,0,0,,,,,
10060,10132,10132,Kunth,17949,3237,Euphorbia serpens,,1,0,0,,,,,
10060,10132,10132,Lam.,103459,3237,Euphorbia spathulata,,0,0,0,,,,,
10060,10132,10132,(Klotzsch & Garcke) Boiss.,104714,3237,Euphorbia stenophylla,,1,0,0,,,,,
10060,10132,10132,Sleumer,108548,9861,Euplassa cantareirae,,1,0,0,,,,,
10060,10132,10132,Rambo & Sleumer,110265,9861,Euplassa nebularis,,1,0,0,,,,,
10060,10132,10132,(J.Sm.) J.Sm.,106970,3240,Eupodium kaulfussii,,1,0,0,,,,,
10060,10132,10132,Wawra,108550,3252,Eurystyles cotyledon,,1,0,0,,,,,
10060,10132,10132,(Cogn.) Schltr.,68121,3252,Eurystyles lorenzii,,1,0,0,,,,,
10060,10132,10132,Wawra,108550,3252,Eurystyles cotyledon,,1,0,0,,,,,
10060,10132,10132,(Lag.) Nees,53794,3255,Eustachys distichophylla,,1,0,0,,,,,
10060,10132,10132,(Lag.) Kunth,102951,3255,Eustachys retusa,,1,0,0,,,,,
10060,10132,10132,(Hack.) Herter,105408,3255,Eustachys uliginosa,,1,0,0,,,,,
10060,10132,10132,Mart.,18141,3260,Euterpe edulis,,1,0,0,,,,,
10060,10132,10132,Meisn.,108554,3267,Evolvulus barbatus,,1,0,0,,,,,
10060,10132,10132,Nees & Mart.,18162,3267,Evolvulus glomeratus,,1,0,0,,,,,
10060,10132,10132,Choisy,18168,3267,Evolvulus pusillus,,1,0,0,,,,,
10060,10132,10132,Sw.,18169,3267,Evolvulus sericeus,,1,0,0,,,,,
10060,10132,10132,(Griseb.) G.Sancho,443660,10936,Exostigma notobellidiastrum,,1,0,0,,,,,
10060,10132,10132,(Gardner) G.Sancho,103461,10936,Exostigma rivulare,,1,0,0,,,,,
10060,10132,10132,Sch.Bip.,18248,3282,Facelis retusa,,1,0,0,,,,,
10060,10132,10132,A.Rich. ex DC.,108556,3297,Faramea calyciflora,,1,0,0,,,,,
10060,10132,10132,(Cham. & Schltdl.) DC.,18299,3297,Faramea latifolia,,1,0,0,,,,,
10060,10132,10132,(Cham. & Schltdl.) DC.,108557,3297,Faramea montevidensis,,1,0,0,,,,,
10060,10132,10132,A.Rich. ex DC.,67945,3297,Faramea multiflora,,1,0,0,,,,,
10060,10132,10132,Müll.Arg.,110795,3297,Faramea oligantha,,1,0,0,,,,,
10060,10132,10132,(Vell.) Müll.Arg.,84771,3297,Faramea porophylla,,1,0,0,,,,,
10060,10132,10132,(Schreb.) Darbysh.,403301,4364,Lolium arundinaceum,,0,0,0,,,,,
10060,10132,10132,Nees,105410,3315,Festuca fimbriata,,1,0,0,,,,,
10060,10132,10132,Steud.,106066,3315,Festuca ulochaeta,,1,0,0,,,,,
10060,10132,10132,Schott,53739,3322,Ficus adhatodifolia,,1,0,0,,,,,
10060,10132,10132,Schott,68105,3322,Ficus cestrifolia,,1,0,0,,,,,
10060,10132,10132,Mill.,18454,3322,Ficus citrifolia,,1,0,0,,,,,
10060,10132,10132,Schott,68104,3322,Ficus eximia,,1,0,0,,,,,
10060,10132,10132,Kunth & C.D.Bouché,73884,3322,Ficus gomelleira,,1,0,0,,,,,
10060,10132,10132,(Miq.) Miq.,53740,3322,Ficus luschnathiana,,1,0,0,,,,,
10060,10132,10132,L.f.,18550,3322,Ficus pertusa,,1,0,0,,,,,
10060,10132,10132,Schott,110796,3322,Ficus pulchella,,1,0,0,,,,,
10060,10132,10132,L.f.,73883,3322,Ficus trigona,,1,0,0,,,,,
10060,10132,10132,(L.) Roem. & Schult.,18650,3327,Fimbristylis autumnalis,,1,0,0,,,,,
10060,10132,10132,R.Br.,18656,3327,Fimbristylis cymosa,,1,0,0,,,,,
10060,10132,10132,(L.) Vahl,18657,3327,Fimbristylis dichotoma,,0,0,0,,,,,
10060,10132,10132,(L.) Vahl,18691,3327,Fimbristylis spadicea,,1,0,0,,,,,
10060,10132,10132,(Vell.) E.Fourn.,48910,3331,Fischeria stellata,,1,0,0,,,,,
10060,10132,10132,(Kunth) Hassk.,53632,3344,Floscopa glabrata,,1,0,0,,,,,
10060,10132,10132,Mill.,18773,3346,Foeniculum vulgare,,0,0,0,,,,,
10060,10132,10132,Müll.Arg.,48901,3358,Forsteronia glabrescens,,1,0,0,,,,,
10060,10132,10132,(Hook. & Arn.) A.DC.,108561,3358,Forsteronia leptocarpa,,1,0,0,,,,,
10060,10132,10132,Müll.Arg.,48902,3358,Forsteronia refracta,,1,0,0,,,,,
10060,10132,10132,Müll.Arg.,68028,3358,Forsteronia rufa,,1,0,0,,,,,
10060,10132,10132,(Vell.) Müll.Arg.,48903,3358,Forsteronia thyrsoidea,,1,0,0,,,,,
10060,10132,10132,(Vell.) Müll.Arg.,48903,3358,Forsteronia thyrsoidea,,1,0,0,,,,,
10060,10132,10132,(A.DC.) Woodson,448817,3358,Forsteronia velloziana,,1,0,0,,,,,
10060,10132,10132,(S.Moore) L.G.Lohmann,71499,3371,Fridericia caudigera,,1,0,0,,,,,
10060,10132,10132,(Bonpl.) L.G.Lohmann,18904,3371,Fridericia chica,,1,0,0,,,,,
10060,10132,10132,(Jacq.) Kaehler & L.G.Lohmann,438519,6677,Tanaecium dichotomum,,1,0,0,,,,,
10060,10132,10132,(Cham.) L.G.Lohmann,68045,3371,Fridericia leucopogon,,1,0,0,,,,,
10060,10132,10132,(Cham.) L.G.Lohmann,48971,3371,Fridericia samydoides,,1,0,0,,,,,
10060,10132,10132,Mart.,108564,3371,Fridericia speciosa,,1,0,0,,,,,
10060,10132,10132,(Vand. ex Vell.) Munz,67821,3375,Fuchsia regia,,1,0,0,,,,,
10060,10132,10132,(Vand. ex Vell.) Munz,67821,3375,Fuchsia regia,,1,0,0,,,,,
10060,10132,10132,Kunth,18944,3379,Fuirena robusta,,1,0,0,,,,,
10060,10132,10132,Rottb.,18948,3379,Fuirena umbellata,,1,0,0,,,,,
10060,10132,10132,Pursh,19057,3388,Gaillardia aristata,,0,0,0,,,,,
10060,10132,10132,(Malme) Ceolin & Miotto,105415,3390,Galactia australis,,1,0,0,,,,,
10060,10132,10132,Micheli,104715,3390,Galactia benthamiana,,1,0,0,,,,,
10060,10132,10132,(Vell.) Burkart,67677,3390,Galactia boavista,,1,0,0,,,,,
10060,10132,10132,Benth.,105418,3390,Galactia gracillima,,1,0,0,,,,,
10060,10132,10132,Benth.,53670,3390,Galactia marginalis,,1,0,0,,,,,
10060,10132,10132,DC.,106974,3390,Galactia neesii,,1,0,0,,,,,
10060,10132,10132,Burkart,106975,3390,Galactia pretiosa,,1,0,0,,,,,
10060,10132,10132,Rchb.f.,19124,3394,Galeandra beyrichii,,1,0,0,,,,,
10060,10132,10132,(Vell.) Hoehne,53758,3394,Galeandra styllomisantha,,1,0,0,,,,,
10060,10132,10132,(Spreng.) E.L.Cabral & Bacigalupo,49170,7313,Galianthe brasiliensis,,1,0,0,,,,,
10060,10132,10132,(Cham. & Schltdl.) E.L.Cabral,84772,7313,Galianthe centranthoides,,1,0,0,,,,,
10060,10132,10132,(Standl.) E.L.Cabral,84773,7313,Galianthe chodatiana,,1,0,0,,,,,
10060,10132,10132,(Cham.) E.L.Cabral & Bacigalupo,106976,7313,Galianthe cymosa,,1,0,0,,,,,
10060,10132,10132,(Cham.) E.L.Cabral & Bacigalupo,106976,7313,Galianthe cymosa,,1,0,0,,,,,
10060,10132,10132,(Cham. & Schltdl.) E.L.Cabral,71822,7313,Galianthe eupatorioides,,1,0,0,,,,,
10060,10132,10132,Griseb.,105421,7313,Galianthe fastigiata,,1,0,0,,,,,
10060,10132,10132,E.L.Cabral,108569,7313,Galianthe gertii,,1,0,0,,,,,
10060,10132,10132,(A.Rich. ex DC.) E.L.Cabral & Bacigalupo,49171,7313,Galianthe hispidula,,1,0,0,,,,,
10060,10132,10132,E.L.Cabral,110268,7313,Galianthe latistipula,,1,0,0,,,,,
10060,10132,10132,(Cham. & Schltdl.) E.L.Cabral,49172,7313,Galianthe laxa,,1,0,0,,,,,
10060,10132,10132,E.L.Cabral,110797,7313,Galianthe reitzii,,1,0,0,,,,,
10060,10132,10132,(K.Schum.) E.L.Cabral,105422,7313,Galianthe thalictroides,,1,0,0,,,,,
10060,10132,10132,(Cham. & Schltdl.) E.L.Cabral,105423,7313,Galianthe valerianoides,,1,0,0,,,,,
10060,10132,10132,(Cham. & Schltdl.) Griseb.,80743,7313,Galianthe verbenoides,,1,0,0,,,,,
10060,10132,10132,Cav.,19137,3400,Galinsoga parviflora,,1,0,0,,,,,
10060,10132,10132,Ruiz & Pav.,19138,3400,Galinsoga quadriradiata,,1,0,0,,,,,
10060,10132,10132,Spreng.,106979,3401,Galium atherodes,,1,0,0,,,,,
10060,10132,10132,Griseb.,102899,3401,Galium bigeminum,,1,0,0,,,,,
10060,10132,10132,(Cham. & Schltdl.) Standl.,105424,3401,Galium equisetoides,,1,0,0,,,,,
10060,10132,10132,Dempster,108571,3401,Galium hatschbachii,,1,0,0,,,,,
10060,10132,10132,Lam.,84778,3401,Galium hirtum,,1,0,0,,,,,
10060,10132,10132,Cham. & Schltdl.,105425,3401,Galium humile,,1,0,0,,,,,
10060,10132,10132,(L.) Endl. ex Griseb.,19184,3401,Galium hypocarpium,,1,0,0,,,,,
10060,10132,10132,Clos,49173,3401,Galium latoramosum,,1,0,0,,,,,
10060,10132,10132,Spreng.,53827,3401,Galium megapotamicum,,1,0,0,,,,,
10060,10132,10132,(K.Schum.) Dempster,108572,3401,Galium muelleri,,1,0,0,,,,,
10060,10132,10132,(Ehrend.) Dempster,49174,3401,Galium nigroramosum,,1,0,0,,,,,
10060,10132,10132,(A.St.-Hil.) Dempster,73949,3401,Galium noxium,,1,0,0,,,,,
10060,10132,10132,Dempster,110798,3401,Galium ramboi,,1,0,0,,,,,
10060,10132,10132,(Gillies ex Hook. & Arn.) Endl. ex Walp.,53828,3401,Galium richardianum,,1,0,0,,,,,
10060,10132,10132,(Cham.) Walp.,108574,3401,Galium sellowianum,,1,0,0,,,,,
10060,10132,10132,Dempster,110799,3401,Galium smithreitzii,,1,0,0,,,,,
10060,10132,10132,Chodat,53716,3402,Galphimia australis,,1,0,0,,,,,
10060,10132,10132,(Mill.) Wedd.,440185,3405,Gamochaeta americana,,1,0,0,,,,,
10060,10132,10132,(Fernald) Cabrera,440187,3405,Gamochaeta calviceps,,1,0,0,,,,,
10060,10132,10132,(Mill.) Wedd.,440185,3405,Gamochaeta americana,,1,0,0,,,,,
10060,10132,10132,(Lam.) Cabrera,448231,3405,Gamochaeta falcata,,1,0,0,,,,,
10060,10132,10132,Deble,448819,3405,Gamochaeta brasiliana,,1,0,0,,,,,
10060,10132,10132,Deble & Marchiori,110275,3405,Gamochaeta nigrevestis,,1,0,0,,,,,
10060,10132,10132,(Willd.) Cabrera,440188,3405,Gamochaeta pensylvanica,,1,0,0,,,,,
10060,10132,10132,(L.) Cabrera,440189,3405,Gamochaeta purpurea,,1,0,0,,,,,
10060,10132,10132,(Willd. ex Spreng.) Cabrera,19248,3405,Gamochaeta simplicicaulis,,1,0,0,,,,,
10060,10132,10132,(Lam.) Cabrera,440190,3405,Gamochaeta stachidifolia,,1,0,0,,,,,
10060,10132,10132,(Barb.Rodr.) Garay,110800,7330,Mesadenella atroviridis,,1,0,0,,,,,
10060,10132,10132,(Planch. & Triana) Zappi,445706,3409,Garcinia gardneriana,,1,0,0,,,,,
10060,10132,10132,R.R. Silva & Cervi,108576,3425,Gaultheria arassatubensis,,1,0,0,,,,,
10060,10132,10132,Sleumer,110801,3425,Gaultheria bradeana,,1,0,0,,,,,
10060,10132,10132,(R.R.Silva & Cervi) Romão & Kin.-Gouv.,449040,3425,Gaultheria corvensis,,1,0,0,,,,,
10060,10132,10132,Vent.,73959,3425,Gaultheria erecta,,1,0,0,,,,,
10060,10132,10132,Wawra,108577,3425,Gaultheria itatiaiae,,1,0,0,,,,,
10060,10132,10132,(Vell.) Kin.-Gouv. ex Luteyn,108578,3425,Gaultheria serrata,,1,0,0,,,,,
10060,10132,10132,Sleumer,108579,3425,Gaultheria ulei,,1,0,0,,,,,
10060,10132,10132,Cham.,108581,3430,Gaylussacia angustifolia,,1,0,0,,,,,
10060,10132,10132,(Spreng.) Meisn.,67586,3430,Gaylussacia brasiliensis,,1,0,0,,,,,
10060,10132,10132,Cham. & Schltdl.,108586,3430,Gaylussacia pseudogaultheria,,1,0,0,,,,,
10060,10132,10132,(Vell.) Ravenna,106980,10937,Gelasine coerulea,,1,0,0,,,,,
10060,10132,10132,A.St.-Hil.,80466,3442,Genlisea aurea,,1,0,0,,,,,
10060,10132,10132,Mart.,108589,3454,Geonoma elegans,,1,0,0,,,,,
10060,10132,10132,Mart.,108589,3454,Geonoma elegans,,1,0,0,,,,,
10060,10132,10132,Mart.,73984,3454,Geonoma pohliana,,1,0,0,,,,,
10060,10132,10132,Mart.,68031,3454,Geonoma schottiana,,1,0,0,,,,,
10060,10132,10132,(L.) I.M.Johnst.,19632,3455,Geophila repens,,1,0,0,,,,,
10060,10132,10132,A.St.-Hil.,102871,3456,Geranium albicans,,1,0,0,,,,,
10060,10132,10132,A.St.-Hil.,108590,3456,Geranium arachnoideum,,1,0,0,,,,,
10060,10132,10132,R.Knuth,105860,3456,Geranium glanduligerum,,1,0,0,,,,,
10060,10132,10132,Vill.,19670,3456,Geranium purpureum,,0,0,0,,,,,
10060,10132,10132,(Jacq.) Rohweder,19771,3465,Gibasis geniculata,,1,0,0,,,,,
10060,10132,10132,S.Moore,440221,7058,Verbena aristigera,,1,0,0,,,,,
10060,10132,10132,Briq.,448549,7058,Verbena balansae,,1,0,0,,,,,
10060,10132,10132,Moldenke,448820,7058,Verbena catharinae,,1,0,0,,,,,
10060,10132,10132,Ruiz & Pav.,448821,7058,Verbena corymbosa,,1,0,0,,,,,
10060,10132,10132,Briq.,448483,7058,Verbena hassleriana,,1,0,0,,,,,
10060,10132,10132,Moldenke,448823,7058,Verbena hatschbachii,,1,0,0,,,,,
10060,10132,10132,Moldenke,449004,7058,Verbena herteri,,1,0,0,,,,,
10060,10132,10132,Moldenke,448825,7058,Verbena jordanensis,,1,0,0,,,,,
10060,10132,10132,Moldenke,449041,7058,Verbena kuntzeana,,1,0,0,,,,,
10060,10132,10132,(L.) Briq.,449042,7058,Verbena laciniata,,1,0,0,,,,,
10060,10132,10132,Vell.,448688,7058,Verbena lobata,,1,0,0,,,,,
10060,10132,10132,Cham.,448826,7058,Verbena marrubioides,,1,0,0,,,,,
10060,10132,10132,Spreng.,443688,7058,Verbena megapotamica,,1,0,0,,,,,
10060,10132,10132,Moldenke,448484,7058,Verbena nana,,1,0,0,,,,,
10060,10132,10132,(L.) Britton,440222,7058,Verbena peruviana,,1,0,0,,,,,
10060,10132,10132,Cham.,446666,7058,Verbena phlogiflora,,1,0,0,,,,,
10060,10132,10132,Spreng.,440223,7058,Verbena tenera,,1,0,0,,,,,
10060,10132,10132,Niven ex Hook.,443687,7058,Verbena tweedieana,,1,0,0,,,,,
10060,10132,10132,Cham.,448579,7058,Verbena thymoides,,1,0,0,,,,,
10060,10132,10132,Niven ex Hook.,443687,7058,Verbena tweedieana,,1,0,0,,,,,
10060,10132,10132,Epling,110805,10090,Glechon discolor,,1,0,0,,,,,
10060,10132,10132,Benth.,106982,10090,Glechon marifolia,,1,0,0,,,,,
10060,10132,10132,Spreng.,106984,10090,Glechon thymoides,,1,0,0,,,,,
10060,10132,10132,Spreng.,106984,10090,Glechon thymoides,,1,0,0,,,,,
10060,10132,10132,(Griseb.) Taub.,53671,3484,Gleditsia amorphoides,,1,0,0,,,,,
10060,10132,10132,(Willd.) Ching,73997,9386,Gleichenella pectinata,,1,0,0,,,,,
10060,10132,10132,Steud.,102954,3506,Glyceria multiflora,,1,0,0,,,,,
10060,10132,10132,(Schltr.) M.W.Chase & N.H.Williams,110806,3518,Gomesa albinoi,,1,0,0,,,,,
10060,10132,10132,(Lindl.) M.W.Chase & N.H.Williams,108601,3518,Gomesa barbaceniae,,1,0,0,,,,,
10060,10132,10132,(Hook.) Rolfe,108602,3518,Gomesa barkeri,,1,0,0,,,,,
10060,10132,10132,(Sims) M.W.Chase & N.H.Williams,103480,3518,Gomesa bifolia,,1,0,0,,,,,
10060,10132,10132,(Rchb.f.) M.W.Chase & N.H.Williams,67873,3518,Gomesa blanchetii,,1,0,0,,,,,
10060,10132,10132,(Hook.) M.W.Chase & N.H.Williams,104719,3518,Gomesa concolor,,1,0,0,,,,,
10060,10132,10132,(Lindl.) M.W.Chase & N.H.Williams,105529,3518,Gomesa cornigera,,1,0,0,,,,,
10060,10132,10132,(Lindl.) Klotzsch ex Rchb.f.,68122,3518,Gomesa crispa,,1,0,0,,,,,
10060,10132,10132,Hoffmanns.,108604,3518,Gomesa divaricata,,1,0,0,,,,,
10060,10132,10132,(Bateman ex W.H.Baxter) M.W.Chase & N.H.Williams,108605,3518,Gomesa doniana,,1,0,0,,,,,
10060,10132,10132,Kraenzl.,108606,3518,Gomesa duseniana,,1,0,0,,,,,
10060,10132,10132,Regel,108607,3518,Gomesa fischeri,,1,0,0,,,,,
10060,10132,10132,(G.Lodd.) M.W.Chase & N.H.Williams,20059,3518,Gomesa flexuosa,,1,0,0,,,,,
10060,10132,10132,(Rchb.f.) M.W.Chase & N.H.Williams,108609,3518,Gomesa fuscans,,1,0,0,,,,,
10060,10132,10132,Cogn.,108610,3518,Gomesa glaziovii,,1,0,0,,,,,
10060,10132,10132,(Rolfe) M.W.Chase & N.H.Williams,108611,3518,Gomesa gravesiana,,1,0,0,,,,,
10060,10132,10132,(Barb.Rodr.) M.W.Chase & N.H.Williams,108613,3518,Gomesa hydrophila,,1,0,0,,,,,
10060,10132,10132,(Lindl.) Klotzsch ex Rchb.f.,108614,3518,Gomesa laxiflora,,1,0,0,,,,,
10060,10132,10132,(Cogn.) M.W.Chase & N.H.Williams,108617,3518,Gomesa loefgrenii,,1,0,0,,,,,
10060,10132,10132,(Vell.) Meneguzzo,444764,3518,Gomesa florida,,1,0,0,,,,,
10060,10132,10132,(Lindl.) M.W.Chase & N.H.Williams,104720,3518,Gomesa longipes,,1,0,0,,,,,
10060,10132,10132,(Vell.) Meneguzzo,444764,3518,Gomesa florida,,1,0,0,,,,,
10060,10132,10132,M.W.Chase & N.H.Williams,49287,3518,Gomesa paranensoides,,1,0,0,,,,,
10060,10132,10132,(Lindl.) M.W.Chase & N.H.Williams,110807,3518,Gomesa pectoralis,,1,0,0,,,,,
10060,10132,10132,(Rchb.f.) M.W.Chase & Whitten,108620,11139,Nohawilliamsia pirarensis,,1,0,0,,,,,
10060,10132,10132,(Lindl.) Klotzsch ex Rchb.f.,49281,3518,Gomesa planifolia,,1,0,0,,,,,
10060,10132,10132,(Lindl.) M.W.Chase & N.H.Williams,108622,3518,Gomesa ranifera,,1,0,0,,,,,
10060,10132,10132,R.Br.,106985,3518,Gomesa recurva,,1,0,0,,,,,
10060,10132,10132,(Cogn.) M.W.Chase & N.H.Williams,49290,3518,Gomesa riograndensis,,1,0,0,,,,,
10060,10132,10132,(Lindl.) M.W.Chase & N.H.Williams,108623,3518,Gomesa sarcodes,,1,0,0,,,,,
10060,10132,10132,(Lindl.) M.W.Chase & N.H.Williams,110279,3518,Gomesa widgrenii,,1,0,0,,,,,
10060,10132,10132,Gardner,108624,4842,Myrcia anacardiifolia,,1,0,0,,,,,
10060,10132,10132,(Wawra) Sobral,448827,4842,Myrcia trichantha,,1,0,0,,,,,
10060,10132,10132,(D.Legrand) Sobral,108626,4842,Myrcia flagellaris,,1,0,0,,,,,
10060,10132,10132,DC.,49125,4842,Myrcia palustris,,1,0,0,,,,,
10060,10132,10132,Lem.,189269,4842,Myrcia florida,,1,0,0,,,,,
10060,10132,10132,(O.Berg) Kiaersk.,108628,4842,Myrcia hartwegiana,,1,0,0,,,,,
10060,10132,10132,DC.,108629,4842,Myrcia spectabilis,,1,0,0,,,,,
10060,10132,10132,Kiaersk.,110280,4842,Myrcia tijucensis,,1,0,0,,,,,
10060,10132,10132,E.Mey.,20067,3521,Gomphocarpus physocarpus,,0,0,0,,,,,
10060,10132,10132,Mart.,103481,3524,Gomphrena elegans,,1,0,0,,,,,
10060,10132,10132,L.,20074,3524,Gomphrena globosa,,1,0,0,,,,,
10060,10132,10132,Moq.,105429,3524,Gomphrena graminea,,1,0,0,,,,,
10060,10132,10132,Mart.,74007,3524,Gomphrena vaga,,1,0,0,,,,,
10060,10132,10132,L.,71414,3524,Gomphrena perennis,,1,0,0,,,,,
10060,10132,10132,Mart.,74007,3524,Gomphrena vaga,,1,0,0,,,,,
10060,10132,10132,Lindl.,108634,7916,Gongora bufonia,,1,0,0,,,,,
10060,10132,10132,Decne.,48911,3535,Gonolobus parviflorus,,1,0,0,,,,,
10060,10132,10132,(Vahl) Schult.,20136,3535,Gonolobus rostratus,,1,0,0,,,,,
10060,10132,10132,(Schrad.) H.Keng,74014,3543,Gordonia fruticosa,,1,0,0,,,,,
10060,10132,10132,Hook. & Arn.,49156,3546,Gouania ulmifolia,,1,0,0,,,,,
10060,10132,10132,(Sw.) Lindl.,20255,3548,Govenia utriculata,,1,0,0,,,,,
10060,10132,10132,Fée,20322,3553,Grammitis limbata,,1,0,0,,,,,
10060,10132,10132,(Cogn.) Docha Neto,105430,7331,Grandiphyllum edwallii,,1,0,0,,,,,
10060,10132,10132,(Lindl.) Docha Neto,49288,7331,Grandiphyllum divaricatum,,1,0,0,,,,,
10060,10132,10132,L.,20395,3560,Gratiola peruviana,,1,0,0,,,,,
10060,10132,10132,(Spreng.) R.M.King & H.Rob.,84583,10087,Grazielia serrata,,1,0,0,,,,,
10060,10132,10132,(Gay) Ball,104987,878,Griselinia ruscifolia,,1,0,0,,,,,
10060,10132,10132,Lindl.,108635,11140,Grobya amherstiae,,1,0,0,,,,,
10060,10132,10132,Rchb.f.,108636,11140,Grobya fascifera,,1,0,0,,,,,
10060,10132,10132,Lindl.,108637,11140,Grobya galeata,,1,0,0,,,,,
10060,10132,10132,F.Barros & Lourenço,110808,11140,Grobya guieselii,,1,0,0,,,,,
10060,10132,10132,(Rojas Acosta) Londoño & P.M.Peterson,74031,3574,Guadua chacoensis,,1,0,0,,,,,
10060,10132,10132,Munro,74032,3574,Guadua paniculata,,1,0,0,,,,,
10060,10132,10132,(Nees) Kunth,106987,3574,Guadua tagoara,,1,0,0,,,,,
10060,10132,10132,(Nees) Rupr.,49308,3574,Guadua trinii,,1,0,0,,,,,
10060,10132,10132,(Choisy) Lundell,108638,3576,Guapira hirsuta,,1,0,0,,,,,
10060,10132,10132,(Vell.) Reitz,20496,3576,Guapira opposita,,1,0,0,,,,,
10060,10132,10132,Vahl,20507,3577,Guarea macrophylla,,1,0,0,,,,,
10060,10132,10132,A.St.-Hil.,20510,3579,Guatteria australis,,1,0,0,,,,,
10060,10132,10132,Cham. & Schltdl.,53829,3581,Guettarda uruguensis,,1,0,0,,,,,
10060,10132,10132,Osten,110285,3590,Gunnera herteri,,1,0,0,,,,,
10060,10132,10132,Linden ex André,20651,3590,Gunnera manicata,,1,0,0,,,,,
10060,10132,10132,(Munro ex Döll) Ekman,104724,3607,Gymnopogon burchellii,,1,0,0,,,,,
10060,10132,10132,"Roseng., B.R.Arrill. & Izag.",103493,3607,Gymnopogon grandiflorus,,1,0,0,,,,,
10060,10132,10132,"Roseng., B.R.Arrill. & Izag.",53796,3607,Gymnopogon legrandii,,1,0,0,,,,,
10060,10132,10132,(Spreng.) Kuntze,72116,3607,Gymnopogon spicatus,,1,0,0,,,,,
10060,10132,10132,(Benth.) Benth. & Hook.f.,82539,3609,Gymnosiphon divaricatus,,1,0,0,,,,,
10060,10132,10132,(Aubl.) P.Beauv.,20755,3614,Gynerium sagittatum,,1,0,0,,,,,
10060,10132,10132,(Hook. & Arn.) R.M.King & H.Rob.,104726,9065,Gyptis lanigera,,1,0,0,,,,,
10060,10132,10132,(Gillies ex Hook. & Arn.) D.J.N.Hind & Flann,103495,9065,Gyptis tanacetifolia,,1,0,0,,,,,
10060,10132,10132,Barb.Rodr.,108639,3625,Habenaria araneiflora,,1,0,0,,,,,
10060,10132,10132,Cogn.,108641,3625,Habenaria balansae,,1,0,0,,,,,
10060,10132,10132,Lindl.,103496,3625,Habenaria bractescens,,1,0,0,,,,,
10060,10132,10132,Kraenzl.,105434,3625,Habenaria ekmaniana,,1,0,0,,,,,
10060,10132,10132,Rchb.f.,108645,3625,Habenaria guilleminii,,1,0,0,,,,,
10060,10132,10132,Hoehne,110289,3625,Habenaria gustavo-edwallii,,1,0,0,,,,,
10060,10132,10132,J.A.N.Bat. & Bianch.,448828,3625,Habenaria campylogyna,,1,0,0,,,,,
10060,10132,10132,Cogn.,108643,3625,Habenaria edwallii,,1,0,0,,,,,
10060,10132,10132,Barb.Rodr.,53760,3625,Habenaria johannensis,,1,0,0,,,,,
10060,10132,10132,Barb.Rodr.,108651,3625,Habenaria josephensis,,1,0,0,,,,,
10060,10132,10132,Barb.Rodr.,108652,3625,Habenaria leucosantha,,1,0,0,,,,,
10060,10132,10132,(Vell.) Hoehne,74103,3625,Habenaria macronectar,,1,0,0,,,,,
10060,10132,10132,Cogn.,180769,3625,Habenaria alpestris,,1,0,0,,,,,
10060,10132,10132,Spreng.,67860,3625,Habenaria montevidensis,,1,0,0,,,,,
10060,10132,10132,Rchb.f.,105435,3625,Habenaria paivaeana,,1,0,0,,,,,
10060,10132,10132,Lindl.,104159,3625,Habenaria parviflora,,1,0,0,,,,,
10060,10132,10132,Hoehne & Schltr.,108661,3625,Habenaria pleiophylla,,1,0,0,,,,,
10060,10132,10132,Cogn.,105436,3625,Habenaria regnellii,,1,0,0,,,,,
10060,10132,10132,Nutt.,20825,3625,Habenaria repens,,1,0,0,,,,,
10060,10132,10132,Barb.Rodr.,105437,3625,Habenaria rupicola,,1,0,0,,,,,
10060,10132,10132,Hoehne & Schltr.,108665,3625,Habenaria subviridis,,1,0,0,,,,,
10060,10132,10132,Cogn.,110809,3625,Habenaria ulei,,1,0,0,,,,,
10060,10132,10132,Barb.Rodr.,108667,3625,Habenaria umbraticola,,1,0,0,,,,,
10060,10132,10132,(Griseb.) Baker,448581,7203,Zephyranthes caerulea,,1,0,0,,,,,
10060,10132,10132,(Herb.) Baker,443323,7203,Zephyranthes robusta,,1,0,0,,,,,
10060,10132,10132,Asch.,20882,3642,Halodule wrightii,,1,0,0,,,,,
10060,10132,10132,Jacq.,20920,3649,Hamelia patens,,1,0,0,,,,,
10060,10132,10132,(Cham.) Mattos,48978,3653,Handroanthus albus,,1,0,0,,,,,
10060,10132,10132,(A.H.Gentry) S.O.Grose,108669,3653,Handroanthus catarinensis,,1,0,0,,,,,
10060,10132,10132,(Mart. ex DC.) Mattos,20930,3653,Handroanthus chrysotrichus,,1,0,0,,,,,
10060,10132,10132,(Vell.) Mattos,48979,3653,Handroanthus heptaphyllus,,1,0,0,,,,,
10060,10132,10132,(Cham.) Mattos,20931,3653,Handroanthus ochraceus,,1,0,0,,,,,
10060,10132,10132,(Sandwith) S.O.Grose,48980,3653,Handroanthus pulcherrimus,,1,0,0,,,,,
10060,10132,10132,(Sond.) Mattos,108670,3653,Handroanthus umbellatus,,1,0,0,,,,,
10060,10132,10132,(Lindl.) Schltr.,20934,3655,Hapalorchis lineata,,1,0,0,,,,,
10060,10132,10132,(Lindl.) Schltr.,20934,3655,Hapalorchis lineata,,1,0,0,,,,,
10060,10132,10132,(Lindl.) Schltr.,20934,3655,Hapalorchis lineata,,1,0,0,,,,,
10060,10132,10132,(K.Schum.) Linding.,228913,14383,Rhipsalidopsis gaertneri,,1,0,0,,,,,
10060,10132,10132,(Lagerh.) Britton & Rose,448830,14383,Rhipsalidopsis rosea,,1,0,0,,,,,
10060,10132,10132,(Hook. ex Arn.) R.M.King & H.Rob.,103501,10938,Hatschbachiella tweedieana,,1,0,0,,,,,
10060,10132,10132,(Poir.) Pedersen,444731,7287,Hebanthe erianthos,,1,0,0,,,,,
10060,10132,10132,Mart.,108674,7287,Hebanthe pulverulenta,,1,0,0,,,,,
10060,10132,10132,(L.) DC.,21027,3676,Hebeclinium macrophyllum,,1,0,0,,,,,
10060,10132,10132,(Spreng. ex Kunze) J.Sm.,21031,3679,Hecistopteris pumila,,1,0,0,,,,,
10060,10132,10132,Mart.,67540,3686,Hedyosmum brasiliense,,1,0,0,,,,,
10060,10132,10132,(Spreng.) S.A.Graham & Gandhi,105823,3691,Heimia apetala,,1,0,0,,,,,
10060,10132,10132,Link,21110,3691,Heimia salicifolia,,1,0,0,,,,,
10060,10132,10132,Engl.,74129,3693,Heisteria salicifolia,,1,0,0,,,,,
10060,10132,10132,Schwacke,108676,3693,Heisteria silvianii,,1,0,0,,,,,
10060,10132,10132,(Rusby) Lehtonen & Myllys,21115,3694,Helanthium bolivianum,,1,0,0,,,,,
10060,10132,10132,(Mart. ex Schult.f.) J.G.Sm.,21116,3694,Helanthium tenellum,,1,0,0,,,,,
10060,10132,10132,Mart.,106989,11095,Helia oblongifolia,,1,0,0,,,,,
10060,10132,10132,Raddi,106990,3703,Heliconia farinosa,,1,0,0,,,,,
10060,10132,10132,Raddi,106990,3703,Heliconia farinosa,,1,0,0,,,,,
10060,10132,10132,Raddi,106990,3703,Heliconia farinosa,,1,0,0,,,,,
10060,10132,10132,Benth.,49186,3707,Helietta apiculata,,1,0,0,,,,,
10060,10132,10132,Murray,21318,3712,Heliotropium angiospermum,,0,0,0,,,,,
10060,10132,10132,Cham.,48982,3712,Heliotropium tiaridioides,,1,0,0,,,,,
10060,10132,10132,(Sw.) Spreng.,21382,3718,Helosis cayennensis,,1,0,0,,,,,
10060,10132,10132,(L.) C.Presl,21399,880,Hemidictyum marginatum,,1,0,0,,,,,
10060,10132,10132,Raddi,53542,3727,Hemionitis tomentosa,,1,0,0,,,,,
10060,10132,10132,J.Poiss.,49112,7309,Hennecartia omphalandra,,1,0,0,,,,,
10060,10132,10132,"(Vell.) Penneys, Michelang., Judd & Almeda",110810,3739,Henriettea glabra,,1,0,0,,,,,
10060,10132,10132,(Molina) Goldblatt,53700,7754,Herbertia lahue,,1,0,0,,,,,
10060,10132,10132,(Moq.) Sohmer,105444,11045,Herbstia brasiliana,,1,0,0,,,,,
10060,10132,10132,Epling & Mathias,110811,11141,Hesperozygis dimidiata,,1,0,0,,,,,
10060,10132,10132,Epling & Játiva,110812,11141,Hesperozygis kleinii,,1,0,0,,,,,
10060,10132,10132,Epling,108678,11141,Hesperozygis spathulata,,1,0,0,,,,,
10060,10132,10132,Ruiz & Pav.,21528,3762,Heteranthera reniformis,,1,0,0,,,,,
10060,10132,10132,Mart.,105824,3762,Heteranthera zosterifolia,,1,0,0,,,,,
10060,10132,10132,(Baker) R.M.King & H.Rob.,106991,8902,Heterocondylus grandis,,1,0,0,,,,,
10060,10132,10132,Engl.,108679,9403,Heteropsis rigidifolia,,1,0,0,,,,,
10060,10132,10132,Griseb.,67726,3772,Heteropterys aenea,,1,0,0,,,,,
10060,10132,10132,Hook. & Arn.,53717,3772,Heteropterys glabra,,1,0,0,,,,,
10060,10132,10132,(A.Juss.) Griseb.,49087,3772,Heteropterys intermedia,,1,0,0,,,,,
10060,10132,10132,Skottsb.,106993,3772,Heteropterys microcarpa,,1,0,0,,,,,
10060,10132,10132,Griseb.,49089,3772,Heteropterys syringifolia,,1,0,0,,,,,
10060,10132,10132,(F.H.Hellw.) Joch.Müll.,449006,1594,Baccharis wagenitzii,,1,0,0,,,,,
10060,10132,10132,(Less.) Joch.Müll.,449007,1594,Baccharis psiadioides,,1,0,0,,,,,
10060,10132,10132,Cav.,21684,3788,Hibiscus bifurcatus,,1,0,0,,,,,
10060,10132,10132,Jacq.,21697,3788,Hibiscus diversifolius,,1,0,0,,,,,
10060,10132,10132,Monnier,67449,3789,Hieracium commersonii,,1,0,0,,,,,
10060,10132,10132,Arv.-Touv. ex Peter,105448,3789,Hieracium paraguayense,,1,0,0,,,,,
10060,10132,10132,Sch.Bip.,108683,3789,Hieracium urvillei,,1,0,0,,,,,
10060,10132,10132,Allemão,22125,3791,Hieronyma alchorneoides,,1,0,0,,,,,
10060,10132,10132,(Vell.) K.Schum.,74190,3795,Hillia illustris,,1,0,0,,,,,
10060,10132,10132,Jacq.,22139,3795,Hillia parasitica,,1,0,0,,,,,
10060,10132,10132,Gardner,108684,11142,Hindsia ramosissima,,1,0,0,,,,,
10060,10132,10132,(Traub & J.L.Doran) Van Scheepen,108686,3800,Hippeastrum blossfeldiae,,1,0,0,,,,,
10060,10132,10132,Herb.,110302,3800,Hippeastrum breviflorum,,1,0,0,,,,,
10060,10132,10132,(Mart. ex Schult. & Schult.f.) Herb.,49241,3800,Hippeastrum glaucescens,,1,0,0,,,,,
10060,10132,10132,(Ker Gawl.) Herb.,108685,3800,Hippeastrum aulicum,,1,0,0,,,,,
10060,10132,10132,Lem.,67357,3800,Hippeastrum morelianum,,1,0,0,,,,,
10060,10132,10132,(Ravenna) Van Scheepen,110303,3800,Hippeastrum papilio,,1,0,0,,,,,
10060,10132,10132,(Traub) Dutilh,110813,3800,Hippeastrum santacatarina,,1,0,0,,,,,
10060,10132,10132,(Lam.) H.E.Moore,22154,3800,Hippeastrum striatum,,1,0,0,,,,,
10060,10132,10132,(L'Hér.) Herb.,22155,3800,Hippeastrum vittatum,,1,0,0,,,,,
10060,10132,10132,(L.) G.Don,22156,3801,Hippobroma longiflora,,0,0,0,,,,,
10060,10132,10132,L.,22157,3802,Hippocratea volubilis,,1,0,0,,,,,
10060,10132,10132,Griseb.,68086,3807,Hiraea cuneata,,1,0,0,,,,,
10060,10132,10132,Moric. ex DC.,80235,3809,Hirtella hebeclada,,1,0,0,,,,,
10060,10132,10132,(Thunb.) J.Sm.,22188,3811,Histiopteris incisa,,1,0,0,,,,,
10060,10132,10132,(J.A.Schmidt) Epling,108691,11143,Hoehnea minima,,1,0,0,,,,,
10060,10132,10132,(Epling) Epling,108692,11143,Hoehnea parvula,,1,0,0,,,,,
10060,10132,10132,(Benth.) Epling,108693,11143,Hoehnea scutellarioides,,1,0,0,,,,,
10060,10132,10132,(Hoehne) Ruschi,110814,11191,Hoehneella gehrtiana,,1,0,0,,,,,
10060,10132,10132,K.Schum.,106996,3813,Hoffmannia peckii,,1,0,0,,,,,
10060,10132,10132,(Vell.) É.Morren,108694,3816,Hohenbergia augusta,,1,0,0,,,,,
10060,10132,10132,L.,22234,3822,Holcus lanatus,,0,0,0,,,,,
10060,10132,10132,Micheli,53672,7750,Holocalyx balansae,,1,0,0,,,,,
10060,10132,10132,(L.) Cabrera,71894,9223,Holocheilus brasiliensis,,1,0,0,,,,,
10060,10132,10132,(Vell.) Cabrera,106997,9223,Holocheilus illustris,,1,0,0,,,,,
10060,10132,10132,Mondin,110304,9223,Holocheilus monocephalus,,1,0,0,,,,,
10060,10132,10132,(Sw.) Zuloaga & Soderstr.,22302,3833,Homolepis glutinosa,,1,0,0,,,,,
10060,10132,10132,Godr.,79005,3839,Hordeum stenostachys,,1,0,0,,,,,
10060,10132,10132,L.,22334,3839,Hordeum vulgare,,0,0,0,,,,,
10060,10132,10132,Thunb.,22389,3853,Hovenia dulcis,,0,0,0,,,,,
10060,10132,10132,DC.,108697,11145,Huberia semiserrata,,1,0,0,,,,,
10060,10132,10132,Lindl.,108698,11146,Huntleya meleagris,,1,0,0,,,,,
10060,10132,10132,B.Øllg. & P.G.Windisch,110815,3868,Huperzia badiniana,,1,0,0,,,,,
10060,10132,10132,(Hook.) Holub,108699,3868,Huperzia biformis,,1,0,0,,,,,
10060,10132,10132,(Christ) Holub,110816,3868,Huperzia catharinae,,1,0,0,,,,,
10060,10132,10132,(Fée) B.Øllg.,108700,3868,Huperzia flexibilis,,1,0,0,,,,,
10060,10132,10132,(Spring) Trevis.,108701,3868,Huperzia fontinaloides,,1,0,0,,,,,
10060,10132,10132,B.Øllg. & P.G.Windisch,108703,3868,Huperzia hexasticha,,1,0,0,,,,,
10060,10132,10132,(Bory ex Duperr) Rothm.,108705,3868,Huperzia quadrifariata,,1,0,0,,,,,
10060,10132,10132,(Herter) B.Øllg.,110817,3868,Huperzia sellowiana,,1,0,0,,,,,
10060,10132,10132,(Sw.) Trevis.,22502,3868,Huperzia taxifolia,,1,0,0,,,,,
10060,10132,10132,Seub.,105451,3882,Hydrocleys martii,,1,0,0,,,,,
10060,10132,10132,(Humb. & Bonpl. ex Willd.) Buchenau,22600,3882,Hydrocleys nymphoides,,1,0,0,,,,,
10060,10132,10132,Comm. ex Lam.,22603,3883,Hydrocotyle bonariensis,,1,0,0,,,,,
10060,10132,10132,Cham.,303491,3883,Hydrocotyle callicephala,,1,0,0,,,,,
10060,10132,10132,(Urb.) Malme,48898,3883,Hydrocotyle exigua,,1,0,0,,,,,
10060,10132,10132,Brade,110818,3883,Hydrocotyle itatiaiensis,,1,0,0,,,,,
10060,10132,10132,DC.,108706,3883,Hydrocotyle langsdorffii,,1,0,0,,,,,
10060,10132,10132,Cham. & Schltdl.,22627,3883,Hydrocotyle leucocephala,,1,0,0,,,,,
10060,10132,10132,A.Rich.,22636,3883,Hydrocotyle pusilla,,1,0,0,,,,,
10060,10132,10132,Ruiz & Pav.,67365,3883,Hydrocotyle quinqueloba,,1,0,0,,,,,
10060,10132,10132,L.f.,22639,3883,Hydrocotyle ranunculoides,,1,0,0,,,,,
10060,10132,10132,Thunb.,22646,3883,Hydrocotyle verticillata,,1,0,0,,,,,
10060,10132,10132,L.,22652,3884,Hydrolea spinosa,,1,0,0,,,,,
10060,10132,10132,Nees,22655,3885,Hygrophila costata,,1,0,0,,,,,
10060,10132,10132,Nees,448325,3885,Hygrophila guianensis,,1,0,0,,,,,
10060,10132,10132,(Raddi) Chase,22676,3891,Hymenachne donacifolia,,1,0,0,,,,,
10060,10132,10132,(Nees) Zuloaga,72117,3891,Hymenachne grumosa,,1,0,0,,,,,
10060,10132,10132,(Spreng.) Zuloaga,53797,3891,Hymenachne pernambucensis,,1,0,0,,,,,
10060,10132,10132,(N.Murak. & R.C.Moran) L.Regalado & Prada,106999,11096,Hymenasplenium triquetrum,,1,0,0,,,,,
10060,10132,10132,(Sw.) Sw.,22703,3901,Hymenophyllum asplenioides,,1,0,0,,,,,
10060,10132,10132,Mart.,22717,3901,Hymenophyllum caudiculatum,,1,0,0,,,,,
10060,10132,10132,Kunth,22719,3901,Hymenophyllum crispum,,1,0,0,,,,,
10060,10132,10132,Spreng.,74257,3901,Hymenophyllum elegans,,1,0,0,,,,,
10060,10132,10132,(Sw.) Sw.,22739,3901,Hymenophyllum fucoides,,1,0,0,,,,,
10060,10132,10132,(L.) Sw.,22742,3901,Hymenophyllum hirsutum,,1,0,0,,,,,
10060,10132,10132,Desv.,22761,3901,Hymenophyllum microcarpum,,1,0,0,,,,,
10060,10132,10132,(Sw.) Sw.,22781,3901,Hymenophyllum polyanthos,,1,0,0,,,,,
10060,10132,10132,Schltdl. & Cham.,108709,3901,Hymenophyllum pulchellum,,1,0,0,,,,,
10060,10132,10132,Fée,108710,3901,Hymenophyllum rufum,,1,0,0,,,,,
10060,10132,10132,C.Presl,104999,3901,Hymenophyllum seselifolium,,1,0,0,,,,,
10060,10132,10132,Christ & Giesenh.,110819,3901,Hymenophyllum ulei,,1,0,0,,,,,
10060,10132,10132,(Nees) Stapf,22831,3907,Hyparrhenia rufa,,0,0,0,,,,,
10060,10132,10132,(DC.) Benth.,22842,3911,Hyperbaena domingensis,,1,0,0,,,,,
10060,10132,10132,(Eichler) Chodat & Hassl.,49110,3911,Hyperbaena oblongifolia,,1,0,0,,,,,
10060,10132,10132,Choisy,49005,3912,Hypericum brasiliense,,1,0,0,,,,,
10060,10132,10132,Choisy,49005,3912,Hypericum brasiliense,,1,0,0,,,,,
10060,10132,10132,Cham. & Schltdl.,107000,3912,Hypericum caprifoliatum,,1,0,0,,,,,
10060,10132,10132,Griseb.,103517,3912,Hypericum carinatum,,1,0,0,,,,,
10060,10132,10132,Lam.,102872,3912,Hypericum connatum,,1,0,0,,,,,
10060,10132,10132,A.St.-Hil.,448832,3912,Hypericum cordiforme,,1,0,0,,,,,
10060,10132,10132,A.St.-Hil.,448832,3912,Hypericum cordiforme,,1,0,0,,,,,
10060,10132,10132,A.St.-Hil.,107001,3912,Hypericum denudatum,,1,0,0,,,,,
10060,10132,10132,Gilg ex R.Keller,105453,3912,Hypericum lorentzianum,,1,0,0,,,,,
10060,10132,10132,L.B.Sm.,108714,3912,Hypericum microlicioides,,1,0,0,,,,,
10060,10132,10132,L.,22901,3912,Hypericum mutilum,,1,0,0,,,,,
10060,10132,10132,Arechav.,108715,3912,Hypericum piriai,,1,0,0,,,,,
10060,10132,10132,Klotzsch ex Reichardt,110308,3912,Hypericum polyanthemum,,1,0,0,,,,,
10060,10132,10132,A.St.-Hil.,108716,3912,Hypericum rigidum,,1,0,0,,,,,
10060,10132,10132,A.St.-Hil.,108716,3912,Hypericum rigidum,,1,0,0,,,,,
10060,10132,10132,A.St.-Hil.,108717,3912,Hypericum teretiusculum,,1,0,0,,,,,
10060,10132,10132,A.St.-Hil.,108718,3912,Hypericum ternum,,1,0,0,,,,,
10060,10132,10132,(Kuntze) Azevêdo-Gonç. & Matzenb.,59275,3915,Hypochaeris albiflora,,1,0,0,,,,,
10060,10132,10132,Cabrera,110310,3915,Hypochaeris catharinensis,,1,0,0,,,,,
10060,10132,10132,(Kunth) Britton,22939,3915,Hypochaeris chillensis,,1,0,0,,,,,
10060,10132,10132,L.,22941,3915,Hypochaeris glabra,,0,0,0,,,,,
10060,10132,10132,(Vell.) Britton,108719,3915,Hypochaeris lutea,,1,0,0,,,,,
10060,10132,10132,Cabrera,102805,3915,Hypochaeris megapotamica,,1,0,0,,,,,
10060,10132,10132,L.,22945,3915,Hypochaeris radicata,,0,0,0,,,,,
10060,10132,10132,(Kunze) C.Presl,22979,3921,Hypolepis hostilis,,1,0,0,,,,,
10060,10132,10132,Kuntze,110311,3921,Hypolepis mitis,,1,0,0,,,,,
10060,10132,10132,(Labill.) J.Sm.,22993,3921,Hypolepis rugosula,,1,0,0,,,,,
10060,10132,10132,Nees,108720,3922,Hypolytrum schraderianum,,1,0,0,,,,,
10060,10132,10132,L.,23011,3924,Hypoxis decumbens,,1,0,0,,,,,
10060,10132,10132,Schott ex Benth.,110820,3926,Hyptis angulosa,,1,0,0,,,,,
10060,10132,10132,Briq.,49065,3926,Hyptis balansae,,1,0,0,,,,,
10060,10132,10132,Poit.,23029,3926,Hyptis brevipes,,1,0,0,,,,,
10060,10132,10132,(Briq.) Harley & J.F.B.Pastore,105457,3926,Hyptis comaroides,,1,0,0,,,,,
10060,10132,10132,Schrank,108723,3926,Hyptis inodora,,1,0,0,,,,,
10060,10132,10132,A.St.-Hil. ex Benth.,108724,3926,Hyptis lacustris,,1,0,0,,,,,
10060,10132,10132,A.St.-Hil. ex Benth.,107004,3926,Hyptis lagenaria,,1,0,0,,,,,
10060,10132,10132,Benth.,53704,3926,Hyptis lappacea,,1,0,0,,,,,
10060,10132,10132,Mart. ex Benth.,107005,3926,Hyptis lappulacea,,1,0,0,,,,,
10060,10132,10132,O.Hoffm.,74288,3926,Hyptis lorentziana,,1,0,0,,,,,
10060,10132,10132,Briq.,107006,3926,Hyptis muelleri,,1,0,0,,,,,
10060,10132,10132,(Pohl) Harley & J.F.B.Pastore,110821,3926,Hyptis radicans,,1,0,0,,,,,
10060,10132,10132,Bordignon,110312,3926,Hyptis tetracephala,,1,0,0,,,,,
10060,10132,10132,A.St.-Hil. ex Benth.,49067,3926,Hyptis uliginosa,,1,0,0,,,,,
10060,10132,10132,(L'Hér.) Harley & J.F.B.Pastore,440633,13759,Mesosphaerum sidifolium,,1,0,0,,,,,
10060,10132,10132,A.A.Schneid.,110822,10939,Hysterionica matzenbacheri,,1,0,0,,,,,
10060,10132,10132,Matzenb. & Sobral,110314,10939,Hysterionica pinnatisecta,,1,0,0,,,,,
10060,10132,10132,(Lindl.) Van Eselt.,58715,8281,Ibicella lutea,,1,0,0,,,,,
10060,10132,10132,(Trin. ex Nees) Döll,70278,3931,Ichnanthus inconstans,,1,0,0,,,,,
10060,10132,10132,(Spreng.) Kunth,108728,3931,Ichnanthus leiocarpus,,1,0,0,,,,,
10060,10132,10132,(Schrad.) Hitchc. & Chase,54704,3931,Ichnanthus nemoralis,,1,0,0,,,,,
10060,10132,10132,(Sw.) Munro ex Benth.,23073,3931,Ichnanthus pallens,,1,0,0,,,,,
10060,10132,10132,(Sw.) Munro ex Benth.,23073,3931,Ichnanthus pallens,,1,0,0,,,,,
10060,10132,10132,(Nees ex Trin.) C.Silva & R.P.Oliveira,445291,20042,Oedochloa procurrens,,1,0,0,,,,,
10060,10132,10132,(Nees ex Trin.) C.Silva & R.P.Oliveira,445291,20042,Oedochloa procurrens,,1,0,0,,,,,
10060,10132,10132,Döll,74303,3931,Ichnanthus ruprechtii,,1,0,0,,,,,
10060,10132,10132,(J.Presl) Hitchc. & Chase,23074,3931,Ichnanthus tenuis,,1,0,0,,,,,
10060,10132,10132,Reissek,48907,3938,Ilex brevicuspis,,1,0,0,,,,,
10060,10132,10132,Reissek,108730,3938,Ilex chamaedryfolia,,1,0,0,,,,,
10060,10132,10132,Reissek,84555,3938,Ilex dumosa,,1,0,0,,,,,
10060,10132,10132,Reissek,67390,3938,Ilex integerrima,,1,0,0,,,,,
10060,10132,10132,Reissek,108731,3938,Ilex microdonta,,1,0,0,,,,,
10060,10132,10132,A.St.-Hil.,23180,3938,Ilex paraguariensis,,1,0,0,,,,,
10060,10132,10132,Reissek,110823,3938,Ilex pseudobuxus,,1,0,0,,,,,
10060,10132,10132,Loes.,108732,3938,Ilex taubertiana,,1,0,0,,,,,
10060,10132,10132,Mart.,107008,3938,Ilex theezans,,1,0,0,,,,,
10060,10132,10132,L.,23233,3942,Impatiens balsamina,,0,0,1,,,,,
10060,10132,10132,Hook.f.,23257,3942,Impatiens walleriana,,0,0,0,,,,,
10060,10132,10132,Trin.,23258,3943,Imperata brasiliensis,,1,0,0,,,,,
10060,10132,10132,Hitchc.,23261,3943,Imperata contracta,,1,0,0,,,,,
10060,10132,10132,Mill.,23309,3944,Indigofera suffruticosa,,1,0,0,,,,,
10060,10132,10132,Mart.,23324,3947,Inga edulis,,1,0,0,,,,,
10060,10132,10132,(Harms) T.D.Penn.,448833,3947,Inga edwallii,,1,0,0,,,,,
10060,10132,10132,T.D.Penn.,449043,3947,Inga globularis,,1,0,0,,,,,
10060,10132,10132,Willd.,74350,3947,Inga heterophylla,,1,0,0,,,,,
10060,10132,10132,Benth.,108735,3947,Inga lentiscifolia,,1,0,0,,,,,
10060,10132,10132,Willd.,444745,3947,Inga marginata,,1,0,0,,,,,
10060,10132,10132,Benth.,108736,3947,Inga sellowiana,,1,0,0,,,,,
10060,10132,10132,Mart.,68071,3947,Inga sessilis,,1,0,0,,,,,
10060,10132,10132,Benth.,23339,3947,Inga striata,,1,0,0,,,,,
10060,10132,10132,Salzm. ex Benth.,292943,3947,Inga subnuda,,1,0,0,,,,,
10060,10132,10132,Hook. & Arn.,84660,3947,Inga uraguensis,,1,0,0,,,,,
10060,10132,10132,Benth.,49050,3947,Inga virescens,,1,0,0,,,,,
10060,10132,10132,Mart. ex Benth.,108738,3947,Inga vulpina,,1,0,0,,,,,
10060,10132,10132,(Sw.) Lindl.,23372,3954,Ionopsis utricularioides,,1,0,0,,,,,
10060,10132,10132,O'Donell,107009,3957,Ipomoea acutisepala,,1,0,0,,,,,
10060,10132,10132,L.,23379,3957,Ipomoea alba,,1,0,0,,,,,
10060,10132,10132,Peter,106119,3957,Ipomoea argentinica,,1,0,0,,,,,
10060,10132,10132,(L.) Sweet,23391,3957,Ipomoea cairica,,1,0,0,,,,,
10060,10132,10132,Choisy,67551,3957,Ipomoea delphinioides,,0,1,0,,,,,
10060,10132,10132,Choisy,23411,3957,Ipomoea fimbriosepala,,1,0,0,,,,,
10060,10132,10132,(Dammer) O'Donell,23417,3957,Ipomoea grandifolia,,1,0,0,,,,,
10060,10132,10132,(Vahl) Griseb.,23423,3957,Ipomoea imperati,,0,1,0,,,,,
10060,10132,10132,(Burm.) Merr.,23426,3957,Ipomoea indica,,1,0,0,,,,,
10060,10132,10132,(Vell.) Hallier f.,103529,3957,Ipomoea indivisa,,1,0,0,,,,,
10060,10132,10132,P.P.A.Ferreira & Sim.-Bianch.,448689,3957,Ipomoea mirabilis,,1,0,0,,,,,
10060,10132,10132,(L.) R.Br.,23454,3957,Ipomoea pes-caprae,,1,0,0,,,,,
10060,10132,10132,(L.) Roth,23461,3957,Ipomoea purpurea,,1,0,0,,,,,
10060,10132,10132,L.,23462,3957,Ipomoea quamoclit,,0,0,0,,,,,
10060,10132,10132,(Poir.) Choisy,23463,3957,Ipomoea ramosissima,,1,0,0,,,,,
10060,10132,10132,O'Donell,107012,3957,Ipomoea saopaulista,,1,0,0,,,,,
10060,10132,10132,P.P.A.Ferreira & Miotto,110319,3957,Ipomoea sulina,,1,0,0,,,,,
10060,10132,10132,Meisn.,84620,3957,Ipomoea syringifolia,,1,0,0,,,,,
10060,10132,10132,(Willd.) Choisy,23480,3957,Ipomoea tiliacea,,0,1,0,,,,,
10060,10132,10132,Humb. & Bonpl. ex Willd.,23496,3960,Iresine diffusa,,1,0,0,,,,,
10060,10132,10132,(Kraenzl.) C.Van den Berg & M.W.Chase,108740,8947,Isabelia pulchella,,1,0,0,,,,,
10060,10132,10132,J.Presl,23565,3965,Ischaemum minus,,1,0,0,,,,,
10060,10132,10132,(Jacq.) R.Br.,23597,3972,Isochilus linearis,,1,0,0,,,,,
10060,10132,10132,H.P.Fuchs,110320,3977,Isoetes brasiliensis,,1,0,0,,,,,
10060,10132,10132,J.B.S.Pereira & Labiak,410221,3977,Isoetes quiririensis,,1,0,0,,,,,
10060,10132,10132,Herter,110323,3977,Isoetes ramboi,,1,0,0,,,,,
10060,10132,10132,H.P.Fuchs,110325,3977,Isoetes smithii,,1,0,0,,,,,
10060,10132,10132,H.P.Fuchs,339725,3977,Isoetes spannagelii,,1,0,0,,,,,
10060,10132,10132,(Vahl) Roem. & Schult.,23640,3979,Isolepis cernua,,1,0,0,,,,,
10060,10132,10132,Benth.,84779,3998,Ixora venulosa,,1,0,0,,,,,
10060,10132,10132,Cham.,48975,3999,Jacaranda micrantha,,1,0,0,,,,,
10060,10132,10132,Cham.,23802,3999,Jacaranda puberula,,1,0,0,,,,,
10060,10132,10132,(Aubl.) A.DC.,49000,7298,Jacaratia spinosa,,1,0,0,,,,,
10060,10132,10132,Moric.,71568,4003,Jacquemontia blanchetii,,1,0,0,,,,,
10060,10132,10132,(Lag.) Less.,48090,4006,Jaegeria hirta,,1,0,0,,,,,
10060,10132,10132,(A.St.-Hil.) A.Juss.,53719,4008,Janusia guaranitica,,1,0,0,,,,,
10060,10132,10132,(Spreng.) S.W.L.Jacobs & J.Everett,443870,10940,Jarava plumosa,,1,0,0,,,,,
10060,10132,10132,L.,23907,4013,Jatropha gossypiifolia,,1,0,0,,,,,
10060,10132,10132,(Chodat & Hassl.) Pax,84644,4013,Jatropha intermedia,,1,0,0,,,,,
10060,10132,10132,(Hook. & Arn.) Malme,108744,10979,Jobinia connivens,,1,0,0,,,,,
10060,10132,10132,(Decne.) Liede & Meve,107015,10979,Jobinia latipes,,1,0,0,,,,,
10060,10132,10132,E.Fourn.,107016,10979,Jobinia lindbergii,,1,0,0,,,,,
10060,10132,10132,Fontella & C.Valente,108747,10979,Jobinia paranaensis,,1,0,0,,,,,
10060,10132,10132,(Hook. & Arn.) Reissek,102902,10914,Jodina rhombifolia,,1,0,0,,,,,
10060,10132,10132,L.,23945,4024,Juncus acutus,,1,0,0,,,,,
10060,10132,10132,Kunth,67638,4024,Juncus densiflorus,,1,0,0,,,,,
10060,10132,10132,Elliott,23977,4024,Juncus dichotomus,,1,0,0,,,,,
10060,10132,10132,L.,23981,4024,Juncus effusus,,1,0,0,,,,,
10060,10132,10132,Barros,110826,4024,Juncus kleinii,,1,0,0,,,,,
10060,10132,10132,Hochst.,24007,4024,Juncus kraussii,,1,0,0,,,,,
10060,10132,10132,Rostk.,24010,4024,Juncus marginatus,,1,0,0,,,,,
10060,10132,10132,Schrad. ex E.Mey.,103536,4024,Juncus micranthus,,1,0,0,,,,,
10060,10132,10132,Kunth,24013,4024,Juncus microcephalus,,1,0,0,,,,,
10060,10132,10132,Lam.,24016,4024,Juncus pallescens,,1,0,0,,,,,
10060,10132,10132,Barros,110330,4024,Juncus ramboi,,1,0,0,,,,,
10060,10132,10132,Willd.,24053,4024,Juncus tenuis,,1,0,0,,,,,
10060,10132,10132,Less.,107017,7294,Jungia sellowii,,1,0,0,,,,,
10060,10132,10132,Roth,24097,4027,Justicia brasiliana,,1,0,0,,,,,
10060,10132,10132,Lindl.,24100,4027,Justicia carnea,,1,0,0,,,,,
10060,10132,10132,Lindau,110827,4027,Justicia catharinensis,,1,0,0,,,,,
10060,10132,10132,(Lindau) Wassh. & L.B.Sm.,448834,4027,Justicia dusenii,,1,0,0,,,,,
10060,10132,10132,(J.J.Veitch) Wassh.,48887,4027,Justicia floribunda,,1,0,0,,,,,
10060,10132,10132,(Rizzini) Wassh. & L.B.Sm.,108751,4027,Justicia hatschbachii,,1,0,0,,,,,
10060,10132,10132,Wassh. & L.B.Sm.,108752,4027,Justicia kleinii,,1,0,0,,,,,
10060,10132,10132,(Nees) Lindau,443653,16207,Dianthera laevilinguis,,1,0,0,,,,,
10060,10132,10132,(Nees) V.A.W.Graham,48888,4027,Justicia lythroides,,1,0,0,,,,,
10060,10132,10132,(Nees) Benth. & Hook.f. ex B.D.Jacks.,448556,16207,Dianthera oblonga,,1,0,0,,,,,
10060,10132,10132,(Rizzini) A.L.A.Côrtes,448835,6198,Schaueria paranaensis,,1,0,0,,,,,
10060,10132,10132,Leonard,110828,4027,Justicia reitzii,,1,0,0,,,,,
10060,10132,10132,Lindau,110829,4027,Justicia schenckiana,,1,0,0,,,,,
10060,10132,10132,Lindau,107018,4027,Justicia yhuensis,,1,0,0,,,,,
10060,10132,10132,(P.W.Lund ex DC.) R.M.King & H.Rob.,107019,9415,Kaunia rufescens,,1,0,0,,,,,
10060,10132,10132,(B.L.Rob.) R.M.King & H.Rob.,448690,4070,Koanophyllon simillimum,,1,0,0,,,,,
10060,10132,10132,(DC.) Fryxell,69708,9081,Krapovickasia macrodon,,1,0,0,,,,,
10060,10132,10132,L.,24576,4119,Lactuca serriola,,0,0,0,,,,,
10060,10132,10132,A.St.-Hil.,448691,8934,Lafoensia nummulariifolia,,1,0,0,,,,,
10060,10132,10132,Cham. & Schltdl.,74498,8934,Lafoensia vandelliana,,1,0,0,,,,,
10060,10132,10132,(Kunth) Nees,24613,4128,Lagenocarpus rigidus,,1,0,0,,,,,
10060,10132,10132,(Kunth) Nees,24613,4128,Lagenocarpus rigidus,,1,0,0,,,,,
10060,10132,10132,(Boeckeler) Kuntze,108755,4128,Lagenocarpus triqueter,,1,0,0,,,,,
10060,10132,10132,(L.) C.F.Gaertn.,24643,4137,Laguncularia racemosa,,1,0,0,,,,,
10060,10132,10132,(Cambess.) Kuntze,67554,8917,Lamanonia cuneata,,1,0,0,,,,,
10060,10132,10132,Mart.,67493,8910,Langsdorffia hypogaea,,1,0,0,,,,,
10060,10132,10132,Lindl.,67850,3135,Epidendrum avicula,,1,0,0,,,,,
10060,10132,10132,(Lindl.) Hoehne,108756,4143,Lankesterella caespitosa,,1,0,0,,,,,
10060,10132,10132,(Barb.Rodr.) Mansf.,105472,4143,Lankesterella ceracifolia,,1,0,0,,,,,
10060,10132,10132,Lindl.,24684,4146,Lantana fucata,,1,0,0,,,,,
10060,10132,10132,Schrank,108758,4146,Lantana undulata,,1,0,0,,,,,
10060,10132,10132,(L.) Chew,24721,4150,Laportea aestuans,,1,0,0,,,,,
10060,10132,10132,(L.) Hitchc.,24745,4160,Lasiacis divaricata,,1,0,0,,,,,
10060,10132,10132,Hitchc. & Chase,24747,4160,Lasiacis ligulata,,1,0,0,,,,,
10060,10132,10132,(C.Presl) Tindale,74501,4170,Lastreopsis amplissima,,1,0,0,,,,,
10060,10132,10132,(Sw.) Ching,440803,19186,Parapolystichum effusum,,1,0,0,,,,,
10060,10132,10132,Burkart,107024,4173,Lathyrus hasslerianus,,1,0,0,,,,,
10060,10132,10132,Vogel,105473,4173,Lathyrus linearifolius,,1,0,0,,,,,
10060,10132,10132,Lam.,103545,4173,Lathyrus nervosus,,1,0,0,,,,,
10060,10132,10132,Vogel,108760,4173,Lathyrus nitens,,1,0,0,,,,,
10060,10132,10132,Hassl.,108761,4173,Lathyrus paraguariensis,,1,0,0,,,,,
10060,10132,10132,Burkart,103546,4173,Lathyrus paranensis,,1,0,0,,,,,
10060,10132,10132,Hook. & Arn.,55713,4173,Lathyrus pubescens,,1,0,0,,,,,
10060,10132,10132,Elliott,102863,4173,Lathyrus pusillus,,1,0,0,,,,,
10060,10132,10132,Lam.,103548,4173,Lathyrus subulatus,,1,0,0,,,,,
10060,10132,10132,(Schott) Kanitz,48533,4177,Laurembergia tetrandra,,1,0,0,,,,,
10060,10132,10132,(Naudin) R.Goldenb.,410336,4675,Miconia acutiflora,,1,0,0,,,,,
10060,10132,10132,(Cogn.) R.Goldenb.,448836,4675,Miconia pectinata,,1,0,0,,,,,
10060,10132,10132,(Cham.) R.Goldenb.,410355,4675,Miconia australis,,1,0,0,,,,,
10060,10132,10132,(Cham.) R.Goldenb.,410355,4675,Miconia australis,,1,0,0,,,,,
10060,10132,10132,(Cham.) R.Goldenb.,410355,4675,Miconia australis,,1,0,0,,,,,
10060,10132,10132,(Cogn.) R.Goldenb.,416813,4675,Miconia balansae,,1,0,0,,,,,
10060,10132,10132,(Cogn.) R.Goldenb.,410559,4675,Miconia trauninensis,,1,0,0,,,,,
10060,10132,10132,(DC.) R.Goldenb.,410389,4675,Miconia dubia,,1,0,0,,,,,
10060,10132,10132,R.Goldenb.,448837,4675,Miconia leacalvescens,,1,0,0,,,,,
10060,10132,10132,(Cogn.) R.Goldenb.,409483,4675,Miconia sublanata,,1,0,0,,,,,
10060,10132,10132,R.Goldenb.,448838,4675,Miconia leacordifolia,,1,0,0,,,,,
10060,10132,10132,(Cogn.) R.Goldenb.,410370,4675,Miconia catharinensis,,1,0,0,,,,,
10060,10132,10132,R.Goldenb.,448838,4675,Miconia leacordifolia,,1,0,0,,,,,
10060,10132,10132,(Triana) R.Goldenb.,448839,4675,Miconia cordigera,,1,0,0,,,,,
10060,10132,10132,(Triana) R.Goldenb.,448839,4675,Miconia cordigera,,1,0,0,,,,,
10060,10132,10132,R.Goldenb.,410426,4675,Miconia leadebilis,,1,0,0,,,,,
10060,10132,10132,(DC.) R.Goldenb.,410389,4675,Miconia dubia,,1,0,0,,,,,
10060,10132,10132,R.Goldenb.,410429,4675,Miconia leaechinata,,1,0,0,,,,,
10060,10132,10132,(DC.) R.Goldenb.,445747,4675,Miconia erostrata,,1,0,0,,,,,
10060,10132,10132,R.Goldenb.,410432,4675,Miconia leafallax,,1,0,0,,,,,
10060,10132,10132,(Raddi) R.Goldenb.,410477,4675,Miconia melastomoides,,1,0,0,,,,,
10060,10132,10132,(Wurdack) R.Goldenb.,410510,4675,Miconia pubistyla,,1,0,0,,,,,
10060,10132,10132,R.Goldenb.,410435,4675,Miconia leagracilis,,1,0,0,,,,,
10060,10132,10132,R.Goldenb.,410437,4675,Miconia leahirtella,,1,0,0,,,,,
10060,10132,10132,(Cogn.) R.Goldenb.,410407,4675,Miconia horrida,,1,0,0,,,,,
10060,10132,10132,R.Goldenb.,410438,4675,Miconia leahumilis,,1,0,0,,,,,
10060,10132,10132,(Mart.) R.Goldenb.,410411,4675,Miconia ionopogon,,1,0,0,,,,,
10060,10132,10132,(Wawra) R.Goldenb.,410412,4675,Miconia itatiaiae,,1,0,0,,,,,
10060,10132,10132,(Cogn.) R.Goldenb.,448840,4675,Miconia ciliolata,,1,0,0,,,,,
10060,10132,10132,(Wurdack) R.Goldenb.,410467,4675,Miconia luctatoris,,1,0,0,,,,,
10060,10132,10132,(Triana) R.Goldenb.,410469,4675,Miconia macropora,,1,0,0,,,,,
10060,10132,10132,(Raddi) R.Goldenb.,410477,4675,Miconia melastomoides,,1,0,0,,,,,
10060,10132,10132,(Brade) R.Goldenb.,410483,4675,Miconia neglecta,,1,0,0,,,,,
10060,10132,10132,R.Goldenb.,410445,4675,Miconia leapallida,,1,0,0,,,,,
10060,10132,10132,R.Goldenb.,410445,4675,Miconia leapallida,,1,0,0,,,,,
10060,10132,10132,(Wurdack) R.Goldenb.,410497,4675,Miconia pilonensis,,1,0,0,,,,,
10060,10132,10132,(Brade) R.Goldenb.,410500,4675,Miconia planifilamentosa,,1,0,0,,,,,
10060,10132,10132,(Naudin) R.Goldenb.,410508,4675,Miconia polystachya,,1,0,0,,,,,
10060,10132,10132,(Naudin) R.Goldenb.,448841,4675,Miconia microstachya,,1,0,0,,,,,
10060,10132,10132,(Hoehne) R.Goldenb.,410511,4675,Miconia purpureovillosa,,1,0,0,,,,,
10060,10132,10132,(DC.) R.Goldenb.,410515,4675,Miconia quinquedentata,,1,0,0,,,,,
10060,10132,10132,(Cogn.) R.Goldenb.,410518,4675,Miconia refracta,,1,0,0,,,,,
10060,10132,10132,(Cogn.) R.Goldenb.,409446,4675,Miconia alterninervia,,1,0,0,,,,,
10060,10132,10132,(Wurdack) R.Goldenb.,410519,4675,Miconia reitzii,,1,0,0,,,,,
10060,10132,10132,(DC.) Ocampo & Almeda,409473,4675,Miconia reversa,,1,0,0,,,,,
10060,10132,10132,(Brade) R.Goldenb.,410524,4675,Miconia riograndensis,,1,0,0,,,,,
10060,10132,10132,(Brade) R.Goldenb.,410527,4675,Miconia sabiaensis,,1,0,0,,,,,
10060,10132,10132,(Raddi) R.Goldenb.,410477,4675,Miconia melastomoides,,1,0,0,,,,,
10060,10132,10132,(Naudin) R.Goldenb.,410537,4675,Miconia simplicicaulis,,1,0,0,,,,,
10060,10132,10132,(Naudin) R.Goldenb.,410548,4675,Miconia sulfurea,,1,0,0,,,,,
10060,10132,10132,(Cham.) R.Goldenb.,410552,4675,Miconia tetraquetra,,1,0,0,,,,,
10060,10132,10132,(Cogn.) R.Goldenb.,410561,4675,Miconia ulei,,1,0,0,,,,,
10060,10132,10132,R.Goldenb.,448838,4675,Miconia leacordifolia,,1,0,0,,,,,
10060,10132,10132,(A.Gray) R.Goldenb.,410382,4675,Miconia dasytricha,,1,0,0,,,,,
10060,10132,10132,(Naudin) R.Goldenb.,410565,4675,Miconia xanthocoma,,1,0,0,,,,,
10060,10132,10132,(Cogn.) R.Goldenb.,410568,4675,Miconia xanthostachya,,1,0,0,,,,,
10060,10132,10132,Sw.,24997,4199,Leersia hexandra,,1,0,0,,,,,
10060,10132,10132,Trin.,24999,4199,Leersia ligularis,,1,0,0,,,,,
10060,10132,10132,Willd.,25002,4199,Leersia virginica,,1,0,0,,,,,
10060,10132,10132,(Bong.) Ruhland,74510,8920,Leiothrix flavescens,,1,0,0,,,,,
10060,10132,10132,(Kuhn) A.R.Sm. & R.C.Moran,108815,4207,Lellingeria brevistipes,,1,0,0,,,,,
10060,10132,10132,(C.Chr.) Christenh.,448842,3553,Grammitis depressa,,1,0,0,,,,,
10060,10132,10132,(Rosenst.) Christenh.,449044,3553,Grammitis tamandarei,,1,0,0,,,,,
10060,10132,10132,Welw.,25027,4210,Lemna aequinoctialis,,1,0,0,,,,,
10060,10132,10132,Kunth,25031,4210,Lemna minuta,,1,0,0,,,,,
10060,10132,10132,Phil.,25037,4210,Lemna valdiviana,,1,0,0,,,,,
10060,10132,10132,(L.) R.Br.,25053,4216,Leonotis nepetifolia,,0,0,0,,,,,
10060,10132,10132,Houtt.,25069,4220,Leonurus japonicus,,0,0,0,,,,,
10060,10132,10132,(Rchb.f.) Ames,70212,4223,Lepanthopsis floripecten,,1,0,0,,,,,
10060,10132,10132,Kameyama,108818,4225,Lepidagathis meridionalis,,1,0,0,,,,,
10060,10132,10132,(Sch.Bip. ex Baker) H.Rob.,108819,4226,Lepidaploa argyrotricha,,1,0,0,,,,,
10060,10132,10132,(Hieron.) H.Rob.,48965,4226,Lepidaploa balansae,,1,0,0,,,,,
10060,10132,10132,(Less.) H.Rob.,71494,4226,Lepidaploa chamissonis,,1,0,0,,,,,
10060,10132,10132,H.Rob.,108820,4226,Lepidaploa pseudomuricata,,1,0,0,,,,,
10060,10132,10132,L.,25263,4228,Lepidium bonariense,,1,0,0,,,,,
10060,10132,10132,L.,25268,4228,Lepidium didymum,,1,0,0,,,,,
10060,10132,10132,(K.Schum.) Barthlott,107028,7297,Lepismium lineare,,0,1,0,,,,,
10060,10132,10132,(L.) P.Beauv.,25455,4251,Leptochloa virgata,,1,0,0,,,,,
10060,10132,10132,(Cabrera) A.M.Teles & Sobral,449045,8900,Leptostelma catharinense,,1,0,0,,,,,
10060,10132,10132,D.Don,297888,8900,Leptostelma maximum,,1,0,0,,,,,
10060,10132,10132,(Hook. & Arn.) D.J.N.Hind & G.L.Nesom,73775,8900,Leptostelma tweediei,,1,0,0,,,,,
10060,10132,10132,Lindl.,108821,8977,Leptotes bicolor,,1,0,0,,,,,
10060,10132,10132,Rchb.f.,110838,8977,Leptotes tenuis,,1,0,0,,,,,
10060,10132,10132,(Less.) H.Rob.,84594,7742,Lessingianthus brevifolius,,1,0,0,,,,,
10060,10132,10132,(Hieron.) H.Rob.,107029,7742,Lessingianthus cataractarum,,1,0,0,,,,,
10060,10132,10132,(Less.) H.Rob.,72048,7742,Lessingianthus glabratus,,1,0,0,,,,,
10060,10132,10132,(Cristóbal & Dematt.) M.B.Angulo,105475,7742,Lessingianthus laniferus,,1,0,0,,,,,
10060,10132,10132,(Kuntze) H.Rob.,105477,7742,Lessingianthus plantaginodes,,1,0,0,,,,,
10060,10132,10132,(Sch.Bip. ex Baker) H.Rob.,84600,7742,Lessingianthus polyphyllus,,1,0,0,,,,,
10060,10132,10132,M.B.Angulo & Dematt.,110340,7742,Lessingianthus pubescens,,1,0,0,,,,,
10060,10132,10132,(Bonpl.) H.Rob.,53602,7742,Lessingianthus rubricaulis,,1,0,0,,,,,
10060,10132,10132,(Less.) H.Rob.,104735,7742,Lessingianthus sellowii,,1,0,0,,,,,
10060,10132,10132,Gardner,448844,3553,Grammitis organensis,,1,0,0,,,,,
10060,10132,10132,(Hieron.) Brade,448845,3553,Grammitis schenckii,,1,0,0,,,,,
10060,10132,10132,(Nees) Kosterm.,74577,4303,Licaria armeniaca,,1,0,0,,,,,
10060,10132,10132,(A.W.Hill) Pérez-Mor.,448331,4310,Lilaeopsis minor,,1,0,0,,,,,
10060,10132,10132,A.W.Hill,108824,4310,Lilaeopsis tenuis,,1,0,0,,,,,
10060,10132,10132,(Boiss.) Kuntze,103561,4320,Limonium brasiliense,,1,0,0,,,,,
10060,10132,10132,(L.) D.A.Sutton,30461,5037,Nuttallanthus canadensis,,0,0,0,,,,,
10060,10132,10132,(L.) Alston,26113,4326,Lindernia rotundifolia,,1,0,0,,,,,
10060,10132,10132,Kunze,54746,4327,Lindsaea arcuata,,1,0,0,,,,,
10060,10132,10132,(Kaulf.) Mett.,108825,4327,Lindsaea bifida,,1,0,0,,,,,
10060,10132,10132,A.St.-Hil.,108826,4327,Lindsaea botrychioides,,1,0,0,,,,,
10060,10132,10132,(L.) Bedd.,26149,4327,Lindsaea lancea,,1,0,0,,,,,
10060,10132,10132,Fée,108827,4327,Lindsaea ovoidea,,1,0,0,,,,,
10060,10132,10132,(K.U.Kramer) A.Rojas,416805,4327,Lindsaea terminalis,,1,0,0,,,,,
10060,10132,10132,(Sw.) Dryand.,26177,4327,Lindsaea stricta,,1,0,0,,,,,
10060,10132,10132,Sw.,108828,4327,Lindsaea virescens,,1,0,0,,,,,
10060,10132,10132,Sw.,108828,4327,Lindsaea virescens,,1,0,0,,,,,
10060,10132,10132,A.St.-Hil. & Naudin,108829,4334,Linum brevifolium,,1,0,0,,,,,
10060,10132,10132,A.St.-Hil.,103564,4334,Linum littorale,,1,0,0,,,,,
10060,10132,10132,A.St.-Hil.,103564,4334,Linum littorale,,1,0,0,,,,,
10060,10132,10132,Mildner,110341,4334,Linum smithii,,1,0,0,,,,,
10060,10132,10132,(Thunb.) Lindl.,26257,4335,Liparis nervosa,,1,0,0,,,,,
10060,10132,10132,Moldenke,105478,4339,Lippia arechavaletae,,1,0,0,,,,,
10060,10132,10132,(Cham.) Meisn. ex Walp.,69806,4339,Lippia hirta,,1,0,0,,,,,
10060,10132,10132,(Cham.) Rusby,443691,4339,Lippia lippioides,,1,0,0,,,,,
10060,10132,10132,Cham.,108833,4339,Lippia pumila,,1,0,0,,,,,
10060,10132,10132,Cham.,69811,4339,Lippia turnerifolia,,1,0,0,,,,,
10060,10132,10132,Marchand,105830,7734,Lithraea brasiliensis,,1,0,0,,,,,
10060,10132,10132,L.f.,26475,4356,Lobelia anceps,,0,0,0,,,,,
10060,10132,10132,Pohl,67530,4356,Lobelia camporum,,1,0,0,,,,,
10060,10132,10132,Pohl,108834,4356,Lobelia exaltata,,1,0,0,,,,,
10060,10132,10132,Zahlbr.,48993,4356,Lobelia hassleri,,1,0,0,,,,,
10060,10132,10132,Cham.,84611,4356,Lobelia hederacea,,1,0,0,,,,,
10060,10132,10132,Cham.,84611,4356,Lobelia hederacea,,1,0,0,,,,,
10060,10132,10132,Dusén,108835,4356,Lobelia langeana,,1,0,0,,,,,
10060,10132,10132,Cham.,48994,4356,Lobelia nummularioides,,1,0,0,,,,,
10060,10132,10132,Cham.,107034,4356,Lobelia reniformis,,1,0,0,,,,,
10060,10132,10132,Kunth,26562,4356,Lobelia xalapensis,,1,0,0,,,,,
10060,10132,10132,Rchb.f.,108836,9428,Lockhartia ludibunda,,1,0,0,,,,,
10060,10132,10132,(Lindl.) Rchb.f.,108837,9428,Lockhartia lunifera,,1,0,0,,,,,
10060,10132,10132,L.,26585,4364,Lolium perenne,,0,0,0,,,,,
10060,10132,10132,"(Aubl.) R.C.Moran, Labiak & Sundue",297053,9458,Mickelia guianensis,,1,0,0,,,,,
10060,10132,10132,(Schrad.) Kuhn,108839,4368,Lomariopsis marginata,,1,0,0,,,,,
10060,10132,10132,(Mart. ex Benth.) M.J.Silva & A.M.G.Azevedo,68082,7245,Muellera campestris,,1,0,0,,,,,
10060,10132,10132,(Vell.) A.M.G.Azevedo & H.C.Lima,68078,4375,Lonchocarpus cultratus,,1,0,0,,,,,
10060,10132,10132,(M.J.Silva & A.M.G.Azevedo) M.J.Silva & A.M.G.Azevedo,340432,7245,Muellera grazielae,,1,0,0,,,,,
10060,10132,10132,(Hassl.) M.J.Silva & A.M.G.Azevedo,68076,8971,Dahlstedtia muehlbergiana,,1,0,0,,,,,
10060,10132,10132,(Vogel) Benth.,26664,4375,Lonchocarpus nitidus,,1,0,0,,,,,
10060,10132,10132,Thunb.,26688,4377,Lonicera japonica,,0,0,0,,,,,
10060,10132,10132,(Leandro) L.J.T.Cardoso & J.M.A.Braga,445532,9258,Lophophytum pyramidale,,1,0,0,,,,,
10060,10132,10132,(J.F.Gmel.) C.Chr.,26715,4384,Lophosoria quadripinnata,,1,0,0,,,,,
10060,10132,10132,L.,26744,4391,Lotus corniculatus,,0,0,0,,,,,
10060,10132,10132,Cass.,74615,9433,Lucilia acutifolia,,1,0,0,,,,,
10060,10132,10132,Baker,106164,9433,Lucilia linearifolia,,1,0,0,,,,,
10060,10132,10132,(Less.) S.E.Freire,74616,9433,Lucilia lycopodioides,,1,0,0,,,,,
10060,10132,10132,Less.,102807,9433,Lucilia nitens,,1,0,0,,,,,
10060,10132,10132,(Cambess.) H.Hara,103566,4401,Ludwigia caparosa,,1,0,0,,,,,
10060,10132,10132,Walter,26825,4401,Ludwigia decurrens,,1,0,0,,,,,
10060,10132,10132,(Cambess.) H.Hara,74618,4401,Ludwigia elegans,,1,0,0,,,,,
10060,10132,10132,(Michx.) Greuter & Burdet,26828,4401,Ludwigia grandiflora,,1,0,0,,,,,
10060,10132,10132,(Chodat) Ramamoorthy,72103,4401,Ludwigia hassleriana,,1,0,0,,,,,
10060,10132,10132,(Micheli) H.Hara,104737,4401,Ludwigia hookeri,,1,0,0,,,,,
10060,10132,10132,(Nutt.) H.Hara,26832,4401,Ludwigia leptocarpa,,1,0,0,,,,,
10060,10132,10132,(DC.) H.Hara,49135,4401,Ludwigia longifolia,,1,0,0,,,,,
10060,10132,10132,(Micheli) Ramamoorthy,53753,4401,Ludwigia major,,1,0,0,,,,,
10060,10132,10132,(Hook. & Arn.) Ramamoorthy,110344,4401,Ludwigia multinervia,,1,0,0,,,,,
10060,10132,10132,(Jacq.) P.H.Raven,26835,4401,Ludwigia octovalvis,,1,0,0,,,,,
10060,10132,10132,(Kunth) P.H.Raven,26838,4401,Ludwigia peploides,,1,0,0,,,,,
10060,10132,10132,(L.) H.Hara,26840,4401,Ludwigia peruviana,,1,0,0,,,,,
10060,10132,10132,(Cambess.) H.Hara,84734,4401,Ludwigia sericea,,1,0,0,,,,,
10060,10132,10132,Mart.,26848,4402,Luehea divaricata,,1,0,0,,,,,
10060,10132,10132,Mart.,74624,4402,Luehea paniculata,,1,0,0,,,,,
10060,10132,10132,Toledo,108846,9436,Luetzelburgia guaissara,,1,0,0,,,,,
10060,10132,10132,(Less.) Zardini,108847,11149,Lulia nervosa,,1,0,0,,,,,
10060,10132,10132,DC.,108848,9437,Lundia virginalis,,1,0,0,,,,,
10060,10132,10132,Desr.,103569,4412,Lupinus bracteolaris,,1,0,0,,,,,
10060,10132,10132,C.P.Sm.,53675,4412,Lupinus gibertianus,,1,0,0,,,,,
10060,10132,10132,(Hassl.) C.P.Sm.,105483,4412,Lupinus guaraniticus,,1,0,0,,,,,
10060,10132,10132,Benth.,107036,4412,Lupinus lanatus,,1,0,0,,,,,
10060,10132,10132,Desr.,105484,4412,Lupinus linearis,,1,0,0,,,,,
10060,10132,10132,Planchuelo & D.B.Dunn,107037,4412,Lupinus magnistipulatus,,1,0,0,,,,,
10060,10132,10132,Desr.,103570,4412,Lupinus multiflorus,,1,0,0,,,,,
10060,10132,10132,Chodat & Hassl.,84661,4412,Lupinus paraguariensis,,1,0,0,,,,,
10060,10132,10132,C.P.Sm.,108849,4412,Lupinus paranensis,,1,0,0,,,,,
10060,10132,10132,Burkart ex M.Pinheiro & Miotto,108850,4412,Lupinus reitzii,,1,0,0,,,,,
10060,10132,10132,Planchuelo,110345,4412,Lupinus rubriflorus,,1,0,0,,,,,
10060,10132,10132,C.P.Sm.,110346,4412,Lupinus uleanus,,1,0,0,,,,,
10060,10132,10132,(Steud.) Hitchc.,26909,4415,Luziola bahiensis,,1,0,0,,,,,
10060,10132,10132,(Trin.) Swallen,108851,4415,Luziola brasiliensis,,1,0,0,,,,,
10060,10132,10132,J.F.Gmel.,26910,4415,Luziola peruviana,,1,0,0,,,,,
10060,10132,10132,Buchenau,108853,4416,Luzula ulei,,1,0,0,,,,,
10060,10132,10132,(L.) Clairv.,41611,6372,Silene coronaria,,0,0,0,,,,,
10060,10132,10132,(Carrière) Bitter,105485,4420,Lycianthes rantonnetii,,1,0,0,,,,,
10060,10132,10132,(Mart.) Holub,448848,13055,Pseudolycopodiella paradoxa,,1,0,0,,,,,
10060,10132,10132,B.Øllg. & P.G.Windisch,105486,4424,Lycopodiella geometra,,1,0,0,,,,,
10060,10132,10132,(Hook. & Grev.) Holub,105487,4424,Lycopodiella longipes,,1,0,0,,,,,
10060,10132,10132,(B.Øllg. & P.G.Windisch) B.Øllg.,108854,4424,Lycopodiella tupiana,,1,0,0,,,,,
10060,10132,10132,L.,27025,4425,Lycopodium clavatum,,1,0,0,,,,,
10060,10132,10132,Sw.,27072,4430,Lygodium volubile,,1,0,0,,,,,
10060,10132,10132,L.,27167,4442,Lythrum hyssopifolia,,0,0,0,,,,,
10060,10132,10132,Kunth,27170,4442,Lythrum maritimum,,1,0,0,,,,,
10060,10132,10132,M.T.Strong,108857,4449,Machaerina austrobrasiliensis,,1,0,0,,,,,
10060,10132,10132,(Boeckeler) T.Koyama,67562,4449,Machaerina ensifolia,,1,0,0,,,,,
10060,10132,10132,(Hemsl.) T.Koyama,108858,4449,Machaerina ficticia,,1,0,0,,,,,
10060,10132,10132,(Vell.) Stellfeld,344017,4450,Machaerium debile,,1,0,0,,,,,
10060,10132,10132,(Vell.) Stellfeld,445108,4450,Machaerium hirtum,,1,0,0,,,,,
10060,10132,10132,Vogel,293079,4450,Machaerium oblongifolium,,1,0,0,,,,,
10060,10132,10132,Vogel,49054,4450,Machaerium stipitatum,,1,0,0,,,,,
10060,10132,10132,(Vell.) Benth.,108861,4450,Machaerium uncinatum,,1,0,0,,,,,
10060,10132,10132,Vogel,80385,4450,Machaerium brasiliense,,1,0,0,,,,,
10060,10132,10132,(Hoffmanns. ex Humb.) Cham. & Schltdl.,27264,4451,Machaonia brasiliensis,,1,0,0,,,,,
10060,10132,10132,(Hoffmanns. ex Humb.) Cham. & Schltdl.,27264,4451,Machaonia brasiliensis,,1,0,0,,,,,
10060,10132,10132,(L.) D.Don ex G.Don,27323,4456,Maclura tinctoria,,1,0,0,,,,,
10060,10132,10132,Malme,108863,4462,Macrocarpaea rubra,,1,0,0,,,,,
10060,10132,10132,(Hieron.) R.M.King & H.Rob.,48937,7293,Macropodina blumenavii,,1,0,0,,,,,
10060,10132,10132,(Mart. ex Benth.) Urb.,71648,4471,Macroptilium erythroloma,,1,0,0,,,,,
10060,10132,10132,(Benth.) Urb.,103576,4471,Macroptilium prostratum,,1,0,0,,,,,
10060,10132,10132,(Gaudich.) Ching,27366,4475,Macrothelypteris torresiana,,1,0,0,,,,,
10060,10132,10132,Müll.Arg.,108866,4496,Malanea forsteronioides,,1,0,0,,,,,
10060,10132,10132,(Lindl.) Kuntze,106182,4497,Malaxis excavata,,1,0,0,,,,,
10060,10132,10132,(Hoehne & Schltr.) Pabst,110840,4497,Malaxis jaraguae,,1,0,0,,,,,
10060,10132,10132,(Schltr.) Pabst,110351,4497,Malaxis pabstii,,1,0,0,,,,,
10060,10132,10132,C.Morren,49282,4497,Malaxis parthoni,,1,0,0,,,,,
10060,10132,10132,(Lindl.) Kuntze,110352,4497,Malaxis pubescens,,1,0,0,,,,,
10060,10132,10132,(Malme) R.M.King & H.Rob.,105490,11047,Malmeanthus subintegerrimus,,1,0,0,,,,,
10060,10132,10132,(L.) Garcke,27640,4510,Malvastrum coromandelianum,,1,0,0,,,,,
10060,10132,10132,(Stadelm.) Woodson,67370,4515,Mandevilla atroviolacea,,1,0,0,,,,,
10060,10132,10132,(Hook. & Arn.) Woodson,69480,4515,Mandevilla coccinea,,1,0,0,,,,,
10060,10132,10132,(Vell.) C.Ezcurra,105491,4515,Mandevilla emarginata,,1,0,0,,,,,
10060,10132,10132,(Vell.) K.Schum.,108868,4515,Mandevilla funiformis,,1,0,0,,,,,
10060,10132,10132,Woodson,108870,4515,Mandevilla immaculata,,1,0,0,,,,,
10060,10132,10132,(Desf.) Pichon,27673,4515,Mandevilla longiflora,,1,0,0,,,,,
10060,10132,10132,(A.St.-Hil.) Pichon,84549,4515,Mandevilla petraea,,1,0,0,,,,,
10060,10132,10132,(Stadelm.) A.H.Gentry,67374,4515,Mandevilla pohliana,,1,0,0,,,,,
10060,10132,10132,(Müll.Arg.) Woodson,67373,4515,Mandevilla sellowii,,1,0,0,,,,,
10060,10132,10132,(Hook.) Woodson,108871,4515,Mandevilla urophylla,,1,0,0,,,,,
10060,10132,10132,Sprague,108873,4518,Manettia chrysoderma,,1,0,0,,,,,
10060,10132,10132,Mart.,67946,4518,Manettia cordifolia,,1,0,0,,,,,
10060,10132,10132,Wernham,108875,4518,Manettia glaziovii,,1,0,0,,,,,
10060,10132,10132,Cham. & Schltdl.,108876,4518,Manettia gracilis,,1,0,0,,,,,
10060,10132,10132,(Vell.) Benth.,67947,4518,Manettia luteorubra,,1,0,0,,,,,
10060,10132,10132,Standl.,448851,4518,Manettia paranensis,,1,0,0,,,,,
10060,10132,10132,Cham. & Schltdl.,108877,4518,Manettia pubescens,,1,0,0,,,,,
10060,10132,10132,K.Schum.,107042,4518,Manettia tweedieana,,1,0,0,,,,,
10060,10132,10132,Wernham,108878,4518,Manettia verticillata,,1,0,0,,,,,
10060,10132,10132,L.,27694,4519,Mangifera indica,,0,0,0,,,,,
10060,10132,10132,Hook.,59419,4521,Manihot grahamii,,1,0,0,,,,,
10060,10132,10132,(Mart.) Dubard,108880,4522,Manilkara subsericea,,1,0,0,,,,,
10060,10132,10132,(Cham.) Bureau & K.Schum.,48976,4527,Mansoa difficilis,,1,0,0,,,,,
10060,10132,10132,"A.St.-Hil. , A.Juss. & Cambess.",108881,7776,Maprounea brasiliensis,,1,0,0,,,,,
10060,10132,10132,Roscoe,441057,4534,Maranta divaricata,,1,0,0,,,,,
10060,10132,10132,L.Andersson,49268,4534,Maranta sobolifera,,1,0,0,,,,,
10060,10132,10132,Tur,107044,4537,Marathrum azarensis,,1,0,0,,,,,
10060,10132,10132,(Kaulf.) Lehtonen,448852,3240,Eupodium cicutifolium,,1,0,0,,,,,
10060,10132,10132,Delponte,68094,4539,Marcgravia polyantha,,1,0,0,,,,,
10060,10132,10132,L.f.,27793,4542,Margaritaria nobilis,,1,0,0,,,,,
10060,10132,10132,(DC.) C.M.Taylor & Razafim.,410054,19495,Eumachia chaenotricha,,1,0,0,,,,,
10060,10132,10132,(Lam.) Kuntze,55949,4545,Margyricarpus pinnatus,,1,0,0,,,,,
10060,10132,10132,(Kiaersk.) M.F.Santos,428709,4842,Myrcia subacuminata,,1,0,0,,,,,
10060,10132,10132,E.Lucas & C.E.Wilson,428676,4842,Myrcia neoobscura,,1,0,0,,,,,
10060,10132,10132,(Mart.) E.Lucas & C.E.Wilson,428633,4842,Myrcia excoriata,,1,0,0,,,,,
10060,10132,10132,E.Lucas & C.E.Wilson,448853,4842,Myrcia neosuaveolens,,1,0,0,,,,,
10060,10132,10132,Mart.,448854,4842,Myrcia strigipes,,1,0,0,,,,,
10060,10132,10132,(Malme) F.Esp.Santo & Rapini,444733,20055,Ruehssia montana,,1,0,0,,,,,
10060,10132,10132,(Vahl) Kuntze,27895,4557,Marsypianthes chamaedrys,,1,0,0,,,,,
10060,10132,10132,Briq.,84690,4557,Marsypianthes hassleri,,1,0,0,,,,,
10060,10132,10132,Reitz,108891,4564,Matayba cristae,,1,0,0,,,,,
10060,10132,10132,Radlk.,49189,4564,Matayba elaeagnoides,,1,0,0,,,,,
10060,10132,10132,Aubl.,69789,4564,Matayba guianensis,,1,0,0,,,,,
10060,10132,10132,(A.St.-Hil.) Radlk.,108892,4564,Matayba juglandifolia,,1,0,0,,,,,
10060,10132,10132,(Vahl) Morillo,441081,20056,Chloropetalum denticulatum,,1,0,0,,,,,
10060,10132,10132,Fontella,110842,4565,Matelea reitzii,,1,0,0,,,,,
10060,10132,10132,L.,27945,4567,Matricaria chamomilla,,0,0,0,,,,,
10060,10132,10132,D.Don,26716,4385,Lophospermum erubescens,,0,0,0,,,,,
10060,10132,10132,Schltr. ex Hoehne,108899,4576,Maxillaria bradei,,1,0,0,,,,,
10060,10132,10132,Brieger & Illg,448857,4576,Maxillaria brasiliensis,,1,0,0,,,,,
10060,10132,10132,Rchb.f.,445126,4576,Maxillaria notylioglossa,,1,0,0,,,,,
10060,10132,10132,Barb.Rodr.,445127,4576,Maxillaria chrysantha,,1,0,0,,,,,
10060,10132,10132,Brieger & Illg,448858,4576,Maxillaria cleistogama,,1,0,0,,,,,
10060,10132,10132,Rchb.f.,446496,4576,Maxillaria desvauxiana,,1,0,0,,,,,
10060,10132,10132,Barb.Rodr.,448860,4576,Maxillaria ferdinandiana,,1,0,0,,,,,
10060,10132,10132,(Link & Otto) Schuit. & M.W.Chase,448861,4576,Maxillaria humilis,,1,0,0,,,,,
10060,10132,10132,Barb.Rodr.,448862,4576,Maxillaria imbricata,,1,0,0,,,,,
10060,10132,10132,Pabst,448863,4576,Maxillaria johannis,,1,0,0,,,,,
10060,10132,10132,Barb.Rodr.,108915,4576,Maxillaria paranaensis,,1,0,0,,,,,
10060,10132,10132,Barb.Rodr.,108910,4576,Maxillaria leucaimata,,1,0,0,,,,,
10060,10132,10132,Barb.Rodr.,108910,4576,Maxillaria leucaimata,,1,0,0,,,,,
10060,10132,10132,Lindl.,108911,4576,Maxillaria crocea,,1,0,0,,,,,
10060,10132,10132,Lindl.,445148,4576,Maxillaria subulata,,1,0,0,,,,,
10060,10132,10132,(Lindl.) Fenzl,445129,4576,Maxillaria marginata,,1,0,0,,,,,
10060,10132,10132,Rchb.f.,444763,4576,Maxillaria neowiedii,,1,0,0,,,,,
10060,10132,10132,Lodd. ex Lindl.,83172,4576,Maxillaria ochroleuca,,1,0,0,,,,,
10060,10132,10132,Schltr. ex Hoehne,448865,4576,Maxillaria pachyphylla,,1,0,0,,,,,
10060,10132,10132,Hook.,445128,4576,Maxillaria pumila,,1,0,0,,,,,
10060,10132,10132,Rchb.f.,448867,4576,Maxillaria porphyrostele,,1,0,0,,,,,
10060,10132,10132,Hoehne,448868,4576,Maxillaria ubatubana,,1,0,0,,,,,
10060,10132,10132,Hoehne,448868,4576,Maxillaria ubatubana,,1,0,0,,,,,
10060,10132,10132,(A.Rich.) Nash,440513,4576,Maxillaria valenzuelana,,1,0,0,,,,,
10060,10132,10132,Rchb.f.,444763,4576,Maxillaria neowiedii,,1,0,0,,,,,
10060,10132,10132,Rchb.f.,444763,4576,Maxillaria neowiedii,,1,0,0,,,,,
10060,10132,10132,Aubl.,27975,4580,Mayaca fluviatilis,,1,0,0,,,,,
10060,10132,10132,Kunth,445789,4580,Mayaca sellowiana,,1,0,0,,,,,
10060,10132,10132,(Lam.) Loes.,87828,4581,Maytenus oleoides,,1,0,0,,,,,
10060,10132,10132,Molina,27977,4581,Maytenus boaria,,1,0,0,,,,,
10060,10132,10132,Reissek,108920,4581,Maytenus evonymoides,,1,0,0,,,,,
10060,10132,10132,Mart. ex Reissek,49004,4581,Maytenus ilicifolia,,1,0,0,,,,,
10060,10132,10132,Mart.,448869,4581,Maytenus gonoclados,,1,0,0,,,,,
10060,10132,10132,(Burm.f.) Steenis,28032,877,Mazus pumilus,,0,0,0,,,,,
10060,10132,10132,(Benth.) Pennell,107048,4583,Mecardonia grandiflora,,1,0,0,,,,,
10060,10132,10132,(Mill.) Small,28035,4583,Mecardonia procumbens,,1,0,0,,,,,
10060,10132,10132,(Mill.) Small,28035,4583,Mecardonia procumbens,,1,0,0,,,,,
10060,10132,10132,(Mill.) Small,28035,4583,Mecardonia procumbens,,1,0,0,,,,,
10060,10132,10132,(Mill.) Small,28035,4583,Mecardonia procumbens,,1,0,0,,,,,
10060,10132,10132,(Mill.) Small,28035,4583,Mecardonia procumbens,,1,0,0,,,,,
10060,10132,10132,(Cham. & Schltdl.) Pennell,105494,4583,Mecardonia serpylloides,,1,0,0,,,,,
10060,10132,10132,L.,28092,4588,Medicago polymorpha,,0,0,0,,,,,
10060,10132,10132,L.,28097,4588,Medicago sativa,,0,0,0,,,,,
10060,10132,10132,(Rosenst.) A.R.Sm. & R.C.Moran,108923,4595,Megalastrum abundans,,1,0,0,,,,,
10060,10132,10132,(C.Chr.) A.R.Sm. & R.C.Moran,106191,4595,Megalastrum adenopteris,,1,0,0,,,,,
10060,10132,10132,(Kaulf.) A.R.Sm. & R.C.Moran,48850,4595,Megalastrum connexum,,1,0,0,,,,,
10060,10132,10132,(Fée) A.R.Sm. & R.C.Moran,68015,4595,Megalastrum crenulans,,1,0,0,,,,,
10060,10132,10132,(Kaulf. ex Link) A.R.Sm. & R.C.Moran,108925,4595,Megalastrum inaequale,,1,0,0,,,,,
10060,10132,10132,(Sehnem) Salino & Ponce,108926,4595,Megalastrum oreocharis,,1,0,0,,,,,
10060,10132,10132,(C.Chr.) A.R.Sm. & R.C.Moran,108927,4595,Megalastrum umbrinum,,1,0,0,,,,,
10060,10132,10132,(Jacq.) B.K.Simon & S.W.L.Jacobs,441119,19159,Megathyrsus maximus,,0,0,1,,,,,
10060,10132,10132,(Naudin) H.Schaef. & S.S.Renner,445282,4634,Melothria campestris,,1,0,0,,,,,
10060,10132,10132,(Gardner) Cabrera,71897,4612,Melanthera latifolia,,1,0,0,,,,,
10060,10132,10132,(Rich.) Pennell ex Britton & P.Wilson,28245,4613,Melasma melampyroides,,1,0,0,,,,,
10060,10132,10132,(Cham.) Benth.,105496,4613,Melasma rhinanthoides,,1,0,0,,,,,
10060,10132,10132,Ard.,103579,4619,Melica brasiliana,,1,0,0,,,,,
10060,10132,10132,Torres,103580,4619,Melica eremophila,,1,0,0,,,,,
10060,10132,10132,Döll,103582,4619,Melica hyalina,,1,0,0,,,,,
10060,10132,10132,Nees,102959,4619,Melica macra,,1,0,0,,,,,
10060,10132,10132,Cav.,103584,4619,Melica rigida,,1,0,0,,,,,
10060,10132,10132,Nees,49309,4619,Melica sarmentosa,,1,0,0,,,,,
10060,10132,10132,Nees,49309,4619,Melica sarmentosa,,1,0,0,,,,,
10060,10132,10132,L.B.Sm.,110361,4619,Melica spartinoides,,1,0,0,,,,,
10060,10132,10132,Arechav.,105831,4619,Melica tenuis,,1,0,0,,,,,
10060,10132,10132,P.Beauv.,28396,4626,Melinis minutiflora,,0,0,0,,,,,
10060,10132,10132,(Willd.) Zizka,28398,4626,Melinis repens,,0,0,0,,,,,
10060,10132,10132,Urb.,108929,4627,Meliosma sellowii,,1,0,0,,,,,
10060,10132,10132,A.St.-Hil.,105497,4631,Melochia chamaedrys,,1,0,0,,,,,
10060,10132,10132,(Mill.) Fawc. & Rendle,28442,4631,Melochia pilosa,,1,0,0,,,,,
10060,10132,10132,(Mill.) Fawc. & Rendle,69709,4631,Melochia villosa,,1,0,0,,,,,
10060,10132,10132,Vell.,49015,4634,Melothria cucumis,,1,0,0,,,,,
10060,10132,10132,Vell.,49015,4634,Melothria cucumis,,1,0,0,,,,,
10060,10132,10132,(Desv.) C.V.Morton,445802,3553,Grammitis peruviana,,1,0,0,,,,,
10060,10132,10132,,74870,9454,Melpomene xiphopteroides,,1,0,0,,,,,
10060,10132,10132,Mart.,74877,7341,Mendoncia puberula,,1,0,0,,,,,
10060,10132,10132,Mart.,445140,7341,Mendoncia velloziana,,1,0,0,,,,,
10060,10132,10132,McClure & L.B.Sm.,110843,7334,Merostachys ciliata,,1,0,0,,,,,
10060,10132,10132,Munro,49310,7334,Merostachys claussenii,,1,0,0,,,,,
10060,10132,10132,McClure & L.B.Sm.,110844,7334,Merostachys glauca,,1,0,0,,,,,
10060,10132,10132,Send.,110845,7334,Merostachys kleinii,,1,0,0,,,,,
10060,10132,10132,Hack.,107050,7334,Merostachys multiramea,,1,0,0,,,,,
10060,10132,10132,Döll,108933,7334,Merostachys petiolata,,1,0,0,,,,,
10060,10132,10132,Munro ex E.G.Camus,110846,7334,Merostachys pluriflora,,1,0,0,,,,,
10060,10132,10132,Send.,108934,7334,Merostachys skvortzovii,,1,0,0,,,,,
10060,10132,10132,Spreng.,108935,7334,Merostachys speciosa,,1,0,0,,,,,
10060,10132,10132,Nees,108936,7334,Merostachys ternata,,1,0,0,,,,,
10060,10132,10132,McClure & L.B.Sm.,110847,7334,Merostachys vestita,,1,0,0,,,,,
10060,10132,10132,(Jacq.) A.R.Simões & Staples,421049,19634,Distimake dissectus,,1,0,0,,,,,
10060,10132,10132,(Ruiz & Pav.) A.R.Simões & Staples,441150,19634,Distimake macrocalyx,,1,0,0,,,,,
10060,10132,10132,(Lindl.) Garay,49285,7330,Mesadenella cuspidata,,1,0,0,,,,,
10060,10132,10132,(L.) Kuntze,440632,13759,Mesosphaerum pectinatum,,0,0,0,,,,,
10060,10132,10132,(Spreng.) Triana,110848,4675,Miconia brasiliensis,,1,0,0,,,,,
10060,10132,10132,Triana,445145,4675,Miconia buddlejoides,,1,0,0,,,,,
10060,10132,10132,Cogn.,332482,4675,Miconia formosa,,1,0,0,,,,,
10060,10132,10132,DC.,28757,4675,Miconia calvescens,,1,0,0,,,,,
10060,10132,10132,Casar.,110849,4675,Miconia flammea,,1,0,0,,,,,
10060,10132,10132,Miq.,49102,4675,Miconia cinerascens,,1,0,0,,,,,
10060,10132,10132,Naudin,67759,4675,Miconia cinnamomifolia,,1,0,0,,,,,
10060,10132,10132,Hoehne,108941,4675,Miconia cubatanensis,,1,0,0,,,,,
10060,10132,10132,DC.,68098,4675,Miconia discolor,,1,0,0,,,,,
10060,10132,10132,Naudin,108951,4675,Miconia valtheri,,1,0,0,,,,,
10060,10132,10132,Gardner,108943,4675,Miconia fasciculata,,1,0,0,,,,,
10060,10132,10132,Casar.,110849,4675,Miconia flammea,,1,0,0,,,,,
10060,10132,10132,A.St.-Hil. & Naudin ex Naudin,108944,4675,Miconia hyemalis,,1,0,0,,,,,
10060,10132,10132,Naudin,67762,4675,Miconia inaequidens,,1,0,0,,,,,
10060,10132,10132,Miq.,108945,4675,Miconia inconspicua,,1,0,0,,,,,
10060,10132,10132,Triana,108946,4675,Miconia jucunda,,1,0,0,,,,,
10060,10132,10132,Ule,110850,4675,Miconia lagunensis,,1,0,0,,,,,
10060,10132,10132,Naudin,110364,4675,Miconia latecrenata,,1,0,0,,,,,
10060,10132,10132,Naudin,67763,4675,Miconia ligustroides,,1,0,0,,,,,
10060,10132,10132,Wurdack,108947,4675,Miconia lymanii,,1,0,0,,,,,
10060,10132,10132,Naudin,108948,4675,Miconia paniculata,,1,0,0,,,,,
10060,10132,10132,Cogn.,68099,4675,Miconia petropolitana,,1,0,0,,,,,
10060,10132,10132,Naudin,49103,4675,Miconia pusilliflora,,1,0,0,,,,,
10060,10132,10132,(DC.) Triana,110851,4675,Miconia racemifera,,1,0,0,,,,,
10060,10132,10132,Brade,108950,4675,Miconia ramboi,,1,0,0,,,,,
10060,10132,10132,Naudin,67765,4675,Miconia sellowiana,,1,0,0,,,,,
10060,10132,10132,(Bonpl.) Cogn.,28838,4675,Miconia theaezans,,1,0,0,,,,,
10060,10132,10132,Spring. ex Mart.,68100,4675,Miconia tristis,,1,0,0,,,,,
10060,10132,10132,(J.F.Gmel.) S.F.Blake,28855,4676,Micranthemum umbrosum,,1,0,0,,,,,
10060,10132,10132,(Rchb.f. & Warm.) Ormerod,73798,4685,Microchilus arietinus,,1,0,0,,,,,
10060,10132,10132,(Porsch) Ormerod,108953,4685,Microchilus austrobrasiliensis,,1,0,0,,,,,
10060,10132,10132,(L.f.) P.Beauv.,28874,4686,Microchloa indica,,1,0,0,,,,,
10060,10132,10132,(Cav.) de la Sota,48129,4695,Microgramma percussa,,1,0,0,,,,,
10060,10132,10132,(Kaulf.) de la Sota,48857,4695,Microgramma squamulosa,,1,0,0,,,,,
10060,10132,10132,(Kaulf.) Alston,74991,4695,Microgramma tecta,,1,0,0,,,,,
10060,10132,10132,(Langsd. & Fisch.) Copel.,28896,4695,Microgramma vacciniifolia,,1,0,0,,,,,
10060,10132,10132,(L.) T.Moore,28915,4696,Microlepia speluncae,,1,0,0,,,,,
10060,10132,10132,(Kaulf.) R.M.Tryon & A.F.Tryon,448695,3553,Grammitis achilleifolia,,1,0,0,,,,,
10060,10132,10132,(Baker) R.M.Tryon & A.F.Tryon,448871,3553,Grammitis gradata,,1,0,0,,,,,
10060,10132,10132,(C.Chr.) Brade,448872,3553,Grammitis micropteris,,1,0,0,,,,,
10060,10132,10132,(Vahl) A.Juss. ex Griseb.,29005,4709,Microstachys corniculata,,1,0,0,,,,,
10060,10132,10132,(Mart.) F.Dietr.,71612,4709,Microstachys hispida,,1,0,0,,,,,
10060,10132,10132,Urb.,75003,859,Microtea scabrida,,1,0,0,,,,,
10060,10132,10132,(Miers) Urb.,108960,11151,Miersiella umbellata,,1,0,0,,,,,
10060,10132,10132,DC.,448873,4721,Mikania buddlejifolia,,1,0,0,,,,,
10060,10132,10132,Baker,48945,4721,Mikania burchellii,,1,0,0,,,,,
10060,10132,10132,Gardner,48946,4721,Mikania campanulata,,1,0,0,,,,,
10060,10132,10132,B.L.Rob.,48947,4721,Mikania capricorni,,1,0,0,,,,,
10060,10132,10132,Baker,48948,4721,Mikania chlorolepis,,1,0,0,,,,,
10060,10132,10132,Dusén,68034,4721,Mikania clematidifolia,,1,0,0,,,,,
10060,10132,10132,(L.f.) Willd.,29057,4721,Mikania cordifolia,,1,0,0,,,,,
10060,10132,10132,Malme,67461,4721,Mikania decumbens,,1,0,0,,,,,
10060,10132,10132,DC.,108964,4721,Mikania diversifolia,,1,0,0,,,,,
10060,10132,10132,B.L.Rob.,72034,4721,Mikania dusenii,,1,0,0,,,,,
10060,10132,10132,(Hook. & Arn.) Baker,105498,4721,Mikania fulva,,1,0,0,,,,,
10060,10132,10132,Spreng.,48950,4721,Mikania glomerata,,1,0,0,,,,,
10060,10132,10132,Malme,108965,4721,Mikania hastato-cordata,,1,0,0,,,,,
10060,10132,10132,Sch.Bip. ex Baker,68035,4721,Mikania hemisphaerica,,1,0,0,,,,,
10060,10132,10132,DC.,54815,4721,Mikania banisteriae,,1,0,0,,,,,
10060,10132,10132,B.L.Rob.,110852,4721,Mikania hoehnei,,1,0,0,,,,,
10060,10132,10132,Dusén ex Malme,108966,4721,Mikania hoffmanniana,,1,0,0,,,,,
10060,10132,10132,Dusén ex Malme,108966,4721,Mikania hoffmanniana,,1,0,0,,,,,
10060,10132,10132,Hook. & Arn.,108968,4721,Mikania involucrata,,1,0,0,,,,,
10060,10132,10132,Sch.Bip. ex Baker,108969,4721,Mikania laevigata,,1,0,0,,,,,
10060,10132,10132,DC.,54815,4721,Mikania banisteriae,,1,0,0,,,,,
10060,10132,10132,DC.,108970,4721,Mikania lasiandrae,,1,0,0,,,,,
10060,10132,10132,DC.,108971,4721,Mikania ligustrifolia,,1,0,0,,,,,
10060,10132,10132,Baker,110853,4721,Mikania lindbergii,,1,0,0,,,,,
10060,10132,10132,Baker,110853,4721,Mikania lindbergii,,1,0,0,,,,,
10060,10132,10132,DC.,48952,4721,Mikania lindleyana,,1,0,0,,,,,
10060,10132,10132,DC.,68036,4721,Mikania lundiana,,1,0,0,,,,,
10060,10132,10132,Kunth,29068,4721,Mikania micrantha,,1,0,0,,,,,
10060,10132,10132,Baker,108973,4721,Mikania microlepis,,1,0,0,,,,,
10060,10132,10132,Gardner,108975,4721,Mikania nigricans,,1,0,0,,,,,
10060,10132,10132,DC.,107056,4721,Mikania oblongifolia,,1,0,0,,,,,
10060,10132,10132,G.M.Barroso,108977,4721,Mikania obsoleta,,1,0,0,,,,,
10060,10132,10132,Mart.,75016,4721,Mikania officinalis,,1,0,0,,,,,
10060,10132,10132,M.R.Ritter & Miotto,108978,4721,Mikania oreophila,,1,0,0,,,,,
10060,10132,10132,Hieron.,108979,4721,Mikania orleansensis,,1,0,0,,,,,
10060,10132,10132,DC.,108980,4721,Mikania paniculata,,1,0,0,,,,,
10060,10132,10132,Dusén,108981,4721,Mikania paranensis,,1,0,0,,,,,
10060,10132,10132,Cabrera,448333,4721,Mikania parodii,,1,0,0,,,,,
10060,10132,10132,DC.,72037,4721,Mikania pinnatiloba,,1,0,0,,,,,
10060,10132,10132,G.M.Barroso,108967,4721,Mikania pseudohoffmanniana,,1,0,0,,,,,
10060,10132,10132,Sch.Bip. ex Baker,108982,4721,Mikania rufescens,,1,0,0,,,,,
10060,10132,10132,Gardner,448874,4721,Mikania salviifolia,,1,0,0,,,,,
10060,10132,10132,Hook. & Arn.,108984,4721,Mikania sericea,,1,0,0,,,,,
10060,10132,10132,DC.,108985,4721,Mikania sessilifolia,,1,0,0,,,,,
10060,10132,10132,Dusén ex Malme,108986,4721,Mikania smaragdina,,1,0,0,,,,,
10060,10132,10132,(Vell.) B.L.Rob.,445806,4721,Mikania ternata,,1,0,0,,,,,
10060,10132,10132,DC.,104740,4721,Mikania thapsoides,,1,0,0,,,,,
10060,10132,10132,B.L.Rob.,445493,4721,Mikania trachypleura,,1,0,0,,,,,
10060,10132,10132,Baker,110854,4721,Mikania triangularis,,1,0,0,,,,,
10060,10132,10132,Hook. & Arn.,108988,4721,Mikania trinervis,,1,0,0,,,,,
10060,10132,10132,Hieron.,108989,4721,Mikania ulei,,1,0,0,,,,,
10060,10132,10132,Hieron.,48954,4721,Mikania variifolia,,1,0,0,,,,,
10060,10132,10132,DC.,29091,4721,Mikania vitifolia,,1,0,0,,,,,
10060,10132,10132,(Lindl.) Lindl.,68124,8978,Miltonia flavescens,,1,0,0,,,,,
10060,10132,10132,Rchb.f.,108993,8978,Miltonia regnellii,,1,0,0,,,,,
10060,10132,10132,Rchb.f.,108993,8978,Miltonia regnellii,,1,0,0,,,,,
10060,10132,10132,(Lindl.) Lindl.,108994,8978,Miltonia russelliana,,1,0,0,,,,,
10060,10132,10132,Benth.,110368,4732,Mimosa axillaris,,1,0,0,,,,,
10060,10132,10132,Benth.,105502,4732,Mimosa bifurca,,1,0,0,,,,,
10060,10132,10132,(DC.) Kuntze,29124,4732,Mimosa bimucronata,,1,0,0,,,,,
10060,10132,10132,Burkart,110855,4732,Mimosa catharinensis,,1,0,0,,,,,
10060,10132,10132,L.,29127,4732,Mimosa ceratonia,,1,0,0,,,,,
10060,10132,10132,Barneby,110856,4732,Mimosa chaetosphaera,,1,0,0,,,,,
10060,10132,10132,Burkart,109001,4732,Mimosa coniflora,,1,0,0,,,,,
10060,10132,10132,Benth.,105504,4732,Mimosa cruenta,,1,0,0,,,,,
10060,10132,10132,Benth.,84664,4732,Mimosa daleoides,,1,0,0,,,,,
10060,10132,10132,C.Wright,29129,4732,Mimosa diplotricha,,1,0,0,,,,,
10060,10132,10132,Vell.,84665,4732,Mimosa dolens,,1,0,0,,,,,
10060,10132,10132,Malme,110372,4732,Mimosa dutrae,,1,0,0,,,,,
10060,10132,10132,Burkart,110374,4732,Mimosa fachinalensis,,1,0,0,,,,,
10060,10132,10132,Burkart,109005,4732,Mimosa filipetiola,,1,0,0,,,,,
10060,10132,10132,Benth.,109007,4732,Mimosa furfuracea,,1,0,0,,,,,
10060,10132,10132,Benth.,69647,4732,Mimosa gracilis,,1,0,0,,,,,
10060,10132,10132,Benth.,109012,4732,Mimosa involucrata,,1,0,0,,,,,
10060,10132,10132,Benth.,109014,4732,Mimosa lanata,,1,0,0,,,,,
10060,10132,10132,Burkart,110857,4732,Mimosa lepidorepens,,1,0,0,,,,,
10060,10132,10132,Micheli,107060,4732,Mimosa macrocalyx,,1,0,0,,,,,
10060,10132,10132,Chodat & Hassl.,109015,4732,Mimosa maracayuensis,,1,0,0,,,,,
10060,10132,10132,Benth.,109016,4732,Mimosa micropteris,,1,0,0,,,,,
10060,10132,10132,Barneby,110858,4732,Mimosa murex,,1,0,0,,,,,
10060,10132,10132,Bong. ex Benth.,105507,4732,Mimosa myriophylla,,1,0,0,,,,,
10060,10132,10132,Burkart,107061,4732,Mimosa niederleinii,,1,0,0,,,,,
10060,10132,10132,Benth.,109017,4732,Mimosa oblonga,,1,0,0,,,,,
10060,10132,10132,Micheli,72082,4732,Mimosa paraguariae,,1,0,0,,,,,
10060,10132,10132,Burkart,109020,4732,Mimosa per-dusenii,,1,0,0,,,,,
10060,10132,10132,L.,29139,4732,Mimosa pigra,,1,0,0,,,,,
10060,10132,10132,Benth.,103594,4732,Mimosa pilulifera,,1,0,0,,,,,
10060,10132,10132,Benth.,103594,4732,Mimosa pilulifera,,1,0,0,,,,,
10060,10132,10132,Burkart,110859,4732,Mimosa pseudocallosa,,1,0,0,,,,,
10060,10132,10132,(Burkart) Barneby,110860,4732,Mimosa pseudolepidota,,1,0,0,,,,,
10060,10132,10132,L.,29141,4732,Mimosa pudica,,1,0,0,,,,,
10060,10132,10132,R.Grether,441265,4732,Mimosa candollei,,1,0,0,,,,,
10060,10132,10132,Burkart,110861,4732,Mimosa ramentacea,,1,0,0,,,,,
10060,10132,10132,Benth.,109023,4732,Mimosa ramosissima,,1,0,0,,,,,
10060,10132,10132,Benth.,109025,4732,Mimosa regnellii,,1,0,0,,,,,
10060,10132,10132,Benth.,109025,4732,Mimosa regnellii,,1,0,0,,,,,
10060,10132,10132,Benth.,29143,4732,Mimosa scabrella,,1,0,0,,,,,
10060,10132,10132,Benth.,109026,4732,Mimosa selloi,,1,0,0,,,,,
10060,10132,10132,Burkart,109027,4732,Mimosa serra,,1,0,0,,,,,
10060,10132,10132,Benth.,109028,4732,Mimosa sparsa,,1,0,0,,,,,
10060,10132,10132,Barneby,110385,4732,Mimosa sparsiformis,,1,0,0,,,,,
10060,10132,10132,Mart.,69650,4732,Mimosa xanthocentra,,1,0,0,,,,,
10060,10132,10132,Burkart,110387,4732,Mimosa taimbensis,,1,0,0,,,,,
10060,10132,10132,Mart.,69650,4732,Mimosa xanthocentra,,1,0,0,,,,,
10060,10132,10132,L.,29189,4736,Mirabilis jalapa,,0,0,0,,,,,
10060,10132,10132,(Willd.) K.Schum.,29221,4744,Mitracarpus frigidus,,1,0,0,,,,,
10060,10132,10132,(L.) DC.,29223,4744,Mitracarpus hirtus,,1,0,0,,,,,
10060,10132,10132,Hack.,443680,6058,Rottboellia selloana,,1,0,0,,,,,
10060,10132,10132,(Griseb.) K.Schum.,53730,7307,Modiolastrum malvifolium,,1,0,0,,,,,
10060,10132,10132,Perkins,110865,7937,Mollinedia pfitzeriana,,1,0,0,,,,,
10060,10132,10132,Perkins,110389,7937,Mollinedia calodonta,,1,0,0,,,,,
10060,10132,10132,Perkins,109034,7937,Mollinedia chrysolaena,,1,0,0,,,,,
10060,10132,10132,Tul.,68103,7937,Mollinedia clavigera,,1,0,0,,,,,
10060,10132,10132,Tul.,109035,7937,Mollinedia elegans,,1,0,0,,,,,
10060,10132,10132,Perkins,110862,7937,Mollinedia eugeniifolia,,1,0,0,,,,,
10060,10132,10132,Tul.,110390,7937,Mollinedia floribunda,,1,0,0,,,,,
10060,10132,10132,Perkins,110863,7937,Mollinedia fruticulosa,,1,0,0,,,,,
10060,10132,10132,Peixoto,109036,7937,Mollinedia hatschbachii,,1,0,0,,,,,
10060,10132,10132,Perkins,110864,7937,Mollinedia howeana,,1,0,0,,,,,
10060,10132,10132,Perkins,110865,7937,Mollinedia pfitzeriana,,1,0,0,,,,,
10060,10132,10132,(Spreng.) Tul.,448875,7937,Mollinedia umbellata,,1,0,0,,,,,
10060,10132,10132,(Spreng.) Tul.,448876,7937,Mollinedia triflora,,1,0,0,,,,,
10060,10132,10132,Perkins,109039,7937,Mollinedia uleana,,1,0,0,,,,,
10060,10132,10132,A.DC.,109040,7937,Mollinedia widgrenii,,1,0,0,,,,,
10060,10132,10132,L.,29291,4763,Mollugo verticillata,,1,0,0,,,,,
10060,10132,10132,A.St.-Hil. & Moq.,105865,7614,Monnina cardiocarpa,,1,0,0,,,,,
10060,10132,10132,Arechav.,105514,7614,Monnina oblongifolia,,1,0,0,,,,,
10060,10132,10132,A.St.-Hil. & Moq.,84763,7614,Monnina tristaniana,,1,0,0,,,,,
10060,10132,10132,Schott,29346,4788,Monstera adansonii,,1,0,0,,,,,
10060,10132,10132,(Ekman) Krapov.,109041,10941,Monteiroa bullata,,1,0,0,,,,,
10060,10132,10132,Krapov.,110866,10941,Monteiroa catharinensis,,1,0,0,,,,,
10060,10132,10132,(Ekman) Krapov.,109042,10941,Monteiroa dusenii,,1,0,0,,,,,
10060,10132,10132,(Hook. & Arn.) Krapov.,103601,10941,Monteiroa glomerata,,1,0,0,,,,,
10060,10132,10132,(A.St.-Hil. & Naudin) Krapov.,110392,10941,Monteiroa ptarmicifolia,,1,0,0,,,,,
10060,10132,10132,Krapov.,110393,10941,Monteiroa reitzii,,1,0,0,,,,,
10060,10132,10132,Krapov.,109044,10941,Monteiroa smithii,,1,0,0,,,,,
10060,10132,10132,(Hook. & Arn.) G.Sancho,109047,10984,Moquiniastrum cinereum,,1,0,0,,,,,
10060,10132,10132,(Less.) G.Sancho,105516,10984,Moquiniastrum polymorphum,,1,0,0,,,,,
10060,10132,10132,(Less.) G.Sancho,105516,10984,Moquiniastrum polymorphum,,1,0,0,,,,,
10060,10132,10132,(Cabrera) G.Sancho,110396,10984,Moquiniastrum ramboi,,1,0,0,,,,,
10060,10132,10132,(Less.) G.Sancho,109049,10984,Moquiniastrum sordidum,,1,0,0,,,,,
10060,10132,10132,(Cham.) DC. ex Meisn.,109051,11152,Moritzia ciliata,,1,0,0,,,,,
10060,10132,10132,Tul.,110867,11048,Mourera weddelliana,,1,0,0,,,,,
10060,10132,10132,Cogn.,109053,4811,Mouriri chamissoana,,1,0,0,,,,,
10060,10132,10132,Fawc. & Rendle,29497,4812,Mucuna sloanei,,1,0,0,,,,,
10060,10132,10132,Less.,48955,7295,Mutisia campanulata,,1,0,0,,,,,
10060,10132,10132,A.St.-Hil.,84587,7295,Mutisia coccinea,,1,0,0,,,,,
10060,10132,10132,Aiton ex Hook.,48956,7295,Mutisia speciosa,,1,0,0,,,,,
10060,10132,10132,(Lindl.) Luer,109054,7940,Myoxanthus exasperatus,,1,0,0,,,,,
10060,10132,10132,(Kiaersk.) D.Legrand & Kausel,109055,4841,Myrceugenia acutiflora,,1,0,0,,,,,
10060,10132,10132,(DC.) Landrum,109056,4841,Myrceugenia alpigena,,1,0,0,,,,,
10060,10132,10132,(DC.) Landrum,109056,4841,Myrceugenia alpigena,,1,0,0,,,,,
10060,10132,10132,(DC.) D.Legrand & Kausel,109058,4841,Myrceugenia campestris,,1,0,0,,,,,
10060,10132,10132,D.Legrand,109059,4841,Myrceugenia cucullata,,1,0,0,,,,,
10060,10132,10132,(O.Berg) D.Legrand,107067,4841,Myrceugenia euosma,,1,0,0,,,,,
10060,10132,10132,(Cambess.) D.Legrand & Kausel,49126,4841,Myrceugenia glaucescens,,1,0,0,,,,,
10060,10132,10132,(Cambess.) D.Legrand & Kausel,49126,4841,Myrceugenia glaucescens,,1,0,0,,,,,
10060,10132,10132,(Mattos) Sobral,110398,4841,Myrceugenia hamoniana,,1,0,0,,,,,
10060,10132,10132,(Burret) D.Legrand & Kausel,110868,4841,Myrceugenia hoehnei,,1,0,0,,,,,
10060,10132,10132,D.Legrand & Kausel,109063,4841,Myrceugenia kleinii,,1,0,0,,,,,
10060,10132,10132,(Burret) D.Legrand & Kausel,110400,4841,Myrceugenia mesomischa,,1,0,0,,,,,
10060,10132,10132,(Gardner) D.Legrand & Kausel,68112,4841,Myrceugenia miersiana,,1,0,0,,,,,
10060,10132,10132,(Cambess.) O.Berg,109064,4841,Myrceugenia myrcioides,,1,0,0,,,,,
10060,10132,10132,(Cambess.) O.Berg,109064,4841,Myrceugenia myrcioides,,1,0,0,,,,,
10060,10132,10132,(Hook. & Arn.) O.Berg,107281,4841,Myrceugenia ovata,,1,0,0,,,,,
10060,10132,10132,(Hook. & Arn.) O.Berg,107281,4841,Myrceugenia ovata,,1,0,0,,,,,
10060,10132,10132,(Burret) D.Legrand & Kausel,109066,4841,Myrceugenia oxysepala,,1,0,0,,,,,
10060,10132,10132,(Kiaersk.) Landrum,110869,4841,Myrceugenia pilotantha,,1,0,0,,,,,
10060,10132,10132,(Kiaersk.) Landrum,110869,4841,Myrceugenia pilotantha,,1,0,0,,,,,
10060,10132,10132,D.Legrand & Kausel,109067,4841,Myrceugenia reitzii,,1,0,0,,,,,
10060,10132,10132,(DC.) D.Legrand & Kausel,109068,4841,Myrceugenia rufescens,,1,0,0,,,,,
10060,10132,10132,C.D.Legrand,109069,4841,Myrceugenia scutellata,,1,0,0,,,,,
10060,10132,10132,D.Legrand,109071,4841,Myrceugenia venosa,,1,0,0,,,,,
10060,10132,10132,Cambess.,84730,4842,Myrcia anomala,,1,0,0,,,,,
10060,10132,10132,Cambess.,109072,4842,Myrcia retorta,,1,0,0,,,,,
10060,10132,10132,(O.Berg) D.Legrand,110870,4842,Myrcia bicarinata,,1,0,0,,,,,
10060,10132,10132,DC.,189377,4842,Myrcia subcordata,,1,0,0,,,,,
10060,10132,10132,DC.,109074,4842,Myrcia pubiflora,,1,0,0,,,,,
10060,10132,10132,(D.Legrand) NicLugh.,109075,4842,Myrcia catharinensis,,1,0,0,,,,,
10060,10132,10132,D.Legrand,110871,4842,Myrcia dichrophylla,,1,0,0,,,,,
10060,10132,10132,DC.,109076,4842,Myrcia venulosa,,1,0,0,,,,,
10060,10132,10132,(D.Legrand & Kausel) Mazine,448877,4842,Myrcia eugeniopsoides,,1,0,0,,,,,
10060,10132,10132,Mazine,448878,4842,Myrcia ferruginosa,,1,0,0,,,,,
10060,10132,10132,(O.Berg) D.Legrand,110402,4842,Myrcia glabra,,1,0,0,,,,,
10060,10132,10132,(Aubl.) DC.,29730,4842,Myrcia guianensis,,1,0,0,,,,,
10060,10132,10132,D.Legrand,109079,4842,Myrcia hatschbachii,,1,0,0,,,,,
10060,10132,10132,D.Legrand,109080,4842,Myrcia heringii,,1,0,0,,,,,
10060,10132,10132,(Spreng.) N.Silveira,53746,4842,Myrcia selloi,,1,0,0,,,,,
10060,10132,10132,(Spreng.) N.Silveira,53746,4842,Myrcia selloi,,1,0,0,,,,,
10060,10132,10132,(Spreng.) N.Silveira,53746,4842,Myrcia selloi,,1,0,0,,,,,
10060,10132,10132,(Spreng.) N.Silveira,53746,4842,Myrcia selloi,,1,0,0,,,,,
10060,10132,10132,DC.,29720,4842,Myrcia amazonica,,1,0,0,,,,,
10060,10132,10132,(Lam.) DC.,53745,4842,Myrcia multiflora,,1,0,0,,,,,
10060,10132,10132,(Lam.) DC.,53745,4842,Myrcia multiflora,,1,0,0,,,,,
10060,10132,10132,(Lam.) DC.,53745,4842,Myrcia multiflora,,1,0,0,,,,,
10060,10132,10132,DC.,49127,4842,Myrcia oblongata,,1,0,0,,,,,
10060,10132,10132,(Aubl.) DC.,29730,4842,Myrcia guianensis,,1,0,0,,,,,
10060,10132,10132,(Aubl.) DC.,29730,4842,Myrcia guianensis,,1,0,0,,,,,
10060,10132,10132,Miq.,109083,4842,Myrcia pubipetala,,1,0,0,,,,,
10060,10132,10132,Miq.,109083,4842,Myrcia pubipetala,,1,0,0,,,,,
10060,10132,10132,(O.Berg) Kiaersk.,109084,4842,Myrcia racemosa,,1,0,0,,,,,
10060,10132,10132,(D.Legrand) Mazine,109085,4842,Myrcia reitzii,,1,0,0,,,,,
10060,10132,10132,(O.Berg) N.Silveira,109087,4842,Myrcia aethusa,,1,0,0,,,,,
10060,10132,10132,(O.Berg) N.Silveira,109087,4842,Myrcia aethusa,,1,0,0,,,,,
10060,10132,10132,(Sw.) DC.,29750,4842,Myrcia splendens,,1,0,0,,,,,
10060,10132,10132,(Sw.) DC.,29750,4842,Myrcia splendens,,1,0,0,,,,,
10060,10132,10132,D.Legrand,109088,4842,Myrcia rupicola,,1,0,0,,,,,
10060,10132,10132,(Spreng.) N.Silveira,53746,4842,Myrcia selloi,,1,0,0,,,,,
10060,10132,10132,(Spreng.) N.Silveira,53746,4842,Myrcia selloi,,1,0,0,,,,,
10060,10132,10132,O.Berg,189386,4842,Myrcia undulata,,1,0,0,,,,,
10060,10132,10132,(Aubl.) DC.,29730,4842,Myrcia guianensis,,1,0,0,,,,,
10060,10132,10132,Kiaersk.,109090,4842,Myrcia tenuivenosa,,1,0,0,,,,,
10060,10132,10132,DC.,109076,4842,Myrcia venulosa,,1,0,0,,,,,
10060,10132,10132,(Cambess.) O.Berg,104317,4843,Myrcianthes cisplatensis,,1,0,0,,,,,
10060,10132,10132,(D.Legrand) D.Legrand,49129,4843,Myrcianthes gigantea,,1,0,0,,,,,
10060,10132,10132,(O.Berg) D.Legrand,49130,4843,Myrcianthes pungens,,1,0,0,,,,,
10060,10132,10132,"Sobral, Grippa & T.B.Guim.",110404,4843,Myrcianthes riparia,,1,0,0,,,,,
10060,10132,10132,(H.West ex Willd.) O.Berg,29758,4844,Myrciaria floribunda,,1,0,0,,,,,
10060,10132,10132,O.Berg,84731,4844,Myrciaria cuspidata,,1,0,0,,,,,
10060,10132,10132,(H.West ex Willd.) O.Berg,29758,4844,Myrciaria floribunda,,1,0,0,,,,,
10060,10132,10132,D.Legrand,110405,4844,Myrciaria plinioides,,1,0,0,,,,,
10060,10132,10132,(DC.) O.Berg,49131,4844,Myrciaria tenella,,1,0,0,,,,,
10060,10132,10132,(Vell.) Verdc.,29785,4853,Myriophyllum aquaticum,,1,0,0,,,,,
10060,10132,10132,Allemão,49056,7302,Myrocarpus frondosus,,1,0,0,,,,,
10060,10132,10132,Schott,29850,4862,Myrrhinium atropurpureum,,1,0,0,,,,,
10060,10132,10132,M.F.Freitas & Kin.-Gouv.,109092,4865,Myrsine altomontana,,1,0,0,,,,,
10060,10132,10132,(Mez) Otegui,49115,4865,Myrsine balansae,,1,0,0,,,,,
10060,10132,10132,(Sw.) R.Br. ex Roem. & Schult.,29870,4865,Myrsine coriacea,,1,0,0,,,,,
10060,10132,10132,A.DC.,75117,4865,Myrsine gardneriana,,1,0,0,,,,,
10060,10132,10132,(Aubl.) Kuntze,29884,4865,Myrsine guianensis,,1,0,0,,,,,
10060,10132,10132,(Mez) Imkhan.,68147,4865,Myrsine loefgrenii,,1,0,0,,,,,
10060,10132,10132,A.DC.,109093,4865,Myrsine parvifolia,,1,0,0,,,,,
10060,10132,10132,(Mez) Arechav.,446662,4865,Myrsine lorentziana,,1,0,0,,,,,
10060,10132,10132,Mart.,29947,4865,Myrsine umbellata,,1,0,0,,,,,
10060,10132,10132,A.DC.,109095,4865,Myrsine venosa,,1,0,0,,,,,
10060,10132,10132,(Mez) Otegui,109096,4865,Myrsine wettsteinii,,1,0,0,,,,,
10060,10132,10132,(L.B.Sm.) B.L.Burtt ex Leeuwenb.,109098,11153,Napeanthus reitzii,,1,0,0,,,,,
10060,10132,10132,(Ekman) Barkworth,103605,4892,Nassella airoides,,1,0,0,,,,,
10060,10132,10132,(A.Zanin & Longhi-Wagner) Peñail.,110407,4892,Nassella brasiliensis,,1,0,0,,,,,
10060,10132,10132,(Delile) Barkworth,102964,4892,Nassella filiculmis,,1,0,0,,,,,
10060,10132,10132,(Hack.) Barkworth,105833,4892,Nassella juergensii,,1,0,0,,,,,
10060,10132,10132,(Nees) Ciald.,103533,10940,Jarava filifolia,,1,0,0,,,,,
10060,10132,10132,(J.Presl) Barkworth,103610,4892,Nassella melanosperma,,1,0,0,,,,,
10060,10132,10132,(Trin. & Rupr.) Barkworth,30033,4892,Nassella neesiana,,1,0,0,,,,,
10060,10132,10132,(A.Zanin & Longhi-Wagner) Peñail.,109099,4892,Nassella planaltina,,1,0,0,,,,,
10060,10132,10132,(A.Zanin & Longhi-Wagner) Peñail.,109100,4892,Nassella rhizomata,,1,0,0,,,,,
10060,10132,10132,(Trin. & Rupr.) Peñail.,107068,4892,Nassella sellowiana,,1,0,0,,,,,
10060,10132,10132,(Hack.) Peñail.,103613,4892,Nassella tenuiculmis,,1,0,0,,,,,
10060,10132,10132,Decne.,84551,10084,Nautonia nummularia,,1,0,0,,,,,
10060,10132,10132,(Schrad.) Nees & Mart.,53709,4904,Nectandra angustifolia,,1,0,0,,,,,
10060,10132,10132,Nees,75140,4904,Nectandra cissiflora,,1,0,0,,,,,
10060,10132,10132,Nees & Mart.,109102,4904,Nectandra grandiflora,,1,0,0,,,,,
10060,10132,10132,Nees & Mart.,49071,4904,Nectandra lanceolata,,1,0,0,,,,,
10060,10132,10132,Nees & Mart.,109103,4904,Nectandra leucantha,,1,0,0,,,,,
10060,10132,10132,(Schrad.) Nees & Mart.,53709,4904,Nectandra angustifolia,,1,0,0,,,,,
10060,10132,10132,(Sw.) Griseb.,30061,4904,Nectandra membranacea,,1,0,0,,,,,
10060,10132,10132,Nees & Mart.,109105,4904,Nectandra oppositifolia,,1,0,0,,,,,
10060,10132,10132,(Schott) Nees,109107,4904,Nectandra puberula,,1,0,0,,,,,
10060,10132,10132,Heimerl,110872,4905,Neea pendulina,,1,0,0,,,,,
10060,10132,10132,Heimerl,109108,4905,Neea schwackeana,,1,0,0,,,,,
10060,10132,10132,Chautems,109109,7866,Nematanthus australis,,1,0,0,,,,,
10060,10132,10132,(Vell.) L.E.Skog,109110,7866,Nematanthus fissus,,1,0,0,,,,,
10060,10132,10132,(Fritsch) Wiehler,109112,7866,Nematanthus maculatus,,1,0,0,,,,,
10060,10132,10132,(Hoehne) Chautems,109113,7866,Nematanthus tessmannii,,1,0,0,,,,,
10060,10132,10132,(Klatt) R.M.King & H.Rob.,107069,11098,Neocabreria malachophylla,,1,0,0,,,,,
10060,10132,10132,(G.Lodd.) Ravenna,441427,6927,Trimezia coerulea,,1,0,0,,,,,
10060,10132,10132,(Seub. ex Klatt) Ravenna,449046,6927,Trimezia glauca,,1,0,0,,,,,
10060,10132,10132,(D.Legrand) D.Legrand,109117,8976,Neomitranthes cordifolia,,1,0,0,,,,,
10060,10132,10132,(D.Legrand) D.Legrand,110410,8976,Neomitranthes gemballae,,1,0,0,,,,,
10060,10132,10132,(D.Legrand) Govaerts,68114,8976,Neomitranthes glomerata,,1,0,0,,,,,
10060,10132,10132,(Mez) L.B.Sm.,109121,4946,Neoregelia laevis,,1,0,0,,,,,
10060,10132,10132,(Willd.) Schott,30256,4965,Nephrolepis pectinata,,1,0,0,,,,,
10060,10132,10132,J.Sm.,30257,4965,Nephrolepis pendula,,1,0,0,,,,,
10060,10132,10132,(Vahl) Mett.,30261,4965,Nephrolepis rivularis,,1,0,0,,,,,
10060,10132,10132,(L.) Gaertn.,30342,4994,Nicandra physalodes,,1,0,0,,,,,
10060,10132,10132,Link & Otto,30343,4995,Nicotiana alata,,1,0,0,,,,,
10060,10132,10132,L.B.Sm. & Downs,110874,4995,Nicotiana azambujae,,1,0,0,,,,,
10060,10132,10132,Lehm.,103617,4995,Nicotiana bonariensis,,1,0,0,,,,,
10060,10132,10132,Sander ex W.Watson,30347,4995,Nicotiana forgetiana,,1,0,0,,,,,
10060,10132,10132,Weinm.,30354,4995,Nicotiana langsdorffii,,1,0,0,,,,,
10060,10132,10132,Cav.,30355,4995,Nicotiana longiflora,,1,0,0,,,,,
10060,10132,10132,L.,30366,4995,Nicotiana tabacum,,0,0,0,,,,,
10060,10132,10132,(Baker) Linden & É.Morren ex Lindm.,109122,4997,Nidularium amazonicum,,1,0,0,,,,,
10060,10132,10132,(Schult. & Schult.f.) Leme,448881,15632,Canistropsis billbergioides,,1,0,0,,,,,
10060,10132,10132,Leme,109125,4997,Nidularium campo-alegrensis,,1,0,0,,,,,
10060,10132,10132,(L.B.Sm.) Leme,110875,4997,Nidularium campos-portoi,,1,0,0,,,,,
10060,10132,10132,Leme,110876,4997,Nidularium catarinense,,1,0,0,,,,,
10060,10132,10132,Lem.,30370,4997,Nidularium innocentii,,1,0,0,,,,,
10060,10132,10132,Lem.,30370,4997,Nidularium innocentii,,1,0,0,,,,,
10060,10132,10132,Lem.,30370,4997,Nidularium innocentii,,1,0,0,,,,,
10060,10132,10132,Lem.,30370,4997,Nidularium innocentii,,1,0,0,,,,,
10060,10132,10132,(É.Morren ex Mez) Leme,449047,15632,Canistropsis microps,,1,0,0,,,,,
10060,10132,10132,Lindm.,109127,4997,Nidularium procerum,,1,0,0,,,,,
10060,10132,10132,Regel,110878,4997,Nidularium scheremetiewii,,1,0,0,,,,,
10060,10132,10132,(Cav.) W.R.Anderson,75187,9471,Niedenzuella acutifolia,,1,0,0,,,,,
10060,10132,10132,(A.Juss.) W.R.Anderson,109130,9471,Niedenzuella lucida,,1,0,0,,,,,
10060,10132,10132,D.Don,72133,4999,Nierembergia aristata,,1,0,0,,,,,
10060,10132,10132,Sendtn.,103621,4999,Nierembergia scoparia,,1,0,0,,,,,
10060,10132,10132,(Lellinger) Christenh.,445815,1988,Campyloneurum rufosquamatum,,1,0,0,,,,,
10060,10132,10132,(Rudge) Ging.,109133,11154,Noisettia orchidiflora,,1,0,0,,,,,
10060,10132,10132,Ravenna,110879,5030,Nothoscordum aparadense,,1,0,0,,,,,
10060,10132,10132,(Pers.) Beauverd,103625,5030,Nothoscordum bonariense,,1,0,0,,,,,
10060,10132,10132,Ravenna,110416,5030,Nothoscordum catharinense,,1,0,0,,,,,
10060,10132,10132,Ravenna,110880,5030,Nothoscordum gibbatum,,1,0,0,,,,,
10060,10132,10132,Ravenna,110881,5030,Nothoscordum ibiramense,,1,0,0,,,,,
10060,10132,10132,(Baker) Cuatrec.,105841,9257,Noticastrum calvatum,,1,0,0,,,,,
10060,10132,10132,(Baker) Cuatrec.,110422,9257,Noticastrum decumbens,,1,0,0,,,,,
10060,10132,10132,(Pers.) Cabrera,102811,9257,Noticastrum diffusum,,1,0,0,,,,,
10060,10132,10132,(Baker) Cuatrec.,102812,9257,Noticastrum gnaphalioides,,1,0,0,,,,,
10060,10132,10132,Zardini,110423,9257,Noticastrum hatschbachii,,1,0,0,,,,,
10060,10132,10132,Zardini,110424,9257,Noticastrum malmei,,1,0,0,,,,,
10060,10132,10132,(Klatt) Cuatrec.,110425,9257,Noticastrum psammophilum,,1,0,0,,,,,
10060,10132,10132,Barb.Rodr.,109145,8979,Notylia hemitricha,,1,0,0,,,,,
10060,10132,10132,Lindl.,110426,8979,Notylia pubescens,,1,0,0,,,,,
10060,10132,10132,"(Kunth) Link, Klotzsch & Otto",110882,8979,Notylia sagittifera,,1,0,0,,,,,
10060,10132,10132,(L.) Kuntze,30493,5041,Nymphoides indica,,1,0,0,,,,,
10060,10132,10132,(Poir.) Zuloaga & Morrone,30532,5046,Ocellochloa stolonifera,,1,0,0,,,,,
10060,10132,10132,Benth.,84691,5058,Ocimum nudicaule,,1,0,0,,,,,
10060,10132,10132,(Spreng.) Link & Otto ex Benth.,49068,5058,Ocimum carnosum,,1,0,0,,,,,
10060,10132,10132,(Nees & Mart.) Mez,75219,5060,Ocotea aciphylla,,1,0,0,,,,,
10060,10132,10132,(Nees) Mez,53710,5060,Ocotea acutifolia,,1,0,0,,,,,
10060,10132,10132,Mez,109147,5060,Ocotea catharinensis,,1,0,0,,,,,
10060,10132,10132,(Meisn.) Mez,68065,5060,Ocotea corymbosa,,1,0,0,,,,,
10060,10132,10132,(Meisn.) Mez,53711,5060,Ocotea diospyrifolia,,1,0,0,,,,,
10060,10132,10132,(Nees & Mart.) Mez,109149,5060,Ocotea dispersa,,1,0,0,,,,,
10060,10132,10132,Mez,445144,5060,Ocotea elegans,,1,0,0,,,,,
10060,10132,10132,(Nees & Mart.) Mez,109151,5060,Ocotea lanata,,1,0,0,,,,,
10060,10132,10132,(Schott) Mez,84697,5060,Ocotea lancifolia,,1,0,0,,,,,
10060,10132,10132,(Nees) Mez,109152,5060,Ocotea laxa,,1,0,0,,,,,
10060,10132,10132,(Meisn.) Rohwer,109153,5060,Ocotea lobbii,,1,0,0,,,,,
10060,10132,10132,Brotto & Baitello,109154,5060,Ocotea marumbiensis,,1,0,0,,,,,
10060,10132,10132,Mez,109155,5060,Ocotea nectandrifolia,,1,0,0,,,,,
10060,10132,10132,(Vattimo-Gil) Baitello,109157,5060,Ocotea nunesiana,,1,0,0,,,,,
10060,10132,10132,(Vell.) Rohwer,67657,5060,Ocotea odorifera,,1,0,0,,,,,
10060,10132,10132,(Nees & Mart.) Barroso,109159,5060,Ocotea porosa,,1,0,0,,,,,
10060,10132,10132,(Rich.) Nees,49073,5060,Ocotea puberula,,1,0,0,,,,,
10060,10132,10132,(Nees & Mart.) Mez,49074,5060,Ocotea pulchella,,1,0,0,,,,,
10060,10132,10132,Vattimo-Gil,68067,5060,Ocotea silvestris,,1,0,0,,,,,
10060,10132,10132,(Meisn.) Mez,53712,5060,Ocotea spectabilis,,1,0,0,,,,,
10060,10132,10132,(Nees & Mart.) Mez,67658,5060,Ocotea tristis,,1,0,0,,,,,
10060,10132,10132,Mez,110883,5060,Ocotea urbaniana,,1,0,0,,,,,
10060,10132,10132,Barb.Rodr.,67870,5062,Octomeria alpina,,1,0,0,,,,,
10060,10132,10132,Rchb.f.,107073,5062,Octomeria chamaeleptotes,,1,0,0,,,,,
10060,10132,10132,(Rchb.f.) Garay,110884,5062,Octomeria chloidophylla,,1,0,0,,,,,
10060,10132,10132,Barb.Rodr.,109166,5062,Octomeria concolor,,1,0,0,,,,,
10060,10132,10132,Lindl.,67871,5062,Octomeria crassifolia,,1,0,0,,,,,
10060,10132,10132,Lindl.,67871,5062,Octomeria crassifolia,,1,0,0,,,,,
10060,10132,10132,Lindl.,109170,5062,Octomeria diaphana,,1,0,0,,,,,
10060,10132,10132,Dutra ex Pabst,110428,5062,Octomeria fialhoensis,,1,0,0,,,,,
10060,10132,10132,Pabst,110885,5062,Octomeria flabellifera,,1,0,0,,,,,
10060,10132,10132,Hoehne & Schltr.,109173,5062,Octomeria gehrtii,,1,0,0,,,,,
10060,10132,10132,Schltr.,109174,5062,Octomeria gracilicaulis,,1,0,0,,,,,
10060,10132,10132,Lodd. ex Lindl.,109175,5062,Octomeria gracilis,,1,0,0,,,,,
10060,10132,10132,Lindl.,75251,5062,Octomeria grandiflora,,1,0,0,,,,,
10060,10132,10132,Schltr.,109176,5062,Octomeria hatschbachii,,1,0,0,,,,,
10060,10132,10132,Schltr.,109177,5062,Octomeria iguapensis,,1,0,0,,,,,
10060,10132,10132,Schltr.,110886,5062,Octomeria irrorata,,1,0,0,,,,,
10060,10132,10132,Barb.Rodr.,109178,5062,Octomeria juncifolia,,1,0,0,,,,,
10060,10132,10132,Barb.Rodr.,107074,5062,Octomeria micrantha,,1,0,0,,,,,
10060,10132,10132,Barb.Rodr.,110431,5062,Octomeria ochroleuca,,1,0,0,,,,,
10060,10132,10132,Barb.Rodr.,109183,5062,Octomeria oxychela,,1,0,0,,,,,
10060,10132,10132,Barb.Rodr.,109183,5062,Octomeria oxychela,,1,0,0,,,,,
10060,10132,10132,Barb.Rodr.,109184,5062,Octomeria palmyrabellae,,1,0,0,,,,,
10060,10132,10132,Barb.Rodr.,110432,5062,Octomeria praestans,,1,0,0,,,,,
10060,10132,10132,Lindl.,109185,5062,Octomeria pusilla,,1,0,0,,,,,
10060,10132,10132,Pabst,109186,5062,Octomeria reitzii,,1,0,0,,,,,
10060,10132,10132,Schltr.,109188,5062,Octomeria riograndensis,,1,0,0,,,,,
10060,10132,10132,Lindl.,75251,5062,Octomeria grandiflora,,1,0,0,,,,,
10060,10132,10132,Cogn.,109189,5062,Octomeria rodriguesii,,1,0,0,,,,,
10060,10132,10132,Pabst,110887,5062,Octomeria rohrii,,1,0,0,,,,,
10060,10132,10132,Hoehne,109190,5062,Octomeria rotundiglossa,,1,0,0,,,,,
10060,10132,10132,Hoehne,109191,5062,Octomeria serrana,,1,0,0,,,,,
10060,10132,10132,Schltr.,109193,5062,Octomeria umbonulata,,1,0,0,,,,,
10060,10132,10132,Miers,49111,5067,Odontocarya acuparata,,1,0,0,,,,,
10060,10132,10132,(Lindl.) Lindl.,30669,5072,Oeceoclades maculata,,1,0,0,,,,,
10060,10132,10132,Cambess.,30686,5076,Oenothera affinis,,1,0,0,,,,,
10060,10132,10132,Cambess.,110888,5076,Oenothera catharinensis,,1,0,0,,,,,
10060,10132,10132,Cambess.,30696,5076,Oenothera indecora,,1,0,0,,,,,
10060,10132,10132,L.,62066,5076,Oenothera mollissima,,1,0,0,,,,,
10060,10132,10132,Munz,30704,5076,Oenothera parodiana,,1,0,0,,,,,
10060,10132,10132,W.Dietr.,105528,5076,Oenothera ravenii,,1,0,0,,,,,
10060,10132,10132,L.,30739,5083,Oldenlandia corymbosa,,1,0,0,,,,,
10060,10132,10132,Standl.,109194,5083,Oldenlandia dusenii,,1,0,0,,,,,
10060,10132,10132,(DC.) Benth. & Hook.f. ex B.D.Jacks.,30763,5083,Oldenlandia salzmannii,,1,0,0,,,,,
10060,10132,10132,(L.) Kunze,30865,5089,Olfersia cervina,,1,0,0,,,,,
10060,10132,10132,Raddi,68142,5094,Olyra ciliatifolia,,1,0,0,,,,,
10060,10132,10132,Trin.,68143,5094,Olyra fasciculata,,1,0,0,,,,,
10060,10132,10132,Raddi,70281,5094,Olyra glaberrima,,1,0,0,,,,,
10060,10132,10132,Nees,49311,5094,Olyra humilis,,1,0,0,,,,,
10060,10132,10132,L.,30872,5094,Olyra latifolia,,1,0,0,,,,,
10060,10132,10132,Ravenna,110889,5099,Oncidium emaculatum,,1,0,0,,,,,
10060,10132,10132,(Lindl.) M.W.Chase & N.H.Williams,105529,3518,Gomesa cornigera,,1,0,0,,,,,
10060,10132,10132,(G.Lodd.) M.W.Chase & N.H.Williams,20059,3518,Gomesa flexuosa,,1,0,0,,,,,
10060,10132,10132,(Lindl.) M.W.Chase & N.H.Williams,108622,3518,Gomesa ranifera,,1,0,0,,,,,
10060,10132,10132,(Drapiez) M.W.Chase & N.H.Williams,109198,3518,Gomesa venusta,,1,0,0,,,,,
10060,10132,10132,Hook. & Grev.,30987,5116,Ophioglossum ellipticum,,1,0,0,,,,,
10060,10132,10132,L.,31006,5116,Ophioglossum reticulatum,,1,0,0,,,,,
10060,10132,10132,Baker,109199,7620,Ophryosporus regnellii,,1,0,0,,,,,
10060,10132,10132,(L.) P.Beauv.,31072,5124,Oplismenus hirtellus,,1,0,0,,,,,
10060,10132,10132,(L.) P.Beauv.,31071,5124,Oplismenus compositus,,1,0,0,,,,,
10060,10132,10132,Speg.,448336,5127,Opuntia arechavaletae,,1,0,0,,,,,
10060,10132,10132,(L.) Mill.,31105,5127,Opuntia ficus-indica,,0,0,0,,,,,
10060,10132,10132,Marchal,109200,5136,Oreopanax fulvus,,1,0,0,,,,,
10060,10132,10132,(Vell.) Harms,67686,5146,Ormosia arborea,,1,0,0,,,,,
10060,10132,10132,Lindl.,109201,5150,Ornithocephalus myrticola,,1,0,0,,,,,
10060,10132,10132,(Rchb.f.) M.W.Chase & N.H.Williams,109202,3518,Gomesa radicans,,1,0,0,,,,,
10060,10132,10132,(Rich.) P.Beauv.,31338,5161,Orthoclada laxa,,1,0,0,,,,,
10060,10132,10132,(Sw.) Gleason,31339,5162,Orthopappus angustifolius,,1,0,0,,,,,
10060,10132,10132,(Vell.) Decne.,109203,5163,Orthosia congesta,,1,0,0,,,,,
10060,10132,10132,(Malme) Fontella,109204,5163,Orthosia dusenii,,1,0,0,,,,,
10060,10132,10132,(Nutt.) Liede & Meve,31341,5163,Orthosia scoparia,,1,0,0,,,,,
10060,10132,10132,E.Fourn.,48916,5163,Orthosia urceolata,,1,0,0,,,,,
10060,10132,10132,(Poir.) E.Fourn.,71447,5163,Orthosia virgata,,1,0,0,,,,,
10060,10132,10132,Desv.,31349,5167,Oryza latifolia,,1,0,0,,,,,
10060,10132,10132,L.,31354,5167,Oryza sativa,,0,0,0,,,,,
10060,10132,10132,(L.) C.Presl,31393,5177,Osmundastrum cinnamomeum,,1,0,0,,,,,
10060,10132,10132,Willd.,441525,5176,Osmunda spectabilis,,1,0,0,,,,,
10060,10132,10132,Willd.,441525,5176,Osmunda spectabilis,,1,0,0,,,,,
10060,10132,10132,(DC.) R.Goldenb.,410345,4675,Miconia amygdaloides,,1,0,0,,,,,
10060,10132,10132,(Raddi) R.Goldenb.,448885,4675,Miconia corcovadensis,,1,0,0,,,,,
10060,10132,10132,(Raddi) R.Goldenb.,410525,4675,Miconia rubella,,1,0,0,,,,,
10060,10132,10132,R.Goldenb.,410434,4675,Miconia leafragilis,,1,0,0,,,,,
10060,10132,10132,R.Goldenb.,443339,4675,Miconia leamarginata,,1,0,0,,,,,
10060,10132,10132,(D'El Rei Souza) R.Goldenb.,410478,4675,Miconia meridionalis,,1,0,0,,,,,
10060,10132,10132,R.Goldenb.,410450,4675,Miconia leasanguinea,,1,0,0,,,,,
10060,10132,10132,(Mez) J.R.Grande,105533,11049,Osvaldoa valida,,1,0,0,,,,,
10060,10132,10132,(Döll) Henrard,75328,9482,Otachyrium versicolor,,1,0,0,,,,,
10060,10132,10132,C.DC.,449048,5565,Piper boucheanum,,1,0,0,,,,,
10060,10132,10132,(Miq.) C.DC.,369487,5565,Piper corcovadense,,1,0,0,,,,,
10060,10132,10132,(Miq.) C.DC.,369487,5565,Piper corcovadense,,1,0,0,,,,,
10060,10132,10132,(A.St.-Hil. & Tul.) Engl.,109212,5194,Ouratea vaccinioides,,1,0,0,,,,,
10060,10132,10132,Lourteig,109213,5197,Oxalis alstonii,,1,0,0,,,,,
10060,10132,10132,Savigny,31499,5197,Oxalis articulata,,1,0,0,,,,,
10060,10132,10132,L.,31501,5197,Oxalis barrelieri,,1,0,0,,,,,
10060,10132,10132,A.St.-Hil.,103640,5197,Oxalis bipartita,,1,0,0,,,,,
10060,10132,10132,A.St.-Hil.,103640,5197,Oxalis bipartita,,1,0,0,,,,,
10060,10132,10132,Norlind,109214,5197,Oxalis bisecta,,1,0,0,,,,,
10060,10132,10132,A.St.-Hil.,110892,5197,Oxalis confertissima,,1,0,0,,,,,
10060,10132,10132,Jacq.,53763,5197,Oxalis conorrhiza,,1,0,0,,,,,
10060,10132,10132,L.,31507,5197,Oxalis corniculata,,1,0,0,,,,,
10060,10132,10132,Zucc.,67896,5197,Oxalis cytisoides,,1,0,0,,,,,
10060,10132,10132,Kunth,31508,5197,Oxalis debilis,,1,0,0,,,,,
10060,10132,10132,Kunth,31508,5197,Oxalis debilis,,1,0,0,,,,,
10060,10132,10132,Lehm.,103642,5197,Oxalis floribunda,,1,0,0,,,,,
10060,10132,10132,Arechav.,448337,5197,Oxalis ostenii,,1,0,0,,,,,
10060,10132,10132,R.Knuth,107076,5197,Oxalis geralensis,,1,0,0,,,,,
10060,10132,10132,Raddi,80652,5197,Oxalis hedysarifolia,,1,0,0,,,,,
10060,10132,10132,Zucc.,49137,5197,Oxalis hispidula,,1,0,0,,,,,
10060,10132,10132,Norlind,109221,5197,Oxalis riparia,,1,0,0,,,,,
10060,10132,10132,Kunth,31524,5197,Oxalis latifolia,,0,0,0,,,,,
10060,10132,10132,Lourteig,49138,5197,Oxalis linarantha,,1,0,0,,,,,
10060,10132,10132,A.St.-Hil.,109217,5197,Oxalis myriophylla,,1,0,0,,,,,
10060,10132,10132,R.Knuth,49139,5197,Oxalis niederleinii,,1,0,0,,,,,
10060,10132,10132,Lourteig,110893,5197,Oxalis odonellii,,1,0,0,,,,,
10060,10132,10132,Lourteig,107077,5197,Oxalis potamophila,,1,0,0,,,,,
10060,10132,10132,A.St.-Hil.,68127,5197,Oxalis rhombeo-ovata,,1,0,0,,,,,
10060,10132,10132,A.St.-Hil.,109222,5197,Oxalis rupestris,,1,0,0,,,,,
10060,10132,10132,A.St.-Hil.,109224,5197,Oxalis serpens,,1,0,0,,,,,
10060,10132,10132,Norlind,49140,5197,Oxalis subvillosa,,1,0,0,,,,,
10060,10132,10132,Lourteig,110440,5197,Oxalis telmatica,,1,0,0,,,,,
10060,10132,10132,R.Knuth,106265,5197,Oxalis tenerrima,,1,0,0,,,,,
10060,10132,10132,A.St.-Hil.,31547,5197,Oxalis triangularis,,1,0,0,,,,,
10060,10132,10132,A.St.-Hil.,31547,5197,Oxalis triangularis,,1,0,0,,,,,
10060,10132,10132,Steud.,441554,2661,Cyperus blepharoleptos,,1,0,0,,,,,
10060,10132,10132,(Vell.) Fontella & E.A.Schwarz,109225,5209,Oxypetalum alpinum,,1,0,0,,,,,
10060,10132,10132,Mart.,48917,5209,Oxypetalum appendiculatum,,1,0,0,,,,,
10060,10132,10132,H.Buek,71448,5209,Oxypetalum arnottianum,,1,0,0,,,,,
10060,10132,10132,Malme,53573,5209,Oxypetalum balansae,,1,0,0,,,,,
10060,10132,10132,R.Br. ex Schult.,31588,5209,Oxypetalum banksii,,1,0,0,,,,,
10060,10132,10132,Mart.,71450,5209,Oxypetalum capitatum,,1,0,0,,,,,
10060,10132,10132,Mart.,71450,5209,Oxypetalum capitatum,,1,0,0,,,,,
10060,10132,10132,Mart.,71450,5209,Oxypetalum capitatum,,1,0,0,,,,,
10060,10132,10132,Malme,105537,5209,Oxypetalum confusum,,1,0,0,,,,,
10060,10132,10132,(Vent.) Schltr.,31590,5209,Oxypetalum cordifolium,,1,0,0,,,,,
10060,10132,10132,Malme,109227,5209,Oxypetalum dusenii,,1,0,0,,,,,
10060,10132,10132,Mart.,109228,5209,Oxypetalum erectum,,1,0,0,,,,,
10060,10132,10132,Mart.,110894,5209,Oxypetalum foliosum,,1,0,0,,,,,
10060,10132,10132,E.Fourn.,104743,5209,Oxypetalum hilarianum,,1,0,0,,,,,
10060,10132,10132,Malme,109229,5209,Oxypetalum hoehnei,,1,0,0,,,,,
10060,10132,10132,(Decne.) Malme,110895,5209,Oxypetalum insigne,,1,0,0,,,,,
10060,10132,10132,(Decne.) Malme,110895,5209,Oxypetalum insigne,,1,0,0,,,,,
10060,10132,10132,(Decne.) Malme,110895,5209,Oxypetalum insigne,,1,0,0,,,,,
10060,10132,10132,Fontella & Marquete,110896,5209,Oxypetalum kleinii,,1,0,0,,,,,
10060,10132,10132,Decne.,109231,5209,Oxypetalum lineare,,1,0,0,,,,,
10060,10132,10132,Hook. & Arn.,48918,5209,Oxypetalum molle,,1,0,0,,,,,
10060,10132,10132,Fontella,110897,5209,Oxypetalum morilloanum,,1,0,0,,,,,
10060,10132,10132,Malme,109237,5209,Oxypetalum obtusifolium,,1,0,0,,,,,
10060,10132,10132,Decne.,109238,5209,Oxypetalum pachyglossum,,1,0,0,,,,,
10060,10132,10132,Decne.,105542,5209,Oxypetalum pannosum,,1,0,0,,,,,
10060,10132,10132,(Decne.) Decne.,104748,5209,Oxypetalum parviflorum,,1,0,0,,,,,
10060,10132,10132,(Decne.) Decne.,104748,5209,Oxypetalum parviflorum,,1,0,0,,,,,
10060,10132,10132,Fontella & Marquete,110898,5209,Oxypetalum reitzii,,1,0,0,,,,,
10060,10132,10132,Hook. & Arn.,48919,5209,Oxypetalum solanoides,,1,0,0,,,,,
10060,10132,10132,Malme,107080,5209,Oxypetalum sublanatum,,1,0,0,,,,,
10060,10132,10132,Wight ex Hook. & Arn.,109242,5209,Oxypetalum tomentosum,,1,0,0,,,,,
10060,10132,10132,Wight ex Hook. & Arn.,109242,5209,Oxypetalum tomentosum,,1,0,0,,,,,
10060,10132,10132,Malme,109243,5209,Oxypetalum tubatum,,1,0,0,,,,,
10060,10132,10132,Hook. & Arn.,109245,5209,Oxypetalum wightianum,,1,0,0,,,,,
10060,10132,10132,(Lindl.) Garay,109246,8949,Pabstia jugosa,,1,0,0,,,,,
10060,10132,10132,(Lindl.) Garay,110899,8949,Pabstia viridis,,1,0,0,,,,,
10060,10132,10132,(Rchb.f.) Luer,448886,11099,Pabstiella alligatorifera,,1,0,0,,,,,
10060,10132,10132,(Hoehne) Luer,444765,11099,Pabstiella aveniformis,,1,0,0,,,,,
10060,10132,10132,(Barb.Rodr.) Luer,448889,11099,Pabstiella quadridentata,,1,0,0,,,,,
10060,10132,10132,(Cogn.) Luer,448891,11099,Pabstiella calcarata,,1,0,0,,,,,
10060,10132,10132,(Barb.Rodr.) Luer,448892,11099,Pabstiella carinifera,,1,0,0,,,,,
10060,10132,10132,(Hoehne) Luer,444766,11099,Pabstiella matinhensis,,1,0,0,,,,,
10060,10132,10132,(Schltr.) F.Barros,109255,1284,Anathallis dryadum,,1,0,0,,,,,
10060,10132,10132,(Lindl.) Chiron & Xim.Bols.,109257,11099,Pabstiella fusca,,1,0,0,,,,,
10060,10132,10132,(Rchb.f.) Luer,449049,11099,Pabstiella leucopyramis,,1,0,0,,,,,
10060,10132,10132,(Hoehne) Luer,444766,11099,Pabstiella matinhensis,,1,0,0,,,,,
10060,10132,10132,(Schltr.) Brieger & Senghas,109259,11099,Pabstiella mirabilis,,1,0,0,,,,,
10060,10132,10132,(Leite) Luer,449050,11099,Pabstiella miragliae,,1,0,0,,,,,
10060,10132,10132,(Barb.Rodr.) Luer,448894,11099,Pabstiella campestris,,1,0,0,,,,,
10060,10132,10132,(Rchb.f.) Garay,33261,5474,Phloeophila nummularia,,1,0,0,,,,,
10060,10132,10132,(Lindl.) Luer,110903,11099,Pabstiella parvifolia,,1,0,0,,,,,
10060,10132,10132,(Barb.Rodr.) Chiron,448899,11099,Pabstiella punctatifolia,,1,0,0,,,,,
10060,10132,10132,(Lindl.) Luer & Toscano,109267,11099,Pabstiella seriata,,1,0,0,,,,,
10060,10132,10132,(Kraenzl.) Luer,448900,11099,Pabstiella sordida,,1,0,0,,,,,
10060,10132,10132,(Schltr.) J.O.Caetano & L.R.S.Guim.,109269,11099,Pabstiella stictophylla,,1,0,0,,,,,
10060,10132,10132,(Lindl.) Luer,448902,11099,Pabstiella trifida,,1,0,0,,,,,
10060,10132,10132,(Lindl.) Luer,448903,11099,Pabstiella uniflora,,1,0,0,,,,,
10060,10132,10132,(Lindl.) Schltr.,103651,5342,Pelexia bonariensis,,1,0,0,,,,,
10060,10132,10132,Schltr.,109278,5342,Pelexia tenuior,,1,0,0,,,,,
10060,10132,10132,(Nees) I.M.Johnst.,68060,8970,Pachystroma longifolium,,1,0,0,,,,,
10060,10132,10132,Silveira,109279,5238,Paepalanthus albovaginatus,,1,0,0,,,,,
10060,10132,10132,Silveira,109279,5238,Paepalanthus albovaginatus,,1,0,0,,,,,
10060,10132,10132,(Riedel ex Bong.) Kunth,110904,5238,Paepalanthus bryoides,,1,0,0,,,,,
10060,10132,10132,Malme,109282,5238,Paepalanthus caldensis,,1,0,0,,,,,
10060,10132,10132,Ruhland,109283,5238,Paepalanthus catharinae,,1,0,0,,,,,
10060,10132,10132,Ruhland,109283,5238,Paepalanthus catharinae,,1,0,0,,,,,
10060,10132,10132,Silveira & Ruhland,110448,5238,Paepalanthus henriquei,,1,0,0,,,,,
10060,10132,10132,(Moldenke & L.B.Sm.) Trovó,110905,5238,Paepalanthus kleinii,,1,0,0,,,,,
10060,10132,10132,(Bong.) Körn.,67599,5238,Paepalanthus planifolius,,1,0,0,,,,,
10060,10132,10132,Kuhn,31719,5239,Paesia glandulosa,,1,0,0,,,,,
10060,10132,10132,C.M.Taylor,109286,5245,Palicourea australis,,1,0,0,,,,,
10060,10132,10132,Poir.,31867,5253,Panicum aquaticum,,1,0,0,,,,,
10060,10132,10132,(L.B.Sm. & Wassh.) Zuloaga,449051,3891,Hymenachne bresolinii,,1,0,0,,,,,
10060,10132,10132,(Bertol.) Chase,449052,3891,Hymenachne condensata,,1,0,0,,,,,
10060,10132,10132,Michx.,31888,5253,Panicum dichotomiflorum,,1,0,0,,,,,
10060,10132,10132,(Nees ex Trin.) Zuloaga,344393,14327,Louisiella elephantipes,,1,0,0,,,,,
10060,10132,10132,Döll,105545,5253,Panicum glabripes,,1,0,0,,,,,
10060,10132,10132,E.Fourn.,31899,5253,Panicum gouinii,,1,0,0,,,,,
10060,10132,10132,(Swallen) Zuloaga,448906,20281,Cnidochloa longipedicellata,,1,0,0,,,,,
10060,10132,10132,"Zuloaga, Morrone & Valls",110908,5253,Panicum magnispicula,,1,0,0,,,,,
10060,10132,10132,L.,31926,5253,Panicum miliaceum,,0,0,0,,,,,
10060,10132,10132,Poir.,49312,5253,Panicum millegrana,,1,0,0,,,,,
10060,10132,10132,Kunth,69764,5253,Panicum olyroides,,1,0,0,,,,,
10060,10132,10132,Kunth,69764,5253,Panicum olyroides,,1,0,0,,,,,
10060,10132,10132,Henrard,105547,5253,Panicum peladoense,,1,0,0,,,,,
10060,10132,10132,(P.Beauv.) Spreng.,31942,5253,Panicum racemosum,,1,0,0,,,,,
10060,10132,10132,L.,31944,5253,Panicum repens,,1,0,0,,,,,
10060,10132,10132,(Nees) Zuloaga & Morrone,344266,5046,Ocellochloa rudis,,1,0,0,,,,,
10060,10132,10132,Nees,31963,5253,Panicum trichanthum,,1,0,0,,,,,
10060,10132,10132,(Loefgr.) F.Barros,109291,1284,Anathallis adenochila,,1,0,0,,,,,
10060,10132,10132,(Schltr. ex Hoehne) Pridgeon & M.W.Chase,109294,1284,Anathallis corticicola,,1,0,0,,,,,
10060,10132,10132,(Barb.Rodr.) F.Barros & Barberena,107084,1284,Anathallis marginata,,1,0,0,,,,,
10060,10132,10132,(Barb.Rodr.) C.O.Azevedo & Van den Berg,49296,1284,Anathallis microphyta,,1,0,0,,,,,
10060,10132,10132,Cabrera,110450,10946,Panphalea araucariophila,,1,0,0,,,,,
10060,10132,10132,Less.,110451,10946,Panphalea cardaminifolia,,1,0,0,,,,,
10060,10132,10132,Less.,110452,10946,Panphalea maxima,,1,0,0,,,,,
10060,10132,10132,Cabrera,109299,10946,Panphalea smithii,,1,0,0,,,,,
10060,10132,10132,Rchb.f.,109300,11158,Paradisanthus bahiensis,,1,0,0,,,,,
10060,10132,10132,Rchb.f.,109300,11158,Paradisanthus bahiensis,,1,0,0,,,,,
10060,10132,10132,(H.West ex Willd.) O.Berg,29758,4844,Myrciaria floribunda,,1,0,0,,,,,
10060,10132,10132,(DC.) O.Berg,68113,4844,Myrciaria delicatula,,1,0,0,,,,,
10060,10132,10132,(Kiaersk.) G.M.Barroso ex Sobral,110909,4844,Myrciaria glazioviana,,1,0,0,,,,,
10060,10132,10132,(Benth.) Brenan,49057,7303,Parapiptadenia rigida,,1,0,0,,,,,
10060,10132,10132,G.Forst.,32097,5297,Parietaria debilis,,1,0,0,,,,,
10060,10132,10132,Backeb. & Voll,110910,10909,Parodia alacriportana,,1,0,0,,,,,
10060,10132,10132,(Lehm.) R.Kiesling,105549,10909,Parodia linkii,,1,0,0,,,,,
10060,10132,10132,(Lehm.) N.P.Taylor,105550,10909,Parodia ottonis,,1,0,0,,,,,
10060,10132,10132,(Kunth) I.L.C.Oliveira & R.P.Oliveira,443753,20144,Taquara micrantha,,1,0,0,,,,,
10060,10132,10132,(E.Fourn.) Zuloaga & Morrone,75441,7757,Parodiophyllochloa cordovensis,,1,0,0,,,,,
10060,10132,10132,(Ekman) Zuloaga & Morrone,103656,7757,Parodiophyllochloa missiona,,1,0,0,,,,,
10060,10132,10132,(Trin.) Zuloaga & Morrone,105552,7757,Parodiophyllochloa ovulifera,,1,0,0,,,,,
10060,10132,10132,(Hack.) Zuloaga & Morrone,53801,7757,Parodiophyllochloa pantricha,,1,0,0,,,,,
10060,10132,10132,(Hack.) Zuloaga & Morrone,107086,7757,Parodiophyllochloa rhizogona,,1,0,0,,,,,
10060,10132,10132,(Cambess.) A.Nelson & J.F.Macbr.,448907,2019,Cardionema camphorosmoides,,1,0,0,,,,,
10060,10132,10132,Cambess.,49003,5308,Paronychia communis,,1,0,0,,,,,
10060,10132,10132,Cambess.,49003,5308,Paronychia communis,,1,0,0,,,,,
10060,10132,10132,Raddi,32206,5315,Paspalum acuminatum,,1,0,0,,,,,
10060,10132,10132,Chase,32209,5315,Paspalum almum,,1,0,0,,,,,
10060,10132,10132,Schrad.,54881,5315,Paspalum arenarium,,1,0,0,,,,,
10060,10132,10132,Flüggé,69765,5315,Paspalum carinatum,,1,0,0,,,,,
10060,10132,10132,Swallen,107088,5315,Paspalum compressifolium,,1,0,0,,,,,
10060,10132,10132,"Canto-Dorow, Valls & Longhi-Wagner",109307,5315,Paspalum conduplicatum,,1,0,0,,,,,
10060,10132,10132,P.J.Bergius,32221,5315,Paspalum conjugatum,,1,0,0,,,,,
10060,10132,10132,Schrad.,49317,5315,Paspalum conspersum,,1,0,0,,,,,
10060,10132,10132,Raddi,70284,5315,Paspalum corcovadense,,1,0,0,,,,,
10060,10132,10132,Dusén ex Swallen,109309,5315,Paspalum dasytrichum,,1,0,0,,,,,
10060,10132,10132,Sw.,32225,5315,Paspalum decumbens,,1,0,0,,,,,
10060,10132,10132,Trin.,32227,5315,Paspalum denticulatum,,1,0,0,,,,,
10060,10132,10132,Poir.,32228,5315,Paspalum dilatatum,,1,0,0,,,,,
10060,10132,10132,Poir.,32228,5315,Paspalum dilatatum,,1,0,0,,,,,
10060,10132,10132,L.,32232,5315,Paspalum distichum,,1,0,0,,,,,
10060,10132,10132,Döll,105556,5315,Paspalum ellipticum,,1,0,0,,,,,
10060,10132,10132,Lindm.,105558,5315,Paspalum erianthoides,,1,0,0,,,,,
10060,10132,10132,J.Presl,84759,5315,Paspalum exaltatum,,1,0,0,,,,,
10060,10132,10132,Nees ex Steud.,448908,5315,Paspalum filifolium,,1,0,0,,,,,
10060,10132,10132,Nees,109311,5315,Paspalum flaccidum,,1,0,0,,,,,
10060,10132,10132,Hack.,84760,5315,Paspalum glaucescens,,1,0,0,,,,,
10060,10132,10132,Arechav.,104752,5315,Paspalum guenoarum,,1,0,0,,,,,
10060,10132,10132,Arechav.,104752,5315,Paspalum guenoarum,,1,0,0,,,,,
10060,10132,10132,Parodi,103659,5315,Paspalum haumanii,,1,0,0,,,,,
10060,10132,10132,Raddi,72121,5315,Paspalum inaequivalve,,1,0,0,,,,,
10060,10132,10132,Mez,105559,5315,Paspalum indecorum,,1,0,0,,,,,
10060,10132,10132,Munro ex Morong,72122,5315,Paspalum intermedium,,1,0,0,,,,,
10060,10132,10132,Parodi,107089,5315,Paspalum jesuiticum,,1,0,0,,,,,
10060,10132,10132,Hack.,107090,5315,Paspalum juergensii,,1,0,0,,,,,
10060,10132,10132,Trin.,80685,5315,Paspalum maculosum,,1,0,0,,,,,
10060,10132,10132,Trin.,48147,5315,Paspalum mandiocanum,,1,0,0,,,,,
10060,10132,10132,Trin.,48147,5315,Paspalum mandiocanum,,1,0,0,,,,,
10060,10132,10132,E.Fourn.,32256,5315,Paspalum minus,,1,0,0,,,,,
10060,10132,10132,Schult.,448254,5315,Paspalum lepton,,1,0,0,,,,,
10060,10132,10132,Flüggé,32262,5315,Paspalum notatum,,1,0,0,,,,,
10060,10132,10132,Lam.,32263,5315,Paspalum nutans,,1,0,0,,,,,
10060,10132,10132,L.,32265,5315,Paspalum paniculatum,,1,0,0,,,,,
10060,10132,10132,(Parodi) Herter,49318,5315,Paspalum pauciciliatum,,1,0,0,,,,,
10060,10132,10132,Nees,69768,5315,Paspalum pectinatum,,1,0,0,,,,,
10060,10132,10132,Michx.,32269,5315,Paspalum plicatulum,,1,0,0,,,,,
10060,10132,10132,Nees ex Trin.,67925,5315,Paspalum polyphyllum,,1,0,0,,,,,
10060,10132,10132,Nees,32272,5315,Paspalum pumilum,,1,0,0,,,,,
10060,10132,10132,Lam.,92133,5315,Paspalum quadrifarium,,1,0,0,,,,,
10060,10132,10132,Morrone & Zuloaga,104754,5315,Paspalum quarinii,,1,0,0,,,,,
10060,10132,10132,I.L.Barreto,109313,5315,Paspalum ramboi,,1,0,0,,,,,
10060,10132,10132,(Parodi) Chase ex G.H.Rua & Valls,109314,5315,Paspalum rawitscheri,,1,0,0,,,,,
10060,10132,10132,Mez,49319,5315,Paspalum regnellii,,1,0,0,,,,,
10060,10132,10132,Flüggé,32286,5315,Paspalum stellatum,,1,0,0,,,,,
10060,10132,10132,Trin.,105562,5315,Paspalum umbrosum,,1,0,0,,,,,
10060,10132,10132,Steud.,32290,5315,Paspalum urvillei,,1,0,0,,,,,
10060,10132,10132,Sw.,32291,5315,Paspalum vaginatum,,1,0,0,,,,,
10060,10132,10132,Hook.,109317,5316,Passiflora actinia,,1,0,0,,,,,
10060,10132,10132,Curtis,32294,5316,Passiflora alata,,1,0,0,,,,,
10060,10132,10132,J.C.Mikan,32295,5316,Passiflora amethystina,,1,0,0,,,,,
10060,10132,10132,L.,32309,5316,Passiflora caerulea,,1,0,0,,,,,
10060,10132,10132,Mast.,109318,5316,Passiflora campanulata,,1,0,0,,,,,
10060,10132,10132,L.,32311,5316,Passiflora capsularis,,1,0,0,,,,,
10060,10132,10132,Sacco,109319,5316,Passiflora catharinensis,,1,0,0,,,,,
10060,10132,10132,M.A.M.Azevedo,109320,5316,Passiflora cervii,,1,0,0,,,,,
10060,10132,10132,Sims,32322,5316,Passiflora edulis,,1,0,0,,,,,
10060,10132,10132,Mast.,109321,5316,Passiflora eichleriana,,1,0,0,,,,,
10060,10132,10132,Mast.,105563,5316,Passiflora elegans,,1,0,0,,,,,
10060,10132,10132,L.,32324,5316,Passiflora foetida,,1,0,0,,,,,
10060,10132,10132,L.,32324,5316,Passiflora foetida,,1,0,0,,,,,
10060,10132,10132,Mast.,109322,5316,Passiflora haematostigma,,1,0,0,,,,,
10060,10132,10132,Vell.,448909,5316,Passiflora mediterranea,,1,0,0,,,,,
10060,10132,10132,Vitta,109325,5316,Passiflora loefgrenii,,1,0,0,,,,,
10060,10132,10132,Harms,448910,5316,Passiflora mendoncae,,1,0,0,,,,,
10060,10132,10132,Kunth,53766,5316,Passiflora misera,,1,0,0,,,,,
10060,10132,10132,Vell.,445130,5316,Passiflora porophylla,,1,0,0,,,,,
10060,10132,10132,Sacco,110911,5316,Passiflora reitzii,,1,0,0,,,,,
10060,10132,10132,L.,32365,5316,Passiflora suberosa,,1,0,0,,,,,
10060,10132,10132,Killip,49141,5316,Passiflora tenuifila,,1,0,0,,,,,
10060,10132,10132,M.A.M.Azevedo,448911,5316,Passiflora tranversalis,,1,0,0,,,,,
10060,10132,10132,Mast.,49142,5316,Passiflora tricuspis,,1,0,0,,,,,
10060,10132,10132,Regel,109330,5316,Passiflora truncata,,1,0,0,,,,,
10060,10132,10132,Rusby,445830,5316,Passiflora urnaefolia,,1,0,0,,,,,
10060,10132,10132,Cervi,110474,5316,Passiflora urubiciensis,,1,0,0,,,,,
10060,10132,10132,Vell.,109331,5316,Passiflora villosa,,1,0,0,,,,,
10060,10132,10132,Cambess.,448912,5322,Paullinia carpopodea,,1,0,0,,,,,
10060,10132,10132,Radlk.,109333,5322,Paullinia cristata,,1,0,0,,,,,
10060,10132,10132,Cambess.,53842,5322,Paullinia elegans,,1,0,0,,,,,
10060,10132,10132,Juss.,49190,5322,Paullinia meliifolia,,1,0,0,,,,,
10060,10132,10132,Radlk.,109335,5322,Paullinia seminuda,,1,0,0,,,,,
10060,10132,10132,Vell.,109336,5322,Paullinia trigonia,,1,0,0,,,,,
10060,10132,10132,(Casar.) Radlk.,109337,9490,Pausandra morisiana,,1,0,0,,,,,
10060,10132,10132,Krapov. & Cristóbal,107093,5326,Pavonia angustipetala,,1,0,0,,,,,
10060,10132,10132,A.St.-Hil.,32421,5326,Pavonia communis,,1,0,0,,,,,
10060,10132,10132,Hochr.,105564,5326,Pavonia bullulata,,1,0,0,,,,,
10060,10132,10132,A.St.-Hil.,32421,5326,Pavonia communis,,1,0,0,,,,,
10060,10132,10132,Garcke,109339,5326,Pavonia commutata,,1,0,0,,,,,
10060,10132,10132,A.St.-Hil. & Naudin,105566,5326,Pavonia distinguenda,,1,0,0,,,,,
10060,10132,10132,Krapov.,109340,5326,Pavonia dusenii,,1,0,0,,,,,
10060,10132,10132,Miq.,49096,5326,Pavonia flavispina,,1,0,0,,,,,
10060,10132,10132,Krapov.,110476,5326,Pavonia friesii,,1,0,0,,,,,
10060,10132,10132,R.E.Fr.,105567,5326,Pavonia guerkeana,,1,0,0,,,,,
10060,10132,10132,Krapov.,110912,5326,Pavonia horrida,,1,0,0,,,,,
10060,10132,10132,Krapov. & Cristóbal,110477,5326,Pavonia kleinii,,1,0,0,,,,,
10060,10132,10132,R.E.Fr.,109342,5326,Pavonia lanata,,1,0,0,,,,,
10060,10132,10132,Ekman,105568,5326,Pavonia missionum,,1,0,0,,,,,
10060,10132,10132,R.E.Fr.,110478,5326,Pavonia nana,,1,0,0,,,,,
10060,10132,10132,A.St.-Hil. & Naudin,448913,5326,Pavonia nemoralis,,1,0,0,,,,,
10060,10132,10132,Krapov. & Cristóbal,105868,5326,Pavonia pabstii,,1,0,0,,,,,
10060,10132,10132,Ekman,107096,5326,Pavonia psilophylla,,1,0,0,,,,,
10060,10132,10132,Krapov. & Cristóbal,110913,5326,Pavonia reitzii,,1,0,0,,,,,
10060,10132,10132,Krapov.,110914,5326,Pavonia renifolia,,1,0,0,,,,,
10060,10132,10132,Garcke,109343,5326,Pavonia reticulata,,1,0,0,,,,,
10060,10132,10132,Grings & Boldrini,110483,5326,Pavonia salmonea,,1,0,0,,,,,
10060,10132,10132,Steud.,32437,5326,Pavonia schiedeana,,1,0,0,,,,,
10060,10132,10132,Spreng.,109345,5326,Pavonia schrankii,,1,0,0,,,,,
10060,10132,10132,A.St.-Hil.,49097,5326,Pavonia sepium,,1,0,0,,,,,
10060,10132,10132,Krapov.,109346,5326,Pavonia stenopetala,,1,0,0,,,,,
10060,10132,10132,(Kunze) Salino & F.C.Assis,109347,5328,Pecluma chnoophora,,1,0,0,,,,,
10060,10132,10132,(Langsd. & Fisch.) M.G.Price,48150,5328,Pecluma paradiseae,,1,0,0,,,,,
10060,10132,10132,(Lindm.) M.G.Price,48859,5328,Pecluma pectinatiformis,,1,0,0,,,,,
10060,10132,10132,(Kaulf.) M.G.Price,32452,5328,Pecluma recurvata,,1,0,0,,,,,
10060,10132,10132,(Fée) M.Kessler & A.R.Sm.,75533,5328,Pecluma robusta,,1,0,0,,,,,
10060,10132,10132,(Lindm.) M.G.Price,48861,5328,Pecluma sicca,,1,0,0,,,,,
10060,10132,10132,(de la Sota) M.G.Price,48860,5328,Pecluma singeri,,1,0,0,,,,,
10060,10132,10132,(Lindm.) M.G.Price,68019,5328,Pecluma truncorum,,1,0,0,,,,,
10060,10132,10132,C.E.Anderson,110915,8936,Peixotoa catarinensis,,1,0,0,,,,,
10060,10132,10132,Mart. ex A.Juss.,109348,8936,Peixotoa jussieuana,,1,0,0,,,,,
10060,10132,10132,(Porsch) Schltr.,110916,5342,Pelexia loefgrenii,,1,0,0,,,,,
10060,10132,10132,(Barb.Rodr.) Schltr.,109350,5342,Pelexia macropoda,,1,0,0,,,,,
10060,10132,10132,(Rchb.f.) Garay,106283,5342,Pelexia novofriburgensis,,1,0,0,,,,,
10060,10132,10132,Schltr. ex Mansf.,110917,5342,Pelexia polyantha,,1,0,0,,,,,
10060,10132,10132,(Rchb.f. & Warm.) Schltr.,109354,5342,Pelexia pterygantha,,1,0,0,,,,,
10060,10132,10132,(Hochr.) Krapov. & Cristóbal,69711,5347,Peltaea edouardii,,1,0,0,,,,,
10060,10132,10132,(A.St.-Hil.) Krapov. & Cristóbal,69712,5347,Peltaea polymorpha,,1,0,0,,,,,
10060,10132,10132,"(Vell.) J.F.Morales, M.E.Endress & Liede",444732,9443,Macropharynx peltata,,1,0,0,,,,,
10060,10132,10132,(Spreng.) Taub.,32590,5349,Peltophorum dubium,,1,0,0,,,,,
10060,10132,10132,Ruiz & Pav.,32660,5382,Peperomia alata,,1,0,0,,,,,
10060,10132,10132,Miq.,49144,5382,Peperomia arifolia,,1,0,0,,,,,
10060,10132,10132,Yunck.,107097,5382,Peperomia armondii,,1,0,0,,,,,
10060,10132,10132,C.DC.,49145,5382,Peperomia balansana,,1,0,0,,,,,
10060,10132,10132,(Miq.) Miq.,110918,5382,Peperomia brasiliensis,,1,0,0,,,,,
10060,10132,10132,Yunck.,110488,5382,Peperomia castelosensis,,1,0,0,,,,,
10060,10132,10132,Miq.,49146,5382,Peperomia catharinae,,1,0,0,,,,,
10060,10132,10132,(Sw.) A.Dietr.,32710,5382,Peperomia glabella,,1,0,0,,,,,
10060,10132,10132,Link,32682,5382,Peperomia circinnata,,1,0,0,,,,,
10060,10132,10132,Link,32682,5382,Peperomia circinnata,,1,0,0,,,,,
10060,10132,10132,Yunck.,109361,5382,Peperomia clivicola,,1,0,0,,,,,
10060,10132,10132,Gardner,109362,5382,Peperomia corcovadensis,,1,0,0,,,,,
10060,10132,10132,Gardner,109362,5382,Peperomia corcovadensis,,1,0,0,,,,,
10060,10132,10132,Gardner,109362,5382,Peperomia corcovadensis,,1,0,0,,,,,
10060,10132,10132,Ruiz & Pav.,106287,5382,Peperomia crystallina,,1,0,0,,,,,
10060,10132,10132,Henschen,49148,5382,Peperomia delicatula,,1,0,0,,,,,
10060,10132,10132,(Vahl) A.Dietr.,75570,5382,Peperomia macrostachyos,,1,0,0,,,,,
10060,10132,10132,Kunth,32709,5382,Peperomia galioides,,1,0,0,,,,,
10060,10132,10132,(Sw.) A.Dietr.,32710,5382,Peperomia glabella,,1,0,0,,,,,
10060,10132,10132,(Sw.) A.Dietr.,32710,5382,Peperomia glabella,,1,0,0,,,,,
10060,10132,10132,(Sw.) A.Dietr.,32710,5382,Peperomia glabella,,1,0,0,,,,,
10060,10132,10132,C.DC.,448914,5382,Peperomia glaziovii,,1,0,0,,,,,
10060,10132,10132,Miq.,109369,5382,Peperomia hilariana,,1,0,0,,,,,
10060,10132,10132,(Sw.) A.Dietr.,32725,5382,Peperomia hispidula,,1,0,0,,,,,
10060,10132,10132,Yunck.,109370,5382,Peperomia ibiramana,,1,0,0,,,,,
10060,10132,10132,Miq.,448445,5382,Peperomia increscens,,1,0,0,,,,,
10060,10132,10132,Kunth,110919,5382,Peperomia loxensis,,1,0,0,,,,,
10060,10132,10132,Yunck.,110489,5382,Peperomia lyman-smithii,,1,0,0,,,,,
10060,10132,10132,Miq.,107099,5382,Peperomia martiana,,1,0,0,,,,,
10060,10132,10132,Dahlst.,110490,5382,Peperomia megapotamica,,1,0,0,,,,,
10060,10132,10132,C.DC.,110920,5382,Peperomia nudifolia,,1,0,0,,,,,
10060,10132,10132,(Jacq.) Kunth,32776,5382,Peperomia pereskiifolia,,1,0,0,,,,,
10060,10132,10132,Yunck.,110921,5382,Peperomia pseudobcordata,,1,0,0,,,,,
10060,10132,10132,C.DC.,109374,5382,Peperomia pseudoestrellensis,,1,0,0,,,,,
10060,10132,10132,Yunck.,110491,5382,Peperomia ramboi,,1,0,0,,,,,
10060,10132,10132,Dahlst.,109375,5382,Peperomia renifolia,,1,0,0,,,,,
10060,10132,10132,(L.) Kunth,32806,5382,Peperomia rotundifolia,,1,0,0,,,,,
10060,10132,10132,(L.) Kunth,32806,5382,Peperomia rotundifolia,,1,0,0,,,,,
10060,10132,10132,(Vahl) A.Dietr.,75570,5382,Peperomia macrostachyos,,1,0,0,,,,,
10060,10132,10132,Dahlst.,449053,5382,Peperomia schenckiana,,1,0,0,,,,,
10060,10132,10132,C.DC.,109378,5382,Peperomia schwackei,,1,0,0,,,,,
10060,10132,10132,(Sw.) A.Dietr.,32833,5382,Peperomia tenella,,1,0,0,,,,,
10060,10132,10132,(G.Forst.) Hook. & Arn.,32834,5382,Peperomia tetraphylla,,1,0,0,,,,,
10060,10132,10132,(G.Forst.) Hook. & Arn.,32834,5382,Peperomia tetraphylla,,1,0,0,,,,,
10060,10132,10132,(G.Forst.) Hook. & Arn.,32834,5382,Peperomia tetraphylla,,1,0,0,,,,,
10060,10132,10132,(G.Forst.) Hook. & Arn.,32834,5382,Peperomia tetraphylla,,1,0,0,,,,,
10060,10132,10132,Miq.,110923,5382,Peperomia transparens,,1,0,0,,,,,
10060,10132,10132,Miq.,109381,5382,Peperomia trineura,,1,0,0,,,,,
10060,10132,10132,Dahlst.,72109,5382,Peperomia trineuroides,,1,0,0,,,,,
10060,10132,10132,Fisch. & C.A.Mey.,32842,5382,Peperomia urocarpa,,1,0,0,,,,,
10060,10132,10132,(Vell.) Fontella & Rapini,109383,11159,Peplonia axillaris,,1,0,0,,,,,
10060,10132,10132,(Fontella & de Lamare) Fontella & Rapini,109384,11159,Peplonia hatschbachii,,1,0,0,,,,,
10060,10132,10132,(Schott) Poepp. ex Baill.,68061,5384,Pera glabrata,,1,0,0,,,,,
10060,10132,10132,(Schott) Poepp. ex Baill.,68061,5384,Pera glabrata,,1,0,0,,,,,
10060,10132,10132,(Schott) Poepp. ex Baill.,68061,5384,Pera glabrata,,1,0,0,,,,,
10060,10132,10132,Mill.,32868,5388,Pereskia aculeata,,1,0,0,,,,,
10060,10132,10132,Cabrera,110492,5389,Perezia catharinensis,,1,0,0,,,,,
10060,10132,10132,(Cabrera) Crisci & Martic.,110924,5389,Perezia eryngioides,,1,0,0,,,,,
10060,10132,10132,(Bonpl.) Less.,75618,5389,Perezia multiflora,,1,0,0,,,,,
10060,10132,10132,Less.,105573,5389,Perezia squarrosa,,1,0,0,,,,,
10060,10132,10132,Lombardi,109385,9495,Peritassa hatschbachii,,1,0,0,,,,,
10060,10132,10132,Nees & Mart.,109386,5409,Persea alba,,1,0,0,,,,,
10060,10132,10132,D.Don,448915,2294,Cinnamomum pyrifolium,,1,0,0,,,,,
10060,10132,10132,Nees & Mart.,105574,5409,Persea venosa,,1,0,0,,,,,
10060,10132,10132,Kosterm.,109387,5409,Persea willdenovii,,1,0,0,,,,,
10060,10132,10132,L.,33029,865,Petiveria alliacea,,1,0,0,,,,,
10060,10132,10132,L.,33031,5422,Petrea volubilis,,1,0,0,,,,,
10060,10132,10132,(Mill.) Fuss,33044,5428,Petroselinum crispum,,0,0,0,,,,,
10060,10132,10132,T.Ando & Hashim.,110493,5429,Petunia altiplana,,1,0,0,,,,,
10060,10132,10132,T.Ando & Hashim.,110495,5429,Petunia bonjardinensis,,1,0,0,,,,,
10060,10132,10132,R.E.Fr.,49204,5429,Petunia inflata,,1,0,0,,,,,
10060,10132,10132,(Hook.) Schinz & Thell.,49205,5429,Petunia integrifolia,,1,0,0,,,,,
10060,10132,10132,(Hook.) Schinz & Thell.,49205,5429,Petunia integrifolia,,1,0,0,,,,,
10060,10132,10132,T.Ando & Hashim.,107100,5429,Petunia interior,,1,0,0,,,,,
10060,10132,10132,(Hook.) Schinz & Thell.,49205,5429,Petunia integrifolia,,1,0,0,,,,,
10060,10132,10132,L.B.Sm. & Downs,110926,5429,Petunia reitzii,,1,0,0,,,,,
10060,10132,10132,L.B.Sm. & Downs,110927,5429,Petunia saxicola,,1,0,0,,,,,
10060,10132,10132,L.B.Sm. & Downs,107101,5429,Petunia scheideana,,1,0,0,,,,,
10060,10132,10132,Mart.,107102,5432,Pfaffia glabrata,,1,0,0,,,,,
10060,10132,10132,(Spreng.) Pedersen,53555,5432,Pfaffia glomerata,,1,0,0,,,,,
10060,10132,10132,(L.f.) Mart.,53556,5432,Pfaffia gnaphalioides,,1,0,0,,,,,
10060,10132,10132,(Spreng.) Hicken,53557,5432,Pfaffia tuberosa,,1,0,0,,,,,
10060,10132,10132,Nees ex Trin.,33106,5441,Phalaris angusta,,1,0,0,,,,,
10060,10132,10132,L.,33110,5441,Phalaris canariensis,,0,0,0,,,,,
10060,10132,10132,(Vogel) Wunderlin,445595,14465,Schnella angulosa,,1,0,0,,,,,
10060,10132,10132,Aubl.,33133,5448,Pharus lappulaceus,,1,0,0,,,,,
10060,10132,10132,L.,33134,5448,Pharus latifolius,,1,0,0,,,,,
10060,10132,10132,(Poir.) Wedd.,33185,5459,Phenax sonneratii,,1,0,0,,,,,
10060,10132,10132,Nadruz & Mayo,109391,5464,Philodendron appendiculatum,,1,0,0,,,,,
10060,10132,10132,"(Schott ex Endl.) Sakur., Calazans & Mayo",441734,20080,Thaumatophyllum bipinnatifidum,,1,0,0,,,,,
10060,10132,10132,"(Kunth) Sakur., Calazans & Mayo",448916,20080,Thaumatophyllum corcovadense,,1,0,0,,,,,
10060,10132,10132,Kunth ex Schott,109393,5464,Philodendron cordatum,,1,0,0,,,,,
10060,10132,10132,Lindl.,109394,5464,Philodendron crassinervium,,1,0,0,,,,,
10060,10132,10132,Schott ex Endl.,110499,5464,Philodendron imbe,,1,0,0,,,,,
10060,10132,10132,Engl.,109395,5464,Philodendron loefgrenii,,1,0,0,,,,,
10060,10132,10132,Engl.,109396,5464,Philodendron martianum,,1,0,0,,,,,
10060,10132,10132,Buturi & Sakur.,109397,5464,Philodendron meridionale,,1,0,0,,,,,
10060,10132,10132,(Hauman) Hauman,107105,5464,Philodendron missionum,,1,0,0,,,,,
10060,10132,10132,Schott,109399,5464,Philodendron propinquum,,1,0,0,,,,,
10060,10132,10132,Reitz,110928,5464,Philodendron renauxii,,1,0,0,,,,,
10060,10132,10132,(Cav.) Lellinger,33246,5470,Phlebodium pseudoaureum,,1,0,0,,,,,
10060,10132,10132,(Sw.) Holub,22454,3868,Huperzia acerosa,,1,0,0,,,,,
10060,10132,10132,(Fée) Holub,448697,3868,Huperzia heterocarpos,,1,0,0,,,,,
10060,10132,10132,(Raddi) Trevis.,48853,3868,Huperzia mandiocana,,1,0,0,,,,,
10060,10132,10132,(Lam.) Trevis.,22491,3868,Huperzia reflexa,,1,0,0,,,,,
10060,10132,10132,(Pohl ex DC.) Engl. & K.Krause,67998,5485,Phoradendron affine,,1,0,0,,,,,
10060,10132,10132,Eichler,53836,5485,Phoradendron bathyoryctum,,1,0,0,,,,,
10060,10132,10132,Trel.,110929,5485,Phoradendron congestum,,1,0,0,,,,,
10060,10132,10132,Eichler,109400,5485,Phoradendron craspedophyllum,,1,0,0,,,,,
10060,10132,10132,(Pohl ex DC.) Eichler,33316,5485,Phoradendron crassifolium,,1,0,0,,,,,
10060,10132,10132,(Pohl ex DC.) Nutt.,109401,5485,Phoradendron ensifolium,,1,0,0,,,,,
10060,10132,10132,(DC.) Griseb.,33321,5485,Phoradendron hexastichum,,1,0,0,,,,,
10060,10132,10132,(DC.) B.D.Jacks.,107508,5485,Phoradendron interruptum,,1,0,0,,,,,
10060,10132,10132,Eichler,75690,5485,Phoradendron linearifolium,,1,0,0,,,,,
10060,10132,10132,Eichler,109404,5485,Phoradendron pellucidulum,,1,0,0,,,,,
10060,10132,10132,(DC.) Eichler,75691,5485,Phoradendron perrottetii,,1,0,0,,,,,
10060,10132,10132,(Kunth) Trel.,33325,5485,Phoradendron piperoides,,1,0,0,,,,,
10060,10132,10132,Eichler,109405,5485,Phoradendron platycaulon,,1,0,0,,,,,
10060,10132,10132,(Kunth) Griseb.,33327,5485,Phoradendron quadrangulare,,1,0,0,,,,,
10060,10132,10132,Trel.,105575,5485,Phoradendron reductum,,1,0,0,,,,,
10060,10132,10132,(Pohl ex DC.) Eichler,33333,5485,Phoradendron undulatum,,1,0,0,,,,,
10060,10132,10132,Schumach. & Thonn.,33412,5501,Phyllanthus amarus,,1,0,0,,,,,
10060,10132,10132,Walter,33446,5501,Phyllanthus caroliniensis,,1,0,0,,,,,
10060,10132,10132,G.L.Webster,33501,5501,Phyllanthus fraternus,,0,0,0,,,,,
10060,10132,10132,Müll.Arg.,80660,5501,Phyllanthus lindbergii,,1,0,0,,,,,
10060,10132,10132,L.,33570,5501,Phyllanthus niruri,,1,0,0,,,,,
10060,10132,10132,Baill.,110930,5501,Phyllanthus perpusillus,,1,0,0,,,,,
10060,10132,10132,Müll.Arg.,102889,5501,Phyllanthus ramillosus,,1,0,0,,,,,
10060,10132,10132,Müll.Arg.,110931,5501,Phyllanthus riedelianus,,1,0,0,,,,,
10060,10132,10132,(Klotzsch) Müll.Arg.,49032,5501,Phyllanthus sellowianus,,1,0,0,,,,,
10060,10132,10132,(Raf.) G.L.Webster,33640,5501,Phyllanthus stipulatus,,1,0,0,,,,,
10060,10132,10132,Müll.Arg.,109408,5501,Phyllanthus subemarginatus,,1,0,0,,,,,
10060,10132,10132,Roxb.,33646,5501,Phyllanthus tenellus,,0,0,0,,,,,
10060,10132,10132,L.,33663,5501,Phyllanthus urinaria,,0,0,0,,,,,
10060,10132,10132,Schltr.,109409,7332,Phymatidium aquinoi,,1,0,0,,,,,
10060,10132,10132,Lindl.,49291,7332,Phymatidium delicatulum,,1,0,0,,,,,
10060,10132,10132,Lindl.,49291,7332,Phymatidium delicatulum,,1,0,0,,,,,
10060,10132,10132,Lindl.,109410,7332,Phymatidium falcifolium,,1,0,0,,,,,
10060,10132,10132,(Barb.Rodr.) Toscano,109411,7332,Phymatidium microphyllum,,1,0,0,,,,,
10060,10132,10132,L.,33775,5517,Physalis pubescens,,1,0,0,,,,,
10060,10132,10132,L.,33775,5517,Physalis pubescens,,1,0,0,,,,,
10060,10132,10132,Kunth,49143,5525,Phytolacca bogotensis,,1,0,0,,,,,
10060,10132,10132,L.,33799,5525,Phytolacca dioica,,1,0,0,,,,,
10060,10132,10132,Fenzl ex J.A.Schmidt,33807,5525,Phytolacca thyrsiflora,,1,0,0,,,,,
10060,10132,10132,Kuhlm. ex Pirani,109412,5533,Picramnia excelsa,,1,0,0,,,,,
10060,10132,10132,Engl.,105576,5533,Picramnia parvifolia,,1,0,0,,,,,
10060,10132,10132,Planch.,68129,5533,Picramnia ramiflora,,1,0,0,,,,,
10060,10132,10132,(Vell.) Engl.,49199,5534,Picrasma crenata,,1,0,0,,,,,
10060,10132,10132,A.G.Schulz,104762,7627,Picrosia cabreriana,,1,0,0,,,,,
10060,10132,10132,D.Don,52302,7627,Picrosia longifolia,,1,0,0,,,,,
10060,10132,10132,P.Brack,110503,5542,Pilea aparadensis,,1,0,0,,,,,
10060,10132,10132,P.Brack,110504,5542,Pilea flammula,,1,0,0,,,,,
10060,10132,10132,P.Brack,110505,5542,Pilea hydra,,1,0,0,,,,,
10060,10132,10132,Liebm.,34027,5542,Pilea pubescens,,1,0,0,,,,,
10060,10132,10132,A.St.-Hil.,109413,5546,Pilocarpus pauciflorus,,1,0,0,,,,,
10060,10132,10132,Lem.,53832,5546,Pilocarpus pennatifolius,,1,0,0,,,,,
10060,10132,10132,(Gardner) R.Br.,48166,7250,Pilostyles blanchetii,,1,0,0,,,,,
10060,10132,10132,(Gomes) Landrum,75723,5554,Pimenta pseudocaryophyllus,,1,0,0,,,,,
10060,10132,10132,(Gomes) Landrum,75723,5554,Pimenta pseudocaryophyllus,,1,0,0,,,,,
10060,10132,10132,L.,34204,5556,Pimpinella anisum,,0,0,0,,,,,
10060,10132,10132,L.,34402,5565,Piper aduncum,,1,0,0,,,,,
10060,10132,10132,(Kunth) Kunth ex Steud.,110933,5565,Piper alnoides,,1,0,0,,,,,
10060,10132,10132,L.,34404,5565,Piper amalago,,1,0,0,,,,,
10060,10132,10132,(Kunth) Steud.,68133,5565,Piper amplum,,1,0,0,,,,,
10060,10132,10132,Aubl.,34406,5565,Piper arboreum,,1,0,0,,,,,
10060,10132,10132,Aubl.,34406,5565,Piper arboreum,,1,0,0,,,,,
10060,10132,10132,Trel.,449054,5565,Piper falcifolium,,1,0,0,,,,,
10060,10132,10132,C.DC.,82655,5565,Piper caldense,,1,0,0,,,,,
10060,10132,10132,Vell.,75741,5565,Piper cernuum,,1,0,0,,,,,
10060,10132,10132,Kunth,75746,5565,Piper crassinervium,,1,0,0,,,,,
10060,10132,10132,Rich.,34426,5565,Piper dilatatum,,1,0,0,,,,,
10060,10132,10132,(Kunth) Kunth ex Steud.,110934,5565,Piper diospyrifolium,,1,0,0,,,,,
10060,10132,10132,"(Miq.) T.Arias, Callejas & Bornst.",109415,4517,Manekia obtusa,,1,0,0,,,,,
10060,10132,10132,Sw.,34439,5565,Piper hispidum,,1,0,0,,,,,
10060,10132,10132,Yunck.,110935,5565,Piper kleinii,,1,0,0,,,,,
10060,10132,10132,(Kunth) Kunth ex Steud.,109418,5565,Piper lepturum,,1,0,0,,,,,
10060,10132,10132,(Kunth) Kunth ex Steud.,109419,5565,Piper lhotzkyanum,,1,0,0,,,,,
10060,10132,10132,(C.Presl) C.DC.,68136,5565,Piper malacophyllum,,1,0,0,,,,,
10060,10132,10132,(Kunth) Steud.,49152,5565,Piper mikanianum,,1,0,0,,,,,
10060,10132,10132,C.DC.,68137,5565,Piper miquelianum,,1,0,0,,,,,
10060,10132,10132,Kunth ex Steud.,68138,5565,Piper mollicomum,,1,0,0,,,,,
10060,10132,10132,(Trel.) C.DC.,109421,5565,Piper mosenii,,1,0,0,,,,,
10060,10132,10132,(Miq.) C.DC.,80663,5565,Piper regnellii,,1,0,0,,,,,
10060,10132,10132,Yunck.,109422,5565,Piper reitzii,,1,0,0,,,,,
10060,10132,10132,(Kunth) Kunth ex Steud.,109423,5565,Piper richardiifolium,,1,0,0,,,,,
10060,10132,10132,(Kunth) Kunth ex Steud.,110936,5565,Piper rivinoides,,1,0,0,,,,,
10060,10132,10132,(Kunth) Kunth ex Steud.,110936,5565,Piper rivinoides,,1,0,0,,,,,
10060,10132,10132,C.DC.,109424,5565,Piper solmsianum,,1,0,0,,,,,
10060,10132,10132,C.DC.,109424,5565,Piper solmsianum,,1,0,0,,,,,
10060,10132,10132,C.DC.,109425,5565,Piper subcinereum,,1,0,0,,,,,
10060,10132,10132,C.DC.,110937,5565,Piper ulei,,1,0,0,,,,,
10060,10132,10132,L.,34501,5565,Piper umbellatum,,1,0,0,,,,,
10060,10132,10132,Trel.,68140,5565,Piper viminifolium,,1,0,0,,,,,
10060,10132,10132,(Kunth) Steud.,68141,5565,Piper xylosteoides,,1,0,0,,,,,
10060,10132,10132,Burkart,110938,8620,Piptadenia affinis,,1,0,0,,,,,
10060,10132,10132,(Mart.) J.F.Macbr.,75804,8620,Piptadenia gonoacantha,,1,0,0,,,,,
10060,10132,10132,(Mart.) J.F.Macbr.,75804,8620,Piptadenia gonoacantha,,1,0,0,,,,,
10060,10132,10132,Benth.,109426,8620,Piptadenia paniculata,,1,0,0,,,,,
10060,10132,10132,Benth.,109426,8620,Piptadenia paniculata,,1,0,0,,,,,
10060,10132,10132,Dusén ex Malme,107109,5569,Piptocarpha angustifolia,,1,0,0,,,,,
10060,10132,10132,(Less.) Baker,109427,5569,Piptocarpha axillaris,,1,0,0,,,,,
10060,10132,10132,G.Lom.Sm.,109428,5569,Piptocarpha densifolia,,1,0,0,,,,,
10060,10132,10132,(DC.) Cabrera & Vittet,449055,5569,Piptocarpha isotrichia,,1,0,0,,,,,
10060,10132,10132,Baker,110506,5569,Piptocarpha notata,,1,0,0,,,,,
10060,10132,10132,(Gardner) Baker,109431,5569,Piptocarpha oblonga,,1,0,0,,,,,
10060,10132,10132,(Gardner) Baker,109431,5569,Piptocarpha oblonga,,1,0,0,,,,,
10060,10132,10132,Cabrera,110940,5569,Piptocarpha organensis,,1,0,0,,,,,
10060,10132,10132,(Vell.) Baker,109432,5569,Piptocarpha quadrangularis,,1,0,0,,,,,
10060,10132,10132,G.Lom.Sm.,110507,5569,Piptocarpha ramboi,,1,0,0,,,,,
10060,10132,10132,(Sch.Bip.) Cabrera,109433,5569,Piptocarpha regnellii,,1,0,0,,,,,
10060,10132,10132,(Sch.Bip.) Baker,444736,5569,Piptocarpha sellovii,,1,0,0,,,,,
10060,10132,10132,Baker,449018,5569,Piptocarpha tomentosa,,1,0,0,,,,,
10060,10132,10132,L.B.Sm.,109434,5570,Piptochaetium alpinum,,1,0,0,,,,,
10060,10132,10132,Griseb.,102977,5570,Piptochaetium lasianthum,,1,0,0,,,,,
10060,10132,10132,(Spreng.) Parodi,56269,5570,Piptochaetium montevidense,,1,0,0,,,,,
10060,10132,10132,Muj.-Sall. & Longhi-Wagner,110941,5570,Piptochaetium palustre,,1,0,0,,,,,
10060,10132,10132,É.Desv.,103673,5570,Piptochaetium ruprechtianum,,1,0,0,,,,,
10060,10132,10132,(Trin. & Rupr.) Hack. & Arechav.,56271,5570,Piptochaetium stipoides,,1,0,0,,,,,
10060,10132,10132,Griseb.,104763,5570,Piptochaetium uruguense,,1,0,0,,,,,
10060,10132,10132,(Urb.) Arbo,105579,5575,Piriqueta taubatensis,,1,0,0,,,,,
10060,10132,10132,L.,34543,5577,Pisonia aculeata,,1,0,0,,,,,
10060,10132,10132,Griseb.,49134,5577,Pisonia zapallo,,1,0,0,,,,,
10060,10132,10132,L.,34578,5579,Pistia stratiotes,,1,0,0,,,,,
10060,10132,10132,Lindl.,109435,5581,Pitcairnia flammea,,1,0,0,,,,,
10060,10132,10132,Lindl.,109435,5581,Pitcairnia flammea,,1,0,0,,,,,
10060,10132,10132,(L.) Link,34719,5586,Pityrogramma calomelanos,,1,0,0,,,,,
10060,10132,10132,(Rahn) Hassemer,448917,5598,Plantago pretoana,,1,0,0,,,,,
10060,10132,10132,Lam.,34827,5598,Plantago australis,,1,0,0,,,,,
10060,10132,10132,Sims,105129,5598,Plantago brasiliensis,,1,0,0,,,,,
10060,10132,10132,Decne.,109436,5598,Plantago catharinea,,1,0,0,,,,,
10060,10132,10132,Decne. & Barnéoud,109437,5598,Plantago commersoniana,,1,0,0,,,,,
10060,10132,10132,Hassemer,449056,5598,Plantago corvensis,,1,0,0,,,,,
10060,10132,10132,Decne.,109438,5598,Plantago guilleminiana,,1,0,0,,,,,
10060,10132,10132,L.,34864,5598,Plantago major,,0,0,0,,,,,
10060,10132,10132,Hassemer & R.Trevis.,110943,5598,Plantago rahniana,,1,0,0,,,,,
10060,10132,10132,Lam.,53779,5598,Plantago tomentosa,,1,0,0,,,,,
10060,10132,10132,Rahn,110508,5598,Plantago turficola,,1,0,0,,,,,
10060,10132,10132,Vogel,109439,5613,Platymiscium floribundum,,1,0,0,,,,,
10060,10132,10132,Barb.Rodr.,110509,11184,Platyrhiza quadricolor,,1,0,0,,,,,
10060,10132,10132,(Schltr.) Garay,75841,5616,Platystele oxyglossa,,1,0,0,,,,,
10060,10132,10132,(Cogn.) Meneguzzo,448918,7326,Aspidogyne pedicellata,,1,0,0,,,,,
10060,10132,10132,(Hoehne) Meneguzzo,448919,7326,Aspidogyne schlechteriana,,1,0,0,,,,,
10060,10132,10132,(Triana) R.Goldenb.,448920,4675,Miconia ebracteata,,1,0,0,,,,,
10060,10132,10132,R.Goldenb.,410503,4675,Miconia pleioglazioviana,,1,0,0,,,,,
10060,10132,10132,(Liebm.) E.Fourn.,35047,5634,Pleopeltis astrolepis,,1,0,0,,,,,
10060,10132,10132,(Raddi) de la Sota,48862,5634,Pleopeltis hirsutissima,,1,0,0,,,,,
10060,10132,10132,(Langsd. & Fisch.) de la Sota,109444,5634,Pleopeltis lepidopteris,,1,0,0,,,,,
10060,10132,10132,(Willd.) Kaulf.,35050,5634,Pleopeltis macrocarpa,,1,0,0,,,,,
10060,10132,10132,(Bory) J.Prado & R.Y.Hirai,103684,5634,Pleopeltis minima,,1,0,0,,,,,
10060,10132,10132,(Fée) de la Sota,106316,5634,Pleopeltis pleopeltidis,,1,0,0,,,,,
10060,10132,10132,(Raddi) Alston,48863,5634,Pleopeltis pleopeltifolia,,1,0,0,,,,,
10060,10132,10132,F.S.Mey.,109445,11161,Pleroma caissara,,1,0,0,,,,,
10060,10132,10132,(Barb.Rodr.) Chiron & Van den Berg,164378,988,Acianthera atropurpurea,,1,0,0,,,,,
10060,10132,10132,(Cogn.) Chiron & Van den Berg,164379,988,Acianthera crepiniana,,1,0,0,,,,,
10060,10132,10132,(Schltr.) Chiron & Van den Berg,164381,988,Acianthera hatschbachii,,1,0,0,,,,,
10060,10132,10132,Barb.Rodr.,109449,5651,Pleurothallis mantiquyrana,,1,0,0,,,,,
10060,10132,10132,L.B.Sm.,448921,6005,Rhynchospora fluminensis,,1,0,0,,,,,
10060,10132,10132,Boeckeler,448923,6005,Rhynchospora distichophylla,,1,0,0,,,,,
10060,10132,10132,(Kunth) L.B.Sm.,448922,6005,Rhynchospora foliosa,,1,0,0,,,,,
10060,10132,10132,(Brongn.) L.B.Sm.,448924,6005,Rhynchospora gaudichaudii,,1,0,0,,,,,
10060,10132,10132,Bertol.,449057,6005,Rhynchospora pilulifera,,1,0,0,,,,,
10060,10132,10132,(Brongn.) L.B.Sm.,445847,6005,Rhynchospora orbignyana,,1,0,0,,,,,
10060,10132,10132,(Brongn.) L.B.Sm.,445847,6005,Rhynchospora orbignyana,,1,0,0,,,,,
10060,10132,10132,(Kunth) L.B.Sm.,448922,6005,Rhynchospora foliosa,,1,0,0,,,,,
10060,10132,10132,Boeckeler,209205,9507,Pleurostachys muelleri,,1,0,0,,,,,
10060,10132,10132,Boeckeler,209212,9507,Pleurostachys ulei,,1,0,0,,,,,
10060,10132,10132,(Lindl.) Pridgeon & M.W.Chase,107513,988,Acianthera pectinata,,1,0,0,,,,,
10060,10132,10132,(D.Legrand) Sobral,109459,5652,Plinia brachybotrya,,1,0,0,,,,,
10060,10132,10132,(D.Legrand) Sobral,109460,5652,Plinia cordifolia,,1,0,0,,,,,
10060,10132,10132,(Cambess.) Rotman,49132,5652,Plinia rivularis,,1,0,0,,,,,
10060,10132,10132,(O.Berg) Kausel,444752,5652,Plinia trunciflora,,1,0,0,,,,,
10060,10132,10132,Hook. & Arn. ex Baker,110512,5656,Pluchea laxiflora,,1,0,0,,,,,
10060,10132,10132,DC.,109462,5656,Pluchea oblongifolia,,1,0,0,,,,,
10060,10132,10132,(Lam.) Cabrera,35150,5656,Pluchea sagittalis,,1,0,0,,,,,
10060,10132,10132,L.,35166,5659,Plumeria rubra,,0,0,0,,,,,
10060,10132,10132,L.,35203,5661,Poa annua,,0,0,0,,,,,
10060,10132,10132,Pilg.,110513,5661,Poa bradei,,1,0,0,,,,,
10060,10132,10132,Swallen,110514,5661,Poa reitzii,,1,0,0,,,,,
10060,10132,10132,Nees,448926,5661,Poa sellovii,,1,0,0,,,,,
10060,10132,10132,Trin.,109464,5661,Poa umbrosa,,1,0,0,,,,,
10060,10132,10132,Klotzsch ex Endl.,67342,5664,Podocarpus lambertii,,1,0,0,,,,,
10060,10132,10132,Baker,105580,7296,Podocoma blanchetiana,,1,0,0,,,,,
10060,10132,10132,Baker,102815,7296,Podocoma hirsuta,,1,0,0,,,,,
10060,10132,10132,Cabrera,104764,7296,Podocoma spegazzinii,,1,0,0,,,,,
10060,10132,10132,Hicken,105581,5671,Podostemum comatum,,1,0,0,,,,,
10060,10132,10132,(Cham.) Wedd.,84762,5671,Podostemum distichum,,1,0,0,,,,,
10060,10132,10132,C.T.Philbrick & Novelo,109466,5671,Podostemum irgangii,,1,0,0,,,,,
10060,10132,10132,Warm.,105582,5671,Podostemum muelleri,,1,0,0,,,,,
10060,10132,10132,Warm.,105583,5671,Podostemum rutifolium,,1,0,0,,,,,
10060,10132,10132,Benth.,103689,7959,Poecilanthe parviflora,,1,0,0,,,,,
10060,10132,10132,(Nees) Ariza,48889,7285,Poikilacanthus glandulosus,,1,0,0,,,,,
10060,10132,10132,Vogel,69655,5684,Poiretia latifolia,,1,0,0,,,,,
10060,10132,10132,(Poir.) Burkart,103690,5684,Poiretia tetraphylla,,1,0,0,,,,,
10060,10132,10132,Kaulf.,109468,5691,Polybotrya cylindrica,,1,0,0,,,,,
10060,10132,10132,Fée,110946,5691,Polybotrya semipinnata,,1,0,0,,,,,
10060,10132,10132,"Lüdtke, Boldrini & Miotto",109469,5695,Polygala altomontana,,1,0,0,,,,,
10060,10132,10132,A.W.Benn.,69773,5695,Polygala aphylla,,1,0,0,,,,,
10060,10132,10132,L.,103691,5695,Polygala aspalatha,,1,0,0,,,,,
10060,10132,10132,L.,103694,5695,Polygala brasiliensis,,1,0,0,,,,,
10060,10132,10132,Gardner,109470,5695,Polygala campestris,,1,0,0,,,,,
10060,10132,10132,A.St.-Hil. & Moq.,109471,5695,Polygala cneorum,,1,0,0,,,,,
10060,10132,10132,A.St.-Hil. & Moq.,103695,5695,Polygala cyparissias,,1,0,0,,,,,
10060,10132,10132,Lüdtke & Miotto,110515,5695,Polygala densiracemosa,,1,0,0,,,,,
10060,10132,10132,A.St.-Hil. & Moq.,80704,5695,Polygala equisetoides,,1,0,0,,,,,
10060,10132,10132,A.St.-Hil. & Moq.,35487,5695,Polygala lancifolia,,1,0,0,,,,,
10060,10132,10132,(Poir.) J.F.B.Pastore,448928,9311,Caamembeca salicifolia,,1,0,0,,,,,
10060,10132,10132,Vell.,157263,5695,Polygala appendiculata,,1,0,0,,,,,
10060,10132,10132,Poir.,72125,5695,Polygala linoides,,1,0,0,,,,,
10060,10132,10132,Kunth,35489,5695,Polygala longicaulis,,1,0,0,,,,,
10060,10132,10132,A.St.-Hil. & Moq.,53812,5695,Polygala molluginifolia,,1,0,0,,,,,
10060,10132,10132,A.St.-Hil. & Moq.,109476,5695,Polygala moquiniana,,1,0,0,,,,,
10060,10132,10132,A.St.-Hil. & Moq.,71800,5695,Polygala obovata,,1,0,0,,,,,
10060,10132,10132,L.,35496,5695,Polygala paniculata,,1,0,0,,,,,
10060,10132,10132,A.St.-Hil. & Moq.,103696,5695,Polygala pulchella,,1,0,0,,,,,
10060,10132,10132,Norlind,109477,5695,Polygala pumila,,1,0,0,,,,,
10060,10132,10132,A.St.-Hil. & Moq.,344201,5695,Polygala sellowiana,,1,0,0,,,,,
10060,10132,10132,A.W.Benn.,109479,5695,Polygala selaginoides,,1,0,0,,,,,
10060,10132,10132,Chodat,109480,5695,Polygala subverticillata,,1,0,0,,,,,
10060,10132,10132,DC.,80724,5695,Polygala tenuis,,1,0,0,,,,,
10060,10132,10132,Chodat,53813,5695,Polygala timoutoides,,1,0,0,,,,,
10060,10132,10132,(Kunth) M.Gómez,32961,5410,Persicaria acuminata,,1,0,0,,,,,
10060,10132,10132,(Willd.) M.Gómez,32976,5410,Persicaria glabra,,0,0,0,,,,,
10060,10132,10132,(Michx.) Small,32979,5410,Persicaria hydropiperoides,,1,0,0,,,,,
10060,10132,10132,(Cham. & Schltdl.) M.Gómez,32984,5410,Persicaria meisneriana,,1,0,0,,,,,
10060,10132,10132,(Elliott) Small,32993,5410,Persicaria punctata,,1,0,0,,,,,
10060,10132,10132,(Cham.) Galasso,445553,5410,Persicaria stelligera,,1,0,0,,,,,
10060,10132,10132,(Kunth) Pilg.,35639,5706,Polypogon chilensis,,1,0,0,,,,,
10060,10132,10132,Kunth,52309,5706,Polypogon elongatus,,1,0,0,,,,,
10060,10132,10132,(Trin.) Renvoize,104430,5706,Polypogon exasperatus,,1,0,0,,,,,
10060,10132,10132,(O.E.Schulz) Al-Shehbaz,110947,7732,Polypsecadium brasiliense,,1,0,0,,,,,
10060,10132,10132,Barb.Rodr.,109483,5711,Polystachya caespitosa,,1,0,0,,,,,
10060,10132,10132,(Jacq.) Garay & H.R.Sweet,35724,5711,Polystachya concreta,,1,0,0,,,,,
10060,10132,10132,(Hook.) Rchb.f.,35730,5711,Polystachya foliosa,,1,0,0,,,,,
10060,10132,10132,Barb.Rodr.,110948,5711,Polystachya pinicola,,1,0,0,,,,,
10060,10132,10132,Fée,109484,5712,Polystichum aculeolatum,,1,0,0,,,,,
10060,10132,10132,Fée,110519,5712,Polystichum giganteum,,1,0,0,,,,,
10060,10132,10132,Fée,109485,5712,Polystichum longecuspis,,1,0,0,,,,,
10060,10132,10132,(Spreng.) Rosenst.,75957,5712,Polystichum montevidense,,1,0,0,,,,,
10060,10132,10132,(Willd.) C.Presl,35810,5712,Polystichum platyphyllum,,1,0,0,,,,,
10060,10132,10132,(Willd.) C.Presl,35810,5712,Polystichum platyphyllum,,0,1,0,,,,,
10060,10132,10132,(Desv.) Benedict,35841,5713,Polytaenium cajenense,,1,0,0,,,,,
10060,10132,10132,J.Sm.,35843,5713,Polytaenium lineatum,,1,0,0,,,,,
10060,10132,10132,(Vogel) B.B.Simpson & G.P.Lewis,109486,10089,Pomaria stipularis,,1,0,0,,,,,
10060,10132,10132,(A.St.-Hil.) Paula-Souza,105586,9512,Pombalia bigibbosa,,1,0,0,,,,,
10060,10132,10132,(A.St.-Hil.) Paula-Souza,104766,9512,Pombalia communis,,1,0,0,,,,,
10060,10132,10132,(L.f.) Paula-Souza,103702,9512,Pombalia parviflora,,1,0,0,,,,,
10060,10132,10132,L.,35877,5723,Pontederia cordata,,1,0,0,,,,,
10060,10132,10132,(Jacq.) Cass.,35916,5730,Porophyllum ruderale,,1,0,0,,,,,
10060,10132,10132,Mattos,110949,5733,Portulaca diegoi,,1,0,0,,,,,
10060,10132,10132,L.,35951,5733,Portulaca oleracea,,0,0,0,,,,,
10060,10132,10132,D.Legrand,107112,5733,Portulaca papulifera,,1,0,0,,,,,
10060,10132,10132,Lindl.,110950,5733,Portulaca thellusonii,,0,0,1,,,,,
10060,10132,10132,(Rudge) Schult.,35979,5737,Posoqueria latifolia,,1,0,0,,,,,
10060,10132,10132,Hagstr.,103706,5738,Potamogeton ferrugineus,,1,0,0,,,,,
10060,10132,10132,A.Benn.,103707,5738,Potamogeton gayi,,1,0,0,,,,,
10060,10132,10132,A.Benn.,105595,5738,Potamogeton montevidensis,,1,0,0,,,,,
10060,10132,10132,Cham.,103708,5738,Potamogeton polygonus,,1,0,0,,,,,
10060,10132,10132,L.,36009,5738,Potamogeton pusillus,,1,0,0,,,,,
10060,10132,10132,L.,18819,3363,Fragaria vesca,,0,0,1,,,,,
10060,10132,10132,Aubl.,75974,5743,Pourouma guianensis,,1,0,0,,,,,
10060,10132,10132,(Glaz. & Raunk.) Baehni,68164,5744,Pouteria beaurepairei,,1,0,0,,,,,
10060,10132,10132,(Ruiz & Pav.) Radlk.,36084,5744,Pouteria caimito,,1,0,0,,,,,
10060,10132,10132,(Mart. & Eichler) Baehni,75986,5744,Pouteria gardneri,,1,0,0,,,,,
10060,10132,10132,(A.DC.) Radlk.,36089,5744,Pouteria gardneriana,,1,0,0,,,,,
10060,10132,10132,(Spreng.) Radlk.,49198,5744,Pouteria salicifolia,,1,0,0,,,,,
10060,10132,10132,(Mart.) Baehni,109492,5744,Pouteria venosa,,1,0,0,,,,,
10060,10132,10132,(Kunth) Sch.Bip.,53590,7740,Praxelis kleinioides,,1,0,0,,,,,
10060,10132,10132,(Malme) R.M.King & H.Rob.,105597,7740,Praxelis missiona,,1,0,0,,,,,
10060,10132,10132,(Brongn.) Lindl.,109493,5751,Prescottia densiflora,,1,0,0,,,,,
10060,10132,10132,Lindl.,109494,5751,Prescottia lancifolia,,1,0,0,,,,,
10060,10132,10132,Barb.Rodr.,106338,5751,Prescottia montana,,1,0,0,,,,,
10060,10132,10132,(Sw.) Lindl.,36182,5751,Prescottia oligantha,,1,0,0,,,,,
10060,10132,10132,Lindl. ex Hook.,448930,5751,Prescottia plantaginifolia,,1,0,0,,,,,
10060,10132,10132,(Sw.) Lindl.,36183,5751,Prescottia stachyodes,,1,0,0,,,,,
10060,10132,10132,(Vell.) Woodson,54933,5753,Prestonia coalita,,1,0,0,,,,,
10060,10132,10132,(Malme) Woodson,109496,5753,Prestonia dusenii,,1,0,0,,,,,
10060,10132,10132,(Kunth) A.C.Sm.,36221,5763,Pristimera celastroides,,1,0,0,,,,,
10060,10132,10132,P.Browne ex L.,36256,936,Prockia crucis,,1,0,0,,,,,
10060,10132,10132,Schltr.,110951,8950,Promenaea acuminata,,1,0,0,,,,,
10060,10132,10132,(Lindl.) Lindl.,109499,8950,Promenaea rollissonii,,1,0,0,,,,,
10060,10132,10132,Schltr.,110952,8950,Promenaea catharinensis,,1,0,0,,,,,
10060,10132,10132,Schltr.,110953,8950,Promenaea fuerstenbergiana,,1,0,0,,,,,
10060,10132,10132,(Lindl.) Lindl.,109499,8950,Promenaea rollissonii,,1,0,0,,,,,
10060,10132,10132,(Lindl.) Lindl.,109499,8950,Promenaea rollissonii,,1,0,0,,,,,
10060,10132,10132,(Link & Otto) Lindl.,109500,8950,Promenaea stapelioides,,1,0,0,,,,,
10060,10132,10132,(Lindl.) Lindl.,109501,8950,Promenaea xanthina,,1,0,0,,,,,
10060,10132,10132,L.,36300,5771,Proserpinaca palustris,,1,0,0,,,,,
10060,10132,10132,(Vell.) W.E.Higgins,109502,5775,Prosthechea bulbosa,,1,0,0,,,,,
10060,10132,10132,(Rchb.f. ex Cogn.) W.E.Higgins,107881,5775,Prosthechea fausta,,1,0,0,,,,,
10060,10132,10132,(Sw.) W.E.Higgins,36329,5775,Prosthechea fragrans,,1,0,0,,,,,
10060,10132,10132,(Vell.) W.E.Higgins,109502,5775,Prosthechea bulbosa,,1,0,0,,,,,
10060,10132,10132,(Vell.) W.E.Higgins,67883,5775,Prosthechea papilio,,1,0,0,,,,,
10060,10132,10132,(Lindl.) W.E.Higgins,109503,5775,Prosthechea calamaria,,1,0,0,,,,,
10060,10132,10132,(Hook.) W.E.Higgins,36332,5775,Prosthechea pygmaea,,1,0,0,,,,,
10060,10132,10132,(Linden ex Lindl.) W.E.Higgins,109504,5775,Prosthechea tigrina,,1,0,0,,,,,
10060,10132,10132,(Vell.) W.E.Higgins,54613,5775,Prosthechea vespa,,1,0,0,,,,,
10060,10132,10132,Cuatrec.,109505,5778,Protium kleinii,,1,0,0,,,,,
10060,10132,10132,(Cham. & Schltdl.) D.Dietr.,49157,5782,Prunus brasiliensis,,1,0,0,,,,,
10060,10132,10132,Koehne,109506,5782,Prunus ligustrina,,1,0,0,,,,,
10060,10132,10132,(L.) Urb.,36378,5782,Prunus myrtifolia,,1,0,0,,,,,
10060,10132,10132,(Gardner) Walp.,135541,5782,Prunus reflexa,,1,0,0,,,,,
10060,10132,10132,(Chodat & Hassl.) Koehne,49159,5782,Prunus subcoriacea,,1,0,0,,,,,
10060,10132,10132,Koehne,109508,5782,Prunus ulei,,1,0,0,,,,,
10060,10132,10132,(Kunth) Stapf,36412,5790,Pseudechinolaena polystachya,,1,0,0,,,,,
10060,10132,10132,(Nees) Radlk.,109509,5792,Pseuderanthemum riedelianum,,1,0,0,,,,,
10060,10132,10132,(Cav.) A.Robyns,68090,5794,Pseudobombax grandiflorum,,1,0,0,,,,,
10060,10132,10132,(Mart.) A.Robyns,67506,5794,Pseudobombax longiflorum,,1,0,0,,,,,
10060,10132,10132,(Lam.) Hilliard & B.L.Burtt,440262,5801,Pseudognaphalium cheiranthifolium,,1,0,0,,,,,
10060,10132,10132,(DC.) Anderb.,48188,5801,Pseudognaphalium gaudichaudianum,,1,0,0,,,,,
10060,10132,10132,Kuhlm.,109510,5804,Pseudolmedia hirtula,,1,0,0,,,,,
10060,10132,10132,(Underw. & F.E.Lloyd) Holub,443745,13055,Pseudolycopodiella meridionalis,,1,0,0,,,,,
10060,10132,10132,(Benth.) G.P.Lewis & M.P.Lima,109511,9470,Pseudopiptadenia warmingii,,1,0,0,,,,,
10060,10132,10132,Suess.,48893,7288,Pseudoplantago friesii,,1,0,0,,,,,
10060,10132,10132,Barb.Rodr.,75889,6522,Stelis deregularis,,1,0,0,,,,,
10060,10132,10132,Sabine,424429,5825,Psidium cattleyanum,,1,0,0,,,,,
10060,10132,10132,L.,36550,5825,Psidium guajava,,1,0,0,,,,,
10060,10132,10132,Sw.,36551,5825,Psidium guineense,,1,0,0,,,,,
10060,10132,10132,(Spreng.) Burret,109514,5825,Psidium ovale,,1,0,0,,,,,
10060,10132,10132,D.Legrand,109513,5825,Psidium longipetiolatum,,1,0,0,,,,,
10060,10132,10132,(Kunth) O.Berg,36570,5825,Psidium salutare,,1,0,0,,,,,
10060,10132,10132,(Spreng.) Burret,109514,5825,Psidium ovale,,1,0,0,,,,,
10060,10132,10132,Barb.Rodr.,76079,5828,Psilochilus modestus,,1,0,0,,,,,
10060,10132,10132,(L.) P.Beauv.,36586,5831,Psilotum nudum,,1,0,0,,,,,
10060,10132,10132,Müll.Arg.,109516,5840,Psychotria brachyceras,,1,0,0,,,,,
10060,10132,10132,Jacq.,36659,5840,Psychotria carthagenensis,,1,0,0,,,,,
10060,10132,10132,ined.,217472,5840,Psychotria alegre,,1,0,0,,,,,
10060,10132,10132,"L.B.Sm., R.M.Klein & Delprete",68151,5840,Psychotria fractistipula,,1,0,0,,,,,
10060,10132,10132,Müll.Arg.,109518,5840,Psychotria hastisepala,,1,0,0,,,,,
10060,10132,10132,Vell.,109519,5840,Psychotria laciniata,,1,0,0,,,,,
10060,10132,10132,Cham. & Schltdl.,49179,5840,Psychotria leiocarpa,,1,0,0,,,,,
10060,10132,10132,C.M.Taylor,448931,5245,Palicourea jungiana,,1,0,0,,,,,
10060,10132,10132,(Müll.Arg.) C.M.Taylor,410767,5245,Palicourea malaneoides,,1,0,0,,,,,
10060,10132,10132,Rich.,442082,5840,Psychotria pedunculosa,,1,0,0,,,,,
10060,10132,10132,(Müll.Arg.) C.M.Taylor,444754,5245,Palicourea mamillaris,,1,0,0,,,,,
10060,10132,10132,Gardner,109521,5840,Psychotria nemorosa,,1,0,0,,,,,
10060,10132,10132,(Cham. & Schltdl.) Wawra,109522,5840,Psychotria nuda,,1,0,0,,,,,
10060,10132,10132,Benth.,67950,5840,Psychotria stachyoides,,1,0,0,,,,,
10060,10132,10132,Müll.Arg.,68152,5840,Psychotria suterella,,1,0,0,,,,,
10060,10132,10132,(Müll.Arg.) Britton,109523,5840,Psychotria brachypoda,,1,0,0,,,,,
10060,10132,10132,(Vell.) C.M.Taylor,410776,5245,Palicourea sessilis,,1,0,0,,,,,
10060,10132,10132,(Kaulf.) Maxon,36951,5848,Pteridium arachnoideum,,1,0,0,,,,,
10060,10132,10132,Poir.,36963,5850,Pteris altissima,,1,0,0,,,,,
10060,10132,10132,(Fée) C.V.Morton,109524,5850,Pteris angustata,,1,0,0,,,,,
10060,10132,10132,Raddi,71818,5850,Pteris brasiliensis,,1,0,0,,,,,
10060,10132,10132,C.Presl,109525,5850,Pteris decurrens,,1,0,0,,,,,
10060,10132,10132,Link,36983,5850,Pteris deflexa,,1,0,0,,,,,
10060,10132,10132,Sw.,48871,5850,Pteris denticulata,,1,0,0,,,,,
10060,10132,10132,Sw.,48871,5850,Pteris denticulata,,1,0,0,,,,,
10060,10132,10132,Mett.,48872,5850,Pteris lechleri,,1,0,0,,,,,
10060,10132,10132,Sw.,109526,5850,Pteris leptophylla,,1,0,0,,,,,
10060,10132,10132,Sw.,37051,5850,Pteris podophylla,,1,0,0,,,,,
10060,10132,10132,J.Agardh,48189,5850,Pteris propinqua,,1,0,0,,,,,
10060,10132,10132,Kaulf.,109527,5850,Pteris splendens,,1,0,0,,,,,
10060,10132,10132,L.,37076,5850,Pteris vittata,,0,0,0,,,,,
10060,10132,10132,Vahl,37093,5853,Pterocarpus rohrii,,1,0,0,,,,,
10060,10132,10132,(Lam.) DC.,48960,5855,Pterocaulon alopecuroides,,1,0,0,,,,,
10060,10132,10132,DC.,84589,5855,Pterocaulon angustifolium,,1,0,0,,,,,
10060,10132,10132,Chodat,48961,5855,Pterocaulon balansae,,1,0,0,,,,,
10060,10132,10132,Malme,53597,5855,Pterocaulon lorentzii,,1,0,0,,,,,
10060,10132,10132,(DC.) Cabrera,105599,5855,Pterocaulon polypterum,,1,0,0,,,,,
10060,10132,10132,DC.,104768,5855,Pterocaulon polystachyum,,1,0,0,,,,,
10060,10132,10132,Malme,72042,5855,Pterocaulon rugosum,,1,0,0,,,,,
10060,10132,10132,(L.) DC.,37099,5855,Pterocaulon virgatum,,1,0,0,,,,,
10060,10132,10132,Tul.,53684,7752,Pterogyne nitens,,1,0,0,,,,,
10060,10132,10132,(Rottb.) Miq.,37109,5859,Pterolepis glomerata,,1,0,0,,,,,
10060,10132,10132,,37414,5891,Pycreus polystachyos,,1,0,0,,,,,
10060,10132,10132,(Ker Gawl.) Miers,37448,5898,Pyrostegia venusta,,1,0,0,,,,,
10060,10132,10132,Spreng.,107115,8964,Qualea cordata,,1,0,0,,,,,
10060,10132,10132,(Spreng.) Warm.,109530,8964,Qualea cryptantha,,1,0,0,,,,,
10060,10132,10132,L.B.Sm.,109533,5910,Quesnelia imbricata,,1,0,0,,,,,
10060,10132,10132,Engl.,109534,5911,Quiina glaziovii,,1,0,0,,,,,
10060,10132,10132,D.Don,428836,5912,Quillaja lancifolia,,1,0,0,,,,,
10060,10132,10132,(Mez) M.A.Spencer & L.B.Sm.,448932,11164,Racinaea aeris-incola,,1,0,0,,,,,
10060,10132,10132,(Griseb.) M.A.Spencer & L.B.Sm.,109536,11164,Racinaea spiculosa,,1,0,0,,,,,
10060,10132,10132,(Kunze) E.H.Crane,76198,5921,Radiovittaria stipitata,,1,0,0,,,,,
10060,10132,10132,(Cham. & Schltdl.) DC.,68153,5925,Randia ferox,,1,0,0,,,,,
10060,10132,10132,Pers.,103721,5927,Ranunculus apiifolius,,1,0,0,,,,,
10060,10132,10132,Poir.,55933,5927,Ranunculus bonariensis,,1,0,0,,,,,
10060,10132,10132,Poir.,55933,5927,Ranunculus bonariensis,,1,0,0,,,,,
10060,10132,10132,Poir.,55933,5927,Ranunculus bonariensis,,1,0,0,,,,,
10060,10132,10132,Lourteig,110954,5927,Ranunculus catharinensis,,1,0,0,,,,,
10060,10132,10132,Sm.,37712,5927,Ranunculus flagelliformis,,1,0,0,,,,,
10060,10132,10132,L.,37765,5927,Ranunculus muricatus,,0,0,0,,,,,
10060,10132,10132,Loefl.,37779,5927,Ranunculus parviflorus,,0,0,0,,,,,
10060,10132,10132,R.S.Cowan,110955,11192,Raulinoa echinata,,1,0,0,,,,,
10060,10132,10132,(Spreng.) R.M.King & H.Rob.,67464,8906,Raulinoreitzia crenulata,,1,0,0,,,,,
10060,10132,10132,(Hook. & Arn.) R.M.King & H.Rob.,103723,8906,Raulinoreitzia tremula,,1,0,0,,,,,
10060,10132,10132,Müll.Arg.,68030,5934,Rauvolfia sellowii,,1,0,0,,,,,
10060,10132,10132,(Moldenke) Thode & O'Leary,110526,11185,Recordia reitzii,,1,0,0,,,,,
10060,10132,10132,Lindm.,105601,11050,Regnellidium diphyllum,,1,0,0,,,,,
10060,10132,10132,Swallen,110956,11193,Reitzia smithii,,1,0,0,,,,,
10060,10132,10132,(M.L.Porto & Ehrend.) K.De Toni & Mariath,449019,3401,Galium humilioides,,1,0,0,,,,,
10060,10132,10132,(Mariath & Ehrend.) K.De Toni & Mariath,410078,3401,Galium longipedunculatum,,1,0,0,,,,,
10060,10132,10132,(R.Br.) J.Kern,439641,2661,Cyperus pedunculatus,,1,0,0,,,,,
10060,10132,10132,(Vell.) Miers,67376,5963,Rhabdadenia madida,,1,0,0,,,,,
10060,10132,10132,Epling,109538,7755,Rhabdocaulon erythrostachys,,1,0,0,,,,,
10060,10132,10132,(Benth.) Epling,109540,7755,Rhabdocaulon lavanduloides,,1,0,0,,,,,
10060,10132,10132,(Briq.) Epling,110528,7755,Rhabdocaulon stenodontum,,1,0,0,,,,,
10060,10132,10132,Reissek,38054,5969,Rhamnidium elaeocarpum,,1,0,0,,,,,
10060,10132,10132,Reissek,446663,3365,Frangula polymorpha,,1,0,0,,,,,
10060,10132,10132,Mart.,73954,3409,Garcinia brasiliensis,,1,0,0,,,,,
10060,10132,10132,(J.S.Muell.) Stearn,38128,5982,Rhipsalis baccifera,,1,0,0,,,,,
10060,10132,10132,Britton & Rose,109542,5982,Rhipsalis burchellii,,1,0,0,,,,,
10060,10132,10132,Loefgr.,109543,5982,Rhipsalis campos-portoana,,1,0,0,,,,,
10060,10132,10132,Haw.,53623,5982,Rhipsalis cereuscula,,1,0,0,,,,,
10060,10132,10132,(Vell.) Miq.,48987,7297,Lepismium cruciforme,,1,0,0,,,,,
10060,10132,10132,(G.Lindb.) K.Schum.,109545,5982,Rhipsalis dissimilis,,1,0,0,,,,,
10060,10132,10132,G.Lindb. ex K.Schum.,109546,5982,Rhipsalis elliptica,,1,0,0,,,,,
10060,10132,10132,Salm-Dyck ex Pfeiff.,48988,5982,Rhipsalis floccosa,,1,0,0,,,,,
10060,10132,10132,Salm-Dyck ex Pfeiff.,48988,5982,Rhipsalis floccosa,,1,0,0,,,,,
10060,10132,10132,Haw.,109547,5982,Rhipsalis grandiflora,,1,0,0,,,,,
10060,10132,10132,(Lem.) Barthlott,48989,7297,Lepismium houlletianum,,1,0,0,,,,,
10060,10132,10132,(Lem.) Barthlott,48990,7297,Lepismium lumbricoides,,1,0,0,,,,,
10060,10132,10132,Pfeiff.,109549,5982,Rhipsalis pachyptera,,1,0,0,,,,,
10060,10132,10132,(Salm-Dyck ex Pfeiff.) Salm-Dyck,109550,5982,Rhipsalis paradoxa,,1,0,0,,,,,
10060,10132,10132,G.Lindb.,109552,5982,Rhipsalis puniceodiscus,,1,0,0,,,,,
10060,10132,10132,(Vell.) Steud.,109553,5982,Rhipsalis teres,,1,0,0,,,,,
10060,10132,10132,(Vell.) Steud.,109553,5982,Rhipsalis teres,,1,0,0,,,,,
10060,10132,10132,(Vell.) Steud.,109553,5982,Rhipsalis teres,,1,0,0,,,,,
10060,10132,10132,(Vell.) Steud.,109553,5982,Rhipsalis teres,,1,0,0,,,,,
10060,10132,10132,Pfeiff.,109554,5982,Rhipsalis trigona,,1,0,0,,,,,
10060,10132,10132,L.,38130,5983,Rhizophora mangle,,1,0,0,,,,,
10060,10132,10132,Cham.,109556,8942,Rhynchanthera brachyrhyncha,,1,0,0,,,,,
10060,10132,10132,DC.,67776,8942,Rhynchanthera cordata,,1,0,0,,,,,
10060,10132,10132,DC.,76240,8942,Rhynchanthera dichotoma,,1,0,0,,,,,
10060,10132,10132,Mart. ex Benth.,53685,6003,Rhynchosia corylifolia,,1,0,0,,,,,
10060,10132,10132,Micheli,102867,6003,Rhynchosia diversifolia,,1,0,0,,,,,
10060,10132,10132,Griseb.,71670,6003,Rhynchosia edulis,,1,0,0,,,,,
10060,10132,10132,Benth.,105605,6003,Rhynchosia lineata,,1,0,0,,,,,
10060,10132,10132,Grear,76241,6003,Rhynchosia melanocarpa,,1,0,0,,,,,
10060,10132,10132,(Sw.) DC.,38260,6003,Rhynchosia phaseoloides,,1,0,0,,,,,
10060,10132,10132,(Nees) Steud.,53643,6005,Rhynchospora asperula,,1,0,0,,,,,
10060,10132,10132,Guagl.,49255,6005,Rhynchospora barrosiana,,1,0,0,,,,,
10060,10132,10132,Boeckeler,67566,6005,Rhynchospora biflora,,1,0,0,,,,,
10060,10132,10132,Boeckeler,109557,6005,Rhynchospora brasiliensis,,1,0,0,,,,,
10060,10132,10132,H.Pfeiff.,109558,6005,Rhynchospora breviuscula,,1,0,0,,,,,
10060,10132,10132,Gale,38276,6005,Rhynchospora brittonii,,1,0,0,,,,,
10060,10132,10132,(Vahl) Gale,38348,6005,Rhynchospora rugosa,,1,0,0,,,,,
10060,10132,10132,Barros,110957,6005,Rhynchospora catharinensis,,1,0,0,,,,,
10060,10132,10132,(Nees) Griseb.,442199,6005,Rhynchospora pura,,1,0,0,,,,,
10060,10132,10132,(Nees) Boeckeler,448933,6005,Rhynchospora conferta,,1,0,0,,,,,
10060,10132,10132,(Nees) C.B.Clarke,105607,6005,Rhynchospora confinis,,1,0,0,,,,,
10060,10132,10132,(Kunth) Boeckeler,67565,6005,Rhynchospora consanguinea,,1,0,0,,,,,
10060,10132,10132,Boeckeler,110958,6005,Rhynchospora coriifolia,,1,0,0,,,,,
10060,10132,10132,(L.) Britton,38289,6005,Rhynchospora corymbosa,,1,0,0,,,,,
10060,10132,10132,(L.) Britton,38289,6005,Rhynchospora corymbosa,,1,0,0,,,,,
10060,10132,10132,(L.) Britton,38289,6005,Rhynchospora corymbosa,,1,0,0,,,,,
10060,10132,10132,(Nees) Boeckeler,54973,6005,Rhynchospora emaciata,,1,0,0,,,,,
10060,10132,10132,Kunth,38299,6005,Rhynchospora exaltata,,1,0,0,,,,,
10060,10132,10132,Boeckeler,110959,6005,Rhynchospora edwalliana,,1,0,0,,,,,
10060,10132,10132,Link,38309,6005,Rhynchospora gigantea,,1,0,0,,,,,
10060,10132,10132,Boeckeler,107116,6005,Rhynchospora glaziovii,,1,0,0,,,,,
10060,10132,10132,(Kunth) Roem. & Schult.,38310,6005,Rhynchospora globosa,,1,0,0,,,,,
10060,10132,10132,Boeckeler,109560,6005,Rhynchospora gollmeri,,1,0,0,,,,,
10060,10132,10132,T.Koyama,109561,6005,Rhynchospora hatschbachii,,1,0,0,,,,,
10060,10132,10132,Boeckeler,105608,6005,Rhynchospora hieronymi,,1,0,0,,,,,
10060,10132,10132,Boeckeler,105608,6005,Rhynchospora hieronymi,,1,0,0,,,,,
10060,10132,10132,(Rich.) Herter,38317,6005,Rhynchospora holoschoenoides,,1,0,0,,,,,
10060,10132,10132,(Kunth) Boeckeler,110960,6005,Rhynchospora junciformis,,1,0,0,,,,,
10060,10132,10132,Boeckeler,445884,6005,Rhynchospora loefgrenii,,1,0,0,,,,,
10060,10132,10132,Lindl. & Nees,38326,6005,Rhynchospora marisculus,,1,0,0,,,,,
10060,10132,10132,(A.Spreng.) H.Pfeiff.,103728,6005,Rhynchospora megapotamica,,1,0,0,,,,,
10060,10132,10132,Silva Filho & Boldrini,449058,6005,Rhynchospora boeckeleriana,,1,0,0,,,,,
10060,10132,10132,(Vahl) Boeckeler,38333,6005,Rhynchospora nervosa,,1,0,0,,,,,
10060,10132,10132,Guagl.,109564,6005,Rhynchospora pedersenii,,1,0,0,,,,,
10060,10132,10132,Steud.,109565,6005,Rhynchospora polyantha,,1,0,0,,,,,
10060,10132,10132,"Gerry Moore, Guagl. & Zartman",110531,6005,Rhynchospora pseudomacrostachya,,1,0,0,,,,,
10060,10132,10132,(Vahl) Gale,38348,6005,Rhynchospora rugosa,,1,0,0,,,,,
10060,10132,10132,(Schltdl. & Cham.) H.Pfeiff.,38345,6005,Rhynchospora radicans,,1,0,0,,,,,
10060,10132,10132,A.C.Araújo,344324,6005,Rhynchospora albobracteata,,1,0,0,,,,,
10060,10132,10132,(Kunth) Boeckeler,76246,6005,Rhynchospora robusta,,1,0,0,,,,,
10060,10132,10132,(Vahl) Gale,38348,6005,Rhynchospora rugosa,,1,0,0,,,,,
10060,10132,10132,Griseb.,38353,6005,Rhynchospora scutellata,,1,0,0,,,,,
10060,10132,10132,(Kunth) Griseb.,105610,6005,Rhynchospora setigera,,1,0,0,,,,,
10060,10132,10132,W.W.Thomas,110961,6005,Rhynchospora smithii,,1,0,0,,,,,
10060,10132,10132,Lindm.,76247,6005,Rhynchospora splendens,,1,0,0,,,,,
10060,10132,10132,Lindm.,76247,6005,Rhynchospora splendens,,1,0,0,,,,,
10060,10132,10132,C.B.Clarke,109566,6005,Rhynchospora subsetosa,,1,0,0,,,,,
10060,10132,10132,Boeckeler,109567,6005,Rhynchospora subtilis,,1,0,0,,,,,
10060,10132,10132,(Nees) Boeckeler,54976,6005,Rhynchospora tenella,,1,0,0,,,,,
10060,10132,10132,Link,38367,6005,Rhynchospora tenuis,,1,0,0,,,,,
10060,10132,10132,Desv.,38384,6009,Rhytachne rottboellioides,,0,0,0,,,,,
10060,10132,10132,Gomes,38423,6014,Richardia brasiliensis,,1,0,0,,,,,
10060,10132,10132,(Cham. & Schltdl.) Steud.,69785,6014,Richardia humistrata,,1,0,0,,,,,
10060,10132,10132,(K.Schum.) Kuntze,109569,6014,Richardia pedicellata,,1,0,0,,,,,
10060,10132,10132,Müll.Arg.,109571,6017,Richeria australis,,1,0,0,,,,,
10060,10132,10132,L.,38443,6020,Ricinus communis,,0,0,0,,,,,
10060,10132,10132,(Vell.) Hoehne,109572,6030,Rodriguezia bracteata,,1,0,0,,,,,
10060,10132,10132,(Lem.) Rchb.f.,107117,6030,Rodriguezia decora,,1,0,0,,,,,
10060,10132,10132,(Barb.Rodr.) Pabst,109574,3518,Gomesa gomezoides,,1,0,0,,,,,
10060,10132,10132,(Hoehne) Pabst,110962,3518,Gomesa handroi,,1,0,0,,,,,
10060,10132,10132,(Barb.Rodr.) M.W.Chase & N.H.Williams,109575,3518,Gomesa eleutherosepala,,1,0,0,,,,,
10060,10132,10132,(Záchia) H.Rainer,332624,1333,Annona maritima,,1,0,0,,,,,
10060,10132,10132,H.Rainer,290044,1333,Annona neosericea,,1,0,0,,,,,
10060,10132,10132,A.St.-Hil.,445141,1333,Annona sylvatica,,1,0,0,,,,,
10060,10132,10132,(Walp.) Cabrera,103730,6042,Rorippa hilariana,,1,0,0,,,,,
10060,10132,10132,Sleumer,110533,7970,Roupala asplenioides,,1,0,0,,,,,
10060,10132,10132,Mez ex Taub.,109578,7970,Roupala consimilis,,1,0,0,,,,,
10060,10132,10132,Sleumer,84766,7970,Roupala meisneri,,1,0,0,,,,,
10060,10132,10132,Aubl.,54979,7970,Roupala montana,,1,0,0,,,,,
10060,10132,10132,Aubl.,54979,7970,Roupala montana,,1,0,0,,,,,
10060,10132,10132,Aubl.,54979,7970,Roupala montana,,1,0,0,,,,,
10060,10132,10132,K.Schum.,110963,7970,Roupala pallida,,1,0,0,,,,,
10060,10132,10132,G.Schellenb.,109579,6059,Rourea gracilis,,1,0,0,,,,,
10060,10132,10132,Mart.,445136,6065,Rubus brasiliensis,,1,0,0,,,,,
10060,10132,10132,Mart. ex Hook.f.,109580,6065,Rubus erythroclados,,1,0,0,,,,,
10060,10132,10132,Cham. & Schltdl.,104468,6065,Rubus imperialis,,1,0,0,,,,,
10060,10132,10132,Sm.,39171,6065,Rubus rosifolius,,0,0,0,,,,,
10060,10132,10132,Sm.,39171,6065,Rubus rosifolius,,0,0,0,,,,,
10060,10132,10132,Sm.,39171,6065,Rubus rosifolius,,0,0,0,,,,,
10060,10132,10132,Cham. & Schltdl.,49162,6065,Rubus sellowii,,1,0,0,,,,,
10060,10132,10132,Schott,39240,6065,Rubus ulmifolius,,0,0,0,,,,,
10060,10132,10132,Poir.,107118,6065,Rubus urticifolius,,1,0,0,,,,,
10060,10132,10132,(Spreng.) K.Schum.,109581,6067,Rudgea coriacea,,1,0,0,,,,,
10060,10132,10132,(Cham.) Müll.Arg.,109583,6067,Rudgea gardenioides,,1,0,0,,,,,
10060,10132,10132,(Cham.) Müll.Arg.,49181,6067,Rudgea jasminoides,,1,0,0,,,,,
10060,10132,10132,(Cham.) Müll.Arg.,49181,6067,Rudgea jasminoides,,1,0,0,,,,,
10060,10132,10132,(Cham.) Müll.Arg.,49182,6067,Rudgea parquioides,,1,0,0,,,,,
10060,10132,10132,(Cham.) Müll.Arg.,49182,6067,Rudgea parquioides,,1,0,0,,,,,
10060,10132,10132,(Cham.) Müll.Arg.,49182,6067,Rudgea parquioides,,1,0,0,,,,,
10060,10132,10132,Müll.Arg.,109585,6067,Rudgea recurva,,1,0,0,,,,,
10060,10132,10132,(Nees) Lindau ex Rambo,53545,6068,Ruellia angustiflora,,1,0,0,,,,,
10060,10132,10132,Nees,448561,2895,Dipteracanthus brevicaulis,,1,0,0,,,,,
10060,10132,10132,(Pohl) C.Ezcurra,39274,6068,Ruellia brevifolia,,1,0,0,,,,,
10060,10132,10132,Lindau,53546,6068,Ruellia bulbifera,,1,0,0,,,,,
10060,10132,10132,Kunth,39287,6068,Ruellia geminiflora,,1,0,0,,,,,
10060,10132,10132,C.Ezcurra & Wassh.,110964,6068,Ruellia kleinii,,1,0,0,,,,,
10060,10132,10132,(Nees) Lindau,84539,6068,Ruellia multifolia,,1,0,0,,,,,
10060,10132,10132,(Nees) Lindau,84539,6068,Ruellia multifolia,,1,0,0,,,,,
10060,10132,10132,Wassh. & L.B.Sm.,110965,6068,Ruellia reitzii,,1,0,0,,,,,
10060,10132,10132,(Sw.) Zuloaga,76315,9535,Rugoloa pilosa,,1,0,0,,,,,
10060,10132,10132,(Schrad.) Zuloaga,76316,9535,Rugoloa polygonata,,1,0,0,,,,,
10060,10132,10132,Link,105616,6070,Rumex brasiliensis,,1,0,0,,,,,
10060,10132,10132,(G.Forst.) Ching,39378,6071,Rumohra adiantiformis,,1,0,0,,,,,
10060,10132,10132,(G.Forst.) Ching,39378,6071,Rumohra adiantiformis,,1,0,0,,,,,
10060,10132,10132,L.,39389,6073,Ruppia maritima,,1,0,0,,,,,
10060,10132,10132,Meisn.,53816,6074,Ruprechtia laxiflora,,1,0,0,,,,,
10060,10132,10132,Pendry,68146,6074,Ruprechtia paranensis,,1,0,0,,,,,
10060,10132,10132,Willd. ex Schult.,39493,6093,Sabicea villosa,,1,0,0,,,,,
10060,10132,10132,(C.Presl) Mett.,448935,6097,Saccoloma brasiliense,,1,0,0,,,,,
10060,10132,10132,Kaulf.,39515,6097,Saccoloma elegans,,1,0,0,,,,,
10060,10132,10132,(Kunze) Mett.,39516,6097,Saccoloma inaequale,,1,0,0,,,,,
10060,10132,10132,(Kraenzl.) Garay,109589,6100,Sacoila duseniana,,1,0,0,,,,,
10060,10132,10132,(Aubl.) Garay,39522,6100,Sacoila lanceolata,,1,0,0,,,,,
10060,10132,10132,Cham. & Schltdl.,39559,6106,Sagittaria montevidensis,,1,0,0,,,,,
10060,10132,10132,Cham.,53552,6106,Sagittaria rhombifolia,,1,0,0,,,,,
10060,10132,10132,(Mart.) G.Don,76339,6111,Salacia elliptica,,1,0,0,,,,,
10060,10132,10132,Willd.,39670,6115,Salix humboldtiana,,1,0,0,,,,,
10060,10132,10132,(Kaulf.) J.Sm.,70414,9141,Salpichlaena volubilis,,1,0,0,,,,,
10060,10132,10132,(Lam.) Baill.,39729,6119,Salpichroa origanifolia,,1,0,0,,,,,
10060,10132,10132,(W.Bull ex Naudin) Triana,109590,9538,Salpinga margaritacea,,1,0,0,,,,,
10060,10132,10132,Epling,110534,6123,Salvia congestiflora,,1,0,0,,,,,
10060,10132,10132,A.St.-Hil. ex Benth.,442298,6123,Salvia guaranitica,,1,0,0,,,,,
10060,10132,10132,Benth.,109594,6123,Salvia lachnostachys,,1,0,0,,,,,
10060,10132,10132,Benth.,109595,6123,Salvia melissiflora,,1,0,0,,,,,
10060,10132,10132,Benth.,103734,6123,Salvia procurrens,,1,0,0,,,,,
10060,10132,10132,Epling,110966,6123,Salvia reitzii,,1,0,0,,,,,
10060,10132,10132,Epling,109598,6123,Salvia scoparia,,1,0,0,,,,,
10060,10132,10132,Sellow ex Nees,39826,6123,Salvia splendens,,0,0,0,,,,,
10060,10132,10132,Epling,110967,6123,Salvia tenuiflora,,1,0,0,,,,,
10060,10132,10132,Benth.,39836,6123,Salvia uliginosa,,1,0,0,,,,,
10060,10132,10132,Aubl.,39843,6124,Salvinia auriculata,,1,0,0,,,,,
10060,10132,10132,Raddi,53543,6124,Salvinia biloba,,1,0,0,,,,,
10060,10132,10132,Baker,39845,6124,Salvinia minima,,1,0,0,,,,,
10060,10132,10132,Cham. & Schltdl.,48998,6125,Sambucus australis,,1,0,0,,,,,
10060,10132,10132,A.St.-Hil.,105778,6126,Samolus subnudicaulis,,1,0,0,,,,,
10060,10132,10132,L.,39860,6126,Samolus valerandi,,1,0,0,,,,,
10060,10132,10132,(L.) Morong,39948,6140,Sapium glandulosum,,1,0,0,,,,,
10060,10132,10132,(Sm.) Schltr.,39988,6152,Sarcoglottis acaulis,,1,0,0,,,,,
10060,10132,10132,Mancinelli & E.C.Smidt,110968,6152,Sarcoglottis catharinensis,,1,0,0,,,,,
10060,10132,10132,(Hook.) Klotzsch,82551,6152,Sarcoglottis grandiflora,,1,0,0,,,,,
10060,10132,10132,Barb.Rodr.,105621,6152,Sarcoglottis uliginosa,,1,0,0,,,,,
10060,10132,10132,(Ruschi) F.Barros,109602,988,Acianthera bragae,,1,0,0,,,,,
10060,10132,10132,L.,40090,6181,Sauvagesia erecta,,1,0,0,,,,,
10060,10132,10132,(Vell. ex A.St.-Hil.) Sastre,448936,6181,Sauvagesia vellozoi,,1,0,0,,,,,
10060,10132,10132,Müll.Arg.,109604,6183,Savia dictyocarpa,,1,0,0,,,,,
10060,10132,10132,(L.) Vahl,40200,6187,Scaevola plumieri,,1,0,0,,,,,
10060,10132,10132,(Garay) Dressler,109605,6195,Scaphyglottis emarginata,,1,0,0,,,,,
10060,10132,10132,(Rchb.f.) Schltr.,40233,6195,Scaphyglottis modesta,,1,0,0,,,,,
10060,10132,10132,Marchal,448937,8893,Didymopanax angustissimus,,1,0,0,,,,,
10060,10132,10132,(Hauman) Garay,104478,10996,Sauroglossum andinum,,1,0,0,,,,,
10060,10132,10132,F.A.Barkley,102774,6207,Schinus engleri,,1,0,0,,,,,
10060,10132,10132,Hassl.,107124,6207,Schinus ferox,,1,0,0,,,,,
10060,10132,10132,Marchand,290720,6207,Schinus lentiscifolia,,1,0,0,,,,,
10060,10132,10132,(Lindl.) Speg.,72013,6207,Schinus longifolia,,1,0,0,,,,,
10060,10132,10132,Raddi,40339,6207,Schinus terebinthifolia,,1,0,0,,,,,
10060,10132,10132,Raddi,40339,6207,Schinus terebinthifolia,,1,0,0,,,,,
10060,10132,10132,Raddi,40339,6207,Schinus terebinthifolia,,1,0,0,,,,,
10060,10132,10132,Engl.,303569,6207,Schinus weinmanniifolia,,1,0,0,,,,,
10060,10132,10132,(Malme) Malme,344039,5209,Oxypetalum mosenii,,1,0,0,,,,,
10060,10132,10132,(Kunth) Nees,40355,6214,Schizachyrium condensatum,,1,0,0,,,,,
10060,10132,10132,(Hack.) A.Camus,105623,6214,Schizachyrium gracilipes,,1,0,0,,,,,
10060,10132,10132,Peichoto,107127,6214,Schizachyrium hatschbachii,,1,0,0,,,,,
10060,10132,10132,"(Desv.) Roseng., B.R.Arrill. & Izag.",442384,6214,Schizachyrium microstachyum,,1,0,0,,,,,
10060,10132,10132,(Trin. ex Steud.) Nash,40362,6214,Schizachyrium salzmannii,,1,0,0,,,,,
10060,10132,10132,(Spreng.) Herter,71980,6214,Schizachyrium spicatum,,1,0,0,,,,,
10060,10132,10132,Nees,40365,6214,Schizachyrium tenerum,,1,0,0,,,,,
10060,10132,10132,Nees,40365,6214,Schizachyrium tenerum,,1,0,0,,,,,
10060,10132,10132,(Vahl) Sw.,40374,6216,Schizaea elegans,,1,0,0,,,,,
10060,10132,10132,(Vell.) S.F.Blake,40404,6223,Schizolobium parahyba,,1,0,0,,,,,
10060,10132,10132,(Oerst.) Monach.,82807,6230,Schlegelia parviflora,,1,0,0,,,,,
10060,10132,10132,(C.A.Mey.) Soják,40456,6238,Schoenoplectus californicus,,1,0,0,,,,,
10060,10132,10132,(L.) Lye,40453,6237,Schoenoplectiella supina,,1,0,0,,,,,
10060,10132,10132,(C.C.Gmel.) Palla,40461,6238,Schoenoplectus tabernaemontani,,1,0,0,,,,,
10060,10132,10132,M.T.Strong,110969,6240,Schoenus lymansmithii,,1,0,0,,,,,
10060,10132,10132,A.DC.,40500,6241,Schoepfia brasiliensis,,1,0,0,,,,,
10060,10132,10132,Pulle,110970,6241,Schoepfia lucida,,0,0,0,,,,,
10060,10132,10132,Griseb.,104772,6245,Schultesia australis,,1,0,0,,,,,
10060,10132,10132,(Choisy) Bedell ex Gir.-Cañas,80555,6248,Schwartzia brasiliensis,,1,0,0,,,,,
10060,10132,10132,Benth.,109608,6250,Schwenckia curviflora,,1,0,0,,,,,
10060,10132,10132,Johow,110971,6251,Sciaphila schwackeana,,1,0,0,,,,,
10060,10132,10132,(Kunth) H.Pfeiff.,103737,10929,Androtrichum giganteum,,1,0,0,,,,,
10060,10132,10132,Maury ex Micheli,105626,6258,Scleria balansae,,1,0,0,,,,,
10060,10132,10132,Cav.,67572,6258,Scleria bracteata,,1,0,0,,,,,
10060,10132,10132,Michx.,40596,6258,Scleria ciliata,,1,0,0,,,,,
10060,10132,10132,Poir.,40598,6258,Scleria distans,,1,0,0,,,,,
10060,10132,10132,Boeckeler,110972,6258,Scleria filiculmis,,1,0,0,,,,,
10060,10132,10132,Sw.,40608,6258,Scleria latifolia,,1,0,0,,,,,
10060,10132,10132,Kunth,107128,6258,Scleria leptostachya,,1,0,0,,,,,
10060,10132,10132,Raddi,40601,6258,Scleria gaertneri,,1,0,0,,,,,
10060,10132,10132,Nees ex Kunth,40614,6258,Scleria microcarpa,,1,0,0,,,,,
10060,10132,10132,Kunth,49256,6258,Scleria panicoides,,1,0,0,,,,,
10060,10132,10132,Steud.,76400,6258,Scleria plusiophylla,,1,0,0,,,,,
10060,10132,10132,(L.) Urb.,40638,6258,Scleria secans,,1,0,0,,,,,
10060,10132,10132,Kunth,104774,6258,Scleria sellowiana,,1,0,0,,,,,
10060,10132,10132,Boeckeler,109611,6258,Scleria uleana,,1,0,0,,,,,
10060,10132,10132,L.,40713,6272,Scoparia dulcis,,1,0,0,,,,,
10060,10132,10132,Cham.,109613,6272,Scoparia elliptica,,1,0,0,,,,,
10060,10132,10132,(Spreng.) R.E.Fr.,53780,6272,Scoparia montevidensis,,1,0,0,,,,,
10060,10132,10132,Cham.,53781,6272,Scoparia pinnatifida,,1,0,0,,,,,
10060,10132,10132,Sw.,40796,6281,Scutellaria purpurascens,,1,0,0,,,,,
10060,10132,10132,Speg.,49069,6281,Scutellaria platensis,,1,0,0,,,,,
10060,10132,10132,Pers.,53708,6281,Scutellaria racemosa,,1,0,0,,,,,
10060,10132,10132,A.St.-Hil. ex Benth.,107130,6281,Scutellaria uliginosa,,1,0,0,,,,,
10060,10132,10132,(Casar.) Reissek,109614,6282,Scutia arenicola,,1,0,0,,,,,
10060,10132,10132,Reissek,76407,6282,Scutia buxifolia,,1,0,0,,,,,
10060,10132,10132,(Lindl.) Planch.,110973,11194,Scuticaria hadwenii,,1,0,0,,,,,
10060,10132,10132,Pax & K.Hoffm.,110538,6289,Sebastiania argutidens,,1,0,0,,,,,
10060,10132,10132,Spreng.,49033,6289,Sebastiania brasiliensis,,1,0,0,,,,,
10060,10132,10132,(Müll.Arg.) Müll.Arg.,443669,6289,Sebastiania klotzschiana,,1,0,0,,,,,
10060,10132,10132,(Müll.Arg.) Müll.Arg.,103738,6289,Sebastiania schottiana,,1,0,0,,,,,
10060,10132,10132,A.St.-Hil. & Moq.,109615,6294,Securidaca lanceolata,,1,0,0,,,,,
10060,10132,10132,A.W.Benn.,109616,6294,Securidaca macrocarpa,,1,0,0,,,,,
10060,10132,10132,Jacq.,443678,868,Seguieria aculeata,,1,0,0,,,,,
10060,10132,10132,Moq.,109617,868,Seguieria langsdorffii,,1,0,0,,,,,
10060,10132,10132,Baker,109618,6304,Selaginella contigua,,1,0,0,,,,,
10060,10132,10132,Spring,109619,6304,Selaginella decomposita,,1,0,0,,,,,
10060,10132,10132,Spring,449059,6304,Selaginella erectifolia,,1,0,0,,,,,
10060,10132,10132,Spring,76430,6304,Selaginella flexuosa,,1,0,0,,,,,
10060,10132,10132,(Kunze) A.Braun,40974,6304,Selaginella kraussiana,,0,0,0,,,,,
10060,10132,10132,(Spring) Spring,449060,6304,Selaginella macrostachya,,1,0,0,,,,,
10060,10132,10132,(Humb. & Bonpl. ex Willd.) Spring,67341,6304,Selaginella marginata,,1,0,0,,,,,
10060,10132,10132,(Kunth) Spring,48874,6304,Selaginella microphylla,,1,0,0,,,,,
10060,10132,10132,Spring,48875,6304,Selaginella muscosa,,1,0,0,,,,,
10060,10132,10132,(Spring) Spring,110975,6304,Selaginella suavis,,1,0,0,,,,,
10060,10132,10132,(Desv.) Spring ex Mart.,48876,6304,Selaginella sulcata,,1,0,0,,,,,
10060,10132,10132,Fée,110539,6304,Selaginella tenuissima,,1,0,0,,,,,
10060,10132,10132,Bang.,67467,6319,Senecio adamantinus,,1,0,0,,,,,
10060,10132,10132,Hook. & Arn.,103741,6319,Senecio bonariensis,,1,0,0,,,,,
10060,10132,10132,(Spreng.) Less.,48962,6319,Senecio brasiliensis,,1,0,0,,,,,
10060,10132,10132,Cabrera,110976,6319,Senecio caparaoensis,,1,0,0,,,,,
10060,10132,10132,Baker,342786,6319,Senecio conyzifolius,,1,0,0,,,,,
10060,10132,10132,DC.,41094,6319,Senecio crassiflorus,,1,0,0,,,,,
10060,10132,10132,DC.,41094,6319,Senecio crassiflorus,,1,0,0,,,,,
10060,10132,10132,(Vell.) Cuatrec.,344318,5360,Pentacalia desiderabilis,,1,0,0,,,,,
10060,10132,10132,Baker,53599,6319,Senecio grisebachii,,1,0,0,,,,,
10060,10132,10132,Dusén ex Malme,72043,6319,Senecio grossidens,,1,0,0,,,,,
10060,10132,10132,Malme,109623,6319,Senecio hemmendorffii,,1,0,0,,,,,
10060,10132,10132,DC.,103745,6319,Senecio heterotrichius,,1,0,0,,,,,
10060,10132,10132,Cabrera,449061,6319,Senecio hilarianus,,1,0,0,,,,,
10060,10132,10132,DC.,448562,6319,Senecio icoglossus,,1,0,0,,,,,
10060,10132,10132,Mattf.,109625,6319,Senecio juergensii,,1,0,0,,,,,
10060,10132,10132,Malme,109626,6319,Senecio langei,,1,0,0,,,,,
10060,10132,10132,Mart. ex C.Jeffrey,109627,6319,Senecio lanifer,,1,0,0,,,,,
10060,10132,10132,DC.,110543,6319,Senecio leptolobus,,1,0,0,,,,,
10060,10132,10132,Bong.,109628,6319,Senecio leptoschizus,,1,0,0,,,,,
10060,10132,10132,C.Jeffrey,342123,2777,Dendrophorbium limosum,,1,0,0,,,,,
10060,10132,10132,Cabrera,110978,6319,Senecio mattfeldianus,,1,0,0,,,,,
10060,10132,10132,Vell.,109631,6319,Senecio oleosus,,1,0,0,,,,,
10060,10132,10132,Baker,110544,6319,Senecio oligophyllus,,1,0,0,,,,,
10060,10132,10132,(Dusén) B.Nord.,343209,13356,Graphistylis oreophila,,1,0,0,,,,,
10060,10132,10132,Mattf.,104776,6319,Senecio paraguariensis,,1,0,0,,,,,
10060,10132,10132,(Malme) Matzenb. & L.R.M.Baptista,343133,2777,Dendrophorbium paranense,,1,0,0,,,,,
10060,10132,10132,Bong.,109633,6319,Senecio paulensis,,1,0,0,,,,,
10060,10132,10132,Poir.,72044,6319,Senecio pinnatus,,1,0,0,,,,,
10060,10132,10132,Arechav.,110545,6319,Senecio platensis,,1,0,0,,,,,
10060,10132,10132,Hook. & Arn.,103749,6319,Senecio pulcher,,1,0,0,,,,,
10060,10132,10132,Cabrera,110547,6319,Senecio ramboanus,,1,0,0,,,,,
10060,10132,10132,Cabrera,110979,6319,Senecio reitzianus,,1,0,0,,,,,
10060,10132,10132,Baker,110980,6319,Senecio stigophlebius,,1,0,0,,,,,
10060,10132,10132,Cabrera,110549,6319,Senecio subarnicoides,,1,0,0,,,,,
10060,10132,10132,Baker,107132,6319,Senecio trichocaulon,,1,0,0,,,,,
10060,10132,10132,"Seigler, M.P.Lima, M.J.F.Barros & Ebinger",109639,7253,Senegalia hoehnei,,1,0,0,,,,,
10060,10132,10132,(L.) Roxb.,41195,6320,Senna alata,,0,0,1,,,,,
10060,10132,10132,(Vogel) H.S.Irwin & Barneby,109640,6320,Senna angulata,,1,0,0,,,,,
10060,10132,10132,H.S.Irwin & Barneby,109641,6320,Senna araucarietorum,,1,0,0,,,,,
10060,10132,10132,(Lam.) H.S.Irwin & Barneby,41205,6320,Senna corymbosa,,1,0,0,,,,,
10060,10132,10132,(L.) H.S.Irwin & Barneby,41214,6320,Senna hirsuta,,1,0,0,,,,,
10060,10132,10132,(DC. ex Collad.) H.S.Irwin & Barneby,84674,6320,Senna macranthera,,0,0,0,,,,,
10060,10132,10132,(Rich.) H.S.Irwin & Barneby,41222,6320,Senna multijuga,,1,0,0,,,,,
10060,10132,10132,(Rich.) H.S.Irwin & Barneby,41222,6320,Senna multijuga,,1,0,0,,,,,
10060,10132,10132,(Vogel) H.S.Irwin & Barneby,109642,6320,Senna neglecta,,1,0,0,,,,,
10060,10132,10132,(Vogel) H.S.Irwin & Barneby,107135,6320,Senna oblongifolia,,1,0,0,,,,,
10060,10132,10132,(L.) H.S.Irwin & Barneby,41224,6320,Senna obtusifolia,,1,0,0,,,,,
10060,10132,10132,(L.) Link,41225,6320,Senna occidentalis,,1,0,0,,,,,
10060,10132,10132,(Glaz. ex Harms) H.S.Irwin & Barneby,67689,6320,Senna organensis,,1,0,0,,,,,
10060,10132,10132,(Humb. & Bonpl. ex Willd.) H.S.Irwin & Barneby,41227,6320,Senna pendula,,1,0,0,,,,,
10060,10132,10132,(Humb. & Bonpl. ex Willd.) H.S.Irwin & Barneby,41227,6320,Senna pendula,,1,0,0,,,,,
10060,10132,10132,(Viv.) H.S.Irwin & Barneby,41237,6320,Senna septemtrionalis,,1,0,0,,,,,
10060,10132,10132,(Vell.) H.S.Irwin & Barneby,69659,6320,Senna silvestris,,1,0,0,,,,,
10060,10132,10132,(Vell.) H.S.Irwin & Barneby,109643,6320,Senna tropica,,1,0,0,,,,,
10060,10132,10132,Radlk.,109644,6329,Serjania acoma,,1,0,0,,,,,
10060,10132,10132,Cambess.,109645,6329,Serjania clematidifolia,,1,0,0,,,,,
10060,10132,10132,Cambess.,83338,6329,Serjania communis,,1,0,0,,,,,
10060,10132,10132,Kunth,41292,6329,Serjania glabrata,,1,0,0,,,,,
10060,10132,10132,Radlk.,109647,6329,Serjania gracilis,,1,0,0,,,,,
10060,10132,10132,Benth.,49192,6329,Serjania hebecarpa,,1,0,0,,,,,
10060,10132,10132,Ferrucci,105632,6329,Serjania herteri,,1,0,0,,,,,
10060,10132,10132,Cambess.,49193,6329,Serjania laruotteana,,1,0,0,,,,,
10060,10132,10132,A.St.-Hil.,76498,6329,Serjania lethalis,,1,0,0,,,,,
10060,10132,10132,Cambess.,49194,6329,Serjania meridionalis,,1,0,0,,,,,
10060,10132,10132,Cambess.,109650,6329,Serjania multiflora,,1,0,0,,,,,
10060,10132,10132,Cambess.,69791,6329,Serjania reticulata,,1,0,0,,,,,
10060,10132,10132,Acev.-Rodr.,109655,6329,Serjania unidentata,,1,0,0,,,,,
10060,10132,10132,(Langsd. & Fisch.) A.R.Sm.,107136,6330,Serpocaulon catharinae,,1,0,0,,,,,
10060,10132,10132,(Jacq.) A.R.Sm.,76512,6330,Serpocaulon fraxinifolium,,1,0,0,,,,,
10060,10132,10132,(Langsd. & Fisch.) A.R.Sm.,75945,6330,Serpocaulon latipes,,1,0,0,,,,,
10060,10132,10132,(Langsd. & Fisch.) A.R.Sm.,109656,6330,Serpocaulon meniscifolium,,1,0,0,,,,,
10060,10132,10132,(Sw.) A.R.Sm.,76520,6330,Serpocaulon triseriale,,1,0,0,,,,,
10060,10132,10132,(Link) A.R.Sm.,76521,6330,Serpocaulon vacillans,,1,0,0,,,,,
10060,10132,10132,(Cav.) Benth.,41322,6336,Sesbania punicea,,1,0,0,,,,,
10060,10132,10132,Carvalho & A.Schnoor,383318,2156,Cestrum capsulare,,1,0,0,,,,,
10060,10132,10132,(L.) L.,41345,6340,Sesuvium portulacastrum,,0,0,0,,,,,
10060,10132,10132,R.A.W.Herrm.,53807,6341,Setaria fiebrigii,,1,0,0,,,,,
10060,10132,10132,(Steud.) Griseb.,53808,6341,Setaria globulifera,,1,0,0,,,,,
10060,10132,10132,(Nees) Kunth,53809,6341,Setaria lachnea,,1,0,0,,,,,
10060,10132,10132,(Poir.) Kerguélen,41370,6341,Setaria parviflora,,1,0,0,,,,,
10060,10132,10132,(Nees) Kunth,109658,6341,Setaria scabrifolia,,1,0,0,,,,,
10060,10132,10132,Schrad.,41374,6341,Setaria scandens,,1,0,0,,,,,
10060,10132,10132,(Sw.) P.Beauv.,41375,6341,Setaria setosa,,1,0,0,,,,,
10060,10132,10132,(Schumach.) Stapf & C.E.Hubb. ex Moss,41377,6341,Setaria sphacelata,,0,0,0,,,,,
10060,10132,10132,Raddi,41378,6341,Setaria sulcata,,1,0,0,,,,,
10060,10132,10132,Spreng.,71982,6341,Setaria vaginata,,1,0,0,,,,,
10060,10132,10132,(Lam.) Roem. & Schult.,41384,6341,Setaria vulpiseta,,1,0,0,,,,,
10060,10132,10132,Cogn.,109659,6360,Sicydium gracile,,1,0,0,,,,,
10060,10132,10132,Cogn.,49016,6362,Sicyos polyacanthos,,1,0,0,,,,,
10060,10132,10132,A.St.-Hil.,448940,6363,Sida adscendens,,1,0,0,,,,,
10060,10132,10132,L.,41469,6363,Sida cordifolia,,1,0,0,,,,,
10060,10132,10132,A.St.-Hil. & Naudin,107138,6363,Sida lonchitis,,1,0,0,,,,,
10060,10132,10132,Mart. ex Colla,71957,6363,Sida nemorensis,,1,0,0,,,,,
10060,10132,10132,Cav.,442520,6363,Sida planicaulis,,1,0,0,,,,,
10060,10132,10132,Krapov.,110981,6363,Sida reitzii,,1,0,0,,,,,
10060,10132,10132,L.,41488,6363,Sida rhombifolia,,1,0,0,,,,,
10060,10132,10132,L.,41497,6363,Sida urens,,1,0,0,,,,,
10060,10132,10132,(Roem. & Schult.) T.D.Penn.,41561,6367,Sideroxylon obtusifolium,,1,0,0,,,,,
10060,10132,10132,(Standl.) Steyerm.,71824,8983,Simira sampaioana,,1,0,0,,,,,
10060,10132,10132,(Ker Gawl.) Wiehler,67630,6385,Sinningia aggregata,,1,0,0,,,,,
10060,10132,10132,(Mart.) Wiehler,72086,6385,Sinningia allagophylla,,1,0,0,,,,,
10060,10132,10132,Chautems & M.Peixoto,110982,6385,Sinningia bullata,,1,0,0,,,,,
10060,10132,10132,(Seem.) Focke,109666,6385,Sinningia conspicua,,1,0,0,,,,,
10060,10132,10132,(Paxton) Wiehler,109667,6385,Sinningia cooperi,,1,0,0,,,,,
10060,10132,10132,(Malme) Chautems,109668,6385,Sinningia curtiflora,,1,0,0,,,,,
10060,10132,10132,(Lindl.) Chautems,49062,6385,Sinningia douglasii,,1,0,0,,,,,
10060,10132,10132,(Kunth) Chautems,53692,6385,Sinningia elatior,,1,0,0,,,,,
10060,10132,10132,(Scheidw. ex Planch.) Chautems,110983,6385,Sinningia leopoldii,,1,0,0,,,,,
10060,10132,10132,(Hjelmq.) Chautems,110555,6385,Sinningia lineata,,1,0,0,,,,,
10060,10132,10132,(Sprague) H.E.Moore,109673,6385,Sinningia macropoda,,1,0,0,,,,,
10060,10132,10132,(Lindl.) Chautems,110557,6385,Sinningia macrostachya,,1,0,0,,,,,
10060,10132,10132,Chautems,110558,6385,Sinningia nivalis,,1,0,0,,,,,
10060,10132,10132,(DC.) Wiehler,110559,6385,Sinningia polyantha,,1,0,0,,,,,
10060,10132,10132,(Hoehne) L.E.Skog,110984,6385,Sinningia reitzii,,1,0,0,,,,,
10060,10132,10132,(Mart.) Wiehler,105644,6385,Sinningia sellovii,,1,0,0,,,,,
10060,10132,10132,(Hiern) Chautems,53694,6385,Sinningia warmingii,,1,0,0,,,,,
10060,10132,10132,(Cham.) G.Don,109675,6392,Siphocampylus betulifolius,,1,0,0,,,,,
10060,10132,10132,(Cham.) G.Don,109676,6392,Siphocampylus convolvulaceus,,1,0,0,,,,,
10060,10132,10132,Regel,76565,6392,Siphocampylus fimbriatus,,1,0,0,,,,,
10060,10132,10132,Pohl,109677,6392,Siphocampylus longipedunculatus,,1,0,0,,,,,
10060,10132,10132,E.Wimm.,67533,6392,Siphocampylus sulfureus,,1,0,0,,,,,
10060,10132,10132,(Cham.) G.Don,67534,6392,Siphocampylus verticillatus,,1,0,0,,,,,
10060,10132,10132,D.Legrand,109681,6393,Siphoneugena reitzii,,1,0,0,,,,,
10060,10132,10132,Ravenna,110985,6400,Sisyrinchium albilapidense,,1,0,0,,,,,
10060,10132,10132,Ravenna,110563,6400,Sisyrinchium decumbens,,1,0,0,,,,,
10060,10132,10132,Ravenna,110986,6400,Sisyrinchium coalitum,,1,0,0,,,,,
10060,10132,10132,(Ravenna) Ravenna,105648,6400,Sisyrinchium dasyspathum,,1,0,0,,,,,
10060,10132,10132,Ravenna,110563,6400,Sisyrinchium decumbens,,1,0,0,,,,,
10060,10132,10132,Baker,84683,6400,Sisyrinchium hirsutum,,1,0,0,,,,,
10060,10132,10132,Klatt,104550,6400,Sisyrinchium setaceum,,1,0,0,,,,,
10060,10132,10132,Klotzsch ex Klatt,84684,6400,Sisyrinchium luzula,,1,0,0,,,,,
10060,10132,10132,Cav.,41783,6400,Sisyrinchium micranthum,,1,0,0,,,,,
10060,10132,10132,L.,48213,6400,Sisyrinchium palmifolium,,1,0,0,,,,,
10060,10132,10132,I.M.Johnst.,103761,6400,Sisyrinchium platense,,1,0,0,,,,,
10060,10132,10132,Ravenna,109686,6400,Sisyrinchium plicatulum,,1,0,0,,,,,
10060,10132,10132,Ravenna,109689,6400,Sisyrinchium rectilineum,,1,0,0,,,,,
10060,10132,10132,R.C.Foster,110987,6400,Sisyrinchium reitzii,,1,0,0,,,,,
10060,10132,10132,Spreng.,80435,6400,Sisyrinchium restioides,,1,0,0,,,,,
10060,10132,10132,Klatt,105651,6400,Sisyrinchium sellowianum,,1,0,0,,,,,
10060,10132,10132,Klatt,104550,6400,Sisyrinchium setaceum,,1,0,0,,,,,
10060,10132,10132,Ravenna,105652,6400,Sisyrinchium soboliferum,,1,0,0,,,,,
10060,10132,10132,Ravenna,105844,6400,Sisyrinchium uliginosum,,1,0,0,,,,,
10060,10132,10132,Spreng.,67634,6400,Sisyrinchium vaginatum,,1,0,0,,,,,
10060,10132,10132,Hand.-Mazz.,109692,6400,Sisyrinchium wettsteinii,,1,0,0,,,,,
10060,10132,10132,(Barb.Rodr.) Garay,109693,8952,Skeptrostachys arechavaletanii,,1,0,0,,,,,
10060,10132,10132,(Rchb.f. & Warm.) Garay,104781,8952,Skeptrostachys balanophorostachya,,1,0,0,,,,,
10060,10132,10132,(Rchb.f.) Garay,104782,8952,Skeptrostachys paraguayensis,,1,0,0,,,,,
10060,10132,10132,K.Schum.,76587,6405,Sloanea garckeana,,1,0,0,,,,,
10060,10132,10132,(Aubl.) Benth.,76591,6405,Sloanea guianensis,,1,0,0,,,,,
10060,10132,10132,(Schott) Planch. ex Benth.,68056,6405,Sloanea hirsuta,,1,0,0,,,,,
10060,10132,10132,(Schott) Planch. ex Benth.,68056,6405,Sloanea hirsuta,,1,0,0,,,,,
10060,10132,10132,(Spreng.) H.Rob.,48964,6407,Smallanthus connatus,,1,0,0,,,,,
10060,10132,10132,Griseb.,53848,6408,Smilax campestris,,1,0,0,,,,,
10060,10132,10132,Kunth,53849,6408,Smilax cognata,,1,0,0,,,,,
10060,10132,10132,Griseb.,67965,6408,Smilax elastica,,1,0,0,,,,,
10060,10132,10132,Humb. & Bonpl. ex Willd.,76608,6408,Smilax lappacea,,1,0,0,,,,,
10060,10132,10132,Vell.,109699,6408,Smilax quinquenervia,,1,0,0,,,,,
10060,10132,10132,Griseb.,76611,6408,Smilax rufescens,,1,0,0,,,,,
10060,10132,10132,Willd.,41844,6408,Smilax domingensis,,1,0,0,,,,,
10060,10132,10132,Jacq.,41902,6417,Solanum aculeatissimum,,1,0,0,,,,,
10060,10132,10132,Sendtn.,109702,6417,Solanum affine,,1,0,0,,,,,
10060,10132,10132,Bitter,109703,6417,Solanum alatirameum,,1,0,0,,,,,
10060,10132,10132,Steud.,84789,6417,Solanum alternatopinnatum,,1,0,0,,,,,
10060,10132,10132,Mill.,41906,6417,Solanum americanum,,1,0,0,,,,,
10060,10132,10132,L.A.Mentz & M.Nee,49206,6417,Solanum aparadense,,1,0,0,,,,,
10060,10132,10132,Schrank,49207,6417,Solanum atropurpureum,,1,0,0,,,,,
10060,10132,10132,L.B.Sm. & Downs,109706,6417,Solanum bistellatum,,1,0,0,,,,,
10060,10132,10132,Vell.,109707,6417,Solanum bullatum,,1,0,0,,,,,
10060,10132,10132,Vell.,53855,6417,Solanum caavurana,,1,0,0,,,,,
10060,10132,10132,Willd.,68166,6417,Solanum campaniforme,,1,0,0,,,,,
10060,10132,10132,L.B.Sm. & Downs,109708,6417,Solanum cassioides,,1,0,0,,,,,
10060,10132,10132,All.,41923,6417,Solanum capsicoides,,1,0,0,,,,,
10060,10132,10132,L.B.Sm. & Downs,109708,6417,Solanum cassioides,,1,0,0,,,,,
10060,10132,10132,Bitter,49208,6417,Solanum chacoense,,1,0,0,,,,,
10060,10132,10132,Lam.,41927,6417,Solanum chenopodioides,,1,0,0,,,,,
10060,10132,10132,Poir.,48757,6417,Solanum commersonii,,1,0,0,,,,,
10060,10132,10132,L.B.Sm. & Downs,49209,6417,Solanum compressum,,1,0,0,,,,,
10060,10132,10132,Schott ex Sendtn.,109711,6417,Solanum concinnum,,1,0,0,,,,,
10060,10132,10132,(Sendtn.) Bohs,49210,6417,Solanum corymbiflorum,,1,0,0,,,,,
10060,10132,10132,(Sendtn.) Bohs,49210,6417,Solanum corymbiflorum,,1,0,0,,,,,
10060,10132,10132,Vell.,444755,6417,Solanum cylindricum,,1,0,0,,,,,
10060,10132,10132,L.B.Sm. & Downs,105657,6417,Solanum delicatulum,,1,0,0,,,,,
10060,10132,10132,Dunal,107148,6417,Solanum didymum,,1,0,0,,,,,
10060,10132,10132,(Mart.) Bohs,68167,6417,Solanum diploconos,,1,0,0,,,,,
10060,10132,10132,Vell.,109712,6417,Solanum flaccidum,,1,0,0,,,,,
10060,10132,10132,L.B.Sm. & Downs,49211,6417,Solanum fusiforme,,1,0,0,,,,,
10060,10132,10132,Desf.,53856,6417,Solanum glaucophyllum,,1,0,0,,,,,
10060,10132,10132,Dunal,443686,6417,Solanum granulosoleprosum,,1,0,0,,,,,
10060,10132,10132,A.St.-Hil.,49213,6417,Solanum guaraniticum,,1,0,0,,,,,
10060,10132,10132,(Spreng.) Hassl.,49214,6417,Solanum hirtellum,,1,0,0,,,,,
10060,10132,10132,C.V.Morton,41957,6417,Solanum hoehnei,,1,0,0,,,,,
10060,10132,10132,Vell.,109715,6417,Solanum inodorum,,1,0,0,,,,,
10060,10132,10132,L.B.Sm. & Downs,109716,6417,Solanum kleinii,,1,0,0,,,,,
10060,10132,10132,Dusén,109717,6417,Solanum lacerdae,,1,0,0,,,,,
10060,10132,10132,Spreng.,49216,6417,Solanum laxum,,1,0,0,,,,,
10060,10132,10132,L.B.Sm. & Downs,110988,6417,Solanum matadori,,1,0,0,,,,,
10060,10132,10132,Scop.,41984,6417,Solanum mauritianum,,1,0,0,,,,,
10060,10132,10132,Mart.,109719,6417,Solanum megalochiton,,1,0,0,,,,,
10060,10132,10132,Bohs,109720,6417,Solanum melissarum,,1,0,0,,,,,
10060,10132,10132,Chiarini & L.A.Mentz,107150,6417,Solanum neei,,0,1,0,,,,,
10060,10132,10132,Vell.,109721,6417,Solanum odoriferum,,1,0,0,,,,,
10060,10132,10132,L.B.Sm. & Downs,109722,6417,Solanum pabstii,,1,0,0,,,,,
10060,10132,10132,Dunal,53858,6417,Solanum palinacanthum,,1,0,0,,,,,
10060,10132,10132,L.,42004,6417,Solanum paniculatum,,1,0,0,,,,,
10060,10132,10132,Dusén,109723,6417,Solanum paranense,,1,0,0,,,,,
10060,10132,10132,Bohs,110989,6417,Solanum pelagicum,,1,0,0,,,,,
10060,10132,10132,Morong,448488,6417,Solanum pilcomayense,,1,0,0,,,,,
10060,10132,10132,Dunal,109724,6417,Solanum piluliferum,,1,0,0,,,,,
10060,10132,10132,(L.B.Sm. & Downs) Bohs,109725,6417,Solanum pinetorum,,1,0,0,,,,,
10060,10132,10132,Dieckmann,103764,6417,Solanum platense,,1,0,0,,,,,
10060,10132,10132,L.,42014,6417,Solanum pseudocapsicum,,1,0,0,,,,,
10060,10132,10132,L.A.Mentz & Stehmann,109727,6417,Solanum pseudodaphnopsis,,1,0,0,,,,,
10060,10132,10132,A.St.-Hil.,49217,6417,Solanum pseudoquina,,1,0,0,,,,,
10060,10132,10132,Sendtn.,49218,6417,Solanum ramulosum,,1,0,0,,,,,
10060,10132,10132,Jacq.,41902,6417,Solanum aculeatissimum,,1,0,0,,,,,
10060,10132,10132,Briq.,110570,6417,Solanum reineckii,,1,0,0,,,,,
10060,10132,10132,L.B.Sm. & Downs,109729,6417,Solanum reitzii,,1,0,0,,,,,
10060,10132,10132,H.Wendl.,42020,6417,Solanum robustum,,1,0,0,,,,,
10060,10132,10132,Sendtn.,109730,6417,Solanum rufescens,,1,0,0,,,,,
10060,10132,10132,Dunal,444756,6417,Solanum sanctae-catharinae,,1,0,0,,,,,
10060,10132,10132,L.B.Sm. & Downs,445150,6417,Solanum schwackeanum,,1,0,0,,,,,
10060,10132,10132,M.Nee,67972,6417,Solanum scuticum,,1,0,0,,,,,
10060,10132,10132,Bitter ex L.A.Mentz & M.Nee,109733,6417,Solanum setosissimum,,1,0,0,,,,,
10060,10132,10132,Lam.,42032,6417,Solanum sisymbriifolium,,1,0,0,,,,,
10060,10132,10132,Vell.,109734,6417,Solanum stipulatum,,1,0,0,,,,,
10060,10132,10132,L.B.Sm. & Downs,343887,6417,Solanum subsylvestre,,1,0,0,,,,,
10060,10132,10132,Roem. & Schult.,109736,6417,Solanum swartzianum,,1,0,0,,,,,
10060,10132,10132,Bitter,49221,6417,Solanum trachytrichium,,1,0,0,,,,,
10060,10132,10132,Dunal,107151,6417,Solanum vaillantii,,1,0,0,,,,,
10060,10132,10132,Mart.,109737,6417,Solanum variabile,,1,0,0,,,,,
10060,10132,10132,Thunb.,110990,6417,Solanum velleum,,1,0,0,,,,,
10060,10132,10132,Dunal,53859,6417,Solanum viarum,,1,0,0,,,,,
10060,10132,10132,Sendtn.,109738,6417,Solanum viscosissimum,,1,0,0,,,,,
10060,10132,10132,Witasek,109739,6417,Solanum wacketii,,1,0,0,,,,,
10060,10132,10132,Meyen,42082,6426,Solidago chilensis,,1,0,0,,,,,
10060,10132,10132,Meyen,42082,6426,Solidago chilensis,,1,0,0,,,,,
10060,10132,10132,(Juss.) R.Br.,42096,6427,Soliva anthemifolia,,1,0,0,,,,,
10060,10132,10132,Ruiz & Pav.,42097,6427,Soliva sessilis,,1,0,0,,,,,
10060,10132,10132,Less.,103766,10952,Sommerfeltia spinulosa,,1,0,0,,,,,
10060,10132,10132,(L.) Hill,42108,6431,Sonchus asper,,0,0,0,,,,,
10060,10132,10132,L.,42135,6431,Sonchus oleraceus,,0,0,0,,,,,
10060,10132,10132,L.,42184,6434,Sophora tomentosa,,1,0,0,,,,,
10060,10132,10132,Lindl.,107152,2083,Cattleya coccinea,,1,0,0,,,,,
10060,10132,10132,(Lindl. & Paxton) Rollisson ex Lindl.,110571,2083,Cattleya purpurata,,1,0,0,,,,,
10060,10132,10132,(Nees) Hitchc.,105659,6437,Sorghastrum minarum,,1,0,0,,,,,
10060,10132,10132,(Hack.) Parodi,102984,6437,Sorghastrum pellitum,,1,0,0,,,,,
10060,10132,10132,(Nees) Herter,109740,6437,Sorghastrum scaberrimum,,1,0,0,,,,,
10060,10132,10132,(Griseb.) Hitchc.,42226,6437,Sorghastrum setosum,,1,0,0,,,,,
10060,10132,10132,(Kunth) Nash,42227,6437,Sorghastrum stipoides,,1,0,0,,,,,
10060,10132,10132,Swallen,104783,6437,Sorghastrum viride,,1,0,0,,,,,
10060,10132,10132,"(Baill.) W.C.Burger, Lanj. & de Boer",49114,6440,Sorocea bonplandii,,1,0,0,,,,,
10060,10132,10132,(Trin.) P.M.Peterson & Saarela,410991,6495,Sporobolus coarctatus,,1,0,0,,,,,
10060,10132,10132,(Arechav.) P.M.Peterson & Saarela,410992,6495,Sporobolus montevidensis,,1,0,0,,,,,
10060,10132,10132,(Loisel.) P.M.Peterson & Saarela,410990,6495,Sporobolus alterniflorus,,1,0,0,,,,,
10060,10132,10132,Hook.,49243,7321,Spathicarpa hastifolia,,1,0,0,,,,,
10060,10132,10132,Engl.,109741,7321,Spathicarpa lanceolata,,1,0,0,,,,,
10060,10132,10132,(Bateman ex Lindl.) F.Barros,49295,6459,Specklinia grobyi,,1,0,0,,,,,
10060,10132,10132,(Barb.Rodr.) Pridgeon & M.W.Chase,106852,988,Acianthera muscosa,,1,0,0,,,,,
10060,10132,10132,Cambess.,445534,6461,Spergularia ramosa,,1,0,0,,,,,
10060,10132,10132,(Hook.) Lellinger,332186,2621,Cyathea gardneri,,1,0,0,,,,,
10060,10132,10132,(Baker) Pruski,53598,6472,Sphagneticola brachycarpa,,1,0,0,,,,,
10060,10132,10132,(L.) Pruski,42487,6472,Sphagneticola trilobata,,1,0,0,,,,,
10060,10132,10132,E.F.Guim. & Fontella,110992,6481,Spigelia catarinensis,,1,0,0,,,,,
10060,10132,10132,Cham. & Schltdl.,344330,6481,Spigelia beyrichiana,,1,0,0,,,,,
10060,10132,10132,Cham. & Schltdl.,444747,6481,Spigelia humboldtiana,,1,0,0,,,,,
10060,10132,10132,Progel,107154,6481,Spigelia insignis,,1,0,0,,,,,
10060,10132,10132,L.B.Sm.,109750,6481,Spigelia kleinii,,1,0,0,,,,,
10060,10132,10132,Cham.,105660,6481,Spigelia martiana,,1,0,0,,,,,
10060,10132,10132,Chodat,107155,6481,Spigelia paraguariensis,,1,0,0,,,,,
10060,10132,10132,Mart.,67703,6481,Spigelia pusilla,,1,0,0,,,,,
10060,10132,10132,Kraenzl.,109751,6481,Spigelia rojasiana,,1,0,0,,,,,
10060,10132,10132,Progel,105661,6481,Spigelia stenophylla,,1,0,0,,,,,
10060,10132,10132,Taub. ex L.B.Sm.,109752,6481,Spigelia tetraptera,,1,0,0,,,,,
10060,10132,10132,L.B.Sm.,109753,6481,Spigelia vestita,,1,0,0,,,,,
10060,10132,10132,Lour.,42529,6487,Spiraea cantoniensis,,0,0,0,,,,,
10060,10132,10132,(G.Mey.) C.H.Thomps.,42558,6490,Spirodela punctata,,1,0,0,,,,,
10060,10132,10132,(Decne.) Ulbr.,109754,9555,Spirotheca rivieri,,1,0,0,,,,,
10060,10132,10132,(Decne.) Ulbr.,109754,9555,Spirotheca rivieri,,1,0,0,,,,,
10060,10132,10132,(Trin.) Kunth,105662,6495,Sporobolus aeneus,,1,0,0,,,,,
10060,10132,10132,(L.) R.Br.,42591,6495,Sporobolus indicus,,1,0,0,,,,,
10060,10132,10132,Nicora,109755,6495,Sporobolus linearifolius,,1,0,0,,,,,
10060,10132,10132,Parodi,107156,6495,Sporobolus pseudairoides,,1,0,0,,,,,
10060,10132,10132,(L.) Kunth,42608,6495,Sporobolus virginicus,,1,0,0,,,,,
10060,10132,10132,(L.) L.,42639,6502,Stachys arvensis,,0,0,0,,,,,
10060,10132,10132,Benth.,55742,6502,Stachys gilliesii,,1,0,0,,,,,
10060,10132,10132,(Rich.) Vahl,42663,6503,Stachytarpheta cayennensis,,1,0,0,,,,,
10060,10132,10132,Moldenke,71856,6503,Stachytarpheta paraguariensis,,1,0,0,,,,,
10060,10132,10132,J.Frost ex Hook.,109757,6509,Stanhopea insignis,,1,0,0,,,,,
10060,10132,10132,(Regel) Schltr.,109758,6509,Stanhopea lietzei,,1,0,0,,,,,
10060,10132,10132,Lindau,110993,6517,Staurogyne eustachya,,1,0,0,,,,,
10060,10132,10132,(Nees) Kuntze,109759,6517,Staurogyne mandioccana,,1,0,0,,,,,
10060,10132,10132,(Nees ex Trin.) W.V.Br.,67926,6521,Steinchisma decipiens,,1,0,0,,,,,
10060,10132,10132,(Elliott) Nash,63133,6521,Steinchisma hians,,1,0,0,,,,,
10060,10132,10132,(Sw.) Zuloaga,42738,6521,Steinchisma laxum,,1,0,0,,,,,
10060,10132,10132,(Döll) Renvoize,49316,6521,Steinchisma spathellosum,,1,0,0,,,,,
10060,10132,10132,Lindl.,42740,6522,Stelis aprica,,1,0,0,,,,,
10060,10132,10132,Rchb.f.,67892,6522,Stelis papaquerensis,,1,0,0,,,,,
10060,10132,10132,Poepp. & Endl.,55032,6522,Stelis intermedia,,1,0,0,,,,,
10060,10132,10132,Lindl.,70243,6522,Stelis ciliaris,,1,0,0,,,,,
10060,10132,10132,Lindl.,119999,6522,Stelis grandiflora,,1,0,0,,,,,
10060,10132,10132,(Porsch) Karremans,448942,6522,Stelis montserratii,,1,0,0,,,,,
10060,10132,10132,Rchb.f.,67892,6522,Stelis papaquerensis,,1,0,0,,,,,
10060,10132,10132,Garay,110994,6522,Stelis parvifolia,,1,0,0,,,,,
10060,10132,10132,Lindl.,109764,6522,Stelis pauciflora,,1,0,0,,,,,
10060,10132,10132,Garay,110995,6522,Stelis reitzii,,1,0,0,,,,,
10060,10132,10132,Rchb.f.,109765,6522,Stelis ruprechtiana,,1,0,0,,,,,
10060,10132,10132,Cham. & Schltdl.,71965,6527,Stemodia hyptoides,,1,0,0,,,,,
10060,10132,10132,Cham. & Schltdl.,53784,6527,Stemodia stricta,,1,0,0,,,,,
10060,10132,10132,(Link) Rchb.,42813,6527,Stemodia trifoliata,,1,0,0,,,,,
10060,10132,10132,(Mill.) Hassl.,42814,6527,Stemodia verticillata,,1,0,0,,,,,
10060,10132,10132,Krasch.,109767,11008,Stenachaenium adenanthum,,1,0,0,,,,,
10060,10132,10132,Baker,105663,11008,Stenachaenium campestre,,1,0,0,,,,,
10060,10132,10132,(Spreng.) Baker,105664,11008,Stenachaenium megapotamicum,,1,0,0,,,,,
10060,10132,10132,Baker,104785,11008,Stenachaenium riedelii,,1,0,0,,,,,
10060,10132,10132,Nees,71402,6531,Stenandrium mandioccanum,,1,0,0,,,,,
10060,10132,10132,Nees,110576,6531,Stenandrium tenellum,,1,0,0,,,,,
10060,10132,10132,Sch.Bip.,448565,8909,Stenocephalum hexanthum,,1,0,0,,,,,
10060,10132,10132,(Spreng.) Sch.Bip.,105665,8909,Stenocephalum megapotamicum,,0,1,0,,,,,
10060,10132,10132,(Walter) Kuntze,42943,6546,Stenotaphrum secundatum,,1,0,0,,,,,
10060,10132,10132,(Roth) Zuloaga & Morrone,441588,20078,Stephostachys mertensii,,1,0,0,,,,,
10060,10132,10132,Hieron.,109768,6558,Stevia alternifolia,,1,0,0,,,,,
10060,10132,10132,Hieron.,109769,6558,Stevia balansae,,1,0,0,,,,,
10060,10132,10132,Cabrera,109770,6558,Stevia catharinensis,,1,0,0,,,,,
10060,10132,10132,Sch.Bip. ex Baker,107158,6558,Stevia cinerascens,,1,0,0,,,,,
10060,10132,10132,Sch.Bip. ex Baker,448943,6558,Stevia claussenii,,1,0,0,,,,,
10060,10132,10132,B.L.Rob.,109772,6558,Stevia commixta,,1,0,0,,,,,
10060,10132,10132,Sch.Bip. ex Baker,110578,6558,Stevia involucrata,,1,0,0,,,,,
10060,10132,10132,DC.,67471,6558,Stevia lundiana,,1,0,0,,,,,
10060,10132,10132,Sch.Bip. ex Baker,110996,6558,Stevia myriadenia,,1,0,0,,,,,
10060,10132,10132,B.L.Rob.,67472,6558,Stevia ophryophylla,,1,0,0,,,,,
10060,10132,10132,Hassl.,109777,6558,Stevia parvifolia,,1,0,0,,,,,
10060,10132,10132,(Spreng.) B.L.Rob.,105666,6558,Stevia selloi,,1,0,0,,,,,
10060,10132,10132,Hook. & Arn.,109779,6558,Stevia tenuis,,1,0,0,,,,,
10060,10132,10132,DC.,448946,6558,Stevia veronicae,,1,0,0,,,,,
10060,10132,10132,(Willd.) Ching,43017,6560,Sticherus bifidus,,1,0,0,,,,,
10060,10132,10132,(Raddi) J.Gonzales,109780,6560,Sticherus decurrens,,1,0,0,,,,,
10060,10132,10132,(Desv.) J.Gonzales,109781,6560,Sticherus ferrugineus,,1,0,0,,,,,
10060,10132,10132,(Mart.) Copel.,109782,6560,Sticherus gracilis,,1,0,0,,,,,
10060,10132,10132,(J.W.Sturm) J.Prado & Lellinger,110997,6560,Sticherus nigropaleaceus,,1,0,0,,,,,
10060,10132,10132,(Mart.) Ching,76762,6560,Sticherus pruinosus,,1,0,0,,,,,
10060,10132,10132,(Kaulf.) Chrysler,43034,6560,Sticherus remotus,,1,0,0,,,,,
10060,10132,10132,(Fée) J.Gonzales,109783,6560,Sticherus squamosus,,1,0,0,,,,,
10060,10132,10132,(Lam.) A.Juss.,43049,6563,Stigmaphyllon ciliatum,,1,0,0,,,,,
10060,10132,10132,A.Juss.,49090,6563,Stigmaphyllon jatrophifolium,,1,0,0,,,,,
10060,10132,10132,A.Juss.,109785,6563,Stigmaphyllon tomentosum,,1,0,0,,,,,
10060,10132,10132,(Fée) R.C.Moran,109786,6564,Stigmatopteris brevinervis,,1,0,0,,,,,
10060,10132,10132,C.Chr.,109787,6564,Stigmatopteris caudata,,1,0,0,,,,,
10060,10132,10132,(Fée) Rosenst.,109788,6564,Stigmatopteris heterocarpa,,1,0,0,,,,,
10060,10132,10132,(Christ) Sehnem,110998,6564,Stigmatopteris ulei,,1,0,0,,,,,
10060,10132,10132,(Szlach.) J.M.H.Shaw,448566,2638,Cyclopogon odileanus,,1,0,0,,,,,
10060,10132,10132,(Baker) H.Rob.,105846,7429,Stomatanthes oblongifolius,,1,0,0,,,,,
10060,10132,10132,Schrad. ex Nees,68145,8980,Streptochaeta spicata,,1,0,0,,,,,
10060,10132,10132,(L.) Kuntze,43206,6597,Struchium sparganophorum,,0,0,0,,,,,
10060,10132,10132,Kuijt,109793,7305,Struthanthus sessiliflorus,,1,0,0,,,,,
10060,10132,10132,(Hook. & Arn.) G.Don,49079,7305,Struthanthus uraguensis,,1,0,0,,,,,
10060,10132,10132,(Spreng.) Mart.,49077,6600,Strychnos brasiliensis,,1,0,0,,,,,
10060,10132,10132,(Vell.) Mart.,109797,6600,Strychnos trinervis,,1,0,0,,,,,
10060,10132,10132,(Aubl.) Sw.,43242,6606,Stylosanthes guianensis,,1,0,0,,,,,
10060,10132,10132,Vogel,109799,6606,Stylosanthes leiocarpa,,1,0,0,,,,,
10060,10132,10132,Vogel,48227,6606,Stylosanthes montevidensis,,1,0,0,,,,,
10060,10132,10132,Vogel,48227,6606,Stylosanthes montevidensis,,1,0,0,,,,,
10060,10132,10132,(L.) Sw.,43247,6606,Stylosanthes viscosa,,1,0,0,,,,,
10060,10132,10132,Pohl,68169,6609,Styrax acuminatus,,1,0,0,,,,,
10060,10132,10132,Schott,109801,6609,Styrax glabratus,,1,0,0,,,,,
10060,10132,10132,Pohl,67975,6609,Styrax latifolius,,1,0,0,,,,,
10060,10132,10132,Hook. & Arn.,49223,6609,Styrax leprosus,,1,0,0,,,,,
10060,10132,10132,(Cham.) Glassman,43355,6630,Syagrus romanzoffiana,,1,0,0,,,,,
10060,10132,10132,(Baker) G.L.Nesom,105670,6635,Symphyotrichum regnellii,,1,0,0,,,,,
10060,10132,10132,Aranha,109804,6639,Symplocos bidana,,1,0,0,,,,,
10060,10132,10132,Mart. ex Miq.,49224,6639,Symplocos celastrinea,,1,0,0,,,,,
10060,10132,10132,Brand,109805,6639,Symplocos corymboclados,,1,0,0,,,,,
10060,10132,10132,Hoehne,448948,6639,Symplocos glandulosomarginata,,1,0,0,,,,,
10060,10132,10132,Benth.,109810,6639,Symplocos laxiflora,,1,0,0,,,,,
10060,10132,10132,Brand,109811,6639,Symplocos nitidiflora,,1,0,0,,,,,
10060,10132,10132,(Mattos) Occhioni ex Aranha,109812,6639,Symplocos pentandra,,1,0,0,,,,,
10060,10132,10132,Aranha,109814,6639,Symplocos pustulosa,,1,0,0,,,,,
10060,10132,10132,Brand,109815,6639,Symplocos tenuifolia,,1,0,0,,,,,
10060,10132,10132,(Mart.) Mart.,109816,6639,Symplocos tetrandra,,1,0,0,,,,,
10060,10132,10132,Brand,110581,6639,Symplocos trachycarpos,,1,0,0,,,,,
10060,10132,10132,(Pohl) Benth.,49225,6639,Symplocos uniflora,,1,0,0,,,,,
10060,10132,10132,Casar.,109806,6639,Symplocos estrellensis,,1,0,0,,,,,
10060,10132,10132,(L.) Gaertn.,43473,6644,Synedrella nodiflora,,1,0,0,,,,,
10060,10132,10132,(Poir.) Ruhland,53646,6646,Syngonanthus caulescens,,1,0,0,,,,,
10060,10132,10132,(Bong.) Ruhland,109818,6646,Syngonanthus chrysanthus,,1,0,0,,,,,
10060,10132,10132,(Bong.) Ruhland,109819,6646,Syngonanthus fischerianus,,1,0,0,,,,,
10060,10132,10132,(Bong.) Ruhland,55042,6646,Syngonanthus gracilis,,1,0,0,,,,,
10060,10132,10132,A.DC.,48906,6656,Tabernaemontana catharinensis,,1,0,0,,,,,
10060,10132,10132,(Schott) Engl.,49244,7322,Taccarum peregrinum,,1,0,0,,,,,
10060,10132,10132,L.,43828,6665,Tagetes minuta,,1,0,0,,,,,
10060,10132,10132,Hicken,449022,6665,Tagetes ostenii,,1,0,0,,,,,
10060,10132,10132,(Jacq.) Gaertn.,43840,6668,Talinum paniculatum,,0,0,0,,,,,
10060,10132,10132,L.,422994,3788,Hibiscus tiliaceus,,1,0,0,,,,,
10060,10132,10132,(L.) Sch.Bip.,43876,6676,Tanacetum parthenium,,0,0,0,,,,,
10060,10132,10132,(Bureau & K.Schum.) Frazão & L.G.Lohmann,48972,3371,Fridericia mutabilis,,1,0,0,,,,,
10060,10132,10132,(Rich.) L.G.Lohmann,54875,6677,Tanaecium pyramidatum,,1,0,0,,,,,
10060,10132,10132,(Spreng.) L.G.Lohmann,48973,6677,Tanaecium selloi,,1,0,0,,,,,
10060,10132,10132,Dahlst.,44043,6683,Taraxacum fernandezianum,,1,0,0,,,,,
10060,10132,10132,F.H.Wigg.,442743,6683,Taraxacum sect.,,0,0,0,,,,,
10060,10132,10132,Schltdl.,9987,2331,Cleome houtteana,,1,0,0,,,,,
10060,10132,10132,Decne.,44284,6690,Tassadia obovata,,1,0,0,,,,,
10060,10132,10132,C.Chr.,445929,6698,Tectaria antioquiana,,1,0,0,,,,,
10060,10132,10132,Cav.,44340,6698,Tectaria incisa,,1,0,0,,,,,
10060,10132,10132,(Vell.) J.F.Morales,44418,6711,Temnadenia odorifera,,1,0,0,,,,,
10060,10132,10132,(L.) Pers.,44432,6714,Tephrosia cinerea,,1,0,0,,,,,
10060,10132,10132,Cambess.,49007,6717,Terminalia australis,,1,0,0,,,,,
10060,10132,10132,L.,44480,6717,Terminalia catappa,,0,0,1,,,,,
10060,10132,10132,Exell,109824,6717,Terminalia reitzii,,1,0,0,,,,,
10060,10132,10132,(Griseb.) Lillo,53630,6717,Terminalia triflora,,1,0,0,,,,,
10060,10132,10132,Engl. ex Alwan & Stace,110999,6717,Terminalia uleana,,1,0,0,,,,,
10060,10132,10132,Cambess.,109825,6718,Ternstroemia brasiliensis,,1,0,0,,,,,
10060,10132,10132,Ruiz & Pav.,52346,7637,Tessaria integrifolia,,1,0,0,,,,,
10060,10132,10132,DC.,107163,6720,Tetracera oblongata,,1,0,0,,,,,
10060,10132,10132,Schltdl.,109826,6720,Tetracera sellowiana,,1,0,0,,,,,
10060,10132,10132,Poepp.,44698,6746,Tetrorchidium rubrivenium,,1,0,0,,,,,
10060,10132,10132,Mill.,44741,6748,Teucrium vesicarium,,1,0,0,,,,,
10060,10132,10132,C.F.Reed,84534,6763,Thelypteris abbiattii,,1,0,0,,,,,
10060,10132,10132,(Christ) Ponce,48877,6763,Thelypteris amambayensis,,1,0,0,,,,,
10060,10132,10132,(C.Chr.) C.F.Reed,105673,6763,Thelypteris berroi,,1,0,0,,,,,
10060,10132,10132,(Kunze) Proctor,44850,6763,Thelypteris cheilanthoides,,1,0,0,,,,,
10060,10132,10132,(Schrad.) A.R.Sm.,44854,6763,Thelypteris conspersa,,1,0,0,,,,,
10060,10132,10132,(L.) Proctor,44858,6763,Thelypteris decussata,,1,0,0,,,,,
10060,10132,10132,(Forssk.) E.P.St.John,439278,6763,Thelypteris dentata,,0,0,0,,,,,
10060,10132,10132,(Baker) C.F.Reed,44866,6763,Thelypteris gardneriana,,1,0,0,,,,,
10060,10132,10132,(Decne.) C.F.Reed,68677,6763,Thelypteris hispidula,,1,0,0,,,,,
10060,10132,10132,(C.Chr.) Salino,111000,6763,Thelypteris iguapensis,,1,0,0,,,,,
10060,10132,10132,(Willd.) K.Iwats.,439585,6763,Thelypteris interrupta,,1,0,0,,,,,
10060,10132,10132,(Rosenst.) C.F.Reed,103784,6763,Thelypteris juergensii,,1,0,0,,,,,
10060,10132,10132,(Desv.) R.M.Tryon,109832,6763,Thelypteris longifolia,,1,0,0,,,,,
10060,10132,10132,Ching,48878,6763,Thelypteris metteniana,,1,0,0,,,,,
10060,10132,10132,(Vahl) Ching,44898,6763,Thelypteris opposita,,1,0,0,,,,,
10060,10132,10132,(Kunze ex Mett.) Ching,44900,6763,Thelypteris pachyrhachis,,1,0,0,,,,,
10060,10132,10132,(Sw.) Small,44903,6763,Thelypteris patens,,1,0,0,,,,,
10060,10132,10132,(Sw.) Small,44903,6763,Thelypteris patens,,1,0,0,,,,,
10060,10132,10132,(Sehnem) Ponce,109834,6763,Thelypteris pleiophylla,,1,0,0,,,,,
10060,10132,10132,(Kunze ex Mett.) C.F.Reed,109835,6763,Thelypteris ptarmica,,1,0,0,,,,,
10060,10132,10132,Ponce,231850,6763,Thelypteris gymnosora,,1,0,0,,,,,
10060,10132,10132,(Rosenst.) Ponce,109836,6763,Thelypteris raddii,,1,0,0,,,,,
10060,10132,10132,(Rosenst.) C.F.Reed,48879,6763,Thelypteris recumbens,,1,0,0,,,,,
10060,10132,10132,(C.Chr.) Ponce,107166,6763,Thelypteris regnelliana,,1,0,0,,,,,
10060,10132,10132,(Sw.) C.F.Reed,109837,6763,Thelypteris retusa,,1,0,0,,,,,
10060,10132,10132,(Lindm.) C.F.Reed,48880,6763,Thelypteris riograndensis,,1,0,0,,,,,
10060,10132,10132,(Fée) Abbiatti,48881,6763,Thelypteris rivularioides,,1,0,0,,,,,
10060,10132,10132,(Rosenst.) Ponce,444728,6763,Thelypteris santae-catharinae,,1,0,0,,,,,
10060,10132,10132,(C.Presl) Lellinger,48883,6763,Thelypteris scabra,,1,0,0,,,,,
10060,10132,10132,(Cav.) Alston,44927,6763,Thelypteris serrata,,1,0,0,,,,,
10060,10132,10132,(Raddi) C.F.Reed,111001,6763,Thelypteris vivipara,,1,0,0,,,,,
10060,10132,10132,Mart. ex A.DC.,111002,6769,Thesium aphyllum,,1,0,0,,,,,
10060,10132,10132,Radlk.,49195,7317,Thinouia mucronata,,1,0,0,,,,,
10060,10132,10132,Radlk.,68162,7317,Thinouia ventricosa,,1,0,0,,,,,
10060,10132,10132,Lindl.,71694,9240,Thryallis brachystachys,,1,0,0,,,,,
10060,10132,10132,Bojer ex Sims,45067,6787,Thunbergia alata,,0,0,0,,,,,
10060,10132,10132,Roxb.,45073,6787,Thunbergia fragrans,,0,0,0,,,,,
10060,10132,10132,(Cham.) Triana,449023,11161,Pleroma asperius,,1,0,0,,,,,
10060,10132,10132,(Naudin) P.J.F.Guim. & Michelang.,448950,19521,Chaetogastra cerastifolia,,1,0,0,,,,,
10060,10132,10132,(Cogn.) P.J.F.Guim. & Michelang.,449024,19521,Chaetogastra cisplatensis,,1,0,0,,,,,
10060,10132,10132,(Pers.) P.J.F.Guim. & Michelang.,448952,11161,Pleroma clavatum,,1,0,0,,,,,
10060,10132,10132,DC.,448953,19521,Chaetogastra clinopodifolia,,1,0,0,,,,,
10060,10132,10132,(Cham.) P.J.F.Guim. & Michelang.,448954,11161,Pleroma dubium,,1,0,0,,,,,
10060,10132,10132,(Cogn.) P.J.F.Guim. & Michelang.,448955,11161,Pleroma dusenii,,1,0,0,,,,,
10060,10132,10132,(Bonpl.) DC.,445120,19521,Chaetogastra gracilis,,1,0,0,,,,,
10060,10132,10132,(DC.) P.J.F.Guim. & Michelang.,442819,19521,Chaetogastra herbacea,,1,0,0,,,,,
10060,10132,10132,(DC.) Triana,448960,11161,Pleroma hospitum,,1,0,0,,,,,
10060,10132,10132,(Wurdack) P.J.F.Guim. & Michelang.,448961,11161,Pleroma kleinii,,1,0,0,,,,,
10060,10132,10132,(Cogn.) P.J.F.Guim. & Michelang.,444750,19521,Chaetogastra longipilosa,,1,0,0,,,,,
10060,10132,10132,(D.Don) D.Don,442820,11161,Pleroma heteromallum,,1,0,0,,,,,
10060,10132,10132,(Vell.) Triana,428786,11161,Pleroma mutabile,,1,0,0,,,,,
10060,10132,10132,(Graham) P.J.F.Guim. & Michelang.,448349,19521,Chaetogastra nitida,,1,0,0,,,,,
10060,10132,10132,(Griseb.) P.J.F.Guim. & Michelang.,442823,19521,Chaetogastra paratropica,,1,0,0,,,,,
10060,10132,10132,(Cogn.) P.J.F.Guim. & Michelang.,448962,11161,Pleroma pilosum,,1,0,0,,,,,
10060,10132,10132,(Cogn.) P.J.F.Guim. & Michelang.,448962,11161,Pleroma pilosum,,1,0,0,,,,,
10060,10132,10132,(DC.) Gardner,448963,11161,Pleroma raddianum,,1,0,0,,,,,
10060,10132,10132,(Brade) P.J.F.Guim. & Michelang.,449025,11161,Pleroma ramboi,,1,0,0,,,,,
10060,10132,10132,(Brade) P.J.F.Guim. & Michelang.,448965,11161,Pleroma reitzii,,1,0,0,,,,,
10060,10132,10132,(Cogn.) P.J.F.Guim. & Michelang.,448967,19521,Chaetogastra rupestris,,1,0,0,,,,,
10060,10132,10132,(Cham.) P.J.F.Guim. & Michelang.,448969,11161,Pleroma sellowianum,,1,0,0,,,,,
10060,10132,10132,(Schrank & Mart. ex DC.) Triana,442824,11161,Pleroma semidecandrum,,1,0,0,,,,,
10060,10132,10132,DC.,448970,11161,Pleroma trichopodum,,1,0,0,,,,,
10060,10132,10132,(Cogn.) P.J.F.Guim. & Michelang.,449027,19521,Chaetogastra urbanii,,1,0,0,,,,,
10060,10132,10132,(Cham.) Triana,448971,11161,Pleroma ursinum,,1,0,0,,,,,
10060,10132,10132,(DC.) P.J.F.Guim. & Michelang.,442825,11161,Pleroma urvilleanum,,1,0,0,,,,,
10060,10132,10132,(DC.) P.J.F.Guim. & Michelang.,442825,11161,Pleroma urvilleanum,,1,0,0,,,,,
10060,10132,10132,(Lindl.) P.J.F.Guim. & Michelang.,448972,19521,Chaetogastra versicolor,,1,0,0,,,,,
10060,10132,10132,(L.) Pruski,45137,6806,Tilesia baccata,,1,0,0,,,,,
10060,10132,10132,(Loisel.) Desf.,102923,6809,Tillandsia aeranthos,,1,0,0,,,,,
10060,10132,10132,Baker,111005,6809,Tillandsia dura,,1,0,0,,,,,
10060,10132,10132,Lindl.,45167,6809,Tillandsia gardneri,,1,0,0,,,,,
10060,10132,10132,Brongn.,67517,6809,Tillandsia geminiflora,,1,0,0,,,,,
10060,10132,10132,Glaz. ex Mez,109869,6809,Tillandsia mallemontii,,1,0,0,,,,,
10060,10132,10132,Reitz,111006,6809,Tillandsia montana,,1,0,0,,,,,
10060,10132,10132,W.Weber & Ehlers,111007,6809,Tillandsia pseudomontana,,1,0,0,,,,,
10060,10132,10132,(L.) L.,45181,6809,Tillandsia recurvata,,1,0,0,,,,,
10060,10132,10132,E.Pereira,111008,6809,Tillandsia seideliana,,1,0,0,,,,,
10060,10132,10132,Sol. ex Ker Gawl.,45187,6809,Tillandsia stricta,,1,0,0,,,,,
10060,10132,10132,Sol. ex Ker Gawl.,45187,6809,Tillandsia stricta,,1,0,0,,,,,
10060,10132,10132,L.,45188,6809,Tillandsia tenuifolia,,1,0,0,,,,,
10060,10132,10132,L.,45188,6809,Tillandsia tenuifolia,,1,0,0,,,,,
10060,10132,10132,(L.) L.,45192,6809,Tillandsia usneoides,,1,0,0,,,,,
10060,10132,10132,(Cham. & Schltdl.) K.Schum.,82675,6821,Tocoyena sellowiana,,1,0,0,,,,,
10060,10132,10132,(Huds.) Link,45321,6836,Torilis arvensis,,0,0,0,,,,,
10060,10132,10132,(L.) Gaertn.,45326,6836,Torilis nodosa,,0,0,0,,,,,
10060,10132,10132,Craven,442844,3712,Heliotropium verdcourtii,,1,0,0,,,,,
10060,10132,10132,(A.DC.) Luebert,444739,4854,Myriopus breviflorus,,1,0,0,,,,,
10060,10132,10132,(A.DC.) J.I.M.Melo,449062,4854,Myriopus gardneri,,1,0,0,,,,,
10060,10132,10132,(Gardner) J.I.M.Melo,449028,4854,Myriopus membranaceus,,1,0,0,,,,,
10060,10132,10132,(Salzm. ex DC.) Luebert,442853,4854,Myriopus rubicundus,,1,0,0,,,,,
10060,10132,10132,Trin.,45407,6857,Trachypogon macroglossus,,1,0,0,,,,,
10060,10132,10132,(L.f.) Kuntze,45408,6857,Trachypogon spicatus,,1,0,0,,,,,
10060,10132,10132,Kunth,443666,6861,Tradescantia tenella,,1,0,0,,,,,
10060,10132,10132,Link & Otto,107167,6861,Tradescantia crassula,,1,0,0,,,,,
10060,10132,10132,Vell.,45416,6861,Tradescantia fluminensis,,1,0,0,,,,,
10060,10132,10132,Didr.,68058,8969,Bia alienata,,1,0,0,,,,,
10060,10132,10132,Müll.Arg.,80333,6863,Tragia bahiensis,,1,0,0,,,,,
10060,10132,10132,M.M.Gut. & Múlgura,49035,6863,Tragia giardelliae,,1,0,0,,,,,
10060,10132,10132,Vell.,107169,6863,Tragia polyandra,,1,0,0,,,,,
10060,10132,10132,Müll.Arg.,49036,6863,Tragia uberabana,,1,0,0,,,,,
10060,10132,10132,Müll.Arg.,49036,6863,Tragia uberabana,,1,0,0,,,,,
10060,10132,10132,L.,45435,6863,Tragia volubilis,,1,0,0,,,,,
10060,10132,10132,(L.) Blume,442867,6870,Trema micranthum,,1,0,0,,,,,
10060,10132,10132,(Nees ex Trin.) Zuloaga & Morrone,441582,11168,Trichanthecium cyanescens,,1,0,0,,,,,
10060,10132,10132,(Lam.) Zuloaga & Morrone,441587,11168,Trichanthecium parvifolium,,1,0,0,,,,,
10060,10132,10132,(Mez) Zuloaga & Morrone,443681,11168,Trichanthecium schwackeanum,,1,0,0,,,,,
10060,10132,10132,C.DC.,442873,6882,Trichilia casarettoi,,1,0,0,,,,,
10060,10132,10132,A.Juss.,49107,6882,Trichilia catigua,,1,0,0,,,,,
10060,10132,10132,C.DC.,49108,6882,Trichilia claussenii,,1,0,0,,,,,
10060,10132,10132,A.Juss.,49109,6882,Trichilia elegans,,1,0,0,,,,,
10060,10132,10132,Mart.,109874,6882,Trichilia lepidota,,1,0,0,,,,,
10060,10132,10132,C.DC.,68101,6882,Trichilia pallens,,1,0,0,,,,,
10060,10132,10132,(A.Juss.) C.DC.,109875,6882,Trichilia pseudostipularis,,1,0,0,,,,,
10060,10132,10132,C.DC.,109876,6882,Trichilia silvatica,,1,0,0,,,,,
10060,10132,10132,Lindl.,109878,6888,Trichocentrum fuscum,,0,0,0,,,,,
10060,10132,10132,(Lindl.) M.W.Chase & N.H.Williams,49289,6888,Trichocentrum pumilum,,1,0,0,,,,,
10060,10132,10132,Cabrera,109879,8023,Trichocline catharinensis,,1,0,0,,,,,
10060,10132,10132,Less.,107171,8023,Trichocline macrocephala,,1,0,0,,,,,
10060,10132,10132,Less.,105677,8023,Trichocline speciosa,,1,0,0,,,,,
10060,10132,10132,Rosenst.,107172,6893,Trichomanes anadromum,,1,0,0,,,,,
10060,10132,10132,Carmich.,45533,6893,Trichomanes angustatum,,1,0,0,,,,,
10060,10132,10132,Kaulf.,55076,6893,Trichomanes cristatum,,1,0,0,,,,,
10060,10132,10132,Rich.,45552,6893,Trichomanes elegans,,1,0,0,,,,,
10060,10132,10132,L.,45582,6893,Trichomanes pyxidiferum,,1,0,0,,,,,
10060,10132,10132,Hedw.,45559,6893,Trichomanes hymenoides,,1,0,0,,,,,
10060,10132,10132,Hook. & Grev.,45564,6893,Trichomanes krausii,,1,0,0,,,,,
10060,10132,10132,Lindm.,111010,6893,Trichomanes mosenii,,1,0,0,,,,,
10060,10132,10132,Kunze,109881,6893,Trichomanes pellucens,,1,0,0,,,,,
10060,10132,10132,Raddi,67326,6893,Trichomanes pilosum,,1,0,0,,,,,
10060,10132,10132,L.,45579,6893,Trichomanes polypodioides,,1,0,0,,,,,
10060,10132,10132,Poir.,45580,6893,Trichomanes punctatum,,1,0,0,,,,,
10060,10132,10132,L.,45582,6893,Trichomanes pyxidiferum,,1,0,0,,,,,
10060,10132,10132,Sw.,439478,6893,Trichomanes radicans,,1,0,0,,,,,
10060,10132,10132,Sw.,439478,6893,Trichomanes radicans,,1,0,0,,,,,
10060,10132,10132,Sw.,439829,6893,Trichomanes reptans,,1,0,0,,,,,
10060,10132,10132,Sw.,438108,6893,Trichomanes rigidum,,1,0,0,,,,,
10060,10132,10132,(Raddi) Bosch,77082,6893,Trichomanes rupestre,,1,0,0,,,,,
10060,10132,10132,(Barb.Rodr.) Luer,109882,6898,Trichosalpinx montana,,1,0,0,,,,,
10060,10132,10132,(L.) H.Walter,45631,869,Trichostigma octandrum,,1,0,0,,,,,
10060,10132,10132,Sibth.,45678,6915,Trifolium dubium,,0,0,0,,,,,
10060,10132,10132,L.,45717,6915,Trifolium pratense,,0,0,0,,,,,
10060,10132,10132,Burkart,107174,6915,Trifolium riograndense,,1,0,0,,,,,
10060,10132,10132,Cambess.,77091,7991,Trigonia nivea,,1,0,0,,,,,
10060,10132,10132,Cambess.,77091,7991,Trigonia nivea,,1,0,0,,,,,
10060,10132,10132,(Lindl.) Molinari,443779,4576,Maxillaria obtusa,,1,0,0,,,,,
10060,10132,10132,(Hand.-Mazz.) Christenh. & Byng,449063,6927,Trimezia imbricata,,1,0,0,,,,,
10060,10132,10132,(Jacq.) Herb.,45791,6927,Trimezia martinicensis,,1,0,0,,,,,
10060,10132,10132,(L.) Nieuwl.,45794,6929,Triodanis perfoliata,,1,0,0,,,,,
10060,10132,10132,(Ruiz & Pav.) Tiegh.,67707,8932,Tripodanthus acutifolius,,1,0,0,,,,,
10060,10132,10132,(Mart.) Christenh. & Byng,446657,1933,Callisia diuretica,,1,0,0,,,,,
10060,10132,10132,Hack.,110602,6954,Trisetum juergensii,,1,0,0,,,,,
10060,10132,10132,(Bory ex Willd.) Spreng.,45904,6960,Tristicha trifaria,,1,0,0,,,,,
10060,10132,10132,Mart.,109885,9215,Trithrinax brasiliensis,,1,0,0,,,,,
10060,10132,10132,Villa,49227,6966,Triumfetta guaranitica,,1,0,0,,,,,
10060,10132,10132,Jacq.,45930,6966,Triumfetta rhomboidea,,1,0,0,,,,,
10060,10132,10132,Jacq.,45931,6966,Triumfetta semitriloba,,1,0,0,,,,,
10060,10132,10132,DC.,84591,6968,Trixis lessingii,,1,0,0,,,,,
10060,10132,10132,(Vell.) Katinas,67480,6968,Trixis nobilis,,1,0,0,,,,,
10060,10132,10132,(Vell.) Cabrera,103794,6968,Trixis praestans,,1,0,0,,,,,
10060,10132,10132,Dusén ex Malme,109887,6968,Trixis thyrsoidea,,1,0,0,,,,,
10060,10132,10132,Lindl.,77103,9576,Trizeuxis falcata,,1,0,0,,,,,
10060,10132,10132,L.,45955,6974,Tropaeolum majus,,0,0,0,,,,,
10060,10132,10132,Lam.,45956,6974,Tropaeolum pentaphyllum,,1,0,0,,,,,
10060,10132,10132,Lam.,45956,6974,Tropaeolum pentaphyllum,,1,0,0,,,,,
10060,10132,10132,Sparre,111012,6974,Tropaeolum sanctae-catharinae,,1,0,0,,,,,
10060,10132,10132,(Cambess.) L.Rocha,449064,20282,Oxossia capitata,,1,0,0,,,,,
10060,10132,10132,Cambess.,67981,6988,Turnera oblongifolia,,1,0,0,,,,,
10060,10132,10132,(Cham.) Miers,109890,6996,Tynanthus cognatus,,1,0,0,,,,,
10060,10132,10132,(Cham.) Miers,109890,6996,Tynanthus cognatus,,1,0,0,,,,,
10060,10132,10132,(Cham.) Miers,110604,6996,Tynanthus labiatus,,0,1,0,,,,,
10060,10132,10132,Pers.,46055,6997,Typha domingensis,,1,0,0,,,,,
10060,10132,10132,(Cogn.) Handro,111014,11195,Uleiorchis ulei,,1,0,0,,,,,
10060,10132,10132,L.,46068,7002,Ulex europaeus,,0,0,0,,,,,
10060,10132,10132,Wedd.,53861,7014,Urera aurantiaca,,1,0,0,,,,,
10060,10132,10132,(L.) Gaudich. ex Wedd.,46172,7014,Urera baccifera,,1,0,0,,,,,
10060,10132,10132,(Vell.) P.Brack,68171,7014,Urera nitida,,1,0,0,,,,,
10060,10132,10132,(Hack.) Morrone & Zuloaga,442978,7015,Urochloa arrecta,,0,0,0,,,,,
10060,10132,10132,(A.Rich.) R.D.Webster,438768,7015,Urochloa brizantha,,0,0,0,,,,,
10060,10132,10132,(Mez) Davidse,442979,7015,Urochloa eminii,,0,0,0,,,,,
10060,10132,10132,(Sw.) B.F.Hansen & Wunderlin,46183,7015,Urochloa fusca,,1,0,0,,,,,
10060,10132,10132,(Fig. & De Not.) Veldkamp,438771,7015,Urochloa dictyoneura,,0,0,0,,,,,
10060,10132,10132,(Forssk.) T.Q.Nguyen,438774,7015,Urochloa mutica,,0,0,0,,,,,
10060,10132,10132,(Link) R.D.Webster,438776,7015,Urochloa plantaginea,,1,0,0,,,,,
10060,10132,10132,(Mez) Davidse,442979,7015,Urochloa eminii,,0,0,0,,,,,
10060,10132,10132,(DC.) R.M.King & H.Rob.,77125,9579,Urolepis hecatantha,,1,0,0,,,,,
10060,10132,10132,(Hicken) Sorarú,103796,7024,Urtica circularis,,1,0,0,,,,,
10060,10132,10132,L.,46236,7024,Urtica urens,,0,0,1,,,,,
10060,10132,10132,Cambess.,109891,7025,Urvillea glabra,,1,0,0,,,,,
10060,10132,10132,Radlk.,68163,7025,Urvillea laevis,,1,0,0,,,,,
10060,10132,10132,(Vell.) Radlk.,109892,7025,Urvillea triphylla,,1,0,0,,,,,
10060,10132,10132,Kunth,46237,7025,Urvillea ulmacea,,1,0,0,,,,,
10060,10132,10132,Radlk.,49196,7025,Urvillea uniloba,,1,0,0,,,,,
10060,10132,10132,A.St.-Hil. & Girard,111015,7026,Utricularia erectiflora,,1,0,0,,,,,
10060,10132,10132,L.,46249,7026,Utricularia foliosa,,1,0,0,,,,,
10060,10132,10132,L.,46251,7026,Utricularia gibba,,1,0,0,,,,,
10060,10132,10132,A.St.-Hil. & Girard,80467,7026,Utricularia laxa,,1,0,0,,,,,
10060,10132,10132,Weber ex Benj.,67699,7026,Utricularia nervosa,,1,0,0,,,,,
10060,10132,10132,A.St.-Hil. & Girard,80468,7026,Utricularia praelonga,,1,0,0,,,,,
10060,10132,10132,A.St.-Hil.,109895,7026,Utricularia reniformis,,1,0,0,,,,,
10060,10132,10132,L.,46276,7026,Utricularia subulata,,1,0,0,,,,,
10060,10132,10132,A.St.-Hil.,67700,7026,Utricularia tricolor,,1,0,0,,,,,
10060,10132,10132,Sylvén,105849,7026,Utricularia tridentata,,1,0,0,,,,,
10060,10132,10132,Benj.,67701,7026,Utricularia triloba,,1,0,0,,,,,
10060,10132,10132,Graebn.,110607,7032,Valeriana catharinensis,,1,0,0,,,,,
10060,10132,10132,(C.A.Müll.) Graebn.,109896,7032,Valeriana eichleriana,,1,0,0,,,,,
10060,10132,10132,Graebn.,109897,7032,Valeriana gilgiana,,1,0,0,,,,,
10060,10132,10132,F.G.Mey.,110610,7032,Valeriana glechomifolia,,1,0,0,,,,,
10060,10132,10132,Graebn.,109898,7032,Valeriana muelleri,,1,0,0,,,,,
10060,10132,10132,Borsini,109899,7032,Valeriana reitziana,,1,0,0,,,,,
10060,10132,10132,Vahl,103800,7032,Valeriana salicariifolia,,1,0,0,,,,,
10060,10132,10132,L.,46376,7032,Valeriana scandens,,1,0,0,,,,,
10060,10132,10132,Gardner,442989,7032,Valeriana candolleana,,1,0,0,,,,,
10060,10132,10132,Sobral,110611,7032,Valeriana tajuvensis,,1,0,0,,,,,
10060,10132,10132,Graebn.,109900,7032,Valeriana ulei,,1,0,0,,,,,
10060,10132,10132,Klotzsch,72105,7040,Vanilla chamissonis,,1,0,0,,,,,
10060,10132,10132,Klotzsch,72105,7040,Vanilla chamissonis,,1,0,0,,,,,
10060,10132,10132,Hoehne,107177,7040,Vanilla edwallii,,1,0,0,,,,,
10060,10132,10132,(Schnizl.) Cuatrec.,77149,8643,Vantanea compacta,,1,0,0,,,,,
10060,10132,10132,Jacq.,439408,7041,Varronia curassavica,,1,0,0,,,,,
10060,10132,10132,(Sendtn.) Hunz.,53860,7762,Vassobia breviflora,,1,0,0,,,,,
10060,10132,10132,Dusén,109902,11169,Velloziella westermanii,,1,0,0,,,,,
10060,10132,10132,Stokes,46513,7057,Verbascum virgatum,,0,0,0,,,,,
10060,10132,10132,Otto ex Sweet,109903,7058,Verbena alata,,1,0,0,,,,,
10060,10132,10132,L.,46514,7058,Verbena bonariensis,,1,0,0,,,,,
10060,10132,10132,Cham.,53871,7058,Verbena ephedroides,,1,0,0,,,,,
10060,10132,10132,Schauer,107179,7058,Verbena filicaulis,,1,0,0,,,,,
10060,10132,10132,Spreng.,107180,7058,Verbena hirta,,1,0,0,,,,,
10060,10132,10132,Spreng.,107180,7058,Verbena hirta,,1,0,0,,,,,
10060,10132,10132,Gillies & Hook.,102914,7058,Verbena intermedia,,1,0,0,,,,,
10060,10132,10132,Moldenke,107181,7058,Verbena lindbergii,,1,0,0,,,,,
10060,10132,10132,Kunth,46521,7058,Verbena litoralis,,1,0,0,,,,,
10060,10132,10132,Spreng.,72003,7058,Verbena montevidensis,,1,0,0,,,,,
10060,10132,10132,Cham.,105683,7058,Verbena ovata,,1,0,0,,,,,
10060,10132,10132,Spreng.,46523,7058,Verbena rigida,,1,0,0,,,,,
10060,10132,10132,Cham.,107182,7058,Verbena sagittalis,,1,0,0,,,,,
10060,10132,10132,Hook. & Arn.,109905,7059,Verbesina glabrata,,1,0,0,,,,,
10060,10132,10132,DC.,72046,7059,Verbesina sordescens,,1,0,0,,,,,
10060,10132,10132,(Less.) H.Rob.,53600,7062,Vernonanthura chamaedrys,,1,0,0,,,,,
10060,10132,10132,(Less.) H.Rob.,84598,7062,Vernonanthura lucida,,1,0,0,,,,,
10060,10132,10132,(Spreng.) H.Rob.,67486,7062,Vernonanthura montevidensis,,1,0,0,,,,,
10060,10132,10132,(Less.) H.Rob.,102828,7062,Vernonanthura nudiflora,,1,0,0,,,,,
10060,10132,10132,(Less.) H.Rob.,107183,7062,Vernonanthura oligactoides,,1,0,0,,,,,
10060,10132,10132,(DC.) H.Rob.,48966,7062,Vernonanthura petiolaris,,1,0,0,,,,,
10060,10132,10132,(Spreng.) A.J.Vega & Dematt.,109909,7062,Vernonanthura polyanthes,,1,0,0,,,,,
10060,10132,10132,(Baker) H.Rob.,48967,7062,Vernonanthura tweedieana,,1,0,0,,,,,
10060,10132,10132,(Cabrera) H.Rob.,110614,7062,Vernonanthura catharinensis,,1,0,0,,,,,
10060,10132,10132,(Gardner) H.Rob.,111016,4226,Lepidaploa decumbens,,1,0,0,,,,,
10060,10132,10132,(Less.) H.Rob.,77162,7062,Vernonanthura discolor,,1,0,0,,,,,
10060,10132,10132,Less.,71492,7063,Vernonia echioides,,1,0,0,,,,,
10060,10132,10132,(Gardner) H.Rob.,109914,4226,Lepidaploa eriolepis,,1,0,0,,,,,
10060,10132,10132,(Cabrera) H.Rob.,109915,7742,Lessingianthus exiguus,,1,0,0,,,,,
10060,10132,10132,(Spreng.) H.Rob.,67486,7062,Vernonanthura montevidensis,,1,0,0,,,,,
10060,10132,10132,(DC.) H.Rob.,109916,7742,Lessingianthus hypochaeris,,1,0,0,,,,,
10060,10132,10132,(Less.) H.Rob.,109919,7062,Vernonanthura mucronulata,,1,0,0,,,,,
10060,10132,10132,(Sch.Bip. ex Baker) H.Rob.,303589,7062,Vernonanthura oligolepis,,1,0,0,,,,,
10060,10132,10132,(Less.) H.Rob.,68040,7062,Vernonanthura puberula,,1,0,0,,,,,
10060,10132,10132,(Less.) H.Rob.,68040,7062,Vernonanthura puberula,,1,0,0,,,,,
10060,10132,10132,(Less.) H.Rob.,332841,9343,Critoniopsis quinqueflora,,1,0,0,,,,,
10060,10132,10132,(Cabrera) H.Rob.,109921,7742,Lessingianthus reitzianus,,1,0,0,,,,,
10060,10132,10132,(Hieron.) H.Rob.,111017,7742,Lessingianthus ulei,,1,0,0,,,,,
10060,10132,10132,(Less.) H.Rob.,111018,7062,Vernonanthura viscidula,,1,0,0,,,,,
10060,10132,10132,(Less.) H.Rob.,109926,7062,Vernonanthura westiniana,,1,0,0,,,,,
10060,10132,10132,L.,46590,7064,Veronica arvensis,,0,0,0,,,,,
10060,10132,10132,L.,46665,7064,Veronica peregrina,,0,0,0,,,,,
10060,10132,10132,Poir.,46666,7064,Veronica persica,,0,0,0,,,,,
10060,10132,10132,L.,46686,7064,Veronica serpyllifolia,,0,0,0,,,,,
10060,10132,10132,(Cogn.) Szlach.,71961,8951,Veyretia hassleri,,1,0,0,,,,,
10060,10132,10132,Szlach.,80647,8951,Veyretia undulata,,1,0,0,,,,,
10060,10132,10132,L.,46778,7069,Vicia faba,,0,0,0,,,,,
10060,10132,10132,Sm.,77167,7069,Vicia graminea,,1,0,0,,,,,
10060,10132,10132,Vogel,103802,7069,Vicia montevidensis,,1,0,0,,,,,
10060,10132,10132,L.,46805,7069,Vicia sativa,,0,0,0,,,,,
10060,10132,10132,Bianca,109928,7069,Vicia stenophylla,,1,0,0,,,,,
10060,10132,10132,(Vell.) A.Delgado,297433,14666,Condylostylis candida,,1,0,0,,,,,
10060,10132,10132,(L.) Trew,73227,9333,Cochliasanthus caracalla,,1,0,0,,,,,
10060,10132,10132,(Benth.) Verdc.,46826,7072,Vigna longifolia,,1,0,0,,,,,
10060,10132,10132,(Jacq.) Benth.,46827,7072,Vigna luteola,,1,0,0,,,,,
10060,10132,10132,(Mart. ex Benth.) A.Delgado,344341,11124,Ancistrotropis clitorioides,,1,0,0,,,,,
10060,10132,10132,(DC.) E.E.Schill. & Panero,103298,9263,Aldama anchusifolia,,1,0,0,,,,,
10060,10132,10132,(Dusén) Magenta,341863,9263,Aldama trichophylla,,1,0,0,,,,,
10060,10132,10132,L.,46850,7077,Vinca major,,0,0,0,,,,,
10060,10132,10132,A.St.-Hil.,109931,7079,Viola cerasifolia,,1,0,0,,,,,
10060,10132,10132,A.St.-Hil.,109932,7079,Viola gracillima,,1,0,0,,,,,
10060,10132,10132,(Schott) Warb.,109934,7081,Virola bicuhyba,,1,0,0,,,,,
10060,10132,10132,(Spreng.) Moldenke,49230,7086,Vitex megapotamica,,1,0,0,,,,,
10060,10132,10132,Cham.,67997,7086,Vitex polygama,,1,0,0,,,,,
10060,10132,10132,Kaulf.,47054,7090,Vittaria graminifolia,,1,0,0,,,,,
10060,10132,10132,(L.) Sm.,47061,7090,Vittaria lineata,,1,0,0,,,,,
10060,10132,10132,Klotzsch ex Fée,109935,7090,Vittaria scabrida,,1,0,0,,,,,
10060,10132,10132,Warm.,109938,8966,Vochysia magnifica,,1,0,0,,,,,
10060,10132,10132,(Jacq.) Pers.,47083,7096,Voyria aphylla,,1,0,0,,,,,
10060,10132,10132,Guilding ex Hook.,47086,7096,Voyria tenella,,1,0,0,,,,,
10060,10132,10132,L.B.Sm.,109939,7097,Vriesea altodaserrae,,1,0,0,,,,,
10060,10132,10132,Reitz,111019,7097,Vriesea biguassuensis,,1,0,0,,,,,
10060,10132,10132,Reitz,111020,7097,Vriesea brusquensis,,1,0,0,,,,,
10060,10132,10132,Wawra,67519,7097,Vriesea carinata,,1,0,0,,,,,
10060,10132,10132,(Britton) Mez,109940,7097,Vriesea corcovadensis,,1,0,0,,,,,
10060,10132,10132,Leme,111021,7097,Vriesea declinata,,1,0,0,,,,,
10060,10132,10132,(Baker) Mez,109941,7097,Vriesea drepanocarpa,,1,0,0,,,,,
10060,10132,10132,(Vell.) Beer,109943,7097,Vriesea ensiformis,,1,0,0,,,,,
10060,10132,10132,(Vell.) Beer,109943,7097,Vriesea ensiformis,,1,0,0,,,,,
10060,10132,10132,(É.Morren) É.Morren ex Mez,109944,7097,Vriesea erythrodactylon,,1,0,0,,,,,
10060,10132,10132,L.B.Sm.,109945,7097,Vriesea flammea,,1,0,0,,,,,
10060,10132,10132,"And.Costa, H.Luther & Wand.",109946,7097,Vriesea flava,,1,0,0,,,,,
10060,10132,10132,Mez,72053,7097,Vriesea friburgensis,,1,0,0,,,,,
10060,10132,10132,Mez,72053,7097,Vriesea friburgensis,,1,0,0,,,,,
10060,10132,10132,Gaudich.,109947,7097,Vriesea gigantea,,1,0,0,,,,,
10060,10132,10132,Linden & André,109948,7097,Vriesea guttata,,1,0,0,,,,,
10060,10132,10132,Linden & André,109948,7097,Vriesea guttata,,1,0,0,,,,,
10060,10132,10132,Linden & André,109948,7097,Vriesea guttata,,1,0,0,,,,,
10060,10132,10132,L.B.Sm.,111022,7097,Vriesea hoehneana,,1,0,0,,,,,
10060,10132,10132,Gaudich.,109949,7097,Vriesea incurvata,,1,0,0,,,,,
10060,10132,10132,(Wawra) Wawra,109950,7097,Vriesea inflata,,1,0,0,,,,,
10060,10132,10132,(K.Koch) É.Morren,109951,7097,Vriesea jonghei,,1,0,0,,,,,
10060,10132,10132,(Baker) Mez,111023,7097,Vriesea longicaulis,,1,0,0,,,,,
10060,10132,10132,(Baker) É.Morren ex Mez,67520,7097,Vriesea lubbersii,,1,0,0,,,,,
10060,10132,10132,É.Morren,109952,7097,Vriesea × morreniana,,1,0,0,,,,,
10060,10132,10132,Mez,109953,7097,Vriesea muelleri,,1,0,0,,,,,
10060,10132,10132,Wawra,448976,7097,Vriesea philippocoburgi,,1,0,0,,,,,
10060,10132,10132,Reitz,109957,7097,Vriesea pinottii,,1,0,0,,,,,
10060,10132,10132,Gaudich.,47096,7097,Vriesea platynema,,1,0,0,,,,,
10060,10132,10132,Gaudich.,47096,7097,Vriesea platynema,,1,0,0,,,,,
10060,10132,10132,Gaudich.,47096,7097,Vriesea platynema,,1,0,0,,,,,
10060,10132,10132,Gaudich.,47096,7097,Vriesea platynema,,1,0,0,,,,,
10060,10132,10132,É.Morren,109958,7097,Vriesea platzmannii,,1,0,0,,,,,
10060,10132,10132,(Mart. ex Schult. & Schult.f.) Wittm.,47097,7097,Vriesea procera,,1,0,0,,,,,
10060,10132,10132,(Hook.) Lindl.,110621,7097,Vriesea psittacina,,1,0,0,,,,,
10060,10132,10132,Leme,111024,7097,Vriesea rastrensis,,1,0,0,,,,,
10060,10132,10132,Leme & And.Costa,109959,7097,Vriesea reitzii,,1,0,0,,,,,
10060,10132,10132,É.Morren,109960,7097,Vriesea rodigasiana,,1,0,0,,,,,
10060,10132,10132,J.Gomes-da-Silva & A.F.Costa,111025,7097,Vriesea rubens,,1,0,0,,,,,
10060,10132,10132,É.Morren,110622,7097,Vriesea scalaris,,1,0,0,,,,,
10060,10132,10132,Reitz,111026,7097,Vriesea triangularis,,1,0,0,,,,,
10060,10132,10132,(Baker) Mez,109961,7097,Vriesea unilateralis,,1,0,0,,,,,
10060,10132,10132,(L.B.Sm.) L.B.Sm.,67522,7097,Vriesea vagans,,1,0,0,,,,,
10060,10132,10132,Nees ex Steud.,445477,3315,Festuca australis,,1,0,0,,,,,
10060,10132,10132,L.,440142,3315,Festuca bromoides,,0,0,0,,,,,
10060,10132,10132,L.,440144,3315,Festuca myuros,,0,0,0,,,,,
10060,10132,10132,(Lam.) A.DC.,48996,7103,Wahlenbergia linarioides,,1,0,0,,,,,
10060,10132,10132,A.St.-Hil. & Naudin,109962,7110,Waltheria carpinifolia,,1,0,0,,,,,
10060,10132,10132,A.St.-Hil.,53736,7110,Waltheria communis,,1,0,0,,,,,
10060,10132,10132,L.,47202,7110,Waltheria indica,,1,0,0,,,,,
10060,10132,10132,Rchb.f.,107185,11104,Warmingia eugenii,,1,0,0,,,,,
10060,10132,10132,Gardner,109963,7118,Weinmannia discolor,,1,0,0,,,,,
10060,10132,10132,Engl.,109964,7118,Weinmannia humilis,,1,0,0,,,,,
10060,10132,10132,Gardner,109965,7118,Weinmannia organensis,,1,0,0,,,,,
10060,10132,10132,Pohl ex Ser.,109966,7118,Weinmannia paulliniifolia,,1,0,0,,,,,
10060,10132,10132,Cogn.,49017,7300,Wilbrandia ebracteata,,1,0,0,,,,,
10060,10132,10132,Cogn.,109971,7300,Wilbrandia longisepala,,1,0,0,,,,,
10060,10132,10132,(Vell.) Leme,448977,14268,Wittrockia cyathiformis,,1,0,0,,,,,
10060,10132,10132,Lindm.,448978,14268,Wittrockia superba,,1,0,0,,,,,
10060,10132,10132,Wedd.,47350,7142,Wolffia brasiliensis,,1,0,0,,,,,
10060,10132,10132,(Phil.) Hegelm.,63783,7143,Wolffiella oblonga,,1,0,0,,,,,
10060,10132,10132,Hieron.,47366,7146,Woodsia montevidensis,,1,0,0,,,,,
10060,10132,10132,(Sw.) Rchb.f.,47387,7149,Wullschlaegelia aphylla,,1,0,0,,,,,
10060,10132,10132,L.,47400,7155,Xanthium orientale,,0,0,0,,,,,
10060,10132,10132,L.,47402,7155,Xanthium spinosum,,1,0,0,,,,,
10060,10132,10132,(L.) Schott,47442,7161,Xanthosoma sagittifolium,,0,0,0,,,,,
10060,10132,10132,L.,47480,7168,Ximenia americana,,1,0,0,,,,,
10060,10132,10132,(Bateman ex Lindl.) Rolfe,83205,7173,Xylobium colleyi,,1,0,0,,,,,
10060,10132,10132,(Ruiz & Pav.) Garay & Dunst.,109976,7173,Xylobium variegatum,,1,0,0,,,,,
10060,10132,10132,Spreng.,84545,7177,Xylopia brasiliensis,,1,0,0,,,,,
10060,10132,10132,(Clos) Eichler,68161,947,Xylosma ciliatifolia,,1,0,0,,,,,
10060,10132,10132,(Turcz.) Turcz.,109980,947,Xylosma prockia,,1,0,0,,,,,
10060,10132,10132,Sleumer,444746,947,Xylosma pseudosalzmannii,,1,0,0,,,,,
10060,10132,10132,(Clos) Eichlam,49061,947,Xylosma tweediana,,1,0,0,,,,,
10060,10132,10132,Thunb.,67287,7180,Xyris capensis,,1,0,0,,,,,
10060,10132,10132,L.A.Nilsson,109982,7180,Xyris filifolia,,1,0,0,,,,,
10060,10132,10132,Malme,105693,7180,Xyris guaranitica,,1,0,0,,,,,
10060,10132,10132,Mart.,68009,7180,Xyris hymenachne,,1,0,0,,,,,
10060,10132,10132,Rich.,47595,7180,Xyris jupicai,,1,0,0,,,,,
10060,10132,10132,Mart.,77276,7180,Xyris laxifolia,,1,0,0,,,,,
10060,10132,10132,Malme,109984,7180,Xyris lucida,,1,0,0,,,,,
10060,10132,10132,L.A.Nilsson,109985,7180,Xyris neglecta,,1,0,0,,,,,
10060,10132,10132,L.A.Nilsson,105694,7180,Xyris regnellii,,1,0,0,,,,,
10060,10132,10132,L.B.Sm. & Downs,109987,7180,Xyris reitzii,,1,0,0,,,,,
10060,10132,10132,Kunth,109988,7180,Xyris rigida,,1,0,0,,,,,
10060,10132,10132,Miq.,55115,7180,Xyris savanensis,,1,0,0,,,,,
10060,10132,10132,Mart.,105695,7180,Xyris schizachne,,1,0,0,,,,,
10060,10132,10132,Kunth,109989,7180,Xyris sororia,,1,0,0,,,,,
10060,10132,10132,L.A.Nilsson,109990,7180,Xyris stenophylla,,1,0,0,,,,,
10060,10132,10132,L.A.Nilsson,109991,7180,Xyris teres,,1,0,0,,,,,
10060,10132,10132,Mart.,109992,7180,Xyris tortula,,1,0,0,,,,,
10060,10132,10132,Malme,109993,7180,Xyris vacillans,,1,0,0,,,,,
10060,10132,10132,Lam.,47651,7196,Zanthoxylum caribaeum,,1,0,0,,,,,
10060,10132,10132,(L.) Sarg.,47659,7196,Zanthoxylum fagara,,1,0,0,,,,,
10060,10132,10132,(R.S.Cowan) P.G.Waterman,109994,7196,Zanthoxylum kleinii,,1,0,0,,,,,
10060,10132,10132,A.St.-Hil. & Tul.,49185,7196,Zanthoxylum petiolare,,1,0,0,,,,,
10060,10132,10132,Lam.,48266,7196,Zanthoxylum rhoifolium,,1,0,0,,,,,
10060,10132,10132,Ravenna,105696,7203,Zephyranthes flavissima,,1,0,0,,,,,
10060,10132,10132,Ravenna,111027,7203,Zephyranthes lagesiana,,1,0,0,,,,,
10060,10132,10132,Herb.,49242,7203,Zephyranthes mesochloa,,1,0,0,,,,,
10060,10132,10132,(Nees ex Trin.) Döll & Asch.,110000,10956,Zizaniopsis microstachya,,1,0,0,,,,,
10060,10132,10132,(Brongn.) Vogel,110001,11170,Zollernia ilicifolia,,1,0,0,,,,,
10060,10132,10132,(Lindl.) Luer,47810,7214,Zootrophion atropurpureum,,1,0,0,,,,,
10060,10132,10132,Arechav.,104794,7215,Zornia cryptantha,,1,0,0,,,,,
10060,10132,10132,Sm.,47819,7215,Zornia latifolia,,1,0,0,,,,,
10060,10132,10132,Mohlenbr.,84678,7215,Zornia pardina,,1,0,0,,,,,
10060,10132,10132,Sm.,47823,7215,Zornia reticulata,,1,0,0,,,,,
10060,10132,10132,G.Lodd.,110006,7333,Zygopetalum crinitum,,1,0,0,,,,,
10060,10132,10132,(Kunth) Garay,67894,7333,Zygopetalum maculatum,,1,0,0,,,,,
10060,10132,10132,G.Lodd.,49300,7333,Zygopetalum maxillare,,1,0,0,,,,,
10060,10132,10132,(C.Chr.) Christenh.,448979,3553,Grammitis longepilosa,,1,0,0,,,,,
10060,10132,10132,Kraenzl.,104795,11009,Zygostates alleniana,,1,0,0,,,,,
10060,10132,10132,(Kraenzl.) Schltr.,110009,11009,Zygostates dasyrhiza,,1,0,0,,,,,
10060,10132,10132,Lindl.,110010,11009,Zygostates lunata,,1,0,0,,,,,
10060,10132,10132,Cogn.,110012,11009,Zygostates papillosa,,1,0,0,,,,,
10060,10132,10132,(Cham. & Schltdl.) Griseb.,102870,10910,Zygostigma australe,,1,0,0,,,,,
