ref_ID,list_ID,entity_ID,work_author,work_ID,genus_ID,work_species,questionable,native,quest_native,naturalized,endemic_ref,quest_end_ref,endemic_list,quest_end_list,cons_status
10181,10267,10256,L.,35263,5661,Poa nemoralis,0,0,,,,,,,
10181,10267,10256,Graham,1811,1201,Alstroemeria aurea,0,0,,,,,,,
10181,10267,10256,(Mill.) Willd.,3353,1468,Armeria maritima,0,0,,,,,,,
10181,10267,10256,(L.) Roth,438364,1909,Calamagrostis arenaria,0,0,,,,,,,
10181,10267,10256,(L.) U.Manns & Anderb.,438386,4439,Lysimachia arvensis,0,0,,,,,,,
10181,10267,10256,L.,2549,1351,Anthoxanthum odoratum,0,0,,,,,,,
10181,10267,10256,(L.) Medik.,2000,1227,Amelanchier canadensis,0,0,,,,,,,
10181,10267,10256,Piper,131737,1437,Arctostaphylos columbiana,0,0,,,,,,,
10181,10267,10256,A.Gray,129648,1437,Arctostaphylos nevadensis,0,0,,,,,,,
10181,10267,10256,,132026,11707,Aria caryphyllea,0,0,,,,,,,
10181,10267,10256,(Brack.) Christenh.,450679,3727,Hemionitis densa,0,0,,,,,,,
10181,10267,10256,(L.) Roth,4197,1554,Athyrium filix-femina,0,0,,,,,,,
10181,10267,10256,(Ruiz & Pav.) DC.,6884,1912,Calandrinia ciliata,0,0,,,,,,,
10181,10267,10256,Hook. & Arn.,131453,2069,Castilleja foliolosa,0,0,,,,,,,
10181,10267,10256,Elmer,132027,2069,Castilleja wightii,0,0,,,,,,,
10181,10267,10256,,132028,2092,Ceanothus thrysifolia,0,0,,,,,,,
10181,10267,10256,Nutt.,439193,2149,Cercocarpus betuloides,0,0,,,,,,,
10181,10267,10256,L.,9596,2288,Cichorium intybus,0,0,,,,,,,
10181,10267,10256,(L.) Scop.,9661,2299,Cirsium arvense,0,0,,,,,,,
10181,10267,10256,(Savi) Ten.,9697,2299,Cirsium vulgare,0,0,,,,,,,
10181,10267,10256,(Savi) Ten.,9697,2299,Cirsium vulgare,0,0,,,,,,,
10181,10267,10256,S.Watson,41776,6400,Sisyrinchium bellum,0,0,,,,,,,
10181,10267,10256,Marshall,129688,2500,Corylus cornuta,0,0,,,,,,,
10181,10267,10256,(L.) Bernh.,13181,2688,Cystopteris fragilis,0,0,,,,,,,
10181,10267,10256,Lam.,12874,2661,Cyperus eragrostis,0,0,,,,,,,
10181,10267,10256,(Sm.) Kunth,127589,2819,Dichelostemma congestum,0,0,,,,,,,
10181,10267,10256,(Alph.Wood) Greene,132030,2819,Dichelostemma ida-maia,0,0,,,,,,,
10181,10267,10256,(Sm.) Kunth,127589,2819,Dichelostemma congestum,0,0,,,,,,,
10181,10267,10256,"(Hook.) Utech, Shinwari & Kawano",131754,11917,Prosartes smithii,0,0,,,,,,,
10181,10267,10256,(A.Gray) A.R.Mast & Reveal,450894,5754,Primula hendersonii,0,0,,,,,,,
10181,10267,10256,(Trin.) Pilg.,25661,4297,Leymus mollis,0,0,,,,,,,
10181,10267,10256,L.,16524,3137,Epilobium angustifolium,0,0,,,,,,,
10181,10267,10256,S.Watson,132031,3172,Eriogonum pendulum,0,0,,,,,,,
10181,10267,10256,Nutt.,443125,3315,Festuca microstachys,0,0,,,,,,,
10181,10267,10256,L.,440144,3315,Festuca myuros,0,0,,,,,,,
10181,10267,10256,(L.) Mill.,18812,3363,Fragaria chiloensis,0,0,,,,,,,
10181,10267,10256,Greene,1983,1225,Ambrosia chamissonis,0,0,,,,,,,
10181,10267,10256,,132032,3401,Galium trifollium,0,0,,,,,,,
10181,10267,10256,Pursh,19417,3425,Gaultheria shallon,0,0,,,,,,,
10181,10267,10256,Pursh,19417,3425,Gaultheria shallon,0,0,,,,,,,
10181,10267,10256,Pursh,19417,3425,Gaultheria shallon,0,0,,,,,,,
10181,10267,10256,(Thunb.) Holub,17311,3215,Euchiton japonicus,0,0,,,,,,,
10181,10267,10256,Hook. & Arn.,20464,3568,Grindelia hirsutula,0,0,,,,,,,
10181,10267,10256,Pursh,19417,3425,Gaultheria shallon,0,0,,,,,,,
10181,10267,10256,Pursh,19417,3425,Gaultheria shallon,0,0,,,,,,,
10181,10267,10256,(Less.) Nutt. ex Jeps.,16793,3163,Ericameria ericoides,0,0,,,,,,,
10181,10267,10256,(Buckley) Veldkamp,450911,1351,Anthoxanthum occidentale,0,0,,,,,,,
10181,10267,10256,L.,22945,3915,Hypochaeris radicata,0,0,,,,,,,
10181,10267,10256,L.,22949,3916,Hypochoeris glabra,0,0,,,,,,,
10181,10267,10256,L.,440626,3916,Hypochoeris radicata,0,0,,,,,,,
10181,10267,10256,(Kunth) P.H.Raven,26838,4401,Ludwigia peploides,0,0,,,,,,,
10181,10267,10256,Leichtlin,131757,4311,Lilium columbianum,0,0,,,,,,,
10181,10267,10256,(L.) Rich.,30188,4954,Neottia cordata,0,0,,,,,,,
10181,10267,10256,(Nutt.) Rydb.,126688,1001,Acmispon americanus,0,1,,,,,,,
10181,10267,10256,(Kunth) P.H.Raven,26838,4401,Ludwigia peploides,0,0,,,,,,,
10181,10267,10256,(Ehrh.) Lej.,26943,4416,Luzula multiflora,0,0,,,,,,,
10181,10267,10256,Hultén & H.St.John,27109,4436,Lysichiton americanus,0,0,,,,,,,
10181,10267,10256,(Alph.Wood) A.Nelson & J.F.Macbr.,27459,4487,Maianthemum dilatatum,0,0,,,,,,,
10181,10267,10256,Pursh,129836,1686,Berberis nervosa,0,0,,,,,,,
10181,10267,10256,Craven,450741,5987,Rhododendron menziesii,0,0,,,,,,,
10181,10267,10256,L.,29342,4785,Monotropa uniflora,0,0,,,,,,,
10181,10267,10256,Nevski,22319,3839,Hordeum brachyantherum,0,0,,,,,,,
10181,10267,10256,Pursh,19417,3425,Gaultheria shallon,0,0,,,,,,,
10181,10267,10256,Kunth,30692,5076,Oenothera elata,0,0,,,,,,,
10181,10267,10256,(Torr. & A.Gray ex Hook. & Arn.) J.W.Landon,30671,5073,Oemleria cerasiformis,0,0,,,,,,,
10181,10267,10256,Sw.,31860,5253,Panicum acuminatum,0,1,,,,,,,
10181,10267,10256,(L.) Kuhn,36950,5848,Pteridium aquilinum,0,0,,,,,,,
10181,10267,10256,L.,33250,5473,Phleum alpinum,0,0,,,,,,,
10181,10267,10256,(Hook.) Greene,29016,4713,Microsteris gracilis,0,0,,,,,,,
10181,10267,10256,Lindl.,130637,5599,Platanthera elegans,0,0,,,,,,,
10181,10267,10256,L.,34858,5598,Plantago lanceolata,0,0,,,,,,,
10181,10267,10256,Hook. & Grev.,35626,5705,Polypodium scouleri,0,0,,,,,,,
10181,10267,10256,(D.C.Eaton) D.H.Wagner,129829,5712,Polystichum imbricans,0,0,,,,,,,
10181,10267,10256,(Greene) Rydb.,450866,2980,Drymocallis ashlandica,0,0,,,,,,,
10181,10267,10256,,132034,12275,Pseudacacia menziessi,0,0,,,,,,,
10181,10267,10256,(Thunb.) Krasser,36952,5848,Pteridium capense,0,0,,,,,,,
10181,10267,10256,(L.) Kuhn,36950,5848,Pteridium aquilinum,0,0,,,,,,,
10181,10267,10256,L.,39856,6125,Sambucus racemosa,0,0,,,,,,,
10181,10267,10256,D.Don,442481,6319,Senecio jacobaea,0,0,,,,,,,
10181,10267,10256,(Bong.) Carrière,33820,5528,Picea sitchensis,0,0,,,,,,,
10181,10267,10256,Hook.,42531,6487,Spiraea douglasii,0,0,,,,,,,
10181,10267,10256,Benth.,42635,6502,Stachys ajugoides,0,0,,,,,,,
10181,10267,10256,(Vasey) Romasch.,444100,17473,Eriocoma lemmonii,0,0,,,,,,,
10181,10267,10256,(Pursh) Douglas ex Lindl.,44413,6708,Tellima grandiflora,0,0,,,,,,,
10181,10267,10256,L.,46512,7057,Verbascum thapsus,0,0,,,,,,,
10181,10267,10256,(L.) Scop.,9661,2299,Cirsium arvense,0,0,,,,,,,
10181,10267,10256,(Savi) Ten.,9697,2299,Cirsium vulgare,0,0,,,,,,,
10181,10267,10256,L.,25030,4210,Lemna minor,0,0,,,,,,,
10181,10267,10256,Hultén & H.St.John,27109,4436,Lysichiton americanus,0,0,,,,,,,
10181,10267,10256,Hultén & H.St.John,27109,4436,Lysichiton americanus,0,1,,,,,,,
10181,10267,10256,,132037,4436,Lysichiton californicum,0,0,,,,,,,
10181,10267,10256,(L.) Schott,27110,4436,Lysichiton camtschatcensis,0,0,,,,,,,
10181,10267,10256,Hultén & St.John,130631,12212,Lysichitum americanum,0,0,,,,,,,
10181,10267,10256,(L.) Schleid.,440826,6490,Spirodela polyrhiza,0,0,,,,,,,
10181,10267,10256,(G.Mey.) C.H.Thomps.,42558,6490,Spirodela punctata,0,1,,,,,,,
10181,10267,10256,Michx.,16229,3085,Elodea canadensis,0,1,,,,,,,
10181,10267,10256,(Planch.) Casp.,439951,3085,Elodea densa,0,0,,,,,,,
10181,10267,10256,Michx.,46403,7036,Vallisneria americana,0,0,,,,,,,
10181,10267,10256,L.,45746,6916,Triglochin maritima,0,1,,,,,,,
10181,10267,10256,Ruiz & Pav.,45751,6916,Triglochin striata,0,1,,,,,,,
10181,10267,10256,Raf.,35991,5738,Potamogeton epihydrus,0,0,,,,,,,
10181,10267,10256,L.,36000,5738,Potamogeton natans,0,1,,,,,,,
10181,10267,10256,(L.) Börner,43223,6602,Stuckenia pectinata,0,1,,,,,,,
10181,10267,10256,L.,36009,5738,Potamogeton pusillus,0,1,,,,,,,
10181,10267,10256,(A.Benn.) Rydb.,125537,5738,Potamogeton richardsonii,0,0,,,,,,,
10181,10267,10256,L.,39389,6073,Ruppia maritima,0,0,,,,,,,
10181,10267,10256,Hook.,33688,5509,Phyllospadix scouleri,0,0,,,,,,,
10181,10267,10256,Hook.,33688,5509,Phyllospadix scouleri,0,0,,,,,,,
10181,10267,10256,S.Watson,33689,5509,Phyllospadix torreyi,0,0,,,,,,,
10181,10267,10256,S.Watson,33689,5509,Phyllospadix torreyi,0,0,,,,,,,
10181,10267,10256,Hook.,33688,5509,Phyllospadix scouleri,0,0,,,,,,,
10181,10267,10256,L.,2307,1307,Anethum graveolens,0,0,,,,,,,
10181,10267,10256,Nutt.,130632,1310,Angelica arguta,0,1,,,,,,,
10181,10267,10256,Nutt.,2316,1310,Angelica genuflexa,0,1,,,,,,,
10181,10267,10256,J.M.Coult. & Rose,131834,1310,Angelica hendersonii,0,1,,,,,,,
10181,10267,10256,L.,2320,1310,Angelica lucida,0,1,,,,,,,
10181,10267,10256,S.Watson,132038,1310,Angelica tomentosa,0,1,,,,,,,
10181,10267,10256,J.M.Coult. & Rose,131834,1310,Angelica hendersonii,0,1,,,,,,,
10181,10267,10256,S.Watson,132038,1310,Angelica tomentosa,0,1,,,,,,,
10181,10267,10256,L.,2720,1389,Apium graveolens,0,0,,,,,,,
10181,10267,10256,Spreng.,45328,6836,Torilis ucranica,0,1,,,,,,,
10181,10267,10256,(DC.) J.M.Coult. & Rose,126018,2289,Cicuta douglasii,0,1,,,,,,,
10181,10267,10256,"(L.) Britton, Sterns & Poggenb.",10687,2440,Conioselinum chinense,0,1,,,,,,,
10181,10267,10256,L.,10691,2441,Conium maculatum,0,0,,,,,,,
10181,10267,10256,L.,13476,2735,Daucus carota,0,0,,,,,,,
10181,10267,10256,Michx.,13485,2735,Daucus pusillus,0,1,,,,,,,
10181,10267,10256,(S.Watson) J.M.Coult. & Rose,132039,3192,Eryngium armatum,1,1,,,,,,,
10181,10267,10256,Mill.,18773,3346,Foeniculum vulgare,0,0,,,,,,,
10181,10267,10256,(A.Gray) F.Schmidt ex Miq.,19853,3485,Glehnia littoralis,0,0,,,,,,,
10181,10267,10256,(A.Gray) F.Schmidt ex Miq.,19853,3485,Glehnia littoralis,0,1,,,,,,,
10181,10267,10256,(A.Gray) F.Schmidt ex Miq.,19853,3485,Glehnia littoralis,0,1,,,,,,,
10181,10267,10256,W.Bartram,21458,3743,Heracleum maximum,0,1,,,,,,,
10181,10267,10256,(Nutt. ex Torr. & A.Gray) A.Gray,129501,4307,Ligusticum apiifolium,0,1,,,,,,,
10181,10267,10256,J.M.Coult. & Rose,132040,4307,Ligusticum californicum,0,1,,,,,,,
10181,10267,10256,(Nutt.) Mathias & Constance,131888,4370,Lomatium californicum,0,1,,,,,,,
10181,10267,10256,(Nutt.) Mathias & Constance,128515,4370,Lomatium dissectum,0,1,,,,,,,
10181,10267,10256,(S.Watson) Jeps.,132041,4370,Lomatium howellii,0,0,,,,,,,
10181,10267,10256,(Hook. & Arn.) J.M.Coult. & Rose,450541,4370,Lomatium macrocarpum,0,1,,,,,,,
10181,10267,10256,Mathias & Constance,132042,4370,Lomatium tracyi,0,1,,,,,,,
10181,10267,10256,(Nutt.) J.M.Coult. & Rose,129967,4370,Lomatium utriculatum,0,1,,,,,,,
10181,10267,10256,L.,30681,5074,Oenanthe pimpinelloides,0,0,,,,,,,
10181,10267,10256,C.Presl ex DC.,30683,5074,Oenanthe sarmentosa,0,1,,,,,,,
10181,10267,10256,DC.,53516,5174,Osmorhiza berteroi,0,1,,,,,,,
10181,10267,10256,(Nutt.) Torr.,128528,5174,Osmorhiza occidentalis,0,1,,,,,,,
10181,10267,10256,(J.M.Coult. & Rose) Suksd.,129507,5174,Osmorhiza purpurea,0,1,,,,,,,
10181,10267,10256,(Hook. & Arn.) Mathias,128256,11967,Perideridia gairdneri,0,1,,,,,,,
10181,10267,10256,(J.M.Coult. & Rose) Mathias,131515,11967,Perideridia howellii,0,1,,,,,,,
10181,10267,10256,(A.Gray) Mathias,132043,11967,Perideridia kelloggii,0,1,,,,,,,
10181,10267,10256,Hook. & Arn.,132044,6132,Sanicula arctopoides,0,1,,,,,,,
10181,10267,10256,Douglas,131891,6132,Sanicula bipinnatifida,0,1,,,,,,,
10181,10267,10256,Poepp. ex DC.,39890,6132,Sanicula crassicaulis,0,1,,,,,,,
10181,10267,10256,Poepp. ex DC.,39890,6132,Sanicula crassicaulis,0,0,,,,,,,
10181,10267,10256,Hook. & Arn.,131892,6132,Sanicula laciniata,0,1,,,,,,,
10181,10267,10256,J.F.Macbr.,132045,6132,Sanicula peckiana,0,1,,,,,,,
10181,10267,10256,R.H.Shan & Constance,132046,6132,Sanicula tracyi,0,0,,,,,,,
10181,10267,10256,L.,40228,6192,Scandix pecten-veneris,0,0,,,,,,,
10181,10267,10256,(J.M.Coult. & Rose) Mathias & Constance,132047,8547,Tauschia glauca,0,1,,,,,,,
10181,10267,10256,(J.M.Coult. & Rose) J.F.Macbr.,132048,8547,Tauschia howellii,0,0,,,,,,,
10181,10267,10256,(A.Gray) J.F.Macbr.,132049,8547,Tauschia kelloggii,0,1,,,,,,,
10181,10267,10256,(Huds.) Link,45321,6836,Torilis arvensis,0,0,,,,,,,
10181,10267,10256,Spreng.,442838,6836,Torilis africana,0,0,,,,,,,
10181,10267,10256,(Houtt.) DC.,45323,6836,Torilis japonica,0,0,,,,,,,
10181,10267,10256,(L.) Gaertn.,45326,6836,Torilis nodosa,0,0,,,,,,,
10181,10267,10256,(Hook. & Arn.) Koso-Pol.,47611,7182,Yabea microcarpa,0,1,,,,,,,
10181,10267,10256,S.Watson,2854,1417,Aralia californica,0,1,,,,,,,
10181,10267,10256,L.,21037,3681,Hedera helix,0,0,,,,,,,
10181,10267,10256,L.f.,22639,3883,Hydrocotyle ranunculoides,0,0,,,,,,,
10181,10267,10256,L.,23099,3938,Ilex aquifolium,0,0,,,,,,,
10181,10267,10256,(Willemet) Jordaan,48486,3611,Gymnosporia pyria,0,0,,,,,,,
10181,10267,10256,Hook. & Arn.,132050,1174,Allium falcifolium,0,1,,,,,,,
10181,10267,10256,L.,30009,4885,Narcissus pseudonarcissus,0,0,,,,,,,
10181,10267,10256,L.,30009,4885,Narcissus pseudonarcissus,0,0,,,,,,,
10181,10267,10256,(S.Watson) Greene,132051,6962,Triteleia bridgesii,0,0,,,,,,,
10181,10267,10256,(Sm.) Kunth,127589,2819,Dichelostemma congestum,0,0,,,,,,,
10181,10267,10256,(Salisb.) Jeps.,131519,1837,Brodiaea coronaria,0,0,,,,,,,
10181,10267,10256,Kellogg,131896,1837,Brodiaea terrestris,0,0,,,,,,,
10181,10267,10256,Kellogg,131896,1837,Brodiaea terrestris,0,0,,,,,,,
10181,10267,10256,Hoover,132052,1837,Brodiaea elegans,0,1,,,,,,,
10181,10267,10256,(Lindl.) Greene,45907,6962,Triteleia hyacinthina,0,0,,,,,,,
10181,10267,10256,(Alph.Wood) Greene,132030,2819,Dichelostemma ida-maia,0,1,,,,,,,
10181,10267,10256,Benth.,132053,6962,Triteleia laxa,0,0,,,,,,,
10181,10267,10256,Benth.,132053,6962,Triteleia laxa,0,0,,,,,,,
10181,10267,10256,(Benth.) A.Heller,132054,2819,Dichelostemma multiflorum,0,0,,,,,,,
10181,10267,10256,(Sm.) Kunth,127589,2819,Dichelostemma congestum,0,0,,,,,,,
10181,10267,10256,Kellogg,131896,1837,Brodiaea terrestris,0,1,,,,,,,
10181,10267,10256,(Greene) Hoover,132055,2819,Dichelostemma × venustum,0,0,,,,,,,
10181,10267,10256,(Pursh) Greene,129515,1972,Camassia quamash,0,0,,,,,,,
10181,10267,10256,(Pursh) Greene,129515,1972,Camassia quamash,0,0,,,,,,,
10181,10267,10256,(DC.) Kunth,9448,2237,Chlorogalum pomeridianum,0,1,,,,,,,
10181,10267,10256,(DC.) Kunth,9448,2237,Chlorogalum pomeridianum,0,1,,,,,,,
10181,10267,10256,(Benth.) Rydb.,439816,20026,Dipterostemon capitatus,0,1,,,,,,,
10181,10267,10256,(Sm.) Kunth,127589,2819,Dichelostemma congestum,0,1,,,,,,,
10181,10267,10256,(Alph.Wood) Greene,132030,2819,Dichelostemma ida-maia,0,1,,,,,,,
10181,10267,10256,(Benth.) A.Heller,132054,2819,Dichelostemma multiflorum,0,0,,,,,,,
10181,10267,10256,(Benth.) A.Heller,132054,2819,Dichelostemma multiflorum,0,0,,,,,,,
10181,10267,10256,(Sm.) Kunth,127589,2819,Dichelostemma congestum,0,0,,,,,,,
10181,10267,10256,(Sm.) Kunth,127589,2819,Dichelostemma congestum,0,0,,,,,,,
10181,10267,10256,(Sm.) Kunth,127589,2819,Dichelostemma congestum,0,0,,,,,,,
10181,10267,10256,(Greene) Hoover,132055,2819,Dichelostemma × venustum,0,0,,,,,,,
10181,10267,10256,(Durand) S.Watson,132056,12276,Hastingsia alba,0,1,,,,,,,
10181,10267,10256,S.Watson,132057,12276,Hastingsia bracteosa,0,0,,,,,,,
10181,10267,10256,Becking,132058,12276,Hastingsia serpentinicola,0,1,,,,,,,
10181,10267,10256,(L.) F.W.Schmidt,27457,4487,Maianthemum bifolium,0,0,,,,,,,
10181,10267,10256,(Alph.Wood) A.Nelson & J.F.Macbr.,27459,4487,Maianthemum dilatatum,0,1,,,,,,,
10181,10267,10256,(Alph.Wood) A.Nelson & J.F.Macbr.,27459,4487,Maianthemum dilatatum,0,0,,,,,,,
10181,10267,10256,(L.) Link,124101,4487,Maianthemum racemosum,0,1,,,,,,,
10181,10267,10256,(Raf.) R.R.Gates,130498,12207,Schoenolirion albiflorum,0,1,,,,,,,
10181,10267,10256,(Durand) S.Watson,132056,12276,Hastingsia alba,0,0,,,,,,,
10181,10267,10256,(L.) Link,124101,4487,Maianthemum racemosum,0,0,,,,,,,
10181,10267,10256,(L.) Link,124101,4487,Maianthemum racemosum,0,1,,,,,,,
10181,10267,10256,(L.) Link,27460,4487,Maianthemum stellatum,0,1,,,,,,,
10181,10267,10256,(L.) Link,27460,4487,Maianthemum stellatum,0,1,,,,,,,
10181,10267,10256,(S.Watson) Greene,132051,6962,Triteleia bridgesii,0,1,,,,,,,
10181,10267,10256,(Lindl.) Greene,45907,6962,Triteleia hyacinthina,0,1,,,,,,,
10181,10267,10256,Benth.,132053,6962,Triteleia laxa,0,1,,,,,,,
10181,10267,10256,S.Watson,132059,3961,Iris bracteata,0,1,,,,,,,
10181,10267,10256,,132060,3961,Iris douglasi,0,0,,,,,,,
10181,10267,10256,Herb.,132061,3961,Iris douglasiana,0,1,,,,,,,
10181,10267,10256,,132062,3961,Iris douglasii,0,0,,,,,,,
10181,10267,10256,,132063,3961,Iris douglassii,0,0,,,,,,,
10181,10267,10256,Herb.,132061,3961,Iris douglasiana,0,0,,,,,,,
10181,10267,10256,L.F.Hend.,132064,3961,Iris innominata,0,1,,,,,,,
10181,10267,10256,Eastw.,132065,3961,Iris purdyi,0,1,,,,,,,
10181,10267,10256,Douglas ex Lindl.,132066,3961,Iris tenax,0,1,,,,,,,
10181,10267,10256,Dykes,131521,3961,Iris tenuissima,0,1,,,,,,,
10181,10267,10256,R.C.Foster,132067,3961,Iris × thompsonii,0,0,,,,,,,
10181,10267,10256,S.Watson,41776,6400,Sisyrinchium bellum,0,1,,,,,,,
10181,10267,10256,(Ker Gawl.) Dryand.,41778,6400,Sisyrinchium californicum,0,1,,,,,,,
10181,10267,10256,(L.) Oakes,102303,10881,Calypso bulbosa,0,1,,,,,,,
10181,10267,10256,(A.Gray) A.Heller,129519,2122,Cephalanthera austiniae,0,1,,,,,,,
10181,10267,10256,Raf.,126432,2466,Corallorhiza maculata,0,1,,,,,,,
10181,10267,10256,Lindl.,127545,2466,Corallorhiza striata,0,1,,,,,,,
10181,10267,10256,Lindl.,127545,2466,Corallorhiza striata,0,0,,,,,,,
10181,10267,10256,A.Gray,132068,2669,Cypripedium californicum,0,1,,,,,,,
10181,10267,10256,Kellogg,131684,2669,Cypripedium fasciculatum,0,0,,,,,,,
10181,10267,10256,Douglas ex Lindl.,130595,2669,Cypripedium montanum,0,0,,,,,,,
10181,10267,10256,(A.Gray) A.Heller,129519,2122,Cephalanthera austiniae,0,0,,,,,,,
10181,10267,10256,Douglas,16600,3138,Epipactis gigantea,0,1,,,,,,,
10181,10267,10256,Raf.,127669,3542,Goodyera oblongifolia,0,0,,,,,,,
10181,10267,10256,Raf.,127669,3542,Goodyera oblongifolia,0,1,,,,,,,
10181,10267,10256,Lindl.,130637,5599,Platanthera elegans,0,0,,,,,,,
10181,10267,10256,(Greene) R.M.Bateman,34922,5599,Platanthera michaelii,0,0,,,,,,,
10181,10267,10256,(Lindl.) Rchb.f.,129522,4954,Neottia banksiana,0,1,,,,,,,
10181,10267,10256,(L.) Rich.,30188,4954,Neottia cordata,0,1,,,,,,,
10181,10267,10256,(L.) Rich.,30188,4954,Neottia cordata,0,0,,,,,,,
10181,10267,10256,R.M.Bateman,132069,5599,Platanthera ephemerantha,0,0,,,,,,,
10181,10267,10256,Lindl.,130637,5599,Platanthera elegans,0,1,,,,,,,
10181,10267,10256,Lindl.,130637,5599,Platanthera elegans,0,1,,,,,,,
10181,10267,10256,Lindl.,130637,5599,Platanthera elegans,0,0,,,,,,,
10181,10267,10256,Lindl.,131523,6489,Spiranthes porrifolia,0,1,,,,,,,
10181,10267,10256,Cham.,42551,6489,Spiranthes romanzoffiana,0,1,,,,,,,
10181,10267,10256,L.,418,979,Achillea millefolium,0,0,,,,,,,
10181,10267,10256,L.,418,979,Achillea millefolium,0,1,,,,,,,
10181,10267,10256,L.,418,979,Achillea millefolium,0,0,,,,,,,
10181,10267,10256,L.,418,979,Achillea millefolium,0,0,,,,,,,
10181,10267,10256,Schauer,428,983,Achyrachaena mollis,0,1,,,,,,,
10181,10267,10256,Hook.,129524,1054,Adenocaulon bicolor,0,1,,,,,,,
10181,10267,10256,(Hook.) R.M.King & H.Rob.,129525,1118,Ageratina occidentalis,0,1,,,,,,,
10181,10267,10256,(Less.) Greene,1181,1126,Agoseris apargioides,0,0,,,,,,,
10181,10267,10256,(Less.) Greene,1181,1126,Agoseris apargioides,0,1,,,,,,,
10181,10267,10256,(Nutt.) Greene,1183,1126,Agoseris grandiflora,0,1,,,,,,,
10181,10267,10256,Greene,1983,1225,Ambrosia chamissonis,0,1,,,,,,,
10181,10267,10256,DC.,1994,1225,Ambrosia psilostachya,0,0,,,,,,,
10181,10267,10256,(L.) Benth. & Hook.f.,2172,1280,Anaphalis margaritacea,0,1,,,,,,,
10181,10267,10256,(L.) Benth. & Hook.f.,2172,1280,Anaphalis margaritacea,0,0,,,,,,,
10181,10267,10256,L.,2519,1344,Anthemis cotula,0,0,,,,,,,
10181,10267,10256,L.,2939,1435,Arctium lappa,0,0,,,,,,,
10181,10267,10256,(Hill) Bernh.,2940,1435,Arctium minus,0,0,,,,,,,
10181,10267,10256,Howell,132070,1471,Arnica cernua,0,1,,,,,,,
10181,10267,10256,Hook.,128064,1471,Arnica cordifolia,0,1,,,,,,,
10181,10267,10256,Benth.,129533,1471,Arnica discoidea,0,0,,,,,,,
10181,10267,10256,Benth.,129533,1471,Arnica discoidea,0,0,,,,,,,
10181,10267,10256,Greene,132071,1471,Arnica spathulata,0,1,,,,,,,
10181,10267,10256,L.,3400,1478,Artemisia campestris,0,0,,,,,,,
10181,10267,10256,Besser,3404,1478,Artemisia douglasiana,0,1,,,,,,,
10181,10267,10256,(Less.) DC.,132072,1478,Artemisia pycnocephala,0,1,,,,,,,
10181,10267,10256,Piper,131837,1478,Artemisia suksdorfii,0,1,,,,,,,
10181,10267,10256,"(A.Gray) Semple, Brouillet & G.A.Allen",450853,2934,Doellingeria breweri,0,1,,,,,,,
10181,10267,10256,(Nees) G.L.Nesom,43365,6635,Symphyotrichum chilense,0,1,,,,,,,
10181,10267,10256,Nutt.,132073,12127,Sericocarpus oregonensis,0,1,,,,,,,
10181,10267,10256,(A.Gray) G.L.Nesom,18117,3245,Eurybia radulina,0,1,,,,,,,
10181,10267,10256,Willd.,312886,3568,Grindelia inuloides,0,1,,,,,,,
10181,10267,10256,(Nees) G.L.Nesom,130423,6635,Symphyotrichum subspicatum,0,0,,,,,,,
10181,10267,10256,DC.,4476,1594,Baccharis pilularis,0,1,,,,,,,
10181,10267,10256,DC.,4476,1594,Baccharis pilularis,0,0,,,,,,,
10181,10267,10256,DC.,4476,1594,Baccharis pilularis,0,1,,,,,,,
10181,10267,10256,DC.,4476,1594,Baccharis pilularis,0,1,,,,,,,
10181,10267,10256,(A.Gray) M.C.Vasey,131841,4169,Lasthenia maritima,0,0,,,,,,,
10181,10267,10256,L.,4967,1673,Bellis perennis,0,0,,,,,,,
10181,10267,10256,L.,5104,1708,Bidens cernua,0,1,,,,,,,
10181,10267,10256,L.,5119,1708,Bidens frondosa,0,1,,,,,,,
10181,10267,10256,L.,7755,2024,Carduus pycnocephalus,0,0,,,,,,,
10181,10267,10256,L.,8727,2104,Centaurea eriophora,0,0,,,,,,,
10181,10267,10256,Lam.,8736,2104,Centaurea maculosa,0,0,,,,,,,
10181,10267,10256,L.,8738,2104,Centaurea melitensis,0,0,,,,,,,
10181,10267,10256,Thuill.,450912,2104,Centaurea pratensis,0,0,,,,,,,
10181,10267,10256,L.,8756,2104,Centaurea stoebe,0,0,,,,,,,
10181,10267,10256,DC.,27946,4567,Matricaria discoidea,0,0,,,,,,,
10181,10267,10256,Lam.,25557,4278,Leucanthemum vulgare,0,0,,,,,,,
10181,10267,10256,(L.) Fourr.,19843,3482,Glebionis segetum,0,0,,,,,,,
10181,10267,10256,"(A.Gray) Semple, Brouillet & G.A.Allen",450853,2934,Doellingeria breweri,0,0,,,,,,,
10181,10267,10256,L.,9596,2288,Cichorium intybus,0,0,,,,,,,
10181,10267,10256,DC.,132075,2299,Cirsium remotifolium,0,1,,,,,,,
10181,10267,10256,(L.) Scop.,9661,2299,Cirsium arvense,0,0,,,,,,,
10181,10267,10256,Cronquist,9664,2299,Cirsium brevistylum,0,1,,,,,,,
10181,10267,10256,DC.,132075,2299,Cirsium remotifolium,0,0,,,,,,,
10181,10267,10256,Nutt.,131712,2299,Cirsium edule,0,0,,,,,,,
10181,10267,10256,(L.) Hill,9676,2299,Cirsium lanceolatum,0,0,,,,,,,
10181,10267,10256,(Nutt.) Jeps.,9683,2299,Cirsium occidentale,0,0,,,,,,,
10181,10267,10256,(Nutt.) Jeps.,9683,2299,Cirsium occidentale,0,1,,,,,,,
10181,10267,10256,(Nutt.) Jeps.,9683,2299,Cirsium occidentale,0,1,,,,,,,
10181,10267,10256,(Nutt.) Jeps.,9683,2299,Cirsium occidentale,0,1,,,,,,,
10181,10267,10256,(A.Gray) Jeps.,132076,2299,Cirsium quercetorum,0,0,,,,,,,
10181,10267,10256,DC.,132075,2299,Cirsium remotifolium,0,1,,,,,,,
10181,10267,10256,(Savi) Ten.,9697,2299,Cirsium vulgare,0,0,,,,,,,
10181,10267,10256,L.,16807,3164,Erigeron canadensis,0,1,,,,,,,
10181,10267,10256,Hook.f.,11387,2519,Cotula australis,0,0,,,,,,,
10181,10267,10256,L.,11389,2519,Cotula coronopifolia,0,0,,,,,,,
10181,10267,10256,(L.) Wallr.,11590,2547,Crepis capillaris,0,0,,,,,,,
10181,10267,10256,Nutt.,128117,2547,Crepis occidentalis,0,0,,,,,,,
10181,10267,10256,Lem.,13551,2754,Delairea odorata,0,0,,,,,,,
10181,10267,10256,(Desf. ex Poir.) DC.,16729,3149,Erechtites glomerata,0,0,,,,,,,
10181,10267,10256,Desf. ex Poir.,41114,6319,Senecio glomeratus,0,0,,,,,,,
10181,10267,10256,(Poir.) DC.,16733,3149,Erechtites minima,0,0,,,,,,,
10181,10267,10256,(A.Rich.) DC.,450913,3149,Erechtites prenanthoides,0,0,,,,,,,
10181,10267,10256,(A.Rich.) DC.,450913,3149,Erechtites prenanthoides,0,0,,,,,,,
10181,10267,10256,Greene,132077,3164,Erigeron cervinus,0,1,,,,,,,
10181,10267,10256,Greene,132077,3164,Erigeron cervinus,0,0,,,,,,,
10181,10267,10256,Nutt.,16818,3164,Erigeron foliosus,0,1,,,,,,,
10181,10267,10256,Nutt.,16818,3164,Erigeron foliosus,0,1,,,,,,,
10181,10267,10256,Nutt.,16818,3164,Erigeron foliosus,0,1,,,,,,,
10181,10267,10256,Ker Gawl.,16821,3164,Erigeron glaucus,0,1,,,,,,,
10181,10267,10256,A.Gray,131530,3164,Erigeron inornatus,0,1,,,,,,,
10181,10267,10256,A.Gray,131530,3164,Erigeron inornatus,0,1,,,,,,,
10181,10267,10256,(Nutt.) A.Nelson,129555,3164,Erigeron glacialis,0,0,,,,,,,
10181,10267,10256,L.,16840,3164,Erigeron philadelphicus,0,1,,,,,,,
10181,10267,10256,(Cronquist) G.L.Nesom,132078,3164,Erigeron reductus,0,1,,,,,,,
10181,10267,10256,A.Gray,132079,3164,Erigeron supplex,0,0,,,,,,,
10181,10267,10256,(Pursh) J.Forbes,129557,3175,Eriophyllum lanatum,0,1,,,,,,,
10181,10267,10256,(Pursh) J.Forbes,129557,3175,Eriophyllum lanatum,0,1,,,,,,,
10181,10267,10256,Lag.,440059,3175,Eriophyllum staechadifolium,0,1,,,,,,,
10181,10267,10256,Lag.,440059,3175,Eriophyllum staechadifolium,0,0,,,,,,,
10181,10267,10256,Lag.,440059,3175,Eriophyllum staechadifolium,0,1,,,,,,,
10181,10267,10256,(L.) Coss. & Germ.,440155,4362,Logfia gallica,0,0,,,,,,,
10181,10267,10256,Greene,1983,1225,Ambrosia chamissonis,0,0,,,,,,,
10181,10267,10256,Greene,1983,1225,Ambrosia chamissonis,0,0,,,,,,,
10181,10267,10256,(DC.) Anderb.,36456,5801,Pseudognaphalium californicum,0,1,,,,,,,
10181,10267,10256,(Kunth) Anderb.,36466,5801,Pseudognaphalium stramineum,0,1,,,,,,,
10181,10267,10256,Labill.,20008,3513,Gnaphalium collinum,0,0,,,,,,,
10181,10267,10256,(Thunb.) Holub,17311,3215,Euchiton japonicus,0,0,,,,,,,
10181,10267,10256,Nutt.,20013,3513,Gnaphalium palustre,0,1,,,,,,,
10181,10267,10256,(L.) Cabrera,440189,3405,Gamochaeta purpurea,0,1,,,,,,,
10181,10267,10256,(Nutt.) Anderb.,36462,5801,Pseudognaphalium ramosissimum,0,1,,,,,,,
10181,10267,10256,(Kunth) Anderb.,36466,5801,Pseudognaphalium stramineum,0,1,,,,,,,
10181,10267,10256,DC.,132080,3568,Grindelia integrifolia,0,0,,,,,,,
10181,10267,10256,Hook. & Arn.,20464,3568,Grindelia hirsutula,0,0,,,,,,,
10181,10267,10256,Hook. & Arn.,20464,3568,Grindelia hirsutula,0,1,,,,,,,
10181,10267,10256,Hook. & Arn.,20464,3568,Grindelia hirsutula,0,0,,,,,,,
10181,10267,10256,Hook. & Arn.,20464,3568,Grindelia hirsutula,0,0,,,,,,,
10181,10267,10256,Hook. & Arn.,20464,3568,Grindelia hirsutula,0,1,,,,,,,
10181,10267,10256,A.Gray,132081,3695,Helenium bolanderi,0,1,,,,,,,
10181,10267,10256,DC.,21120,3695,Helenium puberulum,0,1,,,,,,,
10181,10267,10256,DC.,132082,3735,Hemizonia congesta,0,1,,,,,,,
10181,10267,10256,DC.,132082,3735,Hemizonia congesta,0,1,,,,,,,
10181,10267,10256,DC.,132082,3735,Hemizonia congesta,0,1,,,,,,,
10181,10267,10256,(Nutt.) Shinners,132083,3780,Heterotheca oregona,0,1,,,,,,,
10181,10267,10256,Hook.,129560,3789,Hieracium albiflorum,0,1,,,,,,,
10181,10267,10256,A.Gray,129561,3789,Hieracium bolanderi,0,1,,,,,,,
10181,10267,10256,Hook.,129562,3789,Hieracium scouleri,0,1,,,,,,,
10181,10267,10256,E.H.L.Krause,312732,3789,Hieracium radicatum,0,0,,,,,,,
10181,10267,10256,Hook.,129562,3789,Hieracium scouleri,0,1,,,,,,,
10181,10267,10256,L.,22941,3915,Hypochaeris glabra,0,0,,,,,,,
10181,10267,10256,L.,22945,3915,Hypochaeris radicata,0,0,,,,,,,
10181,10267,10256,L.,24574,4119,Lactuca saligna,0,0,,,,,,,
10181,10267,10256,L.,24729,4152,Lapsana communis,0,0,,,,,,,
10181,10267,10256,(A.Gray) M.C.Vasey,131841,4169,Lasthenia maritima,0,0,,,,,,,
10181,10267,10256,(Nutt.) Torr. & A.Gray,132085,4183,Layia carnosa,0,0,,,,,,,
10181,10267,10256,Lam.,25062,4218,Leontodon saxatilis,0,0,,,,,,,
10181,10267,10256,Lam.,25062,4218,Leontodon saxatilis,0,0,,,,,,,
10181,10267,10256,(Hook. & Arn.) Nutt.,11084,2477,Corethrogyne filaginifolia,0,1,,,,,,,
10181,10267,10256,Lam.,25557,4278,Leucanthemum vulgare,0,0,,,,,,,
10181,10267,10256,(L.) Coss. & Germ.,440155,4362,Logfia gallica,0,0,,,,,,,
10181,10267,10256,Molina,27382,4479,Madia sativa,0,1,,,,,,,
10181,10267,10256,D.Don,131913,4479,Madia elegans,0,1,,,,,,,
10181,10267,10256,D.Don,131913,4479,Madia elegans,0,1,,,,,,,
10181,10267,10256,(Sm.) Greene,27380,4479,Madia exigua,0,1,,,,,,,
10181,10267,10256,(Sm.) D.D.Keck & J.C.Clausen ex Applegate,27381,4479,Madia gracilis,0,1,,,,,,,
10181,10267,10256,(Sm.) D.D.Keck & J.C.Clausen ex Applegate,27381,4479,Madia gracilis,0,0,,,,,,,
10181,10267,10256,Nutt.,131842,12262,Anisocarpus madioides,0,1,,,,,,,
10181,10267,10256,A.Gray,129559,12147,Hemizonella minima,0,0,,,,,,,
10181,10267,10256,Molina,27382,4479,Madia sativa,0,1,,,,,,,
10181,10267,10256,Sch.Bip.,102390,6676,Tanacetum bipinnatum,0,0,,,,,,,
10181,10267,10256,Koch,132086,4567,Matricaria suaveolens,0,0,,,,,,,
10181,10267,10256,Fisch. & C.A.Mey.,28967,4704,Micropus californicus,0,1,,,,,,,
10181,10267,10256,Fisch. & C.A.Mey.,28967,4704,Micropus californicus,0,1,,,,,,,
10181,10267,10256,(A.Gray) Sch.Bip.,132087,4707,Microseris bigelovii,0,1,,,,,,,
10181,10267,10256,(Hook.) Sch.Bip.,132088,4707,Microseris laciniata,0,1,,,,,,,
10181,10267,10256,(Hook.) Sch.Bip.,132088,4707,Microseris laciniata,0,1,,,,,,,
10181,10267,10256,(Hook.) Sch.Bip.,129051,4707,Microseris nutans,0,1,,,,,,,
10181,10267,10256,(Hook.) Sch.Bip.,129051,4707,Microseris nutans,0,0,,,,,,,
10181,10267,10256,,132089,5417,Petasites arundinacea,0,0,,,,,,,
10181,10267,10256,(L.) Fr.,33021,5417,Petasites frigidus,0,1,,,,,,,
10181,10267,10256,(L.) Fr.,33021,5417,Petasites frigidus,0,1,,,,,,,
10181,10267,10256,,450914,5417,Petasites palmata,0,0,,,,,,,
10181,10267,10256,(L.) Fr.,33021,5417,Petasites frigidus,0,0,,,,,,,
10181,10267,10256,(L.) Holub,21377,3716,Helminthotheca echioides,0,0,,,,,,,
10181,10267,10256,Torr. & A.Gray,130016,11914,Pyrrocoma racemosa,0,1,,,,,,,
10181,10267,10256,Nutt.,37625,5922,Rafinesquia californica,0,1,,,,,,,
10181,10267,10256,(A.Gray) W.A.Weber & Á.Löve,156841,5234,Packera bolanderi,0,0,,,,,,,
10181,10267,10256,(A.Gray) W.A.Weber & Á.Löve,156841,5234,Packera bolanderi,0,1,,,,,,,
10181,10267,10256,(A.Gray) W.A.Weber & Á.Löve,156841,5234,Packera bolanderi,0,0,,,,,,,
10181,10267,10256,Nutt.,128557,6319,Senecio integerrimus,0,1,,,,,,,
10181,10267,10256,Nutt.,128557,6319,Senecio integerrimus,0,1,,,,,,,
10181,10267,10256,D.Don,442481,6319,Senecio jacobaea,0,0,,,,,,,
10181,10267,10256,(Greene) W.A.Weber & Á.Löve,131796,5234,Packera macounii,0,0,,,,,,,
10181,10267,10256,(Greene) W.A.Weber & Á.Löve,131796,5234,Packera macounii,0,1,,,,,,,
10181,10267,10256,Lem.,13551,2754,Delairea odorata,0,0,,,,,,,
10181,10267,10256,L.,41181,6319,Senecio sylvaticus,0,0,,,,,,,
10181,10267,10256,L.,41190,6319,Senecio vulgaris,0,0,,,,,,,
10181,10267,10256,(L.) Gaertn.,41704,6374,Silybum marianum,0,0,,,,,,,
10181,10267,10256,DC.,125836,6426,Solidago velutina,0,0,,,,,,,
10181,10267,10256,L.,42081,6426,Solidago canadensis,0,1,,,,,,,
10181,10267,10256,Nutt.,129574,6426,Solidago elongata,0,1,,,,,,,
10181,10267,10256,L.,42081,6426,Solidago canadensis,0,0,,,,,,,
10181,10267,10256,DC.,125835,6426,Solidago lepida,0,1,,,,,,,
10181,10267,10256,DC.,129281,6426,Solidago spathulata,0,0,,,,,,,
10181,10267,10256,DC.,129281,6426,Solidago spathulata,0,1,,,,,,,
10181,10267,10256,L.,42107,6431,Sonchus arvensis,0,0,,,,,,,
10181,10267,10256,(L.) Hill,42108,6431,Sonchus asper,0,0,,,,,,,
10181,10267,10256,(L.) Hill,42108,6431,Sonchus asper,0,0,,,,,,,
10181,10267,10256,L.,42135,6431,Sonchus oleraceus,0,0,,,,,,,
10181,10267,10256,Sch.Bip.,102390,6676,Tanacetum bipinnatum,0,1,,,,,,,
10181,10267,10256,Sch.Bip.,102390,6676,Tanacetum bipinnatum,0,0,,,,,,,
10181,10267,10256,(L.) Sch.Bip.,43876,6676,Tanacetum parthenium,0,0,,,,,,,
10181,10267,10256,F.H.Wigg.,442743,6683,Taraxacum sect.,0,0,,,,,,,
10181,10267,10256,F.H.Wigg.,442743,6683,Taraxacum sect.,0,0,,,,,,,
10181,10267,10256,L.,45440,6864,Tragopogon porrifolius,0,0,,,,,,,
10181,10267,10256,Nutt.,132091,12050,Wyethia angustifolia,0,1,,,,,,,
10181,10267,10256,L.,47403,7155,Xanthium strumarium,0,1,,,,,,,
10181,10267,10256,(Durand) Morin,450653,20328,Smithiastrum prenanthoides,0,1,,,,,,,
10181,10267,10256,Hook. ex A.DC.,129577,1979,Campanula scouleri,0,1,,,,,,,
10181,10267,10256,Nutt.,131797,3476,Githopsis specularioides,0,1,,,,,,,
10181,10267,10256,(Lehm.) A.Nelson & J.F.Macbr.,2099,1262,Amsinckia menziesii,0,1,,,,,,,
10181,10267,10256,Lindl. ex Lehm.,2098,1262,Amsinckia lycopsoides,0,1,,,,,,,
10181,10267,10256,(Lehm.) A.Nelson & J.F.Macbr.,2099,1262,Amsinckia menziesii,0,1,,,,,,,
10181,10267,10256,(Fisch. & C.A.Mey.) Greene,11946,2575,Cryptantha leiocarpa,0,0,,,,,,,
10181,10267,10256,(Douglas ex Lehm.) J.I.Cohen,450902,19590,Adelinia grande,0,1,,,,,,,
10181,10267,10256,Pers.,29665,4839,Myosotis discolor,0,0,,,,,,,
10181,10267,10256,Poir.,29677,4839,Myosotis latifolia,0,0,,,,,,,
10181,10267,10256,Pall. ex Lehm.,441347,4839,Myosotis micrantha,0,0,,,,,,,
10181,10267,10256,Link ex Roem. & Schult.,29705,4839,Myosotis stricta,0,0,,,,,,,
10181,10267,10256,Ehrh. ex Hoffm.,29708,4839,Myosotis sylvatica,0,0,,,,,,,
10181,10267,10256,Sm.,441352,4839,Myosotis versicolor,0,0,,,,,,,
10181,10267,10256,(A.Gray) A.Gray,131931,5590,Plagiobothrys nothofulvus,0,1,,,,,,,
10181,10267,10256,L.,21325,3712,Heliotropium curassavicum,0,0,,,,,,,
10181,10267,10256,(S.Watson) A.Gray,128405,8239,Hydrophyllum occidentale,0,1,,,,,,,
10181,10267,10256,A.Heller,131719,8239,Hydrophyllum tenuipes,0,1,,,,,,,
10181,10267,10256,Hook. & Arn.,30089,4915,Nemophila menziesii,0,1,,,,,,,
10181,10267,10256,Hook. & Arn.,30089,4915,Nemophila menziesii,0,0,,,,,,,
10181,10267,10256,Hook. & Arn.,30089,4915,Nemophila menziesii,0,1,,,,,,,
10181,10267,10256,Douglas ex Benth.,129593,4915,Nemophila parviflora,0,1,,,,,,,
10181,10267,10256,Douglas ex Benth.,129593,4915,Nemophila parviflora,0,1,,,,,,,
10181,10267,10256,A.Nelson & J.F.Macbr.,132092,5433,Phacelia argentea,0,0,,,,,,,
10181,10267,10256,A.Gray,132093,5433,Phacelia bolanderi,0,1,,,,,,,
10181,10267,10256,Jeps.,132094,5433,Phacelia corymbosa,0,1,,,,,,,
10181,10267,10256,Pursh,127874,5433,Phacelia heterophylla,0,0,,,,,,,
10181,10267,10256,Pursh,127874,5433,Phacelia heterophylla,0,1,,,,,,,
10181,10267,10256,Greene,131721,5433,Phacelia nemoralis,0,1,,,,,,,
10181,10267,10256,Douglas ex Lehm.,33072,5433,Phacelia ramosissima,0,1,,,,,,,
10181,10267,10256,L.,46029,6992,Turritis glabra,0,1,,,,,,,
10181,10267,10256,L.,46029,6992,Turritis glabra,0,1,,,,,,,
10181,10267,10256,(L.) Scop.,2793,1410,Arabis hirsuta,0,1,,,,,,,
10181,10267,10256,Eastw.,450915,1410,Arabis mcdonaldiana,0,1,,,,,,,
10181,10267,10256,Ledeb.,4661,1627,Barbarea orthoceras,0,1,,,,,,,
10181,10267,10256,Ledeb.,4661,1627,Barbarea orthoceras,0,0,,,,,,,
10181,10267,10256,Ledeb.,4661,1627,Barbarea orthoceras,0,1,,,,,,,
10181,10267,10256,L.,5815,1821,Brassica rapa,0,0,,,,,,,
10181,10267,10256,(L.) W.D.J.Koch,5811,1821,Brassica nigra,0,0,,,,,,,
10181,10267,10256,L.,5815,1821,Brassica rapa,0,0,,,,,,,
10181,10267,10256,(Bigelow) Hook.,6501,1906,Cakile edentula,0,0,,,,,,,
10181,10267,10256,(Bigelow) Hook.,6501,1906,Cakile edentula,0,0,,,,,,,
10181,10267,10256,Scop.,6503,1906,Cakile maritima,0,0,,,,,,,
10181,10267,10256,(L.) Medik.,7660,2010,Capsella bursa-pastoris,0,0,,,,,,,
10181,10267,10256,Hook.,131723,2015,Cardamine angulata,0,1,,,,,,,
10181,10267,10256,(Nutt.) Greene,7682,2015,Cardamine californica,0,0,,,,,,,
10181,10267,10256,(Nutt.) Greene,7682,2015,Cardamine californica,0,0,,,,,,,
10181,10267,10256,(Nutt.) Greene,7682,2015,Cardamine californica,0,1,,,,,,,
10181,10267,10256,(Nutt.) Greene,7682,2015,Cardamine californica,0,1,,,,,,,
10181,10267,10256,Greene,131724,2015,Cardamine nuttallii,0,0,,,,,,,
10181,10267,10256,L.,7699,2015,Cardamine hirsuta,0,0,,,,,,,
10181,10267,10256,L.,7699,2015,Cardamine hirsuta,0,0,,,,,,,
10181,10267,10256,(Nutt.) Greene,7682,2015,Cardamine californica,0,1,,,,,,,
10181,10267,10256,(Nutt.) Greene,7682,2015,Cardamine californica,0,0,,,,,,,
10181,10267,10256,Greene,131724,2015,Cardamine nuttallii,0,1,,,,,,,
10181,10267,10256,Nutt.,7708,2015,Cardamine oligosperma,0,1,,,,,,,
10181,10267,10256,L.,25268,4228,Lepidium didymum,0,0,,,,,,,
10181,10267,10256,(Nutt.) Greene,7682,2015,Cardamine californica,0,0,,,,,,,
10181,10267,10256,(Nutt.) Greene,7682,2015,Cardamine californica,0,0,,,,,,,
10181,10267,10256,(Nutt.) Greene,7682,2015,Cardamine californica,0,0,,,,,,,
10181,10267,10256,(Nutt.) Greene,7682,2015,Cardamine californica,0,0,,,,,,,
10181,10267,10256,(Douglas) Greene,125712,3193,Erysimum capitatum,0,1,,,,,,,
10181,10267,10256,(Douglas) Greene,125712,3193,Erysimum capitatum,0,1,,,,,,,
10181,10267,10256,Rossbach,132096,3193,Erysimum franciscanum,0,1,,,,,,,
10181,10267,10256,(Hook.) Wettst.,132097,3193,Erysimum menziesii,0,1,,,,,,,
10181,10267,10256,,132098,3964,Isatis tinctiflora,0,0,,,,,,,
10181,10267,10256,L.,23552,3964,Isatis tinctoria,0,0,,,,,,,
10181,10267,10256,Small,25286,4228,Lepidium oblongum,0,0,,,,,,,
10181,10267,10256,(A.Gray) J.F.Macbr. & Payson,132099,12277,Anelsonia eurycarpa,0,0,,,,,,,
10181,10267,10256,L.,37900,5930,Raphanus raphanistrum,0,0,,,,,,,
10181,10267,10256,L.,37901,5930,Raphanus sativus,0,0,,,,,,,
10181,10267,10256,L.,37900,5930,Raphanus raphanistrum,0,0,,,,,,,
10181,10267,10256,(Hook.) Bessey ex Britton,129603,6042,Rorippa curvisiliqua,0,1,,,,,,,
10181,10267,10256,W.T.Aiton,30039,4894,Nasturtium officinale,0,1,,,,,,,
10181,10267,10256,L.,41759,6399,Sisymbrium altissimum,0,0,,,,,,,
10181,10267,10256,(L.) Scop.,41765,6399,Sisymbrium officinale,0,0,,,,,,,
10181,10267,10256,(Hook. & Arn.) Hoover,439131,11903,Streptanthus lasiophyllus,0,0,,,,,,,
10181,10267,10256,(A.Gray) Holub,126097,5005,Noccaea fendleri,0,0,,,,,,,
10181,10267,10256,(A.Gray) Holub,126097,5005,Noccaea fendleri,0,1,,,,,,,
10181,10267,10256,R.Br.,25854,4314,Limnanthes douglasii,0,1,,,,,,,
10181,10267,10256,L.,45955,6974,Tropaeolum majus,0,0,,,,,,,
10181,10267,10256,Siebold & Zucc.,6373,1894,Buxus microphylla,0,0,,,,,,,
10181,10267,10256,(Molina) N.E.Br.,8272,2041,Carpobrotus chilensis,0,0,,,,,,,
10181,10267,10256,(Molina) N.E.Br.,8272,2041,Carpobrotus chilensis,0,0,,,,,,,
10181,10267,10256,(L.) N.E.Br.,8273,2041,Carpobrotus edulis,0,0,,,,,,,
10181,10267,10256,(Molina) N.E.Br.,8272,2041,Carpobrotus chilensis,0,0,,,,,,,
10181,10267,10256,L.,28619,4651,Mesembryanthemum nodiflorum,0,0,,,,,,,
10181,10267,10256,(Pall.) Kuntze,442779,6726,Tetragonia tetragonoides,0,0,,,,,,,
10181,10267,10256,L.,4305,1560,Atriplex patula,0,1,,,,,,,
10181,10267,10256,L.,9286,2211,Chenopodium album,0,0,,,,,,,
10181,10267,10256,(L.) Mosyakin & Clemants,15627,3017,Dysphania ambrosioides,0,0,,,,,,,
10181,10267,10256,(L.) Mosyakin & Clemants,15628,3017,Dysphania botrys,0,0,,,,,,,
10181,10267,10256,Hook.f.,9307,2211,Chenopodium macrospermum,0,0,,,,,,,
10181,10267,10256,(Torr. & A.Gray) Britton & Rose,132100,3311,Ferocactus viridescens,0,0,,,,,,,
10181,10267,10256,(A.Gray) Dillenb. & Kadereit,345640,11078,Sabulina californica,0,0,,,,,,,
10181,10267,10256,(Fenzl ex Torr. & A.Gray) Dillenb. & Kadereit,345550,11078,Sabulina douglasii,0,1,,,,,,,
10181,10267,10256,Waldst. & Kit.,132103,1444,Arenaria gracilis,0,0,,,,,,,
10181,10267,10256,(S.Watson) Dillenb. & Kadereit,345643,11078,Sabulina howellii,0,0,,,,,,,
10181,10267,10256,(Hook.) Fenzl,129608,4755,Moehringia macrophylla,0,0,,,,,,,
10181,10267,10256,,132105,1444,Arenaria millefolium,0,0,,,,,,,
10181,10267,10256,(Weinm.) A.Nelson & J.F.Macbr.,439072,2019,Cardionema ramosissima,0,1,,,,,,,
10181,10267,10256,L.,8880,2133,Cerastium arvense,0,1,,,,,,,
10181,10267,10256,Baumg.,8893,2133,Cerastium fontanum,0,0,,,,,,,
10181,10267,10256,Thuill.,8895,2133,Cerastium glomeratum,0,0,,,,,,,
10181,10267,10256,Fr.,398640,2133,Cerastium holosteoides,0,1,,,,,,,
10181,10267,10256,(A.Gray) Dillenb. & Kadereit,345640,11078,Sabulina californica,0,1,,,,,,,
10181,10267,10256,(Fenzl ex Torr. & A.Gray) Dillenb. & Kadereit,345550,11078,Sabulina douglasii,0,1,,,,,,,
10181,10267,10256,(S.Watson) Dillenb. & Kadereit,345643,11078,Sabulina howellii,0,1,,,,,,,
10181,10267,10256,(Hook.) Fenzl,129608,4755,Moehringia macrophylla,0,1,,,,,,,
10181,10267,10256,Eastw.,32151,5308,Paronychia franciscana,0,0,,,,,,,
10181,10267,10256,(Raf.) G.López & Romo,33037,5426,Petrorhagia dubia,0,0,,,,,,,
10181,10267,10256,(L.) L.,35455,5693,Polycarpon tetraphyllum,0,0,,,,,,,
10181,10267,10256,A.Gray,39541,6105,Sagina maxima,0,1,,,,,,,
10181,10267,10256,A.Gray,39541,6105,Sagina maxima,0,0,,,,,,,
10181,10267,10256,L.,39546,6105,Sagina procumbens,0,1,,,,,,,
10181,10267,10256,(L.) H.Karst.,39548,6105,Sagina saginoides,0,1,,,,,,,
10181,10267,10256,(L.) H.Karst.,39548,6105,Sagina saginoides,0,0,,,,,,,
10181,10267,10256,L.,39959,6141,Saponaria officinalis,0,0,,,,,,,
10181,10267,10256,L.,41591,6372,Silene antirrhina,0,0,,,,,,,
10181,10267,10256,Cav.,41641,6372,Silene laciniata,0,1,,,,,,,
10181,10267,10256,L.,41628,6372,Silene gallica,0,0,,,,,,,
10181,10267,10256,Nutt.,132106,6372,Silene hookeri,0,1,,,,,,,
10181,10267,10256,Nutt.,132106,6372,Silene hookeri,0,0,,,,,,,
10181,10267,10256,Nutt.,132106,6372,Silene hookeri,0,0,,,,,,,
10181,10267,10256,,132107,6372,Silene janeae,0,0,,,,,,,
10181,10267,10256,,132108,6372,Silene janei,0,0,,,,,,,
10181,10267,10256,,132109,6372,Silene janeii,0,0,,,,,,,
10181,10267,10256,Hook.,127982,6372,Silene scouleri,0,1,,,,,,,
10181,10267,10256,T.W.Nelson & J.P.Nelson,132110,6372,Silene serpentinicola,0,0,,,,,,,
10181,10267,10256,L.,42352,6460,Spergula arvensis,0,0,,,,,,,
10181,10267,10256,L.,42352,6460,Spergula arvensis,0,0,,,,,,,
10181,10267,10256,L.,42352,6460,Spergula arvensis,0,0,,,,,,,
10181,10267,10256,(Hornem. ex Cham. & Schltdl.) Heynh.,42365,6461,Spergularia macrotheca,0,0,,,,,,,
10181,10267,10256,(L.) J.Presl & C.Presl,42372,6461,Spergularia rubra,0,0,,,,,,,
10181,10267,10256,Steud.,450658,6523,Stellaria sitchana,0,1,,,,,,,
10181,10267,10256,Cham. & Schltdl.,42772,6523,Stellaria crispa,0,1,,,,,,,
10181,10267,10256,Torr.,132111,6523,Stellaria littoralis,0,0,,,,,,,
10181,10267,10256,(L.) Vill.,42788,6523,Stellaria media,0,0,,,,,,,
10181,10267,10256,Nutt.,42794,6523,Stellaria nitens,0,1,,,,,,,
10181,10267,10256,(Ruiz & Pav.) DC.,6884,1912,Calandrinia ciliata,0,1,,,,,,,
10181,10267,10256,(Ruiz & Pav.) DC.,6884,1912,Calandrinia ciliata,0,0,,,,,,,
10181,10267,10256,,132112,2321,Claytonia andrewsiana,0,0,,,,,,,
10181,10267,10256,Torr. & A.Gray,131848,2321,Claytonia exigua,0,1,,,,,,,
10181,10267,10256,Douglas,9854,2321,Claytonia parviflora,0,1,,,,,,,
10181,10267,10256,Donn ex Willd.,9855,2321,Claytonia perfoliata,0,1,,,,,,,
10181,10267,10256,L.,9856,2321,Claytonia sibirica,0,0,,,,,,,
10181,10267,10256,L.,9856,2321,Claytonia sibirica,0,1,,,,,,,
10181,10267,10256,L.,9856,2321,Claytonia sibirica,0,1,,,,,,,
10181,10267,10256,(Suksd.) Suksd.,450916,2321,Claytonia washingtoniana,0,1,,,,,,,
10181,10267,10256,J.T.Howell,132114,12042,Lewisia cantelovii,0,0,,,,,,,
10181,10267,10256,(Ledeb. ex Spreng.) Greene,125517,4790,Montia chamissoi,0,0,,,,,,,
10181,10267,10256,(Nutt.) Greene,131805,4790,Montia diffusa,0,1,,,,,,,
10181,10267,10256,L.,29356,4790,Montia fontana,0,1,,,,,,,
10181,10267,10256,S.Watson,131851,4790,Montia howellii,0,0,,,,,,,
10181,10267,10256,L.,29356,4790,Montia fontana,0,1,,,,,,,
10181,10267,10256,(Moc. ex DC.) Greene,29357,4790,Montia parvifolia,0,1,,,,,,,
10181,10267,10256,Donn ex Willd.,9855,2321,Claytonia perfoliata,0,0,,,,,,,
10181,10267,10256,L.,9856,2321,Claytonia sibirica,0,1,,,,,,,
10181,10267,10256,Torr. & A.Gray,131848,2321,Claytonia exigua,0,0,,,,,,,
10181,10267,10256,L.,29356,4790,Montia fontana,0,0,,,,,,,
10181,10267,10256,Lam.,44,958,Abronia umbellata,0,0,,,,,,,
10181,10267,10256,Eschsch.,42,958,Abronia latifolia,0,1,,,,,,,
10181,10267,10256,Lam.,44,958,Abronia umbellata,0,1,,,,,,,
10181,10267,10256,Lam.,44,958,Abronia umbellata,0,1,,,,,,,
10181,10267,10256,Lam.,44,958,Abronia umbellata,0,0,,,,,,,
10181,10267,10256,Lam.,44,958,Abronia umbellata,0,0,,,,,,,
10181,10267,10256,Lam.,44,958,Abronia umbellata,0,0,,,,,,,
10181,10267,10256,Lam.,44,958,Abronia umbellata,0,0,,,,,,,
10181,10267,10256,(Mill.) Willd.,3353,1468,Armeria maritima,0,0,,,,,,,
10181,10267,10256,(Mill.) Willd.,3353,1468,Armeria maritima,0,1,,,,,,,
10181,10267,10256,Benth.,16926,3172,Eriogonum fasciculatum,0,0,,,,,,,
10181,10267,10256,Sm.,132115,3172,Eriogonum latifolium,0,1,,,,,,,
10181,10267,10256,Douglas ex Benth.,129623,3172,Eriogonum nudum,0,1,,,,,,,
10181,10267,10256,Douglas ex Benth.,129623,3172,Eriogonum nudum,0,1,,,,,,,
10181,10267,10256,Douglas ex Benth.,129623,3172,Eriogonum nudum,0,1,,,,,,,
10181,10267,10256,Douglas ex Benth.,129623,3172,Eriogonum nudum,0,0,,,,,,,
10181,10267,10256,S.Watson,132031,3172,Eriogonum pendulum,0,1,,,,,,,
10181,10267,10256,Torr.,126049,3172,Eriogonum umbellatum,0,1,,,,,,,
10181,10267,10256,Boreau,35533,5698,Polygonum arenastrum,0,0,,,,,,,
10181,10267,10256,Steud. ex Kunze,35534,5698,Polygonum argyrocoleon,0,0,,,,,,,
10181,10267,10256,L.,35535,5698,Polygonum aviculare,0,0,,,,,,,
10181,10267,10256,Greene,126124,5698,Polygonum douglasii,0,1,,,,,,,
10181,10267,10256,Meisn. ex Small,129630,5698,Polygonum spergulariiforme,0,1,,,,,,,
10181,10267,10256,B.L.Rob.,35544,5698,Polygonum fowleri,0,0,,,,,,,
10181,10267,10256,(Michx.) Small,32979,5410,Persicaria hydropiperoides,0,1,,,,,,,
10181,10267,10256,Cham. & Schltdl.,132116,5698,Polygonum paronychia,0,1,,,,,,,
10181,10267,10256,Gray,32983,5410,Persicaria maculosa,0,0,,,,,,,
10181,10267,10256,Elliott,441956,5698,Polygonum punctatum,0,1,,,,,,,
10181,10267,10256,Michx.,126125,5698,Polygonum ramosissimum,0,0,,,,,,,
10181,10267,10256,(F.Schmidt) Nakai,38035,5962,Reynoutria sachalinensis,0,0,,,,,,,
10181,10267,10256,Meisn. ex Small,129630,5698,Polygonum spergulariiforme,0,0,,,,,,,
10181,10267,10256,Meisn. ex Small,129630,5698,Polygonum spergulariiforme,0,1,,,,,,,
10181,10267,10256,L.,39316,6070,Rumex acetosella,0,0,,,,,,,
10181,10267,10256,L.,39316,6070,Rumex acetosella,0,0,,,,,,,
10181,10267,10256,Murray,39328,6070,Rumex conglomeratus,0,0,,,,,,,
10181,10267,10256,L.,39329,6070,Rumex crispus,0,0,,,,,,,
10181,10267,10256,L.,39349,6070,Rumex maritimus,0,1,,,,,,,
10181,10267,10256,L.,39354,6070,Rumex obtusifolius,0,0,,,,,,,
10181,10267,10256,L.,39354,6070,Rumex obtusifolius,0,0,,,,,,,
10181,10267,10256,L.,39354,6070,Rumex obtusifolius,0,0,,,,,,,
10181,10267,10256,S.Watson,39355,6070,Rumex occidentalis,0,1,,,,,,,
10181,10267,10256,L.,39361,6070,Rumex pulcher,0,0,,,,,,,
10181,10267,10256,Weinm.,39365,6070,Rumex salicifolius,0,0,,,,,,,
10181,10267,10256,Rech.f.,345705,6070,Rumex crassus,0,1,,,,,,,
10181,10267,10256,Weinm.,39365,6070,Rumex salicifolius,0,1,,,,,,,
10181,10267,10256,Rech.f.,130607,6070,Rumex transitorius,0,1,,,,,,,
10181,10267,10256,Rech.f.,130607,6070,Rumex transitorius,0,0,,,,,,,
10181,10267,10256,Nutt. ex Torr.,132117,3234,Euonymus occidentalis,0,1,,,,,,,
10181,10267,10256,Nutt. ex Torr.,132117,3234,Euonymus occidentalis,0,1,,,,,,,
10181,10267,10256,L.,8925,2139,Ceratophyllum demersum,0,0,,,,,,,
10181,10267,10256,L.,11108,2487,Cornus canadensis,0,1,,,,,,,
10181,10267,10256,,132118,2487,Cornus cornuta,0,0,,,,,,,
10181,10267,10256,Benth.,131953,2487,Cornus glabrata,0,1,,,,,,,
10181,10267,10256,Audubon ex Torr. & A.Gray,129637,2487,Cornus nuttallii,0,1,,,,,,,
10181,10267,10256,L.,11119,2487,Cornus sericea,0,1,,,,,,,
10181,10267,10256,Torr.,132119,2487,Cornus sessilis,0,1,,,,,,,
10181,10267,10256,Pursh,129640,5462,Philadelphus lewisii,0,1,,,,,,,
10181,10267,10256,Pursh,129640,5462,Philadelphus lewisii,0,1,,,,,,,
10181,10267,10256,Pursh,129640,5462,Philadelphus lewisii,0,0,,,,,,,
10181,10267,10256,Torr.,131734,12256,Whipplea modesta,0,1,,,,,,,
10181,10267,10256,(Torr. & A.Gray) Howell,132120,4533,Marah oregana,0,0,,,,,,,
10181,10267,10256,(Torr. & A.Gray) Howell,132120,4533,Marah oregana,0,0,,,,,,,
10181,10267,10256,(Torr. & A.Gray) Howell,131807,4533,Marah oreganus,0,0,,,,,,,
10181,10267,10256,(Torr. & A.Gray) Howell,131807,4533,Marah oreganus,0,1,,,,,,,
10181,10267,10256,Raf.,127967,6125,Sambucus cerulea,0,0,,,,,,,
10181,10267,10256,Raf.,127967,6125,Sambucus cerulea,0,0,,,,,,,
10181,10267,10256,L.,39856,6125,Sambucus racemosa,0,0,,,,,,,
10181,10267,10256,L.,39856,6125,Sambucus racemosa,0,0,,,,,,,
10181,10267,10256,Raf.,127967,6125,Sambucus cerulea,0,0,,,,,,,
10181,10267,10256,C.Presl ex DC.,442301,6125,Sambucus mexicana,0,1,,,,,,,
10181,10267,10256,,132122,6125,Sambucus racconosa,0,0,,,,,,,
10181,10267,10256,L.,39856,6125,Sambucus racemosa,0,1,,,,,,,
10181,10267,10256,L.,39856,6125,Sambucus racemosa,0,1,,,,,,,
10181,10267,10256,L.,39856,6125,Sambucus racemosa,0,0,,,,,,,
10181,10267,10256,L.,39856,6125,Sambucus racemosa,0,0,,,,,,,
10181,10267,10256,L.,39856,6125,Sambucus racemosa,0,0,,,,,,,
10181,10267,10256,L.,39856,6125,Sambucus racemosa,0,0,,,,,,,
10181,10267,10256,(Lindl.) F.Dietr.,26683,4377,Lonicera hispidula,0,1,,,,,,,
10181,10267,10256,(Lindl.) F.Dietr.,26683,4377,Lonicera hispidula,0,1,,,,,,,
10181,10267,10256,(Richardson) Banks ex Spreng.,26687,4377,Lonicera involucrata,0,1,,,,,,,
10181,10267,10256,(Richardson) Banks ex Spreng.,26687,4377,Lonicera involucrata,0,1,,,,,,,
10181,10267,10256,(L.) S.F.Blake,43360,6634,Symphoricarpos albus,0,0,,,,,,,
10181,10267,10256,(L.) S.F.Blake,43360,6634,Symphoricarpos albus,0,1,,,,,,,
10181,10267,10256,Nutt.,43361,6634,Symphoricarpos mollis,0,1,,,,,,,
10181,10267,10256,(L.) S.F.Blake,43360,6634,Symphoricarpos albus,0,0,,,,,,,
10181,10267,10256,L.,14746,2894,Dipsacus fullonum,0,0,,,,,,,
10181,10267,10256,(L.) Honck.,14749,2894,Dipsacus sativus,0,0,,,,,,,
10181,10267,10256,L.,14746,2894,Dipsacus fullonum,0,0,,,,,,,
10181,10267,10256,L.,26184,4329,Linnaea borealis,0,1,,,,,,,
10181,10267,10256,L.,26184,4329,Linnaea borealis,0,0,,,,,,,
10181,10267,10256,L.,26184,4329,Linnaea borealis,0,0,,,,,,,
10181,10267,10256,L.,439162,7032,Valeriana rubra,0,0,,,,,,,
10181,10267,10256,(Fisch. & C.A.Mey.) Byng & Christenh.,450892,7032,Valeriana brachystemon,0,1,,,,,,,
10181,10267,10256,(Greene) Byng & Christenh.,450479,7032,Valeriana ciliosa,0,1,,,,,,,
10181,10267,10256,(Lindl.) Byng & Christenh.,450888,7032,Valeriana congesta,0,1,,,,,,,
10181,10267,10256,(Fisch. & C.A.Mey.) Byng & Christenh.,450892,7032,Valeriana brachystemon,0,0,,,,,,,
10181,10267,10256,(Lindl.) Byng & Christenh.,450888,7032,Valeriana congesta,0,0,,,,,,,
10181,10267,10256,(Lindl.) Byng & Christenh.,450888,7032,Valeriana congesta,0,0,,,,,,,
10181,10267,10256,(Torr. & A.Gray) Byng & Christenh.,450532,7032,Valeriana macrocera,0,1,,,,,,,
10181,10267,10256,Bong.,129646,7032,Valeriana sitchensis,0,1,,,,,,,
10181,10267,10256,Rydb.,131736,7032,Valeriana scouleri,0,1,,,,,,,
10181,10267,10256,L.,16629,3145,Equisetum arvense,0,0,,,,,,,
10181,10267,10256,L.,16633,3145,Equisetum hyemale,0,0,,,,,,,
10181,10267,10256,Raf.,440026,3145,Equisetum praealtum,0,1,,,,,,,
10181,10267,10256,Raf.,440026,3145,Equisetum praealtum,0,0,,,,,,,
10181,10267,10256,Ehrh.,16641,3145,Equisetum telmateia,0,0,,,,,,,
10181,10267,10256,Milde,440027,3145,Equisetum braunii,0,0,,,,,,,
10181,10267,10256,Milde,440027,3145,Equisetum braunii,0,1,,,,,,,
10181,10267,10256,Milde,440027,3145,Equisetum braunii,0,0,,,,,,,
10181,10267,10256,Torr. & A.Gray,129647,12155,Allotropa virgata,0,1,,,,,,,
10181,10267,10256,Pursh,2891,1421,Arbutus menziesii,0,1,,,,,,,
10181,10267,10256,Pursh,2891,1421,Arbutus menziesii,0,0,,,,,,,
10181,10267,10256,L.,2892,1421,Arbutus unedo,0,0,,,,,,,
10181,10267,10256,Eastw.,131415,1437,Arctostaphylos canescens,0,1,,,,,,,
10181,10267,10256,Eastw.,131415,1437,Arctostaphylos canescens,0,0,,,,,,,
10181,10267,10256,Piper,131737,1437,Arctostaphylos columbiana,0,1,,,,,,,
10181,10267,10256,Eastw.,127432,1437,Arctostaphylos glandulosa,0,1,,,,,,,
10181,10267,10256,Howell,132125,1437,Arctostaphylos hispidula,0,1,,,,,,,
10181,10267,10256,Parry,132126,1437,Arctostaphylos manzanita,0,1,,,,,,,
10181,10267,10256,A.Gray,129648,1437,Arctostaphylos nevadensis,0,1,,,,,,,
10181,10267,10256,A.Gray,129648,1437,Arctostaphylos nevadensis,0,1,,,,,,,
10181,10267,10256,(P.V.Wells) P.V.Wells,132127,1437,Arctostaphylos nortensis,0,0,,,,,,,
10181,10267,10256,Greene,127433,1437,Arctostaphylos patula,0,1,,,,,,,
10181,10267,10256,Eastw.,2944,1437,Arctostaphylos confertiflora,0,0,,,,,,,
10181,10267,10256,(L.) Spreng.,2948,1437,Arctostaphylos uva-ursi,0,1,,,,,,,
10181,10267,10256,Parry,132128,1437,Arctostaphylos viscida,0,1,,,,,,,
10181,10267,10256,(R.Br. ex D.Don) Spreng.,128480,2220,Chimaphila menziesii,0,1,,,,,,,
10181,10267,10256,(L.) W.P.C.Barton,9342,2220,Chimaphila umbellata,0,1,,,,,,,
10181,10267,10256,(L.) W.P.C.Barton,9342,2220,Chimaphila umbellata,0,1,,,,,,,
10181,10267,10256,(L.) W.P.C.Barton,9342,2220,Chimaphila umbellata,0,0,,,,,,,
10181,10267,10256,L.,16312,3100,Empetrum nigrum,0,0,,,,,,,
10181,10267,10256,L.,16312,3100,Empetrum nigrum,0,0,,,,,,,
10181,10267,10256,L.,16312,3100,Empetrum nigrum,0,0,,,,,,,
10181,10267,10256,L.,16312,3100,Empetrum nigrum,0,1,,,,,,,
10181,10267,10256,Rudolphi,16779,3162,Erica lusitanica,0,0,,,,,,,
10181,10267,10256,Pursh,19417,3425,Gaultheria shallon,0,1,,,,,,,
10181,10267,10256,A.Gray,129651,12156,Hemitomes congestum,0,1,,,,,,,
10181,10267,10256,(Piper) Harmaja,345656,5987,Rhododendron columbianum,0,0,,,,,,,
10181,10267,10256,(Piper) Harmaja,345656,5987,Rhododendron columbianum,0,0,,,,,,,
10181,10267,10256,Craven,450741,5987,Rhododendron menziesii,0,1,,,,,,,
10181,10267,10256,Craven,450741,5987,Rhododendron menziesii,0,0,,,,,,,
10181,10267,10256,(L.) A.Gray,29317,4773,Moneses uniflora,0,1,,,,,,,
10181,10267,10256,(L.) A.Gray,29317,4773,Moneses uniflora,0,1,,,,,,,
10181,10267,10256,L.,29341,4785,Monotropa hypopitys,0,1,,,,,,,
10181,10267,10256,L.,29342,4785,Monotropa uniflora,0,1,,,,,,,
10181,10267,10256,(Eastw.) H.F.Copel.,132129,12278,Pityopus californicus,0,1,,,,,,,
10181,10267,10256,(Eastw.) H.F.Copel.,132129,12278,Pityopus californicus,0,1,,,,,,,
10181,10267,10256,A.Gray,129655,12158,Pleuricospora fimbriolata,0,1,,,,,,,
10181,10267,10256,Michx.,37434,5896,Pyrola asarifolia,0,1,,,,,,,
10181,10267,10256,Michx.,37434,5896,Pyrola asarifolia,0,0,,,,,,,
10181,10267,10256,Michx.,37434,5896,Pyrola asarifolia,0,1,,,,,,,
10181,10267,10256,Sm.,127936,5896,Pyrola picta,0,1,,,,,,,
10181,10267,10256,Sm.,450664,5896,Pyrola aphylla,0,0,,,,,,,
10181,10267,10256,Sm.,450665,5896,Pyrola dentata,0,0,,,,,,,
10181,10267,10256,D.Don ex G.Don,131852,5987,Rhododendron macrophyllum,0,0,,,,,,,
10181,10267,10256,,132130,5987,Rhododendron califonica,0,0,,,,,,,
10181,10267,10256,D.Don ex G.Don,131852,5987,Rhododendron macrophyllum,0,0,,,,,,,
10181,10267,10256,D.Don ex G.Don,131852,5987,Rhododendron macrophyllum,0,1,,,,,,,
10181,10267,10256,(Torr. & A.Gray) A.Gray,132131,5987,Rhododendron occidentale,0,1,,,,,,,
10181,10267,10256,(Torr. & A.Gray) A.Gray,132131,5987,Rhododendron occidentale,0,0,,,,,,,
10181,10267,10256,L.,38181,5987,Rhododendron ponticum,0,0,,,,,,,
10181,10267,10256,Torr.,131566,12249,Sarcodes sanguinea,0,0,,,,,,,
10181,10267,10256,Pursh,46335,7029,Vaccinium ovatum,0,1,,,,,,,
10181,10267,10256,(Wangenh.) K.Koch,19432,3430,Gaylussacia baccata,0,0,,,,,,,
10181,10267,10256,(Wangenh.) K.Koch,19432,3430,Gaylussacia baccata,0,0,,,,,,,
10181,10267,10256,Sm.,130609,7029,Vaccinium parvifolium,0,1,,,,,,,
10181,10267,10256,Sm.,130609,7029,Vaccinium parvifolium,0,0,,,,,,,
10181,10267,10256,Hook.,129660,2406,Collomia heterophylla,0,1,,,,,,,
10181,10267,10256,Sims,19783,3467,Gilia capitata,0,1,,,,,,,
10181,10267,10256,Sims,19783,3467,Gilia capitata,0,0,,,,,,,
10181,10267,10256,Sims,19783,3467,Gilia capitata,0,1,,,,,,,
10181,10267,10256,Sims,19783,3467,Gilia capitata,0,0,,,,,,,
10181,10267,10256,Benth.,450904,8061,Leptosiphon androsaceus,0,1,,,,,,,
10181,10267,10256,Nutt.,450841,8061,Leptosiphon bicolor,0,1,,,,,,,
10181,10267,10256,Nutt.,450841,8061,Leptosiphon bicolor,0,1,,,,,,,
10181,10267,10256,(Hook.) Greene,29016,4713,Microsteris gracilis,0,0,,,,,,,
10181,10267,10256,(Hook.) Greene,29016,4713,Microsteris gracilis,0,0,,,,,,,
10181,10267,10256,(Benth.) Hook.,128525,4900,Navarretia intertexta,0,0,,,,,,,
10181,10267,10256,(Greene) Greene,131958,4900,Navarretia mellita,0,0,,,,,,,
10181,10267,10256,(Eschsch.) Hook. & Arn.,441412,4900,Navarretia squarrosa,0,1,,,,,,,
10181,10267,10256,Torr. ex A.Gray,132132,5478,Phlox adsurgens,0,1,,,,,,,
10181,10267,10256,Benth.,128276,5478,Phlox diffusa,0,1,,,,,,,
10181,10267,10256,Benth.,128276,5478,Phlox diffusa,0,1,,,,,,,
10181,10267,10256,(Hook.) Greene,29016,4713,Microsteris gracilis,0,1,,,,,,,
10181,10267,10256,Pursh,128417,5478,Phlox speciosa,0,0,,,,,,,
10181,10267,10256,Pursh,128417,5478,Phlox speciosa,0,1,,,,,,,
10181,10267,10256,Pursh,128417,5478,Phlox speciosa,0,0,,,,,,,
10181,10267,10256,A.Gray,131854,5686,Polemonium carneum,0,1,,,,,,,
10181,10267,10256,(L.) U.Manns & Anderb.,438386,4439,Lysimachia arvensis,0,0,,,,,,,
10181,10267,10256,(L.) U.Manns & Anderb.,438386,4439,Lysimachia arvensis,0,0,,,,,,,
10181,10267,10256,(A.Gray) A.R.Mast & Reveal,450894,5754,Primula hendersonii,0,1,,,,,,,
10181,10267,10256,(L.) U.Manns & Anderb.,27129,4439,Lysimachia europaea,0,1,,,,,,,
10181,10267,10256,(Hook.) Cholewa,450669,4439,Lysimachia latifolia,0,0,,,,,,,
10181,10267,10256,(L.) U.Manns & Anderb.,27129,4439,Lysimachia europaea,0,0,,,,,,,
10181,10267,10256,(L.) U.Manns & Anderb.,27129,4439,Lysimachia europaea,0,0,,,,,,,
10181,10267,10256,(Hook.) Cholewa,450669,4439,Lysimachia latifolia,0,1,,,,,,,
10181,10267,10256,Torr.,132133,12279,Darlingtonia californica,0,0,,,,,,,
10181,10267,10256,L.,7435,1974,Camellia japonica,0,0,,,,,,,
10181,10267,10256,(Ruiz & Pav.) Pers.,17169,3203,Escallonia rubra,0,0,,,,,,,
10181,10267,10256,Link,132,962,Acacia dealbata,0,0,,,,,,,
10181,10267,10256,(J.C.Wendl.) Willd.,133,962,Acacia decurrens,0,0,,,,,,,
10181,10267,10256,De Wild.,172,962,Acacia mearnsii,0,0,,,,,,,
10181,10267,10256,Barneby,132134,1533,Astragalus agnicidus,0,0,,,,,,,
10181,10267,10256,A.Gray,132135,1533,Astragalus pycnostachyus,1,1,,,,,,,
10181,10267,10256,A.Gray,132136,1533,Astragalus rattanii,1,1,,,,,,,
10181,10267,10256,(L.) L.A.S.Johnson,19515,3441,Genista monspessulana,0,0,,,,,,,
10181,10267,10256,(L'Hér.) Sweet,13197,2692,Cytisus multiflorus,0,0,,,,,,,
10181,10267,10256,(L.) Link,13199,2692,Cytisus scoparius,0,0,,,,,,,
10181,10267,10256,(L.) Link,13199,2692,Cytisus scoparius,0,0,,,,,,,
10181,10267,10256,(L.) L.A.S.Johnson,19515,3441,Genista monspessulana,0,0,,,,,,,
10181,10267,10256,T.W.Nelson & J.P.Nelson,132137,4173,Lathyrus biflorus,0,1,,,,,,,
10181,10267,10256,Eastw.,450917,4173,Lathyrus brownii,0,1,,,,,,,
10181,10267,10256,,132138,4173,Lathyrus delnortensis,0,0,,,,,,,
10181,10267,10256,C.L.Hitchc.,132139,4173,Lathyrus delnorticus,0,1,,,,,,,
10181,10267,10256,Willd.,24873,4173,Lathyrus japonicus,0,0,,,,,,,
10181,10267,10256,Willd.,24873,4173,Lathyrus japonicus,0,1,,,,,,,
10181,10267,10256,Willd.,24873,4173,Lathyrus japonicus,0,1,,,,,,,
10181,10267,10256,L.,24874,4173,Lathyrus latifolius,0,0,,,,,,,
10181,10267,10256,L.,24874,4173,Lathyrus latifolius,0,0,,,,,,,
10181,10267,10256,L.,24885,4173,Lathyrus pratensis,0,0,,,,,,,
10181,10267,10256,(Nutt.) Endl. ex Walp.,132140,4173,Lathyrus littoralis,0,1,,,,,,,
10181,10267,10256,S.Watson,129679,4173,Lathyrus nevadensis,0,0,,,,,,,
10181,10267,10256,S.Watson,129679,4173,Lathyrus nevadensis,0,1,,,,,,,
10181,10267,10256,S.Watson,129679,4173,Lathyrus nevadensis,0,1,,,,,,,
10181,10267,10256,L.,24882,4173,Lathyrus palustris,0,1,,,,,,,
10181,10267,10256,Fernald,130239,4173,Lathyrus pauciflorus,0,0,,,,,,,
10181,10267,10256,Fernald,130239,4173,Lathyrus pauciflorus,0,1,,,,,,,
10181,10267,10256,Eastw.,450917,4173,Lathyrus brownii,0,0,,,,,,,
10181,10267,10256,Nutt.,131742,4173,Lathyrus polyphyllus,0,0,,,,,,,
10181,10267,10256,Retz.,24889,4173,Lathyrus sphaericus,0,0,,,,,,,
10181,10267,10256,A.Gray,132141,4173,Lathyrus torreyi,0,1,,,,,,,
10181,10267,10256,Nutt.,24895,4173,Lathyrus vestitus,0,1,,,,,,,
10181,10267,10256,Nutt.,24895,4173,Lathyrus vestitus,0,0,,,,,,,
10181,10267,10256,Nutt.,24895,4173,Lathyrus vestitus,0,0,,,,,,,
10181,10267,10256,Nutt.,24895,4173,Lathyrus vestitus,0,1,,,,,,,
10181,10267,10256,Nutt.,24895,4173,Lathyrus vestitus,0,1,,,,,,,
10181,10267,10256,Eastw.,132142,12015,Hosackia rosea,0,0,,,,,,,
10181,10267,10256,Eastw.,132142,12015,Hosackia rosea,0,1,,,,,,,
10181,10267,10256,Eastw.,132142,12015,Hosackia rosea,0,1,,,,,,,
10181,10267,10256,(Loisel.) DC.,67671,8929,Collaea speciosa,0,0,,,,,,,
10181,10267,10256,L.,26744,4391,Lotus corniculatus,0,0,,,,,,,
10181,10267,10256,Benth.,129677,12015,Hosackia crassifolia,0,0,,,,,,,
10181,10267,10256,Benth.,132143,12015,Hosackia gracilis,0,1,,,,,,,
10181,10267,10256,(Benth.) D.D.Sokoloff,127247,1001,Acmispon brachycarpus,0,0,,,,,,,
10181,10267,10256,(Benth.) D.D.Sokoloff,563,1001,Acmispon parviflorus,0,1,,,,,,,
10181,10267,10256,Benth.,129678,12015,Hosackia oblongifolia,0,1,,,,,,,
10181,10267,10256,Benth.,129678,12015,Hosackia oblongifolia,0,0,,,,,,,
10181,10267,10256,(Hook.) Abrams,129680,12015,Hosackia pinnata,0,1,,,,,,,
10181,10267,10256,(Nutt.) Rydb.,126688,1001,Acmispon americanus,0,1,,,,,,,
10181,10267,10256,(Vogel) Brouillet,345661,1001,Acmispon glaber,0,1,,,,,,,
10181,10267,10256,Benth.,132144,12015,Hosackia stipularis,0,0,,,,,,,
10181,10267,10256,(Lag.) D.D.Sokoloff,55714,1001,Acmispon subpinnatus,0,0,,,,,,,
10181,10267,10256,L.,26744,4391,Lotus corniculatus,0,0,,,,,,,
10181,10267,10256,(Fisch. & C.A.Mey.) Sokoloff,564,1001,Acmispon wrangelianus,0,1,,,,,,,
10181,10267,10256,Benth.,26882,4412,Lupinus albifrons,0,0,,,,,,,
10181,10267,10256,Sims,26885,4412,Lupinus arboreus,0,0,,,,,,,
10181,10267,10256,Lindl.,26888,4412,Lupinus bicolor,0,1,,,,,,,
10181,10267,10256,Lindl.,26888,4412,Lupinus bicolor,0,1,,,,,,,
10181,10267,10256,Lindl.,26888,4412,Lupinus bicolor,0,0,,,,,,,
10181,10267,10256,Eschsch.,26889,4412,Lupinus chamissonis,0,0,,,,,,,
10181,10267,10256,Lindl. ex J.Agardh,128518,4412,Lupinus latifolius,0,1,,,,,,,
10181,10267,10256,Lindl. ex J.Agardh,128518,4412,Lupinus latifolius,0,1,,,,,,,
10181,10267,10256,Douglas ex Lindl.,131858,4412,Lupinus littoralis,0,1,,,,,,,
10181,10267,10256,Douglas ex Benth.,132145,4412,Lupinus nanus,0,1,,,,,,,
10181,10267,10256,Douglas ex Lindl.,131744,4412,Lupinus rivularis,0,1,,,,,,,
10181,10267,10256,Steud.,26905,4412,Lupinus variicolor,0,0,,,,,,,
10181,10267,10256,(L.) Huds.,28073,4588,Medicago arabica,0,0,,,,,,,
10181,10267,10256,L.,28092,4588,Medicago polymorpha,0,0,,,,,,,
10181,10267,10256,L.,28085,4588,Medicago lupulina,0,0,,,,,,,
10181,10267,10256,L.,28092,4588,Medicago polymorpha,0,0,,,,,,,
10181,10267,10256,L.,28097,4588,Medicago sativa,0,0,,,,,,,
10181,10267,10256,(L.) Lam.,28393,4625,Melilotus officinalis,0,0,,,,,,,
10181,10267,10256,Medik.,28385,4625,Melilotus albus,0,0,,,,,,,
10181,10267,10256,(L.) All.,28388,4625,Melilotus indicus,0,0,,,,,,,
10181,10267,10256,(L.) All.,28388,4625,Melilotus indicus,0,0,,,,,,,
10181,10267,10256,(Douglas) J.W.Grimes,131813,12260,Rupertia physodes,0,1,,,,,,,
10181,10267,10256,L.,38462,6025,Robinia pseudoacacia,0,0,,,,,,,
10181,10267,10256,L.,38462,6025,Robinia pseudoacacia,0,0,,,,,,,
10181,10267,10256,(Douglas) J.W.Grimes,131813,12260,Rupertia physodes,0,1,,,,,,,
10181,10267,10256,L.,42291,6451,Spartium junceum,0,0,,,,,,,
10181,10267,10256,Torr. & A.Gray,45655,6915,Trifolium albopurpureum,0,1,,,,,,,
10181,10267,10256,Hook. & Arn.,132146,6915,Trifolium dichotomum,0,1,,,,,,,
10181,10267,10256,L.,45660,6915,Trifolium arvense,0,0,,,,,,,
10181,10267,10256,Torr.,45662,6915,Trifolium barbigerum,0,1,,,,,,,
10181,10267,10256,A.Gray,132147,6915,Trifolium bifidum,0,1,,,,,,,
10181,10267,10256,S.Watson,132148,6915,Trifolium breweri,0,1,,,,,,,
10181,10267,10256,Lindl.,131574,6915,Trifolium cyathiferum,0,1,,,,,,,
10181,10267,10256,Desv.,45676,6915,Trifolium depauperatum,0,1,,,,,,,
10181,10267,10256,Hook. & Arn.,132146,6915,Trifolium dichotomum,0,0,,,,,,,
10181,10267,10256,Sibth.,45678,6915,Trifolium dubium,0,0,,,,,,,
10181,10267,10256,Nutt.,130943,6915,Trifolium eriocephalum,0,1,,,,,,,
10181,10267,10256,Nutt.,130943,6915,Trifolium eriocephalum,0,0,,,,,,,
10181,10267,10256,Lindl.,45682,6915,Trifolium fucatum,0,1,,,,,,,
10181,10267,10256,Torr. & A.Gray,45686,6915,Trifolium gracilentum,0,0,,,,,,,
10181,10267,10256,L.,45690,6915,Trifolium incarnatum,0,0,,,,,,,
10181,10267,10256,,132149,6915,Trifolium involcrata,0,0,,,,,,,
10181,10267,10256,L.,45670,6915,Trifolium cherleri,0,0,,,,,,,
10181,10267,10256,Nutt.,126151,6915,Trifolium longipes,0,0,,,,,,,
10181,10267,10256,Nutt.,126151,6915,Trifolium longipes,0,1,,,,,,,
10181,10267,10256,Nutt.,126151,6915,Trifolium longipes,0,0,,,,,,,
10181,10267,10256,Hook. & Arn.,45698,6915,Trifolium macraei,0,1,,,,,,,
10181,10267,10256,Pursh,45702,6915,Trifolium microcephalum,0,1,,,,,,,
10181,10267,10256,Hook. & Arn.,111975,6915,Trifolium microdon,0,1,,,,,,,
10181,10267,10256,Steud.,131860,6915,Trifolium oliganthum,0,1,,,,,,,
10181,10267,10256,L.,45717,6915,Trifolium pratense,0,0,,,,,,,
10181,10267,10256,L.,45719,6915,Trifolium repens,0,0,,,,,,,
10181,10267,10256,L.,45732,6915,Trifolium subterraneum,0,0,,,,,,,
10181,10267,10256,L.,45732,6915,Trifolium subterraneum,0,0,,,,,,,
10181,10267,10256,Spreng.,45740,6915,Trifolium willdenovii,0,1,,,,,,,
10181,10267,10256,Nutt.,45738,6915,Trifolium variegatum,0,1,,,,,,,
10181,10267,10256,Nutt.,45738,6915,Trifolium variegatum,0,1,,,,,,,
10181,10267,10256,Lojac.,450918,6915,Trifolium appendiculatum,0,0,,,,,,,
10181,10267,10256,Spreng.,45740,6915,Trifolium willdenovii,0,1,,,,,,,
10181,10267,10256,Lehm.,63978,6915,Trifolium wormskioldii,0,1,,,,,,,
10181,10267,10256,L.,46068,7002,Ulex europaeus,0,0,,,,,,,
10181,10267,10256,L.,46068,7002,Ulex europaeus,0,0,,,,,,,
10181,10267,10256,Muhl. ex Willd.,46761,7069,Vicia americana,0,1,,,,,,,
10181,10267,10256,Muhl. ex Willd.,46761,7069,Vicia americana,0,0,,,,,,,
10181,10267,10256,B.L.Turner,415350,7069,Vicia mulleriana,0,1,,,,,,,
10181,10267,10256,Muhl. ex Willd.,46761,7069,Vicia americana,0,0,,,,,,,
10181,10267,10256,Muhl. ex Willd.,46761,7069,Vicia americana,0,0,,,,,,,
10181,10267,10256,Muhl. ex Willd.,46761,7069,Vicia americana,0,0,,,,,,,
10181,10267,10256,Moench,446423,7069,Vicia angustifolia,0,0,,,,,,,
10181,10267,10256,L.,46765,7069,Vicia benghalensis,0,0,,,,,,,
10181,10267,10256,Roth,46815,7069,Vicia villosa,0,0,,,,,,,
10181,10267,10256,Roth,46815,7069,Vicia villosa,0,0,,,,,,,
10181,10267,10256,DC.,46776,7069,Vicia disperma,0,0,,,,,,,
10181,10267,10256,Bunge,132151,7069,Vicia gigantea,0,1,,,,,,,
10181,10267,10256,Bunge,132151,7069,Vicia gigantea,0,0,,,,,,,
10181,10267,10256,(L.) Gray,46784,7069,Vicia hirsuta,0,0,,,,,,,
10181,10267,10256,L.,46787,7069,Vicia lathyroides,1,0,,,,,,,
10181,10267,10256,Hook. & Arn.,105250,7069,Vicia nigricans,0,1,,,,,,,
10181,10267,10256,Hook. & Arn.,105250,7069,Vicia nigricans,0,1,,,,,,,
10181,10267,10256,Crantz,46800,7069,Vicia pannonica,0,0,,,,,,,
10181,10267,10256,L.,46805,7069,Vicia sativa,0,0,,,,,,,
10181,10267,10256,L.,46805,7069,Vicia sativa,0,0,,,,,,,
10181,10267,10256,L.,46805,7069,Vicia sativa,0,0,,,,,,,
10181,10267,10256,L.,46805,7069,Vicia sativa,0,0,,,,,,,
10181,10267,10256,(L.) Schreb.,46813,7069,Vicia tetrasperma,0,0,,,,,,,
10181,10267,10256,Roth,46815,7069,Vicia villosa,0,0,,,,,,,
10181,10267,10256,Roth,46815,7069,Vicia villosa,0,0,,,,,,,
10181,10267,10256,Roth,46815,7069,Vicia villosa,0,0,,,,,,,
10181,10267,10256,(Sims) DC.,47337,7136,Wisteria sinensis,0,0,,,,,,,
10181,10267,10256,(Nutt.) J.R.Abbott,345697,15836,Rhinotropis californica,0,1,,,,,,,
10181,10267,10256,(Kellogg) J.R.Abbott,345698,15836,Rhinotropis cornuta,0,1,,,,,,,
10181,10267,10256,Bong.,1654,1185,Alnus rubra,0,0,,,,,,,
10181,10267,10256,Bong.,1654,1185,Alnus rubra,0,0,,,,,,,
10181,10267,10256,Nutt.,130258,1185,Alnus rhombifolia,0,1,,,,,,,
10181,10267,10256,Bong.,1654,1185,Alnus rubra,0,1,,,,,,,
10181,10267,10256,Bong.,1654,1185,Alnus rubra,0,0,,,,,,,
10181,10267,10256,(Ehrh.) K.Koch,1644,1185,Alnus alnobetula,0,1,,,,,,,
10181,10267,10256,(Ehrh.) K.Koch,1644,1185,Alnus alnobetula,0,0,,,,,,,
10181,10267,10256,Marshall,129688,2500,Corylus cornuta,0,0,,,,,,,
10181,10267,10256,Marshall,129688,2500,Corylus cornuta,0,0,,,,,,,
10181,10267,10256,Marshall,129688,2500,Corylus cornuta,0,1,,,,,,,
10181,10267,10256,Marshall,129688,2500,Corylus cornuta,0,1,,,,,,,
10181,10267,10256,Marshall,129688,2500,Corylus cornuta,0,0,,,,,,,
10181,10267,10256,,132153,2063,Castanopsis chrysolepis,0,0,,,,,,,
10181,10267,10256,(Douglas ex Hook.) Hjelmq.,129689,12159,Chrysolepis chrysophylla,0,1,,,,,,,
10181,10267,10256,(Douglas ex Hook.) Hjelmq.,129689,12159,Chrysolepis chrysophylla,0,0,,,,,,,
10181,10267,10256,(Douglas ex Hook.) Hjelmq.,129689,12159,Chrysolepis chrysophylla,0,1,,,,,,,
10181,10267,10256,(Douglas ex Hook.) Hjelmq.,129689,12159,Chrysolepis chrysophylla,0,1,,,,,,,
10181,10267,10256,"(Hook. & Arn.) Manos, Cannon & S.H.Oh",131577,12250,Notholithocarpus densiflorus,0,0,,,,,,,
10181,10267,10256,"(Hook. & Arn.) Manos, Cannon & S.H.Oh",131577,12250,Notholithocarpus densiflorus,0,0,,,,,,,
10181,10267,10256,"(Hook. & Arn.) Manos, Cannon & S.H.Oh",131577,12250,Notholithocarpus densiflorus,0,0,,,,,,,
10181,10267,10256,"(Hook. & Arn.) Manos, Cannon & S.H.Oh",131577,12250,Notholithocarpus densiflorus,0,0,,,,,,,
10181,10267,10256,"(Hook. & Arn.) Manos, Cannon & S.H.Oh",131577,12250,Notholithocarpus densiflorus,0,1,,,,,,,
10181,10267,10256,"(Hook. & Arn.) Manos, Cannon & S.H.Oh",131577,12250,Notholithocarpus densiflorus,0,1,,,,,,,
10181,10267,10256,"(Hook. & Arn.) Manos, Cannon & S.H.Oh",131577,12250,Notholithocarpus densiflorus,0,1,,,,,,,
10181,10267,10256,"(Hook. & Arn.) Manos, Cannon & S.H.Oh",131577,12250,Notholithocarpus densiflorus,0,0,,,,,,,
10181,10267,10256,Liebm.,37522,5909,Quercus chrysolepis,0,1,,,,,,,
10181,10267,10256,Douglas ex Hook.,129691,5909,Quercus garryana,0,0,,,,,,,
10181,10267,10256,Douglas ex Hook.,129691,5909,Quercus garryana,0,1,,,,,,,
10181,10267,10256,Newb.,37550,5909,Quercus kelloggii,0,1,,,,,,,
10181,10267,10256,R.Br.ter,132154,5909,Quercus sadleriana,0,1,,,,,,,
10181,10267,10256,Hittell,131578,5909,Quercus vacciniifolia,0,1,,,,,,,
10181,10267,10256,Cham.,132155,4847,Myrica californica,0,1,,,,,,,
10181,10267,10256,A.Gray,132156,3415,Garrya buxifolia,0,1,,,,,,,
10181,10267,10256,Douglas ex Lindl.,132157,3415,Garrya elliptica,0,1,,,,,,,
10181,10267,10256,L.,126202,1392,Apocynum androsaemifolium,0,1,,,,,,,
10181,10267,10256,L.,126202,1392,Apocynum androsaemifolium,0,0,,,,,,,
10181,10267,10256,L.,126202,1392,Apocynum androsaemifolium,0,0,,,,,,,
10181,10267,10256,L.,2728,1392,Apocynum cannabinum,0,1,,,,,,,
10181,10267,10256,L.,2728,1392,Apocynum cannabinum,0,0,,,,,,,
10181,10267,10256,L.,126202,1392,Apocynum androsaemifolium,0,0,,,,,,,
10181,10267,10256,L.,46850,7077,Vinca major,0,0,,,,,,,
10181,10267,10256,(Jeps.) G.Mans.,47720,7201,Zeltnera davyi,0,1,,,,,,,
10181,10267,10256,Rafn,8764,2105,Centaurium erythraea,0,0,,,,,,,
10181,10267,10256,Rafn,8764,2105,Centaurium erythraea,0,0,,,,,,,
10181,10267,10256,(Griseb.) G.Mans.,132158,7201,Zeltnera muehlenbergii,0,1,,,,,,,
10181,10267,10256,(Griseb.) G.Mans.,132158,7201,Zeltnera muehlenbergii,0,1,,,,,,,
10181,10267,10256,Rafn,8764,2105,Centaurium erythraea,0,0,,,,,,,
10181,10267,10256,Griseb.,125913,3445,Gentiana affinis,0,0,,,,,,,
10181,10267,10256,Griseb.,125913,3445,Gentiana affinis,0,1,,,,,,,
10181,10267,10256,Griseb.,131861,3445,Gentiana sceptrum,0,1,,,,,,,
10181,10267,10256,A.Gray,132159,3445,Gentiana setigera,0,0,,,,,,,
10181,10267,10256,W. Wight,132160,3401,Galium ambiguum,0,1,,,,,,,
10181,10267,10256,ined.,180024,3401,Galium stebbinsii,0,1,,,,,,,
10181,10267,10256,L.,19146,3401,Galium aparine,0,1,,,,,,,
10181,10267,10256,A.Gray,131581,3401,Galium bolanderi,0,1,,,,,,,
10181,10267,10256,Hook. & Arn.,19155,3401,Galium californicum,0,1,,,,,,,
10181,10267,10256,L.,19229,3401,Galium trifidum,0,0,,,,,,,
10181,10267,10256,Pourr. ex Lam.,19167,3401,Galium divaricatum,0,0,,,,,,,
10181,10267,10256,Kunth,19193,3401,Galium mexicanum,0,0,,,,,,,
10181,10267,10256,A.Gray,19203,3401,Galium nuttallii,0,0,,,,,,,
10181,10267,10256,L.,19207,3401,Galium parisiense,0,0,,,,,,,
10181,10267,10256,L.,19207,3401,Galium parisiense,0,0,,,,,,,
10181,10267,10256,Dempster,19210,3401,Galium porrigens,0,0,,,,,,,
10181,10267,10256,Dempster,19210,3401,Galium porrigens,0,1,,,,,,,
10181,10267,10256,L.,19229,3401,Galium trifidum,0,1,,,,,,,
10181,10267,10256,L.,19229,3401,Galium trifidum,0,0,,,,,,,
10181,10267,10256,L.,19229,3401,Galium trifidum,0,0,,,,,,,
10181,10267,10256,L.,19229,3401,Galium trifidum,0,0,,,,,,,
10181,10267,10256,Michx.,77411,3401,Galium triflorum,0,1,,,,,,,
10181,10267,10256,L.,41395,6350,Sherardia arvensis,0,0,,,,,,,
10181,10267,10256,(Cav.) Bertol.,16983,3184,Erodium botrys,0,0,,,,,,,
10181,10267,10256,(L.) L'Hér.,16987,3184,Erodium cicutarium,0,0,,,,,,,
10181,10267,10256,(L.) L'Hér.,16987,3184,Erodium cicutarium,0,0,,,,,,,
10181,10267,10256,(L.) L'Hér.,16998,3184,Erodium moschatum,0,0,,,,,,,
10181,10267,10256,L.,19638,3456,Geranium carolinianum,0,0,,,,,,,
10181,10267,10256,L.,19638,3456,Geranium carolinianum,0,0,,,,,,,
10181,10267,10256,L.,19642,3456,Geranium dissectum,0,0,,,,,,,
10181,10267,10256,L.,19642,3456,Geranium dissectum,0,0,,,,,,,
10181,10267,10256,L.,19660,3456,Geranium molle,0,0,,,,,,,
10181,10267,10256,Howell,132161,3456,Geranium oreganum,0,1,,,,,,,
10181,10267,10256,L.,19671,3456,Geranium pusillum,0,0,,,,,,,
10181,10267,10256,L'Hér. ex DC.,19673,3456,Geranium retrorsum,0,0,,,,,,,
10181,10267,10256,L.,19675,3456,Geranium robertianum,0,0,,,,,,,
10181,10267,10256,L.,19676,3456,Geranium rotundifolium,0,0,,,,,,,
10181,10267,10256,L.,19638,3456,Geranium carolinianum,0,0,,,,,,,
10181,10267,10256,Engelm.,132162,3977,Isoetes howellii,0,0,,,,,,,
10181,10267,10256,L.,367,974,Acanthus mollis,0,0,,,,,,,
10181,10267,10256,L.,36352,5781,Prunella vulgaris,0,0,,,,,,,
10181,10267,10256,L.,19845,3483,Glechoma hederacea,0,0,,,,,,,
10181,10267,10256,Michx.,27050,4426,Lycopus uniflorus,0,1,,,,,,,
10181,10267,10256,L.,28420,4628,Melissa officinalis,0,0,,,,,,,
10181,10267,10256,L.,28507,4637,Mentha arvensis,0,1,,,,,,,
10181,10267,10256,L.,28509,4637,Mentha canadensis,0,1,,,,,,,
10181,10267,10256,L.,28519,4637,Mentha × piperita,0,0,,,,,,,
10181,10267,10256,L.,28513,4637,Mentha pulegium,0,0,,,,,,,
10181,10267,10256,L.,28516,4637,Mentha spicata,0,0,,,,,,,
10181,10267,10256,L.,28516,4637,Mentha spicata,0,0,,,,,,,
10181,10267,10256,Torr. ex Durand,132163,4770,Monardella sheltonii,0,1,,,,,,,
10181,10267,10256,Benth.,127803,4770,Monardella odoratissima,0,1,,,,,,,
10181,10267,10256,Benth.,127803,4770,Monardella odoratissima,1,1,,,,,,,
10181,10267,10256,Torr. ex Durand,132163,4770,Monardella sheltonii,0,1,,,,,,,
10181,10267,10256,Torr. ex Durand,132163,4770,Monardella sheltonii,0,0,,,,,,,
10181,10267,10256,L.,36352,5781,Prunella vulgaris,0,0,,,,,,,
10181,10267,10256,L.,36352,5781,Prunella vulgaris,0,0,,,,,,,
10181,10267,10256,L.,36352,5781,Prunella vulgaris,0,1,,,,,,,
10181,10267,10256,L.,36352,5781,Prunella vulgaris,0,0,,,,,,,
10181,10267,10256,L.,36352,5781,Prunella vulgaris,0,0,,,,,,,
10181,10267,10256,L.,36352,5781,Prunella vulgaris,0,0,,,,,,,
10181,10267,10256,Benth.,28928,4699,Micromeria douglasii,0,1,,,,,,,
10181,10267,10256,Benth.,129699,6281,Scutellaria antirrhinoides,0,1,,,,,,,
10181,10267,10256,Benth.,42635,6502,Stachys ajugoides,0,1,,,,,,,
10181,10267,10256,Benth.,42635,6502,Stachys ajugoides,0,1,,,,,,,
10181,10267,10256,(L.) L.,42639,6502,Stachys arvensis,0,0,,,,,,,
10181,10267,10256,Benth.,129701,6502,Stachys chamissonis,0,0,,,,,,,
10181,10267,10256,Benth.,129700,6502,Stachys mexicana,0,0,,,,,,,
10181,10267,10256,Benth.,129700,6502,Stachys mexicana,0,1,,,,,,,
10181,10267,10256,Pursh,126984,6502,Stachys hispida,0,0,,,,,,,
10181,10267,10256,Nutt. ex Benth.,129702,6502,Stachys rigida,0,1,,,,,,,
10181,10267,10256,Nutt. ex Benth.,129702,6502,Stachys rigida,0,1,,,,,,,
10181,10267,10256,Nutt. ex Benth.,129702,6502,Stachys rigida,0,0,,,,,,,
10181,10267,10256,Pall. ex Link,131497,5560,Pinguicula macroceras,0,0,,,,,,,
10181,10267,10256,Pall. ex Link,131497,5560,Pinguicula macroceras,0,1,,,,,,,
10181,10267,10256,L.,46281,7026,Utricularia vulgaris,0,1,,,,,,,
10181,10267,10256,Benth.,131862,3367,Fraxinus latifolia,0,1,,,,,,,
10181,10267,10256,(Walp.) Govaerts,153897,4085,Kopsiopsis hookeri,0,1,,,,,,,
10181,10267,10256,(A.Gray) Beck,24436,4085,Kopsiopsis strobilacea,0,1,,,,,,,
10181,10267,10256,Hook. & Arn.,8473,2069,Castilleja affinis,0,1,,,,,,,
10181,10267,10256,Hook. & Arn.,8473,2069,Castilleja affinis,0,1,,,,,,,
10181,10267,10256,Pennell,450919,2069,Castilleja litoralis,0,1,,,,,,,
10181,10267,10256,Hook. & Arn.,132164,2069,Castilleja ambigua,0,1,,,,,,,
10181,10267,10256,Hook. & Arn.,132164,2069,Castilleja ambigua,0,1,,,,,,,
10181,10267,10256,Fernald,126012,2069,Castilleja applegatei,0,1,,,,,,,
10181,10267,10256,(A.Gray) T.I.Chuang & Heckard,8474,2069,Castilleja attenuata,0,1,,,,,,,
10181,10267,10256,Piper,450920,2069,Castilleja elata,0,0,,,,,,,
10181,10267,10256,Greene,132165,2069,Castilleja subinclusa,0,0,,,,,,,
10181,10267,10256,Piper,450921,2069,Castilleja brevilobata,0,1,,,,,,,
10181,10267,10256,(Eastw.) Pennell,132166,2069,Castilleja mendocinensis,0,0,,,,,,,
10181,10267,10256,Pennell,450919,2069,Castilleja litoralis,0,0,,,,,,,
10181,10267,10256,Douglas ex Benth.,128101,2069,Castilleja miniata,0,0,,,,,,,
10181,10267,10256,Piper,450920,2069,Castilleja elata,0,1,,,,,,,
10181,10267,10256,A.Gray,132167,11878,Cordylanthus tenuis,0,1,,,,,,,
10181,10267,10256,Nutt.,31295,5154,Orobanche fasciculata,0,0,,,,,,,
10181,10267,10256,Nutt.,31295,5154,Orobanche fasciculata,0,1,,,,,,,
10181,10267,10256,L.,31325,5154,Orobanche uniflora,0,1,,,,,,,
10181,10267,10256,L.,31325,5154,Orobanche uniflora,0,1,,,,,,,
10181,10267,10256,L.,31325,5154,Orobanche uniflora,0,1,,,,,,,
10181,10267,10256,(A.Gray) T.I.Chuang & Heckard,8474,2069,Castilleja attenuata,0,0,,,,,,,
10181,10267,10256,Fisch. & C.A.Mey.,132170,12263,Triphysaria versicolor,0,0,,,,,,,
10181,10267,10256,(Benth.) T.I.Chuang & Heckard,131864,12263,Triphysaria pusilla,0,0,,,,,,,
10181,10267,10256,(L.) Caruel,32092,5295,Parentucellia viscosa,0,0,,,,,,,
10181,10267,10256,(L.) Caruel,32092,5295,Parentucellia viscosa,0,0,,,,,,,
10181,10267,10256,(Benth.) T.I.Chuang & Heckard,132169,12263,Triphysaria eriantha,0,1,,,,,,,
10181,10267,10256,(Benth.) T.I.Chuang & Heckard,131864,12263,Triphysaria pusilla,0,1,,,,,,,
10181,10267,10256,Fisch. & C.A.Mey.,132170,12263,Triphysaria versicolor,0,1,,,,,,,
10181,10267,10256,Fisch. & C.A.Mey.,132170,12263,Triphysaria versicolor,0,1,,,,,,,
10181,10267,10256,Fisch. & C.A.Mey.,132170,12263,Triphysaria versicolor,0,1,,,,,,,
10181,10267,10256,(Douglas ex Benth.) G.L.Nesom & N.S.Fraga,153902,10912,Erythranthe alsinoides,0,1,,,,,,,
10181,10267,10256,(Curtis) Jeps.,143594,12807,Diplacus aurantiacus,0,1,,,,,,,
10181,10267,10256,(Douglas ex Benth.) Spach,414514,10912,Erythranthe cardinalis,0,1,,,,,,,
10181,10267,10256,Nutt. ex Benth.,131594,4733,Mimulus dentatus,0,1,,,,,,,
10181,10267,10256,(DC.) G.L.Nesom,153907,10912,Erythranthe guttata,0,0,,,,,,,
10181,10267,10256,(DC.) G.L.Nesom,153907,10912,Erythranthe guttata,0,1,,,,,,,
10181,10267,10256,(DC.) G.L.Nesom,153907,10912,Erythranthe guttata,0,0,,,,,,,
10181,10267,10256,(DC.) G.L.Nesom,153907,10912,Erythranthe guttata,0,1,,,,,,,
10181,10267,10256,(Douglas ex Lindl.) G.L.Nesom,153905,10912,Erythranthe moschata,0,1,,,,,,,
10181,10267,10256,(Douglas ex Lindl.) G.L.Nesom,153905,10912,Erythranthe moschata,0,0,,,,,,,
10181,10267,10256,(Douglas ex Lindl.) G.L.Nesom,153905,10912,Erythranthe moschata,0,0,,,,,,,
10181,10267,10256,(Greene) G.L.Nesom,350306,10912,Erythranthe nasuta,0,0,,,,,,,
10181,10267,10256,(Kellogg) D.A.Sutton,130292,6109,Sairocarpus vexillocalyculatus,0,1,,,,,,,
10181,10267,10256,Pursh,7090,1938,Callitriche heterophylla,0,1,,,,,,,
10181,10267,10256,Torr.,131978,1938,Callitriche marginata,0,0,,,,,,,
10181,10267,10256,Scop.,7104,1938,Callitriche stagnalis,0,0,,,,,,,
10181,10267,10256,A.Gray,130841,2405,Collinsia linearis,0,1,,,,,,,
10181,10267,10256,L.,14295,2852,Digitalis purpurea,0,0,,,,,,,
10181,10267,10256,L.,22175,3805,Hippuris vulgaris,0,1,,,,,,,
10181,10267,10256,(Benth. ex A.DC.) Straw,132171,4042,Keckiella corymbosa,0,1,,,,,,,
10181,10267,10256,(L.) Mill.,26056,4323,Linaria dalmatica,0,0,,,,,,,
10181,10267,10256,(L.) Mill.,26056,4323,Linaria dalmatica,0,0,,,,,,,
10181,10267,10256,Lindl.,131981,5359,Penstemon heterophyllus,0,0,,,,,,,
10181,10267,10256,A.Gray,132172,5359,Penstemon rattanii,0,1,,,,,,,
10181,10267,10256,A.Gray,132172,5359,Penstemon rattanii,0,1,,,,,,,
10181,10267,10256,Lam.,34827,5598,Plantago australis,0,0,,,,,,,
10181,10267,10256,A.Gray,100491,5598,Plantago bigelovii,0,1,,,,,,,
10181,10267,10256,A.Gray,100491,5598,Plantago bigelovii,0,0,,,,,,,
10181,10267,10256,L.,34835,5598,Plantago coronopus,0,0,,,,,,,
10181,10267,10256,Pursh,34842,5598,Plantago elongata,0,1,,,,,,,
10181,10267,10256,E.Morris,34843,5598,Plantago erecta,0,1,,,,,,,
10181,10267,10256,Steud.,55867,5598,Plantago pachyneura,0,0,,,,,,,
10181,10267,10256,Lam.,34827,5598,Plantago australis,0,1,,,,,,,
10181,10267,10256,L.,34858,5598,Plantago lanceolata,0,0,,,,,,,
10181,10267,10256,L.,34864,5598,Plantago major,0,0,,,,,,,
10181,10267,10256,L.,34866,5598,Plantago maritima,0,1,,,,,,,
10181,10267,10256,L.,34866,5598,Plantago maritima,0,0,,,,,,,
10181,10267,10256,Jacq.,103678,5598,Plantago patagonica,0,0,,,,,,,
10181,10267,10256,Pilg.,34892,5598,Plantago subnuda,0,1,,,,,,,
10181,10267,10256,M.M.Mart.Ort. & Albach,450896,7064,Veronica regina-nivalis,0,1,,,,,,,
10181,10267,10256,M.M.Mart.Ort. & Albach,450922,7064,Veronica californica,0,1,,,,,,,
10181,10267,10256,(Benth.) A.Heller,131867,12264,Tonella tenella,0,1,,,,,,,
10181,10267,10256,(Raf.) Schwein. ex Benth.,46582,7064,Veronica americana,0,1,,,,,,,
10181,10267,10256,(Raf.) Schwein. ex Benth.,46582,7064,Veronica americana,0,0,,,,,,,
10181,10267,10256,L.,46585,7064,Veronica anagallis-aquatica,0,0,,,,,,,
10181,10267,10256,L.,46590,7064,Veronica arvensis,0,0,,,,,,,
10181,10267,10256,L.,46663,7064,Veronica pectinata,0,0,,,,,,,
10181,10267,10256,L.,46665,7064,Veronica peregrina,0,1,,,,,,,
10181,10267,10256,L.,46665,7064,Veronica peregrina,0,0,,,,,,,
10181,10267,10256,L.,46684,7064,Veronica scutellata,0,1,,,,,,,
10181,10267,10256,L.,46686,7064,Veronica serpyllifolia,0,0,,,,,,,
10181,10267,10256,Franch.,6058,1871,Buddleja davidii,0,0,,,,,,,
10181,10267,10256,Cham. & Schltdl.,40737,6278,Scrophularia californica,0,1,,,,,,,
10181,10267,10256,Cham. & Schltdl.,40737,6278,Scrophularia californica,0,1,,,,,,,
10181,10267,10256,L.,46488,7057,Verbascum blattaria,0,0,,,,,,,
10181,10267,10256,L.,46512,7057,Verbascum thapsus,0,0,,,,,,,
10181,10267,10256,(Hook. & Arn.) Nutt.,132173,12280,Umbellularia californica,0,1,,,,,,,
10181,10267,10256,(Hook. & Arn.) Nutt.,132173,12280,Umbellularia californica,0,0,,,,,,,
10181,10267,10256,Graham,1811,1201,Alstroemeria aurea,0,0,,,,,,,
10181,10267,10256,Torr.,129733,11917,Prosartes hookeri,0,0,,,,,,,
10181,10267,10256,Pursh,129731,1946,Calochortus elegans,0,0,,,,,,,
10181,10267,10256,Hook. & Arn.,132174,1946,Calochortus tolmiei,0,1,,,,,,,
10181,10267,10256,Torr.,132175,2344,Clintonia andrewsiana,0,1,,,,,,,
10181,10267,10256,,132176,2344,Clintonia sibirica,0,0,,,,,,,
10181,10267,10256,Torr.,129733,11917,Prosartes hookeri,0,1,,,,,,,
10181,10267,10256,Torr.,129733,11917,Prosartes hookeri,0,0,,,,,,,
10181,10267,10256,"(Hook.) Utech, Shinwari & Kawano",131754,11917,Prosartes smithii,0,1,,,,,,,
10181,10267,10256,Purdy,132177,3197,Erythronium californicum,0,1,,,,,,,
10181,10267,10256,Applegate,131868,3197,Erythronium oregonum,0,1,,,,,,,
10181,10267,10256,Applegate,131868,3197,Erythronium oregonum,0,0,,,,,,,
10181,10267,10256,Applegate,131868,3197,Erythronium oregonum,0,0,,,,,,,
10181,10267,10256,Sm.,131869,3197,Erythronium revolutum,0,1,,,,,,,
10181,10267,10256,(Schult. & Schult.f.) Sealy,131756,3373,Fritillaria affinis,0,1,,,,,,,
10181,10267,10256,(Schult. & Schult.f.) Sealy,131756,3373,Fritillaria affinis,0,1,,,,,,,
10181,10267,10256,S.Watson,132179,4311,Lilium bolanderi,0,1,,,,,,,
10181,10267,10256,L.,129926,4311,Lilium canadense,0,0,,,,,,,
10181,10267,10256,Leichtlin,131757,4311,Lilium columbianum,0,1,,,,,,,
10181,10267,10256,Purdy,132180,4311,Lilium occidentale,0,1,,,,,,,
10181,10267,10256,Purdy,132180,4311,Lilium occidentale,0,0,,,,,,,
10181,10267,10256,Kellogg,129736,4311,Lilium pardalinum,0,0,,,,,,,
10181,10267,10256,Kellogg,129736,4311,Lilium pardalinum,0,1,,,,,,,
10181,10267,10256,Kellogg,129736,4311,Lilium pardalinum,0,1,,,,,,,
10181,10267,10256,Kellogg,129736,4311,Lilium pardalinum,0,0,,,,,,,
10181,10267,10256,Kellogg,129737,4311,Lilium washingtonianum,0,0,,,,,,,
10181,10267,10256,Kellogg,129737,4311,Lilium washingtonianum,0,1,,,,,,,
10181,10267,10256,Torr.,132181,12281,Scoliopus bigelovii,0,1,,,,,,,
10181,10267,10256,(L.) DC.,43155,6585,Streptopus amplexifolius,0,0,,,,,,,
10181,10267,10256,(L.) DC.,43155,6585,Streptopus amplexifolius,0,1,,,,,,,
10181,10267,10256,(L.) DC.,43155,6585,Streptopus amplexifolius,0,0,,,,,,,
10181,10267,10256,,450923,6925,Trillium aatum,0,0,,,,,,,
10181,10267,10256,J.D.Freeman,132183,6925,Trillium albidum,0,1,,,,,,,
10181,10267,10256,(Torr.) J.D.Freeman,132184,6925,Trillium angustipetalum,0,1,,,,,,,
10181,10267,10256,(Torr.) Howell,132185,6925,Trillium chloropetalum,0,1,,,,,,,
10181,10267,10256,J.D.Freeman,132186,6925,Trillium kurabayashii,0,0,,,,,,,
10181,10267,10256,Pursh,129739,6925,Trillium ovatum,0,1,,,,,,,
10181,10267,10256,Pursh,129739,6925,Trillium ovatum,0,0,,,,,,,
10181,10267,10256,(S.Watson) S.B.Farmer,132187,12282,Pseudotrillium rivale,0,1,,,,,,,
10181,10267,10256,Durand,127360,7056,Veratrum californicum,0,0,,,,,,,
10181,10267,10256,Jeps.,132188,7056,Veratrum insolitum,0,1,,,,,,,
10181,10267,10256,(Pursh) Nutt.,129741,12160,Xerophyllum tenax,0,1,,,,,,,
10181,10267,10256,(Eastw.) A.Heller,132189,6850,Toxicoscordion micranthum,0,1,,,,,,,
10181,10267,10256,(S.Watson) Rydb.,128596,6850,Toxicoscordion venenosum,0,1,,,,,,,
10181,10267,10256,L.,27025,4425,Lycopodium clavatum,0,1,,,,,,,
10181,10267,10256,L.,26308,4341,Liriodendron tulipifera,0,0,,,,,,,
10181,10267,10256,L.,27430,4484,Magnolia grandiflora,0,0,,,,,,,
10181,10267,10256,Engelm.,130342,3237,Euphorbia crenulata,0,1,,,,,,,
10181,10267,10256,L.,17855,3237,Euphorbia lathyris,0,0,,,,,,,
10181,10267,10256,L.,17913,3237,Euphorbia peplus,0,0,,,,,,,
10181,10267,10256,Cham. & Schltdl.,127706,3912,Hypericum anagalloides,0,1,,,,,,,
10181,10267,10256,N.Robson,132190,3912,Hypericum beanii,0,0,,,,,,,
10181,10267,10256,L.,22859,3912,Hypericum calycinum,0,0,,,,,,,
10181,10267,10256,Benth.,132191,3912,Hypericum concinnum,0,0,,,,,,,
10181,10267,10256,Kunth,63932,3912,Hypericum formosum,0,1,,,,,,,
10181,10267,10256,Hook.,126064,3912,Hypericum scouleri,0,1,,,,,,,
10181,10267,10256,L.,22908,3912,Hypericum perforatum,0,0,,,,,,,
10181,10267,10256,A.Cunn.,26206,4334,Linum marginale,0,0,,,,,,,
10181,10267,10256,Mill.,26197,4334,Linum bienne,0,0,,,,,,,
10181,10267,10256,L.,26218,4334,Linum usitatissimum,0,0,,,,,,,
10181,10267,10256,Fisch.,355859,5726,Populus tristis,0,1,,,,,,,
10181,10267,10256,L.,35894,5726,Populus nigra,0,0,,,,,,,
10181,10267,10256,L.,35894,5726,Populus nigra,0,0,,,,,,,
10181,10267,10256,Fisch.,355859,5726,Populus tristis,0,0,,,,,,,
10181,10267,10256,C.K.Schneid.,132192,6115,Salix delnortensis,0,1,,,,,,,
10181,10267,10256,,132193,6115,Salix delnorticus,0,0,,,,,,,
10181,10267,10256,Barratt ex Hook.,130615,6115,Salix hookeriana,0,1,,,,,,,
10181,10267,10256,Bebb,39675,6115,Salix laevigata,0,1,,,,,,,
10181,10267,10256,Benth.,39678,6115,Salix lasiandra,0,0,,,,,,,
10181,10267,10256,Benth.,39679,6115,Salix lasiolepis,0,1,,,,,,,
10181,10267,10256,Muhl.,126916,6115,Salix lucida,0,0,,,,,,,
10181,10267,10256,Benth.,39678,6115,Salix lasiandra,0,1,,,,,,,
10181,10267,10256,Barratt ex Hook.,127962,6115,Salix scouleriana,0,1,,,,,,,
10181,10267,10256,Barratt ex Hook.,127962,6115,Salix scouleriana,0,0,,,,,,,
10181,10267,10256,Nutt.,131870,6115,Salix sessilifolia,0,0,,,,,,,
10181,10267,10256,Sanson ex Bong.,77514,6115,Salix sitchensis,0,1,,,,,,,
10181,10267,10256,C.R.Ball,132194,6115,Salix tracyi,0,0,,,,,,,
10181,10267,10256,Sm.,128029,7079,Viola adunca,0,1,,,,,,,
10181,10267,10256,S.Watson,132195,7079,Viola cuneata,0,1,,,,,,,
10181,10267,10256,Nutt.,129749,7079,Viola glabella,0,1,,,,,,,
10181,10267,10256,L.,46913,7079,Viola lanceolata,0,0,,,,,,,
10181,10267,10256,L.,46942,7079,Viola primulifolia,0,0,,,,,,,
10181,10267,10256,Fisch. ex Ging.,46914,7079,Viola langsdorffii,0,1,,,,,,,
10181,10267,10256,Benth.,131609,7079,Viola lobata,0,1,,,,,,,
10181,10267,10256,Torr. & A.Gray,132196,7079,Viola ocellata,0,0,,,,,,,
10181,10267,10256,L.,46934,7079,Viola palustris,0,1,,,,,,,
10181,10267,10256,Douglas,128565,7079,Viola praemorsa,0,1,,,,,,,
10181,10267,10256,Douglas,128565,7079,Viola praemorsa,0,1,,,,,,,
10181,10267,10256,Douglas,128565,7079,Viola praemorsa,0,0,,,,,,,
10181,10267,10256,L.,46942,7079,Viola primulifolia,0,1,,,,,,,
10181,10267,10256,Blume,80090,7079,Viola pilosa,0,0,,,,,,,
10181,10267,10256,Greene,131759,7079,Viola sempervirens,0,1,,,,,,,
10181,10267,10256,(Torr.) Coult.,128401,12058,Fremontodendron californicum,0,0,,,,,,,
10181,10267,10256,Wiggins,132198,11958,Iliamna latibracteata,0,1,,,,,,,
10181,10267,10256,Wallr.,27627,4509,Malva neglecta,0,0,,,,,,,
10181,10267,10256,L.,27631,4509,Malva parviflora,0,0,,,,,,,
10181,10267,10256,(L.) G.Don,29259,4754,Modiola caroliniana,0,0,,,,,,,
10181,10267,10256,(Hook. & Arn.) A.Gray,132199,6364,Sidalcea malachroides,0,1,,,,,,,
10181,10267,10256,(DC.) A.Gray,41501,6364,Sidalcea malviflora,0,0,,,,,,,
10181,10267,10256,(DC.) A.Gray,41501,6364,Sidalcea malviflora,0,0,,,,,,,
10181,10267,10256,(DC.) A.Gray,41501,6364,Sidalcea malviflora,0,0,,,,,,,
10181,10267,10256,(DC.) A.Gray,41501,6364,Sidalcea malviflora,0,0,,,,,,,
10181,10267,10256,(DC.) A.Gray,41501,6364,Sidalcea malviflora,0,1,,,,,,,
10181,10267,10256,Greene,450861,6364,Sidalcea asprella,0,1,,,,,,,
10181,10267,10256,Greene,450861,6364,Sidalcea asprella,0,1,,,,,,,
10181,10267,10256,(DC.) A.Gray,41501,6364,Sidalcea malviflora,0,1,,,,,,,
10181,10267,10256,(Nutt.) A.Gray,129751,6364,Sidalcea oregana,0,1,,,,,,,
10181,10267,10256,(Nutt.) A.Gray,129751,6364,Sidalcea oregana,0,1,,,,,,,
10181,10267,10256,(Nutt.) A.Gray,129751,6364,Sidalcea oregana,0,1,,,,,,,
10181,10267,10256,Torr. & A.Gray,27166,4442,Lythrum californicum,0,0,,,,,,,
10181,10267,10256,L.,27167,4442,Lythrum hyssopifolia,0,0,,,,,,,
10181,10267,10256,L.,27167,4442,Lythrum hyssopifolia,0,0,,,,,,,
10181,10267,10256,(L.) D.A.Webb,27171,4442,Lythrum portula,0,0,,,,,,,
10181,10267,10256,A.Cunn. ex Woolls,17285,3213,Eucalyptus sideroxylon,0,0,,,,,,,
10181,10267,10256,(Hornem. ex Spreng.) W.L.Wagner & Hoch,7456,1977,Camissoniopsis cheiranthifolia,0,1,,,,,,,
10181,10267,10256,(Hornem. ex Spreng.) W.L.Wagner & Hoch,7456,1977,Camissoniopsis cheiranthifolia,0,1,,,,,,,
10181,10267,10256,L.,9654,2298,Circaea alpina,0,0,,,,,,,
10181,10267,10256,L.,9654,2298,Circaea alpina,0,0,,,,,,,
10181,10267,10256,L.,9654,2298,Circaea alpina,0,0,,,,,,,
10181,10267,10256,L.,9654,2298,Circaea alpina,0,1,,,,,,,
10181,10267,10256,(Lehm.) A.Nelson & J.F.Macbr.,9836,2318,Clarkia amoena,0,1,,,,,,,
10181,10267,10256,(Lehm.) A.Nelson & J.F.Macbr.,9836,2318,Clarkia amoena,0,1,,,,,,,
10181,10267,10256,(Lehm.) A.Nelson & J.F.Macbr.,9836,2318,Clarkia amoena,0,1,,,,,,,
10181,10267,10256,(Jeps.) F.H.Lewis & M.E.Lewis,9837,2318,Clarkia davyi,0,1,,,,,,,
10181,10267,10256,(Curtis) A.Nelson & J.F.Macbr.,9840,2318,Clarkia purpurea,0,1,,,,,,,
10181,10267,10256,(Curtis) A.Nelson & J.F.Macbr.,9840,2318,Clarkia purpurea,0,1,,,,,,,
10181,10267,10256,Raf.,16535,3137,Epilobium ciliatum,0,0,,,,,,,
10181,10267,10256,L.,16524,3137,Epilobium angustifolium,0,1,,,,,,,
10181,10267,10256,L.,16524,3137,Epilobium angustifolium,0,1,,,,,,,
10181,10267,10256,C.Presl,16528,3137,Epilobium brachycarpum,0,1,,,,,,,
10181,10267,10256,Raf.,16535,3137,Epilobium ciliatum,0,0,,,,,,,
10181,10267,10256,Raf.,16535,3137,Epilobium ciliatum,0,1,,,,,,,
10181,10267,10256,Raf.,16535,3137,Epilobium ciliatum,0,1,,,,,,,
10181,10267,10256,Raf.,16535,3137,Epilobium ciliatum,0,1,,,,,,,
10181,10267,10256,Raf.,16535,3137,Epilobium ciliatum,0,0,,,,,,,
10181,10267,10256,Raf.,16535,3137,Epilobium ciliatum,0,0,,,,,,,
10181,10267,10256,(Torr. & A.Gray) Suksd.,16545,3137,Epilobium foliosum,0,1,,,,,,,
10181,10267,10256,Hausskn.,450292,3137,Epilobium hallianum,0,1,,,,,,,
10181,10267,10256,Lindl. ex Lehm.,128139,3137,Epilobium minutum,0,1,,,,,,,
10181,10267,10256,C.Presl,16528,3137,Epilobium brachycarpum,0,0,,,,,,,
10181,10267,10256,Hausskn.,132200,3137,Epilobium rigidum,0,0,,,,,,,
10181,10267,10256,Raf.,16535,3137,Epilobium ciliatum,0,0,,,,,,,
10181,10267,10256,Raf.,16535,3137,Epilobium ciliatum,0,0,,,,,,,
10181,10267,10256,Raf.,16535,3137,Epilobium ciliatum,0,0,,,,,,,
10181,10267,10256,(Kunth) P.H.Raven,26838,4401,Ludwigia peploides,0,1,,,,,,,
10181,10267,10256,(Hornem. ex Spreng.) W.L.Wagner & Hoch,7456,1977,Camissoniopsis cheiranthifolia,0,0,,,,,,,
10181,10267,10256,Kunth,30692,5076,Oenothera elata,0,1,,,,,,,
10181,10267,10256,Micheli,30694,5076,Oenothera glazioviana,0,0,,,,,,,
10181,10267,10256,Micheli,30694,5076,Oenothera glazioviana,0,0,,,,,,,
10181,10267,10256,Kunth,30692,5076,Oenothera elata,0,0,,,,,,,
10181,10267,10256,"(Munz) P.H.Raven, W.Dietr. & Stubbe",132201,5076,Oenothera wolfii,0,1,,,,,,,
10181,10267,10256,(L.) Sm.,81390,5036,Nuphar luteum,0,1,,,,,,,
10181,10267,10256,(L.) Sm.,81390,5036,Nuphar luteum,0,1,,,,,,,
10181,10267,10256,(L.) Sm.,81390,5036,Nuphar luteum,0,0,,,,,,,
10181,10267,10256,Engelm.,125528,5036,Nuphar polysepala,0,0,,,,,,,
10181,10267,10256,Engelm.,125528,5036,Nuphar polysepala,0,0,,,,,,,
10181,10267,10256,(S.G.Gmel.) Rupr.,5609,1790,Botrychium multifidum,0,1,,,,,,,
10181,10267,10256,Nutt.,450412,5197,Oxalis pilosa,0,1,,,,,,,
10181,10267,10256,L.,31507,5197,Oxalis corniculata,0,0,,,,,,,
10181,10267,10256,L.,31523,5197,Oxalis incarnata,0,0,,,,,,,
10181,10267,10256,Nutt.,131760,5197,Oxalis oregana,0,1,,,,,,,
10181,10267,10256,Nutt.,131760,5197,Oxalis oregana,0,0,,,,,,,
10181,10267,10256,Nutt.,131760,5197,Oxalis oregana,0,0,,,,,,,
10181,10267,10256,Nutt.,131760,5197,Oxalis oregana,0,0,,,,,,,
10181,10267,10256,Savigny,31499,5197,Oxalis articulata,0,0,,,,,,,
10181,10267,10256,Trel.,132202,5197,Oxalis suksdorfii,0,1,,,,,,,
10181,10267,10256,Hook.,131761,5197,Oxalis trilliifolia,0,0,,,,,,,
10181,10267,10256,(Torr.) Florin,7117,1942,Calocedrus decurrens,0,1,,,,,,,
10181,10267,10256,(A.Murray bis) Parl.,9094,2171,Chamaecyparis lawsoniana,0,1,,,,,,,
10181,10267,10256,(A.Murray bis) Parl.,9094,2171,Chamaecyparis lawsoniana,0,1,,,,,,,
10181,10267,10256,(Hartw.) Bartel,439549,20013,Hesperocyparis macrocarpa,0,0,,,,,,,
10181,10267,10256,L.,24067,4025,Juniperus communis,0,1,,,,,,,
10181,10267,10256,L.,24067,4025,Juniperus communis,0,0,,,,,,,
10181,10267,10256,L.,24067,4025,Juniperus communis,0,1,,,,,,,
10181,10267,10256,(Torr.) Florin,7117,1942,Calocedrus decurrens,0,0,,,,,,,
10181,10267,10256,(D.Don) Endl.,41253,6322,Sequoia sempervirens,0,1,,,,,,,
10181,10267,10256,Donn ex D.Don,45065,6786,Thuja plicata,0,1,,,,,,,
10181,10267,10256,(Gordon & Glend.) Lindl. ex Hildebr.,56743,955,Abies concolor,0,1,,,,,,,
10181,10267,10256,(Douglas ex D.Don) Lindl.,21,955,Abies grandis,0,1,,,,,,,
10181,10267,10256,A.Murray bis,129760,955,Abies magnifica,0,0,,,,,,,
10181,10267,10256,(Roxb. ex D.Don) G.Don,8577,2096,Cedrus deodara,1,0,,,,,,,
10181,10267,10256,(Bong.) Carrière,33820,5528,Picea sitchensis,0,0,,,,,,,
10181,10267,10256,(Bong.) Carrière,33820,5528,Picea sitchensis,0,1,,,,,,,
10181,10267,10256,,132203,5528,Picea sitka,0,0,,,,,,,
10181,10267,10256,(Bong.) Carrière,33820,5528,Picea sitchensis,0,0,,,,,,,
10181,10267,10256,Engelm.,129761,5563,Pinus albicaulis,0,0,,,,,,,
10181,10267,10256,Lemmon,132204,5563,Pinus attenuata,0,1,,,,,,,
10181,10267,10256,Douglas ex Loudon,34362,5563,Pinus contorta,0,1,,,,,,,
10181,10267,10256,Mill.,34368,5563,Pinus halepensis,0,0,,,,,,,
10181,10267,10256,Balf.,48167,5563,Pinus jeffreyi,0,1,,,,,,,
10181,10267,10256,Douglas,129762,5563,Pinus lambertiana,0,1,,,,,,,
10181,10267,10256,Douglas ex D.Don,129763,5563,Pinus monticola,0,0,,,,,,,
10181,10267,10256,D.Don,34378,5563,Pinus muricata,0,0,,,,,,,
10181,10267,10256,Douglas ex C.Lawson,34386,5563,Pinus ponderosa,0,0,,,,,,,
10181,10267,10256,D.Don,34389,5563,Pinus radiata,0,0,,,,,,,
10181,10267,10256,(Mirb.) Franco,36512,5821,Pseudotsuga menziesii,0,0,,,,,,,
10181,10267,10256,(Mirb.) Franco,36512,5821,Pseudotsuga menziesii,0,1,,,,,,,
10181,10267,10256,(Mirb.) Franco,36512,5821,Pseudotsuga menziesii,0,1,,,,,,,
10181,10267,10256,(Mirb.) Franco,36512,5821,Pseudotsuga menziesii,0,0,,,,,,,
10181,10267,10256,(Mirb.) Franco,36512,5821,Pseudotsuga menziesii,0,0,,,,,,,
10181,10267,10256,(Raf.) Sarg.,45969,6978,Tsuga heterophylla,0,1,,,,,,,
10181,10267,10256,Nutt.,129765,6695,Taxus brevifolia,0,1,,,,,,,
10181,10267,10256,Torr.,131615,6840,Torreya californica,0,0,,,,,,,
10181,10267,10256,Lindl.,129766,1498,Asarum caudatum,0,1,,,,,,,
10181,10267,10256,Piper,132205,1498,Asarum marmoratum,0,1,,,,,,,
10181,10267,10256,,132206,1498,Asarum sandatum,0,0,,,,,,,
10181,10267,10256,Boott,7774,2026,Carex alligata,0,0,,,,,,,
10181,10267,10256,Boott,131617,2026,Carex amplifolia,1,0,,,,,,,
10181,10267,10256,Wahlenb.,7782,2026,Carex aquatilis,0,1,,,,,,,
10181,10267,10256,Boott,130476,2026,Carex arcta,0,1,,,,,,,
10181,10267,10256,Spreng.,102299,2026,Carex atherodes,0,1,,,,,,,
10181,10267,10256,Olney,128098,2026,Carex athrostachya,1,0,,,,,,,
10181,10267,10256,Dewey,7794,2026,Carex barbarae,0,0,,,,,,,
10181,10267,10256,Olney,127495,2026,Carex bolanderi,1,1,,,,,,,
10181,10267,10256,Thouars,154779,2026,Carex brevicaulis,0,1,,,,,,,
10181,10267,10256,Wahlenb.,7815,2026,Carex buxbaumii,1,1,,,,,,,
10181,10267,10256,Mack.,130730,2026,Carex concinnoides,0,1,,,,,,,
10181,10267,10256,Mack.,129776,2026,Carex cusickii,1,1,,,,,,,
10181,10267,10256,(L.H.Bailey) L.H.Bailey,129773,2026,Carex densa,1,1,,,,,,,
10181,10267,10256,Schwein.,126322,2026,Carex deweyana,0,0,,,,,,,
10181,10267,10256,Mack.,127496,2026,Carex leptopoda,0,1,,,,,,,
10181,10267,10256,(L.H.Bailey) L.H.Bailey,129773,2026,Carex densa,0,1,,,,,,,
10181,10267,10256,Murray,7884,2026,Carex echinata,1,1,,,,,,,
10181,10267,10256,L.H.Bailey,130854,2026,Carex feta,1,1,,,,,,,
10181,10267,10256,Mack.,129778,2026,Carex fracta,0,0,,,,,,,
10181,10267,10256,Fernald,126329,2026,Carex garberi,1,1,,,,,,,
10181,10267,10256,Boott,7917,2026,Carex globosa,0,1,,,,,,,
10181,10267,10256,Mack.,7920,2026,Carex gracilior,0,1,,,,,,,
10181,10267,10256,Olney,132207,2026,Carex gynodynama,1,1,,,,,,,
10181,10267,10256,Mack.,7927,2026,Carex harfordii,1,1,,,,,,,
10181,10267,10256,L.H.Bailey,131762,2026,Carex hendersonii,0,1,,,,,,,
10181,10267,10256,W.Boott,439089,2026,Carex kelloggii,1,1,,,,,,,
10181,10267,10256,L.,7976,2026,Carex leporina,0,1,,,,,,,
10181,10267,10256,Wahlenb.,7977,2026,Carex leptalea,0,1,,,,,,,
10181,10267,10256,Nees,7898,2026,Carex filicina,0,0,,,,,,,
10181,10267,10256,Mack.,127496,2026,Carex leptopoda,0,0,,,,,,,
10181,10267,10256,Hornem.,7992,2026,Carex lyngbyei,1,1,,,,,,,
10181,10267,10256,Olney ex Boott,132208,2026,Carex mendocinensis,0,1,,,,,,,
10181,10267,10256,W.Boott,131763,2026,Carex nudata,1,1,,,,,,,
10181,10267,10256,L.H.Bailey,131821,2026,Carex obnupta,0,1,,,,,,,
10181,10267,10256,(Heenan) K.A.Ford,442964,2026,Carex obtusifolia,0,0,,,,,,,
10181,10267,10256,Gooden.,439097,2026,Carex ovalis,0,1,,,,,,,
10181,10267,10256,Cham. ex Steud.,439098,2026,Carex pachystachya,1,1,,,,,,,
10181,10267,10256,L.H.Bailey,8048,2026,Carex pansa,0,1,,,,,,,
10181,10267,10256,Murray,7884,2026,Carex echinata,0,0,,,,,,,
10181,10267,10256,W.Boott,8072,2026,Carex praegracilis,0,1,,,,,,,
10181,10267,10256,Boott,127501,2026,Carex rossii,0,0,,,,,,,
10181,10267,10256,L.H.Bailey,126006,2026,Carex hassei,0,0,,,,,,,
10181,10267,10256,Mack.,125895,2026,Carex simulata,0,1,,,,,,,
10181,10267,10256,Wahlenb.,7782,2026,Carex aquatilis,0,1,,,,,,,
10181,10267,10256,Muhl. ex Willd.,8130,2026,Carex stipata,0,1,,,,,,,
10181,10267,10256,Muhl. ex Willd.,8130,2026,Carex stipata,0,1,,,,,,,
10181,10267,10256,Mack.,8173,2026,Carex tumulicola,0,0,,,,,,,
10181,10267,10256,Mack.,8173,2026,Carex tumulicola,0,1,,,,,,,
10181,10267,10256,L.H.Bailey,129777,2026,Carex exsiccata,1,1,,,,,,,
10181,10267,10256,Franch. & Sav.,8184,2026,Carex viridula,0,1,,,,,,,
10181,10267,10256,Lam.,12874,2661,Cyperus eragrostis,0,1,,,,,,,
10181,10267,10256,Ruiz & Pav.,444696,2661,Cyperus niger,0,0,,,,,,,
10181,10267,10256,Ruiz & Pav.,444696,2661,Cyperus niger,0,1,,,,,,,
10181,10267,10256,Ruiz & Pav.,444696,2661,Cyperus niger,0,0,,,,,,,
10181,10267,10256,Torr.,439645,2661,Cyperus bipartitus,0,0,,,,,,,
10181,10267,10256,Torr.,439645,2661,Cyperus bipartitus,0,0,,,,,,,
10181,10267,10256,Britton,16149,3070,Eleocharis macrostachya,0,1,,,,,,,
10181,10267,10256,(L.) Roem. & Schult.,16171,3070,Eleocharis palustris,0,0,,,,,,,
10181,10267,10256,"(Roem. & Schult.) Link ex Bluff, Nees & Schauer",16172,3070,Eleocharis parvula,0,1,,,,,,,
10181,10267,10256,Maxim.,132210,3696,Heleocharis acicularis,0,0,,,,,,,
10181,10267,10256,R.Br.,16117,3070,Eleocharis acuta,0,1,,,,,,,
10181,10267,10256,(Pers.) Volkart,40455,6238,Schoenoplectus americanus,0,0,,,,,,,
10181,10267,10256,(Vahl) Roem. & Schult.,23640,3979,Isolepis cernua,0,1,,,,,,,
10181,10267,10256,(L.) Palla,5501,1763,Bolboschoenus maritimus,0,1,,,,,,,
10181,10267,10256,J.Presl & C.Presl,77537,6256,Scirpus microcarpus,0,1,,,,,,,
10181,10267,10256,(Pursh) Soják,5503,1763,Bolboschoenus robustus,0,0,,,,,,,
10181,10267,10256,(L.) R.Br.,23659,3979,Isolepis setacea,0,0,,,,,,,
10181,10267,10256,(C.C.Gmel.) Palla,40461,6238,Schoenoplectus tabernaemontani,0,1,,,,,,,
10181,10267,10256,Guss.,440685,4024,Juncus ambiguus,0,1,,,,,,,
10181,10267,10256,L.,23954,4024,Juncus articulatus,0,0,,,,,,,
10181,10267,10256,Engelm.,131823,4024,Juncus bolanderi,0,1,,,,,,,
10181,10267,10256,L.,23963,4024,Juncus bufonius,0,1,,,,,,,
10181,10267,10256,L.,23963,4024,Juncus bufonius,0,1,,,,,,,
10181,10267,10256,(Maxim.) V.I.Krecz. & Gontsch.,130966,4024,Juncus amuricus,0,1,,,,,,,
10181,10267,10256,Coville,127727,4024,Juncus confusus,0,1,,,,,,,
10181,10267,10256,E.Mey.,125522,4024,Juncus drummondii,0,0,,,,,,,
10181,10267,10256,L.,23981,4024,Juncus effusus,0,0,,,,,,,
10181,10267,10256,L.,23981,4024,Juncus effusus,0,1,,,,,,,
10181,10267,10256,(Piper) Lint,128202,4024,Juncus hesperius,0,0,,,,,,,
10181,10267,10256,(Piper) Lint,128202,4024,Juncus hesperius,0,1,,,,,,,
10181,10267,10256,L.,23981,4024,Juncus effusus,0,0,,,,,,,
10181,10267,10256,L.,23981,4024,Juncus effusus,0,1,,,,,,,
10181,10267,10256,Wikstr.,23983,4024,Juncus ensifolius,0,1,,,,,,,
10181,10267,10256,Bol.,132211,4024,Juncus lesueurii,0,1,,,,,,,
10181,10267,10256,Wiegand,105753,4024,Juncus occidentalis,0,1,,,,,,,
10181,10267,10256,E.Mey.,24019,4024,Juncus patens,0,1,,,,,,,
10181,10267,10256,Engelm.,130480,4024,Juncus supiniformis,0,1,,,,,,,
10181,10267,10256,Willd.,24053,4024,Juncus tenuis,0,1,,,,,,,
10181,10267,10256,Wiegand,105753,4024,Juncus occidentalis,0,0,,,,,,,
10181,10267,10256,Wiegand,105753,4024,Juncus occidentalis,0,1,,,,,,,
10181,10267,10256,E.Mey.,24061,4024,Juncus xiphioides,0,1,,,,,,,
10181,10267,10256,(L.) DC.,26918,4416,Luzula campestris,0,0,,,,,,,
10181,10267,10256,E.Mey.,26923,4416,Luzula comosa,0,1,,,,,,,
10181,10267,10256,(Ehrh.) Lej.,26943,4416,Luzula multiflora,0,0,,,,,,,
10181,10267,10256,E.Mey.,26923,4416,Luzula comosa,0,0,,,,,,,
10181,10267,10256,(Ehrh.) Desv.,26950,4416,Luzula parviflora,0,1,,,,,,,
10181,10267,10256,(Ehrh.) Desv.,26950,4416,Luzula parviflora,0,0,,,,,,,
10181,10267,10256,(S.Watson) Buchenau,132212,4416,Luzula subsessilis,0,1,,,,,,,
10181,10267,10256,(Vasey) Romasch.,444100,17473,Eriocoma lemmonii,0,1,,,,,,,
10181,10267,10256,(L.) Gould,16260,3088,Elymus repens,0,0,,,,,,,
10181,10267,10256,(Pursh) Á.Löve,128667,12082,Pseudoroegneria spicata,0,0,,,,,,,
10181,10267,10256,(Hornem.) J.Feilberg,445979,3088,Elymus violaceus,0,0,,,,,,,
10181,10267,10256,L.,35263,5661,Poa nemoralis,0,0,,,,,,,
10181,10267,10256,L.,1210,1130,Agrostis capillaris,0,0,,,,,,,
10181,10267,10256,Vasey,132213,1130,Agrostis densiflora,0,1,,,,,,,
10181,10267,10256,Trin.,1244,1130,Agrostis pallens,0,0,,,,,,,
10181,10267,10256,Trin.,1219,1130,Agrostis exarata,0,1,,,,,,,
10181,10267,10256,Roth,1221,1130,Agrostis gigantea,0,0,,,,,,,
10181,10267,10256,Vasey,132214,1130,Agrostis hallii,0,1,,,,,,,
10181,10267,10256,Vasey,132214,1130,Agrostis hallii,0,1,,,,,,,
10181,10267,10256,Nash,104812,1130,Agrostis idahoensis,0,1,,,,,,,
10181,10267,10256,Trin.,1219,1130,Agrostis exarata,0,0,,,,,,,
10181,10267,10256,Steud.,132215,1130,Agrostis microphylla,0,1,,,,,,,
10181,10267,10256,Vasey,130858,1130,Agrostis oregonensis,0,1,,,,,,,
10181,10267,10256,Trin.,1244,1130,Agrostis pallens,0,1,,,,,,,
10181,10267,10256,L.,1260,1130,Agrostis stolonifera,0,0,,,,,,,
10181,10267,10256,Roth,1221,1130,Agrostis gigantea,0,0,,,,,,,
10181,10267,10256,L.,1210,1130,Agrostis capillaris,0,0,,,,,,,
10181,10267,10256,L.,1210,1130,Agrostis capillaris,0,1,,,,,,,
10181,10267,10256,L.,1323,1138,Aira caryophyllea,0,0,,,,,,,
10181,10267,10256,L.,1323,1138,Aira caryophyllea,0,0,,,,,,,
10181,10267,10256,L.,1327,1138,Aira praecox,0,0,,,,,,,
10181,10267,10256,L.,1690,1189,Alopecurus geniculatus,0,0,,,,,,,
10181,10267,10256,Sobol.,1687,1189,Alopecurus aequalis,0,1,,,,,,,
10181,10267,10256,L.,1690,1189,Alopecurus geniculatus,0,1,,,,,,,
10181,10267,10256,L.,1694,1189,Alopecurus pratensis,0,0,,,,,,,
10181,10267,10256,Vasey,132216,1189,Alopecurus saccatus,0,1,,,,,,,
10181,10267,10256,(L.) Roth,438364,1909,Calamagrostis arenaria,0,0,,,,,,,
10181,10267,10256,,132217,1240,Ammophila arenoides,0,0,,,,,,,
10181,10267,10256,,132218,1240,Ammophila latifolia,0,0,,,,,,,
10181,10267,10256,Boiss.,2545,1351,Anthoxanthum aristatum,0,0,,,,,,,
10181,10267,10256,Boiss.,2545,1351,Anthoxanthum aristatum,0,0,,,,,,,
10181,10267,10256,Boiss.,2545,1351,Anthoxanthum aristatum,0,0,,,,,,,
10181,10267,10256,L.,2549,1351,Anthoxanthum odoratum,0,0,,,,,,,
10181,10267,10256,(L.) P.Beauv. ex J.Presl & C.Presl,3376,1476,Arrhenatherum elatius,0,0,,,,,,,
10181,10267,10256,(L.) P.Beauv. ex J.Presl & C.Presl,3376,1476,Arrhenatherum elatius,0,0,,,,,,,
10181,10267,10256,(L.) P.Beauv. ex J.Presl & C.Presl,3376,1476,Arrhenatherum elatius,0,0,,,,,,,
10181,10267,10256,Pott ex Link,4384,1581,Avena barbata,0,0,,,,,,,
10181,10267,10256,L.,4386,1581,Avena fatua,0,0,,,,,,,
10181,10267,10256,L.,4387,1581,Avena sativa,0,0,,,,,,,
10181,10267,10256,(L.) P.Beauv.,5749,1809,Brachypodium distachyon,1,0,,,,,,,
10181,10267,10256,L.,5873,1836,Briza maxima,0,0,,,,,,,
10181,10267,10256,L.,5873,1836,Briza maxima,0,0,,,,,,,
10181,10267,10256,L.,5875,1836,Briza minor,0,0,,,,,,,
10181,10267,10256,Hook. & Arn.,5900,1840,Bromus carinatus,0,1,,,,,,,
10181,10267,10256,Nees ex Steud.,5921,1840,Bromus marginatus,0,1,,,,,,,
10181,10267,10256,(Piper) Hitchc.,5922,1840,Bromus maritimus,0,1,,,,,,,
10181,10267,10256,Vahl,5901,1840,Bromus catharticus,0,0,,,,,,,
10181,10267,10256,Roth,5906,1840,Bromus diandrus,0,0,,,,,,,
10181,10267,10256,Huds.,5907,1840,Bromus erectus,0,0,,,,,,,
10181,10267,10256,L.,5911,1840,Bromus hordeaceus,0,0,,,,,,,
10181,10267,10256,L.,5911,1840,Bromus hordeaceus,0,0,,,,,,,
10181,10267,10256,Leyss.,5912,1840,Bromus inermis,0,0,,,,,,,
10181,10267,10256,Leyss.,5912,1840,Bromus inermis,0,0,,,,,,,
10181,10267,10256,Leyss.,5912,1840,Bromus inermis,0,0,,,,,,,
10181,10267,10256,Nees ex Steud.,5921,1840,Bromus marginatus,0,0,,,,,,,
10181,10267,10256,Nees ex Steud.,5921,1840,Bromus marginatus,0,0,,,,,,,
10181,10267,10256,(Piper) Hitchc.,5922,1840,Bromus maritimus,0,1,,,,,,,
10181,10267,10256,L.,5911,1840,Bromus hordeaceus,0,0,,,,,,,
10181,10267,10256,Vasey,127479,1840,Bromus orcuttianus,0,0,,,,,,,
10181,10267,10256,Vasey,127479,1840,Bromus orcuttianus,0,0,,,,,,,
10181,10267,10256,Roth,5928,1840,Bromus rigidus,0,0,,,,,,,
10181,10267,10256,Steud.,5902,1840,Bromus cebadilla,0,0,,,,,,,
10181,10267,10256,L.,5935,1840,Bromus sterilis,0,0,,,,,,,
10181,10267,10256,L.,5936,1840,Bromus tectorum,0,0,,,,,,,
10181,10267,10256,Vahl,5901,1840,Bromus catharticus,0,0,,,,,,,
10181,10267,10256,(Hook.) Shear,129808,1840,Bromus vulgaris,0,0,,,,,,,
10181,10267,10256,Vahl,5901,1840,Bromus catharticus,0,0,,,,,,,
10181,10267,10256,Thurb.,132219,1909,Calamagrostis bolanderi,0,1,,,,,,,
10181,10267,10256,A.Gray,6587,1909,Calamagrostis inexpansa,0,1,,,,,,,
10181,10267,10256,Kearney,132220,1909,Calamagrostis foliosa,0,1,,,,,,,
10181,10267,10256,(J.Presl) Steud.,6593,1909,Calamagrostis nutkaensis,0,0,,,,,,,
10181,10267,10256,(J.Presl) Steud.,6593,1909,Calamagrostis nutkaensis,0,1,,,,,,,
10181,10267,10256,Buckley,6599,1909,Calamagrostis rubescens,0,0,,,,,,,
10181,10267,10256,(Phil.) Pilg.,56226,2496,Cortaderia atacamensis,0,0,,,,,,,
10181,10267,10256,(Schult. & Schult.f.) Asch. & Graebn.,11169,2496,Cortaderia selloana,0,0,,,,,,,
10181,10267,10256,(Lemoine) Stapf,11165,2496,Cortaderia jubata,0,0,,,,,,,
10181,10267,10256,(Schult. & Schult.f.) Asch. & Graebn.,11169,2496,Cortaderia selloana,0,0,,,,,,,
10181,10267,10256,(L.) Lam.,11932,2573,Crypsis schoenoides,0,0,,,,,,,
10181,10267,10256,L.,12822,2660,Cynosurus cristatus,0,0,,,,,,,
10181,10267,10256,L.,12822,2660,Cynosurus cristatus,0,0,,,,,,,
10181,10267,10256,L.,12823,2660,Cynosurus echinatus,0,0,,,,,,,
10181,10267,10256,L.,13225,2699,Dactylis glomerata,0,0,,,,,,,
10181,10267,10256,L.,13225,2699,Dactylis glomerata,0,0,,,,,,,
10181,10267,10256,Bol.,111809,2717,Danthonia californica,0,0,,,,,,,
10181,10267,10256,Bol.,111809,2717,Danthonia californica,0,1,,,,,,,
10181,10267,10256,(R.Br.) Connor & Edgar,39453,6087,Rytidosperma pilosum,0,0,,,,,,,
10181,10267,10256,(Thurb.) Munro ex Macoun,129809,2717,Danthonia unispicata,0,1,,,,,,,
10181,10267,10256,(L.) P.Beauv.,13955,2791,Deschampsia cespitosa,0,1,,,,,,,
10181,10267,10256,(L.) P.Beauv.,13955,2791,Deschampsia cespitosa,0,0,,,,,,,
10181,10267,10256,(L.) P.Beauv.,13955,2791,Deschampsia cespitosa,0,1,,,,,,,
10181,10267,10256,(L.) P.Beauv.,13955,2791,Deschampsia cespitosa,0,0,,,,,,,
10181,10267,10256,(L.) P.Beauv.,13955,2791,Deschampsia cespitosa,0,1,,,,,,,
10181,10267,10256,(L.) P.Beauv.,13955,2791,Deschampsia cespitosa,0,0,,,,,,,
10181,10267,10256,(Trin.) Benth.,56233,2791,Deschampsia danthonioides,0,0,,,,,,,
10181,10267,10256,(Trin.) Benth.,56233,2791,Deschampsia danthonioides,0,1,,,,,,,
10181,10267,10256,(Hook.) Munro,104927,2791,Deschampsia elongata,0,1,,,,,,,
10181,10267,10256,(L.) P.Beauv.,13955,2791,Deschampsia cespitosa,0,0,,,,,,,
10181,10267,10256,(Sw.) Gould & C.A.Clark,14155,2815,Dichanthelium acuminatum,0,0,,,,,,,
10181,10267,10256,(L.) Greene,14839,2923,Distichlis spicata,0,1,,,,,,,
10181,10267,10256,(L.) Greene,14839,2923,Distichlis spicata,0,0,,,,,,,
10181,10267,10256,(Bol. ex Thurb.) Gould,450924,3088,Elymus californicus,0,0,,,,,,,
10181,10267,10256,Roxb.,8693,2103,Cenchrus biflorus,0,0,,,,,,,
10181,10267,10256,Buckley,16249,3088,Elymus glaucus,0,1,,,,,,,
10181,10267,10256,Buckley,16249,3088,Elymus glaucus,0,0,,,,,,,
10181,10267,10256,Buckley,16249,3088,Elymus glaucus,0,0,,,,,,,
10181,10267,10256,Buckley,16249,3088,Elymus glaucus,0,1,,,,,,,
10181,10267,10256,(Trin.) Pilg.,25661,4297,Leymus mollis,0,0,,,,,,,
10181,10267,10256,(J.G.Sm.) Burtt Davy,128136,3088,Elymus multisetus,0,1,,,,,,,
10181,10267,10256,(Hornem.) J.Feilberg,445979,3088,Elymus violaceus,0,1,,,,,,,
10181,10267,10256,(Hornem.) J.Feilberg,445979,3088,Elymus violaceus,0,1,,,,,,,
10181,10267,10256,(Macoun ex Vasey) Pilg.,132222,4297,Leymus × vancouverensis,0,0,,,,,,,
10181,10267,10256,Lilj.,18353,3315,Festuca arundinacea,0,0,,,,,,,
10181,10267,10256,L.,440142,3315,Festuca bromoides,0,0,,,,,,,
10181,10267,10256,Vasey,132000,3315,Festuca californica,0,0,,,,,,,
10181,10267,10256,Vasey,132000,3315,Festuca californica,0,1,,,,,,,
10181,10267,10256,Vasey,132000,3315,Festuca californica,0,1,,,,,,,
10181,10267,10256,L.,440142,3315,Festuca bromoides,0,0,,,,,,,
10181,10267,10256,(Schreb.) Darbysh.,403301,4364,Lolium arundinaceum,0,0,,,,,,,
10181,10267,10256,Scribn. & Merr.,132223,3315,Festuca elmeri,0,1,,,,,,,
10181,10267,10256,Scribn. & Merr.,132223,3315,Festuca elmeri,0,1,,,,,,,
10181,10267,10256,Elmer,127644,3315,Festuca idahoensis,0,1,,,,,,,
10181,10267,10256,L.,440144,3315,Festuca myuros,0,0,,,,,,,
10181,10267,10256,Nutt.,443125,3315,Festuca microstachys,0,0,,,,,,,
10181,10267,10256,L.,440144,3315,Festuca myuros,0,0,,,,,,,
10181,10267,10256,Hook.,129811,3315,Festuca occidentalis,0,1,,,,,,,
10181,10267,10256,L.,18395,3315,Festuca ovina,0,0,,,,,,,
10181,10267,10256,L.,18395,3315,Festuca ovina,0,0,,,,,,,
10181,10267,10256,Huds.,18400,3315,Festuca pratensis,0,0,,,,,,,
10181,10267,10256,L.,18402,3315,Festuca rubra,0,0,,,,,,,
10181,10267,10256,L.,18402,3315,Festuca rubra,0,0,,,,,,,
10181,10267,10256,L.,18402,3315,Festuca rubra,0,1,,,,,,,
10181,10267,10256,L.,18402,3315,Festuca rubra,0,0,,,,,,,
10181,10267,10256,Scribn.,131876,3315,Festuca subuliflora,0,0,,,,,,,
10181,10267,10256,Trin.,129812,3315,Festuca subulata,0,1,,,,,,,
10181,10267,10256,Scribn.,131876,3315,Festuca subuliflora,0,1,,,,,,,
10181,10267,10256,Vasey,129813,3315,Festuca viridula,1,1,,,,,,,
10181,10267,10256,(Gouan) Schinz & Thell.,19369,3418,Gastridium ventricosum,0,0,,,,,,,
10181,10267,10256,(Gouan) Schinz & Thell.,19369,3418,Gastridium ventricosum,0,0,,,,,,,
10181,10267,10256,(Nash) M.E.Jones,129118,3506,Glyceria elata,0,1,,,,,,,
10181,10267,10256,(L.) R.Br.,19951,3506,Glyceria fluitans,0,0,,,,,,,
10181,10267,10256,(Piper) J.C.Nelson,132224,3506,Glyceria occidentalis,0,1,,,,,,,
10181,10267,10256,(Lam.) Hitchc.,19960,3506,Glyceria striata,0,1,,,,,,,
10181,10267,10256,(L.) P.M.Peterson,391061,6495,Sporobolus schoenoides,0,0,,,,,,,
10181,10267,10256,(Buckley) Veldkamp,450911,1351,Anthoxanthum occidentale,0,1,,,,,,,
10181,10267,10256,,132225,3792,Hilaria capitata,0,0,,,,,,,
10181,10267,10256,L.,22234,3822,Holcus lanatus,0,0,,,,,,,
10181,10267,10256,Nevski,22319,3839,Hordeum brachyantherum,0,1,,,,,,,
10181,10267,10256,All.,440569,3839,Hordeum geniculatum,0,0,,,,,,,
10181,10267,10256,L.,22329,3839,Hordeum murinum,0,0,,,,,,,
10181,10267,10256,L.,126523,3088,Elymus hystrix,0,0,,,,,,,
10181,10267,10256,L.,22326,3839,Hordeum jubatum,0,1,,,,,,,
10181,10267,10256,L.,22329,3839,Hordeum murinum,0,0,,,,,,,
10181,10267,10256,Huds.,22327,3839,Hordeum marinum,0,0,,,,,,,
10181,10267,10256,L.,22329,3839,Hordeum murinum,0,0,,,,,,,
10181,10267,10256,L.,22329,3839,Hordeum murinum,0,0,,,,,,,
10181,10267,10256,L.,22334,3839,Hordeum vulgare,0,0,,,,,,,
10181,10267,10256,(L.) Tzvelev,38744,6052,Rostraria cristata,0,1,,,,,,,
10181,10267,10256,(Ledeb.) Schult.,24402,4074,Koeleria macrantha,0,1,,,,,,,
10181,10267,10256,(Trin.) Pilg.,25661,4297,Leymus mollis,0,0,,,,,,,
10181,10267,10256,(Trin.) Pilg.,25661,4297,Leymus mollis,0,1,,,,,,,
10181,10267,10256,Lam.,26584,4364,Lolium multiflorum,0,0,,,,,,,
10181,10267,10256,L.,26585,4364,Lolium perenne,0,0,,,,,,,
10181,10267,10256,L.,26585,4364,Lolium perenne,0,0,,,,,,,
10181,10267,10256,Lam.,26584,4364,Lolium multiflorum,0,0,,,,,,,
10181,10267,10256,L.,26585,4364,Lolium perenne,0,0,,,,,,,
10181,10267,10256,L.,26585,4364,Lolium perenne,0,0,,,,,,,
10181,10267,10256,,132226,4364,Lolium tementulum,0,0,,,,,,,
10181,10267,10256,L.,26590,4364,Lolium temulentum,0,0,,,,,,,
10181,10267,10256,(A.Gray) Benth. ex Vasey,129819,5645,Pleuropogon refractus,0,1,,,,,,,
10181,10267,10256,Thurb. ex Bol.,129816,4619,Melica aristata,0,1,,,,,,,
10181,10267,10256,Munro ex Bol.,131710,4619,Melica geyeri,0,1,,,,,,,
10181,10267,10256,Munro ex Bol.,131710,4619,Melica geyeri,0,1,,,,,,,
10181,10267,10256,Bol.,129817,4619,Melica harfordii,0,1,,,,,,,
10181,10267,10256,(Griseb.) Scribn.,129818,4619,Melica subulata,0,1,,,,,,,
10181,10267,10256,(Griseb.) Scribn.,129818,4619,Melica subulata,0,0,,,,,,,
10181,10267,10256,(Thurb.) Rydb.,125930,4817,Muhlenbergia filiformis,0,1,,,,,,,
10181,10267,10256,Sw.,31860,5253,Panicum acuminatum,0,1,,,,,,,
10181,10267,10256,(Scribn.) Kerguélen,439794,2815,Dichanthelium implicatum,0,1,,,,,,,
10181,10267,10256,Poir.,32228,5315,Paspalum dilatatum,0,0,,,,,,,
10181,10267,10256,Poir.,32228,5315,Paspalum dilatatum,0,0,,,,,,,
10181,10267,10256,L.,32232,5315,Paspalum distichum,0,1,,,,,,,
10181,10267,10256,L.,33107,5441,Phalaris aquatica,0,0,,,,,,,
10181,10267,10256,L.,33108,5441,Phalaris arundinacea,0,1,,,,,,,
10181,10267,10256,L.,33108,5441,Phalaris arundinacea,0,0,,,,,,,
10181,10267,10256,Hook. & Arn.,132227,5441,Phalaris californica,0,1,,,,,,,
10181,10267,10256,L.,33110,5441,Phalaris canariensis,0,0,,,,,,,
10181,10267,10256,Retz.,33115,5441,Phalaris minor,0,0,,,,,,,
10181,10267,10256,L.,33116,5441,Phalaris paradoxa,0,0,,,,,,,
10181,10267,10256,L.,33107,5441,Phalaris aquatica,0,0,,,,,,,
10181,10267,10256,L.,33107,5441,Phalaris aquatica,0,0,,,,,,,
10181,10267,10256,L.,33259,5473,Phleum pratense,0,0,,,,,,,
10181,10267,10256,(Cav.) Trin. ex Steud.,33352,5488,Phragmites australis,0,1,,,,,,,
10181,10267,10256,(A.Gray) Benth. ex Vasey,129819,5645,Pleuropogon refractus,0,1,,,,,,,
10181,10267,10256,L.,35203,5661,Poa annua,0,0,,,,,,,
10181,10267,10256,Vasey & Scribn.,35242,5661,Poa howellii,0,0,,,,,,,
10181,10267,10256,J.Presl,441917,5661,Poa secunda,0,0,,,,,,,
10181,10267,10256,L.,35222,5661,Poa compressa,0,0,,,,,,,
10181,10267,10256,Vasey,131877,5661,Poa confinis,0,1,,,,,,,
10181,10267,10256,Nees,35228,5661,Poa douglasii,0,1,,,,,,,
10181,10267,10256,Vasey,132228,5661,Poa macrantha,0,0,,,,,,,
10181,10267,10256,Vasey & Scribn.,35242,5661,Poa howellii,0,1,,,,,,,
10181,10267,10256,Vasey,132229,5661,Poa kelloggii,0,1,,,,,,,
10181,10267,10256,Trin.,77471,5661,Poa leptocoma,0,0,,,,,,,
10181,10267,10256,L.,35266,5661,Poa palustris,0,0,,,,,,,
10181,10267,10256,Hitchc.,132230,5661,Poa rhizomata,0,1,,,,,,,
10181,10267,10256,L.,35272,5661,Poa pratensis,0,0,,,,,,,
10181,10267,10256,L.,35272,5661,Poa pratensis,0,0,,,,,,,
10181,10267,10256,J.Presl,441917,5661,Poa secunda,0,0,,,,,,,
10181,10267,10256,J.Presl,441917,5661,Poa secunda,0,1,,,,,,,
10181,10267,10256,L.,35303,5661,Poa trivialis,0,0,,,,,,,
10181,10267,10256,L.,35303,5661,Poa trivialis,0,0,,,,,,,
10181,10267,10256,Scribn. ex Vasey,132231,5661,Poa unilateralis,0,0,,,,,,,
10181,10267,10256,Brongn.,35638,5706,Polypogon australis,0,0,,,,,,,
10181,10267,10256,Willd.,35643,5706,Polypogon maritimus,0,0,,,,,,,
10181,10267,10256,(L.) Desf.,35645,5706,Polypogon monspeliensis,0,0,,,,,,,
10181,10267,10256,(Pursh) Á.Löve,128667,12082,Pseudoroegneria spicata,0,1,,,,,,,
10181,10267,10256,(Pursh) Á.Löve,128667,12082,Pseudoroegneria spicata,0,1,,,,,,,
10181,10267,10256,(J.Presl) Fernald & Weath.,37258,5874,Puccinellia nutkaensis,0,0,,,,,,,
10181,10267,10256,(J.Presl) Fernald & Weath.,37258,5874,Puccinellia nutkaensis,0,1,,,,,,,
10181,10267,10256,(Torr.) Church,45340,6841,Torreyochloa pallida,0,0,,,,,,,
10181,10267,10256,Scribn.,129825,3088,Elymus × hansenii,0,0,,,,,,,
10181,10267,10256,(Michx.) Scribn.,42500,6476,Sphenopholis obtusata,0,0,,,,,,,
10181,10267,10256,(L.) Nevski,43797,6660,Taeniatherum caput-medusae,0,0,,,,,,,
10181,10267,10256,(L.) Nevski,43797,6660,Taeniatherum caput-medusae,0,0,,,,,,,
10181,10267,10256,(Torr.) Church,45340,6841,Torreyochloa pallida,0,1,,,,,,,
10181,10267,10256,(Torr.) Church,45340,6841,Torreyochloa pallida,0,1,,,,,,,
10181,10267,10256,(Buckley) Röser & Tkach,450678,12163,Graphephorum canescens,0,1,,,,,,,
10181,10267,10256,(Trin.) Röser & Tkach,448526,12163,Graphephorum cernuum,0,1,,,,,,,
10181,10267,10256,(Buckley) Röser & Tkach,450678,12163,Graphephorum canescens,0,0,,,,,,,
10181,10267,10256,L.,45911,6964,Triticum aestivum,0,0,,,,,,,
10181,10267,10256,L.,440142,3315,Festuca bromoides,0,0,,,,,,,
10181,10267,10256,L.,440142,3315,Festuca bromoides,0,0,,,,,,,
10181,10267,10256,L.,440142,3315,Festuca bromoides,0,0,,,,,,,
10181,10267,10256,L.,440144,3315,Festuca myuros,0,0,,,,,,,
10181,10267,10256,Nutt.,443125,3315,Festuca microstachys,0,0,,,,,,,
10181,10267,10256,L.,440144,3315,Festuca myuros,0,0,,,,,,,
10181,10267,10256,L.,440144,3315,Festuca myuros,0,0,,,,,,,
10181,10267,10256,L.,440144,3315,Festuca myuros,0,0,,,,,,,
10181,10267,10256,Michx.,42269,6448,Sparganium angustifolium,0,1,,,,,,,
10181,10267,10256,Rehmann,42270,6448,Sparganium emersum,0,1,,,,,,,
10181,10267,10256,Rehmann,42270,6448,Sparganium emersum,0,0,,,,,,,
10181,10267,10256,Engelm.,126970,6448,Sparganium eurycarpum,0,1,,,,,,,
10181,10267,10256,Rehmann,42270,6448,Sparganium emersum,0,1,,,,,,,
10181,10267,10256,L.,46056,6997,Typha latifolia,0,1,,,,,,,
10181,10267,10256,L.,3985,1517,Asplenium trichomanes,0,1,,,,,,,
10181,10267,10256,(L.) Roth,5311,1730,Blechnum spicant,0,1,,,,,,,
10181,10267,10256,,132232,1730,Blechnum spicatum,0,0,,,,,,,
10181,10267,10256,(L.) Roth,5311,1730,Blechnum spicant,0,0,,,,,,,
10181,10267,10256,Sm.,47372,7147,Woodwardia fimbriata,0,1,,,,,,,
10181,10267,10256,(L.) Kuhn,36950,5848,Pteridium aquilinum,0,1,,,,,,,
10181,10267,10256,(Underw.) Christenh.,442102,5848,Pteridium pubescens,0,0,,,,,,,
10181,10267,10256,(Underw.) Christenh.,442102,5848,Pteridium pubescens,0,1,,,,,,,
10181,10267,10256,(L.) Kuhn,36950,5848,Pteridium aquilinum,0,0,,,,,,,
10181,10267,10256,(Kaulf.) Watt,15204,2990,Dryopteris arguta,0,1,,,,,,,
10181,10267,10256,(Hoffm.) A.Gray,15231,2990,Dryopteris dilatata,0,0,,,,,,,
10181,10267,10256,(C.Presl) Fraser-Jenk. & Jermy,15237,2990,Dryopteris expansa,0,1,,,,,,,
10181,10267,10256,(Vill.) H.P.Fuchs,15211,2990,Dryopteris carthusiana,0,0,,,,,,,
10181,10267,10256,(D.C.Eaton) D.H.Wagner,129829,5712,Polystichum imbricans,0,1,,,,,,,
10181,10267,10256,(L.) Roth,35780,5712,Polystichum lonchitis,0,0,,,,,,,
10181,10267,10256,(Kaulf.) C.Presl,35793,5712,Polystichum munitum,0,0,,,,,,,
10181,10267,10256,(Kaulf.) C.Presl,35793,5712,Polystichum munitum,0,1,,,,,,,
10181,10267,10256,Kaulf.,35605,5705,Polypodium californicum,0,1,,,,,,,
10181,10267,10256,D.C.Eaton,130622,5705,Polypodium glycyrrhiza,0,0,,,,,,,
10181,10267,10256,D.C.Eaton,130622,5705,Polypodium glycyrrhiza,0,1,,,,,,,
10181,10267,10256,Hook. & Grev.,35626,5705,Polypodium scouleri,0,1,,,,,,,
10181,10267,10256,(Rupr.) C.A.Paris,786,1069,Adiantum aleuticum,0,1,,,,,,,
10181,10267,10256,L.,791,1069,Adiantum capillus-veneris,0,1,,,,,,,
10181,10267,10256,Müll.Hal.,813,1069,Adiantum jordanii,0,0,,,,,,,
10181,10267,10256,Müll.Hal.,813,1069,Adiantum jordanii,0,1,,,,,,,
10181,10267,10256,L.,828,1069,Adiantum pedatum,0,1,,,,,,,
10181,10267,10256,(Rupr.) C.A.Paris,786,1069,Adiantum aleuticum,0,0,,,,,,,
10181,10267,10256,(Brack.) Christenh.,450679,3727,Hemionitis densa,0,1,,,,,,,
10181,10267,10256,(D.C.Eaton) Christenh.,450680,3727,Hemionitis gracillima,0,1,,,,,,,
10181,10267,10256,(Brack.) Christenh.,450679,3727,Hemionitis densa,0,0,,,,,,,
10181,10267,10256,(Kaulf.) Christenh.,441675,3727,Hemionitis triangularis,0,1,,,,,,,
10181,10267,10256,(Kaulf.) Christenh.,441675,3727,Hemionitis triangularis,0,1,,,,,,,
10181,10267,10256,,132233,5850,Pteris aquifolia,0,0,,,,,,,
10181,10267,10256,(L.) Roth,4197,1554,Athyrium filix-femina,0,0,,,,,,,
10181,10267,10256,(L.) Roth,4197,1554,Athyrium filix-femina,0,0,,,,,,,
10181,10267,10256,(L.) Roth,4197,1554,Athyrium filix-femina,0,0,,,,,,,
10181,10267,10256,(L.) Roth,4197,1554,Athyrium filix-femina,0,1,,,,,,,
10181,10267,10256,(L.) Roth,4197,1554,Athyrium filix-femina,0,0,,,,,,,
10181,10267,10256,(Rupr.) Maxon,345420,1554,Athyrium cyclosorum,0,0,,,,,,,
10181,10267,10256,(L.) Roth,4197,1554,Athyrium filix-femina,0,0,,,,,,,
10181,10267,10256,(L.) Roth,4197,1554,Athyrium filix-femina,0,0,,,,,,,
10181,10267,10256,(L.) Bernh.,13181,2688,Cystopteris fragilis,0,1,,,,,,,
10181,10267,10256,Fukuda & H.Baker,450880,12164,Achlys californica,0,1,,,,,,,
10181,10267,10256,DC.,129835,12164,Achlys triphylla,0,1,,,,,,,
10181,10267,10256,DC.,129835,12164,Achlys triphylla,0,1,,,,,,,
10181,10267,10256,DC.,129835,12164,Achlys triphylla,0,0,,,,,,,
10181,10267,10256,Pursh,5003,1686,Berberis aquifolium,0,1,,,,,,,
10181,10267,10256,Hook.,5006,1686,Berberis darwinii,0,0,,,,,,,
10181,10267,10256,Pursh,129836,1686,Berberis nervosa,0,1,,,,,,,
10181,10267,10256,Lag.,5016,1686,Berberis pinnata,0,1,,,,,,,
10181,10267,10256,Greene,132234,1686,Berberis pumila,0,0,,,,,,,
10181,10267,10256,Lindl.,125770,1686,Berberis repens,0,1,,,,,,,
10181,10267,10256,Pursh,5003,1686,Berberis aquifolium,0,1,,,,,,,
10181,10267,10256,Pursh,129836,1686,Berberis nervosa,0,0,,,,,,,
10181,10267,10256,Greene,132234,1686,Berberis pumila,0,0,,,,,,,
10181,10267,10256,Greene,132235,12165,Vancouveria chrysantha,0,1,,,,,,,
10181,10267,10256,C.Morren & Decne.,129838,12165,Vancouveria hexandra,0,1,,,,,,,
10181,10267,10256,Calloni,132236,12165,Vancouveria planipetala,0,1,,,,,,,
10181,10267,10256,Kellogg,13768,2774,Dendromecon harfordii,0,0,,,,,,,
10181,10267,10256,(Andrews) Walp.,14143,2811,Dicentra formosa,0,1,,,,,,,
10181,10267,10256,(Andrews) Walp.,14143,2811,Dicentra formosa,0,0,,,,,,,
10181,10267,10256,(Andrews) Walp.,14143,2811,Dicentra formosa,0,0,,,,,,,
10181,10267,10256,(Andrews) Walp.,14143,2811,Dicentra formosa,0,1,,,,,,,
10181,10267,10256,Cham.,17170,3204,Eschscholzia californica,0,1,,,,,,,
10181,10267,10256,Cham.,17170,3204,Eschscholzia californica,0,1,,,,,,,
10181,10267,10256,Benth.,34983,5617,Platystemon californicus,0,1,,,,,,,
10181,10267,10256,(Aiton) Willd.,660,1026,Actaea rubra,0,1,,,,,,,
10181,10267,10256,(Aiton) Willd.,660,1026,Actaea rubra,0,0,,,,,,,
10181,10267,10256,(Aiton) Willd.,660,1026,Actaea rubra,0,0,,,,,,,
10181,10267,10256,(Douglas) Mosyakin,450682,19977,Anemonastrum deltoideum,0,1,,,,,,,
10181,10267,10256,(A.Gray) Holub,450685,15034,Anemonoides oregana,0,1,,,,,,,
10181,10267,10256,(A.Gray) Holub,450685,15034,Anemonoides oregana,0,1,,,,,,,
10181,10267,10256,(A.Gray) Holub,450685,15034,Anemonoides oregana,0,0,,,,,,,
10181,10267,10256,(A.Gray) Holub,450685,15034,Anemonoides oregana,0,0,,,,,,,
10181,10267,10256,(A.Gray) Holub,450685,15034,Anemonoides oregana,0,0,,,,,,,
10181,10267,10256,Fisch. ex DC.,128457,1407,Aquilegia formosa,0,1,,,,,,,
10181,10267,10256,Fisch. ex DC.,128457,1407,Aquilegia formosa,0,1,,,,,,,
10181,10267,10256,DC.,450686,1955,Caltha biflora,0,0,,,,,,,
10181,10267,10256,DC.,450686,1955,Caltha biflora,0,1,,,,,,,
10181,10267,10256,Nutt.,9946,2330,Clematis ligusticifolia,0,1,,,,,,,
10181,10267,10256,A.Gray,131880,2463,Coptis laciniata,0,0,,,,,,,
10181,10267,10256,Eastw.,132237,2762,Delphinium antoninum,0,1,,,,,,,
10181,10267,10256,Fisch. & C.A.Mey.,132238,2762,Delphinium decorum,0,1,,,,,,,
10181,10267,10256,Fisch. & C.A.Mey.,132238,2762,Delphinium decorum,0,1,,,,,,,
10181,10267,10256,Fisch. & C.A.Mey.,132238,2762,Delphinium decorum,0,0,,,,,,,
10181,10267,10256,Torr. & A.Gray,132010,2762,Delphinium nudicaule,0,1,,,,,,,
10181,10267,10256,A.Gray,132239,2762,Delphinium trolliifolium,0,1,,,,,,,
10181,10267,10256,(A.Gray) J.R.Drumm. & Hutch.,155481,11949,Enemion stipitatum,0,1,,,,,,,
10181,10267,10256,L.,37668,5927,Ranunculus acris,0,0,,,,,,,
10181,10267,10256,Benth.,37684,5927,Ranunculus californicus,0,0,,,,,,,
10181,10267,10256,Benth.,37684,5927,Ranunculus californicus,0,1,,,,,,,
10181,10267,10256,L.,37713,5927,Ranunculus flammula,0,1,,,,,,,
10181,10267,10256,L.,37765,5927,Ranunculus muricatus,0,0,,,,,,,
10181,10267,10256,Nutt.,37773,5927,Ranunculus occidentalis,0,1,,,,,,,
10181,10267,10256,Nutt.,37773,5927,Ranunculus occidentalis,0,1,,,,,,,
10181,10267,10256,Hook.,130746,5927,Ranunculus orthorhynchus,0,1,,,,,,,
10181,10267,10256,L.,37802,5927,Ranunculus repens,0,0,,,,,,,
10181,10267,10256,L.,37802,5927,Ranunculus repens,0,0,,,,,,,
10181,10267,10256,D.Don ex G.Don,128301,5927,Ranunculus uncinatus,0,1,,,,,,,
10181,10267,10256,D.Don ex G.Don,128301,5927,Ranunculus uncinatus,0,1,,,,,,,
10181,10267,10256,(Torr.) S.Watson,132012,6753,Thalictrum polycarpum,0,0,,,,,,,
10181,10267,10256,L.,7605,2000,Cannabis sativa,0,0,,,,,,,
10181,10267,10256,(Hook.) Nutt.,8565,2092,Ceanothus cuneatus,0,1,,,,,,,
10181,10267,10256,(Trel.) McMinn,132241,2092,Ceanothus griseus,0,0,,,,,,,
10181,10267,10256,Hook. & Arn.,127140,2092,Ceanothus integerrimus,0,1,,,,,,,
10181,10267,10256,Greene,450925,2092,Ceanothus pumilus,0,1,,,,,,,
10181,10267,10256,Eschw.,132242,2092,Ceanothus thyrsiflorus,0,0,,,,,,,
10181,10267,10256,Eschw.,132242,2092,Ceanothus thyrsiflorus,0,1,,,,,,,
10181,10267,10256,Douglas ex Hook.,129125,2092,Ceanothus velutinus,0,0,,,,,,,
10181,10267,10256,Douglas ex Hook.,129125,2092,Ceanothus velutinus,0,0,,,,,,,
10181,10267,10256,Douglas ex Hook.,129125,2092,Ceanothus velutinus,0,1,,,,,,,
10181,10267,10256,(Eschsch.) A.Gray,18825,3365,Frangula californica,0,1,,,,,,,
10181,10267,10256,(Eschsch.) A.Gray,18825,3365,Frangula californica,0,1,,,,,,,
10181,10267,10256,(Eschsch.) A.Gray,18825,3365,Frangula californica,0,1,,,,,,,
10181,10267,10256,(Eschsch.) A.Gray,18825,3365,Frangula californica,0,0,,,,,,,
10181,10267,10256,(DC.) A.Gray ex J.G.Cooper,18829,3365,Frangula purshiana,0,1,,,,,,,
10181,10267,10256,(DC.) A.Gray ex J.G.Cooper,18829,3365,Frangula purshiana,0,0,,,,,,,
10181,10267,10256,(L.) Scop.,438258,1153,Alchemilla arvensis,0,0,,,,,,,
10181,10267,10256,(L.) Scop.,438258,1153,Alchemilla arvensis,0,0,,,,,,,
10181,10267,10256,(Nutt.) Nutt. ex M.Roem.,125553,1227,Amelanchier alnifolia,0,1,,,,,,,
10181,10267,10256,(Nutt.) Nutt. ex M.Roem.,125553,1227,Amelanchier alnifolia,0,0,,,,,,,
10181,10267,10256,(Nutt.) Nutt. ex M.Roem.,125553,1227,Amelanchier alnifolia,0,0,,,,,,,
10181,10267,10256,(Nutt.) Nutt. ex M.Roem.,125553,1227,Amelanchier alnifolia,0,0,,,,,,,
10181,10267,10256,Greene,129849,1227,Amelanchier pallida,0,1,,,,,,,
10181,10267,10256,Koehne,125580,1227,Amelanchier utahensis,0,1,,,,,,,
10181,10267,10256,(L.) Scop.,438258,1153,Alchemilla arvensis,0,0,,,,,,,
10181,10267,10256,(Walter) Fernald,3543,1492,Aruncus dioicus,0,1,,,,,,,
10181,10267,10256,Nutt.,439193,2149,Cercocarpus betuloides,0,1,,,,,,,
10181,10267,10256,Bois,11330,2518,Cotoneaster franchetii,0,0,,,,,,,
10181,10267,10256,Bois,11330,2518,Cotoneaster franchetii,0,0,,,,,,,
10181,10267,10256,Wall. ex Lindl.,11353,2518,Cotoneaster microphyllus,0,0,,,,,,,
10181,10267,10256,Franch.,11365,2518,Cotoneaster pannosus,0,0,,,,,,,
10181,10267,10256,Franch.,11365,2518,Cotoneaster pannosus,0,0,,,,,,,
10181,10267,10256,Lindl.,130750,2538,Crataegus douglasii,0,0,,,,,,,
10181,10267,10256,Jacq.,11502,2538,Crataegus monogyna,0,0,,,,,,,
10181,10267,10256,L.,18819,3363,Fragaria vesca,0,0,,,,,,,
10181,10267,10256,(L.) Mill.,18812,3363,Fragaria chiloensis,0,0,,,,,,,
10181,10267,10256,(L.) Mill.,18812,3363,Fragaria chiloensis,0,1,,,,,,,
10181,10267,10256,L.,18819,3363,Fragaria vesca,0,0,,,,,,,
10181,10267,10256,L.,18819,3363,Fragaria vesca,0,1,,,,,,,
10181,10267,10256,L.,18819,3363,Fragaria vesca,0,1,,,,,,,
10181,10267,10256,L.,18819,3363,Fragaria vesca,0,0,,,,,,,
10181,10267,10256,Willd.,19764,3464,Geum macrophyllum,0,1,,,,,,,
10181,10267,10256,(Pursh) Maxim.,22238,3824,Holodiscus discolor,0,1,,,,,,,
10181,10267,10256,(S.Watson) Greene,348758,5739,Potentilla sericata,0,1,,,,,,,
10181,10267,10256,(Raf.) C.K.Schneid.,130626,4508,Malus fusca,0,1,,,,,,,
10181,10267,10256,(L.) Mill.,27614,4508,Malus sylvestris,0,0,,,,,,,
10181,10267,10256,(Torr. & A.Gray ex Hook. & Arn.) J.W.Landon,30671,5073,Oemleria cerasiformis,0,1,,,,,,,
10181,10267,10256,(Torr. & A.Gray ex Hook. & Arn.) J.W.Landon,30671,5073,Oemleria cerasiformis,0,0,,,,,,,
10181,10267,10256,(Pursh) Kuntze,131494,5518,Physocarpus capitatus,0,1,,,,,,,
10181,10267,10256,(L.) Rydb.,438507,1449,Argentina anserina,0,1,,,,,,,
10181,10267,10256,(Howell) Rydb.,401368,1449,Argentina pacifica,0,1,,,,,,,
10181,10267,10256,(L.) Rydb.,438507,1449,Argentina anserina,0,0,,,,,,,
10181,10267,10256,(Howell) Rydb.,401368,1449,Argentina pacifica,0,0,,,,,,,
10181,10267,10256,Lindl.,128289,5739,Potentilla glandulosa,0,1,,,,,,,
10181,10267,10256,Lindl.,128289,5739,Potentilla glandulosa,0,1,,,,,,,
10181,10267,10256,(Lindl.) Rydb.,450510,2980,Drymocallis glandulosa,0,1,,,,,,,
10181,10267,10256,Douglas ex Hook.,128669,5739,Potentilla gracilis,0,1,,,,,,,
10181,10267,10256,Douglas ex Hook.,128669,5739,Potentilla gracilis,0,0,,,,,,,
10181,10267,10256,L.,10579,2420,Comarum palustre,0,1,,,,,,,
10181,10267,10256,(L.) L.,36357,5782,Prunus avium,0,0,,,,,,,
10181,10267,10256,L.,36398,5782,Prunus virginiana,0,0,,,,,,,
10181,10267,10256,(Douglas ex Hook.) Eaton,127924,5782,Prunus emarginata,0,1,,,,,,,
10181,10267,10256,L.,36373,5782,Prunus laurocerasus,0,0,,,,,,,
10181,10267,10256,L.,36398,5782,Prunus virginiana,0,1,,,,,,,
10181,10267,10256,L.,36398,5782,Prunus virginiana,0,1,,,,,,,
10181,10267,10256,L.,37489,5903,Pyrus communis,0,0,,,,,,,
10181,10267,10256,Cham. & Schltdl.,38675,6043,Rosa californica,0,1,,,,,,,
10181,10267,10256,L.,38708,6043,Rosa rubiginosa,0,0,,,,,,,
10181,10267,10256,Nutt.,129854,6043,Rosa gymnocarpa,0,1,,,,,,,
10181,10267,10256,Nutt.,129854,6043,Rosa gymnocarpa,0,1,,,,,,,
10181,10267,10256,,132244,6043,Rosa nutkaensis,0,0,,,,,,,
10181,10267,10256,,132244,6043,Rosa nutkaensis,0,0,,,,,,,
10181,10267,10256,C.Presl,130627,6043,Rosa nutkana,0,1,,,,,,,
10181,10267,10256,C.Presl,130627,6043,Rosa nutkana,0,0,,,,,,,
10181,10267,10256,A.Gray,131774,6043,Rosa pisocarpa,0,1,,,,,,,
10181,10267,10256,S.Watson,132245,6043,Rosa spithamea,0,1,,,,,,,
10181,10267,10256,Lindl.,125825,6043,Rosa woodsii,0,0,,,,,,,
10181,10267,10256,Focke,38844,6065,Rubus armeniacus,0,0,,,,,,,
10181,10267,10256,Schott,39240,6065,Rubus ulmifolius,0,0,,,,,,,
10181,10267,10256,P.J.Müll.,39083,6065,Rubus nemoralis,0,0,,,,,,,
10181,10267,10256,(Douglas ex Hook.) Douglas ex Torr. & A.Gray,131775,6065,Rubus leucodermis,0,1,,,,,,,
10181,10267,10256,Nutt.,39112,6065,Rubus parviflorus,0,0,,,,,,,
10181,10267,10256,Nutt.,39112,6065,Rubus parviflorus,0,0,,,,,,,
10181,10267,10256,Nutt.,39112,6065,Rubus parviflorus,0,0,,,,,,,
10181,10267,10256,Nutt.,39112,6065,Rubus parviflorus,0,1,,,,,,,
10181,10267,10256,Moc. ex Ser.,450300,6065,Rubus nutkanus,0,0,,,,,,,
10181,10267,10256,Moc. ex Ser.,450300,6065,Rubus nutkanus,0,0,,,,,,,
10181,10267,10256,P.J.Müll. ex Boulay,442239,6065,Rubus procerus,0,0,,,,,,,
10181,10267,10256,Pursh,39204,6065,Rubus spectabilis,0,1,,,,,,,
10181,10267,10256,Pursh,39204,6065,Rubus spectabilis,0,0,,,,,,,
10181,10267,10256,"Weihe ex Günther, Grab. & Wimm.",57583,6065,Rubus grabowskii,0,0,,,,,,,
10181,10267,10256,"Weihe ex Günther, Grab. & Wimm.",57583,6065,Rubus grabowskii,0,0,,,,,,,
10181,10267,10256,Cham. & Schltdl.,39241,6065,Rubus ursinus,0,1,,,,,,,
10181,10267,10256,Douglas ex Hook.,450882,6065,Rubus macropetalus,0,0,,,,,,,
10181,10267,10256,Cham. & Schltdl.,39241,6065,Rubus ursinus,0,0,,,,,,,
10181,10267,10256,Douglas ex Hook.,450882,6065,Rubus macropetalus,0,0,,,,,,,
10181,10267,10256,Cham. & Schltdl.,39241,6065,Rubus ursinus,0,0,,,,,,,
10181,10267,10256,Cham. & Schltdl.,39241,6065,Rubus ursinus,0,0,,,,,,,
10181,10267,10256,Cham. & Schltdl.,39241,6065,Rubus ursinus,0,0,,,,,,,
10181,10267,10256,Cham. & Schltdl.,39241,6065,Rubus ursinus,0,0,,,,,,,
10181,10267,10256,L.,39882,6131,Sanguisorba officinalis,0,0,,,,,,,
10181,10267,10256,Scop.,39880,6131,Sanguisorba minor,0,0,,,,,,,
10181,10267,10256,L.,39882,6131,Sanguisorba officinalis,0,1,,,,,,,
10181,10267,10256,L.,39882,6131,Sanguisorba officinalis,0,1,,,,,,,
10181,10267,10256,Hook.,42531,6487,Spiraea douglasii,0,1,,,,,,,
10181,10267,10256,Aiton,442982,7024,Urtica gracilis,0,0,,,,,,,
10181,10267,10256,L.,46220,7024,Urtica dioica,0,0,,,,,,,
10181,10267,10256,Aiton,442982,7024,Urtica gracilis,0,1,,,,,,,
10181,10267,10256,L.,46220,7024,Urtica dioica,0,1,,,,,,,
10181,10267,10256,Aiton,442982,7024,Urtica gracilis,0,1,,,,,,,
10181,10267,10256,Aiton,442982,7024,Urtica gracilis,0,0,,,,,,,
10181,10267,10256,Aiton,442982,7024,Urtica gracilis,0,0,,,,,,,
10181,10267,10256,Lam.,4429,1589,Azolla filiculoides,0,1,,,,,,,
10181,10267,10256,A.Braun,55138,5551,Pilularia americana,1,1,,,,,,,
10181,10267,10256,(Engelm.) Abrams,127427,1423,Arceuthobium abietinum,0,1,,,,,,,
10181,10267,10256,Hawksw. & Wiens,131634,1423,Arceuthobium californicum,0,1,,,,,,,
10181,10267,10256,Engelm.,129867,1423,Arceuthobium campylopodum,0,1,,,,,,,
10181,10267,10256,"Hawksw., Wiens & Nickrent",132246,1423,Arceuthobium littorum,0,1,,,,,,,
10181,10267,10256,"Hawksw., Wiens & Nickrent",132247,1423,Arceuthobium siskiyouense,0,1,,,,,,,
10181,10267,10256,(Rosend.) G.N.Jones,129868,1423,Arceuthobium tsugense,0,1,,,,,,,
10181,10267,10256,(Raf.) Reveal & M.C.Johnst.,33322,5485,Phoradendron leucarpum,0,0,,,,,,,
10181,10267,10256,(Nutt.) Nutt. ex Engelm.,127301,5485,Phoradendron villosum,0,1,,,,,,,
10181,10267,10256,(Nutt.) Nutt. ex Engelm.,127301,5485,Phoradendron villosum,0,0,,,,,,,
10181,10267,10256,(Torr. & A.Gray) Greene,45379,6849,Toxicodendron diversilobum,0,0,,,,,,,
10181,10267,10256,(Torr. & A.Gray) Greene,45379,6849,Toxicodendron diversilobum,0,0,,,,,,,
10181,10267,10256,(Torr. & A.Gray) Greene,45379,6849,Toxicodendron diversilobum,0,0,,,,,,,
10181,10267,10256,(Torr. & A.Gray) Greene,45379,6849,Toxicodendron diversilobum,0,1,,,,,,,
10181,10267,10256,Pursh,131776,976,Acer circinatum,0,1,,,,,,,
10181,10267,10256,Pursh,386,976,Acer macrophyllum,0,1,,,,,,,
10181,10267,10256,(Ruiz & Pav.) A.Berger,11465,2537,Crassula connata,0,0,,,,,,,
10181,10267,10256,(Lindl.) Britton & Rose,132248,2997,Dudleya farinosa,0,1,,,,,,,
10181,10267,10256,B.L.Wilson & R.E.Brainerd,415584,6299,Sedum kiersteadiae,0,1,,,,,,,
10181,10267,10256,Hook.,40929,6299,Sedum spathulifolium,0,1,,,,,,,
10181,10267,10256,Hook.,40929,6299,Sedum spathulifolium,0,1,,,,,,,
10181,10267,10256,Hook.,40929,6299,Sedum spathulifolium,0,0,,,,,,,
10181,10267,10256,Douglas,130629,6012,Ribes bracteosum,0,1,,,,,,,
10181,10267,10256,Regel,129874,6012,Ribes roezlii,0,0,,,,,,,
10181,10267,10256,Regel,129874,6012,Ribes roezlii,0,1,,,,,,,
10181,10267,10256,Douglas,131780,6012,Ribes divaricatum,0,1,,,,,,,
10181,10267,10256,Pursh,130489,6012,Ribes laxiflorum,0,1,,,,,,,
10181,10267,10256,A.Gray,129873,6012,Ribes lobbii,0,1,,,,,,,
10181,10267,10256,Pursh,132250,6012,Ribes menziesii,0,1,,,,,,,
10181,10267,10256,Regel,129874,6012,Ribes roezlii,0,0,,,,,,,
10181,10267,10256,Regel,129874,6012,Ribes roezlii,0,1,,,,,,,
10181,10267,10256,Regel,129874,6012,Ribes roezlii,0,1,,,,,,,
10181,10267,10256,Pursh,38416,6012,Ribes sanguineum,0,1,,,,,,,
10181,10267,10256,Pursh,38416,6012,Ribes sanguineum,0,1,,,,,,,
10181,10267,10256,Pursh,38416,6012,Ribes sanguineum,0,0,,,,,,,
10181,10267,10256,Pursh,128304,6012,Ribes viscosissimum,0,0,,,,,,,
10181,10267,10256,(Abrams & Bacig.) Morton,132251,12283,Bensoniella oregona,0,0,,,,,,,
10181,10267,10256,Torr. & A.Gray,131782,12167,Boykinia occidentalis,0,1,,,,,,,
10181,10267,10256,A.Gray,129875,12167,Boykinia major,0,0,,,,,,,
10181,10267,10256,Torr. & A.Gray,131782,12167,Boykinia occidentalis,0,1,,,,,,,
10181,10267,10256,,132252,2274,Chrysosplenium glechanaefolium,0,0,,,,,,,
10181,10267,10256,Nutt.,131783,2274,Chrysosplenium glechomifolium,0,1,,,,,,,
10181,10267,10256,Douglas,131785,3782,Heuchera micrantha,0,1,,,,,,,
10181,10267,10256,Douglas,131785,3782,Heuchera micrantha,0,0,,,,,,,
10181,10267,10256,A.Gray,132019,4350,Lithophragma affine,0,1,,,,,,,
10181,10267,10256,A.Gray,132019,4350,Lithophragma affine,0,1,,,,,,,
10181,10267,10256,(Hook.) Nutt.,129133,4350,Lithophragma parviflorum,0,1,,,,,,,
10181,10267,10256,Greene,129879,4743,Mitella ovalis,0,1,,,,,,,
10181,10267,10256,(Graham) Rydb.,345430,15826,Ozomelis trifida,0,1,,,,,,,
10181,10267,10256,(Torr. ex Benth.) Voss,13451,2724,Darmera peltata,0,0,,,,,,,
10181,10267,10256,(Greene) Small,345717,4677,Micranthes californica,0,1,,,,,,,
10181,10267,10256,(Greene) Small,345717,4677,Micranthes californica,0,0,,,,,,,
10181,10267,10256,(Greene) Small,345718,4677,Micranthes howellii,0,1,,,,,,,
10181,10267,10256,(Hook.) Small,154095,4677,Micranthes integrifolia,0,1,,,,,,,
10181,10267,10256,(Greene) Small,345719,4677,Micranthes marshallii,0,1,,,,,,,
10181,10267,10256,(Bong.) Rosend.,450689,4677,Micranthes mertensiana,0,0,,,,,,,
10181,10267,10256,(Small) A.M.Johnson,345713,15840,Cascadia nuttallii,0,1,,,,,,,
10181,10267,10256,,132257,6708,Tellima grande,0,0,,,,,,,
10181,10267,10256,(Pursh) Douglas ex Lindl.,44413,6708,Tellima grandiflora,0,1,,,,,,,
10181,10267,10256,L.,129887,6802,Tiarella trifoliata,0,1,,,,,,,
10181,10267,10256,L.,129887,6802,Tiarella trifoliata,0,0,,,,,,,
10181,10267,10256,(Pursh) Torr. & A.Gray,45260,6827,Tolmiea menziesii,0,1,,,,,,,
10181,10267,10256,D.C.Eaton,131886,6304,Selaginella oregana,0,1,,,,,,,
10181,10267,10256,Hieron.,130762,6304,Selaginella wallacei,0,1,,,,,,,
10181,10267,10256,Hallier f.,132258,1969,Calystegia atriplicifolia,0,1,,,,,,,
10181,10267,10256,Hallier f.,132258,1969,Calystegia atriplicifolia,0,1,,,,,,,
10181,10267,10256,(A.Gray) Brummitt,129889,1969,Calystegia occidentalis,0,1,,,,,,,
10181,10267,10256,(L.) R.Br.,7412,1969,Calystegia soldanella,0,1,,,,,,,
10181,10267,10256,L.,10742,2455,Convolvulus arvensis,0,0,,,,,,,
10181,10267,10256,(L.) R.Br.,7412,1969,Calystegia soldanella,0,0,,,,,,,
10181,10267,10256,Choisy,12268,2613,Cuscuta indecora,0,1,,,,,,,
10181,10267,10256,Engelm.,12279,2613,Cuscuta salina,0,0,,,,,,,
10181,10267,10256,Engelm.,12279,2613,Cuscuta salina,0,1,,,,,,,
10181,10267,10256,L.,13472,2734,Datura stramonium,0,0,,,,,,,
10181,10267,10256,Mill.,41906,6417,Solanum americanum,0,1,,,,,,,
10181,10267,10256,G.Forst.,41911,6417,Solanum aviculare,0,0,,,,,,,
10181,10267,10256,L.,41996,6417,Solanum nigrum,0,0,,,,,,,
10181,10267,10256,Benth.,130404,7088,Vitis californica,0,1,,,,,,,
