ref_ID,list_ID,entity_ID,work_author,work_ID,genus_ID,work_species,questionable,native,quest_native,naturalized,endemic_ref,quest_end_ref,endemic_list,quest_end_list,cons_status
10243,10496,10470,(L.) Moench,14,954,Abelmoschus esculentus,,0,,,,,,,
10243,10496,10470,Siebold & Zucc.,20,955,Abies firma,,0,,,,,,,
10243,10496,10470,(Gillies ex Hook. & Arn.) Donnell,297347,14665,Callianthe picta,,0,,,,,,,
10243,10496,10470,Link,132,962,Acacia dealbata,,0,,,,,,,
10243,10496,10470,(L.) Wight & Arn.,436114,7256,Vachellia farnesiana,,0,,,,,,,
10243,10496,10470,De Wild.,172,962,Acacia mearnsii,,0,,,,,,,
10243,10496,10470,Thunb.,392,976,Acer palmatum,,0,,,,,,,
10243,10496,10470,Blume,139816,1096,Aesculus turbinata,,0,,,,,,,
10243,10496,10470,L.,1056,1115,Agave americana,,0,,,,,,,
10243,10496,10470,Perrine,1096,1115,Agave sisalana,,0,,,,,,,
10243,10496,10470,(Spreng.) R.M.King & H.Rob.,1116,1118,Ageratina adenophora,,0,,,,,,,
10243,10496,10470,L.,1130,1119,Ageratum conyzoides,,0,,,,,,,
10243,10496,10470,Mill.,1131,1119,Ageratum houstonianum,,0,,,,,,,
10243,10496,10470,L.,1509,1174,Allium ascalonicum,,0,,,,,,,
10243,10496,10470,L.,1516,1174,Allium cepa,,0,,,,,,,
10243,10496,10470,L.,1564,1174,Allium sativum,,0,,,,,,,
10243,10496,10470,Rottler ex Spreng.,1581,1174,Allium tuberosum,,0,,,,,,,
10243,10496,10470,(Regel) G.Nicholson,1813,1202,Alternanthera bettzickiana,,0,,,,,,,
10243,10496,10470,(Mart.) Griseb.,1835,1202,Alternanthera philoxeroides,,0,,,,,,,
10243,10496,10470,Kunth,1838,1202,Alternanthera pungens,,0,,,,,,,
10243,10496,10470,L.,1933,1216,Amaranthus caudatus,,0,,,,,,,
10243,10496,10470,L.,1942,1216,Amaranthus hypochondriacus,,0,,,,,,,
10243,10496,10470,L.,1951,1216,Amaranthus retroflexus,,0,,,,,,,
10243,10496,10470,L.,1954,1216,Amaranthus spinosus,,0,,,,,,,
10243,10496,10470,L.,1958,1216,Amaranthus tricolor,,0,,,,,,,
10243,10496,10470,L.,1959,1216,Amaranthus viridis,,0,,,,,,,
10243,10496,10470,L.,2043,1243,Amorpha fruticosa,,0,,,,,,,
10243,10496,10470,(L.) Merr.,2164,1278,Ananas comosus,,0,,,,,,,
10243,10496,10470,(Burm.f.) Nees,2222,1295,Andrographis paniculata,,0,,,,,,,
10243,10496,10470,L.,2307,1307,Anethum graveolens,,0,,,,,,,
10243,10496,10470,(Siebold & Zucc.) Kitag.,140296,1310,Angelica acutiloba,,0,,,,,,,
10243,10496,10470,L.,2479,1333,Annona squamosa,,0,,,,,,,
10243,10496,10470,(Ten.) Steenis,2506,1341,Anredera cordifolia,,0,,,,,,,
10243,10496,10470,(L.) Holub,18294,3295,Fallopia scandens,,0,,,,,,,
10243,10496,10470,L.,2720,1389,Apium graveolens,,0,,,,,,,
10243,10496,10470,L.,2805,1411,Arachis hypogaea,,0,,,,,,,
10243,10496,10470,Mudie,2874,1419,Araucaria cunninghamii,,0,,,,,,,
10243,10496,10470,(Salisb.) Franco,2875,1419,Araucaria heterophylla,,0,,,,,,,
10243,10496,10470,(F.Muell.) H.Wendl. & Drude,2930,1430,Archontophoenix alexandrae,,0,,,,,,,
10243,10496,10470,L.,3107,1448,Argemone mexicana,,0,,,,,,,
10243,10496,10470,(L.) Sch.Bip.,3137,1454,Argyranthemum frutescens,,0,,,,,,,
10243,10496,10470,Franch. & Sav.,450145,1462,Arisaema angustatum,,0,,,,,,,
10243,10496,10470,Lam.,3518,1490,Artocarpus heterophyllus,,0,,,,,,,
10243,10496,10470,L.,3603,1501,Asclepias curassavica,,0,,,,,,,
10243,10496,10470,(Kunth) Jessop,3628,1506,Asparagus densiflorus,,0,,,,,,,
10243,10496,10470,L.,438613,1561,Atropa bella-donna,,0,,,,,,,
10243,10496,10470,L.,4387,1581,Avena sativa,,0,,,,,,,
10243,10496,10470,L.,4392,1582,Averrhoa carambola,,0,,,,,,,
10243,10496,10470,(Sw.) P.Beauv.,4399,1584,Axonopus compressus,,0,,,,,,,
10243,10496,10470,(Raddi) Kuhlm.,4401,1584,Axonopus fissifolius,,0,,,,,,,
10243,10496,10470,Lam.,4429,1589,Azolla filiculoides,,0,,,,,,,
10243,10496,10470,(Lour.) Raeusch. ex Schult.f.,4616,1621,Bambusa multiplex,,0,,,,,,,
10243,10496,10470,L.,4710,1640,Basella alba,,0,,,,,,,
10243,10496,10470,L.,4783,1650,Bauhinia variegata,,0,,,,,,,
10243,10496,10470,L.,4967,1673,Bellis perennis,,0,,,,,,,
10243,10496,10470,Choisy,5622,1793,Bougainvillea glabra,,0,,,,,,,
10243,10496,10470,Willd.,5626,1793,Bougainvillea spectabilis,,0,,,,,,,
10243,10496,10470,(L.) Czern.,5808,1821,Brassica juncea,,0,,,,,,,
10243,10496,10470,L.,5812,1821,Brassica oleracea,,0,,,,,,,
10243,10496,10470,L.,5815,1821,Brassica rapa,,0,,,,,,,
10243,10496,10470,L.,5896,1840,Bromus arvensis,,0,,,,,,,
10243,10496,10470,Vahl,5901,1840,Bromus catharticus,,0,,,,,,,
10243,10496,10470,L.,5935,1840,Bromus sterilis,,0,,,,,,,
10243,10496,10470,(Lam.) Pers.,438807,4031,Kalanchoe pinnata,,0,,,,,,,
10243,10496,10470,(L.) Tod.,438849,19771,Biancaea sappan,,0,,,,,,,
10243,10496,10470,(L.) Huth,6495,1905,Cajanus cajan,,0,,,,,,,
10243,10496,10470,Schrad. & J.C.Wendl.,438882,4602,Melaleuca linearis,,0,,,,,,,
10243,10496,10470,(Lam.) Hook.f. & Thomson,7552,1994,Cananga odorata,,0,,,,,,,
10243,10496,10470,(L.) DC.,7580,1997,Canavalia ensiformis,,0,,,,,,,
10243,10496,10470,Salisb.,130575,1999,Canna flaccida,,0,,,,,,,
10243,10496,10470,L.,7601,1999,Canna glauca,,0,,,,,,,
10243,10496,10470,L.,7602,1999,Canna indica,,0,,,,,,,
10243,10496,10470,L.,7605,2000,Cannabis sativa,,0,,,,,,,
10243,10496,10470,L.,7662,2011,Capsicum annuum,,0,,,,,,,
10243,10496,10470,With.,7692,2015,Cardamine flexuosa,,0,,,,,,,
10243,10496,10470,L.,8196,2028,Carica papaya,,0,,,,,,,
10243,10496,10470,L.,8298,2047,Carthamus tinctorius,,0,,,,,,,
10243,10496,10470,(Wangenh.) K.Koch,8304,2049,Carya illinoinensis,,0,,,,,,,
10243,10496,10470,L.,8372,2056,Cassia fistula,,0,,,,,,,
10243,10496,10470,Mill.,8426,2062,Castanea sativa,,0,,,,,,,
10243,10496,10470,Miq.,8488,2071,Casuarina cunninghamiana,,0,,,,,,,
10243,10496,10470,L.,8489,2071,Casuarina equisetifolia,,0,,,,,,,
10243,10496,10470,Sieber ex Spreng.,8490,2071,Casuarina glauca,,0,,,,,,,
10243,10496,10470,(L.) G.Don,8525,2078,Catharanthus roseus,,0,,,,,,,
10243,10496,10470,(Roxb. ex D.Don) G.Don,8577,2096,Cedrus deodara,,0,,,,,,,
10243,10496,10470,Matsum.,124420,5782,Prunus × yedoensis,,0,,,,,,,
10243,10496,10470,Lindl.,8976,2156,Cestrum aurantiacum,,0,,,,,,,
10243,10496,10470,L.,9009,2156,Cestrum nocturnum,,0,,,,,,,
10243,10496,10470,(Thunb.) Lindl. ex Spach,9026,2160,Chaenomeles japonica,,0,,,,,,,
10243,10496,10470,(L.) Greene,9079,2170,Chamaecrista mimosoides,,0,,,,,,,
10243,10496,10470,(Siebold & Zucc.) Endl.,9095,2171,Chamaecyparis obtusa,,0,,,,,,,
10243,10496,10470,"(L.) Britton, Sterns & Poggenb.",142055,2171,Chamaecyparis thyoides,,0,,,,,,,
10243,10496,10470,D.Don,9301,2211,Chenopodium giganteum,,0,,,,,,,
10243,10496,10470,(L.) R.M.King & H.Rob.,9514,2258,Chromolaena odorata,,0,,,,,,,
10243,10496,10470,(L.) Roberty,9559,2272,Chrysopogon zizanioides,,0,,,,,,,
10243,10496,10470,(Thunb.) Matsum. & Nakai,9787,2309,Citrullus lanatus,,0,,,,,,,
10243,10496,10470,(L.) Osbeck,439314,2310,Citrus × limon,,0,,,,,,,
10243,10496,10470,L.,9793,2310,Citrus medica,,0,,,,,,,
10243,10496,10470,Raf.,439322,2331,Cleome speciosa,,0,,,,,,,
10243,10496,10470,(L.) Rumph. ex A.Juss.,10408,2374,Codiaeum variegatum,,0,,,,,,,
10243,10496,10470,L.,10447,2389,Coffea arabica,,0,,,,,,,
10243,10496,10470,(L.) Schott,10522,2409,Colocasia esculenta,,0,,,,,,,
10243,10496,10470,L.,439387,2762,Delphinium ajacis,,0,,,,,,,
10243,10496,10470,L.,16803,3164,Erigeron bonariensis,,0,,,,,,,
10243,10496,10470,L.,16807,3164,Erigeron canadensis,,0,,,,,,,
10243,10496,10470,Retz.,16851,3164,Erigeron sumatrensis,,0,,,,,,,
10243,10496,10470,L.,10940,2470,Corchorus capsularis,,0,,,,,,,
10243,10496,10470,L.,10947,2470,Corchorus olitorius,,0,,,,,,,
10243,10496,10470,L.,11080,2476,Coreopsis lanceolata,,0,,,,,,,
10243,10496,10470,L.,11085,2478,Coriandrum sativum,,0,,,,,,,
10243,10496,10470,Cav.,11264,2511,Cosmos bipinnatus,,0,,,,,,,
10243,10496,10470,L.,11735,2565,Crotalaria juncea,,0,,,,,,,
10243,10496,10470,(Thunb. ex L.f.) D.Don,12018,2584,Cryptomeria japonica,,0,,,,,,,
10243,10496,10470,Duchesne,12126,2597,Cucurbita moschata,,0,,,,,,,
10243,10496,10470,(Greene) Bartel,439547,20013,Hesperocyparis arizonica,,0,,,,,,,
10243,10496,10470,(Mill.) Bartel,439548,20013,Hesperocyparis lusitanica,,0,,,,,,,
10243,10496,10470,L.,12231,2609,Cupressus sempervirens,,0,,,,,,,
10243,10496,10470,(L.) Taub.,12292,2615,Cyamopsis tetragonoloba,,0,,,,,,,
10243,10496,10470,Mill.,12535,2628,Cyclamen persicum,,0,,,,,,,
10243,10496,10470,(Pers.) Sprague ex Britton & P.Wilson,12632,2640,Cyclospermum leptophyllum,,0,,,,,,,
10243,10496,10470,(Nees ex Steud.) W.Watson,12685,2649,Cymbopogon flexuosus,,0,,,,,,,
10243,10496,10470,Jowitt ex Bor,103103,2649,Cymbopogon winterianus,,0,,,,,,,
10243,10496,10470,Cav.,41915,6417,Solanum betaceum,,0,,,,,,,
10243,10496,10470,Cav.,13348,2705,Dahlia pinnata,,0,,,,,,,
10243,10496,10470,Roxb. ex DC.,13372,2706,Dalbergia sissoo,,0,,,,,,,
10243,10496,10470,Thunb.,312415,2719,Daphne odora,,0,,,,,,,
10243,10496,10470,Mill.,13468,2734,Datura innoxia,,0,,,,,,,
10243,10496,10470,L.,13470,2734,Datura metel,,0,,,,,,,
10243,10496,10470,L.,13472,2734,Datura stramonium,,0,,,,,,,
10243,10496,10470,(Bojer ex Hook.) Raf.,13573,2759,Delonix regia,,0,,,,,,,
10243,10496,10470,Siebold & Zucc.,14053,2801,Deutzia crenata,,0,,,,,,,
10243,10496,10470,L.,14100,2807,Dianthus barbatus,,0,,,,,,,
10243,10496,10470,L.,14295,2852,Digitalis purpurea,,0,,,,,,,
10243,10496,10470,(L.) Honck.,14749,2894,Dipsacus sativus,,0,,,,,,,
10243,10496,10470,(L.) Willd. ex Schult.,15153,2978,Drymaria cordata,,0,,,,,,,
10243,10496,10470,L.,15433,3003,Duranta erecta,,0,,,,,,,
10243,10496,10470,(H.Wendl.) Beentje & J.Dransf.,15530,3012,Dypsis lutescens,,0,,,,,,,
10243,10496,10470,(L.) Mosyakin & Clemants,15627,3017,Dysphania ambrosioides,,0,,,,,,,
10243,10496,10470,Link,15672,3029,Echinochloa frumentacea,,0,,,,,,,
10243,10496,10470,Mart.,439959,5723,Pontederia crassipes,,0,,,,,,,
10243,10496,10470,(Burm.f.) Trin. ex Hensch.,16132,3070,Eleocharis dulcis,,0,,,,,,,
10243,10496,10470,(Sims) G.Don,16304,3097,Emilia coccinea,,0,,,,,,,
10243,10496,10470,(DC.) Haw.,16614,3139,Epiphyllum oxypetalum,,0,,,,,,,
10243,10496,10470,(Linden & André) G.S.Bunting,16620,3141,Epipremnum aureum,,0,,,,,,,
10243,10496,10470,(L.) Raf. ex DC.,16732,3149,Erechtites hieraciifolius,,0,,,,,,,
10243,10496,10470,(L.) Desf,16798,3164,Erigeron annuus,,0,,,,,,,
10243,10496,10470,L.,17083,3194,Erythrina corallodendron,,0,,,,,,,
10243,10496,10470,L.,17109,3194,Erythrina variegata,,0,,,,,,,
10243,10496,10470,Cham.,17170,3204,Eschscholzia californica,,0,,,,,,,
10243,10496,10470,Reinw. ex Blume,17190,3213,Eucalyptus alba,,0,,,,,,,
10243,10496,10470,Naudin,61994,3213,Eucalyptus amplifolia,,0,,,,,,,
10243,10496,10470,Sm.,17200,3213,Eucalyptus botryoides,,0,,,,,,,
10243,10496,10470,Dehnh.,17204,3213,Eucalyptus camaldulensis,,0,,,,,,,
10243,10496,10470,(Hook.) K.D.Hill & L.A.S.Johnson,11222,2501,Corymbia citriodora,,0,,,,,,,
10243,10496,10470,F.Muell.,17223,3213,Eucalyptus exserta,,0,,,,,,,
10243,10496,10470,W.Hill ex Maiden,17232,3213,Eucalyptus grandis,,0,,,,,,,
10243,10496,10470,(Hook.) K.D.Hill & L.A.S.Johnson,11230,2501,Corymbia maculata,,0,,,,,,,
10243,10496,10470,S.Schauer,79775,3213,Eucalyptus polyanthemos,,0,,,,,,,
10243,10496,10470,DC.,17268,3213,Eucalyptus punctata,,0,,,,,,,
10243,10496,10470,Sm.,17279,3213,Eucalyptus robusta,,0,,,,,,,
10243,10496,10470,Endl.,17282,3213,Eucalyptus rudis,,0,,,,,,,
10243,10496,10470,Sm.,17284,3213,Eucalyptus saligna,,0,,,,,,,
10243,10496,10470,Sm.,17293,3213,Eucalyptus tereticornis,,0,,,,,,,
10243,10496,10470,(F.Muell.) K.D.Hill & L.A.S.Johnson,11235,2501,Corymbia torelliana,,0,,,,,,,
10243,10496,10470,L.,17615,3227,Eugenia uniflora,,0,,,,,,,
10243,10496,10470,Thunb.,17669,3234,Euonymus japonicus,,0,,,,,,,
10243,10496,10470,DC.,17698,3236,Eupatorium lindleyanum,,0,,,,,,,
10243,10496,10470,L.,17727,3237,Euphorbia antiquorum,,0,,,,,,,
10243,10496,10470,L.,17830,3237,Euphorbia heterophylla,,0,,,,,,,
10243,10496,10470,L.,17830,3237,Euphorbia heterophylla,,0,,,,,,,
10243,10496,10470,L.,17855,3237,Euphorbia lathyris,,0,,,,,,,
10243,10496,10470,Des Moul.,17881,3237,Euphorbia milii,,0,,,,,,,
10243,10496,10470,Aiton,17927,3237,Euphorbia prostrata,,0,,,,,,,
10243,10496,10470,Willd. ex Klotzsch,17930,3237,Euphorbia pulcherrima,,0,,,,,,,
10243,10496,10470,L.,18448,3322,Ficus carica,,0,,,,,,,
10243,10496,10470,Roxb. ex Hornem.,18476,3322,Ficus elastica,,0,,,,,,,
10243,10496,10470,L.,18566,3322,Ficus religiosa,,0,,,,,,,
10243,10496,10470,Mill.,18773,3346,Foeniculum vulgare,,0,,,,,,,
10243,10496,10470,(Duchesne ex Weston) Duchesne ex Rozier,18821,3363,Fragaria × ananassa,,0,,,,,,,
10243,10496,10470,Cav.,19137,3400,Galinsoga parviflora,,0,,,,,,,
10243,10496,10470,L.,19638,3456,Geranium carolinianum,,0,,,,,,,
10243,10496,10470,L.,19660,3456,Geranium molle,,0,,,,,,,
10243,10496,10470,Adlam,19694,3458,Gerbera jamesonii,,0,,,,,,,
10243,10496,10470,L.,20074,3524,Gomphrena globosa,,0,,,,,,,
10243,10496,10470,L.,20232,3545,Gossypium arboreum,,0,,,,,,,
10243,10496,10470,L.,20233,3545,Gossypium barbadense,,0,,,,,,,
10243,10496,10470,L.,20236,3545,Gossypium herbaceum,,0,,,,,,,
10243,10496,10470,L.,20237,3545,Gossypium hirsutum,,0,,,,,,,
10243,10496,10470,A.Cunn. ex R.Br.,20426,3564,Grevillea robusta,,0,,,,,,,
10243,10496,10470,L.,9985,2331,Cleome gynandra,,0,,,,,,,
10243,10496,10470,L.,21166,3698,Helianthus annuus,,0,,,,,,,
10243,10496,10470,L.,21174,3698,Helianthus tuberosus,,0,,,,,,,
10243,10496,10470,Walter,452245,3788,Hibiscus coccineus,,0,,,,,,,
10243,10496,10470,Cav.,21728,3788,Hibiscus radiatus,,0,,,,,,,
10243,10496,10470,L.,21731,3788,Hibiscus sabdariffa,,0,,,,,,,
10243,10496,10470,(Mast.) Hook.f.,21732,3788,Hibiscus schizopetalus,,0,,,,,,,
10243,10496,10470,L.,21745,3788,Hibiscus trionum,,0,,,,,,,
10243,10496,10470,(F.Muell.) Meisn.,440566,4813,Muehlenbeckia platyclada,,0,,,,,,,
10243,10496,10470,L.,22334,3839,Hordeum vulgare,,0,,,,,,,
10243,10496,10470,Thunb.,27440,4484,Magnolia obovata,,0,,,,,,,
10243,10496,10470,L.,23350,3950,Inula helenium,,0,,,,,,,
10243,10496,10470,L.,23379,3957,Ipomoea alba,,0,,,,,,,
10243,10496,10470,(L.) Lam.,23386,3957,Ipomoea batatas,,0,,,,,,,
10243,10496,10470,(L.) Sweet,23391,3957,Ipomoea cairica,,0,,,,,,,
10243,10496,10470,(L.) Roth,23448,3957,Ipomoea nil,,0,,,,,,,
10243,10496,10470,(L.) Roth,23461,3957,Ipomoea purpurea,,0,,,,,,,
10243,10496,10470,L.,23462,3957,Ipomoea quamoclit,,0,,,,,,,
10243,10496,10470,L.,23552,3964,Isatis tinctoria,,0,,,,,,,
10243,10496,10470,(L.) Aiton,23896,4012,Jasminum sambac,,0,,,,,,,
10243,10496,10470,L.,23905,4013,Jatropha curcas,,0,,,,,,,
10243,10496,10470,(Siebold ex Endl.) Miq.,222714,4025,Juniperus procumbens,,0,,,,,,,
10243,10496,10470,L.,24081,4025,Juniperus virginiana,,0,,,,,,,
10243,10496,10470,Wassh. & L.B.Sm.,24096,4027,Justicia brandegeeana,,0,,,,,,,
10243,10496,10470,(L.) Sweet,24517,4102,Lablab purpureus,,0,,,,,,,
10243,10496,10470,L.,24676,4146,Lantana camara,,0,,,,,,,
10243,10496,10470,(Lamb.) Carrière,24735,4155,Larix kaempferi,,0,,,,,,,
10243,10496,10470,L.,24881,4173,Lathyrus odoratus,,0,,,,,,,
10243,10496,10470,L.,24919,4178,Laurus nobilis,,0,,,,,,,
10243,10496,10470,(L.) Salisb.,440809,4509,Malva trimestris,,0,,,,,,,
10243,10496,10470,(Lam.) de Wit,25549,4276,Leucaena leucocephala,,0,,,,,,,
10243,10496,10470,Lam.,25557,4278,Leucanthemum vulgare,,0,,,,,,,
10243,10496,10470,Thunb.,25802,4308,Ligustrum japonicum,,0,,,,,,,
10243,10496,10470,L.,26218,4334,Linum usitatissimum,,0,,,,,,,
10243,10496,10470,L.,26308,4341,Liriodendron tulipifera,,0,,,,,,,
10243,10496,10470,L.,26585,4364,Lolium perenne,,0,,,,,,,
10243,10496,10470,L.,41975,6417,Solanum lycopersicum,,0,,,,,,,
10243,10496,10470,L.,27430,4484,Magnolia grandiflora,,0,,,,,,,
10243,10496,10470,(Suckow) Borkh.,27609,4508,Malus domestica,,0,,,,,,,
10243,10496,10470,Raizada,445440,4509,Malva cavanillesiana,,0,,,,,,,
10243,10496,10470,(L.) Garcke,27640,4510,Malvastrum coromandelianum,,0,,,,,,,
10243,10496,10470,Moc. & Sessé ex DC.,27643,4511,Malvaviscus penduliflorus,,0,,,,,,,
10243,10496,10470,L.,27694,4519,Mangifera indica,,0,,,,,,,
10243,10496,10470,Crantz,27706,4521,Manihot esculenta,,0,,,,,,,
10243,10496,10470,(L.) P.Royen,27721,4522,Manilkara zapota,,0,,,,,,,
10243,10496,10470,(L.) W.T.Aiton,27955,4572,Matthiola incana,,0,,,,,,,
10243,10496,10470,L.,28092,4588,Medicago polymorpha,,0,,,,,,,
10243,10496,10470,Maton & Sm. ex R.Powell,28184,4602,Melaleuca cajuputi,,0,,,,,,,
10243,10496,10470,Medik.,28385,4625,Melilotus albus,,0,,,,,,,
10243,10496,10470,(L.) All.,28388,4625,Melilotus indicus,,0,,,,,,,
10243,10496,10470,(L.) Lam.,28393,4625,Melilotus officinalis,,0,,,,,,,
10243,10496,10470,P.Beauv.,28396,4626,Melinis minutiflora,,0,,,,,,,
10243,10496,10470,L.,28516,4637,Mentha spicata,,0,,,,,,,
10243,10496,10470,(L.) L.,28512,4637,Mentha longifolia,,0,,,,,,,
10243,10496,10470,L.,28516,4637,Mentha spicata,,0,,,,,,,
10243,10496,10470,(DC.) Figlar,293096,4484,Magnolia × alba,,0,,,,,,,
10243,10496,10470,L.,29141,4732,Mimosa pudica,,0,,,,,,,
10243,10496,10470,L.,29189,4736,Mirabilis jalapa,,0,,,,,,,
10243,10496,10470,Liebm.,29347,4788,Monstera deliciosa,,0,,,,,,,
10243,10496,10470,Hemsl.,148714,4807,Morus cathayana,,0,,,,,,,
10243,10496,10470,Siebold & Zucc. ex Iinuma,124983,4824,Musa basjoo,,0,,,,,,,
10243,10496,10470,L.,29566,4824,Musa × paradisiaca,,0,,,,,,,
10243,10496,10470,L.,30012,4885,Narcissus tazetta,,0,,,,,,,
10243,10496,10470,W.T.Aiton,30039,4894,Nasturtium officinale,,0,,,,,,,
10243,10496,10470,L.,30279,4972,Nerium oleander,,0,,,,,,,
10243,10496,10470,(L.) Gaertn.,30342,4994,Nicandra physalodes,,0,,,,,,,
10243,10496,10470,Link & Otto,30343,4995,Nicotiana alata,,0,,,,,,,
10243,10496,10470,L.,30363,4995,Nicotiana rustica,,0,,,,,,,
10243,10496,10470,L.,30366,4995,Nicotiana tabacum,,0,,,,,,,
10243,10496,10470,L.,30578,5058,Ocimum basilicum,,0,,,,,,,
10243,10496,10470,L.,30581,5058,Ocimum gratissimum,,0,,,,,,,
10243,10496,10470,L.,30582,5058,Ocimum tenuiflorum,,0,,,,,,,
10243,10496,10470,L.,30687,5076,Oenothera biennis,,0,,,,,,,
10243,10496,10470,Micheli,30694,5076,Oenothera glazioviana,,0,,,,,,,
10243,10496,10470,Ledeb. ex Link,30711,5076,Oenothera stricta,,0,,,,,,,
10243,10496,10470,L.,30777,5086,Olea europaea,,0,,,,,,,
10243,10496,10470,(L.) Mill.,31105,5127,Opuntia ficus-indica,,0,,,,,,,
10243,10496,10470,Haw.,31117,5127,Opuntia monacantha,,0,,,,,,,
10243,10496,10470,(Haw.) Haw.,31126,5127,Opuntia stricta,,0,,,,,,,
10243,10496,10470,Lour.,31364,5172,Osmanthus fragrans,,0,,,,,,,
10243,10496,10470,Kunth,31508,5197,Oxalis debilis,,0,,,,,,,
10243,10496,10470,(L.) Urb.,31683,5228,Pachyrhizus erosus,,0,,,,,,,
10243,10496,10470,(Jacq.) B.K.Simon & S.W.L.Jacobs,441119,19159,Megathyrsus maximus,,0,,,,,,,
10243,10496,10470,L.,31969,5253,Panicum virgatum,,0,,,,,,,
10243,10496,10470,L.,32001,5255,Papaver rhoeas,,0,,,,,,,
10243,10496,10470,L.,32003,5255,Papaver somniferum,,0,,,,,,,
10243,10496,10470,Flüggé,32262,5315,Paspalum notatum,,0,,,,,,,
10243,10496,10470,L.,32309,5316,Passiflora caerulea,,0,,,,,,,
10243,10496,10470,Sims,32322,5316,Passiflora edulis,,0,,,,,,,
10243,10496,10470,L.,32324,5316,Passiflora foetida,,0,,,,,,,
10243,10496,10470,Prain,122417,5334,Pedicularis diffusa,,0,,,,,,,
10243,10496,10470,L'Hér.,32529,5340,Pelargonium graveolens,,0,,,,,,,
10243,10496,10470,(L.) L'Hér.,441645,5340,Pelargonium × hybridum,,0,,,,,,,
10243,10496,10470,H.E.Moore,32538,5340,Pelargonium radens,,0,,,,,,,
10243,10496,10470,(Schumach.) Morrone,439148,2103,Cenchrus purpureus,,0,,,,,,,
10243,10496,10470,L.,32641,5370,Pentapetes phoenicea,,0,,,,,,,
10243,10496,10470,(L.) Britton,32899,5396,Perilla frutescens,,0,,,,,,,
10243,10496,10470,Mill.,32951,5409,Persea americana,,0,,,,,,,
10243,10496,10470,L.,33137,5449,Phaseolus coccineus,,0,,,,,,,
10243,10496,10470,L.,33140,5449,Phaseolus lunatus,,0,,,,,,,
10243,10496,10470,L.,33143,5449,Phaseolus vulgaris,,0,,,,,,,
10243,10496,10470,Hook.,33273,5478,Phlox drummondii,,0,,,,,,,
10243,10496,10470,L.,33773,5517,Physalis peruviana,,0,,,,,,,
10243,10496,10470,Lam.,33774,5517,Physalis philadelphica,,0,,,,,,,
10243,10496,10470,L.,33798,5525,Phytolacca americana,,0,,,,,,,
10243,10496,10470,Gagnep. & Guillaumin,33892,5542,Pilea cadierei,,0,,,,,,,
10243,10496,10470,(L.) Liebm.,33992,5542,Pilea microphylla,,0,,,,,,,
10243,10496,10470,Morelet,34360,5563,Pinus caribaea,,0,,,,,,,
10243,10496,10470,Mill.,34365,5563,Pinus echinata,,0,,,,,,,
10243,10496,10470,Engelm.,34366,5563,Pinus elliottii,,0,,,,,,,
10243,10496,10470,Siebold & Zucc.,149968,5563,Pinus parviflora,,0,,,,,,,
10243,10496,10470,Aiton,34384,5563,Pinus pinaster,,0,,,,,,,
10243,10496,10470,Michx.,149972,5563,Pinus serotina,,0,,,,,,,
10243,10496,10470,L.,34393,5563,Pinus sylvestris,,0,,,,,,,
10243,10496,10470,L.,34394,5563,Pinus taeda,,0,,,,,,,
10243,10496,10470,Parl.,34396,5563,Pinus thunbergii,,0,,,,,,,
10243,10496,10470,Morelet,34398,5563,Pinus tropicalis,,0,,,,,,,
10243,10496,10470,L.,34412,5565,Piper betle,,0,,,,,,,
10243,10496,10470,L.,34465,5565,Piper nigrum,,0,,,,,,,
10243,10496,10470,L.,34901,5598,Plantago virginica,,0,,,,,,,
10243,10496,10470,L.,34934,5600,Platanus occidentalis,,0,,,,,,,
10243,10496,10470,L.,34935,5600,Platanus orientalis,,0,,,,,,,
10243,10496,10470,(Mitford) Nakai,441852,5625,Pleioblastus distichus,,0,,,,,,,
10243,10496,10470,(Bean) Nakai,35026,5625,Pleioblastus gramineus,,0,,,,,,,
10243,10496,10470,(Carrière) Nakai,35028,5625,Pleioblastus simonii,,0,,,,,,,
10243,10496,10470,Lam.,35155,5658,Plumbago auriculata,,0,,,,,,,
10243,10496,10470,L.,35160,5658,Plumbago zeylanica,,0,,,,,,,
10243,10496,10470,L.,35222,5661,Poa compressa,,0,,,,,,,
10243,10496,10470,L.,35272,5661,Poa pratensis,,0,,,,,,,
10243,10496,10470,(Blanco) Benth.,35368,5681,Pogostemon cablin,,0,,,,,,,
10243,10496,10470,L.,35897,5726,Populus tremula,,0,,,,,,,
10243,10496,10470,Hook.,35938,5733,Portulaca grandiflora,,0,,,,,,,
10243,10496,10470,L.,36366,5782,Prunus domestica,,0,,,,,,,
10243,10496,10470,L.,36550,5825,Psidium guajava,,0,,,,,,,
10243,10496,10470,(L.) DC.,36594,5835,Psophocarpus tetragonolobus,,0,,,,,,,
10243,10496,10470,L.,37323,5881,Punica granatum,,0,,,,,,,
10243,10496,10470,(Willd.) Grierson,135090,6676,Tanacetum coccineum,,0,,,,,,,
10243,10496,10470,L.,37765,5927,Ranunculus muricatus,,0,,,,,,,
10243,10496,10470,L.,37900,5930,Raphanus raphanistrum,,0,,,,,,,
10243,10496,10470,(Lour.) Baill.,37931,5934,Rauvolfia verticillata,,0,,,,,,,
10243,10496,10470,Hemsl.,315259,5970,Rhamnus rugulosa,,0,,,,,,,
10243,10496,10470,Hoffmanns.,443906,5970,Rhamnus erythroxyloides,,0,,,,,,,
10243,10496,10470,Govaerts,445451,5970,Rhamnus darii,,0,,,,,,,
10243,10496,10470,L.,38443,6020,Ricinus communis,,0,,,,,,,
10243,10496,10470,L.,38462,6025,Robinia pseudoacacia,,0,,,,,,,
10243,10496,10470,L.,38678,6043,Rosa centifolia,,0,,,,,,,
10243,10496,10470,L.,38685,6043,Rosa gallica,,0,,,,,,,
10243,10496,10470,L.,39412,6081,Ruta graveolens,,0,,,,,,,
10243,10496,10470,Buc'hoz ex Etl.,39763,6123,Salvia coccinea,,0,,,,,,,
10243,10496,10470,L.,39801,6123,Salvia officinalis,,0,,,,,,,
10243,10496,10470,Sellow ex Nees,39826,6123,Salvia splendens,,0,,,,,,,
10243,10496,10470,L.,39915,6136,Santalum album,,0,,,,,,,
10243,10496,10470,(Craib) Chakrab. & N.P.Balakr.,382943,1829,Breynia garrettii,,0,,,,,,,
10243,10496,10470,(Falc.) Kasana & A.K.Pandey,446230,9153,Dolomiaea costus,,0,,,,,,,
10243,10496,10470,Jacq.,442429,6362,Sicyos edulis,,0,,,,,,,
10243,10496,10470,(L.) Link,41225,6320,Senna occidentalis,,0,,,,,,,
10243,10496,10470,(Lam.) H.S.Irwin & Barneby,41238,6320,Senna siamea,,0,,,,,,,
10243,10496,10470,(Burm.f.) H.S.Irwin & Barneby,41246,6320,Senna surattensis,,0,,,,,,,
10243,10496,10470,(L.) Roxb.,41247,6320,Senna tora,,0,,,,,,,
10243,10496,10470,(D.Don) Endl.,41253,6322,Sequoia sempervirens,,0,,,,,,,
10243,10496,10470,L.,41311,6335,Sesamum indicum,,0,,,,,,,
10243,10496,10470,(Retz.) Poir.,41314,6336,Sesbania cannabina,,0,,,,,,,
10243,10496,10470,(L.) P.Beauv.,41358,6341,Setaria italica,,0,,,,,,,
10243,10496,10470,(J.Koenig) Stapf,41369,6341,Setaria palmifolia,,0,,,,,,,
10243,10496,10470,(L.) P.Beauv.,41383,6341,Setaria viridis,,0,,,,,,,
10243,10496,10470,Nakai,228479,13362,Shibataea chinensis,,0,,,,,,,
10243,10496,10470,(L.) Raf.,442525,15807,Atocion armeria,,0,,,,,,,
10243,10496,10470,L.,41665,6372,Silene pendula,,0,,,,,,,
10243,10496,10470,(L.) Gaertn.,41704,6374,Silybum marianum,,0,,,,,,,
10243,10496,10470,Jacq.,41902,6417,Solanum aculeatissimum,,0,,,,,,,
10243,10496,10470,All.,41923,6417,Solanum capsicoides,,0,,,,,,,
10243,10496,10470,D.Don,41944,6417,Solanum erianthum,,0,,,,,,,
10243,10496,10470,L.,41987,6417,Solanum melongena,,0,,,,,,,
10243,10496,10470,L.,42014,6417,Solanum pseudocapsicum,,0,,,,,,,
10243,10496,10470,Sw.,42042,6417,Solanum torvum,,0,,,,,,,
10243,10496,10470,L.,42046,6417,Solanum tuberosum,,0,,,,,,,
10243,10496,10470,(L.) Moench,42229,6438,Sorghum bicolor,,0,,,,,,,
10243,10496,10470,(Nees ex Steud.) Millsp. & Chase,42236,6438,Sorghum × drummondii,,0,,,,,,,
10243,10496,10470,(C.E.Hubb.) P.M.Peterson & Saarela,436450,6495,Sporobolus anglicus,,0,,,,,,,
10243,10496,10470,L.,42518,6483,Spinacia oleracea,,0,,,,,,,
10243,10496,10470,L.f.,42533,6487,Spiraea japonica,,0,,,,,,,
10243,10496,10470,L.,43395,6637,Symphytum officinale,,0,,,,,,,
10243,10496,10470,(Blume) Merr. & L.M.Perry,43664,6654,Syzygium samarangense,,0,,,,,,,
10243,10496,10470,L.,43827,6665,Tagetes erecta,,0,,,,,,,
10243,10496,10470,L.,43827,6665,Tagetes erecta,,0,,,,,,,
10243,10496,10470,(Jacq.) Gaertn.,43840,6668,Talinum paniculatum,,0,,,,,,,
10243,10496,10470,L.,43845,6671,Tamarindus indica,,0,,,,,,,
10243,10496,10470,Schltdl.,9987,2331,Cleome houtteana,,0,,,,,,,
10243,10496,10470,(L.) Rich.,44296,6694,Taxodium distichum,,0,,,,,,,
10243,10496,10470,(L.) Rich.,44296,6694,Taxodium distichum,,0,,,,,,,
10243,10496,10470,DC.,44430,6714,Tephrosia candida,,0,,,,,,,
10243,10496,10470,(L.) Lippold,8326,2054,Cascabela thevetia,,0,,,,,,,
10243,10496,10470,L.,45064,6786,Thuja occidentalis,,0,,,,,,,
10243,10496,10470,(L.f.) Siebold & Zucc.,152830,13438,Thujopsis dolabrata,,0,,,,,,,
10243,10496,10470,L.,45610,6900,Trichosanthes cucumerina,,0,,,,,,,
10243,10496,10470,L.,45689,6915,Trifolium hybridum,,0,,,,,,,
10243,10496,10470,L.,45717,6915,Trifolium pratense,,0,,,,,,,
10243,10496,10470,L.,45719,6915,Trifolium repens,,0,,,,,,,
10243,10496,10470,L.,45759,6917,Trigonella foenum-graecum,,0,,,,,,,
10243,10496,10470,L.,45955,6974,Tropaeolum majus,,0,,,,,,,
10243,10496,10470,L.,46665,7064,Veronica peregrina,,0,,,,,,,
10243,10496,10470,Fr.,46669,7064,Veronica polita,,0,,,,,,,
10243,10496,10470,L.,46778,7069,Vicia faba,,0,,,,,,,
10243,10496,10470,L.,46805,7069,Vicia sativa,,0,,,,,,,
10243,10496,10470,Roth,46815,7069,Vicia villosa,,0,,,,,,,
10243,10496,10470,L.,46850,7077,Vinca major,,0,,,,,,,
10243,10496,10470,L.,46961,7079,Viola tricolor,,0,,,,,,,
10243,10496,10470,L.,47034,7088,Vitis vinifera,,0,,,,,,,
10243,10496,10470,(Willd.) DC.,131114,7136,Wisteria floribunda,,0,,,,,,,
10243,10496,10470,Herb.,47726,7203,Zephyranthes candida,,0,,,,,,,
10243,10496,10470,Herb.,47728,7203,Zephyranthes carinata,,0,,,,,,,
10243,10496,10470,Jacq.,47776,7208,Zinnia elegans,,0,,,,,,,
10243,10496,10470,(L.) L.,47778,7208,Zinnia peruviana,,0,,,,,,,
10243,10496,10470,(Benth.) I.C.Nielsen,2912,1427,Archidendron lucidum,,1,,,,,,,
10243,10496,10470,(Turcz.) Makino ex Hisauti & H.Hara,446223,14889,Zabelia biflora,,1,,,,,,,
10243,10496,10470,(R.Br. ex Wall.) Makino ex Hisauti & H.Hara,445199,14889,Zabelia triflora,,1,,,,,,,
10243,10496,10470,R.Br.,12,953,Abelia chinensis,,1,,,,,,,
10243,10496,10470,(Graebn.) Makino,351662,14889,Zabelia dielsii,,1,,,,,,,
10243,10496,10470,(Diels) W.W.Sm.,319865,953,Abelia forrestii,,1,,,,,,,
10243,10496,10470,(Graebn.) Makino,351662,14889,Zabelia dielsii,,1,,,,,,,
10243,10496,10470,R.Br.,317049,953,Abelia uniflora,,1,,,,,,,
10243,10496,10470,Wall.,13,954,Abelmoschus crinitus,,1,,,,,,,
10243,10496,10470,(L.) Medik.,15,954,Abelmoschus manihot,,1,,,,,,,
10243,10496,10470,Medik.,16,954,Abelmoschus moschatus,,1,,,,,,,
10243,10496,10470,K.M.Feng,319866,954,Abelmoschus muliensis,,1,,,,,,,
10243,10496,10470,(Kurz) Merr.,17,954,Abelmoschus sagittifolius,,1,,,,,,,
10243,10496,10470,Tiegh.,136566,955,Abies chensiensis,,1,,,,,,,
10243,10496,10470,Franch.,136565,955,Abies delavayi,,1,,,,,,,
10243,10496,10470,Griff.,121858,955,Abies densa,,1,,,,,,,
10243,10496,10470,Tiegh.,136566,955,Abies chensiensis,,1,,,,,,,
10243,10496,10470,(Mast.) Craib,139416,955,Abies fabri,,1,,,,,,,
10243,10496,10470,Franch.,121859,955,Abies fargesii,,1,,,,,,,
10243,10496,10470,Coltm.-Rog.,136567,955,Abies forrestii,,1,,,,,,,
10243,10496,10470,Coltm.-Rog.,136567,955,Abies forrestii,,1,,,,,,,
10243,10496,10470,Coltm.-Rog.,136567,955,Abies forrestii,,1,,,,,,,
10243,10496,10470,Franch.,136565,955,Abies delavayi,,1,,,,,,,
10243,10496,10470,Mast.,139422,955,Abies recurvata,,1,,,,,,,
10243,10496,10470,Mast.,139424,955,Abies squamata,,1,,,,,,,
10243,10496,10470,(Schumach.) Baker f. & Exell,438117,961,Abutilon guineense,,1,,,,,,,
10243,10496,10470,(L.) Sweet,78,961,Abutilon indicum,,1,,,,,,,
10243,10496,10470,Hand.-Mazz.,319867,961,Abutilon paniculatum,,1,,,,,,,
10243,10496,10470,Hand.-Mazz.,319868,961,Abutilon roseum,,1,,,,,,,
10243,10496,10470,Oliv.,136568,961,Abutilon sinense,,1,,,,,,,
10243,10496,10470,Medik.,97,961,Abutilon theophrasti,,1,,,,,,,
10243,10496,10470,"(L.) Maslin, Seigler & Ebinger",428946,7253,Senegalia caesia,,1,,,,,,,
10243,10496,10470,(L.f.) P.J.H.Hurter & Mabb.,290735,7253,Senegalia catechu,,1,,,,,,,
10243,10496,10470,Merr.,123,962,Acacia confusa,,1,,,,,,,
10243,10496,10470,"(Franch.) Maslin, Seigler & Ebinger",451333,7253,Senegalia delavayi,,1,,,,,,,
10243,10496,10470,(L.) Maslin,60675,7253,Senegalia pennata,,1,,,,,,,
10243,10496,10470,(Lam.) Britton & Rose,438120,7253,Senegalia rugata,,1,,,,,,,
10243,10496,10470,"(Harms) Maslin, Seigler & Ebinger",428990,7253,Senegalia teniana,,1,,,,,,,
10243,10496,10470,"(Franch.) Maslin, Seigler & Ebinger",461080,7253,Senegalia yunnanensis,,1,,,,,,,
10243,10496,10470,Hemsl.,449829,965,Acalypha acmophylla,,1,,,,,,,
10243,10496,10470,L.,271,965,Acalypha australis,,1,,,,,,,
10243,10496,10470,(H.Lév.) C.K.Schneid.,136571,965,Acalypha mairei,,1,,,,,,,
10243,10496,10470,Pax & K.Hoffm.,453441,965,Acalypha schneideriana,,1,,,,,,,
10243,10496,10470,Hornem.,64378,965,Acalypha brachystachya,,1,,,,,,,
10243,10496,10470,(Roxb.) Blatt. & McCann,346,966,Acampe praemorsa,,1,,,,,,,
10243,10496,10470,P.C.Kao,212894,14188,Acanthochlamys bracteata,,1,,,,,,,
10243,10496,10470,Vahl,365,974,Acanthus ebracteatus,,1,,,,,,,
10243,10496,10470,Rehder,139587,976,Acer amplum,,1,,,,,,,
10243,10496,10470,Maxim.,139590,976,Acer barbinerve,,1,,,,,,,
10243,10496,10470,Miq.,372,976,Acer buergerianum,,1,,,,,,,
10243,10496,10470,Wall. ex Brandis,56638,976,Acer caesium,,1,,,,,,,
10243,10496,10470,Hook.f. & Thomson ex Hiern,373,976,Acer campbellii,,1,,,,,,,
10243,10496,10470,Gled.,376,976,Acer cappadocicum,,1,,,,,,,
10243,10496,10470,Wall.,378,976,Acer caudatum,,1,,,,,,,
10243,10496,10470,W.P.Fang,460817,976,Acer chunii,,1,,,,,,,
10243,10496,10470,Pax,136579,976,Acer cordatum,,1,,,,,,,
10243,10496,10470,H.Lév.,136582,976,Acer coriaceifolium,,1,,,,,,,
10243,10496,10470,Franch.,379,976,Acer davidii,,1,,,,,,,
10243,10496,10470,Hayata,380,976,Acer duplicatoserratum,,1,,,,,,,
10243,10496,10470,W.P.Fang & P.L.Chiu,316947,976,Acer elegantulum,,1,,,,,,,
10243,10496,10470,Schwer.,136577,976,Acer erianthum,,1,,,,,,,
10243,10496,10470,Hance,381,976,Acer fabri,,1,,,,,,,
10243,10496,10470,Hook.f. & Thomson ex Hiern,373,976,Acer campbellii,,1,,,,,,,
10243,10496,10470,Diels,451337,976,Acer forrestii,,1,,,,,,,
10243,10496,10470,Rehder,460875,976,Acer fulvescens,,1,,,,,,,
10243,10496,10470,W.P.Fang & C.C.Fu,319870,976,Acer gracilifolium,,1,,,,,,,
10243,10496,10470,(Franch.) Pax,139597,976,Acer griseum,,1,,,,,,,
10243,10496,10470,Pax,139598,976,Acer henryi,,1,,,,,,,
10243,10496,10470,W.P.Fang & C.Y.Chang,451339,976,Acer kungshanense,,1,,,,,,,
10243,10496,10470,Hu & W.C.Cheng,461081,976,Acer kwangnanense,,1,,,,,,,
10243,10496,10470,W.P.Fang & M.Y.Fang,451693,976,Acer kweilinense,,1,,,,,,,
10243,10496,10470,Wall.,121864,976,Acer laevigatum,,1,,,,,,,
10243,10496,10470,Hassk.,384,976,Acer laurinum,,1,,,,,,,
10243,10496,10470,Pax,451340,976,Acer laxiflorum,,1,,,,,,,
10243,10496,10470,W.P.Fang & Soong,317690,976,Acer leipoense,,1,,,,,,,
10243,10496,10470,Franch. ex Rehder,309273,976,Acer longipes,,1,,,,,,,
10243,10496,10470,F.P.Metcalf,385,976,Acer lucidum,,1,,,,,,,
10243,10496,10470,W.P.Fang & L.C.Hu,460876,976,Acer lungshengense,,1,,,,,,,
10243,10496,10470,Maxim.,139599,976,Acer mandshuricum,,1,,,,,,,
10243,10496,10470,Pax,460804,976,Acer maximowiczii,,1,,,,,,,
10243,10496,10470,Wall. ex DC.,389,976,Acer oblongum,,1,,,,,,,
10243,10496,10470,Pax,390,976,Acer oliverianum,,1,,,,,,,
10243,10496,10470,Franch.,136578,976,Acer paxii,,1,,,,,,,
10243,10496,10470,Wall. ex D.Don,139586,976,Acer acuminatum,,1,,,,,,,
10243,10496,10470,Diels,319871,976,Acer pentaphyllum,,1,,,,,,,
10243,10496,10470,Thunb.,393,976,Acer pictum,,1,,,,,,,
10243,10496,10470,Rehder,460732,976,Acer pubinerve,,1,,,,,,,
10243,10496,10470,Pax,136583,976,Acer robustum,,1,,,,,,,
10243,10496,10470,W.P.Fang ex C.C.Fu,316538,976,Acer shenkanense,,1,,,,,,,
10243,10496,10470,Miq.,401,976,Acer sikkimense,,1,,,,,,,
10243,10496,10470,Pax,451341,976,Acer sinense,,1,,,,,,,
10243,10496,10470,Hiern,121865,976,Acer stachyophyllum,,1,,,,,,,
10243,10496,10470,Wall.,121448,976,Acer sterculiaceum,,1,,,,,,,
10243,10496,10470,Franch.,318063,976,Acer sutchuenense,,1,,,,,,,
10243,10496,10470,L.,102221,976,Acer tataricum,,1,,,,,,,
10243,10496,10470,Pax,318064,976,Acer tenellum,,1,,,,,,,
10243,10496,10470,Miq.,449830,976,Acer thomsonii,,1,,,,,,,
10243,10496,10470,Bunge,139612,976,Acer truncatum,,1,,,,,,,
10243,10496,10470,W.P.Fang & C.C.Hsieh,460740,976,Acer tsinglingense,,1,,,,,,,
10243,10496,10470,Duthie,405,976,Acer tutcheri,,1,,,,,,,
10243,10496,10470,Trautv. & C.A.Mey.,438148,976,Acer ukurunduense,,1,,,,,,,
10243,10496,10470,Rehder,438149,976,Acer wilsonii,,1,,,,,,,
10243,10496,10470,W.P.Fang,319872,976,Acer yui,,1,,,,,,,
10243,10496,10470,L.,409,979,Achillea alpina,,1,,,,,,,
10243,10496,10470,Serg.,77296,979,Achillea asiatica,,1,,,,,,,
10243,10496,10470,Heimerl,315904,979,Achillea ledebourii,,1,,,,,,,
10243,10496,10470,L.,418,979,Achillea millefolium,,1,,,,,,,
10243,10496,10470,(Heimerl) Hand.-Mazz.,316539,979,Achillea wilsoniana,,1,,,,,,,
10243,10496,10470,(Mez) Z.L.Wu,445423,11899,Achnatherum brandisii,,1,,,,,,,
10243,10496,10470,Keng & P.C. Kuo,311615,11899,Achnatherum breviaristatum,,1,,,,,,,
10243,10496,10470,Hitchc.,226629,11901,Oryzopsis chinensis,,1,,,,,,,
10243,10496,10470,Hitchc.,227889,6568,Stipa chingii,,1,,,,,,,
10243,10496,10470,(Honda) Ohwi,452798,20075,Patis coreana,,1,,,,,,,
10243,10496,10470,(Hook.f.) M.Nobis & P.D.Gudkova,451635,13290,Ptilagrostis duthiei,,1,,,,,,,
10243,10496,10470,Rendle,227903,6568,Stipa henryi,,1,,,,,,,
10243,10496,10470,Keng f.,319873,11899,Achnatherum inaequiglume,,1,,,,,,,
10243,10496,10470,(Hance) Keng,451695,11899,Achnatherum inebrians,,1,,,,,,,
10243,10496,10470,(Honda) Tateoka,457755,11899,Achnatherum nakaii,,1,,,,,,,
10243,10496,10470,(Hance) Ohwi,438155,11899,Achnatherum pekinense,,1,,,,,,,
10243,10496,10470,Keng ex Tzvelev,319874,11899,Achnatherum psilantherum,,1,,,,,,,
10243,10496,10470,(L.) Keng ex Tzvelev,448183,11899,Achnatherum sibiricum,,1,,,,,,,
10243,10496,10470,"(Trin.) M.Nobis, P.D.Gudkova & A.Nowak",445428,20199,Neotrinia splendens,,1,,,,,,,
10243,10496,10470,L.,430,984,Achyranthes aspera,,1,,,,,,,
10243,10496,10470,Blume,431,984,Achyranthes bidentata,,1,,,,,,,
10243,10496,10470,Blume,431,984,Achyranthes bidentata,,1,,,,,,,
10243,10496,10470,Blume,438,987,Achyrospermum densiflorum,,1,,,,,,,
10243,10496,10470,Blume,438,987,Achyrospermum densiflorum,,1,,,,,,,
10243,10496,10470,(McClure) C.S.Chao & G.Y.Yang,223407,14238,Acidosasa nanunica,,1,,,,,,,
10243,10496,10470,Wall. ex G.Don,446240,3464,Geum elatum,,1,,,,,,,
10243,10496,10470,W.T.Wang & L.Q.Li,570,1006,Aconitum abietetorum,,1,,,,,,,
10243,10496,10470,Rchb.,294468,1006,Aconitum kusnezoffii,,1,,,,,,,
10243,10496,10470,Diels,319875,1006,Aconitum brachypodum,,1,,,,,,,
10243,10496,10470,(Finet & Gagnep.) Diels,319876,1006,Aconitum brevicalcaratum,,1,,,,,,,
10243,10496,10470,Hand.-Mazz.,319877,1006,Aconitum brunneum,,1,,,,,,,
10243,10496,10470,Hand.-Mazz.,319878,1006,Aconitum bulbilliferum,,1,,,,,,,
10243,10496,10470,Hand.-Mazz.,319879,1006,Aconitum campylorrhynchum,,1,,,,,,,
10243,10496,10470,Franch. ex Finet & Gagnep.,316540,1006,Aconitum cannabifolium,,1,,,,,,,
10243,10496,10470,Debeaux,139633,1006,Aconitum carmichaelii,,1,,,,,,,
10243,10496,10470,W.T.Wang,319880,1006,Aconitum changianum,,1,,,,,,,
10243,10496,10470,W.T.Wang,319881,1006,Aconitum chrysotrichum,,1,,,,,,,
10243,10496,10470,Hand.-Mazz.,319882,1006,Aconitum crassiflorum,,1,,,,,,,
10243,10496,10470,Franch.,319883,1006,Aconitum delavayi,,1,,,,,,,
10243,10496,10470,H.Lév.,319884,1006,Aconitum episcopale,,1,,,,,,,
10243,10496,10470,Hand.-Mazz.,319885,1006,Aconitum falciforme,,1,,,,,,,
10243,10496,10470,Hand.-Mazz.,316694,1006,Aconitum flavum,,1,,,,,,,
10243,10496,10470,Stapf,319886,1006,Aconitum forrestii,,1,,,,,,,
10243,10496,10470,Finet & Gagnep.,319887,1006,Aconitum franchetii,,1,,,,,,,
10243,10496,10470,H.R.Fletcher & Lauener,319888,1006,Aconitum geniculatum,,1,,,,,,,
10243,10496,10470,W.T.Wang,319889,1006,Aconitum glabrisepalum,,1,,,,,,,
10243,10496,10470,(Maxim.) Wei Wang & Z.D.Chen,451570,20363,Gymnaconitum gymnandrum,,1,,,,,,,
10243,10496,10470,W.T.Wang,319890,1006,Aconitum hamatipetalum,,1,,,,,,,
10243,10496,10470,E.Pritz.,136585,1006,Aconitum hemsleyanum,,1,,,,,,,
10243,10496,10470,E.Pritz. ex Diels,316541,1006,Aconitum henryi,,1,,,,,,,
10243,10496,10470,Hand.-Mazz.,319891,1006,Aconitum huiliense,,1,,,,,,,
10243,10496,10470,W.T.Wang,319892,1006,Aconitum incisofidum,,1,,,,,,,
10243,10496,10470,Thunb.,315238,1006,Aconitum japonicum,,1,,,,,,,
10243,10496,10470,Nakai & Kitag.,316209,1006,Aconitum jeholense,,1,,,,,,,
10243,10496,10470,Rapaics,294810,1006,Aconitum karakolicum,,1,,,,,,,
10243,10496,10470,Lauener,316849,1006,Aconitum kongboense,,1,,,,,,,
10243,10496,10470,Rchb.,294468,1006,Aconitum kusnezoffii,,1,,,,,,,
10243,10496,10470,Hand.-Mazz.,319893,1006,Aconitum legendrei,,1,,,,,,,
10243,10496,10470,Hand.-Mazz.,319893,1006,Aconitum legendrei,,1,,,,,,,
10243,10496,10470,W.T.Wang,319894,1006,Aconitum liangshanicum,,1,,,,,,,
10243,10496,10470,Hand.-Mazz.,319895,1006,Aconitum liljestrandii,,1,,,,,,,
10243,10496,10470,Hand.-Mazz.,319895,1006,Aconitum liljestrandii,,1,,,,,,,
10243,10496,10470,Stapf,136588,1006,Aconitum nagarum,,1,,,,,,,
10243,10496,10470,Hand.-Mazz.,136589,1006,Aconitum ouvrardianum,,1,,,,,,,
10243,10496,10470,P.K.Chang ex W.T.Wang,136590,1006,Aconitum pendulicarpum,,1,,,,,,,
10243,10496,10470,N.Busch,316543,1006,Aconitum pendulum,,1,,,,,,,
10243,10496,10470,Hand.-Mazz.,319896,1006,Aconitum phyllostegium,,1,,,,,,,
10243,10496,10470,Hand.-Mazz.,319897,1006,Aconitum piepunense,,1,,,,,,,
10243,10496,10470,W.T.Wang & L.Q.Li,319898,1006,Aconitum pilopetalum,,1,,,,,,,
10243,10496,10470,Hand.-Mazz.,319899,1006,Aconitum polyschistum,,1,,,,,,,
10243,10496,10470,W.T.Wang,319900,1006,Aconitum pseudobrunneum,,1,,,,,,,
10243,10496,10470,Hand.-Mazz.,136591,1006,Aconitum pulchellum,,1,,,,,,,
10243,10496,10470,Franch.,139635,1006,Aconitum racemulosum,,1,,,,,,,
10243,10496,10470,(Finet & Gagnep.) Hand.-Mazz.,318480,1006,Aconitum refractum,,1,,,,,,,
10243,10496,10470,F.H.Chen,319718,1006,Aconitum rhombifolium,,1,,,,,,,
10243,10496,10470,Kadota,319901,1006,Aconitum rilongense,,1,,,,,,,
10243,10496,10470,Franch.,136592,1006,Aconitum scaposum,,1,,,,,,,
10243,10496,10470,Turcz.,294246,1006,Aconitum sczukinii,,1,,,,,,,
10243,10496,10470,W.T.Wang,319902,1006,Aconitum secundiflorum,,1,,,,,,,
10243,10496,10470,Koelle,102498,1006,Aconitum septentrionale,,1,,,,,,,
10243,10496,10470,Nakai,312001,1006,Aconitum sinomontanum,,1,,,,,,,
10243,10496,10470,Hand.-Mazz.,319903,1006,Aconitum spiripetalum,,1,,,,,,,
10243,10496,10470,Hand.-Mazz.,319904,1006,Aconitum stapfianum,,1,,,,,,,
10243,10496,10470,W.T.Wang,319905,1006,Aconitum stylosoides,,1,,,,,,,
10243,10496,10470,(Maxim.) Stapf,319906,1006,Aconitum tanguticum,,1,,,,,,,
10243,10496,10470,Finet & Gagnep.,319907,1006,Aconitum tatsienense,,1,,,,,,,
10243,10496,10470,Ulbr.,319908,1006,Aconitum tongolense,,1,,,,,,,
10243,10496,10470,Diels,319909,1006,Aconitum transsectum,,1,,,,,,,
10243,10496,10470,Rchb.,348183,1006,Aconitum ochotense,,1,,,,,,,
10243,10496,10470,Kom.,319910,1006,Aconitum vilmorinianum,,1,,,,,,,
10243,10496,10470,Pall. ex Koelle,293975,1006,Aconitum volubile,,1,,,,,,,
10243,10496,10470,L.,579,1008,Acorus calamus,,1,,,,,,,
10243,10496,10470,L.,579,1008,Acorus calamus,,1,,,,,,,
10243,10496,10470,(B.Heyne ex Roth) Ohwi,582,1010,Acrachne racemosa,,1,,,,,,,
10243,10496,10470,(Poir.) Moq.,136596,12431,Acroglochin persicarioides,,1,,,,,,,
10243,10496,10470,H.Wolff,319911,11670,Acronema astrantiifolium,,1,,,,,,,
10243,10496,10470,Z.H.Pan & M.F.Watson,319912,11670,Acronema brevipedicellatum,,1,,,,,,,
10243,10496,10470,R.H.Shan,319913,11670,Acronema chienii,,1,,,,,,,
10243,10496,10470,H.Wolff,319914,11670,Acronema chinense,,1,,,,,,,
10243,10496,10470,H.Wolff,136597,11670,Acronema commutatum,,1,,,,,,,
10243,10496,10470,H.Wolff,319915,11670,Acronema forrestii,,1,,,,,,,
10243,10496,10470,(C.B.Clarke) H.Wolff,138526,11670,Acronema hookeri,,1,,,,,,,
10243,10496,10470,H.Wolff,319916,11670,Acronema nervosum,,1,,,,,,,
10243,10496,10470,(Franch.) H.Wolff,319917,11670,Acronema paniculatum,,1,,,,,,,
10243,10496,10470,H.Wolff,319918,11670,Acronema schneideri,,1,,,,,,,
10243,10496,10470,S.L.Liou & R.H.Shan,319919,11670,Acronema sichuanense,,1,,,,,,,
10243,10496,10470,(DC.) Edgew.,125436,11670,Acronema tenerum,,1,,,,,,,
10243,10496,10470,S.L.Liou & R.H.Shan,319920,11670,Acronema xizangense,,1,,,,,,,
10243,10496,10470,(Pic.Serm.) Li Bing Zhang,438179,2990,Dryopteris paleolata,,1,,,,,,,
10243,10496,10470,(Hance) Ching,2821,1412,Arachniodes festina,,1,,,,,,,
10243,10496,10470,H.Hara,124268,1026,Actaea asiatica,,1,,,,,,,
10243,10496,10470,(Siebold & Zucc.) Planch. ex Miq.,666,1028,Actinidia arguta,,1,,,,,,,
10243,10496,10470,Lindl.,667,1028,Actinidia callosa,,1,,,,,,,
10243,10496,10470,C.Y.Chang,318065,1028,Actinidia chengkouensis,,1,,,,,,,
10243,10496,10470,Planch.,668,1028,Actinidia chinensis,,1,,,,,,,
10243,10496,10470,Planch.,668,1028,Actinidia chinensis,,1,,,,,,,
10243,10496,10470,Hance,139669,1028,Actinidia fulvicoma,,1,,,,,,,
10243,10496,10470,C.F.Liang,139671,1028,Actinidia grandiflora,,1,,,,,,,
10243,10496,10470,Dunn,139672,1028,Actinidia hemsleyana,,1,,,,,,,
10243,10496,10470,Finet & Gagnep.,319922,1028,Actinidia holotricha,,1,,,,,,,
10243,10496,10470,(Maxim.) Maxim.,670,1028,Actinidia kolomikta,,1,,,,,,,
10243,10496,10470,(Gardner & Champ.) Merr.,671,1028,Actinidia latifolia,,1,,,,,,,
10243,10496,10470,Franch.,139679,1028,Actinidia melanandra,,1,,,,,,,
10243,10496,10470,(Finet & Gagnep.) Stapf ex Hand.Mazz.,136603,1028,Actinidia pilosula,,1,,,,,,,
10243,10496,10470,(Siebold & Zucc.) Planch. ex Maxim.,673,1028,Actinidia polygama,,1,,,,,,,
10243,10496,10470,Dunn,674,1028,Actinidia rubricaulis,,1,,,,,,,
10243,10496,10470,H.Lév.,319923,1028,Actinidia rubus,,1,,,,,,,
10243,10496,10470,(Siebold & Zucc.) Planch. ex Miq.,675,1028,Actinidia rufa,,1,,,,,,,
10243,10496,10470,C.F.Liang,317691,1028,Actinidia sorbifolia,,1,,,,,,,
10243,10496,10470,Maxim.,317912,1028,Actinidia tetramera,,1,,,,,,,
10243,10496,10470,Franch.,317692,1028,Actinidia trichogyna,,1,,,,,,,
10243,10496,10470,C.F.Liang,319924,1028,Actinidia ulmifolia,,1,,,,,,,
10243,10496,10470,Rehder,136604,1028,Actinidia venosa,,1,,,,,,,
10243,10496,10470,C.Y.Wu,319925,1028,Actinidia vitifolia,,1,,,,,,,
10243,10496,10470,C.B.Clarke,682,1031,Actinocarya tibetica,,1,,,,,,,
10243,10496,10470,(Hemsl.) Gamble,317693,1032,Actinodaphne cupularis,,1,,,,,,,
10243,10496,10470,(C.K.Allen) Kosterm.,136605,1032,Actinodaphne forrestii,,1,,,,,,,
10243,10496,10470,Yen C.Yang & P.H.Huang,319025,1032,Actinodaphne kweichowensis,,1,,,,,,,
10243,10496,10470,C.K.Allen,318483,1032,Actinodaphne lecomtei,,1,,,,,,,
10243,10496,10470,Yen C.Yang & P.H.Huang,318068,1032,Actinodaphne obscurinervia,,1,,,,,,,
10243,10496,10470,(H.Liu) C.K.Allen,139694,1032,Actinodaphne omeiensis,,1,,,,,,,
10243,10496,10470,(Lour.) Merr.,690,1032,Actinodaphne pilosa,,1,,,,,,,
10243,10496,10470,C.K.Allen,319926,1032,Actinodaphne trichocarpa,,1,,,,,,,
10243,10496,10470,Griff.,136606,12432,Actinostemma tenerum,,1,,,,,,,
10243,10496,10470,(Luerss.) Nakai,712,1041,Acystopteris japonica,,1,,,,,,,
10243,10496,10470,(Blume) Tagawa,713,1041,Acystopteris tenuisecta,,1,,,,,,,
10243,10496,10470,Wall. ex Wight,450049,2651,Cynanchum gracillimum,,1,,,,,,,
10243,10496,10470,Edgew.,738,1054,Adenocaulon himalaicum,,1,,,,,,,
10243,10496,10470,D.Y.Hong,220432,1060,Adenophora brevidiscifera,,1,,,,,,,
10243,10496,10470,Hemsl.,136607,1060,Adenophora capillaris,,1,,,,,,,
10243,10496,10470,Hemsl.,136607,1060,Adenophora capillaris,,1,,,,,,,
10243,10496,10470,Diels,136608,1060,Adenophora coelestis,,1,,,,,,,
10243,10496,10470,Franch. & Sav.,220436,1060,Adenophora divaricata,,1,,,,,,,
10243,10496,10470,(Biehler) Fisch.,220440,1060,Adenophora gmelinii,,1,,,,,,,
10243,10496,10470,Feer,220443,1060,Adenophora himalayana,,1,,,,,,,
10243,10496,10470,D.Y.Hong,220444,1060,Adenophora hubeiensis,,1,,,,,,,
10243,10496,10470,Franch.,220446,1060,Adenophora jasionifolia,,1,,,,,,,
10243,10496,10470,(Hook.f. & Thomson) Collett & Hemsl.,136609,1060,Adenophora khasiana,,1,,,,,,,
10243,10496,10470,Pax & K.Hoffm.,220450,1060,Adenophora liliifolioides,,1,,,,,,,
10243,10496,10470,D.Y.Hong,139754,1060,Adenophora lobophylla,,1,,,,,,,
10243,10496,10470,D.Y.Hong,220451,1060,Adenophora longipedicellata,,1,,,,,,,
10243,10496,10470,S.Ge & D.Y.Hong,220455,1060,Adenophora ningxianica,,1,,,,,,,
10243,10496,10470,(Fisch. ex Schult.) G.Don,749,1060,Adenophora pereskiifolia,,1,,,,,,,
10243,10496,10470,Pax & K.Hoffm.,162854,1060,Adenophora petiolata,,1,,,,,,,
10243,10496,10470,Pax & K.Hoffm.,162854,1060,Adenophora petiolata,,1,,,,,,,
10243,10496,10470,Kitag.,220457,1060,Adenophora pinifolia,,1,,,,,,,
10243,10496,10470,Nakai,162855,1060,Adenophora polyantha,,1,,,,,,,
10243,10496,10470,Korsh.,139755,1060,Adenophora potaninii,,1,,,,,,,
10243,10496,10470,(Siebold & Zucc.) Miq.,124448,1060,Adenophora remotiflora,,1,,,,,,,
10243,10496,10470,Hemsl.,220462,1060,Adenophora rupincola,,1,,,,,,,
10243,10496,10470,A.DC.,220463,1060,Adenophora sinensis,,1,,,,,,,
10243,10496,10470,(Ledeb.) Kitag.,139756,1060,Adenophora stenanthina,,1,,,,,,,
10243,10496,10470,Miq.,136610,1060,Adenophora stricta,,1,,,,,,,
10243,10496,10470,(Thunb.) A.DC.,750,1060,Adenophora triphylla,,1,,,,,,,
10243,10496,10470,(L.) Kuntze,769,1064,Adenostemma lavenia,,1,,,,,,,
10243,10496,10470,D.Don,56731,1069,Adiantum venustum,,1,,,,,,,
10243,10496,10470,Rupr.,790,1069,Adiantum capillus-junonis,,1,,,,,,,
10243,10496,10470,L.,791,1069,Adiantum capillus-veneris,,1,,,,,,,
10243,10496,10470,L.,791,1069,Adiantum capillus-veneris,,1,,,,,,,
10243,10496,10470,Franch.,316385,1069,Adiantum davidii,,1,,,,,,,
10243,10496,10470,Baker,435215,1069,Adiantum wattii,,1,,,,,,,
10243,10496,10470,Hook.,802,1069,Adiantum edgeworthii,,1,,,,,,,
10243,10496,10470,Diels,317913,1069,Adiantum erythrochlamys,,1,,,,,,,
10243,10496,10470,Ching,316386,1069,Adiantum fengianum,,1,,,,,,,
10243,10496,10470,D.Don,56731,1069,Adiantum venustum,,1,,,,,,,
10243,10496,10470,L.,803,1069,Adiantum flabellulatum,,1,,,,,,,
10243,10496,10470,Hance,316948,1069,Adiantum gravesii,,1,,,,,,,
10243,10496,10470,Blume,433606,1069,Adiantum ciliatum,,1,,,,,,,
10243,10496,10470,Baker,318486,1069,Adiantum mariesii,,1,,,,,,,
10243,10496,10470,D.C.Eaton,823,1069,Adiantum monochlamys,,1,,,,,,,
10243,10496,10470,Baker,316813,1069,Adiantum myriosorum,,1,,,,,,,
10243,10496,10470,L.,438205,1069,Adiantum philippense,,1,,,,,,,
10243,10496,10470,Schkuhr,832,1069,Adiantum pubescens,,1,,,,,,,
10243,10496,10470,L.,837,1069,Adiantum reniforme,,1,,,,,,,
10243,10496,10470,Maxim.,318069,1069,Adiantum roborowskii,,1,,,,,,,
10243,10496,10470,Forssk.,811,1069,Adiantum incisum,,1,,,,,,,
10243,10496,10470,D.Don,56731,1069,Adiantum venustum,,1,,,,,,,
10243,10496,10470,(Lam.) Franch. ex Drake,851,1070,Adina pilulifera,,1,,,,,,,
10243,10496,10470,E.Pritz. ex Diels,139760,1071,Adinandra bockiana,,1,,,,,,,
10243,10496,10470,(Hook. & Arn.) Benth. & Hook.f. ex Hance,438206,1071,Adinandra millettii,,1,,,,,,,
10243,10496,10470,Merr. ex H.L.Li,139769,1071,Adinandra nitida,,1,,,,,,,
10243,10496,10470,L.,866,1073,Adonis aestivalis,,1,,,,,,,
10243,10496,10470,Regel & Radde,867,1073,Adonis amurensis,,1,,,,,,,
10243,10496,10470,Maxim.,319929,1073,Adonis coerulea,,1,,,,,,,
10243,10496,10470,Franch.,451343,1073,Adonis davidi,,1,,,,,,,
10243,10496,10470,Franch.,318070,1073,Adonis sutchuenensis,,1,,,,,,,
10243,10496,10470,L.,870,1074,Adoxa moschatellina,,1,,,,,,,
10243,10496,10470,(L.) Blanco,887,1078,Aegiceras corniculatum,,1,,,,,,,
10243,10496,10470,L.,900,1080,Aeginetia indica,,1,,,,,,,
10243,10496,10470,H.Wolff,317058,1084,Aegopodium handelii,,1,,,,,,,
10243,10496,10470,Diels,121877,1084,Aegopodium henryi,,1,,,,,,,
10243,10496,10470,(L.) Kuntze,438215,19722,Ouret sanguinolenta,,1,,,,,,,
10243,10496,10470,Wall. ex A.DC.,972,1094,Aeschynanthus acuminatus,,1,,,,,,,
10243,10496,10470,Hemsl.,319930,1094,Aeschynanthus humilis,,1,,,,,,,
10243,10496,10470,L.,988,1095,Aeschynomene indica,,1,,,,,,,
10243,10496,10470,Bunge,139814,1096,Aesculus chinensis,,1,,,,,,,
10243,10496,10470,Griff.,121880,1096,Aesculus assamica,,1,,,,,,,
10243,10496,10470,(Roxb.) D.J.Middleton,2086,1256,Amphineurion marginatum,,1,,,,,,,
10243,10496,10470,H.Lév.,1026,1107,Aganosma schlechteriana,,1,,,,,,,
10243,10496,10470,(Fisch. & C.A.Mey.) Kuntze,1034,1111,Agastache rugosa,,1,,,,,,,
10243,10496,10470,Lour.,1148,1120,Aglaia odorata,,1,,,,,,,
10243,10496,10470,Nakai,124289,1127,Agrimonia coreana,,1,,,,,,,
10243,10496,10470,Koidz.,1186,1127,Agrimonia nipponica,,1,,,,,,,
10243,10496,10470,Ledeb.,1188,1127,Agrimonia pilosa,,1,,,,,,,
10243,10496,10470,(Poir.) P.Fourn.,47395,7151,× Agropogon lutosus,,1,,,,,,,
10243,10496,10470,(L.) Gaertn.,1193,1128,Agropyron cristatum,,1,,,,,,,
10243,10496,10470,Buse,1227,1130,Agrostis infirma,,1,,,,,,,
10243,10496,10470,Munro ex Hook.f.,136626,1130,Agrostis brachiata,,1,,,,,,,
10243,10496,10470,L.,1209,1130,Agrostis canina,,1,,,,,,,
10243,10496,10470,L.,1210,1130,Agrostis capillaris,,1,,,,,,,
10243,10496,10470,Trin.,1213,1130,Agrostis clavata,,1,,,,,,,
10243,10496,10470,(Tzvelev) Tzvelev,223460,1130,Agrostis dshungarica,,1,,,,,,,
10243,10496,10470,Roth,1221,1130,Agrostis gigantea,,1,,,,,,,
10243,10496,10470,C.B.Clarke ex Hook.f.,136624,1130,Agrostis hookeriana,,1,,,,,,,
10243,10496,10470,Rendle,223470,1130,Agrostis hugoniana,,1,,,,,,,
10243,10496,10470,Buse,1227,1130,Agrostis infirma,,1,,,,,,,
10243,10496,10470,Steud.,136623,1130,Agrostis micrantha,,1,,,,,,,
10243,10496,10470,Nees ex Trin.,138528,1130,Agrostis nervosa,,1,,,,,,,
10243,10496,10470,Trin.,1250,1130,Agrostis pilosula,,1,,,,,,,
10243,10496,10470,S.M.Phillips & S.L.Lu,223500,1130,Agrostis sinocontracta,,1,,,,,,,
10243,10496,10470,L.Liu ex S.M.Phillips & S.L.Lu,223501,1130,Agrostis sinorupestris,,1,,,,,,,
10243,10496,10470,Buse,1227,1130,Agrostis infirma,,1,,,,,,,
10243,10496,10470,L.,1260,1130,Agrostis stolonifera,,1,,,,,,,
10243,10496,10470,Schreb.,1268,1130,Agrostis vinealis,,1,,,,,,,
10243,10496,10470,(Champ. ex Benth.) Masam.,1296,1134,Aidia canthioides,,1,,,,,,,
10243,10496,10470,Lour.,1297,1134,Aidia cochinchinensis,,1,,,,,,,
10243,10496,10470,(Mill.) Swingle,1307,1135,Ailanthus altissima,,1,,,,,,,
10243,10496,10470,(Mill.) Swingle,1307,1135,Ailanthus altissima,,1,,,,,,,
10243,10496,10470,Sch.Bip.,1311,1136,Ainsliaea acerifolia,,1,,,,,,,
10243,10496,10470,C.C.Chang,319931,1136,Ainsliaea angustata,,1,,,,,,,
10243,10496,10470,Hook.f. & Thomson ex C.B.Clarke,1312,1136,Ainsliaea angustifolia,,1,,,,,,,
10243,10496,10470,Merr.,1314,1136,Ainsliaea chapaensis,,1,,,,,,,
10243,10496,10470,C.C.Chang,319932,1136,Ainsliaea crassifolia,,1,,,,,,,
10243,10496,10470,Hand.-Mazz.,319933,1136,Ainsliaea foliosa,,1,,,,,,,
10243,10496,10470,Champ. ex Benth.,1315,1136,Ainsliaea fragrans,,1,,,,,,,
10243,10496,10470,Hemsl.,316210,1136,Ainsliaea glabra,,1,,,,,,,
10243,10496,10470,Franch.,317694,1136,Ainsliaea gracilis,,1,,,,,,,
10243,10496,10470,Franch.,317695,1136,Ainsliaea grossedentata,,1,,,,,,,
10243,10496,10470,Diels,438247,1136,Ainsliaea henryi,,1,,,,,,,
10243,10496,10470,Hemsl.,316210,1136,Ainsliaea glabra,,1,,,,,,,
10243,10496,10470,(D.Don) Sch.Bip.,1316,1136,Ainsliaea latifolia,,1,,,,,,,
10243,10496,10470,(D.Don) Sch.Bip.,1316,1136,Ainsliaea latifolia,,1,,,,,,,
10243,10496,10470,(Mattf.) Y.C.Tseng,317059,1136,Ainsliaea macrocephala,,1,,,,,,,
10243,10496,10470,Hayata,1317,1136,Ainsliaea macroclinidioides,,1,,,,,,,
10243,10496,10470,H.Lév.,319935,1136,Ainsliaea mairei,,1,,,,,,,
10243,10496,10470,Beauverd,423248,1136,Ainsliaea bonatii,,1,,,,,,,
10243,10496,10470,Champ. ex Benth.,1315,1136,Ainsliaea fragrans,,1,,,,,,,
10243,10496,10470,Beauverd,423248,1136,Ainsliaea bonatii,,1,,,,,,,
10243,10496,10470,Y.C.Tseng,319938,1136,Ainsliaea nana,,1,,,,,,,
10243,10496,10470,Franch.,319939,1136,Ainsliaea nervosa,,1,,,,,,,
10243,10496,10470,Franch.,319940,1136,Ainsliaea pertyoides,,1,,,,,,,
10243,10496,10470,Hemsl.,318071,1136,Ainsliaea ramosa,,1,,,,,,,
10243,10496,10470,Merr.,451344,1136,Ainsliaea reflexa,,1,,,,,,,
10243,10496,10470,Champ. ex Benth.,1315,1136,Ainsliaea fragrans,,1,,,,,,,
10243,10496,10470,C.C.Chang,319941,1136,Ainsliaea rubrinervis,,1,,,,,,,
10243,10496,10470,Mattf.,319942,1136,Ainsliaea smithii,,1,,,,,,,
10243,10496,10470,Vaniot,136634,1136,Ainsliaea spicata,,1,,,,,,,
10243,10496,10470,Hemsl.,316210,1136,Ainsliaea glabra,,1,,,,,,,
10243,10496,10470,Hemsl.,316210,1136,Ainsliaea glabra,,1,,,,,,,
10243,10496,10470,Hook.f.,1319,1136,Ainsliaea walkeri,,1,,,,,,,
10243,10496,10470,Franch.,136635,1136,Ainsliaea yunnanensis,,1,,,,,,,
10243,10496,10470,(Diels) Y.Ling & C.Shih,461082,9159,Ajania adenanthum,,1,,,,,,,
10243,10496,10470,(Franch. ex Hand.-Mazz.) Y.Ling & C.Shih,319944,9159,Ajania breviloba,,1,,,,,,,
10243,10496,10470,(Ledeb.) Poljakov,70625,9159,Ajania fruticulosa,,1,,,,,,,
10243,10496,10470,(Dunn) C.Shih,316697,9159,Ajania khartensis,,1,,,,,,,
10243,10496,10470,(Franch.) Ling ex C.Shih,319945,9159,Ajania myriantha,,1,,,,,,,
10243,10496,10470,C.Shih,461083,9159,Ajania nitida,,1,,,,,,,
10243,10496,10470,(Wall. ex DC.) Muldashev,319947,9159,Ajania nubigena,,1,,,,,,,
10243,10496,10470,(Fisch. ex Besser) Poljakov,77306,9159,Ajania pallasiana,,1,,,,,,,
10243,10496,10470,(Grun.) Ling,139906,9159,Ajania parviflora,,1,,,,,,,
10243,10496,10470,(Krasch.) Poljakov,319720,9159,Ajania potaninii,,1,,,,,,,
10243,10496,10470,Poljakov,461084,9159,Ajania przewalskii,,1,,,,,,,
10243,10496,10470,(W.W.Sm.) Y.Ling & C.Shih,319949,9159,Ajania quercifolia,,1,,,,,,,
10243,10496,10470,(C.C.Chang) C.Shih,319950,9159,Ajania ramosa,,1,,,,,,,
10243,10496,10470,(Hand.-Mazz.) Y.Ling & C.Shih,317915,9159,Ajania remotipinna,,1,,,,,,,
10243,10496,10470,(Mattf.) Poljakov,319951,9159,Ajania salicifolia,,1,,,,,,,
10243,10496,10470,(Hook.f. & Thomson ex C.B.Clarke) Tzvelev,70630,9159,Ajania tibetica,,1,,,,,,,
10243,10496,10470,Y.Ling & C.Shih,461085,9159,Ajania tripinnatisecta,,1,,,,,,,
10243,10496,10470,(C.C.Chang) Tzvelev,318074,9159,Ajania variifolia,,1,,,,,,,
10243,10496,10470,Buch.-Ham. ex D.Don,1341,1143,Ajuga integrifolia,,1,,,,,,,
10243,10496,10470,C.Y.Wu & C.Chen,159554,1143,Ajuga campylanthoides,,1,,,,,,,
10243,10496,10470,Bunge,139907,1143,Ajuga ciliata,,1,,,,,,,
10243,10496,10470,Thunb.,1339,1143,Ajuga decumbens,,1,,,,,,,
10243,10496,10470,Diels,136637,1143,Ajuga forrestii,,1,,,,,,,
10243,10496,10470,D.Don,121457,1143,Ajuga lobata,,1,,,,,,,
10243,10496,10470,Maxim.,159565,1143,Ajuga lupulina,,1,,,,,,,
10243,10496,10470,Bunge,159568,1143,Ajuga multiflora,,1,,,,,,,
10243,10496,10470,Makino,125186,1143,Ajuga nipponensis,,1,,,,,,,
10243,10496,10470,Diels,159569,1143,Ajuga nubigena,,1,,,,,,,
10243,10496,10470,Bureau & Franch.,159572,1143,Ajuga ovalifolia,,1,,,,,,,
10243,10496,10470,W.W.Sm.,159579,1143,Ajuga sciaphila,,1,,,,,,,
10243,10496,10470,(Thunb. ex Houtt.) Decne.,1352,1144,Akebia quinata,,1,,,,,,,
10243,10496,10470,(Thunb.) Koidz.,1353,1144,Akebia trifoliata,,1,,,,,,,
10243,10496,10470,(Lour.) Harms,1356,1146,Alangium chinense,,1,,,,,,,
10243,10496,10470,Oliv.,438252,1146,Alangium faberi,,1,,,,,,,
10243,10496,10470,(Siebold & Zucc.) Harms,124310,1146,Alangium platanifolium,,1,,,,,,,
10243,10496,10470,(Steud.) I.C.Nielson ex H.Hara,120954,1150,Albizia lucidior,,1,,,,,,,
10243,10496,10470,(Osbeck) Merr.,1374,1150,Albizia chinensis,,1,,,,,,,
10243,10496,10470,Durazz.,1379,1150,Albizia julibrissin,,1,,,,,,,
10243,10496,10470,(Roxb.) Prain,1380,1150,Albizia kalkora,,1,,,,,,,
10243,10496,10470,Durazz.,1379,1150,Albizia julibrissin,,1,,,,,,,
10243,10496,10470,(L.f.) Benth.,1384,1150,Albizia odoratissima,,1,,,,,,,
10243,10496,10470,Neygenf.,1403,1153,Alchemilla glabra,,1,,,,,,,
10243,10496,10470,Opiz,1411,1153,Alchemilla monticola,,1,,,,,,,
10243,10496,10470,Nakai & H.Hara,139934,1153,Alchemilla japonica,,1,,,,,,,
10243,10496,10470,Franch.,159616,1154,Alchornea davidii,,1,,,,,,,
10243,10496,10470,(Benth.) Müll.Arg.,1426,1154,Alchornea tiliifolia,,1,,,,,,,
10243,10496,10470,(Benth.) Müll.Arg.,1427,1154,Alchornea trewioides,,1,,,,,,,
10243,10496,10470,(Hook.f. & Thomson) Noot.,27410,4484,Magnolia cathcartii,,1,,,,,,,
10243,10496,10470,(Benth.) Merr.,451460,1156,Alectra avensis,,1,,,,,,,
10243,10496,10470,Diels,136641,1159,Aletris alpestris,,1,,,,,,,
10243,10496,10470,F.T.Wang & Tang,213004,1159,Aletris capitata,,1,,,,,,,
10243,10496,10470,F.T.Wang & Tang,213005,1159,Aletris cinerascens,,1,,,,,,,
10243,10496,10470,Bureau & Franch.,138352,1159,Aletris glabra,,1,,,,,,,
10243,10496,10470,Bureau & Franch.,213009,1159,Aletris glandulifera,,1,,,,,,,
10243,10496,10470,Rendle,136642,1159,Aletris gracilis,,1,,,,,,,
10243,10496,10470,Bureau & Franch.,139946,1159,Aletris laxiflora,,1,,,,,,,
10243,10496,10470,(Klotzsch) Hand.-Mazz.,123522,1159,Aletris pauciflora,,1,,,,,,,
10243,10496,10470,F.T.Wang & Tang,213012,1159,Aletris pedicellata,,1,,,,,,,
10243,10496,10470,(Thunb.) Franch.,1441,1159,Aletris spicata,,1,,,,,,,
10243,10496,10470,Franch.,139947,1159,Aletris stenoloba,,1,,,,,,,
10243,10496,10470,(C.B.Clarke) Christenh.,443938,3727,Hemionitis albomarginata,,1,,,,,,,
10243,10496,10470,(Blanf.) Christenh.,438264,3727,Hemionitis anceps,,1,,,,,,,
10243,10496,10470,(Christ) Christenh.,438265,3727,Hemionitis michelii,,1,,,,,,,
10243,10496,10470,(Hook.) Christenh.,438266,3727,Hemionitis chrysophylla,,1,,,,,,,
10243,10496,10470,(C.B.Clarke) Christenh.,443938,3727,Hemionitis albomarginata,,1,,,,,,,
10243,10496,10470,(C.Presl) Fée,400445,1161,Aleuritopteris dealbata,,1,,,,,,,
10243,10496,10470,(C.Hope) Christenh.,461086,3727,Hemionitis dubia,,1,,,,,,,
10243,10496,10470,(Christ) Christenh.,460831,3727,Hemionitis duclouxii,,1,,,,,,,
10243,10496,10470,(Baker) Christenh.,458134,3727,Hemionitis duthiei,,1,,,,,,,
10243,10496,10470,(Hayata) Christenh.,438267,3727,Hemionitis formosana,,1,,,,,,,
10243,10496,10470,(Blanf.) Christenh.,445357,3727,Hemionitis grisea,,1,,,,,,,
10243,10496,10470,(Milde) Christenh.,439219,3727,Hemionitis kuhnii,,1,,,,,,,
10243,10496,10470,(Christ) Christenh.,460877,3727,Hemionitis veitchii,,1,,,,,,,
10243,10496,10470,(C.Chr.) Christenh.,460652,3727,Hemionitis niphobola,,1,,,,,,,
10243,10496,10470,(C.Chr.) Christenh.,461087,3727,Hemionitis rosulata,,1,,,,,,,
10243,10496,10470,Christenh.,461088,3727,Hemionitis gmorgana,,1,,,,,,,
10243,10496,10470,(Ching & S.K.Wu) Christenh.,460982,3727,Hemionitis sichouensis,,1,,,,,,,
10243,10496,10470,(Hook.) Christenh.,445206,3727,Hemionitis subvillosa,,1,,,,,,,
10243,10496,10470,(Hook.) Christenh.,461089,3727,Hemionitis tamburii,,1,,,,,,,
10243,10496,10470,(Christ) Christenh.,460877,3727,Hemionitis veitchii,,1,,,,,,,
10243,10496,10470,(H.S.Kung) Christenh.,461090,3727,Hemionitis yalungensis,,1,,,,,,,
10243,10496,10470,Kar. & Kir.,295103,12554,Alfredia nivea,,1,,,,,,,
10243,10496,10470,A.Braun & C.D.Bouché,1448,1163,Alisma canaliculatum,,1,,,,,,,
10243,10496,10470,L.,1452,1163,Alisma plantago-aquatica,,1,,,,,,,
10243,10496,10470,L.,1452,1163,Alisma plantago-aquatica,,1,,,,,,,
10243,10496,10470,T.Moore,14631,2878,Diplazium latifolium,,1,,,,,,,
10243,10496,10470,(Baker) C.Chr.,438273,2878,Diplazium chinense,,1,,,,,,,
10243,10496,10470,Christ,438274,2878,Diplazium conterminum,,1,,,,,,,
10243,10496,10470,(Turcz. ex Kunze) Sa.Kurata,14668,2878,Diplazium sibiricum,,1,,,,,,,
10243,10496,10470,Blume,14607,2878,Diplazium dilatatum,,1,,,,,,,
10243,10496,10470,(Luerss.) Makino,438275,2878,Diplazium doederleinii,,1,,,,,,,
10243,10496,10470,(D.Don) C.Chr.,438278,2878,Diplazium maximum,,1,,,,,,,
10243,10496,10470,Nakai,439860,2878,Diplazium hachijoense,,1,,,,,,,
10243,10496,10470,Ching,460920,2878,Diplazium heterocarpum,,1,,,,,,,
10243,10496,10470,(Ching) Panigrahi,435289,2878,Diplazium himalayense,,1,,,,,,,
10243,10496,10470,Christ,460878,2878,Diplazium hirtipes,,1,,,,,,,
10243,10496,10470,(W.M.Chu) Z.R.He,435318,2878,Diplazium jinfoshanicola,,1,,,,,,,
10243,10496,10470,Rosenst.,438277,2878,Diplazium laxifrons,,1,,,,,,,
10243,10496,10470,T.Moore,460921,2878,Diplazium longifolium,,1,,,,,,,
10243,10496,10470,(Baker) Christ,438279,2878,Diplazium megaphyllum,,1,,,,,,,
10243,10496,10470,(Miq.) C.Chr.,438280,2878,Diplazium mettenianum,,1,,,,,,,
10243,10496,10470,(W.M.Chu) Z.R.He,435319,2878,Diplazium nanchuanicum,,1,,,,,,,
10243,10496,10470,Makino,439864,2878,Diplazium okudairae,,1,,,,,,,
10243,10496,10470,(W.M.Chu ex Ching & Z.Y.Liu) R.Wei & X.C.Zhang,435320,2878,Diplazium ovatum,,1,,,,,,,
10243,10496,10470,(Christ) Fraser-Jenk.,435290,2878,Diplazium pseudosetigerum,,1,,,,,,,
10243,10496,10470,(Mett.) Matsum.,438281,2878,Diplazium squamigerum,,1,,,,,,,
10243,10496,10470,Kunze,14684,2878,Diplazium virescens,,1,,,,,,,
10243,10496,10470,(D.Don) C.Chr.,438278,2878,Diplazium maximum,,1,,,,,,,
10243,10496,10470,(Baker) Diels,460752,2878,Diplazium wheeleri,,1,,,,,,,
10243,10496,10470,(Mett.) Diels,14686,2878,Diplazium wichurae,,1,,,,,,,
10243,10496,10470,J.M.Xu,213018,1174,Allium aciphyllum,,1,,,,,,,
10243,10496,10470,Ledeb.,102453,1174,Allium anisopodium,,1,,,,,,,
10243,10496,10470,Schrenk,102458,1174,Allium atrosanguineum,,1,,,,,,,
10243,10496,10470,W.W.Sm.,139959,1174,Allium beesianum,,1,,,,,,,
10243,10496,10470,J.M.Xu,213088,1174,Allium changduense,,1,,,,,,,
10243,10496,10470,G.Don,1519,1174,Allium chinense,,1,,,,,,,
10243,10496,10470,Regel,139963,1174,Allium chrysanthum,,1,,,,,,,
10243,10496,10470,Regel,213097,1174,Allium chrysocephalum,,1,,,,,,,
10243,10496,10470,Regel,139964,1174,Allium cyaneum,,1,,,,,,,
10243,10496,10470,Bureau & Franch.,139965,1174,Allium cyathophorum,,1,,,,,,,
10243,10496,10470,Airy Shaw,213155,1174,Allium eusperma,,1,,,,,,,
10243,10496,10470,Rendle,138530,1174,Allium fasciculatum,,1,,,,,,,
10243,10496,10470,Diels,136643,1174,Allium forrestii,,1,,,,,,,
10243,10496,10470,Prokh.,213178,1174,Allium glomeratum,,1,,,,,,,
10243,10496,10470,C.H.Wright,213202,1174,Allium henryi,,1,,,,,,,
10243,10496,10470,F.T.Wang & Tang,213204,1174,Allium heteronema,,1,,,,,,,
10243,10496,10470,Thwaites,121909,1174,Allium hookeri,,1,,,,,,,
10243,10496,10470,Baker,136644,1174,Allium macranthum,,1,,,,,,,
10243,10496,10470,Bunge,1543,1174,Allium macrostemon,,1,,,,,,,
10243,10496,10470,H.Lév.,136645,1174,Allium mairei,,1,,,,,,,
10243,10496,10470,J.M.Xu,213291,1174,Allium maowenense,,1,,,,,,,
10243,10496,10470,Airy Shaw,213316,1174,Allium nanodes,,1,,,,,,,
10243,10496,10470,Z.Y.Zhu,213327,1174,Allium omeiense,,1,,,,,,,
10243,10496,10470,Hand.-Mazz.,136646,1174,Allium ovalifolium,,1,,,,,,,
10243,10496,10470,Airy Shaw,213337,1174,Allium paepalanthoides,,1,,,,,,,
10243,10496,10470,Rendle,213353,1174,Allium phariense,,1,,,,,,,
10243,10496,10470,Rendle,213357,1174,Allium plurifoliatum,,1,,,,,,,
10243,10496,10470,C.H.Wright,136647,1174,Allium prattii,,1,,,,,,,
10243,10496,10470,Regel,70452,1174,Allium przewalskianum,,1,,,,,,,
10243,10496,10470,J.M.Xu,213390,1174,Allium rude,,1,,,,,,,
10243,10496,10470,L.,102459,1174,Allium senescens,,1,,,,,,,
10243,10496,10470,Baker,138531,1174,Allium sikkimense,,1,,,,,,,
10243,10496,10470,J.M.Xu,213422,1174,Allium songpanicum,,1,,,,,,,
10243,10496,10470,Regel,213447,1174,Allium tanguticum,,1,,,,,,,
10243,10496,10470,L.,139991,1174,Allium tenuissimum,,1,,,,,,,
10243,10496,10470,G.Don,1578,1174,Allium thunbergii,,1,,,,,,,
10243,10496,10470,(F.T.Wang & Tang) J.M.Xu,213466,1174,Allium trifurcatum,,1,,,,,,,
10243,10496,10470,L.,1584,1174,Allium victorialis,,1,,,,,,,
10243,10496,10470,Kunth,120315,1174,Allium wallichii,,1,,,,,,,
10243,10496,10470,J.M.Xu,213501,1174,Allium xiangchengense,,1,,,,,,,
10243,10496,10470,J.M.Xu,213502,1174,Allium xichuanense,,1,,,,,,,
10243,10496,10470,F.T.Wang & Tang,456810,1174,Allium yueanum,,1,,,,,,,
10243,10496,10470,(R.Br.) Hitchc.,1638,1181,Alloteropsis semialata,,1,,,,,,,
10243,10496,10470,Guillaumin,1641,1184,Alniphyllum eberhardtii,,1,,,,,,,
10243,10496,10470,(Hemsl.) Makino,1642,1184,Alniphyllum fortunei,,1,,,,,,,
10243,10496,10470,Burkill,140049,1185,Alnus cremastogyne,,1,,,,,,,
10243,10496,10470,C.K.Schneid.,159676,1185,Alnus ferdinandi-coburgii,,1,,,,,,,
10243,10496,10470,(Thunb.) Steud.,1651,1185,Alnus japonica,,1,,,,,,,
10243,10496,10470,Duthie ex Bean,159679,1185,Alnus lanata,,1,,,,,,,
10243,10496,10470,(Callier) Hand.-Mazz.,451726,1185,Alnus mandschurica,,1,,,,,,,
10243,10496,10470,D.Don,47896,1185,Alnus nepalensis,,1,,,,,,,
10243,10496,10470,(Lour.) G.Don,1658,1186,Alocasia cucullata,,1,,,,,,,
10243,10496,10470,Sobol.,1687,1189,Alopecurus aequalis,,1,,,,,,,
10243,10496,10470,M.Bieb.,102426,1189,Alopecurus brachystachyus,,1,,,,,,,
10243,10496,10470,Steud.,1691,1189,Alopecurus japonicus,,1,,,,,,,
10243,10496,10470,L.,1694,1189,Alopecurus pratensis,,1,,,,,,,
10243,10496,10470,C.F.Liang & D.Fang,203002,1194,Alpinia bambusifolia,,1,,,,,,,
10243,10496,10470,Sweet,1745,1194,Alpinia roxburghii,,1,,,,,,,
10243,10496,10470,(Andrews) Roscoe,48281,1194,Alpinia calcarata,,1,,,,,,,
10243,10496,10470,(L.) Willd.,1728,1194,Alpinia galanga,,1,,,,,,,
10243,10496,10470,K.Schum.,1729,1194,Alpinia hainanensis,,1,,,,,,,
10243,10496,10470,(Thunb.) Miq.,1731,1194,Alpinia japonica,,1,,,,,,,
10243,10496,10470,(Gaertn.) Burtt,1736,1194,Alpinia nigra,,1,,,,,,,
10243,10496,10470,Hayata,1737,1194,Alpinia oblongifolia,,1,,,,,,,
10243,10496,10470,Hance,1738,1194,Alpinia officinarum,,1,,,,,,,
10243,10496,10470,T.L.Wu,1732,1194,Alpinia jianganfeng,,1,,,,,,,
10243,10496,10470,Hance,1750,1194,Alpinia stachyodes,,1,,,,,,,
10243,10496,10470,(Pers.) B.L.Burtt & R.M.Sm.,1754,1194,Alpinia zerumbet,,1,,,,,,,
10243,10496,10470,(Meisn.) H.W.Li & J.Li,428247,19770,Alseodaphnopsis petiolaris,,1,,,,,,,
10243,10496,10470,Baker,460984,1199,Alsophila costularis,,1,,,,,,,
10243,10496,10470,(Baker) Copel.,438309,3610,Gymnosphaera denticulata,,1,,,,,,,
10243,10496,10470,(Hance) Tagawa,438323,3610,Gymnosphaera metteniana,,1,,,,,,,
10243,10496,10470,(Wall. ex Hook.) R.M.Tryon,438333,1199,Alsophila spinulosa,,1,,,,,,,
10243,10496,10470,H.Lév.,159765,1200,Alstonia mairei,,1,,,,,,,
10243,10496,10470,Diels,159772,1200,Alstonia yunnanensis,,1,,,,,,,
10243,10496,10470,(L.) R.Br. ex DC.,1843,1202,Alternanthera sessilis,,1,,,,,,,
10243,10496,10470,Champ. ex Benth.,438345,4340,Liquidambar chinensis,,1,,,,,,,
10243,10496,10470,(Willd.) DC.,78286,1209,Alysicarpus rugosus,,1,,,,,,,
10243,10496,10470,Blume,1910,1212,Alyxia reinwardtii,,1,,,,,,,
10243,10496,10470,L.,1929,1216,Amaranthus blitum,,1,,,,,,,
10243,10496,10470,L.,1941,1216,Amaranthus hybridus,,1,,,,,,,
10243,10496,10470,H.W.Kung,309315,1216,Amaranthus roxburghianus,,1,,,,,,,
10243,10496,10470,(C.K.Schneid.) Chun,140140,1227,Amelanchier sinica,,1,,,,,,,
10243,10496,10470,(Hance) Pilg.,2005,1228,Amentotaxus argotaenia,,1,,,,,,,
10243,10496,10470,L.,102621,10895,Amethystea caerulea,,1,,,,,,,
10243,10496,10470,(Finet) Y.Tang & H.Peng,454018,11580,Hemipilia basifoliata,,1,,,,,,,
10243,10496,10470,(Tang & F.T.Wang) Y.Tang & H.Peng,454019,11580,Hemipilia bifoliata,,1,,,,,,,
10243,10496,10470,(Tang & F.T.Wang) Y.Tang & H.Peng,454020,11580,Hemipilia capitata,,1,,,,,,,
10243,10496,10470,(Rolfe) Y.Tang & H.Peng,454022,11580,Hemipilia faberi,,1,,,,,,,
10243,10496,10470,(K.Y.Lang) Y.Tang & H.Peng,454024,11580,Hemipilia gonggashanica,,1,,,,,,,
10243,10496,10470,"(Blume) Y.Tang, H.Peng & T.Yukawa",438358,11580,Hemipilia gracilis,,1,,,,,,,
10243,10496,10470,(Finet) Y.Tang & H.Peng,451346,11580,Hemipilia monantha,,1,,,,,,,
10243,10496,10470,"(Tang, F.T.Wang & K.Y.Lang) X.H.Jin, Schuit. & W.T.Jin",454028,5721,Ponerorchis papilionacea,,1,,,,,,,
10243,10496,10470,(Finet) Y.Tang & H.Peng,451347,11580,Hemipilia parceflora,,1,,,,,,,
10243,10496,10470,(Schltr.) Y.Tang & H.Peng,454029,11580,Hemipilia physoceras,,1,,,,,,,
10243,10496,10470,(Tang & F.T.Wang) Y.Tang & H.Peng,454031,11580,Hemipilia simplex,,1,,,,,,,
10243,10496,10470,(Finet) Y.Tang & H.Peng,451348,11580,Hemipilia tetraloba,,1,,,,,,,
10243,10496,10470,(Schltr.) Y.Tang & H.Peng,449884,11580,Hemipilia tibetica,,1,,,,,,,
10243,10496,10470,Willd.,2016,1233,Ammannia auriculata,,1,,,,,,,
10243,10496,10470,L.,2017,1233,Ammannia baccifera,,1,,,,,,,
10243,10496,10470,Roxb.,2020,1233,Ammannia multiflora,,1,,,,,,,
10243,10496,10470,(Lour.) Skornick. & A.D.Poulsen,450076,19972,Wurfbainia villosa,,1,,,,,,,
10243,10496,10470,P.Y.Liu & J.F.Chen,165613,1244,Amorphophallus albus,,1,,,,,,,
10243,10496,10470,K.Koch,136656,1244,Amorphophallus konjac,,1,,,,,,,
10243,10496,10470,(Dennst.) Nicolson,2048,1244,Amorphophallus paeoniifolius,,1,,,,,,,
10243,10496,10470,S.Y.Liu & S.J.Wei,125048,1244,Amorphophallus coaetaneus,,1,,,,,,,
10243,10496,10470,Engl. & Gehrm.,125051,1244,Amorphophallus tonkinensis,,1,,,,,,,
10243,10496,10470,Engl.,140211,1244,Amorphophallus yunnanensis,,1,,,,,,,
10243,10496,10470,(T.P.Yi) Stapleton & D.Z.Li,223541,1245,Ampelocalamus breviligulatus,,1,,,,,,,
10243,10496,10470,(C.D.Chu & C.S.Chao) D.Z.Li & Y.X.Zhang,457356,20458,Hsuehochloa calcarea,,1,,,,,,,
10243,10496,10470,(Keng f.) D.Z.Li & Stapleton,223545,1245,Ampelocalamus melicoideus,,1,,,,,,,
10243,10496,10470,(Q.Li & Xin Jiang) D.Z.Li & Stapleton,223546,1245,Ampelocalamus mianningensis,,1,,,,,,,
10243,10496,10470,(Hsueh f. & T.P.Yi) Hsueh f. & T.P.Yi,223547,1245,Ampelocalamus microphyllus,,1,,,,,,,
10243,10496,10470,(Hsueh f. & T.P.Yi) Hsueh f. & T.P.Yi,223548,1245,Ampelocalamus saxatilis,,1,,,,,,,
10243,10496,10470,Hsueh & D.Z.Li,223550,1245,Ampelocalamus yongshanensis,,1,,,,,,,
10243,10496,10470,Planch.,319960,1247,Ampelocissus artemisiifolia,,1,,,,,,,
10243,10496,10470,I.M.Turner,460710,1249,Ampelopsis wangii,,1,,,,,,,
10243,10496,10470,Bunge,140214,1249,Ampelopsis aconitifolia,,1,,,,,,,
10243,10496,10470,W.T.Wang,319961,1249,Ampelopsis acutidentata,,1,,,,,,,
10243,10496,10470,(H.Lév. & Vaniot) Rehder,136657,1249,Ampelopsis bodinieri,,1,,,,,,,
10243,10496,10470,(Hook. & Arn.) J.Wen & Z.L.Nie,438373,19239,Nekemias cantoniensis,,1,,,,,,,
10243,10496,10470,(H.Lév. & Vaniot) J.Wen & Z.L.Nie,460741,19239,Nekemias chaffanjonii,,1,,,,,,,
10243,10496,10470,Planch. ex Franch.,316213,1249,Ampelopsis delavayana,,1,,,,,,,
10243,10496,10470,(Wall.) Momiy.,2067,1249,Ampelopsis glandulosa,,1,,,,,,,
10243,10496,10470,Bunge,2069,1249,Ampelopsis humulifolia,,1,,,,,,,
10243,10496,10470,(Thunb.) Makino,315291,1249,Ampelopsis japonica,,1,,,,,,,
10243,10496,10470,(Diels & Gilg) J.Wen & Z.L.Nie,451747,19239,Nekemias megalophylla,,1,,,,,,,
10243,10496,10470,W.T.Wang,319962,1249,Ampelopsis mollifolia,,1,,,,,,,
10243,10496,10470,Planch. ex Franch.,317917,1249,Ampelopsis tomentosa,,1,,,,,,,
10243,10496,10470,(L.) Fernald,2078,1254,Amphicarpaea bracteata,,1,,,,,,,
10243,10496,10470,Benth.,438378,1254,Amphicarpaea edgeworthii,,1,,,,,,,
10243,10496,10470,Benth.,123109,1254,Amphicarpaea ferruginea,,1,,,,,,,
10243,10496,10470,(Engl.) H.Li,165721,1264,Amydrium sinense,,1,,,,,,,
10243,10496,10470,(CarriÃ¨re) de Vos ex Henry,351626,10002,Amygdalus davidiana,,1,,,,,,,
10243,10496,10470,(Carrière) Franch.,150521,5782,Prunus davidiana,,1,,,,,,,
10243,10496,10470,Rehder,140230,5782,Prunus kansuensis,,1,,,,,,,
10243,10496,10470,Koehne,136659,5782,Prunus mira,,1,,,,,,,
10243,10496,10470,Maxim.,315976,5782,Prunus mongolica,,1,,,,,,,
10243,10496,10470,(Pall.) Maxim.,316199,5782,Prunus pedunculata,,1,,,,,,,
10243,10496,10470,(Batalin) Koehne,319963,5782,Prunus tangutica,,1,,,,,,,
10243,10496,10470,Lindl.,82154,5782,Prunus triloba,,1,,,,,,,
10243,10496,10470,(L.) U.Manns & Anderb.,438386,4439,Lysimachia arvensis,,1,,,,,,,
10243,10496,10470,Lingelsh. & Borza,2171,1280,Anaphalis aureopunctata,,1,,,,,,,
10243,10496,10470,Y.L.Chen,319964,1280,Anaphalis batangensis,,1,,,,,,,
10243,10496,10470,(Franch.) Diels,316700,1280,Anaphalis bicolor,,1,,,,,,,
10243,10496,10470,(Jeffrey) C.C.Chang,317451,1280,Anaphalis bulleyana,,1,,,,,,,
10243,10496,10470,(Buch.-Ham.) DC.,56698,1280,Anaphalis busua,,1,,,,,,,
10243,10496,10470,Diels,319965,1280,Anaphalis chlamydophylla,,1,,,,,,,
10243,10496,10470,Y.Ling & W.Wang,319966,1280,Anaphalis cinerascens,,1,,,,,,,
10243,10496,10470,Y.Ling,319967,1280,Anaphalis elegans,,1,,,,,,,
10243,10496,10470,Y.Ling,319968,1280,Anaphalis flaccida,,1,,,,,,,
10243,10496,10470,Hand.-Mazz.,317918,1280,Anaphalis flavescens,,1,,,,,,,
10243,10496,10470,Hand.-Mazz.,318495,1280,Anaphalis gracilis,,1,,,,,,,
10243,10496,10470,Maxim.,312755,1280,Anaphalis hancockii,,1,,,,,,,
10243,10496,10470,Kitam.,319969,1280,Anaphalis hondae,,1,,,,,,,
10243,10496,10470,Y.Ling,319970,1280,Anaphalis hymenolepis,,1,,,,,,,
10243,10496,10470,Y.Ling & Y.L.Chen,319971,1280,Anaphalis latialata,,1,,,,,,,
10243,10496,10470,(L.) Benth. & Hook.f.,2172,1280,Anaphalis margaritacea,,1,,,,,,,
10243,10496,10470,Hayata,2174,1280,Anaphalis morrisonicola,,1,,,,,,,
10243,10496,10470,(Hand.-Mazz.) Hand.-Mazz.,319972,1280,Anaphalis muliensis,,1,,,,,,,
10243,10496,10470,(Spreng.) Hand.-Mazz.,70539,1280,Anaphalis nepalensis,,1,,,,,,,
10243,10496,10470,(Spreng.) Hand.-Mazz.,70539,1280,Anaphalis nepalensis,,1,,,,,,,
10243,10496,10470,F.H.Chen & Y.Ling,319973,1280,Anaphalis pachylaena,,1,,,,,,,
10243,10496,10470,Hand.-Mazz.,136662,1280,Anaphalis pannosa,,1,,,,,,,
10243,10496,10470,W.W.Sm.,136663,1280,Anaphalis rhododactyla,,1,,,,,,,
10243,10496,10470,Hance,2175,1280,Anaphalis sinica,,1,,,,,,,
10243,10496,10470,Diels,319974,1280,Anaphalis souliei,,1,,,,,,,
10243,10496,10470,Y.Ling & Shih,319975,1280,Anaphalis stenocephala,,1,,,,,,,
10243,10496,10470,(Hand.-Mazz.) Hand.-Mazz.,318077,1280,Anaphalis surculosa,,1,,,,,,,
10243,10496,10470,Y.Ling & Y.L.Chen,319976,1280,Anaphalis szechuanensis,,1,,,,,,,
10243,10496,10470,(C.Winkl.) B.Fedtsch.,296078,1280,Anaphalis sarawschanica,,1,,,,,,,
10243,10496,10470,Kitam.,319978,1280,Anaphalis tibetica,,1,,,,,,,
10243,10496,10470,C.C.Chang,319979,1280,Anaphalis virens,,1,,,,,,,
10243,10496,10470,H.A.Cummins,136664,1280,Anaphalis viridis,,1,,,,,,,
10243,10496,10470,(Franch.) Diels,319980,1280,Anaphalis yunnanensis,,1,,,,,,,
10243,10496,10470,(L.) M.Bieb.,2193,1286,Anchusa arvensis,,1,,,,,,,
10243,10496,10470,(Craib) Mich.Möller & A.Weber,461091,5133,Oreocharis concava,,1,,,,,,,
10243,10496,10470,(Craib) Mich.Möller & A.Weber,451352,5133,Oreocharis convexa,,1,,,,,,,
10243,10496,10470,(K.Y.Pan) Mich.Möller & A.Weber,461092,5133,Oreocharis gamosepala,,1,,,,,,,
10243,10496,10470,(W.T.Wang) Mich.Möller & A.Weber,460832,5133,Oreocharis humilis,,1,,,,,,,
10243,10496,10470,Mich.Möller & A.Weber,461093,5133,Oreocharis wangwentsaii,,1,,,,,,,
10243,10496,10470,(H.Lév. & Vaniot) H.Lév.,461094,5133,Oreocharis notochlaena,,1,,,,,,,
10243,10496,10470,(K.Y.Pan) Mich.Möller & A.Weber,461095,5133,Oreocharis rhombifolia,,1,,,,,,,
10243,10496,10470,(Hemsl.) Mich.Möller & A.Weber,460879,5133,Oreocharis saxatilis,,1,,,,,,,
10243,10496,10470,King & Pantl.,451573,3747,Herminium gracile,,1,,,,,,,
10243,10496,10470,Lindl. ex Hook.f.,451574,3747,Herminium pugioniforme,,1,,,,,,,
10243,10496,10470,"X.H.Jin, Schuit., Raskoti & Lu Q.Huang",451353,3747,Herminium wangianum,,1,,,,,,,
10243,10496,10470,(Nees) Merr.,2228,1297,Andropogon chinensis,,1,,,,,,,
10243,10496,10470,C.B.Clarke,80030,1297,Andropogon munroi,,1,,,,,,,
10243,10496,10470,Duby,71032,1298,Androsace aizoon,,1,,,,,,,
10243,10496,10470,Franch.,319986,1298,Androsace alchemilloides,,1,,,,,,,
10243,10496,10470,(Franch.) Franch.,319987,1298,Androsace axillaris,,1,,,,,,,
10243,10496,10470,Bureau & Franch.,319988,1298,Androsace bisulca,,1,,,,,,,
10243,10496,10470,Hand.-Mazz.,319989,1298,Androsace brachystegia,,1,,,,,,,
10243,10496,10470,Forrest,319990,1298,Androsace bulleyana,,1,,,,,,,
10243,10496,10470,Franch.,319991,1298,Androsace cuscutiformis,,1,,,,,,,
10243,10496,10470,Franch.,136667,1298,Androsace delavayi,,1,,,,,,,
10243,10496,10470,(Franch.) Franch.,319992,1298,Androsace dissecta,,1,,,,,,,
10243,10496,10470,Pax & K.Hoffm.,319993,1298,Androsace elatior,,1,,,,,,,
10243,10496,10470,Maxim.,136668,1298,Androsace erecta,,1,,,,,,,
10243,10496,10470,Hand.-Mazz.,319994,1298,Androsace euryantha,,1,,,,,,,
10243,10496,10470,Retz.,77308,1298,Androsace filiformis,,1,,,,,,,
10243,10496,10470,Hand.-Mazz.,319995,1298,Androsace forrestiana,,1,,,,,,,
10243,10496,10470,Hand.-Mazz.,120325,1298,Androsace gagnepainiana,,1,,,,,,,
10243,10496,10470,Watt,136669,1298,Androsace geraniifolia,,1,,,,,,,
10243,10496,10470,(L.) Roem. & Schult.,102604,1298,Androsace gmelinii,,1,,,,,,,
10243,10496,10470,Forrest ex W.W.Sm.,136670,1298,Androsace graceae,,1,,,,,,,
10243,10496,10470,Hand.-Mazz.,319996,1298,Androsace gracilis,,1,,,,,,,
10243,10496,10470,Oliv.,2249,1298,Androsace henryi,,1,,,,,,,
10243,10496,10470,(Maxim.) Hand.-Mazz.,319997,1298,Androsace integra,,1,,,,,,,
10243,10496,10470,Bonati,319998,1298,Androsace kouytchensis,,1,,,,,,,
10243,10496,10470,C.M.Hu & Y.C.Yang,318079,1298,Androsace laxa,,1,,,,,,,
10243,10496,10470,Pax & K.Hoffm.,319999,1298,Androsace limprichtii,,1,,,,,,,
10243,10496,10470,H.Lév.,320000,1298,Androsace mairei,,1,,,,,,,
10243,10496,10470,Kanitz,460653,1298,Androsace mariae,,1,,,,,,,
10243,10496,10470,(Hand.-Mazz.) C.M.Hu & Y.C.Yang,320001,1298,Androsace minor,,1,,,,,,,
10243,10496,10470,Franch.,320002,1298,Androsace mirabilis,,1,,,,,,,
10243,10496,10470,Hand.-Mazz.,136671,1298,Androsace mollis,,1,,,,,,,
10243,10496,10470,R.Knuth,320003,1298,Androsace paxiana,,1,,,,,,,
10243,10496,10470,Hand.-Mazz.,320004,1298,Androsace rigida,,1,,,,,,,
10243,10496,10470,(Franch.) R.Knuth,140276,1298,Androsace spinulifera,,1,,,,,,,
10243,10496,10470,(Petitm.) Hand.-Mazz.,320005,1298,Androsace stenophylla,,1,,,,,,,
10243,10496,10470,Franch.,320006,1298,Androsace strigillosa,,1,,,,,,,
10243,10496,10470,Hand.-Mazz.,320007,1298,Androsace sublanata,,1,,,,,,,
10243,10496,10470,Maxim.,138541,1298,Androsace tapete,,1,,,,,,,
10243,10496,10470,(Lour.) Merr.,2253,1298,Androsace umbellata,,1,,,,,,,
10243,10496,10470,W.W.Sm.,320008,1298,Androsace wardii,,1,,,,,,,
10243,10496,10470,Hand.-Mazz.,320009,1298,Androsace wilsoniana,,1,,,,,,,
10243,10496,10470,Petitm.,320010,1298,Androsace yargongensis,,1,,,,,,,
10243,10496,10470,(Petitm.) Hand.-Mazz.,138542,1298,Androsace zambalensis,,1,,,,,,,
10243,10496,10470,Bunge,140283,12578,Anemarrhena asphodeloides,,1,,,,,,,
10243,10496,10470,(Franch.) W.T.Wang,320011,15160,Anemoclema glaucifolium,,1,,,,,,,
10243,10496,10470,(Fisch. ex C.A.Mey.) Holub,448171,15034,Anemonoides altaica,,1,,,,,,,
10243,10496,10470,(Turcz.) Mosyakin,448192,19977,Anemonastrum baicalense,,1,,,,,,,
10243,10496,10470,H.Lév. & Vaniot,121917,1303,Anemone begoniifolia,,1,,,,,,,
10243,10496,10470,C.C.Chang ex W.T.Wang,461096,1303,Anemone brevistyla,,1,,,,,,,
10243,10496,10470,Kitag. ex Tamura,140284,1303,Anemone cathayensis,,1,,,,,,,
10243,10496,10470,(Franch.) Mosyakin,461097,19977,Anemonastrum coelestinum,,1,,,,,,,
10243,10496,10470,(Franch.) Starod.,451355,15034,Anemonoides davidii,,1,,,,,,,
10243,10496,10470,(Franch.) Holub,451354,15034,Anemonoides delavayi,,1,,,,,,,
10243,10496,10470,(Hook.f. & Thomson) Holub,451356,19977,Anemonastrum demissum,,1,,,,,,,
10243,10496,10470,(Turcz.) Mosyakin,448192,19977,Anemonastrum baicalense,,1,,,,,,,
10243,10496,10470,(Maxim.) Starod.,460678,15034,Anemonoides exigua,,1,,,,,,,
10243,10496,10470,(Fr.Schmidt) Mosyakin,451759,19977,Anemonastrum flaccidum,,1,,,,,,,
10243,10496,10470,(H.Lév.) Mosyakin,460654,19977,Anemonastrum geum,,1,,,,,,,
10243,10496,10470,(Hook.f. & Thomson) Holub,451575,15034,Anemonoides griffithii,,1,,,,,,,
10243,10496,10470,C.Y.Wu ex W.T.Wang,319723,1303,Anemone hokouensis,,1,,,,,,,
10243,10496,10470,(É.Lemoine) Christenh. & Byng,438436,19978,Eriocapitella hupehensis,,1,,,,,,,
10243,10496,10470,(Maxim.) Holub,461098,19977,Anemonastrum imbricatum,,1,,,,,,,
10243,10496,10470,(L.) Holub,438438,19977,Anemonastrum narcissiflorum,,1,,,,,,,
10243,10496,10470,(D.Don) Mosyakin,443915,19977,Anemonastrum obtusilobum,,1,,,,,,,
10243,10496,10470,(C.C.Chang ex W.T.Wang) Mosyakin,461099,19977,Anemonastrum patulum,,1,,,,,,,
10243,10496,10470,(Huth ex Ulbr.) Mosyakin,461100,19977,Anemonastrum prattii,,1,,,,,,,
10243,10496,10470,(Buch.-Ham. ex DC.) Christenh. & Byng,445446,19978,Eriocapitella rivularis,,1,,,,,,,
10243,10496,10470,(Ulbr.) Mosyakin,461052,19977,Anemonastrum rockii,,1,,,,,,,
10243,10496,10470,(Wall. ex Hook.f. & Thomson) Mosyakin,461101,19977,Anemonastrum rupestre,,1,,,,,,,
10243,10496,10470,(Cambess.) Christenh. & Byng,445447,19978,Eriocapitella rupicola,,1,,,,,,,
10243,10496,10470,(Makino) Holub,460679,19977,Anemonastrum shikokianum,,1,,,,,,,
10243,10496,10470,(W.T.Wang) Mosyakin,461102,19977,Anemonastrum subindivisum,,1,,,,,,,
10243,10496,10470,(W.T.Wang) Mosyakin,461103,19977,Anemonastrum subpinnatum,,1,,,,,,,
10243,10496,10470,(Maxim.) Christenh. & Byng,460680,19978,Eriocapitella tomentosa,,1,,,,,,,
10243,10496,10470,(Hook.f. & Thomson) Mosyakin,451577,19977,Anemonastrum trullifolium,,1,,,,,,,
10243,10496,10470,(Buch.-Ham. ex DC.) Nakai,438444,19978,Eriocapitella vitifolia,,1,,,,,,,
10243,10496,10470,(W.T.Wang) Mosyakin,461104,19977,Anemonastrum yulongshanicum,,1,,,,,,,
10243,10496,10470,Avé-Lall.,2311,1310,Angelica anomala,,1,,,,,,,
10243,10496,10470,R.H.Shan & C.C.Yuan,320019,1310,Angelica apaensis,,1,,,,,,,
10243,10496,10470,Fedde ex H.Wolff,320020,1310,Angelica duclouxii,,1,,,,,,,
10243,10496,10470,(R.H.Shan & C.Q.Yuan) C.Q.Yuan & R.H.Shan,316950,1310,Angelica biserrata,,1,,,,,,,
10243,10496,10470,(Hoffm.) Benth. & Hook.f. ex Franch. & Sav.,2315,1310,Angelica dahurica,,1,,,,,,,
10243,10496,10470,(Miq.) Franch. & Sav.,124437,1310,Angelica decursiva,,1,,,,,,,
10243,10496,10470,Diels,317919,1310,Angelica laxifoliata,,1,,,,,,,
10243,10496,10470,R.Shan & F.T.Pu,320021,1310,Angelica kangdingensis,,1,,,,,,,
10243,10496,10470,Diels,317919,1310,Angelica laxifoliata,,1,,,,,,,
10243,10496,10470,H.Wolff,320022,1310,Angelica likiangensis,,1,,,,,,,
10243,10496,10470,C.Q.Yuan & R.H.Shan,320023,1310,Angelica longicaudata,,1,,,,,,,
10243,10496,10470,C.Q.Yuan & R.H.Shan,320024,1310,Angelica maowenensis,,1,,,,,,,
10243,10496,10470,Diels,317699,1310,Angelica megaphylla,,1,,,,,,,
10243,10496,10470,H.Wolff,320025,1310,Angelica nitida,,1,,,,,,,
10243,10496,10470,(Oliv.) Diels,140299,1310,Angelica sinensis,,1,,,,,,,
10243,10496,10470,(Hand.-Mazz.) Pimenov & Kljuykov,461105,3743,Heracleum oncosepalum,,1,,,,,,,
10243,10496,10470,R.Shan & F.T.Pu,320027,1310,Angelica pinnatiloba,,1,,,,,,,
10243,10496,10470,Maxim.,124311,1310,Angelica polymorpha,,1,,,,,,,
10243,10496,10470,H.Boissieu,320028,1310,Angelica pseudoselinum,,1,,,,,,,
10243,10496,10470,(Oliv.) Diels,140299,1310,Angelica sinensis,,1,,,,,,,
10243,10496,10470,H.Wolff,320025,1310,Angelica nitida,,1,,,,,,,
10243,10496,10470,(H.Boissieu) Pimenov & Kljuykov,460703,14814,Hansenia forbesii,,1,,,,,,,
10243,10496,10470,Diels,319725,1310,Angelica valida,,1,,,,,,,
10243,10496,10470,Hieron.,2347,1313,Angiopteris fokiensis,,1,,,,,,,
10243,10496,10470,(Kuntze) Soják,136757,12437,Aniselytron treutleri,,1,,,,,,,
10243,10496,10470,(Baker) Ching,438601,1554,Athyrium sheareri,,1,,,,,,,
10243,10496,10470,C.Y.Wu & C.Chen,2417,1325,Anisodus acutangulus,,1,,,,,,,
10243,10496,10470,(C.Y.Wu & C.Chen) D'Arcy & Zhi Y.Zhang,138140,1325,Anisodus carniolicoides,,1,,,,,,,
10243,10496,10470,(Wall.) G.Don,438448,1325,Anisodus stramoniifolius,,1,,,,,,,
10243,10496,10470,(Maxim.) Pascher,136680,1325,Anisodus tanguticus,,1,,,,,,,
10243,10496,10470,(L.) Kuntze,2419,1326,Anisomeles indica,,1,,,,,,,
10243,10496,10470,Hook. & Arn.,2421,1327,Anisopappus chinensis,,1,,,,,,,
10243,10496,10470,(Hemsl.) B.L.Burtt & R.A.Davidson,320029,12581,Anna ophiorrhizoides,,1,,,,,,,
10243,10496,10470,(Hook. & Arn.) Druce,2485,1335,Anodendron affine,,1,,,,,,,
10243,10496,10470,Tsiang,2490,1335,Anodendron punctatum,,1,,,,,,,
10243,10496,10470,C.B.Clarke ex Hook.f.,136682,5068,Odontochilus elwesii,,1,,,,,,,
10243,10496,10470,K.Y.Lang,165977,1337,Anoectochilus emeiensis,,1,,,,,,,
10243,10496,10470,(C.S.P.Parish & Rchb.f.) Ormerod,123379,5994,Rhomboda moulmeinensis,,1,,,,,,,
10243,10496,10470,(Thunb.) Nakai,438453,5410,Persicaria filiformis,,1,,,,,,,
10243,10496,10470,Wall. ex Lindl.,122925,11735,Anthogonium gracile,,1,,,,,,,
10243,10496,10470,(Trin.) Veldkamp,440544,1351,Anthoxanthum glabrum,,1,,,,,,,
10243,10496,10470,(Griseb.) Rendle,138549,1351,Anthoxanthum hookeri,,1,,,,,,,
10243,10496,10470,(Weber) Y.Schouten & Veldkamp,131493,1351,Anthoxanthum nitens,,1,,,,,,,
10243,10496,10470,(Maxim.) Ohwi,223740,1351,Anthoxanthum sikkimense,,1,,,,,,,
10243,10496,10470,(L.) Hoffm.,2555,1352,Anthriscus sylvestris,,1,,,,,,,
10243,10496,10470,(L.) Spreng.,2590,1358,Antidesma bunius,,1,,,,,,,
10243,10496,10470,Siebold & Zucc.,2597,1358,Antidesma japonicum,,1,,,,,,,
10243,10496,10470,Blume,2602,1358,Antidesma montanum,,1,,,,,,,
10243,10496,10470,(Diels) Hand.-Mazz.,136684,12434,Antiotrema dunnianum,,1,,,,,,,
10243,10496,10470,Baker,2657,1366,Antrophyum obovatum,,1,,,,,,,
10243,10496,10470,(Thunb.) Planch.,2683,1376,Aphananthe aspera,,1,,,,,,,
10243,10496,10470,(Hook.f. & Thomson) Jafri,2706,1383,Aphragmus oxycarpus,,1,,,,,,,
10243,10496,10470,(Wall.) Benth. ex Baker,121919,1388,Apios carnea,,1,,,,,,,
10243,10496,10470,Franch.,136685,1388,Apios delavayi,,1,,,,,,,
10243,10496,10470,Maxim.,399009,1388,Apios fortunei,,1,,,,,,,
10243,10496,10470,L.,2726,1390,Apluda mutica,,1,,,,,,,
10243,10496,10470,(Pax & K.Hoffm.) F.P.Metcalf,2754,1397,Aporosa yunnanensis,,1,,,,,,,
10243,10496,10470,S.C.Huang,2776,1406,Aquilaria yunnanensis,,1,,,,,,,
10243,10496,10470,Maxim.,140509,1407,Aquilegia ecalcarata,,1,,,,,,,
10243,10496,10470,P.K.Hsiao,319727,1407,Aquilegia incurvata,,1,,,,,,,
10243,10496,10470,Trautv. & C.A.Mey.,294249,1407,Aquilegia oxysepala,,1,,,,,,,
10243,10496,10470,Munz,136686,1407,Aquilegia rockii,,1,,,,,,,
10243,10496,10470,Pall.,314142,1407,Aquilegia viridiflora,,1,,,,,,,
10243,10496,10470,Kitag.,316215,1407,Aquilegia yabeana,,1,,,,,,,
10243,10496,10470,(L.) Heynh.,2789,1409,Arabidopsis thaliana,,1,,,,,,,
10243,10496,10470,"(Maxim.) D.A.German, M.Koch, R.Karl & Al-Shehbaz",460711,20528,Borodiniopsis alaschanica,,1,,,,,,,
10243,10496,10470,Watt,320030,1410,Arabis bijuga,,1,,,,,,,
10243,10496,10470,(L.) Scop.,2793,1410,Arabis hirsuta,,1,,,,,,,
10243,10496,10470,Franch.,70659,1410,Arabis paniculata,,1,,,,,,,
10243,10496,10470,(L.) Al-Shehbaz,8528,2081,Catolobus pendulus,,1,,,,,,,
10243,10496,10470,Edgew.,138552,1410,Arabis pterosperma,,1,,,,,,,
10243,10496,10470,Franch. & Sav.,2801,1410,Arabis serrata,,1,,,,,,,
10243,10496,10470,"(Hook.f. & Thomson) Al-Shehbaz, D.A.German & M.Koch",445386,8121,Crucihimalaya tibetica,,1,,,,,,,
10243,10496,10470,(Kuhn) Ohwi,2811,1412,Arachniodes assamica,,1,,,,,,,
10243,10496,10470,(Rosenst.) Ching,2817,1412,Arachniodes chinensis,,1,,,,,,,
10243,10496,10470,(Christ) Ohwi,438487,1412,Arachniodes cavaleriei,,1,,,,,,,
10243,10496,10470,(Rosenst.) Ching,2817,1412,Arachniodes chinensis,,1,,,,,,,
10243,10496,10470,(T.Moore) Ching,318497,1412,Arachniodes coniifolia,,1,,,,,,,
10243,10496,10470,(Kunze) Ching,349909,1412,Arachniodes carvifolia,,1,,,,,,,
10243,10496,10470,(Hance) Ching,2821,1412,Arachniodes festina,,1,,,,,,,
10243,10496,10470,Sa.Kurata,2824,1412,Arachniodes hekiana,,1,,,,,,,
10243,10496,10470,(Christ) Ching,319728,1412,Arachniodes henryi,,1,,,,,,,
10243,10496,10470,(Rosenst.) Ching,2817,1412,Arachniodes chinensis,,1,,,,,,,
10243,10496,10470,(Rosenst.) Ohwi,2830,1412,Arachniodes nipponica,,1,,,,,,,
10243,10496,10470,(Wall. ex C.Presl) Ching,2834,1412,Arachniodes rhomboidea,,1,,,,,,,
10243,10496,10470,(Makino) Ohwi,2836,1412,Arachniodes simplicior,,1,,,,,,,
10243,10496,10470,(Ching) Ching,317069,1412,Arachniodes simulans,,1,,,,,,,
10243,10496,10470,(T.Moore) Ching,318497,1412,Arachniodes coniifolia,,1,,,,,,,
10243,10496,10470,(D.Don) Fraser-Jenk.,438493,1412,Arachniodes cornu-cervi,,1,,,,,,,
10243,10496,10470,Y.T.Xie,317071,1412,Arachniodes ziyunshanensis,,1,,,,,,,
10243,10496,10470,(C.Hope) M.Kato & Tsutsumi,446245,2737,Davallodes beddomei,,1,,,,,,,
10243,10496,10470,(C.Hope) M.Kato & Tsutsumi,446245,2737,Davallodes beddomei,,1,,,,,,,
10243,10496,10470,(T.Moore ex Bedd.) X.C.Zhang,457872,2736,Davallia hookeri,,1,,,,,,,
10243,10496,10470,Christ,438495,2736,Davallia perdurans,,1,,,,,,,
10243,10496,10470,(D.Don) M.Kato & Tsutsumi,424480,2737,Davallodes pulchra,,1,,,,,,,
10243,10496,10470,(D.Don) M.Kato & Tsutsumi,424480,2737,Davallodes pulchra,,1,,,,,,,
10243,10496,10470,Hand.-Mazz.,136687,1417,Aralia apioides,,1,,,,,,,
10243,10496,10470,(Wall. ex G.Don) Seem.,2852,1417,Aralia armata,,1,,,,,,,
10243,10496,10470,Franch.,166907,1417,Aralia atropurpurea,,1,,,,,,,
10243,10496,10470,Blanco,2853,1417,Aralia bipinnata,,1,,,,,,,
10243,10496,10470,Hand.-Mazz.,166908,1417,Aralia caesia,,1,,,,,,,
10243,10496,10470,L.,2856,1417,Aralia chinensis,,1,,,,,,,
10243,10496,10470,Kitag.,2857,1417,Aralia continentalis,,1,,,,,,,
10243,10496,10470,Miq.,2859,1417,Aralia dasyphylla,,1,,,,,,,
10243,10496,10470,Hance,2860,1417,Aralia decaisneana,,1,,,,,,,
10243,10496,10470,Hand.-Mazz.,140517,1417,Aralia echinocaulis,,1,,,,,,,
10243,10496,10470,(Miq.) Seem.,2861,1417,Aralia elata,,1,,,,,,,
10243,10496,10470,(W.C.Cheng) Y.F.Deng,428256,1417,Aralia wangshanensis,,1,,,,,,,
10243,10496,10470,Harms,166917,1417,Aralia henryi,,1,,,,,,,
10243,10496,10470,(DC.) J.Wen,121712,1417,Aralia leschenaultii,,1,,,,,,,
10243,10496,10470,(H.Lév.) Lauener,166922,1417,Aralia melanocarpa,,1,,,,,,,
10243,10496,10470,(D.Don) Buch.-Ham. ex Bosse,137741,1417,Aralia parasitica,,1,,,,,,,
10243,10496,10470,H.L.Li,166925,1417,Aralia plumosa,,1,,,,,,,
10243,10496,10470,Franch.,166929,1417,Aralia stipulata,,1,,,,,,,
10243,10496,10470,Seem. ex C.B.Clarke,121920,1417,Aralia thomsonii,,1,,,,,,,
10243,10496,10470,G.Hoo,166931,1417,Aralia tibetana,,1,,,,,,,
10243,10496,10470,Hand.-Mazz.,166932,1417,Aralia undulata,,1,,,,,,,
10243,10496,10470,Ha,125058,1417,Aralia vietnamensis,,1,,,,,,,
10243,10496,10470,Harms,166935,1417,Aralia wilsonii,,1,,,,,,,
10243,10496,10470,Franch.,166936,1417,Aralia yunnanensis,,1,,,,,,,
10243,10496,10470,Lecomte,320031,1423,Arceuthobium chinense,,1,,,,,,,
10243,10496,10470,(DC.) M.Bieb.,2896,1423,Arceuthobium oxycedri,,1,,,,,,,
10243,10496,10470,Hawksw. & Wiens,320032,1423,Arceuthobium pini,,1,,,,,,,
10243,10496,10470,(H.S.Kiu) Hawksw. & Wiens,320033,1423,Arceuthobium sichuanense,,1,,,,,,,
10243,10496,10470,"(Quan Xia, J.Z.Sun & Z.X.Peng) Christenh.",451778,1144,Akebia apetala,,1,,,,,,,
10243,10496,10470,G.L.Chu,320034,15161,Archiatriplex nanpinensis,,1,,,,,,,
10243,10496,10470,L.,2939,1435,Arctium lappa,,1,,,,,,,
10243,10496,10470,(L.) Nied.,2955,1440,Arctous alpina,,1,,,,,,,
10243,10496,10470,(Rehder & E.H.Wilson) Nakai,130449,1440,Arctous rubra,,1,,,,,,,
10243,10496,10470,M.I.Sheh & R.H.Shan,320035,15106,Arcuatopterus linearifolius,,1,,,,,,,
10243,10496,10470,(C.B.Clarke) Pimenov & Ostr.,316852,15106,Arcuatopterus sikkimensis,,1,,,,,,,
10243,10496,10470,M.I.Sheh & R.H.Shan,320036,15106,Arcuatopterus thalictrioideus,,1,,,,,,,
10243,10496,10470,(E.Walker) C.T.Wu & C.Chen,2957,1441,Ardisia aberrans,,1,,,,,,,
10243,10496,10470,Diels,316953,1441,Ardisia brevicaulis,,1,,,,,,,
10243,10496,10470,Hemsl.,125244,1441,Ardisia caudata,,1,,,,,,,
10243,10496,10470,Blume,2972,1441,Ardisia cymosa,,1,,,,,,,
10243,10496,10470,Sims,2970,1441,Ardisia crenata,,1,,,,,,,
10243,10496,10470,(Thunb.) A.DC.,2971,1441,Ardisia crispa,,1,,,,,,,
10243,10496,10470,E.Walker,136689,1441,Ardisia ensifolia,,1,,,,,,,
10243,10496,10470,Hemsl.,2980,1441,Ardisia faberi,,1,,,,,,,
10243,10496,10470,(Thunb.) Blume,2988,1441,Ardisia japonica,,1,,,,,,,
10243,10496,10470,D.Dietr.,2989,1441,Ardisia lindleyana,,1,,,,,,,
10243,10496,10470,Hance,2993,1441,Ardisia mamillata,,1,,,,,,,
10243,10496,10470,Mez,2999,1441,Ardisia obtusa,,1,,,,,,,
10243,10496,10470,A.DC.,3007,1441,Ardisia pusilla,,1,,,,,,,
10243,10496,10470,Blume,3008,1441,Ardisia quinquegona,,1,,,,,,,
10243,10496,10470,D.Don,3016,1441,Ardisia thyrsiflora,,1,,,,,,,
10243,10496,10470,(Tsui ex L.H.Zhou) Rabeler & W.L.Wagner,461106,20193,Odontostemma auricomum,,1,,,,,,,
10243,10496,10470,(Franch.) Sadeghian & Zarre,461107,20193,Odontostemma barbatum,,1,,,,,,,
10243,10496,10470,(L.H.Zhou) Dillenb. & Kadereit,461108,3152,Eremogone baxoiensis,,1,,,,,,,
10243,10496,10470,(Tsui & L.H.Zhou) Sadeghian & Zarre,461109,3152,Eremogone brevipetala,,1,,,,,,,
10243,10496,10470,(Fernald) Pusalkar & D.K.Singh,445352,3152,Eremogone bryophylla,,1,,,,,,,
10243,10496,10470,Benth. ex G.Don,451359,20193,Odontostemma glandulosum,,1,,,,,,,
10243,10496,10470,(Franch.) Rabeler & W.L.Wagner,451360,20193,Odontostemma delavayi,,1,,,,,,,
10243,10496,10470,Wall. ex Edgew. & Hook.f.,138555,1444,Arenaria densissima,,1,,,,,,,
10243,10496,10470,(C.Y.Wu ex L.H.Zhou) Rabeler & W.L.Wagner,461110,20193,Odontostemma dimorphitrichum,,1,,,,,,,
10243,10496,10470,(Pax & K.Hoffm.) Rabeler & W.L.Wagner,461111,20193,Odontostemma dsharaense,,1,,,,,,,
10243,10496,10470,(W.W.Sm.) Rabeler & W.L.Wagner,451361,20193,Odontostemma euodontum,,1,,,,,,,
10243,10496,10470,(Benth.) Pusalkar & D.K.Singh,445200,3152,Eremogone festucoides,,1,,,,,,,
10243,10496,10470,(C.Y.Wu ex L.H.Zhou) Rabeler & W.L.Wagner,461112,20193,Odontostemma filipes,,1,,,,,,,
10243,10496,10470,Mattf.,320044,1444,Arenaria fimbriata,,1,,,,,,,
10243,10496,10470,(Diels) Rabeler,461113,20194,Shivparvatia forrestii,,1,,,,,,,
10243,10496,10470,C.Y.Wu,320046,1444,Arenaria galliformis,,1,,,,,,,
10243,10496,10470,(Tsui ex L.H.Zhou) Rabeler & W.L.Wagner,461053,3152,Eremogone haitzeshanensis,,1,,,,,,,
10243,10496,10470,(W.W.Sm.) Rabeler & W.L.Wagner,461114,20193,Odontostemma inornatum,,1,,,,,,,
10243,10496,10470,(H.Lév.) Rabeler & W.L.Wagner,461115,20193,Odontostemma mairei,,1,,,,,,,
10243,10496,10470,(Diels) Sadeghian & Zarre,461116,20193,Odontostemma ionandrum,,1,,,,,,,
10243,10496,10470,(F.N.Williams) Rabeler & W.L.Wagner,461117,3152,Eremogone ischnophylla,,1,,,,,,,
10243,10496,10470,(Maxim.) Dillenb. & Kadereit,446225,3152,Eremogone kansuensis,,1,,,,,,,
10243,10496,10470,(L.H.Zhou) Rabeler & W.L.Wagner,461118,3152,Eremogone lancangensis,,1,,,,,,,
10243,10496,10470,(Mattf.) Rabeler & W.L.Wagner,461119,20193,Odontostemma leucasterium,,1,,,,,,,
10243,10496,10470,(C.Y.Wu ex L.H.Zhou) Rabeler & W.L.Wagner,461120,20193,Odontostemma longipes,,1,,,,,,,
10243,10496,10470,(C.Y.Wu ex L.H.Zhou) Rabeler & W.L.Wagner,461121,20193,Odontostemma longipetiolatum,,1,,,,,,,
10243,10496,10470,(Franch.) Rabeler & W.L.Wagner,461122,20193,Odontostemma longistylum,,1,,,,,,,
10243,10496,10470,(Maxim.) Mattf.,320056,1444,Arenaria melanandra,,1,,,,,,,
10243,10496,10470,(F.N.Williams) Satish Chandra & D.S.Rawat,451584,20194,Shivparvatia melandryiformis,,1,,,,,,,
10243,10496,10470,C.Y.Wu ex L.H.Zhou,320057,1444,Arenaria microstella,,1,,,,,,,
10243,10496,10470,(C.Y.Wu ex L.H.Zhou) Rabeler & W.L.Wagner,461123,20193,Odontostemma minimum,,1,,,,,,,
10243,10496,10470,(F.N.Williams) Satish Chandra & D.S.Rawat,461124,20194,Shivparvatia monantha,,1,,,,,,,
10243,10496,10470,(Mattf.) Rabeler & W.L.Wagner,461125,20193,Odontostemma moniliferum,,1,,,,,,,
10243,10496,10470,Kozhevn.,460753,6523,Stellaria williamsiana,,1,,,,,,,
10243,10496,10470,(Franch.) Rabeler & W.L.Wagner,461126,20193,Odontostemma napuligerum,,1,,,,,,,
10243,10496,10470,(C.Y.Wu ex L.H.Zhou) Rabeler & W.L.Wagner,461127,20193,Odontostemma omeiense,,1,,,,,,,
10243,10496,10470,Royle ex Edgew. & Hook.f.,79928,1444,Arenaria orbiculata,,1,,,,,,,
10243,10496,10470,Hook.f.,138562,1444,Arenaria oreophila,,1,,,,,,,
10243,10496,10470,(W.W.Sm.) Sadeghian & Zarre,451364,20193,Odontostemma pogonanthum,,1,,,,,,,
10243,10496,10470,Edgew.,138355,1444,Arenaria polytrichoides,,1,,,,,,,
10243,10496,10470,"(C.Y.Wu, L.H.Zhou & W.L.Wagner) Rabeler & W.L.Wagner",461128,20193,Odontostemma pseudostellaria,,1,,,,,,,
10243,10496,10470,(Maxim.) Rabeler & W.L.Wagner,461054,20193,Odontostemma quadridentatum,,1,,,,,,,
10243,10496,10470,(F.N.Williams) Rabeler,461129,20194,Shivparvatia ramellata,,1,,,,,,,
10243,10496,10470,(Hand.-Mazz.) Rabeler & W.L.Wagner,461130,20193,Odontostemma reductum,,1,,,,,,,
10243,10496,10470,(Pax & K.Hoffm.) Rabeler,461131,20194,Shivparvatia rhodantha,,1,,,,,,,
10243,10496,10470,(Maxim.) Rabeler & W.L.Wagner,461132,3152,Eremogone roborowskii,,1,,,,,,,
10243,10496,10470,(Sprague) Sadeghian & Zarre,449886,20193,Odontostemma roseiflorum,,1,,,,,,,
10243,10496,10470,(Maxim.) Rabeler & W.L.Wagner,445353,20193,Odontostemma saginoides,,1,,,,,,,
10243,10496,10470,L.,3081,1444,Arenaria serpyllifolia,,1,,,,,,,
10243,10496,10470,(C.Y.Wu ex L.H.Zhou) Rabeler & W.L.Wagner,451367,20193,Odontostemma setiferum,,1,,,,,,,
10243,10496,10470,(C.Y.Wu ex L.H.Zhou) Rabeler & W.L.Wagner,460833,20193,Odontostemma spathulifolium,,1,,,,,,,
10243,10496,10470,(Franch.) Sadeghian & Zarre,451368,20193,Odontostemma trichophorum,,1,,,,,,,
10243,10496,10470,(C.Y.Wu ex L.H.Zhou) Rabeler & W.L.Wagner,461133,20193,Odontostemma trichophyllum,,1,,,,,,,
10243,10496,10470,(Hand.-Mazz.) Rabeler & W.L.Wagner,461134,20193,Odontostemma weissianum,,1,,,,,,,
10243,10496,10470,(W.W.Sm.) Rabeler & W.L.Wagner,460834,20193,Odontostemma xerophilum,,1,,,,,,,
10243,10496,10470,(Franch.) Rabeler & W.L.Wagner,461135,20193,Odontostemma yunnanense,,1,,,,,,,
10243,10496,10470,Griff.,3101,1445,Arenga westerhoutii,,1,,,,,,,
10243,10496,10470,C.Y.Wu,317529,1455,Argyreia eriocephala,,1,,,,,,,
10243,10496,10470,(Craib) Craib,320071,1455,Argyreia henryi,,1,,,,,,,
10243,10496,10470,Choisy,120978,1455,Argyreia wallichii,,1,,,,,,,
10243,10496,10470,Maxim.,3183,1462,Arisaema amurense,,1,,,,,,,
10243,10496,10470,H.Li,136702,1462,Arisaema aridum,,1,,,,,,,
10243,10496,10470,N.E.Br.,136706,1462,Arisaema asperatum,,1,,,,,,,
10243,10496,10470,Buchet,136703,1462,Arisaema auriculatum,,1,,,,,,,
10243,10496,10470,Hand.-Mazz.,461136,1462,Arisaema bathycoleum,,1,,,,,,,
10243,10496,10470,Engl.,167137,1462,Arisaema bockii,,1,,,,,,,
10243,10496,10470,Schott,3184,1462,Arisaema consanguineum,,1,,,,,,,
10243,10496,10470,Buchet,167210,1462,Arisaema souliei,,1,,,,,,,
10243,10496,10470,W.W.Sm.,136707,1462,Arisaema candidissimum,,1,,,,,,,
10243,10496,10470,H.Li,167143,1462,Arisaema ciliatum,,1,,,,,,,
10243,10496,10470,Buchet,167144,1462,Arisaema clavatum,,1,,,,,,,
10243,10496,10470,Schott,121469,1462,Arisaema concinnum,,1,,,,,,,
10243,10496,10470,Schott,3184,1462,Arisaema consanguineum,,1,,,,,,,
10243,10496,10470,Buchet,136711,1462,Arisaema elephas,,1,,,,,,,
10243,10496,10470,(Wall.) Schott,125494,1462,Arisaema erubescens,,1,,,,,,,
10243,10496,10470,H.Hara,167152,1462,Arisaema exappendiculatum,,1,,,,,,,
10243,10496,10470,Buchet,136705,1462,Arisaema fargesii,,1,,,,,,,
10243,10496,10470,(Forssk.) Schott,56552,1462,Arisaema flavum,,1,,,,,,,
10243,10496,10470,Engl.,136712,1462,Arisaema franchetianum,,1,,,,,,,
10243,10496,10470,Schott,121470,1462,Arisaema griffithii,,1,,,,,,,
10243,10496,10470,Stapf ex Hand.-Mazz.,136713,1462,Arisaema handelii,,1,,,,,,,
10243,10496,10470,Blume,124369,1462,Arisaema heterophyllum,,1,,,,,,,
10243,10496,10470,Hand.-Mazz.,167156,1462,Arisaema hunanense,,1,,,,,,,
10243,10496,10470,Buchet,136703,1462,Arisaema auriculatum,,1,,,,,,,
10243,10496,10470,Blume,125495,1462,Arisaema intermedium,,1,,,,,,,
10243,10496,10470,W.W.Sm.,167169,1462,Arisaema lichiangense,,1,,,,,,,
10243,10496,10470,Engl.,136715,1462,Arisaema lobatum,,1,,,,,,,
10243,10496,10470,Buchet,167174,1462,Arisaema meleagris,,1,,,,,,,
10243,10496,10470,N.E.Br. ex Hemsl.,167191,1462,Arisaema parvum,,1,,,,,,,
10243,10496,10470,Schott,136708,1462,Arisaema decipiens,,1,,,,,,,
10243,10496,10470,Buchet,136711,1462,Arisaema elephas,,1,,,,,,,
10243,10496,10470,(Thunb.) Schott,3191,1462,Arisaema ringens,,1,,,,,,,
10243,10496,10470,Buchet,136717,1462,Arisaema saxatile,,1,,,,,,,
10243,10496,10470,K.Krause,167207,1462,Arisaema sinii,,1,,,,,,,
10243,10496,10470,Engl.,167138,1462,Arisaema bonatianum,,1,,,,,,,
10243,10496,10470,Buchet,167210,1462,Arisaema souliei,,1,,,,,,,
10243,10496,10470,(Wall.) Schott,79897,1462,Arisaema tortuosum,,1,,,,,,,
10243,10496,10470,Hook.f.,121473,1462,Arisaema wattii,,1,,,,,,,
10243,10496,10470,Buchet,167210,1462,Arisaema souliei,,1,,,,,,,
10243,10496,10470,Buchet,136722,1462,Arisaema yunnanense,,1,,,,,,,
10243,10496,10470,L.,3202,1465,Aristida adscensionis,,1,,,,,,,
10243,10496,10470,L.Liu,223769,1465,Aristida brevissima,,1,,,,,,,
10243,10496,10470,Munro,3214,1465,Aristida chinensis,,1,,,,,,,
10243,10496,10470,L.,3202,1465,Aristida adscensionis,,1,,,,,,,
10243,10496,10470,Keng,223830,1465,Aristida triseta,,1,,,,,,,
10243,10496,10470,L.Liu,223831,1465,Aristida tsangpoensis,,1,,,,,,,
10243,10496,10470,Merr. & Chun,3271,1466,Aristolochia championii,,1,,,,,,,
10243,10496,10470,Bunge,124277,1466,Aristolochia contorta,,1,,,,,,,
10243,10496,10470,Siebold & Zucc.,3280,1466,Aristolochia debilis,,1,,,,,,,
10243,10496,10470,Franch.,320072,1466,Aristolochia delavayi,,1,,,,,,,
10243,10496,10470,Franch.,320073,1466,Aristolochia gentilis,,1,,,,,,,
10243,10496,10470,Willd.,3297,1466,Aristolochia kaempferi,,1,,,,,,,
10243,10496,10470,C.Y.Cheng & J.S.Ma,136725,1466,Aristolochia kunmingensis,,1,,,,,,,
10243,10496,10470,Chun & F.C.How ex C.F.Liang,317075,1466,Aristolochia kwangsiensis,,1,,,,,,,
10243,10496,10470,Kom.,140619,1466,Aristolochia manshuriensis,,1,,,,,,,
10243,10496,10470,Franch.,136726,1466,Aristolochia moupinensis,,1,,,,,,,
10243,10496,10470,S.M.Hwang,320074,1466,Aristolochia ovatifolia,,1,,,,,,,
10243,10496,10470,Franch.,3332,1466,Aristolochia thibetica,,1,,,,,,,
10243,10496,10470,C.F.Liang & S.M.Hwang,318080,1466,Aristolochia tuberosa,,1,,,,,,,
10243,10496,10470,Dunn,316954,1466,Aristolochia tubiflora,,1,,,,,,,
10243,10496,10470,Hemsl.,3340,1466,Aristolochia westlandii,,1,,,,,,,
10243,10496,10470,L.,10001,2331,Cleome viscosa,,1,,,,,,,
10243,10496,10470,L.,36356,5782,Prunus armeniaca,,1,,,,,,,
10243,10496,10470,(Maxim.) Koehne,314259,5782,Prunus mandshurica,,1,,,,,,,
10243,10496,10470,L.,140628,5782,Prunus sibirica,,1,,,,,,,
10243,10496,10470,L.,36356,5782,Prunus armeniaca,,1,,,,,,,
10243,10496,10470,(L.f.) Bhandari,3381,1477,Artabotrys hexapetalus,,1,,,,,,,
10243,10496,10470,Y.R.Ling & S.Y.Zhao,320075,1478,Artemisia abaensis,,1,,,,,,,
10243,10496,10470,Mattf.,140635,1478,Artemisia anethoides,,1,,,,,,,
10243,10496,10470,L.,3390,1478,Artemisia annua,,1,,,,,,,
10243,10496,10470,S.Moore,3391,1478,Artemisia anomala,,1,,,,,,,
10243,10496,10470,H.Lév. & Vaniot,140637,1478,Artemisia argyi,,1,,,,,,,
10243,10496,10470,Hand.-Mazz.,317076,1478,Artemisia atrovirens,,1,,,,,,,
10243,10496,10470,Jacq.,56871,1478,Artemisia austriaca,,1,,,,,,,
10243,10496,10470,Bunge,316041,1478,Artemisia blepharolepis,,1,,,,,,,
10243,10496,10470,Franch.,312766,1478,Artemisia brachyloba,,1,,,,,,,
10243,10496,10470,Pamp.,318082,1478,Artemisia calophylla,,1,,,,,,,
10243,10496,10470,Hook.f. & Thomson ex C.B.Clarke,138565,1478,Artemisia campbellii,,1,,,,,,,
10243,10496,10470,Buch.-Ham. ex Roxb.,451788,1478,Artemisia caruifolia,,1,,,,,,,
10243,10496,10470,Pamp.,316393,1478,Artemisia chingii,,1,,,,,,,
10243,10496,10470,J.R.Drumm. ex Pamp.,320092,1478,Artemisia waltonii,,1,,,,,,,
10243,10496,10470,Krasch.,70544,1478,Artemisia demissa,,1,,,,,,,
10243,10496,10470,Spreng.,70545,1478,Artemisia desertorum,,1,,,,,,,
10243,10496,10470,Diels,317452,1478,Artemisia deversa,,1,,,,,,,
10243,10496,10470,(Pamp.) Pamp.,318083,1478,Artemisia divaricata,,1,,,,,,,
10243,10496,10470,L.,3405,1478,Artemisia dracunculus,,1,,,,,,,
10243,10496,10470,Wall. ex Besser,68750,1478,Artemisia dubia,,1,,,,,,,
10243,10496,10470,Wall. ex Besser,68750,1478,Artemisia dubia,,1,,,,,,,
10243,10496,10470,Krasch.,309531,1478,Artemisia duthreuil-de-rhinsi,,1,,,,,,,
10243,10496,10470,Edgew.,138566,1478,Artemisia stricta,,1,,,,,,,
10243,10496,10470,Y.R.Ling,320077,1478,Artemisia emeiensis,,1,,,,,,,
10243,10496,10470,Bunge,312693,1478,Artemisia eriopoda,,1,,,,,,,
10243,10496,10470,Ling & Y.R.Ling,320086,1478,Artemisia sichuanensis,,1,,,,,,,
10243,10496,10470,Pamp.,316394,1478,Artemisia fulgens,,1,,,,,,,
10243,10496,10470,Willd.,102640,1478,Artemisia frigida,,1,,,,,,,
10243,10496,10470,Pamp.,316394,1478,Artemisia fulgens,,1,,,,,,,
10243,10496,10470,Pamp.,140640,1478,Artemisia giraldii,,1,,,,,,,
10243,10496,10470,Ling & Y.R.Ling,320080,1478,Artemisia gyangzeensis,,1,,,,,,,
10243,10496,10470,Ostenf.,70548,1478,Artemisia hedinii,,1,,,,,,,
10243,10496,10470,Maxim.,312694,1478,Artemisia igniaria,,1,,,,,,,
10243,10496,10470,Pamp.,318085,1478,Artemisia imponens,,1,,,,,,,
10243,10496,10470,Willd.,3416,1478,Artemisia indica,,1,,,,,,,
10243,10496,10470,Thunb.,3418,1478,Artemisia japonica,,1,,,,,,,
10243,10496,10470,Miq.,124337,1478,Artemisia keiskeana,,1,,,,,,,
10243,10496,10470,Wall. ex DC.,3423,1478,Artemisia lactiflora,,1,,,,,,,
10243,10496,10470,Vaniot,315096,1478,Artemisia lancea,,1,,,,,,,
10243,10496,10470,(Besser) Turcz. ex Verl.,315987,1478,Artemisia umbrosa,,1,,,,,,,
10243,10496,10470,H.Lév.,320081,1478,Artemisia mairei,,1,,,,,,,
10243,10496,10470,Pamp.,318086,1478,Artemisia mattfeldii,,1,,,,,,,
10243,10496,10470,Wall. ex DC.,70550,1478,Artemisia moorcroftiana,,1,,,,,,,
10243,10496,10470,Hayata,3428,1478,Artemisia morrisonensis,,1,,,,,,,
10243,10496,10470,Wall. ex Besser,79938,1478,Artemisia myriantha,,1,,,,,,,
10243,10496,10470,Wall. ex Besser,79938,1478,Artemisia myriantha,,1,,,,,,,
10243,10496,10470,(Ling & Y.R.Ling) Y.R.Ling,320082,1478,Artemisia nujianensis,,1,,,,,,,
10243,10496,10470,Ling & Y.R.Ling,320083,1478,Artemisia orientalihengduangensis,,1,,,,,,,
10243,10496,10470,Roxb. ex D.Don,68752,1478,Artemisia parviflora,,1,,,,,,,
10243,10496,10470,(Hand.-Mazz.) Ling & Y.R.Ling,320084,1478,Artemisia phyllobotrys,,1,,,,,,,
10243,10496,10470,(Pamp.) Ling & Y.R.Ling,320085,1478,Artemisia prattii,,1,,,,,,,
10243,10496,10470,Pamp.,3433,1478,Artemisia princeps,,1,,,,,,,
10243,10496,10470,(Pamp.) Ling & Y.R.Ling,136729,1478,Artemisia robusta,,1,,,,,,,
10243,10496,10470,Besser,3436,1478,Artemisia roxburghiana,,1,,,,,,,
10243,10496,10470,Weber ex Stechm.,3412,1478,Artemisia gmelinii,,1,,,,,,,
10243,10496,10470,Waldst. & Kit.,3438,1478,Artemisia scoparia,,1,,,,,,,
10243,10496,10470,(Besser) Weber ex Stechm.,102372,1478,Artemisia sericea,,1,,,,,,,
10243,10496,10470,Ling & Y.R.Ling,317921,1478,Artemisia shangnanensis,,1,,,,,,,
10243,10496,10470,Ling & Y.R.Ling,320086,1478,Artemisia sichuanensis,,1,,,,,,,
10243,10496,10470,Ehrh. ex Willd.,77325,1478,Artemisia sieversiana,,1,,,,,,,
10243,10496,10470,Pamp.,3439,1478,Artemisia simulans,,1,,,,,,,
10243,10496,10470,(Pamp.) Ling & Y.R.Ling,318088,1478,Artemisia sinensis,,1,,,,,,,
10243,10496,10470,Mattf.,320087,1478,Artemisia smithii,,1,,,,,,,
10243,10496,10470,(Pamp.) Ling & Y.R.Ling,320088,1478,Artemisia speciosa,,1,,,,,,,
10243,10496,10470,Maxim.,294478,1478,Artemisia sylvatica,,1,,,,,,,
10243,10496,10470,Hand.-Mazz.,318089,1478,Artemisia tainingensis,,1,,,,,,,
10243,10496,10470,Pamp.,316705,1478,Artemisia tangutica,,1,,,,,,,
10243,10496,10470,Hand.-Mazz.,320089,1478,Artemisia tridactyla,,1,,,,,,,
10243,10496,10470,Pamp.,317530,1478,Artemisia velutina,,1,,,,,,,
10243,10496,10470,(Kom.) Kitag.,316218,1478,Artemisia verbenacea,,1,,,,,,,
10243,10496,10470,Lamotte,3446,1478,Artemisia verlotiorum,,1,,,,,,,
10243,10496,10470,Pamp.,320090,1478,Artemisia vexans,,1,,,,,,,
10243,10496,10470,Pamp.,320091,1478,Artemisia viscida,,1,,,,,,,
10243,10496,10470,J.R.Drumm. ex Pamp.,320092,1478,Artemisia waltonii,,1,,,,,,,
10243,10496,10470,Stephan ex Spreng.,294742,1478,Artemisia rutifolia,,1,,,,,,,
10243,10496,10470,Jeffrey,136731,1478,Artemisia yunnanensis,,1,,,,,,,
10243,10496,10470,(Griff.) V.Naray. ex Bor,3448,1479,Arthraxon castratus,,1,,,,,,,
10243,10496,10470,(Nees) Hochst.,223839,1479,Arthraxon echinatus,,1,,,,,,,
10243,10496,10470,(Thunb.) Makino,3449,1479,Arthraxon hispidus,,1,,,,,,,
10243,10496,10470,(Trin.) Hochst.,3450,1479,Arthraxon lancifolius,,1,,,,,,,
10243,10496,10470,(Trin.) Hochst.,138356,1479,Arthraxon microphyllus,,1,,,,,,,
10243,10496,10470,(Steud.) Hochst.,102729,1479,Arthraxon nudus,,1,,,,,,,
10243,10496,10470,(Steud.) Dandy,223846,1479,Arthraxon prionodes,,1,,,,,,,
10243,10496,10470,(Buse) Koord.,122863,1479,Arthraxon typicus,,1,,,,,,,
10243,10496,10470,(Mett.) Christenh.,433636,6312,Selliguea lehmannii,,1,,,,,,,
10243,10496,10470,(Mett.) Christenh.,433636,6312,Selliguea lehmannii,,1,,,,,,,
10243,10496,10470,(Mett.) Christenh.,433636,6312,Selliguea lehmannii,,1,,,,,,,
10243,10496,10470,(Bedd.) X.C.Zhang & L.J.He,434597,6312,Selliguea moulmeinensis,,1,,,,,,,
10243,10496,10470,(Desv.) Alston,3489,1486,Arthropteris palisotii,,1,,,,,,,
10243,10496,10470,Hance ex Benth.,3520,1490,Artocarpus hypargyreus,,1,,,,,,,
10243,10496,10470,S.S.Chang S.C.Tan & Z.Y.Liu,319732,1490,Artocarpus nanchuanensis,,1,,,,,,,
10243,10496,10470,(Hand.-Mazz.) Hand.-Mazz.,136733,1492,Aruncus gombalanus,,1,,,,,,,
10243,10496,10470,Kostel. ex Maxim.,438529,1492,Aruncus sylvester,,1,,,,,,,
10243,10496,10470,(D.Don) Hochr.,3544,1493,Arundina graminifolia,,1,,,,,,,
10243,10496,10470,(Rendle) Stapleton,457799,20308,Sarocalamus faberi,,1,,,,,,,
10243,10496,10470,(E.G.Camus) Keng f. & T.P.Yi,457382,14252,Bashania fargesii,,1,,,,,,,
10243,10496,10470,Keng f. & T.P.Yi,457383,14252,Bashania qingchengshanensis,,1,,,,,,,
10243,10496,10470,(T.P.Yi) Stapleton,457800,20308,Sarocalamus spanostachyus,,1,,,,,,,
10243,10496,10470,Keng f. ex B.S.Sun & Z.H.Hu,223865,1494,Arundinella barbinodis,,1,,,,,,,
10243,10496,10470,(Spreng.) Druce,3546,1494,Arundinella bengalensis,,1,,,,,,,
10243,10496,10470,Keng,223868,1494,Arundinella cochinchinensis,,1,,,,,,,
10243,10496,10470,(Thunb.) Tanaka,3549,1494,Arundinella hirta,,1,,,,,,,
10243,10496,10470,Munro ex Keng,138568,1494,Arundinella hookeri,,1,,,,,,,
10243,10496,10470,Trin.,3551,1494,Arundinella nepalensis,,1,,,,,,,
10243,10496,10470,A.Camus,223883,1494,Arundinella rupestris,,1,,,,,,,
10243,10496,10470,Trin.,3552,1494,Arundinella setosa,,1,,,,,,,
10243,10496,10470,L.,3554,1495,Arundo donax,,1,,,,,,,
10243,10496,10470,Hack.,3555,1495,Arundo formosana,,1,,,,,,,
10243,10496,10470,Blume,438538,1496,Arytera litoralis,,1,,,,,,,
10243,10496,10470,Z.L.Yang,320093,1498,Asarum bashanense,,1,,,,,,,
10243,10496,10470,Franch.,317077,1498,Asarum cardiophyllum,,1,,,,,,,
10243,10496,10470,C.Y.Chen & C.S.Yang,317708,1498,Asarum caudigerellum,,1,,,,,,,
10243,10496,10470,Hance,3570,1498,Asarum caudigerum,,1,,,,,,,
10243,10496,10470,Maxim.,318090,1498,Asarum caulescens,,1,,,,,,,
10243,10496,10470,Franch.,317531,1498,Asarum chinense,,1,,,,,,,
10243,10496,10470,C.Y.Chen & C.S.Yang,319733,1498,Asarum crispulatum,,1,,,,,,,
10243,10496,10470,Franch.,317454,1498,Asarum debile,,1,,,,,,,
10243,10496,10470,Franch.,319734,1498,Asarum delavayi,,1,,,,,,,
10243,10496,10470,Maxim.,316898,1498,Asarum forbesii,,1,,,,,,,
10243,10496,10470,F.Schmidt,3579,1498,Asarum heterotropoides,,1,,,,,,,
10243,10496,10470,Hook.f. & Thomson ex Klotzsch,138357,1498,Asarum himalaicum,,1,,,,,,,
10243,10496,10470,C.Y.Chen & C.S.Yang,320094,1498,Asarum inflatum,,1,,,,,,,
10243,10496,10470,Hemsl.,317455,1498,Asarum maximum,,1,,,,,,,
10243,10496,10470,C.S.Yang & J.L.Wu,320095,1498,Asarum nanchuanense,,1,,,,,,,
10243,10496,10470,C.Y.Chen & C.S.Yang,320096,1498,Asarum porphyronotum,,1,,,,,,,
10243,10496,10470,Hemsl.,317081,1498,Asarum pulchellum,,1,,,,,,,
10243,10496,10470,Miq.,124279,1498,Asarum sieboldii,,1,,,,,,,
10243,10496,10470,(F.Maek.) C.Y.Chen & C.S.Yang,140669,1498,Asarum splendens,,1,,,,,,,
10243,10496,10470,(Lour.) Merr.,3626,1506,Asparagus cochinchinensis,,1,,,,,,,
10243,10496,10470,Buch.-Ham. ex D.Don,68787,1506,Asparagus filicinus,,1,,,,,,,
10243,10496,10470,F.T.Wang & Tang ex S.C.Chen,211875,1506,Asparagus kansuensis,,1,,,,,,,
10243,10496,10470,Franch.,211882,1506,Asparagus longiflorus,,1,,,,,,,
10243,10496,10470,(Baker) F.T.Wang & Tang,136737,1506,Asparagus lycopodineus,,1,,,,,,,
10243,10496,10470,H.Lév.,211888,1506,Asparagus mairei,,1,,,,,,,
10243,10496,10470,H.Lév.,136738,1506,Asparagus meioclados,,1,,,,,,,
10243,10496,10470,F.T.Wang & S.C.Chen,211892,1506,Asparagus munitus,,1,,,,,,,
10243,10496,10470,F.T.Wang & S.C.Chen,136739,1506,Asparagus myriacanthus,,1,,,,,,,
10243,10496,10470,L.,3634,1506,Asparagus officinalis,,1,,,,,,,
10243,10496,10470,Kunth,3641,1506,Asparagus schoberioides,,1,,,,,,,
10243,10496,10470,S.C.Chen & D.Q.Liu,211909,1506,Asparagus sichuanicus,,1,,,,,,,
10243,10496,10470,F.T.Wang & S.C.Chen,211913,1506,Asparagus subscandens,,1,,,,,,,
10243,10496,10470,F.T.Wang & Tang ex S.C.Chen,211914,1506,Asparagus taliensis,,1,,,,,,,
10243,10496,10470,F.T.Wang & S.C.Chen,211916,1506,Asparagus tibeticus,,1,,,,,,,
10243,10496,10470,S.C.Chen,211922,1506,Asparagus yanbianensis,,1,,,,,,,
10243,10496,10470,S.C.Chen,211923,1506,Asparagus yanyuanensis,,1,,,,,,,
10243,10496,10470,L.,3649,1507,Asperugo procumbens,,1,,,,,,,
10243,10496,10470,C.Pei,3692,1511,Aspidistra caespitosa,,1,,,,,,,
10243,10496,10470,K.Y.Lang & Z.Y.Zhu,211945,1511,Aspidistra ebianensis,,1,,,,,,,
10243,10496,10470,K.Y.Lang & Z.Y.Zhu,211948,1511,Aspidistra flaviflora,,1,,,,,,,
10243,10496,10470,K.Y.Lang & Z.Y.Zhu,211951,1511,Aspidistra leshanensis,,1,,,,,,,
10243,10496,10470,F.T.Wang & K.Y.Lang,211961,1511,Aspidistra oblanceifolia,,1,,,,,,,
10243,10496,10470,Z.Y.Zhu & J.L.Zhang,211963,1511,Aspidistra omeiensis,,1,,,,,,,
10243,10496,10470,K.Y.Lang & Z.Y.Zhu,211967,1511,Aspidistra sichuanensis,,1,,,,,,,
10243,10496,10470,K.Y.Lang & Z.Y.Zhu,211972,1511,Aspidistra zongbayi,,1,,,,,,,
10243,10496,10470,H.Lév.,319064,1513,Aspidopterys esquirolii,,1,,,,,,,
10243,10496,10470,A.Juss.,3703,1513,Aspidopterys glabriuscula,,1,,,,,,,
10243,10496,10470,Christ,78009,1517,Asplenium daghestanicum,,1,,,,,,,
10243,10496,10470,D.Don,80097,1517,Asplenium laciniatum,,1,,,,,,,
10243,10496,10470,Ching,3735,1517,Asplenium austrochinense,,1,,,,,,,
10243,10496,10470,Ching,320099,1517,Asplenium barkamense,,1,,,,,,,
10243,10496,10470,Wall. ex Mett.,438548,1517,Asplenium bullatum,,1,,,,,,,
10243,10496,10470,Makino,3756,1517,Asplenium capillipes,,1,,,,,,,
10243,10496,10470,D.Don,80097,1517,Asplenium laciniatum,,1,,,,,,,
10243,10496,10470,Hance,3764,1517,Asplenium coenobiale,,1,,,,,,,
10243,10496,10470,Hance,3773,1517,Asplenium crinicaule,,1,,,,,,,
10243,10496,10470,Wall. ex Hook. & Grev.,3796,1517,Asplenium ensiforme,,1,,,,,,,
10243,10496,10470,(C.Presl) S.Linds.,146491,11096,Hymenasplenium excisum,,1,,,,,,,
10243,10496,10470,Hance,3764,1517,Asplenium coenobiale,,1,,,,,,,
10243,10496,10470,Hook.,3817,1517,Asplenium griffithianum,,1,,,,,,,
10243,10496,10470,L.,3985,1517,Asplenium trichomanes,,1,,,,,,,
10243,10496,10470,Thunb.,3836,1517,Asplenium incisum,,1,,,,,,,
10243,10496,10470,Bedd.,127444,1517,Asplenium exiguum,,1,,,,,,,
10243,10496,10470,Christ,460551,1517,Asplenium anogrammoides,,1,,,,,,,
10243,10496,10470,Christ,433613,1517,Asplenium holosorum,,1,,,,,,,
10243,10496,10470,Maxon,320103,1517,Asplenium microtum,,1,,,,,,,
10243,10496,10470,Bedd.,127444,1517,Asplenium exiguum,,1,,,,,,,
10243,10496,10470,Christ,3880,1517,Asplenium nesii,,1,,,,,,,
10243,10496,10470,D.Don,3886,1517,Asplenium normale,,1,,,,,,,
10243,10496,10470,Hook.,3946,1517,Asplenium sarelii,,1,,,,,,,
10243,10496,10470,Sw.,3917,1517,Asplenium praemorsum,,1,,,,,,,
10243,10496,10470,Hook.,3919,1517,Asplenium prolongatum,,1,,,,,,,
10243,10496,10470,Sw.,3885,1517,Asplenium nitidum,,1,,,,,,,
10243,10496,10470,L.,3939,1517,Asplenium ruta-muraria,,1,,,,,,,
10243,10496,10470,Hook.,3946,1517,Asplenium sarelii,,1,,,,,,,
10243,10496,10470,Rosenst.,3947,1517,Asplenium saxicola,,1,,,,,,,
10243,10496,10470,Makino,460754,1517,Asplenium × shikokianum,,1,,,,,,,
10243,10496,10470,L.,3939,1517,Asplenium ruta-muraria,,1,,,,,,,
10243,10496,10470,(Ching) Viane & S.Y.Dong,435339,11096,Hymenasplenium szechuanense,,1,,,,,,,
10243,10496,10470,D.C.Eaton ex Hook.,4005,1517,Asplenium wrightii,,1,,,,,,,
10243,10496,10470,D.Don,80097,1517,Asplenium laciniatum,,1,,,,,,,
10243,10496,10470,D.Don,3979,1517,Asplenium tenuifolium,,1,,,,,,,
10243,10496,10470,Hance,3764,1517,Asplenium coenobiale,,1,,,,,,,
10243,10496,10470,L.,3985,1517,Asplenium trichomanes,,1,,,,,,,
10243,10496,10470,Nakai,3988,1517,Asplenium tripteropus,,1,,,,,,,
10243,10496,10470,(Lam.) Hayata,438572,11096,Hymenasplenium unilaterale,,1,,,,,,,
10243,10496,10470,(Lam.) Hayata,438572,11096,Hymenasplenium unilaterale,,1,,,,,,,
10243,10496,10470,D.Don,80097,1517,Asplenium laciniatum,,1,,,,,,,
10243,10496,10470,D.C.Eaton ex Hook.,4005,1517,Asplenium wrightii,,1,,,,,,,
10243,10496,10470,D.C.Eaton ex Hook.,4005,1517,Asplenium wrightii,,1,,,,,,,
10243,10496,10470,Makino,4007,1517,Asplenium yoshinagae,,1,,,,,,,
10243,10496,10470,Bedd.,127444,1517,Asplenium exiguum,,1,,,,,,,
10243,10496,10470,Turcz.,4038,1522,Aster ageratoides,,1,,,,,,,
10243,10496,10470,Hemsl.,316547,1522,Aster alatipes,,1,,,,,,,
10243,10496,10470,(DC.) Wall. ex Hand.-Mazz.,68753,1522,Aster albescens,,1,,,,,,,
10243,10496,10470,L.,4039,1522,Aster alpinus,,1,,,,,,,
10243,10496,10470,Hand.-Mazz.,320104,1522,Aster argyropholis,,1,,,,,,,
10243,10496,10470,(DC.) Kuntze,131024,1522,Aster asteroides,,1,,,,,,,
10243,10496,10470,Franch.,136740,1522,Aster auriculatus,,1,,,,,,,
10243,10496,10470,Bureau & Franch.,317533,1522,Aster batangensis,,1,,,,,,,
10243,10496,10470,Franch.,136742,1522,Aster bietii,,1,,,,,,,
10243,10496,10470,Franch.,320105,1522,Aster brachytrichus,,1,,,,,,,
10243,10496,10470,(DC.) Benth. ex C.B.Clarke,138569,1522,Aster diplostephioides,,1,,,,,,,
10243,10496,10470,Y.Ling,319067,1522,Aster dolichopodus,,1,,,,,,,
10243,10496,10470,(Hand.-Mazz.) G.L.Nesom,460881,20535,Chaochienchangia falcifolia,,1,,,,,,,
10243,10496,10470,W.W.Sm. & Jeffrey,316400,1522,Aster farreri,,1,,,,,,,
10243,10496,10470,Bunge,70556,1522,Aster flaccidus,,1,,,,,,,
10243,10496,10470,Bureau & Franch.,136741,1522,Aster fuscescens,,1,,,,,,,
10243,10496,10470,Onno,461137,1522,Aster × handelii,,1,,,,,,,
10243,10496,10470,C.K.Schneid.,320107,1522,Aster hersileoides,,1,,,,,,,
10243,10496,10470,C.B.Clarke,68748,1522,Aster himalaicus,,1,,,,,,,
10243,10496,10470,Hand.-Mazz.,461138,1522,Aster homochlamydeus,,1,,,,,,,
10243,10496,10470,Diels,320108,1522,Aster jeffreyanus,,1,,,,,,,
10243,10496,10470,(J.R.Drumm.) Y.L.Chen,322449,1522,Aster prainii,,1,,,,,,,
10243,10496,10470,Franch.,461139,1522,Aster likiangensis,,1,,,,,,,
10243,10496,10470,Franch.,320110,1522,Aster lingulatus,,1,,,,,,,
10243,10496,10470,Y.Ling,320111,1522,Aster megalanthus,,1,,,,,,,
10243,10496,10470,(Franch.) Hand.-Mazz.,460655,1522,Aster moupinensis,,1,,,,,,,
10243,10496,10470,C.C.Chang,319736,1522,Aster nitidus,,1,,,,,,,
10243,10496,10470,Franch.,136744,1522,Aster oreophilus,,1,,,,,,,
10243,10496,10470,Nees ex Walp.,4049,1522,Aster panduratus,,1,,,,,,,
10243,10496,10470,Diels,320112,1522,Aster poliothamnus,,1,,,,,,,
10243,10496,10470,C.K.Schneid.,461140,1522,Aster polius,,1,,,,,,,
10243,10496,10470,Franch. ex Diels,136745,1522,Aster pycnophyllus,,1,,,,,,,
10243,10496,10470,Onno,121933,1522,Aster salwinensis,,1,,,,,,,
10243,10496,10470,Hemsl.,317535,1522,Aster sampsonii,,1,,,,,,,
10243,10496,10470,Franch.,320114,1522,Aster senecioides,,1,,,,,,,
10243,10496,10470,Franch.,320115,1522,Aster setchuenensis,,1,,,,,,,
10243,10496,10470,W.W.Sm. & Farrer,320116,1522,Aster sikuensis,,1,,,,,,,
10243,10496,10470,Hand.-Mazz.,317713,1522,Aster sinianus,,1,,,,,,,
10243,10496,10470,Hand.-Mazz.,451372,1522,Aster smithianus,,1,,,,,,,
10243,10496,10470,Franch.,320117,1522,Aster souliei,,1,,,,,,,
10243,10496,10470,Franch.,320115,1522,Aster setchuenensis,,1,,,,,,,
10243,10496,10470,Kitam.,4053,1522,Aster taiwanensis,,1,,,,,,,
10243,10496,10470,Y.Ling,320118,1522,Aster taliangshanensis,,1,,,,,,,
10243,10496,10470,L.f.,131027,1522,Aster tataricus,,1,,,,,,,
10243,10496,10470,Hand.-Mazz.,461141,1522,Aster tientschwanensis,,1,,,,,,,
10243,10496,10470,Franch.,307515,1522,Aster tongolensis,,1,,,,,,,
10243,10496,10470,Bunge,70556,1522,Aster flaccidus,,1,,,,,,,
10243,10496,10470,S.Moore,316900,1522,Aster turbinatus,,1,,,,,,,
10243,10496,10470,Matsuda,460988,1522,Aster yamazutae,,1,,,,,,,
10243,10496,10470,Franch.,318508,1522,Aster vestitus,,1,,,,,,,
10243,10496,10470,Franch.,320120,1522,Aster yunnanensis,,1,,,,,,,
10243,10496,10470,(Franch.) J.R.Drumm. & Hutch.,121934,11674,Asteropyrum peltatum,,1,,,,,,,
10243,10496,10470,(Franch.) J.R.Drumm. & Hutch.,121934,11674,Asteropyrum peltatum,,1,,,,,,,
10243,10496,10470,(Maxim.) Franch. & Sav.,450147,1530,Astilbe chinensis,,1,,,,,,,
10243,10496,10470,Stapf ex E.H.Wilson,140768,1530,Astilbe grandis,,1,,,,,,,
10243,10496,10470,Buch.-Ham. ex D.Don,4073,1530,Astilbe rivularis,,1,,,,,,,
10243,10496,10470,Hook.f. & Thomson,124283,1530,Astilbe rubra,,1,,,,,,,
10243,10496,10470,Baker,138573,1533,Astragalus acaulis,,1,,,,,,,
10243,10496,10470,Jacq.,128636,1533,Astragalus laxmannii,,1,,,,,,,
10243,10496,10470,Bunge,294888,1533,Astragalus aksuensis,,1,,,,,,,
10243,10496,10470,P.C.Li,320121,1533,Astragalus aridovallicola,,1,,,,,,,
10243,10496,10470,(N.D.Simpson) M.L.Zhang & Podlech,320157,12435,Phyllolobium balfourianum,,1,,,,,,,
10243,10496,10470,E.Peter,293997,1533,Astragalus batangensis,,1,,,,,,,
10243,10496,10470,Baker,317536,1533,Astragalus bhotanensis,,1,,,,,,,
10243,10496,10470,H.T.Tsai & T.T.Yu,320122,1533,Astragalus brevialatus,,1,,,,,,,
10243,10496,10470,Y.C.Ho,320123,1533,Astragalus caeruleopetalinus,,1,,,,,,,
10243,10496,10470,(Franch.) M.L.Zhang & Podlech,461142,12435,Phyllolobium camptodontum,,1,,,,,,,
10243,10496,10470,(Franch.) M.L.Zhang & Podlech,461142,12435,Phyllolobium camptodontum,,1,,,,,,,
10243,10496,10470,Fisch. ex Bunge,308496,1533,Astragalus capillipes,,1,,,,,,,
10243,10496,10470,Bunge,316221,1533,Astragalus chrysopterus,,1,,,,,,,
10243,10496,10470,Fisch.,460656,12435,Phyllolobium chinense,,1,,,,,,,
10243,10496,10470,Benth. ex Bunge,70919,1533,Astragalus confertus,,1,,,,,,,
10243,10496,10470,N.D.Simpson,320126,1533,Astragalus craibianus,,1,,,,,,,
10243,10496,10470,Ulbr.,320127,1533,Astragalus crassifolius,,1,,,,,,,
10243,10496,10470,Ledeb.,459891,5215,Oxytropis dissitiflora,,1,,,,,,,
10243,10496,10470,Franch.,320128,1533,Astragalus davidii,,1,,,,,,,
10243,10496,10470,Ulbr.,320129,1533,Astragalus degensis,,1,,,,,,,
10243,10496,10470,Kar. & Kir.,70920,1533,Astragalus densiflorus,,1,,,,,,,
10243,10496,10470,Bunge ex Maxim.,320130,1533,Astragalus dependens,,1,,,,,,,
10243,10496,10470,C.C.Ni & P.C.Li,320131,1533,Astragalus dingjiensis,,1,,,,,,,
10243,10496,10470,(Diels) M.L.Zhang & Podlech,461143,12435,Phyllolobium dolichochaete,,1,,,,,,,
10243,10496,10470,Hand.-Mazz.,320133,1533,Astragalus dumetorum,,1,,,,,,,
10243,10496,10470,Benth. ex Bunge,451373,1533,Astragalus khasianus,,1,,,,,,,
10243,10496,10470,H.F.Comber,320134,1533,Astragalus ernestii,,1,,,,,,,
10243,10496,10470,K.T.Fu,320135,1533,Astragalus euchlorus,,1,,,,,,,
10243,10496,10470,Franch.,316718,1533,Astragalus yunnanensis,,1,,,,,,,
10243,10496,10470,Bunge,320137,1533,Astragalus floridus,,1,,,,,,,
10243,10496,10470,N.D.Simpson,317714,1533,Astragalus forrestii,,1,,,,,,,
10243,10496,10470,(L.) A.Gray,4095,1533,Astragalus frigidus,,1,,,,,,,
10243,10496,10470,Franch.,320128,1533,Astragalus davidii,,1,,,,,,,
10243,10496,10470,Benth.,79998,1533,Astragalus graveolens,,1,,,,,,,
10243,10496,10470,Sanchir,316181,1533,Astragalus grubovii,,1,,,,,,,
10243,10496,10470,H.T.Tsai & T.T.Yu,320139,1533,Astragalus handelii,,1,,,,,,,
10243,10496,10470,Oliv.,318095,1533,Astragalus henryi,,1,,,,,,,
10243,10496,10470,(Baker) M.L.Zhang & Podlech,445435,12435,Phyllolobium heydei,,1,,,,,,,
10243,10496,10470,Y.C.Ho,320140,1533,Astragalus huiningensis,,1,,,,,,,
10243,10496,10470,N.D.Simpson,320141,1533,Astragalus kialensis,,1,,,,,,,
10243,10496,10470,Y.C.Ho,320142,1533,Astragalus latiunguiculatus,,1,,,,,,,
10243,10496,10470,Ulbr.,316711,1533,Astragalus leansanicus,,1,,,,,,,
10243,10496,10470,Benth. ex Bunge,138576,1533,Astragalus lessertioides,,1,,,,,,,
10243,10496,10470,P.C.Li & C.C.Ni,320143,1533,Astragalus lhorongensis,,1,,,,,,,
10243,10496,10470,(P.C.Li) M.L.Zhang & Podlech,461144,12435,Phyllolobium lineariaurifer,,1,,,,,,,
10243,10496,10470,Hemsl. & H.Pearson,461145,1533,Astragalus arnoldi,,1,,,,,,,
10243,10496,10470,E.Peter,320146,1533,Astragalus longilobus,,1,,,,,,,
10243,10496,10470,H.T.Tsai & T.T.Yu,320147,1533,Astragalus lucidus,,1,,,,,,,
10243,10496,10470,H.T.Tsai & T.T.Yu,316958,1533,Astragalus luteolus,,1,,,,,,,
10243,10496,10470,Hand.-Mazz.,320148,1533,Astragalus mahoschanicus,,1,,,,,,,
10243,10496,10470,P.C.Li,320149,1533,Astragalus matiensis,,1,,,,,,,
10243,10496,10470,H.T.Tsai & T.T.Yu,320150,1533,Astragalus mattam,,1,,,,,,,
10243,10496,10470,Benth. ex Bunge,70929,1533,Astragalus melanostachys,,1,,,,,,,
10243,10496,10470,Pall.,102561,1533,Astragalus melilotoides,,1,,,,,,,
10243,10496,10470,(C.C.Ni & P.C.Li) M.L.Zhang & Podlech,461146,12435,Phyllolobium milingense,,1,,,,,,,
10243,10496,10470,P.C.Li,320152,1533,Astragalus miyalomontis,,1,,,,,,,
10243,10496,10470,Bunge ex Maxim.,320153,1533,Astragalus monadelphus,,1,,,,,,,
10243,10496,10470,N.D.Simpson,320154,1533,Astragalus monbeigii,,1,,,,,,,
10243,10496,10470,Hand.-Mazz.,320155,1533,Astragalus muliensis,,1,,,,,,,
10243,10496,10470,(H.T.Tsai & T.T.Yu) M.L.Zhang & Podlech,320156,12435,Phyllolobium pastorium,,1,,,,,,,
10243,10496,10470,Lam.,56884,1533,Astragalus penduliflorus,,1,,,,,,,
10243,10496,10470,H.T.Tsai & T.T.Yu,315903,1533,Astragalus peterae,,1,,,,,,,
10243,10496,10470,Bureau & Franch.,316226,1533,Astragalus polycladus,,1,,,,,,,
10243,10496,10470,Y.C.Ho,140778,1533,Astragalus porphyrocalyx,,1,,,,,,,
10243,10496,10470,(N.D.Simpson) M.L.Zhang & Podlech,320157,12435,Phyllolobium balfourianum,,1,,,,,,,
10243,10496,10470,(K.T.Fu) M.L.Zhang & Podlech,461147,12435,Phyllolobium prodigiosum,,1,,,,,,,
10243,10496,10470,Y.C.Ho,320159,1533,Astragalus pseudoversicolor,,1,,,,,,,
10243,10496,10470,N.D.Simpson,320160,1533,Astragalus pullus,,1,,,,,,,
10243,10496,10470,Y.C.Ho,320161,1533,Astragalus retusifoliatus,,1,,,,,,,
10243,10496,10470,Benth. ex Bunge,138577,1533,Astragalus rigidulus,,1,,,,,,,
10243,10496,10470,(H.T.Tsai & T.T.Yu) M.L.Zhang & Podlech,320162,12435,Phyllolobium sanbilingense,,1,,,,,,,
10243,10496,10470,Kitag.,316403,1533,Astragalus satoi,,1,,,,,,,
10243,10496,10470,N.D.Simpson,320163,1533,Astragalus saxorum,,1,,,,,,,
10243,10496,10470,Bunge,140779,1533,Astragalus scaberrimus,,1,,,,,,,
10243,10496,10470,Y.C.Ho,320164,1533,Astragalus sedaensis,,1,,,,,,,
10243,10496,10470,(P.C.Li) M.L.Zhang & Podlech,320165,12435,Phyllolobium siccaneum,,1,,,,,,,
10243,10496,10470,N.D.Simpson,461148,1533,Astragalus arnoldianus,,1,,,,,,,
10243,10496,10470,L.,124292,1533,Astragalus sinicus,,1,,,,,,,
10243,10496,10470,Bunge,320167,1533,Astragalus skythropos,,1,,,,,,,
10243,10496,10470,E.Peter,320168,1533,Astragalus smithianus,,1,,,,,,,
10243,10496,10470,N.D.Simpson,320169,1533,Astragalus souliei,,1,,,,,,,
10243,10496,10470,D.Don ex Sims,138360,1533,Astragalus stipulatus,,1,,,,,,,
10243,10496,10470,Benth.,70937,1533,Astragalus strictus,,1,,,,,,,
10243,10496,10470,E.Peter,320170,1533,Astragalus sungpanensis,,1,,,,,,,
10243,10496,10470,Franch.,320171,1533,Astragalus sutchuenensis,,1,,,,,,,
10243,10496,10470,(Batalin) X.Y.Zhu,459892,12435,Phyllolobium tanguticum,,1,,,,,,,
10243,10496,10470,Franch.,316718,1533,Astragalus yunnanensis,,1,,,,,,,
10243,10496,10470,Ulbr.,138579,1533,Astragalus tongolensis,,1,,,,,,,
10243,10496,10470,N.D.Simpson,320173,1533,Astragalus tungensis,,1,,,,,,,
10243,10496,10470,(K.T.Fu) M.L.Zhang & Podlech,461149,12435,Phyllolobium turgidocarpum,,1,,,,,,,
10243,10496,10470,Franch.,320171,1533,Astragalus sutchuenensis,,1,,,,,,,
10243,10496,10470,P.C.Li,320176,1533,Astragalus wolungensis,,1,,,,,,,
10243,10496,10470,H.F.Comber,320134,1533,Astragalus ernestii,,1,,,,,,,
10243,10496,10470,Franch.,316718,1533,Astragalus yunnanensis,,1,,,,,,,
10243,10496,10470,H.T.Tsai & T.T.Yu,461150,1533,Astragalus yunningensis,,1,,,,,,,
10243,10496,10470,D.Y.Hong,136753,1541,Asyneuma chinense,,1,,,,,,,
10243,10496,10470,(Wall.) Briq.,220487,1541,Asyneuma fulgens,,1,,,,,,,
10243,10496,10470,(Wall.) Das,431989,4453,Mackaya neesiana,,1,,,,,,,
10243,10496,10470,(Ching & Z.Y.Liu) Fraser-Jenk.,435259,2788,Deparia membranacea,,1,,,,,,,
10243,10496,10470,(Z.R.Wang) M.Kato,435244,2788,Deparia erecta,,1,,,,,,,
10243,10496,10470,(Thunb.) M.Kato,13916,2788,Deparia japonica,,1,,,,,,,
10243,10496,10470,(Z.Y.Liu) Z.R.He,435317,2788,Deparia jinfoshanensis,,1,,,,,,,
10243,10496,10470,(Ching) Shinohara,433673,2788,Deparia longipes,,1,,,,,,,
10243,10496,10470,(Z.R.Wang) M.Kato,319071,2788,Deparia omeiensis,,1,,,,,,,
10243,10496,10470,(Kunze) M.Kato,13926,2788,Deparia petersenii,,1,,,,,,,
10243,10496,10470,(Masam.) R.Sano,438590,2788,Deparia × tomitaroana,,1,,,,,,,
10243,10496,10470,Ching & S.K.Wu,461151,1554,Athyrium contingens,,1,,,,,,,
10243,10496,10470,Christ,4181,1554,Athyrium anisopterum,,1,,,,,,,
10243,10496,10470,Ching,320179,1554,Athyrium araiostegioides,,1,,,,,,,
10243,10496,10470,(C.B.Clarke) Tagawa,70475,1554,Athyrium attenuatum,,1,,,,,,,
10243,10496,10470,Ching,320180,1554,Athyrium baoxingense,,1,,,,,,,
10243,10496,10470,T.Moore,438595,1554,Athyrium fimbriatum,,1,,,,,,,
10243,10496,10470,Tagawa,4189,1554,Athyrium clivicola,,1,,,,,,,
10243,10496,10470,Ching,318512,1554,Athyrium costulalisorum,,1,,,,,,,
10243,10496,10470,Hayata,4190,1554,Athyrium cryptogrammoides,,1,,,,,,,
10243,10496,10470,(Bedd.) M.Kato,441978,1554,Athyrium cuspidatum,,1,,,,,,,
10243,10496,10470,Ching & H.S.Kung,320182,1554,Athyrium daxianglingense,,1,,,,,,,
10243,10496,10470,Christ,4191,1554,Athyrium delavayi,,1,,,,,,,
10243,10496,10470,Ching,317086,1554,Athyrium devolii,,1,,,,,,,
10243,10496,10470,Makino,4192,1554,Athyrium deltoidofrons,,1,,,,,,,
10243,10496,10470,(C.B.Clarke) Tagawa,70475,1554,Athyrium attenuatum,,1,,,,,,,
10243,10496,10470,Ching,317086,1554,Athyrium devolii,,1,,,,,,,
10243,10496,10470,(Baker) C.Chr.,318513,1554,Athyrium dissitifolium,,1,,,,,,,
10243,10496,10470,(Kunze) Milde,438594,1554,Athyrium drepanopteron,,1,,,,,,,
10243,10496,10470,Ching,317460,1554,Athyrium dubium,,1,,,,,,,
10243,10496,10470,(Christ) Ching,4194,1554,Athyrium epirachis,,1,,,,,,,
10243,10496,10470,Milde,315069,1554,Athyrium fallaciosum,,1,,,,,,,
10243,10496,10470,Ching,320183,1554,Athyrium fangii,,1,,,,,,,
10243,10496,10470,T.Moore,438595,1554,Athyrium fimbriatum,,1,,,,,,,
10243,10496,10470,Ching ex Mehra & Bir,320184,1554,Athyrium himalaicum,,1,,,,,,,
10243,10496,10470,(D.Don) T.Moore,70476,1554,Athyrium distans,,1,,,,,,,
10243,10496,10470,Ching & P.S.Chui,317088,1554,Athyrium intermixtum,,1,,,,,,,
10243,10496,10470,Rosenst.,4202,1554,Athyrium iseanum,,1,,,,,,,
10243,10496,10470,Sa.Kurata,4203,1554,Athyrium kenzo-satakei,,1,,,,,,,
10243,10496,10470,Z.R.Wang & Li Bing Zhang,320185,1554,Athyrium ludingense,,1,,,,,,,
10243,10496,10470,(C. Hope) C. Chr.,460756,1554,Athyrium mackinnonii,,1,,,,,,,
10243,10496,10470,(Baker) Christ,318515,1554,Athyrium nephrodioides,,1,,,,,,,
10243,10496,10470,(Blume) T.Moore,4215,1554,Athyrium nigripes,,1,,,,,,,
10243,10496,10470,(Mett.) Hance,438598,1554,Athyrium niponicum,,1,,,,,,,
10243,10496,10470,Ching,317715,1554,Athyrium omeiense,,1,,,,,,,
10243,10496,10470,Hayata,438599,1554,Athyrium oppositipennum,,1,,,,,,,
10243,10496,10470,(Miq.) Koidz.,4219,1554,Athyrium otophorum,,1,,,,,,,
10243,10496,10470,(Wall. ex Mett.) C.Presl ex T.Moore,316406,1554,Athyrium pectinatum,,1,,,,,,,
10243,10496,10470,Ching & Z.Y.Liu,4223,1554,Athyrium pubicostatum,,1,,,,,,,
10243,10496,10470,(Hand.-Mazz.) Ching,461152,1554,Athyrium rhachidisorum,,1,,,,,,,
10243,10496,10470,Christ,4226,1554,Athyrium roseum,,1,,,,,,,
10243,10496,10470,(Edgew. ex C.Hope) C.Chr.,320187,1554,Athyrium rupicola,,1,,,,,,,
10243,10496,10470,Moug. ex Fée,4229,1554,Athyrium schimperi,,1,,,,,,,
10243,10496,10470,Ching,319737,1554,Athyrium sericellum,,1,,,,,,,
10243,10496,10470,Tagawa,4230,1554,Athyrium silvicola,,1,,,,,,,
10243,10496,10470,(T.Moore ex E.J.Lowe) Salomon,4235,1554,Athyrium strigillosum,,1,,,,,,,
10243,10496,10470,(Franch. & Sav.) Nakai,4237,1554,Athyrium vidalii,,1,,,,,,,
10243,10496,10470,Christ,317090,1554,Athyrium viviparum,,1,,,,,,,
10243,10496,10470,Ching,70477,1554,Athyrium wallichianum,,1,,,,,,,
10243,10496,10470,Ching,4239,1554,Athyrium wangii,,1,,,,,,,
10243,10496,10470,(Franch. & Sav.) Christ,4241,1554,Athyrium yokoscense,,1,,,,,,,
10243,10496,10470,C.Chr.,353933,1554,Athyrium setiferum,,1,,,,,,,
10243,10496,10470,(Hand.-Mazz.) Kitam.,318098,11812,Atractylodes carlinoides,,1,,,,,,,
10243,10496,10470,(Thunb.) DC.,140810,11812,Atractylodes lancea,,1,,,,,,,
10243,10496,10470,Koidz.,316228,11812,Atractylodes macrocephala,,1,,,,,,,
10243,10496,10470,Ledeb.,295179,1559,Atraphaxis compacta,,1,,,,,,,
10243,10496,10470,Iljin,294774,1560,Atriplex centralasiatica,,1,,,,,,,
10243,10496,10470,(L.) Bunge,314963,1560,Atriplex fera,,1,,,,,,,
10243,10496,10470,(Hemsl.) Pascher,318099,15118,Atropanthe sinensis,,1,,,,,,,
10243,10496,10470,Benth.,4334,1565,Aucuba chinensis,,1,,,,,,,
10243,10496,10470,F.T.Wang,170226,1565,Aucuba eriobotryifolia,,1,,,,,,,
10243,10496,10470,Hook.f. & Thomson,4335,1565,Aucuba himalaica,,1,,,,,,,
10243,10496,10470,Thunb.,4336,1565,Aucuba japonica,,1,,,,,,,
10243,10496,10470,(Rehder) K.T.Fu ex W.K.Hu & Soong,4337,1565,Aucuba obcordata,,1,,,,,,,
10243,10496,10470,L.,4386,1581,Avena fatua,,1,,,,,,,
10243,10496,10470,L.,77333,9142,Axyris amaranthoides,,1,,,,,,,
10243,10496,10470,L.,70454,9142,Axyris hybrida,,1,,,,,,,
10243,10496,10470,L.,70455,9142,Axyris prostrata,,1,,,,,,,
10243,10496,10470,(L.) Wettst.,4494,1595,Bacopa monnieri,,1,,,,,,,
10243,10496,10470,(Tiegh.) Harms,319075,1609,Balanophora fargesii,,1,,,,,,,
10243,10496,10470,Hook.f.,4554,1609,Balanophora harlandii,,1,,,,,,,
10243,10496,10470,Hook.f. & Thomson,136758,1609,Balanophora involucrata,,1,,,,,,,
10243,10496,10470,Hemsl.,4556,1609,Balanophora laxiflora,,1,,,,,,,
10243,10496,10470,McClure,4606,1621,Bambusa boniopsis,,1,,,,,,,
10243,10496,10470,McClure,125173,1621,Bambusa chungii,,1,,,,,,,
10243,10496,10470,McClure,4608,1621,Bambusa dissimulator,,1,,,,,,,
10243,10496,10470,(Keng & Keng f.) L.C.Chia & H.L.Fung,223988,1621,Bambusa distegia,,1,,,,,,,
10243,10496,10470,L.C.Chia & H.L.Fung,125177,1621,Bambusa emeiensis,,1,,,,,,,
10243,10496,10470,McClure,223991,1621,Bambusa eutuldoides,,1,,,,,,,
10243,10496,10470,Hsueh f. & T.P.Yi,224004,1621,Bambusa intermedia,,1,,,,,,,
10243,10496,10470,McClure,136760,1621,Bambusa lapidea,,1,,,,,,,
10243,10496,10470,McClure,4615,1621,Bambusa malingensis,,1,,,,,,,
10243,10496,10470,McClure,4620,1621,Bambusa pervariabilis,,1,,,,,,,
10243,10496,10470,H.L.Fung & C.Y.Sia,224024,1621,Bambusa prominens,,1,,,,,,,
10243,10496,10470,(Kuntze) L.C.Chia & H.L.Fung,4623,1621,Bambusa remotiflora,,1,,,,,,,
10243,10496,10470,Keng & Keng f.,125174,1621,Bambusa rigida,,1,,,,,,,
10243,10496,10470,(T.P.Yi & C.Y.Sia) D.Z.Li,224028,1621,Bambusa rongchengensis,,1,,,,,,,
10243,10496,10470,McClure,4624,1621,Bambusa rutila,,1,,,,,,,
10243,10496,10470,McClure,4625,1621,Bambusa sinospinosa,,1,,,,,,,
10243,10496,10470,H.L.Fung & C.Y.Sia,224035,1621,Bambusa subaequalis,,1,,,,,,,
10243,10496,10470,McClure,4627,1621,Bambusa textilis,,1,,,,,,,
10243,10496,10470,Munro,4629,1621,Bambusa tuldoides,,1,,,,,,,
10243,10496,10470,Ledeb.,4661,1627,Barbarea orthoceras,,1,,,,,,,
10243,10496,10470,L.,4673,1631,Barleria cristata,,1,,,,,,,
10243,10496,10470,H.P.Tsui,320189,1631,Barleria integrisepala,,1,,,,,,,
10243,10496,10470,L.,4678,1631,Barleria prionitis,,1,,,,,,,
10243,10496,10470,(Thunb.) Schult. & Schult.f.,4686,1633,Barnardia japonica,,1,,,,,,,
10243,10496,10470,(Fisch. & C.A.Mey.) Freitag & G.Kadereit,445346,19936,Grubovia dasyphylla,,1,,,,,,,
10243,10496,10470,Steud.,451374,5927,Ranunculus bungei,,1,,,,,,,
10243,10496,10470,(Fr.) Fr.,442151,5927,Ranunculus confervoides,,1,,,,,,,
10243,10496,10470,Chaix,37836,5927,Ranunculus trichophyllus,,1,,,,,,,
10243,10496,10470,(H.Lév.) Mackinder & R.Clark,460960,8522,Phanera aurea,,1,,,,,,,
10243,10496,10470,Wall. ex Benth.,120993,1650,Bauhinia brachycarpa,,1,,,,,,,
10243,10496,10470,(Craib) Bandyop. & Ghoshal,461153,8522,Phanera comosa,,1,,,,,,,
10243,10496,10470,(Franch.) Sinou & Bruneau,451375,8522,Phanera delavayi,,1,,,,,,,
10243,10496,10470,(Benth.) R.Clark & Mackinder,438696,19989,Cheniella glauca,,1,,,,,,,
10243,10496,10470,(Franch.) Wunderlin,62891,8522,Phanera yunnanensis,,1,,,,,,,
10243,10496,10470,Oliv.,4788,1654,Beaumontia brevituba,,1,,,,,,,
10243,10496,10470,(Pellegr.) B.L.Burtt,4819,1659,Beccarinda tonkinensis,,1,,,,,,,
10243,10496,10470,(Steud.) Fernald,4822,1661,Beckmannia syzigachne,,1,,,,,,,
10243,10496,10470,(Maxim. ex Oliv.) Ulbr.,136764,12438,Beesia calthifolia,,1,,,,,,,
10243,10496,10470,L.B.Sm. & Wassh.,220537,1665,Begonia algaia,,1,,,,,,,
10243,10496,10470,Irmsch.,136765,1665,Begonia asperifolia,,1,,,,,,,
10243,10496,10470,Hemsl.,4835,1665,Begonia augustinei,,1,,,,,,,
10243,10496,10470,Hance,220708,1665,Begonia circumlobata,,1,,,,,,,
10243,10496,10470,C.Y.Wu,220753,1665,Begonia cucurbitifolia,,1,,,,,,,
10243,10496,10470,"C.I Peng, Yan Liu & S.M.Ku",220423,1665,Begonia debaoensis,,1,,,,,,,
10243,10496,10470,Irmsch.,220796,1665,Begonia dryadis,,1,,,,,,,
10243,10496,10470,Gagnep.,220797,1665,Begonia duclouxii,,1,,,,,,,
10243,10496,10470,H.Lév.,220804,1665,Begonia edulis,,1,,,,,,,
10243,10496,10470,C.M.Hu,220812,1665,Begonia emeiensis,,1,,,,,,,
10243,10496,10470,Hance,4858,1665,Begonia fimbristipula,,1,,,,,,,
10243,10496,10470,Irmsch.,220852,1665,Begonia fordii,,1,,,,,,,
10243,10496,10470,Irmsch.,220855,1665,Begonia forrestii,,1,,,,,,,
10243,10496,10470,Dryand.,47926,1665,Begonia grandis,,1,,,,,,,
10243,10496,10470,Hemsl.,220919,1665,Begonia henryi,,1,,,,,,,
10243,10496,10470,Irmsch.,220962,1665,Begonia imitans,,1,,,,,,,
10243,10496,10470,H.Lév.,221022,1665,Begonia labordei,,1,,,,,,,
10243,10496,10470,Irmsch.,221063,1665,Begonia limprichtii,,1,,,,,,,
10243,10496,10470,C.Y.Wu,221069,1665,Begonia lithophila,,1,,,,,,,
10243,10496,10470,K.Y.Guan & D.K.Tian,221078,1665,Begonia longicarpa,,1,,,,,,,
10243,10496,10470,C.Y.Wu,221141,1665,Begonia megalophyllaria,,1,,,,,,,
10243,10496,10470,Gagnep.,221511,1665,Begonia taliensis,,1,,,,,,,
10243,10496,10470,D.Don,4893,1665,Begonia palmata,,1,,,,,,,
10243,10496,10470,H.Lév.,221261,1665,Begonia pedatifida,,1,,,,,,,
10243,10496,10470,Irmsch.,221324,1665,Begonia psilophylla,,1,,,,,,,
10243,10496,10470,T.T.Yu,221442,1665,Begonia smithiana,,1,,,,,,,
10243,10496,10470,T.T.Yu,221495,1665,Begonia summoglabra,,1,,,,,,,
10243,10496,10470,Gagnep.,221511,1665,Begonia taliensis,,1,,,,,,,
10243,10496,10470,Gagnep.,221605,1665,Begonia wilsonii,,1,,,,,,,
10243,10496,10470,C.Y.Cheng,319086,1667,Beilschmiedia kweichowensis,,1,,,,,,,
10243,10496,10470,(L.) Goldblatt & Mabb.,23503,3961,Iris domestica,,1,,,,,,,
10243,10496,10470,C.K.Schneid.,121945,1686,Berberis aemulans,,1,,,,,,,
10243,10496,10470,C.K.Schneid.,5001,1686,Berberis aggregata,,1,,,,,,,
10243,10496,10470,Ahrendt,320191,1686,Berberis agricola,,1,,,,,,,
10243,10496,10470,Dunn,320192,1686,Berberis amoena,,1,,,,,,,
10243,10496,10470,Rupr.,141144,1686,Berberis amurensis,,1,,,,,,,
10243,10496,10470,Franch.,313393,1686,Berberis dictyophylla,,1,,,,,,,
10243,10496,10470,(Franch.) C.K.Schneid.,320194,1686,Berberis arguta,,1,,,,,,,
10243,10496,10470,C.K.Schneid.,320195,1686,Berberis asmyana,,1,,,,,,,
10243,10496,10470,C.K.Schneid.,318100,1686,Berberis atrocarpa,,1,,,,,,,
10243,10496,10470,T.S.Ying,423277,1686,Berberis sichuanica,,1,,,,,,,
10243,10496,10470,C.K.Schneid.,316959,1686,Berberis bergmanniae,,1,,,,,,,
10243,10496,10470,Maxim.,316552,1686,Berberis brachypoda,,1,,,,,,,
10243,10496,10470,T.S.Ying,320197,1686,Berberis campylotropa,,1,,,,,,,
10243,10496,10470,(C.K.Schneid.) C.K.Schneid.,318101,1686,Berberis candidula,,1,,,,,,,
10243,10496,10470,(C.K.Schneid.) C.K.Schneid.,141145,1686,Berberis circumserrata,,1,,,,,,,
10243,10496,10470,T.S.Ying,320198,1686,Berberis daiana,,1,,,,,,,
10243,10496,10470,T.S.Ying,320199,1686,Berberis daochengensis,,1,,,,,,,
10243,10496,10470,Maxim.,316407,1686,Berberis dasystachya,,1,,,,,,,
10243,10496,10470,Ahrendt,320200,1686,Berberis davidii,,1,,,,,,,
10243,10496,10470,K.Mey.,136775,1686,Berberis dawoensis,,1,,,,,,,
10243,10496,10470,C.K.Schneid.,320201,1686,Berberis deinacantha,,1,,,,,,,
10243,10496,10470,T.S.Ying,320202,1686,Berberis derongensis,,1,,,,,,,
10243,10496,10470,Maxim.,141146,1686,Berberis diaphana,,1,,,,,,,
10243,10496,10470,C.K.Schneid.,320203,1686,Berberis dictyoneura,,1,,,,,,,
10243,10496,10470,Franch.,313393,1686,Berberis dictyophylla,,1,,,,,,,
10243,10496,10470,Maxim.,316407,1686,Berberis dasystachya,,1,,,,,,,
10243,10496,10470,C.K.Schneid.,318102,1686,Berberis fallaciosa,,1,,,,,,,
10243,10496,10470,C.K.Schneid.,136776,1686,Berberis fallax,,1,,,,,,,
10243,10496,10470,C.K.Schneid.,141147,1686,Berberis henryana,,1,,,,,,,
10243,10496,10470,Franch.,136787,1686,Berberis yunnanensis,,1,,,,,,,
10243,10496,10470,C.K.Schneid.,320205,1686,Berberis francisci-ferdinandi,,1,,,,,,,
10243,10496,10470,C.K.Schneid.,5007,1686,Berberis gagnepainii,,1,,,,,,,
10243,10496,10470,C.K.Schneid.,320220,1686,Berberis minutiflora,,1,,,,,,,
10243,10496,10470,C.K.Schneid.,121946,1686,Berberis griffithiana,,1,,,,,,,
10243,10496,10470,C.K.Schneid.,320207,1686,Berberis grodtmanniana,,1,,,,,,,
10243,10496,10470,Ahrendt,320208,1686,Berberis hemsleyana,,1,,,,,,,
10243,10496,10470,C.K.Schneid.,141147,1686,Berberis henryana,,1,,,,,,,
10243,10496,10470,P.K.Hsiao & W.C.Sung,320209,1686,Berberis hsuyunensis,,1,,,,,,,
10243,10496,10470,Hook.f.,138585,1686,Berberis virescens,,1,,,,,,,
10243,10496,10470,C.K.Schneid.,317718,1686,Berberis impedita,,1,,,,,,,
10243,10496,10470,C.K.Schneid.,320211,1686,Berberis insolita,,1,,,,,,,
10243,10496,10470,Forrest & W.W.Sm.,136771,1686,Berberis jamesiana,,1,,,,,,,
10243,10496,10470,T.S.Ying,320212,1686,Berberis jinfoshanensis,,1,,,,,,,
10243,10496,10470,T.S.Ying,320213,1686,Berberis jiulongensis,,1,,,,,,,
10243,10496,10470,C.K.Schneid.,5009,1686,Berberis julianae,,1,,,,,,,
10243,10496,10470,Maxim.,316407,1686,Berberis dasystachya,,1,,,,,,,
10243,10496,10470,C.Y.Wu ex S.Y.Bao,317097,1686,Berberis kunmingensis,,1,,,,,,,
10243,10496,10470,T.S.Ying,320214,1686,Berberis leboensis,,1,,,,,,,
10243,10496,10470,C.K.Schneid.,316230,1686,Berberis lecomtei,,1,,,,,,,
10243,10496,10470,Franch.,123535,1686,Berberis levis,,1,,,,,,,
10243,10496,10470,C.K.Schneid.,320215,1686,Berberis liophylla,,1,,,,,,,
10243,10496,10470,C.K.Schneid.,320216,1686,Berberis lubrica,,1,,,,,,,
10243,10496,10470,T.S.Ying,320217,1686,Berberis luhuoensis,,1,,,,,,,
10243,10496,10470,W.W.Sm.,320218,1686,Berberis mekongensis,,1,,,,,,,
10243,10496,10470,Ahrendt,121953,1686,Berberis metapolyantha,,1,,,,,,,
10243,10496,10470,C.K.Schneid.,320219,1686,Berberis microtricha,,1,,,,,,,
10243,10496,10470,C.K.Schneid.,320220,1686,Berberis minutiflora,,1,,,,,,,
10243,10496,10470,C.K.Schneid.,320221,1686,Berberis mouillacana,,1,,,,,,,
10243,10496,10470,Ahrendt,320222,1686,Berberis muliensis,,1,,,,,,,
10243,10496,10470,Franch.,313396,1686,Berberis sanguinea,,1,,,,,,,
10243,10496,10470,Franch.,136780,1686,Berberis pallens,,1,,,,,,,
10243,10496,10470,(Franch.) Koehne,320224,1686,Berberis papillifera,,1,,,,,,,
10243,10496,10470,C.K.Schneid.,461154,1686,Berberis delavayi,,1,,,,,,,
10243,10496,10470,C.K.Schneid.,320226,1686,Berberis phanera,,1,,,,,,,
10243,10496,10470,C.K.Schneid.,320205,1686,Berberis francisci-ferdinandi,,1,,,,,,,
10243,10496,10470,W.C.Sung & J.Y.Hsiao,461155,1686,Berberis pingshanensis,,1,,,,,,,
10243,10496,10470,(Ahrendt) Ahrendt,320229,1686,Berberis platyphylla,,1,,,,,,,
10243,10496,10470,Poir.,131829,1686,Berberis chinensis,,1,,,,,,,
10243,10496,10470,Hemsl.,141153,1686,Berberis polyantha,,1,,,,,,,
10243,10496,10470,Maxim.,317925,1686,Berberis potaninii,,1,,,,,,,
10243,10496,10470,C.K.Schneid.,316409,1686,Berberis prattii,,1,,,,,,,
10243,10496,10470,Franch.,136781,1686,Berberis pruinosa,,1,,,,,,,
10243,10496,10470,T.S.Ying,320214,1686,Berberis leboensis,,1,,,,,,,
10243,10496,10470,Bijh.,320231,1686,Berberis reticulata,,1,,,,,,,
10243,10496,10470,T.S.Ying,320232,1686,Berberis reticulinervis,,1,,,,,,,
10243,10496,10470,T.S.Ying,320233,1686,Berberis retusa,,1,,,,,,,
10243,10496,10470,Fedde,316555,1686,Berberis salicaria,,1,,,,,,,
10243,10496,10470,Franch.,313396,1686,Berberis sanguinea,,1,,,,,,,
10243,10496,10470,C.K.Schneid.,154624,1686,Berberis sargentiana,,1,,,,,,,
10243,10496,10470,DC.,56576,1686,Berberis aristata,,1,,,,,,,
10243,10496,10470,C.K.Schneid.,141154,1686,Berberis silva-taroucana,,1,,,,,,,
10243,10496,10470,C.K.Schneid.,318104,1686,Berberis silvicola,,1,,,,,,,
10243,10496,10470,C.K.Schneid.,5017,1686,Berberis soulieana,,1,,,,,,,
10243,10496,10470,C.K.Schneid.,136783,1686,Berberis subacuminata,,1,,,,,,,
10243,10496,10470,Ahrendt,320235,1686,Berberis temolaica,,1,,,,,,,
10243,10496,10470,C.K.Schneid.,320236,1686,Berberis tischleri,,1,,,,,,,
10243,10496,10470,Fedde,317720,1686,Berberis triacanthophora,,1,,,,,,,
10243,10496,10470,Stapf,320237,1686,Berberis tsarongensis,,1,,,,,,,
10243,10496,10470,C.K.Schneid.,320201,1686,Berberis deinacantha,,1,,,,,,,
10243,10496,10470,C.K.Schneid.,318105,1686,Berberis veitchii,,1,,,,,,,
10243,10496,10470,C.K.Schneid.,460694,1686,Berberis caroli,,1,,,,,,,
10243,10496,10470,Hemsl. & E.H.Wilson,320239,1686,Berberis verruculosa,,1,,,,,,,
10243,10496,10470,Hook.f.,138585,1686,Berberis virescens,,1,,,,,,,
10243,10496,10470,C.K.Schneid.,5020,1686,Berberis virgetorum,,1,,,,,,,
10243,10496,10470,Diels,461156,1686,Berberis leptoclada,,1,,,,,,,
10243,10496,10470,Hemsl.,5022,1686,Berberis wilsoniae,,1,,,,,,,
10243,10496,10470,C.Y.Wu ex S.Y.Bao,320241,1686,Berberis woomungensis,,1,,,,,,,
10243,10496,10470,Franch.,136772,1686,Berberis acuminata,,1,,,,,,,
10243,10496,10470,T.S.Ying,320243,1686,Berberis yui,,1,,,,,,,
10243,10496,10470,Franch.,136787,1686,Berberis yunnanensis,,1,,,,,,,
10243,10496,10470,C.K.Schneid.,5009,1686,Berberis julianae,,1,,,,,,,
10243,10496,10470,Pit.,5023,1687,Berchemia annamensis,,1,,,,,,,
10243,10496,10470,M.A.Lawson,138586,1687,Berchemia edgeworthii,,1,,,,,,,
10243,10496,10470,(Wall.) Wall. ex Brongn.,122942,1687,Berchemia flavescens,,1,,,,,,,
10243,10496,10470,(Wall.) Brongn.,5025,1687,Berchemia floribunda,,1,,,,,,,
10243,10496,10470,(Wall.) Brongn.,5025,1687,Berchemia floribunda,,1,,,,,,,
10243,10496,10470,(H.T.Tsai & K.M.Feng) Y.L.Chen & P.K.Chou,317542,1687,Berchemia hispida,,1,,,,,,,
10243,10496,10470,C.K.Schneid.,316961,1687,Berchemia kulingensis,,1,,,,,,,
10243,10496,10470,(L.) DC.,5026,1687,Berchemia lineata,,1,,,,,,,
10243,10496,10470,D.Fang,318107,1687,Berchemia omeiensis,,1,,,,,,,
10243,10496,10470,Wall. ex M.A.Lawson,5027,1687,Berchemia polyphylla,,1,,,,,,,
10243,10496,10470,C.K.Schneid.,5030,1687,Berchemia sinica,,1,,,,,,,
10243,10496,10470,(L.) Fritsch,5032,1689,Bergenia crassifolia,,1,,,,,,,
10243,10496,10470,C.Y.Wu ex J.T.Pan,320244,1689,Bergenia emeiensis,,1,,,,,,,
10243,10496,10470,(Hook.f. & Thomson) Engl.,5033,1689,Bergenia purpurascens,,1,,,,,,,
10243,10496,10470,J.T.Pan,320245,1689,Bergenia tianquanensis,,1,,,,,,,
10243,10496,10470,Decne.,120359,11563,Berneuxia thibetica,,1,,,,,,,
10243,10496,10470,(Palib.) D.A.German & Al-Shehbaz,460349,10890,Stevenia maximowiczii,,1,,,,,,,
10243,10496,10470,D.Don,68729,1704,Betula utilis,,1,,,,,,,
10243,10496,10470,Buch.-Ham. ex D.Don,5075,1704,Betula alnoides,,1,,,,,,,
10243,10496,10470,Hu,451879,1704,Betula kweichowensis,,1,,,,,,,
10243,10496,10470,(W.W.Sm.) P.C.Li,170489,1704,Betula calcicola,,1,,,,,,,
10243,10496,10470,Maxim.,170490,1704,Betula chinensis,,1,,,,,,,
10243,10496,10470,Trautv.,141174,1704,Betula costata,,1,,,,,,,
10243,10496,10470,Wall.,121488,1704,Betula cylindrostachya,,1,,,,,,,
10243,10496,10470,Pall.,451881,1704,Betula davurica,,1,,,,,,,
10243,10496,10470,Franch.,136790,1704,Betula delavayi,,1,,,,,,,
10243,10496,10470,Franch.,454210,1704,Betula fargesii,,1,,,,,,,
10243,10496,10470,Pall.,77335,1704,Betula fruticosa,,1,,,,,,,
10243,10496,10470,Hu,451879,1704,Betula kweichowensis,,1,,,,,,,
10243,10496,10470,Batalin,170500,1704,Betula potaninii,,1,,,,,,,
10243,10496,10470,H.J.P.Winkl.,136792,1704,Betula luminifera,,1,,,,,,,
10243,10496,10470,Pall.,77335,1704,Betula fruticosa,,1,,,,,,,
10243,10496,10470,Roth,5080,1704,Betula pendula,,1,,,,,,,
10243,10496,10470,Roth,5080,1704,Betula pendula,,1,,,,,,,
10243,10496,10470,Batalin,170500,1704,Betula potaninii,,1,,,,,,,
10243,10496,10470,Rupr.,141184,1704,Betula tianschanica,,1,,,,,,,
10243,10496,10470,Batalin,170500,1704,Betula potaninii,,1,,,,,,,
10243,10496,10470,D.Don,68729,1704,Betula utilis,,1,,,,,,,
10243,10496,10470,(Roxb.) Ding Hou,5089,1706,Bhesa robusta,,1,,,,,,,
10243,10496,10470,L.,5100,1708,Bidens bipinnata,,1,,,,,,,
10243,10496,10470,(Lour.) Merr. & Sherff,5102,1708,Bidens biternata,,1,,,,,,,
10243,10496,10470,L.,5104,1708,Bidens cernua,,1,,,,,,,
10243,10496,10470,Oett.,316231,1708,Bidens maximowicziana,,1,,,,,,,
10243,10496,10470,Willd.,315104,1708,Bidens parviflora,,1,,,,,,,
10243,10496,10470,L.,5140,1708,Bidens pilosa,,1,,,,,,,
10243,10496,10470,L.,5157,1708,Bidens tripartita,,1,,,,,,,
10243,10496,10470,Maxim.,320247,7501,Biebersteinia heterostemon,,1,,,,,,,
10243,10496,10470,Stephan,70482,7501,Biebersteinia odora,,1,,,,,,,
10243,10496,10470,Meve & Liede,460882,7078,Vincetoxicum shaanxiense,,1,,,,,,,
10243,10496,10470,(Warb.) Meve & Liede,460757,7078,Vincetoxicum hemsleyanum,,1,,,,,,,
10243,10496,10470,(Warb. ex Schltr. & Diels) Meve & Liede,460657,7078,Vincetoxicum henryi,,1,,,,,,,
10243,10496,10470,"(Tsiang) Meve, H.H.Kong & Liede",461055,7078,Vincetoxicum insigne,,1,,,,,,,
10243,10496,10470,Meve & Liede,461157,7078,Vincetoxicum yingii,,1,,,,,,,
10243,10496,10470,Meve & Liede,461158,7078,Vincetoxicum pilosellum,,1,,,,,,,
10243,10496,10470,(Hand.-Mazz.) Meve & Liede,461056,7078,Vincetoxicum mairei,,1,,,,,,,
10243,10496,10470,Blume,5188,1715,Biophytum fruticosum,,1,,,,,,,
10243,10496,10470,Blume,5190,1716,Bischofia javanica,,1,,,,,,,
10243,10496,10470,(H.Lév.) Airy Shaw,141197,1716,Bischofia polycarpa,,1,,,,,,,
10243,10496,10470,(L.) Philipson,5214,1725,Blainvillea acmella,,1,,,,,,,
10243,10496,10470,Lour.,5222,1728,Blastus cochinchinensis,,1,,,,,,,
10243,10496,10470,L.,5296,1730,Blechnum orientale,,1,,,,,,,
10243,10496,10470,(Hayata) Schltr.,5335,1739,Bletilla formosana,,1,,,,,,,
10243,10496,10470,Schltr.,170580,1739,Bletilla ochracea,,1,,,,,,,
10243,10496,10470,(Thunb.) Rchb.f.,5336,1739,Bletilla striata,,1,,,,,,,
10243,10496,10470,Franch.,320250,1743,Blumea adenophora,,1,,,,,,,
10243,10496,10470,DC.,5348,1743,Blumea aromatica,,1,,,,,,,
10243,10496,10470,(L.) DC.,5350,1743,Blumea balsamifera,,1,,,,,,,
10243,10496,10470,(Roxb.) Kurz,5355,1743,Blumea fistulosa,,1,,,,,,,
10243,10496,10470,Vaniot,125100,1743,Blumea martiniana,,1,,,,,,,
10243,10496,10470,(Spreng.) DC.,5357,1743,Blumea hieraciifolia,,1,,,,,,,
10243,10496,10470,(Burm.f.) DC.,5359,1743,Blumea lacera,,1,,,,,,,
10243,10496,10470,(Lour.) Merr.,5371,1743,Blumea sinuata,,1,,,,,,,
10243,10496,10470,C.T.Chang & C.H.Yu,124769,1743,Blumea megacephala,,1,,,,,,,
10243,10496,10470,(Lam.) DC.,5349,1743,Blumea axillaris,,1,,,,,,,
10243,10496,10470,DC.,83794,1743,Blumea oxyodonta,,1,,,,,,,
10243,10496,10470,DC.,5368,1743,Blumea riparia,,1,,,,,,,
10243,10496,10470,Franch.,320251,1743,Blumea veronicifolia,,1,,,,,,,
10243,10496,10470,(L.) Panz. ex Link,5380,1747,Blysmus compressus,,1,,,,,,,
10243,10496,10470,Tang & F.T.Wang,141215,1747,Blysmus sinocompressus,,1,,,,,,,
10243,10496,10470,(Hemsl.) C.Puglisi,460734,12467,Damrongia clarkeana,,1,,,,,,,
10243,10496,10470,Bunge,438740,19993,Dorcoceras hygrometrica,,1,,,,,,,
10243,10496,10470,Miq.,124955,1754,Boehmeria clidemioides,,1,,,,,,,
10243,10496,10470,(G.Forst.) Guill.,5433,1754,Boehmeria virgata,,1,,,,,,,
10243,10496,10470,(L.f.) Miq.,5421,1754,Boehmeria japonica,,1,,,,,,,
10243,10496,10470,(G.Forst.) Guill.,5433,1754,Boehmeria virgata,,1,,,,,,,
10243,10496,10470,(L.) Gaudich.,5425,1754,Boehmeria nivea,,1,,,,,,,
10243,10496,10470,Craib,318792,1754,Boehmeria siamensis,,1,,,,,,,
10243,10496,10470,(L.f.) Miq.,5421,1754,Boehmeria japonica,,1,,,,,,,
10243,10496,10470,(L.f.) Miq.,5421,1754,Boehmeria japonica,,1,,,,,,,
10243,10496,10470,(G.Forst.) Guill.,5433,1754,Boehmeria virgata,,1,,,,,,,
10243,10496,10470,(L.f.) Miq.,5421,1754,Boehmeria japonica,,1,,,,,,,
10243,10496,10470,Miq.,124955,1754,Boehmeria clidemioides,,1,,,,,,,
10243,10496,10470,(Hook.) Rchb. ex Meisn.,5437,1756,Boenninghausenia albiflora,,1,,,,,,,
10243,10496,10470,(Hook.) Rchb. ex Meisn.,5437,1756,Boenninghausenia albiflora,,1,,,,,,,
10243,10496,10470,L.,5452,1758,Boerhavia diffusa,,1,,,,,,,
10243,10496,10470,(C.Presl) Ching,5482,1762,Bolbitis heteroclita,,1,,,,,,,
10243,10496,10470,(Maxim.) Franquet,141223,12642,Bolbostemma paniculatum,,1,,,,,,,
10243,10496,10470,L.,5509,1767,Bombax ceiba,,1,,,,,,,
10243,10496,10470,Burm.f.,42410,6462,Spermacoce ocymoides,,1,,,,,,,
10243,10496,10470,(Hook.f. & Thomson) Beck,451379,20356,Xylanche himalaica,,1,,,,,,,
10243,10496,10470,(Benth.) Diels,438757,12442,Chelonopsis deflexa,,1,,,,,,,
10243,10496,10470,(Retz.) S.T.Blake,5584,1788,Bothriochloa bladhii,,1,,,,,,,
10243,10496,10470,(L.) Keng,5588,1788,Bothriochloa ischaemum,,1,,,,,,,
10243,10496,10470,(L.) A.Camus,5591,1788,Bothriochloa pertusa,,1,,,,,,,
10243,10496,10470,Bunge,141249,1789,Bothriospermum chinense,,1,,,,,,,
10243,10496,10470,Hand.-Mazz.,320252,1789,Bothriospermum hispidissimum,,1,,,,,,,
10243,10496,10470,Bunge ex A.DC.,460658,1789,Bothriospermum kusnetzowii,,1,,,,,,,
10243,10496,10470,Maxim.,124442,1789,Bothriospermum secundum,,1,,,,,,,
10243,10496,10470,(J.Jacq.) Druce,438759,1789,Bothriospermum zeylanicum,,1,,,,,,,
10243,10496,10470,Wall. ex Hook. & Grev.,5597,1790,Botrychium daucifolium,,1,,,,,,,
10243,10496,10470,(Prantl) Underw.,5601,1790,Botrychium japonicum,,1,,,,,,,
10243,10496,10470,Wall. ex Hook. & Grev.,5604,1790,Botrychium lanuginosum,,1,,,,,,,
10243,10496,10470,(L.) Sw.,5605,1790,Botrychium lunaria,,1,,,,,,,
10243,10496,10470,(Rupr. ex Milde) Underw.,5611,1790,Botrychium robustum,,1,,,,,,,
10243,10496,10470,Underw.,5615,1790,Botrychium strictum,,1,,,,,,,
10243,10496,10470,(Thunb.) Sw.,398755,1790,Botrychium ternatum,,1,,,,,,,
10243,10496,10470,(L.) Sw.,5617,1790,Botrychium virginianum,,1,,,,,,,
10243,10496,10470,(Sm.) Veldkamp,438770,19157,Moorochloa eruciformis,,1,,,,,,,
10243,10496,10470,(L.) T.Q.Nguyen,438778,7015,Urochloa ramosa,,1,,,,,,,
10243,10496,10470,(Trin.) R.D.Webster,438780,7015,Urochloa subquadripara,,1,,,,,,,
10243,10496,10470,(Lam.) T.Q.Nguyen,438781,7015,Urochloa villosa,,1,,,,,,,
10243,10496,10470,(Rchb.f.) Summerh.,5711,1805,Brachycorythis galeandra,,1,,,,,,,
10243,10496,10470,(Hack.) Matsum. ex Honda,224139,11933,Brachyelytrum japonicum,,1,,,,,,,
10243,10496,10470,(L.) P.Beauv.,5754,1809,Brachypodium pinnatum,,1,,,,,,,
10243,10496,10470,(Huds.) P.Beauv.,5757,1809,Brachypodium sylvaticum,,1,,,,,,,
10243,10496,10470,(Huds.) P.Beauv.,5757,1809,Brachypodium sylvaticum,,1,,,,,,,
10243,10496,10470,P.C.Tsoong & L.T.Lu,319102,11622,Brandisia cauliflora,,1,,,,,,,
10243,10496,10470,Hook.f. & Thomson,121007,11622,Brandisia discolor,,1,,,,,,,
10243,10496,10470,Hook.f.,136796,11622,Brandisia hancei,,1,,,,,,,
10243,10496,10470,W.W.Sm.,136797,11622,Brandisia rosea,,1,,,,,,,
10243,10496,10470,J.F.Gmel.,5793,1817,Brasenia schreberi,,1,,,,,,,
10243,10496,10470,Dunn,121957,11565,Brassaiopsis ciliata,,1,,,,,,,
10243,10496,10470,Dunn,121957,11565,Brassaiopsis ciliata,,1,,,,,,,
10243,10496,10470,(H.L.Li) G.Hoo,167249,11565,Brassaiopsis ferruginea,,1,,,,,,,
10243,10496,10470,Dunn,137173,11565,Brassaiopsis ficifolia,,1,,,,,,,
10243,10496,10470,(Blume) Regel,121958,11565,Brassaiopsis glomerulata,,1,,,,,,,
10243,10496,10470,(W.W.Sm.) Al-Shehbaz & D.A.German,461159,20538,Metashangrilaia forrestii,,1,,,,,,,
10243,10496,10470,Bunge,5828,1824,Braya rosea,,1,,,,,,,
10243,10496,10470,(H.Lév.) Lauener,320254,1825,Bredia esquirolii,,1,,,,,,,
10243,10496,10470,(Hance) Diels,5830,1825,Bredia fordii,,1,,,,,,,
10243,10496,10470,(Hand.-Mazz.) Diels,317721,1825,Bredia longiloba,,1,,,,,,,
10243,10496,10470,(Guillaumin) Diels,461160,1825,Bredia tuberculata,,1,,,,,,,
10243,10496,10470,(H.Lév.) Diels,320255,1825,Bredia yunnanensis,,1,,,,,,,
10243,10496,10470,Hemsl.,5836,1827,Bretschneidera sinensis,,1,,,,,,,
10243,10496,10470,(Dennst.) Alston,5844,1829,Breynia retusa,,1,,,,,,,
10243,10496,10470,Tutcher,5854,1831,Bridelia balansae,,1,,,,,,,
10243,10496,10470,Blume,5863,1831,Bridelia tomentosa,,1,,,,,,,
10243,10496,10470,(K.Y.Pan) Mich.Möller & W.H.Chen,461161,5133,Oreocharis acutiloba,,1,,,,,,,
10243,10496,10470,(Forrest ex W.W.Sm.) Mich.Möller & W.H.Chen,461162,5133,Oreocharis agnesiae,,1,,,,,,,
10243,10496,10470,(Chun) Mich.Möller & A.Weber,460760,5133,Oreocharis chienii,,1,,,,,,,
10243,10496,10470,(C.B.Clarke) B.L.Burtt,451641,11694,Loxostigma kurzii,,1,,,,,,,
10243,10496,10470,(W.T.Wang & K.Y.Pan) Mich.Möller & Y.M.Shui,461163,11694,Loxostigma longicaule,,1,,,,,,,
10243,10496,10470,(Franch.) Mich.Möller & W.H.Chen,460659,20527,Glabrella mihieri,,1,,,,,,,
10243,10496,10470,(Diels) Mich.Möller & A.Weber,449891,5133,Oreocharis muscicola,,1,,,,,,,
10243,10496,10470,(Diels) Mich.Möller & A.Weber,460884,5133,Oreocharis rosthornii,,1,,,,,,,
10243,10496,10470,(Hemsl.) Mich.Möller & W.H.Chen,460885,5133,Oreocharis speciosa,,1,,,,,,,
10243,10496,10470,(Franch.) K.Y.Pan,319740,15157,Briggsiopsis delavayi,,1,,,,,,,
10243,10496,10470,L.,5874,1836,Briza media,,1,,,,,,,
10243,10496,10470,Keng f.,225061,1840,Bromus epilis,,1,,,,,,,
10243,10496,10470,Leyss.,5912,1840,Bromus inermis,,1,,,,,,,
10243,10496,10470,Houtt.,5915,1840,Bromus japonicus,,1,,,,,,,
10243,10496,10470,Keng,141316,1840,Bromus magnus,,1,,,,,,,
10243,10496,10470,Hack. ex Hand.-Mazz.,457454,1840,Bromus mairei,,1,,,,,,,
10243,10496,10470,Keng,225076,1840,Bromus plurinodis,,1,,,,,,,
10243,10496,10470,Cope,225077,1840,Bromus porphyranthos,,1,,,,,,,
10243,10496,10470,Keng f. ex L.Liu,225080,1840,Bromus pseudoramosus,,1,,,,,,,
10243,10496,10470,L.,5926,1840,Bromus racemosus,,1,,,,,,,
10243,10496,10470,(Steud.) Ohwi,124365,1840,Bromus remotiflorus,,1,,,,,,,
10243,10496,10470,Roth,5928,1840,Bromus rigidus,,1,,,,,,,
10243,10496,10470,Keng f.,141317,1840,Bromus sinensis,,1,,,,,,,
10243,10496,10470,Melderis,138592,1840,Bromus staintonii,,1,,,,,,,
10243,10496,10470,L.,5936,1840,Bromus tectorum,,1,,,,,,,
10243,10496,10470,Siebold,5948,1844,Broussonetia kaempferi,,1,,,,,,,
10243,10496,10470,Siebold,438803,1844,Broussonetia × kazinoki,,1,,,,,,,
10243,10496,10470,(L.) L'Hér. ex Vent.,5951,1844,Broussonetia papyrifera,,1,,,,,,,
10243,10496,10470,(L.) Merr.,5959,1848,Brucea javanica,,1,,,,,,,
10243,10496,10470,(Spreng.) L.B.Sm. & Downs,108053,1852,Brunfelsia brasiliensis,,1,,,,,,,
10243,10496,10470,(Munro ex A.Gray) F.Schmidt,6016,1860,Brylkinia caudata,,1,,,,,,,
10243,10496,10470,Buch.-Ham. ex D.Don,6044,1869,Buchnera cruciata,,1,,,,,,,
10243,10496,10470,Diels,460762,12655,Buckleya henryi,,1,,,,,,,
10243,10496,10470,Hemsl.,6052,1871,Buddleja albiflora,,1,,,,,,,
10243,10496,10470,Maxim.,6053,1871,Buddleja alternifolia,,1,,,,,,,
10243,10496,10470,Lour.,6055,1871,Buddleja asiatica,,1,,,,,,,
10243,10496,10470,Diels,320259,1871,Buddleja brachystachya,,1,,,,,,,
10243,10496,10470,Dunn,121962,1871,Buddleja candida,,1,,,,,,,
10243,10496,10470,Benth.,56665,1871,Buddleja crispa,,1,,,,,,,
10243,10496,10470,Franch.,6058,1871,Buddleja davidii,,1,,,,,,,
10243,10496,10470,L.F.Gagnep.,461164,1871,Buddleja delavayi,,1,,,,,,,
10243,10496,10470,Balf.f. & W.W.Sm.,320260,1871,Buddleja fallowiana,,1,,,,,,,
10243,10496,10470,Diels,121963,1871,Buddleja forrestii,,1,,,,,,,
10243,10496,10470,Fortune,6063,1871,Buddleja lindleyana,,1,,,,,,,
10243,10496,10470,Benth.,121493,1871,Buddleja macrostachya,,1,,,,,,,
10243,10496,10470,Diels,6065,1871,Buddleja myriantha,,1,,,,,,,
10243,10496,10470,Duthie,317723,1871,Buddleja nivea,,1,,,,,,,
10243,10496,10470,Maxim.,6066,1871,Buddleja officinalis,,1,,,,,,,
10243,10496,10470,Wall.,121494,1871,Buddleja paniculata,,1,,,,,,,
10243,10496,10470,C.Marquand,461165,1871,Buddleja × wardii,,1,,,,,,,
10243,10496,10470,Lindl.,6089,1876,Bulbophyllum affine,,1,,,,,,,
10243,10496,10470,(Hook.f.) J.J.Sm.,167470,1876,Bulbophyllum andersonii,,1,,,,,,,
10243,10496,10470,(Finet) J.J.Sm.,121968,1876,Bulbophyllum emarginatum,,1,,,,,,,
10243,10496,10470,Schltr.,6139,1876,Bulbophyllum kwangtungense,,1,,,,,,,
10243,10496,10470,(Sm.) Lindl. ex Wall.,6168,1876,Bulbophyllum odoratissimum,,1,,,,,,,
10243,10496,10470,(Gagnep.) Seidenf.,6175,1876,Bulbophyllum pecten-veneris,,1,,,,,,,
10243,10496,10470,Schltr.,168423,1876,Bulbophyllum pteroglossum,,1,,,,,,,
10243,10496,10470,(Lindl.) Lindl. ex Wall.,6184,1876,Bulbophyllum reptans,,1,,,,,,,
10243,10496,10470,Rchb.f.,6187,1876,Bulbophyllum retusiusculum,,1,,,,,,,
10243,10496,10470,Z.H.Tsi & H.Li,168586,1876,Bulbophyllum sphaericum,,1,,,,,,,
10243,10496,10470,Lindl.,6206,1876,Bulbophyllum umbellatum,,1,,,,,,,
10243,10496,10470,(Wall.) Hand.-Mazz.,6218,1877,Bulbostylis densa,,1,,,,,,,
10243,10496,10470,(Franch.) Kitag.,316237,1882,Bupleurum angustissimum,,1,,,,,,,
10243,10496,10470,H.Wolff,316410,1882,Bupleurum boissieuanum,,1,,,,,,,
10243,10496,10470,Wall. ex DC.,79890,1882,Bupleurum candollei,,1,,,,,,,
10243,10496,10470,R.H.Shan & M.L.Sheh,320262,1882,Bupleurum chaishoui,,1,,,,,,,
10243,10496,10470,DC.,312661,1882,Bupleurum chinense,,1,,,,,,,
10243,10496,10470,H.Boissieu,317930,1882,Bupleurum commelynoideum,,1,,,,,,,
10243,10496,10470,(C.B.Clarke) Koso-Pol.,138596,1882,Bupleurum dalhousianum,,1,,,,,,,
10243,10496,10470,Rupr.,294964,1882,Bupleurum densiflorum,,1,,,,,,,
10243,10496,10470,Diels,316557,1882,Bupleurum gracilipes,,1,,,,,,,
10243,10496,10470,Klotzsch,71148,1882,Bupleurum gracillimum,,1,,,,,,,
10243,10496,10470,N.P.Balakr.,56722,1882,Bupleurum hamiltonii,,1,,,,,,,
10243,10496,10470,Yin Li & S.L.Pan,320263,1882,Bupleurum kunmingense,,1,,,,,,,
10243,10496,10470,R.H.Shan,320264,1882,Bupleurum kweichowense,,1,,,,,,,
10243,10496,10470,Wall. ex DC.,68866,1882,Bupleurum longicaule,,1,,,,,,,
10243,10496,10470,Turcz.,438822,1882,Bupleurum longeradiatum,,1,,,,,,,
10243,10496,10470,R.H.Shan & Y.Li,317931,1882,Bupleurum malconense,,1,,,,,,,
10243,10496,10470,Wall. ex DC.,79891,1882,Bupleurum marginatum,,1,,,,,,,
10243,10496,10470,Diels,319741,1882,Bupleurum microcephalum,,1,,,,,,,
10243,10496,10470,Franch.,318113,1882,Bupleurum petiolulatum,,1,,,,,,,
10243,10496,10470,H.Wolff,320265,1882,Bupleurum rockii,,1,,,,,,,
10243,10496,10470,Willd.,102595,1882,Bupleurum scorzonerifolium,,1,,,,,,,
10243,10496,10470,H.Wolff,312630,1882,Bupleurum smithii,,1,,,,,,,
10243,10496,10470,Adams ex Hoffm.,77337,1882,Bupleurum triradiatum,,1,,,,,,,
10243,10496,10470,R.H.Shan & Y.Li,320266,1882,Bupleurum wenchuanense,,1,,,,,,,
10243,10496,10470,Franch.,320267,1882,Bupleurum yunnanense,,1,,,,,,,
10243,10496,10470,Hance,141390,1894,Buxus harlandii,,1,,,,,,,
10243,10496,10470,Hatus.,320268,1894,Buxus hebecarpa,,1,,,,,,,
10243,10496,10470,Mayr,141391,1894,Buxus henryi,,1,,,,,,,
10243,10496,10470,Hatus.,438824,1894,Buxus ichagensis,,1,,,,,,,
10243,10496,10470,H.Lév.,316815,1894,Buxus megistophylla,,1,,,,,,,
10243,10496,10470,Siebold & Zucc.,6373,1894,Buxus microphylla,,1,,,,,,,
10243,10496,10470,W.W.Sm.,317108,1894,Buxus mollicula,,1,,,,,,,
10243,10496,10470,H.Lév.,6376,1894,Buxus myrica,,1,,,,,,,
10243,10496,10470,Hatus.,316902,1894,Buxus rugulosa,,1,,,,,,,
10243,10496,10470,Hance,6390,1894,Buxus stenophylla,,1,,,,,,,
10243,10496,10470,L.,438834,3583,Guilandina bonduc,,1,,,,,,,
10243,10496,10470,(Roth) O.Deg.,438839,19771,Biancaea decapetala,,1,,,,,,,
10243,10496,10470,(Hance) G.P.Lewis,449894,3583,Guilandina minax,,1,,,,,,,
10243,10496,10470,Hemsl.,450211,4671,Mezoneuron sinense,,1,,,,,,,
10243,10496,10470,(Benth.) Maesen,6497,1905,Cajanus mollis,,1,,,,,,,
10243,10496,10470,(L.) Thouars,6499,1905,Cajanus scarabaeoides,,1,,,,,,,
10243,10496,10470,Griseb.,136827,1909,Calamagrostis emodensis,,1,,,,,,,
10243,10496,10470,(L.) Roth,6579,1909,Calamagrostis epigejos,,1,,,,,,,
10243,10496,10470,(Haller f.) Koeler,56473,1909,Calamagrostis pseudophragmites,,1,,,,,,,
10243,10496,10470,(Tzvelev) Prob.,438853,1909,Calamagrostis extremiorientalis,,1,,,,,,,
10243,10496,10470,Litv.,438855,1909,Calamagrostis macrolepis,,1,,,,,,,
10243,10496,10470,(Haller f.) Koeler,56473,1909,Calamagrostis pseudophragmites,,1,,,,,,,
10243,10496,10470,(Bunge) Kuntze,10132,2341,Clinopodium debile,,1,,,,,,,
10243,10496,10470,Lindl.,6892,1913,Calanthe alismifolia,,1,,,,,,,
10243,10496,10470,Hook.f. ex Lindl.,136821,1913,Calanthe alpina,,1,,,,,,,
10243,10496,10470,Rolfe,6894,1913,Calanthe arcuata,,1,,,,,,,
10243,10496,10470,Lindl.,121974,1913,Calanthe brevicornu,,1,,,,,,,
10243,10496,10470,Franch.,136819,1913,Calanthe davidii,,1,,,,,,,
10243,10496,10470,Finet,456424,1913,Calanthe delavayi,,1,,,,,,,
10243,10496,10470,Lindl.,6899,1913,Calanthe densiflora,,1,,,,,,,
10243,10496,10470,Lindl.,6900,1913,Calanthe discolor,,1,,,,,,,
10243,10496,10470,Rolfe ex Hemsl.,168965,1913,Calanthe ecarinata,,1,,,,,,,
10243,10496,10470,K.Y.Lang & Z.H.Tsi,168966,1913,Calanthe emeishanica,,1,,,,,,,
10243,10496,10470,Finet,168970,1913,Calanthe fargesii,,1,,,,,,,
10243,10496,10470,Hayata,6901,1913,Calanthe graciliflora,,1,,,,,,,
10243,10496,10470,Rolfe,136822,1913,Calanthe hancockii,,1,,,,,,,
10243,10496,10470,Rolfe,168980,1913,Calanthe henryi,,1,,,,,,,
10243,10496,10470,Schltr.,168994,1913,Calanthe limprichtii,,1,,,,,,,
10243,10496,10470,Hook.f.,136823,1913,Calanthe mannii,,1,,,,,,,
10243,10496,10470,Lindl.,136824,1913,Calanthe puberula,,1,,,,,,,
10243,10496,10470,Lindl.,136824,1913,Calanthe puberula,,1,,,,,,,
10243,10496,10470,Lindl.,6914,1913,Calanthe tricarinata,,1,,,,,,,
10243,10496,10470,King & Pantl.,121502,1913,Calanthe whiteana,,1,,,,,,,
10243,10496,10470,Tang & F.T.Wang,454124,1913,Calanthe yueana,,1,,,,,,,
10243,10496,10470,Sprague,318114,15119,Calathodes oxycarpa,,1,,,,,,,
10243,10496,10470,Hook.f. & Thomson,320269,15119,Calathodes palmata,,1,,,,,,,
10243,10496,10470,(Benth.) Schot,6967,1927,Callerya cinerea,,1,,,,,,,
10243,10496,10470,(Harms ex Diels) L.K.Phan ex Z.Wei & Pedley,6970,1927,Callerya dielsiana,,1,,,,,,,
10243,10496,10470,(Benth.) R.Geesink,6973,1927,Callerya nitida,,1,,,,,,,
10243,10496,10470,(Benth.) J.Compton & Schrire,438874,20001,Wisteriopsis reticulata,,1,,,,,,,
10243,10496,10470,Freyn,6998,1929,Callianthemum alatavicum,,1,,,,,,,
10243,10496,10470,W.W.Sm.,316560,1929,Callianthemum farreri,,1,,,,,,,
10243,10496,10470,(D.Don) Hook.f. & Thomson,138603,1929,Callianthemum pimpinelloides,,1,,,,,,,
10243,10496,10470,Roxb.,102706,1930,Callicarpa arborea,,1,,,,,,,
10243,10496,10470,H.Lév.,169067,1930,Callicarpa bodinieri,,1,,,,,,,
10243,10496,10470,C.H.Chang,7006,1930,Callicarpa cathayana,,1,,,,,,,
10243,10496,10470,(Lour.) K.Koch,7011,1930,Callicarpa dichotoma,,1,,,,,,,
10243,10496,10470,R.Br.,7042,1930,Callicarpa pedunculata,,1,,,,,,,
10243,10496,10470,Hesse ex Rehder,7019,1930,Callicarpa giraldii,,1,,,,,,,
10243,10496,10470,Rehder,169080,1930,Callicarpa gracilipes,,1,,,,,,,
10243,10496,10470,Champ. ex Benth.,7023,1930,Callicarpa integerrima,,1,,,,,,,
10243,10496,10470,Thunb.,7024,1930,Callicarpa japonica,,1,,,,,,,
10243,10496,10470,Lam.,7031,1930,Callicarpa longifolia,,1,,,,,,,
10243,10496,10470,Merr.,169074,1930,Callicarpa dolichophylla,,1,,,,,,,
10243,10496,10470,C.H.Chang,169095,1930,Callicarpa luteopunctata,,1,,,,,,,
10243,10496,10470,Vahl,48322,1930,Callicarpa macrophylla,,1,,,,,,,
10243,10496,10470,C.H.Chang,7034,1930,Callicarpa membranacea,,1,,,,,,,
10243,10496,10470,Hook. & Arn.,7039,1930,Callicarpa nudiflora,,1,,,,,,,
10243,10496,10470,C.Y.Wu ex W.Z.Fang,169107,1930,Callicarpa pingshanensis,,1,,,,,,,
10243,10496,10470,Lindl.,7050,1930,Callicarpa rubella,,1,,,,,,,
10243,10496,10470,C.Pei & W.Z.Fang,169121,1930,Callicarpa salicifolia,,1,,,,,,,
10243,10496,10470,(Retz.) Sw.,14612,2878,Diplazium esculentum,,1,,,,,,,
10243,10496,10470,(L.) Nees,7079,1936,Callistephus chinensis,,1,,,,,,,
10243,10496,10470,L.,7097,1938,Callitriche palustris,,1,,,,,,,
10243,10496,10470,Scop.,7104,1938,Callitriche stagnalis,,1,,,,,,,
10243,10496,10470,Kurz,7118,1942,Calocedrus macrolepis,,1,,,,,,,
10243,10496,10470,(L.) W.T.Aiton,7176,1953,Calotropis gigantea,,1,,,,,,,
10243,10496,10470,L.,7179,1955,Caltha palustris,,1,,,,,,,
10243,10496,10470,L.,7179,1955,Caltha palustris,,1,,,,,,,
10243,10496,10470,Hook.f. & Thomson,136825,1955,Caltha scaposa,,1,,,,,,,
10243,10496,10470,(L.) Oakes,102303,10881,Calypso bulbosa,,1,,,,,,,
10243,10496,10470,Wall.,7405,1969,Calystegia hederacea,,1,,,,,,,
10243,10496,10470,(Ledeb.) G.Don,153918,1969,Calystegia pellita,,1,,,,,,,
10243,10496,10470,Lindl.,7408,1969,Calystegia pubescens,,1,,,,,,,
10243,10496,10470,(L.) R.Br.,7410,1969,Calystegia sepium,,1,,,,,,,
10243,10496,10470,(Kit.) Griseb.,7411,1969,Calystegia silvatica,,1,,,,,,,
10243,10496,10470,Dunn ex Kerr,319111,15134,Camchaya loloana,,1,,,,,,,
10243,10496,10470,Wall.,7426,1974,Camellia caudata,,1,,,,,,,
10243,10496,10470,H.Lév.,121976,1974,Camellia costei,,1,,,,,,,
10243,10496,10470,Tutcher,7427,1974,Camellia crapnelliana,,1,,,,,,,
10243,10496,10470,(Kochs) Bean,7428,1974,Camellia cuspidata,,1,,,,,,,
10243,10496,10470,(Rehder & E.H.Wilson) Rehder,141636,1974,Camellia elongata,,1,,,,,,,
10243,10496,10470,Lindl.,7429,1974,Camellia euryoides,,1,,,,,,,
10243,10496,10470,(Diels) Cohen-Stuart,319113,1974,Camellia forrestii,,1,,,,,,,
10243,10496,10470,Sealy,7433,1974,Camellia granthamiana,,1,,,,,,,
10243,10496,10470,Hance,141640,1974,Camellia grijsii,,1,,,,,,,
10243,10496,10470,Hung T.Chang,318800,1974,Camellia gymnogyna,,1,,,,,,,
10243,10496,10470,C.J.Wang & G.S.Fan,320270,1974,Camellia hekouensis,,1,,,,,,,
10243,10496,10470,Seem.,7434,1974,Camellia hongkongensis,,1,,,,,,,
10243,10496,10470,L.,7435,1974,Camellia japonica,,1,,,,,,,
10243,10496,10470,Wall.,7436,1974,Camellia kissii,,1,,,,,,,
10243,10496,10470,Sealy,318117,1974,Camellia lawii,,1,,,,,,,
10243,10496,10470,(H.Lév.) Melch.,141643,1974,Camellia mairei,,1,,,,,,,
10243,10496,10470,C.Abel,7438,1974,Camellia oleifera,,1,,,,,,,
10243,10496,10470,Hung T.Chang,316963,1974,Camellia parvimuricata,,1,,,,,,,
10243,10496,10470,(Merr.) Sealy,317109,1974,Camellia petelotii,,1,,,,,,,
10243,10496,10470,Cohen-Stuart,141647,1974,Camellia pitardii,,1,,,,,,,
10243,10496,10470,F.C.How ex Hu,141648,1974,Camellia polyodonta,,1,,,,,,,
10243,10496,10470,(Kochs) Cohen-Stuart,319125,1974,Camellia punctata,,1,,,,,,,
10243,10496,10470,Lindl.,7441,1974,Camellia reticulata,,1,,,,,,,
10243,10496,10470,Hand.-Mazz.,141650,1974,Camellia rosthorniana,,1,,,,,,,
10243,10496,10470,Champ.,7442,1974,Camellia salicifolia,,1,,,,,,,
10243,10496,10470,Stapf ex Bean,136829,1974,Camellia saluenensis,,1,,,,,,,
10243,10496,10470,(L.) Kuntze,7445,1974,Camellia sinensis,,1,,,,,,,
10243,10496,10470,Sealy,318526,1974,Camellia synaptica,,1,,,,,,,
10243,10496,10470,C.W.Chi,319126,1974,Camellia szechuanensis,,1,,,,,,,
10243,10496,10470,F.S.Zhang,319127,1974,Camellia tachangensis,,1,,,,,,,
10243,10496,10470,(W.W.Sm.) Melch.,141652,1974,Camellia taliensis,,1,,,,,,,
10243,10496,10470,Hu,136830,1974,Camellia tsaii,,1,,,,,,,
10243,10496,10470,S.S.Chien,319128,1974,Camellia tuberculata,,1,,,,,,,
10243,10496,10470,S.S.Chien,318118,1974,Camellia villicarpa,,1,,,,,,,
10243,10496,10470,Kobuski,121978,1974,Camellia wardii,,1,,,,,,,
10243,10496,10470,(Pit. ex Diels) Cohen-Stuart,136828,1974,Camellia yunnanensis,,1,,,,,,,
10243,10496,10470,M.Bieb.,102371,1979,Campanula stevenii,,1,,,,,,,
10243,10496,10470,Wall.,68736,1979,Campanula aristata,,1,,,,,,,
10243,10496,10470,W.W.Sm.,221757,1979,Campanula calcicola,,1,,,,,,,
10243,10496,10470,Wall.,136831,1979,Campanula cana,,1,,,,,,,
10243,10496,10470,Y.F.Deng,451382,1979,Campanula hongii,,1,,,,,,,
10243,10496,10470,Franch.,221764,1979,Campanula chrysosplenifolia,,1,,,,,,,
10243,10496,10470,Wall.,70503,1979,Campanula pallida,,1,,,,,,,
10243,10496,10470,Franch.,221770,1979,Campanula crenulata,,1,,,,,,,
10243,10496,10470,(Franch.) D.Y.Hong,457227,1060,Adenophora delavayi,,1,,,,,,,
10243,10496,10470,Schweinf.,78942,1979,Campanula dimorphantha,,1,,,,,,,
10243,10496,10470,Lammers,138604,1979,Campanula immodesta,,1,,,,,,,
10243,10496,10470,(Z.Y.Zhu) D.Y.Hong & Z.Yu Li,224838,1979,Campanula omeiensis,,1,,,,,,,
10243,10496,10470,Lam.,124449,1979,Campanula punctata,,1,,,,,,,
10243,10496,10470,(Blume) Hook.f. & Thomson,10413,2378,Codonopsis javanica,,1,,,,,,,
10243,10496,10470,(Thunb.) K.Schum.,124063,1983,Campsis grandiflora,,1,,,,,,,
10243,10496,10470,Sa.Kurata,3938,1517,Asplenium ruprechtii,,1,,,,,,,
10243,10496,10470,Decne.,7529,871,Camptotheca acuminata,,1,,,,,,,
10243,10496,10470,(Raf.) N.Tanaka,125500,6034,Rohdea nepalensis,,1,,,,,,,
10243,10496,10470,(Baill.) Y.F.Deng,439037,6034,Rohdea fargesii,,1,,,,,,,
10243,10496,10470,(Franch.) N.Tanaka,138292,6034,Rohdea delavayi,,1,,,,,,,
10243,10496,10470,(Z.Y.Zhu) N.Tanaka,214864,6034,Rohdea emeiensis,,1,,,,,,,
10243,10496,10470,(F.T.Wang & Tang) N.Tanaka,138291,6034,Rohdea ensifolia,,1,,,,,,,
10243,10496,10470,(Franch.) N.Tanaka,138292,6034,Rohdea delavayi,,1,,,,,,,
10243,10496,10470,(Z.L.Yang & X.G.Luo) N.Tanaka,214860,6034,Rohdea jinshanensis,,1,,,,,,,
10243,10496,10470,(Raf.) N.Tanaka,125500,6034,Rohdea nepalensis,,1,,,,,,,
10243,10496,10470,Hand.-Mazz.,214852,6034,Rohdea urotepala,,1,,,,,,,
10243,10496,10470,Hand.-Mazz.,214852,6034,Rohdea urotepala,,1,,,,,,,
10243,10496,10470,(C.B.Clarke) Yamashita & M.N.Tamura,219371,6034,Rohdea wattii,,1,,,,,,,
10243,10496,10470,(Baill.) Y.F.Deng,439037,6034,Rohdea fargesii,,1,,,,,,,
10243,10496,10470,Schindl.,319129,1990,Campylotropis bonii,,1,,,,,,,
10243,10496,10470,Ricker,320271,1990,Campylotropis brevifolia,,1,,,,,,,
10243,10496,10470,(Franch.) Schindl.,136833,1990,Campylotropis capillipes,,1,,,,,,,
10243,10496,10470,(Franch.) Schindl.,317932,1990,Campylotropis delavayi,,1,,,,,,,
10243,10496,10470,Schindl.,319130,1990,Campylotropis harmsii,,1,,,,,,,
10243,10496,10470,(Schindl.) Schindl.,136834,1990,Campylotropis henryi,,1,,,,,,,
10243,10496,10470,(Franch.) Schindl.,136835,1990,Campylotropis hirtella,,1,,,,,,,
10243,10496,10470,(Bunge) Rehder,7546,1990,Campylotropis macrocarpa,,1,,,,,,,
10243,10496,10470,(Kurz) Schindl.,120678,1990,Campylotropis pinetorum,,1,,,,,,,
10243,10496,10470,(Franch.) Schindl.,136837,1990,Campylotropis polyantha,,1,,,,,,,
10243,10496,10470,P.C.Li & C.J.Chen,320272,1990,Campylotropis teretiracemosa,,1,,,,,,,
10243,10496,10470,(Franch.) Schindl.,319131,1990,Campylotropis trigonoclada,,1,,,,,,,
10243,10496,10470,Schindl.,320273,1990,Campylotropis wilsonii,,1,,,,,,,
10243,10496,10470,(Franch.) Schindl.,320274,1990,Campylotropis yunnanensis,,1,,,,,,,
10243,10496,10470,Guillaumin,7570,1996,Canarium subulatum,,1,,,,,,,
10243,10496,10470,(Ledeb.) Poljakov ex Tzvelev,316154,14594,Cancrinia discoidea,,1,,,,,,,
10243,10496,10470,C.Winkl.,460716,14594,Cancrinia maximowiczii,,1,,,,,,,
10243,10496,10470,(H.Lév. & Vaniot) Thiv,33681,5505,Phyllocyclus lucidissimus,,1,,,,,,,
10243,10496,10470,Gaertn.,36932,5842,Psydrax dicoccos,,1,,,,,,,
10243,10496,10470,(Steud.) A.Camus,56567,2006,Capillipedium assimile,,1,,,,,,,
10243,10496,10470,(R.Br.) Stapf,7622,2006,Capillipedium parviflorum,,1,,,,,,,
10243,10496,10470,S.T.Blake,7623,2006,Capillipedium spicigerum,,1,,,,,,,
10243,10496,10470,H.Lév.,449714,2008,Capparis bodinieri,,1,,,,,,,
10243,10496,10470,Hook.f. & Thomson,449836,2008,Capparis sabiifolia,,1,,,,,,,
10243,10496,10470,(L.) Medik.,7660,2010,Capsella bursa-pastoris,,1,,,,,,,
10243,10496,10470,L.,7662,2011,Capsicum annuum,,1,,,,,,,
10243,10496,10470,Y.X.Liou,320275,8163,Caragana alpina,,1,,,,,,,
10243,10496,10470,Koehne,154763,8163,Caragana aurantiaca,,1,,,,,,,
10243,10496,10470,Kom.,320276,8163,Caragana bicolor,,1,,,,,,,
10243,10496,10470,C.K.Schneid.,320277,8163,Caragana boisii,,1,,,,,,,
10243,10496,10470,Kom.,141727,8163,Caragana brevifolia,,1,,,,,,,
10243,10496,10470,Y.X.Liou,320278,8163,Caragana changduensis,,1,,,,,,,
10243,10496,10470,Y.X.Liou,320279,8163,Caragana chinghaiensis,,1,,,,,,,
10243,10496,10470,Kom.,320280,8163,Caragana densa,,1,,,,,,,
10243,10496,10470,Kom.,141728,8163,Caragana erinacea,,1,,,,,,,
10243,10496,10470,Kom.,136838,8163,Caragana franchetiana,,1,,,,,,,
10243,10496,10470,(Pall.) Poir.,102564,8163,Caragana jubata,,1,,,,,,,
10243,10496,10470,Kom.,320281,8163,Caragana kozlowii,,1,,,,,,,
10243,10496,10470,Pojark.,295197,8163,Caragana leucophloea,,1,,,,,,,
10243,10496,10470,Kom.,320276,8163,Caragana bicolor,,1,,,,,,,
10243,10496,10470,Lam.,141730,8163,Caragana microphylla,,1,,,,,,,
10243,10496,10470,Kom.,316411,8163,Caragana opulens,,1,,,,,,,
10243,10496,10470,Kom.,141731,8163,Caragana roborovskyi,,1,,,,,,,
10243,10496,10470,Turcz. ex Maxim.,308890,8163,Caragana rosea,,1,,,,,,,
10243,10496,10470,(Buc'hoz) Rehder,308891,8163,Caragana sinica,,1,,,,,,,
10243,10496,10470,Kom.,316412,8163,Caragana stipitata,,1,,,,,,,
10243,10496,10470,Maxim. ex Kom.,320283,8163,Caragana tangutica,,1,,,,,,,
10243,10496,10470,Kom.,141733,8163,Caragana tibetica,,1,,,,,,,
10243,10496,10470,Benth.,70944,8163,Caragana versicolor,,1,,,,,,,
10243,10496,10470,W.W.Sm.,136840,2015,Cardamine calcicola,,1,,,,,,,
10243,10496,10470,H.Lév.,320284,2015,Cardamine calthifolia,,1,,,,,,,
10243,10496,10470,C.Y.Wu,320285,2015,Cardamine caroides,,1,,,,,,,
10243,10496,10470,Hook.f. & Thomson,7685,2015,Cardamine circaeoides,,1,,,,,,,
10243,10496,10470,O.E.Schulz,317461,2015,Cardamine engleriana,,1,,,,,,,
10243,10496,10470,O.E.Schulz,317111,2015,Cardamine fragariifolia,,1,,,,,,,
10243,10496,10470,Diels,320286,2015,Cardamine franchetiana,,1,,,,,,,
10243,10496,10470,(O.E.Schulz) T.Y.Cheo & R.C.Fang,320287,2015,Cardamine gracilis,,1,,,,,,,
10243,10496,10470,Hook.f. & Thomson,136842,2015,Cardamine griffithii,,1,,,,,,,
10243,10496,10470,L.,7699,2015,Cardamine hirsuta,,1,,,,,,,
10243,10496,10470,T.Y.Cheo & R.C.Fang,318119,2015,Cardamine hygrophila,,1,,,,,,,
10243,10496,10470,L.,7701,2015,Cardamine impatiens,,1,,,,,,,
10243,10496,10470,(Tausch) O.E.Schulz,7705,2015,Cardamine leucantha,,1,,,,,,,
10243,10496,10470,Bunge,141740,2015,Cardamine lyrata,,1,,,,,,,
10243,10496,10470,Willd.,70664,2015,Cardamine macrophylla,,1,,,,,,,
10243,10496,10470,O.E.Schulz,136843,2015,Cardamine microzyga,,1,,,,,,,
10243,10496,10470,T.Y.Cheo & R.C.Fang,320288,2015,Cardamine multiflora,,1,,,,,,,
10243,10496,10470,Hand.-Mazz.,136845,2015,Cardamine paucifolia,,1,,,,,,,
10243,10496,10470,L.,7715,2015,Cardamine pratensis,,1,,,,,,,
10243,10496,10470,Fisch. ex DC.,294256,2015,Cardamine prorepens,,1,,,,,,,
10243,10496,10470,(Hook.f. & Thomson) Al-Shehbaz & G.Yang,137519,2015,Cardamine pulchella,,1,,,,,,,
10243,10496,10470,(O.E.Schulz) Al-Shehbaz & al.,317933,2015,Cardamine purpurascens,,1,,,,,,,
10243,10496,10470,O.E.Schulz,320289,2015,Cardamine rockii,,1,,,,,,,
10243,10496,10470,Thunb.,7719,2015,Cardamine scutata,,1,,,,,,,
10243,10496,10470,Hand.-Mazz.,320290,2015,Cardamine simplex,,1,,,,,,,
10243,10496,10470,Hemsl.,316964,2015,Cardamine stenoloba,,1,,,,,,,
10243,10496,10470,O.E.Schulz,316240,2015,Cardamine tangutorum,,1,,,,,,,
10243,10496,10470,Hook.f. & Thomson,136844,2015,Cardamine trifoliolata,,1,,,,,,,
10243,10496,10470,Franch.,136839,2015,Cardamine yunnanensis,,1,,,,,,,
10243,10496,10470,L.,25270,4228,Lepidium draba,,1,,,,,,,
10243,10496,10470,(E.H.Wilson) Stearn,141746,2017,Cardiocrinum cathayanum,,1,,,,,,,
10243,10496,10470,(Wall.) Makino,7727,2017,Cardiocrinum giganteum,,1,,,,,,,
10243,10496,10470,L.,7733,2021,Cardiospermum halicacabum,,1,,,,,,,
10243,10496,10470,L.,7740,2024,Carduus acanthoides,,1,,,,,,,
10243,10496,10470,C.B.Clarke,204143,2026,Carex agglomerata,,1,,,,,,,
10243,10496,10470,C.B.Clarke,7775,2026,Carex alliiformis,,1,,,,,,,
10243,10496,10470,D.Don,7776,2026,Carex alopecuroides,,1,,,,,,,
10243,10496,10470,Boott,136846,2026,Carex alta,,1,,,,,,,
10243,10496,10470,F.T.Wang & Tang ex L.K.Dai,204154,2026,Carex angustiutricula,,1,,,,,,,
10243,10496,10470,Franch. & Sav.,204159,2026,Carex aphanolepis,,1,,,,,,,
10243,10496,10470,H.Lév. & Vaniot,204165,2026,Carex argyi,,1,,,,,,,
10243,10496,10470,C.B.Clarke ex Franch.,204170,2026,Carex ascotreta,,1,,,,,,,
10243,10496,10470,L.,7788,2026,Carex atrata,,1,,,,,,,
10243,10496,10470,Schkuhr,7789,2026,Carex atrofusca,,1,,,,,,,
10243,10496,10470,K.T.Fu,204176,2026,Carex atrofuscoides,,1,,,,,,,
10243,10496,10470,F.T.Wang & Tang ex Y.C.Tang,204182,2026,Carex austro-occidentalis,,1,,,,,,,
10243,10496,10470,Nees,7791,2026,Carex baccans,,1,,,,,,,
10243,10496,10470,P.C.Li,204188,2026,Carex baiposhanensis,,1,,,,,,,
10243,10496,10470,Franch.,204200,2026,Carex bodinieri,,1,,,,,,,
10243,10496,10470,R.Br.,7809,2026,Carex breviculmis,,1,,,,,,,
10243,10496,10470,Nees,204211,2026,Carex caespititia,,1,,,,,,,
10243,10496,10470,Boott,7821,2026,Carex capillacea,,1,,,,,,,
10243,10496,10470,L.,7822,2026,Carex capillaris,,1,,,,,,,
10243,10496,10470,Franch.,204217,2026,Carex capilliformis,,1,,,,,,,
10243,10496,10470,Nees,56564,2026,Carex cardiolepis,,1,,,,,,,
10243,10496,10470,Retz.,7831,2026,Carex chinensis,,1,,,,,,,
10243,10496,10470,F.T.Wang & Tang ex P.C.Li,204235,2026,Carex chlorocephalula,,1,,,,,,,
10243,10496,10470,Steven,162244,2026,Carex chlorostachys,,1,,,,,,,
10243,10496,10470,Boott,138617,2026,Carex radicalis,,1,,,,,,,
10243,10496,10470,Nelmes,204239,2026,Carex chuii,,1,,,,,,,
10243,10496,10470,Fisch. & C.A.Mey. ex Kunth,7848,2026,Carex coriophora,,1,,,,,,,
10243,10496,10470,Fisch. & C.A.Mey. ex Kunth,7848,2026,Carex coriophora,,1,,,,,,,
10243,10496,10470,Nees ex Boott,204258,2026,Carex courtallensis,,1,,,,,,,
10243,10496,10470,V.I.Krecz.,141756,2026,Carex crebra,,1,,,,,,,
10243,10496,10470,Wahlenb.,7851,2026,Carex cruciata,,1,,,,,,,
10243,10496,10470,Nees,70708,2026,Carex cruenta,,1,,,,,,,
10243,10496,10470,L.,7820,2026,Carex canescens,,1,,,,,,,
10243,10496,10470,Franch.,204269,2026,Carex cylindrostachys,,1,,,,,,,
10243,10496,10470,Franch.,204275,2026,Carex davidii,,1,,,,,,,
10243,10496,10470,Franch.,204280,2026,Carex delavayi,,1,,,,,,,
10243,10496,10470,Kük.,136849,2026,Carex dielsiana,,1,,,,,,,
10243,10496,10470,Steud.,7867,2026,Carex dimorpholepis,,1,,,,,,,
10243,10496,10470,Boott,7870,2026,Carex dispalata,,1,,,,,,,
10243,10496,10470,Spreng.,136856,2026,Carex doniana,,1,,,,,,,
10243,10496,10470,Franch.,136850,2026,Carex drepanorhyncha,,1,,,,,,,
10243,10496,10470,C.A.Mey.,7883,2026,Carex duriuscula,,1,,,,,,,
10243,10496,10470,Franch. & Sav.,141758,2026,Carex filipes,,1,,,,,,,
10243,10496,10470,Nees,204305,2026,Carex eminens,,1,,,,,,,
10243,10496,10470,C.A.Mey.,102445,2026,Carex enervis,,1,,,,,,,
10243,10496,10470,L.,8107,2026,Carex saxatilis,,1,,,,,,,
10243,10496,10470,Tang & F.T.Wang ex L.K.Dai,204308,2026,Carex ereica,,1,,,,,,,
10243,10496,10470,Franch.,204320,2026,Carex fargesii,,1,,,,,,,
10243,10496,10470,Franch.,204321,2026,Carex fastigiata,,1,,,,,,,
10243,10496,10470,S.R.Zhang,216968,2026,Carex capilliculmis,,1,,,,,,,
10243,10496,10470,Nees,7898,2026,Carex filicina,,1,,,,,,,
10243,10496,10470,Franch. & Sav.,141758,2026,Carex filipes,,1,,,,,,,
10243,10496,10470,Boott,121985,2026,Carex finitima,,1,,,,,,,
10243,10496,10470,Franch.,7913,2026,Carex gentilis,,1,,,,,,,
10243,10496,10470,Wahlenb.,7914,2026,Carex gibba,,1,,,,,,,
10243,10496,10470,P.C.Li,204344,2026,Carex globistylosa,,1,,,,,,,
10243,10496,10470,P.C.Li,204346,2026,Carex gonggaensis,,1,,,,,,,
10243,10496,10470,Kük.,204352,2026,Carex grandiligulata,,1,,,,,,,
10243,10496,10470,Nees,70710,2026,Carex haematostoma,,1,,,,,,,
10243,10496,10470,Maxim.,204364,2026,Carex hancockiana,,1,,,,,,,
10243,10496,10470,Kük.,136857,2026,Carex handelii,,1,,,,,,,
10243,10496,10470,Nakai ex Tuyama,7930,2026,Carex hattoriana,,1,,,,,,,
10243,10496,10470,C.A.Mey.,141761,2026,Carex hebecarpa,,1,,,,,,,
10243,10496,10470,(C.B.Clarke) T.Koyama,136861,2026,Carex henryi,,1,,,,,,,
10243,10496,10470,V.I.Krecz.,70720,2026,Carex plectobasis,,1,,,,,,,
10243,10496,10470,(Kük.) F.T.Wang & Tang ex P.C.Li,204381,2026,Carex hirtelloides,,1,,,,,,,
10243,10496,10470,Y.C.Tang & S.Yun Liang,204388,2026,Carex hongyuanensis,,1,,,,,,,
10243,10496,10470,Tang & F.T.Wang ex L.K.Dai,204393,2026,Carex huashanica,,1,,,,,,,
10243,10496,10470,Leyss.,7940,2026,Carex humilis,,1,,,,,,,
10243,10496,10470,P.C.Li,204400,2026,Carex huolushanensis,,1,,,,,,,
10243,10496,10470,Kunth,136854,2026,Carex inanis,,1,,,,,,,
10243,10496,10470,L.,7947,2026,Carex indica,,1,,,,,,,
10243,10496,10470,Nees,70711,2026,Carex infuscata,,1,,,,,,,
10243,10496,10470,Steud.,7955,2026,Carex ischnostachya,,1,,,,,,,
10243,10496,10470,Nelmes,205098,2026,Carex kansuensis,,1,,,,,,,
10243,10496,10470,Kük.,205100,2026,Carex karlongensis,,1,,,,,,,
10243,10496,10470,Kük.,205103,2026,Carex kiangsuensis,,1,,,,,,,
10243,10496,10470,Boott,136858,2026,Carex laeta,,1,,,,,,,
10243,10496,10470,Boott,124382,2026,Carex lanceolata,,1,,,,,,,
10243,10496,10470,Drejer,136859,2026,Carex lehmannii,,1,,,,,,,
10243,10496,10470,C.A.Mey.,124373,2026,Carex leiorhyncha,,1,,,,,,,
10243,10496,10470,Nees,7981,2026,Carex ligulata,,1,,,,,,,
10243,10496,10470,Turcz.,205144,2026,Carex lithophila,,1,,,,,,,
10243,10496,10470,D.Don,7987,2026,Carex longipes,,1,,,,,,,
10243,10496,10470,Y.C.Yang,205155,2026,Carex longispiculata,,1,,,,,,,
10243,10496,10470,Franch.,205159,2026,Carex luctuosa,,1,,,,,,,
10243,10496,10470,Kük.,205161,2026,Carex lushanensis,,1,,,,,,,
10243,10496,10470,Boott,124382,2026,Carex lanceolata,,1,,,,,,,
10243,10496,10470,Boott,7998,2026,Carex maculata,,1,,,,,,,
10243,10496,10470,Tang & F.T.Wang ex L.K.Dai,205169,2026,Carex magnoutriculata,,1,,,,,,,
10243,10496,10470,C.B.Clarke ex Franch.,205172,2026,Carex manciformis,,1,,,,,,,
10243,10496,10470,Boott,8006,2026,Carex maubertiana,,1,,,,,,,
10243,10496,10470,K.T.Fu,205182,2026,Carex meihsienica,,1,,,,,,,
10243,10496,10470,Franch.,136863,2026,Carex melinacra,,1,,,,,,,
10243,10496,10470,Kunth,205190,2026,Carex meyeriana,,1,,,,,,,
10243,10496,10470,Wahlenb.,8014,2026,Carex microglochin,,1,,,,,,,
10243,10496,10470,Falc. ex Boott,70715,2026,Carex moorcroftii,,1,,,,,,,
10243,10496,10470,Franch.,136864,2026,Carex moupinensis,,1,,,,,,,
10243,10496,10470,Hand.-Mazz.,205207,2026,Carex muliensis,,1,,,,,,,
10243,10496,10470,Steud.,8026,2026,Carex nemostachys,,1,,,,,,,
10243,10496,10470,P.C.Li,205218,2026,Carex neodigyna,,1,,,,,,,
10243,10496,10470,Maxim.,124374,2026,Carex neurocarpa,,1,,,,,,,
10243,10496,10470,Boott,70716,2026,Carex nivalis,,1,,,,,,,
10243,10496,10470,D.Don,68763,2026,Carex nubigena,,1,,,,,,,
10243,10496,10470,F.T.Wang & Y.L.Chang ex P.C.Li,205230,2026,Carex obovatosquamata,,1,,,,,,,
10243,10496,10470,Nees,136865,2026,Carex obscura,,1,,,,,,,
10243,10496,10470,Kük.,138614,2026,Carex obscuriceps,,1,,,,,,,
10243,10496,10470,Boott,136866,2026,Carex olivacea,,1,,,,,,,
10243,10496,10470,Tang,205238,2026,Carex omeiensis,,1,,,,,,,
10243,10496,10470,Boott,70717,2026,Carex orbicularis,,1,,,,,,,
10243,10496,10470,F.T.Wang & Y.L.Chang ex S.Yun Liang,205247,2026,Carex ovatispiculata,,1,,,,,,,
10243,10496,10470,Franch.,136867,2026,Carex oxyphylla,,1,,,,,,,
10243,10496,10470,C.B.Clarke,70718,2026,Carex pamirensis,,1,,,,,,,
10243,10496,10470,Nees,70719,2026,Carex parva,,1,,,,,,,
10243,10496,10470,C.A.Mey.,77359,2026,Carex pediformis,,1,,,,,,,
10243,10496,10470,C.B.Clarke,8053,2026,Carex perakensis,,1,,,,,,,
10243,10496,10470,Nelmes,205263,2026,Carex pergracilis,,1,,,,,,,
10243,10496,10470,Spreng.,8058,2026,Carex phacota,,1,,,,,,,
10243,10496,10470,T.Koyama,8059,2026,Carex phyllocephala,,1,,,,,,,
10243,10496,10470,Boott,8062,2026,Carex pisiformis,,1,,,,,,,
10243,10496,10470,P.C.Li,205284,2026,Carex polymascula,,1,,,,,,,
10243,10496,10470,Kük.,205292,2026,Carex prolongata,,1,,,,,,,
10243,10496,10470,Boott,8073,2026,Carex pruinosa,,1,,,,,,,
10243,10496,10470,T.V.Egorova,205295,2026,Carex przewalskii,,1,,,,,,,
10243,10496,10470,Kük.,70722,2026,Carex pseudofoetida,,1,,,,,,,
10243,10496,10470,L.K.Dai,205303,2026,Carex pseudophyllocephala,,1,,,,,,,
10243,10496,10470,Nees,138616,2026,Carex psychrophila,,1,,,,,,,
10243,10496,10470,Boott,8086,2026,Carex rara,,1,,,,,,,
10243,10496,10470,Wahlenb.,136871,2026,Carex remotiuscula,,1,,,,,,,
10243,10496,10470,Kük.,205339,2026,Carex retrofracta,,1,,,,,,,
10243,10496,10470,Franch.,205343,2026,Carex rhynchophora,,1,,,,,,,
10243,10496,10470,Boott,125896,2026,Carex utriculata,,1,,,,,,,
10243,10496,10470,Franch. & Sav.,443912,2026,Carex rochebrunei,,1,,,,,,,
10243,10496,10470,C.B.Clarke,160157,2026,Carex rubrobrunnea,,1,,,,,,,
10243,10496,10470,Kük.,205361,2026,Carex scabrirostris,,1,,,,,,,
10243,10496,10470,Nelmes,205365,2026,Carex schneideri,,1,,,,,,,
10243,10496,10470,Franch.,205369,2026,Carex sclerocarpa,,1,,,,,,,
10243,10496,10470,F.T.Wang & Tang ex P.C.Li,205370,2026,Carex scolopendriformis,,1,,,,,,,
10243,10496,10470,Franch.,162833,2026,Carex sendaica,,1,,,,,,,
10243,10496,10470,D.Don,68764,2026,Carex setigera,,1,,,,,,,
10243,10496,10470,Boott,70724,2026,Carex setosa,,1,,,,,,,
10243,10496,10470,C.B.Clarke,205384,2026,Carex simulans,,1,,,,,,,
10243,10496,10470,Tang & F.T.Wang ex L.K.Dai,205385,2026,Carex sinoaristata,,1,,,,,,,
10243,10496,10470,Kunth,158362,2026,Carex speciosa,,1,,,,,,,
10243,10496,10470,C.B.Clarke ex Franch.,136873,2026,Carex stipitinux,,1,,,,,,,
10243,10496,10470,Kük.,8139,2026,Carex subfilicinoides,,1,,,,,,,
10243,10496,10470,C.B.Clarke,8142,2026,Carex subtransversa,,1,,,,,,,
10243,10496,10470,Franch.,205412,2026,Carex sutchuensis,,1,,,,,,,
10243,10496,10470,S.W.Su & S.M.Xu,205415,2026,Carex taihuensis,,1,,,,,,,
10243,10496,10470,C.B.Clarke,456182,2026,Carex basiflora,,1,,,,,,,
10243,10496,10470,Franch.,205420,2026,Carex tapintzensis,,1,,,,,,,
10243,10496,10470,(Franch.) Kük.,205425,2026,Carex tatsiensis,,1,,,,,,,
10243,10496,10470,Boott,8149,2026,Carex teinogyna,,1,,,,,,,
10243,10496,10470,Franch.,205435,2026,Carex thibetica,,1,,,,,,,
10243,10496,10470,Boott,121505,2026,Carex thomsonii,,1,,,,,,,
10243,10496,10470,Steud.,8159,2026,Carex thunbergii,,1,,,,,,,
10243,10496,10470,Thunb.,8169,2026,Carex tristachya,,1,,,,,,,
10243,10496,10470,C.B.Clarke,8171,2026,Carex truncatigluma,,1,,,,,,,
10243,10496,10470,Regel,205457,2026,Carex turkestanica,,1,,,,,,,
10243,10496,10470,Maxim.,205460,2026,Carex uda,,1,,,,,,,
10243,10496,10470,Kom.,205466,2026,Carex ussuriensis,,1,,,,,,,
10243,10496,10470,L.,8182,2026,Carex vesicaria,,1,,,,,,,
10243,10496,10470,W.M.Chu ex L.K.Dai,205480,2026,Carex wui,,1,,,,,,,
10243,10496,10470,Franch.,136874,2026,Carex yunnanensis,,1,,,,,,,
10243,10496,10470,L.,8249,2037,Carpesium abrotanoides,,1,,,,,,,
10243,10496,10470,Siebold & Zucc.,8251,2037,Carpesium divaricatum,,1,,,,,,,
10243,10496,10470,C.Winkl.,8252,2037,Carpesium faberi,,1,,,,,,,
10243,10496,10470,C.Winkl.,320291,2037,Carpesium humile,,1,,,,,,,
10243,10496,10470,F.H.Chen & C.M.Hu,318122,2037,Carpesium longifolium,,1,,,,,,,
10243,10496,10470,C.Winkl.,316564,2037,Carpesium lipskyi,,1,,,,,,,
10243,10496,10470,F.H.Chen & C.M.Hu,318122,2037,Carpesium longifolium,,1,,,,,,,
10243,10496,10470,Franch. & Sav.,294485,2037,Carpesium macrocephalum,,1,,,,,,,
10243,10496,10470,Hemsl.,136877,2037,Carpesium minus,,1,,,,,,,
10243,10496,10470,Less.,8254,2037,Carpesium nepalense,,1,,,,,,,
10243,10496,10470,Less.,8254,2037,Carpesium nepalense,,1,,,,,,,
10243,10496,10470,F.H.Chen & C.M.Hu,318123,2037,Carpesium szechuanense,,1,,,,,,,
10243,10496,10470,Less.,121991,2037,Carpesium trachelifolium,,1,,,,,,,
10243,10496,10470,Maxim.,8256,2037,Carpesium triste,,1,,,,,,,
10243,10496,10470,C.Winkl.,320292,2037,Carpesium velutinum,,1,,,,,,,
10243,10496,10470,Blume,124255,2040,Carpinus cordata,,1,,,,,,,
10243,10496,10470,Blume,124255,2040,Carpinus cordata,,1,,,,,,,
10243,10496,10470,Hu,141801,2040,Carpinus fangiana,,1,,,,,,,
10243,10496,10470,H.J.P.Winkl.,141802,2040,Carpinus fargesiana,,1,,,,,,,
10243,10496,10470,(H.J.P.Winkl.) Hu,454182,2040,Carpinus firmifolia,,1,,,,,,,
10243,10496,10470,Franch.,169638,2040,Carpinus polyneura,,1,,,,,,,
10243,10496,10470,(H.J.P.Winkl.) H.J.P.Winkl.,141803,2040,Carpinus henryana,,1,,,,,,,
10243,10496,10470,(H.J.P.Winkl.) H.J.P.Winkl.,141803,2040,Carpinus henryana,,1,,,,,,,
10243,10496,10470,Hu,169630,2040,Carpinus kweichowensis,,1,,,,,,,
10243,10496,10470,H.J.P.Winkl.,8266,2040,Carpinus londoniana,,1,,,,,,,
10243,10496,10470,Hu,169635,2040,Carpinus mollicoma,,1,,,,,,,
10243,10496,10470,Hand.-Mazz.,136879,2040,Carpinus monbeigiana,,1,,,,,,,
10243,10496,10470,Hu & W.P.Fang,169636,2040,Carpinus omeiensis,,1,,,,,,,
10243,10496,10470,Franch.,169638,2040,Carpinus polyneura,,1,,,,,,,
10243,10496,10470,Burkill,141805,2040,Carpinus pubescens,,1,,,,,,,
10243,10496,10470,A.Camus,169641,2040,Carpinus rupestris,,1,,,,,,,
10243,10496,10470,Hu,169642,2040,Carpinus shensiensis,,1,,,,,,,
10243,10496,10470,Hance,439107,2040,Carpinus turczaninovii,,1,,,,,,,
10243,10496,10470,Franch.,169638,2040,Carpinus polyneura,,1,,,,,,,
10243,10496,10470,Maxim.,124398,2040,Carpinus tschonoskii,,1,,,,,,,
10243,10496,10470,Hance,439107,2040,Carpinus turczaninovii,,1,,,,,,,
10243,10496,10470,Lindl. ex Wall.,121992,2040,Carpinus viminea,,1,,,,,,,
10243,10496,10470,Franch.,141811,896,Carrierea calycina,,1,,,,,,,
10243,10496,10470,H.Lév.,318124,896,Carrierea dunniana,,1,,,,,,,
10243,10496,10470,Turcz.,102596,2048,Carum buriaticum,,1,,,,,,,
10243,10496,10470,L.,8299,2048,Carum carvi,,1,,,,,,,
10243,10496,10470,Sarg.,141813,2049,Carya cathayensis,,1,,,,,,,
10243,10496,10470,(Vaniot) P.D.Cantino,195844,12684,Schnabelia aureoglandulosa,,1,,,,,,,
10243,10496,10470,(Maxim.) P.D.Cantino,124327,11809,Tripora divaricata,,1,,,,,,,
10243,10496,10470,Diels,141820,2051,Caryopteris forrestii,,1,,,,,,,
10243,10496,10470,Rehder,169654,2051,Caryopteris glutinosa,,1,,,,,,,
10243,10496,10470,(Thunb. ex Houtt.) Miq.,8306,2051,Caryopteris incana,,1,,,,,,,
10243,10496,10470,(Benth.) P.D.Cantino,141822,12684,Schnabelia nepetifolia,,1,,,,,,,
10243,10496,10470,(D.Don) P.D.Cantino,122947,8156,Pseudocaryopteris foetida,,1,,,,,,,
10243,10496,10470,(W.W.Sm.) P.D.Cantino,141747,12477,Rubiteucris siccanea,,1,,,,,,,
10243,10496,10470,Maxim.,141823,2051,Caryopteris tangutica,,1,,,,,,,
10243,10496,10470,(Maxim.) P.D.Cantino,151651,12684,Schnabelia terniflora,,1,,,,,,,
10243,10496,10470,W.W.Sm.,169656,2051,Caryopteris trichosphaera,,1,,,,,,,
10243,10496,10470,Blume,8308,2052,Caryota maxima,,1,,,,,,,
10243,10496,10470,(DC.) O.Deg.,9075,2170,Chamaecrista leschenaultiana,,1,,,,,,,
10243,10496,10470,Hand.-Mazz.,320293,2059,Cassiope abbreviata,,1,,,,,,,
10243,10496,10470,W.W.Sm.,120402,2059,Cassiope myosuroides,,1,,,,,,,
10243,10496,10470,Stapf,121997,2059,Cassiope pectinata,,1,,,,,,,
10243,10496,10470,Hook.f. & Thomson,121506,2059,Cassiope selaginoides,,1,,,,,,,
10243,10496,10470,L.,8418,2061,Cassytha filiformis,,1,,,,,,,
10243,10496,10470,(Skan) Rehder & E.H.Wilson,141866,2062,Castanea henryi,,1,,,,,,,
10243,10496,10470,Dode,141867,2062,Castanea seguinii,,1,,,,,,,
10243,10496,10470,King ex Hook.f.,8427,2063,Castanopsis argyrophylla,,1,,,,,,,
10243,10496,10470,(Skan) Rehder & E.H.Wilson,122291,2063,Castanopsis calathiformis,,1,,,,,,,
10243,10496,10470,(Hemsl.) Hayata,8429,2063,Castanopsis carlesii,,1,,,,,,,
10243,10496,10470,Rehder & E.H.Wilson,8430,2063,Castanopsis ceratacantha,,1,,,,,,,
10243,10496,10470,(Spreng.) Hance,125153,2063,Castanopsis chinensis,,1,,,,,,,
10243,10496,10470,W.C.Cheng,169674,2063,Castanopsis chunii,,1,,,,,,,
10243,10496,10470,King ex Hook.f.,121508,2063,Castanopsis clarkei,,1,,,,,,,
10243,10496,10470,Franch.,136884,2063,Castanopsis delavayi,,1,,,,,,,
10243,10496,10470,Miq.,8433,2063,Castanopsis echinocarpa,,1,,,,,,,
10243,10496,10470,(Champ. ex Benth.) Hutch.,8434,2063,Castanopsis eyrei,,1,,,,,,,
10243,10496,10470,Franch.,8436,2063,Castanopsis fargesii,,1,,,,,,,
10243,10496,10470,Hance,8438,2063,Castanopsis fordii,,1,,,,,,,
10243,10496,10470,C.S.Chao,169692,2063,Castanopsis hupehensis,,1,,,,,,,
10243,10496,10470,(Miq.) N.P.Balakr.,141875,2063,Castanopsis purpurella,,1,,,,,,,
10243,10496,10470,(Roxb. ex Lindl.) A.DC.,8441,2063,Castanopsis indica,,1,,,,,,,
10243,10496,10470,Franch.,136885,2063,Castanopsis orthacantha,,1,,,,,,,
10243,10496,10470,Rehder & E.H.Wilson,141874,2063,Castanopsis platyacantha,,1,,,,,,,
10243,10496,10470,(Lindl. & Paxton) Schottky,141876,2063,Castanopsis sclerophylla,,1,,,,,,,
10243,10496,10470,Hance,141878,2063,Castanopsis tibetana,,1,,,,,,,
10243,10496,10470,(L.) P.Beauv.,8495,2072,Catabrosa aquatica,,1,,,,,,,
10243,10496,10470,(L.) P.Beauv.,8495,2072,Catabrosa aquatica,,1,,,,,,,
10243,10496,10470,C.A.Mey.,141889,2073,Catalpa bungei,,1,,,,,,,
10243,10496,10470,C.A.Mey.,141889,2073,Catalpa bungei,,1,,,,,,,
10243,10496,10470,Chun & Kuang,141892,12687,Cathaya argyrophylla,,1,,,,,,,
10243,10496,10470,Maxim.,136888,11937,Caulophyllum robustum,,1,,,,,,,
10243,10496,10470,(Sm.) Dandy,121509,11650,Cautleya gracilis,,1,,,,,,,
10243,10496,10470,(Sm.) Baker,136889,11650,Cautleya spicata,,1,,,,,,,
10243,10496,10470,(J.R.Drumm.) W.W.Sm. & J.Small,138623,12498,Cavea tanguensis,,1,,,,,,,
10243,10496,10470,C.L.Li,317113,2091,Cayratia albifolia,,1,,,,,,,
10243,10496,10470,(Planch. ex Franch.) Gagnep.,461166,2091,Cayratia cardiospermoides,,1,,,,,,,
10243,10496,10470,(Thunb.) Raf.,439133,19248,Causonis japonica,,1,,,,,,,
10243,10496,10470,Maxim.,310090,2098,Celastrus angulatus,,1,,,,,,,
10243,10496,10470,(Rehder & E.H.Wilson) C.Y.Cheng & T.C.Kao,316243,2098,Celastrus cuneatus,,1,,,,,,,
10243,10496,10470,Loes.,125091,2098,Celastrus gemmatus,,1,,,,,,,
10243,10496,10470,Rehder & E.H.Wilson,136891,2098,Celastrus glaucophyllus,,1,,,,,,,
10243,10496,10470,P.S.Hsu,320295,2098,Celastrus homaliifolius,,1,,,,,,,
10243,10496,10470,Prain,8585,2098,Celastrus hookeri,,1,,,,,,,
10243,10496,10470,P.L.Chiu,316414,2098,Celastrus hypoleucoides,,1,,,,,,,
10243,10496,10470,Roxb.,8587,2098,Celastrus monospermus,,1,,,,,,,
10243,10496,10470,Chen H.Wang & P.C.Tsoong,439136,2098,Celastrus oblanceifolius,,1,,,,,,,
10243,10496,10470,Thunb.,8588,2098,Celastrus orbiculatus,,1,,,,,,,
10243,10496,10470,Willd.,8589,2098,Celastrus paniculatus,,1,,,,,,,
10243,10496,10470,Loes.,136894,2098,Celastrus rosthornianus,,1,,,,,,,
10243,10496,10470,Rehder & E.H.Wilson,451386,2098,Celastrus rugosus,,1,,,,,,,
10243,10496,10470,Wall.,121027,2098,Celastrus stylosus,,1,,,,,,,
10243,10496,10470,Pit.,8595,2098,Celastrus tonkinensis,,1,,,,,,,
10243,10496,10470,(H.Lév.) Rehder,122001,2098,Celastrus vaniotii,,1,,,,,,,
10243,10496,10470,(F.T.Wang & T.Tang) C.Y.Cheng & T.C.Kao,320296,2098,Celastrus virens,,1,,,,,,,
10243,10496,10470,L.,8655,2100,Celosia argentea,,1,,,,,,,
10243,10496,10470,Pamp.,8667,2101,Celtis biondii,,1,,,,,,,
10243,10496,10470,Blume,312520,2101,Celtis bungeana,,1,,,,,,,
10243,10496,10470,C.K.Schneid.,136895,2101,Celtis cerasifera,,1,,,,,,,
10243,10496,10470,C.K.Schneid.,316903,2101,Celtis julianae,,1,,,,,,,
10243,10496,10470,Pers.,8683,2101,Celtis sinensis,,1,,,,,,,
10243,10496,10470,Roxb.,8686,2101,Celtis tetrandra,,1,,,,,,,
10243,10496,10470,Span.,8687,2101,Celtis timorensis,,1,,,,,,,
10243,10496,10470,C.K.Schneid.,312523,2101,Celtis vandervoetiana,,1,,,,,,,
10243,10496,10470,L.,439153,2104,Centaurea cyanus,,1,,,,,,,
10243,10496,10470,"(Sw.) Hayek ex Hand.-Mazz., Stadlm., Janch. & Faltis",8767,2105,Centaurium pulchellum,,1,,,,,,,
10243,10496,10470,(L.) Urb.,8775,2107,Centella asiatica,,1,,,,,,,
10243,10496,10470,(L.) A.Braun & Asch.,8783,2108,Centipeda minima,,1,,,,,,,
10243,10496,10470,(Lour.) Merr.,8788,2111,Centranthera cochinchinensis,,1,,,,,,,
10243,10496,10470,(Thunb.) Blume,8830,2122,Cephalanthera falcata,,1,,,,,,,
10243,10496,10470,Blume,8831,2122,Cephalanthera longibracteata,,1,,,,,,,
10243,10496,10470,(L.) Fritsch,8832,2122,Cephalanthera longifolia,,1,,,,,,,
10243,10496,10470,Hook.,8864,2131,Cephalotaxus fortunei,,1,,,,,,,
10243,10496,10470,Nakai,450144,2131,Cephalotaxus nana,,1,,,,,,,
10243,10496,10470,Hook.f.,8866,2131,Cephalotaxus mannii,,1,,,,,,,
10243,10496,10470,Mast.,222901,2131,Cephalotaxus oliveri,,1,,,,,,,
10243,10496,10470,(Knight ex J.Forbes) K.Koch,439174,2131,Cephalotaxus harringtonia,,1,,,,,,,
10243,10496,10470,L.,8880,2133,Cerastium arvense,,1,,,,,,,
10243,10496,10470,(Gren.) Bunge ex Fenzl,294785,2133,Cerastium falcatum,,1,,,,,,,
10243,10496,10470,Baumg.,8893,2133,Cerastium fontanum,,1,,,,,,,
10243,10496,10470,Cham. & Schltdl.,136898,2133,Cerastium furcatum,,1,,,,,,,
10243,10496,10470,Thuill.,8895,2133,Cerastium glomeratum,,1,,,,,,,
10243,10496,10470,F.N.Williams,320297,2133,Cerastium szechuense,,1,,,,,,,
10243,10496,10470,Takeda,317462,2133,Cerastium wilsonii,,1,,,,,,,
10243,10496,10470,Franch.,136899,5782,Prunus caudata,,1,,,,,,,
10243,10496,10470,Buch.-Ham. ex D.Don,56607,5782,Prunus cerasoides,,1,,,,,,,
10243,10496,10470,C.K.Schneid.,136900,5782,Prunus clarofolia,,1,,,,,,,
10243,10496,10470,Koehne,317934,5782,Prunus conadenia,,1,,,,,,,
10243,10496,10470,Koehne,136901,5782,Prunus conradinae,,1,,,,,,,
10243,10496,10470,Hand.-Mazz.,136902,5782,Prunus crataegifolia,,1,,,,,,,
10243,10496,10470,Koehne,317727,5782,Prunus cyclamina,,1,,,,,,,
10243,10496,10470,C.K.Schneid.,451966,5782,Prunus rufoides,,1,,,,,,,
10243,10496,10470,Koehne,316967,5782,Prunus discadenia,,1,,,,,,,
10243,10496,10470,(T.T.Yu & C.L.Li) Z.Wei & Y.B.Chang,316904,5782,Prunus discoidea,,1,,,,,,,
10243,10496,10470,Cardot,316565,5782,Prunus dolichadenia,,1,,,,,,,
10243,10496,10470,(Pall.) Woronow,350064,8188,Cerasus fruticosa,,1,,,,,,,
10243,10496,10470,Thunb.,150523,5782,Prunus glandulosa,,1,,,,,,,
10243,10496,10470,(C.K.Schneid.) Koehne,122482,5782,Prunus henryi,,1,,,,,,,
10243,10496,10470,Bunge,314256,5782,Prunus humilis,,1,,,,,,,
10243,10496,10470,Thunb.,150526,5782,Prunus japonica,,1,,,,,,,
10243,10496,10470,(Rupr.) Kom.,451967,8188,Cerasus maximowiczii,,1,,,,,,,
10243,10496,10470,Hand.-Mazz.,320298,5782,Prunus patentipila,,1,,,,,,,
10243,10496,10470,Koehne,316245,5782,Prunus pleiocerasus,,1,,,,,,,
10243,10496,10470,Koehne,316415,5782,Prunus polytricha,,1,,,,,,,
10243,10496,10470,Lindl.,121752,5782,Prunus pseudocerasus,,1,,,,,,,
10243,10496,10470,Cardot,320299,5782,Prunus pusilliflora,,1,,,,,,,
10243,10496,10470,Franch.,136903,5782,Prunus serrula,,1,,,,,,,
10243,10496,10470,Lindl.,36391,5782,Prunus serrulata,,1,,,,,,,
10243,10496,10470,Batalin,142003,5782,Prunus setulosa,,1,,,,,,,
10243,10496,10470,Maxim.,292343,5782,Prunus stipulacea,,1,,,,,,,
10243,10496,10470,Batalin,316883,5782,Prunus szechuanica,,1,,,,,,,
10243,10496,10470,Batalin,122492,5782,Prunus tatsienensis,,1,,,,,,,
10243,10496,10470,Thunb.,126842,5782,Prunus tomentosa,,1,,,,,,,
10243,10496,10470,Koehne,136904,5782,Prunus trichostoma,,1,,,,,,,
10243,10496,10470,Franch.,318530,5782,Prunus yunnanensis,,1,,,,,,,
10243,10496,10470,L.,8925,2139,Ceratophyllum demersum,,1,,,,,,,
10243,10496,10470,Cham.,8926,2139,Ceratophyllum muricatum,,1,,,,,,,
10243,10496,10470,(L.) Brongn.,8931,2140,Ceratopteris thalictroides,,1,,,,,,,
10243,10496,10470,C.B.Clarke,320300,8164,Ceratostigma griffithii,,1,,,,,,,
10243,10496,10470,Stapf ex Prain,142016,8164,Ceratostigma minus,,1,,,,,,,
10243,10496,10470,Bunge,56977,8164,Ceratostigma plumbaginoides,,1,,,,,,,
10243,10496,10470,Stapf,136905,8164,Ceratostigma willmottianum,,1,,,,,,,
10243,10496,10470,Siebold & Zucc. ex J.J.Hoffm. & J.H.Schult.bis,126402,11938,Cercidiphyllum japonicum,,1,,,,,,,
10243,10496,10470,Bunge,124422,2148,Cercis chinensis,,1,,,,,,,
10243,10496,10470,Chun,316968,2148,Cercis chingii,,1,,,,,,,
10243,10496,10470,Pamp.,317117,2148,Cercis glabra,,1,,,,,,,
10243,10496,10470,Oliv.,142033,2148,Cercis racemosa,,1,,,,,,,
10243,10496,10470,Schltr.,318125,2154,Ceropegia dolichophylla,,1,,,,,,,
10243,10496,10470,C.K.Schneid.,318126,2154,Ceropegia dryophila,,1,,,,,,,
10243,10496,10470,(H.Lév.) H.Huber,320301,2154,Ceropegia mairei,,1,,,,,,,
10243,10496,10470,W.W.Sm.,320302,2154,Ceropegia monticola,,1,,,,,,,
10243,10496,10470,W.W.Sm.,320303,2154,Ceropegia muliensis,,1,,,,,,,
10243,10496,10470,Y.Tsiang & P.T.Li,320304,2154,Ceropegia paohsingensis,,1,,,,,,,
10243,10496,10470,Wall.,136906,2154,Ceropegia pubescens,,1,,,,,,,
10243,10496,10470,C.K.Schneid.,320305,2154,Ceropegia stenophylla,,1,,,,,,,
10243,10496,10470,Hand.-Mazz.,320306,2154,Ceropegia teniana,,1,,,,,,,
10243,10496,10470,(Hemsl.) C.K.Schneid.,122063,2160,Chaenomeles cathayensis,,1,,,,,,,
10243,10496,10470,(Dum.Cours.) C.K.Schneid.,439601,20014,Pseudocydonia sinensis,,1,,,,,,,
10243,10496,10470,(Loisel.) Koidz.,439201,2160,Chaenomeles lagenaria,,1,,,,,,,
10243,10496,10470,T.T.Yu,142048,2160,Chaenomeles thibetica,,1,,,,,,,
10243,10496,10470,Wall. ex DC.,71152,2162,Chaerophyllum villosum,,1,,,,,,,
10243,10496,10470,(D.Don) Edgew.,450013,16780,Melanoseris cyanea,,1,,,,,,,
10243,10496,10470,(Franch.) N.Kilian & Ze H.Wang,449917,16780,Melanoseris atropurpurea,,1,,,,,,,
10243,10496,10470,(D.Don) Edgew.,450013,16780,Melanoseris cyanea,,1,,,,,,,
10243,10496,10470,(Franch.) N.Kilian & Ze H.Wang,460838,16780,Melanoseris likiangensis,,1,,,,,,,
10243,10496,10470,(D.Don) Edgew.,450013,16780,Melanoseris cyanea,,1,,,,,,,
10243,10496,10470,(D.Don) Edgew.,450013,16780,Melanoseris cyanea,,1,,,,,,,
10243,10496,10470,(Maxim.) Beauverd,450171,9832,Cicerbita roborowskii,,1,,,,,,,
10243,10496,10470,(D.Don) Edgew.,450013,16780,Melanoseris cyanea,,1,,,,,,,
10243,10496,10470,(D.Don) Edgew.,450013,16780,Melanoseris cyanea,,1,,,,,,,
10243,10496,10470,Wight,9058,2168,Chamabainia cuspidata,,1,,,,,,,
10243,10496,10470,(L.) Moench,9080,2170,Chamaecrista nictitans,,1,,,,,,,
10243,10496,10470,(Makino) H.Ohashi,9082,2170,Chamaecrista nomame,,1,,,,,,,
10243,10496,10470,(Siebold & Zucc.) Endl.,9095,2171,Chamaecyparis obtusa,,1,,,,,,,
10243,10496,10470,(W.W.Sm.) Seidenf.,170081,2175,Chamaegastrodia inverta,,1,,,,,,,
10243,10496,10470,Makino & F.Maek.,9107,2175,Chamaegastrodia shikokiana,,1,,,,,,,
10243,10496,10470,(Hook.f.) Seidenf.,170082,2175,Chamaegastrodia vaginata,,1,,,,,,,
10243,10496,10470,(Franch.) R.H.Shan & S.L.Liou,138625,12499,Chamaesium delavayi,,1,,,,,,,
10243,10496,10470,(C.B.Clarke) C.Norman,422439,12499,Chamaesium novem-jugum,,1,,,,,,,
10243,10496,10470,H.Wolff,320310,12499,Chamaesium paradoxum,,1,,,,,,,
10243,10496,10470,H.Wolff,320311,12499,Chamaesium thalictrifolium,,1,,,,,,,
10243,10496,10470,(Franch.) H.Wolff ex R.H.Shan,320312,12499,Chamaesium viridiflorum,,1,,,,,,,
10243,10496,10470,L.,16524,3137,Epilobium angustifolium,,1,,,,,,,
10243,10496,10470,Hausskn.,136908,3137,Epilobium conspersum,,1,,,,,,,
10243,10496,10470,Decne.,138700,3137,Epilobium speciosum,,1,,,,,,,
10243,10496,10470,S.S.Chien,170741,13821,Changnienia amoena,,1,,,,,,,
10243,10496,10470,Hook.,320313,7146,Woodsia elongata,,1,,,,,,,
10243,10496,10470,Christ,320314,7146,Woodsia indusiosa,,1,,,,,,,
10243,10496,10470,(Hook.) Christenh.,439221,3727,Hemionitis chusana,,1,,,,,,,
10243,10496,10470,Baker,461167,2197,Cheilanthes hancockii,,1,,,,,,,
10243,10496,10470,(Ching) Christenh.,460763,3727,Hemionitis insignis,,1,,,,,,,
10243,10496,10470,(Baker) Christenh.,460905,3727,Hemionitis patula,,1,,,,,,,
10243,10496,10470,(Blume) C.Presl,9270,2207,Cheiropleuria bicuspis,,1,,,,,,,
10243,10496,10470,L.,9283,2209,Chelidonium majus,,1,,,,,,,
10243,10496,10470,(Bonati) Merr.,170869,12442,Chelonopsis souliei,,1,,,,,,,
10243,10496,10470,W.W.Sm.,170858,12442,Chelonopsis bracteata,,1,,,,,,,
10243,10496,10470,C.Y.Wu,170860,12442,Chelonopsis chekiangensis,,1,,,,,,,
10243,10496,10470,Anthony,170861,12442,Chelonopsis forrestii,,1,,,,,,,
10243,10496,10470,Diels,136909,12442,Chelonopsis odontochila,,1,,,,,,,
10243,10496,10470,W.W.Sm.,170863,12442,Chelonopsis lichiangensis,,1,,,,,,,
10243,10496,10470,W.W.Sm.,170868,12442,Chelonopsis siccanea,,1,,,,,,,
10243,10496,10470,(Bonati) Merr.,170869,12442,Chelonopsis souliei,,1,,,,,,,
10243,10496,10470,(Franch.) C.B.Shang & J.Y.Huang,170871,12531,Chengiopanax fargesii,,1,,,,,,,
10243,10496,10470,Willd.,9285,2211,Chenopodium acuminatum,,1,,,,,,,
10243,10496,10470,L.,9286,2211,Chenopodium album,,1,,,,,,,
10243,10496,10470,Sm.,9299,2211,Chenopodium ficifolium,,1,,,,,,,
10243,10496,10470,"(L.) S.Fuentes, Uotila & Borsch",105765,9262,Oxybasis glauca,,1,,,,,,,
10243,10496,10470,(H.W.Kung) Uotila,460695,10933,Chenopodiastrum gracilispicum,,1,,,,,,,
10243,10496,10470,"(L.) S.Fuentes, Uotila & Borsch",307457,10933,Chenopodiastrum hybridum,,1,,,,,,,
10243,10496,10470,Golosk.,315915,2211,Chenopodium iljinii,,1,,,,,,,
10243,10496,10470,(Murr) Aellen,70458,2211,Chenopodium karoi,,1,,,,,,,
10243,10496,10470,"(L.) S.Fuentes, Uotila & Borsch",112792,9262,Oxybasis urbica,,1,,,,,,,
10243,10496,10470,(D.Don) Ali,451588,9181,Chesneya nubigena,,1,,,,,,,
10243,10496,10470,(Hand.-Mazz.) Ali,320316,9181,Chesneya polystichoides,,1,,,,,,,
10243,10496,10470,Koidz.,142152,2214,Chikusichloa aquatica,,1,,,,,,,
10243,10496,10470,Schltr.,170902,2219,Chiloschista yunnanensis,,1,,,,,,,
10243,10496,10470,Miq.,9340,2220,Chimaphila japonica,,1,,,,,,,
10243,10496,10470,Oliv.,162843,2222,Chimonanthus nitens,,1,,,,,,,
10243,10496,10470,(L.) Link,9347,2222,Chimonanthus praecox,,1,,,,,,,
10243,10496,10470,C.D.Chu & C.S.Chao,225245,2223,Chimonobambusa angustifolia,,1,,,,,,,
10243,10496,10470,(Hsueh f. & T.P.Yi) T.H.Wen & Ohrnb.,225247,2223,Chimonobambusa communis,,1,,,,,,,
10243,10496,10470,C.D.Chu & C.S.Chao,225252,2223,Chimonobambusa hejiangensis,,1,,,,,,,
10243,10496,10470,W.D.Li & Q.X.Wu,225255,2223,Chimonobambusa lactistriata,,1,,,,,,,
10243,10496,10470,(Hsueh f. & T.P.Yi) T.H.Wen & Ohrnb.,225258,2223,Chimonobambusa macrophylla,,1,,,,,,,
10243,10496,10470,(Mitford) Makino,142158,2223,Chimonobambusa marmorea,,1,,,,,,,
10243,10496,10470,Hsueh f. & L.Z.Gao,136911,2223,Chimonobambusa ningnanica,,1,,,,,,,
10243,10496,10470,(Keng f.) T.H.Wen & Ohrnb.,225262,2223,Chimonobambusa opienensis,,1,,,,,,,
10243,10496,10470,Hsueh f. & T.P.Yi,225263,2223,Chimonobambusa pachystachys,,1,,,,,,,
10243,10496,10470,Hsueh f. & T.P.Yi,136910,2223,Chimonobambusa purpurea,,1,,,,,,,
10243,10496,10470,(Franceschi) Makino,9348,2223,Chimonobambusa quadrangularis,,1,,,,,,,
10243,10496,10470,(Hsueh f. & T.P.Yi) T.H.Wen & Ohrnb.,225267,2223,Chimonobambusa rigidula,,1,,,,,,,
10243,10496,10470,(T.P.Yi) T.H.Wen,225268,2223,Chimonobambusa sichuanensis,,1,,,,,,,
10243,10496,10470,(Rendle) Keng f.,225269,2223,Chimonobambusa szechuanensis,,1,,,,,,,
10243,10496,10470,Hsueh f. & L.Z.Gao,225271,2223,Chimonobambusa tuberculata,,1,,,,,,,
10243,10496,10470,Ohrnb.,225272,2223,Chimonobambusa tumidissinoda,,1,,,,,,,
10243,10496,10470,(T.P.Yi) T.H.Wen,225273,2223,Chimonobambusa unifolia,,1,,,,,,,
10243,10496,10470,(Keng) Keng f.,225274,2223,Chimonobambusa utilis,,1,,,,,,,
10243,10496,10470,(T.P.Yi) T.H.Wen & Ohrnb.,225275,2223,Chimonobambusa verruculosa,,1,,,,,,,
10243,10496,10470,Lindl. & Paxton,9380,2227,Chionanthus retusus,,1,,,,,,,
10243,10496,10470,(C.B.Clarke) I.M.Johnst.,138627,12501,Chionocharis hookeri,,1,,,,,,,
10243,10496,10470,(K.Krause) N.Tanaka,439270,12136,Chamaelirium chinense,,1,,,,,,,
10243,10496,10470,(Hance) Yin Z.Wang,36210,5755,Primulina eburnea,,1,,,,,,,
10243,10496,10470,(W.T.Wang) Mich.Möller & A.Weber,319743,5755,Primulina fangii,,1,,,,,,,
10243,10496,10470,(Hemsl.) Yin Z.Wang,318533,5755,Primulina fordii,,1,,,,,,,
10243,10496,10470,(J.Anthony) D.J.Middleton & Mich.Möller,320317,3736,Henckelia forrestii,,1,,,,,,,
10243,10496,10470,(D.Don) A.Dietr.,136912,3736,Henckelia pumila,,1,,,,,,,
10243,10496,10470,(W.T.Wang) Mich.Möller & A.Weber,319744,5755,Primulina sichuanensis,,1,,,,,,,
10243,10496,10470,(W.T.Wang) Mich.Möller & A.Weber,318129,5755,Primulina subulatisepala,,1,,,,,,,
10243,10496,10470,(W.T.Wang) Yin Z.Wang,318130,5755,Primulina tenuituba,,1,,,,,,,
10243,10496,10470,(Franch.) D.J.Middleton & Mich.Möller,320318,3736,Henckelia tibetica,,1,,,,,,,
10243,10496,10470,Oliv.,142178,2235,Chloranthus angustifolius,,1,,,,,,,
10243,10496,10470,Link,9423,2235,Chloranthus elatior,,1,,,,,,,
10243,10496,10470,(A.Gray) Solms,142179,2235,Chloranthus fortunei,,1,,,,,,,
10243,10496,10470,Hemsl.,142180,2235,Chloranthus henryi,,1,,,,,,,
10243,10496,10470,(Hand.-Mazz.) C.Pei & San,142181,2235,Chloranthus holostegius,,1,,,,,,,
10243,10496,10470,(Thunb.) Roem. & Schult.,9426,2235,Chloranthus serratus,,1,,,,,,,
10243,10496,10470,C.Pei,310281,2235,Chloranthus multistachys,,1,,,,,,,
10243,10496,10470,Solms,9425,2235,Chloranthus oldhamii,,1,,,,,,,
10243,10496,10470,(Thunb.) Roem. & Schult.,9426,2235,Chloranthus serratus,,1,,,,,,,
10243,10496,10470,K.F.Wu,310280,2235,Chloranthus sessilifolius,,1,,,,,,,
10243,10496,10470,(Thunb.) Makino,142182,2235,Chloranthus spicatus,,1,,,,,,,
10243,10496,10470,Sw.,9447,2236,Chloris virgata,,1,,,,,,,
10243,10496,10470,Bureau & Franch.,215303,2239,Chlorophytum chinense,,1,,,,,,,
10243,10496,10470,(Lindl.) Baker,102684,2239,Chlorophytum nepalense,,1,,,,,,,
10243,10496,10470,(Roxb.) B.L.Burtt & A.W.Hill,9460,2240,Choerospondias axillaris,,1,,,,,,,
10243,10496,10470,(Poir.) Bakh.f.,9495,2253,Christia obcordata,,1,,,,,,,
10243,10496,10470,C.B.Clarke ex Hook.f.,9499,2256,Christisonia hookeri,,1,,,,,,,
10243,10496,10470,(Maxim.) D.A.German & Al-Shehbaz,461168,12512,Solms-laubachia villosa,,1,,,,,,,
10243,10496,10470,(W.W.Sm.) Hand.-Mazz.,460864,2262,Chrysanthemum glabriusculum,,1,,,,,,,
10243,10496,10470,Diels,461169,2262,Chrysanthemum hypargyreum,,1,,,,,,,
10243,10496,10470,L.,9526,2262,Chrysanthemum indicum,,1,,,,,,,
10243,10496,10470,(Fisch. ex Trautv.) Makino,439738,2262,Chrysanthemum lavandulifolium,,1,,,,,,,
10243,10496,10470,(Ramat.) Hemsl.,439292,2262,Chrysanthemum × morifolium,,1,,,,,,,
10243,10496,10470,(Y.Ling & C.Shih) H.Ohashi & Yonek.,320321,2262,Chrysanthemum rhombifolium,,1,,,,,,,
10243,10496,10470,(Retz.) Trin.,9550,2272,Chrysopogon aciculatus,,1,,,,,,,
10243,10496,10470,(Desv.) A.Camus,9554,2272,Chrysopogon orientalis,,1,,,,,,,
10243,10496,10470,Maxim.,295191,2274,Chrysosplenium axillare,,1,,,,,,,
10243,10496,10470,Hook.f. & Thomson,138377,2274,Chrysosplenium carnosum,,1,,,,,,,
10243,10496,10470,H.Lév. & Vaniot,136914,2274,Chrysosplenium cavaleriei,,1,,,,,,,
10243,10496,10470,Decne. ex Maxim.,317937,2274,Chrysosplenium davidianum,,1,,,,,,,
10243,10496,10470,Franch.,316969,2274,Chrysosplenium delavayi,,1,,,,,,,
10243,10496,10470,Z.P.Jien,320322,2274,Chrysosplenium fuscopuncticulosum,,1,,,,,,,
10243,10496,10470,H.Hara,320323,2274,Chrysosplenium glossophyllum,,1,,,,,,,
10243,10496,10470,Hook.f. & Thomson,138630,2274,Chrysosplenium griffithii,,1,,,,,,,
10243,10496,10470,H.Lév. & Vaniot,318541,2274,Chrysosplenium hydrocotylifolium,,1,,,,,,,
10243,10496,10470,Hook.f. & Thomson,9564,2274,Chrysosplenium lanuginosum,,1,,,,,,,
10243,10496,10470,Oliv.,317124,2274,Chrysosplenium macrophyllum,,1,,,,,,,
10243,10496,10470,D.Don,121516,2274,Chrysosplenium nepalense,,1,,,,,,,
10243,10496,10470,Bunge,138631,2274,Chrysosplenium nudicaule,,1,,,,,,,
10243,10496,10470,Hand.-Mazz.,320324,2274,Chrysosplenium oxygraphoides,,1,,,,,,,
10243,10496,10470,Maxim.,124284,2274,Chrysosplenium pilosum,,1,,,,,,,
10243,10496,10470,Z.P.Jien ex J.T.Pan,320325,2274,Chrysosplenium qinlingense,,1,,,,,,,
10243,10496,10470,Maxim.,142264,2274,Chrysosplenium sinicum,,1,,,,,,,
10243,10496,10470,Maxim.,142268,2274,Chrysosplenium uniflorum,,1,,,,,,,
10243,10496,10470,Z.P.Jien,320326,2274,Chrysosplenium wuwenchenii,,1,,,,,,,
10243,10496,10470,M.L.Sheh & R.H.Shan,318131,15120,Chuanminshen violaceum,,1,,,,,,,
10243,10496,10470,A.Juss.,9573,2278,Chukrasia tabularis,,1,,,,,,,
10243,10496,10470,(L.) J.Sm.,9583,2284,Cibotium barometz,,1,,,,,,,
10243,10496,10470,L.,9596,2288,Cichorium intybus,,1,,,,,,,
10243,10496,10470,L.,9600,2289,Cicuta virosa,,1,,,,,,,
10243,10496,10470,(P.K.Hsiao) J.Compton,142283,1026,Actaea brachycarpa,,1,,,,,,,
10243,10496,10470,(Turcz. ex Fisch. & C.A.Mey.) Franch.,142284,1026,Actaea dahurica,,1,,,,,,,
10243,10496,10470,L.,102506,1026,Actaea cimicifuga,,1,,,,,,,
10243,10496,10470,(Kom.) J.Compton,124405,1026,Actaea heracleifolia,,1,,,,,,,
10243,10496,10470,Thunb.,142282,1026,Actaea japonica,,1,,,,,,,
10243,10496,10470,"(P.K.Hsiao) J.P.Luo, Q.Yuan & Q.E.Yang",451979,1026,Actaea nanchuanensis,,1,,,,,,,
10243,10496,10470,(DC.) Wormsk. ex Prantl,661,1026,Actaea simplex,,1,,,,,,,
10243,10496,10470,(P.K.Hsiao) J.Compton,136916,1026,Actaea yunnanensis,,1,,,,,,,
10243,10496,10470,Schewe,9613,2294,Cinnamomum appelianum,,1,,,,,,,
10243,10496,10470,H.Lév.,317557,2294,Cinnamomum bodinieri,,1,,,,,,,
10243,10496,10470,(Nees & T.Nees) Blume,9615,2294,Cinnamomum burmanni,,1,,,,,,,
10243,10496,10470,(L.) J.Presl,9616,2294,Cinnamomum camphora,,1,,,,,,,
10243,10496,10470,(Wall.) Meisn.,122954,2294,Cinnamomum glanduliferum,,1,,,,,,,
10243,10496,10470,Nees,9622,2294,Cinnamomum heyneanum,,1,,,,,,,
10243,10496,10470,Siebold,9625,2294,Cinnamomum japonicum,,1,,,,,,,
10243,10496,10470,Hand.-Mazz.,9627,2294,Cinnamomum jensenianum,,1,,,,,,,
10243,10496,10470,C.K.Allen,9628,2294,Cinnamomum liangii,,1,,,,,,,
10243,10496,10470,(Gamble) N.Chao ex H.W.Li,460930,2294,Cinnamomum longepaniculatum,,1,,,,,,,
10243,10496,10470,H.W.Li,318132,2294,Cinnamomum longipetiolatum,,1,,,,,,,
10243,10496,10470,H.Lév.,290194,2294,Cinnamomum mairei,,1,,,,,,,
10243,10496,10470,(Jack) Meisn.,439305,2294,Cinnamomum parthenoxylon,,1,,,,,,,
10243,10496,10470,(Buch.-Ham.) Kosterm. ex M.Gangop.,428320,2294,Cinnamomum tazia,,1,,,,,,,
10243,10496,10470,H.W.Li,318545,2294,Cinnamomum pingbienense,,1,,,,,,,
10243,10496,10470,Hand.-Mazz.,136918,2294,Cinnamomum pittosporoides,,1,,,,,,,
10243,10496,10470,(Diels) C.K.Allen,318133,2294,Cinnamomum platyphyllum,,1,,,,,,,
10243,10496,10470,Hand.-Mazz.,317125,2294,Cinnamomum septentrionale,,1,,,,,,,
10243,10496,10470,Miq.,9641,2294,Cinnamomum subavenium,,1,,,,,,,
10243,10496,10470,(Buch.-Ham.) T.Nees & C.H.Eberm.,121517,2294,Cinnamomum tamala,,1,,,,,,,
10243,10496,10470,Gamble,290198,2294,Cinnamomum wilsonii,,1,,,,,,,
10243,10496,10470,(Roxb. ex Roth) Miq.,122018,11679,Cipadessa baccifera,,1,,,,,,,
10243,10496,10470,L.,9654,2298,Circaea alpina,,1,,,,,,,
10243,10496,10470,Royle,9655,2298,Circaea cordata,,1,,,,,,,
10243,10496,10470,Franch. & Sav.,9656,2298,Circaea erubescens,,1,,,,,,,
10243,10496,10470,(Pamp.) Hand.-Mazz.,9657,2298,Circaea glabrescens,,1,,,,,,,
10243,10496,10470,Siebold & Zucc.,124309,2298,Circaea mollis,,1,,,,,,,
10243,10496,10470,Wall. ex Asch. & Magnus,136921,2298,Circaea repens,,1,,,,,,,
10243,10496,10470,Maxim.,136922,12443,Circaeaster agrestis,,1,,,,,,,
10243,10496,10470,DC.,320327,2299,Cirsium argyracanthum,,1,,,,,,,
10243,10496,10470,C.Shih,320328,2299,Cirsium bracteiferum,,1,,,,,,,
10243,10496,10470,(Jeffrey) H.Lév.,461170,2299,Cirsium taliense,,1,,,,,,,
10243,10496,10470,(Hook.f.) Petr.,122019,2299,Cirsium eriophoroides,,1,,,,,,,
10243,10496,10470,(Siev.) C.A.Mey.,102645,2299,Cirsium esculentum,,1,,,,,,,
10243,10496,10470,Petr.,320330,2299,Cirsium fangii,,1,,,,,,,
10243,10496,10470,Petr.,320331,2299,Cirsium botryodes,,1,,,,,,,
10243,10496,10470,(Franch.) Diels,137008,2299,Cirsium henryi,,1,,,,,,,
10243,10496,10470,(Thunb.) Sch.Bip.,9678,2299,Cirsium lineare,,1,,,,,,,
10243,10496,10470,Petr.,422444,2299,Cirsium lipskyi,,1,,,,,,,
10243,10496,10470,DC.,9674,2299,Cirsium japonicum,,1,,,,,,,
10243,10496,10470,H.Lév.,460931,2299,Cirsium leducii,,1,,,,,,,
10243,10496,10470,Nakai & Kitag.,316250,2299,Cirsium leo,,1,,,,,,,
10243,10496,10470,Petr. & Hand.-Mazz.,320332,2299,Cirsium lidjiangense,,1,,,,,,,
10243,10496,10470,(Thunb.) Sch.Bip.,9678,2299,Cirsium lineare,,1,,,,,,,
10243,10496,10470,Maxim.,458442,2299,Cirsium maackii,,1,,,,,,,
10243,10496,10470,H.Lév.,316569,2299,Cirsium monocephalum,,1,,,,,,,
10243,10496,10470,C.Shih,320333,2299,Cirsium muliense,,1,,,,,,,
10243,10496,10470,Fisch. ex DC.,294487,2299,Cirsium pendulum,,1,,,,,,,
10243,10496,10470,C.Shih,320334,2299,Cirsium periacanthaceum,,1,,,,,,,
10243,10496,10470,(L.) Scop.,9661,2299,Cirsium arvense,,1,,,,,,,
10243,10496,10470,Petr.,9689,2299,Cirsium shansiense,,1,,,,,,,
10243,10496,10470,(Franch.) Mattf. ex Rehder & Kobuski,319745,2299,Cirsium souliei,,1,,,,,,,
10243,10496,10470,(D.Don) Spreng.,56701,2299,Cirsium verutum,,1,,,,,,,
10243,10496,10470,C.Jeffrey & Y.L.Chen,136924,2300,Cissampelopsis corifolia,,1,,,,,,,
10243,10496,10470,(Van.) C.Jeffrey & Y.L.Chen,319186,2300,Cissampelopsis spelaeicola,,1,,,,,,,
10243,10496,10470,(M.A.Lawson) Craib,9706,2302,Cissus assamica,,1,,,,,,,
10243,10496,10470,Blume,439307,2302,Cissus discolor,,1,,,,,,,
10243,10496,10470,(Wight & Arn.) Vahl,9733,2302,Cissus repanda,,1,,,,,,,
10243,10496,10470,H.Lév. ex Cavalerie,290202,2310,Citrus cavaleriei,,1,,,,,,,
10243,10496,10470,(Franch.) Prain,142339,12229,Cladrastis delavayi,,1,,,,,,,
10243,10496,10470,Takeda,142342,12229,Cladrastis wilsonii,,1,,,,,,,
10243,10496,10470,(Willd.) Hook.f. ex Benth.,9842,2319,Clausena anisata,,1,,,,,,,
10243,10496,10470,(Lour.) Skeels,9846,2319,Clausena lansium,,1,,,,,,,
10243,10496,10470,(Willd.) Hook.f. ex Benth.,9842,2319,Clausena anisata,,1,,,,,,,
10243,10496,10470,(Ker Gawl.) Garay,9880,2325,Cleisostoma paniculatum,,1,,,,,,,
10243,10496,10470,(Makino) Aver.,149593,11637,Pelatantheria scolopendrifolia,,1,,,,,,,
10243,10496,10470,(Honda) Honda,9903,2327,Cleistogenes hackelii,,1,,,,,,,
10243,10496,10470,Maxim.,9907,2330,Clematis acerifolia,,1,,,,,,,
10243,10496,10470,(Maxim.) H.J.Veitch,316570,2330,Clematis akebioides,,1,,,,,,,
10243,10496,10470,DC.,9911,2330,Clematis apiifolia,,1,,,,,,,
10243,10496,10470,Franch.,450225,2330,Clematis armandi,,1,,,,,,,
10243,10496,10470,DC.,294489,2330,Clematis brevicaudata,,1,,,,,,,
10243,10496,10470,DC.,56582,2330,Clematis buchananiana,,1,,,,,,,
10243,10496,10470,Osbeck,9915,2330,Clematis chinensis,,1,,,,,,,
10243,10496,10470,W.T.Wang,9916,2330,Clematis chingii,,1,,,,,,,
10243,10496,10470,Franch.,122023,2330,Clematis chrysocoma,,1,,,,,,,
10243,10496,10470,H.Lév. & Vaniot,317465,2330,Clematis clarkeana,,1,,,,,,,
10243,10496,10470,DC.,68832,2330,Clematis connata,,1,,,,,,,
10243,10496,10470,Hand.-Mazz.,316907,2330,Clematis courtoisii,,1,,,,,,,
10243,10496,10470,Maxim.,318134,2330,Clematis dasyandra,,1,,,,,,,
10243,10496,10470,Franch.,316571,2330,Clematis delavayi,,1,,,,,,,
10243,10496,10470,C.Pei,317130,2330,Clematis dilatata,,1,,,,,,,
10243,10496,10470,Franch.,122025,2330,Clematis fasciculiflora,,1,,,,,,,
10243,10496,10470,H.Lév. & Vaniot,9927,2330,Clematis finetiana,,1,,,,,,,
10243,10496,10470,Thunb.,122924,2330,Clematis florida,,1,,,,,,,
10243,10496,10470,Turcz.,316081,2330,Clematis fruticosa,,1,,,,,,,
10243,10496,10470,Turcz.,9932,2330,Clematis fusca,,1,,,,,,,
10243,10496,10470,Willd.,294657,2330,Clematis glauca,,1,,,,,,,
10243,10496,10470,Roxb. ex DC.,9935,2330,Clematis gouriana,,1,,,,,,,
10243,10496,10470,Rehder & E.H.Wilson,318549,2330,Clematis gracilifolia,,1,,,,,,,
10243,10496,10470,(Rehder & E.H.Wilson) W.T.Wang,316251,2330,Clematis grandidentata,,1,,,,,,,
10243,10496,10470,W.T.Wang,317939,2330,Clematis gratopsis,,1,,,,,,,
10243,10496,10470,Kudô & Masam.,439320,2330,Clematis hayatae,,1,,,,,,,
10243,10496,10470,DC.,124271,2330,Clematis heracleifolia,,1,,,,,,,
10243,10496,10470,Pall.,142357,2330,Clematis hexapetala,,1,,,,,,,
10243,10496,10470,Bunge,316135,2330,Clematis intricata,,1,,,,,,,
10243,10496,10470,C.K.Schneid.,320335,2330,Clematis kockiana,,1,,,,,,,
10243,10496,10470,C.Pei,318137,2330,Clematis kweichouwensis,,1,,,,,,,
10243,10496,10470,Bureau & Franch.,318550,2330,Clematis lancifolia,,1,,,,,,,
10243,10496,10470,Lindl.,317131,2330,Clematis lanuginosa,,1,,,,,,,
10243,10496,10470,Maxim.,9943,2330,Clematis lasiandra,,1,,,,,,,
10243,10496,10470,(W.T.Wang & M.C.Chang) W.T.Wang,319746,2330,Clematis laxistrigosa,,1,,,,,,,
10243,10496,10470,DC.,9945,2330,Clematis leschenaultiana,,1,,,,,,,
10243,10496,10470,Hand.-Mazz.,317132,2330,Clematis longistyla,,1,,,,,,,
10243,10496,10470,Ledeb.,316252,2330,Clematis macropetala,,1,,,,,,,
10243,10496,10470,Walp.,9951,2330,Clematis meyeniana,,1,,,,,,,
10243,10496,10470,Buch.-Ham. ex DC.,9953,2330,Clematis montana,,1,,,,,,,
10243,10496,10470,DC.,122027,2330,Clematis napaulensis,,1,,,,,,,
10243,10496,10470,Maxim.,142358,2330,Clematis obscura,,1,,,,,,,
10243,10496,10470,L.,56485,2330,Clematis orientalis,,1,,,,,,,
10243,10496,10470,Franch. ex Finet & Gagnep.,317467,2330,Clematis otophora,,1,,,,,,,
10243,10496,10470,Gardner & Champ.,9956,2330,Clematis parviloba,,1,,,,,,,
10243,10496,10470,(M.C.Chang) W.T.Wang,316572,2330,Clematis pashanensis,,1,,,,,,,
10243,10496,10470,C.Morren & Decne.,124272,2330,Clematis patens,,1,,,,,,,
10243,10496,10470,Hand.-Mazz.,9958,2330,Clematis peterae,,1,,,,,,,
10243,10496,10470,Maxim.,316253,2330,Clematis pogonandra,,1,,,,,,,
10243,10496,10470,Maxim.,320336,2330,Clematis potaninii,,1,,,,,,,
10243,10496,10470,Finet & Gagnep.,320337,2330,Clematis pseudopogonandra,,1,,,,,,,
10243,10496,10470,Dunn,320338,2330,Clematis pterantha,,1,,,,,,,
10243,10496,10470,Hook.f. & Thomson,9964,2330,Clematis puberula,,1,,,,,,,
10243,10496,10470,W.T.Wang,320339,2330,Clematis qingchengshanica,,1,,,,,,,
10243,10496,10470,Hutch.,316971,2330,Clematis quinquefoliolata,,1,,,,,,,
10243,10496,10470,Franch.,136927,2330,Clematis ranunculoides,,1,,,,,,,
10243,10496,10470,Craib,136928,2330,Clematis rehderiana,,1,,,,,,,
10243,10496,10470,Finet & Gagnep.,318138,2330,Clematis repens,,1,,,,,,,
10243,10496,10470,W.T.Wang,316573,2330,Clematis shensiensis,,1,,,,,,,
10243,10496,10470,(L.) Mill.,9910,2330,Clematis alpina,,1,,,,,,,
10243,10496,10470,(Maxim.) Korsh.,9970,2330,Clematis tangutica,,1,,,,,,,
10243,10496,10470,L.,56485,2330,Clematis orientalis,,1,,,,,,,
10243,10496,10470,DC.,9972,2330,Clematis terniflora,,1,,,,,,,
10243,10496,10470,Kuntze,9973,2330,Clematis tibetana,,1,,,,,,,
10243,10496,10470,Champ. ex Benth.,9975,2330,Clematis uncinata,,1,,,,,,,
10243,10496,10470,Franch.,318140,2330,Clematis urophylla,,1,,,,,,,
10243,10496,10470,M.C.Chang,320340,2330,Clematis venusta,,1,,,,,,,
10243,10496,10470,(W.T.Wang & M.C.Chang) W.T.Wang,320341,2330,Clematis viridis,,1,,,,,,,
10243,10496,10470,W.T.Wang,320342,2330,Clematis yuanjiangensis,,1,,,,,,,
10243,10496,10470,Franch.,136930,2330,Clematis yunnanensis,,1,,,,,,,
10243,10496,10470,(Franch.) Maxim.,142359,12728,Clematoclethra scandens,,1,,,,,,,
10243,10496,10470,(Blume) Miq.,31342,5164,Orthosiphon aristatus,,1,,,,,,,
10243,10496,10470,Wall. ex Walp.,10028,2334,Clerodendrum bracteatum,,1,,,,,,,
10243,10496,10470,Steud.,10030,2334,Clerodendrum bungei,,1,,,,,,,
10243,10496,10470,Wall. ex Walp.,10033,2334,Clerodendrum canescens,,1,,,,,,,
10243,10496,10470,Walp.,449718,2334,Clerodendrum colebrookeanum,,1,,,,,,,
10243,10496,10470,S.L.Chen & T.D.Zhuang,172058,2334,Clerodendrum confine,,1,,,,,,,
10243,10496,10470,Turcz.,10036,2334,Clerodendrum cyrtophyllum,,1,,,,,,,
10243,10496,10470,L.,124959,2334,Clerodendrum fortunatum,,1,,,,,,,
10243,10496,10470,(Thunb.) Sweet,119538,2334,Clerodendrum japonicum,,1,,,,,,,
10243,10496,10470,Hand.-Mazz.,172125,2334,Clerodendrum kwangtungense,,1,,,,,,,
10243,10496,10470,Decne. ex Planch.,10048,2334,Clerodendrum lindleyi,,1,,,,,,,
10243,10496,10470,C.Pei & S.L.Chen,172139,2334,Clerodendrum luteopunctatum,,1,,,,,,,
10243,10496,10470,Diels,142364,2334,Clerodendrum mandarinorum,,1,,,,,,,
10243,10496,10470,Thunb.,10060,2334,Clerodendrum trichotomum,,1,,,,,,,
10243,10496,10470,Blume,10063,2334,Clerodendrum villosum,,1,,,,,,,
10243,10496,10470,Hu,136932,2334,Clerodendrum yunnanense,,1,,,,,,,
10243,10496,10470,Franch.,122032,2335,Clethra delavayi,,1,,,,,,,
10243,10496,10470,Franch.,142366,2335,Clethra fargesii,,1,,,,,,,
10243,10496,10470,Y.C.Wu,142373,2336,Cleyera incornuta,,1,,,,,,,
10243,10496,10470,Thunb.,10075,2336,Cleyera japonica,,1,,,,,,,
10243,10496,10470,(Hand.-Mazz.) T.L.Ming,439327,2336,Cleyera lipingensis,,1,,,,,,,
10243,10496,10470,(Benth.) Kuntze,10129,2341,Clinopodium chinense,,1,,,,,,,
10243,10496,10470,(Benth.) Kuntze,10135,2341,Clinopodium gracile,,1,,,,,,,
10243,10496,10470,(Diels) C.Y.Wu & S.J.Hsuan ex H.W.Li,136933,2341,Clinopodium discolor,,1,,,,,,,
10243,10496,10470,(Benth.) Kuntze,10135,2341,Clinopodium gracile,,1,,,,,,,
10243,10496,10470,C.Y.Wu & S.J.Hsuan ex H.W.Li,172303,2341,Clinopodium longipes,,1,,,,,,,
10243,10496,10470,(Diels) C.Y.Wu & S.J.Hsuan ex H.W.Li,136934,2341,Clinopodium megalanthum,,1,,,,,,,
10243,10496,10470,C.Y.Wu & S.J.Hsuan ex H.W.Li,172314,2341,Clinopodium omeiense,,1,,,,,,,
10243,10496,10470,(Vaniot) C.Y.Wu & S.J.Hsuan,136935,2341,Clinopodium polycephalum,,1,,,,,,,
10243,10496,10470,(D. Don) Benth.,10146,2341,Clinopodium repens,,1,,,,,,,
10243,10496,10470,(Benth.) Kuntze,10129,2341,Clinopodium chinense,,1,,,,,,,
10243,10496,10470,Trautv. & C.A.Mey.,10167,2344,Clintonia udensis,,1,,,,,,,
10243,10496,10470,L.,10173,2345,Clitoria mariana,,1,,,,,,,
10243,10496,10470,(L.) Cusson,10221,2356,Cnidium monnieri,,1,,,,,,,
10243,10496,10470,(Turcz.) Lavrova & V.N.Tikhom.,460644,11873,Kadenia salina,,1,,,,,,,
10243,10496,10470,(L.) DC.,10363,2364,Cocculus orbiculatus,,1,,,,,,,
10243,10496,10470,Benth.,138379,12485,Cochlianthus gracilis,,1,,,,,,,
10243,10496,10470,(Roxb. ex Link) Hassk.,10388,2372,Codariocalyx gyroides,,1,,,,,,,
10243,10496,10470,(Thunb.) H.Ohashi & K.Ohashi,425952,17149,Leptodesmia microphylla,,1,,,,,,,
10243,10496,10470,(Houtt.) H.Ohashi,10390,2372,Codariocalyx motorius,,1,,,,,,,
10243,10496,10470,Hook.f. & Thomson,138380,2378,Codonopsis affinis,,1,,,,,,,
10243,10496,10470,Nannf.,136937,2378,Codonopsis alpina,,1,,,,,,,
10243,10496,10470,Hook.f. & Thomson,122033,2378,Codonopsis benthamii,,1,,,,,,,
10243,10496,10470,Forrest ex Diels,224349,2378,Codonopsis bulleyana,,1,,,,,,,
10243,10496,10470,Nannf.,224350,2378,Codonopsis canescens,,1,,,,,,,
10243,10496,10470,Diels ex Kom.,224351,2378,Codonopsis cardiophylla,,1,,,,,,,
10243,10496,10470,C.Y.Wu,224352,2378,Codonopsis chlorocodon,,1,,,,,,,
10243,10496,10470,(Kurz) D.Y.Hong & H.Sun,449838,20306,Pseudocodon convolvulaceus,,1,,,,,,,
10243,10496,10470,P.C.Tsoong,136938,2378,Codonopsis cordifolioidea,,1,,,,,,,
10243,10496,10470,Chipp,224354,2378,Codonopsis deltoidea,,1,,,,,,,
10243,10496,10470,(Kurz) D.Y.Hong & H.Sun,449838,20306,Pseudocodon convolvulaceus,,1,,,,,,,
10243,10496,10470,(H.Lév.) D.Y.Hong,461171,20306,Pseudocodon graminifolius,,1,,,,,,,
10243,10496,10470,Oliv.,224358,2378,Codonopsis henryi,,1,,,,,,,
10243,10496,10470,(Siebold & Zucc.) Benth. & Hook.f. ex Trautv.,10415,2378,Codonopsis lanceolata,,1,,,,,,,
10243,10496,10470,(Kurz) D.Y.Hong & H.Sun,449838,20306,Pseudocodon convolvulaceus,,1,,,,,,,
10243,10496,10470,Chipp,224363,2378,Codonopsis micrantha,,1,,,,,,,
10243,10496,10470,Hook.f. & Thomson,136941,2378,Codonopsis foetens,,1,,,,,,,
10243,10496,10470,(Franch.) Nannf.,136943,2378,Codonopsis pilosula,,1,,,,,,,
10243,10496,10470,(W.W.Sm.) D.Y.Hong,457423,20306,Pseudocodon rosulatus,,1,,,,,,,
10243,10496,10470,W.W.Sm.,136944,2378,Codonopsis subglobosa,,1,,,,,,,
10243,10496,10470,Kom.,224368,2378,Codonopsis subscaposa,,1,,,,,,,
10243,10496,10470,(Franch.) Nannf.,136943,2378,Codonopsis pilosula,,1,,,,,,,
10243,10496,10470,Kom.,136945,2378,Codonopsis tubulosa,,1,,,,,,,
10243,10496,10470,Maxim.,224372,2378,Codonopsis viridiflora,,1,,,,,,,
10243,10496,10470,(Wight & Arn. ex Steud.) Munro ex Benth.,10417,2380,Coelachne simpliciuscula,,1,,,,,,,
10243,10496,10470,"(L.) R.M.Bateman, Pridgeon & M.W.Chase",13250,2701,Dactylorhiza viridis,,1,,,,,,,
10243,10496,10470,Lindl. ex Griff.,120426,2384,Coelogyne barbata,,1,,,,,,,
10243,10496,10470,Lindl.,10423,2384,Coelogyne fimbriata,,1,,,,,,,
10243,10496,10470,W.W.Sm.,121525,2384,Coelogyne leucantha,,1,,,,,,,
10243,10496,10470,Roxb.,10455,2392,Coix aquatica,,1,,,,,,,
10243,10496,10470,L.,10456,2392,Coix lacryma-jobi,,1,,,,,,,
10243,10496,10470,(L.) Schott,10522,2409,Colocasia esculenta,,1,,,,,,,
10243,10496,10470,Schott,172614,2409,Colocasia fallax,,1,,,,,,,
10243,10496,10470,(Blume) Schott,449719,20299,Leucocasia gigantea,,1,,,,,,,
10243,10496,10470,W.W.Sm.,172616,2413,Colquhounia compta,,1,,,,,,,
10243,10496,10470,Vaniot,172617,2413,Colquhounia seguinii,,1,,,,,,,
10243,10496,10470,Batalin,318141,15079,Coluria henryi,,1,,,,,,,
10243,10496,10470,Maxim.,319747,15079,Coluria longifolia,,1,,,,,,,
10243,10496,10470,(J.Krause) Bolle,320343,15079,Coluria oligocarpa,,1,,,,,,,
10243,10496,10470,T.C.Ku,319748,15079,Coluria omeiensis,,1,,,,,,,
10243,10496,10470,Franch.,313763,2416,Colutea delavayi,,1,,,,,,,
10243,10496,10470,(Thunb.) Noot.,362568,4250,Leptochilus ellipticus,,1,,,,,,,
10243,10496,10470,(C.Presl) Noot.,362569,4250,Leptochilus hemionitideus,,1,,,,,,,
10243,10496,10470,(Hook. & Grev.) Fraser-Jenk.,353962,4250,Leptochilus pedunculatus,,1,,,,,,,
10243,10496,10470,(Baker) X.C.Zhang,433691,4250,Leptochilus henryi,,1,,,,,,,
10243,10496,10470,(Miq.) S.Moore,172623,13843,Comanthosphace japonica,,1,,,,,,,
10243,10496,10470,C.Y.Wu & H.W.Li,172624,13843,Comanthosphace nanchuanensis,,1,,,,,,,
10243,10496,10470,L.,10579,2420,Comarum palustre,,1,,,,,,,
10243,10496,10470,(Franch.) Holub,320344,2421,Comastoma cyananthiflorum,,1,,,,,,,
10243,10496,10470,(Turcz.) Toyok.,70771,2421,Comastoma falcatum,,1,,,,,,,
10243,10496,10470,(Hemsl.) Holub,320345,2421,Comastoma henryi,,1,,,,,,,
10243,10496,10470,(C.Marquand) T.N.Ho,320346,2421,Comastoma muliense,,1,,,,,,,
10243,10496,10470,(Royle ex G.Don) Holub,70772,2421,Comastoma pedunculatum,,1,,,,,,,
10243,10496,10470,(Diels & Gilg) T.N.Ho,316574,2421,Comastoma polycladum,,1,,,,,,,
10243,10496,10470,(Turcz.) Toyok.,316054,2421,Comastoma pulmonarium,,1,,,,,,,
10243,10496,10470,(Rottb.) Toyok.,10580,2421,Comastoma tenellum,,1,,,,,,,
10243,10496,10470,(Forrest) Holub,320347,2421,Comastoma traillianum,,1,,,,,,,
10243,10496,10470,Hance,439369,2422,Combretum alfredi,,1,,,,,,,
10243,10496,10470,Van Heurck & Müll.Arg.,449840,2422,Combretum griffithii,,1,,,,,,,
10243,10496,10470,DC.,121530,2422,Combretum wallichii,,1,,,,,,,
10243,10496,10470,L.,10608,2425,Commelina benghalensis,,1,,,,,,,
10243,10496,10470,L.,10611,2425,Commelina communis,,1,,,,,,,
10243,10496,10470,Burm.f.,10614,2425,Commelina diffusa,,1,,,,,,,
10243,10496,10470,Edgew.,136952,2425,Commelina maculata,,1,,,,,,,
10243,10496,10470,Blume,10623,2425,Commelina paludosa,,1,,,,,,,
10243,10496,10470,R.Br.,10627,2425,Commelina undulata,,1,,,,,,,
10243,10496,10470,(L.) Heimerl,120360,10196,Commicarpus chinensis,,1,,,,,,,
10243,10496,10470,D.Q.Lu,461172,10196,Commicarpus lantsangensis,,1,,,,,,,
10243,10496,10470,Hieron.,316817,2439,Coniogramme affinis,,1,,,,,,,
10243,10496,10470,(Blume) Fée,322604,2439,Coniogramme serrulata,,1,,,,,,,
10243,10496,10470,Ching & K.H.Shing,317135,2439,Coniogramme emeiensis,,1,,,,,,,
10243,10496,10470,Ching & K.H.Shing,317136,2439,Coniogramme falcipinna,,1,,,,,,,
10243,10496,10470,Hieron.,10681,2439,Coniogramme intermedia,,1,,,,,,,
10243,10496,10470,(Thunb.) Diels,10682,2439,Coniogramme japonica,,1,,,,,,,
10243,10496,10470,Fée,10686,2439,Coniogramme procera,,1,,,,,,,
10243,10496,10470,Christ,317731,2439,Coniogramme robusta,,1,,,,,,,
10243,10496,10470,Hieron.,317940,2439,Coniogramme rosthornii,,1,,,,,,,
10243,10496,10470,Hieron.,316973,2439,Coniogramme wilsonii,,1,,,,,,,
10243,10496,10470,Ching,319749,2439,Coniogramme suprapilosa,,1,,,,,,,
10243,10496,10470,Hieron.,316973,2439,Coniogramme wilsonii,,1,,,,,,,
10243,10496,10470,"(L.) Britton, Sterns & Poggenb.",10687,2440,Conioselinum chinense,,1,,,,,,,
10243,10496,10470,(L.) Rchb.f.,77431,6337,Seseli condensatum,,1,,,,,,,
10243,10496,10470,Roxb.,10698,2442,Connarus paniculatus,,1,,,,,,,
10243,10496,10470,Desr.,310378,2455,Convolvulus ammannii,,1,,,,,,,
10243,10496,10470,L.,10742,2455,Convolvulus arvensis,,1,,,,,,,
10243,10496,10470,Turcz.,294988,2455,Convolvulus tragacanthoides,,1,,,,,,,
10243,10496,10470,(H.Lév.) Brouillet,451391,16698,Eschenbachia blinii,,1,,,,,,,
10243,10496,10470,(Thunb.) J.Kost.,439397,16698,Eschenbachia japonica,,1,,,,,,,
10243,10496,10470,(Y.L.Chen) Brouillet,461057,16698,Eschenbachia muliensis,,1,,,,,,,
10243,10496,10470,(Willd.) Raizada,439399,16698,Eschenbachia stricta,,1,,,,,,,
10243,10496,10470,Franch.,142607,2463,Coptis chinensis,,1,,,,,,,
10243,10496,10470,C.Y.Cheng & P.K.Hsiao,142608,2463,Coptis deltoidea,,1,,,,,,,
10243,10496,10470,(C.Chen) C.Y.Cheng,142612,2463,Coptis omeiensis,,1,,,,,,,
10243,10496,10470,W.T.Wang,142613,2463,Coptis quinquesecta,,1,,,,,,,
10243,10496,10470,Wall.,122042,2463,Coptis teeta,,1,,,,,,,
10243,10496,10470,(Champ. ex Benth.) Steenis,10926,2464,Coptosapelta diffusa,,1,,,,,,,
10243,10496,10470,Batalin,461173,11652,Corallodiscus conchifolius,,1,,,,,,,
10243,10496,10470,(Craib) B.L.Burtt,320350,11652,Corallodiscus kingianus,,1,,,,,,,
10243,10496,10470,(Wall. ex R.Br.) B.L.Burtt,121532,11652,Corallodiscus lanuginosus,,1,,,,,,,
10243,10496,10470,Châtel.,10934,2466,Corallorhiza trifida,,1,,,,,,,
10243,10496,10470,Siebold & Zucc.,453036,2469,Corchoropsis crenata,,1,,,,,,,
10243,10496,10470,Siebold & Zucc.,453036,2469,Corchoropsis crenata,,1,,,,,,,
10243,10496,10470,Wall.,439419,2479,Coriaria napalensis,,1,,,,,,,
10243,10496,10470,Hemsl.,136954,2479,Coriaria terminalis,,1,,,,,,,
10243,10496,10470,Moq.,310126,2481,Corispermum stauntonii,,1,,,,,,,
10243,10496,10470,Iljin,70464,2481,Corispermum tibeticum,,1,,,,,,,
10243,10496,10470,(Hook.) Copel.,439424,1554,Athyrium decurrenti-alatum,,1,,,,,,,
10243,10496,10470,Christenh.,461174,1554,Athyrium filix-incantatrix,,1,,,,,,,
10243,10496,10470,Christenh.,461175,1554,Athyrium narthex,,1,,,,,,,
10243,10496,10470,L.,11107,2487,Cornus alba,,1,,,,,,,
10243,10496,10470,L.Henry,142647,2487,Cornus bretschneideri,,1,,,,,,,
10243,10496,10470,Wall.,11109,2487,Cornus capitata,,1,,,,,,,
10243,10496,10470,Wangerin,122045,2487,Cornus chinensis,,1,,,,,,,
10243,10496,10470,Hemsl.,11110,2487,Cornus controversa,,1,,,,,,,
10243,10496,10470,Wangerin,11121,2487,Cornus walteri,,1,,,,,,,
10243,10496,10470,Wall.,11109,2487,Cornus capitata,,1,,,,,,,
10243,10496,10470,C.K.Schneid. & Wangerin,138242,2487,Cornus hemsleyi,,1,,,,,,,
10243,10496,10470,Hemsl.,11113,2487,Cornus hongkongensis,,1,,,,,,,
10243,10496,10470,Wangerin,142653,2487,Cornus koehneana,,1,,,,,,,
10243,10496,10470,Bürger ex Hance,11114,2487,Cornus kousa,,1,,,,,,,
10243,10496,10470,Wall.,11115,2487,Cornus macrophylla,,1,,,,,,,
10243,10496,10470,(Pojark.) Q.Y.Xiang,142655,2487,Cornus multinervosa,,1,,,,,,,
10243,10496,10470,Wall.,121533,2487,Cornus oblonga,,1,,,,,,,
10243,10496,10470,Siebold & Zucc.,142656,2487,Cornus officinalis,,1,,,,,,,
10243,10496,10470,W.P.Fang & W.K.Hu,172704,2487,Cornus papillosa,,1,,,,,,,
10243,10496,10470,Franch.,439427,2487,Cornus quinquenervis,,1,,,,,,,
10243,10496,10470,Wangerin,138241,2487,Cornus schindleri,,1,,,,,,,
10243,10496,10470,C.K.Schneid. & Wangerin,142659,2487,Cornus ulotricha,,1,,,,,,,
10243,10496,10470,Wangerin,11121,2487,Cornus walteri,,1,,,,,,,
10243,10496,10470,Wangerin,142660,2487,Cornus wilsoniana,,1,,,,,,,
10243,10496,10470,(D.Don) C.Norman,138382,12486,Cortia depressa,,1,,,,,,,
10243,10496,10470,(C.Norman) M.F.Watson,138641,12487,Cortiella cortioides,,1,,,,,,,
10243,10496,10470,(L.) V.A.Richt.,56998,5754,Primula matthioli,,1,,,,,,,
10243,10496,10470,Tang & F.T.Wang,172818,2497,Corybas taliensis,,1,,,,,,,
10243,10496,10470,Fedde,320352,2498,Corydalis acropteryx,,1,,,,,,,
10243,10496,10470,Franch.,318142,2498,Corydalis acuminata,,1,,,,,,,
10243,10496,10470,C.Y.Wu,320353,2498,Corydalis adoxifolia,,1,,,,,,,
10243,10496,10470,Maxim.,136955,2498,Corydalis melanochlora,,1,,,,,,,
10243,10496,10470,Maxim.,315993,2498,Corydalis adunca,,1,,,,,,,
10243,10496,10470,Z.Y.Su & Lidén,320354,2498,Corydalis amplisepala,,1,,,,,,,
10243,10496,10470,Fedde,320430,2498,Corydalis schusteriana,,1,,,,,,,
10243,10496,10470,Franch.,320356,2498,Corydalis anthriscifolia,,1,,,,,,,
10243,10496,10470,Hand.-Mazz.,320357,2498,Corydalis appendiculata,,1,,,,,,,
10243,10496,10470,W.W.Sm.,320358,2498,Corydalis atuntsuensis,,1,,,,,,,
10243,10496,10470,Prain,11200,2498,Corydalis balansae,,1,,,,,,,
10243,10496,10470,Hand.-Mazz. & Fedde,320359,2498,Corydalis barbisepala,,1,,,,,,,
10243,10496,10470,W.W.Sm.,320360,2498,Corydalis benecincta,,1,,,,,,,
10243,10496,10470,C.Y.Wu & T.Y.Shu,320361,2498,Corydalis brevirostrata,,1,,,,,,,
10243,10496,10470,Fedde,320362,2498,Corydalis brunneovaginata,,1,,,,,,,
10243,10496,10470,Z.Y.Wu,320363,2498,Corydalis bulbilligera,,1,,,,,,,
10243,10496,10470,Diels,320364,2498,Corydalis bulleyana,,1,,,,,,,
10243,10496,10470,Kanitz,461176,2498,Corydalis hannae,,1,,,,,,,
10243,10496,10470,(Lam.) Pers.,460660,2498,Corydalis caudata,,1,,,,,,,
10243,10496,10470,Hemsl.,11202,2498,Corydalis cheilanthifolia,,1,,,,,,,
10243,10496,10470,Franch.,320366,2498,Corydalis cheirifolia,,1,,,,,,,
10243,10496,10470,Fedde,320416,2498,Corydalis pseudocristata,,1,,,,,,,
10243,10496,10470,Maxim.,319751,2498,Corydalis conspersa,,1,,,,,,,
10243,10496,10470,Royle,80028,2498,Corydalis cornuta,,1,,,,,,,
10243,10496,10470,Fedde,320445,2498,Corydalis weigoldii,,1,,,,,,,
10243,10496,10470,Maxim.,320369,2498,Corydalis cristata,,1,,,,,,,
10243,10496,10470,Maxim. ex Hemsl.,316577,2498,Corydalis curviflora,,1,,,,,,,
10243,10496,10470,"(Fedde) Lidén ex C.Y.Wu, H.Chuang & Z.Y.Su",320370,2498,Corydalis cytisiflora,,1,,,,,,,
10243,10496,10470,C.Y.Wu & T.Y.Shu,320371,2498,Corydalis dajingensis,,1,,,,,,,
10243,10496,10470,Maxim.,316885,2498,Corydalis dasyptera,,1,,,,,,,
10243,10496,10470,Franch.,318143,2498,Corydalis davidii,,1,,,,,,,
10243,10496,10470,C.Y.Wu & H.Chuang,320372,2498,Corydalis degensis,,1,,,,,,,
10243,10496,10470,Franch.,320373,2498,Corydalis delavayi,,1,,,,,,,
10243,10496,10470,C.Y.Wu,136958,2498,Corydalis densispica,,1,,,,,,,
10243,10496,10470,Prain,320374,2498,Corydalis drakeana,,1,,,,,,,
10243,10496,10470,H.Lév. & Vaniot,320375,2498,Corydalis duclouxii,,1,,,,,,,
10243,10496,10470,Maxim.,142695,2498,Corydalis edulis,,1,,,,,,,
10243,10496,10470,Bureau & Franch.,317942,2498,Corydalis elata,,1,,,,,,,
10243,10496,10470,C.Y.Wu & Z.Y.Su,320376,2498,Corydalis ellipticarpa,,1,,,,,,,
10243,10496,10470,Fedde,320377,2498,Corydalis eugeniae,,1,,,,,,,
10243,10496,10470,Franch.,318144,2498,Corydalis fargesii,,1,,,,,,,
10243,10496,10470,H.Lév.,320378,2498,Corydalis feddeana,,1,,,,,,,
10243,10496,10470,Hook.f. & Thomson,122046,2498,Corydalis flaccida,,1,,,,,,,
10243,10496,10470,Franch.,320379,2498,Corydalis flexuosa,,1,,,,,,,
10243,10496,10470,C.Y.Wu & Z.Y.Su,320380,2498,Corydalis foetida,,1,,,,,,,
10243,10496,10470,Prain,320381,2498,Corydalis franchetiana,,1,,,,,,,
10243,10496,10470,C.Y.Wu & T.Y.Shu,320371,2498,Corydalis dajingensis,,1,,,,,,,
10243,10496,10470,Fedde,316422,2498,Corydalis giraldii,,1,,,,,,,
10243,10496,10470,Fedde,320383,2498,Corydalis glycyphyllos,,1,,,,,,,
10243,10496,10470,Schrenk ex Fisch. & C.A.Mey.,70757,2498,Corydalis gortschakovii,,1,,,,,,,
10243,10496,10470,C.Y.Wu ex Govaerts,136961,2498,Corydalis gracillima,,1,,,,,,,
10243,10496,10470,C.Y.Wu & Z.Y.Su,320384,2498,Corydalis grandiflora,,1,,,,,,,
10243,10496,10470,Franch.,136962,2498,Corydalis hamata,,1,,,,,,,
10243,10496,10470,C.Y.Wu & Z.Y.Su,320385,2498,Corydalis hebephylla,,1,,,,,,,
10243,10496,10470,Franch. & Prain,318145,2498,Corydalis hemsleyana,,1,,,,,,,
10243,10496,10470,C.Y.Wu & Z.Y.Su,320386,2498,Corydalis heracleifolia,,1,,,,,,,
10243,10496,10470,H.Lév.,320387,2498,Corydalis heterodonta,,1,,,,,,,
10243,10496,10470,Prain,320388,2498,Corydalis hookeri,,1,,,,,,,
10243,10496,10470,Hand.-Mazz.,320389,2498,Corydalis humicola,,1,,,,,,,
10243,10496,10470,(Pall.) Fisch. ex DC.,102521,2498,Corydalis impatiens,,1,,,,,,,
10243,10496,10470,(Thunb.) Pers.,11204,2498,Corydalis incisa,,1,,,,,,,
10243,10496,10470,H.Lév.,320390,2498,Corydalis iochanensis,,1,,,,,,,
10243,10496,10470,Z.Y.Su & Lidén,320391,2498,Corydalis jiulongensis,,1,,,,,,,
10243,10496,10470,Hand.-Mazz.,320392,2498,Corydalis kokiana,,1,,,,,,,
10243,10496,10470,Michajlova,295268,2498,Corydalis krasnovii,,1,,,,,,,
10243,10496,10470,C.Y.Wu,320393,2498,Corydalis lathyrophylla,,1,,,,,,,
10243,10496,10470,(Franch.) Hand.-Mazz.,136965,2498,Corydalis latiloba,,1,,,,,,,
10243,10496,10470,Fedde,320394,2498,Corydalis laucheana,,1,,,,,,,
10243,10496,10470,C.Y.Wu,320395,2498,Corydalis leucanthema,,1,,,,,,,
10243,10496,10470,Maxim.,320396,2498,Corydalis linarioides,,1,,,,,,,
10243,10496,10470,C.Y.Wu,320397,2498,Corydalis linearis,,1,,,,,,,
10243,10496,10470,Fedde,320398,2498,Corydalis linstowiana,,1,,,,,,,
10243,10496,10470,Maxim.,316732,2498,Corydalis livida,,1,,,,,,,
10243,10496,10470,Ludlow & Stearn,320399,2498,Corydalis longibracteata,,1,,,,,,,
10243,10496,10470,H.Chuang & Z.Y.Su,320400,2498,Corydalis longicalcarata,,1,,,,,,,
10243,10496,10470,Fedde,320433,2498,Corydalis smithiana,,1,,,,,,,
10243,10496,10470,Trautv. & C.A.Mey.,401874,2498,Corydalis gigantea,,1,,,,,,,
10243,10496,10470,H.Lév.,320401,2498,Corydalis mairei,,1,,,,,,,
10243,10496,10470,Hand.-Mazz.,320402,2498,Corydalis mayae,,1,,,,,,,
10243,10496,10470,Maxim.,136955,2498,Corydalis melanochlora,,1,,,,,,,
10243,10496,10470,C.Y.Wu,320403,2498,Corydalis minutiflora,,1,,,,,,,
10243,10496,10470,Franch.,320404,2498,Corydalis moupinensis,,1,,,,,,,
10243,10496,10470,Franch.,320405,2498,Corydalis mucronata,,1,,,,,,,
10243,10496,10470,Maxim.,320406,2498,Corydalis mucronifera,,1,,,,,,,
10243,10496,10470,C.Y.Wu & Z.Y.Su,320407,2498,Corydalis muliensis,,1,,,,,,,
10243,10496,10470,C.Y.Wu,320408,2498,Corydalis nigroapiculata,,1,,,,,,,
10243,10496,10470,Hook.f. & Thomson,11208,2498,Corydalis ophiocarpa,,1,,,,,,,
10243,10496,10470,Franch.,320409,2498,Corydalis pachycentra,,1,,,,,,,
10243,10496,10470,(Franch.) Hand.-Mazz.,320410,2498,Corydalis pachypoda,,1,,,,,,,
10243,10496,10470,Pers.,11209,2498,Corydalis pallida,,1,,,,,,,
10243,10496,10470,Franch.,136968,2498,Corydalis petrophila,,1,,,,,,,
10243,10496,10470,Z.Y.Wu,320411,2498,Corydalis pingwuensis,,1,,,,,,,
10243,10496,10470,Lidén & Z.Y.Su,320412,2498,Corydalis pinnata,,1,,,,,,,
10243,10496,10470,Maxim.,320413,2498,Corydalis potaninii,,1,,,,,,,
10243,10496,10470,Franch.,320414,2498,Corydalis prattii,,1,,,,,,,
10243,10496,10470,Fedde,320415,2498,Corydalis pseudobarbisepala,,1,,,,,,,
10243,10496,10470,Fedde,320416,2498,Corydalis pseudocristata,,1,,,,,,,
10243,10496,10470,Lidén,461177,2498,Corydalis pseudodrakeana,,1,,,,,,,
10243,10496,10470,H.Chuang,320418,2498,Corydalis pseudofargesii,,1,,,,,,,
10243,10496,10470,Fedde,320419,2498,Corydalis pseudofluminicola,,1,,,,,,,
10243,10496,10470,Franch.,136962,2498,Corydalis hamata,,1,,,,,,,
10243,10496,10470,Fedde,320421,2498,Corydalis pseudimpatiens,,1,,,,,,,
10243,10496,10470,C.Y.Wu ex Z.Y.Su & Lidén,320422,2498,Corydalis pseudomairei,,1,,,,,,,
10243,10496,10470,"C.Y.Wu, Z.Y.Su & Liden",320423,2498,Corydalis pseudomucronata,,1,,,,,,,
10243,10496,10470,Lidén,320424,2498,Corydalis pseudotongolensis,,1,,,,,,,
10243,10496,10470,Hand.-Mazz.,136972,2498,Corydalis pterygopetala,,1,,,,,,,
10243,10496,10470,Fedde,320425,2498,Corydalis quantmeyeriana,,1,,,,,,,
10243,10496,10470,(Thunb.) Pers.,11211,2498,Corydalis racemosa,,1,,,,,,,
10243,10496,10470,Hand.-Mazz.,320426,2498,Corydalis radicans,,1,,,,,,,
10243,10496,10470,Fedde,320427,2498,Corydalis rheinbabeniana,,1,,,,,,,
10243,10496,10470,Maxim.,136955,2498,Corydalis melanochlora,,1,,,,,,,
10243,10496,10470,Bunting,317139,2498,Corydalis saxicola,,1,,,,,,,
10243,10496,10470,Maxim.,320429,2498,Corydalis scaberula,,1,,,,,,,
10243,10496,10470,Fedde,320430,2498,Corydalis schusteriana,,1,,,,,,,
10243,10496,10470,Fedde,320431,2498,Corydalis schweriniana,,1,,,,,,,
10243,10496,10470,S.Moore,11212,2498,Corydalis sheareri,,1,,,,,,,
10243,10496,10470,"Lidén ex C.Y.Wu, H.Chuang & Z.Y.Su",316578,2498,Corydalis shensiana,,1,,,,,,,
10243,10496,10470,C.Y.Wu & Z.Y.Su,316579,2498,Corydalis shimienensis,,1,,,,,,,
10243,10496,10470,(L.f.) Pers.,77378,2498,Corydalis sibirica,,1,,,,,,,
10243,10496,10470,Z.Y.Su & C.Y.Wu,320432,2498,Corydalis sigmantha,,1,,,,,,,
10243,10496,10470,Fedde,320433,2498,Corydalis smithiana,,1,,,,,,,
10243,10496,10470,Franch.,320434,2498,Corydalis stenantha,,1,,,,,,,
10243,10496,10470,Maxim. ex Hemsl.,318146,2498,Corydalis straminea,,1,,,,,,,
10243,10496,10470,H.Chuang,320435,2498,Corydalis striatocarpa,,1,,,,,,,
10243,10496,10470,Stephan ex DC.,70764,2498,Corydalis stricta,,1,,,,,,,
10243,10496,10470,Franch.,136974,2498,Corydalis taliensis,,1,,,,,,,
10243,10496,10470,Peschkova,320436,2498,Corydalis tangutica,,1,,,,,,,
10243,10496,10470,Franch.,318147,2498,Corydalis temulifolia,,1,,,,,,,
10243,10496,10470,"C.Y.Wu, Z.Y.Su & Lidén",318148,2498,Corydalis ternatifolia,,1,,,,,,,
10243,10496,10470,Franch.,320437,2498,Corydalis tongolensis,,1,,,,,,,
10243,10496,10470,Maxim.,320438,2498,Corydalis trachycarpa,,1,,,,,,,
10243,10496,10470,Hand.-Mazz.,461178,2498,Corydalis trilobipetala,,1,,,,,,,
10243,10496,10470,Franch.,317943,2498,Corydalis trisecta,,1,,,,,,,
10243,10496,10470,C.Y.Wu & H.Chuang,320439,2498,Corydalis tsayulensis,,1,,,,,,,
10243,10496,10470,Besser,124282,2498,Corydalis turtschaninovii,,1,,,,,,,
10243,10496,10470,Fedde,320394,2498,Corydalis laucheana,,1,,,,,,,
10243,10496,10470,Lidén & Z.Y.Su,320441,2498,Corydalis uvaria,,1,,,,,,,
10243,10496,10470,C.Y.Wu & T.Y.Shu,320361,2498,Corydalis brevirostrata,,1,,,,,,,
10243,10496,10470,Z.Y.Su & Lidén,320443,2498,Corydalis verna,,1,,,,,,,
10243,10496,10470,Fedde,320444,2498,Corydalis vivipara,,1,,,,,,,
10243,10496,10470,Fedde,320445,2498,Corydalis weigoldii,,1,,,,,,,
10243,10496,10470,N.E.Br.,318150,2498,Corydalis wilsonii,,1,,,,,,,
10243,10496,10470,Z.Y.Su & Lidén,320446,2498,Corydalis wuzhengyiana,,1,,,,,,,
10243,10496,10470,(Y.H.Chou & Chun C.Hsu) W.T.Wang ex Z.Y.Su & C.Y.Wu,316255,2498,Corydalis yanhusuo,,1,,,,,,,
10243,10496,10470,C.Y.Wu,320447,2498,Corydalis yargongensis,,1,,,,,,,
10243,10496,10470,Lidén,320448,2498,Corydalis yui,,1,,,,,,,
10243,10496,10470,Franch.,136977,2498,Corydalis yunnanensis,,1,,,,,,,
10243,10496,10470,Z.Y.Su & Lidén,320449,2498,Corydalis zhongdianensis,,1,,,,,,,
10243,10496,10470,(H.Lév.) C.K.Schneid.,317140,2499,Corylopsis alnifolia,,1,,,,,,,
10243,10496,10470,Hemsl.,317141,2499,Corylopsis glandulifera,,1,,,,,,,
10243,10496,10470,Hand.-Mazz.,136978,2499,Corylopsis glaucescens,,1,,,,,,,
10243,10496,10470,H.T.Chang,320450,2499,Corylopsis microcarpa,,1,,,,,,,
10243,10496,10470,Hance,142699,2499,Corylopsis multiflora,,1,,,,,,,
10243,10496,10470,H.T.Chang,318152,2499,Corylopsis obovata,,1,,,,,,,
10243,10496,10470,W.C.Cheng,317142,2499,Corylopsis omeiensis,,1,,,,,,,
10243,10496,10470,Rehder & E.H.Wilson,142700,2499,Corylopsis platypetala,,1,,,,,,,
10243,10496,10470,H.T.Chang,319752,2499,Corylopsis rotundifolia,,1,,,,,,,
10243,10496,10470,Hemsl.,142701,2499,Corylopsis sinensis,,1,,,,,,,
10243,10496,10470,Hemsl.,318151,2499,Corylopsis henryi,,1,,,,,,,
10243,10496,10470,Bean,142703,2499,Corylopsis veitchiana,,1,,,,,,,
10243,10496,10470,Hand.-Mazz.,317559,2499,Corylopsis velutina,,1,,,,,,,
10243,10496,10470,Rehder & E.H.Wilson,142704,2499,Corylopsis willmottiae,,1,,,,,,,
10243,10496,10470,Hu & W.C.Cheng,136980,2499,Corylopsis yui,,1,,,,,,,
10243,10496,10470,Diels,136981,2499,Corylopsis yunnanensis,,1,,,,,,,
10243,10496,10470,Franch.,142705,2500,Corylus chinensis,,1,,,,,,,
10243,10496,10470,(Franch.) C.K.Schneid.,172827,2500,Corylus fargesii,,1,,,,,,,
10243,10496,10470,Wall.,122050,2500,Corylus ferox,,1,,,,,,,
10243,10496,10470,Fisch. ex Trautv.,124256,2500,Corylus heterophylla,,1,,,,,,,
10243,10496,10470,Blume,124257,2500,Corylus sieboldiana,,1,,,,,,,
10243,10496,10470,Hu,172829,2500,Corylus wangii,,1,,,,,,,
10243,10496,10470,(Franch.) A.Camus,136982,2500,Corylus yunnanensis,,1,,,,,,,
10243,10496,10470,Scop.,11308,2517,Cotinus coggygria,,1,,,,,,,
10243,10496,10470,Pénzes,316580,2517,Cotinus szechuanensis,,1,,,,,,,
10243,10496,10470,Lindl.,80059,2518,Cotoneaster acuminatus,,1,,,,,,,
10243,10496,10470,Turcz.,136984,2518,Cotoneaster acutifolius,,1,,,,,,,
10243,10496,10470,Bois,11309,2518,Cotoneaster adpressus,,1,,,,,,,
10243,10496,10470,Lindl.,11310,2518,Cotoneaster affinis,,1,,,,,,,
10243,10496,10470,Rehder & E.H.Wilson,142743,2518,Cotoneaster ambiguus,,1,,,,,,,
10243,10496,10470,Rehder & E.H.Wilson,11312,2518,Cotoneaster apiculatus,,1,,,,,,,
10243,10496,10470,Bois,11318,2518,Cotoneaster bullatus,,1,,,,,,,
10243,10496,10470,Wall. ex Lindl.,136985,2518,Cotoneaster buxifolius,,1,,,,,,,
10243,10496,10470,T.T.Yu,320451,2518,Cotoneaster chengkangensis,,1,,,,,,,
10243,10496,10470,Comber ex C.Marquand,11324,2518,Cotoneaster conspicuus,,1,,,,,,,
10243,10496,10470,Franch.,59789,2518,Cotoneaster coriaceus,,1,,,,,,,
10243,10496,10470,C.K.Schneid.,11326,2518,Cotoneaster dammeri,,1,,,,,,,
10243,10496,10470,E.Pritz.,11327,2518,Cotoneaster dielsianus,,1,,,,,,,
10243,10496,10470,Rehder & E.H.Wilson,11328,2518,Cotoneaster divaricatus,,1,,,,,,,
10243,10496,10470,T.T.Yu,11329,2518,Cotoneaster fangianus,,1,,,,,,,
10243,10496,10470,Franch.,11356,2518,Cotoneaster moupinensis,,1,,,,,,,
10243,10496,10470,Bois,11330,2518,Cotoneaster franchetii,,1,,,,,,,
10243,10496,10470,Rehder & E.H.Wilson,316909,2518,Cotoneaster glabratus,,1,,,,,,,
10243,10496,10470,Franch.,11332,2518,Cotoneaster glaucophyllus,,1,,,,,,,
10243,10496,10470,Rehder & E.H.Wilson,316581,2518,Cotoneaster gracilis,,1,,,,,,,
10243,10496,10470,E.H.Wilson,320452,2518,Cotoneaster harrovianus,,1,,,,,,,
10243,10496,10470,Rehder & E.H.Wilson,11360,2518,Cotoneaster nitens,,1,,,,,,,
10243,10496,10470,Diels,142744,2518,Cotoneaster hebephyllus,,1,,,,,,,
10243,10496,10470,Decne.,11336,2518,Cotoneaster horizontalis,,1,,,,,,,
10243,10496,10470,Medik.,57001,2518,Cotoneaster integerrimus,,1,,,,,,,
10243,10496,10470,G.Klotz,320454,2518,Cotoneaster langei,,1,,,,,,,
10243,10496,10470,(Bunge) G.Lodd. ex M.Roem.,102346,2518,Cotoneaster melanocarpus,,1,,,,,,,
10243,10496,10470,Wall. ex Lindl.,11353,2518,Cotoneaster microphyllus,,1,,,,,,,
10243,10496,10470,Pojark.,314191,2518,Cotoneaster mongolicus,,1,,,,,,,
10243,10496,10470,Franch.,11356,2518,Cotoneaster moupinensis,,1,,,,,,,
10243,10496,10470,Bunge,134220,2518,Cotoneaster multiflorus,,1,,,,,,,
10243,10496,10470,Rehder & E.H.Wilson,11360,2518,Cotoneaster nitens,,1,,,,,,,
10243,10496,10470,C.Marquand,318153,2518,Cotoneaster nitidifolius,,1,,,,,,,
10243,10496,10470,Jacques,11361,2518,Cotoneaster nitidus,,1,,,,,,,
10243,10496,10470,Rehder & E.H.Wilson,11363,2518,Cotoneaster obscurus,,1,,,,,,,
10243,10496,10470,Franch.,11365,2518,Cotoneaster pannosus,,1,,,,,,,
10243,10496,10470,Bois,11318,2518,Cotoneaster bullatus,,1,,,,,,,
10243,10496,10470,Rehder & E.H.Wilson,318154,2518,Cotoneaster rhytidophyllus,,1,,,,,,,
10243,10496,10470,Wall. ex Lindl.,11371,2518,Cotoneaster rotundifolius,,1,,,,,,,
10243,10496,10470,W.W.Sm.,122052,2518,Cotoneaster rubens,,1,,,,,,,
10243,10496,10470,Franch.,11372,2518,Cotoneaster salicifolius,,1,,,,,,,
10243,10496,10470,T.T.Yu,320456,2518,Cotoneaster sanguineus,,1,,,,,,,
10243,10496,10470,G.Klotz,316582,2518,Cotoneaster schantungensis,,1,,,,,,,
10243,10496,10470,G.Klotz,11374,2518,Cotoneaster sherriffii,,1,,,,,,,
10243,10496,10470,Pamp.,316910,2518,Cotoneaster sylvestrii,,1,,,,,,,
10243,10496,10470,(Regel & Herder) Popov,439446,2518,Cotoneaster soongoricus,,1,,,,,,,
10243,10496,10470,T.T.Yu,136986,2518,Cotoneaster subadpressus,,1,,,,,,,
10243,10496,10470,Popov,142745,2518,Cotoneaster submultiflorus,,1,,,,,,,
10243,10496,10470,Rehder & E.H.Wilson,142746,2518,Cotoneaster tenuipes,,1,,,,,,,
10243,10496,10470,Craib,136987,2518,Cotoneaster turbinatus,,1,,,,,,,
10243,10496,10470,Diels,122053,2518,Cotoneaster verruculosus,,1,,,,,,,
10243,10496,10470,C.K.Schneid.,11384,2518,Cotoneaster zabelii,,1,,,,,,,
10243,10496,10470,(Roxb.) Wall. ex C.B.Clarke,123480,2519,Cotula hemisphaerica,,1,,,,,,,
10243,10496,10470,(C.B.Clarke) Klack.,136988,3270,Exacum paucisquamum,,1,,,,,,,
10243,10496,10470,(Link) Kuntze,122963,11737,Craniotome furcata,,1,,,,,,,
10243,10496,10470,(Gagnep.) Z.Wei & Pedley,322536,2534,Craspedolobium unijugum,,1,,,,,,,
10243,10496,10470,(Benth.) S.Moore,11452,2536,Crassocephalum crepidioides,,1,,,,,,,
10243,10496,10470,W.W.Sm.,320457,2538,Crataegus chungtienensis,,1,,,,,,,
10243,10496,10470,(Dieck) Koehne,102549,2538,Crataegus dahurica,,1,,,,,,,
10243,10496,10470,Sarg.,142805,2538,Crataegus hupehensis,,1,,,,,,,
10243,10496,10470,E.H.Wilson,316256,2538,Crataegus kansuensis,,1,,,,,,,
10243,10496,10470,Bunge,142810,2538,Crataegus pinnatifida,,1,,,,,,,
10243,10496,10470,Pall.,102550,2538,Crataegus sanguinea,,1,,,,,,,
10243,10496,10470,(Franch.) Rehder,136992,2538,Crataegus scabrifolia,,1,,,,,,,
10243,10496,10470,Pojark.,142813,2538,Crataegus shensiensis,,1,,,,,,,
10243,10496,10470,Sarg.,142816,2538,Crataegus wilsonii,,1,,,,,,,
10243,10496,10470,(Jacobs) B.S.Sun,439453,2541,Crateva formosensis,,1,,,,,,,
10243,10496,10470,G.Forst.,11513,2541,Crateva religiosa,,1,,,,,,,
10243,10496,10470,Wall. & Griff. ex C.B.Clarke,136993,11680,Crawfurdia campanulacea,,1,,,,,,,
10243,10496,10470,(Marquand) H.Sm.,320458,11680,Crawfurdia semialata,,1,,,,,,,
10243,10496,10470,(C.Marquand) H.Sm.,318553,11680,Crawfurdia sessiliflora,,1,,,,,,,
10243,10496,10470,W.W.Sm.,320459,9152,Cremanthodium angustifolium,,1,,,,,,,
10243,10496,10470,S.W.Liu,320460,9152,Cremanthodium brunneopilosum,,1,,,,,,,
10243,10496,10470,W.W.Sm.,136999,9152,Cremanthodium bupleurifolium,,1,,,,,,,
10243,10496,10470,Diels,137000,9152,Cremanthodium campanulatum,,1,,,,,,,
10243,10496,10470,Hand.-Mazz.,320461,9152,Cremanthodium cyclaminanthum,,1,,,,,,,
10243,10496,10470,Ling & S.W.Liu,320462,9152,Cremanthodium daochengense,,1,,,,,,,
10243,10496,10470,Maxim.,138660,9152,Cremanthodium discoideum,,1,,,,,,,
10243,10496,10470,(Hook.f.) Kitam.,70563,9152,Cremanthodium ellisii,,1,,,,,,,
10243,10496,10470,(Franch.) W.W.Sm.,320463,9152,Cremanthodium helianthus,,1,,,,,,,
10243,10496,10470,Maxim.,142821,9152,Cremanthodium humile,,1,,,,,,,
10243,10496,10470,Maxim.,142822,9152,Cremanthodium lineare,,1,,,,,,,
10243,10496,10470,S.W.Liu,320464,9152,Cremanthodium microphyllum,,1,,,,,,,
10243,10496,10470,(Decne.) W.W.Sm.,70564,9152,Cremanthodium nanum,,1,,,,,,,
10243,10496,10470,Diels ex H.Lév.,320465,9152,Cremanthodium nobile,,1,,,,,,,
10243,10496,10470,S.W.Liu,320466,9152,Cremanthodium petiolatum,,1,,,,,,,
10243,10496,10470,C.Winkl.,320467,9152,Cremanthodium potaninii,,1,,,,,,,
10243,10496,10470,R.D.Good,320468,9152,Cremanthodium prattii,,1,,,,,,,
10243,10496,10470,(Franch.) R.D.Good,320469,9152,Cremanthodium principis,,1,,,,,,,
10243,10496,10470,R.D.Good,320470,9152,Cremanthodium pulchrum,,1,,,,,,,
10243,10496,10470,(DC.) Benth.,138664,9152,Cremanthodium reniforme,,1,,,,,,,
10243,10496,10470,Diels,137005,9152,Cremanthodium rhodocephalum,,1,,,,,,,
10243,10496,10470,Hand.-Mazz.,320471,9152,Cremanthodium smithianum,,1,,,,,,,
10243,10496,10470,Diels,320472,9152,Cremanthodium stenactinium,,1,,,,,,,
10243,10496,10470,W.W.Sm.,320473,9152,Cremanthodium suave,,1,,,,,,,
10243,10496,10470,R.D.Good,137006,9152,Cremanthodium variifolium,,1,,,,,,,
10243,10496,10470,(D.Don) Makino,11522,2543,Cremastra appendiculata,,1,,,,,,,
10243,10496,10470,Poir.,439458,6893,Trichomanes bipunctatum,,1,,,,,,,
10243,10496,10470,(Bosch) Christ,439470,6893,Trichomanes latealatum,,1,,,,,,,
10243,10496,10470,Roxb.,397654,6893,Trichomanes campanulatum,,1,,,,,,,
10243,10496,10470,(Bosch) Christ,439470,6893,Trichomanes latealatum,,1,,,,,,,
10243,10496,10470,H.Lév.,320474,2547,Crepis bodinieri,,1,,,,,,,
10243,10496,10470,(Lam.) Babc.,102647,2547,Crepis crocea,,1,,,,,,,
10243,10496,10470,Babc.,138667,2547,Crepis elongata,,1,,,,,,,
10243,10496,10470,(Vaniot) Babc.,318554,2547,Crepis lignea,,1,,,,,,,
10243,10496,10470,(Franch.) Babc.,319198,2547,Crepis napifera,,1,,,,,,,
10243,10496,10470,Diels,320475,2547,Crepis rigescens,,1,,,,,,,
10243,10496,10470,L.,11631,2551,Crinum asiaticum,,1,,,,,,,
10243,10496,10470,L.,120447,2551,Crinum latifolium,,1,,,,,,,
10243,10496,10470,Buch.-Ham. ex Benth.,11715,2565,Crotalaria acicularis,,1,,,,,,,
10243,10496,10470,Buch.-Ham. ex D.Don,11717,2565,Crotalaria alata,,1,,,,,,,
10243,10496,10470,B.Heyne ex Roth,11718,2565,Crotalaria albida,,1,,,,,,,
10243,10496,10470,Schrank,11725,2565,Crotalaria calycina,,1,,,,,,,
10243,10496,10470,L.,11726,2565,Crotalaria chinensis,,1,,,,,,,
10243,10496,10470,Bartl.,439490,2565,Crotalaria lejoloba,,1,,,,,,,
10243,10496,10470,L.f.,11740,2565,Crotalaria linifolia,,1,,,,,,,
10243,10496,10470,H.Lév.,319199,2565,Crotalaria mairei,,1,,,,,,,
10243,10496,10470,Lam.,11745,2565,Crotalaria medicaginea,,1,,,,,,,
10243,10496,10470,Aiton,11753,2565,Crotalaria pallida,,1,,,,,,,
10243,10496,10470,L.,11765,2565,Crotalaria sessiliflora,,1,,,,,,,
10243,10496,10470,Roxb. ex Andrews,11772,2565,Crotalaria tetragona,,1,,,,,,,
10243,10496,10470,Franch.,317560,2565,Crotalaria yunnanensis,,1,,,,,,,
10243,10496,10470,Geiseler,11814,2566,Croton crassifolius,,1,,,,,,,
10243,10496,10470,W.W.Sm.,171599,2566,Croton euryphyllus,,1,,,,,,,
10243,10496,10470,L.,11905,2566,Croton tiglium,,1,,,,,,,
10243,10496,10470,W.W.Sm.,125140,2566,Croton yunnanensis,,1,,,,,,,
10243,10496,10470,"(Edgew.) Al-Shehbaz, O'Kane & R.A.Price",70669,8121,Crucihimalaya himalaica,,1,,,,,,,
10243,10496,10470,"(Hook.f. & Thomson) Al-Shehbaz, O'Kane & R.A.Price",138551,8121,Crucihimalaya lasiocarpa,,1,,,,,,,
10243,10496,10470,"(C.A.Mey.) Al-Shehbaz, O'Kane & R.A.Price",70670,8121,Crucihimalaya mollissima,,1,,,,,,,
10243,10496,10470,"(Cambess.) Al-Shehbaz, O'Kane & R.A.Price",320476,8121,Crucihimalaya stricta,,1,,,,,,,
10243,10496,10470,(Hance) Hemsl.,11964,2579,Cryptocarya chinensis,,1,,,,,,,
10243,10496,10470,Nakai,12002,2579,Cryptocarya tsangii,,1,,,,,,,
10243,10496,10470,N.Chao,319753,2579,Cryptocarya yaanica,,1,,,,,,,
10243,10496,10470,Wall. ex Hook. & Grev.,70705,2582,Cryptogramma brunoniana,,1,,,,,,,
10243,10496,10470,(S.G.Gmel.) Prantl,12011,2582,Cryptogramma stelleri,,1,,,,,,,
10243,10496,10470,(Thunb. ex L.f.) D.Don,12018,2584,Cryptomeria japonica,,1,,,,,,,
10243,10496,10470,(Thunb. ex L.f.) D.Don,12018,2584,Cryptomeria japonica,,1,,,,,,,
10243,10496,10470,Hassk.,12029,2588,Cryptotaenia japonica,,1,,,,,,,
10243,10496,10470,(Baker) Ching,12049,2590,Ctenitis eatonii,,1,,,,,,,
10243,10496,10470,(Hance) Ching,12075,2590,Ctenitis subglandulosa,,1,,,,,,,
10243,10496,10470,Ching & Chu H.Wang,318555,2590,Ctenitis pseudorhodolepis,,1,,,,,,,
10243,10496,10470,(Hance) Ching,12075,2590,Ctenitis subglandulosa,,1,,,,,,,
10243,10496,10470,(Hook.) Fraser-Jenk. & Kholia,433350,6698,Tectaria membranacea,,1,,,,,,,
10243,10496,10470,(Blume) Ching,439526,3553,Grammitis subfalcata,,1,,,,,,,
10243,10496,10470,(Lamb.) Hook.,12143,2604,Cunninghamia lanceolata,,1,,,,,,,
10243,10496,10470,S.Y.Hu,142996,2609,Cupressus chengiana,,1,,,,,,,
10243,10496,10470,Hickel,137012,2609,Cupressus duclouxiana,,1,,,,,,,
10243,10496,10470,Thunb.,439203,2609,Cupressus pendula,,1,,,,,,,
10243,10496,10470,D.Don ex Lamb.,56729,2609,Cupressus torulosa,,1,,,,,,,
10243,10496,10470,(Lour.) Kuntze,439550,2611,Curculigo capitulata,,1,,,,,,,
10243,10496,10470,Dryand. ex W.T.Aiton,439551,2611,Curculigo latifolia,,1,,,,,,,
10243,10496,10470,(Kurz) Wall. ex Hook.f.,450184,2611,Curculigo gracilis,,1,,,,,,,
10243,10496,10470,Gaertn.,12234,2611,Curculigo orchioides,,1,,,,,,,
10243,10496,10470,Salisb.,12237,2612,Curcuma aromatica,,1,,,,,,,
10243,10496,10470,N.Liu,143003,2612,Curcuma exigua,,1,,,,,,,
10243,10496,10470,Valeton,143005,2612,Curcuma phaeocaulis,,1,,,,,,,
10243,10496,10470,R.Br.,12252,2613,Cuscuta australis,,1,,,,,,,
10243,10496,10470,Lam.,12257,2613,Cuscuta chinensis,,1,,,,,,,
10243,10496,10470,L.,12262,2613,Cuscuta europaea,,1,,,,,,,
10243,10496,10470,Choisy,124325,2613,Cuscuta japonica,,1,,,,,,,
10243,10496,10470,Vahl,12271,2613,Cuscuta monogyna,,1,,,,,,,
10243,10496,10470,Roxb.,53410,2613,Cuscuta reflexa,,1,,,,,,,
10243,10496,10470,Franch.,224415,9830,Cyananthus delavayi,,1,,,,,,,
10243,10496,10470,C.Marquand,224416,9830,Cyananthus fasciculatus,,1,,,,,,,
10243,10496,10470,C.Marquand,222674,9830,Cyananthus flavus,,1,,,,,,,
10243,10496,10470,Diels,224417,9830,Cyananthus formosus,,1,,,,,,,
10243,10496,10470,C.B.Clarke,137015,9830,Cyananthus hookeri,,1,,,,,,,
10243,10496,10470,Hook.f. & Thomson,137016,9830,Cyananthus incanus,,1,,,,,,,
10243,10496,10470,Hook.f. & Thomson,121539,9830,Cyananthus inflatus,,1,,,,,,,
10243,10496,10470,W.W.Sm.,224421,9830,Cyananthus lichiangensis,,1,,,,,,,
10243,10496,10470,Franch.,224422,9830,Cyananthus longiflorus,,1,,,,,,,
10243,10496,10470,Franch.,138390,9830,Cyananthus macrocalyx,,1,,,,,,,
10243,10496,10470,(Lour.) Schult. & Schult.f.,12377,2618,Cyanotis vaga,,1,,,,,,,
10243,10496,10470,(Buch.-Ham. ex D.Don) Kuntze,83796,10033,Cyathocline purpurea,,1,,,,,,,
10243,10496,10470,Moq.,79887,2625,Cyathula capitata,,1,,,,,,,
10243,10496,10470,K.C.Kuan,137017,2625,Cyathula officinalis,,1,,,,,,,
10243,10496,10470,(Schult.) Moq.,56651,2625,Cyathula tomentosa,,1,,,,,,,
10243,10496,10470,Warb.,125432,2627,Cycas balansae,,1,,,,,,,
10243,10496,10470,(Dyer) K.D.Hill,12516,2627,Cycas bifida,,1,,,,,,,
10243,10496,10470,F.N.Wei,143047,2627,Cycas ferruginea,,1,,,,,,,
10243,10496,10470,Carruth.,12528,2627,Cycas taiwaniana,,1,,,,,,,
10243,10496,10470,L.Zhou & S.Y.Yang,452031,2627,Cycas panzhihuaensis,,1,,,,,,,
10243,10496,10470,Thunb.,12522,2627,Cycas revoluta,,1,,,,,,,
10243,10496,10470,D.Y.Wang & C.Y.Deng,143063,2627,Cycas segmentifida,,1,,,,,,,
10243,10496,10470,F.N.Wei,125434,2627,Cycas sexseminifera,,1,,,,,,,
10243,10496,10470,W.C.Cheng & L.K.Fu,143048,2627,Cycas szechuanensis,,1,,,,,,,
10243,10496,10470,Oliv.,137018,2631,Cyclea racemosa,,1,,,,,,,
10243,10496,10470,Gagnep.,137019,2631,Cyclea sutchuenensis,,1,,,,,,,
10243,10496,10470,Diels,137020,2631,Cyclea wattii,,1,,,,,,,
10243,10496,10470,Sm.,194893,5909,Quercus annulata,,1,,,,,,,
10243,10496,10470,Skan,122505,5909,Quercus augustini,,1,,,,,,,
10243,10496,10470,F.P.Metcalf,150817,5909,Quercus chungii,,1,,,,,,,
10243,10496,10470,Franch.,150823,5909,Quercus delavayi,,1,,,,,,,
10243,10496,10470,A.Camus,137023,5909,Quercus gambleana,,1,,,,,,,
10243,10496,10470,Blume,37540,5909,Quercus gilva,,1,,,,,,,
10243,10496,10470,Thunb.,37541,5909,Quercus glauca,,1,,,,,,,
10243,10496,10470,Rehder & E.H.Wilson,143079,5909,Quercus schottkyana,,1,,,,,,,
10243,10496,10470,C.C.Huang & Y.T.Chang,37523,5909,Quercus ciliaris,,1,,,,,,,
10243,10496,10470,Chun,439572,5909,Quercus hui,,1,,,,,,,
10243,10496,10470,Craib,37551,5909,Quercus kerrii,,1,,,,,,,
10243,10496,10470,Hook.f. & Thomson ex Ettingsh.,137025,5909,Quercus lobbii,,1,,,,,,,
10243,10496,10470,(Seemen ex Diels) C.C.Huang & Y.T.Chang,452643,5909,Quercus hypargyrea,,1,,,,,,,
10243,10496,10470,Hance,439574,5909,Quercus bambusifolia,,1,,,,,,,
10243,10496,10470,Miq.,125156,5909,Quercus oxyodon,,1,,,,,,,
10243,10496,10470,Blume,37579,5909,Quercus sessilifolia,,1,,,,,,,
10243,10496,10470,A.Camus,37584,5909,Quercus stewardiana,,1,,,,,,,
10243,10496,10470,(Batalin) Iljinsk.,12547,2632,Cyclocarya paliurus,,1,,,,,,,
10243,10496,10470,(Roxb.) Kurz,12548,2633,Cyclocodon lancifolius,,1,,,,,,,
10243,10496,10470,(Christ) Ching,44864,6763,Thelypteris flexilis,,1,,,,,,,
10243,10496,10470,(Christ) C.M.Kuo,400223,6763,Thelypteris leveillei,,1,,,,,,,
10243,10496,10470,(Baker) Ching,44897,6763,Thelypteris omeiensis,,1,,,,,,,
10243,10496,10470,(Franch.) Constance,320477,15163,Cyclorhiza peucedanifolia,,1,,,,,,,
10243,10496,10470,(H.Wolff) M.L.Sheh & R.H.Shan,320478,15163,Cyclorhiza waltonii,,1,,,,,,,
10243,10496,10470,(Houtt.) C.V.Morton,44837,6763,Thelypteris acuminata,,1,,,,,,,
10243,10496,10470,(D.Don) Morton,439277,6763,Thelypteris arida,,1,,,,,,,
10243,10496,10470,(Ching) C.F.Reed,460932,6763,Thelypteris calvescens,,1,,,,,,,
10243,10496,10470,(C.B.Clarke & Baker) Tagawa & K.Iwats.,460933,6763,Thelypteris evoluta,,1,,,,,,,
10243,10496,10470,(Forssk.) E.P.St.John,439278,6763,Thelypteris dentata,,1,,,,,,,
10243,10496,10470,(Christ) Panigrahi,439586,6763,Thelypteris jaculosa,,1,,,,,,,
10243,10496,10470,(Houtt.) C.V.Morton,44837,6763,Thelypteris acuminata,,1,,,,,,,
10243,10496,10470,(C.M.Zhang) Christenh.,460938,6763,Thelypteris wulingshanensis,,1,,,,,,,
10243,10496,10470,Christenh.,460934,6763,Thelypteris hemuli,,1,,,,,,,
10243,10496,10470,(Forssk.) E.P.St.John,439278,6763,Thelypteris dentata,,1,,,,,,,
10243,10496,10470,(Houtt.) C.V.Morton,44837,6763,Thelypteris acuminata,,1,,,,,,,
10243,10496,10470,(Ching) C.F.Reed,461179,6763,Thelypteris omeigensis,,1,,,,,,,
10243,10496,10470,Christenh.,461059,6763,Thelypteris helmsdeepensis,,1,,,,,,,
10243,10496,10470,(L.) Tardieu,44902,6763,Thelypteris parasitica,,1,,,,,,,
10243,10496,10470,(L.) Tardieu,44902,6763,Thelypteris parasitica,,1,,,,,,,
10243,10496,10470,(Forssk.) E.P.St.John,439278,6763,Thelypteris dentata,,1,,,,,,,
10243,10496,10470,(Ching & Z.Y.Liu) Christenh.,460937,6763,Thelypteris sinodentata,,1,,,,,,,
10243,10496,10470,(Houtt.) C.V.Morton,44837,6763,Thelypteris acuminata,,1,,,,,,,
10243,10496,10470,Wall. ex Lindl.,12663,2646,Cymbidium cyperifolium,,1,,,,,,,
10243,10496,10470,Rchb.f.,12664,2646,Cymbidium dayanum,,1,,,,,,,
10243,10496,10470,Lindl.,122065,2646,Cymbidium elegans,,1,,,,,,,
10243,10496,10470,(L.) Sw.,12666,2646,Cymbidium ensifolium,,1,,,,,,,
10243,10496,10470,Lindl.,121541,2646,Cymbidium erythraeum,,1,,,,,,,
10243,10496,10470,Rolfe,137027,2646,Cymbidium faberi,,1,,,,,,,
10243,10496,10470,Lindl.,12668,2646,Cymbidium floribundum,,1,,,,,,,
10243,10496,10470,(Rchb.f.) Rchb.f.,12669,2646,Cymbidium goeringii,,1,,,,,,,
10243,10496,10470,Rchb.f.,120459,2646,Cymbidium hookerianum,,1,,,,,,,
10243,10496,10470,D.Don,137029,2646,Cymbidium iridioides,,1,,,,,,,
10243,10496,10470,Makino,12671,2646,Cymbidium kanran,,1,,,,,,,
10243,10496,10470,Hook.,12672,2646,Cymbidium lancifolium,,1,,,,,,,
10243,10496,10470,Y.S.Wu & S.C.Chen,174097,2646,Cymbidium omeiense,,1,,,,,,,
10243,10496,10470,Schltr.,174101,2646,Cymbidium serratum,,1,,,,,,,
10243,10496,10470,(Andrews) Willd.,12676,2646,Cymbidium sinense,,1,,,,,,,
10243,10496,10470,(Nees ex Steud.) W.Watson,68806,2649,Cymbopogon distans,,1,,,,,,,
10243,10496,10470,(Steud.) A.Camus,12687,2649,Cymbopogon goeringii,,1,,,,,,,
10243,10496,10470,(Jones ex Roxb.) Schult.,439606,2649,Cymbopogon iwarancusa,,1,,,,,,,
10243,10496,10470,S.M.Phillips & S.L.Chen,225490,2649,Cymbopogon liangshanensis,,1,,,,,,,
10243,10496,10470,(K.Schum.) C.E.Hubb.,80031,2649,Cymbopogon pospischilii,,1,,,,,,,
10243,10496,10470,(J.Presl) A.Camus,12697,2649,Cymbopogon tortilis,,1,,,,,,,
10243,10496,10470,L.Liu,225501,2649,Cymbopogon tungmaiensis,,1,,,,,,,
10243,10496,10470,Franch. & Sav.,450141,7078,Vincetoxicum ascyrifolium,,1,,,,,,,
10243,10496,10470,Hand.-Mazz.,320484,2651,Cynanchum anthonyanum,,1,,,,,,,
10243,10496,10470,(Bunge) C.Morren & Decne.,439611,7078,Vincetoxicum atratum,,1,,,,,,,
10243,10496,10470,(Royle ex Wight) Kuntze,439612,7078,Vincetoxicum auriculatum,,1,,,,,,,
10243,10496,10470,P.T.Li,320485,2651,Cynanchum batangense,,1,,,,,,,
10243,10496,10470,(W.T.Wang) C.Y.Wu & D.Z.Li,461180,7078,Vincetoxicum biondioides,,1,,,,,,,
10243,10496,10470,H.Lév. & Vaniot,12710,2651,Cynanchum boudieri,,1,,,,,,,
10243,10496,10470,Decne.,309473,2651,Cynanchum bungei,,1,,,,,,,
10243,10496,10470,Buch.-Ham. ex Wight,12714,2651,Cynanchum callialatum,,1,,,,,,,
10243,10496,10470,(Willd.) Decne.,46854,7078,Vincetoxicum canescens,,1,,,,,,,
10243,10496,10470,R.Br.,309477,2651,Cynanchum chinense,,1,,,,,,,
10243,10496,10470,C.K.Schneid.,317469,2651,Cynanchum decipiens,,1,,,,,,,
10243,10496,10470,(Hemsl.) Kuntze,460743,7078,Vincetoxicum fordii,,1,,,,,,,
10243,10496,10470,(Schltr.) C.Y.Wu & D.Z.Li,451396,7078,Vincetoxicum forrestii,,1,,,,,,,
10243,10496,10470,Schltr.,316425,2651,Cynanchum giraldii,,1,,,,,,,
10243,10496,10470,(Decne.) C.Y.Wu & D.Z.Li,452035,7078,Vincetoxicum glaucescens,,1,,,,,,,
10243,10496,10470,(Tsiang & H.D.Zhang) C.Y.Wu & D.Z.Li,461181,7078,Vincetoxicum hydrophilum,,1,,,,,,,
10243,10496,10470,Maxim.,294556,7078,Vincetoxicum inamoenum,,1,,,,,,,
10243,10496,10470,(P.T.Li) P.T.Li,461182,7078,Vincetoxicum linearisepalum,,1,,,,,,,
10243,10496,10470,Y.Tsiang & P.T.Li,316583,2651,Cynanchum lysimachioides,,1,,,,,,,
10243,10496,10470,M.G.Gilbert & P.T.Li,320489,2651,Cynanchum megalanthum,,1,,,,,,,
10243,10496,10470,Maxim.,452036,7078,Vincetoxicum mongolicum,,1,,,,,,,
10243,10496,10470,S.Moore,439616,7078,Vincetoxicum chinense,,1,,,,,,,
10243,10496,10470,(Hemsl.) Tsiang & H.D.Zhang,137032,2651,Cynanchum officinale,,1,,,,,,,
10243,10496,10470,C.K.Schneid.,137033,2651,Cynanchum otophyllum,,1,,,,,,,
10243,10496,10470,Kitag.,439618,7078,Vincetoxicum mukdenense,,1,,,,,,,
10243,10496,10470,(Decne.) C.Y.Wu & D.Z.Li,439621,7078,Vincetoxicum stauntonii,,1,,,,,,,
10243,10496,10470,Tsiang & H.D.Zhang,320490,2651,Cynanchum szechuanense,,1,,,,,,,
10243,10496,10470,(L.) Decne.,102614,7078,Vincetoxicum sibiricum,,1,,,,,,,
10243,10496,10470,(Hemsl.) Kuntze,460887,7078,Vincetoxicum verticillatum,,1,,,,,,,
10243,10496,10470,Wight,137034,2651,Cynanchum wallichii,,1,,,,,,,
10243,10496,10470,(Maxim.) Hook.f.,12749,2651,Cynanchum wilfordii,,1,,,,,,,
10243,10496,10470,(L.) Pers.,12756,2653,Cynodon dactylon,,1,,,,,,,
10243,10496,10470,Stapf & J.R.Drumm.,12765,2654,Cynoglossum amabile,,1,,,,,,,
10243,10496,10470,(Sw. ex Lehm.) Thunb. ex Brand,12781,2654,Cynoglossum zeylanicum,,1,,,,,,,
10243,10496,10470,Y.L.Liu,320491,2654,Cynoglossum gansuense,,1,,,,,,,
10243,10496,10470,Forssk.,12775,2654,Cynoglossum lanceolatum,,1,,,,,,,
10243,10496,10470,(Duthie) Greuter & Stier,461183,2654,Cynoglossum trinervium,,1,,,,,,,
10243,10496,10470,(Diels) Sutorý,461184,20539,Ailuroglossum triste,,1,,,,,,,
10243,10496,10470,G.Don,56669,2654,Cynoglossum wallichii,,1,,,,,,,
10243,10496,10470,Maxim.,12830,2661,Cyperus amuricus,,1,,,,,,,
10243,10496,10470,L.,12842,2661,Cyperus compressus,,1,,,,,,,
10243,10496,10470,Kunth,12853,2661,Cyperus cuspidatus,,1,,,,,,,
10243,10496,10470,L.,12857,2661,Cyperus difformis,,1,,,,,,,
10243,10496,10470,L.,12887,2661,Cyperus fuscus,,1,,,,,,,
10243,10496,10470,L.,12891,2661,Cyperus glomeratus,,1,,,,,,,
10243,10496,10470,L.,12900,2661,Cyperus haspan,,1,,,,,,,
10243,10496,10470,L.,12908,2661,Cyperus iria,,1,,,,,,,
10243,10496,10470,Steud.,12927,2661,Cyperus microiria,,1,,,,,,,
10243,10496,10470,T.L.Dai,204557,2661,Cyperus nigrofuscus,,1,,,,,,,
10243,10496,10470,Retz.,12933,2661,Cyperus niveus,,1,,,,,,,
10243,10496,10470,Vahl,12934,2661,Cyperus nutans,,1,,,,,,,
10243,10496,10470,Franch. & Sav.,12937,2661,Cyperus orthostachyus,,1,,,,,,,
10243,10496,10470,Vahl,12948,2661,Cyperus pilosus,,1,,,,,,,
10243,10496,10470,L.,12964,2661,Cyperus rotundus,,1,,,,,,,
10243,10496,10470,T.Koyama,204626,2661,Cyperus szechuanensis,,1,,,,,,,
10243,10496,10470,Boeckeler,12984,2661,Cyperus tenuiculmis,,1,,,,,,,
10243,10496,10470,Steud.,12986,2661,Cyperus tenuispica,,1,,,,,,,
10243,10496,10470,L.,12964,2661,Cyperus rotundus,,1,,,,,,,
10243,10496,10470,W.W.Sm. & Farrer,174237,2669,Cypripedium bardolphianum,,1,,,,,,,
10243,10496,10470,Schltr.,174238,2669,Cypripedium calcicola,,1,,,,,,,
10243,10496,10470,P.J.Cribb & S.C.Chen,174246,2669,Cypripedium lentiginosum,,1,,,,,,,
10243,10496,10470,Rchb.f.,13020,2669,Cypripedium debile,,1,,,,,,,
10243,10496,10470,Franch.,174241,2669,Cypripedium fargesii,,1,,,,,,,
10243,10496,10470,W.W.Sm.,174242,2669,Cypripedium farreri,,1,,,,,,,
10243,10496,10470,Franch.,174243,2669,Cypripedium fasciolatum,,1,,,,,,,
10243,10496,10470,P.F.Hunt & Summerh.,137037,2669,Cypripedium flavum,,1,,,,,,,
10243,10496,10470,Hayata,13021,2669,Cypripedium formosanum,,1,,,,,,,
10243,10496,10470,Rolfe,174245,2669,Cypripedium franchetii,,1,,,,,,,
10243,10496,10470,Sw.,102304,2669,Cypripedium guttatum,,1,,,,,,,
10243,10496,10470,Rolfe,137038,2669,Cypripedium henryi,,1,,,,,,,
10243,10496,10470,Thunb.,143143,2669,Cypripedium japonicum,,1,,,,,,,
10243,10496,10470,Franch.,13022,2669,Cypripedium micranthum,,1,,,,,,,
10243,10496,10470,Franch.,174248,2669,Cypripedium margaritaceum,,1,,,,,,,
10243,10496,10470,Franch.,13022,2669,Cypripedium micranthum,,1,,,,,,,
10243,10496,10470,Tang & F.T.Wang,174250,2669,Cypripedium palangshanense,,1,,,,,,,
10243,10496,10470,Franch.,137040,2669,Cypripedium plectrochilum,,1,,,,,,,
10243,10496,10470,S.C.Chen,174252,2669,Cypripedium shanxiense,,1,,,,,,,
10243,10496,10470,Perner,204650,2669,Cypripedium sichuanense,,1,,,,,,,
10243,10496,10470,King ex Rolfe,137035,2669,Cypripedium tibeticum,,1,,,,,,,
10243,10496,10470,Franch.,174256,2669,Cypripedium yunnanense,,1,,,,,,,
10243,10496,10470,(L.) A.Camus,13141,2676,Cyrtococcum patens,,1,,,,,,,
10243,10496,10470,(Ching) Li Bing Zhang,433682,5712,Polystichum tenuius,,1,,,,,,,
10243,10496,10470,(Christ) Diels,439661,5712,Polystichum fraxinellum,,1,,,,,,,
10243,10496,10470,(Y.T.Hsieh) Li Bing Zhang,435305,5712,Polystichum minimum,,1,,,,,,,
10243,10496,10470,(C.Chr.) Ching,13148,2680,Cyrtomium aequibasis,,1,,,,,,,
10243,10496,10470,Christ,439664,5712,Polystichum balansae,,1,,,,,,,
10243,10496,10470,(Wall. ex Hook. & Grev.) C.Presl,13150,2680,Cyrtomium caryotideum,,1,,,,,,,
10243,10496,10470,(L.f.) C.Presl,13151,2680,Cyrtomium falcatum,,1,,,,,,,
10243,10496,10470,J.Sm.,13152,2680,Cyrtomium fortunei,,1,,,,,,,
10243,10496,10470,Christ,318567,2680,Cyrtomium grossum,,1,,,,,,,
10243,10496,10470,(C.Presl) C.Chr.,439665,5712,Polystichum hookerianum,,1,,,,,,,
10243,10496,10470,(Christ) Christ,317946,2680,Cyrtomium lonchitoides,,1,,,,,,,
10243,10496,10470,(Makino) Tagawa,13154,2680,Cyrtomium macrophyllum,,1,,,,,,,
10243,10496,10470,Ching & Shing ex H.S.Kung & P.S.Wang,318157,2680,Cyrtomium membranifolium,,1,,,,,,,
10243,10496,10470,(Zenker) Standish ex J.J.Blandy,433683,2680,Cyrtomium anomophyllum,,1,,,,,,,
10243,10496,10470,Ching & Shing,317169,2680,Cyrtomium obliquum,,1,,,,,,,
10243,10496,10470,China & Shing,319760,2680,Cyrtomium omeiense,,1,,,,,,,
10243,10496,10470,Ching & Shing,318570,2680,Cyrtomium serratum,,1,,,,,,,
10243,10496,10470,Tagawa,433684,2680,Cyrtomium taiwanianum,,1,,,,,,,
10243,10496,10470,(Makino) Tagawa,13154,2680,Cyrtomium macrophyllum,,1,,,,,,,
10243,10496,10470,(Ching ex K.H.Shing) Li Bing Zhang,435328,5712,Polystichum uniseriale,,1,,,,,,,
10243,10496,10470,Ching,318575,2680,Cyrtomium urophyllum,,1,,,,,,,
10243,10496,10470,Tagawa,315060,2680,Cyrtomium yamamotoi,,1,,,,,,,
10243,10496,10470,W.W. Sm.,320495,2687,Cystacanthus affinis,,1,,,,,,,
10243,10496,10470,(T.Anderson) J.B.Imlay,450014,5475,Phlogacanthus paniculatus,,1,,,,,,,
10243,10496,10470,W.W.Sm.,320496,2687,Cystacanthus yunnanensis,,1,,,,,,,
10243,10496,10470,(Ching) X.C.Zhang & R.Wei,461185,2688,Cystopteris chinensis,,1,,,,,,,
10243,10496,10470,(L.) Bernh.,13181,2688,Cystopteris fragilis,,1,,,,,,,
10243,10496,10470,(L.) Bernh.,13181,2688,Cystopteris fragilis,,1,,,,,,,
10243,10496,10470,(Lam.) Bernh.,13182,2688,Cystopteris montana,,1,,,,,,,
10243,10496,10470,Franch.,13183,2688,Cystopteris moupinensis,,1,,,,,,,
10243,10496,10470,(Franch.) Ching,317947,2688,Cystopteris pellucida,,1,,,,,,,
10243,10496,10470,A.Braun & Milde,13185,2688,Cystopteris sudetica,,1,,,,,,,
10243,10496,10470,(Fedde) Hand.-Mazz.,137043,11682,Dactylicapnos lichiangensis,,1,,,,,,,
10243,10496,10470,(Hook.f. & Thomson) Hutch.,137044,11682,Dactylicapnos roylei,,1,,,,,,,
10243,10496,10470,(D.Don) Hutch.,137045,11682,Dactylicapnos scandens,,1,,,,,,,
10243,10496,10470,(Hook.f. & Thomson) Hutch.,137046,11682,Dactylicapnos torulosa,,1,,,,,,,
10243,10496,10470,L.,13225,2699,Dactylis glomerata,,1,,,,,,,
10243,10496,10470,(L.) Willd.,13226,2700,Dactyloctenium aegyptium,,1,,,,,,,
10243,10496,10470,Benth.,122069,2706,Dalbergia assamica,,1,,,,,,,
10243,10496,10470,Benth.,122069,2706,Dalbergia assamica,,1,,,,,,,
10243,10496,10470,Prain,316977,2706,Dalbergia dyeriana,,1,,,,,,,
10243,10496,10470,T.S.Ralph,13354,2706,Dalbergia cultrata,,1,,,,,,,
10243,10496,10470,Benth.,13356,2706,Dalbergia hancei,,1,,,,,,,
10243,10496,10470,Hance,13358,2706,Dalbergia hupeana,,1,,,,,,,
10243,10496,10470,(Benth.) Benth.,13361,2706,Dalbergia millettii,,1,,,,,,,
10243,10496,10470,(Benth.) Benth.,13361,2706,Dalbergia millettii,,1,,,,,,,
10243,10496,10470,Graham ex Benth.,120465,2706,Dalbergia ovata,,1,,,,,,,
10243,10496,10470,T.C.Chen,13364,2706,Dalbergia odorifera,,1,,,,,,,
10243,10496,10470,(Lour.) Prain,13370,2706,Dalbergia pinnata,,1,,,,,,,
10243,10496,10470,Prain,319214,2706,Dalbergia polyadelpha,,1,,,,,,,
10243,10496,10470,Prain,318158,2706,Dalbergia stenophylla,,1,,,,,,,
10243,10496,10470,Franch.,121074,2706,Dalbergia yunnanensis,,1,,,,,,,
10243,10496,10470,(H.Lév.) H.S.Lo,13391,2710,Damnacanthus henryi,,1,,,,,,,
10243,10496,10470,C.F.Gaertn.,13392,2710,Damnacanthus indicus,,1,,,,,,,
10243,10496,10470,(H.Lév.) H.S.Lo,174494,2710,Damnacanthus labordei,,1,,,,,,,
10243,10496,10470,C.C.Huang,174495,2710,Damnacanthus officinarum,,1,,,,,,,
10243,10496,10470,Hu,174496,2710,Damnacanthus tsaii,,1,,,,,,,
10243,10496,10470,(Hook.f.) N.P.Barker & H.P.Linder,80032,9177,Tenaxia cumminsii,,1,,,,,,,
10243,10496,10470,Rehder,316978,2719,Daphne acutiloba,,1,,,,,,,
10243,10496,10470,Rehder,461186,2719,Daphne angustiloba,,1,,,,,,,
10243,10496,10470,Diels,320500,2719,Daphne aurantiaca,,1,,,,,,,
10243,10496,10470,C.Y.Chang,461060,2719,Daphne emeiensis,,1,,,,,,,
10243,10496,10470,C.Y.Chang,320501,2719,Daphne erosiloba,,1,,,,,,,
10243,10496,10470,H.Lév.,320502,2719,Daphne esquirolii,,1,,,,,,,
10243,10496,10470,H.Lév.,137062,2719,Daphne feddei,,1,,,,,,,
10243,10496,10470,E.Pritz.,153535,2719,Daphne gemmata,,1,,,,,,,
10243,10496,10470,Siebold & Zucc.,315289,2719,Daphne genkwa,,1,,,,,,,
10243,10496,10470,Nitsche,316586,2719,Daphne giraldii,,1,,,,,,,
10243,10496,10470,E.Pritz.,316587,2719,Daphne gracilis,,1,,,,,,,
10243,10496,10470,(Diels) Hamaya,320503,2719,Daphne holosericea,,1,,,,,,,
10243,10496,10470,Miq.,13419,2719,Daphne kiusiana,,1,,,,,,,
10243,10496,10470,H.J.P.Winkl.,320504,2719,Daphne limprichtii,,1,,,,,,,
10243,10496,10470,(Lecomte) Turrill,137063,2719,Daphne longilobata,,1,,,,,,,
10243,10496,10470,Rehder,316427,2719,Daphne modesta,,1,,,,,,,
10243,10496,10470,Wall. ex G.Don,56641,2719,Daphne papyracea,,1,,,,,,,
10243,10496,10470,Rehder,320505,2719,Daphne penicillata,,1,,,,,,,
10243,10496,10470,Hemsl.,451553,2719,Daphne retusa,,1,,,,,,,
10243,10496,10470,Rehder,320506,2719,Daphne rosmarinifolia,,1,,,,,,,
10243,10496,10470,Maxim.,138391,2719,Daphne tangutica,,1,,,,,,,
10243,10496,10470,Bureau & Franch.,320499,2719,Daphne tenuiflora,,1,,,,,,,
10243,10496,10470,H.F.Zhou ex C.Y.Chang,320507,2719,Daphne tripartita,,1,,,,,,,
10243,10496,10470,Hutch.,454362,2720,Daphniphyllum angustifolium,,1,,,,,,,
10243,10496,10470,Miq.,13430,2720,Daphniphyllum macropodum,,1,,,,,,,
10243,10496,10470,Hayata,13432,2720,Daphniphyllum pentandrum,,1,,,,,,,
10243,10496,10470,K.Rosenthal,13431,2720,Daphniphyllum paxianum,,1,,,,,,,
10243,10496,10470,Baill.,137049,872,Davidia involucrata,,1,,,,,,,
10243,10496,10470,(Burm.f.) Wedd.,84063,2741,Debregeasia longifolia,,1,,,,,,,
10243,10496,10470,C.J.Chen,13517,2741,Debregeasia orientalis,,1,,,,,,,
10243,10496,10470,(Griff.) Hook.f. & Thomson,122071,11683,Decaisnea insignis,,1,,,,,,,
10243,10496,10470,(Hu) Y.De Smet & Granados,460865,3876,Hydrangea obtusifolia,,1,,,,,,,
10243,10496,10470,(Lam.) Merr.,13536,2749,Deeringia amaranthoides,,1,,,,,,,
10243,10496,10470,(W.T.Wang) Mich.Möller & A.Weber,461062,5133,Oreocharis sichuanensis,,1,,,,,,,
10243,10496,10470,Nevski,316886,2762,Delphinium aemulans,,1,,,,,,,
10243,10496,10470,Maxim.,316733,2762,Delphinium albocoeruleum,,1,,,,,,,
10243,10496,10470,Hance,13579,2762,Delphinium anthriscifolium,,1,,,,,,,
10243,10496,10470,Hand.-Mazz.,320508,2762,Delphinium autumnale,,1,,,,,,,
10243,10496,10470,Finet & Gagnep.,320509,2762,Delphinium batangense,,1,,,,,,,
10243,10496,10470,W.W.Sm.,137050,2762,Delphinium beesianum,,1,,,,,,,
10243,10496,10470,Forrest ex Diels,320510,2762,Delphinium bulleyanum,,1,,,,,,,
10243,10496,10470,Jacquem. ex Cambess.,138672,2762,Delphinium caeruleum,,1,,,,,,,
10243,10496,10470,W.T.Wang,423212,2762,Delphinium sinovitifolium,,1,,,,,,,
10243,10496,10470,Maxim.,320512,2762,Delphinium campylocentrum,,1,,,,,,,
10243,10496,10470,W.T.Wang,320513,2762,Delphinium caudatolobum,,1,,,,,,,
10243,10496,10470,W.T.Wang,320514,2762,Delphinium ceratophoroides,,1,,,,,,,
10243,10496,10470,Franch.,320515,2762,Delphinium ceratophorum,,1,,,,,,,
10243,10496,10470,Finet & Gagnep.,320509,2762,Delphinium batangense,,1,,,,,,,
10243,10496,10470,Finet & Gagnep.,320517,2762,Delphinium chrysotrichum,,1,,,,,,,
10243,10496,10470,Franch.,316258,2762,Delphinium davidii,,1,,,,,,,
10243,10496,10470,Franch.,137051,2762,Delphinium delavayi,,1,,,,,,,
10243,10496,10470,W.T.Wang,320518,2762,Delphinium dolichocentroides,,1,,,,,,,
10243,10496,10470,W.T.Wang,320519,2762,Delphinium erlangshanicum,,1,,,,,,,
10243,10496,10470,Diels,320520,2762,Delphinium forrestii,,1,,,,,,,
10243,10496,10470,Diels,316589,2762,Delphinium giraldii,,1,,,,,,,
10243,10496,10470,W.T.Wang,320521,2762,Delphinium glabricaule,,1,,,,,,,
10243,10496,10470,W.T.Wang,320522,2762,Delphinium gonggaense,,1,,,,,,,
10243,10496,10470,L.,102507,2762,Delphinium grandiflorum,,1,,,,,,,
10243,10496,10470,Franch.,318160,2762,Delphinium hirticaule,,1,,,,,,,
10243,10496,10470,W.T.Wang,320523,2762,Delphinium hirtifolium,,1,,,,,,,
10243,10496,10470,W.T.Wang,317950,2762,Delphinium honanense,,1,,,,,,,
10243,10496,10470,F.H.Chen,320524,2762,Delphinium hui,,1,,,,,,,
10243,10496,10470,(W.T.Wang) W.T.Wang,320525,2762,Delphinium humilius,,1,,,,,,,
10243,10496,10470,Huth,316428,2762,Delphinium kamaonense,,1,,,,,,,
10243,10496,10470,W.T.Wang,320526,2762,Delphinium kantzeense,,1,,,,,,,
10243,10496,10470,W.T.Wang,320527,2762,Delphinium lasiantherum,,1,,,,,,,
10243,10496,10470,W.T.Wang,320528,2762,Delphinium laxicymosum,,1,,,,,,,
10243,10496,10470,Hand.-Mazz.,320508,2762,Delphinium autumnale,,1,,,,,,,
10243,10496,10470,Hand.-Mazz.,320508,2762,Delphinium autumnale,,1,,,,,,,
10243,10496,10470,Regel,315251,2762,Delphinium maackianum,,1,,,,,,,
10243,10496,10470,(W.T.Wang) W.T.Wang,320531,2762,Delphinium majus,,1,,,,,,,
10243,10496,10470,Hand.-Mazz.,320532,2762,Delphinium malacophyllum,,1,,,,,,,
10243,10496,10470,W.T.Wang,320533,2762,Delphinium maoxianense,,1,,,,,,,
10243,10496,10470,Franch.,320534,2762,Delphinium maximowiczii,,1,,,,,,,
10243,10496,10470,W.T.Wang,320535,2762,Delphinium muliense,,1,,,,,,,
10243,10496,10470,W.T.Wang,320536,2762,Delphinium nangchienense,,1,,,,,,,
10243,10496,10470,W.T.Wang,320537,2762,Delphinium ninglangshanicum,,1,,,,,,,
10243,10496,10470,Huth,316428,2762,Delphinium kamaonense,,1,,,,,,,
10243,10496,10470,W.T.Wang,318161,2762,Delphinium omeiense,,1,,,,,,,
10243,10496,10470,Franch.,318162,2762,Delphinium orthocentrum,,1,,,,,,,
10243,10496,10470,W.T.Wang,461187,2762,Delphinium oxycentrum,,1,,,,,,,
10243,10496,10470,Hemsl.,320540,2762,Delphinium pachycentrum,,1,,,,,,,
10243,10496,10470,Huth,318163,2762,Delphinium potaninii,,1,,,,,,,
10243,10496,10470,W.T.Wang,320541,2762,Delphinium pseudocaeruleum,,1,,,,,,,
10243,10496,10470,W.T.Wang,320542,2762,Delphinium pseudocampylocentrum,,1,,,,,,,
10243,10496,10470,W.T.Wang,320543,2762,Delphinium pseudohamatum,,1,,,,,,,
10243,10496,10470,W.T.Wang,320544,2762,Delphinium pseudotongolense,,1,,,,,,,
10243,10496,10470,W.T.Wang,320545,2762,Delphinium pumilum,,1,,,,,,,
10243,10496,10470,Maxim. ex Regel,320546,2762,Delphinium pylzowii,,1,,,,,,,
10243,10496,10470,W.T.Wang,320547,2762,Delphinium rangtangense,,1,,,,,,,
10243,10496,10470,W.T.Wang,320548,2762,Delphinium saxatile,,1,,,,,,,
10243,10496,10470,W.T.Wang,320549,2762,Delphinium sinoscaposum,,1,,,,,,,
10243,10496,10470,Franch.,314148,2762,Delphinium siwanense,,1,,,,,,,
10243,10496,10470,Hand.-Mazz.,320550,2762,Delphinium smithianum,,1,,,,,,,
10243,10496,10470,Franch.,320551,2762,Delphinium souliei,,1,,,,,,,
10243,10496,10470,Hand.-Mazz.,137053,2762,Delphinium spirocentrum,,1,,,,,,,
10243,10496,10470,Franch.,320552,2762,Delphinium sutchuenense,,1,,,,,,,
10243,10496,10470,Franch.,320553,2762,Delphinium taliense,,1,,,,,,,
10243,10496,10470,W.T.Wang,320554,2762,Delphinium tangkulaense,,1,,,,,,,
10243,10496,10470,Franch.,318164,2762,Delphinium tatsienense,,1,,,,,,,
10243,10496,10470,H.Lév.,137054,2762,Delphinium tenii,,1,,,,,,,
10243,10496,10470,Finet & Gagnep.,137055,2762,Delphinium thibeticum,,1,,,,,,,
10243,10496,10470,Franch.,320555,2762,Delphinium tongolense,,1,,,,,,,
10243,10496,10470,Franch.,320539,2762,Delphinium trichophorum,,1,,,,,,,
10243,10496,10470,Finet & Gagnep.,317471,2762,Delphinium trifoliolatum,,1,,,,,,,
10243,10496,10470,Hand.-Mazz.,138674,2762,Delphinium umbrosum,,1,,,,,,,
10243,10496,10470,W.T.Wang,320544,2762,Delphinium pseudotongolense,,1,,,,,,,
10243,10496,10470,F.H.Chen,320557,2762,Delphinium wrightii,,1,,,,,,,
10243,10496,10470,W.T.Wang,320558,2762,Delphinium xichangense,,1,,,,,,,
10243,10496,10470,Finet & Gagnep.,320509,2762,Delphinium batangense,,1,,,,,,,
10243,10496,10470,F.H.Chen,320560,2762,Delphinium yuanum,,1,,,,,,,
10243,10496,10470,(Franch.) Franch.,320561,2762,Delphinium yunnanense,,1,,,,,,,
10243,10496,10470,(Roxb.) C.E.C.Fisch.,60934,2766,Dendrobium aphyllum,,1,,,,,,,
10243,10496,10470,Rolfe,13627,2766,Dendrobium chryseum,,1,,,,,,,
10243,10496,10470,"Z.H.Tsi, S.C.Sun & L.G.Xu",174931,2766,Dendrobium flexicaule,,1,,,,,,,
10243,10496,10470,Rolfe,143291,2766,Dendrobium hancockii,,1,,,,,,,
10243,10496,10470,Rchb.f.,13669,2766,Dendrobium linawianum,,1,,,,,,,
10243,10496,10470,Rolfe,13674,2766,Dendrobium loddigesii,,1,,,,,,,
10243,10496,10470,Tang & F.T.Wang,175145,2766,Dendrobium lohohense,,1,,,,,,,
10243,10496,10470,Lindl.,13690,2766,Dendrobium nobile,,1,,,,,,,
10243,10496,10470,Rolfe,460821,2766,Dendrobium wilsonii,,1,,,,,,,
10243,10496,10470,(Keng & Keng f.) L.C.Chia & H.L.Fung,225554,2768,Dendrocalamus farinosus,,1,,,,,,,
10243,10496,10470,Munro,13742,2768,Dendrocalamus giganteus,,1,,,,,,,
10243,10496,10470,(Keng & Keng f.) L.C.Chia & H.L.Fung,225554,2768,Dendrocalamus farinosus,,1,,,,,,,
10243,10496,10470,(McClure) L.C.Chia & H.L.Fung,225575,2768,Dendrocalamus tsiangii,,1,,,,,,,
10243,10496,10470,(Dunn) Schindl.,13764,2773,Dendrolobium lanceolatum,,1,,,,,,,
10243,10496,10470,(Retz.) Schindl.,13766,2773,Dendrolobium triangulare,,1,,,,,,,
10243,10496,10470,Merr.,13771,2775,Dendropanax burmanicus,,1,,,,,,,
10243,10496,10470,(Harms) Merr.,439745,2775,Dendropanax dentigerus,,1,,,,,,,
10243,10496,10470,(Merr. & Chun) Chun,13778,2775,Dendropanax hainanensis,,1,,,,,,,
10243,10496,10470,(Champ. ex Benth.) Benth.,13785,2775,Dendropanax proteus,,1,,,,,,,
10243,10496,10470,(Thunb.) Makino ex H.Hara,13788,2775,Dendropanax trifidus,,1,,,,,,,
10243,10496,10470,(Wall. ex Hook.) J.Sm.,320562,2785,Dennstaedtia appendiculata,,1,,,,,,,
10243,10496,10470,(Wall. ex Hook.) J.Sm.,320562,2785,Dennstaedtia appendiculata,,1,,,,,,,
10243,10496,10470,(Sw.) Mett. ex Miq.,13894,2785,Dennstaedtia hirsuta,,1,,,,,,,
10243,10496,10470,(Sw.) Zink ex Fraser-Jenk. & Kandel,433662,2785,Dennstaedtia zeylanica,,1,,,,,,,
10243,10496,10470,(T.Moore) Christ,13903,2785,Dennstaedtia wilfordii,,1,,,,,,,
10243,10496,10470,(L.) J.R.Forst. & G.Forst.,13904,2786,Dentella repens,,1,,,,,,,
10243,10496,10470,Oliv.,13941,2790,Derris fordii,,1,,,,,,,
10243,10496,10470,(L.) P.Beauv.,13955,2791,Deschampsia cespitosa,,1,,,,,,,
10243,10496,10470,(L.) Drejer,438250,15614,Avenella flexuosa,,1,,,,,,,
10243,10496,10470,Regel,70816,2791,Deschampsia koelerioides,,1,,,,,,,
10243,10496,10470,(L.) Webb ex Prantl,13981,2792,Descurainia sophia,,1,,,,,,,
10243,10496,10470,(DC.) H.Ohashi & K.Ohashi,449726,19741,Sohmaea diffusa,,1,,,,,,,
10243,10496,10470,(DC.) H.Ohashi & K.Ohashi,439771,20020,Sunhangia elegans,,1,,,,,,,
10243,10496,10470,(L.) J.St.-Hil. ex H.Ohashi & K.Ohashi,439772,17189,Pleurolobus gangeticus,,1,,,,,,,
10243,10496,10470,(Benth.) H.Ohashi & K.Ohashi,451400,19738,Grona griffithiana,,1,,,,,,,
10243,10496,10470,(L.) H.Ohashi & K.Ohashi,425946,19738,Grona heterocarpos,,1,,,,,,,
10243,10496,10470,(Franch.) H.Ohashi & K.Ohashi,449988,19741,Sohmaea hispida,,1,,,,,,,
10243,10496,10470,(DC.) H.Ohashi & K.Ohashi,425971,19741,Sohmaea laxiflora,,1,,,,,,,
10243,10496,10470,(Zoll. & Moritzi) H.Ohashi & K.Ohashi,449790,20023,Puhuaea megaphylla,,1,,,,,,,
10243,10496,10470,(DC.) H.Ohashi & K.Ohashi,446236,19739,Ototropis multiflora,,1,,,,,,,
10243,10496,10470,(Wall.) H.Ohashi & K.Ohashi,439783,20023,Puhuaea sequax,,1,,,,,,,
10243,10496,10470,(Pamp.) H.Ohashi & K.Ohashi,461188,20020,Sunhangia stenophylla,,1,,,,,,,
10243,10496,10470,(Osbeck) H.Ohashi & K.Ohashi,439784,19738,Grona styracifolia,,1,,,,,,,
10243,10496,10470,(L.) H.Ohashi & K.Ohashi,425950,19738,Grona triflora,,1,,,,,,,
10243,10496,10470,(Willd.) H.Ohashi & K.Ohashi,439785,20024,Polhillides velutina,,1,,,,,,,
10243,10496,10470,(Franch.) H.Ohashi & K.Ohashi,451401,20020,Sunhangia yunnanensis,,1,,,,,,,
10243,10496,10470,Lour.,14050,2799,Desmos chinensis,,1,,,,,,,
10243,10496,10470,S.M.Hwang,320564,2801,Deutzia breviloba,,1,,,,,,,
10243,10496,10470,Rehder,137068,2801,Deutzia calycosa,,1,,,,,,,
10243,10496,10470,Rehder,320565,2801,Deutzia coriacea,,1,,,,,,,
10243,10496,10470,S.M.Hwang,320566,2801,Deutzia crassidentata,,1,,,,,,,
10243,10496,10470,S.M.Hwang,320567,2801,Deutzia cymuligera,,1,,,,,,,
10243,10496,10470,Hemsl.,316429,2801,Deutzia discolor,,1,,,,,,,
10243,10496,10470,(H.Lév.) Rehder,320568,2801,Deutzia esquirolii,,1,,,,,,,
10243,10496,10470,Kom.,124414,2801,Deutzia glabrata,,1,,,,,,,
10243,10496,10470,S.M.Hwang,320569,2801,Deutzia glaucophylla,,1,,,,,,,
10243,10496,10470,Franch.,122085,2801,Deutzia glomeruliflora,,1,,,,,,,
10243,10496,10470,S.M.Hwang,320570,2801,Deutzia heterophylla,,1,,,,,,,
10243,10496,10470,Rehder,316430,2801,Deutzia hypoglauca,,1,,,,,,,
10243,10496,10470,Franch.,137069,2801,Deutzia longifolia,,1,,,,,,,
10243,10496,10470,W.W.Sm.,137070,2801,Deutzia monbeigii,,1,,,,,,,
10243,10496,10470,S.M.Hwang,320571,2801,Deutzia muliensis,,1,,,,,,,
10243,10496,10470,W.T.Wang,319763,2801,Deutzia multiradiata,,1,,,,,,,
10243,10496,10470,W.T.Wang,317173,2801,Deutzia nanchuanensis,,1,,,,,,,
10243,10496,10470,Rehder,316912,2801,Deutzia ningpoensis,,1,,,,,,,
10243,10496,10470,S.M.Hwang,320572,2801,Deutzia obtusilobata,,1,,,,,,,
10243,10496,10470,Rehder,14055,2801,Deutzia pilosa,,1,,,,,,,
10243,10496,10470,(Franch. ex L.Henry) Rehder,122088,2801,Deutzia purpurascens,,1,,,,,,,
10243,10496,10470,C.K.Schneid.,320573,2801,Deutzia rehderiana,,1,,,,,,,
10243,10496,10470,Rehder,143321,2801,Deutzia rubens,,1,,,,,,,
10243,10496,10470,Rehder,316979,2801,Deutzia schneideriana,,1,,,,,,,
10243,10496,10470,Franch.,310971,2801,Deutzia setchuenensis,,1,,,,,,,
10243,10496,10470,S.M.Hwang,320574,2801,Deutzia squamosa,,1,,,,,,,
10243,10496,10470,R.Br. ex Wall.,56653,2801,Deutzia staminea,,1,,,,,,,
10243,10496,10470,Hand.-Mazz.,320575,2801,Deutzia subulata,,1,,,,,,,
10243,10496,10470,(Hook.f.) U.Shukla,225093,1909,Calamagrostis abnormis,,1,,,,,,,
10243,10496,10470,(Keng) P.C.Kuo & S.L.Lu,225118,1909,Calamagrostis conferta,,1,,,,,,,
10243,10496,10470,(Keng) Keng f.,225126,1909,Calamagrostis diffusa,,1,,,,,,,
10243,10496,10470,(Rendle) P.C.Kuo & S.L.Lu ex J.L.Yang,137071,1909,Calamagrostis effusiflora,,1,,,,,,,
10243,10496,10470,Keng f.,225138,1909,Calamagrostis flaccida,,1,,,,,,,
10243,10496,10470,Hook.f.,457495,1909,Calamagrostis tripilifera,,1,,,,,,,
10243,10496,10470,Franch. & Sav.,6584,1909,Calamagrostis hakonensis,,1,,,,,,,
10243,10496,10470,Keng ex Tzvelev,225153,1909,Calamagrostis kokonorica,,1,,,,,,,
10243,10496,10470,(Wahlenb.) Hartm.,77340,1909,Calamagrostis lapponica,,1,,,,,,,
10243,10496,10470,(Griseb.) Litv.,225161,1909,Calamagrostis macilenta,,1,,,,,,,
10243,10496,10470,Hand.-Mazz.,225200,1909,Calamagrostis stenophylla,,1,,,,,,,
10243,10496,10470,Franch.,137072,1909,Calamagrostis moupinensis,,1,,,,,,,
10243,10496,10470,(L.) P.Beauv.,438857,11899,Achnatherum calamagrostis,,1,,,,,,,
10243,10496,10470,G.Singh,225199,1909,Calamagrostis staintonii,,1,,,,,,,
10243,10496,10470,(Hook.f.) Hand.-Mazz.,138597,1909,Calamagrostis nivicola,,1,,,,,,,
10243,10496,10470,(P.C.Kuo & S.L.Lu) Paszko,311685,1909,Calamagrostis nyingchiensis,,1,,,,,,,
10243,10496,10470,(Hook.f.) U.Shukla,225093,1909,Calamagrostis abnormis,,1,,,,,,,
10243,10496,10470,G.Singh,70809,1909,Calamagrostis lahulensis,,1,,,,,,,
10243,10496,10470,(Trin.) Trin.,6596,1909,Calamagrostis purpurea,,1,,,,,,,
10243,10496,10470,(L.) Roth,6566,1909,Calamagrostis arundinacea,,1,,,,,,,
10243,10496,10470,Tzvelev,225109,1909,Calamagrostis borii,,1,,,,,,,
10243,10496,10470,Griseb.,70810,1909,Calamagrostis scabrescens,,1,,,,,,,
10243,10496,10470,J.L.Yang,225195,1909,Calamagrostis sichuanensis,,1,,,,,,,
10243,10496,10470,(Keng f.) P.C.Kuo & S.L.Lu ex J.L.Yang,225196,1909,Calamagrostis sinelatior,,1,,,,,,,
10243,10496,10470,Merr.,6581,1909,Calamagrostis filifolia,,1,,,,,,,
10243,10496,10470,(Bor) Tzvelev,138598,1909,Calamagrostis tibetica,,1,,,,,,,
10243,10496,10470,J.L.Yang,225213,1909,Calamagrostis yanyuanensis,,1,,,,,,,
10243,10496,10470,(Kunze) Li Bing Zhang,439787,2990,Dryopteris pseudocaenopteris,,1,,,,,,,
10243,10496,10470,(Kunze) Li Bing Zhang,439787,2990,Dryopteris pseudocaenopteris,,1,,,,,,,
10243,10496,10470,(L.) Redouté,14083,2806,Dianella ensifolia,,1,,,,,,,
10243,10496,10470,L.,14100,2807,Dianthus barbatus,,1,,,,,,,
10243,10496,10470,L.,14104,2807,Dianthus chinensis,,1,,,,,,,
10243,10496,10470,Miq.,14115,2807,Dianthus longicalyx,,1,,,,,,,
10243,10496,10470,L.,14127,2807,Dianthus superbus,,1,,,,,,,
10243,10496,10470,Hook.f. & Thomson,122089,2808,Diapensia himalaica,,1,,,,,,,
10243,10496,10470,Diels,122090,2808,Diapensia purpurea,,1,,,,,,,
10243,10496,10470,(Oliv.) Lidén & Fukuhara,137074,12446,Ichtyoselmis macrantha,,1,,,,,,,
10243,10496,10470,(L.) Fukuhara,124408,11818,Lamprocapnos spectabilis,,1,,,,,,,
10243,10496,10470,(Forssk.) Stapf,14159,2816,Dichanthium annulatum,,1,,,,,,,
10243,10496,10470,(Hayata) W.T.Wang & P.K.Hsiao,14179,2821,Dichocarpum arisanense,,1,,,,,,,
10243,10496,10470,(Franch.) W.T.Wang & P.K.Hsiao,317569,2821,Dichocarpum auriculatum,,1,,,,,,,
10243,10496,10470,W.T.Wang & P.K.Hsiao,320579,2821,Dichocarpum basilare,,1,,,,,,,
10243,10496,10470,D.Z.Fu,319764,2821,Dichocarpum carinatum,,1,,,,,,,
10243,10496,10470,(J.R.Drumm. & Hutch.) W.T.Wang & P.K.Hsiao,14180,2821,Dichocarpum dalzielii,,1,,,,,,,
10243,10496,10470,(Franch.) W.T.Wang & P.K.Hsiao,317473,2821,Dichocarpum fargesii,,1,,,,,,,
10243,10496,10470,(Finet & Gagnep.) W.T.Wang & P.K.Hsiao,317570,2821,Dichocarpum franchetii,,1,,,,,,,
10243,10496,10470,(Franch.) W.T.Wang & P.K.Hsiao,143350,2821,Dichocarpum sutchuenense,,1,,,,,,,
10243,10496,10470,W.T.Wang & P.K.Hsiao,320580,2821,Dichocarpum trifoliolatum,,1,,,,,,,
10243,10496,10470,Urb.,14183,2822,Dichondra micrantha,,1,,,,,,,
10243,10496,10470,Kurz,137075,12447,Dichotomanthes tristaniicarpa,,1,,,,,,,
10243,10496,10470,(Y.C.Wu) Y.De Smet & Granados,461011,3876,Hydrangea daimingshanensis,,1,,,,,,,
10243,10496,10470,(Lour.) Y.De Smet & Granados,426152,3876,Hydrangea febrifuga,,1,,,,,,,
10243,10496,10470,(L.f.) Kuntze,14199,2827,Dichrocephala integrifolia,,1,,,,,,,
10243,10496,10470,C.B.Clarke,125441,2827,Dichrocephala benthamii,,1,,,,,,,
10243,10496,10470,(Blume) DC.,14198,2827,Dichrocephala chrysanthemifolia,,1,,,,,,,
10243,10496,10470,Franch.,137077,12448,Dickinsia hydrocotyloides,,1,,,,,,,
10243,10496,10470,(L.) Juss.,14213,2830,Dicliptera chinensis,,1,,,,,,,
10243,10496,10470,W.W.Sm.,320581,2830,Dicliptera elegans,,1,,,,,,,
10243,10496,10470,(Burm.f.) Underw.,14239,2833,Dicranopteris linearis,,1,,,,,,,
10243,10496,10470,(Houtt.) Nakaike,14241,2833,Dicranopteris pedata,,1,,,,,,,
10243,10496,10470,(Maxim.) Fedde,311530,12792,Dicranostigma leptopodum,,1,,,,,,,
10243,10496,10470,K.-F.Günther,461189,12792,Dicranostigma erectum,,1,,,,,,,
10243,10496,10470,Turcz.,450137,8169,Dictamnus dasycarpus,,1,,,,,,,
10243,10496,10470,(T.Moore) C.F.Reed,44876,6763,Thelypteris griffithii,,1,,,,,,,
10243,10496,10470,(W.W.Sm.) W.T.Wang,319223,11623,Didymocarpus glandulosus,,1,,,,,,,
10243,10496,10470,(W.T.Wang) W.T.Wang,320583,11623,Didymocarpus grandidentatus,,1,,,,,,,
10243,10496,10470,Z.P.Soong & W.T.Wang,320584,11623,Didymocarpus leiboensis,,1,,,,,,,
10243,10496,10470,C.B.Clarke,318580,11623,Didymocarpus stenanthos,,1,,,,,,,
10243,10496,10470,(Franch.) W.W.Sm.,137078,11623,Didymocarpus yunnanensis,,1,,,,,,,
10243,10496,10470,Thunb.,48264,7117,Weigela japonica,,1,,,,,,,
10243,10496,10470,(Nees) T.Anderson,139061,6588,Strobilanthes divaricata,,1,,,,,,,
10243,10496,10470,(Roem. & Schult.) Veldkamp,14296,2853,Digitaria abludens,,1,,,,,,,
10243,10496,10470,(Retz.) Koeler,14304,2853,Digitaria ciliaris,,1,,,,,,,
10243,10496,10470,(Nees ex Steud.) E.G.Camus & A.Camus,80033,2853,Digitaria cruciata,,1,,,,,,,
10243,10496,10470,Stapf,14345,2853,Digitaria setifolia,,1,,,,,,,
10243,10496,10470,L.Liu,14318,2853,Digitaria hengduanensis,,1,,,,,,,
10243,10496,10470,(Schreb.) Muhl.,14324,2853,Digitaria ischaemum,,1,,,,,,,
10243,10496,10470,(L.) Scop.,14343,2853,Digitaria sanguinalis,,1,,,,,,,
10243,10496,10470,Roth,14346,2853,Digitaria setigera,,1,,,,,,,
10243,10496,10470,Roth,68807,2853,Digitaria stricta,,1,,,,,,,
10243,10496,10470,(A.Rich.) Stapf,14350,2853,Digitaria ternata,,1,,,,,,,
10243,10496,10470,Link,14353,2853,Digitaria violascens,,1,,,,,,,
10243,10496,10470,Trin.,14380,2858,Dimeria ornithopoda,,1,,,,,,,
10243,10496,10470,(Blume) Leenh.,124934,2859,Dimocarpus fumatus,,1,,,,,,,
10243,10496,10470,Lour.,14382,2859,Dimocarpus longan,,1,,,,,,,
10243,10496,10470,(W.W.Sm.) Staples,320585,11661,Dinetus decorus,,1,,,,,,,
10243,10496,10470,(C.K.Schneid.) Staples,320586,11661,Dinetus dinetoides,,1,,,,,,,
10243,10496,10470,(Gagnep. & Courchet) Staples,318167,11661,Dinetus duclouxii,,1,,,,,,,
10243,10496,10470,(Roxb.) Sweet,122094,11661,Dinetus racemosus,,1,,,,,,,
10243,10496,10470,R.Knuth,137082,2867,Dioscorea althaeoides,,1,,,,,,,
10243,10496,10470,L.,14410,2867,Dioscorea bulbifera,,1,,,,,,,
10243,10496,10470,Lour.,14412,2867,Dioscorea cirrhosa,,1,,,,,,,
10243,10496,10470,Hook.f.,14413,2867,Dioscorea collettii,,1,,,,,,,
10243,10496,10470,Franch.,143448,2867,Dioscorea delavayi,,1,,,,,,,
10243,10496,10470,Wall. ex Griseb.,56553,2867,Dioscorea deltoidea,,1,,,,,,,
10243,10496,10470,Roxb.,14422,2867,Dioscorea glabra,,1,,,,,,,
10243,10496,10470,Miq.,143455,2867,Dioscorea gracillima,,1,,,,,,,
10243,10496,10470,Prain & Burkill,120523,2867,Dioscorea hemsleyi,,1,,,,,,,
10243,10496,10470,Thunb.,14424,2867,Dioscorea japonica,,1,,,,,,,
10243,10496,10470,Kunth,102686,2867,Dioscorea kamoonensis,,1,,,,,,,
10243,10496,10470,Prain & Burkill,204887,2867,Dioscorea martini,,1,,,,,,,
10243,10496,10470,Prain & Burkill,56554,2867,Dioscorea melanophyma,,1,,,,,,,
10243,10496,10470,Makino,14429,2867,Dioscorea nipponica,,1,,,,,,,
10243,10496,10470,Prain & Burkill,143474,2867,Dioscorea nitens,,1,,,,,,,
10243,10496,10470,Prain & Burkill,137085,2867,Dioscorea panthaica,,1,,,,,,,
10243,10496,10470,L.,14432,2867,Dioscorea pentaphylla,,1,,,,,,,
10243,10496,10470,Hook.f.,120522,2867,Dioscorea hamiltonii,,1,,,,,,,
10243,10496,10470,Turcz.,14437,2867,Dioscorea polystachya,,1,,,,,,,
10243,10496,10470,"C.T.Ting, M.G.Gilbert & Turland",143477,2867,Dioscorea sinoparviflora,,1,,,,,,,
10243,10496,10470,Prain & Burkill,14446,2867,Dioscorea subcalva,,1,,,,,,,
10243,10496,10470,Franch. & Sav.,14448,2867,Dioscorea tenuipes,,1,,,,,,,
10243,10496,10470,Makino ex Miyabe,14449,2867,Dioscorea tokoro,,1,,,,,,,
10243,10496,10470,Prain & Burkill,14454,2867,Dioscorea yunnanensis,,1,,,,,,,
10243,10496,10470,C.H.Wright,143481,2867,Dioscorea zingiberensis,,1,,,,,,,
10243,10496,10470,C.Y.Wu,14456,2868,Diospyros anisocalyx,,1,,,,,,,
10243,10496,10470,Steward,143497,2868,Diospyros cathayensis,,1,,,,,,,
10243,10496,10470,W.W.Sm.,143537,2868,Diospyros dumetorum,,1,,,,,,,
10243,10496,10470,Champ. ex Benth.,14477,2868,Diospyros eriantha,,1,,,,,,,
10243,10496,10470,L.f.,14497,2868,Diospyros kaki,,1,,,,,,,
10243,10496,10470,L.,14504,2868,Diospyros lotus,,1,,,,,,,
10243,10496,10470,Hemsl.,143556,2868,Diospyros rhombifolia,,1,,,,,,,
10243,10496,10470,Y.C.Yang,223329,2868,Diospyros sutchuensis,,1,,,,,,,
10243,10496,10470,Rehder & E.H.Wilson,14558,2868,Diospyros yunnanensis,,1,,,,,,,
10243,10496,10470,Batalin,320587,12449,Dipelta elegans,,1,,,,,,,
10243,10496,10470,Maxim.,143580,12449,Dipelta floribunda,,1,,,,,,,
10243,10496,10470,Franch.,137086,12449,Dipelta yunnanensis,,1,,,,,,,
10243,10496,10470,L.,27020,4425,Lycopodium alpinum,,1,,,,,,,
10243,10496,10470,L.,27026,4425,Lycopodium complanatum,,1,,,,,,,
10243,10496,10470,Christ,147666,4425,Lycopodium veitchii,,1,,,,,,,
10243,10496,10470,Tang & F.T.Wang,137088,5599,Platanthera uniformis,,1,,,,,,,
10243,10496,10470,(C.B.Clarke) R.M.Bateman,137089,5599,Platanthera urceolata,,1,,,,,,,
10243,10496,10470,(H.L.Li) Christenh. & Byng,460866,11968,Podophyllum sinense,,1,,,,,,,
10243,10496,10470,Craven,461190,5987,Rhododendron sophistarum,,1,,,,,,,
10243,10496,10470,(Christ) C.Chr.,14579,2877,Diplaziopsis cavaleriana,,1,,,,,,,
10243,10496,10470,Ching,14654,2878,Diplazium pin-faense,,1,,,,,,,
10243,10496,10470,(Thunb.) Fraser-Jenk.,353934,2788,Deparia lancea,,1,,,,,,,
10243,10496,10470,(Hand.-Mazz.) Y.S.Chen & Qian Yuan,451515,6180,Saussurea picridifolia,,1,,,,,,,
10243,10496,10470,(Oliv.) Diels,317178,2882,Diploclisia affinis,,1,,,,,,,
10243,10496,10470,D.Don,122993,11738,Diplomeris pulchella,,1,,,,,,,
10243,10496,10470,(C.Chr.) Nakai,14708,2889,Diplopterygium blotianum,,1,,,,,,,
10243,10496,10470,(Rosenst.) De Vol,14712,2889,Diplopterygium chinensis,,1,,,,,,,
10243,10496,10470,(Wall. ex Hook.) Nakai,318834,2889,Diplopterygium giganteum,,1,,,,,,,
10243,10496,10470,(Thunb. ex Houtt.) Nakai,14713,2889,Diplopterygium glaucum,,1,,,,,,,
10243,10496,10470,(Christ) Nakai,14714,2889,Diplopterygium laevissimum,,1,,,,,,,
10243,10496,10470,(Wall. ex Hook.) Nakai,318834,2889,Diplopterygium giganteum,,1,,,,,,,
10243,10496,10470,(Lindl.) Masam.,14719,2890,Diplospora dubia,,1,,,,,,,
10243,10496,10470,Hemsl.,173649,2890,Diplospora fruticosa,,1,,,,,,,
10243,10496,10470,Franch.,320591,15166,Dipoma iberideum,,1,,,,,,,
10243,10496,10470,Wall. ex DC.,121567,2894,Dipsacus asper,,1,,,,,,,
10243,10496,10470,Batalin,317739,2894,Dipsacus chinensis,,1,,,,,,,
10243,10496,10470,Wall.,79920,2894,Dipsacus inermis,,1,,,,,,,
10243,10496,10470,Miq.,143607,2894,Dipsacus japonicus,,1,,,,,,,
10243,10496,10470,Christ,124726,2896,Dipteris chinensis,,1,,,,,,,
10243,10496,10470,A.Henry,143637,12809,Dipteronia dyeriana,,1,,,,,,,
10243,10496,10470,Oliv.,143638,12809,Dipteronia sinensis,,1,,,,,,,
10243,10496,10470,(Franch.) Pax & K.Hoffm.,143656,12811,Discocleidion rufescens,,1,,,,,,,
10243,10496,10470,(Müll.Arg.) Pax & K.Hoffm.,439872,12811,Discocleidion ulmifolium,,1,,,,,,,
10243,10496,10470,(Hua) Engl. ex Diels,137090,2915,Disporopsis aspersa,,1,,,,,,,
10243,10496,10470,Hance,14819,2915,Disporopsis fuscopicta,,1,,,,,,,
10243,10496,10470,Z.Y.Liu,215617,2915,Disporopsis jinfushanensis,,1,,,,,,,
10243,10496,10470,(Hua) Diels,14820,2915,Disporopsis pernyi,,1,,,,,,,
10243,10496,10470,(H.Lév. & Vaniot) F.T.Wang & Tang,137091,2916,Disporum bodinieri,,1,,,,,,,
10243,10496,10470,D.Don,122106,2916,Disporum calcaratum,,1,,,,,,,
10243,10496,10470,(Lour.) Merr.,14821,2916,Disporum cantoniense,,1,,,,,,,
10243,10496,10470,(H.Lév. & Vaniot) H.Hara,215621,2916,Disporum longistylum,,1,,,,,,,
10243,10496,10470,F.T.Wang & Tang,215623,2916,Disporum megalanthum,,1,,,,,,,
10243,10496,10470,D.Don ex Schult. & Schult.f.,14824,2916,Disporum sessile,,1,,,,,,,
10243,10496,10470,Baker,124349,2916,Disporum uniflorum,,1,,,,,,,
10243,10496,10470,(Hemsl.) Endress,319228,2925,Distyliopsis laurifolia,,1,,,,,,,
10243,10496,10470,(Franch. ex Hemsl.) Diels,317573,2926,Distylium chinense,,1,,,,,,,
10243,10496,10470,H.T.Chang,461013,2926,Distylium cuspidatum,,1,,,,,,,
10243,10496,10470,H.Lév.,318168,2926,Distylium dunnianum,,1,,,,,,,
10243,10496,10470,Hemsl.,14844,2926,Distylium myricoides,,1,,,,,,,
10243,10496,10470,Siebold & Zucc.,14845,2926,Distylium racemosum,,1,,,,,,,
10243,10496,10470,F.T.Wang & K.Y.Lang,215627,12815,Diuranthera inarticulata,,1,,,,,,,
10243,10496,10470,Hemsl.,143669,12815,Diuranthera major,,1,,,,,,,
10243,10496,10470,(C.H.Wright) Hemsl.,215628,12815,Diuranthera minor,,1,,,,,,,
10243,10496,10470,(Baill.) Baill.,320592,11653,Dobinea delavayi,,1,,,,,,,
10243,10496,10470,(Franch.) C.K.Schneid.,137092,11687,Docynia delavayi,,1,,,,,,,
10243,10496,10470,(Colebr. ex Wall.) Decne.,122107,11687,Docynia indica,,1,,,,,,,
10243,10496,10470,Nees,121569,11654,Dodecadenia grandiflora,,1,,,,,,,
10243,10496,10470,Jacq.,14886,2933,Dodonaea viscosa,,1,,,,,,,
10243,10496,10470,(H.Lév.) Ling,460745,2934,Doellingeria marchandii,,1,,,,,,,
10243,10496,10470,Thunb.,4050,1522,Aster scaber,,1,,,,,,,
10243,10496,10470,(Baker) Craib,80003,2940,Dolichos tenuicaulis,,1,,,,,,,
10243,10496,10470,(Franch.) C.Shih,320593,9153,Dolomiaea berardioidea,,1,,,,,,,
10243,10496,10470,(Diels) C.Shih,320595,9153,Dolomiaea forrestii,,1,,,,,,,
10243,10496,10470,(Franch.) C.Shih,122263,9153,Dolomiaea edulis,,1,,,,,,,
10243,10496,10470,(Diels) C.Shih,320595,9153,Dolomiaea forrestii,,1,,,,,,,
10243,10496,10470,(Hand.-Mazz.) C.Shih,320596,9153,Dolomiaea platylepis,,1,,,,,,,
10243,10496,10470,(Franch.) C.Shih,320597,9153,Dolomiaea souliei,,1,,,,,,,
10243,10496,10470,(Bunge) C.A.Mey. ex Ledeb.,294495,9168,Dontostemon dentatus,,1,,,,,,,
10243,10496,10470,(Kar. & Kir.) O.E.Schulz,70676,9168,Dontostemon glandulosus,,1,,,,,,,
10243,10496,10470,(Willd.) Al-Shehbaz & H.Ohba,102525,9168,Dontostemon pinnatifidus,,1,,,,,,,
10243,10496,10470,(Maxim.) D.A.German,461191,20540,Shehbazia tibetica,,1,,,,,,,
10243,10496,10470,(Diels) Q.Yuan,451402,2950,Doronicum calotum,,1,,,,,,,
10243,10496,10470,Maxim.,143699,2950,Doronicum stenoglossum,,1,,,,,,,
10243,10496,10470,(C.A.Mey.) Bunge,70678,2959,Draba altaica,,1,,,,,,,
10243,10496,10470,Franch.,320600,2959,Draba amplexicaulis,,1,,,,,,,
10243,10496,10470,O.E.Schulz,320601,2959,Draba calcicola,,1,,,,,,,
10243,10496,10470,Hook.f. & Thomson,138685,2959,Draba elata,,1,,,,,,,
10243,10496,10470,Hook.f. & Thomson,70680,2959,Draba ellipsoidea,,1,,,,,,,
10243,10496,10470,Turcz. ex Ledeb.,138686,2959,Draba eriopoda,,1,,,,,,,
10243,10496,10470,Royle,70681,2959,Draba glomerata,,1,,,,,,,
10243,10496,10470,(W.W.Sm.) W.W.Sm.,137097,2959,Draba involucrata,,1,,,,,,,
10243,10496,10470,Pohle,316259,2959,Draba ladyginii,,1,,,,,,,
10243,10496,10470,Royle,70683,2959,Draba lanceolata,,1,,,,,,,
10243,10496,10470,Royle,70684,2959,Draba lasiophylla,,1,,,,,,,
10243,10496,10470,W.W.Sm.,320602,2959,Draba lichiangensis,,1,,,,,,,
10243,10496,10470,O.E.Schulz,320603,2959,Draba matangensis,,1,,,,,,,
10243,10496,10470,Turcz.,316062,2959,Draba mongolica,,1,,,,,,,
10243,10496,10470,L.,15007,2959,Draba nemorosa,,1,,,,,,,
10243,10496,10470,Schrenk,70685,2959,Draba oreades,,1,,,,,,,
10243,10496,10470,W.W.Sm.,320604,2959,Draba oreodoxa,,1,,,,,,,
10243,10496,10470,(Regel & Tiling) O.E.Schulz,294839,2959,Draba parviflora,,1,,,,,,,
10243,10496,10470,O.E.Schulz,138689,2959,Draba polyphylla,,1,,,,,,,
10243,10496,10470,O.E.Schulz,320605,2959,Draba remotiflora,,1,,,,,,,
10243,10496,10470,O.E.Schulz,137099,2959,Draba senilis,,1,,,,,,,
10243,10496,10470,Hook.f. & Thomson,70688,2959,Draba stenocarpa,,1,,,,,,,
10243,10496,10470,C.A.Mey.,295189,2959,Draba subamplexicaulis,,1,,,,,,,
10243,10496,10470,Franch.,320606,2959,Draba surculosa,,1,,,,,,,
10243,10496,10470,Franch.,320607,2959,Draba yunnanensis,,1,,,,,,,
10243,10496,10470,Fisch. ex Rchb.,15054,2961,Dracocephalum argunense,,1,,,,,,,
10243,10496,10470,Hand.-Mazz.,173834,2961,Dracocephalum calophyllum,,1,,,,,,,
10243,10496,10470,L.,102622,2961,Dracocephalum grandiflorum,,1,,,,,,,
10243,10496,10470,Benth.,70893,2961,Dracocephalum heterophyllum,,1,,,,,,,
10243,10496,10470,Bunge,173845,2961,Dracocephalum imberbe,,1,,,,,,,
10243,10496,10470,Forrest ex W.W.Sm.,173847,2961,Dracocephalum isabellae,,1,,,,,,,
10243,10496,10470,C.Y.Wu & W.T.Wang,173856,2961,Dracocephalum microflorum,,1,,,,,,,
10243,10496,10470,L.,70894,2961,Dracocephalum nutans,,1,,,,,,,
10243,10496,10470,W.W.Sm.,173868,2961,Dracocephalum propinquum,,1,,,,,,,
10243,10496,10470,W.W.Sm.,173870,2961,Dracocephalum purdomii,,1,,,,,,,
10243,10496,10470,Hance,173873,2961,Dracocephalum rupestre,,1,,,,,,,
10243,10496,10470,Kar. & Kir.,70895,2961,Dracocephalum stamineum,,1,,,,,,,
10243,10496,10470,Maxim.,138691,2961,Dracocephalum tanguticum,,1,,,,,,,
10243,10496,10470,Y.Z.Sun ex C.Y.Wu,173881,2961,Dracocephalum truncatum,,1,,,,,,,
10243,10496,10470,C.Y.Wu & W.T.Wang,173882,2961,Dracocephalum velutinum,,1,,,,,,,
10243,10496,10470,Sealy,139108,2961,Dracocephalum wallichii,,1,,,,,,,
10243,10496,10470,Hemsl.,317953,2968,Dregea sinensis,,1,,,,,,,
10243,10496,10470,(L.f.) Stapf,439911,20029,Wattakaka volubilis,,1,,,,,,,
10243,10496,10470,(Tsiang) Y.Tsiang & P.T.Li,317741,2968,Dregea yunnanensis,,1,,,,,,,
10243,10496,10470,(T.P.Yi) D.Z.Li,225800,11655,Drepanostachyum fractiflexum,,1,,,,,,,
10243,10496,10470,(T.P.Yi) D.Z.Li,225802,11655,Drepanostachyum membranaceum,,1,,,,,,,
10243,10496,10470,Thunb.,15141,2975,Drosera peltata,,1,,,,,,,
10243,10496,10470,L.,15151,2977,Dryas octopetala,,1,,,,,,,
10243,10496,10470,(Makino) Fraser-Jenk. & Subh.Chandra,231364,4242,Lepisorus miyoshianus,,1,,,,,,,
10243,10496,10470,Christ,231247,2985,Drynaria delavayi,,1,,,,,,,
10243,10496,10470,(Wall. ex Mett.) J.Sm. ex Bedd.,231251,2985,Drynaria propinqua,,1,,,,,,,
10243,10496,10470,Nakaike,15182,2985,Drynaria roosii,,1,,,,,,,
10243,10496,10470,Diels,458017,2985,Drynaria baronii,,1,,,,,,,
10243,10496,10470,(Willd.) M.Kato,13908,2788,Deparia boryana,,1,,,,,,,
10243,10496,10470,(Ching) X.S.Guo & C.Du,435316,2788,Deparia chinensis,,1,,,,,,,
10243,10496,10470,(Baker) M.Kato,294511,2788,Deparia henryi,,1,,,,,,,
10243,10496,10470,(Makino) M.Kato,13923,2788,Deparia okuboana,,1,,,,,,,
10243,10496,10470,(Ching ex Y.T.Hsieh) Z.R.Wang,435217,2788,Deparia setigera,,1,,,,,,,
10243,10496,10470,Ching ex Y.T.Hsieh,317742,15093,Dryoathyrium stenopteron,,1,,,,,,,
10243,10496,10470,(Baker) M.Kato,13931,2788,Deparia unifurcata,,1,,,,,,,
10243,10496,10470,(Makino) M.Kato,13932,2788,Deparia viridifrons,,1,,,,,,,
10243,10496,10470,(Baker) Kuntze,460940,2990,Dryopteris clarkei,,1,,,,,,,
10243,10496,10470,(Baker) Li Bing Zhang,460942,2990,Dryopteris nidus,,1,,,,,,,
10243,10496,10470,(Baker) Li Bing Zhang,460942,2990,Dryopteris nidus,,1,,,,,,,
10243,10496,10470,C.Chr.,460941,2990,Dryopteris heterolaena,,1,,,,,,,
10243,10496,10470,Hayata,460697,2990,Dryopteris kawakamii,,1,,,,,,,
10243,10496,10470,(Miq.) C.Chr.,439504,2990,Dryopteris maximowicziana,,1,,,,,,,
10243,10496,10470,(Baker) Li Bing Zhang,460942,2990,Dryopteris nidus,,1,,,,,,,
10243,10496,10470,(Baker) Li Bing Zhang,460942,2990,Dryopteris nidus,,1,,,,,,,
10243,10496,10470,Ching,316887,2990,Dryopteris acutodentata,,1,,,,,,,
10243,10496,10470,Tagawa,320611,2990,Dryopteris alpestris,,1,,,,,,,
10243,10496,10470,(Christ) C.Chr.,80102,2990,Dryopteris chrysocoma,,1,,,,,,,
10243,10496,10470,(Wall. ex Kunze) Ching,15206,2990,Dryopteris atrata,,1,,,,,,,
10243,10496,10470,(Hook.) Kuntze,80099,2990,Dryopteris barbigera,,1,,,,,,,
10243,10496,10470,(Baker) C.Chr.,439919,2990,Dryopteris bissetiana,,1,,,,,,,
10243,10496,10470,(C.Hope) C.Chr.,70740,2990,Dryopteris blanfordii,,1,,,,,,,
10243,10496,10470,(Christ) C.Chr.,318587,2990,Dryopteris bodinieri,,1,,,,,,,
10243,10496,10470,Fraser-Jenk.,56739,2990,Dryopteris caroli-hopei,,1,,,,,,,
10243,10496,10470,(Benth.) C.Chr.,15214,2990,Dryopteris championii,,1,,,,,,,
10243,10496,10470,(Baker) Koidz.,15215,2990,Dryopteris chinensis,,1,,,,,,,
10243,10496,10470,(Christ) C.Chr.,80102,2990,Dryopteris chrysocoma,,1,,,,,,,
10243,10496,10470,(D.Don) C.Chr.,80101,2990,Dryopteris cochleata,,1,,,,,,,
10243,10496,10470,Nakai,15222,2990,Dryopteris crassirhizoma,,1,,,,,,,
10243,10496,10470,(Franch. & Sav.) C.Chr.,15226,2990,Dryopteris cycadina,,1,,,,,,,
10243,10496,10470,(Hook.) Kuntze,15228,2990,Dryopteris decipiens,,1,,,,,,,
10243,10496,10470,(Franch. & Sav.) C.Chr.,15229,2990,Dryopteris dickinsii,,1,,,,,,,
10243,10496,10470,(D.C.Eaton) Kuntze,15234,2990,Dryopteris erythrosora,,1,,,,,,,
10243,10496,10470,(Christ) C.Chr.,443941,2990,Dryopteris xanthomelas,,1,,,,,,,
10243,10496,10470,(Christ) C.Chr.,317183,2990,Dryopteris fructuosa,,1,,,,,,,
10243,10496,10470,C.Chr.,15243,2990,Dryopteris fuscipes,,1,,,,,,,
10243,10496,10470,(Kunze) Koidz.,15247,2990,Dryopteris goeringiana,,1,,,,,,,
10243,10496,10470,(Makino) C.Chr.,15251,2990,Dryopteris gymnosora,,1,,,,,,,
10243,10496,10470,Ching,317184,2990,Dryopteris habaensis,,1,,,,,,,
10243,10496,10470,C.Chr.,15252,2990,Dryopteris handeliana,,1,,,,,,,
10243,10496,10470,Fraser-Jenk.,320614,2990,Dryopteris himachalensis,,1,,,,,,,
10243,10496,10470,(Blume) Kuntze,15255,2990,Dryopteris hirtipes,,1,,,,,,,
10243,10496,10470,Ching,316591,2990,Dryopteris immixta,,1,,,,,,,
10243,10496,10470,Ching & S.K.Wu,461192,2990,Dryopteris zayuensis,,1,,,,,,,
10243,10496,10470,Makino & Yamam.,15258,2990,Dryopteris indusiata,,1,,,,,,,
10243,10496,10470,Christ,80103,2990,Dryopteris juxtaposita,,1,,,,,,,
10243,10496,10470,Kossinsky,70741,2990,Dryopteris komarovii,,1,,,,,,,
10243,10496,10470,(Christ) C.Chr.,15264,2990,Dryopteris labordei,,1,,,,,,,
10243,10496,10470,(Thunb.) Kuntze,15265,2990,Dryopteris lacera,,1,,,,,,,
10243,10496,10470,Christ,460889,2990,Dryopteris basisora,,1,,,,,,,
10243,10496,10470,Hayata,15266,2990,Dryopteris lepidopoda,,1,,,,,,,
10243,10496,10470,Hayata,15266,2990,Dryopteris lepidopoda,,1,,,,,,,
10243,10496,10470,(Christ) C.Chr.,15267,2990,Dryopteris lunanensis,,1,,,,,,,
10243,10496,10470,(C.B.Clarke) Christ,317574,2990,Dryopteris marginata,,1,,,,,,,
10243,10496,10470,(Sa.Kurata) Sa.Kurata,15277,2990,Dryopteris namegatae,,1,,,,,,,
10243,10496,10470,(Spreng.) Hyl.,15331,2990,Dryopteris wallichiana,,1,,,,,,,
10243,10496,10470,Ching,316591,2990,Dryopteris immixta,,1,,,,,,,
10243,10496,10470,(C.B.Clarke) C.Chr.,318589,2990,Dryopteris panda,,1,,,,,,,
10243,10496,10470,Kitag.,316592,2990,Dryopteris peninsulae,,1,,,,,,,
10243,10496,10470,Ching,318590,2990,Dryopteris porosa,,1,,,,,,,
10243,10496,10470,Ching,317474,2990,Dryopteris pseudosparsa,,1,,,,,,,
10243,10496,10470,(Christ) C.Chr.,317183,2990,Dryopteris fructuosa,,1,,,,,,,
10243,10496,10470,(Christ) C.Chr.,443941,2990,Dryopteris xanthomelas,,1,,,,,,,
10243,10496,10470,(Christ) C.Chr.,15291,2990,Dryopteris pycnopteroides,,1,,,,,,,
10243,10496,10470,Soumen K.Basu & Panigrahi,80100,2990,Dryopteris redactopinnata,,1,,,,,,,
10243,10496,10470,Hayata,15293,2990,Dryopteris reflexosquamata,,1,,,,,,,
10243,10496,10470,(Diels) C.Chr.,56741,2990,Dryopteris rosthornii,,1,,,,,,,
10243,10496,10470,H.Itô,15298,2990,Dryopteris saxifraga,,1,,,,,,,
10243,10496,10470,(Bedd.) Ching,15299,2990,Dryopteris scottii,,1,,,,,,,
10243,10496,10470,C.Chr.,316594,2990,Dryopteris sericea,,1,,,,,,,
10243,10496,10470,(Bedd.) Hayata,318171,2990,Dryopteris serratodentata,,1,,,,,,,
10243,10496,10470,(Christ) C.Chr.,443941,2990,Dryopteris xanthomelas,,1,,,,,,,
10243,10496,10470,(D.Don) Kuntze,15307,2990,Dryopteris sparsa,,1,,,,,,,
10243,10496,10470,Ching & S.K.Wu,461192,2990,Dryopteris zayuensis,,1,,,,,,,
10243,10496,10470,(Baker) C.Chr.,318592,2990,Dryopteris stenolepis,,1,,,,,,,
10243,10496,10470,Christ,317745,2990,Dryopteris sublacera,,1,,,,,,,
10243,10496,10470,Rosenst.,317186,2990,Dryopteris submarginata,,1,,,,,,,
10243,10496,10470,(C.Hope) C.Chr.,15315,2990,Dryopteris subtriangularis,,1,,,,,,,
10243,10496,10470,C.G.Matthew & Christ,15317,2990,Dryopteris tenuicula,,1,,,,,,,
10243,10496,10470,(Franch. & Sav.) C.Chr.,15229,2990,Dryopteris dickinsii,,1,,,,,,,
10243,10496,10470,(Makino) C.Chr.,15320,2990,Dryopteris tokyoensis,,1,,,,,,,
10243,10496,10470,(Makino) Makino,15327,2990,Dryopteris uniformis,,1,,,,,,,
10243,10496,10470,(L.) Kuntze,15328,2990,Dryopteris varia,,1,,,,,,,
10243,10496,10470,(Spreng.) Hyl.,15331,2990,Dryopteris wallichiana,,1,,,,,,,
10243,10496,10470,Hayata,316821,2990,Dryopteris woodsiisora,,1,,,,,,,
10243,10496,10470,Seriz.,318594,2990,Dryopteris yoroii,,1,,,,,,,
10243,10496,10470,Stebbins,137101,11868,Dubyaea atropurpurea,,1,,,,,,,
10243,10496,10470,DC.,125442,11868,Dubyaea hispida,,1,,,,,,,
10243,10496,10470,C.Shih,320619,11868,Dubyaea emeiensis,,1,,,,,,,
10243,10496,10470,"(Stebbins) Ying Liu, Y.S.Chen & Q.E.Yang",461193,15141,Faberia glaucescens,,1,,,,,,,
10243,10496,10470,C.Shih,320621,11868,Dubyaea jinyangensis,,1,,,,,,,
10243,10496,10470,DC.,125442,11868,Dubyaea hispida,,1,,,,,,,
10243,10496,10470,Stebbins,320623,11868,Dubyaea rubra,,1,,,,,,,
10243,10496,10470,Stebbins,320623,11868,Dubyaea rubra,,1,,,,,,,
10243,10496,10470,Yonek. & H.Ohashi,398413,5739,Potentilla hebiichigo,,1,,,,,,,
10243,10496,10470,(Andrews) Th.Wolf,50880,5739,Potentilla indica,,1,,,,,,,
10243,10496,10470,Benth. ex Baker,137104,2998,Dumasia cordifolia,,1,,,,,,,
10243,10496,10470,Diels,137105,2998,Dumasia forrestii,,1,,,,,,,
10243,10496,10470,Craib,137106,2998,Dumasia hirsuta,,1,,,,,,,
10243,10496,10470,Siebold & Zucc.,15417,2998,Dumasia truncata,,1,,,,,,,
10243,10496,10470,DC.,15418,2998,Dumasia villosa,,1,,,,,,,
10243,10496,10470,Y.T.Wei & S.K.Lee,320624,2998,Dumasia yunnanensis,,1,,,,,,,
10243,10496,10470,(Miq.) Maesen,15424,2999,Dunbaria truncata,,1,,,,,,,
10243,10496,10470,(Wight & Arn.) Benth.,15423,2999,Dunbaria punctata,,1,,,,,,,
10243,10496,10470,(P.Candargy) Keng & Keng f.,225805,14289,Duthiea brachypodium,,1,,,,,,,
10243,10496,10470,(Benth.) Kuntze,122108,5681,Pogostemon cruciatus,,1,,,,,,,
10243,10496,10470,Hemsl. & E.H.Wilson,460890,11968,Podophyllum difforme,,1,,,,,,,
10243,10496,10470,Gagnep.,460891,11968,Podophyllum majoense,,1,,,,,,,
10243,10496,10470,Gagnep.,460891,11968,Podophyllum majoense,,1,,,,,,,
10243,10496,10470,Hance,439939,11968,Podophyllum pleianthum,,1,,,,,,,
10243,10496,10470,Franch.,451405,11968,Podophyllum delavayi,,1,,,,,,,
10243,10496,10470,Hance,452106,11968,Podophyllum versipelle,,1,,,,,,,
10243,10496,10470,(L.) Moq.,448187,20268,Teloxys aristata,,1,,,,,,,
10243,10496,10470,(L.) Mosyakin & Clemants,15628,3017,Dysphania botrys,,1,,,,,,,
10243,10496,10470,(Schult.) Mosyakin & Clemants,78536,3017,Dysphania schraderiana,,1,,,,,,,
10243,10496,10470,(L.) P.Beauv.,15669,3029,Echinochloa crus-galli,,1,,,,,,,
10243,10496,10470,(L.) P.Beauv.,15669,3029,Echinochloa crus-galli,,1,,,,,,,
10243,10496,10470,(Kunth) Schult.,15670,3029,Echinochloa crus-pavonis,,1,,,,,,,
10243,10496,10470,(L.) P.Beauv.,15669,3029,Echinochloa crus-galli,,1,,,,,,,
10243,10496,10470,(Ard.) Fritsch,15675,3029,Echinochloa oryzoides,,1,,,,,,,
10243,10496,10470,(L.) L.,15750,3040,Eclipta prostrata,,1,,,,,,,
10243,10496,10470,Nakai,461063,11688,Edgeworthia albiflora,,1,,,,,,,
10243,10496,10470,Lindl.,449903,11688,Edgeworthia chrysantha,,1,,,,,,,
10243,10496,10470,R.Br.,15760,3048,Ehretia acuminata,,1,,,,,,,
10243,10496,10470,Hance,15765,3048,Ehretia dicksonii,,1,,,,,,,
10243,10496,10470,Wall.,15770,3048,Ehretia macrophylla,,1,,,,,,,
10243,10496,10470,(Rehder) C.Y.Chang,316984,3058,Elaeagnus angustata,,1,,,,,,,
10243,10496,10470,H.Lév.,316915,3058,Elaeagnus argyi,,1,,,,,,,
10243,10496,10470,Diels,318175,3058,Elaeagnus bockii,,1,,,,,,,
10243,10496,10470,Servett.,317189,3058,Elaeagnus difficilis,,1,,,,,,,
10243,10496,10470,Thunb.,15813,3058,Elaeagnus glabra,,1,,,,,,,
10243,10496,10470,Benth.,15814,3058,Elaeagnus gonyanthes,,1,,,,,,,
10243,10496,10470,Warb. ex Diels,137110,3058,Elaeagnus henryi,,1,,,,,,,
10243,10496,10470,Warb.,317190,3058,Elaeagnus lanceolata,,1,,,,,,,
10243,10496,10470,(Servett.) Rehder,317747,3058,Elaeagnus magna,,1,,,,,,,
10243,10496,10470,Thunb.,15817,3058,Elaeagnus multiflora,,1,,,,,,,
10243,10496,10470,(Servett.) Rehder,317747,3058,Elaeagnus magna,,1,,,,,,,
10243,10496,10470,C.Y.Chang,137112,3058,Elaeagnus pilostyla,,1,,,,,,,
10243,10496,10470,Thunb.,15819,3058,Elaeagnus pungens,,1,,,,,,,
10243,10496,10470,Rehder,316595,3058,Elaeagnus stellipila,,1,,,,,,,
10243,10496,10470,Thunb.,15824,3058,Elaeagnus umbellata,,1,,,,,,,
10243,10496,10470,Servett.,137113,3058,Elaeagnus viridis,,1,,,,,,,
10243,10496,10470,C.Y.Chang,318179,3058,Elaeagnus wenshanensis,,1,,,,,,,
10243,10496,10470,(Servett.) Rehder,317747,3058,Elaeagnus magna,,1,,,,,,,
10243,10496,10470,C.Y.Chang,320625,3058,Elaeagnus xingwenensis,,1,,,,,,,
10243,10496,10470,Gagnep.,15850,3060,Elaeocarpus duclouxii,,1,,,,,,,
10243,10496,10470,Siebold & Zucc.,15866,3060,Elaeocarpus japonicus,,1,,,,,,,
10243,10496,10470,(Lour.) Poir.,15899,3060,Elaeocarpus sylvestris,,1,,,,,,,
10243,10496,10470,Buch.-Ham. ex Mast.,102719,3060,Elaeocarpus varunua,,1,,,,,,,
10243,10496,10470,(Sw.) Schott,15935,3063,Elaphoglossum conforme,,1,,,,,,,
10243,10496,10470,W.T.Wang,319248,3066,Elatostema albopilosum,,1,,,,,,,
10243,10496,10470,W.T.Wang,320626,3066,Elatostema angulosum,,1,,,,,,,
10243,10496,10470,Gagnep.,124957,3066,Elatostema balansae,,1,,,,,,,
10243,10496,10470,(Hand.-Mazz.) W.T.Wang,318181,3066,Elatostema brachyodontum,,1,,,,,,,
10243,10496,10470,Wight,137121,3066,Elatostema cuspidatum,,1,,,,,,,
10243,10496,10470,(Zoll. & Moritzi) Miq.,16061,3066,Elatostema cyrtandrifolium,,1,,,,,,,
10243,10496,10470,Wedd.,137123,3066,Elatostema dissectum,,1,,,,,,,
10243,10496,10470,Wedd.,16064,3066,Elatostema ficoides,,1,,,,,,,
10243,10496,10470,W.T.Wang,319254,3066,Elatostema filipes,,1,,,,,,,
10243,10496,10470,H.Schroet.,318182,3066,Elatostema ichangense,,1,,,,,,,
10243,10496,10470,(D.Don) Wedd.,16069,3066,Elatostema integrifolium,,1,,,,,,,
10243,10496,10470,Franch. & Sav.,16070,3066,Elatostema involucratum,,1,,,,,,,
10243,10496,10470,W.T.Wang,317581,3066,Elatostema longipes,,1,,,,,,,
10243,10496,10470,W.T.Wang,320627,3066,Elatostema mabienense,,1,,,,,,,
10243,10496,10470,(Buch.-Ham. ex D.Don) H.Hara,80085,3066,Elatostema monandrum,,1,,,,,,,
10243,10496,10470,W.T.Wang,318184,3066,Elatostema nanchuanense,,1,,,,,,,
10243,10496,10470,Hook.f.,16076,3066,Elatostema nasutum,,1,,,,,,,
10243,10496,10470,S.H.Fu,317582,3066,Elatostema oblongifolium,,1,,,,,,,
10243,10496,10470,Wedd.,16077,3066,Elatostema obtusum,,1,,,,,,,
10243,10496,10470,W.T.Wang,320628,3066,Elatostema omeiense,,1,,,,,,,
10243,10496,10470,(Blume) Blume ex Miq.,16080,3066,Elatostema parvum,,1,,,,,,,
10243,10496,10470,W.T.Wang,319767,3066,Elatostema prunifolium,,1,,,,,,,
10243,10496,10470,W.T.Wang,137134,3066,Elatostema pseudoficoides,,1,,,,,,,
10243,10496,10470,W.T.Wang,318185,3066,Elatostema pycnodontum,,1,,,,,,,
10243,10496,10470,Dunn,318596,3066,Elatostema retrohirtum,,1,,,,,,,
10243,10496,10470,(Buch.-Ham. ex D.Don) Wedd.,125394,3066,Elatostema rupestre,,1,,,,,,,
10243,10496,10470,H.Schroet.,317475,3066,Elatostema sinense,,1,,,,,,,
10243,10496,10470,Merr.,143953,3066,Elatostema stewardii,,1,,,,,,,
10243,10496,10470,W.T.Wang,16090,3066,Elatostema strigulosum,,1,,,,,,,
10243,10496,10470,W.T.Wang,320629,3066,Elatostema subcuspidatum,,1,,,,,,,
10243,10496,10470,W.T.Wang,318186,3066,Elatostema sublineare,,1,,,,,,,
10243,10496,10470,W.T.Wang,319271,3066,Elatostema tenuicaudatum,,1,,,,,,,
10243,10496,10470,W.T.Wang,320630,3066,Elatostema tenuicornutum,,1,,,,,,,
10243,10496,10470,Hand.-Mazz.,318187,3066,Elatostema trichocarpum,,1,,,,,,,
10243,10496,10470,W.T.Wang,320631,3066,Elatostema yangbiense,,1,,,,,,,
10243,10496,10470,(Retz.) J.Presl & C.Presl,16121,3070,Eleocharis atropurpurea,,1,,,,,,,
10243,10496,10470,(Franch. & Sav.) Palla,16122,3070,Eleocharis attenuata,,1,,,,,,,
10243,10496,10470,(L.) Roem. & Schult.,16171,3070,Eleocharis palustris,,1,,,,,,,
10243,10496,10470,(C.A.Mey.) Kom.,16145,3070,Eleocharis kamtschatica,,1,,,,,,,
10243,10496,10470,J.Presl & C.Presl,143959,3070,Eleocharis pellucida,,1,,,,,,,
10243,10496,10470,(Hartmann) O.Schwarz,16177,3070,Eleocharis quinqueflora,,1,,,,,,,
10243,10496,10470,(Roth) Roem. & Schult.,16169,3070,Eleocharis ovata,,1,,,,,,,
10243,10496,10470,Nees,16187,3070,Eleocharis tetraquetra,,1,,,,,,,
10243,10496,10470,Ohwi,160132,3070,Eleocharis valleculosa,,1,,,,,,,
10243,10496,10470,(Franch. & Sav.) Tang & F.T.Wang,16195,3070,Eleocharis yokoscensis,,1,,,,,,,
10243,10496,10470,Svenson,137138,3070,Eleocharis yunnanensis,,1,,,,,,,
10243,10496,10470,L.,16202,3072,Elephantopus scaber,,1,,,,,,,
10243,10496,10470,(L.) Gaertn.,16209,3075,Eleusine indica,,1,,,,,,,
10243,10496,10470,(X.P.Fang & C.K.Hsieh) P.S.Hsu & S.L.Pan,177471,3078,Eleutherococcus baoxinensis,,1,,,,,,,
10243,10496,10470,(Harms) Nakai,177472,3078,Eleutherococcus brachypus,,1,,,,,,,
10243,10496,10470,(Griff. ex C.B.Clarke) Nakai,136573,3078,Eleutherococcus cissifolius,,1,,,,,,,
10243,10496,10470,(Harms) Nakai,143965,3078,Eleutherococcus giraldii,,1,,,,,,,
10243,10496,10470,Oliv.,177475,3078,Eleutherococcus henryi,,1,,,,,,,
10243,10496,10470,(Harms) S.Y.Hu,136575,3078,Eleutherococcus lasiogyne,,1,,,,,,,
10243,10496,10470,Oliv.,136576,3078,Eleutherococcus leucorrhizus,,1,,,,,,,
10243,10496,10470,Oliv.,136576,3078,Eleutherococcus leucorrhizus,,1,,,,,,,
10243,10496,10470,(Dunn) S.Y.Hu,16214,3078,Eleutherococcus nodiflorus,,1,,,,,,,
10243,10496,10470,(Harms) Nakai,177484,3078,Eleutherococcus rehderianus,,1,,,,,,,
10243,10496,10470,(Rupr. & Maxim.) Maxim.,139582,3078,Eleutherococcus senticosus,,1,,,,,,,
10243,10496,10470,Oliv.,136576,3078,Eleutherococcus leucorrhizus,,1,,,,,,,
10243,10496,10470,Oliv.,136576,3078,Eleutherococcus leucorrhizus,,1,,,,,,,
10243,10496,10470,(Franch.) S.Y.Hu,177488,3078,Eleutherococcus setulosus,,1,,,,,,,
10243,10496,10470,(L.) S.Y.Hu,16215,3078,Eleutherococcus trifoliatus,,1,,,,,,,
10243,10496,10470,(L.) S.Y.Hu,16215,3078,Eleutherococcus trifoliatus,,1,,,,,,,
10243,10496,10470,(Harms) Nakai,177494,3078,Eleutherococcus wilsonii,,1,,,,,,,
10243,10496,10470,(Wall. ex Benth.) Makino,16227,3084,Ellisiophyllum pinnatum,,1,,,,,,,
10243,10496,10470,H.Lév.,177579,3086,Elsholtzia argyi,,1,,,,,,,
10243,10496,10470,(Benth.) Benth.,16231,3086,Elsholtzia blanda,,1,,,,,,,
10243,10496,10470,Vaniot,177580,3086,Elsholtzia bodinieri,,1,,,,,,,
10243,10496,10470,C.Y.Wu,177581,3086,Elsholtzia capituligera,,1,,,,,,,
10243,10496,10470,Hand.-Mazz.,177582,3086,Elsholtzia cephalantha,,1,,,,,,,
10243,10496,10470,(Thunb.) Hyl.,16232,3086,Elsholtzia ciliata,,1,,,,,,,
10243,10496,10470,(Pavol.) C.Y.Wu & S.Chow,137140,3086,Elsholtzia cyprianii,,1,,,,,,,
10243,10496,10470,Benth.,70896,3086,Elsholtzia densa,,1,,,,,,,
10243,10496,10470,C.Y.Wu & S.C.Huang,177584,3086,Elsholtzia eriocalyx,,1,,,,,,,
10243,10496,10470,(Benth.) Benth.,70897,3086,Elsholtzia eriostachya,,1,,,,,,,
10243,10496,10470,H.Lév.,177585,3086,Elsholtzia feddei,,1,,,,,,,
10243,10496,10470,(Benth.) Benth.,16233,3086,Elsholtzia flava,,1,,,,,,,
10243,10496,10470,(D.Don) Rehder,56675,3086,Elsholtzia fruticosa,,1,,,,,,,
10243,10496,10470,C.Y.Wu & S.C.Huang,137141,3086,Elsholtzia glabra,,1,,,,,,,
10243,10496,10470,Prain,122119,3086,Elsholtzia kachinensis,,1,,,,,,,
10243,10496,10470,Diels,177587,3086,Elsholtzia luteola,,1,,,,,,,
10243,10496,10470,Dunn,177589,3086,Elsholtzia myosurus,,1,,,,,,,
10243,10496,10470,Dunn,177591,3086,Elsholtzia ochroleuca,,1,,,,,,,
10243,10496,10470,W.W.Sm.,137143,3086,Elsholtzia penduliflora,,1,,,,,,,
10243,10496,10470,(Benth.) Benth.,79987,3086,Elsholtzia pilosa,,1,,,,,,,
10243,10496,10470,W.W.Sm.,177594,3086,Elsholtzia pygmaea,,1,,,,,,,
10243,10496,10470,Hemsl.,122120,3086,Elsholtzia rugulosa,,1,,,,,,,
10243,10496,10470,(Thunb.) Hyl.,16232,3086,Elsholtzia ciliata,,1,,,,,,,
10243,10496,10470,Nakai ex F.Maek.,124329,3086,Elsholtzia splendens,,1,,,,,,,
10243,10496,10470,(Link) Raizada & H.O.Saxena,137144,3086,Elsholtzia stachyodes,,1,,,,,,,
10243,10496,10470,Benth.,143973,3086,Elsholtzia stauntonii,,1,,,,,,,
10243,10496,10470,(Benth.) Benth.,79988,3086,Elsholtzia strobilifera,,1,,,,,,,
10243,10496,10470,(Drobow) Tzvelev,155461,3088,Elymus abolinii,,1,,,,,,,
10243,10496,10470,(Keng) S.L.Chen,225840,3088,Elymus alienus,,1,,,,,,,
10243,10496,10470,(Keng & S.L.Chen) Á.Löve ex B.Rong Lu,137994,3088,Elymus altissimus,,1,,,,,,,
10243,10496,10470,(Keng & S.L.Chen) Á.Löve ex B.Rong Lu,159985,3088,Elymus anthosachnoides,,1,,,,,,,
10243,10496,10470,(Nevski) Tzvelev,137995,3088,Elymus antiquus,,1,,,,,,,
10243,10496,10470,(Keng & S.L.Chen) S.L.Chen,225844,3088,Elymus aristiglumis,,1,,,,,,,
10243,10496,10470,(Nevski) Hand.-Mazz.,143974,3088,Elymus atratus,,1,,,,,,,
10243,10496,10470,(Ohwi) S.L.Chen,225845,3088,Elymus barbicallus,,1,,,,,,,
10243,10496,10470,Keng ex Keng f.,460171,3088,Elymus breviaristatus,,1,,,,,,,
10243,10496,10470,(Keng & S.L.Chen) S.L.Chen,151245,3088,Elymus brevipes,,1,,,,,,,
10243,10496,10470,(Nevski) Tzvelev,16239,3088,Elymus burchan-buddae,,1,,,,,,,
10243,10496,10470,Á.Löve ex S.L.Chen,159976,3088,Elymus caesifolius,,1,,,,,,,
10243,10496,10470,(Keng) S.L.Chen,159981,3088,Elymus calcicola,,1,,,,,,,
10243,10496,10470,(Trin.) Tzvelev,16241,3088,Elymus ciliaris,,1,,,,,,,
10243,10496,10470,Turcz. ex Griseb.,16242,3088,Elymus dahuricus,,1,,,,,,,
10243,10496,10470,(Keng) S.L.Chen,159979,3088,Elymus dolichatherus,,1,,,,,,,
10243,10496,10470,(Keng) S.L.Chen,159973,3088,Elymus durus,,1,,,,,,,
10243,10496,10470,Turcz. ex Griseb.,16242,3088,Elymus dahuricus,,1,,,,,,,
10243,10496,10470,(Trin.) Tzvelev,16250,3088,Elymus gmelinii,,1,,,,,,,
10243,10496,10470,(Kitag.) S.L.Chen,225867,3088,Elymus hondae,,1,,,,,,,
10243,10496,10470,(Keng) S.L.Chen,159977,3088,Elymus hybridus,,1,,,,,,,
10243,10496,10470,(Schult.) Á.Löve,457541,12082,Pseudoroegneria strigosa,,1,,,,,,,
10243,10496,10470,Honda,16268,3088,Elymus tsukushiensis,,1,,,,,,,
10243,10496,10470,(Keng) S.L.Chen,159987,3088,Elymus leiotropis,,1,,,,,,,
10243,10496,10470,Griseb.,70822,3088,Elymus nutans,,1,,,,,,,
10243,10496,10470,(Nevski) Tzvelev,155469,3088,Elymus pendulinus,,1,,,,,,,
10243,10496,10470,(Keng) S.L.Chen,159984,3088,Elymus puberulus,,1,,,,,,,
10243,10496,10470,(Keng) S.L.Chen,159980,3088,Elymus purpurascens,,1,,,,,,,
10243,10496,10470,(Fisch. & C.A.Mey. ex Schrenk) Drobow,445417,15973,Campeiostachys schrenkiana,,1,,,,,,,
10243,10496,10470,B.Salomon,225888,3088,Elymus shandongensis,,1,,,,,,,
10243,10496,10470,L.,77398,3088,Elymus sibiricus,,1,,,,,,,
10243,10496,10470,(Ohwi) Tzvelev,225885,3088,Elymus scabridulus,,1,,,,,,,
10243,10496,10470,S.L.Chen,159974,3088,Elymus sinosubmuticus,,1,,,,,,,
10243,10496,10470,(Keng) S.L.Chen,159972,3088,Elymus strictus,,1,,,,,,,
10243,10496,10470,Turcz. ex Griseb.,16242,3088,Elymus dahuricus,,1,,,,,,,
10243,10496,10470,(Melderis) G.Singh,137996,3088,Elymus tibeticus,,1,,,,,,,
10243,10496,10470,Turcz. ex Griseb.,16242,3088,Elymus dahuricus,,1,,,,,,,
10243,10496,10470,(L.B.Cai) S.L.Chen & G.H.Zhu,225904,3088,Elymus yushuensis,,1,,,,,,,
10243,10496,10470,S.L.Chen,159975,3088,Elymus zhui,,1,,,,,,,
10243,10496,10470,(L.) Gould,16260,3088,Elymus repens,,1,,,,,,,
10243,10496,10470,Diels,319279,3093,Embelia pauciflora,,1,,,,,,,
10243,10496,10470,Hemsl.,311300,3093,Embelia procumbens,,1,,,,,,,
10243,10496,10470,Roxb.,16299,3093,Embelia vestita,,1,,,,,,,
10243,10496,10470,Roxb.,16299,3093,Embelia vestita,,1,,,,,,,
10243,10496,10470,(Sims) G.Don,16304,3097,Emilia coccinea,,1,,,,,,,
10243,10496,10470,DC.,16306,3097,Emilia prenanthoidea,,1,,,,,,,
10243,10496,10470,Oliv.,143980,12835,Emmenopterys henryi,,1,,,,,,,
10243,10496,10470,Lindl.,16372,3114,Engelhardtia roxburghiana,,1,,,,,,,
10243,10496,10470,Blume,16373,3114,Engelhardtia serrata,,1,,,,,,,
10243,10496,10470,Lechen ex Blume,16374,3114,Engelhardtia spicata,,1,,,,,,,
10243,10496,10470,Lechen ex Blume,16374,3114,Engelhardtia spicata,,1,,,,,,,
10243,10496,10470,Franch.,122124,3117,Enkianthus chinensis,,1,,,,,,,
10243,10496,10470,(Griff.) C.K.Schneid.,122125,3117,Enkianthus deflexus,,1,,,,,,,
10243,10496,10470,E.H.Wilson,122126,3117,Enkianthus pauciflorus,,1,,,,,,,
10243,10496,10470,Lour.,16378,3117,Enkianthus quinqueflorus,,1,,,,,,,
10243,10496,10470,Chun & W.P.Fang,460944,3117,Enkianthus serotina,,1,,,,,,,
10243,10496,10470,(E.H.Wilson) C.K.Schneid.,317191,3117,Enkianthus serrulatus,,1,,,,,,,
10243,10496,10470,P.Beauv.,16381,3119,Enneapogon desvauxii,,1,,,,,,,
10243,10496,10470,(Roxb.) Cheesman,121131,3120,Ensete glaucum,,1,,,,,,,
10243,10496,10470,(Roxb.) Cheesman,121131,3120,Ensete glaucum,,1,,,,,,,
10243,10496,10470,Hance,16416,3128,Eomecon chionantha,,1,,,,,,,
10243,10496,10470,Bunge,144064,3132,Ephedra equisetina,,1,,,,,,,
10243,10496,10470,Wall. ex Klotzsch & Garcke,70744,3132,Ephedra gerardiana,,1,,,,,,,
10243,10496,10470,Schrenk & C.A.Mey.,56381,3132,Ephedra intermedia,,1,,,,,,,
10243,10496,10470,Florin,137147,3132,Ephedra likiangensis,,1,,,,,,,
10243,10496,10470,Florin,144066,3132,Ephedra minuta,,1,,,,,,,
10243,10496,10470,J.G.Gmel. ex C.A.Mey.,102424,3132,Ephedra monosperma,,1,,,,,,,
10243,10496,10470,(Stapf) Royle ex Florin,452125,3132,Ephedra saxatilis,,1,,,,,,,
10243,10496,10470,Stapf,144069,3132,Ephedra sinica,,1,,,,,,,
10243,10496,10470,Schuit. & Peter B.Adams,13679,2766,Dendrobium mariae,,1,,,,,,,
10243,10496,10470,Hausskn.,16522,3137,Epilobium amurense,,1,,,,,,,
10243,10496,10470,H.Lév.,318188,3137,Epilobium blinii,,1,,,,,,,
10243,10496,10470,D.Don,16529,3137,Epilobium brevifolium,,1,,,,,,,
10243,10496,10470,D.Don,70977,3137,Epilobium cylindricum,,1,,,,,,,
10243,10496,10470,"C.J.Chen, Hoch & P.H.Raven",320632,3137,Epilobium fangii,,1,,,,,,,
10243,10496,10470,Nakai,314913,3137,Epilobium fastigiatoramosum,,1,,,,,,,
10243,10496,10470,L.,16552,3137,Epilobium hirsutum,,1,,,,,,,
10243,10496,10470,P.H.Raven,137151,3137,Epilobium kermodei,,1,,,,,,,
10243,10496,10470,P.H.Raven,320633,3137,Epilobium kingdonii,,1,,,,,,,
10243,10496,10470,Hausskn.,56464,3137,Epilobium minutiflorum,,1,,,,,,,
10243,10496,10470,Hausskn.,320634,3137,Epilobium pannosum,,1,,,,,,,
10243,10496,10470,Schreb.,16575,3137,Epilobium parviflorum,,1,,,,,,,
10243,10496,10470,C.B.Rob.,16581,3137,Epilobium platystigmatosum,,1,,,,,,,
10243,10496,10470,Franch. & Sav.,16586,3137,Epilobium pyrricholophum,,1,,,,,,,
10243,10496,10470,(Schreb.) Schreb.,16587,3137,Epilobium roseum,,1,,,,,,,
10243,10496,10470,Hausskn.,70980,3137,Epilobium royleanum,,1,,,,,,,
10243,10496,10470,Hausskn.,125474,3137,Epilobium sikkimense,,1,,,,,,,
10243,10496,10470,Hausskn.,137152,3137,Epilobium subcoriaceum,,1,,,,,,,
10243,10496,10470,Hausskn.,137153,3137,Epilobium wallichianum,,1,,,,,,,
10243,10496,10470,P.H.Raven,137154,3137,Epilobium williamsii,,1,,,,,,,
10243,10496,10470,Franch.,318189,9598,Epimedium acuminatum,,1,,,,,,,
10243,10496,10470,Maxim.,316596,9598,Epimedium brevicornu,,1,,,,,,,
10243,10496,10470,Franch.,460843,9598,Epimedium davidi,,1,,,,,,,
10243,10496,10470,Stearn,318190,9598,Epimedium dolichostemon,,1,,,,,,,
10243,10496,10470,G.Y.Zhong,320635,9598,Epimedium ecalcaratum,,1,,,,,,,
10243,10496,10470,Kom.,320636,9598,Epimedium elongatum,,1,,,,,,,
10243,10496,10470,Stearn,320637,9598,Epimedium fangii,,1,,,,,,,
10243,10496,10470,Franch.,318192,9598,Epimedium fargesii,,1,,,,,,,
10243,10496,10470,Stearn,318193,9598,Epimedium flavum,,1,,,,,,,
10243,10496,10470,Stearn,318194,9598,Epimedium franchetii,,1,,,,,,,
10243,10496,10470,Nakai,144078,9598,Epimedium koreanum,,1,,,,,,,
10243,10496,10470,Stearn,318196,9598,Epimedium leptorrhizum,,1,,,,,,,
10243,10496,10470,Stearn,320638,9598,Epimedium ogisui,,1,,,,,,,
10243,10496,10470,K.C.Yen,320639,9598,Epimedium pauciflorum,,1,,,,,,,
10243,10496,10470,K.Mey.,320640,9598,Epimedium platypetalum,,1,,,,,,,
10243,10496,10470,Maxim.,317192,9598,Epimedium pubescens,,1,,,,,,,
10243,10496,10470,(Siebold & Zucc.) Maxim.,316597,9598,Epimedium sagittatum,,1,,,,,,,
10243,10496,10470,Franch.,318199,9598,Epimedium sutchuenense,,1,,,,,,,
10243,10496,10470,T.S.Ying,318200,9598,Epimedium wushanense,,1,,,,,,,
10243,10496,10470,(L.) Crantz,16601,3138,Epipactis helleborine,,1,,,,,,,
10243,10496,10470,(L.) Crantz,16601,3138,Epipactis helleborine,,1,,,,,,,
10243,10496,10470,(Tang & F.T.Wang) S.C.Chen & G.H.Zhu,206236,3138,Epipactis humilior,,1,,,,,,,
10243,10496,10470,Schltr.,137155,3138,Epipactis mairei,,1,,,,,,,
10243,10496,10470,(L.) Crantz,16601,3138,Epipactis helleborine,,1,,,,,,,
10243,10496,10470,Sw.,16616,3140,Epipogium aphyllum,,1,,,,,,,
10243,10496,10470,(D.Don) Lindl.,16617,3140,Epipogium roseum,,1,,,,,,,
10243,10496,10470,(L.) Engl.,16623,3141,Epipremnum pinnatum,,1,,,,,,,
10243,10496,10470,L.,16629,3145,Equisetum arvense,,1,,,,,,,
10243,10496,10470,D.Don,70747,3145,Equisetum diffusum,,1,,,,,,,
10243,10496,10470,L.,16631,3145,Equisetum fluviatile,,1,,,,,,,
10243,10496,10470,L.,16633,3145,Equisetum hyemale,,1,,,,,,,
10243,10496,10470,L.,16636,3145,Equisetum palustre,,1,,,,,,,
10243,10496,10470,Desf.,16638,3145,Equisetum ramosissimum,,1,,,,,,,
10243,10496,10470,Schleich. ex F.Weber & D.Mohr,16642,3145,Equisetum variegatum,,1,,,,,,,
10243,10496,10470,Keng,16647,3146,Eragrostis alta,,1,,,,,,,
10243,10496,10470,(Desf.) Trin. ex Steud.,16652,3146,Eragrostis atrovirens,,1,,,,,,,
10243,10496,10470,(Kunth) Nees,16657,3146,Eragrostis brownii,,1,,,,,,,
10243,10496,10470,(All.) Vignolo ex Janch.,16658,3146,Eragrostis cilianensis,,1,,,,,,,
10243,10496,10470,Steud.,16663,3146,Eragrostis cumingii,,1,,,,,,,
10243,10496,10470,(Thunb.) P.Beauv.,16673,3146,Eragrostis ferruginea,,1,,,,,,,
10243,10496,10470,(Thunb.) Trin.,16681,3146,Eragrostis japonica,,1,,,,,,,
10243,10496,10470,Host,16687,3146,Eragrostis minor,,1,,,,,,,
10243,10496,10470,Steud.,16690,3146,Eragrostis multicaulis,,1,,,,,,,
10243,10496,10470,Nees ex Steud.,122127,3146,Eragrostis nigra,,1,,,,,,,
10243,10496,10470,(Retz.) Nees ex Steud.,16691,3146,Eragrostis nutans,,1,,,,,,,
10243,10496,10470,Keng,16698,3146,Eragrostis perennans,,1,,,,,,,
10243,10496,10470,(L.) P.Beauv.,16699,3146,Eragrostis pilosa,,1,,,,,,,
10243,10496,10470,(L.) P.Beauv. ex Roem. & Schult.,440028,3146,Eragrostis tenella,,1,,,,,,,
10243,10496,10470,(Retz.) Nees ex Steud.,16720,3146,Eragrostis unioloides,,1,,,,,,,
10243,10496,10470,Franch.,316860,3148,Eranthis albiflora,,1,,,,,,,
10243,10496,10470,W.T.Wang,320641,3148,Eranthis lobulata,,1,,,,,,,
10243,10496,10470,Hack.,58979,3151,Eremochloa bimaculata,,1,,,,,,,
10243,10496,10470,(Munro) Hack.,16738,3151,Eremochloa ophiuroides,,1,,,,,,,
10243,10496,10470,(Hack. ex Trimen) Hack.,226063,3151,Eremochloa zeylanica,,1,,,,,,,
10243,10496,10470,O.Fedtsch.,215776,7518,Eremurus chinensis,,1,,,,,,,
10243,10496,10470,"(Lindl.) Schuit., Y.P.Ng & H.A.Pedersen",440039,19752,Strongyleria pannea,,1,,,,,,,
10243,10496,10470,(Schltr.) S.C.Chen & J.J.Wood,34227,5557,Pinalia szetschuanica,,1,,,,,,,
10243,10496,10470,(F.Muell.) Mattf.,152757,6731,Tetramolopium macrum,,1,,,,,,,
10243,10496,10470,Popov,307324,3164,Erigeron altaicus,,1,,,,,,,
10243,10496,10470,(Vaniot) Hand.-Mazz.,316861,3164,Erigeron breviscapus,,1,,,,,,,
10243,10496,10470,L.,16796,3164,Erigeron acris,,1,,,,,,,
10243,10496,10470,Vierh.,320642,3164,Erigeron himalajensis,,1,,,,,,,
10243,10496,10470,Hand.-Mazz.,137162,3164,Erigeron multifolius,,1,,,,,,,
10243,10496,10470,(Lindl. ex DC.) Benth. & Hook.f.,68756,3164,Erigeron multiradiatus,,1,,,,,,,
10243,10496,10470,L.,16858,3164,Erigeron uniflorus,,1,,,,,,,
10243,10496,10470,Y.Ling & Y.L.Chen,320643,3164,Erigeron purpurascens,,1,,,,,,,
10243,10496,10470,Brouillet & Y.L.Chen,461194,3164,Erigeron pseudotenuicaulis,,1,,,,,,,
10243,10496,10470,(H.Lév.) B.B.Liu & J.Wen,452139,5972,Rhaphiolepis cavaleriei,,1,,,,,,,
10243,10496,10470,(Lour.) Galasso & Banfi,440053,5972,Rhaphiolepis bibas,,1,,,,,,,
10243,10496,10470,(Rehder & E.H.Wilson) B.B.Liu & J.Wen,461195,5972,Rhaphiolepis prinoides,,1,,,,,,,
10243,10496,10470,Hook.f. & Thomson ex Körn.,137165,3167,Eriocaulon alpestre,,1,,,,,,,
10243,10496,10470,Körn.,16869,3167,Eriocaulon buergerianum,,1,,,,,,,
10243,10496,10470,R.Br.,16870,3167,Eriocaulon cinereum,,1,,,,,,,
10243,10496,10470,Z.X.Zhang,206371,3167,Eriocaulon kunmingense,,1,,,,,,,
10243,10496,10470,Moldenke,206404,3167,Eriocaulon minusculum,,1,,,,,,,
10243,10496,10470,J.D.Prescott ex Bong.,16886,3167,Eriocaulon nepalense,,1,,,,,,,
10243,10496,10470,Hook.f. & Thomson ex Körn.,137165,3167,Eriocaulon alpestre,,1,,,,,,,
10243,10496,10470,Hand.-Mazz.,144138,3167,Eriocaulon schochianum,,1,,,,,,,
10243,10496,10470,L.,16896,3167,Eriocaulon setaceum,,1,,,,,,,
10243,10496,10470,Trimen,206331,3167,Eriocaulon fluviatile,,1,,,,,,,
10243,10496,10470,(Retz.) C.E.Hubb.,16914,3170,Eriochloa procera,,1,,,,,,,
10243,10496,10470,(Thunb.) Kunth,16919,3170,Eriochloa villosa,,1,,,,,,,
10243,10496,10470,(DC.) Planch. ex Mast.,122134,11574,Eriolaena spectabilis,,1,,,,,,,
10243,10496,10470,(Wall.) Palla,443913,20150,Erioscirpus comosus,,1,,,,,,,
10243,10496,10470,W.D.J.Koch,16941,3174,Eriophorum gracile,,1,,,,,,,
10243,10496,10470,Hoppe,16942,3174,Eriophorum latifolium,,1,,,,,,,
10243,10496,10470,Benth.,138706,12503,Eriophyton wallichii,,1,,,,,,,
10243,10496,10470,Vogel,16949,3176,Eriosema chinense,,1,,,,,,,
10243,10496,10470,(Benth.) Kitam.,70486,3182,Eritrichium canum,,1,,,,,,,
10243,10496,10470,W.T.Wang,320646,3182,Eritrichium kangdingense,,1,,,,,,,
10243,10496,10470,I.M.Johnst.,320647,3182,Eritrichium laxum,,1,,,,,,,
10243,10496,10470,(L.) L'Hér.,16987,3184,Erodium cicutarium,,1,,,,,,,
10243,10496,10470,Willd.,70797,3184,Erodium stephanianum,,1,,,,,,,
10243,10496,10470,(L.) Cav.,17006,3187,Eruca vesicaria,,1,,,,,,,
10243,10496,10470,Fisch. & C.A.Mey.,155670,3193,Erysimum perofskianum,,1,,,,,,,
10243,10496,10470,Monnet,320648,3193,Erysimum benthamii,,1,,,,,,,
10243,10496,10470,L.,17060,3193,Erysimum cheiranthoides,,1,,,,,,,
10243,10496,10470,(W.W.Sm.) Polatschek,320649,3193,Erysimum forrestii,,1,,,,,,,
10243,10496,10470,Hook.f. & Thomson,138708,3193,Erysimum funiculosum,,1,,,,,,,
10243,10496,10470,Polatschek,320650,3193,Erysimum handel-mazzettii,,1,,,,,,,
10243,10496,10470,Bunge,316263,3193,Erysimum macilentum,,1,,,,,,,
10243,10496,10470,(Maxim.) Polatschek,320651,3193,Erysimum roseum,,1,,,,,,,
10243,10496,10470,C.A.Mey.,102190,3193,Erysimum sisymbrioides,,1,,,,,,,
10243,10496,10470,Polatschek,320652,3193,Erysimum wardii,,1,,,,,,,
10243,10496,10470,Roxb.,17079,3194,Erythrina arborescens,,1,,,,,,,
10243,10496,10470,Oliv.,17120,3199,Erythrophleum fordii,,1,,,,,,,
10243,10496,10470,L.f.,17180,3210,Ethulia conyzoides,,1,,,,,,,
10243,10496,10470,Dunn,318202,3217,Euchresta tubulosa,,1,,,,,,,
10243,10496,10470,Oliv.,137175,12450,Eucommia ulmoides,,1,,,,,,,
10243,10496,10470,(Decne.) Ohwi,226085,3229,Eulalia leschenaultiana,,1,,,,,,,
10243,10496,10470,(Hack.) Kuntze,122141,3229,Eulalia pallens,,1,,,,,,,
10243,10496,10470,(Hack.) Kuntze,17631,3229,Eulalia phaeothrix,,1,,,,,,,
10243,10496,10470,(Hack.) Ohwi,440083,19912,Pseudopogonatherum quadrinerve,,1,,,,,,,
10243,10496,10470,Bor,226093,3229,Eulalia siamensis,,1,,,,,,,
10243,10496,10470,(Debeaux) Ohwi,440084,19912,Pseudopogonatherum speciosum,,1,,,,,,,
10243,10496,10470,(Retz.) C.E.Hubb.,17634,3230,Eulaliopsis binata,,1,,,,,,,
10243,10496,10470,(D.Don) Hochr.,17640,3232,Eulophia dabia,,1,,,,,,,
10243,10496,10470,Lindl.,17643,3232,Eulophia graminea,,1,,,,,,,
10243,10496,10470,Franch.,123010,3234,Euonymus acanthocarpus,,1,,,,,,,
10243,10496,10470,Loes.,17655,3234,Euonymus actinocarpus,,1,,,,,,,
10243,10496,10470,Hemsl.,317193,3234,Euonymus aculeatus,,1,,,,,,,
10243,10496,10470,C.Y.Cheng ex J.S.Ma,318203,3234,Euonymus aculeolus,,1,,,,,,,
10243,10496,10470,(Thunb.) Siebold,17656,3234,Euonymus alatus,,1,,,,,,,
10243,10496,10470,Sprague,137179,3234,Euonymus balansae,,1,,,,,,,
10243,10496,10470,Loes.,319286,3234,Euonymus bockii,,1,,,,,,,
10243,10496,10470,Hemsl.,17658,3234,Euonymus carnosus,,1,,,,,,,
10243,10496,10470,H.Lév.,316985,3234,Euonymus centidens,,1,,,,,,,
10243,10496,10470,Y.C.Yang,319769,3234,Euonymus chloranthoides,,1,,,,,,,
10243,10496,10470,Hand.-Mazz.,137177,3234,Euonymus chui,,1,,,,,,,
10243,10496,10470,W.W.Sm.,451409,3234,Euonymus clivicola,,1,,,,,,,
10243,10496,10470,Hemsl.,121586,3234,Euonymus cornutus,,1,,,,,,,
10243,10496,10470,Hemsl.,121586,3234,Euonymus cornutus,,1,,,,,,,
10243,10496,10470,Loes.,17659,3234,Euonymus dielsianus,,1,,,,,,,
10243,10496,10470,H.Lév.,317751,3234,Euonymus distichus,,1,,,,,,,
10243,10496,10470,Wall.,17660,3234,Euonymus echinatus,,1,,,,,,,
10243,10496,10470,(Turcz.) Hand.-Mazz.,17662,3234,Euonymus fortunei,,1,,,,,,,
10243,10496,10470,Wall.,17663,3234,Euonymus frigidus,,1,,,,,,,
10243,10496,10470,Loes.,316264,3234,Euonymus giraldii,,1,,,,,,,
10243,10496,10470,Hemsl.,17665,3234,Euonymus gracillimus,,1,,,,,,,
10243,10496,10470,Wall.,121587,3234,Euonymus grandiflorus,,1,,,,,,,
10243,10496,10470,Wall.,17667,3234,Euonymus hamiltonianus,,1,,,,,,,
10243,10496,10470,C.Y.Chang,320653,3234,Euonymus jinyangensis,,1,,,,,,,
10243,10496,10470,C.Y.Cheng ex J.S.Ma,319287,3234,Euonymus kengmaensis,,1,,,,,,,
10243,10496,10470,Champ. ex Benth.,17671,3234,Euonymus laxiflorus,,1,,,,,,,
10243,10496,10470,Rupr.,126543,3234,Euonymus maackii,,1,,,,,,,
10243,10496,10470,Rupr.,17674,3234,Euonymus macropterus,,1,,,,,,,
10243,10496,10470,(Oliv. ex Loes.) Sprague,317956,3234,Euonymus microcarpus,,1,,,,,,,
10243,10496,10470,Hemsl.,17675,3234,Euonymus myrianthus,,1,,,,,,,
10243,10496,10470,Loes. & Rehder,144691,3234,Euonymus nanoides,,1,,,,,,,
10243,10496,10470,Benth.,17676,3234,Euonymus nitidus,,1,,,,,,,
10243,10496,10470,Benth.,17676,3234,Euonymus nitidus,,1,,,,,,,
10243,10496,10470,Miq.,17677,3234,Euonymus oxyphyllus,,1,,,,,,,
10243,10496,10470,Loes.,17679,3234,Euonymus phellomanus,,1,,,,,,,
10243,10496,10470,Loes.,318205,3234,Euonymus rehderianus,,1,,,,,,,
10243,10496,10470,Loes.,137180,3234,Euonymus sanguineus,,1,,,,,,,
10243,10496,10470,Maxim.,316265,3234,Euonymus schensianus,,1,,,,,,,
10243,10496,10470,Regel & Herder,294950,3234,Euonymus semenovii,,1,,,,,,,
10243,10496,10470,C.H.Wang,317195,3234,Euonymus szechuanensis,,1,,,,,,,
10243,10496,10470,Hand.-Mazz.,320654,3234,Euonymus ternifolius,,1,,,,,,,
10243,10496,10470,C.Y.Cheng ex T.L.Xu & Q.H.Chen.,460967,3234,Euonymus theacola,,1,,,,,,,
10243,10496,10470,Wall. ex M.A.Lawson,121588,3234,Euonymus theifolius,,1,,,,,,,
10243,10496,10470,Wall.,121589,3234,Euonymus tingens,,1,,,,,,,
10243,10496,10470,Merr.,17685,3234,Euonymus tsoi,,1,,,,,,,
10243,10496,10470,Wall.,120579,3234,Euonymus vagans,,1,,,,,,,
10243,10496,10470,Hemsl.,317957,3234,Euonymus venosus,,1,,,,,,,
10243,10496,10470,C.Y.Cheng ex J.S.Ma,320655,3234,Euonymus verrucocarpus,,1,,,,,,,
10243,10496,10470,Loes.,137181,3234,Euonymus verrucosoides,,1,,,,,,,
10243,10496,10470,Scop.,68237,3234,Euonymus verrucosus,,1,,,,,,,
10243,10496,10470,Prain,318842,3234,Euonymus viburnoides,,1,,,,,,,
10243,10496,10470,Sprague,318206,3234,Euonymus wilsonii,,1,,,,,,,
10243,10496,10470,Franch.,144690,3234,Euonymus yunnanensis,,1,,,,,,,
10243,10496,10470,Turcz.,124451,3236,Eupatorium fortunei,,1,,,,,,,
10243,10496,10470,DC.,138710,3236,Eupatorium heterophyllum,,1,,,,,,,
10243,10496,10470,Thunb.,137182,3236,Eupatorium japonicum,,1,,,,,,,
10243,10496,10470,Y.Ling & C.Shih,318207,3236,Eupatorium nanchuanense,,1,,,,,,,
10243,10496,10470,Y.Ling & C.Shih,320656,3236,Eupatorium omeiense,,1,,,,,,,
10243,10496,10470,Hook. & Arn.,17744,3237,Euphorbia bifida,,1,,,,,,,
10243,10496,10470,L.,17796,3237,Euphorbia esula,,1,,,,,,,
10243,10496,10470,Hook.f.,122145,3237,Euphorbia griffithii,,1,,,,,,,
10243,10496,10470,W.T.Wang,177190,3237,Euphorbia heishuiensis,,1,,,,,,,
10243,10496,10470,L.,17825,3237,Euphorbia helioscopia,,1,,,,,,,
10243,10496,10470,L.,17834,3237,Euphorbia hirta,,1,,,,,,,
10243,10496,10470,Willd.,17835,3237,Euphorbia humifusa,,1,,,,,,,
10243,10496,10470,Hand.-Mazz.,177221,3237,Euphorbia hylonoma,,1,,,,,,,
10243,10496,10470,L.,17837,3237,Euphorbia hypericifolia,,1,,,,,,,
10243,10496,10470,Boiss.,17845,3237,Euphorbia jolkinii,,1,,,,,,,
10243,10496,10470,Prokh.,144707,3237,Euphorbia kansuensis,,1,,,,,,,
10243,10496,10470,S.L.Liou ex S.B.Ho,177262,3237,Euphorbia kansui,,1,,,,,,,
10243,10496,10470,Rupr.,177315,3237,Euphorbia lucorum,,1,,,,,,,
10243,10496,10470,Boiss.,177363,3237,Euphorbia micractina,,1,,,,,,,
10243,10496,10470,Rupr.,144713,3237,Euphorbia pekinensis,,1,,,,,,,
10243,10496,10470,Buch.-Ham. ex D.Don,123558,3237,Euphorbia prolifera,,1,,,,,,,
10243,10496,10470,C.Morren & Decne.,17953,3237,Euphorbia sieboldiana,,1,,,,,,,
10243,10496,10470,Boiss.,122146,3237,Euphorbia sikkimensis,,1,,,,,,,
10243,10496,10470,Boiss.,137183,3237,Euphorbia stracheyi,,1,,,,,,,
10243,10496,10470,L.,17972,3237,Euphorbia thymifolia,,1,,,,,,,
10243,10496,10470,Hook.f.,68772,3237,Euphorbia wallichii,,1,,,,,,,
10243,10496,10470,Hayata,18050,3238,Euphrasia transmorrisonensis,,1,,,,,,,
10243,10496,10470,Ten.,56502,3238,Euphrasia pectinata,,1,,,,,,,
10243,10496,10470,Wettst.,295026,3238,Euphrasia regelii,,1,,,,,,,
10243,10496,10470,Hook.f. & Thomson,137184,12451,Euptelea pleiosperma,,1,,,,,,,
10243,10496,10470,P.T.Li,318843,3243,Eurya acuminoides,,1,,,,,,,
10243,10496,10470,Kobuski,144729,3243,Eurya alata,,1,,,,,,,
10243,10496,10470,K.M.Feng & P.Y.Mao,318208,3243,Eurya bifidostyla,,1,,,,,,,
10243,10496,10470,Kobuski,144730,3243,Eurya brevistyla,,1,,,,,,,
10243,10496,10470,Vesque,122147,3243,Eurya cavinervis,,1,,,,,,,
10243,10496,10470,F.B.Forbes & Hemsl.,18084,3243,Eurya distichophylla,,1,,,,,,,
10243,10496,10470,Rehder,144731,3243,Eurya fangii,,1,,,,,,,
10243,10496,10470,Merr.,440106,3243,Eurya groffii,,1,,,,,,,
10243,10496,10470,Hung T.Chang,137187,3243,Eurya handel-mazzettii,,1,,,,,,,
10243,10496,10470,Ling,18090,3243,Eurya hebeclados,,1,,,,,,,
10243,10496,10470,Hemsl.,319292,3243,Eurya henryi,,1,,,,,,,
10243,10496,10470,P.S.Hsu,317752,3243,Eurya hupehensis,,1,,,,,,,
10243,10496,10470,Hu & L.K.Ling,384829,3243,Eurya kueichouensis,,1,,,,,,,
10243,10496,10470,Dunn,18093,3243,Eurya loquaiana,,1,,,,,,,
10243,10496,10470,Dunn,18095,3243,Eurya muricata,,1,,,,,,,
10243,10496,10470,Korth.,18096,3243,Eurya nitida,,1,,,,,,,
10243,10496,10470,Hemsl.,320657,3243,Eurya obliquifolia,,1,,,,,,,
10243,10496,10470,Y.C.Yang,317754,3243,Eurya oblonga,,1,,,,,,,
10243,10496,10470,Hung T.Chang,144737,3243,Eurya obtusifolia,,1,,,,,,,
10243,10496,10470,P.S.Hsu,18102,3243,Eurya pyracanthifolia,,1,,,,,,,
10243,10496,10470,Hung T.Chang,18104,3243,Eurya rubiginosa,,1,,,,,,,
10243,10496,10470,Hu,320658,3243,Eurya rugosa,,1,,,,,,,
10243,10496,10470,Hung T.Chang,144738,3243,Eurya semiserrulata,,1,,,,,,,
10243,10496,10470,Merr.,18109,3243,Eurya stenophylla,,1,,,,,,,
10243,10496,10470,Merr. & Chun,317755,3243,Eurya tetragonoclada,,1,,,,,,,
10243,10496,10470,Hung T.Chang,18111,3243,Eurya tsaii,,1,,,,,,,
10243,10496,10470,P.S.Hsu,137195,3243,Eurya yunnanensis,,1,,,,,,,
10243,10496,10470,Salisb.,18116,3244,Euryale ferox,,1,,,,,,,
10243,10496,10470,(H.Lév.) Rehder & Hand.-Mazz.,18121,3248,Eurycorymbus cavaleriei,,1,,,,,,,
10243,10496,10470,(Thunb.) Mabb.,152197,6511,Staphylea japonica,,1,,,,,,,
10243,10496,10470,(Hook.f. & Thomson) O.E.Schulz,138714,3263,Eutrema deltoideum,,1,,,,,,,
10243,10496,10470,(W.W.Sm.) H.Hara,144753,3263,Eutrema heterophyllum,,1,,,,,,,
10243,10496,10470,Hook.f. & Thomson,138715,3263,Eutrema himalaicum,,1,,,,,,,
10243,10496,10470,(Miq.) Makino,320659,3263,Eutrema tenue,,1,,,,,,,
10243,10496,10470,Franch.,316598,3263,Eutrema yunnanense,,1,,,,,,,
10243,10496,10470,Merr.,18151,3265,Evodia lepta,,1,,,,,,,
10243,10496,10470,(L.) L.,18155,3267,Evolvulus alsinoides,,1,,,,,,,
10243,10496,10470,Roxb.,83875,3270,Exacum tetragonum,,1,,,,,,,
10243,10496,10470,Didr.,18184,3273,Excoecaria acerifolia,,1,,,,,,,
10243,10496,10470,L.,18185,3273,Excoecaria agallocha,,1,,,,,,,
10243,10496,10470,Lour.,18187,3273,Excoecaria cochinchinensis,,1,,,,,,,
10243,10496,10470,(Fortune ex Lindl.) Rehder,18213,3276,Exochorda racemosa,,1,,,,,,,
10243,10496,10470,(Fortune ex Lindl.) Rehder,18213,3276,Exochorda racemosa,,1,,,,,,,
10243,10496,10470,Hemsl.,320660,15141,Faberia sinensis,,1,,,,,,,
10243,10496,10470,Beauverd,320661,15141,Faberia thibetica,,1,,,,,,,
10243,10496,10470,(Sam.) A.J.Li,320662,3286,Fagopyrum caudatum,,1,,,,,,,
10243,10496,10470,(Trevir.) Meisn.,440131,3286,Fagopyrum cymosum,,1,,,,,,,
10243,10496,10470,(Hemsl.) Hedberg,144766,3286,Fagopyrum gilesii,,1,,,,,,,
10243,10496,10470,(Hemsl.) Dammer,18268,3286,Fagopyrum gracilipes,,1,,,,,,,
10243,10496,10470,(Diels) Hedberg,144768,3286,Fagopyrum leptopodum,,1,,,,,,,
10243,10496,10470,(Sam.) Haraldson,144769,3286,Fagopyrum lineare,,1,,,,,,,
10243,10496,10470,(H.Lév.) Gross,144774,3286,Fagopyrum statice,,1,,,,,,,
10243,10496,10470,(Bureau & Franch.) Gross,144775,3286,Fagopyrum urophyllum,,1,,,,,,,
10243,10496,10470,Seemen ex Diels,144783,3288,Fagus engleriana,,1,,,,,,,
10243,10496,10470,Palib. ex Hayata,18282,3288,Fagus hayatae,,1,,,,,,,
10243,10496,10470,Oliv.,452164,3288,Fagus sinensis,,1,,,,,,,
10243,10496,10470,Rehder & E.H.Wilson,144786,3288,Fagus lucida,,1,,,,,,,
10243,10496,10470,(L.Henry) Holub,18290,3295,Fallopia aubertii,,1,,,,,,,
10243,10496,10470,(L.) Á.Löve,18292,3295,Fallopia convolvulus,,1,,,,,,,
10243,10496,10470,(Hemsl.) Haraldson,318209,3295,Fallopia cynanchoides,,1,,,,,,,
10243,10496,10470,(F.Schmidt) Holub,144788,3295,Fallopia dentatoalata,,1,,,,,,,
10243,10496,10470,(Thunb.) Moldenke,38034,5962,Reynoutria multiflora,,1,,,,,,,
10243,10496,10470,(L.) Kitam.,18303,3298,Farfugium japonicum,,1,,,,,,,
10243,10496,10470,T.P.Yi,226101,3299,Fargesia adpressa,,1,,,,,,,
10243,10496,10470,(T.P.Yi) Stapleton,457547,13672,Borinda angustissima,,1,,,,,,,
10243,10496,10470,T.P.Yi,226105,3299,Fargesia brevissima,,1,,,,,,,
10243,10496,10470,T.P.Yi,226108,3299,Fargesia canaliculata,,1,,,,,,,
10243,10496,10470,T.P.Yi,226111,3299,Fargesia conferta,,1,,,,,,,
10243,10496,10470,J.L.Lu,226113,3299,Fargesia decurvata,,1,,,,,,,
10243,10496,10470,T.P.Yi,226114,3299,Fargesia denudata,,1,,,,,,,
10243,10496,10470,T.P.Yi,144791,3299,Fargesia dracocephala,,1,,,,,,,
10243,10496,10470,T.P.Yi,226115,3299,Fargesia dulcicula,,1,,,,,,,
10243,10496,10470,T.P.Yi,457548,3299,Fargesia elegans,,1,,,,,,,
10243,10496,10470,(Mitford) Keng f. ex T.P.Yi,151927,3299,Fargesia nitida,,1,,,,,,,
10243,10496,10470,T.P.Yi,226117,3299,Fargesia exposita,,1,,,,,,,
10243,10496,10470,(Keng) T.P.Yi,226103,3299,Fargesia ferax,,1,,,,,,,
10243,10496,10470,(T.P.Yi) Stapleton,452980,13672,Borinda fungosa,,1,,,,,,,
10243,10496,10470,T.P.Yi,226129,3299,Fargesia jiulongensis,,1,,,,,,,
10243,10496,10470,(Hack. ex Hand.-Mazz.) T.P.Yi,226133,3299,Fargesia mairei,,1,,,,,,,
10243,10496,10470,T.P.Yi,226134,3299,Fargesia mali,,1,,,,,,,
10243,10496,10470,(Gamble) T.P.Yi,226135,3299,Fargesia murielae,,1,,,,,,,
10243,10496,10470,(Mitford) Keng f. ex T.P.Yi,151927,3299,Fargesia nitida,,1,,,,,,,
10243,10496,10470,T.P.Yi,226137,3299,Fargesia obliqua,,1,,,,,,,
10243,10496,10470,(Keng) T.P.Yi,226139,3299,Fargesia pauciflora,,1,,,,,,,
10243,10496,10470,T.P.Yi,226145,3299,Fargesia robusta,,1,,,,,,,
10243,10496,10470,T.P.Yi,226146,3299,Fargesia rufa,,1,,,,,,,
10243,10496,10470,T.P.Yi,226147,3299,Fargesia scabrida,,1,,,,,,,
10243,10496,10470,Franch.,18306,3299,Fargesia spathacea,,1,,,,,,,
10243,10496,10470,T.P.Yi,226151,3299,Fargesia stenoclada,,1,,,,,,,
10243,10496,10470,Hsueh f. & T.P.Yi,226162,3299,Fargesia yunnanensis,,1,,,,,,,
10243,10496,10470,Gaudich.,18312,3302,Fatoua pilosa,,1,,,,,,,
10243,10496,10470,(Thunb.) Nakai,18314,3302,Fatoua villosa,,1,,,,,,,
10243,10496,10470,Hand.-Mazz.,316433,3313,Ferula licentiana,,1,,,,,,,
10243,10496,10470,(Diels) H.Wolff,320663,3313,Ferula olivacea,,1,,,,,,,
10243,10496,10470,(Schreb.) Darbysh.,403301,4364,Lolium arundinaceum,,1,,,,,,,
10243,10496,10470,L.Liu,226226,3315,Festuca changduensis,,1,,,,,,,
10243,10496,10470,(St.-Yves) V.I.Krecz. & Bobrov,70830,3315,Festuca coelestis,,1,,,,,,,
10243,10496,10470,Keng ex Keng f.,226266,3315,Festuca dolichantha,,1,,,,,,,
10243,10496,10470,Keng ex E.B.Alexeev,226270,3315,Festuca elata,,1,,,,,,,
10243,10496,10470,Ohwi,18369,3315,Festuca extremiorientalis,,1,,,,,,,
10243,10496,10470,S.L.Lu,226280,3315,Festuca fascinata,,1,,,,,,,
10243,10496,10470,St.-Yves,226284,3315,Festuca forrestii,,1,,,,,,,
10243,10496,10470,(L.) Darbysh.,440143,4364,Lolium giganteum,,1,,,,,,,
10243,10496,10470,Steud.,226365,3315,Festuca modesta,,1,,,,,,,
10243,10496,10470,Makino,226325,3315,Festuca japonica,,1,,,,,,,
10243,10496,10470,Stapf,137209,3315,Festuca leptopogon,,1,,,,,,,
10243,10496,10470,(E.B.Alexeev) Darbysh.,457633,4364,Lolium mazzettianum,,1,,,,,,,
10243,10496,10470,Steud.,226365,3315,Festuca modesta,,1,,,,,,,
10243,10496,10470,Stapf,70833,3315,Festuca nitidula,,1,,,,,,,
10243,10496,10470,L.,18395,3315,Festuca ovina,,1,,,,,,,
10243,10496,10470,Steud.,18396,3315,Festuca parvigluma,,1,,,,,,,
10243,10496,10470,L.,18402,3315,Festuca rubra,,1,,,,,,,
10243,10496,10470,"(L.Liu) Banfi, Galasso, Foggi, Kopecký & Ardenghi",457586,4364,Lolium scabriflorum,,1,,,,,,,
10243,10496,10470,Keng ex E.B.Alexeev,144807,3315,Festuca sinensis,,1,,,,,,,
10243,10496,10470,Stapf,80035,3315,Festuca undata,,1,,,,,,,
10243,10496,10470,Krylov & Ivanitzk.,226722,3315,Festuca tristis,,1,,,,,,,
10243,10496,10470,Stapf,80035,3315,Festuca undata,,1,,,,,,,
10243,10496,10470,Schleich. ex Gaudin,57112,3315,Festuca valesiaca,,1,,,,,,,
10243,10496,10470,Hand.-Mazz.,226739,3315,Festuca vierhapperi,,1,,,,,,,
10243,10496,10470,St.-Yves,226749,3315,Festuca yunnanensis,,1,,,,,,,
10243,10496,10470,Miq.,18421,3322,Ficus abelii,,1,,,,,,,
10243,10496,10470,Blume,18424,3322,Ficus altissima,,1,,,,,,,
10243,10496,10470,Lour.,18433,3322,Ficus auriculata,,1,,,,,,,
10243,10496,10470,Gagnep.,137210,3322,Ficus chapaensis,,1,,,,,,,
10243,10496,10470,(Wall. ex Kurz) Wall. ex King,18452,3322,Ficus chartacea,,1,,,,,,,
10243,10496,10470,(Miq.) Miq.,18455,3322,Ficus concinna,,1,,,,,,,
10243,10496,10470,Corner,124890,3322,Ficus curtipes,,1,,,,,,,
10243,10496,10470,Thunb.,18477,3322,Ficus erecta,,1,,,,,,,
10243,10496,10470,Buch.-Ham. ex Voigt,440151,3322,Ficus triloba,,1,,,,,,,
10243,10496,10470,Maxim.,18482,3322,Ficus formosana,,1,,,,,,,
10243,10496,10470,Sm.,56620,3322,Ficus neriifolia,,1,,,,,,,
10243,10496,10470,X.S.Zhang,18494,3322,Ficus guizhouensis,,1,,,,,,,
10243,10496,10470,Warb. ex Diels,18497,3322,Ficus henryi,,1,,,,,,,
10243,10496,10470,Hemsl.,18498,3322,Ficus heteromorpha,,1,,,,,,,
10243,10496,10470,L.f.,18499,3322,Ficus heterophylla,,1,,,,,,,
10243,10496,10470,Lour.,18579,3322,Ficus simplicissima,,1,,,,,,,
10243,10496,10470,L.f.,18503,3322,Ficus hispida,,1,,,,,,,
10243,10496,10470,Drake,18512,3322,Ficus langkokensis,,1,,,,,,,
10243,10496,10470,L.f.,18528,3322,Ficus microcarpa,,1,,,,,,,
10243,10496,10470,Roth,18535,3322,Ficus nervosa,,1,,,,,,,
10243,10496,10470,Lour.,18433,3322,Ficus auriculata,,1,,,,,,,
10243,10496,10470,Hance,18547,3322,Ficus pandurata,,1,,,,,,,
10243,10496,10470,(Wall. ex Miq.) Brandis,18558,3322,Ficus pubigera,,1,,,,,,,
10243,10496,10470,L.,18560,3322,Ficus pumila,,1,,,,,,,
10243,10496,10470,L.,18563,3322,Ficus racemosa,,1,,,,,,,
10243,10496,10470,Buch.-Ham. ex Sm.,18574,3322,Ficus sarmentosa,,1,,,,,,,
10243,10496,10470,Buch.-Ham. ex Sm.,102715,3322,Ficus semicordata,,1,,,,,,,
10243,10496,10470,H.Lév. & Vaniot,440153,3322,Ficus macropodocarpa,,1,,,,,,,
10243,10496,10470,Buch.-Ham. ex Sm.,121592,3322,Ficus subincisa,,1,,,,,,,
10243,10496,10470,Bureau,18596,3322,Ficus tikoua,,1,,,,,,,
10243,10496,10470,G.Forst.,18597,3322,Ficus tinctoria,,1,,,,,,,
10243,10496,10470,Merr. ex Corner,230345,3322,Ficus tsiangii,,1,,,,,,,
10243,10496,10470,Aiton,18611,3322,Ficus virens,,1,,,,,,,
10243,10496,10470,(L.) Kitam.,144827,12866,Filifolium sibiricum,,1,,,,,,,
10243,10496,10470,(Willd.) Bergmans,445986,3325,Filipendula digitata,,1,,,,,,,
10243,10496,10470,(Wall. ex G.Don) Maxim.,80064,3325,Filipendula vestita,,1,,,,,,,
10243,10496,10470,(Retz.) Vahl,18648,3327,Fimbristylis aestivalis,,1,,,,,,,
10243,10496,10470,(Forssk.) Bubani,18651,3327,Fimbristylis bisumbellata,,1,,,,,,,
10243,10496,10470,(L.) Vahl,18657,3327,Fimbristylis dichotoma,,1,,,,,,,
10243,10496,10470,Makino,18658,3327,Fimbristylis diphylloides,,1,,,,,,,
10243,10496,10470,C.B.Clarke,206719,3327,Fimbristylis henryi,,1,,,,,,,
10243,10496,10470,(Vahl) Kunth,18685,3327,Fimbristylis quinquangularis,,1,,,,,,,
10243,10496,10470,(Burm.f.) Kral,438102,13710,Abildgaardia ovata,,1,,,,,,,
10243,10496,10470,(Vahl) Kunth,18685,3327,Fimbristylis quinquangularis,,1,,,,,,,
10243,10496,10470,Nees,18686,3327,Fimbristylis rigidula,,1,,,,,,,
10243,10496,10470,Vahl,18693,3327,Fimbristylis squarrosa,,1,,,,,,,
10243,10496,10470,Debeaux & Franch.,206798,3327,Fimbristylis stauntonii,,1,,,,,,,
10243,10496,10470,Boeckeler,18696,3327,Fimbristylis thomsonii,,1,,,,,,,
10243,10496,10470,(W.W.Sm.) Hand.-Mazz.,144836,3330,Firmiana major,,1,,,,,,,
10243,10496,10470,(L.) W.Wight,18707,3330,Firmiana simplex,,1,,,,,,,
10243,10496,10470,(Hemsl.) Merr.,18717,3332,Fissistigma oldhamii,,1,,,,,,,
10243,10496,10470,C.B.Clarke ex Prain,121164,3339,Flemingia fluminalis,,1,,,,,,,
10243,10496,10470,Wight & Arn.,78832,3339,Flemingia grahamiana,,1,,,,,,,
10243,10496,10470,(Willd.) Kuntze ex Merr.,18750,3339,Flemingia macrophylla,,1,,,,,,,
10243,10496,10470,Roxb.Junior ex Roxb.,18752,3339,Flemingia prostrata,,1,,,,,,,
10243,10496,10470,Roxb.,120591,3339,Flemingia stricta,,1,,,,,,,
10243,10496,10470,(L.) W.T.Aiton,18753,3339,Flemingia strobilifera,,1,,,,,,,
10243,10496,10470,Wight & Arn.,449739,3339,Flemingia wallichii,,1,,,,,,,
10243,10496,10470,Lindl.,13705,2766,Dendrobium plicatile,,1,,,,,,,
10243,10496,10470,Lour.,18763,3344,Floscopa scandens,,1,,,,,,,
10243,10496,10470,(Croizat) G.L.Webster,179676,3345,Flueggea acicularis,,1,,,,,,,
10243,10496,10470,Willd.,18767,3345,Flueggea leucopyrus,,1,,,,,,,
10243,10496,10470,(Pall.) Baill.,18770,3345,Flueggea suffruticosa,,1,,,,,,,
10243,10496,10470,(Roxb. ex Willd.) Royle,18771,3345,Flueggea virosa,,1,,,,,,,
10243,10496,10470,(Dunn) A.Henry & H H.Thomas,18775,3348,Fokienia hodginsii,,1,,,,,,,
10243,10496,10470,Labill.,440165,3350,Fontanesia philliraeoides,,1,,,,,,,
10243,10496,10470,Stapf,317198,3353,Fordiophyton faberi,,1,,,,,,,
10243,10496,10470,Stapf,317198,3353,Fordiophyton faberi,,1,,,,,,,
10243,10496,10470,W.W.Sm. & J.Small,320664,15167,Formania mekongensis,,1,,,,,,,
10243,10496,10470,Lingelsh.,224482,3359,Forsythia giraldiana,,1,,,,,,,
10243,10496,10470,Ching & K.M.Feng,224483,3359,Forsythia likiangensis,,1,,,,,,,
10243,10496,10470,(Thunb.) Vahl,18805,3359,Forsythia suspensa,,1,,,,,,,
10243,10496,10470,Lindl.,57114,3359,Forsythia viridissima,,1,,,,,,,
10243,10496,10470,Rehder & E.H.Wilson,144861,12869,Fortunearia sinensis,,1,,,,,,,
10243,10496,10470,Thunb.,9790,2310,Citrus japonica,,1,,,,,,,
10243,10496,10470,Thunb.,9790,2310,Citrus japonica,,1,,,,,,,
10243,10496,10470,Losinsk.,137214,3363,Fragaria gracilis,,1,,,,,,,
10243,10496,10470,(Franch.) Cardot,451416,3363,Fragaria moupiensis,,1,,,,,,,
10243,10496,10470,Schltdl. ex J.Gay,18816,3363,Fragaria nilgerrensis,,1,,,,,,,
10243,10496,10470,Losinsk.,102552,3363,Fragaria orientalis,,1,,,,,,,
10243,10496,10470,Losinsk.,317199,3363,Fragaria pentaphylla,,1,,,,,,,
10243,10496,10470,L.,18819,3363,Fragaria vesca,,1,,,,,,,
10243,10496,10470,Diels,224488,3367,Fraxinus baroniana,,1,,,,,,,
10243,10496,10470,A.DC.,144876,3367,Fraxinus bungeana,,1,,,,,,,
10243,10496,10470,Roxb.,18846,3367,Fraxinus chinensis,,1,,,,,,,
10243,10496,10470,Wall.,18848,3367,Fraxinus floribunda,,1,,,,,,,
10243,10496,10470,C.B.Clarke,18849,3367,Fraxinus griffithii,,1,,,,,,,
10243,10496,10470,Hemsl.,18850,3367,Fraxinus insularis,,1,,,,,,,
10243,10496,10470,Rupr.,18851,3367,Fraxinus mandshurica,,1,,,,,,,
10243,10496,10470,Hand.-Mazz. ex E.Peter,224497,3367,Fraxinus odontocalyx,,1,,,,,,,
10243,10496,10470,Lingelsh.,138720,3367,Fraxinus paxiana,,1,,,,,,,
10243,10496,10470,Oliv.,137216,3367,Fraxinus platypoda,,1,,,,,,,
10243,10496,10470,W.W.Sm.,137217,3367,Fraxinus suaveolens,,1,,,,,,,
10243,10496,10470,Lingelsh.,224506,3367,Fraxinus stylosa,,1,,,,,,,
10243,10496,10470,W.W.Sm.,224507,3367,Fraxinus trifoliolata,,1,,,,,,,
10243,10496,10470,D.Don,68789,3373,Fritillaria cirrhosa,,1,,,,,,,
10243,10496,10470,S.C.Chen,216070,3373,Fritillaria crassicaulis,,1,,,,,,,
10243,10496,10470,S.C.Chen,216071,3373,Fritillaria dajinensis,,1,,,,,,,
10243,10496,10470,Franch.,144916,3373,Fritillaria davidii,,1,,,,,,,
10243,10496,10470,Franch.,216073,3373,Fritillaria delavayi,,1,,,,,,,
10243,10496,10470,Migo,216098,3373,Fritillaria monantha,,1,,,,,,,
10243,10496,10470,Maxim. ex Batalin,216106,3373,Fritillaria przewalskii,,1,,,,,,,
10243,10496,10470,S.C.Chen,216115,3373,Fritillaria sichuanica,,1,,,,,,,
10243,10496,10470,S.C.Chen,216116,3373,Fritillaria sinica,,1,,,,,,,
10243,10496,10470,P.Y.Li,216121,3373,Fritillaria taipaiensis,,1,,,,,,,
10243,10496,10470,Miq.,144932,3373,Fritillaria thunbergii,,1,,,,,,,
10243,10496,10470,P.K.Hsiao & K.C.Hsia,160804,3373,Fritillaria unibracteata,,1,,,,,,,
10243,10496,10470,Willd.,144933,3373,Fritillaria verticillata,,1,,,,,,,
10243,10496,10470,Regel,216077,3373,Fritillaria walujewii,,1,,,,,,,
10243,10496,10470,G.D.Yu & Y.S.Zhou,216129,3373,Fritillaria yuzhongensis,,1,,,,,,,
10243,10496,10470,(Turcz. ex Trautv.) Ledeb.,102463,3385,Gagea pauciflora,,1,,,,,,,
10243,10496,10470,Maxim.,19111,3390,Galactia tashiroi,,1,,,,,,,
10243,10496,10470,DC.,102655,3393,Galatella dahurica,,1,,,,,,,
10243,10496,10470,(Benth.) Bendiksby,27949,4568,Matsumurella chinensis,,1,,,,,,,
10243,10496,10470,(C.Y.Wu) Bendiksby,163721,4568,Matsumurella szechuanensis,,1,,,,,,,
10243,10496,10470,Rolfe,137218,3398,Galeola faberi,,1,,,,,,,
10243,10496,10470,Hook.f. & Thomson,449848,2683,Cyrtosia lindleyana,,1,,,,,,,
10243,10496,10470,Boenn.,19132,3399,Galeopsis bifida,,1,,,,,,,
10243,10496,10470,L.,19146,3401,Galium aparine,,1,,,,,,,
10243,10496,10470,Wall.,80075,3401,Galium asperifolium,,1,,,,,,,
10243,10496,10470,Edgew.,56661,3401,Galium asperuloides,,1,,,,,,,
10243,10496,10470,L.,19151,3401,Galium boreale,,1,,,,,,,
10243,10496,10470,Steud.,19153,3401,Galium bungei,,1,,,,,,,
10243,10496,10470,Turcz. ex Ledeb.,124323,3401,Galium dahuricum,,1,,,,,,,
10243,10496,10470,Wall.,19170,3401,Galium elegans,,1,,,,,,,
10243,10496,10470,Hook.f.,138721,3401,Galium exile,,1,,,,,,,
10243,10496,10470,Diels,179877,3401,Galium forrestii,,1,,,,,,,
10243,10496,10470,Nakai & H.Hara,179918,3401,Galium kinuta,,1,,,,,,,
10243,10496,10470,Turcz.,179927,3401,Galium linearifolium,,1,,,,,,,
10243,10496,10470,(Kom.) Pobed.,450142,3401,Galium maximoviczii,,1,,,,,,,
10243,10496,10470,(L.) Scop.,19205,3401,Galium odoratum,,1,,,,,,,
10243,10496,10470,L.,19206,3401,Galium palustre,,1,,,,,,,
10243,10496,10470,(Maxim.) Pobed.,179979,3401,Galium platygalium,,1,,,,,,,
10243,10496,10470,Cufod.,179985,3401,Galium prattii,,1,,,,,,,
10243,10496,10470,Makino,460583,3401,Galium pseudoasprellum,,1,,,,,,,
10243,10496,10470,H.Hara,179994,3401,Galium pusillosetosum,,1,,,,,,,
10243,10496,10470,(Sm.) Griseb.,19215,3401,Galium rivale,,1,,,,,,,
10243,10496,10470,Hand.-Mazz.,137221,3401,Galium salwinense,,1,,,,,,,
10243,10496,10470,Royle ex Hook.f.,71115,3401,Galium serpylloides,,1,,,,,,,
10243,10496,10470,Ehrend.,162888,3401,Galium glabriusculum,,1,,,,,,,
10243,10496,10470,Schrenk ex Fisch. & C.A.Mey.,180020,3401,Galium songaricum,,1,,,,,,,
10243,10496,10470,Cufod.,180030,3401,Galium sungpanense,,1,,,,,,,
10243,10496,10470,L.,19229,3401,Galium trifidum,,1,,,,,,,
10243,10496,10470,Michx.,77411,3401,Galium triflorum,,1,,,,,,,
10243,10496,10470,L.,19236,3401,Galium verum,,1,,,,,,,
10243,10496,10470,C.B.Clarke,136574,12430,Gamblea ciliata,,1,,,,,,,
10243,10496,10470,C.B.Clarke,136574,12430,Gamblea ciliata,,1,,,,,,,
10243,10496,10470,J.Ellis,19335,3410,Gardenia jasminoides,,1,,,,,,,
10243,10496,10470,Merr.,19344,3410,Gardenia stenophylla,,1,,,,,,,
10243,10496,10470,Wall.,19351,3412,Gardneria angustifolia,,1,,,,,,,
10243,10496,10470,Rehder & E.H.Wilson,19352,3412,Gardneria lanceolata,,1,,,,,,,
10243,10496,10470,Makino,316988,3412,Gardneria multiflora,,1,,,,,,,
10243,10496,10470,Siebold & Zucc.,19353,3412,Gardneria nutans,,1,,,,,,,
10243,10496,10470,Boiss. & Buhse,320665,7521,Garhadiolus papposus,,1,,,,,,,
10243,10496,10470,(Munro) Munro ex Benth.,19358,3414,Garnotia patula,,1,,,,,,,
10243,10496,10470,W.W.Sm.,145032,3416,Garuga forrestii,,1,,,,,,,
10243,10496,10470,Roxb.,19366,3416,Garuga pinnata,,1,,,,,,,
10243,10496,10470,(Kraenzl.) Schltr.,180128,3419,Gastrochilus fargesii,,1,,,,,,,
10243,10496,10470,(Hayata) Hayata,137226,3419,Gastrochilus formosanus,,1,,,,,,,
10243,10496,10470,Z.H.Tsi & Garay,180134,3419,Gastrochilus linearifolius,,1,,,,,,,
10243,10496,10470,Z.H.Tsi,180138,3419,Gastrochilus nanchuanensis,,1,,,,,,,
10243,10496,10470,(Lindl.) Kuntze,120603,3419,Gastrochilus obliquus,,1,,,,,,,
10243,10496,10470,S.Chow & S.C.Chen,180160,3420,Gastrodia angusta,,1,,,,,,,
10243,10496,10470,Blume,124377,3420,Gastrodia elata,,1,,,,,,,
10243,10496,10470,Hand.-Mazz.,122158,3425,Gaultheria cardiosepala,,1,,,,,,,
10243,10496,10470,(Rehder & E.H.Wilson) Bean,137228,3425,Gaultheria cuneata,,1,,,,,,,
10243,10496,10470,Wall.,19401,3425,Gaultheria fragrantissima,,1,,,,,,,
10243,10496,10470,Wight,122159,3425,Gaultheria griffithiana,,1,,,,,,,
10243,10496,10470,C.B.Clarke,120605,3425,Gaultheria hookeri,,1,,,,,,,
10243,10496,10470,Airy Shaw,122160,3425,Gaultheria hypochlora,,1,,,,,,,
10243,10496,10470,Blume,19405,3425,Gaultheria leucocarpa,,1,,,,,,,
10243,10496,10470,Blume,19405,3425,Gaultheria leucocarpa,,1,,,,,,,
10243,10496,10470,Y.C.Yang,320666,3425,Gaultheria longiracemosa,,1,,,,,,,
10243,10496,10470,D.Don,79973,3425,Gaultheria nummularioides,,1,,,,,,,
10243,10496,10470,C.Y.Wu,137231,3425,Gaultheria praticola,,1,,,,,,,
10243,10496,10470,(C.B.Clarke) Airy Shaw,121598,3425,Gaultheria semi-infera,,1,,,,,,,
10243,10496,10470,J.Anthony,122163,3425,Gaultheria sinensis,,1,,,,,,,
10243,10496,10470,Royle,68769,3425,Gaultheria trichophylla,,1,,,,,,,
10243,10496,10470,C.Marquand & Airy Shaw,137236,3425,Gaultheria wardii,,1,,,,,,,
10243,10496,10470,(Gardner & Champ.) Benth.,19463,3437,Gelsemium elegans,,1,,,,,,,
10243,10496,10470,Kusn.,19557,3445,Gentiana spathulifolia,,1,,,,,,,
10243,10496,10470,Pall.,77413,3445,Gentiana algida,,1,,,,,,,
10243,10496,10470,Franch.,320667,3445,Gentiana alsinoides,,1,,,,,,,
10243,10496,10470,Harry Sm. ex C.Marquand,320668,3445,Gentiana altorum,,1,,,,,,,
10243,10496,10470,Burkill,317958,3445,Gentiana arethusae,,1,,,,,,,
10243,10496,10470,Maxim.,137239,3445,Gentiana aristata,,1,,,,,,,
10243,10496,10470,Diels,320669,3445,Gentiana asterocalyx,,1,,,,,,,
10243,10496,10470,C.Marquand,320670,3445,Gentiana vernayi,,1,,,,,,,
10243,10496,10470,W.W.Sm.,320671,3445,Gentiana atuntsiensis,,1,,,,,,,
10243,10496,10470,Hemsl.,318211,3445,Gentiana vandellioides,,1,,,,,,,
10243,10496,10470,L.,70775,3445,Gentiana aquatica,,1,,,,,,,
10243,10496,10470,(C.Marquand) Harry Sm.,320672,3445,Gentiana caelestis,,1,,,,,,,
10243,10496,10470,Franch.,122166,3445,Gentiana cephalantha,,1,,,,,,,
10243,10496,10470,Kusn.,317756,3445,Gentiana chinensis,,1,,,,,,,
10243,10496,10470,C.Marquand,317959,3445,Gentiana choanantha,,1,,,,,,,
10243,10496,10470,C.Marquand,320673,3445,Gentiana chungtienensis,,1,,,,,,,
10243,10496,10470,Kusn.,320674,3445,Gentiana clarkei,,1,,,,,,,
10243,10496,10470,Harry Sm.,320675,3445,Gentiana flexicaulis,,1,,,,,,,
10243,10496,10470,Kusn.,320674,3445,Gentiana clarkei,,1,,,,,,,
10243,10496,10470,Duthie ex Burkill,320676,3445,Gentiana crassicaulis,,1,,,,,,,
10243,10496,10470,Harry Sm.,320677,3445,Gentiana crassula,,1,,,,,,,
10243,10496,10470,Harry Sm.,320678,3445,Gentiana cristata,,1,,,,,,,
10243,10496,10470,C.Marquand,317959,3445,Gentiana choanantha,,1,,,,,,,
10243,10496,10470,Bureau & Franch.,137237,3445,Gentiana crassuloides,,1,,,,,,,
10243,10496,10470,Fisch.,310895,3445,Gentiana dahurica,,1,,,,,,,
10243,10496,10470,(C.Marquand) Adr.Favre,451418,20301,Kuepferia damyonensis,,1,,,,,,,
10243,10496,10470,Kar. & Kir.,70781,3445,Gentiana riparia,,1,,,,,,,
10243,10496,10470,Franch.,19547,3445,Gentiana davidii,,1,,,,,,,
10243,10496,10470,Franch.,320679,3445,Gentiana delavayi,,1,,,,,,,
10243,10496,10470,Franch.,316436,3445,Gentiana rubicunda,,1,,,,,,,
10243,10496,10470,Harry Sm.,320680,3445,Gentiana deltoidea,,1,,,,,,,
10243,10496,10470,C.Marquand,320681,3445,Gentiana dendrologi,,1,,,,,,,
10243,10496,10470,T.N.Ho,317588,3445,Gentiana densiflora,,1,,,,,,,
10243,10496,10470,T.N.Ho,320682,3445,Gentiana divaricata,,1,,,,,,,
10243,10496,10470,Balf.f. & Forrest,320683,3445,Gentiana helophila,,1,,,,,,,
10243,10496,10470,Prain & Burkill,317590,3445,Gentiana panthaica,,1,,,,,,,
10243,10496,10470,(C.Marquand) T.N.Ho & S.W.Liu,461196,20314,Metagentiana eurycolpa,,1,,,,,,,
10243,10496,10470,Harry Sm.,320685,3445,Gentiana exigua,,1,,,,,,,
10243,10496,10470,Harry Sm.,137250,3445,Gentiana faucipilosa,,1,,,,,,,
10243,10496,10470,Franch.,316436,3445,Gentiana rubicunda,,1,,,,,,,
10243,10496,10470,Harry Sm.,320675,3445,Gentiana flexicaulis,,1,,,,,,,
10243,10496,10470,Kusn.,320686,3445,Gentiana franchetiana,,1,,,,,,,
10243,10496,10470,Diels & Gilg,320687,3445,Gentiana futtereri,,1,,,,,,,
10243,10496,10470,Diels,137253,3445,Gentiana georgei,,1,,,,,,,
10243,10496,10470,Burkill,138724,3445,Gentiana albicalyx,,1,,,,,,,
10243,10496,10470,Harry Sm.,137254,3445,Gentiana handeliana,,1,,,,,,,
10243,10496,10470,Kanitz,310920,3445,Gentiana haynaldii,,1,,,,,,,
10243,10496,10470,Harry Sm.,320688,3445,Gentiana heleonastes,,1,,,,,,,
10243,10496,10470,Maxim. ex Kusn.,320689,3445,Gentiana hexaphylla,,1,,,,,,,
10243,10496,10470,Ma & E.W.Ma ex T.N.Ho,320690,3445,Gentiana hirsuta,,1,,,,,,,
10243,10496,10470,Harry Sm.,320675,3445,Gentiana flexicaulis,,1,,,,,,,
10243,10496,10470,T.N.Ho,320691,3445,Gentiana jingdongensis,,1,,,,,,,
10243,10496,10470,Burkill,145075,3445,Gentiana lawrencei,,1,,,,,,,
10243,10496,10470,(Balf.f. & Forrest) T.N.Ho & S.W.Liu,461197,20314,Metagentiana leptoclada,,1,,,,,,,
10243,10496,10470,Maxim.,70779,3445,Gentiana leucomelaena,,1,,,,,,,
10243,10496,10470,Harry Sm.,320693,3445,Gentiana licentii,,1,,,,,,,
10243,10496,10470,Franch.,320694,3445,Gentiana lineolata,,1,,,,,,,
10243,10496,10470,(G.Don) Griseb.,19551,3445,Gentiana loureiroi,,1,,,,,,,
10243,10496,10470,Harry Sm.,319771,3445,Gentiana pseudosquarrosa,,1,,,,,,,
10243,10496,10470,C.Marquand,320673,3445,Gentiana chungtienensis,,1,,,,,,,
10243,10496,10470,Pall.,102612,3445,Gentiana macrophylla,,1,,,,,,,
10243,10496,10470,Franch.,138728,3445,Gentiana maeulchanensis,,1,,,,,,,
10243,10496,10470,H.Lév.,320695,3445,Gentiana mairei,,1,,,,,,,
10243,10496,10470,Burkill,320696,3445,Gentiana micantiformis,,1,,,,,,,
10243,10496,10470,Franch.,320697,3445,Gentiana microdonta,,1,,,,,,,
10243,10496,10470,C.Marquand,137257,3445,Gentiana moniliformis,,1,,,,,,,
10243,10496,10470,Franch.,318210,3445,Gentiana myrioclada,,1,,,,,,,
10243,10496,10470,C.Marquand,320698,3445,Gentiana nanobella,,1,,,,,,,
10243,10496,10470,(G.Don) Griseb.,19551,3445,Gentiana loureiroi,,1,,,,,,,
10243,10496,10470,C.Marquand,320699,3445,Gentiana pubigera,,1,,,,,,,
10243,10496,10470,Edgew.,70780,3445,Gentiana nubigena,,1,,,,,,,
10243,10496,10470,Harry Sm.,316267,3445,Gentiana officinalis,,1,,,,,,,
10243,10496,10470,Harry Sm.,317757,3445,Gentiana oligophylla,,1,,,,,,,
10243,10496,10470,Franch.,320697,3445,Gentiana microdonta,,1,,,,,,,
10243,10496,10470,Harry Sm.,137259,3445,Gentiana oreodoxa,,1,,,,,,,
10243,10496,10470,Prain & Burkill,317590,3445,Gentiana panthaica,,1,,,,,,,
10243,10496,10470,Franch.,320700,3445,Gentiana papillosa,,1,,,,,,,
10243,10496,10470,Harry Sm.,320701,3445,Gentiana parvula,,1,,,,,,,
10243,10496,10470,Harry Sm.,320702,3445,Gentiana pedata,,1,,,,,,,
10243,10496,10470,C.B.Clarke,137262,3445,Gentiana phyllocalyx,,1,,,,,,,
10243,10496,10470,Franch.,320697,3445,Gentiana microdonta,,1,,,,,,,
10243,10496,10470,Maxim.,317758,3445,Gentiana piasezkii,,1,,,,,,,
10243,10496,10470,Franch.,320703,3445,Gentiana picta,,1,,,,,,,
10243,10496,10470,C.Marquand,320704,3445,Gentiana praeclara,,1,,,,,,,
10243,10496,10470,Franch.,320705,3445,Gentiana praticola,,1,,,,,,,
10243,10496,10470,Kusn.,320706,3445,Gentiana prattii,,1,,,,,,,
10243,10496,10470,(Franch.) T.N.Ho & S.W.Liu,461198,20314,Metagentiana primuliflora,,1,,,,,,,
10243,10496,10470,T.N.Ho,320708,3445,Gentiana producta,,1,,,,,,,
10243,10496,10470,L.,70775,3445,Gentiana aquatica,,1,,,,,,,
10243,10496,10470,Harry Sm.,319771,3445,Gentiana pseudosquarrosa,,1,,,,,,,
10243,10496,10470,(Franch.) T.N.Ho & S.W.Liu,461199,20314,Metagentiana pterocalyx,,1,,,,,,,
10243,10496,10470,C.Marquand,320699,3445,Gentiana pubigera,,1,,,,,,,
10243,10496,10470,C.Marquand,320699,3445,Gentiana pubigera,,1,,,,,,,
10243,10496,10470,Haenke,70778,3445,Gentiana prostrata,,1,,,,,,,
10243,10496,10470,Pall.,77413,3445,Gentiana algida,,1,,,,,,,
10243,10496,10470,T.N.Ho,137263,3445,Gentiana qiujiangensis,,1,,,,,,,
10243,10496,10470,C.Marquand,320710,3445,Gentiana radiata,,1,,,,,,,
10243,10496,10470,C.B.Clarke,138732,3445,Gentiana recurvata,,1,,,,,,,
10243,10496,10470,(Franch.) T.N.Ho & S.W.Liu,451422,20314,Metagentiana rhodantha,,1,,,,,,,
10243,10496,10470,Kurz,121172,3445,Gentiana crassa,,1,,,,,,,
10243,10496,10470,Franch.,316436,3445,Gentiana rubicunda,,1,,,,,,,
10243,10496,10470,Bunge,19555,3445,Gentiana scabra,,1,,,,,,,
10243,10496,10470,C.Marquand,320711,3445,Gentiana simulatrix,,1,,,,,,,
10243,10496,10470,Balf.f.,122171,3445,Gentiana sino-ornata,,1,,,,,,,
10243,10496,10470,Maxim. ex Kusn.,316437,3445,Gentiana siphonantha,,1,,,,,,,
10243,10496,10470,(Franch.) Adr.Favre & Y.M.Yuan,461200,20541,Sinogentiana souliei,,1,,,,,,,
10243,10496,10470,Kusn.,19557,3445,Gentiana spathulifolia,,1,,,,,,,
10243,10496,10470,Ledeb.,19558,3445,Gentiana squarrosa,,1,,,,,,,
10243,10496,10470,Harry Sm.,137266,3445,Gentiana stellulata,,1,,,,,,,
10243,10496,10470,Edgew.,79980,3445,Gentiana stipitata,,1,,,,,,,
10243,10496,10470,Maxim.,145076,3445,Gentiana straminea,,1,,,,,,,
10243,10496,10470,(Maxim.) Adr.Favre & Y.M.Yuan,461201,20541,Sinogentiana striata,,1,,,,,,,
10243,10496,10470,C.Marquand,320714,3445,Gentiana wilsonii,,1,,,,,,,
10243,10496,10470,C.Marquand,320715,3445,Gentiana suborbisepala,,1,,,,,,,
10243,10496,10470,S.W.Liu,320716,3445,Gentiana subuliformis,,1,,,,,,,
10243,10496,10470,C.Marquand,320673,3445,Gentiana chungtienensis,,1,,,,,,,
10243,10496,10470,Franch.,320717,3445,Gentiana sutchuenensis,,1,,,,,,,
10243,10496,10470,Diels & Gilg,320718,3445,Gentiana tricolor,,1,,,,,,,
10243,10496,10470,Kanitz,320719,3445,Gentiana szechenyii,,1,,,,,,,
10243,10496,10470,Balf.f. & Forrest,137255,3445,Gentiana taliensis,,1,,,,,,,
10243,10496,10470,Franch.,320720,3445,Gentiana tatsienensis,,1,,,,,,,
10243,10496,10470,Maxim. ex Kusn.,320721,3445,Gentiana tetraphylla,,1,,,,,,,
10243,10496,10470,King ex Hook.f.,310921,3445,Gentiana tibetica,,1,,,,,,,
10243,10496,10470,Franch.,320722,3445,Gentiana tongolensis,,1,,,,,,,
10243,10496,10470,Kusn.,320723,3445,Gentiana trichotoma,,1,,,,,,,
10243,10496,10470,Pall.,19560,3445,Gentiana triflora,,1,,,,,,,
10243,10496,10470,(G.Don) Griseb.,79981,3445,Gentiana tubiflora,,1,,,,,,,
10243,10496,10470,Hemsl.,318211,3445,Gentiana vandellioides,,1,,,,,,,
10243,10496,10470,Hemsl.,137268,3445,Gentiana veitchiorum,,1,,,,,,,
10243,10496,10470,Harry Sm. ex C.Marquand,320724,3445,Gentiana viatrix,,1,,,,,,,
10243,10496,10470,(H.W.Li ex T.N.Ho) T.N.Ho & S.W.Liu,461202,20314,Metagentiana villifera,,1,,,,,,,
10243,10496,10470,W.W.Sm.,122172,3445,Gentiana wardii,,1,,,,,,,
10243,10496,10470,W.W.Sm.,122172,3445,Gentiana wardii,,1,,,,,,,
10243,10496,10470,C.Marquand,320726,3445,Gentiana wasenensis,,1,,,,,,,
10243,10496,10470,C.Marquand,320714,3445,Gentiana wilsonii,,1,,,,,,,
10243,10496,10470,T.N.Ho,320727,3445,Gentiana winchuanensis,,1,,,,,,,
10243,10496,10470,Burkill,145077,3445,Gentiana yokusai,,1,,,,,,,
10243,10496,10470,Franch.,320728,3445,Gentiana yunnanensis,,1,,,,,,,
10243,10496,10470,T.N.Ho & S.W.Liu,320729,3445,Gentiana zekuensis,,1,,,,,,,
10243,10496,10470,(C.Marquand) T.N.Ho,320730,3446,Gentianella anomala,,1,,,,,,,
10243,10496,10470,(Bunge) Holub,70785,3446,Gentianella azurea,,1,,,,,,,
10243,10496,10470,(Franch.) Harry Sm.,320731,3446,Gentianella gentianoides,,1,,,,,,,
10243,10496,10470,(Froel.) Ma,77415,3447,Gentianopsis barbata,,1,,,,,,,
10243,10496,10470,(Royle) Ma,315197,3447,Gentianopsis contorta,,1,,,,,,,
10243,10496,10470,(Harry Sm.) Ma,320732,3447,Gentianopsis grandis,,1,,,,,,,
10243,10496,10470,(Hook.f.) Ma,19613,3447,Gentianopsis paludosa,,1,,,,,,,
10243,10496,10470,(Lam.) Schltr.,19620,3451,Geodorum densiflorum,,1,,,,,,,
10243,10496,10470,Ledeb.,102578,3456,Geranium albiflorum,,1,,,,,,,
10243,10496,10470,Stephan ex Willd.,70799,3456,Geranium collinum,,1,,,,,,,
10243,10496,10470,DC.,102579,3456,Geranium dahuricum,,1,,,,,,,
10243,10496,10470,Franch.,137269,3456,Geranium delavayi,,1,,,,,,,
10243,10496,10470,Sweet,137270,3456,Geranium donianum,,1,,,,,,,
10243,10496,10470,Stapf,320733,3456,Geranium farreri,,1,,,,,,,
10243,10496,10470,R.Knuth,137271,3456,Geranium franchetii,,1,,,,,,,
10243,10496,10470,(Franch.) R.Knuth,320734,3456,Geranium hispidissimum,,1,,,,,,,
10243,10496,10470,Franch. & Sav.,294500,3456,Geranium krameri,,1,,,,,,,
10243,10496,10470,Regel & Maack,294262,3456,Geranium maximowiczii,,1,,,,,,,
10243,10496,10470,Franch.,320735,3456,Geranium moupinense,,1,,,,,,,
10243,10496,10470,Franch.,137272,3456,Geranium napuligerum,,1,,,,,,,
10243,10496,10470,Sweet,19662,3456,Geranium nepalense,,1,,,,,,,
10243,10496,10470,Jacquem. ex Cambess.,443921,3456,Geranium ocellatum,,1,,,,,,,
10243,10496,10470,Franch.,137269,3456,Geranium delavayi,,1,,,,,,,
10243,10496,10470,Duthie,102580,3456,Geranium platyanthum,,1,,,,,,,
10243,10496,10470,Franch.,320736,3456,Geranium pogonanthum,,1,,,,,,,
10243,10496,10470,Edgew. & Hook.f.,137273,3456,Geranium polyanthes,,1,,,,,,,
10243,10496,10470,L.,19668,3456,Geranium pratense,,1,,,,,,,
10243,10496,10470,Maxim.,320737,3456,Geranium pylzowianum,,1,,,,,,,
10243,10496,10470,Edgew. & Hook.f.,137274,3456,Geranium refractum,,1,,,,,,,
10243,10496,10470,L.,19675,3456,Geranium robertianum,,1,,,,,,,
10243,10496,10470,R.Knuth,317476,3456,Geranium rosthornii,,1,,,,,,,
10243,10496,10470,L.,19680,3456,Geranium sibiricum,,1,,,,,,,
10243,10496,10470,R.Knuth,320738,3456,Geranium sinense,,1,,,,,,,
10243,10496,10470,R.Knuth,137275,3456,Geranium strictipes,,1,,,,,,,
10243,10496,10470,Franch.,320739,3456,Geranium umbelliforme,,1,,,,,,,
10243,10496,10470,Maxim.,19689,3456,Geranium wilfordii,,1,,,,,,,
10243,10496,10470,Fisch. ex Link,102583,3456,Geranium wlassovianum,,1,,,,,,,
10243,10496,10470,Franch.,122173,3456,Geranium yunnanense,,1,,,,,,,
10243,10496,10470,(L.) Nakai,25009,4202,Leibnitzia anandria,,1,,,,,,,
10243,10496,10470,(Royle) X.D.Xu & V.A.Funk,443933,20153,Oreoseris gossypina,,1,,,,,,,
10243,10496,10470,(Kunze) Kitam.,138785,4202,Leibnitzia nepalensis,,1,,,,,,,
10243,10496,10470,(Dunn) W.Zheng & J.Wen,460968,20153,Oreoseris henryi,,1,,,,,,,
10243,10496,10470,(Kunze) Kitam.,138785,4202,Leibnitzia nepalensis,,1,,,,,,,
10243,10496,10470,DC.,450242,20153,Oreoseris nivea,,1,,,,,,,
10243,10496,10470,(L.) Cass.,19695,3458,Gerbera piloselloides,,1,,,,,,,
10243,10496,10470,(Franch.) Kitam.,138786,4202,Leibnitzia ruficoma,,1,,,,,,,
10243,10496,10470,(Royle) X.D.Xu & V.A.Funk,443933,20153,Oreoseris gossypina,,1,,,,,,,
10243,10496,10470,(Royle) X.D.Xu & V.A.Funk,443933,20153,Oreoseris gossypina,,1,,,,,,,
10243,10496,10470,Jacq.,19757,3464,Geum aleppicum,,1,,,,,,,
10243,10496,10470,Thunb.,19763,3464,Geum japonicum,,1,,,,,,,
10243,10496,10470,L.,19798,3471,Ginkgo biloba,,1,,,,,,,
10243,10496,10470,(Link) Friis,19811,3473,Girardinia diversifolia,,1,,,,,,,
10243,10496,10470,Planch.,19817,3474,Gironniera subaequalis,,1,,,,,,,
10243,10496,10470,(Y.X.Lin) Christenh.,461203,6763,Thelypteris emeiensis,,1,,,,,,,
10243,10496,10470,(Ching) Christenh.,460945,6763,Thelypteris eriocarpa,,1,,,,,,,
10243,10496,10470,(Wall. ex Hook.) Ching,44861,6763,Thelypteris erubescens,,1,,,,,,,
10243,10496,10470,Christenh.,461204,6763,Thelypteris gondorica,,1,,,,,,,
10243,10496,10470,(Christ) Ching,460892,6763,Thelypteris rufostraminea,,1,,,,,,,
10243,10496,10470,(Ching) Christenh.,460893,6763,Thelypteris splendens,,1,,,,,,,
10243,10496,10470,"(L.) Galasso, Banfi & Soldano",27141,4439,Lysimachia maritima,,1,,,,,,,
10243,10496,10470,Hu,423608,12453,Gleadovia mupinensis,,1,,,,,,,
10243,10496,10470,Gamble & Prain,137276,12453,Gleadovia ruborum,,1,,,,,,,
10243,10496,10470,(Diels) C.Y.Wu & C.Chen,180254,3483,Glechoma biondiana,,1,,,,,,,
10243,10496,10470,L.,19845,3483,Glechoma hederacea,,1,,,,,,,
10243,10496,10470,(Nakai) Kuprian.,19847,3483,Glechoma longituba,,1,,,,,,,
10243,10496,10470,Miq.,137277,3484,Gleditsia japonica,,1,,,,,,,
10243,10496,10470,D.Gordon ex Y.T.Lee,19850,3484,Gleditsia microphylla,,1,,,,,,,
10243,10496,10470,Lam.,19851,3484,Gleditsia sinensis,,1,,,,,,,
10243,10496,10470,(A.Gray) F.Schmidt ex Miq.,19853,3485,Glehnia littoralis,,1,,,,,,,
10243,10496,10470,Z.Y.Zhu,206946,3491,Globba emeiensis,,1,,,,,,,
10243,10496,10470,Sm.,121603,3491,Globba racemosa,,1,,,,,,,
10243,10496,10470,(Banks) Müll.Arg.,19889,3493,Glochidion coccineum,,1,,,,,,,
10243,10496,10470,(Müll.Arg.) Kurz,19892,3493,Glochidion daltonii,,1,,,,,,,
10243,10496,10470,Wight,19893,3493,Glochidion ellipticum,,1,,,,,,,
10243,10496,10470,Champ. ex Benth.,19894,3493,Glochidion eriocarpum,,1,,,,,,,
10243,10496,10470,(Roxb.) Voigt,19900,3493,Glochidion lanceolarium,,1,,,,,,,
10243,10496,10470,(Cav.) C.B.Rob.,19909,3493,Glochidion philippicum,,1,,,,,,,
10243,10496,10470,(L.) Hutch.,19910,3493,Glochidion puberum,,1,,,,,,,
10243,10496,10470,Blume,19912,3493,Glochidion rubrum,,1,,,,,,,
10243,10496,10470,(Blanco) C.B.Rob.,19921,3493,Glochidion triandrum,,1,,,,,,,
10243,10496,10470,Hutch.,19924,3493,Glochidion wilsonii,,1,,,,,,,
10243,10496,10470,Torr.,19947,3506,Glyceria acutiflora,,1,,,,,,,
10243,10496,10470,(Maxim.) Kom.,226830,3506,Glyceria leptorhiza,,1,,,,,,,
10243,10496,10470,(Hartm.) Holmb.,19955,3506,Glyceria maxima,,1,,,,,,,
10243,10496,10470,C.B.Clarke,137278,3506,Glyceria tonglensis,,1,,,,,,,
10243,10496,10470,(Labill.) Benth.,19967,3507,Glycine tabacina,,1,,,,,,,
10243,10496,10470,Maxim.,145188,3509,Glycyrrhiza pallidiflora,,1,,,,,,,
10243,10496,10470,(Loes. & Rehder) C.Y.Cheng & Q.S.Ma,320747,3510,Glyptopetalum aquifolium,,1,,,,,,,
10243,10496,10470,(H.Lév.) Ding Hou,19978,3510,Glyptopetalum feddei,,1,,,,,,,
10243,10496,10470,(Chun & F.C.How) C.Y.Cheng,19980,3510,Glyptopetalum geloniifolium,,1,,,,,,,
10243,10496,10470,(Franch.) C.Y.Cheng & Q.S.Ma,320748,3510,Glyptopetalum ilicifolium,,1,,,,,,,
10243,10496,10470,(D.Don) K.Koch,19984,3511,Glyptostrobus pensilis,,1,,,,,,,
10243,10496,10470,Dop,180548,3512,Gmelina delavayana,,1,,,,,,,
10243,10496,10470,Cham.,19996,3512,Gmelina philippensis,,1,,,,,,,
10243,10496,10470,(DC.) Y.S.Chen,430801,5801,Pseudognaphalium adnatum,,1,,,,,,,
10243,10496,10470,(D.Don) Anderb.,36454,5801,Pseudognaphalium affine,,1,,,,,,,
10243,10496,10470,(Franch.) Hilliard & B.L.Burtt,461205,5801,Pseudognaphalium chrysocephalum,,1,,,,,,,
10243,10496,10470,(Kitam.) Anderb.,320751,5801,Pseudognaphalium flavescens,,1,,,,,,,
10243,10496,10470,(DC.) Hilliard & B.L.Burtt,36459,5801,Pseudognaphalium hypoleucum,,1,,,,,,,
10243,10496,10470,(Thunb.) Holub,17311,3215,Euchiton japonicus,,1,,,,,,,
10243,10496,10470,(L.) Hilliard & B.L.Burtt,440265,5801,Pseudognaphalium luteoalbum,,1,,,,,,,
10243,10496,10470,(Y.Ling & Y.Q.Tseng) Holub,460894,5095,Omalotheca nanchuanensis,,1,,,,,,,
10243,10496,10470,(Willd.) Cabrera,440188,3405,Gamochaeta pensylvanica,,1,,,,,,,
10243,10496,10470,Dunn,179409,3523,Gomphostemma microdon,,1,,,,,,,
10243,10496,10470,Thunb.,20113,3532,Gonocarpus micranthus,,1,,,,,,,
10243,10496,10470,(Miers) Kurz,20119,3533,Gonocaryum lobbianum,,1,,,,,,,
10243,10496,10470,Blume,439476,6893,Trichomanes minutum,,1,,,,,,,
10243,10496,10470,(Blume) Miq.,402200,3537,Gonostegia triandra,,1,,,,,,,
10243,10496,10470,(Lindl.) Hook.f.,137282,3542,Goodyera biflora,,1,,,,,,,
10243,10496,10470,(Lindl.) Benth. ex C.B.Clarke,20177,3542,Goodyera foliosa,,1,,,,,,,
10243,10496,10470,Rolfe,20180,3542,Goodyera henryi,,1,,,,,,,
10243,10496,10470,(Ker Gawl.) Hook.,20184,3542,Goodyera procera,,1,,,,,,,
10243,10496,10470,(L.) R.Br.,20185,3542,Goodyera repens,,1,,,,,,,
10243,10496,10470,Rchb.f.,20188,3542,Goodyera schlechtendaliana,,1,,,,,,,
10243,10496,10470,Schltr.,454664,3542,Goodyera serpens,,1,,,,,,,
10243,10496,10470,Blume,440282,3542,Goodyera similis,,1,,,,,,,
10243,10496,10470,Schltr.,180635,3542,Goodyera yunnanensis,,1,,,,,,,
10243,10496,10470,(L.) Poir.,20378,3554,Grangea maderaspatana,,1,,,,,,,
10243,10496,10470,Hung T.Chang,320752,3565,Grewia angustisepala,,1,,,,,,,
10243,10496,10470,G.Don,20430,3565,Grewia biloba,,1,,,,,,,
10243,10496,10470,C.Y.Wu,137287,3565,Grewia brachypoda,,1,,,,,,,
10243,10496,10470,Burret,320753,3565,Grewia cuspidatoserrata,,1,,,,,,,
10243,10496,10470,Juss.,20437,3565,Grewia eriocarpa,,1,,,,,,,
10243,10496,10470,Ulbr.,316989,14839,Gueldenstaedtia henryi,,1,,,,,,,
10243,10496,10470,W.L.Sha & X.X.Chen,460684,14839,Gueldenstaedtia guangxiensis,,1,,,,,,,
10243,10496,10470,(Georgi) Boriss.,308628,14839,Gueldenstaedtia verna,,1,,,,,,,
10243,10496,10470,(L.) R.Br.,20681,3596,Gymnadenia conopsea,,1,,,,,,,
10243,10496,10470,Finet,137291,3596,Gymnadenia crassinervis,,1,,,,,,,
10243,10496,10470,K.Y.Lang,180732,3596,Gymnadenia emeiensis,,1,,,,,,,
10243,10496,10470,Lindl.,137292,3596,Gymnadenia orchidis,,1,,,,,,,
10243,10496,10470,Tsiang,320754,3600,Gymnema longiretinaculatum,,1,,,,,,,
10243,10496,10470,(Baker) Ching,20704,3601,Gymnocarpium oyamense,,1,,,,,,,
10243,10496,10470,(Hayata) Ching,460665,3601,Gymnocarpium remotipinnatum,,1,,,,,,,
10243,10496,10470,(Hoffm.) Newman,20705,3601,Gymnocarpium robertianum,,1,,,,,,,
10243,10496,10470,Baill.,122190,8172,Gymnocladus chinensis,,1,,,,,,,
10243,10496,10470,Decne.,125363,11866,Gymnotheca chinensis,,1,,,,,,,
10243,10496,10470,C.Pei,145748,11866,Gymnotheca involucrata,,1,,,,,,,
10243,10496,10470,Cogn. ex Oliv.,318216,3616,Gynostemma cardiospermum,,1,,,,,,,
10243,10496,10470,C.Y.Wu,137293,3616,Gynostemma longipes,,1,,,,,,,
10243,10496,10470,(Thunb.) Makino,20760,3616,Gynostemma pentaphyllum,,1,,,,,,,
10243,10496,10470,(Roxb. ex Willd.) DC.,20765,3618,Gynura bicolor,,1,,,,,,,
10243,10496,10470,(D.Don) S.Moore,122192,3618,Gynura cusimbua,,1,,,,,,,
10243,10496,10470,Kitam.,20768,3618,Gynura formosana,,1,,,,,,,
10243,10496,10470,(Thunb.) Juel,20769,3618,Gynura japonica,,1,,,,,,,
10243,10496,10470,(Lour.) Merr.,20772,3618,Gynura procumbens,,1,,,,,,,
10243,10496,10470,Hand.-Mazz.,316271,3619,Gypsophila licentiana,,1,,,,,,,
10243,10496,10470,Miq.,155869,3619,Gypsophila oldhamiana,,1,,,,,,,
10243,10496,10470,J.Krause,316272,3619,Gypsophila tschiliensis,,1,,,,,,,
10243,10496,10470,Schltr.,180760,3625,Habenaria acianthoides,,1,,,,,,,
10243,10496,10470,Wall. ex Lindl.,121611,3625,Habenaria acuifera,,1,,,,,,,
10243,10496,10470,Schltr.,180795,3625,Habenaria balfouriana,,1,,,,,,,
10243,10496,10470,Kraenzl.,20803,3625,Habenaria ciliolaris,,1,,,,,,,
10243,10496,10470,Franch.,180861,3625,Habenaria davidii,,1,,,,,,,
10243,10496,10470,Finet,120622,3625,Habenaria delavayi,,1,,,,,,,
10243,10496,10470,(Sw.) Schltr.,20805,3625,Habenaria dentata,,1,,,,,,,
10243,10496,10470,(Nimmo) Dalzell,83977,3625,Habenaria diphylla,,1,,,,,,,
10243,10496,10470,Schltr.,180875,3625,Habenaria diplonema,,1,,,,,,,
10243,10496,10470,Finet,180900,3625,Habenaria fargesii,,1,,,,,,,
10243,10496,10470,Schltr.,180904,3625,Habenaria finetiana,,1,,,,,,,
10243,10496,10470,Bureau & Franch.,455609,3625,Habenaria glaucifolia,,1,,,,,,,
10243,10496,10470,Schltr.,181003,3625,Habenaria limprichtii,,1,,,,,,,
10243,10496,10470,Lindl.,20813,3625,Habenaria linguella,,1,,,,,,,
10243,10496,10470,Schltr.,137295,3625,Habenaria mairei,,1,,,,,,,
10243,10496,10470,(Blanco) Merr.,20815,3625,Habenaria malintana,,1,,,,,,,
10243,10496,10470,Gagnep.,181099,3625,Habenaria petelotii,,1,,,,,,,
10243,10496,10470,Rolfe,20820,3625,Habenaria polytricha,,1,,,,,,,
10243,10496,10470,Wall. ex Lindl.,121190,3625,Habenaria rostrata,,1,,,,,,,
10243,10496,10470,Schltr.,181199,3625,Habenaria szechuanica,,1,,,,,,,
10243,10496,10470,Schltr.,181207,3625,Habenaria tibetica,,1,,,,,,,
10243,10496,10470,K.Y.Lang,181254,3625,Habenaria wolongensis,,1,,,,,,,
10243,10496,10470,Tang & F.T.Wang,454688,3625,Habenaria yueana,,1,,,,,,,
10243,10496,10470,(Diels) I.M.Johnst.,316440,9390,Hackelia brachytuba,,1,,,,,,,
10243,10496,10470,(Y.S.Lian & J.Q.Wang) Riedl,320755,9390,Hackelia difformis,,1,,,,,,,
10243,10496,10470,(Royle ex Benth.) C.E.C.Fisch.,79910,9390,Hackelia uncinata,,1,,,,,,,
10243,10496,10470,(L.) Kuntze,20845,3628,Hackelochloa granularis,,1,,,,,,,
10243,10496,10470,(L.) Cornaz,20870,3635,Halenia corniculata,,1,,,,,,,
10243,10496,10470,D.Don,56663,3635,Halenia elliptica,,1,,,,,,,
10243,10496,10470,(Adams) Kom.,71053,3636,Halerpestes sarmentosa,,1,,,,,,,
10243,10496,10470,(Maxim.) Hand.-Mazz.,71054,3636,Halerpestes tricuspis,,1,,,,,,,
10243,10496,10470,(H.Lév.) Kudô,181271,13911,Hanceola cavaleriei,,1,,,,,,,
10243,10496,10470,(Hemsl.) Kudô,181277,13911,Hanceola sinensis,,1,,,,,,,
10243,10496,10470,Y.Z.Sun ex G.Y.Wu,181278,13911,Hanceola tuberifera,,1,,,,,,,
10243,10496,10470,(H.Lév.) Rehder,145890,12913,Handeliodendron bodinieri,,1,,,,,,,
10243,10496,10470,C.Y.Wu & H.Li,121192,11627,Hapaline ellipticifolia,,1,,,,,,,
10243,10496,10470,(Mett. ex Hieron.) E.H.Crane,231768,3658,Haplopteris doniana,,1,,,,,,,
10243,10496,10470,(Sw.) E.H.Crane,440372,3658,Haplopteris elongata,,1,,,,,,,
10243,10496,10470,(Fée) E.H.Crane,20940,3658,Haplopteris flexuosa,,1,,,,,,,
10243,10496,10470,(Makino) E.H.Crane,231769,3658,Haplopteris fudzinoi,,1,,,,,,,
10243,10496,10470,(Copel.) E.H.Crane,20946,3658,Haplopteris taeniophylla,,1,,,,,,,
10243,10496,10470,(Hayata) X.C.Zhang,20945,3658,Haplopteris mediosora,,1,,,,,,,
10243,10496,10470,(Hand.-Mazz.) J.B.Tan & X.G.Ma,461206,14814,Hansenia phaea,,1,,,,,,,
10243,10496,10470,(Hack.) B.S.Sun & S.Wang,226858,11829,Harpachne harpachnoides,,1,,,,,,,
10243,10496,10470,H.Wolff,320757,15169,Harrysmithia heterophylla,,1,,,,,,,
10243,10496,10470,K.Koch,56720,3681,Hedera nepalensis,,1,,,,,,,
10243,10496,10470,(Miq.) Paul,21040,3681,Hedera rhombea,,1,,,,,,,
10243,10496,10470,(Tobler) Hand.-Mazz.,21041,3681,Hedera sinensis,,1,,,,,,,
10243,10496,10470,(Thomson) Ostenf.,445393,20196,Hedinia tibetica,,1,,,,,,,
10243,10496,10470,J.Koenig,21060,3685,Hedychium coronarium,,1,,,,,,,
10243,10496,10470,Carey ex Roscoe,21061,3685,Hedychium flavescens,,1,,,,,,,
10243,10496,10470,Roxb.,21062,3685,Hedychium flavum,,1,,,,,,,
10243,10496,10470,Diels,123025,3685,Hedychium forrestii,,1,,,,,,,
10243,10496,10470,Sm.,80092,3685,Hedychium spicatum,,1,,,,,,,
10243,10496,10470,Gagnep.,137299,3685,Hedychium yunnanense,,1,,,,,,,
10243,10496,10470,Merr. & Chun,21068,3686,Hedyosmum orientale,,1,,,,,,,
10243,10496,10470,Champ. ex Benth.,21071,3687,Hedyotis acutangula,,1,,,,,,,
10243,10496,10470,(Cham. & Schltdl.) Benth.,440413,19103,Scleromitrion angustifolium,,1,,,,,,,
10243,10496,10470,(L.) Bremek.,440414,3271,Exallage auricularia,,1,,,,,,,
10243,10496,10470,(Palib.) Neupane & N.Wikstr.,440418,3271,Exallage chrysotricha,,1,,,,,,,
10243,10496,10470,L.,30739,5083,Oldenlandia corymbosa,,1,,,,,,,
10243,10496,10470,(Willd.) R.J.Wang,362866,19103,Scleromitrion diffusum,,1,,,,,,,
10243,10496,10470,Dunn,440429,3687,Hedyotis paridifolia,,1,,,,,,,
10243,10496,10470,(Wall. ex G.Don) R.J.Wang,440431,19103,Scleromitrion pinifolium,,1,,,,,,,
10243,10496,10470,Hook. & Arn.,21099,3687,Hedyotis uncinella,,1,,,,,,,
10243,10496,10470,(Hance) Kuntze,187264,5083,Oldenlandia xanthochroa,,1,,,,,,,
10243,10496,10470,L.Z.Shue ex P.C.Li,320758,3689,Hedysarum algidum,,1,,,,,,,
10243,10496,10470,Ulbr.,320759,3689,Hedysarum pseudastragalus,,1,,,,,,,
10243,10496,10470,L.,21102,3689,Hedysarum alpinum,,1,,,,,,,
10243,10496,10470,Baker f.,320760,3689,Hedysarum citrinum,,1,,,,,,,
10243,10496,10470,L.Z.Shue,320761,3689,Hedysarum jinchuanense,,1,,,,,,,
10243,10496,10470,Hand.-Mazz.,137300,3689,Hedysarum limitaneum,,1,,,,,,,
10243,10496,10470,Benth. ex Baker,138736,3689,Hedysarum sikkimense,,1,,,,,,,
10243,10496,10470,(Maxim.) B.H.Choi & H.Ohashi,452226,16024,Corethrodendron multijugum,,1,,,,,,,
10243,10496,10470,Hand.-Mazz.,316747,3689,Hedysarum polybotrys,,1,,,,,,,
10243,10496,10470,(Fisch. & C.A.Mey.) Fisch. & Basiner,452227,16024,Corethrodendron scoparium,,1,,,,,,,
10243,10496,10470,B.Fedtsch.,145957,3689,Hedysarum tanguticum,,1,,,,,,,
10243,10496,10470,Hand.-Mazz.,320762,3689,Hedysarum thiochroum,,1,,,,,,,
10243,10496,10470,Turcz.,145958,3689,Hedysarum vicioides,,1,,,,,,,
10243,10496,10470,(L.) Moench,57173,3699,Helichrysum arenarium,,1,,,,,,,
10243,10496,10470,Lour.,21231,3700,Helicia cochinchinensis,,1,,,,,,,
10243,10496,10470,(Ohwi) Ohwi,461207,3706,Helictotrichon abietetorum,,1,,,,,,,
10243,10496,10470,(Hitchc.) Röser & A.Wölk,457589,20467,× Trisetopsotrichon altius,,1,,,,,,,
10243,10496,10470,(Hack.) Henrard,137304,3706,Helictotrichon delavayi,,1,,,,,,,
10243,10496,10470,(Scribn.) Romero Zarco,163094,13727,Helictochloa hookeri,,1,,,,,,,
10243,10496,10470,(Buse) Röser & A.Wölk,446238,19073,Trisetopsis junghuhnii,,1,,,,,,,
10243,10496,10470,(Keng) Ohwi,226870,3706,Helictotrichon leianthum,,1,,,,,,,
10243,10496,10470,(Tzvelev) Röser & A.Wölk,457594,20309,Tzveleviochloa potaninii,,1,,,,,,,
10243,10496,10470,(Hook.f.) E.A.Kellogg,457595,20309,Tzveleviochloa schmidii,,1,,,,,,,
10243,10496,10470,(Roshev.) Henrard,226883,3706,Helictotrichon tianschanicum,,1,,,,,,,
10243,10496,10470,(Roshev.) Keng f.,146028,3706,Helictotrichon tibeticum,,1,,,,,,,
10243,10496,10470,(Willd.) Diane & Hilger,440481,3239,Euploca strigosa,,1,,,,,,,
10243,10496,10470,Lour.,21368,3713,Helixanthera parasitica,,1,,,,,,,
10243,10496,10470,Franch.,146035,3714,Helleborus thibetanus,,1,,,,,,,
10243,10496,10470,Batalin,137305,3719,Helwingia chinensis,,1,,,,,,,
10243,10496,10470,Hook.f. & Thomson ex C.B.Clarke,122198,3719,Helwingia himalaica,,1,,,,,,,
10243,10496,10470,(Thunb.) F.Dietr.,21383,3719,Helwingia japonica,,1,,,,,,,
10243,10496,10470,(W.P.Fang) H.Hara & S.Kuros.,181467,3719,Helwingia omeiensis,,1,,,,,,,
10243,10496,10470,(Poir.) Stapf & C.E.Hubb.,21384,3720,Hemarthria altissima,,1,,,,,,,
10243,10496,10470,(L.f.) R.Br.,21385,3720,Hemarthria compressa,,1,,,,,,,
10243,10496,10470,(Gand.) Ohwi,226892,3720,Hemarthria sibirica,,1,,,,,,,
10243,10496,10470,Baroni,146040,3721,Hemerocallis citrina,,1,,,,,,,
10243,10496,10470,C.Morren,212085,3721,Hemerocallis dumortieri,,1,,,,,,,
10243,10496,10470,Trautv. & C.A.Mey.,21391,3721,Hemerocallis middendorffii,,1,,,,,,,
10243,10496,10470,Diels,212086,3721,Hemerocallis forrestii,,1,,,,,,,
10243,10496,10470,(L.) L.,21389,3721,Hemerocallis fulva,,1,,,,,,,
10243,10496,10470,L.,21390,3721,Hemerocallis lilioasphodelus,,1,,,,,,,
10243,10496,10470,Mill.,102464,3721,Hemerocallis minor,,1,,,,,,,
10243,10496,10470,Stapf,212090,3721,Hemerocallis plicata,,1,,,,,,,
10243,10496,10470,(Hayata) Ohwi,21394,3722,Hemiboea bicornuta,,1,,,,,,,
10243,10496,10470,H.Lév.,317592,3722,Hemiboea cavaleriei,,1,,,,,,,
10243,10496,10470,Chun ex Z.Y.Li,320763,3722,Hemiboea fangii,,1,,,,,,,
10243,10496,10470,Franch.,317759,3722,Hemiboea gracilis,,1,,,,,,,
10243,10496,10470,C.Y.Wu ex H.W.Li,320764,3722,Hemiboea integra,,1,,,,,,,
10243,10496,10470,W.T.Wang,320765,3722,Hemiboea omeiensis,,1,,,,,,,
10243,10496,10470,Hand.-Mazz.,317202,3722,Hemiboea subacaulis,,1,,,,,,,
10243,10496,10470,C.B.Clarke,125170,3722,Hemiboea subcapitata,,1,,,,,,,
10243,10496,10470,Al-Shehbaz,320766,15143,Hemilophia franchetii,,1,,,,,,,
10243,10496,10470,Franch.,319327,15143,Hemilophia pulchella,,1,,,,,,,
10243,10496,10470,O.E.Schulz,320767,15143,Hemilophia rockii,,1,,,,,,,
10243,10496,10470,Wall.,21410,3729,Hemiphragma heterophyllum,,1,,,,,,,
10243,10496,10470,S.S.Chien,181511,11580,Hemipilia crassicalcarata,,1,,,,,,,
10243,10496,10470,Lindl.,123564,11580,Hemipilia cordifolia,,1,,,,,,,
10243,10496,10470,Bureau & Franch.,137306,11580,Hemipilia flabellata,,1,,,,,,,
10243,10496,10470,Rolfe,137307,11580,Hemipilia forrestii,,1,,,,,,,
10243,10496,10470,Rolfe,181512,11580,Hemipilia henryi,,1,,,,,,,
10243,10496,10470,Schltr.,181514,11580,Hemipilia limprichtii,,1,,,,,,,
10243,10496,10470,(Bunge) Franch.,401280,6180,Saussurea lyrata,,1,,,,,,,
10243,10496,10470,Diels,319328,12455,Hemsleya amabilis,,1,,,,,,,
10243,10496,10470,(Gagnep.) C.Jeffrey ex C.Y.Wu & C.L.Chen,320768,12455,Hemsleya delavayi,,1,,,,,,,
10243,10496,10470,L.T.Shen & W.J.Chang,320769,12455,Hemsleya ellipsoidea,,1,,,,,,,
10243,10496,10470,W.J.Chang,320770,12455,Hemsleya gigantha,,1,,,,,,,
10243,10496,10470,(Harms) Cogn.,317203,12455,Hemsleya graciliflora,,1,,,,,,,
10243,10496,10470,C.Y.Wu,318219,12455,Hemsleya macrosperma,,1,,,,,,,
10243,10496,10470,A.M.Lu & W.J.Chang,320771,12455,Hemsleya panlongqi,,1,,,,,,,
10243,10496,10470,W.J.Chang,319773,12455,Hemsleya pengxianensis,,1,,,,,,,
10243,10496,10470,Kuang & A.M.Lu,318608,12455,Hemsleya sphaerocarpa,,1,,,,,,,
10243,10496,10470,Cogn. ex F.B.Forbes & Hemsl.,320772,12455,Hemsleya chinensis,,1,,,,,,,
10243,10496,10470,(Oliv.) Steward,452236,3741,Hepatica henryi,,1,,,,,,,
10243,10496,10470,(H.Boissieu) Manden.,451425,12352,Tetrataenium bivittatum,,1,,,,,,,
10243,10496,10470,Wall. ex DC.,56723,3743,Heracleum candicans,,1,,,,,,,
10243,10496,10470,K.T.Fu,320773,3743,Heracleum dissectifolium,,1,,,,,,,
10243,10496,10470,H.Boissieu,320774,3743,Heracleum fargesii,,1,,,,,,,
10243,10496,10470,H.Wolff,320775,3743,Heracleum forrestii,,1,,,,,,,
10243,10496,10470,M.Hiroe,137310,3743,Heracleum franchetii,,1,,,,,,,
10243,10496,10470,Diels,316599,3743,Heracleum hemsleyanum,,1,,,,,,,
10243,10496,10470,H.Wolff,137312,3743,Heracleum henryi,,1,,,,,,,
10243,10496,10470,(Hemsl. & H.Pearson) Pimenov,460685,14564,Semenovia malcolmii,,1,,,,,,,
10243,10496,10470,Hance,312638,3743,Heracleum moellendorffii,,1,,,,,,,
10243,10496,10470,H.Wolff,137314,3743,Heracleum oreocharis,,1,,,,,,,
10243,10496,10470,Franch.,316273,3743,Heracleum scabridum,,1,,,,,,,
10243,10496,10470,H.Boissieu,316827,3743,Heracleum souliei,,1,,,,,,,
10243,10496,10470,Diels,320776,3743,Heracleum stenopterum,,1,,,,,,,
10243,10496,10470,C.Y.Wu & M.L.Sheh,319331,3743,Heracleum subtomentellum,,1,,,,,,,
10243,10496,10470,H.Wolff,146052,3743,Heracleum tiliifolium,,1,,,,,,,
10243,10496,10470,H.Boissieu,318220,3743,Heracleum vicinum,,1,,,,,,,
10243,10496,10470,F.T.Pu & X.J.He,320777,3743,Heracleum wenchuanense,,1,,,,,,,
10243,10496,10470,F.T.Pu & X.J.He,320778,3743,Heracleum wolongense,,1,,,,,,,
10243,10496,10470,F.T.Pu & X.J.He,320779,3743,Heracleum xiaojinense,,1,,,,,,,
10243,10496,10470,Hand.-Mazz.,317964,3743,Heracleum yungningense,,1,,,,,,,
10243,10496,10470,(Franch.) Manden. ex Q.Y.Xiao & X.J.He,461208,12352,Tetrataenium yunnanense,,1,,,,,,,
10243,10496,10470,Aiton,21464,3745,Heritiera littoralis,,1,,,,,,,
10243,10496,10470,Maxim.,181516,3747,Herminium alaschanicum,,1,,,,,,,
10243,10496,10470,Tang & F.T.Wang,137317,3747,Herminium chloranthum,,1,,,,,,,
10243,10496,10470,(Finet) Schltr.,181518,3747,Herminium ecalcaratum,,1,,,,,,,
10243,10496,10470,Tang & F.T.Wang,181519,3747,Herminium glossophyllum,,1,,,,,,,
10243,10496,10470,Rchb.f.,451597,3747,Herminium josephi,,1,,,,,,,
10243,10496,10470,(Thunb. ex Sw.) Vuijk,21473,3747,Herminium lanceum,,1,,,,,,,
10243,10496,10470,(L.) R.Br.,21474,3747,Herminium monorchis,,1,,,,,,,
10243,10496,10470,Schltr.,181524,3747,Herminium ophioglossoides,,1,,,,,,,
10243,10496,10470,Tang & F.T.Wang,137319,3747,Herminium singulum,,1,,,,,,,
10243,10496,10470,(Finet) Rolfe,137320,3747,Herminium souliei,,1,,,,,,,
10243,10496,10470,(Ser.) C.B.Clarke,79970,9834,Herpetospermum pedunculosum,,1,,,,,,,
10243,10496,10470,(Hemsl.) C.Y.Wu,181541,13915,Heterolamium debile,,1,,,,,,,
10243,10496,10470,Willd.,443885,1522,Aster altaicus,,1,,,,,,,
10243,10496,10470,Hand.-Mazz.,461209,1522,Aster crenatifolius,,1,,,,,,,
10243,10496,10470,Thunb.,294503,1522,Aster hispidus,,1,,,,,,,
10243,10496,10470,(Grierson) H.Ikeda,445364,1522,Aster semiprostratus,,1,,,,,,,
10243,10496,10470,(L.) P.Beauv. ex Roem. & Schult.,21545,3770,Heteropogon contortus,,1,,,,,,,
10243,10496,10470,"(F.T.Wang & Tang) M.N.Tamura, S.C.Chen & Turland",212107,12468,Heteropolygonatum ginfushanicum,,1,,,,,,,
10243,10496,10470,(Z.G.Liu & X.H.Hu) M.N.Tamura & Ogisu,137838,12468,Heteropolygonatum pendulum,,1,,,,,,,
10243,10496,10470,(F.T.Wang) P.Li & C.X.Fu,450185,6408,Smilax chinensis,,1,,,,,,,
10243,10496,10470,Warb.,440509,6408,Smilax bockii,,1,,,,,,,
10243,10496,10470,(F.T.Wang & Tang) P.Li & C.X.Fu,451428,6408,Smilax septemnervia,,1,,,,,,,
10243,10496,10470,P.Li & C.X.Fu,440511,6408,Smilax binchuanensis,,1,,,,,,,
10243,10496,10470,Costantin,21609,3778,Heterostemma grandiflorum,,1,,,,,,,
10243,10496,10470,(L.) Suresh,21622,3784,Hewittia malabarica,,1,,,,,,,
10243,10496,10470,J.Anthony,320782,3788,Hibiscus aridicola,,1,,,,,,,
10243,10496,10470,(Burm.f.) Hochr.,21706,3788,Hibiscus indicus,,1,,,,,,,
10243,10496,10470,"M.G.Gilbert, Y.Tang & Dorr",316917,3788,Hibiscus leviseminus,,1,,,,,,,
10243,10496,10470,L.,21720,3788,Hibiscus mutabilis,,1,,,,,,,
10243,10496,10470,L.,21741,3788,Hibiscus syriacus,,1,,,,,,,
10243,10496,10470,L.,422994,3788,Hibiscus tiliaceus,,1,,,,,,,
10243,10496,10470,L.,22090,3789,Hieracium umbellatum,,1,,,,,,,
10243,10496,10470,(W.W.Sm.) Tirveng.,181578,8151,Himalrandia lichiangensis,,1,,,,,,,
10243,10496,10470,(W.W.Sm.) C.Shih,320783,9161,Hippolytia delavayi,,1,,,,,,,
10243,10496,10470,(Dunn) Ling,320784,9161,Hippolytia kennedyi,,1,,,,,,,
10243,10496,10470,(Jeffrey) C.Shih,137324,9161,Hippolytia yunnanensis,,1,,,,,,,
10243,10496,10470,(Rousi) Y.S.Lian,320785,9173,Hippophae gyantsensis,,1,,,,,,,
10243,10496,10470,S.W.Liu & T.N.He,320786,9173,Hippophae neurocarpa,,1,,,,,,,
10243,10496,10470,L.,424546,9173,Hippophae rhamnoides,,1,,,,,,,
10243,10496,10470,D.Don,79972,9173,Hippophae salicifolia,,1,,,,,,,
10243,10496,10470,Schltdl.,70743,9173,Hippophae tibetana,,1,,,,,,,
10243,10496,10470,L.,22175,3805,Hippuris vulgaris,,1,,,,,,,
10243,10496,10470,(Wall.) R.Br. ex Wall.,451429,6514,Stauntonia angustifolia,,1,,,,,,,
10243,10496,10470,(Gagnep.) Christenh.,452248,6514,Stauntonia chapaensis,,1,,,,,,,
10243,10496,10470,(Diels) Christenh.,452249,6514,Stauntonia coriacea,,1,,,,,,,
10243,10496,10470,(Réaub.) Christenh.,452250,6514,Stauntonia grandiflora,,1,,,,,,,
10243,10496,10470,(Wall.) R.Br. ex Wall.,449849,6514,Stauntonia latifolia,,1,,,,,,,
10243,10496,10470,(Wall.) R.Br. ex Wall.,449849,6514,Stauntonia latifolia,,1,,,,,,,
10243,10496,10470,Hemsl.,452251,6514,Stauntonia parviflora,,1,,,,,,,
10243,10496,10470,(Schltr.) Z.H.Tsi,181682,3820,Holcoglossum flavescens,,1,,,,,,,
10243,10496,10470,(Rchb.f.) Garay,22228,3820,Holcoglossum kimballianum,,1,,,,,,,
10243,10496,10470,(Aver.) Aver.,181683,3820,Holcoglossum lingulatum,,1,,,,,,,
10243,10496,10470,X.H.Jin & S.C.Chen,207457,3820,Holcoglossum omeiense,,1,,,,,,,
10243,10496,10470,(Hayata) Schltr.,22229,3820,Holcoglossum quasipinifolium,,1,,,,,,,
10243,10496,10470,Schltr.,189603,4954,Neottia smithiana,,1,,,,,,,
10243,10496,10470,(Lour.) Schott,22294,3830,Homalomena occulta,,1,,,,,,,
10243,10496,10470,(Hemsl.) D.Y.Hong,224585,14267,Homocodon brevipes,,1,,,,,,,
10243,10496,10470,D.Y.Hong & L.M.Ma,457428,14267,Homocodon pedicellatus,,1,,,,,,,
10243,10496,10470,Lour.,22303,3834,Homonoia riparia,,1,,,,,,,
10243,10496,10470,K.Koch,22333,3839,Hordeum spontaneum,,1,,,,,,,
10243,10496,10470,(Trin.) Link,70838,3839,Hordeum brevisubulatum,,1,,,,,,,
10243,10496,10470,(Bachteev) Nikif.,461210,3839,Hordeum × lagunculciforme,,1,,,,,,,
10243,10496,10470,(Oliv.) Hemsl. & E.H.Wilson,146260,12959,Hosiea sinensis,,1,,,,,,,
10243,10496,10470,(Lam.) Asch.,22363,3847,Hosta plantaginea,,1,,,,,,,
10243,10496,10470,Stearn,146261,3847,Hosta ventricosa,,1,,,,,,,
10243,10496,10470,Rehder & E.H.Wilson,147847,4484,Magnolia officinalis,,1,,,,,,,
10243,10496,10470,W.W.Sm.,122344,4484,Magnolia rostrata,,1,,,,,,,
10243,10496,10470,Thunb.,22380,3851,Houttuynia cordata,,1,,,,,,,
10243,10496,10470,Lindl.,137328,3853,Hovenia acerba,,1,,,,,,,
10243,10496,10470,Chun & Tsiang,316274,3853,Hovenia trichocarpa,,1,,,,,,,
10243,10496,10470,(L.f.) R.Br.,22395,3855,Hoya carnosa,,1,,,,,,,
10243,10496,10470,Hook.f.,22402,3855,Hoya griffithii,,1,,,,,,,
10243,10496,10470,H.Lév.,137330,3855,Hoya lyi,,1,,,,,,,
10243,10496,10470,(L.f.) Kuhn,439732,2736,Davallia repens,,1,,,,,,,
10243,10496,10470,L.,22441,3863,Humulus lupulus,,1,,,,,,,
10243,10496,10470,(Lour.) Merr.,22442,3863,Humulus scandens,,1,,,,,,,
10243,10496,10470,(Christ) Ching,22463,3868,Huperzia chinensis,,1,,,,,,,
10243,10496,10470,(Ching) Ching,146317,3868,Huperzia crispata,,1,,,,,,,
10243,10496,10470,(Christ & Herter) Ching,146322,3868,Huperzia delavayi,,1,,,,,,,
10243,10496,10470,(Ching & H.S.Kung) Ching & H.S.Kung,146327,3868,Huperzia emeiensis,,1,,,,,,,
10243,10496,10470,(Kümmerle) T.Sen & U.Sen,146339,3868,Huperzia herteriana,,1,,,,,,,
10243,10496,10470,(Ching) Ching,146355,3868,Huperzia kangdingensis,,1,,,,,,,
10243,10496,10470,Ching,146358,3868,Huperzia laipoensis,,1,,,,,,,
10243,10496,10470,X.Y.Wang,146361,3868,Huperzia leishanensis,,1,,,,,,,
10243,10496,10470,(H.S.Kung) Ching & H.S.Kung,146363,3868,Huperzia liangshanica,,1,,,,,,,
10243,10496,10470,(Makino) Ching,146383,3868,Huperzia miyoshiana,,1,,,,,,,
10243,10496,10470,(Ching & H.S.Kung) Ching & H.S.Kung,146392,3868,Huperzia nanchuanensis,,1,,,,,,,
10243,10496,10470,(L.) Bernh. ex Schrank & Mart.,22495,3868,Huperzia selago,,1,,,,,,,
10243,10496,10470,(Thunb.) Trevis.,22496,3868,Huperzia serrata,,1,,,,,,,
10243,10496,10470,(Herter) Ching,146431,3868,Huperzia sutchueniana,,1,,,,,,,
10243,10496,10470,D.Don,22536,3876,Hydrangea anomala,,1,,,,,,,
10243,10496,10470,Buch.-Ham. ex D.Don,22537,3876,Hydrangea aspera,,1,,,,,,,
10243,10496,10470,Dippel,137337,3876,Hydrangea bretschneideri,,1,,,,,,,
10243,10496,10470,Maxim.,22538,3876,Hydrangea chinensis,,1,,,,,,,
10243,10496,10470,Chun,317595,3876,Hydrangea coenobialis,,1,,,,,,,
10243,10496,10470,Franch.,122213,3876,Hydrangea davidii,,1,,,,,,,
10243,10496,10470,D.Don,137339,3876,Hydrangea heteromalla,,1,,,,,,,
10243,10496,10470,Rehder,137340,3876,Hydrangea hypoglauca,,1,,,,,,,
10243,10496,10470,Chun,137341,3876,Hydrangea linkweiensis,,1,,,,,,,
10243,10496,10470,Hayata,22542,3876,Hydrangea longifolia,,1,,,,,,,
10243,10496,10470,Franch.,22543,3876,Hydrangea longipes,,1,,,,,,,
10243,10496,10470,Hand.-Mazz.,137342,3876,Hydrangea macrocarpa,,1,,,,,,,
10243,10496,10470,(Thunb.) Ser.,22544,3876,Hydrangea macrophylla,,1,,,,,,,
10243,10496,10470,Siebold,22545,3876,Hydrangea paniculata,,1,,,,,,,
10243,10496,10470,Hook.f. & Thomson,122211,3876,Hydrangea robusta,,1,,,,,,,
10243,10496,10470,Rehder,137343,3876,Hydrangea strigosa,,1,,,,,,,
10243,10496,10470,D.Don,137339,3876,Hydrangea heteromalla,,1,,,,,,,
10243,10496,10470,Diels,137344,3876,Hydrangea xanthoneura,,1,,,,,,,
10243,10496,10470,(L.f.) Royle,22595,3878,Hydrilla verticillata,,1,,,,,,,
10243,10496,10470,(Blume) Backer,22598,3881,Hydrocharis dubia,,1,,,,,,,
10243,10496,10470,P.K.Mukh.,22621,3883,Hydrocotyle himalaica,,1,,,,,,,
10243,10496,10470,(C.B.Clarke) Craib,317206,3883,Hydrocotyle hookeri,,1,,,,,,,
10243,10496,10470,Thunb.,22625,3883,Hydrocotyle javanica,,1,,,,,,,
10243,10496,10470,Lam.,22641,3883,Hydrocotyle sibthorpioides,,1,,,,,,,
10243,10496,10470,Maxim.,22648,3883,Hydrocotyle wilfordii,,1,,,,,,,
10243,10496,10470,Diels ex R.H.Shan & S.L.Liou,318222,3883,Hydrocotyle wilsonii,,1,,,,,,,
10243,10496,10470,(L.) R.Br. ex Spreng.,22660,3885,Hygrophila ringens,,1,,,,,,,
10243,10496,10470,(DC.) H.Ohashi & R.R.Mill,22670,3889,Hylodesmum laxum,,1,,,,,,,
10243,10496,10470,(A.Gray ex Benth.) H.Ohashi & R.R.Mill,22671,3889,Hylodesmum leptopus,,1,,,,,,,
10243,10496,10470,(Franch.) H.Ohashi & R.R.Mill,320789,3889,Hylodesmum longipes,,1,,,,,,,
10243,10496,10470,(Oliv.) H.Ohashi & R.R.Mill,315180,3889,Hylodesmum oldhamii,,1,,,,,,,
10243,10496,10470,(DC.) H.Ohashi & R.R.Mill,22672,3889,Hylodesmum podocarpum,,1,,,,,,,
10243,10496,10470,(Vahl) H.Ohashi & R.R.Mill,22673,3889,Hylodesmum repandum,,1,,,,,,,
10243,10496,10470,(H.Ohashi) H.Ohashi & R.R.Mill,320790,3889,Hylodesmum williamsii,,1,,,,,,,
10243,10496,10470,(Thunb.) Prantl,316444,11817,Hylomecon japonica,,1,,,,,,,
10243,10496,10470,(Maxim.) H.Ohba,316604,8176,Hylotelephium angustum,,1,,,,,,,
10243,10496,10470,(Raym.-Hamet) H.Ohba,318223,8176,Hylotelephium bonnafousii,,1,,,,,,,
10243,10496,10470,(Miq.) H.Ohba,126941,8176,Hylotelephium erythrostictum,,1,,,,,,,
10243,10496,10470,(Freyn) H.Ohba,294539,8176,Hylotelephium pallescens,,1,,,,,,,
10243,10496,10470,(Regel) H.Ohba,398619,8176,Hylotelephium sieboldii,,1,,,,,,,
10243,10496,10470,(Maxim.) H.Ohba,310464,8176,Hylotelephium tatarinowii,,1,,,,,,,
10243,10496,10470,(L.) H.Ohba,440608,8176,Hylotelephium telephium,,1,,,,,,,
10243,10496,10470,(L.) H.Ohba,315167,8176,Hylotelephium verticillatum,,1,,,,,,,
10243,10496,10470,(Maxim.) H.Ohba,315168,8176,Hylotelephium viviparum,,1,,,,,,,
10243,10496,10470,Wall.,22693,3897,Hymenodictyon flaccidum,,1,,,,,,,
10243,10496,10470,(Roxb.) Mabb.,121210,3897,Hymenodictyon orixense,,1,,,,,,,
10243,10496,10470,(Bosch) Baker,22709,3901,Hymenophyllum barbatum,,1,,,,,,,
10243,10496,10470,(Bosch) Baker,22709,3901,Hymenophyllum barbatum,,1,,,,,,,
10243,10496,10470,(Bosch) Baker,22709,3901,Hymenophyllum barbatum,,1,,,,,,,
10243,10496,10470,(Bosch) Baker,22709,3901,Hymenophyllum barbatum,,1,,,,,,,
10243,10496,10470,Hook.,229821,3901,Hymenophyllum simonsianum,,1,,,,,,,
10243,10496,10470,L.,22822,3905,Hyoscyamus niger,,1,,,,,,,
10243,10496,10470,L.,314899,3908,Hypecoum erectum,,1,,,,,,,
10243,10496,10470,Hook.f. & Thomson,70769,3908,Hypecoum leptocarpum,,1,,,,,,,
10243,10496,10470,L.,22833,3908,Hypecoum pendulum,,1,,,,,,,
10243,10496,10470,N.Robson,310321,3912,Hypericum acmosepalum,,1,,,,,,,
10243,10496,10470,L.,22853,3912,Hypericum ascyron,,1,,,,,,,
10243,10496,10470,Fisch. ex Choisy,146507,3912,Hypericum attenuatum,,1,,,,,,,
10243,10496,10470,N.Robson,320791,3912,Hypericum augustini,,1,,,,,,,
10243,10496,10470,N.Robson,132190,3912,Hypericum beanii,,1,,,,,,,
10243,10496,10470,H.L.Li,137349,3912,Hypericum bellum,,1,,,,,,,
10243,10496,10470,N.Robson,320792,3912,Hypericum cohaerens,,1,,,,,,,
10243,10496,10470,N.Robson,137350,3912,Hypericum curvisepalum,,1,,,,,,,
10243,10496,10470,R.Keller,316605,3912,Hypericum elatoides,,1,,,,,,,
10243,10496,10470,Choisy,79986,3912,Hypericum elodeoides,,1,,,,,,,
10243,10496,10470,Thunb.,22869,3912,Hypericum erectum,,1,,,,,,,
10243,10496,10470,R.Keller,137352,3912,Hypericum faberi,,1,,,,,,,
10243,10496,10470,(Chitt.) N.Robson,22874,3912,Hypericum forrestii,,1,,,,,,,
10243,10496,10470,H.Lév. & Vaniot,22882,3912,Hypericum henryi,,1,,,,,,,
10243,10496,10470,N.Robson,138745,3912,Hypericum himalaicum,,1,,,,,,,
10243,10496,10470,Wight & Arn.,91894,3912,Hypericum hookerianum,,1,,,,,,,
10243,10496,10470,Thunb.,22887,3912,Hypericum japonicum,,1,,,,,,,
10243,10496,10470,H.Lév.,22892,3912,Hypericum kouytchense,,1,,,,,,,
10243,10496,10470,N.Robson,132190,3912,Hypericum beanii,,1,,,,,,,
10243,10496,10470,N.Robson,310324,3912,Hypericum lancasteri,,1,,,,,,,
10243,10496,10470,(N.Robson) N.Robson,461211,3912,Hypericum latisepalum,,1,,,,,,,
10243,10496,10470,Oliv.,317477,3912,Hypericum longistylum,,1,,,,,,,
10243,10496,10470,N.Robson,310326,3912,Hypericum maclarenii,,1,,,,,,,
10243,10496,10470,Hook.f. & Thomson ex Dyer,137353,3912,Hypericum monanthemum,,1,,,,,,,
10243,10496,10470,L.,48507,3912,Hypericum monogynum,,1,,,,,,,
10243,10496,10470,Thunb.,121625,3912,Hypericum patulum,,1,,,,,,,
10243,10496,10470,L.,22908,3912,Hypericum perforatum,,1,,,,,,,
10243,10496,10470,Hook.f. & Thomson ex Dyer,137354,3912,Hypericum petiolulatum,,1,,,,,,,
10243,10496,10470,Hemsl.,318226,3912,Hypericum prattii,,1,,,,,,,
10243,10496,10470,Maxim.,317966,3912,Hypericum przewalskii,,1,,,,,,,
10243,10496,10470,N.Robson,22909,3912,Hypericum pseudohenryi,,1,,,,,,,
10243,10496,10470,Hance,22917,3912,Hypericum sampsonii,,1,,,,,,,
10243,10496,10470,Maxim.,317209,3912,Hypericum seniawinii,,1,,,,,,,
10243,10496,10470,N.Robson,318227,3912,Hypericum stellatum,,1,,,,,,,
10243,10496,10470,N.Robson,320793,3912,Hypericum subsessile,,1,,,,,,,
10243,10496,10470,Buch.-Ham. ex D.Don,137356,3912,Hypericum uralum,,1,,,,,,,
10243,10496,10470,Wall. ex Wight & Arn.,137357,3912,Hypericum wightianum,,1,,,,,,,
10243,10496,10470,N.Robson,318228,3912,Hypericum wilsonii,,1,,,,,,,
10243,10496,10470,Wilson,319349,9743,Hypnum plumaeforme,,1,,,,,,,
10243,10496,10470,(Forssk.) Kuhn,22950,3917,Hypodematium crenatum,,1,,,,,,,
10243,10496,10470,K.H.Shing,320794,3917,Hypodematium daochengense,,1,,,,,,,
10243,10496,10470,(Tagawa) Ohwi,436428,3917,Hypodematium glandulosopilosum,,1,,,,,,,
10243,10496,10470,(Forssk.) Kuhn,22950,3917,Hypodematium crenatum,,1,,,,,,,
10243,10496,10470,(L.) Sol. ex Roem. & Schult.,22963,3919,Hypoestes purpurea,,1,,,,,,,
10243,10496,10470,(Forssk.) Roem. & Schult.,68504,3919,Hypoestes triflora,,1,,,,,,,
10243,10496,10470,(Thunb.) Mett.,22990,3921,Hypolepis punctata,,1,,,,,,,
10243,10496,10470,Lour.,23010,3924,Hypoxis aurea,,1,,,,,,,
10243,10496,10470,"(Stapf ex Hook.f.) C.Yen, J.L.Yang & B.R.Baum",452279,4297,Leymus duthiei,,1,,,,,,,
10243,10496,10470,(Roshev.) J.L.Yang & C.Yen,453516,4297,Leymus komarovii,,1,,,,,,,
10243,10496,10470,(L.) W.T.Aiton,23075,3932,Ichnocarpus frutescens,,1,,,,,,,
10243,10496,10470,Maxim.,23077,913,Idesia polycarpa,,1,,,,,,,
10243,10496,10470,Champ. ex Benth.,23101,3938,Ilex asprella,,1,,,,,,,
10243,10496,10470,Hayata,23107,3938,Ilex bioritsensis,,1,,,,,,,
10243,10496,10470,S.Y.Hu,317210,3938,Ilex centrochinensis,,1,,,,,,,
10243,10496,10470,Loes.,23111,3938,Ilex championii,,1,,,,,,,
10243,10496,10470,C.J.Tseng,320795,3938,Ilex chengkouensis,,1,,,,,,,
10243,10496,10470,T.R.Dudley,319774,3938,Ilex cheniana,,1,,,,,,,
10243,10496,10470,Sims,23113,3938,Ilex chinensis,,1,,,,,,,
10243,10496,10470,Hu & Tang,318615,3938,Ilex chingiana,,1,,,,,,,
10243,10496,10470,Hayata,23107,3938,Ilex bioritsensis,,1,,,,,,,
10243,10496,10470,Franch.,122216,3938,Ilex corallina,,1,,,,,,,
10243,10496,10470,Merr.,122217,3938,Ilex cyrtura,,1,,,,,,,
10243,10496,10470,Franch.,137359,3938,Ilex delavayi,,1,,,,,,,
10243,10496,10470,Wall.,56696,3938,Ilex dipyrena,,1,,,,,,,
10243,10496,10470,Loes.,23148,3938,Ilex intermedia,,1,,,,,,,
10243,10496,10470,Hu & Tang,317212,3938,Ilex editicostata,,1,,,,,,,
10243,10496,10470,S.Y.Hu,146550,3938,Ilex elmerrilliana,,1,,,,,,,
10243,10496,10470,C.J.Tseng,320796,3938,Ilex estriata,,1,,,,,,,
10243,10496,10470,Franch.,137360,3938,Ilex fargesii,,1,,,,,,,
10243,10496,10470,Hemsl.,23129,3938,Ilex ficoidea,,1,,,,,,,
10243,10496,10470,Maxim.,23131,3938,Ilex formosana,,1,,,,,,,
10243,10496,10470,H.F.Comber,137361,3938,Ilex forrestii,,1,,,,,,,
10243,10496,10470,Hook.f.,120646,3938,Ilex fragilis,,1,,,,,,,
10243,10496,10470,Franch.,137360,3938,Ilex fargesii,,1,,,,,,,
10243,10496,10470,H.F.Comber,122219,3938,Ilex georgei,,1,,,,,,,
10243,10496,10470,Hu & Tang,146556,3938,Ilex hylonoma,,1,,,,,,,
10243,10496,10470,Loes.,23148,3938,Ilex intermedia,,1,,,,,,,
10243,10496,10470,Z.M.Tan,319775,3938,Ilex jinyunensis,,1,,,,,,,
10243,10496,10470,S.Y.Hu,23150,3938,Ilex kaushue,,1,,,,,,,
10243,10496,10470,Merr.,23154,3938,Ilex kwangtungensis,,1,,,,,,,
10243,10496,10470,Thunb.,23156,3938,Ilex latifolia,,1,,,,,,,
10243,10496,10470,Merr.,23159,3938,Ilex lohfauensis,,1,,,,,,,
10243,10496,10470,Oliv.,23162,3938,Ilex macrocarpa,,1,,,,,,,
10243,10496,10470,S.Y.Hu,146566,3938,Ilex manneiensis,,1,,,,,,,
10243,10496,10470,Franch.,137360,3938,Ilex fargesii,,1,,,,,,,
10243,10496,10470,Champ. ex Benth.,23169,3938,Ilex memecylifolia,,1,,,,,,,
10243,10496,10470,Loes.,147815,3938,Ilex metabaptista,,1,,,,,,,
10243,10496,10470,Maxim.,23171,3938,Ilex micrococca,,1,,,,,,,
10243,10496,10470,Z.M.Tan,23174,3938,Ilex nanchuanensis,,1,,,,,,,
10243,10496,10470,S.Y.Hu,23177,3938,Ilex nuculicava,,1,,,,,,,
10243,10496,10470,Hu & Tang,320797,3938,Ilex omeiensis,,1,,,,,,,
10243,10496,10470,Miq.,23181,3938,Ilex pedunculosa,,1,,,,,,,
10243,10496,10470,Franch.,122225,3938,Ilex pernyi,,1,,,,,,,
10243,10496,10470,S.Y.Hu,122220,3938,Ilex perryana,,1,,,,,,,
10243,10496,10470,Maxim.,23171,3938,Ilex micrococca,,1,,,,,,,
10243,10496,10470,Hook. & Arn.,23183,3938,Ilex pubescens,,1,,,,,,,
10243,10496,10470,Franch.,137360,3938,Ilex fargesii,,1,,,,,,,
10243,10496,10470,C.J.Tseng,320799,3938,Ilex pyrifolia,,1,,,,,,,
10243,10496,10470,Franch.,23210,3938,Ilex yunnanensis,,1,,,,,,,
10243,10496,10470,Thunb.,23186,3938,Ilex rotunda,,1,,,,,,,
10243,10496,10470,Thunb.,146578,3938,Ilex serrata,,1,,,,,,,
10243,10496,10470,(Loes.) S.Y.Hu,23191,3938,Ilex sinica,,1,,,,,,,
10243,10496,10470,(H.Lév.) Loes.,146580,3938,Ilex suaveolens,,1,,,,,,,
10243,10496,10470,Franch.,23210,3938,Ilex yunnanensis,,1,,,,,,,
10243,10496,10470,S.Y.Hu,23195,3938,Ilex subficoidea,,1,,,,,,,
10243,10496,10470,Loes.,23196,3938,Ilex subrugosa,,1,,,,,,,
10243,10496,10470,(Rehder) C.J.Tseng,317218,3938,Ilex tetramera,,1,,,,,,,
10243,10496,10470,Blume,23201,3938,Ilex triflora,,1,,,,,,,
10243,10496,10470,S.Y.Hu,318884,3938,Ilex tsangii,,1,,,,,,,
10243,10496,10470,Merr. & Chun,146582,3938,Ilex tsoi,,1,,,,,,,
10243,10496,10470,(Wall.) Loes.,120647,3938,Ilex umbellulata,,1,,,,,,,
10243,10496,10470,Champ. ex Benth.,23208,3938,Ilex viridis,,1,,,,,,,
10243,10496,10470,Franch.,122216,3938,Ilex corallina,,1,,,,,,,
10243,10496,10470,Loes.,146588,3938,Ilex wilsonii,,1,,,,,,,
10243,10496,10470,Franch.,23210,3938,Ilex yunnanensis,,1,,,,,,,
10243,10496,10470,Tutcher,23217,3940,Illicium dunnianum,,1,,,,,,,
10243,10496,10470,Diels,146593,3940,Illicium henryi,,1,,,,,,,
10243,10496,10470,B.N.Chang,317221,3940,Illicium jiadifengpi,,1,,,,,,,
10243,10496,10470,A.C.Sm.,146594,3940,Illicium lanceolatum,,1,,,,,,,
10243,10496,10470,Hook.f. & Thomson,23222,3940,Illicium majus,,1,,,,,,,
10243,10496,10470,Dunn,137371,3940,Illicium micranthum,,1,,,,,,,
10243,10496,10470,A.C.Sm.,318620,3940,Illicium pachyphyllum,,1,,,,,,,
10243,10496,10470,Merr.,23225,3940,Illicium philippinense,,1,,,,,,,
10243,10496,10470,Maxim.,122232,3940,Illicium simonsii,,1,,,,,,,
10243,10496,10470,Dunn,319359,3941,Illigera cordata,,1,,,,,,,
10243,10496,10470,W.W.Sm. & Jeffrey,137372,3941,Illigera grandiflora,,1,,,,,,,
10243,10496,10470,Hance,23231,3941,Illigera rhodantha,,1,,,,,,,
10243,10496,10470,Y.L.Chen & Y.Q.Lu,320802,3942,Impatiens alpicola,,1,,,,,,,
10243,10496,10470,Hook.f.,320803,3942,Impatiens apsotis,,1,,,,,,,
10243,10496,10470,Hook.f. & Thomson,122234,3942,Impatiens arguta,,1,,,,,,,
10243,10496,10470,H.F.Comber,146604,3942,Impatiens barbata,,1,,,,,,,
10243,10496,10470,Hook.f.,319776,3942,Impatiens bellula,,1,,,,,,,
10243,10496,10470,Hook.f.,320804,3942,Impatiens brevipes,,1,,,,,,,
10243,10496,10470,Y.L.Chen,317223,3942,Impatiens chekiangensis,,1,,,,,,,
10243,10496,10470,L.,23236,3942,Impatiens chinensis,,1,,,,,,,
10243,10496,10470,Y.L.Chen,320805,3942,Impatiens chiulungensis,,1,,,,,,,
10243,10496,10470,Hand.-Mazz.,316862,3942,Impatiens commelinoides,,1,,,,,,,
10243,10496,10470,Hook.f.,318232,3942,Impatiens compta,,1,,,,,,,
10243,10496,10470,Y.L.Chen & Y.Q.Lu,320806,3942,Impatiens conchibracteata,,1,,,,,,,
10243,10496,10470,Franch.,318233,3942,Impatiens corchorifolia,,1,,,,,,,
10243,10496,10470,Franch.,137378,3942,Impatiens cornucopia,,1,,,,,,,
10243,10496,10470,Hook.f.,320807,3942,Impatiens crassicaudex,,1,,,,,,,
10243,10496,10470,Hook.f.,319777,3942,Impatiens crenulata,,1,,,,,,,
10243,10496,10470,Hook.f.,317774,3942,Impatiens cyanantha,,1,,,,,,,
10243,10496,10470,Hook.f.,317775,3942,Impatiens cyathiflora,,1,,,,,,,
10243,10496,10470,Franch.,317225,3942,Impatiens davidii,,1,,,,,,,
10243,10496,10470,Franch.,137379,3942,Impatiens delavayi,,1,,,,,,,
10243,10496,10470,Hook.f.,23238,3942,Impatiens desmantha,,1,,,,,,,
10243,10496,10470,Hook.f.,320808,3942,Impatiens diaphana,,1,,,,,,,
10243,10496,10470,Franch. ex Hook.f.,317776,3942,Impatiens dicentra,,1,,,,,,,
10243,10496,10470,Hook.f.,320809,3942,Impatiens dichroa,,1,,,,,,,
10243,10496,10470,Franch.,320810,3942,Impatiens dimorphophylla,,1,,,,,,,
10243,10496,10470,Hook.f.,320811,3942,Impatiens distracta,,1,,,,,,,
10243,10496,10470,E.Pritz.,318234,3942,Impatiens dolichoceras,,1,,,,,,,
10243,10496,10470,Hook.f.,317603,3942,Impatiens duclouxii,,1,,,,,,,
10243,10496,10470,Y.L.Chen,320812,3942,Impatiens epilobioides,,1,,,,,,,
10243,10496,10470,Hook.f.,317777,3942,Impatiens ernstii,,1,,,,,,,
10243,10496,10470,Hook.f.,320813,3942,Impatiens faberi,,1,,,,,,,
10243,10496,10470,Hook.f. ex W.W.Sm.,320814,3942,Impatiens forrestii,,1,,,,,,,
10243,10496,10470,C.Marquand & Airy Shaw,320815,3942,Impatiens fragicolor,,1,,,,,,,
10243,10496,10470,Hook.f.,320816,3942,Impatiens gasterocheila,,1,,,,,,,
10243,10496,10470,Hook.f.,23238,3942,Impatiens desmantha,,1,,,,,,,
10243,10496,10470,E.Pritz.,318238,3942,Impatiens henryi,,1,,,,,,,
10243,10496,10470,Hand.-Mazz.,137383,3942,Impatiens holocentra,,1,,,,,,,
10243,10496,10470,Hook.f.,320817,3942,Impatiens imbecilla,,1,,,,,,,
10243,10496,10470,Hook.f.,320818,3942,Impatiens infirma,,1,,,,,,,
10243,10496,10470,Y.L.Chen,320819,3942,Impatiens lacinulifera,,1,,,,,,,
10243,10496,10470,Hook.f.,320820,3942,Impatiens latebracteata,,1,,,,,,,
10243,10496,10470,Y.L.Chen & Y.Q.Lu,320821,3942,Impatiens lateristachys,,1,,,,,,,
10243,10496,10470,Hook.f.,317779,3942,Impatiens leptocaulon,,1,,,,,,,
10243,10496,10470,E.Pritz.,318239,3942,Impatiens longialata,,1,,,,,,,
10243,10496,10470,Hook.f.,320822,3942,Impatiens loulanensis,,1,,,,,,,
10243,10496,10470,Hook.f.,320823,3942,Impatiens lucorum,,1,,,,,,,
10243,10496,10470,Hook.f.,137386,3942,Impatiens margaritifera,,1,,,,,,,
10243,10496,10470,Hook.f.,460667,3942,Impatiens martini,,1,,,,,,,
10243,10496,10470,Franch. ex Hook.f.,318240,3942,Impatiens membranifolia,,1,,,,,,,
10243,10496,10470,Hook.f. & Thomson,123569,3942,Impatiens pulchra,,1,,,,,,,
10243,10496,10470,Hook.f.,320824,3942,Impatiens microstachys,,1,,,,,,,
10243,10496,10470,Hook.f. & Thomson,123569,3942,Impatiens pulchra,,1,,,,,,,
10243,10496,10470,Y.L.Chen,320825,3942,Impatiens muliensis,,1,,,,,,,
10243,10496,10470,Hook.f.,320826,3942,Impatiens mussotii,,1,,,,,,,
10243,10496,10470,Hook.f.,318241,3942,Impatiens nasuta,,1,,,,,,,
10243,10496,10470,L.,23247,3942,Impatiens noli-tangere,,1,,,,,,,
10243,10496,10470,Maxim.,320827,3942,Impatiens notolopha,,1,,,,,,,
10243,10496,10470,W.W.Sm.,146610,3942,Impatiens nubigena,,1,,,,,,,
10243,10496,10470,Maxim.,320828,3942,Impatiens odontopetala,,1,,,,,,,
10243,10496,10470,Hook.f.,318242,3942,Impatiens odontophylla,,1,,,,,,,
10243,10496,10470,Hook.f.,320829,3942,Impatiens oligoneura,,1,,,,,,,
10243,10496,10470,Hook.f.,318243,3942,Impatiens omeiana,,1,,,,,,,
10243,10496,10470,Hook.f.,318244,3942,Impatiens oxyanthera,,1,,,,,,,
10243,10496,10470,Hook.f.,460895,3942,Impatiens piufanensis,,1,,,,,,,
10243,10496,10470,Maxim.,317970,3942,Impatiens platyceras,,1,,,,,,,
10243,10496,10470,Hook.f.,320830,3942,Impatiens platychlaena,,1,,,,,,,
10243,10496,10470,Hook.f. ex W.W.Sm.,320831,3942,Impatiens polyceras,,1,,,,,,,
10243,10496,10470,Maxim.,320832,3942,Impatiens potaninii,,1,,,,,,,
10243,10496,10470,Hook.f.,318246,3942,Impatiens pritzelii,,1,,,,,,,
10243,10496,10470,Hook.f.,317481,3942,Impatiens pterosepala,,1,,,,,,,
10243,10496,10470,Hook.f.,320833,3942,Impatiens pudica,,1,,,,,,,
10243,10496,10470,DC.,79900,3942,Impatiens racemosa,,1,,,,,,,
10243,10496,10470,Hook.f.,121630,3942,Impatiens radiata,,1,,,,,,,
10243,10496,10470,Hand.-Mazz.,137391,3942,Impatiens rectangula,,1,,,,,,,
10243,10496,10470,Y.L.Chen & Y.Q.Lu,320834,3942,Impatiens rectirostrata,,1,,,,,,,
10243,10496,10470,Maxim.,318247,3942,Impatiens recurvicornis,,1,,,,,,,
10243,10496,10470,Y.Q.Lu & Y.L.Chen,320835,3942,Impatiens rhombifolia,,1,,,,,,,
10243,10496,10470,Hook.f.,320836,3942,Impatiens robusta,,1,,,,,,,
10243,10496,10470,Franch.,320837,3942,Impatiens rostellata,,1,,,,,,,
10243,10496,10470,Hook.f.,137392,3942,Impatiens rubrostriata,,1,,,,,,,
10243,10496,10470,Hook.f.,440638,3942,Impatiens siculifera,,1,,,,,,,
10243,10496,10470,Hook.f.,320838,3942,Impatiens soulieana,,1,,,,,,,
10243,10496,10470,E.Pritz.,316607,3942,Impatiens stenosepala,,1,,,,,,,
10243,10496,10470,(Hand.-Mazz.) Y.L.Chen,146612,3942,Impatiens subecalcarata,,1,,,,,,,
10243,10496,10470,Franch. ex Hook.f.,318248,3942,Impatiens sutchuenensis,,1,,,,,,,
10243,10496,10470,Hook.f.,422501,3942,Impatiens prainii,,1,,,,,,,
10243,10496,10470,Y.L.Chen,320839,3942,Impatiens tenerrima,,1,,,,,,,
10243,10496,10470,Y.L.Chen,320840,3942,Impatiens tienchuanensis,,1,,,,,,,
10243,10496,10470,Hook.f.,137394,3942,Impatiens tomentella,,1,,,,,,,
10243,10496,10470,Hook.f.,320841,3942,Impatiens tortisepala,,1,,,,,,,
10243,10496,10470,Hook.f.,320842,3942,Impatiens torulosa,,1,,,,,,,
10243,10496,10470,Hook.f.,320843,3942,Impatiens trichopoda,,1,,,,,,,
10243,10496,10470,Hook.f.,320844,3942,Impatiens trigonosepala,,1,,,,,,,
10243,10496,10470,Y.L.Chen & Y.Q.Lu,320845,3942,Impatiens undulata,,1,,,,,,,
10243,10496,10470,Franch.,320846,3942,Impatiens vittata,,1,,,,,,,
10243,10496,10470,Hook.f.,320847,3942,Impatiens waldheimiana,,1,,,,,,,
10243,10496,10470,Hook.f.,317781,3942,Impatiens wilsonii,,1,,,,,,,
10243,10496,10470,H.F.Comber,137395,3942,Impatiens xanthina,,1,,,,,,,
10243,10496,10470,W.W.Sm.,320848,3942,Impatiens xanthocephala,,1,,,,,,,
10243,10496,10470,(L.) P.Beauv.,23262,3943,Imperata cylindrica,,1,,,,,,,
10243,10496,10470,(L.) P.Beauv.,23262,3943,Imperata cylindrica,,1,,,,,,,
10243,10496,10470,Forrest,216634,9825,Incarvillea altissima,,1,,,,,,,
10243,10496,10470,Royle,79908,9825,Incarvillea diffusa,,1,,,,,,,
10243,10496,10470,Batalin,217039,9825,Incarvillea beresowskii,,1,,,,,,,
10243,10496,10470,Maxim.,216635,9825,Incarvillea compacta,,1,,,,,,,
10243,10496,10470,Bureau & Franch.,216637,9825,Incarvillea delavayi,,1,,,,,,,
10243,10496,10470,Q.S.Zhao,217041,9825,Incarvillea dissectifoliola,,1,,,,,,,
10243,10496,10470,H.R.Fletcher,216638,9825,Incarvillea forrestii,,1,,,,,,,
10243,10496,10470,Bureau & Franch.,216639,9825,Incarvillea lutea,,1,,,,,,,
10243,10496,10470,(H.Lév.) Grierson,216640,9825,Incarvillea mairei,,1,,,,,,,
10243,10496,10470,Lam.,216645,9825,Incarvillea sinensis,,1,,,,,,,
10243,10496,10470,Sprague,217040,9825,Incarvillea younghusbandii,,1,,,,,,,
10243,10496,10470,Y.Y.Fang & C.Z.Zheng,320849,3944,Indigofera acutipetala,,1,,,,,,,
10243,10496,10470,Craib,137396,3944,Indigofera amblyantha,,1,,,,,,,
10243,10496,10470,Craib,320850,3944,Indigofera argutidens,,1,,,,,,,
10243,10496,10470,Buch.-Ham. ex Hornem.,56596,3944,Indigofera atropurpurea,,1,,,,,,,
10243,10496,10470,Craib,137397,3944,Indigofera balfouriana,,1,,,,,,,
10243,10496,10470,Walp.,316278,3944,Indigofera bungeana,,1,,,,,,,
10243,10496,10470,Craib,460699,3944,Indigofera carlesii,,1,,,,,,,
10243,10496,10470,Franch.,320852,3944,Indigofera delavayi,,1,,,,,,,
10243,10496,10470,(Willd.) Nakai,440641,3944,Indigofera incarnata,,1,,,,,,,
10243,10496,10470,Franch.,320852,3944,Indigofera delavayi,,1,,,,,,,
10243,10496,10470,Craib,320853,3944,Indigofera dichroa,,1,,,,,,,
10243,10496,10470,Craib,320854,3944,Indigofera dolichochaete,,1,,,,,,,
10243,10496,10470,Craib,320855,3944,Indigofera dumetorum,,1,,,,,,,
10243,10496,10470,H.Lév.,317782,3944,Indigofera esquirolii,,1,,,,,,,
10243,10496,10470,Craib,320857,3944,Indigofera hancockii,,1,,,,,,,
10243,10496,10470,Craib,316919,3944,Indigofera fortunei,,1,,,,,,,
10243,10496,10470,DC.,23278,3944,Indigofera galegoides,,1,,,,,,,
10243,10496,10470,Craib,320857,3944,Indigofera hancockii,,1,,,,,,,
10243,10496,10470,Craib,320858,3944,Indigofera henryi,,1,,,,,,,
10243,10496,10470,Wall. ex Brandis,23280,3944,Indigofera heterantha,,1,,,,,,,
10243,10496,10470,L.,23281,3944,Indigofera hirsuta,,1,,,,,,,
10243,10496,10470,Craib,320859,3944,Indigofera lenticellata,,1,,,,,,,
10243,10496,10470,(L.f.) Retz.,23284,3944,Indigofera linifolia,,1,,,,,,,
10243,10496,10470,Craib,320860,3944,Indigofera mengtzeana,,1,,,,,,,
10243,10496,10470,Y.Y.Fang & C.Z.Zheng,320861,3944,Indigofera muliensis,,1,,,,,,,
10243,10496,10470,Craib,320862,3944,Indigofera myosurus,,1,,,,,,,
10243,10496,10470,Kurz ex King & Prain,23293,3944,Indigofera nigrescens,,1,,,,,,,
10243,10496,10470,Franch.,137398,3944,Indigofera pendula,,1,,,,,,,
10243,10496,10470,Baker,78330,3944,Indigofera microcalyx,,1,,,,,,,
10243,10496,10470,Craib,320866,3944,Indigofera szechuensis,,1,,,,,,,
10243,10496,10470,Walp.,316278,3944,Indigofera bungeana,,1,,,,,,,
10243,10496,10470,Franch.,122890,3944,Indigofera reticulata,,1,,,,,,,
10243,10496,10470,Craib,320863,3944,Indigofera rigioclada,,1,,,,,,,
10243,10496,10470,Dunn,317605,3944,Indigofera scabrida,,1,,,,,,,
10243,10496,10470,Franch.,320864,3944,Indigofera sensitiva,,1,,,,,,,
10243,10496,10470,Pamp.,137399,3944,Indigofera silvestrii,,1,,,,,,,
10243,10496,10470,Craib,320858,3944,Indigofera henryi,,1,,,,,,,
10243,10496,10470,Craib,320866,3944,Indigofera szechuensis,,1,,,,,,,
10243,10496,10470,L.,23310,3944,Indigofera tinctoria,,1,,,,,,,
10243,10496,10470,L.,23311,3944,Indigofera trifoliata,,1,,,,,,,
10243,10496,10470,Graham ex Wight & Arn.,23315,3944,Indigofera wightii,,1,,,,,,,
10243,10496,10470,Craib,320867,3944,Indigofera wilsonii,,1,,,,,,,
10243,10496,10470,(C.D.Chu & C.S.Chao) H.R.Zhao & Y.L.Yang,226985,3945,Indocalamus bashanensis,,1,,,,,,,
10243,10496,10470,C.D.Chu & C.S.Chao,226991,3945,Indocalamus emeiensis,,1,,,,,,,
10243,10496,10470,H.R.Zhao & Y.L.Yang,226995,3945,Indocalamus hispidus,,1,,,,,,,
10243,10496,10470,B.M.Yang,226996,3945,Indocalamus hunanensis,,1,,,,,,,
10243,10496,10470,(Keng) McClure,140668,3945,Indocalamus latifolius,,1,,,,,,,
10243,10496,10470,Hand.-Mazz.,226998,3945,Indocalamus longiauritus,,1,,,,,,,
10243,10496,10470,(Keng) Keng f.,227001,3945,Indocalamus pedalis,,1,,,,,,,
10243,10496,10470,(Hance) Nakai,23319,3945,Indocalamus sinicus,,1,,,,,,,
10243,10496,10470,(Munro) Keng f.,146616,3945,Indocalamus tessellatus,,1,,,,,,,
10243,10496,10470,Keng f.,227007,3945,Indocalamus victorialis,,1,,,,,,,
10243,10496,10470,(Rendle) D.Z.Li & Y.X.Zhang,457611,20469,Ravenochloa wilsonii,,1,,,,,,,
10243,10496,10470,McClure,227012,11850,Indosasa crassiflora,,1,,,,,,,
10243,10496,10470,(Buch.-Ham. ex D.Don) Pruski & Anderb.,138397,12488,Duhaldea cappa,,1,,,,,,,
10243,10496,10470,(DC.) Anderb.,433148,12488,Duhaldea cuspidata,,1,,,,,,,
10243,10496,10470,(J.Anthony) Anderb.,461212,12488,Duhaldea forrestii,,1,,,,,,,
10243,10496,10470,C.Y.Wu ex Y.Ling,137403,3950,Inula helianthus-aquatilis,,1,,,,,,,
10243,10496,10470,(Y.Ling) Y.Ling,318249,3950,Inula hupehensis,,1,,,,,,,
10243,10496,10470,Thunb.,294505,3950,Inula japonica,,1,,,,,,,
10243,10496,10470,Turcz.,312736,3950,Inula linariifolia,,1,,,,,,,
10243,10496,10470,(Wall. ex DC.) Anderb.,422473,12488,Duhaldea nervosa,,1,,,,,,,
10243,10496,10470,(Franch.) Anderb.,451436,12488,Duhaldea pterocaula,,1,,,,,,,
10243,10496,10470,Hook.f.,316279,3950,Inula racemosa,,1,,,,,,,
10243,10496,10470,(L.) A.Gray ex Kunth,23374,3956,Iphigenia indica,,1,,,,,,,
10243,10496,10470,Forssk.,23381,3957,Ipomoea aquatica,,1,,,,,,,
10243,10496,10470,(L.) Pers.,23388,3957,Ipomoea biflora,,1,,,,,,,
10243,10496,10470,R.Br.,23407,3957,Ipomoea eriocarpa,,1,,,,,,,
10243,10496,10470,Jacq.,23441,3957,Ipomoea mauritiana,,1,,,,,,,
10243,10496,10470,Dykes,137406,3961,Iris bulleyana,,1,,,,,,,
10243,10496,10470,Dykes,121635,3961,Iris chrysographes,,1,,,,,,,
10243,10496,10470,Hook.f.,123037,3961,Iris collettii,,1,,,,,,,
10243,10496,10470,Sealy,146679,3961,Iris confusa,,1,,,,,,,
10243,10496,10470,Noltie & K.Y.Guan,217227,3961,Iris cuniculiformis,,1,,,,,,,
10243,10496,10470,Wall.,56560,3961,Iris decora,,1,,,,,,,
10243,10496,10470,Micheli,137407,3961,Iris delavayi,,1,,,,,,,
10243,10496,10470,Pall.,146686,3961,Iris dichotoma,,1,,,,,,,
10243,10496,10470,Thunb.,23504,3961,Iris ensata,,1,,,,,,,
10243,10496,10470,Dykes,146740,3961,Iris farreri,,1,,,,,,,
10243,10496,10470,Dykes,137408,3961,Iris forrestii,,1,,,,,,,
10243,10496,10470,Baker,138755,3961,Iris goniocarpa,,1,,,,,,,
10243,10496,10470,Pall.,146701,3961,Iris halophila,,1,,,,,,,
10243,10496,10470,Baker,146702,3961,Iris henryi,,1,,,,,,,
10243,10496,10470,Thunb.,48516,3961,Iris japonica,,1,,,,,,,
10243,10496,10470,Wall. ex D.Don,120654,3961,Iris kemaonensis,,1,,,,,,,
10243,10496,10470,Pall.,70886,3961,Iris lactea,,1,,,,,,,
10243,10496,10470,Lingelsh. ex H.Limpr.,146754,3961,Iris leptophylla,,1,,,,,,,
10243,10496,10470,Diels,146728,3961,Iris narcissiflora,,1,,,,,,,
10243,10496,10470,Dykes,146740,3961,Iris farreri,,1,,,,,,,
10243,10496,10470,Maxim.,146744,3961,Iris potaninii,,1,,,,,,,
10243,10496,10470,Ker Gawl.,102469,3961,Iris ruthenica,,1,,,,,,,
10243,10496,10470,Schrenk ex Fisch. & C.A.Mey.,146756,3961,Iris songarica,,1,,,,,,,
10243,10496,10470,Hance,23518,3961,Iris speculatrix,,1,,,,,,,
10243,10496,10470,Maxim.,137410,3961,Iris tectorum,,1,,,,,,,
10243,10496,10470,Bunge ex Ledeb.,146769,3961,Iris tigridia,,1,,,,,,,
10243,10496,10470,Baker ex Hook.f.,137411,3961,Iris wattii,,1,,,,,,,
10243,10496,10470,C.H.Wright,146781,3961,Iris wilsonii,,1,,,,,,,
10243,10496,10470,Trin.,23527,3963,Isachne albens,,1,,,,,,,
10243,10496,10470,Keng f.,227042,3963,Isachne ciliatiflora,,1,,,,,,,
10243,10496,10470,(Thunb.) Kuntze,23535,3963,Isachne globosa,,1,,,,,,,
10243,10496,10470,Ohwi,23542,3963,Isachne nipponensis,,1,,,,,,,
10243,10496,10470,Roth,23546,3963,Isachne pulchella,,1,,,,,,,
10243,10496,10470,A.Camus,227092,3963,Isachne truncata,,1,,,,,,,
10243,10496,10470,DC.,102528,3964,Isatis oblongata,,1,,,,,,,
10243,10496,10470,Salisb.,23570,3965,Ischaemum rugosum,,1,,,,,,,
10243,10496,10470,Kraenzl.,454747,2384,Coelogyne mandarinorum,,1,,,,,,,
10243,10496,10470,(Diels) Kudô,182136,3975,Isodon adenanthus,,1,,,,,,,
10243,10496,10470,(Hand.-Mazz.) H.Hara,182137,3975,Isodon adenolomus,,1,,,,,,,
10243,10496,10470,(C.Y.Wu & H.W.Li) H.Hara,182138,3975,Isodon albopilosus,,1,,,,,,,
10243,10496,10470,(Benth.) H.Hara,23603,3975,Isodon amethystoides,,1,,,,,,,
10243,10496,10470,(Dunn) Kudô,182139,3975,Isodon angustifolius,,1,,,,,,,
10243,10496,10470,(H.Lév.) H.W.Li,182142,3975,Isodon barbeyanus,,1,,,,,,,
10243,10496,10470,(C.Y.Wu & H.W.Li) H.Hara,182143,3975,Isodon brevicalcaratus,,1,,,,,,,
10243,10496,10470,(Buch.-Ham. ex D.Don) Kudô,23604,3975,Isodon coetsa,,1,,,,,,,
10243,10496,10470,(Hand.-Mazz.) H.Hara,182148,3975,Isodon dawoensis,,1,,,,,,,
10243,10496,10470,(Hand.-Mazz.) H.W.Li,182151,3975,Isodon enanderianus,,1,,,,,,,
10243,10496,10470,(Dunn) Kudô,137914,3975,Isodon eriocalyx,,1,,,,,,,
10243,10496,10470,(Y.Z.Sun ex C.H.Hu) H.Hara,182152,3975,Isodon excisoides,,1,,,,,,,
10243,10496,10470,(Maxim.) Kudô,182153,3975,Isodon excisus,,1,,,,,,,
10243,10496,10470,(C.Y.Wu) H.Hara,137915,3975,Isodon flabelliformis,,1,,,,,,,
10243,10496,10470,(C.Y.Wu & H.W.Li) H.Hara,182155,3975,Isodon flexicaulis,,1,,,,,,,
10243,10496,10470,(Diels) Kudô,137916,3975,Isodon forrestii,,1,,,,,,,
10243,10496,10470,(J.Sinclair) H.Hara,182156,3975,Isodon gesneroides,,1,,,,,,,
10243,10496,10470,(C.Y.Wu & H.W.Li) H.Hara,182158,3975,Isodon glutinosus,,1,,,,,,,
10243,10496,10470,(Hand.-Mazz.) H.Hara,182159,3975,Isodon grandifolius,,1,,,,,,,
10243,10496,10470,(Dunn) Kudô,182160,3975,Isodon grosseserratus,,1,,,,,,,
10243,10496,10470,(Hemsl.) Kudô,182161,3975,Isodon henryi,,1,,,,,,,
10243,10496,10470,(Hand.-Mazz.) H.Hara,182162,3975,Isodon hirtellus,,1,,,,,,,
10243,10496,10470,(Thunb.) Kudô,23605,3975,Isodon inflexus,,1,,,,,,,
10243,10496,10470,(C.Y.Wu & H.W.Li) H.Hara,182163,3975,Isodon interruptus,,1,,,,,,,
10243,10496,10470,(Burm.f.) H.Hara,23606,3975,Isodon japonicus,,1,,,,,,,
10243,10496,10470,(C.Y.Wu & H.W.Li) H.Hara,182165,3975,Isodon latifolius,,1,,,,,,,
10243,10496,10470,(Dunn) Kudô,182166,3975,Isodon leucophyllus,,1,,,,,,,
10243,10496,10470,(C.Y.Wu & H.W.Li) H.Hara,182167,3975,Isodon liangshanicus,,1,,,,,,,
10243,10496,10470,(C.Y.Wu & H.W.Li) H.Hara,182168,3975,Isodon lihsienensis,,1,,,,,,,
10243,10496,10470,(Miq.) Kudô,182169,3975,Isodon longitubus,,1,,,,,,,
10243,10496,10470,(Buch.-Ham. ex D.Don) H.Hara,23607,3975,Isodon lophanthoides,,1,,,,,,,
10243,10496,10470,(Hand.-Mazz.) H.Hara,137918,3975,Isodon loxothyrsus,,1,,,,,,,
10243,10496,10470,(C.Y.Wu & H.W.Li) H.Hara,182172,3975,Isodon medilungensis,,1,,,,,,,
10243,10496,10470,(Diels) H.Hara,182173,3975,Isodon megathyrsus,,1,,,,,,,
10243,10496,10470,(C.Y.Wu & H.W.Li) H.Hara,182175,3975,Isodon mucronatus,,1,,,,,,,
10243,10496,10470,(W.W.Sm.) Kudô,182176,3975,Isodon muliensis,,1,,,,,,,
10243,10496,10470,(Hemsl.) Kudô,150064,3975,Isodon nervosus,,1,,,,,,,
10243,10496,10470,(W.W.Sm.) Kudô,182182,3975,Isodon oresbius,,1,,,,,,,
10243,10496,10470,(Batalin) H.Hara,182184,3975,Isodon parvifolius,,1,,,,,,,
10243,10496,10470,(Prain) Murata,182185,3975,Isodon pharicus,,1,,,,,,,
10243,10496,10470,(Diels) Kudô,182187,3975,Isodon phyllopodus,,1,,,,,,,
10243,10496,10470,(Diels) Kudô,182188,3975,Isodon phyllostachys,,1,,,,,,,
10243,10496,10470,(Hemsl.) Murata,182190,3975,Isodon racemosus,,1,,,,,,,
10243,10496,10470,(Diels) Kudô,182193,3975,Isodon rosthornii,,1,,,,,,,
10243,10496,10470,(Hemsl.) H.Hara,182194,3975,Isodon rubescens,,1,,,,,,,
10243,10496,10470,(Hand.-Mazz.) H.Hara,137919,3975,Isodon rugosiformis,,1,,,,,,,
10243,10496,10470,(Wall. ex Benth.) Murata,137917,3975,Isodon scrophularioides,,1,,,,,,,
10243,10496,10470,(Vaniot) Kudô,451507,3975,Isodon sculponeatus,,1,,,,,,,
10243,10496,10470,(C.Y.Wu) H.Hara,146797,3975,Isodon secundiflorus,,1,,,,,,,
10243,10496,10470,(Maxim.) Kudô,23609,3975,Isodon serra,,1,,,,,,,
10243,10496,10470,(Hand.-Mazz.) H.Hara,182197,3975,Isodon setschwanensis,,1,,,,,,,
10243,10496,10470,(Hand.-Mazz.) H.Hara,182200,3975,Isodon smithianus,,1,,,,,,,
10243,10496,10470,(W.W.Sm.) Kudô,182201,3975,Isodon tenuifolius,,1,,,,,,,
10243,10496,10470,(Hand.-Mazz.) H.Hara,182208,3975,Isodon wikstroemioides,,1,,,,,,,
10243,10496,10470,(Hand.-Mazz.) H.Hara,182210,3975,Isodon yuennanensis,,1,,,,,,,
10243,10496,10470,Hand.-Mazz.,146804,3977,Isoetes hypsophila,,1,,,,,,,
10243,10496,10470,T.C.Palmer,23628,3977,Isoetes sinensis,,1,,,,,,,
10243,10496,10470,(T.Anderson) B.Hansen,137412,9000,Isoglossa collina,,1,,,,,,,
10243,10496,10470,(L.) R.Br.,23659,3979,Isolepis setacea,,1,,,,,,,
10243,10496,10470,(Chun ex K.Y.Pan) Mich.Möller & A.Weber,320869,5133,Oreocharis eximia,,1,,,,,,,
10243,10496,10470,(Franch.) Mich.Möller & A.Weber,461065,5133,Oreocharis fargesii,,1,,,,,,,
10243,10496,10470,(Craib) Mich.Möller & A.Weber,317972,5133,Oreocharis farreri,,1,,,,,,,
10243,10496,10470,(Diels) Mich.Möller & A.Weber,318251,5133,Oreocharis giraldii,,1,,,,,,,
10243,10496,10470,(Batalin) Mich.Möller & A.Weber,320870,5133,Oreocharis glandulosa,,1,,,,,,,
10243,10496,10470,(Franch.) Mich.Möller & A.Weber,320871,5133,Oreocharis lancifolia,,1,,,,,,,
10243,10496,10470,(Diels) Mich.Möller & A.Weber,320872,5133,Oreocharis leucantha,,1,,,,,,,
10243,10496,10470,(K.Y.Pan) Mich.Möller & A.Weber,318252,5133,Oreocharis pinnatilobata,,1,,,,,,,
10243,10496,10470,(Batalin) Mich.Möller & A.Weber,320873,5133,Oreocharis primuliflora,,1,,,,,,,
10243,10496,10470,(K.Y.Pan) Mich.Möller & A.Weber,320874,5133,Oreocharis sichuanica,,1,,,,,,,
10243,10496,10470,(K.Y.Pan) Mich.Möller & A.Weber,319781,5133,Oreocharis villosa,,1,,,,,,,
10243,10496,10470,Hook. & Arn.,23680,3987,Itea chinensis,,1,,,,,,,
10243,10496,10470,Y.C.Wu,23681,3987,Itea coriacea,,1,,,,,,,
10243,10496,10470,Hand.-Mazz.,317606,3987,Itea glutinosa,,1,,,,,,,
10243,10496,10470,Oliv.,146865,3987,Itea ilicifolia,,1,,,,,,,
10243,10496,10470,Merr.,137413,3987,Itea indochinensis,,1,,,,,,,
10243,10496,10470,C.K.Schneid.,317237,3987,Itea omeiensis,,1,,,,,,,
10243,10496,10470,Hemsl.,23684,3987,Itea parviflora,,1,,,,,,,
10243,10496,10470,Franch.,137415,3987,Itea yunnanensis,,1,,,,,,,
10243,10496,10470,(Nees) Hook.f.,449852,4325,Lindera caudata,,1,,,,,,,
10243,10496,10470,Hemsl.,23685,914,Itoa orientalis,,1,,,,,,,
10243,10496,10470,(Thunb.) Nakai,23696,3992,Ixeris chinensis,,1,,,,,,,
10243,10496,10470,(Thunb.) Nakai,23696,3992,Ixeris chinensis,,1,,,,,,,
10243,10496,10470,(Maxim.) Pak & Kawano,11528,2544,Crepidiastrum sonchifolium,,1,,,,,,,
10243,10496,10470,(DC.) Pak & Kawano,23694,3991,Ixeridium gracile,,1,,,,,,,
10243,10496,10470,(Thunb.) Nakai,23696,3992,Ixeris chinensis,,1,,,,,,,
10243,10496,10470,(Blume) Pak & Kawano,23695,3991,Ixeridium laevigatum,,1,,,,,,,
10243,10496,10470,(Maxim.) Pak & Kawano,11528,2544,Crepidiastrum sonchifolium,,1,,,,,,,
10243,10496,10470,(Thunb.) Nakai,23696,3992,Ixeris chinensis,,1,,,,,,,
10243,10496,10470,(Burm.f.) Nakai,23698,3992,Ixeris japonica,,1,,,,,,,
10243,10496,10470,Cass.,23701,3992,Ixeris polycephala,,1,,,,,,,
10243,10496,10470,H.Lév.,23746,3998,Ixora henryi,,1,,,,,,,
10243,10496,10470,(Burm.f.) Hallier f.,23827,4003,Jacquemontia paniculata,,1,,,,,,,
10243,10496,10470,(Royle ex G.Don) Knobl.,320875,9175,Jaeschkea canaliculata,,1,,,,,,,
10243,10496,10470,Forrest & Diels,23862,4012,Jasminum beesianum,,1,,,,,,,
10243,10496,10470,(P.J.Bergius) Willd.,23868,4012,Jasminum elongatum,,1,,,,,,,
10243,10496,10470,(Bunge) Banfi,450828,19277,Chrysojasminum floridum,,1,,,,,,,
10243,10496,10470,L.,23872,4012,Jasminum grandiflorum,,1,,,,,,,
10243,10496,10470,(L.) Banfi,383370,19277,Chrysojasminum humile,,1,,,,,,,
10243,10496,10470,Roxb.,125262,4012,Jasminum lanceolaria,,1,,,,,,,
10243,10496,10470,Hance,23881,4012,Jasminum mesnyi,,1,,,,,,,
10243,10496,10470,Hance,23882,4012,Jasminum microcalyx,,1,,,,,,,
10243,10496,10470,Lindl.,23888,4012,Jasminum nudiflorum,,1,,,,,,,
10243,10496,10470,L.,23890,4012,Jasminum officinale,,1,,,,,,,
10243,10496,10470,Gagnep.,23892,4012,Jasminum pierreanum,,1,,,,,,,
10243,10496,10470,Franch.,23893,4012,Jasminum polyanthum,,1,,,,,,,
10243,10496,10470,H.Lév.,219655,4012,Jasminum prainii,,1,,,,,,,
10243,10496,10470,Wall. ex G.Don,23869,4012,Jasminum extensum,,1,,,,,,,
10243,10496,10470,Hemsl.,23898,4012,Jasminum sinense,,1,,,,,,,
10243,10496,10470,É.Lemoine,461213,4012,Jasminum × stephanense,,1,,,,,,,
10243,10496,10470,(W.W.Sm.) Banfi & Galasso,383371,19277,Chrysojasminum subhumile,,1,,,,,,,
10243,10496,10470,Hemsl.,23901,4012,Jasminum urophyllum,,1,,,,,,,
10243,10496,10470,Hu,316280,4022,Juglans hopeiensis,,1,,,,,,,
10243,10496,10470,Maxim.,23931,4022,Juglans mandshurica,,1,,,,,,,
10243,10496,10470,L.,23934,4022,Juglans regia,,1,,,,,,,
10243,10496,10470,Dode,137416,4022,Juglans sigillata,,1,,,,,,,
10243,10496,10470,Jacq.,68225,2661,Cyperus pannonicus,,1,,,,,,,
10243,10496,10470,Rottb.,12970,2661,Cyperus serotinus,,1,,,,,,,
10243,10496,10470,Franch. & Sav.,23946,4024,Juncus alatus,,1,,,,,,,
10243,10496,10470,Franch.,137417,4024,Juncus allioides,,1,,,,,,,
10243,10496,10470,A.Camus,137418,4024,Juncus amplifolius,,1,,,,,,,
10243,10496,10470,L.,23954,4024,Juncus articulatus,,1,,,,,,,
10243,10496,10470,Kunth,70887,4024,Juncus benghalensis,,1,,,,,,,
10243,10496,10470,Sam.,137419,4024,Juncus brachystigma,,1,,,,,,,
10243,10496,10470,Kunth,70887,4024,Juncus benghalensis,,1,,,,,,,
10243,10496,10470,L.,23963,4024,Juncus bufonius,,1,,,,,,,
10243,10496,10470,Sm.,23970,4024,Juncus castaneus,,1,,,,,,,
10243,10496,10470,Buchenau,138759,4024,Juncus chrysocarpus,,1,,,,,,,
10243,10496,10470,Buchenau,137421,4024,Juncus clarkei,,1,,,,,,,
10243,10496,10470,D.Don,137422,4024,Juncus concinnus,,1,,,,,,,
10243,10496,10470,Buchenau,146938,4024,Juncus diastrophanthus,,1,,,,,,,
10243,10496,10470,L.,23981,4024,Juncus effusus,,1,,,,,,,
10243,10496,10470,Sam.,146940,4024,Juncus giganteus,,1,,,,,,,
10243,10496,10470,A.Camus,138762,4024,Juncus gracilicaulis,,1,,,,,,,
10243,10496,10470,(Buchenau) V.I.Krecz. & Gontsch.,23994,4024,Juncus gracillimus,,1,,,,,,,
10243,10496,10470,Klotzsch,70888,4024,Juncus himalensis,,1,,,,,,,
10243,10496,10470,L.,24005,4024,Juncus inflexus,,1,,,,,,,
10243,10496,10470,Rendle,138764,4024,Juncus kingii,,1,,,,,,,
10243,10496,10470,D.Don,137422,4024,Juncus concinnus,,1,,,,,,,
10243,10496,10470,Buchenau,146942,4024,Juncus leptospermus,,1,,,,,,,
10243,10496,10470,Royle ex D.Don,125498,4024,Juncus leucanthus,,1,,,,,,,
10243,10496,10470,Royle ex D.Don,70889,4024,Juncus leucomelas,,1,,,,,,,
10243,10496,10470,Franch.,137426,4024,Juncus luzuliformis,,1,,,,,,,
10243,10496,10470,Buchenau,216221,4024,Juncus maximowiczii,,1,,,,,,,
10243,10496,10470,D.Don,137422,4024,Juncus concinnus,,1,,,,,,,
10243,10496,10470,Buchenau,137427,4024,Juncus minimus,,1,,,,,,,
10243,10496,10470,D.Don,137422,4024,Juncus concinnus,,1,,,,,,,
10243,10496,10470,N.E.Br.,216224,4024,Juncus modicus,,1,,,,,,,
10243,10496,10470,Miyam. & H.Ohba,138765,4024,Juncus nepalicus,,1,,,,,,,
10243,10496,10470,Buchenau,125499,4024,Juncus ochraceus,,1,,,,,,,
10243,10496,10470,Buchenau,216229,4024,Juncus potaninii,,1,,,,,,,
10243,10496,10470,R.Br.,24025,4024,Juncus prismatocarpus,,1,,,,,,,
10243,10496,10470,Buchenau,137428,4024,Juncus przewalskii,,1,,,,,,,
10243,10496,10470,Buchenau,137429,4024,Juncus setchuensis,,1,,,,,,,
10243,10496,10470,Hook.f.,137430,4024,Juncus sikkimensis,,1,,,,,,,
10243,10496,10470,Decne.,70890,4024,Juncus sphacelatus,,1,,,,,,,
10243,10496,10470,Royle ex D.Don,125498,4024,Juncus leucanthus,,1,,,,,,,
10243,10496,10470,Buchenau,70891,4024,Juncus thomsonii,,1,,,,,,,
10243,10496,10470,L.,24057,4024,Juncus triglumis,,1,,,,,,,
10243,10496,10470,L.,24066,4025,Juniperus chinensis,,1,,,,,,,
10243,10496,10470,Rehder & E.H.Wilson,164294,4025,Juniperus convallium,,1,,,,,,,
10243,10496,10470,Hayata,24068,4025,Juniperus formosana,,1,,,,,,,
10243,10496,10470,Bertol.,80094,4025,Juniperus indica,,1,,,,,,,
10243,10496,10470,Florin,222716,4025,Juniperus komarovii,,1,,,,,,,
10243,10496,10470,W.C.Cheng ex Ferré,164297,4025,Juniperus pingii,,1,,,,,,,
10243,10496,10470,Kom.,222715,4025,Juniperus przewalskii,,1,,,,,,,
10243,10496,10470,Fisch. & C.A.Mey.,102423,4025,Juniperus pseudosabina,,1,,,,,,,
10243,10496,10470,Siebold & Zucc.,24075,4025,Juniperus rigida,,1,,,,,,,
10243,10496,10470,L.,57341,4025,Juniperus sabina,,1,,,,,,,
10243,10496,10470,Rehder & E.H.Wilson,138039,4025,Juniperus saltuaria,,1,,,,,,,
10243,10496,10470,Kom.,222706,4025,Juniperus tibetica,,1,,,,,,,
10243,10496,10470,W.W.Sm.,320878,4027,Justicia albovelata,,1,,,,,,,
10243,10496,10470,Benoist,24089,4027,Justicia alboviridis,,1,,,,,,,
10243,10496,10470,T.Anderson ex Benth.,24101,4027,Justicia championii,,1,,,,,,,
10243,10496,10470,Hemsl.,318253,4027,Justicia latiflora,,1,,,,,,,
10243,10496,10470,"(W.W.Sm.) Y.F.Deng, N.H.Xia & H.Peng",461214,20542,Wuacanthus microdontus,,1,,,,,,,
10243,10496,10470,(L.) Nees,440700,6050,Rostellularia procumbens,,1,,,,,,,
10243,10496,10470,W.W.Sm.,320880,4027,Justicia siccanea,,1,,,,,,,
10243,10496,10470,Wall. ex Nees,24152,4027,Justicia ventricosa,,1,,,,,,,
10243,10496,10470,W.W.Sm.,320881,4027,Justicia xerobatica,,1,,,,,,,
10243,10496,10470,W.W.Sm.,320882,4027,Justicia xerophila,,1,,,,,,,
10243,10496,10470,W.W.Sm.,320883,4027,Justicia xylopoda,,1,,,,,,,
10243,10496,10470,W.W.Sm.,320884,4027,Justicia yunnanensis,,1,,,,,,,
10243,10496,10470,(Lem.) A.C.Sm.,24153,4028,Kadsura coccinea,,1,,,,,,,
10243,10496,10470,(Roxb.) Craib,24154,4028,Kadsura heteroclita,,1,,,,,,,
10243,10496,10470,(L.) Dunal,24155,4028,Kadsura japonica,,1,,,,,,,
10243,10496,10470,Finet & Gagnep.,24156,4028,Kadsura longipedunculata,,1,,,,,,,
10243,10496,10470,Fisch.,315102,1522,Aster incisus,,1,,,,,,,
10243,10496,10470,L.,440708,1522,Aster indicus,,1,,,,,,,
10243,10496,10470,(Hance) F.H.Chen,450854,1522,Aster pekinensis,,1,,,,,,,
10243,10496,10470,(Debeaux) Franch.,315103,1522,Aster lautureanus,,1,,,,,,,
10243,10496,10470,(C.C.Chang) G.L.Nesom,461215,20543,Cordiofontis longipetiolata,,1,,,,,,,
10243,10496,10470,Franch.,460285,1522,Aster mongolicus,,1,,,,,,,
10243,10496,10470,(Kitam.) Nemoto,460668,1522,Aster shimadae,,1,,,,,,,
10243,10496,10470,(Thunb.) Koidz.,24224,4035,Kalopanax septemlobus,,1,,,,,,,
10243,10496,10470,(C.Y.Wu) Harley,205637,12133,Collinsonia szechuanensis,,1,,,,,,,
10243,10496,10470,Franch.,146983,12040,Kelloggia chinensis,,1,,,,,,,
10243,10496,10470,(Keng & S.L.Chen) S.L.Chen,457615,13715,Kengyilia geminata,,1,,,,,,,
10243,10496,10470,"(Keng) J.L.Yang, C.Yen & B.R.Baum",457617,13715,Kengyilia hirsuta,,1,,,,,,,
10243,10496,10470,(Keng) S.L.Chen,457621,13715,Kengyilia laxiflora,,1,,,,,,,
10243,10496,10470,"(Keng & S.L.Chen) J.L.Yang, C.Yen & B.R.Baum",457622,13715,Kengyilia melanthera,,1,,,,,,,
10243,10496,10470,"(Keng & S.L.Chen) J.L.Yang, C.Yen & B.R.Baum",457623,13715,Kengyilia mutica,,1,,,,,,,
10243,10496,10470,(Keng) S.L.Chen,457625,13715,Kengyilia rigidula,,1,,,,,,,
10243,10496,10470,(Keng) S.L.Chen,457626,13715,Kengyilia stenachyra,,1,,,,,,,
10243,10496,10470,"(Oliv.) J.L.Yang, C.Yen & B.R.Baum",451592,13715,Kengyilia thoroldiana,,1,,,,,,,
10243,10496,10470,(L.) DC.,24263,4048,Kerria japonica,,1,,,,,,,
10243,10496,10470,(C.E.Bertrand) Beissn.,24265,4050,Keteleeria davidiana,,1,,,,,,,
10243,10496,10470,Mast.,24266,4050,Keteleeria evelyniana,,1,,,,,,,
10243,10496,10470,(A.Murray bis) Carrière,24267,4050,Keteleeria fortunei,,1,,,,,,,
10243,10496,10470,Mast.,24266,4050,Keteleeria evelyniana,,1,,,,,,,
10243,10496,10470,Balf.f. & W.W.Sm.,146992,13004,Kingdonia uniflora,,1,,,,,,,
10243,10496,10470,Hemsl.,201408,6748,Teucrium ornatum,,1,,,,,,,
10243,10496,10470,(Spreng.) M.A.Rau,121240,4069,Knoxia roxburghii,,1,,,,,,,
10243,10496,10470,(Decne.) S.R.Zhang,445397,2026,Carex capillifolia,,1,,,,,,,
10243,10496,10470,Franch.,451606,2026,Carex cercostachys,,1,,,,,,,
10243,10496,10470,(F.T.Wang & Tang ex P.C.Li) S.R.Zhang,456299,2026,Carex lepidochlamys,,1,,,,,,,
10243,10496,10470,S.R.Zhang,451602,2026,Carex clavispica,,1,,,,,,,
10243,10496,10470,Kunth,451603,2026,Carex esenbeckii,,1,,,,,,,
10243,10496,10470,S.R.Zhang,456302,2026,Carex kangdingensis,,1,,,,,,,
10243,10496,10470,(Y.C.Yang) S.R.Zhang,456304,2026,Carex macroprophylla,,1,,,,,,,
10243,10496,10470,(Kük.) N.A.Ivanova,451600,2026,Carex bonatiana,,1,,,,,,,
10243,10496,10470,S.R.Zhang,456307,2026,Carex hughii,,1,,,,,,,
10243,10496,10470,(N.A.Ivanova) S.R.Zhang,453621,2026,Carex handel-mazzettii,,1,,,,,,,
10243,10496,10470,S.R.Zhang,445398,2026,Carex alatauensis,,1,,,,,,,
10243,10496,10470,(Noltie) O.Yano & S.R.Zhang,452303,2026,Carex pseuduncinoides,,1,,,,,,,
10243,10496,10470,S.R.Zhang,456311,2026,Carex liangshanensis,,1,,,,,,,
10243,10496,10470,S.R.Zhang,456312,2026,Carex pseudogammiei,,1,,,,,,,
10243,10496,10470,(Y.C.Yang) S.R.Zhang,445400,2026,Carex nudicarpa,,1,,,,,,,
10243,10496,10470,Vill.,440734,2026,Carex myosuroides,,1,,,,,,,
10243,10496,10470,Boeckeler,445402,2026,Carex unciniiformis,,1,,,,,,,
10243,10496,10470,(Hand.-Mazz.) S.R.Zhang,456314,2026,Carex setschwanensis,,1,,,,,,,
10243,10496,10470,S.R.Zhang,451605,2026,Carex bhutanensis,,1,,,,,,,
10243,10496,10470,(F.T.Wang & Tang) S.R.Zhang,452305,2026,Carex coninux,,1,,,,,,,
10243,10496,10470,O.Yano,445404,2026,Carex parvula,,1,,,,,,,
10243,10496,10470,(Hemsl.) S.R.Zhang,445405,2026,Carex sargentiana,,1,,,,,,,
10243,10496,10470,(Regel) S.R.Zhang,445406,2026,Carex kokanica,,1,,,,,,,
10243,10496,10470,(Regel) S.R.Zhang,445406,2026,Carex kokanica,,1,,,,,,,
10243,10496,10470,(C.B.Clarke) O.Yano & S.R.Zhang,445407,2026,Carex deasyi,,1,,,,,,,
10243,10496,10470,(Hand.-Mazz.) S.R.Zhang,456314,2026,Carex setschwanensis,,1,,,,,,,
10243,10496,10470,(R.F.Huang) S.R.Zhang,445408,2026,Carex hohxilensis,,1,,,,,,,
10243,10496,10470,S.R.Zhang,452306,2026,Carex tibetikobresia,,1,,,,,,,
10243,10496,10470,Boott,451439,2026,Carex uncinioides,,1,,,,,,,
10243,10496,10470,Boott ex C.B.Clarke,451607,2026,Carex vidua,,1,,,,,,,
10243,10496,10470,(S.R.Zhang) S.R.Zhang,456319,2026,Carex yangii,,1,,,,,,,
10243,10496,10470,Domin,24397,4074,Koeleria asiatica,,1,,,,,,,
10243,10496,10470,Griseb.,445421,4074,Koeleria argentea,,1,,,,,,,
10243,10496,10470,(Ledeb.) Schult.,24402,4074,Koeleria macrantha,,1,,,,,,,
10243,10496,10470,Franch.,147035,4075,Koelreuteria bipinnata,,1,,,,,,,
10243,10496,10470,Laxm.,24411,4075,Koelreuteria paniculata,,1,,,,,,,
10243,10496,10470,L.,24413,4076,Koenigia islandica,,1,,,,,,,
10243,10496,10470,Blume,24431,4084,Kopsia arborea,,1,,,,,,,
10243,10496,10470,(Thunb.) Engl.,24439,4086,Korthalsella japonica,,1,,,,,,,
10243,10496,10470,(L.) Gueldenst.,56374,8133,Krascheninnikovia ceratoides,,1,,,,,,,
10243,10496,10470,(L.) Gueldenst.,56374,8133,Krascheninnikovia ceratoides,,1,,,,,,,
10243,10496,10470,(Kar. & Kir.) Popov ex Schischk.,294956,14572,Krasnovia longiloba,,1,,,,,,,
10243,10496,10470,(Maxim.) Makino,24485,4095,Kummerowia stipulacea,,1,,,,,,,
10243,10496,10470,(Thunb.) Schindl.,24486,4095,Kummerowia striata,,1,,,,,,,
10243,10496,10470,(Raym.-Hamet) K.T.Fu,320886,15170,Kungia aliciae,,1,,,,,,,
10243,10496,10470,(Raym.-Hamet) K.T.Fu,320887,15170,Kungia schoenlandii,,1,,,,,,,
10243,10496,10470,(Rottb.) Hassk.,439629,2661,Cyperus brevifolius,,1,,,,,,,
10243,10496,10470,(Hochst. ex Steud.) Mattf. & Kük.,440756,2661,Cyperus metzii,,1,,,,,,,
10243,10496,10470,(Dode) Chun ex S.K.Lee & L.F.Lau,318254,4130,Lagerstroemia excelsa,,1,,,,,,,
10243,10496,10470,Koehne,316997,4130,Lagerstroemia glabra,,1,,,,,,,
10243,10496,10470,L.,24629,4130,Lagerstroemia indica,,1,,,,,,,
10243,10496,10470,Koehne,24633,4130,Lagerstroemia subcostata,,1,,,,,,,
10243,10496,10470,(D.Don) Sch.Bip. ex Oliv.,24638,4132,Laggera alata,,1,,,,,,,
10243,10496,10470,(Vahl) Hepper & J.R.I.Wood,48532,4132,Laggera crispata,,1,,,,,,,
10243,10496,10470,(Stephan ex Willd.) Ikonn.-Gal.,148035,9180,Lagopsis supina,,1,,,,,,,
10243,10496,10470,W.W.Sm.,320888,4134,Lagotis alutacea,,1,,,,,,,
10243,10496,10470,Maxim.,312227,4134,Lagotis brachystachya,,1,,,,,,,
10243,10496,10470,Maxim.,320889,4134,Lagotis brevituba,,1,,,,,,,
10243,10496,10470,W.W.Sm.,320890,4134,Lagotis integra,,1,,,,,,,
10243,10496,10470,(Willd.) Schischk.,295022,4134,Lagotis integrifolia,,1,,,,,,,
10243,10496,10470,W.W.Sm.,320891,4134,Lagotis praecox,,1,,,,,,,
10243,10496,10470,Batalin,320892,4134,Lagotis ramalana,,1,,,,,,,
10243,10496,10470,W.W.Sm.,320893,4134,Lagotis yunnanensis,,1,,,,,,,
10243,10496,10470,(Benth.) Benth.,56430,7540,Lallemantia royleana,,1,,,,,,,
10243,10496,10470,(Benth. ex Hook.f.) Mathiesen,138453,5477,Phlomoides rotata,,1,,,,,,,
10243,10496,10470,L.,24646,4140,Lamium album,,1,,,,,,,
10243,10496,10470,L.,24647,4140,Lamium amplexicaule,,1,,,,,,,
10243,10496,10470,L.,24646,4140,Lamium album,,1,,,,,,,
10243,10496,10470,Bonati,320894,876,Lancea hirsuta,,1,,,,,,,
10243,10496,10470,Hook.f. & Thomson,71002,876,Lancea tibetica,,1,,,,,,,
10243,10496,10470,(G.Mey.) C.H.Thomps.,42558,6490,Spirodela punctata,,1,,,,,,,
10243,10496,10470,(Siebold & Zucc.) Wedd.,24722,4150,Laportea bulbifera,,1,,,,,,,
10243,10496,10470,(Wedd.) Friis,137441,4150,Laportea cuspidata,,1,,,,,,,
10243,10496,10470,C.J.Chen,317973,4150,Laportea medogensis,,1,,,,,,,
10243,10496,10470,(Retz.) Dumort.,24727,4151,Lappula squarrosa,,1,,,,,,,
10243,10496,10470,(Ledeb.) Popov,296240,4151,Lappula intermedia,,1,,,,,,,
10243,10496,10470,(Lehm.) Menyh.,440797,4151,Lappula patula,,1,,,,,,,
10243,10496,10470,(Rupr.) Kuzen.,77427,4155,Larix gmelinii,,1,,,,,,,
10243,10496,10470,Hook.f.,122268,4155,Larix griffithii,,1,,,,,,,
10243,10496,10470,Batalin,122269,4155,Larix potaninii,,1,,,,,,,
10243,10496,10470,Rehder & E.H.Wilson,147132,4155,Larix mastersiana,,1,,,,,,,
10243,10496,10470,Batalin,122269,4155,Larix potaninii,,1,,,,,,,
10243,10496,10470,Ledeb.,24737,4155,Larix sibirica,,1,,,,,,,
10243,10496,10470,Hance,24768,4161,Lasianthus fordii,,1,,,,,,,
10243,10496,10470,Hutch.,183180,4161,Lasianthus henryi,,1,,,,,,,
10243,10496,10470,(Roxb.) Merr.,24772,4161,Lasianthus hirsutus,,1,,,,,,,
10243,10496,10470,Miq.,24775,4161,Lasianthus japonicus,,1,,,,,,,
10243,10496,10470,Hook.f.,24780,4161,Lasianthus micranthus,,1,,,,,,,
10243,10496,10470,(Hand.-Mazz.) I.M.Johnst.,320895,9145,Lasiocaryum trichocarpum,,1,,,,,,,
10243,10496,10470,Maxim. ex Franch. & Sav.,315211,4172,Lathraea japonica,,1,,,,,,,
10243,10496,10470,Hance,124294,4173,Lathyrus davidii,,1,,,,,,,
10243,10496,10470,Harms,316613,4173,Lathyrus dielsianus,,1,,,,,,,
10243,10496,10470,(Ser.) Fisch. ex Spreng.,102350,4173,Lathyrus humilis,,1,,,,,,,
10243,10496,10470,L.,24882,4173,Lathyrus palustris,,1,,,,,,,
10243,10496,10470,L.,24885,4173,Lathyrus pratensis,,1,,,,,,,
10243,10496,10470,(Miq.) Litv.,294509,4173,Lathyrus quinquenervius,,1,,,,,,,
10243,10496,10470,Franch.,317239,15109,Latouchea fokienensis,,1,,,,,,,
10243,10496,10470,(Roxb.) Babc. ex Kerr,24896,4174,Launaea acaulis,,1,,,,,,,
10243,10496,10470,Rehder,137443,5782,Prunus hypotricha,,1,,,,,,,
10243,10496,10470,(Hance) Maxim.,36385,5782,Prunus phaeosticta,,1,,,,,,,
10243,10496,10470,Siebold & Zucc.,36394,5782,Prunus spinulosa,,1,,,,,,,
10243,10496,10470,(Buch.-Ham. ex D.Don) M.Roem.,137444,8955,Laurocerasus undulata,,1,,,,,,,
10243,10496,10470,Miq.,36400,5782,Prunus zippeliana,,1,,,,,,,
10243,10496,10470,(Royle) Wedd.,24968,4190,Lecanthus peduncularis,,1,,,,,,,
10243,10496,10470,(Gagnep.) C.J.Chen,320896,4190,Lecanthus petelotii,,1,,,,,,,
10243,10496,10470,Harmaja,440817,5987,Rhododendron tomentosum,,1,,,,,,,
10243,10496,10470,Sw.,24997,4199,Leersia hexandra,,1,,,,,,,
10243,10496,10470,(Honda) Honda,24998,4199,Leersia japonica,,1,,,,,,,
10243,10496,10470,Benth.,440819,6835,Torenia polygonoides,,1,,,,,,,
10243,10496,10470,(Hook.) C.Presl,231337,4209,Lemmaphyllum carnosum,,1,,,,,,,
10243,10496,10470,C.Presl,25025,4209,Lemmaphyllum microphyllum,,1,,,,,,,
10243,10496,10470,L.,25030,4210,Lemna minor,,1,,,,,,,
10243,10496,10470,Torr.,25033,4210,Lemna perpusilla,,1,,,,,,,
10243,10496,10470,L.,25036,4210,Lemna trisulca,,1,,,,,,,
10243,10496,10470,Pall.,295837,4217,Leontice incerta,,1,,,,,,,
10243,10496,10470,C.B.Clarke,316449,4219,Leontopodium andersonii,,1,,,,,,,
10243,10496,10470,Beauverd,320897,4219,Leontopodium artemisiifolium,,1,,,,,,,
10243,10496,10470,Beauverd,319782,4219,Leontopodium calocephalum,,1,,,,,,,
10243,10496,10470,Beauverd,317787,4219,Leontopodium wilsonii,,1,,,,,,,
10243,10496,10470,Beauverd,451444,4219,Leontopodium dedekensi,,1,,,,,,,
10243,10496,10470,Hand.-Mazz.,138787,4219,Leontopodium haastioides,,1,,,,,,,
10243,10496,10470,Hand.-Mazz.,316283,4219,Leontopodium haplophylloides,,1,,,,,,,
10243,10496,10470,Beauverd,122270,4219,Leontopodium jacotianum,,1,,,,,,,
10243,10496,10470,Beauverd,122270,4219,Leontopodium jacotianum,,1,,,,,,,
10243,10496,10470,Miq.,315114,4219,Leontopodium japonicum,,1,,,,,,,
10243,10496,10470,Beauverd,460286,4219,Leontopodium leontopodioides,,1,,,,,,,
10243,10496,10470,Kitam.,460287,4219,Leontopodium junpeianum,,1,,,,,,,
10243,10496,10470,Beauverd,451444,4219,Leontopodium dedekensi,,1,,,,,,,
10243,10496,10470,Hand.-Mazz.,137448,4219,Leontopodium muscoides,,1,,,,,,,
10243,10496,10470,(Hook.f. & Thomson ex C.B.Clarke) Hand.-Mazz.,70590,4219,Leontopodium nanum,,1,,,,,,,
10243,10496,10470,Hemsl. ex F.B.Forbes & Hemsl.,137449,4219,Leontopodium sinense,,1,,,,,,,
10243,10496,10470,Y.Ling,319783,4219,Leontopodium omeiense,,1,,,,,,,
10243,10496,10470,Hand.-Mazz.,320900,4219,Leontopodium roseum,,1,,,,,,,
10243,10496,10470,Hemsl. ex F.B.Forbes & Hemsl.,137449,4219,Leontopodium sinense,,1,,,,,,,
10243,10496,10470,Hemsl. ex F.B.Forbes & Hemsl.,137449,4219,Leontopodium sinense,,1,,,,,,,
10243,10496,10470,Beauverd,70593,4219,Leontopodium souliei,,1,,,,,,,
10243,10496,10470,Hemsl. ex F.B.Forbes & Hemsl.,137449,4219,Leontopodium sinense,,1,,,,,,,
10243,10496,10470,Hand.-Mazz.,320903,4219,Leontopodium stoloniferum,,1,,,,,,,
10243,10496,10470,C.B.Clarke ex Hemsl.,137450,4219,Leontopodium stracheyi,,1,,,,,,,
10243,10496,10470,Hand.-Mazz.,320904,4219,Leontopodium villosum,,1,,,,,,,
10243,10496,10470,Beauverd,317787,4219,Leontopodium wilsonii,,1,,,,,,,
10243,10496,10470,Houtt.,25069,4220,Leonurus japonicus,,1,,,,,,,
10243,10496,10470,Maxim.,25070,4220,Leonurus macranthus,,1,,,,,,,
10243,10496,10470,Kitag.,25071,4220,Leonurus pseudomacranthus,,1,,,,,,,
10243,10496,10470,L.,25072,4220,Leonurus sibiricus,,1,,,,,,,
10243,10496,10470,Willd.,56644,4228,Lepidium apetalum,,1,,,,,,,
10243,10496,10470,Hook.f. & Thomson,70696,4228,Lepidium capitatum,,1,,,,,,,
10243,10496,10470,C.Y.Wu,317977,4228,Lepidium cuneiforme,,1,,,,,,,
10243,10496,10470,(Hook.) C.Presl,231337,4209,Lemmaphyllum carnosum,,1,,,,,,,
10243,10496,10470,(Hook.) C.Presl,231337,4209,Lemmaphyllum carnosum,,1,,,,,,,
10243,10496,10470,(Hook.) C.Presl,231337,4209,Lemmaphyllum carnosum,,1,,,,,,,
10243,10496,10470,(Hook.) C.Presl,231337,4209,Lemmaphyllum carnosum,,1,,,,,,,
10243,10496,10470,(Ching) Ching,25026,4209,Lemmaphyllum pyriforme,,1,,,,,,,
10243,10496,10470,(Bedd.) Tagawa,397604,4209,Lemmaphyllum rostratum,,1,,,,,,,
10243,10496,10470,(Miq.) Fraser-Jenk.,440838,4927,Neocheiropteris buergeriana,,1,,,,,,,
10243,10496,10470,(D.Don) Testo,441243,20062,Bosmania membranacea,,1,,,,,,,
10243,10496,10470,Ching,25355,4242,Lepisorus affinis,,1,,,,,,,
10243,10496,10470,(C.B.Clarke) Ching,25358,4242,Lepisorus clathratus,,1,,,,,,,
10243,10496,10470,Ching,231341,4242,Lepisorus angustus,,1,,,,,,,
10243,10496,10470,(Baker) Ching,231360,4242,Lepisorus macrosphaerus,,1,,,,,,,
10243,10496,10470,(Takeda) Ching,231343,4242,Lepisorus bicolor,,1,,,,,,,
10243,10496,10470,W.M.Chu,231345,4242,Lepisorus confluens,,1,,,,,,,
10243,10496,10470,(Christ) Ching,231346,4242,Lepisorus contortus,,1,,,,,,,
10243,10496,10470,(C.B.Clarke) Ching,25358,4242,Lepisorus clathratus,,1,,,,,,,
10243,10496,10470,(Diels) Ching,231348,4242,Lepisorus eilophyllus,,1,,,,,,,
10243,10496,10470,(Baker) Ching,317242,4242,Lepisorus lewisii,,1,,,,,,,
10243,10496,10470,(C.B.Clarke) Ching,25358,4242,Lepisorus clathratus,,1,,,,,,,
10243,10496,10470,(Wall. ex Mett.) Ching,231358,4242,Lepisorus loriformis,,1,,,,,,,
10243,10496,10470,(Baker) Ching,231360,4242,Lepisorus macrosphaerus,,1,,,,,,,
10243,10496,10470,Ching,231361,4242,Lepisorus marginatus,,1,,,,,,,
10243,10496,10470,(Hayata) H.Itô,25364,4242,Lepisorus morrisonensis,,1,,,,,,,
10243,10496,10470,Ching,440849,4242,Lepisorus obscure-venulosus,,1,,,,,,,
10243,10496,10470,(Baker) Ching,25366,4242,Lepisorus oligolepidus,,1,,,,,,,
10243,10496,10470,(Makino) H.Itô,25374,4242,Lepisorus tosaensis,,1,,,,,,,
10243,10496,10470,(C.B.Clarke) Ching,25358,4242,Lepisorus clathratus,,1,,,,,,,
10243,10496,10470,(Ching) Ching,231371,4242,Lepisorus pseudonudus,,1,,,,,,,
10243,10496,10470,(Ching) Mehra & Bir,25372,4242,Lepisorus scolopendrium,,1,,,,,,,
10243,10496,10470,(Christ) Ching,231373,4242,Lepisorus sinensis,,1,,,,,,,
10243,10496,10470,(C.Chr.) Ching,231374,4242,Lepisorus sordidus,,1,,,,,,,
10243,10496,10470,(Diels) Ching,231348,4242,Lepisorus eilophyllus,,1,,,,,,,
10243,10496,10470,(Baker) Ching,25366,4242,Lepisorus oligolepidus,,1,,,,,,,
10243,10496,10470,(C.B.Clarke) Ching,25358,4242,Lepisorus clathratus,,1,,,,,,,
10243,10496,10470,(Kaulf.) Ching,25373,4242,Lepisorus thunbergianus,,1,,,,,,,
10243,10496,10470,(Kaulf.) Ching,25373,4242,Lepisorus thunbergianus,,1,,,,,,,
10243,10496,10470,(Makino) H.Itô,25374,4242,Lepisorus tosaensis,,1,,,,,,,
10243,10496,10470,(Regel & Maack) Ching,25376,4242,Lepisorus ussuriensis,,1,,,,,,,
10243,10496,10470,(L.) Nees,25445,4251,Leptochloa chinensis,,1,,,,,,,
10243,10496,10470,(L.) P.Beauv. ex Roem. & Schult.,439854,14287,Diplachne fusca,,1,,,,,,,
10243,10496,10470,(Retz.) Ohwi,25453,4251,Leptochloa panicea,,1,,,,,,,
10243,10496,10470,Hook.f. & Thomson,224357,2378,Codonopsis gracilis,,1,,,,,,,
10243,10496,10470,Lammers,137451,2378,Codonopsis hongii,,1,,,,,,,
10243,10496,10470,H.S.Lo,184155,9838,Leptodermis beichuanensis,,1,,,,,,,
10243,10496,10470,H.S.Lo,184156,9838,Leptodermis brevisepala,,1,,,,,,,
10243,10496,10470,H.S.Lo,184157,9838,Leptodermis buxifolia,,1,,,,,,,
10243,10496,10470,Batalin,184159,9838,Leptodermis diffusa,,1,,,,,,,
10243,10496,10470,Diels,137452,9838,Leptodermis forrestii,,1,,,,,,,
10243,10496,10470,Hutch.,184160,9838,Leptodermis glomerata,,1,,,,,,,
10243,10496,10470,C.E.C.Fisch.,162847,9838,Leptodermis gracilis,,1,,,,,,,
10243,10496,10470,H.J.P.Winkl.,184161,9838,Leptodermis handeliana,,1,,,,,,,
10243,10496,10470,H.J.P.Winkl.,184165,9838,Leptodermis limprichtii,,1,,,,,,,
10243,10496,10470,H.J.P.Winkl.,184169,9838,Leptodermis ovata,,1,,,,,,,
10243,10496,10470,Hutch.,184171,9838,Leptodermis parvifolia,,1,,,,,,,
10243,10496,10470,Diels,137453,9838,Leptodermis pilosa,,1,,,,,,,
10243,10496,10470,Batalin,137454,9838,Leptodermis potaninii,,1,,,,,,,
10243,10496,10470,Hutch.,184174,9838,Leptodermis purdomii,,1,,,,,,,
10243,10496,10470,H.J.P.Winkl.,184178,9838,Leptodermis schneideri,,1,,,,,,,
10243,10496,10470,H.J.P.Winkl.,184179,9838,Leptodermis scissa,,1,,,,,,,
10243,10496,10470,H.J.P.Winkl.,184181,9838,Leptodermis tomentella,,1,,,,,,,
10243,10496,10470,Batalin,184159,9838,Leptodermis diffusa,,1,,,,,,,
10243,10496,10470,H.S.Lo,162849,9838,Leptodermis velutiniflora,,1,,,,,,,
10243,10496,10470,Diels,147209,9838,Leptodermis wilsonii,,1,,,,,,,
10243,10496,10470,H.S.Lo,184186,9838,Leptodermis yui,,1,,,,,,,
10243,10496,10470,(Christ) C.V.Morton,317244,6763,Thelypteris scallanii,,1,,,,,,,
10243,10496,10470,(H.Itô) C.V.Morton,440853,6763,Thelypteris tottoides,,1,,,,,,,
10243,10496,10470,(Bunge) Pojark.,137455,4260,Leptopus chinensis,,1,,,,,,,
10243,10496,10470,(Hook.f.) Pojark.,137456,4260,Leptopus clarkei,,1,,,,,,,
10243,10496,10470,(Hook.f.) Pojark.,137456,4260,Leptopus clarkei,,1,,,,,,,
10243,10496,10470,(Maxim. ex Franch. & Sav.) Ohwi,438486,1412,Arachniodes miqueliana,,1,,,,,,,
10243,10496,10470,(Hayata) Seriz.,2833,1412,Arachniodes quadripinnata,,1,,,,,,,
10243,10496,10470,(Ching) Ohwi,460775,1412,Arachniodes sinomiqueliana,,1,,,,,,,
10243,10496,10470,Hance,317483,6068,Ruellia venusta,,1,,,,,,,
10243,10496,10470,Turcz.,25517,4272,Lespedeza bicolor,,1,,,,,,,
10243,10496,10470,Miq.,147259,4272,Lespedeza buergeri,,1,,,,,,,
10243,10496,10470,Bunge,316284,4272,Lespedeza caraganae,,1,,,,,,,
10243,10496,10470,G.Don,25519,4272,Lespedeza chinensis,,1,,,,,,,
10243,10496,10470,(Dum.Cours.) G.Don,25520,4272,Lespedeza cuneata,,1,,,,,,,
10243,10496,10470,Miq.,25521,4272,Lespedeza cyrtobotrya,,1,,,,,,,
10243,10496,10470,Franch.,313878,4272,Lespedeza davidii,,1,,,,,,,
10243,10496,10470,(Laxm.) Schindl.,448202,4272,Lespedeza daurica,,1,,,,,,,
10243,10496,10470,Schindl.,317246,4272,Lespedeza dunnii,,1,,,,,,,
10243,10496,10470,Franch.,320907,4272,Lespedeza fasciculiflora,,1,,,,,,,
10243,10496,10470,Bunge,313879,4272,Lespedeza floribunda,,1,,,,,,,
10243,10496,10470,(DC.) Nakai,25528,4272,Lespedeza thunbergii,,1,,,,,,,
10243,10496,10470,Schindl.,137457,4272,Lespedeza forrestii,,1,,,,,,,
10243,10496,10470,(Maxim.) Schindl.,124423,4272,Lespedeza inschanica,,1,,,,,,,
10243,10496,10470,(L.f.) Pers.,25525,4272,Lespedeza juncea,,1,,,,,,,
10243,10496,10470,(Thunb.) Siebold & Zucc.,25526,4272,Lespedeza pilosa,,1,,,,,,,
10243,10496,10470,(Laxm.) Schindl.,448202,4272,Lespedeza daurica,,1,,,,,,,
10243,10496,10470,(Thunb.) Siebold ex Maxim.,137458,4272,Lespedeza tomentosa,,1,,,,,,,
10243,10496,10470,(Thunb.) DC.,156239,4272,Lespedeza virgata,,1,,,,,,,
10243,10496,10470,Benth.,83882,4279,Leucas ciliata,,1,,,,,,,
10243,10496,10470,(Willd.) Sm.,25560,4279,Leucas decemdentata,,1,,,,,,,
10243,10496,10470,Sm.,25645,4289,Leucosceptrum canum,,1,,,,,,,
10243,10496,10470,(D.Don) Fraser-Jenk.,426180,4290,Leucostegia truncata,,1,,,,,,,
10243,10496,10470,Wall.,25657,4296,Leycesteria formosa,,1,,,,,,,
10243,10496,10470,(Kurz) Airy Shaw,120682,4296,Leycesteria gracilis,,1,,,,,,,
10243,10496,10470,(K.Richt.) Tzvelev,102129,4297,Leymus ramosus,,1,,,,,,,
10243,10496,10470,(Georgi) Tzvelev,70826,4297,Leymus secalinus,,1,,,,,,,
10243,10496,10470,(Fisch. ex Hornem.) W.D.J.Koch,458561,6337,Seseli buchtormense,,1,,,,,,,
10243,10496,10470,(L.) Rchb.f.,77431,6337,Seseli condensatum,,1,,,,,,,
10243,10496,10470,(R.H.Shan & M.L.Sheh) Pimenov & Kljuykov,461216,14816,Stenocoelium depressum,,1,,,,,,,
10243,10496,10470,(L.) Garcke,316451,6337,Seseli sibiricum,,1,,,,,,,
10243,10496,10470,Hand.-Mazz.,320909,4306,Ligularia alatipes,,1,,,,,,,
10243,10496,10470,(Franch.) Hand.-Mazz.,320910,4306,Ligularia atroviolacea,,1,,,,,,,
10243,10496,10470,(C.Winkl.) Hand.-Mazz.,320911,4306,Ligularia botryodes,,1,,,,,,,
10243,10496,10470,Hand.-Mazz.,147338,4306,Ligularia brassicoides,,1,,,,,,,
10243,10496,10470,Hand.-Mazz.,320912,4306,Ligularia caloxantha,,1,,,,,,,
10243,10496,10470,Maxim.,320913,4306,Ligularia calthifolia,,1,,,,,,,
10243,10496,10470,S.W.Liu,320914,4306,Ligularia chalybea,,1,,,,,,,
10243,10496,10470,Hand.-Mazz.,320915,4306,Ligularia cremanthodioides,,1,,,,,,,
10243,10496,10470,(W.W.Sm.) Hand.-Mazz.,147339,4306,Ligularia cymbulifera,,1,,,,,,,
10243,10496,10470,(Hand.-Mazz.) S.W.Liu,320916,4306,Ligularia cymosa,,1,,,,,,,
10243,10496,10470,(A.Gray) H.Hara,25791,4306,Ligularia dentata,,1,,,,,,,
10243,10496,10470,(Franch.) Hand.-Mazz.,320917,4306,Ligularia dictyoneura,,1,,,,,,,
10243,10496,10470,(C.Winkl.) Hand.-Mazz.,137461,4306,Ligularia duciformis,,1,,,,,,,
10243,10496,10470,(C.Winkl.) Hand.-Mazz.,320918,4306,Ligularia euryphylla,,1,,,,,,,
10243,10496,10470,Hand.-Mazz.,320919,4306,Ligularia fangiana,,1,,,,,,,
10243,10496,10470,(H.Lév.) Hand.-Mazz.,320920,4306,Ligularia franchetiana,,1,,,,,,,
10243,10496,10470,Hook.f.,25792,4306,Ligularia hodgsonii,,1,,,,,,,
10243,10496,10470,(C.B.Clarke) Hand.-Mazz.,137462,4306,Ligularia hookeri,,1,,,,,,,
10243,10496,10470,Nakai,25793,4306,Ligularia intermedia,,1,,,,,,,
10243,10496,10470,Kom.,315116,4306,Ligularia jaluensis,,1,,,,,,,
10243,10496,10470,S.W.Liu,461217,4306,Ligularia kantingensis,,1,,,,,,,
10243,10496,10470,Hand.-Mazz.,320922,4306,Ligularia konkalingensis,,1,,,,,,,
10243,10496,10470,(Diels) C.C.Chang,147340,4306,Ligularia lamarum,,1,,,,,,,
10243,10496,10470,(Franch.) Hand.-Mazz.,320923,4306,Ligularia lankongensis,,1,,,,,,,
10243,10496,10470,(Franch.) Hand.-Mazz.,147341,4306,Ligularia lapathifolia,,1,,,,,,,
10243,10496,10470,Hand.-Mazz.,320924,4306,Ligularia latihastata,,1,,,,,,,
10243,10496,10470,S.W.Liu,320925,4306,Ligularia latipes,,1,,,,,,,
10243,10496,10470,(C.Winkl.) Hand.-Mazz.,147342,4306,Ligularia liatroides,,1,,,,,,,
10243,10496,10470,(Diels) Hand.-Mazz.,320926,4306,Ligularia limprichtii,,1,,,,,,,
10243,10496,10470,S.W.Liu,320927,4306,Ligularia lingiana,,1,,,,,,,
10243,10496,10470,(Franch.) Hand.-Mazz.,320928,4306,Ligularia melanocephala,,1,,,,,,,
10243,10496,10470,Hand.-Mazz.,320929,4306,Ligularia melanothyrsa,,1,,,,,,,
10243,10496,10470,Hand.-Mazz.,320930,4306,Ligularia microcardia,,1,,,,,,,
10243,10496,10470,Hand.-Mazz.,137465,4306,Ligularia muliensis,,1,,,,,,,
10243,10496,10470,S.W.Liu,319785,4306,Ligularia nanchuanica,,1,,,,,,,
10243,10496,10470,Hand.-Mazz.,318258,4306,Ligularia nelumbifolia,,1,,,,,,,
10243,10496,10470,Hand.-Mazz.,320931,4306,Ligularia odontomanes,,1,,,,,,,
10243,10496,10470,Hand.-Mazz.,137466,4306,Ligularia oligonema,,1,,,,,,,
10243,10496,10470,Hand.-Mazz.,320932,4306,Ligularia paradoxa,,1,,,,,,,
10243,10496,10470,Hand.-Mazz.,320933,4306,Ligularia phyllocolea,,1,,,,,,,
10243,10496,10470,Hand.-Mazz.,147344,4306,Ligularia pleurocaulis,,1,,,,,,,
10243,10496,10470,(Maxim.) Diels,25795,4306,Ligularia przewalskii,,1,,,,,,,
10243,10496,10470,(Turrill) Chitt.,147345,4306,Ligularia purdomii,,1,,,,,,,
10243,10496,10470,Hand.-Mazz.,137470,4306,Ligularia rockiana,,1,,,,,,,
10243,10496,10470,(J.R.Drumm.) S.W.Liu,147346,4306,Ligularia rumicifolia,,1,,,,,,,
10243,10496,10470,Nakai,316286,4306,Ligularia sachalinensis,,1,,,,,,,
10243,10496,10470,(Maxim.) Mattf. ex Rehder & Kobuski,147347,4306,Ligularia sagitta,,1,,,,,,,
10243,10496,10470,(Bureau & Franch.) Hand.-Mazz.,320934,4306,Ligularia subspicata,,1,,,,,,,
10243,10496,10470,Diels,318259,4306,Ligularia tenuipes,,1,,,,,,,
10243,10496,10470,(Franch.) Hand.-Mazz.,320935,4306,Ligularia tongolensis,,1,,,,,,,
10243,10496,10470,(Franch.) Hand.-Mazz.,137473,4306,Ligularia tsangchanensis,,1,,,,,,,
10243,10496,10470,(Hemsl.) Greenm.,316453,4306,Ligularia veitchiana,,1,,,,,,,
10243,10496,10470,Hand.-Mazz.,147348,4306,Ligularia vellerea,,1,,,,,,,
10243,10496,10470,Mattf. ex Rehder & Kobuski,147349,4306,Ligularia virgaurea,,1,,,,,,,
10243,10496,10470,(Hemsl.) Greenm.,147350,4306,Ligularia wilsoniana,,1,,,,,,,
10243,10496,10470,(Grüning) Ling,316454,4306,Ligularia xanthotricha,,1,,,,,,,
10243,10496,10470,(Franch.) Lavrova,451445,2440,Conioselinum acuminatum,,1,,,,,,,
10243,10496,10470,(Franch.) Leute,460702,16369,Ligusticopsis angelicifolia,,1,,,,,,,
10243,10496,10470,(Franch.) Leute,451446,16369,Ligusticopsis brachyloba,,1,,,,,,,
10243,10496,10470,(M.Hiroe) Leute,461218,16369,Ligusticopsis capillacea,,1,,,,,,,
10243,10496,10470,(Franch.) Lavrova ex Pimenov & Kljuykov,451447,16369,Ligusticopsis daucoides,,1,,,,,,,
10243,10496,10470,(Franch.) Pimenov & Kljuykov,461219,16358,Hymenidium delavayi,,1,,,,,,,
10243,10496,10470,(Franch.) Lavrova ex Pimenov & Kljuykov,451447,16369,Ligusticopsis daucoides,,1,,,,,,,
10243,10496,10470,(Franch.) Lavrova & Kljuykov,461220,16369,Ligusticopsis hispida,,1,,,,,,,
10243,10496,10470,(Franch.) Lavrova,461221,16369,Ligusticopsis involucrata,,1,,,,,,,
10243,10496,10470,H.Wolff,320941,4307,Ligusticum kingdon-wardii,,1,,,,,,,
10243,10496,10470,(H.Wolff) Lavrova & Kljuykov,461222,16369,Ligusticopsis likiangensis,,1,,,,,,,
10243,10496,10470,(H.Wolff) Pimenov & Kljuykov,461223,14814,Hansenia forrestii,,1,,,,,,,
10243,10496,10470,(Schrenk ex Fisch. & C.A. Mey.) Leute,461224,4307,Ligusticum mucronatum,,1,,,,,,,
10243,10496,10470,(Franch.) Leute,461225,16369,Ligusticopsis multivittata,,1,,,,,,,
10243,10496,10470,(Pimenov & Kljuykov) F.T.Pu & M.F.Watson,316751,4307,Ligusticum nematophyllum,,1,,,,,,,
10243,10496,10470,(Franch.) Lavrova ex Pimenov & Kljuykov,451447,16369,Ligusticopsis daucoides,,1,,,,,,,
10243,10496,10470,Franch.,137479,4307,Ligusticum pteridophyllum,,1,,,,,,,
10243,10496,10470,Leute,461226,16369,Ligusticopsis rechingeriana,,1,,,,,,,
10243,10496,10470,(Diels) H.Wolff,320946,4307,Ligusticum reptans,,1,,,,,,,
10243,10496,10470,(H.Wolff) Leute,461227,16369,Ligusticopsis scapiformis,,1,,,,,,,
10243,10496,10470,(H.Wolff) Lavrova & Kljuykov,461222,16369,Ligusticopsis likiangensis,,1,,,,,,,
10243,10496,10470,(H.Boissieu) Pimenov & Kljuykov,401370,2440,Conioselinum anthriscoides,,1,,,,,,,
10243,10496,10470,(DC.) Pimenov & Kljuykov,449870,19880,Oreocome striata,,1,,,,,,,
10243,10496,10470,(Franch. & Sav.) Pimenov & Lavrova,460555,20521,Rupiphila tachiroei,,1,,,,,,,
10243,10496,10470,(H.Boissieu) Pimenov & Kljuykov,460687,2440,Conioselinum tenuisectum,,1,,,,,,,
10243,10496,10470,C.B.Clarke,460274,4307,Ligusticum thomsonii,,1,,,,,,,
10243,10496,10470,(Fedde ex H.Wolff) Pimenov & Kljuykov,460902,14814,Hansenia weberbaueriana,,1,,,,,,,
10243,10496,10470,(Wall. ex G.Don) Hook.f. & Thomson ex Brandis,57371,4308,Ligustrum compactum,,1,,,,,,,
10243,10496,10470,Decne.,121252,4308,Ligustrum confusum,,1,,,,,,,
10243,10496,10470,Har.,122280,4308,Ligustrum delavayanum,,1,,,,,,,
10243,10496,10470,Rehder,220044,4308,Ligustrum expansum,,1,,,,,,,
10243,10496,10470,Rehder,137481,4308,Ligustrum gracile,,1,,,,,,,
10243,10496,10470,Hemsl.,25801,4308,Ligustrum henryi,,1,,,,,,,
10243,10496,10470,(S.Moore) P.S.Green,25803,4308,Ligustrum leucanthum,,1,,,,,,,
10243,10496,10470,P.S.Hsu,25804,4308,Ligustrum lianum,,1,,,,,,,
10243,10496,10470,W.T.Aiton,25806,4308,Ligustrum lucidum,,1,,,,,,,
10243,10496,10470,Siebold & Zucc.,48110,4308,Ligustrum obtusifolium,,1,,,,,,,
10243,10496,10470,Hayata,220037,4308,Ligustrum pricei,,1,,,,,,,
10243,10496,10470,Hayata,220037,4308,Ligustrum pricei,,1,,,,,,,
10243,10496,10470,Carrière,25811,4308,Ligustrum quihoui,,1,,,,,,,
10243,10496,10470,(Roxb.) Blume,25813,4308,Ligustrum robustum,,1,,,,,,,
10243,10496,10470,(Franch.) Lingelsh.,220023,4308,Ligustrum sempervirens,,1,,,,,,,
10243,10496,10470,Lour.,25814,4308,Ligustrum sinense,,1,,,,,,,
10243,10496,10470,Hemsl.,220020,4308,Ligustrum strongylophyllum,,1,,,,,,,
10243,10496,10470,E.H.Wilson ex Sealy,213767,4311,Lilium amoenum,,1,,,,,,,
10243,10496,10470,Collett & Hemsl.,122281,4311,Lilium bakerianum,,1,,,,,,,
10243,10496,10470,F.E.Br. ex Miellez,25835,4311,Lilium brownii,,1,,,,,,,
10243,10496,10470,Salisb.,124389,4311,Lilium concolor,,1,,,,,,,
10243,10496,10470,Duch. ex Elwes,137482,4311,Lilium davidii,,1,,,,,,,
10243,10496,10470,Franch.,122282,4311,Lilium duchartrei,,1,,,,,,,
10243,10496,10470,Franch.,213725,4311,Lilium fargesii,,1,,,,,,,
10243,10496,10470,Franch.,212336,4311,Lilium henrici,,1,,,,,,,
10243,10496,10470,Baker,147364,4311,Lilium henryi,,1,,,,,,,
10243,10496,10470,H.Lév.,456826,4311,Lilium tenii,,1,,,,,,,
10243,10496,10470,Franch.,147365,4311,Lilium lankongense,,1,,,,,,,
10243,10496,10470,(Baker) Baker,213727,4311,Lilium leucanthum,,1,,,,,,,
10243,10496,10470,H.Lév.,456826,4311,Lilium tenii,,1,,,,,,,
10243,10496,10470,(Bureau & Franch.) Franch.,137484,4311,Lilium lophophorum,,1,,,,,,,
10243,10496,10470,J.M.Xu,213928,4311,Lilium matangense,,1,,,,,,,
10243,10496,10470,Franch.,212334,4311,Lilium papilliferum,,1,,,,,,,
10243,10496,10470,Baker,123575,4311,Lilium primulinum,,1,,,,,,,
10243,10496,10470,Redouté,102465,4311,Lilium pumilum,,1,,,,,,,
10243,10496,10470,E.H.Wilson,147369,4311,Lilium regale,,1,,,,,,,
10243,10496,10470,Diels,212331,4311,Lilium rosthornii,,1,,,,,,,
10243,10496,10470,E.H.Wilson,147372,4311,Lilium sargentiae,,1,,,,,,,
10243,10496,10470,H.Lév.,212330,4311,Lilium sempervivoideum,,1,,,,,,,
10243,10496,10470,Baker ex Hook.f.,121650,4311,Lilium sulphureum,,1,,,,,,,
10243,10496,10470,Franch.,147373,4311,Lilium taliense,,1,,,,,,,
10243,10496,10470,Thunb.,25843,4311,Lilium lancifolium,,1,,,,,,,
10243,10496,10470,Balf.f. & W.W.Sm.,213746,4311,Lilium stewartianum,,1,,,,,,,
10243,10496,10470,(Osbeck) Merr.,25858,4317,Limnophila chinensis,,1,,,,,,,
10243,10496,10470,(Vahl) Blume,25865,4317,Limnophila sessiliflora,,1,,,,,,,
10243,10496,10470,(L.) Chaz.,147376,4320,Limonium aureum,,1,,,,,,,
10243,10496,10470,Ikonn.-Gal.,320951,4320,Limonium potaninii,,1,,,,,,,
10243,10496,10470,Franch.,320952,4323,Linaria thibetica,,1,,,,,,,
10243,10496,10470,W.W.Sm.,320953,4323,Linaria yunnanensis,,1,,,,,,,
10243,10496,10470,(Kar. & Kir.) Brand,70491,9019,Lindelofia stylosa,,1,,,,,,,
10243,10496,10470,(Roxb. ex D.Don) Brühl,318261,4324,Lindenbergia muraria,,1,,,,,,,
10243,10496,10470,(Cham. & Schltdl.) Benth.,125364,4324,Lindenbergia philippensis,,1,,,,,,,
10243,10496,10470,(Sims) Kosterm.,26079,4325,Lindera aggregata,,1,,,,,,,
10243,10496,10470,W.C.Cheng,147385,4325,Lindera angustifolia,,1,,,,,,,
10243,10496,10470,W.C.Cheng,316921,4325,Lindera chienii,,1,,,,,,,
10243,10496,10470,Hemsl.,26082,4325,Lindera communis,,1,,,,,,,
10243,10496,10470,Makino,26083,4325,Lindera erythrocarpa,,1,,,,,,,
10243,10496,10470,(C.K.Allen) H.P.Tsui,137487,4325,Lindera floribunda,,1,,,,,,,
10243,10496,10470,Oliv.,317790,4325,Lindera fragrans,,1,,,,,,,
10243,10496,10470,(Siebold & Zucc.) Blume,26084,4325,Lindera glauca,,1,,,,,,,
10243,10496,10470,(H.Liu) C.K.Allen,26085,4325,Lindera kwangtungensis,,1,,,,,,,
10243,10496,10470,Hook.f.,137489,4325,Lindera latifolia,,1,,,,,,,
10243,10496,10470,H.J.P.Winkl.,319393,4325,Lindera limprichtii,,1,,,,,,,
10243,10496,10470,(D.Don) Merr.,26088,4325,Lindera nacusua,,1,,,,,,,
10243,10496,10470,(Wall. ex Nees) Kurz,122289,4325,Lindera neesiana,,1,,,,,,,
10243,10496,10470,Blume,124266,4325,Lindera obtusiloba,,1,,,,,,,
10243,10496,10470,Gamble,318262,4325,Lindera prattii,,1,,,,,,,
10243,10496,10470,(Nees) Benth. ex Hook.f.,26089,4325,Lindera pulcherrima,,1,,,,,,,
10243,10496,10470,Hemsl.,147392,4325,Lindera reflexa,,1,,,,,,,
10243,10496,10470,Gamble,147393,4325,Lindera rubronervia,,1,,,,,,,
10243,10496,10470,Gamble,317609,4325,Lindera setchuenensis,,1,,,,,,,
10243,10496,10470,Lecomte,137491,4325,Lindera supracostata,,1,,,,,,,
10243,10496,10470,C.K.Allen,122286,4325,Lindera thomsonii,,1,,,,,,,
10243,10496,10470,W.P.Fang & H.S.Kung,320954,4325,Lindera tienchuanensis,,1,,,,,,,
10243,10496,10470,Lecomte,26091,4325,Lindera tonkinensis,,1,,,,,,,
10243,10496,10470,"(Burm.f.) Wannan, W.R.Barker & Y.S.Liang",440924,6835,Torenia anagallis,,1,,,,,,,
10243,10496,10470,(L.) Druce,440925,11771,Bonnaya antipoda,,1,,,,,,,
10243,10496,10470,(L.) Cham. & Schltdl.,440929,6835,Torenia crustacea,,1,,,,,,,
10243,10496,10470,(L.) Haines,440933,4326,Lindernia hyssopioides,,1,,,,,,,
10243,10496,10470,"(D.Don) Eb.Fisch., Schäferh. & Kai Müll.",426240,7680,Vandellia micrantha,,1,,,,,,,
10243,10496,10470,"(D.Don) Eb.Fisch., Schäferh. & Kai Müll.",369022,2540,Craterostigma nummulariifolium,,1,,,,,,,
10243,10496,10470,(Krock.) Borbás,26111,4326,Lindernia procumbens,,1,,,,,,,
10243,10496,10470,(Colsm.) Spreng.,440938,11771,Bonnaya ruelloides,,1,,,,,,,
10243,10496,10470,(Maxim.) T.Yamaz.,440940,7680,Vandellia setulosa,,1,,,,,,,
10243,10496,10470,"(Hornem.) W.R.Barker, Y.S.Liang & Wannan",440941,20049,Yamazakia viscosa,,1,,,,,,,
10243,10496,10470,(Willd.) Sw.,26130,4327,Lindsaea cultrata,,1,,,,,,,
10243,10496,10470,(Roxb.) Lehtonen & Christenh.,362043,19088,Osmolindsaea odorata,,1,,,,,,,
10243,10496,10470,(Lam.) Mett. ex Kuhn,26163,4327,Lindsaea orbiculata,,1,,,,,,,
10243,10496,10470,L.,26212,4334,Linum perenne,,1,,,,,,,
10243,10496,10470,Planch.,147400,4334,Linum stelleroides,,1,,,,,,,
10243,10496,10470,Gagnep.,26220,4335,Liparis balansae,,1,,,,,,,
10243,10496,10470,Griff.,26224,4335,Liparis bootanensis,,1,,,,,,,
10243,10496,10470,Rchb.f.,184390,4335,Liparis campylostalix,,1,,,,,,,
10243,10496,10470,Hook.f.,26231,4335,Liparis delicatula,,1,,,,,,,
10243,10496,10470,C.B.Clarke,26233,4335,Liparis distans,,1,,,,,,,
10243,10496,10470,Rolfe,184423,4335,Liparis dunnii,,1,,,,,,,
10243,10496,10470,Wight,26236,4335,Liparis elliptica,,1,,,,,,,
10243,10496,10470,Finet,184433,4335,Liparis fargesii,,1,,,,,,,
10243,10496,10470,Finet,184470,4335,Liparis inaperta,,1,,,,,,,
10243,10496,10470,(L.) Sw.,27498,4497,Malaxis monophyllos,,1,,,,,,,
10243,10496,10470,(Thunb.) Lindl.,26257,4335,Liparis nervosa,,1,,,,,,,
10243,10496,10470,(Willd.) Lindl.,26260,4335,Liparis odorata,,1,,,,,,,
10243,10496,10470,Hand.-Mazz.,147405,4335,Liparis pauliana,,1,,,,,,,
10243,10496,10470,Schltr.,184604,4335,Liparis tschangii,,1,,,,,,,
10243,10496,10470,(Blume) Lindl.,26275,4335,Liparis viridiflora,,1,,,,,,,
10243,10496,10470,(Steud.) Larridon & Govaerts,440960,2661,Cyperus albescens,,1,,,,,,,
10243,10496,10470,H.T.Chang,26305,4340,Liquidambar acalycina,,1,,,,,,,
10243,10496,10470,Hance,26306,4340,Liquidambar formosana,,1,,,,,,,
10243,10496,10470,Chun & C.H.Tsoong,27408,4484,Magnolia albosericea,,1,,,,,,,
10243,10496,10470,Benth.,27413,4484,Magnolia championii,,1,,,,,,,
10243,10496,10470,(Lour.) DC.,27415,4484,Magnolia coco,,1,,,,,,,
10243,10496,10470,Franch.,137549,4484,Magnolia delavayi,,1,,,,,,,
10243,10496,10470,(Hemsl.) Sarg.,147416,4341,Liriodendron chinense,,1,,,,,,,
10243,10496,10470,(L.) Baker,26309,4342,Liriope graminifolia,,1,,,,,,,
10243,10496,10470,(Batalin) C.H.Wright,212294,4342,Liriope kansuensis,,1,,,,,,,
10243,10496,10470,F.T.Wang & Tang,213751,4342,Liriope longipedicellata,,1,,,,,,,
10243,10496,10470,(Maxim.) Makino,26310,4342,Liriope minor,,1,,,,,,,
10243,10496,10470,(Decne.) L.H.Bailey,26311,4342,Liriope muscari,,1,,,,,,,
10243,10496,10470,Lour.,26312,4342,Liriope spicata,,1,,,,,,,
10243,10496,10470,(Schltr.) Szlach.,189584,4954,Neottia biflora,,1,,,,,,,
10243,10496,10470,(Rolfe) Szlach.,137501,4954,Neottia wardii,,1,,,,,,,
10243,10496,10470,T.C.Hsu & S.W.Chung,436240,4954,Neottia fukuyamae,,1,,,,,,,
10243,10496,10470,S.W.Gale & P.J.Cribb,162575,4954,Neottia chenii,,1,,,,,,,
10243,10496,10470,(Panigrahi & J.J.Wood) Szlach.,189595,4954,Neottia mucronata,,1,,,,,,,
10243,10496,10470,(S.C.Chen) Szlach.,189596,4954,Neottia nanchuanica,,1,,,,,,,
10243,10496,10470,(S.C.Chen) Szlach.,189600,4954,Neottia oblata,,1,,,,,,,
10243,10496,10470,(Maxim.) Szlach.,30196,4954,Neottia puberula,,1,,,,,,,
10243,10496,10470,(Schltr.) Szlach.,189604,4954,Neottia smithii,,1,,,,,,,
10243,10496,10470,Sonn.,26327,4345,Litchi chinensis,,1,,,,,,,
10243,10496,10470,(Skan) Hayata,26330,4347,Lithocarpus amygdalifolius,,1,,,,,,,
10243,10496,10470,(Skan) Hayata,26335,4347,Lithocarpus brevicaudatus,,1,,,,,,,
10243,10496,10470,Chun & Tsiang,147426,4347,Lithocarpus chrysocomus,,1,,,,,,,
10243,10496,10470,(Seemen) Rehder & E.H.Wilson,147427,4347,Lithocarpus cleistocarpus,,1,,,,,,,
10243,10496,10470,S.H.Huang ex Y.C.Hsu & H.W.Jen,184737,4347,Lithocarpus confinis,,1,,,,,,,
10243,10496,10470,Barnett,137503,4347,Lithocarpus craibianus,,1,,,,,,,
10243,10496,10470,(Hook.f. & Thomson ex Miq.) Rehder,122293,4347,Lithocarpus dealbatus,,1,,,,,,,
10243,10496,10470,C.C.Huang & Y.T.Chang,184757,4347,Lithocarpus eriobotryoides,,1,,,,,,,
10243,10496,10470,Hand.-Mazz.,184842,4347,Lithocarpus paniculatus,,1,,,,,,,
10243,10496,10470,(Roxb.) Rehder,26350,4347,Lithocarpus fenestratus,,1,,,,,,,
10243,10496,10470,(Thunb.) Nakai,26353,4347,Lithocarpus glaber,,1,,,,,,,
10243,10496,10470,(Blume) Hatus. ex Soepadmo,26345,4347,Lithocarpus elegans,,1,,,,,,,
10243,10496,10470,(Benth.) Rehder,26356,4347,Lithocarpus hancei,,1,,,,,,,
10243,10496,10470,(Hance ex Walp.) Rehder,26358,4347,Lithocarpus harlandii,,1,,,,,,,
10243,10496,10470,(Seemen) Rehder & E.H.Wilson,147435,4347,Lithocarpus henryi,,1,,,,,,,
10243,10496,10470,(Hu) C.C.Huang ex Y.C.Hsu & H.W.Jen,147453,4347,Lithocarpus hypoglaucus,,1,,,,,,,
10243,10496,10470,(Hance) Chun,26366,4347,Lithocarpus litseifolius,,1,,,,,,,
10243,10496,10470,Rehder & E.H.Wilson,122296,4347,Lithocarpus megalophyllus,,1,,,,,,,
10243,10496,10470,Hu,184812,4347,Lithocarpus mianningensis,,1,,,,,,,
10243,10496,10470,(Hance) Chun,26370,4347,Lithocarpus naiadarum,,1,,,,,,,
10243,10496,10470,C.C.Huang & Y.T.Chang,184826,4347,Lithocarpus oblanceolatus,,1,,,,,,,
10243,10496,10470,Hand.-Mazz.,184842,4347,Lithocarpus paniculatus,,1,,,,,,,
10243,10496,10470,(Schottky) Barnett,184870,4347,Lithocarpus rosthornii,,1,,,,,,,
10243,10496,10470,(Hayata) Hayata,26378,4347,Lithocarpus taitoensis,,1,,,,,,,
10243,10496,10470,(King ex Hook.f.) Rehder,121660,4347,Lithocarpus truncatus,,1,,,,,,,
10243,10496,10470,(Franch.) Chun,122298,4347,Lithocarpus variolosus,,1,,,,,,,
10243,10496,10470,(L.) I.M.Johnst.,6070,1873,Buglossoides arvensis,,1,,,,,,,
10243,10496,10470,Siebold & Zucc.,309897,4351,Lithospermum erythrorhizon,,1,,,,,,,
10243,10496,10470,L.,26385,4351,Lithospermum officinale,,1,,,,,,,
10243,10496,10470,(DC.) Holub,438813,15968,Aegonychon zollingeri,,1,,,,,,,
10243,10496,10470,Fraser-Jenk.,435479,1412,Arachniodes superba,,1,,,,,,,
10243,10496,10470,W.C.Cheng,137505,4353,Litsea chunii,,1,,,,,,,
10243,10496,10470,H.Lév.,26398,4353,Litsea coreana,,1,,,,,,,
10243,10496,10470,(Lour.) Pers.,26401,4353,Litsea cubeba,,1,,,,,,,
10243,10496,10470,(Nees) Hook.f.,26404,4353,Litsea elongata,,1,,,,,,,
10243,10496,10470,(Nees) Hook.f.,26404,4353,Litsea elongata,,1,,,,,,,
10243,10496,10470,Hemsl.,317791,4353,Litsea hupehana,,1,,,,,,,
10243,10496,10470,Gamble,318263,4353,Litsea ichangensis,,1,,,,,,,
10243,10496,10470,Hook.f.,137507,4353,Litsea kingii,,1,,,,,,,
10243,10496,10470,C.K.Allen,318894,4353,Litsea kobuskiana,,1,,,,,,,
10243,10496,10470,(Roxb. ex Nees) Fern.-Vill.,26421,4353,Litsea lancifolia,,1,,,,,,,
10243,10496,10470,Hemsl.,26430,4353,Litsea mollis,,1,,,,,,,
10243,10496,10470,(Roxb.) Pers.,26431,4353,Litsea monopetala,,1,,,,,,,
10243,10496,10470,Lecomte,123903,4353,Litsea moupinensis,,1,,,,,,,
10243,10496,10470,(Diels) Yen C.Yang & P.H.Huang,317611,4353,Litsea pedunculata,,1,,,,,,,
10243,10496,10470,Gamble,26438,4353,Litsea populifolia,,1,,,,,,,
10243,10496,10470,Hemsl.,147496,4353,Litsea pungens,,1,,,,,,,
10243,10496,10470,(Nees) Hemsl.,26445,4353,Litsea rotundifolia,,1,,,,,,,
10243,10496,10470,Lecomte,122302,4353,Litsea rubescens,,1,,,,,,,
10243,10496,10470,(Roxb. ex Nees) Hook.f.,26446,4353,Litsea salicifolia,,1,,,,,,,
10243,10496,10470,(Wall. ex Nees) Hook.f.,137508,4353,Litsea sericea,,1,,,,,,,
10243,10496,10470,Yen C.Yang & P.H.Huang,137509,4353,Litsea subcoriacea,,1,,,,,,,
10243,10496,10470,Yen C.Yang & P.H.Huang,318264,4353,Litsea suberosa,,1,,,,,,,
10243,10496,10470,Yen C.Yang & P.H.Huang,316618,4353,Litsea tsinlingensis,,1,,,,,,,
10243,10496,10470,Hemsl.,26452,4353,Litsea variabilis,,1,,,,,,,
10243,10496,10470,Gamble,317982,4353,Litsea veitchiana,,1,,,,,,,
10243,10496,10470,Gamble,316999,4353,Litsea wilsonii,,1,,,,,,,
10243,10496,10470,Tzvelev,227254,14324,Littledalea przevalskyi,,1,,,,,,,
10243,10496,10470,Keng,227255,14324,Littledalea racemosa,,1,,,,,,,
10243,10496,10470,(Jacq.) R.Br. ex Mart.,26460,4355,Livistona chinensis,,1,,,,,,,
10243,10496,10470,Franch.,122306,11585,Lloydia delavayi,,1,,,,,,,
10243,10496,10470,Baker ex Oliv.,320956,11585,Lloydia ixiolirioides,,1,,,,,,,
10243,10496,10470,Franch.,120693,11585,Lloydia oxycarpa,,1,,,,,,,
10243,10496,10470,(L.) Ker Gawl.,19017,3385,Gagea serotina,,1,,,,,,,
10243,10496,10470,Baker ex Oliv.,137511,11585,Lloydia tibetica,,1,,,,,,,
10243,10496,10470,Franch.,138805,11585,Lloydia yunnanensis,,1,,,,,,,
10243,10496,10470,Lam.,26473,4356,Lobelia alsinoides,,1,,,,,,,
10243,10496,10470,G.Forst.,26476,4356,Lobelia angulata,,1,,,,,,,
10243,10496,10470,Reinw. ex Blume,122451,4356,Lobelia montana,,1,,,,,,,
10243,10496,10470,Lour.,26487,4356,Lobelia chinensis,,1,,,,,,,
10243,10496,10470,Roth,26526,4356,Lobelia nicotianifolia,,1,,,,,,,
10243,10496,10470,Franch.,137512,4356,Lobelia davidii,,1,,,,,,,
10243,10496,10470,Roth,26526,4356,Lobelia nicotianifolia,,1,,,,,,,
10243,10496,10470,(E.Wimm.) S.Y.Hu,219976,4356,Lobelia fangiana,,1,,,,,,,
10243,10496,10470,C.Y.Wu,219855,4356,Lobelia iteophylla,,1,,,,,,,
10243,10496,10470,E.Wimm.,219895,4356,Lobelia melliana,,1,,,,,,,
10243,10496,10470,Reinw. ex Blume,122451,4356,Lobelia montana,,1,,,,,,,
10243,10496,10470,Wall.,440975,4356,Lobelia pyramidalis,,1,,,,,,,
10243,10496,10470,H.Lév. & Vaniot,138428,4356,Lobelia seguinii,,1,,,,,,,
10243,10496,10470,Lamb.,26549,4356,Lobelia sessilifolia,,1,,,,,,,
10243,10496,10470,L.,26564,4356,Lobelia zeylanica,,1,,,,,,,
10243,10496,10470,Lam.,26584,4364,Lolium multiflorum,,1,,,,,,,
10243,10496,10470,(Hemsl.) Harry Sm.,316457,4371,Lomatogonium bellum,,1,,,,,,,
10243,10496,10470,(Wulfen) A.Braun,70795,4371,Lomatogonium carinthiacum,,1,,,,,,,
10243,10496,10470,(Balf.f.) Fernald,316830,4371,Lomatogonium forrestii,,1,,,,,,,
10243,10496,10470,(Burkill) Harry Sm.,320957,4371,Lomatogonium gamosepalum,,1,,,,,,,
10243,10496,10470,T.N.Ho,320958,4371,Lomatogonium lijiangense,,1,,,,,,,
10243,10496,10470,Harry Sm.,137516,4371,Lomatogonium longifolium,,1,,,,,,,
10243,10496,10470,(Diels & Gilg) Fernald,320959,4371,Lomatogonium macranthum,,1,,,,,,,
10243,10496,10470,(Diels) C.Marquand,320960,4371,Lomatogonium oreocharis,,1,,,,,,,
10243,10496,10470,T.N.Ho & S.W.Liu ex J.X.Yang,320961,4371,Lomatogonium perenne,,1,,,,,,,
10243,10496,10470,(L.) Fr.,26643,4371,Lomatogonium rotatum,,1,,,,,,,
10243,10496,10470,Wall.,26672,4377,Lonicera acuminata,,1,,,,,,,
10243,10496,10470,L.,26674,4377,Lonicera caerulea,,1,,,,,,,
10243,10496,10470,Hemsl.,26675,4377,Lonicera calcarata,,1,,,,,,,
10243,10496,10470,Rehder,318267,4377,Lonicera subaequalis,,1,,,,,,,
10243,10496,10470,Turcz. ex Ledeb.,26679,4377,Lonicera chrysantha,,1,,,,,,,
10243,10496,10470,Franch.,316619,4377,Lonicera yunnanensis,,1,,,,,,,
10243,10496,10470,DC.,26680,4377,Lonicera confusa,,1,,,,,,,
10243,10496,10470,Batalin,318265,4377,Lonicera crassifolia,,1,,,,,,,
10243,10496,10470,Franch.,122310,4377,Lonicera cyanocarpa,,1,,,,,,,
10243,10496,10470,Franch.,316288,4377,Lonicera elisae,,1,,,,,,,
10243,10496,10470,Franch.,316620,4377,Lonicera fargesii,,1,,,,,,,
10243,10496,10470,Franch.,460562,4377,Lonicera ferdinandi,,1,,,,,,,
10243,10496,10470,Rehder,123578,4377,Lonicera ferruginea,,1,,,,,,,
10243,10496,10470,Lindl. & Paxton,131070,4377,Lonicera fragrantissima,,1,,,,,,,
10243,10496,10470,Hemsl.,317484,4377,Lonicera gynochlamydea,,1,,,,,,,
10243,10496,10470,Pall. ex Schult.,79921,4377,Lonicera hispida,,1,,,,,,,
10243,10496,10470,Miq.,26684,4377,Lonicera hypoglauca,,1,,,,,,,
10243,10496,10470,Thunb.,26688,4377,Lonicera japonica,,1,,,,,,,
10243,10496,10470,(Batalin ex Rehder) Pojark.,316458,4377,Lonicera kansuensis,,1,,,,,,,
10243,10496,10470,Wall.,122312,4377,Lonicera lanceolata,,1,,,,,,,
10243,10496,10470,Wall.,26691,4377,Lonicera ligustrina,,1,,,,,,,
10243,10496,10470,Batalin,138808,4377,Lonicera litangensis,,1,,,,,,,
10243,10496,10470,DC.,26692,4377,Lonicera longiflora,,1,,,,,,,
10243,10496,10470,(Rupr.) Maxim.,124446,4377,Lonicera maackii,,1,,,,,,,
10243,10496,10470,(D.Don) Spreng.,26693,4377,Lonicera macrantha,,1,,,,,,,
10243,10496,10470,Hand.-Mazz.,451449,4377,Lonicera macranthoides,,1,,,,,,,
10243,10496,10470,Willd. ex Schult.,70506,4377,Lonicera microphylla,,1,,,,,,,
10243,10496,10470,Hook.f. & Thomson,138810,4377,Lonicera rupicola,,1,,,,,,,
10243,10496,10470,Rehder,316459,4377,Lonicera modesta,,1,,,,,,,
10243,10496,10470,Rehder,318266,4377,Lonicera mucronata,,1,,,,,,,
10243,10496,10470,Wall. ex DC.,56716,4377,Lonicera angustifolia,,1,,,,,,,
10243,10496,10470,Maxim.,147560,4377,Lonicera nervosa,,1,,,,,,,
10243,10496,10470,Rehder,123578,4377,Lonicera ferruginea,,1,,,,,,,
10243,10496,10470,Harry Sm. ex Rehder,320962,4377,Lonicera oreodoxa,,1,,,,,,,
10243,10496,10470,Wall.,26672,4377,Lonicera acuminata,,1,,,,,,,
10243,10496,10470,Wall.,26691,4377,Lonicera ligustrina,,1,,,,,,,
10243,10496,10470,Bureau & Franch.,122316,4377,Lonicera trichosantha,,1,,,,,,,
10243,10496,10470,Franch.,317000,4377,Lonicera retusa,,1,,,,,,,
10243,10496,10470,Hook.f. & Thomson,138810,4377,Lonicera rupicola,,1,,,,,,,
10243,10496,10470,Maxim.,122315,4377,Lonicera tangutica,,1,,,,,,,
10243,10496,10470,Franch.,320963,4377,Lonicera setifera,,1,,,,,,,
10243,10496,10470,Hemsl.,122308,4377,Lonicera similis,,1,,,,,,,
10243,10496,10470,(Decne.) Jacquem. ex Walp.,70509,4377,Lonicera spinosa,,1,,,,,,,
10243,10496,10470,Franch.,317984,4377,Lonicera stephanocarpa,,1,,,,,,,
10243,10496,10470,Rehder,318267,4377,Lonicera subaequalis,,1,,,,,,,
10243,10496,10470,P.S.Hsu & H.J.Wang,320964,4377,Lonicera sublabiata,,1,,,,,,,
10243,10496,10470,Maxim.,122315,4377,Lonicera tangutica,,1,,,,,,,
10243,10496,10470,Hook.f. & Thomson,137518,4377,Lonicera tomentella,,1,,,,,,,
10243,10496,10470,Hemsl.,316460,4377,Lonicera tragophylla,,1,,,,,,,
10243,10496,10470,Maxim.,122315,4377,Lonicera tangutica,,1,,,,,,,
10243,10496,10470,Bureau & Franch.,122316,4377,Lonicera trichosantha,,1,,,,,,,
10243,10496,10470,Rehder,320965,4377,Lonicera tubuliflora,,1,,,,,,,
10243,10496,10470,Wall. ex DC.,70505,4377,Lonicera webbiana,,1,,,,,,,
10243,10496,10470,Franch.,316619,4377,Lonicera yunnanensis,,1,,,,,,,
10243,10496,10470,Brongn.,26706,4379,Lophatherum gracile,,1,,,,,,,
10243,10496,10470,Rendle,227259,4379,Lophatherum sinense,,1,,,,,,,
10243,10496,10470,Tiegh.,26720,4387,Loranthus delavayi,,1,,,,,,,
10243,10496,10470,Lingelsh.,317251,4387,Loranthus pseudo-odoratus,,1,,,,,,,
10243,10496,10470,Franch. & Sav.,315209,4387,Loranthus tanakae,,1,,,,,,,
10243,10496,10470,(R.Br.) Oliv.,26726,4389,Loropetalum chinense,,1,,,,,,,
10243,10496,10470,(Ser.) Schleich. ex Ramond,57383,4391,Lotus alpinus,,1,,,,,,,
10243,10496,10470,L.,26744,4391,Lotus corniculatus,,1,,,,,,,
10243,10496,10470,Waldst. & Kit. ex Willd.,26788,4391,Lotus tenuis,,1,,,,,,,
10243,10496,10470,Hemsl.,184963,13952,Loxocalyx urticifolius,,1,,,,,,,
10243,10496,10470,Ching,231390,4394,Loxogramme chinensis,,1,,,,,,,
10243,10496,10470,Ching,231390,4394,Loxogramme chinensis,,1,,,,,,,
10243,10496,10470,(Zenker) M.G.Price,231391,4394,Loxogramme cuspidata,,1,,,,,,,
10243,10496,10470,(Zenker) M.G.Price,231391,4394,Loxogramme cuspidata,,1,,,,,,,
10243,10496,10470,Nakai,26801,4394,Loxogramme formosana,,1,,,,,,,
10243,10496,10470,(Baker) C.Chr.,26802,4394,Loxogramme grammitoides,,1,,,,,,,
10243,10496,10470,(D.Don) C.Presl,231392,4394,Loxogramme involuta,,1,,,,,,,
10243,10496,10470,(Wight) C.B.Clarke,122321,11694,Loxostigma griffithii,,1,,,,,,,
10243,10496,10470,Hook.,122322,4398,Luculia pinceana,,1,,,,,,,
10243,10496,10470,Maxim.,26826,4401,Ludwigia epilobioides,,1,,,,,,,
10243,10496,10470,(Jacq.) P.H.Raven,26835,4401,Ludwigia octovalvis,,1,,,,,,,
10243,10496,10470,(Kunth) P.H.Raven,26838,4401,Ludwigia peploides,,1,,,,,,,
10243,10496,10470,L.,26839,4401,Ludwigia perennis,,1,,,,,,,
10243,10496,10470,Rolfe,184977,4406,Luisia hancockii,,1,,,,,,,
10243,10496,10470,(Thunb.) Blume,26860,4406,Luisia teres,,1,,,,,,,
10243,10496,10470,(Christ) Fraser-Jenk.,435354,2788,Deparia subsimilis,,1,,,,,,,
10243,10496,10470,(W.M.Chu & Z.R.Wang) Z.R.Wang,435350,2788,Deparia auriculata,,1,,,,,,,
10243,10496,10470,(Christ) M.Kato,435508,2788,Deparia dolosa,,1,,,,,,,
10243,10496,10470,"L.Y.Kuo, M.Kato & W.L.Chiou",461228,2788,Deparia wangzhongrenii,,1,,,,,,,
10243,10496,10470,(Christ) X.C.Zhang,435208,2788,Deparia giraldii,,1,,,,,,,
10243,10496,10470,(Ching ex Z.R.Wang) Z.R.Wang,435352,2788,Deparia liangshanensis,,1,,,,,,,
10243,10496,10470,(Z.R.Wang & Li Bing Zhang) Z.R.Wang,435353,2788,Deparia ludingensis,,1,,,,,,,
10243,10496,10470,(Christ) M.Kato,13929,2788,Deparia pycnosora,,1,,,,,,,
10243,10496,10470,(Christ) M.Kato,13929,2788,Deparia pycnosora,,1,,,,,,,
10243,10496,10470,"(Ching, Boufford & K.H.Shing) X.C.Zhang",435207,2788,Deparia shennongensis,,1,,,,,,,
10243,10496,10470,(Z.R.Wang) Z.R.Wang,435252,2788,Deparia sichuanensis,,1,,,,,,,
10243,10496,10470,(Kitag.) X.C.Zhang,435204,2788,Deparia vegetior,,1,,,,,,,
10243,10496,10470,(Christ) X.C.Zhang,435248,2788,Deparia wilsonii,,1,,,,,,,
10243,10496,10470,Buchenau,122323,4416,Luzula effusa,,1,,,,,,,
10243,10496,10470,(Ehrh.) Lej.,26943,4416,Luzula multiflora,,1,,,,,,,
10243,10496,10470,(Ehrh.) Lej.,26943,4416,Luzula multiflora,,1,,,,,,,
10243,10496,10470,Sw.,26949,4416,Luzula pallescens,,1,,,,,,,
10243,10496,10470,(Ehrh.) Desv.,26950,4416,Luzula parviflora,,1,,,,,,,
10243,10496,10470,E.Mey.,26954,4416,Luzula plumosa,,1,,,,,,,
10243,10496,10470,K.F.Wu,320972,4416,Luzula × sichuanensis,,1,,,,,,,
10243,10496,10470,(L.) DC.,26962,4416,Luzula spicata,,1,,,,,,,
10243,10496,10470,(Meerb.) Mabb.,452347,6372,Silene banksia,,1,,,,,,,
10243,10496,10470,(Meerb.) Mabb.,452347,6372,Silene banksia,,1,,,,,,,
10243,10496,10470,(Meerb.) Mabb.,452347,6372,Silene banksia,,1,,,,,,,
10243,10496,10470,(Lour.) Bitter,26974,4420,Lycianthes biflora,,1,,,,,,,
10243,10496,10470,(Bitter) C.Y Wu & S.C.Huang,137524,4420,Lycianthes hupehensis,,1,,,,,,,
10243,10496,10470,(Wall.) Bitter,26977,4420,Lycianthes lysimachioides,,1,,,,,,,
10243,10496,10470,(Wall. ex Nees) Bitter,137525,4420,Lycianthes macrodon,,1,,,,,,,
10243,10496,10470,L.,26988,4421,Lycium barbarum,,1,,,,,,,
10243,10496,10470,Mill.,26993,4421,Lycium chinense,,1,,,,,,,
10243,10496,10470,Spring,27023,4425,Lycopodium casuarinoides,,1,,,,,,,
10243,10496,10470,L.,27021,4425,Lycopodium annotinum,,1,,,,,,,
10243,10496,10470,L.,27025,4425,Lycopodium clavatum,,1,,,,,,,
10243,10496,10470,Thunb.,27035,4425,Lycopodium japonicum,,1,,,,,,,
10243,10496,10470,L.,27038,4425,Lycopodium obscurum,,1,,,,,,,
10243,10496,10470,Zoëga,27032,4425,Lycopodium dubium,,1,,,,,,,
10243,10496,10470,H.Lév.,185237,4426,Lycopus cavaleriei,,1,,,,,,,
10243,10496,10470,Turcz. ex Benth.,27049,4426,Lycopus lucidus,,1,,,,,,,
10243,10496,10470,(L'Hér.) Herb.,27052,4427,Lycoris aurea,,1,,,,,,,
10243,10496,10470,(L'Hér.) Herb.,147671,4427,Lycoris radiata,,1,,,,,,,
10243,10496,10470,(Burm.f.) Sw.,441013,4430,Lygodium circinnatum,,1,,,,,,,
10243,10496,10470,(Thunb.) Sw.,27062,4430,Lygodium japonicum,,1,,,,,,,
10243,10496,10470,(W.W.Sm. & Jeffrey) Hand.-Mazz.,310710,4431,Lyonia compta,,1,,,,,,,
10243,10496,10470,(Hand.-Mazz.) Hand.-Mazz.,137527,4431,Lyonia doyonensis,,1,,,,,,,
10243,10496,10470,(Wall.) Drude,27094,4431,Lyonia ovalifolia,,1,,,,,,,
10243,10496,10470,(Hook.f. ex C.B.Clarke) Hand.-Mazz.,122324,4431,Lyonia villosa,,1,,,,,,,
10243,10496,10470,Franch.,316461,4439,Lysimachia albescens,,1,,,,,,,
10243,10496,10470,Hance,452352,4439,Lysimachia alfredi,,1,,,,,,,
10243,10496,10470,Hemsl.,316923,4439,Lysimachia auriculata,,1,,,,,,,
10243,10496,10470,(F.H.Chen & C.M.Hu) C.M.Hu,317985,4439,Lysimachia baoxingensis,,1,,,,,,,
10243,10496,10470,Bunge,147687,4439,Lysimachia barystachys,,1,,,,,,,
10243,10496,10470,C.Y.Wu,318900,4439,Lysimachia biflora,,1,,,,,,,
10243,10496,10470,Lindl.,27119,4439,Lysimachia candida,,1,,,,,,,
10243,10496,10470,Hemsl.,27120,4439,Lysimachia capillipes,,1,,,,,,,
10243,10496,10470,Watt ex Hook.f.,122325,4439,Lysimachia chenopodioides,,1,,,,,,,
10243,10496,10470,Hance,137530,4439,Lysimachia christinae,,1,,,,,,,
10243,10496,10470,C.Y.Wu,320973,4439,Lysimachia chungdienensis,,1,,,,,,,
10243,10496,10470,Hemsl.,311969,4439,Lysimachia circaeoides,,1,,,,,,,
10243,10496,10470,Duby,27124,4439,Lysimachia clethroides,,1,,,,,,,
10243,10496,10470,Hemsl.,27125,4439,Lysimachia congestiflora,,1,,,,,,,
10243,10496,10470,(Hance) Hemsl.,318272,4439,Lysimachia crispidens,,1,,,,,,,
10243,10496,10470,Pamp. ex Hand.-Mazz.,317987,4439,Lysimachia crista-galli,,1,,,,,,,
10243,10496,10470,Ledeb.,27127,4439,Lysimachia davurica,,1,,,,,,,
10243,10496,10470,G.Forst.,27128,4439,Lysimachia decurrens,,1,,,,,,,
10243,10496,10470,Franch.,320974,4439,Lysimachia delavayi,,1,,,,,,,
10243,10496,10470,Wight,137532,4439,Lysimachia deltoidea,,1,,,,,,,
10243,10496,10470,Franch.,460896,4439,Lysimachia drynarifolia,,1,,,,,,,
10243,10496,10470,F.H.Chen & C.M.Hu,320975,4439,Lysimachia erosipetala,,1,,,,,,,
10243,10496,10470,Hand.-Mazz.,320976,4439,Lysimachia excisa,,1,,,,,,,
10243,10496,10470,Hand.-Mazz.,317254,4439,Lysimachia fistulosa,,1,,,,,,,
10243,10496,10470,C.Y.Wu,318274,4439,Lysimachia fooningensis,,1,,,,,,,
10243,10496,10470,Oliv.,147690,4439,Lysimachia fordiana,,1,,,,,,,
10243,10496,10470,Maxim.,27132,4439,Lysimachia fortunei,,1,,,,,,,
10243,10496,10470,Franch.,320977,4439,Lysimachia glaucina,,1,,,,,,,
10243,10496,10470,Hance,147691,4439,Lysimachia grammica,,1,,,,,,,
10243,10496,10470,Maxim. ex Oliv.,316924,4439,Lysimachia hemsleyana,,1,,,,,,,
10243,10496,10470,Franch.,317793,4439,Lysimachia hemsleyi,,1,,,,,,,
10243,10496,10470,Hemsl.,318275,4439,Lysimachia henryi,,1,,,,,,,
10243,10496,10470,Hance,147693,4439,Lysimachia klattiana,,1,,,,,,,
10243,10496,10470,Forrest,137533,4439,Lysimachia lichiangensis,,1,,,,,,,
10243,10496,10470,S.S.Chien,320978,4439,Lysimachia liui,,1,,,,,,,
10243,10496,10470,Wall.,123053,4439,Lysimachia lobelioides,,1,,,,,,,
10243,10496,10470,Hemsl.,317001,4439,Lysimachia longipes,,1,,,,,,,
10243,10496,10470,R.Knuth,147696,4439,Lysimachia melampyroides,,1,,,,,,,
10243,10496,10470,Y.I.Fang & C.Z.Cheng,320979,4439,Lysimachia miyiensis,,1,,,,,,,
10243,10496,10470,C.Y.Wu,317612,4439,Lysimachia nanchuanensis,,1,,,,,,,
10243,10496,10470,Hemsl.,320980,4439,Lysimachia omeiensis,,1,,,,,,,
10243,10496,10470,Hemsl.,147698,4439,Lysimachia ophelioides,,1,,,,,,,
10243,10496,10470,F.H.Chen & C.M.Hu,320981,4439,Lysimachia orbicularis,,1,,,,,,,
10243,10496,10470,C.Y.Wu,319415,4439,Lysimachia otophora,,1,,,,,,,
10243,10496,10470,Franch.,317795,4439,Lysimachia paridiformis,,1,,,,,,,
10243,10496,10470,Hemsl.,316925,4439,Lysimachia parvifolia,,1,,,,,,,
10243,10496,10470,Bunge,315235,4439,Lysimachia pentapetala,,1,,,,,,,
10243,10496,10470,Merr.,147688,4439,Lysimachia petelotii,,1,,,,,,,
10243,10496,10470,Hand.-Mazz.,147699,4439,Lysimachia phyllocephala,,1,,,,,,,
10243,10496,10470,Franch.,137535,4439,Lysimachia platypetala,,1,,,,,,,
10243,10496,10470,Klatt,137536,4439,Lysimachia prolifera,,1,,,,,,,
10243,10496,10470,Pamp.,317258,4439,Lysimachia pseudohenryi,,1,,,,,,,
10243,10496,10470,Hand.-Mazz.,318276,4439,Lysimachia pseudotrichopoda,,1,,,,,,,
10243,10496,10470,Hemsl.,147700,4439,Lysimachia pterantha,,1,,,,,,,
10243,10496,10470,Bonati,318277,4439,Lysimachia pteranthoides,,1,,,,,,,
10243,10496,10470,(Baudo) Franch.,137537,4439,Lysimachia pumila,,1,,,,,,,
10243,10496,10470,C.Y.Wu,318278,4439,Lysimachia punctatilimba,,1,,,,,,,
10243,10496,10470,Bonati,317487,4439,Lysimachia racemiflora,,1,,,,,,,
10243,10496,10470,Hand.-Mazz.,320982,4439,Lysimachia reflexiloba,,1,,,,,,,
10243,10496,10470,Hand.-Mazz.,137538,4439,Lysimachia robusta,,1,,,,,,,
10243,10496,10470,F.H.Chen & C.M.Hu,320983,4439,Lysimachia roseola,,1,,,,,,,
10243,10496,10470,Hemsl.,147702,4439,Lysimachia rubiginosa,,1,,,,,,,
10243,10496,10470,C.Y.Wu,320984,4439,Lysimachia sciadantha,,1,,,,,,,
10243,10496,10470,F.H.Chen & C.M.Hu,318902,4439,Lysimachia shimianensis,,1,,,,,,,
10243,10496,10470,(Pamp.) Hand.-Mazz.,317002,4439,Lysimachia silvestrii,,1,,,,,,,
10243,10496,10470,Hand.-Mazz.,320985,4439,Lysimachia stellarioides,,1,,,,,,,
10243,10496,10470,Hemsl.,27155,4439,Lysimachia stenosepala,,1,,,,,,,
10243,10496,10470,Bonati,320986,4439,Lysimachia taliensis,,1,,,,,,,
10243,10496,10470,Franch.,122328,4439,Lysimachia trichopoda,,1,,,,,,,
10243,10496,10470,Franch.,320987,4439,Lysimachia violascens,,1,,,,,,,
10243,10496,10470,Hemsl.,320988,4439,Lysimachia wilsonii,,1,,,,,,,
10243,10496,10470,Franch.,229788,4440,Lysionotus heterophyllus,,1,,,,,,,
10243,10496,10470,Franch.,318639,4440,Lysionotus involucratus,,1,,,,,,,
10243,10496,10470,W.T.Wang,229791,4440,Lysionotus microphyllus,,1,,,,,,,
10243,10496,10470,Maxim.,27161,4440,Lysionotus pauciflorus,,1,,,,,,,
10243,10496,10470,D.Don,122331,4440,Lysionotus serratus,,1,,,,,,,
10243,10496,10470,Rehder,320989,4440,Lysionotus wilsonii,,1,,,,,,,
10243,10496,10470,Takeda,309023,4444,Maackia hupehensis,,1,,,,,,,
10243,10496,10470,Kurz,27186,4447,Macaranga andamanica,,1,,,,,,,
10243,10496,10470,(Pax & K.Hoffm.) Rehder,185337,4447,Macaranga henryi,,1,,,,,,,
10243,10496,10470,(L.) Müll.Arg.,27218,4447,Macaranga tanarius,,1,,,,,,,
10243,10496,10470,(Benth.) Hemsl.,27286,4452,Machilus breviflora,,1,,,,,,,
10243,10496,10470,H.Lév.,319422,4452,Machilus cavaleriei,,1,,,,,,,
10243,10496,10470,S.K.Lee,319787,4452,Machilus chuanchienensis,,1,,,,,,,
10243,10496,10470,King ex Hook.f.,27293,4452,Machilus gamblei,,1,,,,,,,
10243,10496,10470,Rehder & E.H.Wilson,27295,4452,Machilus ichangensis,,1,,,,,,,
10243,10496,10470,Hand.-Mazz.,27299,4452,Machilus leptophylla,,1,,,,,,,
10243,10496,10470,Hemsl.,316926,4452,Machilus microcarpa,,1,,,,,,,
10243,10496,10470,N.Chao,320990,4452,Machilus nanchuanensis,,1,,,,,,,
10243,10496,10470,(Oliv.) Hemsl.,27304,4452,Machilus nanmu,,1,,,,,,,
10243,10496,10470,Hance,27306,4452,Machilus oreophila,,1,,,,,,,
10243,10496,10470,W.W.Sm.,27310,4452,Machilus robusta,,1,,,,,,,
10243,10496,10470,Hance,27311,4452,Machilus salicina,,1,,,,,,,
10243,10496,10470,N.Chao,320991,4452,Machilus sichuanensis,,1,,,,,,,
10243,10496,10470,Siebold & Zucc.,27313,4452,Machilus thunbergii,,1,,,,,,,
10243,10496,10470,Hand.-Mazz.,147755,4452,Machilus viridis,,1,,,,,,,
10243,10496,10470,Lecomte,27316,4452,Machilus yunnanensis,,1,,,,,,,
10243,10496,10470,(Willd.) R.Br.,27320,4455,Macleaya cordata,,1,,,,,,,
10243,10496,10470,(Maxim.) Fedde,311532,4455,Macleaya microcarpa,,1,,,,,,,
10243,10496,10470,(Lour.) Corner,27321,4456,Maclura cochinchinensis,,1,,,,,,,
10243,10496,10470,(Roxb.) Corner,125239,4456,Maclura fruticosa,,1,,,,,,,
10243,10496,10470,Carrière,147759,4456,Maclura tricuspidata,,1,,,,,,,
10243,10496,10470,(Harms) C.Y.Wu ex G.Hoo,27345,4468,Macropanax rosthornii,,1,,,,,,,
10243,10496,10470,(Hance) Danser,27357,4473,Macrosolen bibracteolatus,,1,,,,,,,
10243,10496,10470,(Lour.) Tiegh.,27358,4473,Macrosolen cochinchinensis,,1,,,,,,,
10243,10496,10470,(Gaudich.) Ching,27366,4475,Macrothelypteris torresiana,,1,,,,,,,
10243,10496,10470,(Gaudich.) Ching,27366,4475,Macrothelypteris torresiana,,1,,,,,,,
10243,10496,10470,J.Wen,449921,5782,Prunus himalayana,,1,,,,,,,
10243,10496,10470,(Koehne) J.Wen,452355,5782,Prunus hypoleuca,,1,,,,,,,
10243,10496,10470,(Koehne) J.Wen,449922,5782,Prunus hypoxantha,,1,,,,,,,
10243,10496,10470,(T.T.Yu & T.C.Ku) J.Wen,316622,5782,Prunus incisoserrata,,1,,,,,,,
10243,10496,10470,(Koehne) J.Wen,449922,5782,Prunus hypoxantha,,1,,,,,,,
10243,10496,10470,(Wall.) A.DC.,123054,4481,Maesa argentea,,1,,,,,,,
10243,10496,10470,Rehder,318281,4481,Maesa hupehensis,,1,,,,,,,
10243,10496,10470,Chun,311304,4481,Maesa insignis,,1,,,,,,,
10243,10496,10470,(Thunb.) Moritzi ex Zoll.,27392,4481,Maesa japonica,,1,,,,,,,
10243,10496,10470,A.DC.,27395,4481,Maesa montana,,1,,,,,,,
10243,10496,10470,(Lour.) Merr.,27399,4481,Maesa perlaria,,1,,,,,,,
10243,10496,10470,(Roxb.) A.DC.,27400,4481,Maesa ramentacea,,1,,,,,,,
10243,10496,10470,Fortune,441029,1686,Berberis bealei,,1,,,,,,,
10243,10496,10470,H.Lév.,460776,1686,Berberis elegans,,1,,,,,,,
10243,10496,10470,(Takeda) Laferr.,451451,1686,Berberis bracteolata,,1,,,,,,,
10243,10496,10470,Laferr.,428300,1686,Berberis henryi,,1,,,,,,,
10243,10496,10470,(DC.) Spreng.,402010,1686,Berberis napaulensis,,1,,,,,,,
10243,10496,10470,(Fedde) Laferr.,460777,1686,Berberis eurybracteata,,1,,,,,,,
10243,10496,10470,(C.K.Schneid.) Laferr.,460845,1686,Berberis fordii,,1,,,,,,,
10243,10496,10470,Lindl.,458207,1686,Berberis fortunei,,1,,,,,,,
10243,10496,10470,Oliv.,460898,1686,Berberis gracilipes,,1,,,,,,,
10243,10496,10470,(Thunb.) Spreng.,441030,1686,Berberis japonica,,1,,,,,,,
10243,10496,10470,(Gagnep.) Laferr.,461229,1686,Berberis leptodonta,,1,,,,,,,
10243,10496,10470,(Takeda) Laferr.,460899,1686,Berberis longibracteata,,1,,,,,,,
10243,10496,10470,(DC.) Spreng.,402010,1686,Berberis napaulensis,,1,,,,,,,
10243,10496,10470,(C.K.Schneid. ex Hand.-Mazz.) Laferr.,461022,1686,Berberis schochii,,1,,,,,,,
10243,10496,10470,(Hayata) Laferr.,401813,1686,Berberis oiwakensis,,1,,,,,,,
10243,10496,10470,(Fedde) Laferr.,451453,1686,Berberis polyodonta,,1,,,,,,,
10243,10496,10470,(Chun) Laferr.,460824,1686,Berberis shenii,,1,,,,,,,
10243,10496,10470,(C.K.Schneid.) Laferr.,460747,1686,Berberis sheridaniana,,1,,,,,,,
10243,10496,10470,(Franch.) LaFrankie,137556,4487,Maianthemum atropurpureum,,1,,,,,,,
10243,10496,10470,(L.) F.W.Schmidt,27457,4487,Maianthemum bifolium,,1,,,,,,,
10243,10496,10470,(Wall.) LaFrankie,121272,4487,Maianthemum fuscum,,1,,,,,,,
10243,10496,10470,(Baker) LaFrankie,137560,4487,Maianthemum henryi,,1,,,,,,,
10243,10496,10470,(A.Gray) LaFrankie,124356,4487,Maianthemum japonicum,,1,,,,,,,
10243,10496,10470,(W.W.Sm.) LaFrankie,213974,4487,Maianthemum lichiangense,,1,,,,,,,
10243,10496,10470,H.Li & J.L.Huang,213979,4487,Maianthemum nanchuanense,,1,,,,,,,
10243,10496,10470,(Baker) LaFrankie,121812,4487,Maianthemum oleraceum,,1,,,,,,,
10243,10496,10470,(Wall.) LaFrankie,56556,4487,Maianthemum purpureum,,1,,,,,,,
10243,10496,10470,(Franch.) S.C.Chen & Kawano,214021,4487,Maianthemum stenolobum,,1,,,,,,,
10243,10496,10470,(F.T.Wang & Tang) H.Li,213962,4487,Maianthemum szechuanicum,,1,,,,,,,
10243,10496,10470,(Franch.) LaFrankie,137561,4487,Maianthemum tatsienense,,1,,,,,,,
10243,10496,10470,(Batalin) LaFrankie,213973,4487,Maianthemum tubiferum,,1,,,,,,,
10243,10496,10470,(D.Don) Szlach.,11530,2545,Crepidium acuminatum,,1,,,,,,,
10243,10496,10470,(L.) Sw.,27498,4497,Malaxis monophyllos,,1,,,,,,,
10243,10496,10470,(W.W.Sm. & Jeffrey) Seidenf.,137564,2545,Crepidium orbiculare,,1,,,,,,,
10243,10496,10470,(Lindl.) Szlach.,120703,2545,Crepidium purpureum,,1,,,,,,,
10243,10496,10470,(L.) R.Br.,27504,4498,Malcolmia africana,,1,,,,,,,
10243,10496,10470,(Lour.) Müll.Arg.,27519,4502,Mallotus apelta,,1,,,,,,,
10243,10496,10470,Müll.Arg.,27520,4502,Mallotus barbatus,,1,,,,,,,
10243,10496,10470,Müll.Arg.,27520,4502,Mallotus barbatus,,1,,,,,,,
10243,10496,10470,Pax & K.Hoffm.,124822,4502,Mallotus microcarpus,,1,,,,,,,
10243,10496,10470,Müll.Arg.,27524,4502,Mallotus nepalensis,,1,,,,,,,
10243,10496,10470,Müll.Arg.,27526,4502,Mallotus oreophilus,,1,,,,,,,
10243,10496,10470,(Lam.) Müll.Arg.,27527,4502,Mallotus paniculatus,,1,,,,,,,
10243,10496,10470,Pax,441043,4502,Mallotus tenuifolius,,1,,,,,,,
10243,10496,10470,(Lam.) Müll.Arg.,27529,4502,Mallotus philippensis,,1,,,,,,,
10243,10496,10470,(Rottler) Müll.Arg.,27530,4502,Mallotus repandus,,1,,,,,,,
10243,10496,10470,(Rottler) Müll.Arg.,27530,4502,Mallotus repandus,,1,,,,,,,
10243,10496,10470,Müll.Arg.,121274,4502,Mallotus roxburghianus,,1,,,,,,,
10243,10496,10470,Pax,441043,4502,Mallotus tenuifolius,,1,,,,,,,
10243,10496,10470,Nakai,314239,4508,Malus asiatica,,1,,,,,,,
10243,10496,10470,(L.) Borkh.,27608,4508,Malus baccata,,1,,,,,,,
10243,10496,10470,C.L.Li,320993,4508,Malus daochengensis,,1,,,,,,,
10243,10496,10470,Koehne,147911,4508,Malus halliana,,1,,,,,,,
10243,10496,10470,Rehder,147912,4508,Malus honanensis,,1,,,,,,,
10243,10496,10470,(Pamp.) Rehder,27611,4508,Malus hupehensis,,1,,,,,,,
10243,10496,10470,(Batalin) C.K.Schneid.,314241,4508,Malus kansuensis,,1,,,,,,,
10243,10496,10470,(Maxim.) Kom. ex Skvortsov,147913,4508,Malus mandshurica,,1,,,,,,,
10243,10496,10470,T.C.Ku,320994,4508,Malus muliensis,,1,,,,,,,
10243,10496,10470,Hand.-Mazz.,137565,4508,Malus ombrophila,,1,,,,,,,
10243,10496,10470,(Hemsl.) C.K.Schneid.,156540,4508,Malus prattii,,1,,,,,,,
10243,10496,10470,(Willd.) Borkh.,386209,4508,Malus prunifolia,,1,,,,,,,
10243,10496,10470,Rehder,137566,4508,Malus rockii,,1,,,,,,,
10243,10496,10470,(Siebold) de Vriese,156545,4508,Malus toringo,,1,,,,,,,
10243,10496,10470,(Aiton) Borkh.,156544,4508,Malus spectabilis,,1,,,,,,,
10243,10496,10470,(Rehder) Hughes,147916,4508,Malus toringoides,,1,,,,,,,
10243,10496,10470,(Batalin) C.K.Schneid.,156546,4508,Malus transitoria,,1,,,,,,,
10243,10496,10470,(Franch.) C.K.Schneid.,122350,4508,Malus yunnanensis,,1,,,,,,,
10243,10496,10470,(Franch.) C.K.Schneid.,122350,4508,Malus yunnanensis,,1,,,,,,,
10243,10496,10470,Sm.,27634,4509,Malva pusilla,,1,,,,,,,
10243,10496,10470,L.,27637,4509,Malva verticillata,,1,,,,,,,
10243,10496,10470,C.B.Clarke,137567,4516,Mandragora caulescens,,1,,,,,,,
10243,10496,10470,(Finet & Gagnep.) Hu,147953,4484,Magnolia duclouxii,,1,,,,,,,
10243,10496,10470,(Oliv.) Hu,27428,4484,Magnolia fordiana,,1,,,,,,,
10243,10496,10470,Wall.,122353,4484,Magnolia insignis,,1,,,,,,,
10243,10496,10470,(Hu) Noot.,219633,4484,Magnolia patungensis,,1,,,,,,,
10243,10496,10470,V.S.Kumar,147962,4484,Magnolia figlarii,,1,,,,,,,
10243,10496,10470,Harry Sm.,318285,15121,Mannagettaea labiata,,1,,,,,,,
10243,10496,10470,(Hook.) den Baaker & Mabb.,449924,4291,Leucosyke puya,,1,,,,,,,
10243,10496,10470,L.,124111,9760,Marchantia polymorpha,,1,,,,,,,
10243,10496,10470,L.,12974,2661,Cyperus squarrosus,,1,,,,,,,
10243,10496,10470,Retz.,12841,2661,Cyperus compactus,,1,,,,,,,
10243,10496,10470,(Retz.) Valck.Sur.,12854,2661,Cyperus cyperinus,,1,,,,,,,
10243,10496,10470,(L.) Kuntze,12855,2661,Cyperus cyperoides,,1,,,,,,,
10243,10496,10470,Dunn,454925,4959,Nepeta complanata,,1,,,,,,,
10243,10496,10470,L.,27829,4553,Marrubium vulgare,,1,,,,,,,
10243,10496,10470,Y.Tsiang & P.T.Li,317268,4554,Marsdenia officinalis,,1,,,,,,,
10243,10496,10470,W.W.Sm.,137571,4554,Marsdenia oreophila,,1,,,,,,,
10243,10496,10470,Hand.-Mazz.,320995,4554,Marsdenia pulchella,,1,,,,,,,
10243,10496,10470,Tsiang,27864,4554,Marsdenia schneideri,,1,,,,,,,
10243,10496,10470,Hemsl.,317269,4554,Marsdenia sinensis,,1,,,,,,,
10243,10496,10470,Hand.-Mazz.,320996,4554,Marsdenia stenantha,,1,,,,,,,
10243,10496,10470,R.Br.,27868,4554,Marsdenia tinctoria,,1,,,,,,,
10243,10496,10470,(H.Lév.) Woodson,318286,4554,Marsdenia yunnanensis,,1,,,,,,,
10243,10496,10470,L.,27888,4555,Marsilea quadrifolia,,1,,,,,,,
10243,10496,10470,L.,27945,4567,Matricaria chamomilla,,1,,,,,,,
10243,10496,10470,(L.) Roth,441094,5106,Onoclea struthiopteris,,1,,,,,,,
10243,10496,10470,W.W.Sm.,320997,3611,Gymnosporia berberoides,,1,,,,,,,
10243,10496,10470,(C.Y.Chang) Q.R.Liu & Funston,320998,3611,Gymnosporia jinyangensis,,1,,,,,,,
10243,10496,10470,Wall. ex M.A.Lawson,320999,3611,Gymnosporia royleana,,1,,,,,,,
10243,10496,10470,(Hemsl.) Loes.,318287,3611,Gymnosporia variabilis,,1,,,,,,,
10243,10496,10470,Hand.-Mazz.,137572,877,Mazus celsioides,,1,,,,,,,
10243,10496,10470,Bonati,28028,877,Mazus fauriei,,1,,,,,,,
10243,10496,10470,Hemsl.,316928,877,Mazus gracilis,,1,,,,,,,
10243,10496,10470,Hand.-Mazz.,137573,877,Mazus humilis,,1,,,,,,,
10243,10496,10470,Bonati,321000,877,Mazus lecomtei,,1,,,,,,,
10243,10496,10470,Makino,28029,877,Mazus miquelii,,1,,,,,,,
10243,10496,10470,H.L.Li,319788,877,Mazus omeiensis,,1,,,,,,,
10243,10496,10470,Hemsl.,318288,877,Mazus pulchellus,,1,,,,,,,
10243,10496,10470,(Burm.f.) Steenis,28032,877,Mazus pumilus,,1,,,,,,,
10243,10496,10470,P.C.Tsoong & H.P.Yang,317006,877,Mazus solanifolius,,1,,,,,,,
10243,10496,10470,Vaniot,317489,877,Mazus spicatus,,1,,,,,,,
10243,10496,10470,(Turcz.) Maxim.,28034,877,Mazus stachydifolius,,1,,,,,,,
10243,10496,10470,Hook. & Grev.,22707,3901,Hymenophyllum badium,,1,,,,,,,
10243,10496,10470,Christ,317802,3901,Hymenophyllum corrugatum,,1,,,,,,,
10243,10496,10470,Wall. ex Hook.,22730,3901,Hymenophyllum exsertum,,1,,,,,,,
10243,10496,10470,D.Don,22803,3901,Hymenophyllum tenellum,,1,,,,,,,
10243,10496,10470,C.B.Clarke,321002,3901,Hymenophyllum levingei,,1,,,,,,,
10243,10496,10470,(Ching & Chiu) K.Iwats.,397600,3901,Hymenophyllum longissimum,,1,,,,,,,
10243,10496,10470,(Sw.) Sw.,22781,3901,Hymenophyllum polyanthos,,1,,,,,,,
10243,10496,10470,(Bureau & Franch.) Grey-Wilson,451456,20358,Cathcartia chelidoniifolia,,1,,,,,,,
10243,10496,10470,Prain,321003,9183,Meconopsis concinna,,1,,,,,,,
10243,10496,10470,(Franch.) Franch. ex Prain,321004,9183,Meconopsis delavayi,,1,,,,,,,
10243,10496,10470,Prain,321005,9183,Meconopsis forrestii,,1,,,,,,,
10243,10496,10470,G.Taylor,321006,9183,Meconopsis georgei,,1,,,,,,,
10243,10496,10470,Hook.f. & Thomson,122358,9183,Meconopsis horridula,,1,,,,,,,
10243,10496,10470,Prain,122359,9183,Meconopsis impedita,,1,,,,,,,
10243,10496,10470,(Maxim.) Franch.,148231,9183,Meconopsis integrifolia,,1,,,,,,,
10243,10496,10470,(Franch.) Franch. ex Prain,137575,9183,Meconopsis lancifolia,,1,,,,,,,
10243,10496,10470,DC.,451457,9183,Meconopsis napaulensis,,1,,,,,,,
10243,10496,10470,(Franch. ex Prain) Grey-Wilson,460867,20358,Cathcartia oliveriana,,1,,,,,,,
10243,10496,10470,Maxim.,321007,9183,Meconopsis punicea,,1,,,,,,,
10243,10496,10470,Regel,318289,9183,Meconopsis quintuplinervia,,1,,,,,,,
10243,10496,10470,Maxim.,137577,9183,Meconopsis racemosa,,1,,,,,,,
10243,10496,10470,(D.Don) G.Don,138819,9183,Meconopsis simplicifolia,,1,,,,,,,
10243,10496,10470,Prain,137579,9183,Meconopsis speciosa,,1,,,,,,,
10243,10496,10470,irj.,316623,4588,Medicago archiducis-nicolai,,1,,,,,,,
10243,10496,10470,L.,28079,4588,Medicago falcata,,1,,,,,,,
10243,10496,10470,L.,28085,4588,Medicago lupulina,,1,,,,,,,
10243,10496,10470,(L.) Bartal.,28087,4588,Medicago minima,,1,,,,,,,
10243,10496,10470,(L.) Trautv.,148236,4588,Medicago ruthenica,,1,,,,,,,
10243,10496,10470,(H.Wolff) Constance & F.T.Pu ex S.L.Liou,321008,9824,Meeboldia yunnanensis,,1,,,,,,,
10243,10496,10470,(Hemsl.) C.Y.Wu,186846,11810,Meehania faberi,,1,,,,,,,
10243,10496,10470,(H.Lév.) C.Y.Wu,137581,11810,Meehania fargesii,,1,,,,,,,
10243,10496,10470,(Hemsl.) Y.Z.Sun ex C.Y.Wu,186847,11810,Meehania henryi,,1,,,,,,,
10243,10496,10470,(Miq.) Makino,124330,11810,Meehania urticifolia,,1,,,,,,,
10243,10496,10470,Franch.,321009,10873,Megacarpaea delavayi,,1,,,,,,,
10243,10496,10470,(C.B.Clarke) Harry Sm.,451459,20359,Megacodon stylophorus,,1,,,,,,,
10243,10496,10470,(Hemsl.) Harry Sm.,461068,20359,Megacodon venosus,,1,,,,,,,
10243,10496,10470,Maxim.,321010,15172,Megadenia pygmaea,,1,,,,,,,
10243,10496,10470,Dahl ex Diels,423634,4604,Melampyrum chinense,,1,,,,,,,
10243,10496,10470,Maxim.,124331,4604,Melampyrum roseum,,1,,,,,,,
10243,10496,10470,H.Boissieu,317490,15110,Melanosciadium pimpinelloideum,,1,,,,,,,
10243,10496,10470,Lour.,28248,4615,Melastoma dodecandrum,,1,,,,,,,
10243,10496,10470,L.,28251,4615,Melastoma malabathricum,,1,,,,,,,
10243,10496,10470,L.,28251,4615,Melastoma malabathricum,,1,,,,,,,
10243,10496,10470,L.,28261,4617,Melia azedarach,,1,,,,,,,
10243,10496,10470,L.,28273,4619,Melica nutans,,1,,,,,,,
10243,10496,10470,Z.L.Wu,227296,4619,Melica longiligulata,,1,,,,,,,
10243,10496,10470,Franch. & Sav.,124381,4619,Melica onoei,,1,,,,,,,
10243,10496,10470,Roshev.,227300,4619,Melica przewalskyi,,1,,,,,,,
10243,10496,10470,Franch.,227301,4619,Melica radula,,1,,,,,,,
10243,10496,10470,Trin.,227304,4619,Melica scabrosa,,1,,,,,,,
10243,10496,10470,W.Hempel,227306,4619,Melica schuetzeana,,1,,,,,,,
10243,10496,10470,Regel,227307,4619,Melica secunda,,1,,,,,,,
10243,10496,10470,Tzvelev,227309,4619,Melica tangutorum,,1,,,,,,,
10243,10496,10470,Roshev.,227312,4619,Melica tibetica,,1,,,,,,,
10243,10496,10470,Ohwi,102434,4619,Melica turczaninowiana,,1,,,,,,,
10243,10496,10470,Turcz. ex Trin.,227313,4619,Melica virgata,,1,,,,,,,
10243,10496,10470,Z.L.Wu,227314,4619,Melica yajiangensis,,1,,,,,,,
10243,10496,10470,(Champ. ex Benth.) T.G.Hartley,28344,4623,Melicope pteleifolia,,1,,,,,,,
10243,10496,10470,(Waldst. & Kit.) Desf.,48123,4625,Melilotus dentatus,,1,,,,,,,
10243,10496,10470,(Schltdl.) Walp.,121678,4627,Meliosma alba,,1,,,,,,,
10243,10496,10470,Merr.,28400,4627,Meliosma angustifolia,,1,,,,,,,
10243,10496,10470,Franch.,137585,4627,Meliosma cuneifolia,,1,,,,,,,
10243,10496,10470,(Wall. ex Wight & Arn.) Walp.,137586,4627,Meliosma dilleniifolia,,1,,,,,,,
10243,10496,10470,Pamp.,148408,4627,Meliosma flexuosa,,1,,,,,,,
10243,10496,10470,Diels,290567,4627,Meliosma henryi,,1,,,,,,,
10243,10496,10470,Hemsl. & E.H.Wilson,318290,4627,Meliosma kirkii,,1,,,,,,,
10243,10496,10470,Siebold & Zucc.,124429,4627,Meliosma myriantha,,1,,,,,,,
10243,10496,10470,Maxim.,148412,4627,Meliosma oldhamii,,1,,,,,,,
10243,10496,10470,Lecomte,148413,4627,Meliosma parviflora,,1,,,,,,,
10243,10496,10470,Maxim.,148414,4627,Meliosma rhoifolia,,1,,,,,,,
10243,10496,10470,King ex Brandis,121680,4627,Meliosma thomsonii,,1,,,,,,,
10243,10496,10470,Lecomte,28418,4627,Meliosma thorelii,,1,,,,,,,
10243,10496,10470,Hemsl.,148417,4627,Meliosma veitchiorum,,1,,,,,,,
10243,10496,10470,Franch.,137587,4627,Meliosma yunnanensis,,1,,,,,,,
10243,10496,10470,(Benth.) Bakh.f.,28419,4628,Melissa axillaris,,1,,,,,,,
10243,10496,10470,Hand.-Mazz.,148419,13090,Melliodendron xylocarpum,,1,,,,,,,
10243,10496,10470,L.,28434,4631,Melochia corchorifolia,,1,,,,,,,
10243,10496,10470,Champ. ex Benth.,28458,4632,Melodinus fusiformis,,1,,,,,,,
10243,10496,10470,Champ. ex Benth.,28458,4632,Melodinus fusiformis,,1,,,,,,,
10243,10496,10470,DC.,124276,8247,Menispermum dauricum,,1,,,,,,,
10243,10496,10470,(L.) L.,28512,4637,Mentha longifolia,,1,,,,,,,
10243,10496,10470,L.,28509,4637,Mentha canadensis,,1,,,,,,,
10243,10496,10470,L.,28509,4637,Mentha canadensis,,1,,,,,,,
10243,10496,10470,L.,28529,4639,Menyanthes trifoliata,,1,,,,,,,
10243,10496,10470,Siebold & Zucc.,28533,4640,Mercurialis leiocarpa,,1,,,,,,,
10243,10496,10470,(Gagnep.) A.R.Simões & Staples,441148,19636,Decalobanthus boisianus,,1,,,,,,,
10243,10496,10470,R.C.Fang,165558,4644,Merremia cordata,,1,,,,,,,
10243,10496,10470,(Burm.f.) Hallier f.,28564,4644,Merremia hederacea,,1,,,,,,,
10243,10496,10470,(L.) Merr.,28565,4644,Merremia hirta,,1,,,,,,,
10243,10496,10470,(H.Lév.) Staples & Simões,454002,4644,Merremia martini,,1,,,,,,,
10243,10496,10470,(L.) Hallier f.,28570,4644,Merremia sibirica,,1,,,,,,,
10243,10496,10470,(Elmer) A.R.Simões & Staples,454000,19636,Decalobanthus similis,,1,,,,,,,
10243,10496,10470,(L.) A.R.Simões & Staples,425295,16921,Camonea umbellata,,1,,,,,,,
10243,10496,10470,(Burm.f.) A.R.Simões & Staples,441155,16921,Camonea vitifolia,,1,,,,,,,
10243,10496,10470,(Courchet & Gagnep.) R.C.Fang,165548,4644,Merremia yunnanensis,,1,,,,,,,
10243,10496,10470,(Franch.) J.Wen & Frodin,137639,12463,Metapanax davidii,,1,,,,,,,
10243,10496,10470,(Franch.) J.Wen & Frodin,137640,12463,Metapanax delavayi,,1,,,,,,,
10243,10496,10470,(Oliv.) Liede & Khanum,460688,2651,Cynanchum hemsleyanum,,1,,,,,,,
10243,10496,10470,(Turcz.) Liede & Khanum,441169,2651,Cynanchum rostellatum,,1,,,,,,,
10243,10496,10470,(Christ) Rödl-Linder,458052,3528,Goniophlebium manmeiense,,1,,,,,,,
10243,10496,10470,Hu & W.C.Cheng,148469,13095,Metasequoia glyptostroboides,,1,,,,,,,
10243,10496,10470,(H.Itô) Tagawa,442795,6763,Thelypteris hattorii,,1,,,,,,,
10243,10496,10470,(Franch. & Sav.) Ching,441198,6763,Thelypteris laxa,,1,,,,,,,
10243,10496,10470,(DC.) Figlar,293096,4484,Magnolia × alba,,1,,,,,,,
10243,10496,10470,(Finet & Gagnep.) Figlar,27411,4484,Magnolia cavaleriei,,1,,,,,,,
10243,10496,10470,(Finet & Gagnep.) Figlar,27411,4484,Magnolia cavaleriei,,1,,,,,,,
10243,10496,10470,(Dandy) Sima,27414,4484,Magnolia chapensis,,1,,,,,,,
10243,10496,10470,(Buch.-Ham. ex DC.) Figlar,27420,4484,Magnolia doltsopa,,1,,,,,,,
10243,10496,10470,(Lour.) DC.,27425,4484,Magnolia figo,,1,,,,,,,
10243,10496,10470,(Finet & Gagnep.) Figlar,27427,4484,Magnolia floribunda,,1,,,,,,,
10243,10496,10470,(Merr. ex Dandy) Figlar,27429,4484,Magnolia foveolata,,1,,,,,,,
10243,10496,10470,(Dandy) Figlar,207884,4484,Magnolia leveilleana,,1,,,,,,,
10243,10496,10470,(Dandy) Figlar,27436,4484,Magnolia macclurei,,1,,,,,,,
10243,10496,10470,H.Lév.,125222,4484,Magnolia martini,,1,,,,,,,
10243,10496,10470,(Dandy) Figlar,27438,4484,Magnolia mediocris,,1,,,,,,,
10243,10496,10470,(Chun) Figlar & Noot.,27441,4484,Magnolia odora,,1,,,,,,,
10243,10496,10470,(Lour.) DC.,27425,4484,Magnolia figo,,1,,,,,,,
10243,10496,10470,Figlar,148498,4484,Magnolia ernestii,,1,,,,,,,
10243,10496,10470,Figlar,148498,4484,Magnolia ernestii,,1,,,,,,,
10243,10496,10470,(Y.W.Law & Y.F.Wu) Noot.,148499,4484,Magnolia laevifolia,,1,,,,,,,
10243,10496,10470,I.M.Johnst.,138824,12507,Microcaryum pygmaeum,,1,,,,,,,
10243,10496,10470,(L.f.) P.Beauv.,28874,4686,Microchloa indica,,1,,,,,,,
10243,10496,10470,(Lam.) Kuntze,28887,4693,Microglossa pyrifolia,,1,,,,,,,
10243,10496,10470,Hook.f.,70470,9144,Microgynoecium tibeticum,,1,,,,,,,
10243,10496,10470,Hayata,28907,4696,Microlepia obtusiloba,,1,,,,,,,
10243,10496,10470,(Wall. ex Hook.) C.Presl,28898,4696,Microlepia calvescens,,1,,,,,,,
10243,10496,10470,"(Spreng.) Fraser-Jenk., Kandel & Pariyar",433610,4696,Microlepia nepalensis,,1,,,,,,,
10243,10496,10470,(Thunb.) C.Presl,28916,4696,Microlepia strigosa,,1,,,,,,,
10243,10496,10470,(Panz.) C.Chr.,28906,4696,Microlepia marginata,,1,,,,,,,
10243,10496,10470,Makino,28909,4696,Microlepia pseudostrigosa,,1,,,,,,,
10243,10496,10470,(L.) T.Moore,28915,4696,Microlepia speluncae,,1,,,,,,,
10243,10496,10470,Makino,28909,4696,Microlepia pseudostrigosa,,1,,,,,,,
10243,10496,10470,(Hook.) C.Presl ex Prantl,28911,4696,Microlepia rhomboidea,,1,,,,,,,
10243,10496,10470,(Thunb.) C.Presl,28916,4696,Microlepia strigosa,,1,,,,,,,
10243,10496,10470,(Hieron.) Ching,458055,3553,Grammitis sikkimensis,,1,,,,,,,
10243,10496,10470,"(T.Moore) Bosman ex Fraser-Jenk., Pariyar & Kandel",441239,4927,Neocheiropteris fortuni,,1,,,,,,,
10243,10496,10470,(Blume) Copel.,439367,4708,Microsorum insigne,,1,,,,,,,
10243,10496,10470,(D.Don) Testo,441243,20062,Bosmania membranacea,,1,,,,,,,
10243,10496,10470,(L.) Copel.,28998,4708,Microsorum punctatum,,1,,,,,,,
10243,10496,10470,(Blume) Fraser-Jenk.,45530,6892,Tricholepidium superficiale,,1,,,,,,,
10243,10496,10470,(S.L.Zhong) S.M.Phillips & S.L.Chen,159999,4711,Microstegium batangense,,1,,,,,,,
10243,10496,10470,(L.) Henrard,29008,4711,Microstegium fasciculatum,,1,,,,,,,
10243,10496,10470,(Trin.) A.Camus,29012,4711,Microstegium nudum,,1,,,,,,,
10243,10496,10470,(Trin.) A.Camus,29014,4711,Microstegium vimineum,,1,,,,,,,
10243,10496,10470,Prain,137590,4717,Microtoena delavayi,,1,,,,,,,
10243,10496,10470,Prain,137590,4717,Microtoena delavayi,,1,,,,,,,
10243,10496,10470,(Hance) Prain ex Briq.,29035,4717,Microtoena insuavis,,1,,,,,,,
10243,10496,10470,(Franch.) Prain,29036,4717,Microtoena moupinensis,,1,,,,,,,
10243,10496,10470,C.Y.Wu & H.W.Li,186938,4717,Microtoena miyiensis,,1,,,,,,,
10243,10496,10470,(Franch.) Prain,29036,4717,Microtoena moupinensis,,1,,,,,,,
10243,10496,10470,C.Y.Wu,137591,4717,Microtoena muliensis,,1,,,,,,,
10243,10496,10470,C.Y.Wu & S.J.Hsuan,148565,4717,Microtoena omeiensis,,1,,,,,,,
10243,10496,10470,(C.B.Clarke ex Hook.f.) C.Y.Wu & S.J.Hsuan,186941,4717,Microtoena patchoulii,,1,,,,,,,
10243,10496,10470,Diels,186943,4717,Microtoena praineana,,1,,,,,,,
10243,10496,10470,Hemsl.,186944,4717,Microtoena robusta,,1,,,,,,,
10243,10496,10470,Hemsl.,186945,4717,Microtoena urticifolia,,1,,,,,,,
10243,10496,10470,Merr. & F.P.Metcalf,29041,4719,Microtropis gracilipes,,1,,,,,,,
10243,10496,10470,(Hand.-Mazz.) Hand.-Mazz.,318916,4719,Microtropis osmanthoides,,1,,,,,,,
10243,10496,10470,Merr. & F.L.Freeman,317621,4719,Microtropis triflora,,1,,,,,,,
10243,10496,10470,Y.M.Shui & W.H.Chen,321014,4719,Microtropis wui,,1,,,,,,,
10243,10496,10470,(H.Lév.) Y.F.Deng,441259,4719,Microtropis chaffanjonii,,1,,,,,,,
10243,10496,10470,(T.Yamaz.) H.Hara,137594,9148,Microula bhutanica,,1,,,,,,,
10243,10496,10470,(Bureau & Franch.) I.M.Johnst.,321015,9148,Microula ciliaris,,1,,,,,,,
10243,10496,10470,(Maxim.) I.M.Johnst.,321016,9148,Microula diffusa,,1,,,,,,,
10243,10496,10470,W.T.Wang,317277,9148,Microula efoveolata,,1,,,,,,,
10243,10496,10470,W.T.Wang,321017,9148,Microula floribunda,,1,,,,,,,
10243,10496,10470,W.T.Wang,321018,9148,Microula involucriformis,,1,,,,,,,
10243,10496,10470,W.T.Wang,317278,9148,Microula longipes,,1,,,,,,,
10243,10496,10470,W.T.Wang,321019,9148,Microula muliensis,,1,,,,,,,
10243,10496,10470,(Franch.) I.M.Johnst.,321020,9148,Microula myosotidea,,1,,,,,,,
10243,10496,10470,Hand.-Mazz.,321021,9148,Microula oblongifolia,,1,,,,,,,
10243,10496,10470,(Bureau & Franch.) I.M.Johnst.,321022,9148,Microula ovalifolia,,1,,,,,,,
10243,10496,10470,W.T.Wang,321023,9148,Microula pseudotrichocarpa,,1,,,,,,,
10243,10496,10470,(C.B.Clarke) Duthie,138826,9148,Microula pustulosa,,1,,,,,,,
10243,10496,10470,(C.B.Clarke) Hemsl.,70494,9148,Microula sikkimensis,,1,,,,,,,
10243,10496,10470,W.T.Wang,321024,9148,Microula stenophylla,,1,,,,,,,
10243,10496,10470,Maxim.,321025,9148,Microula tangutica,,1,,,,,,,
10243,10496,10470,Benth.,70495,9148,Microula tibetica,,1,,,,,,,
10243,10496,10470,(Maxim.) I.M.Johnst.,321026,9148,Microula trichocarpa,,1,,,,,,,
10243,10496,10470,W.T.Wang,321027,9148,Microula turbinata,,1,,,,,,,
10243,10496,10470,Duthie,321028,9148,Microula younghusbandii,,1,,,,,,,
10243,10496,10470,L.,29095,4725,Milium effusum,,1,,,,,,,
10243,10496,10470,(T.C.Chen) Z.Wei & Pedley,460809,1927,Callerya congestiflora,,1,,,,,,,
10243,10496,10470,Benth.,29107,4728,Millettia pachycarpa,,1,,,,,,,
10243,10496,10470,Dunn,318650,4728,Millettia velutina,,1,,,,,,,
10243,10496,10470,P.C.Tsoong,323052,15173,Mimulicalyx rosulatus,,1,,,,,,,
10243,10496,10470,(Vaniot) G.L.Nesom,451462,10912,Erythranthe bodinieri,,1,,,,,,,
10243,10496,10470,(P.C.Tsoong) G.L.Nesom,460782,10912,Erythranthe bracteosa,,1,,,,,,,
10243,10496,10470,(Y.Y.Pai) G.L.Nesom,451463,10912,Erythranthe szechuanensis,,1,,,,,,,
10243,10496,10470,(Bunge) G.L.Nesom,458445,10912,Erythranthe tenella,,1,,,,,,,
10243,10496,10470,(P.C.Tsoong & H.P.Yang) G.L.Nesom,461230,10912,Erythranthe tibetica,,1,,,,,,,
10243,10496,10470,(L.) Rchb.,441280,11078,Sabulina verna,,1,,,,,,,
10243,10496,10470,(Labill.) Warb. ex K.Schum. & Lauterb.,29197,4739,Miscanthus floridulus,,1,,,,,,,
10243,10496,10470,(Trin.) Hack.,29198,4739,Miscanthus nepalensis,,1,,,,,,,
10243,10496,10470,(Griseb.) Hack.,138828,4739,Miscanthus nudipes,,1,,,,,,,
10243,10496,10470,(Maxim.) Benth. & Hook.f. ex Franch.,63522,4739,Miscanthus sacchariflorus,,1,,,,,,,
10243,10496,10470,Andersson,29199,4739,Miscanthus sinensis,,1,,,,,,,
10243,10496,10470,Benth.,137597,4749,Mitreola pedicellata,,1,,,,,,,
10243,10496,10470,"Brouillet, Semple & Y.L.Chen",450634,1522,Aster pseudosimplex,,1,,,,,,,
10243,10496,10470,Nees ex Steud.,449752,6058,Rottboellia striata,,1,,,,,,,
10243,10496,10470,(L.) Clairv.,29263,4755,Moehringia trinervia,,1,,,,,,,
10243,10496,10470,(L.) Thulin,441306,20067,Trigastrotheca stricta,,1,,,,,,,
10243,10496,10470,(Lour.) Spreng.,29295,4765,Momordica cochinchinensis,,1,,,,,,,
10243,10496,10470,(Maxim. ex Makino) Hayata,441308,4766,Monachosorum × flagellare,,1,,,,,,,
10243,10496,10470,(Blume) Kuhn,441309,4766,Monachosorum subdigitatum,,1,,,,,,,
10243,10496,10470,(L.) A.Gray,29317,4773,Moneses uniflora,,1,,,,,,,
10243,10496,10470,L.,441311,5723,Pontederia hastata,,1,,,,,,,
10243,10496,10470,(Regel & Maack) M.Pell. & C.N.Horn,451464,5723,Pontederia korsakowii,,1,,,,,,,
10243,10496,10470,Burm.f.,441312,5723,Pontederia vaginalis,,1,,,,,,,
10243,10496,10470,L.,29341,4785,Monotropa hypopitys,,1,,,,,,,
10243,10496,10470,L.,29342,4785,Monotropa uniflora,,1,,,,,,,
10243,10496,10470,(D.Don) H.Hara,29343,4786,Monotropastrum humile,,1,,,,,,,
10243,10496,10470,Y.Y.Pai,311266,9023,Morina chinensis,,1,,,,,,,
10243,10496,10470,Diels,321032,9023,Morina chlorantha,,1,,,,,,,
10243,10496,10470,K.S.Hao,321033,9023,Morina kokonorica,,1,,,,,,,
10243,10496,10470,D.Don,318920,9023,Morina nepalensis,,1,,,,,,,
10243,10496,10470,L.,29397,4802,Morinda citrifolia,,1,,,,,,,
10243,10496,10470,(S.Y.Hu) Razafim. & B.Bremer,441324,3615,Gynochthodes howiana,,1,,,,,,,
10243,10496,10470,(S.Y.Hu) Razafim. & B.Bremer,453911,3615,Gynochthodes hupehensis,,1,,,,,,,
10243,10496,10470,(L.) L'Hér. ex Vent.,5951,1844,Broussonetia papyrifera,,1,,,,,,,
10243,10496,10470,Miq.,121291,4807,Morus macroura,,1,,,,,,,
10243,10496,10470,(Bureau) C.K.Schneid.,137600,4807,Morus mongolica,,1,,,,,,,
10243,10496,10470,C.K.Schneid.,137601,4807,Morus notabilis,,1,,,,,,,
10243,10496,10470,(S.S.Chang) Z.Y.Cao,321034,4807,Morus trilobata,,1,,,,,,,
10243,10496,10470,Hand.-Mazz.,317805,4807,Morus wittiorum,,1,,,,,,,
10243,10496,10470,H.Lév.,29463,4809,Mosla cavaleriei,,1,,,,,,,
10243,10496,10470,Maxim.,148720,4809,Mosla chinensis,,1,,,,,,,
10243,10496,10470,(Buch.-Ham. ex Roxb.) Maxim.,29464,4809,Mosla dianthera,,1,,,,,,,
10243,10496,10470,(C.Y.Wu) C.Y.Wu & H.W.Li,188575,4809,Mosla pauciflora,,1,,,,,,,
10243,10496,10470,(Thunb.) C.Y.Wu & H.W.Li,29465,4809,Mosla scabra,,1,,,,,,,
10243,10496,10470,Matsuda,29466,4809,Mosla soochouensis,,1,,,,,,,
10243,10496,10470,W.W.Sm.,321035,4812,Mucuna calophylla,,1,,,,,,,
10243,10496,10470,(L.) DC.,29495,4812,Mucuna pruriens,,1,,,,,,,
10243,10496,10470,Hemsl.,122376,4812,Mucuna sempervirens,,1,,,,,,,
10243,10496,10470,(Ohwi) Ohwi,29514,4817,Muhlenbergia curviaristata,,1,,,,,,,
10243,10496,10470,(Hack.) Makino,226487,4817,Muhlenbergia hakonensis,,1,,,,,,,
10243,10496,10470,Hack. ex Hook.f.,80039,4817,Muhlenbergia himalayensis,,1,,,,,,,
10243,10496,10470,Trin.,70841,4817,Muhlenbergia huegelii,,1,,,,,,,
10243,10496,10470,Steud.,29515,4817,Muhlenbergia japonica,,1,,,,,,,
10243,10496,10470,(Hack.) Makino,29518,4817,Muhlenbergia ramosa,,1,,,,,,,
10243,10496,10470,L.,439532,2596,Cucumis maderaspatanus,,1,,,,,,,
10243,10496,10470,(Wall.) W.Theob.,29524,4820,Munronia pinnata,,1,,,,,,,
10243,10496,10470,Oliv.,29525,4820,Munronia unifoliolata,,1,,,,,,,
10243,10496,10470,(C.B.Clarke) G.Brückn.,29528,4822,Murdannia divergens,,1,,,,,,,
10243,10496,10470,(C.B.Clarke) G.Brückn.,208094,4822,Murdannia hookeri,,1,,,,,,,
10243,10496,10470,(Hassk.) Hand.-Mazz.,29532,4822,Murdannia keisak,,1,,,,,,,
10243,10496,10470,(Hassk.) R.S.Rao & Kammathy,29533,4822,Murdannia loriformis,,1,,,,,,,
10243,10496,10470,(L.) Brenan,29535,4822,Murdannia nudiflora,,1,,,,,,,
10243,10496,10470,(Vahl) Brenan,29536,4822,Murdannia simplex,,1,,,,,,,
10243,10496,10470,(Diels) Hand.-Mazz.,208101,4822,Murdannia stenothyrsa,,1,,,,,,,
10243,10496,10470,(Wall. ex C.B.Clarke) G.Brückn.,29539,4822,Murdannia triquetra,,1,,,,,,,
10243,10496,10470,(L.) Jack,29547,4823,Murraya paniculata,,1,,,,,,,
10243,10496,10470,Colla,29555,4824,Musa acuminata,,1,,,,,,,
10243,10496,10470,Colla,29556,4824,Musa balbisiana,,1,,,,,,,
10243,10496,10470,(Franch.) C.Y.Wu ex H.W.Li,441341,20069,Musella lasiocarpa,,1,,,,,,,
10243,10496,10470,H.Li,137603,4828,Mussaenda decipiens,,1,,,,,,,
10243,10496,10470,Hutch.,122379,4828,Mussaenda divaricata,,1,,,,,,,
10243,10496,10470,Hutch.,188624,4828,Mussaenda elliptica,,1,,,,,,,
10243,10496,10470,Champ. ex Benth.,29582,4828,Mussaenda erosa,,1,,,,,,,
10243,10496,10470,Makino,29599,4828,Mussaenda shikokiana,,1,,,,,,,
10243,10496,10470,Wall.,29591,4828,Mussaenda macrophylla,,1,,,,,,,
10243,10496,10470,Miq.,29594,4828,Mussaenda parviflora,,1,,,,,,,
10243,10496,10470,Dryand.,29596,4828,Mussaenda pubescens,,1,,,,,,,
10243,10496,10470,Hand.-Mazz.,137606,4828,Mussaenda simpliciloba,,1,,,,,,,
10243,10496,10470,F.W.Schmidt,29649,4839,Myosotis alpestris,,1,,,,,,,
10243,10496,10470,Lehm.,29678,4839,Myosotis laxa,,1,,,,,,,
10243,10496,10470,(L.) Scop.,42763,6523,Stellaria aquatica,,1,,,,,,,
10243,10496,10470,Gagnep.,321036,4845,Myriactis delavayi,,1,,,,,,,
10243,10496,10470,Less.,56706,4845,Myriactis nepalensis,,1,,,,,,,
10243,10496,10470,Less.,79950,4845,Myriactis wallichii,,1,,,,,,,
10243,10496,10470,DC.,137612,4845,Myriactis wightii,,1,,,,,,,
10243,10496,10470,Buch.-Ham. ex D.Don,29766,4847,Myrica esculenta,,1,,,,,,,
10243,10496,10470,A.Chev.,318922,4847,Myrica nana,,1,,,,,,,
10243,10496,10470,(Lour.) Siebold & Zucc.,29776,4847,Myrica rubra,,1,,,,,,,
10243,10496,10470,Royle,452488,4849,Myricaria bracteata,,1,,,,,,,
10243,10496,10470,(Franch.) P.Y.Zhang & Y.J.Zhang,148758,4849,Myricaria laxiflora,,1,,,,,,,
10243,10496,10470,P.Y.Zhang & Y.J.Zhang,316464,4849,Myricaria paniculata,,1,,,,,,,
10243,10496,10470,Hook.f. & Thomson,316465,4849,Myricaria prostrata,,1,,,,,,,
10243,10496,10470,W.W.Sm.,138439,4849,Myricaria rosea,,1,,,,,,,
10243,10496,10470,Desv.,451465,4849,Myricaria squamosa,,1,,,,,,,
10243,10496,10470,C.Marquand,321037,4849,Myricaria wardii,,1,,,,,,,
10243,10496,10470,(Hemsl.) Razafim. & B.Bremer,450231,4834,Mycetia faberi,,1,,,,,,,
10243,10496,10470,(R.Br. ex Kurz) Razafim. & B.Bremer,455045,4834,Mycetia nutans,,1,,,,,,,
10243,10496,10470,L.,29804,4853,Myriophyllum spicatum,,1,,,,,,,
10243,10496,10470,(Rolfe) T.Yukawa,441369,5068,Odontochilus chinensis,,1,,,,,,,
10243,10496,10470,(Hayata) T.Yukawa,441370,5068,Odontochilus drymoglossifolius,,1,,,,,,,
10243,10496,10470,L.,29855,4865,Myrsine africana,,1,,,,,,,
10243,10496,10470,(Mez) Pipoly & C.Chen,29876,4865,Myrsine faberi,,1,,,,,,,
10243,10496,10470,H.Lév.,29938,4865,Myrsine seguinii,,1,,,,,,,
10243,10496,10470,Wall.,29939,4865,Myrsine semiserrata,,1,,,,,,,
10243,10496,10470,(Koidz.) E.Walker,29942,4865,Myrsine stolonifera,,1,,,,,,,
10243,10496,10470,Lecomte,29962,4871,Mytilaria laosensis,,1,,,,,,,
10243,10496,10470,(Thunb.) Kuntze,29969,4875,Nageia nagi,,1,,,,,,,
10243,10496,10470,(A.Braun ex Engelm.) Magnus,29977,4876,Najas gracillima,,1,,,,,,,
10243,10496,10470,Thunb.,29990,4879,Nandina domestica,,1,,,,,,,
10243,10496,10470,Maxim.,316466,12508,Nannoglottis carpesioides,,1,,,,,,,
10243,10496,10470,(Franch.) Y.Ling & Y.L.Chen,321038,12508,Nannoglottis delavayi,,1,,,,,,,
10243,10496,10470,(C.Winkl.) Y.Ling & Y.L.Chen,148798,12508,Nannoglottis gynura,,1,,,,,,,
10243,10496,10470,Y.Ling & Y.L.Chen,321039,12508,Nannoglottis latisquama,,1,,,,,,,
10243,10496,10470,Blume,29991,4880,Nanocnide japonica,,1,,,,,,,
10243,10496,10470,Wedd.,29992,4880,Nanocnide lobata,,1,,,,,,,
10243,10496,10470,(Pall.) Bunge,295183,14586,Nanophyton erinaceum,,1,,,,,,,
10243,10496,10470,(D.Don) DC.,123584,11761,Nardostachys jatamansi,,1,,,,,,,
10243,10496,10470,(Hance) W.H.Lewis,30051,4901,Neanotis boerhavioides,,1,,,,,,,
10243,10496,10470,(L.f.) W.H.Lewis,30053,4901,Neanotis hirsuta,,1,,,,,,,
10243,10496,10470,(Wall. ex Hook.f.) W.H.Lewis,137614,4901,Neanotis ingrata,,1,,,,,,,
10243,10496,10470,(Merr. & F.P.Metcalf) W.H.Lewis,189496,4901,Neanotis kwangtungensis,,1,,,,,,,
10243,10496,10470,(Wall. ex Wight & Arn.) W.H.Lewis,137615,4901,Neanotis wightiana,,1,,,,,,,
10243,10496,10470,Hemsl.,137616,11658,Neillia affinis,,1,,,,,,,
10243,10496,10470,Franch.,321040,11658,Neillia gracilis,,1,,,,,,,
10243,10496,10470,Oliv.,137621,11658,Neillia sinensis,,1,,,,,,,
10243,10496,10470,D.Don,137619,11658,Neillia rubiflora,,1,,,,,,,
10243,10496,10470,H.L.Li,137620,11658,Neillia serratisepala,,1,,,,,,,
10243,10496,10470,Oliv.,137621,11658,Neillia sinensis,,1,,,,,,,
10243,10496,10470,Rehder,321041,11658,Neillia sparsiflora,,1,,,,,,,
10243,10496,10470,Bureau & Franch.,314194,11658,Neillia thibetica,,1,,,,,,,
10243,10496,10470,Gaertn.,30084,4911,Nelumbo nucifera,,1,,,,,,,
10243,10496,10470,B.Nord.,321042,4916,Nemosenecio yunnanensis,,1,,,,,,,
10243,10496,10470,(Baker) Christ,231480,4927,Neocheiropteris palmatopedata,,1,,,,,,,
10243,10496,10470,(Lecomte) H.Liu,137622,4928,Neocinnamomum delavayi,,1,,,,,,,
10243,10496,10470,(Lecomte) Kosterm.,460900,4928,Neocinnamomum fargesii,,1,,,,,,,
10243,10496,10470,(Thunb.) Beer,441424,7037,Vanda falcata,,1,,,,,,,
10243,10496,10470,(Thunb.) Ching,30112,4927,Neocheiropteris ensata,,1,,,,,,,
10243,10496,10470,(C.Presl) B.K.Nayar & S.Kaur,231479,4927,Neocheiropteris ovata,,1,,,,,,,
10243,10496,10470,(C.Presl) B.K.Nayar & S.Kaur,231479,4927,Neocheiropteris ovata,,1,,,,,,,
10243,10496,10470,(Hayata) Koidz.,30127,4936,Neolitsea aurata,,1,,,,,,,
10243,10496,10470,Yamam. & Kamik.,30130,4936,Neolitsea buisanensis,,1,,,,,,,
10243,10496,10470,(Hemsl.) Merr.,30133,4936,Neolitsea confertifolia,,1,,,,,,,
10243,10496,10470,C.K.Allen,30135,4936,Neolitsea ellipsoidea,,1,,,,,,,
10243,10496,10470,C.K.Allen,137627,4936,Neolitsea homilantha,,1,,,,,,,
10243,10496,10470,Merr.,30141,4936,Neolitsea levinei,,1,,,,,,,
10243,10496,10470,(D.Don) Momiy. & H.Hara,56551,4936,Neolitsea pallens,,1,,,,,,,
10243,10496,10470,H.Liu,293279,4936,Neolitsea polycarpa,,1,,,,,,,
10243,10496,10470,(Meisn.) Merr.,30147,4936,Neolitsea pulchella,,1,,,,,,,
10243,10496,10470,Y.C.Yang,461069,4936,Neolitsea purpurescens,,1,,,,,,,
10243,10496,10470,Y.C.Yang,137629,4936,Neolitsea sutchuanensis,,1,,,,,,,
10243,10496,10470,(Chun) Merr.,293281,4936,Neolitsea wushanica,,1,,,,,,,
10243,10496,10470,(Nees & T.Nees) Merr.,30151,4936,Neolitsea zeylanica,,1,,,,,,,
10243,10496,10470,(H.Lév.) Al-Shehbaz & Warwick,318654,3263,Eutrema violifolium,,1,,,,,,,
10243,10496,10470,(W.T.Wang) Al-Shehbaz & Warwick,451383,3263,Eutrema yungshunense,,1,,,,,,,
10243,10496,10470,(Pall.) Poljakov,295176,14585,Neopallasia pectinata,,1,,,,,,,
10243,10496,10470,(C.A.Mey.) B.L.Rob.,70663,1824,Braya humilis,,1,,,,,,,
10243,10496,10470,Schltr.,77444,4954,Neottia acuminata,,1,,,,,,,
10243,10496,10470,Tang & F.T.Wang,189585,4954,Neottia brevilabris,,1,,,,,,,
10243,10496,10470,(L.) Rchb.f.,189586,4954,Neottia camtschatea,,1,,,,,,,
10243,10496,10470,Lindl.,80022,4954,Neottia listeroides,,1,,,,,,,
10243,10496,10470,S.C.Chen,189593,4954,Neottia megalochila,,1,,,,,,,
10243,10496,10470,"(L.) Y.Tang, H.Peng & T.Yukawa",441431,11580,Hemipilia cucullata,,1,,,,,,,
10243,10496,10470,(W.W.Sm.) Y.Tang & H.Peng,461231,11580,Hemipilia calcicola,,1,,,,,,,
10243,10496,10470,(Rolfe ex Hemsl.) Y.Tang & H.Peng,455068,11580,Hemipilia camptoceras,,1,,,,,,,
10243,10496,10470,(Schltr.) Y.Tang & H.Peng,455069,11580,Hemipilia compacta,,1,,,,,,,
10243,10496,10470,"(L.) Y.Tang, H.Peng & T.Yukawa",441431,11580,Hemipilia cucullata,,1,,,,,,,
10243,10496,10470,(W.W.Sm.) Y.Tang & H.Peng,461231,11580,Hemipilia calcicola,,1,,,,,,,
10243,10496,10470,"(L.) Y.Tang, H.Peng & T.Yukawa",441431,11580,Hemipilia cucullata,,1,,,,,,,
10243,10496,10470,(K.Y.Lang) Y.Tang & H.Peng,455071,11580,Hemipilia ovata,,1,,,,,,,
10243,10496,10470,Christ,140708,1517,Asplenium antrophyoides,,1,,,,,,,
10243,10496,10470,D.Don,3910,1517,Asplenium phyllitidis,,1,,,,,,,
10243,10496,10470,Hook.,228792,1517,Asplenium simonsianum,,1,,,,,,,
10243,10496,10470,Pall.,70902,4959,Nepeta annua,,1,,,,,,,
10243,10496,10470,L.,30213,4959,Nepeta cataria,,1,,,,,,,
10243,10496,10470,Maxim.,30214,4959,Nepeta coerulescens,,1,,,,,,,
10243,10496,10470,Hemsl.,189669,4959,Nepeta fordii,,1,,,,,,,
10243,10496,10470,Oliv. ex Prain,189679,4959,Nepeta hemsleyana,,1,,,,,,,
10243,10496,10470,(D.Don) Hand.-Mazz.,56679,4959,Nepeta laevigata,,1,,,,,,,
10243,10496,10470,Benth.,70911,4959,Nepeta longibracteata,,1,,,,,,,
10243,10496,10470,H.Lév.,189732,4959,Nepeta prattii,,1,,,,,,,
10243,10496,10470,C.Y.Wu & S.J.Hsuan,189749,4959,Nepeta sessilis,,1,,,,,,,
10243,10496,10470,L.,30220,4959,Nepeta sibirica,,1,,,,,,,
10243,10496,10470,H.Lév.,189754,4959,Nepeta souliei,,1,,,,,,,
10243,10496,10470,Diels,189760,4959,Nepeta stewartiana,,1,,,,,,,
10243,10496,10470,C.Y.Wu,189770,4959,Nepeta sungpanensis,,1,,,,,,,
10243,10496,10470,Diels,189773,4959,Nepeta tenuiflora,,1,,,,,,,
10243,10496,10470,Benth.,138135,4959,Nepeta tenuifolia,,1,,,,,,,
10243,10496,10470,Duthie,189779,4959,Nepeta veitchii,,1,,,,,,,
10243,10496,10470,Duthie,189783,4959,Nepeta wilsonii,,1,,,,,,,
10243,10496,10470,(L.) C.Presl,30245,4965,Nephrolepis cordifolia,,1,,,,,,,
10243,10496,10470,Hayata,30285,4973,Nertera nigricarpa,,1,,,,,,,
10243,10496,10470,Hemsl.,137633,4973,Nertera sinensis,,1,,,,,,,
10243,10496,10470,(Blume) Schltr.,30289,4974,Nervilia concolor,,1,,,,,,,
10243,10496,10470,(Hance) Schltr.,30292,4974,Nervilia fordii,,1,,,,,,,
10243,10496,10470,(Andrews) Schltr.,30301,4974,Nervilia plicata,,1,,,,,,,
10243,10496,10470,Keng,149038,4993,Neyraudia montana,,1,,,,,,,
10243,10496,10470,(Kunth) Keng ex Hitchc.,30341,4993,Neyraudia reynaudiana,,1,,,,,,,
10243,10496,10470,Pall.,149052,5003,Nitraria sibirica,,1,,,,,,,
10243,10496,10470,Bobrov,149054,5003,Nitraria tangutorum,,1,,,,,,,
10243,10496,10470,Franch.,449930,4311,Lilium apertum,,1,,,,,,,
10243,10496,10470,(Franch.) Y.D.Gao,451469,4311,Lilium meleagrina,,1,,,,,,,
10243,10496,10470,(Franch.) Y.D.Gao,451470,4311,Lilium pardanthinum,,1,,,,,,,
10243,10496,10470,(Lour.) A.J.Paton,193757,5602,Platostoma cochinchinense,,1,,,,,,,
10243,10496,10470,(H.Lév.) Y.Yang & Bing Liu,428774,5479,Phoebe cavaleriei,,1,,,,,,,
10243,10496,10470,(J.Graham) Byng & Stull,441444,4531,Mappia nimmoniana,,1,,,,,,,
10243,10496,10470,Oliv.,460901,4531,Mappia pittosporoides,,1,,,,,,,
10243,10496,10470,(Baker) Christenh.,460825,3727,Hemionitis chinensis,,1,,,,,,,
10243,10496,10470,(Lingelsh.) Stearn,122283,9835,Notholirion bulbuliferum,,1,,,,,,,
10243,10496,10470,(Lingelsh.) Stearn,122283,9835,Notholirion bulbuliferum,,1,,,,,,,
10243,10496,10470,(D.Don) Boiss.,138441,9835,Notholirion macrophyllum,,1,,,,,,,
10243,10496,10470,(Makino) C.Chr.,439931,2990,Dryopteris shikokiana,,1,,,,,,,
10243,10496,10470,Miq.,316467,15097,Nothosmyrnium japonicum,,1,,,,,,,
10243,10496,10470,R.H.Shan & T.S.Wang,321043,15097,Nothosmyrnium xizangense,,1,,,,,,,
10243,10496,10470,(Benth.) Mathiesen,121694,5477,Phlomoides hamosa,,1,,,,,,,
10243,10496,10470,(H.Wolff) Pimenov & Kljuykov,461223,14814,Hansenia forrestii,,1,,,,,,,
10243,10496,10470,(H.Boissieu) Pimenov & Kljuykov,460703,14814,Hansenia forbesii,,1,,,,,,,
10243,10496,10470,(Fedde ex H.Wolff) Pimenov & Kljuykov,460902,14814,Hansenia weberbaueriana,,1,,,,,,,
10243,10496,10470,(R.H.Shan) Pimenov & Kljuykov,460869,14814,Hansenia oviformis,,1,,,,,,,
10243,10496,10470,(Fedde ex H.Wolff) Pimenov & Kljuykov,460902,14814,Hansenia weberbaueriana,,1,,,,,,,
10243,10496,10470,(C.C.Chang) Ze H.Wang,461232,5279,Paraprenanthes wilsonii,,1,,,,,,,
10243,10496,10470,(Franch.) Ze H.Wang,460903,5279,Paraprenanthes melanantha,,1,,,,,,,
10243,10496,10470,(Dunn) C.Shih,451504,12470,Notoseris henryi,,1,,,,,,,
10243,10496,10470,(Franch.) Ze H.Wang,460903,5279,Paraprenanthes melanantha,,1,,,,,,,
10243,10496,10470,(Vaniot & H.Lév.) N.Kilian,460846,12470,Notoseris macilenta,,1,,,,,,,
10243,10496,10470,(Dunn) C.Shih,451504,12470,Notoseris henryi,,1,,,,,,,
10243,10496,10470,(Vaniot & H.Lév.) N.Kilian,460846,12470,Notoseris macilenta,,1,,,,,,,
10243,10496,10470,(Hemsl.) C.Shih,319793,12470,Notoseris triflora,,1,,,,,,,
10243,10496,10470,Franch.,321049,15174,Nouelia insignis,,1,,,,,,,
10243,10496,10470,Georgi,30486,5040,Nymphaea tetragona,,1,,,,,,,
10243,10496,10470,(L.) Kuntze,30493,5041,Nymphoides indica,,1,,,,,,,
10243,10496,10470,(S.G.Gmel.) Kuntze,30494,5041,Nymphoides peltata,,1,,,,,,,
10243,10496,10470,Oliv.,30499,870,Nyssa sinensis,,1,,,,,,,
10243,10496,10470,Lindl.,137644,5044,Oberonia caulescens,,1,,,,,,,
10243,10496,10470,L.,30577,5058,Ocimum americanum,,1,,,,,,,
10243,10496,10470,L.,30578,5058,Ocimum basilicum,,1,,,,,,,
10243,10496,10470,(DC.) Miq.,30673,5074,Oenanthe benghalensis,,1,,,,,,,
10243,10496,10470,C.B.Clarke,137649,5074,Oenanthe hookeri,,1,,,,,,,
10243,10496,10470,(Blume) DC.,30678,5074,Oenanthe javanica,,1,,,,,,,
10243,10496,10470,Wall. ex DC.,137648,5074,Oenanthe linearis,,1,,,,,,,
10243,10496,10470,C.B.Clarke,137650,5074,Oenanthe thomsonii,,1,,,,,,,
10243,10496,10470,Raym.-Hamet,460870,6299,Sedum balfourii,,1,,,,,,,
10243,10496,10470,(Thunb.) H.Ohashi,30719,5081,Ohwia caudata,,1,,,,,,,
10243,10496,10470,L.,30777,5086,Olea europaea,,1,,,,,,,
10243,10496,10470,R.Br.,30781,5086,Olea paniculata,,1,,,,,,,
10243,10496,10470,(Merr.) P.S.Green,30783,5086,Olea tsoongii,,1,,,,,,,
10243,10496,10470,(Hook.) C.Presl,30798,5087,Oleandra wallichii,,1,,,,,,,
10243,10496,10470,(Turcz.) Iljin,149199,9155,Olgaea leucophylla,,1,,,,,,,
10243,10496,10470,Iljin,313059,9155,Olgaea tangutica,,1,,,,,,,
10243,10496,10470,(Vahl ex Hornem.) J.F.Macbr.,30866,5090,Oligomeris linifolia,,1,,,,,,,
10243,10496,10470,(McClure) Z.P.Wang & G.H.Ye,226593,5091,Oligostachyum scabriflorum,,1,,,,,,,
10243,10496,10470,Balf.f.,321050,11597,Omphalogramma forrestii,,1,,,,,,,
10243,10496,10470,Hand.-Mazz.,137654,11597,Omphalogramma minus,,1,,,,,,,
10243,10496,10470,Franch.,137655,11597,Omphalogramma souliei,,1,,,,,,,
10243,10496,10470,(Franch.) Franch.,321051,11597,Omphalogramma vinciflorum,,1,,,,,,,
10243,10496,10470,(I.M.Johnst.) W.T.Wang,153044,13458,Omphalotrigonotis cupulifera,,1,,,,,,,
10243,10496,10470,I.M.Johnst.,321052,5109,Onosma adenopus,,1,,,,,,,
10243,10496,10470,W.W.Sm. & Jeffrey,459976,5109,Onosma cingulata,,1,,,,,,,
10243,10496,10470,W.W.Sm.,461233,5109,Onosma conferta,,1,,,,,,,
10243,10496,10470,Hemsl.,460826,5109,Onosma exserta,,1,,,,,,,
10243,10496,10470,I.M.Johnst.,321054,5109,Onosma farreri,,1,,,,,,,
10243,10496,10470,I.M.Johnst.,461234,5109,Onosma fistulosa,,1,,,,,,,
10243,10496,10470,C.B.Clarke,321056,5109,Onosma hookeri,,1,,,,,,,
10243,10496,10470,W.T.Wang,461235,5109,Onosma maaikangensis,,1,,,,,,,
10243,10496,10470,W.T.Wang,461235,5109,Onosma maaikangensis,,1,,,,,,,
10243,10496,10470,(W.W.Sm.) I.M.Johnst.,323065,5109,Onosma wardii,,1,,,,,,,
10243,10496,10470,Hand.-Mazz.,461236,5109,Onosma multiramosa,,1,,,,,,,
10243,10496,10470,Bureau & Franch.,461237,5109,Onosma paniculata,,1,,,,,,,
10243,10496,10470,Diels,461238,5109,Onosma sinica,,1,,,,,,,
10243,10496,10470,W.T.Wang,461239,5109,Onosma yajiangensis,,1,,,,,,,
10243,10496,10470,Ching,318294,5110,Onychium moupinense,,1,,,,,,,
10243,10496,10470,(D.Don) Spreng.,441488,5110,Onychium lucidum,,1,,,,,,,
10243,10496,10470,(Thunb.) Kunze,30959,5110,Onychium japonicum,,1,,,,,,,
10243,10496,10470,(Thunb.) Kunze,30959,5110,Onychium japonicum,,1,,,,,,,
10243,10496,10470,Ching,318294,5110,Onychium moupinense,,1,,,,,,,
10243,10496,10470,Ching,321064,5110,Onychium plumosum,,1,,,,,,,
10243,10496,10470,Ching,317994,5110,Onychium tenuifrons,,1,,,,,,,
10243,10496,10470,L.f.,30997,5116,Ophioglossum nudicaule,,1,,,,,,,
10243,10496,10470,Hook.,31003,5116,Ophioglossum petiolatum,,1,,,,,,,
10243,10496,10470,L.,31006,5116,Ophioglossum reticulatum,,1,,,,,,,
10243,10496,10470,Kom.,31008,5116,Ophioglossum thermale,,1,,,,,,,
10243,10496,10470,L.,31009,5116,Ophioglossum vulgatum,,1,,,,,,,
10243,10496,10470,F.T.Wang & L.K.Dai,31010,5117,Ophiopogon amblyphyllus,,1,,,,,,,
10243,10496,10470,(F.T.Wang & Tang) S.C.Chen,214139,5117,Ophiopogon angustifoliatus,,1,,,,,,,
10243,10496,10470,Diels,212295,5117,Ophiopogon bockianus,,1,,,,,,,
10243,10496,10470,H.Lév.,137656,5117,Ophiopogon bodinieri,,1,,,,,,,
10243,10496,10470,F.T.Wang & Tang,31011,5117,Ophiopogon chingii,,1,,,,,,,
10243,10496,10470,Hook.f.,138832,5117,Ophiopogon clarkei,,1,,,,,,,
10243,10496,10470,C.H.Wright ex Oliv.,212296,5117,Ophiopogon clavatus,,1,,,,,,,
10243,10496,10470,W.W.Sm.,121309,5117,Ophiopogon grandis,,1,,,,,,,
10243,10496,10470,F.T.Wang & L.K.Dai,214178,5117,Ophiopogon heterandrus,,1,,,,,,,
10243,10496,10470,D.Don,31012,5117,Ophiopogon intermedius,,1,,,,,,,
10243,10496,10470,(Thunb.) Ker Gawl.,31014,5117,Ophiopogon japonicus,,1,,,,,,,
10243,10496,10470,H.Lév.,214123,5117,Ophiopogon mairei,,1,,,,,,,
10243,10496,10470,Z.Y.Zhu,214176,5117,Ophiopogon paniculatus,,1,,,,,,,
10243,10496,10470,F.T.Wang & L.K.Dai,214118,5117,Ophiopogon revolutus,,1,,,,,,,
10243,10496,10470,(Merr.) L.Rodr.,31019,5117,Ophiopogon stenophyllus,,1,,,,,,,
10243,10496,10470,F.T.Wang & Tang,214113,5117,Ophiopogon sylvicola,,1,,,,,,,
10243,10496,10470,F.T.Wang & Tang,214119,5117,Ophiopogon szechuanensis,,1,,,,,,,
10243,10496,10470,Hance,212299,5117,Ophiopogon umbraticola,,1,,,,,,,
10243,10496,10470,F.T.Wang & L.K.Dai,214114,5117,Ophiopogon zingiberaceus,,1,,,,,,,
10243,10496,10470,H.S.Lo,31020,5118,Ophiorrhiza aureolina,,1,,,,,,,
10243,10496,10470,Hance,31021,5118,Ophiorrhiza cantonensis,,1,,,,,,,
10243,10496,10470,H.S.Lo,187499,5118,Ophiorrhiza chinensis,,1,,,,,,,
10243,10496,10470,Blume,31024,5118,Ophiorrhiza japonica,,1,,,,,,,
10243,10496,10470,H.S.Lo,187641,5118,Ophiorrhiza purpurascens,,1,,,,,,,
10243,10496,10470,H.S.Lo,187663,5118,Ophiorrhiza rufipilis,,1,,,,,,,
10243,10496,10470,H.S.Lo,187664,5118,Ophiorrhiza rufopunctata,,1,,,,,,,
10243,10496,10470,H.S.Lo,187676,5118,Ophiorrhiza sichuanensis,,1,,,,,,,
10243,10496,10470,King ex Hook.f.,137663,5118,Ophiorrhiza succirubra,,1,,,,,,,
10243,10496,10470,(Kurz) T.F.Daniel & McDade,449971,6517,Staurogyne macrobotrya,,1,,,,,,,
10243,10496,10470,(L.) Kuntze,31040,5119,Ophiuros exaltatus,,1,,,,,,,
10243,10496,10470,(Merr.) Niyomdham,441492,11681,Cruddasia pinnata,,1,,,,,,,
10243,10496,10470,Mich.Möller & A.Weber,461070,5133,Oreocharis stenosiphon,,1,,,,,,,
10243,10496,10470,(L.) P.Beauv.,31071,5124,Oplismenus compositus,,1,,,,,,,
10243,10496,10470,(Ard.) P.Beauv.,31074,5124,Oplismenus undulatifolius,,1,,,,,,,
10243,10496,10470,Finet,455136,11580,Hemipilia brevicalcarata,,1,,,,,,,
10243,10496,10470,"(W.W.Sm.) X.H.Jin, Schuit., W.T.Jin & L.Q.Huang",451473,20360,Hsenhsua chrysea,,1,,,,,,,
10243,10496,10470,(D.Don) Y.Tang & H.Peng,451474,11580,Hemipilia chusua,,1,,,,,,,
10243,10496,10470,(L.) Soó,13239,2701,Dactylorhiza incarnata,,1,,,,,,,
10243,10496,10470,(L.) Soó,13239,2701,Dactylorhiza incarnata,,1,,,,,,,
10243,10496,10470,(Schltr.) Soó,191540,5721,Ponerorchis limprichtii,,1,,,,,,,
10243,10496,10470,"(Tang, F.T.Wang & K.Y.Lang) Y.Tang & H.Peng",453644,11580,Hemipilia omeishanica,,1,,,,,,,
10243,10496,10470,(K.Y.Lang) Y.Tang & H.Peng,453645,11580,Hemipilia pugeensis,,1,,,,,,,
10243,10496,10470,"(Maxim.) S.C.Chen, P.J.Cribb & S.W.Gale",453624,11955,Galearis roborovskii,,1,,,,,,,
10243,10496,10470,(K.Y.Lang) Y.Tang & H.Peng,453646,11580,Hemipilia sichuanica,,1,,,,,,,
10243,10496,10470,(Lindl.) P.F.Hunt,137666,11955,Galearis spathulata,,1,,,,,,,
10243,10496,10470,"(Schltr.) P.J.Cribb, S.W.Gale & R.M.Bateman",160808,11955,Galearis tschiliensis,,1,,,,,,,
10243,10496,10470,(W.W.Sm.) P.F.Hunt,179758,11955,Galearis wardii,,1,,,,,,,
10243,10496,10470,Dunn,317809,5133,Oreocharis amabilis,,1,,,,,,,
10243,10496,10470,Baill.,316929,5133,Oreocharis aurantiaca,,1,,,,,,,
10243,10496,10470,(S.Moore) C.B.Clarke,310936,5133,Oreocharis auricula,,1,,,,,,,
10243,10496,10470,H.Lév.,321066,5133,Oreocharis bodinieri,,1,,,,,,,
10243,10496,10470,J.Anthony,321067,5133,Oreocharis cinnamomea,,1,,,,,,,
10243,10496,10470,(Craib) Pellegr.,321068,5133,Oreocharis cordatula,,1,,,,,,,
10243,10496,10470,Baill.,137667,5133,Oreocharis delavayi,,1,,,,,,,
10243,10496,10470,(Diels) Skan,321069,5133,Oreocharis forrestii,,1,,,,,,,
10243,10496,10470,J.Anthony,321070,5133,Oreocharis georgei,,1,,,,,,,
10243,10496,10470,Oliv.,321071,5133,Oreocharis henryana,,1,,,,,,,
10243,10496,10470,(Craib) Pellegr.,321072,5133,Oreocharis minor,,1,,,,,,,
10243,10496,10470,Franch.,321073,5133,Oreocharis tubicella,,1,,,,,,,
10243,10496,10470,(Thunb.) Miq.,31185,5134,Oreocnide frutescens,,1,,,,,,,
10243,10496,10470,(Gagnep.) Merr. & Chun,31191,5134,Oreocnide tonkinensis,,1,,,,,,,
10243,10496,10470,L.O.Williams ex N.Pearce & P.J.Cribb,187855,5138,Oreorchis angustata,,1,,,,,,,
10243,10496,10470,Hand.-Mazz.,187858,5138,Oreorchis erythrochrysea,,1,,,,,,,
10243,10496,10470,Finet,187859,5138,Oreorchis fargesii,,1,,,,,,,
10243,10496,10470,(Lindl.) Hook.f.,454975,5138,Oreorchis indica,,1,,,,,,,
10243,10496,10470,Schltr.,137669,5138,Oreorchis nana,,1,,,,,,,
10243,10496,10470,Schltr.,187862,5138,Oreorchis parvula,,1,,,,,,,
10243,10496,10470,(Lindl.) Lindl.,31200,5138,Oreorchis patens,,1,,,,,,,
10243,10496,10470,L.,31210,5141,Origanum vulgare,,1,,,,,,,
10243,10496,10470,(K.S.Hao) Keng,226621,13171,Orinus kokonorica,,1,,,,,,,
10243,10496,10470,(K.S.Hao) Keng,226621,13171,Orinus kokonorica,,1,,,,,,,
10243,10496,10470,(Stapf ex Hemsl.) Bor,149253,13171,Orinus thoroldii,,1,,,,,,,
10243,10496,10470,Thunb.,314663,15039,Orixa japonica,,1,,,,,,,
10243,10496,10470,Prain,31230,5146,Ormosia henryi,,1,,,,,,,
10243,10496,10470,Hemsl. & E.H.Wilson,31231,5146,Ormosia hosiei,,1,,,,,,,
10243,10496,10470,H.Y.Chen,316295,5146,Ormosia olivacea,,1,,,,,,,
10243,10496,10470,(Wall. ex Lindl.) Kocyan & Schuit.,433099,5440,Phalaenopsis difformis,,1,,,,,,,
10243,10496,10470,Pers.,31277,5154,Orobanche aegyptiaca,,1,,,,,,,
10243,10496,10470,Stephan ex Willd.,31278,5154,Orobanche alba,,1,,,,,,,
10243,10496,10470,Sm.,31286,5154,Orobanche caryophyllacea,,1,,,,,,,
10243,10496,10470,Stephan,31290,5154,Orobanche coerulescens,,1,,,,,,,
10243,10496,10470,Harry Sm.,321074,5154,Orobanche megalantha,,1,,,,,,,
10243,10496,10470,Hu,321075,5154,Orobanche mupinensis,,1,,,,,,,
10243,10496,10470,Hance,312317,5154,Orobanche pycnostachya,,1,,,,,,,
10243,10496,10470,Harry Sm.,321076,5154,Orobanche sinensis,,1,,,,,,,
10243,10496,10470,(Beck) Hand.-Mazz.,461240,5154,Orobanche yuennanensis,,1,,,,,,,
10243,10496,10470,(H.Lév.) A.Berger,319796,10891,Orostachys chanetii,,1,,,,,,,
10243,10496,10470,(Turcz.) A.Berger,142748,10891,Orostachys fimbriata,,1,,,,,,,
10243,10496,10470,(L.) Sweet,102534,10891,Orostachys spinosa,,1,,,,,,,
10243,10496,10470,(L.) Kurz,31332,5157,Oroxylum indicum,,1,,,,,,,
10243,10496,10470,(L.) House,31333,5158,Orthilia secunda,,1,,,,,,,
10243,10496,10470,(L.) House,31333,5158,Orthilia secunda,,1,,,,,,,
10243,10496,10470,Nees,451636,20364,Orthoraphium roylei,,1,,,,,,,
10243,10496,10470,(Diels) Hand.-Mazz.,187971,5164,Orthosiphon wulfenioides,,1,,,,,,,
10243,10496,10470,"(Pax) X.F.Jin, Y.Y.Zhou & H.W.Zhang",460736,20530,Sinalliaria limprichtiana,,1,,,,,,,
10243,10496,10470,(L.) O.E.Schulz,149295,13176,Orychophragmus violaceus,,1,,,,,,,
10243,10496,10470,L.,31355,5168,Osbeckia chinensis,,1,,,,,,,
10243,10496,10470,Buch.-Ham. ex D.Don,31356,5168,Osbeckia stellata,,1,,,,,,,
10243,10496,10470,C.Y.Wu & C.Chen,441517,5168,Osbeckia opipara,,1,,,,,,,
10243,10496,10470,Diels,220121,5172,Osmanthus armatus,,1,,,,,,,
10243,10496,10470,Hemsl.,149302,5172,Osmanthus cooperi,,1,,,,,,,
10243,10496,10470,Franch.,220122,5172,Osmanthus delavayi,,1,,,,,,,
10243,10496,10470,P.S.Green,137673,5172,Osmanthus henryi,,1,,,,,,,
10243,10496,10470,"(Champ. ex Benth.) C.B.Shang, X.R.Wang, Yi F.Duan & Yong F.Li",441520,20076,Chengiodendron marginatum,,1,,,,,,,
10243,10496,10470,"(Hayata) C.B.Shang, X.R.Wang, Yi F.Duan & Yong F.Li",441521,20076,Chengiodendron matsumuranum,,1,,,,,,,
10243,10496,10470,"(P.S.Green) C.B.Shang, X.R.Wang, Yi F.Duan & Yong F.Li",441522,20076,Chengiodendron minor,,1,,,,,,,
10243,10496,10470,P.S.Green,31373,5172,Osmanthus reticulatus,,1,,,,,,,
10243,10496,10470,Rehder,220088,5172,Osmanthus serrulatus,,1,,,,,,,
10243,10496,10470,King ex C.B.Clarke,122404,5172,Osmanthus suavis,,1,,,,,,,
10243,10496,10470,P.S.Green,220086,5172,Osmanthus urceolatus,,1,,,,,,,
10243,10496,10470,(Franch.) P.S.Green,149303,5172,Osmanthus yunnanensis,,1,,,,,,,
10243,10496,10470,(Thunb.) Rydb.,31377,5174,Osmorhiza aristata,,1,,,,,,,
10243,10496,10470,(L.) C.Presl,31393,5177,Osmundastrum cinnamomeum,,1,,,,,,,
10243,10496,10470,L.,31386,5176,Osmunda claytoniana,,1,,,,,,,
10243,10496,10470,L.,31386,5176,Osmunda claytoniana,,1,,,,,,,
10243,10496,10470,Thunb.,31387,5176,Osmunda japonica,,1,,,,,,,
10243,10496,10470,C.Chr.,31389,5176,Osmunda mildei,,1,,,,,,,
10243,10496,10470,Hook.,31391,5176,Osmunda vachellii,,1,,,,,,,
10243,10496,10470,(Sm.) Lindl.,31443,5179,Osteomeles anthyllidifolia,,1,,,,,,,
10243,10496,10470,C.K.Schneid.,441543,5179,Osteomeles schweriniae,,1,,,,,,,
10243,10496,10470,(Maxim.) Kitag.,450138,11808,Ostericum grosseserratum,,1,,,,,,,
10243,10496,10470,(F.Schmidt) Kitag.,458420,11808,Ostericum maximowiczii,,1,,,,,,,
10243,10496,10470,(Franch.) R.H.Shan & C.Q.Yuan,461241,11808,Ostericum scaberulum,,1,,,,,,,
10243,10496,10470,Sarg.,149309,5182,Ostrya japonica,,1,,,,,,,
10243,10496,10470,Decne.,149311,13177,Ostryopsis davidiana,,1,,,,,,,
10243,10496,10470,Balf.f. & W.W.Sm.,188029,13177,Ostryopsis nobilis,,1,,,,,,,
10243,10496,10470,Hochst. & Steud.,31453,5183,Osyris lanceolata,,1,,,,,,,
10243,10496,10470,(Lindl.) Rchb.f.,450103,2384,Coelogyne porrecta,,1,,,,,,,
10243,10496,10470,(Gagnep.) Dandy,137674,5189,Ottelia acuminata,,1,,,,,,,
10243,10496,10470,(L.) Pers.,31459,5189,Ottelia alismoides,,1,,,,,,,
10243,10496,10470,L.,31507,5197,Oxalis corniculata,,1,,,,,,,
10243,10496,10470,Edgew. & Hook.f.,31520,5197,Oxalis griffithii,,1,,,,,,,
10243,10496,10470,Diels,138837,5197,Oxalis leucolepis,,1,,,,,,,
10243,10496,10470,L.,31543,5197,Oxalis stricta,,1,,,,,,,
10243,10496,10470,(Edgew.) Heimerl,446237,4736,Mirabilis himalaica,,1,,,,,,,
10243,10496,10470,(Lour.) Ridsdale,4994,1683,Benkara sinensis,,1,,,,,,,
10243,10496,10470,Franch.,137675,5206,Oxygraphis delavayi,,1,,,,,,,
10243,10496,10470,(Walp.) Bennet & Sum.Chandra,445449,5206,Oxygraphis endlicheri,,1,,,,,,,
10243,10496,10470,(DC.) R.R.Stewart,445995,5206,Oxygraphis kamchatica,,1,,,,,,,
10243,10496,10470,W.E.Evans,321079,5206,Oxygraphis tenuifolia,,1,,,,,,,
10243,10496,10470,(L.) Hill,31593,5212,Oxyria digyna,,1,,,,,,,
10243,10496,10470,Hemsl.,137676,5212,Oxyria sinensis,,1,,,,,,,
10243,10496,10470,(D.Don) DC.,31594,5213,Oxyspora paniculata,,1,,,,,,,
10243,10496,10470,C.W.Chang,321080,5215,Oxytropis auriculata,,1,,,,,,,
10243,10496,10470,Bunge,313926,5215,Oxytropis bicolor,,1,,,,,,,
10243,10496,10470,(Pall.) DC.,70951,5215,Oxytropis deflexa,,1,,,,,,,
10243,10496,10470,Bunge,149341,5215,Oxytropis falcata,,1,,,,,,,
10243,10496,10470,Ulbr.,321081,5215,Oxytropis giraldii,,1,,,,,,,
10243,10496,10470,DC.,70953,5215,Oxytropis glabra,,1,,,,,,,
10243,10496,10470,Bunge,313927,5215,Oxytropis hirta,,1,,,,,,,
10243,10496,10470,Bunge,316627,5215,Oxytropis kansuensis,,1,,,,,,,
10243,10496,10470,Jurtzev,315823,5215,Oxytropis latibracteata,,1,,,,,,,
10243,10496,10470,Y.H.Wu,321082,5215,Oxytropis maqinensis,,1,,,,,,,
10243,10496,10470,Schrenk,294927,5215,Oxytropis meinshausenii,,1,,,,,,,
10243,10496,10470,Bunge,321083,5215,Oxytropis melanocalyx,,1,,,,,,,
10243,10496,10470,Bunge ex Maxim.,316296,5215,Oxytropis moellendorffii,,1,,,,,,,
10243,10496,10470,Turcz.,313930,5215,Oxytropis ochrantha,,1,,,,,,,
10243,10496,10470,Bunge,149346,5215,Oxytropis ochrocephala,,1,,,,,,,
10243,10496,10470,X.Y.Zhu & H.Ohashi,321084,5215,Oxytropis ochrolongibracteata,,1,,,,,,,
10243,10496,10470,Bunge,102574,5215,Oxytropis pauciflora,,1,,,,,,,
10243,10496,10470,Schrenk,70958,5215,Oxytropis platysema,,1,,,,,,,
10243,10496,10470,P.C.Li,321085,5215,Oxytropis pseudocoerulea,,1,,,,,,,
10243,10496,10470,Y.H.Wu,321086,5215,Oxytropis qinghaiensis,,1,,,,,,,
10243,10496,10470,Bunge ex Boiss.,134387,5215,Oxytropis savellanica,,1,,,,,,,
10243,10496,10470,C.W.Chang,321087,5215,Oxytropis sichuanica,,1,,,,,,,
10243,10496,10470,Kom.,321088,5215,Oxytropis taochensis,,1,,,,,,,
10243,10496,10470,Franch.,321089,5215,Oxytropis yunnanensis,,1,,,,,,,
10243,10496,10470,Hook.f. & Thomson,122341,4484,Magnolia globosa,,1,,,,,,,
10243,10496,10470,K.Koch,27446,4484,Magnolia sieboldii,,1,,,,,,,
10243,10496,10470,(Finet & Gagnep.) Rehder,137550,4484,Magnolia wilsonii,,1,,,,,,,
10243,10496,10470,(H.T.Chang & R.H.Shan) Pimenov & Kljuykov,461242,12486,Cortia lhasana,,1,,,,,,,
10243,10496,10470,R.H.Shan & F.T.Pu,321091,8184,Pachypleurum muliense,,1,,,,,,,
10243,10496,10470,(H.T.Chang & R.H.Shan) Pimenov & Kljuykov,461243,20544,Kailashia xizangensis,,1,,,,,,,
10243,10496,10470,Franch.,137678,5229,Pachysandra axillaris,,1,,,,,,,
10243,10496,10470,Siebold & Zucc.,31685,5229,Pachysandra terminalis,,1,,,,,,,
10243,10496,10470,L.,36382,5782,Prunus padus,,1,,,,,,,
10243,10496,10470,Batalin,122481,5782,Prunus brachypoda,,1,,,,,,,
10243,10496,10470,(T.T.Yu & T.C.Ku) J.R.He,461244,5782,Prunus brunnescens,,1,,,,,,,
10243,10496,10470,Miq.,36358,5782,Prunus buergeriana,,1,,,,,,,
10243,10496,10470,Maxim.,137680,5782,Prunus grayana,,1,,,,,,,
10243,10496,10470,(Ser.) C.K. Schneid.,451477,12113,Padus napaulensis,,1,,,,,,,
10243,10496,10470,(Koehne) T.T. Yu & T.C. Ku,441568,12113,Padus obtusata,,1,,,,,,,
10243,10496,10470,Lindl.,36391,5782,Prunus serrulata,,1,,,,,,,
10243,10496,10470,(Koehne) T.T. Yu & T.C. Ku,460784,12113,Padus stellipila,,1,,,,,,,
10243,10496,10470,(Batalin) C.K. Schneid.,460704,12113,Padus velutina,,1,,,,,,,
10243,10496,10470,(C.K.Schneid.) Koehne,149360,5782,Prunus wilsonii,,1,,,,,,,
10243,10496,10470,H.Lév.,188102,5236,Paederia cavaleriei,,1,,,,,,,
10243,10496,10470,Merr. ex H.L.Li,31699,5236,Paederia pertomentosa,,1,,,,,,,
10243,10496,10470,L.,31698,5236,Paederia foetida,,1,,,,,,,
10243,10496,10470,L.,31698,5236,Paederia foetida,,1,,,,,,,
10243,10496,10470,(H.Lév.) Rehder,137682,5236,Paederia yunnanensis,,1,,,,,,,
10243,10496,10470,L.,102327,5237,Paeonia anomala,,1,,,,,,,
10243,10496,10470,Hand.-Mazz.,321094,5237,Paeonia decomposita,,1,,,,,,,
10243,10496,10470,Franch.,137683,5237,Paeonia delavayi,,1,,,,,,,
10243,10496,10470,Pall.,124406,5237,Paeonia lactiflora,,1,,,,,,,
10243,10496,10470,H.Lév.,149370,5237,Paeonia mairei,,1,,,,,,,
10243,10496,10470,Maxim.,31707,5237,Paeonia obovata,,1,,,,,,,
10243,10496,10470,(S.G.Haw & Lauener) T.Hong & J.J.Li ex D.Y.Hong,149372,5237,Paeonia rockii,,1,,,,,,,
10243,10496,10470,Andrews,149374,5237,Paeonia × suffruticosa,,1,,,,,,,
10243,10496,10470,(L.) Pic.Serm.,27012,4424,Lycopodiella cernua,,1,,,,,,,
10243,10496,10470,Rehder,149424,5247,Paliurus hemsleyanus,,1,,,,,,,
10243,10496,10470,(Lour.) Poir.,31758,5247,Paliurus ramosissimus,,1,,,,,,,
10243,10496,10470,C.A.Mey.,120761,11599,Panax ginseng,,1,,,,,,,
10243,10496,10470,(T.Nees) C.A.Mey.,137684,11599,Panax japonicus,,1,,,,,,,
10243,10496,10470,(T.Nees) C.A.Mey.,137684,11599,Panax japonicus,,1,,,,,,,
10243,10496,10470,(Burkill) F.H.Chen,149430,11599,Panax notoginseng,,1,,,,,,,
10243,10496,10470,Thunb.,31875,5253,Panicum bisulcatum,,1,,,,,,,
10243,10496,10470,Hornem.,31883,5253,Panicum curviflorum,,1,,,,,,,
10243,10496,10470,Munro ex Hook.f.,138840,5253,Panicum khasianum,,1,,,,,,,
10243,10496,10470,J.Presl,31922,5253,Panicum luzonense,,1,,,,,,,
10243,10496,10470,L.,31944,5253,Panicum repens,,1,,,,,,,
10243,10496,10470,Roth,31958,5253,Panicum sumatrense,,1,,,,,,,
10243,10496,10470,L.,31994,5255,Papaver nudicaule,,1,,,,,,,
10243,10496,10470,(Hemsl.) B.L.Burtt,318296,5261,Paraboea crassifolia,,1,,,,,,,
10243,10496,10470,(Collett & Hemsl.) B.L.Burtt,319485,5261,Paraboea neurophylla,,1,,,,,,,
10243,10496,10470,(Franch.) B.L.Burtt,32014,5261,Paraboea rufescens,,1,,,,,,,
10243,10496,10470,(Oliv.) B.L.Burtt,123075,5261,Paraboea sinensis,,1,,,,,,,
10243,10496,10470,Hook.,457874,2736,Davallia multidentata,,1,,,,,,,
10243,10496,10470,Dunn,321095,11763,Paradombeya sinensis,,1,,,,,,,
10243,10496,10470,(Christ) Mickel,460669,3727,Hemionitis bipinnata,,1,,,,,,,
10243,10496,10470,(Baker) Christenh.,460689,3727,Hemionitis delavayi,,1,,,,,,,
10243,10496,10470,(L.) Christenh.,371343,3727,Hemionitis marantae,,1,,,,,,,
10243,10496,10470,(Christ) Christenh.,461245,3727,Hemionitis sargentii,,1,,,,,,,
10243,10496,10470,(Hook.) J.Sm.,441598,3727,Hemionitis vestita,,1,,,,,,,
10243,10496,10470,(Houtt.) Pak & Kawano,11524,2544,Crepidiastrum denticulatum,,1,,,,,,,
10243,10496,10470,(Dunn) Y.L.Peng & X.F.Gao,460904,7185,Youngia humifusa,,1,,,,,,,
10243,10496,10470,(Houtt.) Pak & Kawano,11524,2544,Crepidiastrum denticulatum,,1,,,,,,,
10243,10496,10470,Chun & C.H.Tsoong,27435,4484,Magnolia lotungensis,,1,,,,,,,
10243,10496,10470,(W.C.Cheng) Dandy,27442,4484,Magnolia omeiensis,,1,,,,,,,
10243,10496,10470,(Hook.f.) Suddee & A.J.Paton,208780,14155,Paralamium griffithii,,1,,,,,,,
10243,10496,10470,Craib,32040,5275,Paramignya rectispinosa,,1,,,,,,,
10243,10496,10470,Hand.-Mazz.,32044,5277,Paraphlomis albida,,1,,,,,,,
10243,10496,10470,(Hemsl.) Hand.-Mazz.,188512,5277,Paraphlomis albiflora,,1,,,,,,,
10243,10496,10470,(Hayata) T.H.Hsieh & T.C.Huang,32045,5277,Paraphlomis formosana,,1,,,,,,,
10243,10496,10470,(Blume) Prain,32046,5277,Paraphlomis javanica,,1,,,,,,,
10243,10496,10470,Hand.-Mazz.,188520,5277,Paraphlomis lanceolata,,1,,,,,,,
10243,10496,10470,(Hemsl.) C.Shih,319493,5279,Paraprenanthes prenanthoides,,1,,,,,,,
10243,10496,10470,(C.Shih) Sennikov,461071,5279,Paraprenanthes meridionalis,,1,,,,,,,
10243,10496,10470,(Vaniot) N.Kilian,451442,5279,Paraprenanthes diversifolia,,1,,,,,,,
10243,10496,10470,(Hemsl.) C.Shih,319493,5279,Paraprenanthes prenanthoides,,1,,,,,,,
10243,10496,10470,(Miq.) C.Shih,32055,5279,Paraprenanthes sororia,,1,,,,,,,
10243,10496,10470,(Hemsl.) C.Shih,319493,5279,Paraprenanthes prenanthoides,,1,,,,,,,
10243,10496,10470,(Hemsl.) C.Shih,319493,5279,Paraprenanthes prenanthoides,,1,,,,,,,
10243,10496,10470,(Franch.) C.Shih,323077,5279,Paraprenanthes yunnanensis,,1,,,,,,,
10243,10496,10470,(Miq.) C.Shih,32055,5279,Paraprenanthes sororia,,1,,,,,,,
10243,10496,10470,(Vaniot) N.Kilian,451442,5279,Paraprenanthes diversifolia,,1,,,,,,,
10243,10496,10470,(Willd.) Ulbr.,71057,9188,Paraquilegia anemonoides,,1,,,,,,,
10243,10496,10470,(Royle) J.R.Drumm. & Hutch.,102511,9188,Paraquilegia microphylla,,1,,,,,,,
10243,10496,10470,H.P.Tsui,318299,5282,Pararuellia alata,,1,,,,,,,
10243,10496,10470,(Baill.) E.Hossain,137687,5282,Pararuellia delavayana,,1,,,,,,,
10243,10496,10470,(Franch.) Y.L.Chen,460728,5284,Parasenecio ainsliaeiflorus,,1,,,,,,,
10243,10496,10470,(Bureau & Franch.) Y.L.Chen,149496,5284,Parasenecio cyclotus,,1,,,,,,,
10243,10496,10470,(Maxim.) Y.L.Chen,149497,5284,Parasenecio deltophyllus,,1,,,,,,,
10243,10496,10470,W.W.Sm. & J.Small,321098,5284,Parasenecio forrestii,,1,,,,,,,
10243,10496,10470,(L.) H.Koyama,32063,5284,Parasenecio hastatus,,1,,,,,,,
10243,10496,10470,Y.L.Chen,321099,5284,Parasenecio jiulongensis,,1,,,,,,,
10243,10496,10470,(Franch.) Y.L.Chen,321100,5284,Parasenecio koualapensis,,1,,,,,,,
10243,10496,10470,(Franch.) Y.L.Chen,316298,5284,Parasenecio lancifolius,,1,,,,,,,
10243,10496,10470,(Franch.) Y.L.Chen,321101,5284,Parasenecio latipes,,1,,,,,,,
10243,10496,10470,(Franch.) Y.L.Chen,318302,5284,Parasenecio leucocephalus,,1,,,,,,,
10243,10496,10470,(Hand.-Mazz.) Y.L.Chen,321102,5284,Parasenecio lidjiangensis,,1,,,,,,,
10243,10496,10470,(Hand.-Mazz.) Y.L.Chen,321103,5284,Parasenecio longispicus,,1,,,,,,,
10243,10496,10470,Y.L.Chen,149499,5284,Parasenecio maowenensis,,1,,,,,,,
10243,10496,10470,(Hand.-Mazz.) Y.L.Chen,317997,5284,Parasenecio otopteryx,,1,,,,,,,
10243,10496,10470,(Jeffrey) Y.L.Chen,136818,5284,Parasenecio palmatisectus,,1,,,,,,,
10243,10496,10470,(H.Lév.) Y.L.Chen,317631,5284,Parasenecio petasitoides,,1,,,,,,,
10243,10496,10470,(Franch.) Y.L.Chen,318303,5284,Parasenecio phyllolepis,,1,,,,,,,
10243,10496,10470,(Pojark.) Y.L.Chen,316866,5284,Parasenecio praetermissus,,1,,,,,,,
10243,10496,10470,(Dunn) Y.L.Chen,318304,5284,Parasenecio profundorum,,1,,,,,,,
10243,10496,10470,(Wall. ex DC.) Y.L.Chen,138842,5284,Parasenecio quinquelobus,,1,,,,,,,
10243,10496,10470,(Maxim.) Y.L.Chen,317810,5284,Parasenecio roborowskii,,1,,,,,,,
10243,10496,10470,(Franch.) Y.L.Chen,321104,5284,Parasenecio souliei,,1,,,,,,,
10243,10496,10470,(Maxim.) Matsum. & Koidz.,315118,4306,Ligularia stenocephala,,1,,,,,,,
10243,10496,10470,(Hand.-Mazz.) Y.L.Chen,321105,5284,Parasenecio tripteris,,1,,,,,,,
10243,10496,10470,"(C.Y.Wu & K.M.Feng) W.Y.Zhao, P.W.Fritsch & W.B.Liao",461246,5942,Rehderodendron macrophyllum,,1,,,,,,,
10243,10496,10470,(Baker) Ching,441615,6763,Thelypteris beddomei,,1,,,,,,,
10243,10496,10470,(H.Hara) Christenh.,460810,6763,Thelypteris borealis,,1,,,,,,,
10243,10496,10470,(Kunze) Ching,398613,6763,Thelypteris glanduligera,,1,,,,,,,
10243,10496,10470,(Baker) Ching,441617,6763,Thelypteris japonica,,1,,,,,,,
10243,10496,10470,(Franch. & Sav.) Ching,442798,6763,Thelypteris nipponica,,1,,,,,,,
10243,10496,10470,G.Forst.,32097,5297,Parietaria debilis,,1,,,,,,,
10243,10496,10470,H.Lév.,214205,5300,Paris vaniotii,,1,,,,,,,
10243,10496,10470,F.T.Wang & Tang,214204,5300,Paris bashanensis,,1,,,,,,,
10243,10496,10470,(Takht.) H.Li,214375,5300,Paris cronquistii,,1,,,,,,,
10243,10496,10470,Franch.,214202,5300,Paris delavayi,,1,,,,,,,
10243,10496,10470,H.Lév.,32116,5300,Paris dunniana,,1,,,,,,,
10243,10496,10470,Franch.,125389,5300,Paris fargesii,,1,,,,,,,
10243,10496,10470,H.Li,214454,5300,Paris luquanensis,,1,,,,,,,
10243,10496,10470,H.Lév.,137691,5300,Paris mairei,,1,,,,,,,
10243,10496,10470,Stearn,214207,5300,Paris marmorata,,1,,,,,,,
10243,10496,10470,(Takht.) H.Li,214375,5300,Paris cronquistii,,1,,,,,,,
10243,10496,10470,Sm.,32117,5300,Paris polyphylla,,1,,,,,,,
10243,10496,10470,Franch.,137693,5300,Paris thibetica,,1,,,,,,,
10243,10496,10470,H.Lév.,214205,5300,Paris vaniotii,,1,,,,,,,
10243,10496,10470,M.Bieb.,32120,5300,Paris verticillata,,1,,,,,,,
10243,10496,10470,Diels,318306,5305,Parnassia amoena,,1,,,,,,,
10243,10496,10470,Franch.,321120,5305,Parnassia yunnanensis,,1,,,,,,,
10243,10496,10470,Franch.,137695,5305,Parnassia delavayi,,1,,,,,,,
10243,10496,10470,Hand.-Mazz.,321109,5305,Parnassia cacuminum,,1,,,,,,,
10243,10496,10470,Wall. ex Wight & Arn.,137701,5305,Parnassia wightiana,,1,,,,,,,
10243,10496,10470,Franch.,138843,5305,Parnassia chinensis,,1,,,,,,,
10243,10496,10470,Franch.,137694,5305,Parnassia crassifolia,,1,,,,,,,
10243,10496,10470,Franch.,319495,5305,Parnassia davidii,,1,,,,,,,
10243,10496,10470,Hand.-Mazz.,321109,5305,Parnassia cacuminum,,1,,,,,,,
10243,10496,10470,Franch.,137695,5305,Parnassia delavayi,,1,,,,,,,
10243,10496,10470,Oliv.,149533,5305,Parnassia faberi,,1,,,,,,,
10243,10496,10470,Ulbr.,321112,5305,Parnassia filchneri,,1,,,,,,,
10243,10496,10470,Hook.f. & Thomson,149534,5305,Parnassia foliosa,,1,,,,,,,
10243,10496,10470,Hand.-Mazz.,321109,5305,Parnassia cacuminum,,1,,,,,,,
10243,10496,10470,Z.P.Jien,321114,5305,Parnassia labiata,,1,,,,,,,
10243,10496,10470,Franch.,321120,5305,Parnassia yunnanensis,,1,,,,,,,
10243,10496,10470,Franch.,137695,5305,Parnassia delavayi,,1,,,,,,,
10243,10496,10470,B.Heyne ex Wight & Arn.,321116,5305,Parnassia mysorensis,,1,,,,,,,
10243,10496,10470,Franch.,319799,5305,Parnassia noemiae,,1,,,,,,,
10243,10496,10470,T.C.Ku,321117,5305,Parnassia omeiensis,,1,,,,,,,
10243,10496,10470,Hance,311557,5305,Parnassia oreophila,,1,,,,,,,
10243,10496,10470,L.,32136,5305,Parnassia palustris,,1,,,,,,,
10243,10496,10470,Diels,319800,5305,Parnassia perciliata,,1,,,,,,,
10243,10496,10470,Wall.,71001,5305,Parnassia pusilla,,1,,,,,,,
10243,10496,10470,Mattf.,321118,5305,Parnassia scaposa,,1,,,,,,,
10243,10496,10470,Hook.f. & Thomson,137699,5305,Parnassia tenella,,1,,,,,,,
10243,10496,10470,Drude,149535,5305,Parnassia trinervis,,1,,,,,,,
10243,10496,10470,Drude,149535,5305,Parnassia trinervis,,1,,,,,,,
10243,10496,10470,Wall. ex Wight & Arn.,137701,5305,Parnassia wightiana,,1,,,,,,,
10243,10496,10470,Franch.,321120,5305,Parnassia yunnanensis,,1,,,,,,,
10243,10496,10470,Franch.,321120,5305,Parnassia yunnanensis,,1,,,,,,,
10243,10496,10470,Buch.-Ham. ex D.Don,32137,5306,Parochetus communis,,1,,,,,,,
10243,10496,10470,Y.F.Deng,461247,5313,Parthenocissus sichuanensis,,1,,,,,,,
10243,10496,10470,Gagnep.,32186,5313,Parthenocissus dalzielii,,1,,,,,,,
10243,10496,10470,(H.Lév.) C.L.Li,317011,5313,Parthenocissus feddei,,1,,,,,,,
10243,10496,10470,(Hemsl.) Graebn. ex Diels & Gilg,317634,5313,Parthenocissus henryana,,1,,,,,,,
10243,10496,10470,Rehder,317012,5313,Parthenocissus laetevirens,,1,,,,,,,
10243,10496,10470,(Wall.) Planch.,56593,5313,Parthenocissus semicordata,,1,,,,,,,
10243,10496,10470,(Siebold & Zucc.) Planch.,32190,5313,Parthenocissus tricuspidata,,1,,,,,,,
10243,10496,10470,(Decne.) Wall. ex Hemsl.,121320,6514,Stauntonia brunoniana,,1,,,,,,,
10243,10496,10470,P.J.Bergius,32221,5315,Paspalum conjugatum,,1,,,,,,,
10243,10496,10470,Henrard,227533,5315,Paspalum delavayi,,1,,,,,,,
10243,10496,10470,L.,32232,5315,Paspalum distichum,,1,,,,,,,
10243,10496,10470,L.,32283,5315,Paspalum scrobiculatum,,1,,,,,,,
10243,10496,10470,Kunth,32287,5315,Paspalum thunbergii,,1,,,,,,,
10243,10496,10470,Hemsl.,137703,5316,Passiflora altebilobata,,1,,,,,,,
10243,10496,10470,Mast.,318307,5316,Passiflora cupiformis,,1,,,,,,,
10243,10496,10470,Bunge,137705,5321,Patrinia heterophylla,,1,,,,,,,
10243,10496,10470,C.B.Clarke,32387,5321,Patrinia monandra,,1,,,,,,,
10243,10496,10470,C.B.Clarke,32387,5321,Patrinia monandra,,1,,,,,,,
10243,10496,10470,(Pall.) Dufr.,102636,5321,Patrinia rupestris,,1,,,,,,,
10243,10496,10470,(Pall.) Dufr.,102636,5321,Patrinia rupestris,,1,,,,,,,
10243,10496,10470,Link,32388,5321,Patrinia scabiosifolia,,1,,,,,,,
10243,10496,10470,Bunge,314796,5321,Patrinia scabra,,1,,,,,,,
10243,10496,10470,Hand.-Mazz.,137706,5321,Patrinia speciosa,,1,,,,,,,
10243,10496,10470,(Thunb.) Dufr.,32390,5321,Patrinia villosa,,1,,,,,,,
10243,10496,10470,T.Gong ex D.Y.Hong,149560,5323,Paulownia catalpifolia,,1,,,,,,,
10243,10496,10470,S.Y.Hu,149561,5323,Paulownia elongata,,1,,,,,,,
10243,10496,10470,Franch.,149562,5323,Paulownia fargesii,,1,,,,,,,
10243,10496,10470,(Seem.) Hemsl.,149563,5323,Paulownia fortunei,,1,,,,,,,
10243,10496,10470,T.Itô,149564,5323,Paulownia kawakamii,,1,,,,,,,
10243,10496,10470,(Thunb.) Steud.,32400,5323,Paulownia tomentosa,,1,,,,,,,
10243,10496,10470,Bremek.,32407,5325,Pavetta hongkongensis,,1,,,,,,,
10243,10496,10470,(L.) Raf.,32453,5329,Pecteilis susannae,,1,,,,,,,
10243,10496,10470,Maxim.,138845,5334,Pedicularis alaschanica,,1,,,,,,,
10243,10496,10470,Franch. ex Maxim.,321122,5334,Pedicularis alopecuros,,1,,,,,,,
10243,10496,10470,Maxim.,321123,5334,Pedicularis anas,,1,,,,,,,
10243,10496,10470,P.C.Tsoong,321124,5334,Pedicularis angularis,,1,,,,,,,
10243,10496,10470,H.L.Li,321125,5334,Pedicularis angustilabris,,1,,,,,,,
10243,10496,10470,P.C.Tsoong,321126,5334,Pedicularis angustiloba,,1,,,,,,,
10243,10496,10470,Maxim.,321127,5334,Pedicularis armata,,1,,,,,,,
10243,10496,10470,Maxim.,312319,5334,Pedicularis artselaeri,,1,,,,,,,
10243,10496,10470,Franch. ex Maxim.,137708,5334,Pedicularis axillaris,,1,,,,,,,
10243,10496,10470,Bureau & Franch.,321128,5334,Pedicularis batangensis,,1,,,,,,,
10243,10496,10470,Hook.f.,138847,5334,Pedicularis bella,,1,,,,,,,
10243,10496,10470,Maxim.,321129,5334,Pedicularis bidentata,,1,,,,,,,
10243,10496,10470,Franch.,321130,5334,Pedicularis bietii,,1,,,,,,,
10243,10496,10470,Maxim.,321131,5334,Pedicularis binaria,,1,,,,,,,
10243,10496,10470,H.L.Li,137709,5334,Pedicularis brachycrania,,1,,,,,,,
10243,10496,10470,Franch.,321132,5334,Pedicularis brevilabris,,1,,,,,,,
10243,10496,10470,Franch. ex Maxim.,137710,5334,Pedicularis cephalantha,,1,,,,,,,
10243,10496,10470,Schrenk,70991,5334,Pedicularis cheilanthifolia,,1,,,,,,,
10243,10496,10470,Diels,321133,5334,Pedicularis chenocephala,,1,,,,,,,
10243,10496,10470,Maxim.,312320,5334,Pedicularis chinensis,,1,,,,,,,
10243,10496,10470,Franch.,321134,5334,Pedicularis cinerascens,,1,,,,,,,
10243,10496,10470,Franch. ex Maxim.,321135,5334,Pedicularis comptoniifolia,,1,,,,,,,
10243,10496,10470,Prain,137712,5334,Pedicularis confertiflora,,1,,,,,,,
10243,10496,10470,P.C.Tsoong,319801,5334,Pedicularis confluens,,1,,,,,,,
10243,10496,10470,H.L.Li,149584,5334,Pedicularis connata,,1,,,,,,,
10243,10496,10470,Maxim.,321136,5334,Pedicularis cranolopha,,1,,,,,,,
10243,10496,10470,Maxim.,321137,5334,Pedicularis craspedotricha,,1,,,,,,,
10243,10496,10470,Maxim.,321138,5334,Pedicularis crenata,,1,,,,,,,
10243,10496,10470,Pennell & H.L.Li,321139,5334,Pedicularis cristatella,,1,,,,,,,
10243,10496,10470,H.L.Li,321140,5334,Pedicularis croizatiana,,1,,,,,,,
10243,10496,10470,Franch.,32498,5334,Pedicularis cyathophylla,,1,,,,,,,
10243,10496,10470,H.Limpr.,321141,5334,Pedicularis cyathophylloides,,1,,,,,,,
10243,10496,10470,Bonati,321142,5334,Pedicularis cymbalaria,,1,,,,,,,
10243,10496,10470,H.P.Yang,321143,5334,Pedicularis daochengensis,,1,,,,,,,
10243,10496,10470,Bonati,321144,5334,Pedicularis daucifolia,,1,,,,,,,
10243,10496,10470,Franch.,122416,5334,Pedicularis davidii,,1,,,,,,,
10243,10496,10470,Franch. ex Maxim.,321145,5334,Pedicularis debilis,,1,,,,,,,
10243,10496,10470,Franch.,318309,5334,Pedicularis decora,,1,,,,,,,
10243,10496,10470,Diels,321146,5334,Pedicularis decorissima,,1,,,,,,,
10243,10496,10470,Franch. ex Maxim.,321147,5334,Pedicularis deltoidea,,1,,,,,,,
10243,10496,10470,Franch. ex Maxim.,321148,5334,Pedicularis densispica,,1,,,,,,,
10243,10496,10470,Bonati,321149,5334,Pedicularis dichotoma,,1,,,,,,,
10243,10496,10470,Hand.-Mazz.,321150,5334,Pedicularis dichrocephala,,1,,,,,,,
10243,10496,10470,(Bonati) Pennell & H.L.Li,321151,5334,Pedicularis dissecta,,1,,,,,,,
10243,10496,10470,H.L.Li,321152,5334,Pedicularis dissectifolia,,1,,,,,,,
10243,10496,10470,Bonati,321153,5334,Pedicularis dolichantha,,1,,,,,,,
10243,10496,10470,Hand.-Mazz.,317495,5334,Pedicularis dolichocymba,,1,,,,,,,
10243,10496,10470,H.L.Li,321154,5334,Pedicularis dolichoglossa,,1,,,,,,,
10243,10496,10470,H.L.Li,321155,5334,Pedicularis dolichostachya,,1,,,,,,,
10243,10496,10470,Bonati,321156,5334,Pedicularis duclouxii,,1,,,,,,,
10243,10496,10470,Bonati,321157,5334,Pedicularis dunniana,,1,,,,,,,
10243,10496,10470,Hook.f.,122418,5334,Pedicularis elwesii,,1,,,,,,,
10243,10496,10470,Franch.,318310,5334,Pedicularis fargesii,,1,,,,,,,
10243,10496,10470,Franch.,321158,5334,Pedicularis fastigiata,,1,,,,,,,
10243,10496,10470,H.L.Li,321159,5334,Pedicularis fengii,,1,,,,,,,
10243,10496,10470,Hemsl.,318311,5334,Pedicularis filicifolia,,1,,,,,,,
10243,10496,10470,Franch.,321160,5334,Pedicularis filicula,,1,,,,,,,
10243,10496,10470,Prain,321161,5334,Pedicularis flaccida,,1,,,,,,,
10243,10496,10470,Franch.,321162,5334,Pedicularis floribunda,,1,,,,,,,
10243,10496,10470,P.C.Tsoong,321163,5334,Pedicularis fragarioides,,1,,,,,,,
10243,10496,10470,Maxim.,321164,5334,Pedicularis franchetiana,,1,,,,,,,
10243,10496,10470,Harry Sm. & C.H.Tsoong,321165,5334,Pedicularis geosiphon,,1,,,,,,,
10243,10496,10470,H.L.Li,137716,5334,Pedicularis glabrescens,,1,,,,,,,
10243,10496,10470,Hook.f.,138857,5334,Pedicularis globifera,,1,,,,,,,
10243,10496,10470,Wall. ex Benth.,122420,5334,Pedicularis gracilis,,1,,,,,,,
10243,10496,10470,H.L.Li,321166,5334,Pedicularis gracilituba,,1,,,,,,,
10243,10496,10470,Franch. ex Maxim.,321167,5334,Pedicularis gruina,,1,,,,,,,
10243,10496,10470,Franch. ex Maxim.,137719,5334,Pedicularis gyrorhyncha,,1,,,,,,,
10243,10496,10470,Prain,321168,5334,Pedicularis hemsleyana,,1,,,,,,,
10243,10496,10470,Maxim.,32501,5334,Pedicularis henryi,,1,,,,,,,
10243,10496,10470,Hand.-Mazz.,318312,5334,Pedicularis holocalyx,,1,,,,,,,
10243,10496,10470,P.C.Tsoong,318000,5334,Pedicularis honanensis,,1,,,,,,,
10243,10496,10470,Bonati,137720,5334,Pedicularis humilis,,1,,,,,,,
10243,10496,10470,P.C.Tsoong,321169,5334,Pedicularis inaequilobata,,1,,,,,,,
10243,10496,10470,Maxim.,321170,5334,Pedicularis ingens,,1,,,,,,,
10243,10496,10470,Bonati,321171,5334,Pedicularis insignis,,1,,,,,,,
10243,10496,10470,Hook.f.,138858,5334,Pedicularis integrifolia,,1,,,,,,,
10243,10496,10470,P.C.Tsoong,317811,5334,Pedicularis kangtingensis,,1,,,,,,,
10243,10496,10470,Maxim.,138446,5334,Pedicularis kansuensis,,1,,,,,,,
10243,10496,10470,Franch.,321172,5334,Pedicularis kialensis,,1,,,,,,,
10243,10496,10470,P.C.Tsoong & S.H.Cheng,317290,5334,Pedicularis kiangsiensis,,1,,,,,,,
10243,10496,10470,Vaniot ex Bonati,321173,5334,Pedicularis labordei,,1,,,,,,,
10243,10496,10470,Hook.f.,138447,5334,Pedicularis lachnoglossa,,1,,,,,,,
10243,10496,10470,Maxim.,321174,5334,Pedicularis lasiophrys,,1,,,,,,,
10243,10496,10470,P.C.Tsoong,321175,5334,Pedicularis latirostris,,1,,,,,,,
10243,10496,10470,Bonati,321176,5334,Pedicularis latituba,,1,,,,,,,
10243,10496,10470,Franch.,318313,5334,Pedicularis laxiflora,,1,,,,,,,
10243,10496,10470,H.L.Li,321177,5334,Pedicularis laxispica,,1,,,,,,,
10243,10496,10470,Bonati,321178,5334,Pedicularis legendrei,,1,,,,,,,
10243,10496,10470,H.L.Li,321179,5334,Pedicularis leptosiphon,,1,,,,,,,
10243,10496,10470,Hand.-Mazz.,321180,5334,Pedicularis limprichtiana,,1,,,,,,,
10243,10496,10470,Franch.,318001,5334,Pedicularis lineata,,1,,,,,,,
10243,10496,10470,H.Limpr.,321181,5334,Pedicularis lingelsheimiana,,1,,,,,,,
10243,10496,10470,Franch.,321182,5334,Pedicularis longicaulis,,1,,,,,,,
10243,10496,10470,Rudolph,70993,5334,Pedicularis longiflora,,1,,,,,,,
10243,10496,10470,Maxim.,321183,5334,Pedicularis longipes,,1,,,,,,,
10243,10496,10470,Franch.,321184,5334,Pedicularis longipetiolata,,1,,,,,,,
10243,10496,10470,H.L.Li,321185,5334,Pedicularis lophotricha,,1,,,,,,,
10243,10496,10470,Franch.,137724,5334,Pedicularis lutescens,,1,,,,,,,
10243,10496,10470,Prain ex Maxim.,321186,5334,Pedicularis lyrata,,1,,,,,,,
10243,10496,10470,Franch.,321187,5334,Pedicularis macilenta,,1,,,,,,,
10243,10496,10470,Franch.,319802,5334,Pedicularis macrosiphon,,1,,,,,,,
10243,10496,10470,Bonati,321188,5334,Pedicularis mairei,,1,,,,,,,
10243,10496,10470,H.L.Li,321189,5334,Pedicularis megalochila,,1,,,,,,,
10243,10496,10470,Franch.,321190,5334,Pedicularis melampyriflora,,1,,,,,,,
10243,10496,10470,H.L.Li,321191,5334,Pedicularis membranacea,,1,,,,,,,
10243,10496,10470,H.L.Li,321192,5334,Pedicularis merrilliana,,1,,,,,,,
10243,10496,10470,P.C.Tsoong,321193,5334,Pedicularis metaszetschuanica,,1,,,,,,,
10243,10496,10470,P.C.Tsoong & S.H.Cheng,321194,5334,Pedicularis minima,,1,,,,,,,
10243,10496,10470,P.C.Tsoong,321195,5334,Pedicularis minutilabris,,1,,,,,,,
10243,10496,10470,Franch.,321196,5334,Pedicularis moupinensis,,1,,,,,,,
10243,10496,10470,Maxim.,316477,5334,Pedicularis muscicola,,1,,,,,,,
10243,10496,10470,H.L.Li,321197,5334,Pedicularis muscoides,,1,,,,,,,
10243,10496,10470,Franch.,321198,5334,Pedicularis mussotii,,1,,,,,,,
10243,10496,10470,C.Marquand & Airy Shaw,321199,5334,Pedicularis mychophila,,1,,,,,,,
10243,10496,10470,P.C.Tsoong,318663,5334,Pedicularis nanchuanensis,,1,,,,,,,
10243,10496,10470,Franch.,318314,5334,Pedicularis nasturtiifolia,,1,,,,,,,
10243,10496,10470,Franch. ex Maxim.,461248,5334,Pedicularis delavayi,,1,,,,,,,
10243,10496,10470,(Bonati) Vaniot ex Bonati,321201,5334,Pedicularis nigra,,1,,,,,,,
10243,10496,10470,Vahl,32508,5334,Pedicularis oederi,,1,,,,,,,
10243,10496,10470,Prain,321202,5334,Pedicularis oliveriana,,1,,,,,,,
10243,10496,10470,Bonati,321203,5334,Pedicularis omiiana,,1,,,,,,,
10243,10496,10470,H.L.Li,321204,5334,Pedicularis orthocoryne,,1,,,,,,,
10243,10496,10470,Franch. ex Maxim.,319502,5334,Pedicularis oxycarpa,,1,,,,,,,
10243,10496,10470,H.L.Li,321205,5334,Pedicularis paiana,,1,,,,,,,
10243,10496,10470,H.Limpr.,321206,5334,Pedicularis paxiana,,1,,,,,,,
10243,10496,10470,Bonati,321207,5334,Pedicularis pectinatiformis,,1,,,,,,,
10243,10496,10470,H.L.Li,321208,5334,Pedicularis pentagona,,1,,,,,,,
10243,10496,10470,Bonati,321209,5334,Pedicularis petitmenginii,,1,,,,,,,
10243,10496,10470,Franch.,137729,5334,Pedicularis phaceliifolia,,1,,,,,,,
10243,10496,10470,Maxim.,321210,5334,Pedicularis plicata,,1,,,,,,,
10243,10496,10470,Hook.f.,138866,5334,Pedicularis polygaloides,,1,,,,,,,
10243,10496,10470,H.L.Li,321211,5334,Pedicularis polyodonta,,1,,,,,,,
10243,10496,10470,Bonati,137730,5334,Pedicularis praeruptorum,,1,,,,,,,
10243,10496,10470,Franch.,321212,5334,Pedicularis princeps,,1,,,,,,,
10243,10496,10470,Maxim.,321213,5334,Pedicularis przewalskii,,1,,,,,,,
10243,10496,10470,P.C.Tsoong,321214,5334,Pedicularis pseudocurvituba,,1,,,,,,,
10243,10496,10470,Bonati,321215,5334,Pedicularis pseudomelampyriflora,,1,,,,,,,
10243,10496,10470,Bonati,321216,5334,Pedicularis pseudomuscicola,,1,,,,,,,
10243,10496,10470,Bonati,321217,5334,Pedicularis pseudosteiningeri,,1,,,,,,,
10243,10496,10470,Bonati,318664,5334,Pedicularis pteridifolia,,1,,,,,,,
10243,10496,10470,Bonati,321218,5334,Pedicularis ramosissima,,1,,,,,,,
10243,10496,10470,Maxim.,321219,5334,Pedicularis recurva,,1,,,,,,,
10243,10496,10470,L.,32510,5334,Pedicularis resupinata,,1,,,,,,,
10243,10496,10470,C.B.Clarke ex Maxim.,121711,5334,Pedicularis rex,,1,,,,,,,
10243,10496,10470,Schrenk ex Fisch. & C.A.Mey.,70997,5334,Pedicularis rhinanthoides,,1,,,,,,,
10243,10496,10470,P.C.Tsoong,321220,5334,Pedicularis rhizomatosa,,1,,,,,,,
10243,10496,10470,Maxim.,321221,5334,Pedicularis rhodotricha,,1,,,,,,,
10243,10496,10470,Bureau & Franch.,321222,5334,Pedicularis rhynchodonta,,1,,,,,,,
10243,10496,10470,Franch. ex Maxim.,321223,5334,Pedicularis rigida,,1,,,,,,,
10243,10496,10470,H.P.Yang,321224,5334,Pedicularis rizhaoensis,,1,,,,,,,
10243,10496,10470,Maxim.,321225,5334,Pedicularis roborowskii,,1,,,,,,,
10243,10496,10470,Maxim.,68855,5334,Pedicularis roylei,,1,,,,,,,
10243,10496,10470,Maxim.,316764,5334,Pedicularis rudis,,1,,,,,,,
10243,10496,10470,H.P.Yang,321226,5334,Pedicularis ruoergaiensis,,1,,,,,,,
10243,10496,10470,Franch.,321227,5334,Pedicularis rupicola,,1,,,,,,,
10243,10496,10470,Franch.,137732,5334,Pedicularis salviiflora,,1,,,,,,,
10243,10496,10470,L.,77464,5334,Pedicularis sceptrum-carolinum,,1,,,,,,,
10243,10496,10470,Maxim.,321228,5334,Pedicularis scolopax,,1,,,,,,,
10243,10496,10470,Maxim.,321229,5334,Pedicularis semitorta,,1,,,,,,,
10243,10496,10470,P.C.Tsoong,316632,5334,Pedicularis shansiensis,,1,,,,,,,
10243,10496,10470,P.C.Tsoong,321230,5334,Pedicularis sherriffii,,1,,,,,,,
10243,10496,10470,Franch.,137733,5334,Pedicularis sigmoidea,,1,,,,,,,
10243,10496,10470,D.Don,138449,5334,Pedicularis siphonantha,,1,,,,,,,
10243,10496,10470,Bonati,321231,5334,Pedicularis smithiana,,1,,,,,,,
10243,10496,10470,P.C.Tsoong,321232,5334,Pedicularis sorbifolia,,1,,,,,,,
10243,10496,10470,Franch.,321233,5334,Pedicularis souliei,,1,,,,,,,
10243,10496,10470,P.C.Tsoong,321234,5334,Pedicularis sphaerantha,,1,,,,,,,
10243,10496,10470,Pall.,294272,5334,Pedicularis spicata,,1,,,,,,,
10243,10496,10470,Bonati,321235,5334,Pedicularis steiningeri,,1,,,,,,,
10243,10496,10470,Franch.,423720,5334,Pedicularis stenantha,,1,,,,,,,
10243,10496,10470,P.C.Tsoong,321237,5334,Pedicularis streptorhyncha,,1,,,,,,,
10243,10496,10470,Pall.,77465,5334,Pedicularis striata,,1,,,,,,,
10243,10496,10470,Franch.,321238,5334,Pedicularis strobilacea,,1,,,,,,,
10243,10496,10470,Franch. ex Maxim.,318315,5334,Pedicularis superba,,1,,,,,,,
10243,10496,10470,Maxim.,321239,5334,Pedicularis szetschuanica,,1,,,,,,,
10243,10496,10470,P.C.Tsoong,321240,5334,Pedicularis takpoensis,,1,,,,,,,
10243,10496,10470,P.C.Tsoong,321241,5334,Pedicularis tapaoensis,,1,,,,,,,
10243,10496,10470,Maxim.,312322,5334,Pedicularis tatarinowii,,1,,,,,,,
10243,10496,10470,Bureau & Franch.,316299,5334,Pedicularis tatsienensis,,1,,,,,,,
10243,10496,10470,P.C.Tsoong,321242,5334,Pedicularis tenacifolia,,1,,,,,,,
10243,10496,10470,H.L.Li,321243,5334,Pedicularis tenera,,1,,,,,,,
10243,10496,10470,Franch. ex Maxim.,137734,5334,Pedicularis tenuisecta,,1,,,,,,,
10243,10496,10470,Pennell & H.L.Li,321244,5334,Pedicularis tenuituba,,1,,,,,,,
10243,10496,10470,Maxim.,316765,5334,Pedicularis ternata,,1,,,,,,,
10243,10496,10470,(Hand.-Mazz.) H.L.Li,321245,5334,Pedicularis thamnophila,,1,,,,,,,
10243,10496,10470,Franch.,321246,5334,Pedicularis tibetica,,1,,,,,,,
10243,10496,10470,Franch.,321247,5334,Pedicularis tongolensis,,1,,,,,,,
10243,10496,10470,Maxim.,318316,5334,Pedicularis torta,,1,,,,,,,
10243,10496,10470,(Maxim.) Maxim.,398325,5334,Pedicularis refracta,,1,,,,,,,
10243,10496,10470,P.C.Tsoong,319803,5334,Pedicularis triangularidens,,1,,,,,,,
10243,10496,10470,H.L.Li,321248,5334,Pedicularis trichocymba,,1,,,,,,,
10243,10496,10470,Hook.f.,137735,5334,Pedicularis trichoglossa,,1,,,,,,,
10243,10496,10470,H.L.Li,321249,5334,Pedicularis trichomata,,1,,,,,,,
10243,10496,10470,Hand.-Mazz.,321250,5334,Pedicularis tricolor,,1,,,,,,,
10243,10496,10470,L.,102633,5334,Pedicularis tristis,,1,,,,,,,
10243,10496,10470,Bonati,137736,5334,Pedicularis tsekouensis,,1,,,,,,,
10243,10496,10470,H.L.Li,321251,5334,Pedicularis umbelliformis,,1,,,,,,,
10243,10496,10470,P.C.Tsoong,321252,5334,Pedicularis urceolata,,1,,,,,,,
10243,10496,10470,Hemsl.,321253,5334,Pedicularis vagans,,1,,,,,,,
10243,10496,10470,H.L.Li,321254,5334,Pedicularis variegata,,1,,,,,,,
10243,10496,10470,Franch. ex Maxim.,321255,5334,Pedicularis verbenifolia,,1,,,,,,,
10243,10496,10470,Franch.,321256,5334,Pedicularis veronicifolia,,1,,,,,,,
10243,10496,10470,L.,32516,5334,Pedicularis verticillata,,1,,,,,,,
10243,10496,10470,Franch.,137738,5334,Pedicularis vialii,,1,,,,,,,
10243,10496,10470,Bonati,321257,5334,Pedicularis wilsonii,,1,,,,,,,
10243,10496,10470,H.P.Yang,321258,5334,Pedicularis xiangchengensis,,1,,,,,,,
10243,10496,10470,H.P.Yang,321259,5334,Pedicularis yanyuanensis,,1,,,,,,,
10243,10496,10470,"(Hook.f. & Thomson) Al-Shehbaz, G.Q.Hao & J.Quan Liu",445394,3263,Eutrema scapiflorum,,1,,,,,,,
10243,10496,10470,L.,32521,5337,Peganum harmala,,1,,,,,,,
10243,10496,10470,Hance,32551,5343,Peliosanthes macrostegia,,1,,,,,,,
10243,10496,10470,(C.Chr.) Christenh.,461249,3727,Hemionitis connectens,,1,,,,,,,
10243,10496,10470,(Sw.) Christenh.,369582,3727,Hemionitis calomelanos,,1,,,,,,,
10243,10496,10470,(Brause) Christenh.,441649,3727,Hemionitis mairei,,1,,,,,,,
10243,10496,10470,(Baker) Christenh.,460905,3727,Hemionitis patula,,1,,,,,,,
10243,10496,10470,(Fraser-Jenk. & Yatsk.) Christenh.,461250,3727,Hemionitis christii,,1,,,,,,,
10243,10496,10470,Christenh.,461251,3727,Hemionitis christensenii,,1,,,,,,,
10243,10496,10470,(Baker) Christenh.,461252,3727,Hemionitis trichophylla,,1,,,,,,,
10243,10496,10470,(Ching) Christenh.,461253,3727,Hemionitis yunnanensis,,1,,,,,,,
10243,10496,10470,(Wedd.) Hallier f.,441658,3066,Elatostema heterolobum,,1,,,,,,,
10243,10496,10470,(Siebold & Zucc.) Wedd.,441661,3066,Elatostema radicans,,1,,,,,,,
10243,10496,10470,W.T.Wang,317291,5346,Pellionia retrohispida,,1,,,,,,,
10243,10496,10470,(Raf.) Merr.,441662,5346,Pellionia pellucida,,1,,,,,,,
10243,10496,10470,C.H.Wright,318318,5346,Pellionia viridis,,1,,,,,,,
10243,10496,10470,(L.) Thunb.,441665,2103,Cenchrus alopecuroides,,1,,,,,,,
10243,10496,10470,(Griseb.) Morrone,350058,2103,Cenchrus flaccidus,,1,,,,,,,
10243,10496,10470,(S.L.Chen & Y.X.Jin) Morrone,457697,2103,Cenchrus longissimus,,1,,,,,,,
10243,10496,10470,(S.L.Zhong) Morrone,457709,2103,Cenchrus qianningensis,,1,,,,,,,
10243,10496,10470,(S.L.Chen & Y.X.Jin) Morrone,457714,2103,Cenchrus shaanxiensis,,1,,,,,,,
10243,10496,10470,"(C.Chr.) M.Kato, T.Suzuki & N.Nakato",435206,5106,Onoclea intermedia,,1,,,,,,,
10243,10496,10470,"(C.Chr.) M.Kato, T.Suzuki & N.Nakato",435206,5106,Onoclea intermedia,,1,,,,,,,
10243,10496,10470,(Hook.) Hook.,30909,5106,Onoclea orientalis,,1,,,,,,,
10243,10496,10470,Pursh,32653,5379,Penthorum chinense,,1,,,,,,,
10243,10496,10470,Miq.,121713,5382,Peperomia heyneana,,1,,,,,,,
10243,10496,10470,(G.Forst.) Hook. & Arn.,32834,5382,Peperomia tetraphylla,,1,,,,,,,
10243,10496,10470,(Wall.) Hook.f. & Thomson,32861,5385,Peracarpa carnosa,,1,,,,,,,
10243,10496,10470,Li Bing Zhang,433687,2990,Dryopteris peranema,,1,,,,,,,
10243,10496,10470,(Lam.) Merr.,32897,5394,Pericampylus glaucus,,1,,,,,,,
10243,10496,10470,(Wight) Falc.,78935,5399,Periploca calophylla,,1,,,,,,,
10243,10496,10470,Tsiang,137743,5399,Periploca floribunda,,1,,,,,,,
10243,10496,10470,Schltr.,137744,5399,Periploca forrestii,,1,,,,,,,
10243,10496,10470,Bunge,309483,5399,Periploca sepium,,1,,,,,,,
10243,10496,10470,(Thunb.) Makino,143358,2830,Dicliptera japonica,,1,,,,,,,
10243,10496,10470,W.W.Sm.,321265,5401,Peristrophe yunnanensis,,1,,,,,,,
10243,10496,10470,(D.Don) Seidenf.,137745,5402,Peristylus affinis,,1,,,,,,,
10243,10496,10470,(Rolfe) Tang & F.T.Wang,455083,3747,Herminium bulleyi,,1,,,,,,,
10243,10496,10470,(Finet) Schltr.,451479,3747,Herminium coeloceras,,1,,,,,,,
10243,10496,10470,(Lindl.) Santapau & Kapadia,32918,5402,Peristylus densus,,1,,,,,,,
10243,10496,10470,(Lindl.) Hook.f.,451615,3747,Herminium fallax,,1,,,,,,,
10243,10496,10470,(Finet) Schltr.,455084,3747,Herminium forceps,,1,,,,,,,
10243,10496,10470,Tang & F.T.Wang,455085,3747,Herminium suave,,1,,,,,,,
10243,10496,10470,(D.Don) Lindl.,32919,5402,Peristylus goodyeroides,,1,,,,,,,
10243,10496,10470,K.Y.Lang,190472,5402,Peristylus jinchuanicus,,1,,,,,,,
10243,10496,10470,(Lindl.) J.J.Sm.,32922,5402,Peristylus lacertifer,,1,,,,,,,
10243,10496,10470,(Rchb.f.) Tang & F.T.Wang,453415,3747,Herminium mannii,,1,,,,,,,
10243,10496,10470,Ames & Schltr.,455086,3747,Herminium neotineoides,,1,,,,,,,
10243,10496,10470,Nees,32944,5407,Perotis hordeiformis,,1,,,,,,,
10243,10496,10470,(L.) Kuntze,32945,5407,Perotis indica,,1,,,,,,,
10243,10496,10470,(Oliv.) Loes.,222741,5408,Perrottetia racemosa,,1,,,,,,,
10243,10496,10470,(Hand.-Mazz.) Y.C.Tseng,321266,5413,Pertya berberidoides,,1,,,,,,,
10243,10496,10470,Rehder,318319,5413,Pertya discolor,,1,,,,,,,
10243,10496,10470,Y.C.Tseng,317294,5413,Pertya henanensis,,1,,,,,,,
10243,10496,10470,Jeffrey,137747,5413,Pertya phylicoides,,1,,,,,,,
10243,10496,10470,Oliv.,316634,5413,Pertya sinensis,,1,,,,,,,
10243,10496,10470,Y.Ling,319804,5413,Pertya tsoongiana,,1,,,,,,,
10243,10496,10470,Kitam.,33019,5417,Petasites formosanus,,1,,,,,,,
10243,10496,10470,(Siebold & Zucc.) Maxim.,33023,5417,Petasites japonicus,,1,,,,,,,
10243,10496,10470,Hand.-Mazz.,321267,5417,Petasites versipilus,,1,,,,,,,
10243,10496,10470,Craib,321268,13214,Petrocosmea duclouxii,,1,,,,,,,
10243,10496,10470,Craib,149723,13214,Petrocosmea flaccida,,1,,,,,,,
10243,10496,10470,Craib,321269,13214,Petrocosmea forrestii,,1,,,,,,,
10243,10496,10470,H.Lév.,321270,13214,Petrocosmea mairei,,1,,,,,,,
10243,10496,10470,Craib,321271,13214,Petrocosmea nervosa,,1,,,,,,,
10243,10496,10470,Craib,321272,13214,Petrocosmea oblata,,1,,,,,,,
10243,10496,10470,Chun ex W.T.Wang,321273,13214,Petrocosmea sichuanensis,,1,,,,,,,
10243,10496,10470,Oliv.,317496,13214,Petrocosmea sinensis,,1,,,,,,,
10243,10496,10470,(K.Krause) Gagnep.,214209,5427,Petrosavia sinii,,1,,,,,,,
10243,10496,10470,(H.Boissieu) Manden.,451425,12352,Tetrataenium bivittatum,,1,,,,,,,
10243,10496,10470,Fedde ex H.Wolff,318321,5430,Peucedanum dielsianum,,1,,,,,,,
10243,10496,10470,(Diels) H.Wolff,318322,5430,Peucedanum dissolutum,,1,,,,,,,
10243,10496,10470,(H.Wolff) Lavrova & Kljuykov,461222,16369,Ligusticopsis likiangensis,,1,,,,,,,
10243,10496,10470,Fedde ex H.Wolff,316300,5430,Peucedanum harry-smithii,,1,,,,,,,
10243,10496,10470,R.H.Shan & M.L.Sheh,317812,5430,Peucedanum longshengense,,1,,,,,,,
10243,10496,10470,(Franch.) Pimenov,461254,15907,Kitagawia macilenta,,1,,,,,,,
10243,10496,10470,Dunn,317013,5430,Peucedanum medicum,,1,,,,,,,
10243,10496,10470,(Dunn) Pimenov,460275,15907,Kitagawia praeruptora,,1,,,,,,,
10243,10496,10470,Hand.-Mazz.,321277,5430,Peucedanum pubescens,,1,,,,,,,
10243,10496,10470,F.L.Chen & Y.F.Deng,461072,5430,Peucedanum shanianum,,1,,,,,,,
10243,10496,10470,R.H.Shan & F.T.Pu,321278,5430,Peucedanum songpanense,,1,,,,,,,
10243,10496,10470,(Fisch. ex Trevir.) Pimenov,441727,15907,Kitagawia terebinthacea,,1,,,,,,,
10243,10496,10470,(Dunn) Pimenov,460275,15907,Kitagawia praeruptora,,1,,,,,,,
10243,10496,10470,R.H.Shan & M.L.Sheh,318667,5430,Peucedanum wulongense,,1,,,,,,,
10243,10496,10470,Siebold & Zucc.,294516,14552,Phacellanthus tubiflorus,,1,,,,,,,
10243,10496,10470,Benth.,123355,5434,Phacellaria compressa,,1,,,,,,,
10243,10496,10470,Lecomte,318325,5434,Phacellaria fargesii,,1,,,,,,,
10243,10496,10470,Benth.,33076,5434,Phacellaria rigidula,,1,,,,,,,
10243,10496,10470,(Steud.) Ohwi,33078,5435,Phacelurus latifolius,,1,,,,,,,
10243,10496,10470,S.L.Zhong,457728,5435,Phacelurus trichophyllus,,1,,,,,,,
10243,10496,10470,Munro ex Benth.,227662,5437,Phaenosperma globosum,,1,,,,,,,
10243,10496,10470,(Maxim.) D.A.German & Al-Shehbaz,461168,12512,Solms-laubachia villosa,,1,,,,,,,
10243,10496,10470,(Blume) Lindl.,33092,5439,Phaius flavus,,1,,,,,,,
10243,10496,10470,(Lindl. & Paxton) Rchb.f.,33094,5439,Phaius mishmensis,,1,,,,,,,
10243,10496,10470,Rolfe,137750,5440,Phalaenopsis wilsonii,,1,,,,,,,
10243,10496,10470,L.,33108,5441,Phalaris arundinacea,,1,,,,,,,
10243,10496,10470,(H.Lév.) Nakaike,435237,1412,Arachniodes blinii,,1,,,,,,,
10243,10496,10470,(L.) 't Hart,398543,11819,Phedimus aizoon,,1,,,,,,,
10243,10496,10470,(L.) 't Hart,444031,11819,Phedimus hybridus,,1,,,,,,,
10243,10496,10470,(Fisch.) 't Hart,442442,11819,Phedimus kamtschaticus,,1,,,,,,,
10243,10496,10470,(Fröd.) 't Hart,318326,11819,Phedimus odontophyllus,,1,,,,,,,
10243,10496,10470,(Michx.) Watt,33149,5453,Phegopteris connectilis,,1,,,,,,,
10243,10496,10470,(H.C.Hall) Fée,33150,5453,Phegopteris decursive-pinnata,,1,,,,,,,
10243,10496,10470,Rupr.,126780,5457,Phellodendron amurense,,1,,,,,,,
10243,10496,10470,C.K.Schneid.,33170,5457,Phellodendron chinense,,1,,,,,,,
10243,10496,10470,(Rehder) S.M.Hwang,321280,5462,Philadelphus calvescens,,1,,,,,,,
10243,10496,10470,L.Henry,122429,5462,Philadelphus delavayi,,1,,,,,,,
10243,10496,10470,Koehne,137751,5462,Philadelphus henryi,,1,,,,,,,
10243,10496,10470,Koehne,149805,5462,Philadelphus incanus,,1,,,,,,,
10243,10496,10470,(Rehder) S.Y.Hu,316638,5462,Philadelphus kansuensis,,1,,,,,,,
10243,10496,10470,Rehder,316639,5462,Philadelphus laxiflorus,,1,,,,,,,
10243,10496,10470,Rupr.,310976,5462,Philadelphus pekinensis,,1,,,,,,,
10243,10496,10470,(Koehne) Rehder,137753,5462,Philadelphus purpurascens,,1,,,,,,,
10243,10496,10470,Koehne,316478,5462,Philadelphus sericanthus,,1,,,,,,,
10243,10496,10470,Koehne,316834,5462,Philadelphus subcanus,,1,,,,,,,
10243,10496,10470,S.M.Hwang,321281,5462,Philadelphus tetragonus,,1,,,,,,,
10243,10496,10470,Wall. ex G.Don,137754,5462,Philadelphus tomentosus,,1,,,,,,,
10243,10496,10470,Ching,22458,3868,Huperzia austrosinica,,1,,,,,,,
10243,10496,10470,(Herter) Holub,22469,3868,Huperzia fargesii,,1,,,,,,,
10243,10496,10470,(Baker) R.D.Dixit,22471,3868,Huperzia fordii,,1,,,,,,,
10243,10496,10470,L.,33250,5473,Phleum alpinum,,1,,,,,,,
10243,10496,10470,Huds.,33257,5473,Phleum paniculatum,,1,,,,,,,
10243,10496,10470,(L.) H.Karst.,33258,5473,Phleum phleoides,,1,,,,,,,
10243,10496,10470,L.,33259,5473,Phleum pratense,,1,,,,,,,
10243,10496,10470,(Nees) Nees,121325,5475,Phlogacanthus curviflorus,,1,,,,,,,
10243,10496,10470,T.Anderson,121717,5475,Phlogacanthus pubinervius,,1,,,,,,,
10243,10496,10470,"(Bunge) Adylov, Kamelin & Makhm.",192812,5477,Phlomoides agraria,,1,,,,,,,
10243,10496,10470,(Dunn) Kamelin & Makhm.,192820,5477,Phlomoides atropurpurea,,1,,,,,,,
10243,10496,10470,(Diels) Kamelin & Makhm.,192827,5477,Phlomoides betonicoides,,1,,,,,,,
10243,10496,10470,(C.Y.Wu) Kamelin & Makhm.,192834,5477,Phlomoides congesta,,1,,,,,,,
10243,10496,10470,(C.Y.Wu) C.L.Xiang & H.Peng,455186,5477,Phlomoides cuneata,,1,,,,,,,
10243,10496,10470,(C.Y.Wu) Kamelin & Makhm.,192852,5477,Phlomoides inaequalisepala,,1,,,,,,,
10243,10496,10470,(C.Y.Wu) Kamelin & Makhm.,192865,5477,Phlomoides longicalyx,,1,,,,,,,
10243,10496,10470,(Diels) Kamelin & Makhm.,192867,5477,Phlomoides medicinalis,,1,,,,,,,
10243,10496,10470,(Diels) Kamelin & Makhm.,192868,5477,Phlomoides megalantha,,1,,,,,,,
10243,10496,10470,(Diels) Kamelin & Makhm.,137757,5477,Phlomoides melanantha,,1,,,,,,,
10243,10496,10470,(Turcz.) Kamelin & A.L.Budantsev,149833,5477,Phlomoides mongolica,,1,,,,,,,
10243,10496,10470,(C.Y.Wu) Kamelin & Makhm.,192871,5477,Phlomoides muliensis,,1,,,,,,,
10243,10496,10470,(C.Y.Wu) Kamelin & Makhm.,192873,5477,Phlomoides ornata,,1,,,,,,,
10243,10496,10470,(C.Y.Wu) Kamelin & Makhm.,192875,5477,Phlomoides paohsingensis,,1,,,,,,,
10243,10496,10470,(Y.Z.Sun) Kamelin & Makhm.,192878,5477,Phlomoides pedunculata,,1,,,,,,,
10243,10496,10470,"(Kar. & Kir.) Adylov, Kamelin & Makhm.",165240,5477,Phlomoides pratensis,,1,,,,,,,
10243,10496,10470,(Bureau & Franch.) Kamelin & Makhm.,192892,5477,Phlomoides setifera,,1,,,,,,,
10243,10496,10470,(C.Y.Wu) Kamelin & Makhm.,192899,5477,Phlomoides szechuanensis,,1,,,,,,,
10243,10496,10470,(Bureau & Franch.) Kamelin & Makhm.,192901,5477,Phlomoides tatsienensis,,1,,,,,,,
10243,10496,10470,(Turcz.) Kamelin & Makhm.,33272,5477,Phlomoides umbrosa,,1,,,,,,,
10243,10496,10470,(Mukerjee) Kamelin & Makhm.,192912,5477,Phlomoides younghushandii,,1,,,,,,,
10243,10496,10470,Meisn.,122434,5479,Phoebe angustifolia,,1,,,,,,,
10243,10496,10470,(Hemsl.) Y.C.Yang,317297,5479,Phoebe bournei,,1,,,,,,,
10243,10496,10470,C.B.Shang,317298,5479,Phoebe chekiangensis,,1,,,,,,,
10243,10496,10470,"L.Li, J.Li & H.W.Li",452559,4452,Machilus montana,,1,,,,,,,
10243,10496,10470,(Hemsl.) Chun,311007,5479,Phoebe faberi,,1,,,,,,,
10243,10496,10470,"(W.W.Sm.) L.Li, J.Li & H.W.Li",137759,4452,Machilus forrestii,,1,,,,,,,
10243,10496,10470,W.C.Cheng ex Y.C.Yang,318671,5479,Phoebe hui,,1,,,,,,,
10243,10496,10470,Hand.-Mazz.,317299,5479,Phoebe hunanensis,,1,,,,,,,
10243,10496,10470,(Nees) Nees,449860,5479,Phoebe lanceolata,,1,,,,,,,
10243,10496,10470,Lecomte,321283,5479,Phoebe legendrei,,1,,,,,,,
10243,10496,10470,"(H.W.Li) L.Li, J.Li & H.W.Li",137760,4452,Machilus microphylla,,1,,,,,,,
10243,10496,10470,(Hemsl.) Gamble,33281,5479,Phoebe neurantha,,1,,,,,,,
10243,10496,10470,S.K.Lee & F.N.Wei,317015,5479,Phoebe neuranthoides,,1,,,,,,,
10243,10496,10470,H.W.Li,321284,5479,Phoebe rufescens,,1,,,,,,,
10243,10496,10470,(Hemsl.) Gamble,149847,5479,Phoebe sheareri,,1,,,,,,,
10243,10496,10470,S.K.Lee & F.N.Wei,149850,5479,Phoebe zhennan,,1,,,,,,,
10243,10496,10470,O'Brien,33293,5481,Phoenix roebelenii,,1,,,,,,,
10243,10496,10470,(Lindl.) Rchb.f.,449757,2384,Coelogyne articulata,,1,,,,,,,
10243,10496,10470,(Hook.) Rchb.f.,441744,2384,Coelogyne imbricata,,1,,,,,,,
10243,10496,10470,(Lindl.) Rchb.f.,441743,2384,Coelogyne chinensis,,1,,,,,,,
10243,10496,10470,(Hook.) Rchb.f.,441744,2384,Coelogyne imbricata,,1,,,,,,,
10243,10496,10470,T.T.Yu,33337,5487,Photinia anlungensis,,1,,,,,,,
10243,10496,10470,(Wall. ex Lindl.) Decne.,441748,19389,Pourthiaea arguta,,1,,,,,,,
10243,10496,10470,Rehder & E.H.Wilson,321285,5487,Photinia berberidifolia,,1,,,,,,,
10243,10496,10470,(Wall. ex Lindl.) Decne.,441748,19389,Pourthiaea arguta,,1,,,,,,,
10243,10496,10470,"(H.Lév.) Long Y.Wang, W.B.Liao & W.Guo",441750,11712,Stranvaesia bodinieri,,1,,,,,,,
10243,10496,10470,H.Lév.,137765,5487,Photinia crassifolia,,1,,,,,,,
10243,10496,10470,(Thunb.) Jacob-Makoy,33343,5487,Photinia glabra,,1,,,,,,,
10243,10496,10470,Decne.,451481,5487,Photinia griffithii,,1,,,,,,,
10243,10496,10470,Hand.-Mazz.,317301,5487,Photinia hirsuta,,1,,,,,,,
10243,10496,10470,Lindl.,121720,5487,Photinia integrifolia,,1,,,,,,,
10243,10496,10470,(Thunb.) Decne.,436310,19389,Pourthiaea villosa,,1,,,,,,,
10243,10496,10470,T.T.Yu,317017,5487,Photinia lanuginosa,,1,,,,,,,
10243,10496,10470,(Franch.) C.K.Schneid.,137767,5487,Photinia lasiogyna,,1,,,,,,,
10243,10496,10470,W.W.Sm.,314243,5487,Photinia loriformis,,1,,,,,,,
10243,10496,10470,(Thunb.) Decne.,436310,19389,Pourthiaea villosa,,1,,,,,,,
10243,10496,10470,(T.T.Yu) Iketani & H.Ohashi,460906,19389,Pourthiaea pilosicalyx,,1,,,,,,,
10243,10496,10470,(Franch.) C.K.Schneid.,317304,5487,Photinia prionophylla,,1,,,,,,,
10243,10496,10470,(Hook. & Arn.) Lindl.,33346,5487,Photinia prunifolia,,1,,,,,,,
10243,10496,10470,(Wall. ex Lindl.) Decne.,441748,19389,Pourthiaea arguta,,1,,,,,,,
10243,10496,10470,(Desf.) Kalkman,33348,5487,Photinia serratifolia,,1,,,,,,,
10243,10496,10470,(Thunb.) Decne.,436310,19389,Pourthiaea villosa,,1,,,,,,,
10243,10496,10470,(Cav.) Trin. ex Steud.,33352,5488,Phragmites australis,,1,,,,,,,
10243,10496,10470,(Retz.) Trin. ex Steud.,33354,5488,Phragmites karka,,1,,,,,,,
10243,10496,10470,L.,124332,11811,Phryma leptostachya,,1,,,,,,,
10243,10496,10470,(Thunb.) Kanitz,33377,5491,Phtheirospermum japonicum,,1,,,,,,,
10243,10496,10470,"(Bureau & Franch.) Pinto-Carr., E.Rico & M.M.Mart.Ort.",451482,12473,Pterygiella tenuisecta,,1,,,,,,,
10243,10496,10470,(L.) Greene,33384,5495,Phyla nodiflora,,1,,,,,,,
10243,10496,10470,Guillaumin,311234,5499,Phyllagathis cavaleriei,,1,,,,,,,
10243,10496,10470,C.Chen ex Govaerts,460847,1825,Bredia longiradiosa,,1,,,,,,,
10243,10496,10470,Croizat & Metcalf,33455,5501,Phyllanthus chekiangensis,,1,,,,,,,
10243,10496,10470,Hook.f.,123594,5501,Phyllanthus clarkei,,1,,,,,,,
10243,10496,10470,Spreng.,33463,5501,Phyllanthus cochinchinensis,,1,,,,,,,
10243,10496,10470,L.,33489,5501,Phyllanthus emblica,,1,,,,,,,
10243,10496,10470,(Siebold & Zucc.) Müll.Arg.,33496,5501,Phyllanthus flexuosus,,1,,,,,,,
10243,10496,10470,H.Lév.,193267,5501,Phyllanthus franchetianus,,1,,,,,,,
10243,10496,10470,Wall. ex Müll.Arg.,441756,5501,Phyllanthus glaucus,,1,,,,,,,
10243,10496,10470,Poir.,33622,5501,Phyllanthus reticulatus,,1,,,,,,,
10243,10496,10470,W.W.Sm.,33656,5501,Phyllanthus tsarongensis,,1,,,,,,,
10243,10496,10470,L.,33663,5501,Phyllanthus urinaria,,1,,,,,,,
10243,10496,10470,Rupr. & Maxim.,33664,5501,Phyllanthus ussuriensis,,1,,,,,,,
10243,10496,10470,G.Forst.,33668,5501,Phyllanthus virgatus,,1,,,,,,,
10243,10496,10470,(Lour.) Desv.,33682,5506,Phyllodium elegans,,1,,,,,,,
10243,10496,10470,(André) Rivière & C.Rivière,33690,5510,Phyllostachys aurea,,1,,,,,,,
10243,10496,10470,(Carrière) J.Houz.,149890,5510,Phyllostachys edulis,,1,,,,,,,
10243,10496,10470,McClure,227679,5510,Phyllostachys glauca,,1,,,,,,,
10243,10496,10470,Oliv.,149888,5510,Phyllostachys heteroclada,,1,,,,,,,
10243,10496,10470,(Lodd. ex Lindl.) Munro,33694,5510,Phyllostachys nigra,,1,,,,,,,
10243,10496,10470,(Rupr.) K.Koch,441758,5510,Phyllostachys reticulata,,1,,,,,,,
10243,10496,10470,H.R.Zhao & A.T.Liu,227695,5510,Phyllostachys stimulosa,,1,,,,,,,
10243,10496,10470,Rendle,227698,5510,Phyllostachys veitchiana,,1,,,,,,,
10243,10496,10470,"(Ching) S.G.Lu, Hovenkamp & M.G.Gilbert",435227,6312,Selliguea conjuncta,,1,,,,,,,
10243,10496,10470,"(Ching) S.G.Lu, Hovenkamp & M.G.Gilbert",435375,6312,Selliguea conmixta,,1,,,,,,,
10243,10496,10470,"(C.B.Clarke) S.G.Lu, Hovenkamp & M.G.Gilbert",461037,6312,Selliguea crenatopinnata,,1,,,,,,,
10243,10496,10470,"(Christ) S.G.Lu, Hovenkamp & M.G.Gilbert",435225,6312,Selliguea dactylina,,1,,,,,,,
10243,10496,10470,"(Ching) S.G.Lu, Hovenkamp & M.G.Gilbert",435226,6312,Selliguea digitata,,1,,,,,,,
10243,10496,10470,(Hook.) S.Linds.,458082,6312,Selliguea ebenipes,,1,,,,,,,
10243,10496,10470,(Luerss.) Fraser-Jenk.,231671,6312,Selliguea engleri,,1,,,,,,,
10243,10496,10470,"(Franch.) S.G.Lu, Hovenkamp & M.G.Gilbert",461255,6312,Selliguea glaucopsis,,1,,,,,,,
10243,10496,10470,(Hook.) Fraser-Jenk.,231587,6312,Selliguea griffithiana,,1,,,,,,,
10243,10496,10470,(Thunb.) Fraser-Jenk.,231675,6312,Selliguea hastata,,1,,,,,,,
10243,10496,10470,(C.Chr.) Fraser-Jenk.,231676,6312,Selliguea majoensis,,1,,,,,,,
10243,10496,10470,"(Hook.) S.G.Lu, Hovenkamp & M.G.Gilbert",458083,6312,Selliguea malacodon,,1,,,,,,,
10243,10496,10470,"(Bedd.) S.G.Lu, Hovenkamp & M.G.Gilbert",458084,6312,Selliguea stewartii,,1,,,,,,,
10243,10496,10470,"(Christ) S.G.Lu, Hovenkamp & M.G.Gilbert",458085,6312,Selliguea nigrovenia,,1,,,,,,,
10243,10496,10470,"(Ching) S.G.Lu, Hovenkamp & M.G.Gilbert",433637,6312,Selliguea obtusa,,1,,,,,,,
10243,10496,10470,"(Ching) S.G.Lu, Hovenkamp & M.G.Gilbert",435376,6312,Selliguea omeiensis,,1,,,,,,,
10243,10496,10470,(Wall. ex Kunze) Fraser-Jenk.,231678,6312,Selliguea oxyloba,,1,,,,,,,
10243,10496,10470,(Hayata) H.Ohashi & K.Ohashi,231681,6312,Selliguea quasidivaricata,,1,,,,,,,
10243,10496,10470,(Hook.) Fraser-Jenk.,231682,6312,Selliguea rhynchophylla,,1,,,,,,,
10243,10496,10470,"(Maxim.) S.G.Lu, Hovenkamp & M.G.Gilbert",315064,6312,Selliguea senanensis,,1,,,,,,,
10243,10496,10470,"(Bedd.) S.G.Lu, Hovenkamp & M.G.Gilbert",458084,6312,Selliguea stewartii,,1,,,,,,,
10243,10496,10470,(Hayata) H.Ohashi & K.Ohashi,231681,6312,Selliguea quasidivaricata,,1,,,,,,,
10243,10496,10470,"(Ching) S.G.Lu, Hovenkamp & M.G.Gilbert",435378,6312,Selliguea tenuipes,,1,,,,,,,
10243,10496,10470,"(Ching & S.K.Wu) S.G.Lu, Hovenkamp & M.G.Gilbert",461256,6312,Selliguea tibetana,,1,,,,,,,
10243,10496,10470,(Baker) Fraser-Jenk.,231686,6312,Selliguea trisecta,,1,,,,,,,
10243,10496,10470,(Hemsl.) Hunz.,460690,7137,Withania heterophylla,,1,,,,,,,
10243,10496,10470,(Hemsl.) Hunz.,460849,7137,Withania sinensis,,1,,,,,,,
10243,10496,10470,L.,33759,5517,Physalis angulata,,1,,,,,,,
10243,10496,10470,L.,33759,5517,Physalis angulata,,1,,,,,,,
10243,10496,10470,Kuang,316640,9192,Physochlaina infundibularis,,1,,,,,,,
10243,10496,10470,Bonati,321289,9192,Physochlaina macrophylla,,1,,,,,,,
10243,10496,10470,(H.Wolff & Hand.-Mazz.) R.H.Shan,321290,12483,Physospermopsis alepidioides,,1,,,,,,,
10243,10496,10470,(H.Wolff) Constance & F.T.Pu ex S.L.Liou,321008,9824,Meeboldia yunnanensis,,1,,,,,,,
10243,10496,10470,(Franch.) H.Wolff,318332,12483,Physospermopsis delavayi,,1,,,,,,,
10243,10496,10470,(DC.) C.Norman,138882,12483,Physospermopsis obtusiuscula,,1,,,,,,,
10243,10496,10470,R.H.Shan & S.L.Liou,321292,12483,Physospermopsis muliensis,,1,,,,,,,
10243,10496,10470,(DC.) C.Norman,138882,12483,Physospermopsis obtusiuscula,,1,,,,,,,
10243,10496,10470,Franch.,461257,12360,Trachydium rubrinerve,,1,,,,,,,
10243,10496,10470,C.Y.Wu & F.T.Pu,321294,12483,Physospermopsis shaniana,,1,,,,,,,
10243,10496,10470,Roxb.,33797,5525,Phytolacca acinosa,,1,,,,,,,
10243,10496,10470,Batalin,33804,5525,Phytolacca polyandra,,1,,,,,,,
10243,10496,10470,Mast.,149908,5528,Picea asperata,,1,,,,,,,
10243,10496,10470,(Franch.) E.Pritz.,122436,5528,Picea brachytyla,,1,,,,,,,
10243,10496,10470,Kom.,149910,5528,Picea crassifolia,,1,,,,,,,
10243,10496,10470,(Franch.) E.Pritz.,137771,5528,Picea likiangensis,,1,,,,,,,
10243,10496,10470,Rehder & E.H.Wilson,149913,5528,Picea meyeri,,1,,,,,,,
10243,10496,10470,Mast.,222818,5528,Picea neoveitchii,,1,,,,,,,
10243,10496,10470,Mast.,149914,5528,Picea purpurea,,1,,,,,,,
10243,10496,10470,Mast.,222820,5528,Picea wilsonii,,1,,,,,,,
10243,10496,10470,(D.Don) Benn.,33836,5534,Picrasma quassioides,,1,,,,,,,
10243,10496,10470,L.,33844,5537,Picris hieracioides,,1,,,,,,,
10243,10496,10470,Thunb.,441770,5537,Picris japonica,,1,,,,,,,
10243,10496,10470,(Wall.) D.Don,33857,5540,Pieris formosa,,1,,,,,,,
10243,10496,10470,(Thunb.) D.Don ex G.Don,33858,5540,Pieris japonica,,1,,,,,,,
10243,10496,10470,Hemsl.,33859,5540,Pieris swinhoei,,1,,,,,,,
10243,10496,10470,(Blume) Blume,33871,5542,Pilea angulata,,1,,,,,,,
10243,10496,10470,Dunn,33875,5542,Pilea aquarum,,1,,,,,,,
10243,10496,10470,Wedd.,137775,5542,Pilea bracteosa,,1,,,,,,,
10243,10496,10470,H.Lév.,33898,5542,Pilea cavaleriei,,1,,,,,,,
10243,10496,10470,C.J.Chen & Z.X.Peng,321295,5542,Pilea gansuensis,,1,,,,,,,
10243,10496,10470,Hand.-Mazz.,137777,5542,Pilea hilliana,,1,,,,,,,
10243,10496,10470,(Maxim.) Hand.-Mazz.,441777,5542,Pilea japonica,,1,,,,,,,
10243,10496,10470,Hand.-Mazz.,317637,5542,Pilea lomatogramma,,1,,,,,,,
10243,10496,10470,Hand.-Mazz.,319530,5542,Pilea longicaulis,,1,,,,,,,
10243,10496,10470,S.S.Chien & C.J.Chen,317819,5542,Pilea longipedunculata,,1,,,,,,,
10243,10496,10470,(H.Lév.) Hand.-Mazz.,451484,5542,Pilea martini,,1,,,,,,,
10243,10496,10470,Hand.-Mazz.,137780,5542,Pilea monilifera,,1,,,,,,,
10243,10496,10470,C.H.Wright,125399,5542,Pilea notata,,1,,,,,,,
10243,10496,10470,C.J.Chen,321296,5542,Pilea pauciflora,,1,,,,,,,
10243,10496,10470,(Gaudich.) Hook. & Arn.,34017,5542,Pilea peploides,,1,,,,,,,
10243,10496,10470,C.H.Wright,34020,5542,Pilea plataniflora,,1,,,,,,,
10243,10496,10470,A.Gray,34029,5542,Pilea pumila,,1,,,,,,,
10243,10496,10470,(Royle) Tuyama,137785,5542,Pilea racemosa,,1,,,,,,,
10243,10496,10470,C.J.Chen,318333,5542,Pilea receptacularis,,1,,,,,,,
10243,10496,10470,C.H.Wright,318334,5542,Pilea rubriflora,,1,,,,,,,
10243,10496,10470,Hand.-Mazz.,137787,5542,Pilea semisessilis,,1,,,,,,,
10243,10496,10470,C.J.Chen,34060,5542,Pilea sinofasciata,,1,,,,,,,
10243,10496,10470,(Hand.-Mazz.) C.J.Chen,318944,5542,Pilea subcoriacea,,1,,,,,,,
10243,10496,10470,Merr.,34077,5542,Pilea swinglei,,1,,,,,,,
10243,10496,10470,Wedd.,317820,5542,Pilea symmeria,,1,,,,,,,
10243,10496,10470,Wedd. ex Blume,68870,5542,Pilea umbrosa,,1,,,,,,,
10243,10496,10470,Hand.-Mazz.,441783,5542,Pilea gracilis,,1,,,,,,,
10243,10496,10470,Hand.-Mazz.,321297,5542,Pilea villicaulis,,1,,,,,,,
10243,10496,10470,(Hook.f. & Thomson) Y.De Smet & Granados,441784,3876,Hydrangea viburnoides,,1,,,,,,,
10243,10496,10470,(Edgew.) C.B.Clarke,79893,5556,Pimpinella acuminata,,1,,,,,,,
10243,10496,10470,(Diels) X.J.He & Z.X.Wang,460812,20315,Spuriopimpinella arguta,,1,,,,,,,
10243,10496,10470,H.Wolff,321298,5556,Pimpinella bisinuata,,1,,,,,,,
10243,10496,10470,(Hand.-Mazz.) Kitag.,460673,20315,Spuriopimpinella brachystyla,,1,,,,,,,
10243,10496,10470,Wight & Arn.,137789,5556,Pimpinella candolleana,,1,,,,,,,
10243,10496,10470,(Franch.) H.Wolff,317821,5556,Pimpinella caudata,,1,,,,,,,
10243,10496,10470,C.Y.Wu,321299,5556,Pimpinella chungdienensis,,1,,,,,,,
10243,10496,10470,(Franch.) H.Boissieu,316836,5556,Pimpinella coriacea,,1,,,,,,,
10243,10496,10470,DC.,34209,5556,Pimpinella diversifolia,,1,,,,,,,
10243,10496,10470,H.Boissieu,317499,5556,Pimpinella fargesii,,1,,,,,,,
10243,10496,10470,C.B.Clarke,321300,5556,Pimpinella flaccida,,1,,,,,,,
10243,10496,10470,H.Wolff,321301,5556,Pimpinella grisea,,1,,,,,,,
10243,10496,10470,Diels,316641,5556,Pimpinella henryi,,1,,,,,,,
10243,10496,10470,H.Wolff,137791,5556,Pimpinella kingdon-wardii,,1,,,,,,,
10243,10496,10470,Diels,318003,5556,Pimpinella rhomboidea,,1,,,,,,,
10243,10496,10470,(Franch.) H.Wolff ex Hand.-Mazz.,318946,5556,Pimpinella rubescens,,1,,,,,,,
10243,10496,10470,Hand.-Mazz.,321302,5556,Pimpinella silvatica,,1,,,,,,,
10243,10496,10470,H.Wolff,316305,5556,Pimpinella smithii,,1,,,,,,,
10243,10496,10470,H.Wolff,102600,5556,Pimpinella thellungiana,,1,,,,,,,
10243,10496,10470,H.Wolff,137793,5556,Pimpinella tibetanica,,1,,,,,,,
10243,10496,10470,K.T.Fu,318336,5556,Pimpinella valleculosa,,1,,,,,,,
10243,10496,10470,(Franch.) H.Wolff,321303,5556,Pimpinella yunnanensis,,1,,,,,,,
10243,10496,10470,N.E.Br.,149949,5559,Pinellia cordata,,1,,,,,,,
10243,10496,10470,N.E.Br.,193641,5559,Pinellia integrifolia,,1,,,,,,,
10243,10496,10470,Schott,149950,5559,Pinellia pedatisecta,,1,,,,,,,
10243,10496,10470,S.L.Hu,193643,5559,Pinellia polyphylla,,1,,,,,,,
10243,10496,10470,(Thunb.) Makino,34331,5559,Pinellia ternata,,1,,,,,,,
10243,10496,10470,L.,34334,5560,Pinguicula alpina,,1,,,,,,,
10243,10496,10470,Franch.,441797,5563,Pinus armandi,,1,,,,,,,
10243,10496,10470,Zucc. ex Endl.,57488,5563,Pinus bungeana,,1,,,,,,,
10243,10496,10470,Mast.,137794,5563,Pinus densata,,1,,,,,,,
10243,10496,10470,Hand.-Mazz.,34367,5563,Pinus fenzeliana,,1,,,,,,,
10243,10496,10470,Royle ex Gordon,34369,5563,Pinus kesiya,,1,,,,,,,
10243,10496,10470,Hand.-Mazz.,34367,5563,Pinus fenzeliana,,1,,,,,,,
10243,10496,10470,Lamb.,34373,5563,Pinus massoniana,,1,,,,,,,
10243,10496,10470,Carrière,149973,5563,Pinus tabuliformis,,1,,,,,,,
10243,10496,10470,Hayata,34395,5563,Pinus taiwanensis,,1,,,,,,,
10243,10496,10470,A.B.Jacks.,34400,5563,Pinus wallichiana,,1,,,,,,,
10243,10496,10470,Franch.,137795,5563,Pinus yunnanensis,,1,,,,,,,
10243,10496,10470,Y.C.Tseng,317309,5565,Piper bambusifolium,,1,,,,,,,
10243,10496,10470,(Miq.) Wall. ex C.DC.,34414,5565,Piper boehmeriifolium,,1,,,,,,,
10243,10496,10470,M.G.Gilbert & N.H.Xia,318947,5565,Piper cathayanum,,1,,,,,,,
10243,10496,10470,(Miq.) Hand.-Mazz.,122440,5565,Piper wallichii,,1,,,,,,,
10243,10496,10470,Maxim.,34438,5565,Piper hancei,,1,,,,,,,
10243,10496,10470,C.DC.,34440,5565,Piper hongkongense,,1,,,,,,,
10243,10496,10470,(Choisy) Ohwi,34447,5565,Piper kadsura,,1,,,,,,,
10243,10496,10470,L.,137796,5565,Piper longum,,1,,,,,,,
10243,10496,10470,Roxb.,121722,5565,Piper peepuloides,,1,,,,,,,
10243,10496,10470,Roxb.,34486,5565,Piper sarmentosum,,1,,,,,,,
10243,10496,10470,(C.DC.) Hook.f.,34497,5565,Piper thomsonii,,1,,,,,,,
10243,10496,10470,(Miq.) Hand.-Mazz.,122440,5565,Piper wallichii,,1,,,,,,,
10243,10496,10470,(Hook.) Sweet,34505,5567,Piptanthus nepalensis,,1,,,,,,,
10243,10496,10470,(Hook.) Sweet,34505,5567,Piptanthus nepalensis,,1,,,,,,,
10243,10496,10470,Franch.,321304,5567,Piptanthus tomentosus,,1,,,,,,,
10243,10496,10470,(Duthie ex Hook.f.) Roshev.,80040,5568,Piptatherum aequiglume,,1,,,,,,,
10243,10496,10470,Mez,70842,5568,Piptatherum gracile,,1,,,,,,,
10243,10496,10470,Pazij,70843,5568,Piptatherum hilariae,,1,,,,,,,
10243,10496,10470,"(Stapf ex Oliv.) Romasch., P.M.Peterson & Soreng",441516,20075,Patis obtusa,,1,,,,,,,
10243,10496,10470,(Regel) Nevski,70844,5568,Piptatherum laterale,,1,,,,,,,
10243,10496,10470,(Stapf ex Hook.f.) Mez,80041,5568,Piptatherum munroi,,1,,,,,,,
10243,10496,10470,Roshev.,227718,5568,Piptatherum tibeticum,,1,,,,,,,
10243,10496,10470,Bunge,34574,5578,Pistacia chinensis,,1,,,,,,,
10243,10496,10470,J.Poiss. ex Franch.,123596,5578,Pistacia weinmanniifolia,,1,,,,,,,
10243,10496,10470,L.,34578,5579,Pistia stratiotes,,1,,,,,,,
10243,10496,10470,C.Y.Wu,321305,5584,Pittosporum angustilimbum,,1,,,,,,,
10243,10496,10470,Aug.DC.,34610,5584,Pittosporum balansae,,1,,,,,,,
10243,10496,10470,(Oliv.) Gagnep.,150014,5584,Pittosporum brevicalyx,,1,,,,,,,
10243,10496,10470,Gagnep.,34628,5584,Pittosporum crispulum,,1,,,,,,,
10243,10496,10470,Hayata,34631,5584,Pittosporum daphniphylloides,,1,,,,,,,
10243,10496,10470,H.T.Chang & S.Z.Yan,318337,5584,Pittosporum elevaticostatum,,1,,,,,,,
10243,10496,10470,Lindl.,34644,5584,Pittosporum glabratum,,1,,,,,,,
10243,10496,10470,Gowda,321306,5584,Pittosporum henryi,,1,,,,,,,
10243,10496,10470,Franch.,137803,5584,Pittosporum heterophyllum,,1,,,,,,,
10243,10496,10470,Makino,34653,5584,Pittosporum illicioides,,1,,,,,,,
10243,10496,10470,Gowda,120793,5584,Pittosporum johnstonianum,,1,,,,,,,
10243,10496,10470,H.T.Chang & S.Z.Yan,321307,5584,Pittosporum kunmingense,,1,,,,,,,
10243,10496,10470,Gowda,318679,5584,Pittosporum kweichowense,,1,,,,,,,
10243,10496,10470,H.T.Chang & S.Z.Yan,318338,5584,Pittosporum omeiense,,1,,,,,,,
10243,10496,10470,H.T.Chang & S.Z.Yan,321308,5584,Pittosporum paniculiferum,,1,,,,,,,
10243,10496,10470,H.T.Chang & S.Z.Yan,318339,5584,Pittosporum perglabratum,,1,,,,,,,
10243,10496,10470,Gowda,317823,5584,Pittosporum perryanum,,1,,,,,,,
10243,10496,10470,Gagnep.,137806,5584,Pittosporum podocarpum,,1,,,,,,,
10243,10496,10470,Gowda,137807,5584,Pittosporum rehderianum,,1,,,,,,,
10243,10496,10470,Rehder & E.H.Wilson,321309,5584,Pittosporum saxicola,,1,,,,,,,
10243,10496,10470,H.Lév.,317310,5584,Pittosporum trigonocarpum,,1,,,,,,,
10243,10496,10470,E.Pritz.,317824,5584,Pittosporum truncatum,,1,,,,,,,
10243,10496,10470,H.T.Chang & S.Z.Yan,318340,5584,Pittosporum tubiflorum,,1,,,,,,,
10243,10496,10470,H.T.Chang & S.Z.Yan,317018,5584,Pittosporum undulatifolium,,1,,,,,,,
10243,10496,10470,Hu & F.T.Wang,317501,5584,Pittosporum xylocarpum,,1,,,,,,,
10243,10496,10470,(Blume) Bedd.,34743,5591,Plagiogyria adnata,,1,,,,,,,
10243,10496,10470,Christ,319806,5591,Plagiogyria assurgens,,1,,,,,,,
10243,10496,10470,(Kunze) Mett.,34745,5591,Plagiogyria euphlebia,,1,,,,,,,
10243,10496,10470,Copel.,34746,5591,Plagiogyria falcata,,1,,,,,,,
10243,10496,10470,(Blume) Mett.,34747,5591,Plagiogyria glauca,,1,,,,,,,
10243,10496,10470,Nakai,34748,5591,Plagiogyria japonica,,1,,,,,,,
10243,10496,10470,(Kunze) Mett.,34751,5591,Plagiogyria pycnophylla,,1,,,,,,,
10243,10496,10470,(Hance) Diels,34753,5591,Plagiogyria stenoptera,,1,,,,,,,
10243,10496,10470,(H.Lév.) Rehder,122405,11699,Plagiopetalum esquirolii,,1,,,,,,,
10243,10496,10470,(Diels) Diels,449936,11699,Plagiopetalum serratum,,1,,,,,,,
10243,10496,10470,L.,34824,5598,Plantago asiatica,,1,,,,,,,
10243,10496,10470,H.Lév.,321310,5598,Plantago cavaleriei,,1,,,,,,,
10243,10496,10470,Willd.,56670,5598,Plantago depressa,,1,,,,,,,
10243,10496,10470,L.,34864,5598,Plantago major,,1,,,,,,,
10243,10496,10470,(King & Pantl.) Kraenzl.,137808,5599,Platanthera bakeriana,,1,,,,,,,
10243,10496,10470,(King & Pantl.) Kraenzl.,137808,5599,Platanthera bakeriana,,1,,,,,,,
10243,10496,10470,(Custer) Rchb.,34909,5599,Platanthera chlorantha,,1,,,,,,,
10243,10496,10470,Schltr.,193725,5599,Platanthera finetiana,,1,,,,,,,
10243,10496,10470,K.Inoue,193728,5599,Platanthera handel-mazzettii,,1,,,,,,,
10243,10496,10470,Maxim.,34916,5599,Platanthera hologlottis,,1,,,,,,,
10243,10496,10470,(Thunb.) Lindl.,34918,5599,Platanthera japonica,,1,,,,,,,
10243,10496,10470,"(Lindl.) X.H.Jin, Schuit., Raskoti & Lu Q.Huang",451485,3747,Herminium latilabre,,1,,,,,,,
10243,10496,10470,(Hook.f.) Soó,137813,5599,Platanthera leptocaulon,,1,,,,,,,
10243,10496,10470,(King & Pantl.) Kraenzl.,137808,5599,Platanthera bakeriana,,1,,,,,,,
10243,10496,10470,Rchb.f.,34920,5599,Platanthera mandarinorum,,1,,,,,,,
10243,10496,10470,F.Maek.,441834,5599,Platanthera metabifolia,,1,,,,,,,
10243,10496,10470,(Miq.) Rchb.f.,34924,5599,Platanthera minor,,1,,,,,,,
10243,10496,10470,Schltr.,137814,5599,Platanthera oreophila,,1,,,,,,,
10243,10496,10470,K.Inoue,193714,5599,Platanthera bhutanica,,1,,,,,,,
10243,10496,10470,Siebold & Zucc.,34943,5604,Platycarya strobilacea,,1,,,,,,,
10243,10496,10470,(Jacq.) A.DC.,34957,5607,Platycodon grandiflorus,,1,,,,,,,
10243,10496,10470,Al-Shehbaz & Warwick,461258,3263,Eutrema schulzii,,1,,,,,,,
10243,10496,10470,"(Al-Shehbaz, T.Y.Cheo, L.L.Lu & G.Yang) Al-Shehbaz & Warwick",461259,3263,Eutrema wuchengyii,,1,,,,,,,
10243,10496,10470,Ching & S.K.Wu,321313,15176,Platygyria × inaequibasis,,1,,,,,,,
10243,10496,10470,(C.B.Clarke) Ching,25358,4242,Lepisorus clathratus,,1,,,,,,,
10243,10496,10470,(C.B.Clarke) Ching,25358,4242,Lepisorus clathratus,,1,,,,,,,
10243,10496,10470,(C.B.Clarke) Ching,25358,4242,Lepisorus clathratus,,1,,,,,,,
10243,10496,10470,(Keng) Keng f.,140667,5625,Pleioblastus amarus,,1,,,,,,,
10243,10496,10470,(McClure) C.D.Chu & C.S.Chao,227733,5625,Pleioblastus maculatus,,1,,,,,,,
10243,10496,10470,Hayata,35035,5629,Pleione formosana,,1,,,,,,,
10243,10496,10470,(Lindl.) Rollisson,125501,5629,Pleione hookeriana,,1,,,,,,,
10243,10496,10470,Schltr.,121726,5629,Pleione limprichtii,,1,,,,,,,
10243,10496,10470,W.W.Sm.,137819,5629,Pleione scopulorum,,1,,,,,,,
10243,10496,10470,(Rolfe) Rolfe,137820,5629,Pleione yunnanensis,,1,,,,,,,
10243,10496,10470,(Maxim. ex Makino) Fomin,35084,5646,Pleurosoriopsis makinoi,,1,,,,,,,
10243,10496,10470,(Craib & W.W.Sm.) Pimenov & Kljuykov,461260,16358,Hymenidium amabile,,1,,,,,,,
10243,10496,10470,(DC.) Klotzsch,461261,20545,Pterocyclus angelicoides,,1,,,,,,,
10243,10496,10470,W.W.Sm.,321318,5648,Pleurospermum aromaticum,,1,,,,,,,
10243,10496,10470,(H.Boissieu) Pimenov & Kljuykov,461262,16358,Hymenidium astrantioideum,,1,,,,,,,
10243,10496,10470,(DC.) Pimenov & Kljuykov,449943,16358,Hymenidium benthamii,,1,,,,,,,
10243,10496,10470,(Franch.) Jing Zhou & Jin Wei,461263,12514,Pleurospermopsis bicolor,,1,,,,,,,
10243,10496,10470,(Franch.) Pimenov & Kljuykov,451487,16358,Hymenidium decurrens,,1,,,,,,,
10243,10496,10470,(Franch.) Pimenov & Kljuykov,461264,16358,Hymenidium foetens,,1,,,,,,,
10243,10496,10470,(Franch.) Pimenov & Kljuykov,451486,16358,Hymenidium davidii,,1,,,,,,,
10243,10496,10470,(Diels) Pimenov & Kljuykov,460909,16358,Hymenidium giraldii,,1,,,,,,,
10243,10496,10470,(Franch. ex H.Boissieu) Pimenov & Kljuykov,461265,16358,Hymenidium heracleifolium,,1,,,,,,,
10243,10496,10470,(H.Wolff) Pimenov & Kljuykov,461266,16358,Hymenidium heterosciadium,,1,,,,,,,
10243,10496,10470,(C.B.Clarke) Pimenov & Kljuykov,445465,16358,Hymenidium hookeri,,1,,,,,,,
10243,10496,10470,(W.W.Sm.) Pimenov & Kljuykov,461267,16358,Hymenidium linearilobum,,1,,,,,,,
10243,10496,10470,(DC.) Pimenov & Kljuykov,461268,20545,Pterocyclus rotundatus,,1,,,,,,,
10243,10496,10470,(Franch.) Pimenov & Kljuykov,451489,12483,Physospermopsis nana,,1,,,,,,,
10243,10496,10470,(H.Wolff) Pimenov & Kljuykov,461269,16358,Hymenidium nubigenum,,1,,,,,,,
10243,10496,10470,(Diels) M.Hiroe,321327,5648,Pleurospermum rivulorum,,1,,,,,,,
10243,10496,10470,(D.Don) Pimenov & Kljuykov,445467,16358,Hymenidium stellatum,,1,,,,,,,
10243,10496,10470,(Kanitz) Pimenov & Kljuykov,461270,16358,Hymenidium szechenyi,,1,,,,,,,
10243,10496,10470,(H.Boissieu) Pimenov & Kljuykov,461271,16358,Hymenidium wilsonii,,1,,,,,,,
10243,10496,10470,(H.Boissieu) Pimenov & Kljuykov,461272,16358,Hymenidium wrightianum,,1,,,,,,,
10243,10496,10470,(L.) Less.,35143,5656,Pluchea indica,,1,,,,,,,
10243,10496,10470,(Ledeb.) Spach,71016,9186,Plumbagella micrantha,,1,,,,,,,
10243,10496,10470,Steud.,35197,5661,Poa acroleuca,,1,,,,,,,
10243,10496,10470,Regel,451621,5661,Poa alberti,,1,,,,,,,
10243,10496,10470,L.,35200,5661,Poa alpina,,1,,,,,,,
10243,10496,10470,Hitchc.,227752,5661,Poa alta,,1,,,,,,,
10243,10496,10470,L.,35203,5661,Poa annua,,1,,,,,,,
10243,10496,10470,Trautv.,134406,5661,Poa araratica,,1,,,,,,,
10243,10496,10470,R.Br.,35206,5661,Poa arctica,,1,,,,,,,
10243,10496,10470,Bor,227756,5661,Poa asperifolia,,1,,,,,,,
10243,10496,10470,Trin.,70845,5661,Poa attenuata,,1,,,,,,,
10243,10496,10470,Keng f. ex L.Liu,227762,5661,Poa binodis,,1,,,,,,,
10243,10496,10470,Litv. ex Ovcz.,70847,5661,Poa calliopsis,,1,,,,,,,
10243,10496,10470,Noltie,138895,5661,Poa dzongicola,,1,,,,,,,
10243,10496,10470,Rendle,137825,5661,Poa faberi,,1,,,,,,,
10243,10496,10470,Vahl,35234,5661,Poa glauca,,1,,,,,,,
10243,10496,10470,Hand.-Mazz.,137826,5661,Poa grandis,,1,,,,,,,
10243,10496,10470,Nees ex Steud.,137827,5661,Poa himalayana,,1,,,,,,,
10243,10496,10470,Hook.f.,138455,5661,Poa hirtiglumis,,1,,,,,,,
10243,10496,10470,Honda,35240,5661,Poa hisauchii,,1,,,,,,,
10243,10496,10470,Bor,227816,5661,Poa hylobates,,1,,,,,,,
10243,10496,10470,Bor,138456,5661,Poa imperialis,,1,,,,,,,
10243,10496,10470,Kunth,35246,5661,Poa infirma,,1,,,,,,,
10243,10496,10470,Stapf,35249,5661,Poa khasiana,,1,,,,,,,
10243,10496,10470,L.,35263,5661,Poa nemoralis,,1,,,,,,,
10243,10496,10470,Roshev.,228039,5661,Poa lipskyi,,1,,,,,,,
10243,10496,10470,Hack.,137828,5661,Poa mairei,,1,,,,,,,
10243,10496,10470,L.,35263,5661,Poa nemoralis,,1,,,,,,,
10243,10496,10470,(Wall. ex Griseb.) Duthie,138901,5661,Poa nepalensis,,1,,,,,,,
10243,10496,10470,Keng f. ex L.Liu,228058,5661,Poa nubigena,,1,,,,,,,
10243,10496,10470,Bor,70849,5661,Poa pagophila,,1,,,,,,,
10243,10496,10470,L.,35266,5661,Poa palustris,,1,,,,,,,
10243,10496,10470,Keng ex Keng f.,228066,5661,Poa perennis,,1,,,,,,,
10243,10496,10470,Stapf,80046,5661,Poa polycolea,,1,,,,,,,
10243,10496,10470,L.,35272,5661,Poa pratensis,,1,,,,,,,
10243,10496,10470,Roshev.,77473,5661,Poa sibirica,,1,,,,,,,
10243,10496,10470,Prob.,228094,5661,Poa sichotensis,,1,,,,,,,
10243,10496,10470,(Stapf) Bor,70851,5661,Poa sikkimensis,,1,,,,,,,
10243,10496,10470,Trin.,35290,5661,Poa sphondylodes,,1,,,,,,,
10243,10496,10470,(Trin.) Prob.,448184,17464,Arctopoa subfastigiata,,1,,,,,,,
10243,10496,10470,Schrad.,35295,5661,Poa supina,,1,,,,,,,
10243,10496,10470,Rendle,160004,5661,Poa szechuensis,,1,,,,,,,
10243,10496,10470,Hitchc.,228106,5661,Poa tangii,,1,,,,,,,
10243,10496,10470,(Munro ex Stapf) Prob.,445422,17464,Arctopoa tibetica,,1,,,,,,,
10243,10496,10470,L.,35303,5661,Poa trivialis,,1,,,,,,,
10243,10496,10470,Roshev.,228119,5661,Poa ussuriensis,,1,,,,,,,
10243,10496,10470,Tzvelev,228121,5661,Poa veresczaginii,,1,,,,,,,
10243,10496,10470,Besser,102130,5661,Poa versicolor,,1,,,,,,,
10243,10496,10470,(Thunb.) Sweet,35326,5664,Podocarpus macrophyllus,,1,,,,,,,
10243,10496,10470,D.Don,35328,5664,Podocarpus neriifolius,,1,,,,,,,
10243,10496,10470,S.L.Chen & G.Y.Sheng,35357,5677,Pogonatherum biaristatum,,1,,,,,,,
10243,10496,10470,(Thunb.) Kunth,35358,5677,Pogonatherum crinitum,,1,,,,,,,
10243,10496,10470,(Lam.) Hack.,35359,5677,Pogonatherum paniceum,,1,,,,,,,
10243,10496,10470,Rchb.f.,35360,5678,Pogonia japonica,,1,,,,,,,
10243,10496,10470,Finet,137829,5678,Pogonia yunnanensis,,1,,,,,,,
10243,10496,10470,Benth.,138457,5681,Pogostemon amaranthoides,,1,,,,,,,
10243,10496,10470,L.,35396,5686,Polemonium caeruleum,,1,,,,,,,
10243,10496,10470,(Brand) Brand,294270,5686,Polemonium chinense,,1,,,,,,,
10243,10496,10470,Hook.f.,150140,934,Poliothyrsis sinensis,,1,,,,,,,
10243,10496,10470,R.S.Rao,35401,5689,Pollia hasskarlii,,1,,,,,,,
10243,10496,10470,Thunb.,35402,5689,Pollia japonica,,1,,,,,,,
10243,10496,10470,(H.Lév.) H.Hara,35404,5689,Pollia miranda,,1,,,,,,,
10243,10496,10470,C.B.Clarke,137834,5689,Pollia subumbellata,,1,,,,,,,
10243,10496,10470,Buch.-Ham. ex D.Don,121732,5695,Polygala arillata,,1,,,,,,,
10243,10496,10470,Buch.-Ham. ex D.Don,121732,5695,Polygala arillata,,1,,,,,,,
10243,10496,10470,Rehder & E.H.Wilson,317825,5695,Polygala caudata,,1,,,,,,,
10243,10496,10470,L.,35466,5695,Polygala chinensis,,1,,,,,,,
10243,10496,10470,Buch.-Ham. ex DC.,68808,5695,Polygala crotalarioides,,1,,,,,,,
10243,10496,10470,Hemsl.,35473,5695,Polygala fallax,,1,,,,,,,
10243,10496,10470,Royle,318342,5695,Polygala furcata,,1,,,,,,,
10243,10496,10470,Hemsl.,35480,5695,Polygala hongkongensis,,1,,,,,,,
10243,10496,10470,Chodat,321331,5695,Polygala isocarpa,,1,,,,,,,
10243,10496,10470,Houtt.,441939,5695,Polygala japonica,,1,,,,,,,
10243,10496,10470,L.,35507,5695,Polygala sibirica,,1,,,,,,,
10243,10496,10470,DC.,61172,5695,Polygala persicariifolia,,1,,,,,,,
10243,10496,10470,L.,35507,5695,Polygala sibirica,,1,,,,,,,
10243,10496,10470,S.K.Chen,321332,5695,Polygala subopposita,,1,,,,,,,
10243,10496,10470,Regel,35511,5695,Polygala tatarinowii,,1,,,,,,,
10243,10496,10470,Willd.,102584,5695,Polygala tenuifolia,,1,,,,,,,
10243,10496,10470,Hance,317826,5695,Polygala wattersii,,1,,,,,,,
10243,10496,10470,Kom.,214236,5696,Polygonatum acuminatifolium,,1,,,,,,,
10243,10496,10470,S.Yun Liang,214540,5696,Polygonatum adnatum,,1,,,,,,,
10243,10496,10470,(Hand.-Mazz.) Floden,456866,12468,Heteropolygonatum alternicirrhosum,,1,,,,,,,
10243,10496,10470,Baker,137837,5696,Polygonatum cathcartii,,1,,,,,,,
10243,10496,10470,(Wall.) Royle,56555,5696,Polygonatum cirrhifolium,,1,,,,,,,
10243,10496,10470,Hua,214218,5696,Polygonatum curvistylum,,1,,,,,,,
10243,10496,10470,Hua,214219,5696,Polygonatum cyrtonema,,1,,,,,,,
10243,10496,10470,Hua,214226,5696,Polygonatum franchetii,,1,,,,,,,
10243,10496,10470,Hand.-Mazz.,214222,5696,Polygonatum hirtellum,,1,,,,,,,
10243,10496,10470,Baker,138458,5696,Polygonatum hookeri,,1,,,,,,,
10243,10496,10470,Collett & Hemsl.,123601,5696,Polygonatum kingianum,,1,,,,,,,
10243,10496,10470,S.C.Chen & D.Q.Liu,214463,5696,Polygonatum leiboense,,1,,,,,,,
10243,10496,10470,(H.Lév.) Floden,456875,12468,Heteropolygonatum marmoratum,,1,,,,,,,
10243,10496,10470,P.Y.Li,214214,5696,Polygonatum megaphyllum,,1,,,,,,,
10243,10496,10470,Hua,214217,5696,Polygonatum nodosum,,1,,,,,,,
10243,10496,10470,(Mill.) Druce,35524,5696,Polygonatum odoratum,,1,,,,,,,
10243,10496,10470,Baker,137839,5696,Polygonatum prattii,,1,,,,,,,
10243,10496,10470,Royle ex Kunth,35525,5696,Polygonatum punctatum,,1,,,,,,,
10243,10496,10470,Redouté,138909,5696,Polygonatum sibiricum,,1,,,,,,,
10243,10496,10470,(L.) All.,35526,5696,Polygonatum verticillatum,,1,,,,,,,
10243,10496,10470,Pamp.,214234,5696,Polygonatum zanlanscianense,,1,,,,,,,
10243,10496,10470,(All.) T.M.Schust. & Reveal,441709,4076,Koenigia alpina,,1,,,,,,,
10243,10496,10470,(L.) Delarbre,32963,5410,Persicaria amphibia,,1,,,,,,,
10243,10496,10470,(D.Don) Greene,441710,9187,Bistorta amplexicaulis,,1,,,,,,,
10243,10496,10470,(D.Don) Greene,441710,9187,Bistorta amplexicaulis,,1,,,,,,,
10243,10496,10470,(Pall.) Ronse Decr.,448186,5410,Persicaria angustifolia,,1,,,,,,,
10243,10496,10470,(Meisn.) Soják,449760,5410,Persicaria assamica,,1,,,,,,,
10243,10496,10470,L.,35535,5698,Polygonum aviculare,,1,,,,,,,
10243,10496,10470,(L.) H.Hara,32966,5410,Persicaria barbata,,1,,,,,,,
10243,10496,10470,Delarbre,438726,9187,Bistorta officinalis,,1,,,,,,,
10243,10496,10470,(Hook.f.) T.M.Schust. & Reveal,441711,4076,Koenigia campanulata,,1,,,,,,,
10243,10496,10470,(Buch.-Ham. ex D.Don) H.Gross,32969,5410,Persicaria capitata,,1,,,,,,,
10243,10496,10470,(A.J.Li) T.M.Schust. & Reveal,461273,4076,Koenigia cathayana,,1,,,,,,,
10243,10496,10470,(L.) H.Gross,32970,5410,Persicaria chinensis,,1,,,,,,,
10243,10496,10470,(Sam.) Yonek. & H.Ohashi,461038,9187,Bistorta coriacea,,1,,,,,,,
10243,10496,10470,(Diels) Mesícek & Soják,451440,4076,Koenigia cyanandra,,1,,,,,,,
10243,10496,10470,H.Gross,460788,5410,Persicaria sagittifolia,,1,,,,,,,
10243,10496,10470,(Meisn.) H.Hara,445444,4076,Koenigia delicatula,,1,,,,,,,
10243,10496,10470,(Hemsl.) H.Gross ex T.Mori,450132,5410,Persicaria dissitiflora,,1,,,,,,,
10243,10496,10470,(L.) T.M.Schust. & Reveal,445999,4076,Koenigia divaricata,,1,,,,,,,
10243,10496,10470,(Meisn.) H.Hara,432286,9187,Bistorta emodi,,1,,,,,,,
10243,10496,10470,Maxim.,461274,4076,Koenigia fertilis,,1,,,,,,,
10243,10496,10470,(Wall. ex Meisn.) Hedberg,441947,4076,Koenigia filicaulis,,1,,,,,,,
10243,10496,10470,(Diels) Mesícek & Soják,451441,4076,Koenigia forrestii,,1,,,,,,,
10243,10496,10470,(Willd.) M.Gómez,32976,5410,Persicaria glabra,,1,,,,,,,
10243,10496,10470,(Meisn.) H.Hara,441950,5410,Persicaria glacialis,,1,,,,,,,
10243,10496,10470,(Hook.f.) Grierson,138588,9187,Bistorta griffithii,,1,,,,,,,
10243,10496,10470,(Makino) Nakai,441951,5410,Persicaria hastatosagittata,,1,,,,,,,
10243,10496,10470,(Meisn.) T.M.Schust. & Reveal,461275,4076,Koenigia hookeri,,1,,,,,,,
10243,10496,10470,(Meisn.) H.Hara,460871,5410,Persicaria humilis,,1,,,,,,,
10243,10496,10470,(L.) Delarbre,32978,5410,Persicaria hydropiper,,1,,,,,,,
10243,10496,10470,A.J.Li ex Borodina,315868,5698,Polygonum intramongolicum,,1,,,,,,,
10243,10496,10470,(Meisn.) Nakai,441952,5410,Persicaria japonica,,1,,,,,,,
10243,10496,10470,(Makino) Nakai,441953,5410,Persicaria kawagoeana,,1,,,,,,,
10243,10496,10470,(L.) Delarbre,32980,5410,Persicaria lapathifolia,,1,,,,,,,
10243,10496,10470,(W.W.Sm.) T.M.Schust. & Reveal,461276,4076,Koenigia lichiangensis,,1,,,,,,,
10243,10496,10470,(Bruijn) Kitag.,32981,5410,Persicaria longiseta,,1,,,,,,,
10243,10496,10470,(Regel) Nakai,452552,5410,Persicaria maackiana,,1,,,,,,,
10243,10496,10470,(D.Don) Soják,138589,9187,Bistorta macrophylla,,1,,,,,,,
10243,10496,10470,(D.Don) H.Gross,460910,5410,Persicaria microcephala,,1,,,,,,,
10243,10496,10470,H.Lév.,451492,9187,Bistorta milletii,,1,,,,,,,
10243,10496,10470,(D.Don) T.M.Schust. & Reveal,441713,4076,Koenigia mollis,,1,,,,,,,
10243,10496,10470,(Meisn.) Nemoto,441955,5410,Persicaria muricata,,1,,,,,,,
10243,10496,10470,(Meisn.) H.Gross,32987,5410,Persicaria nepalensis,,1,,,,,,,
10243,10496,10470,(L.) Spach,32988,5410,Persicaria orientalis,,1,,,,,,,
10243,10496,10470,Delarbre,438726,9187,Bistorta officinalis,,1,,,,,,,
10243,10496,10470,(L.) H.Gross,441715,5410,Persicaria perfoliata,,1,,,,,,,
10243,10496,10470,Gray,32983,5410,Persicaria maculosa,,1,,,,,,,
10243,10496,10470,(Hemsl.) H.Gross,460911,5410,Persicaria pinetorum,,1,,,,,,,
10243,10496,10470,R.Br.,35564,5698,Polygonum plebeium,,1,,,,,,,
10243,10496,10470,(Wall. ex Meisn.) T.M.Schust. & Reveal,441716,4076,Koenigia polystachya,,1,,,,,,,
10243,10496,10470,(Buch.-Ham. ex D.Don) H.Gross,436300,5410,Persicaria posumbu,,1,,,,,,,
10243,10496,10470,(Blume) H.Hara,398539,5410,Persicaria pubescens,,1,,,,,,,
10243,10496,10470,(A.J.Li) Yonek. & H.Ohashi,461277,9187,Bistorta purpureonervosa,,1,,,,,,,
10243,10496,10470,(Buch.-Ham. ex D.Don) H.Gross,441959,5410,Persicaria runcinata,,1,,,,,,,
10243,10496,10470,(L.) H.Gross,32994,5410,Persicaria sagittata,,1,,,,,,,
10243,10496,10470,(Meisn.) H.Gross,441962,5410,Persicaria senticosa,,1,,,,,,,
10243,10496,10470,(Laxm.) Tzvelev,147026,13011,Knorringia sibirica,,1,,,,,,,
10243,10496,10470,(L.) H.Gross,32994,5410,Persicaria sagittata,,1,,,,,,,
10243,10496,10470,(Sam.) Miyam.,461278,9187,Bistorta sinomontana,,1,,,,,,,
10243,10496,10470,Maxim.,461279,4076,Koenigia pilosa,,1,,,,,,,
10243,10496,10470,(J.Schust.) Galasso,460853,5410,Persicaria strindbergii,,1,,,,,,,
10243,10496,10470,(Maxim.) Greene ex H.Gross,315227,9187,Bistorta suffulta,,1,,,,,,,
10243,10496,10470,(Maxim.) Greene ex H.Gross,315227,9187,Bistorta suffulta,,1,,,,,,,
10243,10496,10470,(Siebold & Zucc.) H.Gross,441712,5410,Persicaria thunbergii,,1,,,,,,,
10243,10496,10470,(D.Don) T.M.Schust. & Reveal,445442,4076,Koenigia tortuosa,,1,,,,,,,
10243,10496,10470,(Makino) H.Gross,441963,5410,Persicaria viscofera,,1,,,,,,,
10243,10496,10470,(Buch.-Ham. ex D.Don) H.Gross ex T.Mori,441964,5410,Persicaria viscosa,,1,,,,,,,
10243,10496,10470,(L.) Delarbre,438727,9187,Bistorta vivipara,,1,,,,,,,
10243,10496,10470,Galasso,460692,5410,Persicaria greuteriana,,1,,,,,,,
10243,10496,10470,(Wall. ex Hook.) Bedd.,401758,3528,Goniophlebium argutum,,1,,,,,,,
10243,10496,10470,(C.Chr.) Rödl-Linder,460951,3528,Goniophlebium dielsianum,,1,,,,,,,
10243,10496,10470,(Wall. ex Mett.) Bedd.,441968,3528,Goniophlebium amoenum,,1,,,,,,,
10243,10496,10470,(Franch.) Bedd.,460705,3528,Goniophlebium yunnanense,,1,,,,,,,
10243,10496,10470,(Wall. ex Hook.) Bedd.,458090,3528,Goniophlebium lachnopus,,1,,,,,,,
10243,10496,10470,(Kunze ex Mett.) T.Moore,458091,3528,Goniophlebium fieldingianum,,1,,,,,,,
10243,10496,10470,(Mett.) Bedd. ex Rödl-Linder,441970,3528,Goniophlebium niponicum,,1,,,,,,,
10243,10496,10470,(Wall. ex Hook.) Bedd.,458090,3528,Goniophlebium lachnopus,,1,,,,,,,
10243,10496,10470,Nees ex Steud.,35640,5706,Polypogon fugax,,1,,,,,,,
10243,10496,10470,(L.) Desf.,35645,5706,Polypogon monspeliensis,,1,,,,,,,
10243,10496,10470,(Roxb. ex Ker Gawl.) Sweet,441981,5710,Polyspora axillaris,,1,,,,,,,
10243,10496,10470,(Cowan) Hu ex B.M.Barthol. & T.L.Ming,122180,5710,Polyspora chrysandra,,1,,,,,,,
10243,10496,10470,(Hung T.Chang) C.X.Ye ex S.X.Yang,35720,5710,Polyspora hainanensis,,1,,,,,,,
10243,10496,10470,(Kochs) B.M.Barthol. & T.L.Ming,150191,5710,Polyspora speciosa,,1,,,,,,,
10243,10496,10470,(Franch.) Christ,35740,5712,Polystichum acanthophyllum,,1,,,,,,,
10243,10496,10470,Christ,35742,5712,Polystichum acutidens,,1,,,,,,,
10243,10496,10470,Ching & Shing,317312,5712,Polystichum acutipinnulum,,1,,,,,,,
10243,10496,10470,Ching & Fraser-Jenk. ex H.S.Kung & Li Bing Zhang,321342,5712,Polystichum adungense,,1,,,,,,,
10243,10496,10470,(Baker) Diels,319807,5712,Polystichum alcicorne,,1,,,,,,,
10243,10496,10470,Ching ex Li Bing Zhang & H.S.Kung,318683,5712,Polystichum altum,,1,,,,,,,
10243,10496,10470,(Hook. & Arn.) J.Sm.,441982,5712,Polystichum anomalum,,1,,,,,,,
10243,10496,10470,W.M.Chu & B.Y.Zhang,318684,5712,Polystichum assurgentipinnum,,1,,,,,,,
10243,10496,10470,Bedd.,35745,5712,Polystichum atkinsonii,,1,,,,,,,
10243,10496,10470,Rosenst.,460976,5712,Polystichum meeboldii,,1,,,,,,,
10243,10496,10470,Ching,318685,5712,Polystichum auriculum,,1,,,,,,,
10243,10496,10470,(Atk. ex C.B.Clarke) Diels,321343,5712,Polystichum bakerianum,,1,,,,,,,
10243,10496,10470,Nakai,35795,5712,Polystichum neolobatum,,1,,,,,,,
10243,10496,10470,Ching ex L. L. Xiang,321344,5712,Polystichum bigemmatum,,1,,,,,,,
10243,10496,10470,C.Chr.,321345,5712,Polystichum bissectum,,1,,,,,,,
10243,10496,10470,(D.Don) Fée,68768,5712,Polystichum squarrosum,,1,,,,,,,
10243,10496,10470,(Spenn.) Fée,35749,5712,Polystichum braunii,,1,,,,,,,
10243,10496,10470,(Hook.f.) Bedd.,318356,5712,Polystichum thomsonii,,1,,,,,,,
10243,10496,10470,(Wall. ex Mett.) T.Moore,70742,5712,Polystichum prescottianum,,1,,,,,,,
10243,10496,10470,Ching,319808,5712,Polystichum consimile,,1,,,,,,,
10243,10496,10470,Ching ex W.M.Chu & Z.R.He,317313,5712,Polystichum costularisorum,,1,,,,,,,
10243,10496,10470,(Maxim.) Diels,35753,5712,Polystichum craspedosorum,,1,,,,,,,
10243,10496,10470,C.Chr.,319809,5712,Polystichum cyclolobum,,1,,,,,,,
10243,10496,10470,(Baker) Diels,35756,5712,Polystichum deltodon,,1,,,,,,,
10243,10496,10470,Christ,318346,5712,Polystichum dielsii,,1,,,,,,,
10243,10496,10470,(D.Don) J.Sm.,80104,5712,Polystichum discretum,,1,,,,,,,
10243,10496,10470,Ching ex W.M.Chu & Z.R.He,318953,5712,Polystichum disjunctum,,1,,,,,,,
10243,10496,10470,Ching & Shing,318347,5712,Polystichum erosum,,1,,,,,,,
10243,10496,10470,H.S.Kung & Li Bing Zhang,321347,5712,Polystichum exauriforme,,1,,,,,,,
10243,10496,10470,Christ,318354,5712,Polystichum shensiense,,1,,,,,,,
10243,10496,10470,(Christ) Christ,35825,5712,Polystichum sinense,,1,,,,,,,
10243,10496,10470,Christ,318354,5712,Polystichum shensiense,,1,,,,,,,
10243,10496,10470,Diels,317315,5712,Polystichum hecatopterum,,1,,,,,,,
10243,10496,10470,(Kunze) T.Moore,35782,5712,Polystichum luctuosum,,1,,,,,,,
10243,10496,10470,Christ,321367,5712,Polystichum yunnanense,,1,,,,,,,
10243,10496,10470,Christ,318351,5712,Polystichum ichangense,,1,,,,,,,
10243,10496,10470,H.S.Kung & Li Bing Zhang,318689,5712,Polystichum incisopinnulum,,1,,,,,,,
10243,10496,10470,(Ching ex Y.T.Hsieh) W.M.Chu ex H.S.Kung & Li Bing Zhang,321350,5712,Polystichum integrilobum,,1,,,,,,,
10243,10496,10470,W.M.Chu & Z.R.He,321351,5712,Polystichum jiulaodongense,,1,,,,,,,
10243,10496,10470,Fraser-Jenk. & Tamang,435362,5712,Polystichum centronepalense,,1,,,,,,,
10243,10496,10470,(Hook.) Bedd.,35777,5712,Polystichum lachenense,,1,,,,,,,
10243,10496,10470,Diels,317831,5712,Polystichum lanceolatum,,1,,,,,,,
10243,10496,10470,Ching ex H.S.Kung,318690,5712,Polystichum langchungense,,1,,,,,,,
10243,10496,10470,(D.Don) T.Moore,35778,5712,Polystichum lentum,,1,,,,,,,
10243,10496,10470,Ching,460952,5712,Polystichum liui,,1,,,,,,,
10243,10496,10470,(Tagawa) Tagawa,35784,5712,Polystichum makinoi,,1,,,,,,,
10243,10496,10470,Christ,318693,5712,Polystichum longipaleatum,,1,,,,,,,
10243,10496,10470,Ching ex Li Bing Zhang & H.S.Kung,319810,5712,Polystichum longispinosum,,1,,,,,,,
10243,10496,10470,Ching & Z.Y.Liu,319811,5712,Polystichum longissimum,,1,,,,,,,
10243,10496,10470,Christ,318354,5712,Polystichum shensiense,,1,,,,,,,
10243,10496,10470,(Tagawa) Tagawa,35784,5712,Polystichum makinoi,,1,,,,,,,
10243,10496,10470,(Christ) Nakaike,35785,5712,Polystichum manmeiense,,1,,,,,,,
10243,10496,10470,Christ,461280,5712,Polystichum martini,,1,,,,,,,
10243,10496,10470,Tagawa,315062,5712,Polystichum mayebarae,,1,,,,,,,
10243,10496,10470,Fraser-Jenk. & Khullar,321355,5712,Polystichum mehrae,,1,,,,,,,
10243,10496,10470,(D.Don) Fée,68768,5712,Polystichum squarrosum,,1,,,,,,,
10243,10496,10470,(Christ) Christ,35825,5712,Polystichum sinense,,1,,,,,,,
10243,10496,10470,(Wall. ex Mett.) T.Moore,70742,5712,Polystichum prescottianum,,1,,,,,,,
10243,10496,10470,P.S.Wang & X.Y.Wang,321357,5712,Polystichum nayongense,,1,,,,,,,
10243,10496,10470,Nakai,35795,5712,Polystichum neolobatum,,1,,,,,,,
10243,10496,10470,(Spreng.) C.Chr.,321358,5712,Polystichum nepalense,,1,,,,,,,
10243,10496,10470,Christ,318354,5712,Polystichum shensiense,,1,,,,,,,
10243,10496,10470,(D.Don) T.Moore,35797,5712,Polystichum obliquum,,1,,,,,,,
10243,10496,10470,Diels,460789,5712,Polystichum caruifolium,,1,,,,,,,
10243,10496,10470,(Franch.) Bedd.,321360,5712,Polystichum otophorum,,1,,,,,,,
10243,10496,10470,Ching,321361,5712,Polystichum paramoupinense,,1,,,,,,,
10243,10496,10470,Tagawa,35808,5712,Polystichum piceopaleaceum,,1,,,,,,,
10243,10496,10470,(Kunze) T.Moore,35782,5712,Polystichum luctuosum,,1,,,,,,,
10243,10496,10470,(Wall. ex Mett.) T.Moore,70742,5712,Polystichum prescottianum,,1,,,,,,,
10243,10496,10470,Tagawa,35815,5712,Polystichum pseudomakinoi,,1,,,,,,,
10243,10496,10470,C.Chr.,319809,5712,Polystichum cyclolobum,,1,,,,,,,
10243,10496,10470,Nakai,35795,5712,Polystichum neolobatum,,1,,,,,,,
10243,10496,10470,Tagawa,35821,5712,Polystichum rigens,,1,,,,,,,
10243,10496,10470,Ching ex Li Bing Zhang & H.S.Kung,321364,5712,Polystichum robustum,,1,,,,,,,
10243,10496,10470,Ching ex H.S.Kung & Li Bing Zhang,321365,5712,Polystichum rufopaleaceum,,1,,,,,,,
10243,10496,10470,Ching ex H.S.Kung & Li Bing Zhang,321366,5712,Polystichum saxicola,,1,,,,,,,
10243,10496,10470,(C.B.Clarke) Ching,316308,5712,Polystichum semifertile,,1,,,,,,,
10243,10496,10470,Ching,317318,5712,Polystichum setillosum,,1,,,,,,,
10243,10496,10470,Christ,318354,5712,Polystichum shensiense,,1,,,,,,,
10243,10496,10470,(Christ) Christ,35825,5712,Polystichum sinense,,1,,,,,,,
10243,10496,10470,(D.Don) Fée,68768,5712,Polystichum squarrosum,,1,,,,,,,
10243,10496,10470,C.Hope ex Christ,433680,5712,Polystichum levingei,,1,,,,,,,
10243,10496,10470,(Kunze ex Mett.) Bedd.,318355,5712,Polystichum stimulans,,1,,,,,,,
10243,10496,10470,(Baker) Ching ex L.L.Xiang,319813,5712,Polystichum submarginale,,1,,,,,,,
10243,10496,10470,(Christ) Diels,316645,5712,Polystichum submite,,1,,,,,,,
10243,10496,10470,Ching ex Li Bing Zhang,317832,5712,Polystichum subulatum,,1,,,,,,,
10243,10496,10470,(Hook.f.) Bedd.,318356,5712,Polystichum thomsonii,,1,,,,,,,
10243,10496,10470,(Kunze) C.Presl,35832,5712,Polystichum tripteron,,1,,,,,,,
10243,10496,10470,(Kunze) T.Moore,35782,5712,Polystichum luctuosum,,1,,,,,,,
10243,10496,10470,(Baker) Diels,35840,5712,Polystichum xiphophyllum,,1,,,,,,,
10243,10496,10470,Christ,321367,5712,Polystichum yunnanense,,1,,,,,,,
10243,10496,10470,Maxim.,150218,13253,Pomatosace filicula,,1,,,,,,,
10243,10496,10470,L.,9799,2310,Citrus trifoliata,,1,,,,,,,
10243,10496,10470,Maxim.,122450,5726,Populus adenopoda,,1,,,,,,,
10243,10496,10470,L.,35888,5726,Populus alba,,1,,,,,,,
10243,10496,10470,Rehder,150230,5726,Populus cathayana,,1,,,,,,,
10243,10496,10470,L.,35897,5726,Populus tremula,,1,,,,,,,
10243,10496,10470,W.C.Cheng & Z.Wang,321368,5726,Populus haoana,,1,,,,,,,
10243,10496,10470,Z.Wang & S.L.Tung,150236,5726,Populus kangdingensis,,1,,,,,,,
10243,10496,10470,N.Chao,321369,5726,Populus lancifolia,,1,,,,,,,
10243,10496,10470,Oliv.,57508,5726,Populus lasiocarpa,,1,,,,,,,
10243,10496,10470,Ledeb.,102471,5726,Populus laurifolia,,1,,,,,,,
10243,10496,10470,Z.Wang & S.L.Tung,321370,5726,Populus mainlingensis,,1,,,,,,,
10243,10496,10470,L.,35894,5726,Populus nigra,,1,,,,,,,
10243,10496,10470,(Schrenk) Pavlov & Lipsch.,445460,5726,Populus macrocarpa,,1,,,,,,,
10243,10496,10470,Carrière,150242,5726,Populus simonii,,1,,,,,,,
10243,10496,10470,Z.Wang & P.Y.Fu,321371,5726,Populus pseudoglauca,,1,,,,,,,
10243,10496,10470,Kitag.,150240,5726,Populus pseudosimonii,,1,,,,,,,
10243,10496,10470,Wall. ex Royle,56632,5726,Populus ciliata,,1,,,,,,,
10243,10496,10470,L.,35897,5726,Populus tremula,,1,,,,,,,
10243,10496,10470,(Rehder) N.Chao,316646,5726,Populus schneideri,,1,,,,,,,
10243,10496,10470,Carrière,150242,5726,Populus simonii,,1,,,,,,,
10243,10496,10470,C.K.Schneid.,137853,5726,Populus szechuanica,,1,,,,,,,
10243,10496,10470,Carrière,150243,5726,Populus × tomentosa,,1,,,,,,,
10243,10496,10470,Z.Wang & S.L.Tung,321372,5726,Populus trinervis,,1,,,,,,,
10243,10496,10470,Haines,139121,5726,Populus glauca,,1,,,,,,,
10243,10496,10470,Z.Wang & S.L.Tung,317503,5726,Populus xiangchengensis,,1,,,,,,,
10243,10496,10470,(Z.Wang & P.Y.Fu) Z.Wang & S.L.Tung,137855,5726,Populus yatungensis,,1,,,,,,,
10243,10496,10470,Dode,35902,5726,Populus yunnanensis,,1,,,,,,,
10243,10496,10470,(Roxb.) Roberty,35905,5728,Poranopsis paniculata,,1,,,,,,,
10243,10496,10470,(Hand.-Mazz.) Staples,165552,5728,Poranopsis sinensis,,1,,,,,,,
10243,10496,10470,L.,35951,5733,Portulaca oleracea,,1,,,,,,,
10243,10496,10470,L.,35987,5738,Potamogeton crispus,,1,,,,,,,
10243,10496,10470,Regel & Maack,35988,5738,Potamogeton cristatus,,1,,,,,,,
10243,10496,10470,A.Benn.,35989,5738,Potamogeton distinctus,,1,,,,,,,
10243,10496,10470,L.,35994,5738,Potamogeton gramineus,,1,,,,,,,
10243,10496,10470,A.Benn.,35998,5738,Potamogeton maackianus,,1,,,,,,,
10243,10496,10470,Miq.,36005,5738,Potamogeton oxyphyllus,,1,,,,,,,
10243,10496,10470,(L.) Börner,43223,6602,Stuckenia pectinata,,1,,,,,,,
10243,10496,10470,L.,36006,5738,Potamogeton perfoliatus,,1,,,,,,,
10243,10496,10470,Morong,123603,5738,Potamogeton wrightii,,1,,,,,,,
10243,10496,10470,L.,36017,5739,Potentilla acaulis,,1,,,,,,,
10243,10496,10470,Bunge,36019,5739,Potentilla ancistrifolia,,1,,,,,,,
10243,10496,10470,(L.) Rydb.,438507,1449,Argentina anserina,,1,,,,,,,
10243,10496,10470,Franch.,138913,5739,Potentilla articulata,,1,,,,,,,
10243,10496,10470,D.F.K.Schltdl.,36024,5739,Potentilla biflora,,1,,,,,,,
10243,10496,10470,(L.) Kurtto & T.Erikss.,71087,9191,Sibbaldianthe bifurca,,1,,,,,,,
10243,10496,10470,Maxim.,294521,5739,Potentilla centigrana,,1,,,,,,,
10243,10496,10470,Ser.,36028,5739,Potentilla chinensis,,1,,,,,,,
10243,10496,10470,Bunge,102554,5739,Potentilla conferta,,1,,,,,,,
10243,10496,10470,G.Don,137860,5739,Potentilla coriandrifolia,,1,,,,,,,
10243,10496,10470,T.T.Yu & C.L.Li,321373,5739,Potentilla crenulata,,1,,,,,,,
10243,10496,10470,Maxim.,294522,5739,Potentilla cryptotaeniae,,1,,,,,,,
10243,10496,10470,Edgew.,56614,6356,Sibbaldia cuneata,,1,,,,,,,
10243,10496,10470,Bunge,314246,5739,Potentilla discolor,,1,,,,,,,
10243,10496,10470,Wall. ex Lehm.,71092,5739,Potentilla eriocarpa,,1,,,,,,,
10243,10496,10470,(Cardot) Soják,451498,1449,Argentina fallens,,1,,,,,,,
10243,10496,10470,D.F.K.Schltdl.,314247,5739,Potentilla flagellaris,,1,,,,,,,
10243,10496,10470,L.,36035,5739,Potentilla fragarioides,,1,,,,,,,
10243,10496,10470,Bornm.,36036,5739,Potentilla freyniana,,1,,,,,,,
10243,10496,10470,(L.) Rydb.,13456,2727,Dasiphora fruticosa,,1,,,,,,,
10243,10496,10470,(G.Lodd.) Soják,401835,2727,Dasiphora glabra,,1,,,,,,,
10243,10496,10470,(Hand.-Mazz.) Soják,461281,1449,Argentina gombalana,,1,,,,,,,
10243,10496,10470,T.T.Yu & C.L.Li,321375,5739,Potentilla granulosa,,1,,,,,,,
10243,10496,10470,Hook.f.,137865,5739,Potentilla griffithii,,1,,,,,,,
10243,10496,10470,Hand.-Mazz.,137866,5739,Potentilla hypargyrea,,1,,,,,,,
10243,10496,10470,(Blume) W.Theob.,80069,5739,Potentilla sundaica,,1,,,,,,,
10243,10496,10470,Cardot,317906,5739,Potentilla lancinata,,1,,,,,,,
10243,10496,10470,(D.Don) Soják,441996,1449,Argentina leuconota,,1,,,,,,,
10243,10496,10470,(Trevir.) Soják,450245,1449,Argentina lineata,,1,,,,,,,
10243,10496,10470,Willd. ex D.F.K.Schltdl.,293994,5739,Potentilla longifolia,,1,,,,,,,
10243,10496,10470,Cardot,321376,5739,Potentilla macrosepala,,1,,,,,,,
10243,10496,10470,(D.Don) Soják,461282,1449,Argentina microphylla,,1,,,,,,,
10243,10496,10470,Bunge,150269,5739,Potentilla multicaulis,,1,,,,,,,
10243,10496,10470,L.,57518,5739,Potentilla multifida,,1,,,,,,,
10243,10496,10470,(Fisch. ex Lehm.) Juz.,452603,2727,Dasiphora parvifolia,,1,,,,,,,
10243,10496,10470,(D.Don) Soják,449863,1449,Argentina peduncularis,,1,,,,,,,
10243,10496,10470,T.T.Yu & C.L.Li,319814,5739,Potentilla pendula,,1,,,,,,,
10243,10496,10470,T.T.Yu & C.L.Li,321377,5739,Potentilla plumosa,,1,,,,,,,
10243,10496,10470,(Wall. ex Lehm.) Soják,427426,1449,Argentina polyphylla,,1,,,,,,,
10243,10496,10470,Th.Wolf,316647,5739,Potentilla potaninii,,1,,,,,,,
10243,10496,10470,L.,36053,5739,Potentilla reptans,,1,,,,,,,
10243,10496,10470,Royle,71105,5739,Potentilla saundersiana,,1,,,,,,,
10243,10496,10470,L.,294871,5739,Potentilla sericea,,1,,,,,,,
10243,10496,10470,Th.Wolf,316312,5739,Potentilla simulatrix,,1,,,,,,,
10243,10496,10470,Bunge ex Lehm.,315835,5739,Potentilla sischanensis,,1,,,,,,,
10243,10496,10470,(Hand.-Mazz.) Soják,461283,1449,Argentina smithiana,,1,,,,,,,
10243,10496,10470,(Franch.) Soják,451502,1449,Argentina stenophylla,,1,,,,,,,
10243,10496,10470,L.,77817,5739,Potentilla pensylvanica,,1,,,,,,,
10243,10496,10470,L.,53387,5739,Potentilla supina,,1,,,,,,,
10243,10496,10470,Willd. ex D.F.K.Schltdl.,102555,5739,Potentilla tanacetifolia,,1,,,,,,,
10243,10496,10470,(H.Ikeda & H.Ohba) Y.H.Tong & N.H.Xia,461284,1449,Argentina wenchuensis,,1,,,,,,,
10243,10496,10470,(Raf.) Merr.,36075,5740,Pothos chinensis,,1,,,,,,,
10243,10496,10470,(Lour.) Druce,36077,5740,Pothos repens,,1,,,,,,,
10243,10496,10470,W.T.Wang,321380,5745,Pouzolzia niveotomentosa,,1,,,,,,,
10243,10496,10470,(Blume) Merr.,36104,5745,Pouzolzia sanguinea,,1,,,,,,,
10243,10496,10470,(Blume) Merr.,36104,5745,Pouzolzia sanguinea,,1,,,,,,,
10243,10496,10470,(L.) Benn.,36105,5745,Pouzolzia zeylanica,,1,,,,,,,
10243,10496,10470,W.W.Sm.,36157,5749,Premna acutata,,1,,,,,,,
10243,10496,10470,Hemsl.,191867,5749,Premna ligustroides,,1,,,,,,,
10243,10496,10470,W.W.Sm.,36157,5749,Premna acutata,,1,,,,,,,
10243,10496,10470,Turcz.,36168,5749,Premna microphylla,,1,,,,,,,
10243,10496,10470,C.Y.Wu,191882,5749,Premna oligantha,,1,,,,,,,
10243,10496,10470,Pamp.,191894,5749,Premna puberula,,1,,,,,,,
10243,10496,10470,W.W.Sm.,36157,5749,Premna acutata,,1,,,,,,,
10243,10496,10470,W.W.Sm.,36157,5749,Premna acutata,,1,,,,,,,
10243,10496,10470,Boufford & B.M.Barthol.,165494,5749,Premna wui,,1,,,,,,,
10243,10496,10470,W.W.Sm.,36157,5749,Premna acutata,,1,,,,,,,
10243,10496,10470,(Maxim.) Nakai,294523,4873,Nabalus tatarinowii,,1,,,,,,,
10243,10496,10470,"(Hemsl.) N.Kilian, Ze H.Wang & J.W.Zhang",460913,15141,Faberia faberi,,1,,,,,,,
10243,10496,10470,(Maxim.) Nakai,294523,4873,Nabalus tatarinowii,,1,,,,,,,
10243,10496,10470,(Maxim.) Nakai,294523,4873,Nabalus tatarinowii,,1,,,,,,,
10243,10496,10470,W.W.Sm.,150400,5754,Primula advena,,1,,,,,,,
10243,10496,10470,Balf.f. & Forrest,321382,5754,Primula aemula,,1,,,,,,,
10243,10496,10470,Balf.f. & Forrest,122786,5754,Primula agleniana,,1,,,,,,,
10243,10496,10470,Balf.f. & Farrer,321383,5754,Primula alsophila,,1,,,,,,,
10243,10496,10470,Balf.f.,321384,5754,Primula ambita,,1,,,,,,,
10243,10496,10470,Franch.,137877,5754,Primula amethystina,,1,,,,,,,
10243,10496,10470,Balf.f. & Forrest,157336,5754,Primula anisodora,,1,,,,,,,
10243,10496,10470,W.W.Sm. & Forrest,321385,5754,Primula aromatica,,1,,,,,,,
10243,10496,10470,W.W.Sm. & Forrest,150403,5754,Primula aurantiaca,,1,,,,,,,
10243,10496,10470,Petitm.,321386,5754,Primula bathangensis,,1,,,,,,,
10243,10496,10470,Forrest,137880,5754,Primula bulleyana,,1,,,,,,,
10243,10496,10470,Franch.,122460,5754,Primula bella,,1,,,,,,,
10243,10496,10470,King ex Hook.f.,138919,5754,Primula bellidifolia,,1,,,,,,,
10243,10496,10470,Franch.,321387,5754,Primula blattariformis,,1,,,,,,,
10243,10496,10470,H.Lév.,150426,5754,Primula blinii,,1,,,,,,,
10243,10496,10470,Balf.f. & Forrest,321388,5754,Primula boreiocalliantha,,1,,,,,,,
10243,10496,10470,Franch.,321389,5754,Primula bullata,,1,,,,,,,
10243,10496,10470,Franch.,321389,5754,Primula bullata,,1,,,,,,,
10243,10496,10470,Forrest,137880,5754,Primula bulleyana,,1,,,,,,,
10243,10496,10470,Franch.,122787,5754,Primula calliantha,,1,,,,,,,
10243,10496,10470,W.W.Sm.,321390,5754,Primula calthifolia,,1,,,,,,,
10243,10496,10470,Petitm.,321391,5754,Primula cavaleriei,,1,,,,,,,
10243,10496,10470,H.R.Fletcher,321392,5754,Primula cerina,,1,,,,,,,
10243,10496,10470,Franch.,150409,5754,Primula cernua,,1,,,,,,,
10243,10496,10470,Franch.,321393,5754,Primula chartacea,,1,,,,,,,
10243,10496,10470,W.P.Fang,321394,5754,Primula chienii,,1,,,,,,,
10243,10496,10470,Balf.f. & Forrest,150410,5754,Primula chionantha,,1,,,,,,,
10243,10496,10470,Balf.f. & Kingdon-Ward,137883,5754,Primula chungensis,,1,,,,,,,
10243,10496,10470,Franch.,316485,5754,Primula cinerascens,,1,,,,,,,
10243,10496,10470,Hemsl.,150414,5754,Primula cockburniana,,1,,,,,,,
10243,10496,10470,Forrest,321395,5754,Primula coerulea,,1,,,,,,,
10243,10496,10470,Balf.f. & Purdom,316649,5754,Primula conspersa,,1,,,,,,,
10243,10496,10470,Hand.-Mazz.,321396,5754,Primula crassa,,1,,,,,,,
10243,10496,10470,Pax & K.Hoffm.,321397,5754,Primula crocifolia,,1,,,,,,,
10243,10496,10470,Franch.,318358,5754,Primula davidii,,1,,,,,,,
10243,10496,10470,Duthie,150417,5754,Primula deflexa,,1,,,,,,,
10243,10496,10470,Sm.,56658,5754,Primula denticulata,,1,,,,,,,
10243,10496,10470,Bureau & Franch.,137876,5754,Primula diantha,,1,,,,,,,
10243,10496,10470,G.Watt,122463,5754,Primula dickieana,,1,,,,,,,
10243,10496,10470,Franch.,137885,5754,Primula dryadifolia,,1,,,,,,,
10243,10496,10470,W.W.Sm. & Forrest,122465,5754,Primula dumicola,,1,,,,,,,
10243,10496,10470,Pax,318359,5754,Primula efarinosa,,1,,,,,,,
10243,10496,10470,Craib,319815,5754,Primula epilosa,,1,,,,,,,
10243,10496,10470,W.W.Sm.,150420,5754,Primula erratica,,1,,,,,,,
10243,10496,10470,Oliv.,150422,5754,Primula faberi,,1,,,,,,,
10243,10496,10470,Balf.f. & Craib,319816,5754,Primula fagosa,,1,,,,,,,
10243,10496,10470,F.H.Chen & C.M.Hu,321398,5754,Primula fangii,,1,,,,,,,
10243,10496,10470,Balf.f. & Kingdon-Ward,150423,5754,Primula fasciculata,,1,,,,,,,
10243,10496,10470,W.W.Sm.,321399,5754,Primula fernaldiana,,1,,,,,,,
10243,10496,10470,R.Knuth,318360,5754,Primula filchnerae,,1,,,,,,,
10243,10496,10470,Balf.f. & Forrest,137887,5754,Primula firmipes,,1,,,,,,,
10243,10496,10470,N.P.Balakr.,150425,5754,Primula flaccida,,1,,,,,,,
10243,10496,10470,Maxim.,321400,5754,Primula flava,,1,,,,,,,
10243,10496,10470,G.Watt,121746,5754,Primula filipes,,1,,,,,,,
10243,10496,10470,Batalin,150429,5754,Primula gemmifera,,1,,,,,,,
10243,10496,10470,Hook.f.,121747,5754,Primula geraniifolia,,1,,,,,,,
10243,10496,10470,Pax,321401,5754,Primula giraldiana,,1,,,,,,,
10243,10496,10470,Pax,68817,5754,Primula glomerata,,1,,,,,,,
10243,10496,10470,Dunn,321402,5754,Primula gracilenta,,1,,,,,,,
10243,10496,10470,Pax & K.Hoffm.,321403,5754,Primula graminifolia,,1,,,,,,,
10243,10496,10470,(Watt) Pax,321404,5754,Primula griffithii,,1,,,,,,,
10243,10496,10470,W.W.Sm. & Forrest,316650,5754,Primula handeliana,,1,,,,,,,
10243,10496,10470,Franch.,150430,5754,Primula heucherifolia,,1,,,,,,,
10243,10496,10470,W.W.Sm.,321405,5754,Primula hoffmanniana,,1,,,,,,,
10243,10496,10470,W.P.Fang,461285,5754,Primula hoi,,1,,,,,,,
10243,10496,10470,F.H.Chen & C.M.Hu,321407,5754,Primula homogama,,1,,,,,,,
10243,10496,10470,Franch.,150455,5754,Primula souliei,,1,,,,,,,
10243,10496,10470,Franch.,321409,5754,Primula kialensis,,1,,,,,,,
10243,10496,10470,Forrest,122472,5754,Primula klaveriana,,1,,,,,,,
10243,10496,10470,Pax,321410,5754,Primula knuthiana,,1,,,,,,,
10243,10496,10470,W.W.Sm.,321411,5754,Primula kweichouensis,,1,,,,,,,
10243,10496,10470,Pax & K.Hoffm.,321412,5754,Primula laciniata,,1,,,,,,,
10243,10496,10470,Craib,321413,5754,Primula leptophylla,,1,,,,,,,
10243,10496,10470,Balf.f. & Forrest,321414,5754,Primula limbata,,1,,,,,,,
10243,10496,10470,F.H.Chen & C.M.Hu,321415,5754,Primula lithophila,,1,,,,,,,
10243,10496,10470,W.P.Fang,321416,5754,Primula lungchiensis,,1,,,,,,,
10243,10496,10470,Franch.,36196,5754,Primula malacoides,,1,,,,,,,
10243,10496,10470,Balf.f.,321417,5754,Primula mallophylla,,1,,,,,,,
10243,10496,10470,Franch.,321418,5754,Primula malvacea,,1,,,,,,,
10243,10496,10470,Regel,150441,5754,Primula maximowiczii,,1,,,,,,,
10243,10496,10470,(Franch.) C.M.Hu,321419,5754,Primula melanantha,,1,,,,,,,
10243,10496,10470,Balf.f. & Forrest,150410,5754,Primula chionantha,,1,,,,,,,
10243,10496,10470,Franch.,122470,5754,Primula yunnanensis,,1,,,,,,,
10243,10496,10470,Nutt. ex Hook.,121749,5754,Primula mollis,,1,,,,,,,
10243,10496,10470,(Hand.-Mazz.) F.H.Chen & C.M.Hu,321422,5754,Primula monticola,,1,,,,,,,
10243,10496,10470,Franch.,318013,5754,Primula moupinensis,,1,,,,,,,
10243,10496,10470,Lindl.,451623,5754,Primula munroi,,1,,,,,,,
10243,10496,10470,Hemsl.,122475,5754,Primula muscarioides,,1,,,,,,,
10243,10496,10470,Franch.,318361,5754,Primula neurocalyx,,1,,,,,,,
10243,10496,10470,Georgi,36200,5754,Primula nutans,,1,,,,,,,
10243,10496,10470,Hemsl.,318362,5754,Primula nutantiflora,,1,,,,,,,
10243,10496,10470,Hance,122459,5754,Primula obconica,,1,,,,,,,
10243,10496,10470,(Franch.) Pax,150444,5754,Primula odontocalyx,,1,,,,,,,
10243,10496,10470,Farrer ex Balf.f.,321423,5754,Primula optata,,1,,,,,,,
10243,10496,10470,Hemsl.,150445,5754,Primula orbicularis,,1,,,,,,,
10243,10496,10470,Franch.,321424,5754,Primula oreodoxa,,1,,,,,,,
10243,10496,10470,Franch.,318363,5754,Primula ovalifolia,,1,,,,,,,
10243,10496,10470,W.W.Sm. & Kingdon-Ward,321425,5754,Primula oxygraphidifolia,,1,,,,,,,
10243,10496,10470,Hand.-Mazz.,319817,5754,Primula palmata,,1,,,,,,,
10243,10496,10470,W.W.Sm. & Forrest,321426,5754,Primula pauliana,,1,,,,,,,
10243,10496,10470,Franch.,321427,5754,Primula pellucida,,1,,,,,,,
10243,10496,10470,Franch.,321428,5754,Primula pinnatifida,,1,,,,,,,
10243,10496,10470,Franch.,150448,5754,Primula poissonii,,1,,,,,,,
10243,10496,10470,Franch.,122473,5754,Primula polyneura,,1,,,,,,,
10243,10496,10470,Franch.,150449,5754,Primula pulchella,,1,,,,,,,
10243,10496,10470,Pax,318364,5754,Primula pseudodenticulata,,1,,,,,,,
10243,10496,10470,Klatt,137888,5754,Primula glabra,,1,,,,,,,
10243,10496,10470,Franch.,150449,5754,Primula pulchella,,1,,,,,,,
10243,10496,10470,Duthie,36202,5754,Primula pulverulenta,,1,,,,,,,
10243,10496,10470,Craib,317019,5754,Primula purdomii,,1,,,,,,,
10243,10496,10470,Bureau & Franch.,321431,5754,Primula pycnoloba,,1,,,,,,,
10243,10496,10470,W.W.Sm.,321432,5754,Primula rhodochroa,,1,,,,,,,
10243,10496,10470,W.W.Sm.,321433,5754,Primula rockii,,1,,,,,,,
10243,10496,10470,Batalin,150429,5754,Primula gemmifera,,1,,,,,,,
10243,10496,10470,Balf.f. & Forrest,321434,5754,Primula rupicola,,1,,,,,,,
10243,10496,10470,Balf.f. & Forrest,321435,5754,Primula russeola,,1,,,,,,,
10243,10496,10470,W.W.Sm. & H.R.Fletcher,321436,5754,Primula saturata,,1,,,,,,,
10243,10496,10470,H.R.Fletcher,324101,5754,Primula tayloriana,,1,,,,,,,
10243,10496,10470,Franch.,321438,5754,Primula secundiflora,,1,,,,,,,
10243,10496,10470,Franch.,316486,5754,Primula septemloba,,1,,,,,,,
10243,10496,10470,Forrest,460914,5754,Primula biserrata,,1,,,,,,,
10243,10496,10470,Franch.,318365,5754,Primula sertulum,,1,,,,,,,
10243,10496,10470,É.Morren,124318,5754,Primula sieboldii,,1,,,,,,,
10243,10496,10470,Hook.,36204,5754,Primula sikkimensis,,1,,,,,,,
10243,10496,10470,Petitm.,137892,5754,Primula silaensis,,1,,,,,,,
10243,10496,10470,Ker Gawl.,402553,5754,Primula praenitens,,1,,,,,,,
10243,10496,10470,Balf.f.,137893,5754,Primula sinolisteri,,1,,,,,,,
10243,10496,10470,Balf.f.,137894,5754,Primula sinoplantaginea,,1,,,,,,,
10243,10496,10470,Franch.,321439,5754,Primula sinuata,,1,,,,,,,
10243,10496,10470,Franch.,122478,5754,Primula sonchifolia,,1,,,,,,,
10243,10496,10470,F.H.Chen & C.M.Hu,150454,5754,Primula soongii,,1,,,,,,,
10243,10496,10470,Franch.,150455,5754,Primula souliei,,1,,,,,,,
10243,10496,10470,Maxim.,318014,5754,Primula stenocalyx,,1,,,,,,,
10243,10496,10470,Balf.f. ex W.W.Sm. & H.R.Fletcher,321440,5754,Primula stenodonta,,1,,,,,,,
10243,10496,10470,Pax,321441,5754,Primula szechuanica,,1,,,,,,,
10243,10496,10470,Duthie,150456,5754,Primula tangutica,,1,,,,,,,
10243,10496,10470,(C.M.Hu) C.M.Hu,318366,5754,Primula tardiflora,,1,,,,,,,
10243,10496,10470,F.H.Chen & C.M.Hu,321442,5754,Primula tenuipes,,1,,,,,,,
10243,10496,10470,C.M.Hu & Y.Y.Geng,321443,5754,Primula tenuituba,,1,,,,,,,
10243,10496,10470,Franch.,321444,5754,Primula tongolensis,,1,,,,,,,
10243,10496,10470,F.H.Chen & C.M.Hu,321445,5754,Primula tridentifera,,1,,,,,,,
10243,10496,10470,W.W.Sm.,321446,5754,Primula tsiangii,,1,,,,,,,
10243,10496,10470,Petitm.,321447,5754,Primula tzetsouensis,,1,,,,,,,
10243,10496,10470,Petitm.,150460,5754,Primula veitchiana,,1,,,,,,,
10243,10496,10470,L.,36207,5754,Primula veris,,1,,,,,,,
10243,10496,10470,Delavay ex Franch.,150462,5754,Primula vialii,,1,,,,,,,
10243,10496,10470,Petitm.,317639,5754,Primula vilmoriniana,,1,,,,,,,
10243,10496,10470,W.W.Sm. & Kingdon-Ward,321448,5754,Primula violacea,,1,,,,,,,
10243,10496,10470,Craib,321449,5754,Primula walshii,,1,,,,,,,
10243,10496,10470,G.Watt ex Balf.f.,150463,5754,Primula waltonii,,1,,,,,,,
10243,10496,10470,Dunn,139124,5754,Primula watsonii,,1,,,,,,,
10243,10496,10470,Dunn,321450,5754,Primula wilsonii,,1,,,,,,,
10243,10496,10470,Balf.f.,321451,5754,Primula woodwardii,,1,,,,,,,
10243,10496,10470,W.P.Fang,321452,5754,Primula woonyoungiana,,1,,,,,,,
10243,10496,10470,Franch.,122470,5754,Primula yunnanensis,,1,,,,,,,
10243,10496,10470,Batalin,150468,5758,Prinsepia uniflora,,1,,,,,,,
10243,10496,10470,Royle,56606,5758,Prinsepia utilis,,1,,,,,,,
10243,10496,10470,(Rosenst.) K.Iwats.,442021,6763,Thelypteris lakhimpurensis,,1,,,,,,,
10243,10496,10470,(Hook.) C.F.Reed,460790,6763,Thelypteris penangiana,,1,,,,,,,
10243,10496,10470,Hook.,47365,7146,Woodsia manchuriensis,,1,,,,,,,
10243,10496,10470,L.,36352,5781,Prunella vulgaris,,1,,,,,,,
10243,10496,10470,L.,36352,5781,Prunella vulgaris,,1,,,,,,,
10243,10496,10470,L.,36352,5781,Prunella vulgaris,,1,,,,,,,
10243,10496,10470,Ehrh.,36361,5782,Prunus cerasifera,,1,,,,,,,
10243,10496,10470,Lindl.,122491,5782,Prunus salicina,,1,,,,,,,
10243,10496,10470,Maxim.,150542,12515,Przewalskia tangutica,,1,,,,,,,
10243,10496,10470,W.C.Wu & C.Y.Wu,321453,15177,Psammosilene tunicoides,,1,,,,,,,
10243,10496,10470,(Christ) Ching,44862,6763,Thelypteris esquirolii,,1,,,,,,,
10243,10496,10470,(Hook.) Ching,442053,6763,Thelypteris falciloba,,1,,,,,,,
10243,10496,10470,(Christ) Ching,44862,6763,Thelypteris esquirolii,,1,,,,,,,
10243,10496,10470,(Kunze) Ching,442055,6763,Thelypteris tylodes,,1,,,,,,,
10243,10496,10470,Bedd.,4184,1554,Athyrium atkinsonii,,1,,,,,,,
10243,10496,10470,(Franch.) Christ,461286,1554,Athyrium davidii,,1,,,,,,,
10243,10496,10470,(Ching) Fraser-Jenk.,435346,1554,Athyrium repens,,1,,,,,,,
10243,10496,10470,(Ching) K.Iwats.,435347,1554,Athyrium schizochlamys,,1,,,,,,,
10243,10496,10470,(Maxim.) Milde,4234,1554,Athyrium spinulosum,,1,,,,,,,
10243,10496,10470,(Maxim.) Milde,4234,1554,Athyrium spinulosum,,1,,,,,,,
10243,10496,10470,(Wall. ex Mett.) J.Sm.,438224,2985,Drynaria coronans,,1,,,,,,,
10243,10496,10470,(J.Nelson) Rehder,150569,13276,Pseudolarix amabilis,,1,,,,,,,
10243,10496,10470,Pall. ex Link,46641,7064,Veronica linariifolia,,1,,,,,,,
10243,10496,10470,L.,46643,7064,Veronica longifolia,,1,,,,,,,
10243,10496,10470,(Hook.) J.Sm.,442057,5453,Phegopteris aurita,,1,,,,,,,
10243,10496,10470,(C.B.Clarke) Tagawa,460791,5453,Phegopteris levingei,,1,,,,,,,
10243,10496,10470,(C.B.Clarke) Tagawa,460791,5453,Phegopteris levingei,,1,,,,,,,
10243,10496,10470,(Hook.) Christenh.,433704,5453,Phegopteris microstegia,,1,,,,,,,
10243,10496,10470,(Blume) J.Sm.,401723,5453,Phegopteris paludosa,,1,,,,,,,
10243,10496,10470,(Zoll.) Christenh.,434081,5453,Phegopteris rectangularis,,1,,,,,,,
10243,10496,10470,(Blume) J.Sm.,401723,5453,Phegopteris paludosa,,1,,,,,,,
10243,10496,10470,(Brongn.) A.Camus,442060,19912,Pseudopogonatherum contortum,,1,,,,,,,
10243,10496,10470,(Brongn.) A.Camus,442060,19912,Pseudopogonatherum contortum,,1,,,,,,,
10243,10496,10470,(McClure) Keng f.,150580,5815,Pseudosasa amabilis,,1,,,,,,,
10243,10496,10470,(Franch.) Pax,315158,5819,Pseudostellaria davidii,,1,,,,,,,
10243,10496,10470,(Maxim.) Pax,36510,5819,Pseudostellaria heterantha,,1,,,,,,,
10243,10496,10470,(Miq.) Pax,124262,5819,Pseudostellaria heterophylla,,1,,,,,,,
10243,10496,10470,(Franch.) Pax,137898,5819,Pseudostellaria himalaica,,1,,,,,,,
10243,10496,10470,(Korsh.) Pax,294524,5819,Pseudostellaria japonica,,1,,,,,,,
10243,10496,10470,(Turcz.) Pax,307274,5819,Pseudostellaria rupestris,,1,,,,,,,
10243,10496,10470,(Maxim.) Pax,137899,5819,Pseudostellaria sylvatica,,1,,,,,,,
10243,10496,10470,Ohwi,321458,5819,Pseudostellaria tibetica,,1,,,,,,,
10243,10496,10470,(Mitt.) Hilp.,321459,15179,Pseudosymblepharis angustata,,1,,,,,,,
10243,10496,10470,(W.C.Cheng) W.C.Cheng,150583,13280,Pseudotaxus chienii,,1,,,,,,,
10243,10496,10470,Dode,36513,5821,Pseudotsuga sinensis,,1,,,,,,,
10243,10496,10470,Dode,36513,5821,Pseudotsuga sinensis,,1,,,,,,,
10243,10496,10470,Dode,36513,5821,Pseudotsuga sinensis,,1,,,,,,,
10243,10496,10470,Hemsl.,318369,15122,Psilopeganum sinense,,1,,,,,,,
10243,10496,10470,(L.) P.Beauv.,36586,5831,Psilotum nudum,,1,,,,,,,
10243,10496,10470,(L.) Medik.,12138,2601,Cullen corylifolium,,1,,,,,,,
10243,10496,10470,L.,36626,5840,Psychotria asiatica,,1,,,,,,,
10243,10496,10470,(L.) Kuhn,36950,5848,Pteridium aquilinum,,1,,,,,,,
10243,10496,10470,(G.Forst.) Cockayne,36954,5848,Pteridium esculentum,,1,,,,,,,
10243,10496,10470,(Blume) Nakai,36956,5848,Pteridium revolutum,,1,,,,,,,
10243,10496,10470,Christ,36962,5850,Pteris actiniopteroides,,1,,,,,,,
10243,10496,10470,Blume,36964,5850,Pteris amoena,,1,,,,,,,
10243,10496,10470,Wall. ex J.Agardh,150640,5850,Pteris aspericaulis,,1,,,,,,,
10243,10496,10470,L.,36980,5850,Pteris cretica,,1,,,,,,,
10243,10496,10470,Hook.,150650,5850,Pteris dactylina,,1,,,,,,,
10243,10496,10470,Baker,36984,5850,Pteris deltodon,,1,,,,,,,
10243,10496,10470,Kunze,36987,5850,Pteris dispar,,1,,,,,,,
10243,10496,10470,Baker,36988,5850,Pteris dissitifolia,,1,,,,,,,
10243,10496,10470,Burm.f.,36990,5850,Pteris ensiformis,,1,,,,,,,
10243,10496,10470,Christ,150653,5850,Pteris esquirolii,,1,,,,,,,
10243,10496,10470,Wall. ex J.Agardh,427354,5850,Pteris terminalis,,1,,,,,,,
10243,10496,10470,Hieron.,36992,5850,Pteris fauriei,,1,,,,,,,
10243,10496,10470,Christ,36993,5850,Pteris finotii,,1,,,,,,,
10243,10496,10470,Ching,150654,5850,Pteris gallinopes,,1,,,,,,,
10243,10496,10470,Hieron.,37013,5850,Pteris kiuschiuensis,,1,,,,,,,
10243,10496,10470,Poir.,37021,5850,Pteris linearis,,1,,,,,,,
10243,10496,10470,Poir.,37035,5850,Pteris multifida,,1,,,,,,,
10243,10496,10470,C.Agardh,37077,5850,Pteris wallichiana,,1,,,,,,,
10243,10496,10470,Hieron.,37044,5850,Pteris oshimensis,,1,,,,,,,
10243,10496,10470,Ching,150683,5850,Pteris puberula,,1,,,,,,,
10243,10496,10470,L.,37065,5850,Pteris semipinnata,,1,,,,,,,
10243,10496,10470,C.Presl,157363,5850,Pteris spinescens,,1,,,,,,,
10243,10496,10470,Wall. ex J.Agardh,150640,5850,Pteris aspericaulis,,1,,,,,,,
10243,10496,10470,L.,36980,5850,Pteris cretica,,1,,,,,,,
10243,10496,10470,Ching,317322,5850,Pteris sinensis,,1,,,,,,,
10243,10496,10470,L.,37076,5850,Pteris vittata,,1,,,,,,,
10243,10496,10470,C.Agardh,37077,5850,Pteris wallichiana,,1,,,,,,,
10243,10496,10470,C.Agardh,37077,5850,Pteris wallichiana,,1,,,,,,,
10243,10496,10470,(Dunn) Hand.-Mazz.,321460,12472,Pternopetalum botrychioides,,1,,,,,,,
10243,10496,10470,R.H.Shan,321461,12472,Pternopetalum caespitosum,,1,,,,,,,
10243,10496,10470,(Franch.) Hand.-Mazz.,137904,12472,Pternopetalum delavayi,,1,,,,,,,
10243,10496,10470,Franch.,460953,12472,Pternopetalum davidi,,1,,,,,,,
10243,10496,10470,(Franch.) Hand.-Mazz.,137904,12472,Pternopetalum delavayi,,1,,,,,,,
10243,10496,10470,(Dunn) Hand.-Mazz.,321460,12472,Pternopetalum botrychioides,,1,,,,,,,
10243,10496,10470,(Franch. & Sav.) Hand.-Mazz.,150708,12472,Pternopetalum tanakae,,1,,,,,,,
10243,10496,10470,(H.Wolff) Hand.-Mazz.,318371,12472,Pternopetalum gracillimum,,1,,,,,,,
10243,10496,10470,(Franch. & Sav.) Hand.-Mazz.,150708,12472,Pternopetalum tanakae,,1,,,,,,,
10243,10496,10470,(Dunn) Hand.-Mazz.,318696,12472,Pternopetalum leptophyllum,,1,,,,,,,
10243,10496,10470,(Franch.) Hand.-Mazz.,137904,12472,Pternopetalum delavayi,,1,,,,,,,
10243,10496,10470,(Franch.) Hand.-Mazz.,321463,12472,Pternopetalum molle,,1,,,,,,,
10243,10496,10470,(H.Boissieu) Hand.-Mazz.,317837,12472,Pternopetalum nudicaule,,1,,,,,,,
10243,10496,10470,(Diels) Hand.-Mazz.,318373,12472,Pternopetalum rosthornii,,1,,,,,,,
10243,10496,10470,Hand.-Mazz.,137905,12472,Pternopetalum subalpinum,,1,,,,,,,
10243,10496,10470,(Franch. & Sav.) Hand.-Mazz.,150708,12472,Pternopetalum tanakae,,1,,,,,,,
10243,10496,10470,(Franch.) Hand.-Mazz.,317839,12472,Pternopetalum trichomanifolium,,1,,,,,,,
10243,10496,10470,(Franch.) Hand.-Mazz.,321463,12472,Pternopetalum molle,,1,,,,,,,
10243,10496,10470,(Dunn) Hand.-Mazz.,137906,12472,Pternopetalum vulgare,,1,,,,,,,
10243,10496,10470,(Dunn) Hand.-Mazz.,137906,12472,Pternopetalum vulgare,,1,,,,,,,
10243,10496,10470,Skan,150713,5854,Pterocarya hupehensis,,1,,,,,,,
10243,10496,10470,Batalin,137907,5854,Pterocarya macroptera,,1,,,,,,,
10243,10496,10470,C.DC.,150715,5854,Pterocarya stenoptera,,1,,,,,,,
10243,10496,10470,(Franch.) Dode,124856,5854,Pterocarya tonkinensis,,1,,,,,,,
10243,10496,10470,Maxim.,150716,13284,Pteroceltis tatarinowii,,1,,,,,,,
10243,10496,10470,(Batalin) B.L.Burtt,461287,16574,Bassecoia bretschneideri,,1,,,,,,,
10243,10496,10470,(C.B.Clarke) E.Pritz.,139031,5856,Pterocephalus hookeri,,1,,,,,,,
10243,10496,10470,Maxim.,24573,4119,Lactuca raddeana,,1,,,,,,,
10243,10496,10470,Maxim.,24564,4119,Lactuca formosana,,1,,,,,,,
10243,10496,10470,L.,24566,4119,Lactuca indica,,1,,,,,,,
10243,10496,10470,L.,24566,4119,Lactuca indica,,1,,,,,,,
10243,10496,10470,Maxim.,24573,4119,Lactuca raddeana,,1,,,,,,,
10243,10496,10470,Maxim.,24564,4119,Lactuca formosana,,1,,,,,,,
10243,10496,10470,Hemsl.,37111,5860,Pterolobium punctatum,,1,,,,,,,
10243,10496,10470,Siebold & Zucc.,150730,11664,Pterostyrax corymbosus,,1,,,,,,,
10243,10496,10470,Diels ex Perkins,150732,11664,Pterostyrax psilophyllus,,1,,,,,,,
10243,10496,10470,Dammer & Diels,316315,15096,Pteroxygonum giraldii,,1,,,,,,,
10243,10496,10470,P.C.Tsoong,321467,12473,Pterygiella cylindrica,,1,,,,,,,
10243,10496,10470,Franch.,316839,12473,Pterygiella duclouxii,,1,,,,,,,
10243,10496,10470,Oliv.,319563,12473,Pterygiella nigrescens,,1,,,,,,,
10243,10496,10470,D.Y.Hong,321468,12473,Pterygiella suffruticosa,,1,,,,,,,
10243,10496,10470,Maxim.,294525,14554,Pterygocalyx volubilis,,1,,,,,,,
10243,10496,10470,(Maxim.) Kitag.,315085,15060,Pterygopleurum neurophyllum,,1,,,,,,,
10243,10496,10470,(Hook.f.) Roshev.,445425,13290,Ptilagrostis concinna,,1,,,,,,,
10243,10496,10470,Keng ex Tzvelev,150734,13290,Ptilagrostis dichotoma,,1,,,,,,,
10243,10496,10470,Grubov,228184,13290,Ptilagrostis junatovii,,1,,,,,,,
10243,10496,10470,"P.M.Peterson, Soreng & Z.L.Wu",228185,13290,Ptilagrostis luquensis,,1,,,,,,,
10243,10496,10470,(Turcz. ex Trin.) Griseb.,445427,13290,Ptilagrostis mongholica,,1,,,,,,,
10243,10496,10470,Hayata,29299,4766,Monachosorum maximowiczii,,1,,,,,,,
10243,10496,10470,L.Liu,228197,5874,Puccinellia degeensis,,1,,,,,,,
10243,10496,10470,(Roshev.) V.I.Krecz. ex Ovcz. & Czukav.,228221,5874,Puccinellia pamirica,,1,,,,,,,
10243,10496,10470,Pamp.,137909,5875,Pueraria edulis,,1,,,,,,,
10243,10496,10470,(Lour.) Merr.,37269,5875,Pueraria montana,,1,,,,,,,
10243,10496,10470,(Benth.) A.N.Egan & B.Pan,449947,20310,Toxicopueraria peduncularis,,1,,,,,,,
10243,10496,10470,(Kurz) A.N.Egan & B.Pan,449815,6749,Teyleria stricta,,1,,,,,,,
10243,10496,10470,(DC.) A.N.Egan & B.Pan,449816,20305,Haymondia wallichii,,1,,,,,,,
10243,10496,10470,(Diels) Y.Ling,321469,5876,Pulicaria chrysantha,,1,,,,,,,
10243,10496,10470,(Bunge) Regel,451758,5879,Pulsatilla chinensis,,1,,,,,,,
10243,10496,10470,(Hemsl. & E.H.Wilson) Ulbr.,460674,5879,Pulsatilla millefolia,,1,,,,,,,
10243,10496,10470,(Poir.) Schindl.,37401,5890,Pycnospora lutescens,,1,,,,,,,
10243,10496,10470,R.Br.,439649,2661,Cyperus unioloides,,1,,,,,,,
10243,10496,10470,Retz.,439636,2661,Cyperus flavidus,,1,,,,,,,
10243,10496,10470,L.K.Dai,209518,5891,Pycreus lijiangensis,,1,,,,,,,
10243,10496,10470,L.K.Dai,209533,5891,Pycreus pseudolatespicatus,,1,,,,,,,
10243,10496,10470,Vahl,439646,2661,Cyperus sanguinolentus,,1,,,,,,,
10243,10496,10470,(Blume) Kalkman,36355,5782,Prunus arborea,,1,,,,,,,
10243,10496,10470,(Blume) Kalkman,36355,5782,Prunus arborea,,1,,,,,,,
10243,10496,10470,(Franch.) C.K.Schneid.,37418,5892,Pyracantha angustifolia,,1,,,,,,,
10243,10496,10470,(D.Don) M.Roem.,37422,5892,Pyracantha crenulata,,1,,,,,,,
10243,10496,10470,(D.Don) M.Roem.,37422,5892,Pyracantha crenulata,,1,,,,,,,
10243,10496,10470,(D.Don) M.Roem.,37422,5892,Pyracantha crenulata,,1,,,,,,,
10243,10496,10470,(Hu) S.X.Yang & T.L.Ming,317323,5895,Pyrenaria sophiae,,1,,,,,,,
10243,10496,10470,(Ledeb.) Sch.Bip.,459831,6676,Tanacetum pulchrum,,1,,,,,,,
10243,10496,10470,(Bureau & Franch.) K.Bremer & Humphries,451506,6676,Tanacetum tatsienense,,1,,,,,,,
10243,10496,10470,(Gagnep.) T.L.Wu & Z.Y.Chen,456222,20450,Pyrgophyllum yunnanense,,1,,,,,,,
10243,10496,10470,Franch.,321470,5896,Pyrola atropurpurea,,1,,,,,,,
10243,10496,10470,Andres,316317,5896,Pyrola calliantha,,1,,,,,,,
10243,10496,10470,H.Lév.,461041,5896,Pyrola corbierei,,1,,,,,,,
10243,10496,10470,Andres,37436,5896,Pyrola decorata,,1,,,,,,,
10243,10496,10470,Andres,37437,5896,Pyrola elegantula,,1,,,,,,,
10243,10496,10470,Andres,137911,5896,Pyrola forrestiana,,1,,,,,,,
10243,10496,10470,Y.L.Chou & R.C.Zhou,321471,5896,Pyrola markonica,,1,,,,,,,
10243,10496,10470,Sw.,37441,5896,Pyrola media,,1,,,,,,,
10243,10496,10470,L.,37442,5896,Pyrola minor,,1,,,,,,,
10243,10496,10470,L.,37446,5896,Pyrola rotundifolia,,1,,,,,,,
10243,10496,10470,Andres,317324,5896,Pyrola rugosa,,1,,,,,,,
10243,10496,10470,Andres,137912,5896,Pyrola sororia,,1,,,,,,,
10243,10496,10470,Andres,321472,5896,Pyrola szechuanica,,1,,,,,,,
10243,10496,10470,(Sw.) Ching,37457,5902,Pyrrosia adnascens,,1,,,,,,,
10243,10496,10470,(Giesenh. ex Diels) Tagawa & K.Iwats.,37459,5902,Pyrrosia angustissima,,1,,,,,,,
10243,10496,10470,(Baker) Ching,37460,5902,Pyrrosia assimilis,,1,,,,,,,
10243,10496,10470,(Baker) Ching,37462,5902,Pyrrosia calvata,,1,,,,,,,
10243,10496,10470,(Thunb.) Farw.,37473,5902,Pyrrosia lingua,,1,,,,,,,
10243,10496,10470,(Giesenh.) Ching,37466,5902,Pyrrosia davidii,,1,,,,,,,
10243,10496,10470,(Franch.) Ching,231627,5902,Pyrrosia drakeana,,1,,,,,,,
10243,10496,10470,(Giesenh.) Ching,37466,5902,Pyrrosia davidii,,1,,,,,,,
10243,10496,10470,(Thunb.) Farw.,37473,5902,Pyrrosia lingua,,1,,,,,,,
10243,10496,10470,(Giesenh.) Ching,37476,5902,Pyrrosia nuda,,1,,,,,,,
10243,10496,10470,(Giesenh.) Ching,37466,5902,Pyrrosia davidii,,1,,,,,,,
10243,10496,10470,(Christ) Ching,231649,5902,Pyrrosia petiolosa,,1,,,,,,,
10243,10496,10470,(C.Presl) Hovenkamp,37482,5902,Pyrrosia porosa,,1,,,,,,,
10243,10496,10470,(Baker) Ching,37486,5902,Pyrrosia sheareri,,1,,,,,,,
10243,10496,10470,Ching,231655,5902,Pyrrosia similis,,1,,,,,,,
10243,10496,10470,(Bedd.) Ching,442129,5902,Pyrrosia stenophylla,,1,,,,,,,
10243,10496,10470,A.DC.,122503,11705,Pyrularia edulis,,1,,,,,,,
10243,10496,10470,T.T.Yu,316318,5903,Pyrus armeniacifolia,,1,,,,,,,
10243,10496,10470,Bunge,150786,5903,Pyrus betulifolia,,1,,,,,,,
10243,10496,10470,Rehder,316319,5903,Pyrus bretschneideri,,1,,,,,,,
10243,10496,10470,Decne.,37488,5903,Pyrus calleryana,,1,,,,,,,
10243,10496,10470,Buch.-Ham. ex D.Don,56609,5903,Pyrus pashia,,1,,,,,,,
10243,10496,10470,Rehder,316321,5903,Pyrus phaeocarpa,,1,,,,,,,
10243,10496,10470,T.T.Yu,321473,5903,Pyrus pseudopashia,,1,,,,,,,
10243,10496,10470,(Burm.f.) Nakai,37493,5903,Pyrus pyrifolia,,1,,,,,,,
10243,10496,10470,I.M.Turner,452639,5903,Pyrus neoserrulata,,1,,,,,,,
10243,10496,10470,T.T.Yu,150789,5903,Pyrus xerophila,,1,,,,,,,
10243,10496,10470,Seemen,194887,5909,Quercus acrodonta,,1,,,,,,,
10243,10496,10470,Blume,37510,5909,Quercus aliena,,1,,,,,,,
10243,10496,10470,Rehder & E.H.Wilson,150808,5909,Quercus aquifolioides,,1,,,,,,,
10243,10496,10470,Skan,194899,5909,Quercus baronii,,1,,,,,,,
10243,10496,10470,Nakai,37520,5909,Quercus chenii,,1,,,,,,,
10243,10496,10470,Hand.-Mazz.,150818,5909,Quercus cocciferoides,,1,,,,,,,
10243,10496,10470,Thunb.,37530,5909,Quercus dentata,,1,,,,,,,
10243,10496,10470,A.Camus,194931,5909,Quercus dolicholepis,,1,,,,,,,
10243,10496,10470,Seemen,122506,5909,Quercus engleriana,,1,,,,,,,
10243,10496,10470,Hance,37536,5909,Quercus fabrei,,1,,,,,,,
10243,10496,10470,Skan,194940,5909,Quercus franchetii,,1,,,,,,,
10243,10496,10470,Hook.f. & Thomson ex Miq.,122507,5909,Quercus griffithii,,1,,,,,,,
10243,10496,10470,(Hand.-Mazz.) A.Camus,194973,5909,Quercus longispica,,1,,,,,,,
10243,10496,10470,Thunb.,37530,5909,Quercus dentata,,1,,,,,,,
10243,10496,10470,Fisch. ex Ledeb.,37559,5909,Quercus mongolica,,1,,,,,,,
10243,10496,10470,(Hand.-Mazz.) Hand.-Mazz.,194983,5909,Quercus monimotricha,,1,,,,,,,
10243,10496,10470,Y.C.Hsu & H.Wei Jen,194984,5909,Quercus monnula,,1,,,,,,,
10243,10496,10470,(E.H.Wilson) Hand.-Mazz.,194993,5909,Quercus oxyphylla,,1,,,,,,,
10243,10496,10470,Hand.-Mazz.,194996,5909,Quercus pannosa,,1,,,,,,,
10243,10496,10470,A.Gray,37571,5909,Quercus phillyreoides,,1,,,,,,,
10243,10496,10470,Hand.-Mazz.,136989,5909,Quercus rehderiana,,1,,,,,,,
10243,10496,10470,Sm.,56626,5909,Quercus semecarpifolia,,1,,,,,,,
10243,10496,10470,Hand.-Mazz.,195024,5909,Quercus senescens,,1,,,,,,,
10243,10496,10470,Murray,37578,5909,Quercus serrata,,1,,,,,,,
10243,10496,10470,David,37581,5909,Quercus spinosa,,1,,,,,,,
10243,10496,10470,Blume,37590,5909,Quercus variabilis,,1,,,,,,,
10243,10496,10470,Mayr,150836,5909,Quercus wutaishanica,,1,,,,,,,
10243,10496,10470,Thunb.,37530,5909,Quercus dentata,,1,,,,,,,
10243,10496,10470,(L.) DeFilipps,10587,2422,Combretum indicum,,1,,,,,,,
10243,10496,10470,Laxm.,448195,5927,Ranunculus altaicus,,1,,,,,,,
10243,10496,10470,W.T.Wang,321474,5927,Ranunculus balangshanicus,,1,,,,,,,
10243,10496,10470,Freyn,71060,5927,Ranunculus brotherusii,,1,,,,,,,
10243,10496,10470,DC.,37685,5927,Ranunculus cantoniensis,,1,,,,,,,
10243,10496,10470,DC.,37685,5927,Ranunculus cantoniensis,,1,,,,,,,
10243,10496,10470,L.Liu,321475,5927,Ranunculus chuanchingensis,,1,,,,,,,
10243,10496,10470,Ulbr.,321476,5927,Ranunculus dielsianus,,1,,,,,,,
10243,10496,10470,Hand.-Mazz.,321477,5927,Ranunculus dongrergensis,,1,,,,,,,
10243,10496,10470,H.Lév.,321478,5927,Ranunculus felixii,,1,,,,,,,
10243,10496,10470,Hand.-Mazz.,433284,5927,Ranunculus microphyllus,,1,,,,,,,
10243,10496,10470,W.T.Wang,316488,5927,Ranunculus furcatifidus,,1,,,,,,,
10243,10496,10470,Hand.-Mazz.,71061,5927,Ranunculus glacialiformis,,1,,,,,,,
10243,10496,10470,Hand.-Mazz.,321479,5927,Ranunculus glareosus,,1,,,,,,,
10243,10496,10470,C.A.Mey.,294816,5927,Ranunculus grandifolius,,1,,,,,,,
10243,10496,10470,Royle,56584,5927,Ranunculus hirtellus,,1,,,,,,,
10243,10496,10470,(Maxim.) Hand.-Mazz.,37736,5927,Ranunculus indivisus,,1,,,,,,,
10243,10496,10470,Thunb.,37740,5927,Ranunculus japonicus,,1,,,,,,,
10243,10496,10470,W.T.Wang,321480,5927,Ranunculus kunmingensis,,1,,,,,,,
10243,10496,10470,Ulbr.,321481,5927,Ranunculus limprichtii,,1,,,,,,,
10243,10496,10470,L.Liu,321482,5927,Ranunculus luoergaiensis,,1,,,,,,,
10243,10496,10470,Royle,316777,5927,Ranunculus membranaceus,,1,,,,,,,
10243,10496,10470,Hand.-Mazz.,321483,5927,Ranunculus micronivalis,,1,,,,,,,
10243,10496,10470,C.A.Mey.,71067,5927,Ranunculus natans,,1,,,,,,,
10243,10496,10470,Hand.-Mazz.,321484,5927,Ranunculus nematolobus,,1,,,,,,,
10243,10496,10470,Ledeb. ex Spreng.,71068,5927,Ranunculus pulchellus,,1,,,,,,,
10243,10496,10470,Hand.-Mazz.,321485,5927,Ranunculus pedicellatus,,1,,,,,,,
10243,10496,10470,Hand.-Mazz.,138946,5927,Ranunculus pegaeus,,1,,,,,,,
10243,10496,10470,(Hand.-Mazz.) Hand.-Mazz.,321486,5927,Ranunculus platypetalus,,1,,,,,,,
10243,10496,10470,Ovcz.,71072,5927,Ranunculus popovii,,1,,,,,,,
10243,10496,10470,Kom.,321487,5927,Ranunculus potaninii,,1,,,,,,,
10243,10496,10470,L.Liu,321488,5927,Ranunculus pseudolobatus,,1,,,,,,,
10243,10496,10470,Ledeb. ex Spreng.,71068,5927,Ranunculus pulchellus,,1,,,,,,,
10243,10496,10470,L.,37812,5927,Ranunculus sceleratus,,1,,,,,,,
10243,10496,10470,Miq.,37820,5927,Ranunculus sieboldii,,1,,,,,,,
10243,10496,10470,H.Lév.,37821,5927,Ranunculus silerifolius,,1,,,,,,,
10243,10496,10470,W.T.Wang,318697,5927,Ranunculus sinovaginatus,,1,,,,,,,
10243,10496,10470,Freyn,71060,5927,Ranunculus brotherusii,,1,,,,,,,
10243,10496,10470,Thunb.,37833,5927,Ranunculus ternatus,,1,,,,,,,
10243,10496,10470,W.T.Wang,321489,5927,Ranunculus triangularis,,1,,,,,,,
10243,10496,10470,Hand.-Mazz.,150958,5927,Ranunculus trigonus,,1,,,,,,,
10243,10496,10470,Franch.,321490,5927,Ranunculus yunnanensis,,1,,,,,,,
10243,10496,10470,L.,37900,5930,Raphanus raphanistrum,,1,,,,,,,
10243,10496,10470,(C.B.Clarke) B.L.Burtt,316489,11855,Raphiocarpus sesquifolius,,1,,,,,,,
10243,10496,10470,(Lour.) Baill.,37931,5934,Rauvolfia verticillata,,1,,,,,,,
10243,10496,10470,(Pall.) Maxim.,452662,5939,Reaumuria songarica,,1,,,,,,,
10243,10496,10470,Mast.,37965,5941,Reevesia pubescens,,1,,,,,,,
10243,10496,10470,Hu,151008,5942,Rehderodendron kweichowense,,1,,,,,,,
10243,10496,10470,Hu,151007,5942,Rehderodendron macrocarpum,,1,,,,,,,
10243,10496,10470,(Gaertn.) DC.,151009,13305,Rehmannia glutinosa,,1,,,,,,,
10243,10496,10470,P.C.Tsoong & T.L.Chin,317841,13305,Rehmannia solanifolia,,1,,,,,,,
10243,10496,10470,(Andrews) Kunth,37976,5945,Reineckea carnea,,1,,,,,,,
10243,10496,10470,Dumort.,37980,5947,Reinwardtia indica,,1,,,,,,,
10243,10496,10470,(Roxb.) Schott,37984,5951,Remusatia vivipara,,1,,,,,,,
10243,10496,10470,Houtt.,38033,5962,Reynoutria japonica,,1,,,,,,,
10243,10496,10470,Hemsl.,461073,15159,Rhabdothamnopsis sinensis,,1,,,,,,,
10243,10496,10470,Ching,319575,15151,Rhachidosorus consimilis,,1,,,,,,,
10243,10496,10470,Merr.,318962,5968,Rhamnella caudata,,1,,,,,,,
10243,10496,10470,W.W.Sm.,137930,5968,Rhamnella forrestii,,1,,,,,,,
10243,10496,10470,Mansf. & Melch.,321491,5968,Rhamnella gilgitica,,1,,,,,,,
10243,10496,10470,C.K.Schneid.,137931,5968,Rhamnella julianae,,1,,,,,,,
10243,10496,10470,(H.Lév.) C.K.Schneid.,460915,5968,Rhamnella martini,,1,,,,,,,
10243,10496,10470,C.K.Schneid.,317328,5968,Rhamnella wilsonii,,1,,,,,,,
10243,10496,10470,Heppeler,321492,5970,Rhamnus aurea,,1,,,,,,,
10243,10496,10470,C.Y.Wu,38064,5970,Rhamnus brachypoda,,1,,,,,,,
10243,10496,10470,(Siebold & Zucc.) Miq.,18826,3365,Frangula crenata,,1,,,,,,,
10243,10496,10470,C.K.Schneid.,137932,5970,Rhamnus dumetorum,,1,,,,,,,
10243,10496,10470,H.Lév.,318378,5970,Rhamnus esquirolii,,1,,,,,,,
10243,10496,10470,Y.L.Chen & P.K.Chou,321493,5970,Rhamnus flavescens,,1,,,,,,,
10243,10496,10470,Heppeler,137933,5970,Rhamnus gilgiana,,1,,,,,,,
10243,10496,10470,C.Y.Wu,318379,5970,Rhamnus grandiflora,,1,,,,,,,
10243,10496,10470,C.K.Schneid.,137934,5970,Rhamnus hemsleyana,,1,,,,,,,
10243,10496,10470,(C.K.Schneid.) Grubov,317642,3365,Frangula henryi,,1,,,,,,,
10243,10496,10470,Oliv.,318380,5970,Rhamnus heterophylla,,1,,,,,,,
10243,10496,10470,C.K.Schneid.,317842,5970,Rhamnus iteinophylla,,1,,,,,,,
10243,10496,10470,C.K.Schneid.,317021,5970,Rhamnus lamprophylla,,1,,,,,,,
10243,10496,10470,C.K.Schneid.,316490,5970,Rhamnus leptophylla,,1,,,,,,,
10243,10496,10470,(Merr. & Chun) Grubov,18828,3365,Frangula longipes,,1,,,,,,,
10243,10496,10470,J.J.Vassil.,315962,5970,Rhamnus maximovicziana,,1,,,,,,,
10243,10496,10470,(Wall.) M.A.Lawson,48721,5970,Rhamnus napalensis,,1,,,,,,,
10243,10496,10470,E.Pritz.,318018,5970,Rhamnus rosthornii,,1,,,,,,,
10243,10496,10470,Hemsl.,315259,5970,Rhamnus rugulosa,,1,,,,,,,
10243,10496,10470,C.K.Schneid.,122518,5970,Rhamnus sargentiana,,1,,,,,,,
10243,10496,10470,J.J.Vassil.,316653,5970,Rhamnus tangutica,,1,,,,,,,
10243,10496,10470,Decne.,126872,5970,Rhamnus utilis,,1,,,,,,,
10243,10496,10470,Y.L.Chen,461288,5970,Rhamnus ninglangensis,,1,,,,,,,
10243,10496,10470,Roxb.,68838,5970,Rhamnus virgata,,1,,,,,,,
10243,10496,10470,C.K.Schneid.,317329,5970,Rhamnus wilsonii,,1,,,,,,,
10243,10496,10470,Engl. & K.Krause,38086,5971,Rhaphidophora crassicaulis,,1,,,,,,,
10243,10496,10470,(Roxb.) Schott,38087,5971,Rhaphidophora decursiva,,1,,,,,,,
10243,10496,10470,Schott,137940,5971,Rhaphidophora hookeri,,1,,,,,,,
10243,10496,10470,Schott,137941,5971,Rhaphidophora lancifolia,,1,,,,,,,
10243,10496,10470,(Thunb.) A.Henry,38105,5974,Rhapis excelsa,,1,,,,,,,
10243,10496,10470,(Thunb.) A.Henry,38105,5974,Rhapis excelsa,,1,,,,,,,
10243,10496,10470,Burret,38106,5974,Rhapis gracilis,,1,,,,,,,
10243,10496,10470,Blume,38107,5974,Rhapis humilis,,1,,,,,,,
10243,10496,10470,Burret,195296,5974,Rhapis robusta,,1,,,,,,,
10243,10496,10470,Hook.f. & Thomson,138949,5976,Rheum acuminatum,,1,,,,,,,
10243,10496,10470,Batalin,321494,5976,Rheum alexandrae,,1,,,,,,,
10243,10496,10470,D.Don,80051,5976,Rheum australe,,1,,,,,,,
10243,10496,10470,Franch.,321495,5976,Rheum delavayi,,1,,,,,,,
10243,10496,10470,Diels,321496,5976,Rheum forrestii,,1,,,,,,,
10243,10496,10470,Prain,321497,5976,Rheum inopinatum,,1,,,,,,,
10243,10496,10470,Franch.,151089,5976,Rheum kialense,,1,,,,,,,
10243,10496,10470,Prain,321498,5976,Rheum laciniatum,,1,,,,,,,
10243,10496,10470,A.J.Li & P.K.Hsiao,321499,5976,Rheum lhasaense,,1,,,,,,,
10243,10496,10470,Sam.,321500,5976,Rheum likiangense,,1,,,,,,,
10243,10496,10470,Hook.f. & Thomson,121353,5976,Rheum nobile,,1,,,,,,,
10243,10496,10470,Baill.,151090,5976,Rheum officinale,,1,,,,,,,
10243,10496,10470,L.,38113,5976,Rheum palmatum,,1,,,,,,,
10243,10496,10470,Losinsk.,151091,5976,Rheum przewalskyi,,1,,,,,,,
10243,10496,10470,Maxim.,321501,5976,Rheum pumilum,,1,,,,,,,
10243,10496,10470,Maxim.,316654,5976,Rheum racemiferum,,1,,,,,,,
10243,10496,10470,L.,38114,5976,Rheum rhabarbarum,,1,,,,,,,
10243,10496,10470,Sam.,321502,5976,Rheum subacaule,,1,,,,,,,
10243,10496,10470,(Maxim. ex Regel) Balf.,151092,5976,Rheum tanguticum,,1,,,,,,,
10243,10496,10470,L.f.,102150,5976,Rheum tataricum,,1,,,,,,,
10243,10496,10470,Maxim. ex Hook.f.,71028,5976,Rheum tibeticum,,1,,,,,,,
10243,10496,10470,(Fröd.) S.H.Fu,321503,5986,Rhodiola alsia,,1,,,,,,,
10243,10496,10470,Nakai,315172,5986,Rhodiola angusta,,1,,,,,,,
10243,10496,10470,(Praeger) S.H.Fu,137946,5986,Rhodiola atuntsuensis,,1,,,,,,,
10243,10496,10470,(Wall. ex Hook.f. & Thomson) S.H.Fu,137943,5986,Rhodiola bupleuroides,,1,,,,,,,
10243,10496,10470,(H.Lév.) S.H.Fu,138952,5986,Rhodiola chrysanthemifolia,,1,,,,,,,
10243,10496,10470,(Royle) Boriss.,70646,5986,Rhodiola coccinea,,1,,,,,,,
10243,10496,10470,(Hook.f. & Thomson) H.Ohba,70647,5986,Rhodiola crenulata,,1,,,,,,,
10243,10496,10470,(Franch.) S.H.Fu,321504,5986,Rhodiola discolor,,1,,,,,,,
10243,10496,10470,(Franch.) S.H.Fu,310461,5986,Rhodiola dumulosa,,1,,,,,,,
10243,10496,10470,(Hook.f. & Thomson) S.H.Fu,70648,5986,Rhodiola fastigiata,,1,,,,,,,
10243,10496,10470,(Raym.-Hamet) S.H.Fu,321505,5986,Rhodiola forrestii,,1,,,,,,,
10243,10496,10470,H.Ohba,321506,5986,Rhodiola handelii,,1,,,,,,,
10243,10496,10470,(D.Don) S.H.Fu,138467,5986,Rhodiola himalensis,,1,,,,,,,
10243,10496,10470,(Regel) Maxim.,294845,5986,Rhodiola kirilowii,,1,,,,,,,
10243,10496,10470,(Praeger) S.H.Fu,137944,5986,Rhodiola macrocarpa,,1,,,,,,,
10243,10496,10470,(Franch.) S.H.Fu,321507,5986,Rhodiola nobilis,,1,,,,,,,
10243,10496,10470,(H.Lév.) S.H.Fu,138952,5986,Rhodiola chrysanthemifolia,,1,,,,,,,
10243,10496,10470,(Franch.) S.H.Fu,321509,5986,Rhodiola primuloides,,1,,,,,,,
10243,10496,10470,(Praeger) S.H.Fu,137945,5986,Rhodiola purpureoviridis,,1,,,,,,,
10243,10496,10470,(Pall.) Fisch. & C.A.Mey.,446233,5986,Rhodiola quadrifida,,1,,,,,,,
10243,10496,10470,L.,38140,5986,Rhodiola rosea,,1,,,,,,,
10243,10496,10470,(H.Lév.) S.H.Fu,138952,5986,Rhodiola chrysanthemifolia,,1,,,,,,,
10243,10496,10470,(Royle ex Edgew.) S.H.Fu,321511,5986,Rhodiola sinuata,,1,,,,,,,
10243,10496,10470,(Maxim.) S.H.Fu,321512,5986,Rhodiola tangutica,,1,,,,,,,
10243,10496,10470,(Hook.f. & Thomson) S.H.Fu,70652,5986,Rhodiola tibetica,,1,,,,,,,
10243,10496,10470,(Hook.) S.H.Fu,70653,5986,Rhodiola wallichiana,,1,,,,,,,
10243,10496,10470,(Franch.) S.H.Fu,137947,5986,Rhodiola yunnanensis,,1,,,,,,,
10243,10496,10470,(Schwägr.) Paris,321513,15180,Rhodobryum giganteum,,1,,,,,,,
10243,10496,10470,Diels,318700,5987,Rhododendron adenogynum,,1,,,,,,,
10243,10496,10470,Franch.,318382,5987,Rhododendron adenopodum,,1,,,,,,,
10243,10496,10470,(Cowan & Davidian) Davidian,321514,5987,Rhododendron adenosum,,1,,,,,,,
10243,10496,10470,Balf.f. & Kingdon-Ward,321515,5987,Rhododendron aganniphum,,1,,,,,,,
10243,10496,10470,Balf.f. & W.W.Sm.,452677,5987,Rhododendron × agastum,,1,,,,,,,
10243,10496,10470,Balf.f. & W.W.Sm.,321516,5987,Rhododendron alutaceum,,1,,,,,,,
10243,10496,10470,Hemsl.,319581,5987,Rhododendron ambiguum,,1,,,,,,,
10243,10496,10470,Rehder & E.H.Wilson,321517,5987,Rhododendron amesiae,,1,,,,,,,
10243,10496,10470,Hand.-Mazz.,321518,5987,Rhododendron amundsenianum,,1,,,,,,,
10243,10496,10470,D.Don,79974,5987,Rhododendron anthopogon,,1,,,,,,,
10243,10496,10470,Maxim.,151107,5987,Rhododendron anthopogonoides,,1,,,,,,,
10243,10496,10470,Diels,122541,5987,Rhododendron anthosphaerum,,1,,,,,,,
10243,10496,10470,T.C.Wu & P.C.Tam,317653,5987,Rhododendron taipaoense,,1,,,,,,,
10243,10496,10470,Balf.f. & W.W.Sm.,122523,5987,Rhododendron araiophyllum,,1,,,,,,,
10243,10496,10470,Sm.,38142,5987,Rhododendron arboreum,,1,,,,,,,
10243,10496,10470,Franch.,151108,5987,Rhododendron argyrophyllum,,1,,,,,,,
10243,10496,10470,Balf.f. & Forrest,122524,5987,Rhododendron arizelum,,1,,,,,,,
10243,10496,10470,Diels,321519,5987,Rhododendron asterochnoum,,1,,,,,,,
10243,10496,10470,Franch.,321520,5987,Rhododendron atrovirens,,1,,,,,,,
10243,10496,10470,Hemsl.,318383,5987,Rhododendron augustinii,,1,,,,,,,
10243,10496,10470,Hemsl.,318384,5987,Rhododendron auriculatum,,1,,,,,,,
10243,10496,10470,H.Lév.,151112,5987,Rhododendron bachii,,1,,,,,,,
10243,10496,10470,Tagg & Forrest,122525,5987,Rhododendron bainbridgeanum,,1,,,,,,,
10243,10496,10470,W.P.Fang,321521,5987,Rhododendron balangense,,1,,,,,,,
10243,10496,10470,Diels,321522,5987,Rhododendron balfourianum,,1,,,,,,,
10243,10496,10470,D.F.Chamb.,321523,5987,Rhododendron barkamense,,1,,,,,,,
10243,10496,10470,Cowan,122526,5987,Rhododendron beanianum,,1,,,,,,,
10243,10496,10470,Diels,122527,5987,Rhododendron beesianum,,1,,,,,,,
10243,10496,10470,D.F.Chamb.,318701,5987,Rhododendron bellissimum,,1,,,,,,,
10243,10496,10470,Franch.,321524,5987,Rhododendron bonvalotii,,1,,,,,,,
10243,10496,10470,Franch.,122566,5987,Rhododendron brachyanthum,,1,,,,,,,
10243,10496,10470,W.P.Fang & P.S.Liu,319819,5987,Rhododendron brachypodum,,1,,,,,,,
10243,10496,10470,Rehder & E.H.Wilson,321525,5987,Rhododendron bracteatum,,1,,,,,,,
10243,10496,10470,Hayata,38145,5987,Rhododendron breviperulatum,,1,,,,,,,
10243,10496,10470,M.Y.Fang,321526,5987,Rhododendron brevipetiolatum,,1,,,,,,,
10243,10496,10470,Franch.,321527,5987,Rhododendron bureavii,,1,,,,,,,
10243,10496,10470,Balf.f. & W.W.Sm.,122532,5987,Rhododendron callimorphum,,1,,,,,,,
10243,10496,10470,Franch.,151116,5987,Rhododendron calophytum,,1,,,,,,,
10243,10496,10470,Balf.f. & Kingdon-Ward,122531,5987,Rhododendron calostrotum,,1,,,,,,,
10243,10496,10470,Balf.f. & Forrest,137951,5987,Rhododendron calvescens,,1,,,,,,,
10243,10496,10470,Franch.,122534,5987,Rhododendron campylogynum,,1,,,,,,,
10243,10496,10470,Maxim.,321528,5987,Rhododendron capitatum,,1,,,,,,,
10243,10496,10470,H.Lév.,317645,5987,Rhododendron cavaleriei,,1,,,,,,,
10243,10496,10470,Franch.,121765,5987,Rhododendron cephalanthum,,1,,,,,,,
10243,10496,10470,Hook.,38148,5987,Rhododendron championiae,,1,,,,,,,
10243,10496,10470,(W.P.Fang) W.P.Fang,318385,5987,Rhododendron changii,,1,,,,,,,
10243,10496,10470,Balf.f. & Farrer,122539,5987,Rhododendron charitopes,,1,,,,,,,
10243,10496,10470,H.Lév. & Vaniot,38149,5987,Rhododendron chrysocalyx,,1,,,,,,,
10243,10496,10470,Franch.,317844,5987,Rhododendron ciliicalyx,,1,,,,,,,
10243,10496,10470,Forrest ex W.W.Sm.,321529,5987,Rhododendron clementinae,,1,,,,,,,
10243,10496,10470,Diels,310700,5987,Rhododendron coeloneurum,,1,,,,,,,
10243,10496,10470,Balf.f. & W.W.Sm.,137954,5987,Rhododendron complexum,,1,,,,,,,
10243,10496,10470,Hemsl.,151118,5987,Rhododendron concinnum,,1,,,,,,,
10243,10496,10470,Franch.,123605,5987,Rhododendron crinigerum,,1,,,,,,,
10243,10496,10470,W.W.Sm.,321530,5987,Rhododendron cuneatum,,1,,,,,,,
10243,10496,10470,(Franch.) W.W.Sm.,321531,5987,Rhododendron cyanocarpum,,1,,,,,,,
10243,10496,10470,L.C.Hu,321532,5987,Rhododendron danbaense,,1,,,,,,,
10243,10496,10470,Hand.-Mazz.,321533,5987,Rhododendron dasycladoides,,1,,,,,,,
10243,10496,10470,Balf.f. & Forrest,321534,5987,Rhododendron dasypetalum,,1,,,,,,,
10243,10496,10470,L.,102603,5987,Rhododendron dauricum,,1,,,,,,,
10243,10496,10470,Franch.,460916,5987,Rhododendron davidi,,1,,,,,,,
10243,10496,10470,Rehder & E.H.Wilson,318387,5987,Rhododendron davidsonianum,,1,,,,,,,
10243,10496,10470,H.P.Yang,321535,5987,Rhododendron dawuense,,1,,,,,,,
10243,10496,10470,Franch.,38151,5987,Rhododendron decorum,,1,,,,,,,
10243,10496,10470,Franch.,121769,5987,Rhododendron delavayi,,1,,,,,,,
10243,10496,10470,Franch.,229440,5987,Rhododendron dendrocharis,,1,,,,,,,
10243,10496,10470,H.Lév.,321536,5987,Rhododendron denudatum,,1,,,,,,,
10243,10496,10470,Franch.,316871,5987,Rhododendron detersile,,1,,,,,,,
10243,10496,10470,Cowan,321537,5987,Rhododendron dignabile,,1,,,,,,,
10243,10496,10470,Franch.,317331,5987,Rhododendron discolor,,1,,,,,,,
10243,10496,10470,M.Y.Fang,321538,5987,Rhododendron ebianense,,1,,,,,,,
10243,10496,10470,Balf.f. & Forrest,122550,5987,Rhododendron eclecteum,,1,,,,,,,
10243,10496,10470,Tagg & Forrest,321539,5987,Rhododendron elegantulum,,1,,,,,,,
10243,10496,10470,Hemsl. & E.H.Wilson,319582,5987,Rhododendron emarginatum,,1,,,,,,,
10243,10496,10470,Hemsl.,321540,5987,Rhododendron faberi,,1,,,,,,,
10243,10496,10470,Franch.,151121,5987,Rhododendron fastigiatum,,1,,,,,,,
10243,10496,10470,Franch.,321541,5987,Rhododendron flavidum,,1,,,,,,,
10243,10496,10470,Franch.,321542,5987,Rhododendron floribundum,,1,,,,,,,
10243,10496,10470,Balf.f. ex Diels,122592,5987,Rhododendron forrestii,,1,,,,,,,
10243,10496,10470,Lindl.,122556,5987,Rhododendron fortunei,,1,,,,,,,
10243,10496,10470,Balf.f. & W.W.Sm.,122558,5987,Rhododendron fulvum,,1,,,,,,,
10243,10496,10470,Balf.f. ex Tagg,321543,5987,Rhododendron galactinum,,1,,,,,,,
10243,10496,10470,Forrest,122559,5987,Rhododendron genestierianum,,1,,,,,,,
10243,10496,10470,Franch.,321544,5987,Rhododendron glanduliferum,,1,,,,,,,
10243,10496,10470,Balf.f. & W.W.Sm.,38157,5987,Rhododendron glischrum,,1,,,,,,,
10243,10496,10470,W.K.Hu,321545,5987,Rhododendron gonggashanense,,1,,,,,,,
10243,10496,10470,Hemsl.,321546,5987,Rhododendron hanceanum,,1,,,,,,,
10243,10496,10470,M.Y.He & L.C.Hu,321547,5987,Rhododendron heizhugouense,,1,,,,,,,
10243,10496,10470,W.P.Fang,321592,5987,Rhododendron sparsifolium,,1,,,,,,,
10243,10496,10470,Franch.,122562,5987,Rhododendron heliolepis,,1,,,,,,,
10243,10496,10470,Balf.f. & Forrest,321549,5987,Rhododendron hemitrichotum,,1,,,,,,,
10243,10496,10470,E.H.Wilson,321550,5987,Rhododendron hemsleyanum,,1,,,,,,,
10243,10496,10470,W.P.Fang,318019,5987,Rhododendron henanense,,1,,,,,,,
10243,10496,10470,H.P.Yang,321551,5987,Rhododendron heteroclitum,,1,,,,,,,
10243,10496,10470,Balf.f. & W.W.Sm.,151122,5987,Rhododendron hippophaeoides,,1,,,,,,,
10243,10496,10470,R.C.Fang & A.L.Zhang,137962,5987,Rhododendron hirsutipetiolatum,,1,,,,,,,
10243,10496,10470,W.P.Fang,321552,5987,Rhododendron hoi,,1,,,,,,,
10243,10496,10470,W.P.Fang,319820,5987,Rhododendron huanum,,1,,,,,,,
10243,10496,10470,T.L.Ming,321553,5987,Rhododendron huidongense,,1,,,,,,,
10243,10496,10470,Rehder & E.H.Wilson,321554,5987,Rhododendron hunnewellianum,,1,,,,,,,
10243,10496,10470,Hemsl.,318389,5987,Rhododendron hypoglaucum,,1,,,,,,,
10243,10496,10470,Balf.f. & W.W.Sm.,321555,5987,Rhododendron impeditum,,1,,,,,,,
10243,10496,10470,Hemsl. & E.H.Wilson,321556,5987,Rhododendron insigne,,1,,,,,,,
10243,10496,10470,Franch.,321557,5987,Rhododendron intricatum,,1,,,,,,,
10243,10496,10470,Balf.f. & Farrer,318020,5987,Rhododendron invictum,,1,,,,,,,
10243,10496,10470,Franch.,122569,5987,Rhododendron irroratum,,1,,,,,,,
10243,10496,10470,Nutt.,138960,5987,Rhododendron keysii,,1,,,,,,,
10243,10496,10470,Franch.,321558,5987,Rhododendron lacteum,,1,,,,,,,
10243,10496,10470,(L.) Wahlenb.,77502,5987,Rhododendron lapponicum,,1,,,,,,,
10243,10496,10470,Franch.,38167,5987,Rhododendron latoucheae,,1,,,,,,,
10243,10496,10470,Cowan,321559,5987,Rhododendron laudandum,,1,,,,,,,
10243,10496,10470,Hemsl. & E.H.Wilson,319582,5987,Rhododendron emarginatum,,1,,,,,,,
10243,10496,10470,Wall. ex G.Don,79976,5987,Rhododendron lepidotum,,1,,,,,,,
10243,10496,10470,Balf.f. & Forrest,122571,5987,Rhododendron leptothrium,,1,,,,,,,
10243,10496,10470,H.Lév.,318707,5987,Rhododendron liliiflorum,,1,,,,,,,
10243,10496,10470,C.K.Schneid.,317337,5987,Rhododendron longesquamatum,,1,,,,,,,
10243,10496,10470,M.Y.Fang,321560,5987,Rhododendron longicalyx,,1,,,,,,,
10243,10496,10470,Rehder & E.H.Wilson,318390,5987,Rhododendron longipes,,1,,,,,,,
10243,10496,10470,Rehder & E.H.Wilson,321561,5987,Rhododendron longistylum,,1,,,,,,,
10243,10496,10470,Cowan,321562,5987,Rhododendron ludlowii,,1,,,,,,,
10243,10496,10470,H.P.Yang,321563,5987,Rhododendron luhuoense,,1,,,,,,,
10243,10496,10470,Franch.,137966,5987,Rhododendron lukiangense,,1,,,,,,,
10243,10496,10470,Franch.,318391,5987,Rhododendron lutescens,,1,,,,,,,
10243,10496,10470,Franch.,316492,5987,Rhododendron maculiferum,,1,,,,,,,
10243,10496,10470,Hook.f.,38170,5987,Rhododendron maddenii,,1,,,,,,,
10243,10496,10470,Ching & H.P.Yang,321564,5987,Rhododendron maowenense,,1,,,,,,,
10243,10496,10470,Hance,151135,5987,Rhododendron mariae,,1,,,,,,,
10243,10496,10470,Hemsl. & E.H.Wilson,38171,5987,Rhododendron mariesii,,1,,,,,,,
10243,10496,10470,Balf.f. & Forrest,122579,5987,Rhododendron megeratum,,1,,,,,,,
10243,10496,10470,Franch.,137967,5987,Rhododendron mekongense,,1,,,,,,,
10243,10496,10470,Z.J.Zhao,321565,5987,Rhododendron mianningense,,1,,,,,,,
10243,10496,10470,Turcz.,151138,5987,Rhododendron micranthum,,1,,,,,,,
10243,10496,10470,Franch.,122581,5987,Rhododendron microphyton,,1,,,,,,,
10243,10496,10470,Tagg & Forrest,321566,5987,Rhododendron mimetes,,1,,,,,,,
10243,10496,10470,M.N.Philipson & Philipson,321567,5987,Rhododendron minyaense,,1,,,,,,,
10243,10496,10470,W.K.Hu,321568,5987,Rhododendron miyiense,,1,,,,,,,
10243,10496,10470,(Blume) G.Don,38172,5987,Rhododendron molle,,1,,,,,,,
10243,10496,10470,Balf.f. & W.W.Sm.,321569,5987,Rhododendron mollicomum,,1,,,,,,,
10243,10496,10470,Hook.,38174,5987,Rhododendron moulmainense,,1,,,,,,,
10243,10496,10470,Franch.,229477,5987,Rhododendron moupinense,,1,,,,,,,
10243,10496,10470,Turcz.,124315,5987,Rhododendron mucronulatum,,1,,,,,,,
10243,10496,10470,Nitz.,321570,5987,Rhododendron nigroglandulosum,,1,,,,,,,
10243,10496,10470,Rehder & E.H.Wilson,321571,5987,Rhododendron nitidulum,,1,,,,,,,
10243,10496,10470,Hook.f.,125459,5987,Rhododendron nivale,,1,,,,,,,
10243,10496,10470,T.J.Booth ex Nutt.,121779,5987,Rhododendron nuttallii,,1,,,,,,,
10243,10496,10470,W.K.Hu,321572,5987,Rhododendron nymphaeoides,,1,,,,,,,
10243,10496,10470,M.Y.Fang,321573,5987,Rhododendron oblancifolium,,1,,,,,,,
10243,10496,10470,Rehder & E.H.Wilson,319821,5987,Rhododendron ochraceum,,1,,,,,,,
10243,10496,10470,Decne.,318709,5987,Rhododendron orbiculare,,1,,,,,,,
10243,10496,10470,Franch.,318021,5987,Rhododendron oreodoxa,,1,,,,,,,
10243,10496,10470,W.W.Sm.,38178,5987,Rhododendron oreotrephes,,1,,,,,,,
10243,10496,10470,Balf.f. & Forrest,321574,5987,Rhododendron orthocladum,,1,,,,,,,
10243,10496,10470,(Lindl.) Planch. ex Maxim.,38179,5987,Rhododendron ovatum,,1,,,,,,,
10243,10496,10470,W.P.Fang,318710,5987,Rhododendron pachyphyllum,,1,,,,,,,
10243,10496,10470,Balf.f. & W.W.Sm.,122603,5987,Rhododendron pachypodum,,1,,,,,,,
10243,10496,10470,Franch.,319822,5987,Rhododendron pachytrichum,,1,,,,,,,
10243,10496,10470,Kingdon-Ward,321575,5987,Rhododendron pemakoense,,1,,,,,,,
10243,10496,10470,Diels,229493,5987,Rhododendron petrocharis,,1,,,,,,,
10243,10496,10470,Balf.f. & W.W.Sm.,151105,5987,Rhododendron phaeochrysum,,1,,,,,,,
10243,10496,10470,W.P.Fang,321576,5987,Rhododendron pingianum,,1,,,,,,,
10243,10496,10470,Balf.f.,461289,5987,Rhododendron × planetum,,1,,,,,,,
10243,10496,10470,Diels,319823,5987,Rhododendron platypodum,,1,,,,,,,
10243,10496,10470,Franch.,321578,5987,Rhododendron polylepis,,1,,,,,,,
10243,10496,10470,Balf.f. & W.W.Sm.,122586,5987,Rhododendron praestans,,1,,,,,,,
10243,10496,10470,Hutch.,318393,5987,Rhododendron praevernum,,1,,,,,,,
10243,10496,10470,Bureau & Franch.,137971,5987,Rhododendron primuliflorum,,1,,,,,,,
10243,10496,10470,Balf.f. & W.W.Sm.,321579,5987,Rhododendron proteoides,,1,,,,,,,
10243,10496,10470,Maxim.,151147,5987,Rhododendron przewalskii,,1,,,,,,,
10243,10496,10470,Balf.f. & Forrest,321580,5987,Rhododendron pubescens,,1,,,,,,,
10243,10496,10470,T.L.Ming,321581,5987,Rhododendron pubicostatum,,1,,,,,,,
10243,10496,10470,L.C.Hu,321582,5987,Rhododendron pugeense,,1,,,,,,,
10243,10496,10470,Hook.f.,125461,5987,Rhododendron pumilum,,1,,,,,,,
10243,10496,10470,Franch.,151149,5987,Rhododendron racemosum,,1,,,,,,,
10243,10496,10470,W.P.Fang,321583,5987,Rhododendron radendum,,1,,,,,,,
10243,10496,10470,H.Lév.,38183,5987,Rhododendron rex,,1,,,,,,,
10243,10496,10470,Franch.,321584,5987,Rhododendron rigidum,,1,,,,,,,
10243,10496,10470,Hemsl. & E.H.Wilson,318394,5987,Rhododendron ririei,,1,,,,,,,
10243,10496,10470,Hutch.,137973,5987,Rhododendron roseatum,,1,,,,,,,
10243,10496,10470,Forrest ex W.W.Sm.,137974,5987,Rhododendron roxieanum,,1,,,,,,,
10243,10496,10470,D.F.Chamb.,319824,5987,Rhododendron roxieoides,,1,,,,,,,
10243,10496,10470,Franch.,122548,5987,Rhododendron rubiginosum,,1,,,,,,,
10243,10496,10470,Hand.-Mazz.,321585,5987,Rhododendron rufohirtum,,1,,,,,,,
10243,10496,10470,Batalin,321586,5987,Rhododendron rufum,,1,,,,,,,
10243,10496,10470,W.W.Sm.,38185,5987,Rhododendron rupicola,,1,,,,,,,
10243,10496,10470,Franch.,122593,5987,Rhododendron saluenense,,1,,,,,,,
10243,10496,10470,Franch.,137975,5987,Rhododendron sanguineum,,1,,,,,,,
10243,10496,10470,Rehder & E.H.Wilson,321587,5987,Rhododendron sargentianum,,1,,,,,,,
10243,10496,10470,Franch.,137976,5987,Rhododendron scabrifolium,,1,,,,,,,
10243,10496,10470,Rehder & E.H.Wilson,321588,5987,Rhododendron searsiae,,1,,,,,,,
10243,10496,10470,Franch.,122596,5987,Rhododendron selense,,1,,,,,,,
10243,10496,10470,Maxim.,317339,5987,Rhododendron seniavinii,,1,,,,,,,
10243,10496,10470,Hutch.,321589,5987,Rhododendron serotinum,,1,,,,,,,
10243,10496,10470,D.Don,125462,5987,Rhododendron setosum,,1,,,,,,,
10243,10496,10470,W.P.Fang & P.S.Liu,321590,5987,Rhododendron shimianense,,1,,,,,,,
10243,10496,10470,Franch.,151152,5987,Rhododendron siderophyllum,,1,,,,,,,
10243,10496,10470,W.P.Fang,321591,5987,Rhododendron sikangense,,1,,,,,,,
10243,10496,10470,Planch.,38189,5987,Rhododendron simsii,,1,,,,,,,
10243,10496,10470,Franch.,38190,5987,Rhododendron souliei,,1,,,,,,,
10243,10496,10470,W.P.Fang,321592,5987,Rhododendron sparsifolium,,1,,,,,,,
10243,10496,10470,Balf.f. & Farrer,38192,5987,Rhododendron sperabile,,1,,,,,,,
10243,10496,10470,Balf.f. & Forrest,310690,5987,Rhododendron sphaeroblastum,,1,,,,,,,
10243,10496,10470,Franch.,151155,5987,Rhododendron spiciferum,,1,,,,,,,
10243,10496,10470,Franch.,137979,5987,Rhododendron spinuliferum,,1,,,,,,,
10243,10496,10470,Franch.,38193,5987,Rhododendron stamineum,,1,,,,,,,
10243,10496,10470,Franch.,151156,5987,Rhododendron strigillosum,,1,,,,,,,
10243,10496,10470,Franch.,317851,5987,Rhododendron sutchuenense,,1,,,,,,,
10243,10496,10470,Franch.,321593,5987,Rhododendron taliense,,1,,,,,,,
10243,10496,10470,Balf.f. & Kingdon-Ward,122584,5987,Rhododendron tanastylum,,1,,,,,,,
10243,10496,10470,Franch.,321594,5987,Rhododendron tatsienense,,1,,,,,,,
10243,10496,10470,Balf.f. & W.W.Sm.,321595,5987,Rhododendron telmateium,,1,,,,,,,
10243,10496,10470,Rehder & E.H.Wilson,321596,5987,Rhododendron thayerianum,,1,,,,,,,
10243,10496,10470,Maxim.,151159,5987,Rhododendron thymifolium,,1,,,,,,,
10243,10496,10470,Forrest & W.W.Sm.,38198,5987,Rhododendron traillianum,,1,,,,,,,
10243,10496,10470,Rehder,321597,5987,Rhododendron trichanthum,,1,,,,,,,
10243,10496,10470,Franch.,122528,5987,Rhododendron trichocladum,,1,,,,,,,
10243,10496,10470,L.C.Hu,321598,5987,Rhododendron trichogynum,,1,,,,,,,
10243,10496,10470,Franch.,321599,5987,Rhododendron trichostomum,,1,,,,,,,
10243,10496,10470,Hook.f.,122609,5987,Rhododendron triflorum,,1,,,,,,,
10243,10496,10470,W.P.Fang,321600,5987,Rhododendron tsaii,,1,,,,,,,
10243,10496,10470,W.P.Fang,321601,5987,Rhododendron urophyllum,,1,,,,,,,
10243,10496,10470,Diels,38200,5987,Rhododendron uvariifolium,,1,,,,,,,
10243,10496,10470,Forrest ex Hutch.,137981,5987,Rhododendron valentinianum,,1,,,,,,,
10243,10496,10470,Hutch. ex Tagg,321602,5987,Rhododendron vellereum,,1,,,,,,,
10243,10496,10470,Franch.,38201,5987,Rhododendron vernicosum,,1,,,,,,,
10243,10496,10470,W.K.Hu,321603,5987,Rhododendron verruciferum,,1,,,,,,,
10243,10496,10470,Hook.f.,125463,5987,Rhododendron virgatum,,1,,,,,,,
10243,10496,10470,W.W.Sm.,38203,5987,Rhododendron wardii,,1,,,,,,,
10243,10496,10470,Hemsl. & E.H.Wilson,461290,5987,Rhododendron wasonii,,1,,,,,,,
10243,10496,10470,Hemsl. & E.H.Wilson,321604,5987,Rhododendron watsonii,,1,,,,,,,
10243,10496,10470,Rehder & E.H.Wilson,318972,5987,Rhododendron websterianum,,1,,,,,,,
10243,10496,10470,Rehder & E.H.Wilson,321605,5987,Rhododendron williamsianum,,1,,,,,,,
10243,10496,10470,Hemsl. & E.H.Wilson,321606,5987,Rhododendron wiltonii,,1,,,,,,,
10243,10496,10470,W.K.Hu,321607,5987,Rhododendron wolongense,,1,,,,,,,
10243,10496,10470,Hemsl. & E.H.Wilson,321608,5987,Rhododendron wongii,,1,,,,,,,
10243,10496,10470,Merr.,122612,5987,Rhododendron xanthostephanum,,1,,,,,,,
10243,10496,10470,Z.J.Zhao,321609,5987,Rhododendron xichangense,,1,,,,,,,
10243,10496,10470,Balf.f. ex Hutch.,321610,5987,Rhododendron yungningense,,1,,,,,,,
10243,10496,10470,Franch.,122602,5987,Rhododendron yunnanense,,1,,,,,,,
10243,10496,10470,Ching & H.P.Yang,321611,5987,Rhododendron zheguense,,1,,,,,,,
10243,10496,10470,Hook.,151166,5989,Rhodoleia championii,,1,,,,,,,
10243,10496,10470,(Blume) Faden,38219,5995,Rhopalephora scaberrima,,1,,,,,,,
10243,10496,10470,Mill.,38231,5999,Rhus chinensis,,1,,,,,,,
10243,10496,10470,Maxim.,151185,5999,Rhus potaninii,,1,,,,,,,
10243,10496,10470,J.L.Stewart ex Brandis,68718,5999,Rhus punjabensis,,1,,,,,,,
10243,10496,10470,Hand.-Mazz.,321612,5999,Rhus teniana,,1,,,,,,,
10243,10496,10470,Hemsl.,318395,5999,Rhus wilsonii,,1,,,,,,,
10243,10496,10470,Blume,38249,6002,Rhynchoglossum obliquum,,1,,,,,,,
10243,10496,10470,W.T.Wang,321613,6002,Rhynchoglossum omeiense,,1,,,,,,,
10243,10496,10470,Makino,315186,6003,Rhynchosia acuminatifolia,,1,,,,,,,
10243,10496,10470,Harms ex Diels,316655,6003,Rhynchosia dielsii,,1,,,,,,,
10243,10496,10470,Benth. ex Baker,56600,6003,Rhynchosia himalensis,,1,,,,,,,
10243,10496,10470,(L.) DC.,38257,6003,Rhynchosia minima,,1,,,,,,,
10243,10496,10470,Lour.,38267,6003,Rhynchosia volubilis,,1,,,,,,,
10243,10496,10470,Franch.,321614,6003,Rhynchosia yunnanensis,,1,,,,,,,
10243,10496,10470,"(Reinw.) Brouillet, Semple & Y.L.Chen",442196,1522,Aster verticillatus,,1,,,,,,,
10243,10496,10470,(L.) Britton,38289,6005,Rhynchospora corymbosa,,1,,,,,,,
10243,10496,10470,(Lour.) Makino,38347,6005,Rhynchospora rubra,,1,,,,,,,
10243,10496,10470,(Vahl) Gale,38348,6005,Rhynchospora rugosa,,1,,,,,,,
10243,10496,10470,(Wall. ex D.Dietr.) A.DC.,38378,6007,Rhynchotechum ellipticum,,1,,,,,,,
10243,10496,10470,Sm.,307288,6012,Ribes aciculare,,1,,,,,,,
10243,10496,10470,Wall. ex Decne.,68777,6012,Ribes alpestre,,1,,,,,,,
10243,10496,10470,Maxim.,231810,6012,Ribes ambiguum,,1,,,,,,,
10243,10496,10470,F.Schmidt,151202,6012,Ribes burejense,,1,,,,,,,
10243,10496,10470,Franch.,137985,6012,Ribes davidii,,1,,,,,,,
10243,10496,10470,Franch.,310962,6012,Ribes fargesii,,1,,,,,,,
10243,10496,10470,Siebold & Zucc.,124288,6012,Ribes fasciculatum,,1,,,,,,,
10243,10496,10470,Jancz.,317506,6012,Ribes franchetii,,1,,,,,,,
10243,10496,10470,T.C.Ku & Konta,321615,6012,Ribes fuyunense,,1,,,,,,,
10243,10496,10470,L.T.Lu,137986,6012,Ribes glabricalycinum,,1,,,,,,,
10243,10496,10470,Wall.,70884,6012,Ribes glaciale,,1,,,,,,,
10243,10496,10470,Hook.f. & Thomson,125470,6012,Ribes griffithii,,1,,,,,,,
10243,10496,10470,Franch.,318397,6012,Ribes henryi,,1,,,,,,,
10243,10496,10470,Royle ex Decne.,56588,6012,Ribes himalense,,1,,,,,,,
10243,10496,10470,Jancz.,318398,6012,Ribes humile,,1,,,,,,,
10243,10496,10470,Jancz.,319825,6012,Ribes kialanum,,1,,,,,,,
10243,10496,10470,Wall.,70884,6012,Ribes glaciale,,1,,,,,,,
10243,10496,10470,Jancz.,122615,6012,Ribes laurifolium,,1,,,,,,,
10243,10496,10470,Franch.,451510,6012,Ribes longeracemosum,,1,,,,,,,
10243,10496,10470,Hook.f. & Thomson,137987,6012,Ribes luridum,,1,,,,,,,
10243,10496,10470,Kom.,452686,6012,Ribes maximoviczianum,,1,,,,,,,
10243,10496,10470,Batalin,316493,6012,Ribes maximowiczii,,1,,,,,,,
10243,10496,10470,Maxim.,151214,6012,Ribes meyeri,,1,,,,,,,
10243,10496,10470,Franch.,137989,6012,Ribes moupinense,,1,,,,,,,
10243,10496,10470,Desf.,70885,6012,Ribes orientale,,1,,,,,,,
10243,10496,10470,K.S.Hao,321616,6012,Ribes pseudofasciculatum,,1,,,,,,,
10243,10496,10470,Turcz.,102542,6012,Ribes pulchellum,,1,,,,,,,
10243,10496,10470,L.T.Lu,321617,6012,Ribes rubrisepalum,,1,,,,,,,
10243,10496,10470,Jancz.,151219,6012,Ribes setchuense,,1,,,,,,,
10243,10496,10470,Maxim.,321618,6012,Ribes stenocarpum,,1,,,,,,,
10243,10496,10470,D.Don,137990,6012,Ribes takare,,1,,,,,,,
10243,10496,10470,Jancz.,137991,6012,Ribes tenue,,1,,,,,,,
10243,10496,10470,S.H.Yu & J.M.Xu,321619,6012,Ribes tianquanense,,1,,,,,,,
10243,10496,10470,Jancz.,316494,6012,Ribes vilmorinii,,1,,,,,,,
10243,10496,10470,C.Y.Wu & Chu Ho,321620,6023,Rinorea erianthera,,1,,,,,,,
10243,10496,10470,King & Pantl.,138963,12517,Risleya atropurpurea,,1,,,,,,,
10243,10496,10470,Batalin,137992,6029,Rodgersia aesculifolia,,1,,,,,,,
10243,10496,10470,Franch.,137993,6029,Rodgersia pinnata,,1,,,,,,,
10243,10496,10470,Hemsl.,321621,6029,Rodgersia sambucifolia,,1,,,,,,,
10243,10496,10470,(Thunb.) Roth,38494,6034,Rohdea japonica,,1,,,,,,,
10243,10496,10470,(Lour.) Ohwi,38648,6042,Rorippa cantoniensis,,1,,,,,,,
10243,10496,10470,(Pers.) H.Hara,38651,6042,Rorippa dubia,,1,,,,,,,
10243,10496,10470,(Hook.f. & Thomson) Hand.-Mazz.,138581,6042,Rorippa elata,,1,,,,,,,
10243,10496,10470,(Turcz. ex Fisch. & C.A.Mey.) Hayek,38653,6042,Rorippa globosa,,1,,,,,,,
10243,10496,10470,(L.) Hiern,38656,6042,Rorippa indica,,1,,,,,,,
10243,10496,10470,(L.) Besser,38661,6042,Rorippa palustris,,1,,,,,,,
10243,10496,10470,Lindl.,38668,6043,Rosa acicularis,,1,,,,,,,
10243,10496,10470,R.Br.,151271,6043,Rosa banksiae,,1,,,,,,,
10243,10496,10470,Baker,317507,6043,Rosa banksiopsis,,1,,,,,,,
10243,10496,10470,Rehder & E.H.Wilson,151272,6043,Rosa bella,,1,,,,,,,
10243,10496,10470,Lindl.,443918,6043,Rosa brunonii,,1,,,,,,,
10243,10496,10470,Cardot,321622,6043,Rosa calyptopoda,,1,,,,,,,
10243,10496,10470,Baker,317022,6043,Rosa caudata,,1,,,,,,,
10243,10496,10470,T.T.Yu & T.C.Ku,317023,6043,Rosa chengkouensis,,1,,,,,,,
10243,10496,10470,Jacq.,38679,6043,Rosa chinensis,,1,,,,,,,
10243,10496,10470,Rolfe,317853,6043,Rosa corymbulosa,,1,,,,,,,
10243,10496,10470,L.,38689,6043,Rosa indica,,1,,,,,,,
10243,10496,10470,Crép.,316873,6043,Rosa davidii,,1,,,,,,,
10243,10496,10470,Pall.,38682,6043,Rosa davurica,,1,,,,,,,
10243,10496,10470,T.C.Ku,316327,6043,Rosa derongensis,,1,,,,,,,
10243,10496,10470,Stapf ex Cox,321623,6043,Rosa farreri,,1,,,,,,,
10243,10496,10470,Rehder & E.H.Wilson,317854,6043,Rosa filipes,,1,,,,,,,
10243,10496,10470,Boulenger,321624,6043,Rosa forrestiana,,1,,,,,,,
10243,10496,10470,Crép.,316657,6043,Rosa giraldii,,1,,,,,,,
10243,10496,10470,Rehder & E.H.Wilson,137998,6043,Rosa glomerata,,1,,,,,,,
10243,10496,10470,Rehder & E.H.Wilson,318399,6043,Rosa graciliflora,,1,,,,,,,
10243,10496,10470,Rehder & E.H.Wilson,318023,6043,Rosa helenae,,1,,,,,,,
10243,10496,10470,Boulenger,151273,6043,Rosa henryi,,1,,,,,,,
10243,10496,10470,Lindl.,151274,6043,Rosa xanthina,,1,,,,,,,
10243,10496,10470,(Regel) Regel ex Juz.,295338,6043,Rosa kokanica,,1,,,,,,,
10243,10496,10470,Michx.,38692,6043,Rosa laevigata,,1,,,,,,,
10243,10496,10470,Bertol.,121789,6043,Rosa longicuspis,,1,,,,,,,
10243,10496,10470,Franch. & Rochebr. ex Crép.,315264,6043,Rosa lucieae,,1,,,,,,,
10243,10496,10470,H.Lév.,317024,6043,Rosa lucidissima,,1,,,,,,,
10243,10496,10470,T.C.Ku,321625,6043,Rosa ludingensis,,1,,,,,,,
10243,10496,10470,Lindl.,56610,6043,Rosa macrophylla,,1,,,,,,,
10243,10496,10470,H.Lév.,321626,6043,Rosa mairei,,1,,,,,,,
10243,10496,10470,T.C.Ku,317344,6043,Rosa miyiensis,,1,,,,,,,
10243,10496,10470,Hemsl. & E.H.Wilson,151277,6043,Rosa moyesii,,1,,,,,,,
10243,10496,10470,Hemsl. & E.H.Wilson,316658,6043,Rosa multibracteata,,1,,,,,,,
10243,10496,10470,Thunb.,38700,6043,Rosa multiflora,,1,,,,,,,
10243,10496,10470,Rehder & E.H.Wilson,319826,6043,Rosa murielae,,1,,,,,,,
10243,10496,10470,Rolfe,137999,6043,Rosa omeiensis,,1,,,,,,,
10243,10496,10470,Rolfe,321627,6043,Rosa persetosa,,1,,,,,,,
10243,10496,10470,T.C.Ku,321628,6043,Rosa pinnatisepala,,1,,,,,,,
10243,10496,10470,Bijh.,321629,6043,Rosa praelucens,,1,,,,,,,
10243,10496,10470,Hemsl.,317345,6043,Rosa prattii,,1,,,,,,,
10243,10496,10470,Boulenger,316328,6043,Rosa primula,,1,,,,,,,
10243,10496,10470,Tratt.,38707,6043,Rosa roxburghii,,1,,,,,,,
10243,10496,10470,H.Lév. & Vaniot,138000,6043,Rosa rubus,,1,,,,,,,
10243,10496,10470,Thunb.,38709,6043,Rosa rugosa,,1,,,,,,,
10243,10496,10470,Baker,317346,6043,Rosa saturata,,1,,,,,,,
10243,10496,10470,Lindl.,56611,6043,Rosa sericea,,1,,,,,,,
10243,10496,10470,Rolfe,151279,6043,Rosa sertata,,1,,,,,,,
10243,10496,10470,Hemsl. & E.H.Wilson,318024,6043,Rosa setipoda,,1,,,,,,,
10243,10496,10470,T.T.Yu & T.C.Ku,321630,6043,Rosa sikangensis,,1,,,,,,,
10243,10496,10470,Crép.,314196,6043,Rosa soulieana,,1,,,,,,,
10243,10496,10470,L.,38718,6043,Rosa spinosissima,,1,,,,,,,
10243,10496,10470,Hemsl. & E.H.Wilson,151277,6043,Rosa moyesii,,1,,,,,,,
10243,10496,10470,T.T.Yu & T.C.Ku,138002,6043,Rosa taronensis,,1,,,,,,,
10243,10496,10470,Hemsl.,151281,6043,Rosa willmottiae,,1,,,,,,,
10243,10496,10470,Royle,121790,8149,Roscoea alpina,,1,,,,,,,
10243,10496,10470,Gagnep.,209809,8149,Roscoea cautleyoides,,1,,,,,,,
10243,10496,10470,Gagnep.,138003,8149,Roscoea debilis,,1,,,,,,,
10243,10496,10470,Cowley,209810,8149,Roscoea forrestii,,1,,,,,,,
10243,10496,10470,Balf.f. & W.W.Sm.,209812,8149,Roscoea humeana,,1,,,,,,,
10243,10496,10470,K.Schum.,209815,8149,Roscoea praecox,,1,,,,,,,
10243,10496,10470,(Loes.) Cowley,209816,8149,Roscoea schneideriana,,1,,,,,,,
10243,10496,10470,Batalin,138005,8149,Roscoea tibetica,,1,,,,,,,
10243,10496,10470,Cowley,122619,8149,Roscoea wardii,,1,,,,,,,
10243,10496,10470,(Rehder) Kudô,197539,14076,Rostrinucula dependens,,1,,,,,,,
10243,10496,10470,(Willd.) Koehne,38753,6054,Rotala indica,,1,,,,,,,
10243,10496,10470,(Buch.-Ham. ex Roxb.) Koehne,38756,6054,Rotala rotundifolia,,1,,,,,,,
10243,10496,10470,(Lour.) Clayton,38766,6058,Rottboellia cochinchinensis,,1,,,,,,,
10243,10496,10470,Wall.,38792,6064,Rubia alata,,1,,,,,,,
10243,10496,10470,(H.Lév. & Vaniot) H.Hara,38793,6064,Rubia argyi,,1,,,,,,,
10243,10496,10470,Regel & Maack,124324,6064,Rubia chinensis,,1,,,,,,,
10243,10496,10470,Ehrend.,198169,6064,Rubia chitralensis,,1,,,,,,,
10243,10496,10470,L.,38795,6064,Rubia cordifolia,,1,,,,,,,
10243,10496,10470,Hook.f.,198177,6064,Rubia edgeworthii,,1,,,,,,,
10243,10496,10470,Airy Shaw,198182,6064,Rubia haematantha,,1,,,,,,,
10243,10496,10470,H.S.Lo,198190,6064,Rubia latipetala,,1,,,,,,,
10243,10496,10470,P.K.Hsiao,198193,6064,Rubia magna,,1,,,,,,,
10243,10496,10470,Collett & Hemsl.,198194,6064,Rubia mandersii,,1,,,,,,,
10243,10496,10470,Roxb.,125484,6064,Rubia manjith,,1,,,,,,,
10243,10496,10470,Diels,198195,6064,Rubia membranacea,,1,,,,,,,
10243,10496,10470,Hand.-Mazz.,38799,6064,Rubia oncotricha,,1,,,,,,,
10243,10496,10470,Z.Ying Zhang,218910,6064,Rubia ovatifolia,,1,,,,,,,
10243,10496,10470,Diels,138008,6064,Rubia podantha,,1,,,,,,,
10243,10496,10470,H.S.Lo,198201,6064,Rubia polyphlebia,,1,,,,,,,
10243,10496,10470,H.S.Lo,198202,6064,Rubia pterygocaulis,,1,,,,,,,
10243,10496,10470,H.S.Lo,198207,6064,Rubia salicifolia,,1,,,,,,,
10243,10496,10470,E.Pritz.,138007,6064,Rubia schumanniana,,1,,,,,,,
10243,10496,10470,(Maxim.) Nakai,198210,6064,Rubia sylvatica,,1,,,,,,,
10243,10496,10470,ined.,162852,6064,Rubia tenuissima,,1,,,,,,,
10243,10496,10470,H.S.Lo,198213,6064,Rubia trichocarpa,,1,,,,,,,
10243,10496,10470,Decne.,38804,6064,Rubia wallichiana,,1,,,,,,,
10243,10496,10470,Diels,198215,6064,Rubia yunnanensis,,1,,,,,,,
10243,10496,10470,(Benth. ex Hook.f.) Kudô,138009,12477,Rubiteucris palmata,,1,,,,,,,
10243,10496,10470,Poir.,38820,6065,Rubus alceifolius,,1,,,,,,,
10243,10496,10470,Focke,321632,6065,Rubus alexeterius,,1,,,,,,,
10243,10496,10470,Focke,316660,6065,Rubus amabilis,,1,,,,,,,
10243,10496,10470,Focke,317349,6065,Rubus amphidasys,,1,,,,,,,
10243,10496,10470,T.T.Yu & L.T.Lu,321633,6065,Rubus angustibracteatus,,1,,,,,,,
10243,10496,10470,Focke,121795,6065,Rubus assamensis,,1,,,,,,,
10243,10496,10470,L.,39009,6065,Rubus idaeus,,1,,,,,,,
10243,10496,10470,Focke,318400,6065,Rubus bambusarum,,1,,,,,,,
10243,10496,10470,Buch.-Ham. ex Sm.,56612,6065,Rubus biflorus,,1,,,,,,,
10243,10496,10470,Focke,321634,6065,Rubus bonatianus,,1,,,,,,,
10243,10496,10470,T.T.Yu & L.T.Lu,319606,6065,Rubus brevipetiolatus,,1,,,,,,,
10243,10496,10470,Miq.,38876,6065,Rubus buergeri,,1,,,,,,,
10243,10496,10470,Wall. ex D.Don,122622,6065,Rubus calycinus,,1,,,,,,,
10243,10496,10470,Wuzhi,317350,6065,Rubus caudifolius,,1,,,,,,,
10243,10496,10470,Focke,317655,6065,Rubus chiliadenus,,1,,,,,,,
10243,10496,10470,Hu,151294,6065,Rubus chingii,,1,,,,,,,
10243,10496,10470,Focke,317656,6065,Rubus chroosepalus,,1,,,,,,,
10243,10496,10470,Cardot,138013,6065,Rubus cinclidodictyus,,1,,,,,,,
10243,10496,10470,Tratt.,38898,6065,Rubus cochinchinensis,,1,,,,,,,
10243,10496,10470,Hemsl.,38899,6065,Rubus cockburnianus,,1,,,,,,,
10243,10496,10470,Tutcher,38900,6065,Rubus columellaris,,1,,,,,,,
10243,10496,10470,L.f.,38907,6065,Rubus corchorifolius,,1,,,,,,,
10243,10496,10470,Miq.,124291,6065,Rubus coreanus,,1,,,,,,,
10243,10496,10470,Franch.,321635,6065,Rubus delavayi,,1,,,,,,,
10243,10496,10470,Hand.-Mazz.,318722,6065,Rubus dolichophyllus,,1,,,,,,,
10243,10496,10470,Hand.-Mazz.,321636,6065,Rubus doyonensis,,1,,,,,,,
10243,10496,10470,Sm.,38953,6065,Rubus ellipticus,,1,,,,,,,
10243,10496,10470,T.T.Yu & L.T.Lu,138015,6065,Rubus erythrocarpus,,1,,,,,,,
10243,10496,10470,Focke,318401,6065,Rubus eucalyptus,,1,,,,,,,
10243,10496,10470,Focke,122624,6065,Rubus eustephanos,,1,,,,,,,
10243,10496,10470,Focke,319608,6065,Rubus faberi,,1,,,,,,,
10243,10496,10470,Focke,317657,6065,Rubus flagelliflorus,,1,,,,,,,
10243,10496,10470,Focke,316661,6065,Rubus flosculosus,,1,,,,,,,
10243,10496,10470,Kurz,122627,6065,Rubus fockeanus,,1,,,,,,,
10243,10496,10470,T.T.Yu & L.T.Lu,317354,6065,Rubus grandipaniculatus,,1,,,,,,,
10243,10496,10470,L.T.Lu & Boufford,321637,6065,Rubus gyamdaensis,,1,,,,,,,
10243,10496,10470,Hemsl. & Kuntze,318403,6065,Rubus henryi,,1,,,,,,,
10243,10496,10470,Thunb.,312079,6065,Rubus hirsutus,,1,,,,,,,
10243,10496,10470,Hand.-Mazz.,122635,6065,Rubus hunanensis,,1,,,,,,,
10243,10496,10470,Hemsl. & Kuntze,316934,6065,Rubus ichangensis,,1,,,,,,,
10243,10496,10470,Focke,138022,6065,Rubus idaeopsis,,1,,,,,,,
10243,10496,10470,L.,39009,6065,Rubus idaeus,,1,,,,,,,
10243,10496,10470,S.Moore,151296,6065,Rubus innominatus,,1,,,,,,,
10243,10496,10470,(Focke) Focke,39018,6065,Rubus inopertus,,1,,,,,,,
10243,10496,10470,Focke,317357,6065,Rubus irenaeus,,1,,,,,,,
10243,10496,10470,Focke,80070,6065,Rubus irritans,,1,,,,,,,
10243,10496,10470,T.T.Yu & L.T.Lu,319827,6065,Rubus jinfoshanensis,,1,,,,,,,
10243,10496,10470,Ser.,39031,6065,Rubus lambertianus,,1,,,,,,,
10243,10496,10470,Focke,312081,6065,Rubus lasiostylus,,1,,,,,,,
10243,10496,10470,Focke,451513,6065,Rubus lasiotrichos,,1,,,,,,,
10243,10496,10470,Hance,39045,6065,Rubus leucanthus,,1,,,,,,,
10243,10496,10470,Huan C.Wang & H.Sun,461291,6065,Rubus maershanensis,,1,,,,,,,
10243,10496,10470,Cambess.,56613,6065,Rubus macilentus,,1,,,,,,,
10243,10496,10470,Focke,39059,6065,Rubus malifolius,,1,,,,,,,
10243,10496,10470,Focke,39067,6065,Rubus mesogaeus,,1,,,,,,,
10243,10496,10470,Thunb.,39094,6065,Rubus niveus,,1,,,,,,,
10243,10496,10470,T.T.Yu & L.T.Lu,321639,6065,Rubus oblongus,,1,,,,,,,
10243,10496,10470,Cardot,321640,6065,Rubus ourosepalus,,1,,,,,,,
10243,10496,10470,Hance,317025,6065,Rubus pacificus,,1,,,,,,,
10243,10496,10470,Hance,317659,6065,Rubus parkeri,,1,,,,,,,
10243,10496,10470,L.,39113,6065,Rubus parvifolius,,1,,,,,,,
10243,10496,10470,Focke,138026,6065,Rubus pectinaris,,1,,,,,,,
10243,10496,10470,Maxim.,39117,6065,Rubus pectinellus,,1,,,,,,,
10243,10496,10470,D.Don,39120,6065,Rubus pedunculosus,,1,,,,,,,
10243,10496,10470,Maxim.,317360,6065,Rubus peltatus,,1,,,,,,,
10243,10496,10470,Wall. ex Focke,122629,6065,Rubus pentagonus,,1,,,,,,,
10243,10496,10470,Maxim.,39127,6065,Rubus phoenicolasius,,1,,,,,,,
10243,10496,10470,Focke,318026,6065,Rubus pileatus,,1,,,,,,,
10243,10496,10470,Focke,460872,6065,Rubus pilulifer,,1,,,,,,,
10243,10496,10470,Hemsl.,317861,6065,Rubus pinnatisepalus,,1,,,,,,,
10243,10496,10470,Sm.,39130,6065,Rubus pirifolius,,1,,,,,,,
10243,10496,10470,Hemsl. ex Focke,318404,6065,Rubus playfairianus,,1,,,,,,,
10243,10496,10470,Focke,442238,6065,Rubus clinocephalus,,1,,,,,,,
10243,10496,10470,Focke,138029,6065,Rubus preptanthus,,1,,,,,,,
10243,10496,10470,Cardot,321641,6065,Rubus pseudopileatus,,1,,,,,,,
10243,10496,10470,T.T.Yu & L.T.Lu,321642,6065,Rubus ptilocarpus,,1,,,,,,,
10243,10496,10470,Cambess.,39149,6065,Rubus pungens,,1,,,,,,,
10243,10496,10470,Sm.,39171,6065,Rubus rosifolius,,1,,,,,,,
10243,10496,10470,Cardot,138031,6065,Rubus rubrisetulosus,,1,,,,,,,
10243,10496,10470,Focke,138032,6065,Rubus rufus,,1,,,,,,,
10243,10496,10470,Bureau & Franch.,312083,6065,Rubus setchuenensis,,1,,,,,,,
10243,10496,10470,Focke,318405,6065,Rubus simplex,,1,,,,,,,
10243,10496,10470,F.P.Metcalf,317026,6065,Rubus spinulosoides,,1,,,,,,,
10243,10496,10470,Focke,321643,6065,Rubus stans,,1,,,,,,,
10243,10496,10470,Focke,138034,6065,Rubus stimulans,,1,,,,,,,
10243,10496,10470,T.T.Yu & L.T.Lu,138030,6065,Rubus subinopertus,,1,,,,,,,
10243,10496,10470,Focke,122632,6065,Rubus subornatus,,1,,,,,,,
10243,10496,10470,Hand.-Mazz.,138035,6065,Rubus subtibetanus,,1,,,,,,,
10243,10496,10470,Miq.,39214,6065,Rubus sumatranus,,1,,,,,,,
10243,10496,10470,Hance,39216,6065,Rubus swinhoei,,1,,,,,,,
10243,10496,10470,Hayata,39217,6065,Rubus taitoensis,,1,,,,,,,
10243,10496,10470,Hance,314203,6065,Rubus tephrodes,,1,,,,,,,
10243,10496,10470,Franch.,321644,6065,Rubus thibetanus,,1,,,,,,,
10243,10496,10470,C.Y.Wu ex T.T.Yu & L.T.Lu,317661,6065,Rubus tinifolius,,1,,,,,,,
10243,10496,10470,Duthie ex J.H.Veitch,442247,6065,Rubus conduplicatus,,1,,,,,,,
10243,10496,10470,Focke ex Prain,39231,6065,Rubus tricolor,,1,,,,,,,
10243,10496,10470,Focke,321645,6065,Rubus trijugus,,1,,,,,,,
10243,10496,10470,Hayata,460792,6065,Rubus linearifoliolus,,1,,,,,,,
10243,10496,10470,Wight & Arn.,39254,6065,Rubus wallichianus,,1,,,,,,,
10243,10496,10470,F.P.Metcalf,318727,6065,Rubus wangii,,1,,,,,,,
10243,10496,10470,T.T.Yu & L.T.Lu,321646,6065,Rubus wawushanensis,,1,,,,,,,
10243,10496,10470,T.T.Yu & L.T.Lu,321647,6065,Rubus wushanensis,,1,,,,,,,
10243,10496,10470,Bureau & Franch.,63678,6065,Rubus xanthocarpus,,1,,,,,,,
10243,10496,10470,Focke,317363,6065,Rubus xanthoneurus,,1,,,,,,,
10243,10496,10470,W.P.Fang,321648,6065,Rubus yiwuanus,,1,,,,,,,
10243,10496,10470,L.,39315,6070,Rumex acetosa,,1,,,,,,,
10243,10496,10470,L.,39316,6070,Rumex acetosella,,1,,,,,,,
10243,10496,10470,Rech.f.,71029,6070,Rumex angulatus,,1,,,,,,,
10243,10496,10470,L.,39320,6070,Rumex aquaticus,,1,,,,,,,
10243,10496,10470,L.,39329,6070,Rumex crispus,,1,,,,,,,
10243,10496,10470,L.,39331,6070,Rumex dentatus,,1,,,,,,,
10243,10496,10470,D.Don,39341,6070,Rumex hastatus,,1,,,,,,,
10243,10496,10470,Houtt.,39344,6070,Rumex japonicus,,1,,,,,,,
10243,10496,10470,DC.,39345,6070,Rumex longifolius,,1,,,,,,,
10243,10496,10470,L.,39349,6070,Rumex maritimus,,1,,,,,,,
10243,10496,10470,Spreng.,51905,6070,Rumex nepalensis,,1,,,,,,,
10243,10496,10470,L.,39354,6070,Rumex obtusifolius,,1,,,,,,,
10243,10496,10470,L.,39359,6070,Rumex patientia,,1,,,,,,,
10243,10496,10470,(Borbás) Murb.,102314,6070,Rumex pseudonatronatus,,1,,,,,,,
10243,10496,10470,Benth.,39382,6072,Rungia chinensis,,1,,,,,,,
10243,10496,10470,(L.) Nees,39383,6072,Rungia pectinata,,1,,,,,,,
10243,10496,10470,H.S.Lo,318728,6072,Rungia yunnanensis,,1,,,,,,,
10243,10496,10470,Wall.,122638,6092,Sabia campanulata,,1,,,,,,,
10243,10496,10470,H.Lév.,138038,6092,Sabia dielsii,,1,,,,,,,
10243,10496,10470,Dunn,317364,6092,Sabia discolor,,1,,,,,,,
10243,10496,10470,Maxim.,151340,6092,Sabia japonica,,1,,,,,,,
10243,10496,10470,Wall. ex Hook.f. & Thomson,39484,6092,Sabia limoniacea,,1,,,,,,,
10243,10496,10470,Hook.f. & Thomson,121799,6092,Sabia purpurea,,1,,,,,,,
10243,10496,10470,Diels,151341,6092,Sabia schumanniana,,1,,,,,,,
10243,10496,10470,Hemsl.,39486,6092,Sabia swinhoei,,1,,,,,,,
10243,10496,10470,Franch.,120827,6092,Sabia yunnanensis,,1,,,,,,,
10243,10496,10470,"(Retz.) Welker, Voronts. & E.A.Kellogg",442257,15784,Tripidium arundinaceum,,1,,,,,,,
10243,10496,10470,(Andersson) V.Naray. ex Bor,449738,6094,Saccharum longesetosum,,1,,,,,,,
10243,10496,10470,(Hance) Bor,449996,20096,Narenga porphyrocoma,,1,,,,,,,
10243,10496,10470,Steud.,137159,6094,Saccharum rufipilum,,1,,,,,,,
10243,10496,10470,L.,39504,6094,Saccharum spontaneum,,1,,,,,,,
10243,10496,10470,(L.) Chase,39507,6095,Sacciolepis indica,,1,,,,,,,
10243,10496,10470,J.R.Drumm. & Sprague,318406,6104,Sageretia gracilis,,1,,,,,,,
10243,10496,10470,Pax & K.Hoffm.,321649,6104,Sageretia horrida,,1,,,,,,,
10243,10496,10470,Hand.-Mazz.,317862,6104,Sageretia laxiflora,,1,,,,,,,
10243,10496,10470,Merr.,39531,6104,Sageretia lucida,,1,,,,,,,
10243,10496,10470,Hand.-Mazz.,316874,6104,Sageretia melliana,,1,,,,,,,
10243,10496,10470,C.K.Schneid.,318729,6104,Sageretia omeiensis,,1,,,,,,,
10243,10496,10470,Maxim.,316330,6104,Sageretia paucicostata,,1,,,,,,,
10243,10496,10470,Hayata,39532,6104,Sageretia randaiensis,,1,,,,,,,
10243,10496,10470,Hance,318029,6104,Sageretia rugosa,,1,,,,,,,
10243,10496,10470,C.K.Schneid.,317863,6104,Sageretia subcaudata,,1,,,,,,,
10243,10496,10470,(Osbeck) M.C.Johnst.,39533,6104,Sageretia thea,,1,,,,,,,
10243,10496,10470,(Sw.) Ohwi,39539,6105,Sagina japonica,,1,,,,,,,
10243,10496,10470,A.Gray,39541,6105,Sagina maxima,,1,,,,,,,
10243,10496,10470,(L.) H.Karst.,39548,6105,Sagina saginoides,,1,,,,,,,
10243,10496,10470,Miq.,39561,6106,Sagittaria pygmaea,,1,,,,,,,
10243,10496,10470,H.Li,138042,6106,Sagittaria tengtsungensis,,1,,,,,,,
10243,10496,10470,L.,39565,6106,Sagittaria trifolia,,1,,,,,,,
10243,10496,10470,Kar. ex Stschegl.,294761,6115,Salix alatavica,,1,,,,,,,
10243,10496,10470,L.,39640,6115,Salix alba,,1,,,,,,,
10243,10496,10470,C.K.Schneid.,316664,6115,Salix polyclona,,1,,,,,,,
10243,10496,10470,C.K.Schneid.,321650,6115,Salix amphibola,,1,,,,,,,
10243,10496,10470,Kimura,151365,6115,Salix anticecrenata,,1,,,,,,,
10243,10496,10470,Roxb.,39710,6115,Salix tetrasperma,,1,,,,,,,
10243,10496,10470,C.K.Schneid.,321651,6115,Salix argyrophegga,,1,,,,,,,
10243,10496,10470,C.K.Schneid.,321652,6115,Salix atopantha,,1,,,,,,,
10243,10496,10470,C.K.Schneid.,316841,6115,Salix balfouriana,,1,,,,,,,
10243,10496,10470,Seemen,318030,6115,Salix biondiana,,1,,,,,,,
10243,10496,10470,Wall. ex Andersson,138969,6115,Salix lindleyana,,1,,,,,,,
10243,10496,10470,Hook.f. ex Andersson,138967,6115,Salix calyculata,,1,,,,,,,
10243,10496,10470,Diels,138046,6115,Salix cathayana,,1,,,,,,,
10243,10496,10470,H.Lév.,318977,6115,Salix cavaleriei,,1,,,,,,,
10243,10496,10470,Kimura,124394,6115,Salix chaenomeloides,,1,,,,,,,
10243,10496,10470,C.K.Schneid.,316496,6115,Salix characta,,1,,,,,,,
10243,10496,10470,C.K.Schneid.,151372,6115,Salix cheilophila,,1,,,,,,,
10243,10496,10470,Cheng,317028,6115,Salix chienii,,1,,,,,,,
10243,10496,10470,Seemen,316503,6115,Salix spathulifolia,,1,,,,,,,
10243,10496,10470,Hand.-Mazz.,138047,6115,Salix clathrata,,1,,,,,,,
10243,10496,10470,Rehder,316331,6115,Salix cupularis,,1,,,,,,,
10243,10496,10470,Hance,321653,6115,Salix cyanolimenaea,,1,,,,,,,
10243,10496,10470,C.F.Fang & S.D.Zhao,138050,6115,Salix daliensis,,1,,,,,,,
10243,10496,10470,Andersson,138968,6115,Salix daltoniana,,1,,,,,,,
10243,10496,10470,Hand.-Mazz.,318408,6115,Salix delavayana,,1,,,,,,,
10243,10496,10470,Andersson,56633,6115,Salix denticulata,,1,,,,,,,
10243,10496,10470,C.K.Schneid.,321654,6115,Salix dibapha,,1,,,,,,,
10243,10496,10470,C.K.Schneid.,319828,6115,Salix dissa,,1,,,,,,,
10243,10496,10470,C.F.Fang,321655,6115,Salix divergentistyla,,1,,,,,,,
10243,10496,10470,C.K.Schneid.,321656,6115,Salix driophila,,1,,,,,,,
10243,10496,10470,H.Lév. & Vaniot,318730,6115,Salix erioclada,,1,,,,,,,
10243,10496,10470,Wall. ex Andersson,138070,6115,Salix eriostachya,,1,,,,,,,
10243,10496,10470,C.K.Schneid.,321657,6115,Salix ernestii,,1,,,,,,,
10243,10496,10470,C.K.Schneid.,318409,6115,Salix etosia,,1,,,,,,,
10243,10496,10470,Burkill,317031,6115,Salix fargesii,,1,,,,,,,
10243,10496,10470,Z.Wang & P.Y.Fu,321658,6115,Salix faxonianoides,,1,,,,,,,
10243,10496,10470,Andersson,68848,6115,Salix flabellaris,,1,,,,,,,
10243,10496,10470,Burkill,317032,6115,Salix floccosa,,1,,,,,,,
10243,10496,10470,Z.Wang & P.Y.Fu,321659,6115,Salix gilashanica,,1,,,,,,,
10243,10496,10470,Miq.,39666,6115,Salix gracilistyla,,1,,,,,,,
10243,10496,10470,C.K.Schneid.,138064,6115,Salix radinostachya,,1,,,,,,,
10243,10496,10470,C.F.Fang,321660,6115,Salix gyamdaensis,,1,,,,,,,
10243,10496,10470,S.D.Zhao & C.F.Fang,321661,6115,Salix gyirongensis,,1,,,,,,,
10243,10496,10470,W.P.Fang,318410,6115,Salix haoana,,1,,,,,,,
10243,10496,10470,L.,57600,6115,Salix hastata,,1,,,,,,,
10243,10496,10470,N.Chao,321662,6115,Salix heishuiensis,,1,,,,,,,
10243,10496,10470,Seemen,316332,6115,Salix heterochroma,,1,,,,,,,
10243,10496,10470,Hand.-Mazz.,321663,6115,Salix heteromera,,1,,,,,,,
10243,10496,10470,Hook.f. ex Andersson,138971,6115,Salix oreophila,,1,,,,,,,
10243,10496,10470,Sarg.,102305,6115,Salix bebbiana,,1,,,,,,,
10243,10496,10470,K.S.Hao ex C.F.Fang & A.K.Skvortsov,316782,6115,Salix hupehensis,,1,,,,,,,
10243,10496,10470,C.K.Schneid.,316500,6115,Salix hylonoma,,1,,,,,,,
10243,10496,10470,Seemen,151383,6115,Salix hypoleuca,,1,,,,,,,
10243,10496,10470,Hand.-Mazz.,319619,6115,Salix inamoena,,1,,,,,,,
10243,10496,10470,N.Chao,321664,6115,Salix jinchuanica,,1,,,,,,,
10243,10496,10470,Goerz ex Rehder & Kobuski,321665,6115,Salix juparica,,1,,,,,,,
10243,10496,10470,S.D.Zhao & C.F.Fang,321666,6115,Salix kangdingensis,,1,,,,,,,
10243,10496,10470,C.K.Schneid.,321667,6115,Salix kouytchensis,,1,,,,,,,
10243,10496,10470,K.S.Hao ex C.F.Fang & A.K.Skvortsov,319829,6115,Salix lamashanensis,,1,,,,,,,
10243,10496,10470,C.F.Fang & S.D.Zhao,321668,6115,Salix lanifera,,1,,,,,,,
10243,10496,10470,Pax & K.Hoffm.,321669,6115,Salix limprichtii,,1,,,,,,,
10243,10496,10470,Wall. ex Andersson,138969,6115,Salix lindleyana,,1,,,,,,,
10243,10496,10470,Seemen,151393,6115,Salix miyabeana,,1,,,,,,,
10243,10496,10470,Wall. ex Andersson,138057,6115,Salix longiflora,,1,,,,,,,
10243,10496,10470,H.Lév.,138058,6115,Salix luctuosa,,1,,,,,,,
10243,10496,10470,T.Y.Ding & C.F.Fang,321670,6115,Salix ludingensis,,1,,,,,,,
10243,10496,10470,C.K.Schneid.,321671,6115,Salix macroblasta,,1,,,,,,,
10243,10496,10470,N.Chao,321672,6115,Salix maerkangensis,,1,,,,,,,
10243,10496,10470,Hemsl.,151388,6115,Salix magnifica,,1,,,,,,,
10243,10496,10470,N.Chao,321673,6115,Salix maizhokunggarensis,,1,,,,,,,
10243,10496,10470,Andersson,68848,6115,Salix flabellaris,,1,,,,,,,
10243,10496,10470,Turcz. ex Trautv.,151390,6115,Salix microstachya,,1,,,,,,,
10243,10496,10470,Hand.-Mazz.,321682,6115,Salix piptotricha,,1,,,,,,,
10243,10496,10470,N.Chao,321674,6115,Salix minjiangensis,,1,,,,,,,
10243,10496,10470,Franch.,318411,6115,Salix moupinensis,,1,,,,,,,
10243,10496,10470,Goerz,321675,6115,Salix muliensis,,1,,,,,,,
10243,10496,10470,Andersson,138970,6115,Salix myrtillacea,,1,,,,,,,
10243,10496,10470,Hance,151389,6115,Salix mesnyi,,1,,,,,,,
10243,10496,10470,Hance,151389,6115,Salix mesnyi,,1,,,,,,,
10243,10496,10470,Andersson,321677,6115,Salix obscura,,1,,,,,,,
10243,10496,10470,Goerz,321675,6115,Salix muliensis,,1,,,,,,,
10243,10496,10470,Goerz,318732,6115,Salix ochetophylla,,1,,,,,,,
10243,10496,10470,C.K.Schneid.,39687,6115,Salix omeiensis,,1,,,,,,,
10243,10496,10470,C.K.Schneid.,138061,6115,Salix opsimantha,,1,,,,,,,
10243,10496,10470,C.K.Schneid.,321679,6115,Salix oreinoma,,1,,,,,,,
10243,10496,10470,Hook.f. ex Andersson,138971,6115,Salix oreophila,,1,,,,,,,
10243,10496,10470,C.K.Schneid.,151397,6115,Salix oritrepha,,1,,,,,,,
10243,10496,10470,Wall. ex Andersson,138969,6115,Salix lindleyana,,1,,,,,,,
10243,10496,10470,S.D.Zhao,138062,6115,Salix paraflabellaris,,1,,,,,,,
10243,10496,10470,C.K.Schneid.,316333,6115,Salix paraplesia,,1,,,,,,,
10243,10496,10470,Z.Wang & P.Y.Fu,321680,6115,Salix paratetradenia,,1,,,,,,,
10243,10496,10470,C.F.Fang,316890,6115,Salix parvidenticulata,,1,,,,,,,
10243,10496,10470,C.K.Schneid.,321681,6115,Salix pella,,1,,,,,,,
10243,10496,10470,L.,39690,6115,Salix pentandra,,1,,,,,,,
10243,10496,10470,C.K.Schneid.,318412,6115,Salix phaidima,,1,,,,,,,
10243,10496,10470,C.K.Schneid.,138063,6115,Salix phanera,,1,,,,,,,
10243,10496,10470,Hand.-Mazz.,321682,6115,Salix piptotricha,,1,,,,,,,
10243,10496,10470,C.K.Schneid.,321683,6115,Salix plocotricha,,1,,,,,,,
10243,10496,10470,C.K.Schneid.,316664,6115,Salix polyclona,,1,,,,,,,
10243,10496,10470,Hand.-Mazz. ex Enander,318413,6115,Salix praticola,,1,,,,,,,
10243,10496,10470,Goerz ex Rehder & Kobuski,321684,6115,Salix pseudospissa,,1,,,,,,,
10243,10496,10470,Goerz ex Rehder & Kobuski,316334,6115,Salix pseudowallichiana,,1,,,,,,,
10243,10496,10470,K.S.Hao ex C.F.Fang & A.K.Skvortsov,151401,6115,Salix pseudowolohoensis,,1,,,,,,,
10243,10496,10470,Andersson,121800,6115,Salix psilostigma,,1,,,,,,,
10243,10496,10470,Y.L.Chou,321685,6115,Salix qinghaiensis,,1,,,,,,,
10243,10496,10470,Laksch.,102472,6115,Salix abscondita,,1,,,,,,,
10243,10496,10470,C.K.Schneid.,138064,6115,Salix radinostachya,,1,,,,,,,
10243,10496,10470,C.K.Schneid.,316665,6115,Salix rehderiana,,1,,,,,,,
10243,10496,10470,Diels,319830,6115,Salix resecta,,1,,,,,,,
10243,10496,10470,Hand.-Mazz.,138065,6115,Salix resectoides,,1,,,,,,,
10243,10496,10470,Z.Wang & P.Y.Fu,321686,6115,Salix rhododendrifolia,,1,,,,,,,
10243,10496,10470,C.K.Schneid.,316501,6115,Salix rhoophila,,1,,,,,,,
10243,10496,10470,Hance,151389,6115,Salix mesnyi,,1,,,,,,,
10243,10496,10470,A.K.Skvortsov,293965,6115,Salix saposhnikovii,,1,,,,,,,
10243,10496,10470,Andersson,321687,6115,Salix sclerophylla,,1,,,,,,,
10243,10496,10470,Andersson,321687,6115,Salix sclerophylla,,1,,,,,,,
10243,10496,10470,(K.S.Hao ex C.F.Fang & A.K.Skvortsov) G.H.Zhu,316335,6115,Salix sinica,,1,,,,,,,
10243,10496,10470,Wall. ex Andersson,138969,6115,Salix lindleyana,,1,,,,,,,
10243,10496,10470,Seemen,316503,6115,Salix spathulifolia,,1,,,,,,,
10243,10496,10470,Goerz,321689,6115,Salix sphaeronymphe,,1,,,,,,,
10243,10496,10470,Goerz,321689,6115,Salix sphaeronymphe,,1,,,,,,,
10243,10496,10470,Hand.-Mazz.,138069,6115,Salix spodiophylla,,1,,,,,,,
10243,10496,10470,K.S.Hao ex C.F.Fang & A.K.Skvortsov,316504,6115,Salix tangii,,1,,,,,,,
10243,10496,10470,Goerz ex Rehder & Kobuski,321691,6115,Salix × taoensis,,1,,,,,,,
10243,10496,10470,C.K.Schneid.,321692,6115,Salix tenella,,1,,,,,,,
10243,10496,10470,Roxb.,39710,6115,Salix tetrasperma,,1,,,,,,,
10243,10496,10470,W.P.Fang,318733,6115,Salix triandroides,,1,,,,,,,
10243,10496,10470,C.F.Fang,321693,6115,Salix trichocarpa,,1,,,,,,,
10243,10496,10470,N.Chao,461292,6115,Salix mazzettiana,,1,,,,,,,
10243,10496,10470,Franch.,138074,6115,Salix variegata,,1,,,,,,,
10243,10496,10470,Roxb. ex D.Don,122642,6115,Salix disperma,,1,,,,,,,
10243,10496,10470,C.Wang & C.Y.Yu,461293,6115,Salix rhododendroides,,1,,,,,,,
10243,10496,10470,M.Bieb.,71123,6115,Salix wilhelmsiana,,1,,,,,,,
10243,10496,10470,Hance,151389,6115,Salix mesnyi,,1,,,,,,,
10243,10496,10470,C.K.Schneid.,318734,6115,Salix wolohoensis,,1,,,,,,,
10243,10496,10470,N.Chao,321695,6115,Salix wuxuhaiensis,,1,,,,,,,
10243,10496,10470,Y.L.Chou,321696,6115,Salix xizangensis,,1,,,,,,,
10243,10496,10470,Flod.,461294,6115,Salix stomatophora,,1,,,,,,,
10243,10496,10470,C.F.Fang & Chang Y.Yang,316843,6115,Salix yanbianica,,1,,,,,,,
10243,10496,10470,N.Chao,138059,6115,Salix zangica,,1,,,,,,,
10243,10496,10470,N.Chao,321698,6115,Salix zhegushanica,,1,,,,,,,
10243,10496,10470,(Pall.) Tzvelev,448144,19266,Xylosalsola arbuscula,,1,,,,,,,
10243,10496,10470,(Pall.) Akhani & Roalson,102169,824,Pyankovia brachiata,,1,,,,,,,
10243,10496,10470,Pall.,68289,6121,Salsola collina,,1,,,,,,,
10243,10496,10470,Iljin,39735,6121,Salsola komarovii,,1,,,,,,,
10243,10496,10470,E.Peter,39743,6123,Salvia adiantifolia,,1,,,,,,,
10243,10496,10470,H.Lév.,198512,6123,Salvia aerea,,1,,,,,,,
10243,10496,10470,Y.Z.Sun,321699,6123,Salvia alatipetiolata,,1,,,,,,,
10243,10496,10470,E.Peter,198528,6123,Salvia appendiculata,,1,,,,,,,
10243,10496,10470,E.Peter,198567,6123,Salvia brachyloma,,1,,,,,,,
10243,10496,10470,Y.Z.Sun ex C.Y.Wu,198571,6123,Salvia breviconnectivata,,1,,,,,,,
10243,10496,10470,Franch.,198573,6123,Salvia brevilabra,,1,,,,,,,
10243,10496,10470,Diels,138076,6123,Salvia castanea,,1,,,,,,,
10243,10496,10470,H.Lév.,198588,6123,Salvia cavaleriei,,1,,,,,,,
10243,10496,10470,Benth.,39761,6123,Salvia chinensis,,1,,,,,,,
10243,10496,10470,E.Peter,138077,6123,Salvia cyclostegia,,1,,,,,,,
10243,10496,10470,Dunn,198631,6123,Salvia cynica,,1,,,,,,,
10243,10496,10470,Diels,151428,6123,Salvia digitaloides,,1,,,,,,,
10243,10496,10470,E.Peter,151430,6123,Salvia dolichantha,,1,,,,,,,
10243,10496,10470,Hand.-Mazz.,138078,6123,Salvia evansiana,,1,,,,,,,
10243,10496,10470,Merr.,198665,6123,Salvia filicifolia,,1,,,,,,,
10243,10496,10470,Forrest ex Diels,198670,6123,Salvia flava,,1,,,,,,,
10243,10496,10470,W.W.Sm.,198702,6123,Salvia grandifolia,,1,,,,,,,
10243,10496,10470,E.Peter,198714,6123,Salvia handelii,,1,,,,,,,
10243,10496,10470,E.Peter,198727,6123,Salvia himmelbaurii,,1,,,,,,,
10243,10496,10470,Diels,198736,6123,Salvia hylocharis,,1,,,,,,,
10243,10496,10470,Thunb.,39785,6123,Salvia japonica,,1,,,,,,,
10243,10496,10470,H.Lév.,198766,6123,Salvia kiaometiensis,,1,,,,,,,
10243,10496,10470,Hemsl.,198814,6123,Salvia maximowicziana,,1,,,,,,,
10243,10496,10470,Bunge,124857,6123,Salvia miltiorrhiza,,1,,,,,,,
10243,10496,10470,Y.Z.Sun,198832,6123,Salvia nanchuanensis,,1,,,,,,,
10243,10496,10470,E.Peter,198854,6123,Salvia omeiana,,1,,,,,,,
10243,10496,10470,R.Br.,39806,6123,Salvia plebeia,,1,,,,,,,
10243,10496,10470,Griff.,198894,6123,Salvia plectranthoides,,1,,,,,,,
10243,10496,10470,Diels ex Limpr.,198898,6123,Salvia pogonochila,,1,,,,,,,
10243,10496,10470,Hemsl.,198905,6123,Salvia prattii,,1,,,,,,,
10243,10496,10470,Maxim.,138081,6123,Salvia przewalskii,,1,,,,,,,
10243,10496,10470,Maxim.,198947,6123,Salvia roborowskii,,1,,,,,,,
10243,10496,10470,Hance,39819,6123,Salvia scapiformis,,1,,,,,,,
10243,10496,10470,E.Peter,138082,6123,Salvia schizocalyx,,1,,,,,,,
10243,10496,10470,E.Peter,198971,6123,Salvia schizochila,,1,,,,,,,
10243,10496,10470,E.Peter,198990,6123,Salvia smithii,,1,,,,,,,
10243,10496,10470,C.Y.Wu,198992,6123,Salvia sonchifolia,,1,,,,,,,
10243,10496,10470,E.Peter,199009,6123,Salvia subpalmatinervis,,1,,,,,,,
10243,10496,10470,E.Peter,199013,6123,Salvia substolonifera,,1,,,,,,,
10243,10496,10470,Franch.,199038,6123,Salvia tricuspis,,1,,,,,,,
10243,10496,10470,Diels,138083,6123,Salvia trijuga,,1,,,,,,,
10243,10496,10470,Hance,199045,6123,Salvia umbratica,,1,,,,,,,
10243,10496,10470,E.Peter,199067,6123,Salvia wardii,,1,,,,,,,
10243,10496,10470,C.H.Wright,199079,6123,Salvia yunnanensis,,1,,,,,,,
10243,10496,10470,(L.) All.,39846,6124,Salvinia natans,,1,,,,,,,
10243,10496,10470,Baker f.,151444,13336,Salweenia wardii,,1,,,,,,,
10243,10496,10470,Wall. ex DC.,39847,6125,Sambucus adnata,,1,,,,,,,
10243,10496,10470,Reinw. ex Blume,39851,6125,Sambucus javanica,,1,,,,,,,
10243,10496,10470,Hance,124334,6125,Sambucus williamsii,,1,,,,,,,
10243,10496,10470,Bunge,39874,6131,Sanguisorba alpina,,1,,,,,,,
10243,10496,10470,(Hook.f.) Nordborg,138976,6131,Sanguisorba diandra,,1,,,,,,,
10243,10496,10470,(Hook.f.) Hand.-Mazz.,138977,6131,Sanguisorba filiformis,,1,,,,,,,
10243,10496,10470,L.,39882,6131,Sanguisorba officinalis,,1,,,,,,,
10243,10496,10470,Fisch. ex Link,442310,6131,Sanguisorba tenuifolia,,1,,,,,,,
10243,10496,10470,H.Wolff ex Kretschmer,138084,6132,Sanicula astrantiifolia,,1,,,,,,,
10243,10496,10470,Franch.,460917,6132,Sanicula coerulescens,,1,,,,,,,
10243,10496,10470,Bunge,39889,6132,Sanicula chinensis,,1,,,,,,,
10243,10496,10470,Buch.-Ham. ex D.Don,68637,6132,Sanicula elata,,1,,,,,,,
10243,10496,10470,K.T.Fu,318034,6132,Sanicula elongata,,1,,,,,,,
10243,10496,10470,H.Wolff,316505,6132,Sanicula giraldii,,1,,,,,,,
10243,10496,10470,Franch.,138085,6132,Sanicula hacquetioides,,1,,,,,,,
10243,10496,10470,Hance,39894,6132,Sanicula lamelligera,,1,,,,,,,
10243,10496,10470,S.Moore,317367,6132,Sanicula orthacantha,,1,,,,,,,
10243,10496,10470,X.T.Liu & Z.Y.Liu,321700,6132,Sanicula oviformis,,1,,,,,,,
10243,10496,10470,Hance,39894,6132,Sanicula lamelligera,,1,,,,,,,
10243,10496,10470,F.Schmidt,294534,6132,Sanicula rubriflora,,1,,,,,,,
10243,10496,10470,Diels,318415,6132,Sanicula rugulosa,,1,,,,,,,
10243,10496,10470,H.Wolff,138086,6132,Sanicula serrata,,1,,,,,,,
10243,10496,10470,R.H.Shan & Constance,317368,6132,Sanicula tienmuensis,,1,,,,,,,
10243,10496,10470,(Franch.) Radlk.,151462,6139,Sapindus delavayi,,1,,,,,,,
10243,10496,10470,L.,39940,6139,Sapindus saponaria,,1,,,,,,,
10243,10496,10470,Kurz,321702,6139,Sapindus tomentosus,,1,,,,,,,
10243,10496,10470,Lour.,45475,6876,Triadica cochinchinensis,,1,,,,,,,
10243,10496,10470,(Siebold & Zucc.) Esser,30181,4951,Neoshirakia japonica,,1,,,,,,,
10243,10496,10470,(Hemsl.) Esser,125147,6876,Triadica rotundifolia,,1,,,,,,,
10243,10496,10470,(L.) Small,45476,6876,Triadica sebifera,,1,,,,,,,
10243,10496,10470,(Turcz. ex Ledeb.) Schischk.,39961,6142,Saposhnikovia divaricata,,1,,,,,,,
10243,10496,10470,(Thunb.) Nakai,39972,6146,Sarcandra glabra,,1,,,,,,,
10243,10496,10470,(Thunb.) Nakai,39972,6146,Sarcandra glabra,,1,,,,,,,
10243,10496,10470,Baill.,138087,6149,Sarcococca hookeriana,,1,,,,,,,
10243,10496,10470,M.Cheng,39982,6149,Sarcococca longipetiolata,,1,,,,,,,
10243,10496,10470,Stapf,138088,6149,Sarcococca ruscifolia,,1,,,,,,,
10243,10496,10470,H.Lév.,40009,6160,Sarcopyramis bodinieri,,1,,,,,,,
10243,10496,10470,Wall.,40010,6160,Sarcopyramis napalensis,,1,,,,,,,
10243,10496,10470,(Benth.) Hook.f.,40013,6161,Sarcosperma laurinum,,1,,,,,,,
10243,10496,10470,(Oliv.) Rehder & E.H.Wilson,40026,6166,Sargentodoxa cuneata,,1,,,,,,,
10243,10496,10470,Oliv.,151492,13339,Saruma henryi,,1,,,,,,,
10243,10496,10470,(Hayata) Rehder,151494,6170,Sassafras randaiense,,1,,,,,,,
10243,10496,10470,(Hemsl.) Hemsl.,151495,6170,Sassafras tzumu,,1,,,,,,,
10243,10496,10470,D.Don,121802,6174,Satyrium nepalense,,1,,,,,,,
10243,10496,10470,D.Don,121802,6174,Satyrium nepalense,,1,,,,,,,
10243,10496,10470,Rolfe,151524,6174,Satyrium yunnanense,,1,,,,,,,
10243,10496,10470,Kurz,122646,6176,Saurauia macrotricha,,1,,,,,,,
10243,10496,10470,DC.,121803,6176,Saurauia napaulensis,,1,,,,,,,
10243,10496,10470,DC.,40068,6176,Saurauia tristyla,,1,,,,,,,
10243,10496,10470,(Lour.) Baill.,40078,6179,Saururus chinensis,,1,,,,,,,
10243,10496,10470,H.A.Cummins,321703,6180,Saussurea acroura,,1,,,,,,,
10243,10496,10470,Hemsl.,318035,6180,Saussurea alatipes,,1,,,,,,,
10243,10496,10470,(L.) DC.,151539,6180,Saussurea amara,,1,,,,,,,
10243,10496,10470,Maxim.,321704,6180,Saussurea arenaria,,1,,,,,,,
10243,10496,10470,W.W.Sm.,321705,6180,Saussurea bullata,,1,,,,,,,
10243,10496,10470,Franch.,321706,6180,Saussurea carduiformis,,1,,,,,,,
10243,10496,10470,Franch.,321707,6180,Saussurea caudata,,1,,,,,,,
10243,10496,10470,Hand.-Mazz.,319831,6180,Saussurea cauloptera,,1,,,,,,,
10243,10496,10470,Hand.-Mazz.,321708,6180,Saussurea centiloba,,1,,,,,,,
10243,10496,10470,Hand.-Mazz.,321709,6180,Saussurea ceterach,,1,,,,,,,
10243,10496,10470,Franch.,318736,6180,Saussurea chetchozensis,,1,,,,,,,
10243,10496,10470,Hand.-Mazz.,321710,6180,Saussurea chingiana,,1,,,,,,,
10243,10496,10470,Franch.,321711,6180,Saussurea ciliaris,,1,,,,,,,
10243,10496,10470,Hand.-Mazz.,138092,6180,Saussurea columnaris,,1,,,,,,,
10243,10496,10470,Franch.,321712,6180,Saussurea compta,,1,,,,,,,
10243,10496,10470,Hemsl.,318036,6180,Saussurea conyzoides,,1,,,,,,,
10243,10496,10470,Hemsl.,316844,6180,Saussurea cordifolia,,1,,,,,,,
10243,10496,10470,"(Vaniot) N.Garcia, Herrando & Susanna",451565,4026,Jurinea crispa,,1,,,,,,,
10243,10496,10470,"(DC.) N.Garcia, Herrando & Susanna",442344,4026,Jurinea deltoidea,,1,,,,,,,
10243,10496,10470,Koidz.,316668,6180,Saussurea dielsiana,,1,,,,,,,
10243,10496,10470,Diels,318037,6180,Saussurea dolichopoda,,1,,,,,,,
10243,10496,10470,Hand.-Mazz.,321713,6180,Saussurea dschungdienensis,,1,,,,,,,
10243,10496,10470,Franch.,321714,6180,Saussurea dzeurensis,,1,,,,,,,
10243,10496,10470,Maxim.,321715,6180,Saussurea epilobioides,,1,,,,,,,
10243,10496,10470,Lipsch.,151547,6180,Saussurea erubescens,,1,,,,,,,
10243,10496,10470,Diels,321716,6180,Saussurea euodonta,,1,,,,,,,
10243,10496,10470,(DC.) Raab-Straube & Yu J.Wang,451514,20186,Shangwua denticulata,,1,,,,,,,
10243,10496,10470,F.H.Chen,151548,6180,Saussurea globosa,,1,,,,,,,
10243,10496,10470,(Royle ex DC.) Sch.Bip.,70608,6180,Saussurea gnaphalodes,,1,,,,,,,
10243,10496,10470,Dunn,70610,6180,Saussurea graminea,,1,,,,,,,
10243,10496,10470,Lipsch.,316339,6180,Saussurea hemsleyi,,1,,,,,,,
10243,10496,10470,Hemsl.,318416,6180,Saussurea henryi,,1,,,,,,,
10243,10496,10470,Hook.f.,151560,6180,Saussurea hieracioides,,1,,,,,,,
10243,10496,10470,W.W.Sm.,321736,6180,Saussurea quercifolia,,1,,,,,,,
10243,10496,10470,Hand.-Mazz.,321717,6180,Saussurea integrifolia,,1,,,,,,,
10243,10496,10470,Hand.-Mazz.,321718,6180,Saussurea iodoleuca,,1,,,,,,,
10243,10496,10470,Hance,313104,6180,Saussurea iodostegia,,1,,,,,,,
10243,10496,10470,Hand.-Mazz.,321719,6180,Saussurea kansuensis,,1,,,,,,,
10243,10496,10470,Maxim.,138982,6180,Saussurea katochaete,,1,,,,,,,
10243,10496,10470,J.R.Drumm. ex C.E.C.Fisch.,151550,6180,Saussurea kingii,,1,,,,,,,
10243,10496,10470,Ledeb.,316191,6180,Saussurea laciniata,,1,,,,,,,
10243,10496,10470,Hand.-Mazz.,321720,6180,Saussurea laniceps,,1,,,,,,,
10243,10496,10470,Lipsch.,321721,6180,Saussurea lavrenkoana,,1,,,,,,,
10243,10496,10470,H.Lév.,318417,6180,Saussurea leclerei,,1,,,,,,,
10243,10496,10470,Franch.,138099,6180,Saussurea pachyneura,,1,,,,,,,
10243,10496,10470,(DC.) Sch.Bip.,70612,6180,Saussurea leontodontoides,,1,,,,,,,
10243,10496,10470,Hand.-Mazz.,321722,6180,Saussurea leptolepis,,1,,,,,,,
10243,10496,10470,Diels,321723,6180,Saussurea leucoma,,1,,,,,,,
10243,10496,10470,Hand.-Mazz.,318040,6180,Saussurea licentiana,,1,,,,,,,
10243,10496,10470,Maxim.,321733,6180,Saussurea przewalskii,,1,,,,,,,
10243,10496,10470,Diels,151551,6180,Saussurea limprichtii,,1,,,,,,,
10243,10496,10470,Franch.,316340,6180,Saussurea longifolia,,1,,,,,,,
10243,10496,10470,W.W.Sm.,321725,6180,Saussurea loriformis,,1,,,,,,,
10243,10496,10470,Franch.,318418,6180,Saussurea macrota,,1,,,,,,,
10243,10496,10470,Maxim.,70613,6180,Saussurea medusa,,1,,,,,,,
10243,10496,10470,Hand.-Mazz.,138097,6180,Saussurea micradenia,,1,,,,,,,
10243,10496,10470,C.Winkl.,321726,6180,Saussurea minuta,,1,,,,,,,
10243,10496,10470,J.Anthony,321727,6180,Saussurea montana,,1,,,,,,,
10243,10496,10470,Hand.-Mazz.,321728,6180,Saussurea muliensis,,1,,,,,,,
10243,10496,10470,Y.Ling,151553,6180,Saussurea nematolepis,,1,,,,,,,
10243,10496,10470,Lipsch.,321729,6180,Saussurea neofranchetii,,1,,,,,,,
10243,10496,10470,Maxim.,313106,6180,Saussurea nigrescens,,1,,,,,,,
10243,10496,10470,(DC.) Sch.Bip.,79957,6180,Saussurea obvallata,,1,,,,,,,
10243,10496,10470,Franch.,138098,6180,Saussurea oligantha,,1,,,,,,,
10243,10496,10470,(Ling) Y.Ling,316510,6180,Saussurea oligocephala,,1,,,,,,,
10243,10496,10470,Franch.,138099,6180,Saussurea pachyneura,,1,,,,,,,
10243,10496,10470,(Poir.) DC.,102387,6180,Saussurea parviflora,,1,,,,,,,
10243,10496,10470,Diels,321730,6180,Saussurea paxiana,,1,,,,,,,
10243,10496,10470,Franch.,318978,6180,Saussurea peduncularis,,1,,,,,,,
10243,10496,10470,Maxim.,321731,6180,Saussurea phaeantha,,1,,,,,,,
10243,10496,10470,Hand.-Mazz.,319832,6180,Saussurea pinetorum,,1,,,,,,,
10243,10496,10470,Hand.-Mazz.,151555,6180,Saussurea polycolea,,1,,,,,,,
10243,10496,10470,J.Anthony,151556,6180,Saussurea polypodioides,,1,,,,,,,
10243,10496,10470,Hand.-Mazz.,321732,6180,Saussurea poochlamys,,1,,,,,,,
10243,10496,10470,Hemsl.,318041,6180,Saussurea populifolia,,1,,,,,,,
10243,10496,10470,Maxim.,321733,6180,Saussurea przewalskii,,1,,,,,,,
10243,10496,10470,Hand.-Mazz.,321734,6180,Saussurea pteridophylla,,1,,,,,,,
10243,10496,10470,(Fisch.) Fisch. ex Colla,40087,6180,Saussurea pulchella,,1,,,,,,,
10243,10496,10470,C.Winkl.,321735,6180,Saussurea pumila,,1,,,,,,,
10243,10496,10470,W.W.Sm.,321736,6180,Saussurea quercifolia,,1,,,,,,,
10243,10496,10470,Y.L.Chen & S.Yun Liang,321737,6180,Saussurea retroserrata,,1,,,,,,,
10243,10496,10470,(DC.) Sch.Bip.,70612,6180,Saussurea leontodontoides,,1,,,,,,,
10243,10496,10470,Franch.,321739,6180,Saussurea romuleifolia,,1,,,,,,,
10243,10496,10470,F.H.Chen,321740,6180,Saussurea rotundifolia,,1,,,,,,,
10243,10496,10470,(L.) DC.,314937,6180,Saussurea salicifolia,,1,,,,,,,
10243,10496,10470,Franch.,319833,6180,Saussurea saligna,,1,,,,,,,
10243,10496,10470,Franch.,138102,6180,Saussurea scabrida,,1,,,,,,,
10243,10496,10470,Hand.-Mazz.,321741,6180,Saussurea semifasciata,,1,,,,,,,
10243,10496,10470,Bureau & Franch.,138103,6180,Saussurea semilyrata,,1,,,,,,,
10243,10496,10470,Diels,316511,6180,Saussurea sobarocephala,,1,,,,,,,
10243,10496,10470,Franch.,461295,6180,Saussurea spatulifolia,,1,,,,,,,
10243,10496,10470,Maxim.,138993,6180,Saussurea stella,,1,,,,,,,
10243,10496,10470,C.B.Clarke,70614,6180,Saussurea stoliczkae,,1,,,,,,,
10243,10496,10470,Hand.-Mazz.,321743,6180,Saussurea subulisquama,,1,,,,,,,
10243,10496,10470,Maxim.,316512,6180,Saussurea sylvatica,,1,,,,,,,
10243,10496,10470,Maxim.,316670,6180,Saussurea tangutica,,1,,,,,,,
10243,10496,10470,Franch.,151561,6180,Saussurea tatsienensis,,1,,,,,,,
10243,10496,10470,C.B.Clarke,461296,6180,Saussurea thomsonii,,1,,,,,,,
10243,10496,10470,Sch.Bip. ex Hook.f.,138478,6180,Saussurea tridactyla,,1,,,,,,,
10243,10496,10470,Franch.,318038,6180,Saussurea flexuosa,,1,,,,,,,
10243,10496,10470,Hand.-Mazz.,321746,6180,Saussurea uliginosa,,1,,,,,,,
10243,10496,10470,Hand.-Mazz.,321747,6180,Saussurea undulata,,1,,,,,,,
10243,10496,10470,Maxim.,294537,6180,Saussurea ussuriensis,,1,,,,,,,
10243,10496,10470,Y.Ling,321748,6180,Saussurea variiloba,,1,,,,,,,
10243,10496,10470,J.R.Drumm. & Hutch.,318419,6180,Saussurea veitchiana,,1,,,,,,,
10243,10496,10470,J.Anthony,138104,6180,Saussurea wardii,,1,,,,,,,
10243,10496,10470,Sch.Bip. ex Hook.f.,138996,6180,Saussurea wernerioides,,1,,,,,,,
10243,10496,10470,Hand.-Mazz.,138105,6180,Saussurea wettsteiniana,,1,,,,,,,
10243,10496,10470,Hemsl.,321749,6180,Saussurea woodiana,,1,,,,,,,
10243,10496,10470,Franch.,321750,6180,Saussurea yunnanensis,,1,,,,,,,
10243,10496,10470,Harry Sm.,321751,6184,Saxifraga angustata,,1,,,,,,,
10243,10496,10470,Hook.f. & Thomson,138479,6184,Saxifraga aristulata,,1,,,,,,,
10243,10496,10470,Hook.f. & Thomson,138479,6184,Saxifraga aristulata,,1,,,,,,,
10243,10496,10470,Losinsk.,461297,4677,Micranthes atrata,,1,,,,,,,
10243,10496,10470,W.W.Sm.,321753,6184,Saxifraga atuntsiensis,,1,,,,,,,
10243,10496,10470,Franch.,318043,6184,Saxifraga aurantiaca,,1,,,,,,,
10243,10496,10470,Engl. & Irmsch.,321754,6184,Saxifraga auriculata,,1,,,,,,,
10243,10496,10470,Engl. & Irmsch.,321755,6184,Saxifraga balfourii,,1,,,,,,,
10243,10496,10470,D.Don,125487,6184,Saxifraga brachypoda,,1,,,,,,,
10243,10496,10470,Wall. ex Ser.,138999,6184,Saxifraga brunonis,,1,,,,,,,
10243,10496,10470,Engl. & Irmsch.,321756,6184,Saxifraga bulleyana,,1,,,,,,,
10243,10496,10470,Franch.,321757,6184,Saxifraga candelabrum,,1,,,,,,,
10243,10496,10470,Franch.,321758,6184,Saxifraga cardiophylla,,1,,,,,,,
10243,10496,10470,Mattf.,321759,6184,Saxifraga carnosula,,1,,,,,,,
10243,10496,10470,L.,40103,6184,Saxifraga cernua,,1,,,,,,,
10243,10496,10470,Franch.,321760,6184,Saxifraga chionophila,,1,,,,,,,
10243,10496,10470,(Engl. & Irmsch.) J.T.Pan,71127,6184,Saxifraga ciliatopetala,,1,,,,,,,
10243,10496,10470,Engl. & Irmsch.,321761,6184,Saxifraga cinerascens,,1,,,,,,,
10243,10496,10470,Losinsk.,451516,4677,Micranthes clavistaminea,,1,,,,,,,
10243,10496,10470,W.W.Sm.,139003,6184,Saxifraga coarctata,,1,,,,,,,
10243,10496,10470,W.W.Sm.,321762,6184,Saxifraga consanguinea,,1,,,,,,,
10243,10496,10470,Mattf.,321763,6184,Saxifraga culcitosa,,1,,,,,,,
10243,10496,10470,J.T.Pan,321764,6184,Saxifraga daochengensis,,1,,,,,,,
10243,10496,10470,(Franch.) Losinsk.,461298,4677,Micranthes davidii,,1,,,,,,,
10243,10496,10470,Engl. & Irmsch.,321766,6184,Saxifraga densifoliata,,1,,,,,,,
10243,10496,10470,J.T.Pan,321767,6184,Saxifraga dianxibeiensis,,1,,,,,,,
10243,10496,10470,Harry Sm.,321768,6184,Saxifraga diapensia,,1,,,,,,,
10243,10496,10470,Engl. & Irmsch.,138107,6184,Saxifraga dielsiana,,1,,,,,,,
10243,10496,10470,Losinsk.,461299,4677,Micranthes divaricata,,1,,,,,,,
10243,10496,10470,Wall. ex Ser.,80079,6184,Saxifraga diversifolia,,1,,,,,,,
10243,10496,10470,Franch.,321770,6184,Saxifraga drabiformis,,1,,,,,,,
10243,10496,10470,Engl.,321771,6184,Saxifraga dshagalensis,,1,,,,,,,
10243,10496,10470,Engl.,151567,6184,Saxifraga egregia,,1,,,,,,,
10243,10496,10470,Wall. ex Ser.,138108,6184,Saxifraga filicaulis,,1,,,,,,,
10243,10496,10470,J.Anthony,138109,6184,Saxifraga filifolia,,1,,,,,,,
10243,10496,10470,W.W.Sm.,321772,6184,Saxifraga finitima,,1,,,,,,,
10243,10496,10470,W.W.Sm.,321773,6184,Saxifraga flexilis,,1,,,,,,,
10243,10496,10470,Hook.,40112,6184,Saxifraga fortunei,,1,,,,,,,
10243,10496,10470,Franch.,321774,6184,Saxifraga gemmipara,,1,,,,,,,
10243,10496,10470,J.Anthony,139008,6184,Saxifraga georgei,,1,,,,,,,
10243,10496,10470,Engl.,318420,6184,Saxifraga giraldiana,,1,,,,,,,
10243,10496,10470,Harry Sm.,321775,6184,Saxifraga glacialis,,1,,,,,,,
10243,10496,10470,Franch.,321776,6184,Saxifraga glaucophylla,,1,,,,,,,
10243,10496,10470,J.T.Pan,321777,6184,Saxifraga gonggashanensis,,1,,,,,,,
10243,10496,10470,Harry Sm.,139010,6184,Saxifraga granulifera,,1,,,,,,,
10243,10496,10470,Harry Sm.,317664,6184,Saxifraga heleonastes,,1,,,,,,,
10243,10496,10470,L.,40117,6184,Saxifraga hirculus,,1,,,,,,,
10243,10496,10470,D.Don,139011,6184,Saxifraga hispidula,,1,,,,,,,
10243,10496,10470,Franch.,321778,6184,Saxifraga hypericoides,,1,,,,,,,
10243,10496,10470,Harry Sm.,321779,6184,Saxifraga implicans,,1,,,,,,,
10243,10496,10470,(Nakai & Takeda) S.Akiyama & H.Ohba,460584,4677,Micranthes laciniata,,1,,,,,,,
10243,10496,10470,Franch.,321780,6184,Saxifraga likiangensis,,1,,,,,,,
10243,10496,10470,Engl. & Irmsch.,461300,6184,Saxifraga linearifoiia,,1,,,,,,,
10243,10496,10470,Engl.,321782,6184,Saxifraga litangensis,,1,,,,,,,
10243,10496,10470,T.C.Ku,321783,6184,Saxifraga lixianensis,,1,,,,,,,
10243,10496,10470,J.Anthony,321784,6184,Saxifraga loripes,,1,,,,,,,
10243,10496,10470,(Engl.) Losinsk.,461301,4677,Micranthes lumpuensis,,1,,,,,,,
10243,10496,10470,Hook.f. & Thomson,71131,6184,Saxifraga lychnitis,,1,,,,,,,
10243,10496,10470,Engl.,138111,6184,Saxifraga macrostigmatoides,,1,,,,,,,
10243,10496,10470,(Engl.) Gornall & H.Ohba,458448,4677,Micranthes manchuriensis,,1,,,,,,,
10243,10496,10470,J.T.Pan,321786,6184,Saxifraga maxionggouensis,,1,,,,,,,
10243,10496,10470,(Franch.) Losinsk.,461302,4677,Micranthes melanocentra,,1,,,,,,,
10243,10496,10470,Engl. & Irmsch.,318421,6184,Saxifraga mengtzeana,,1,,,,,,,
10243,10496,10470,Engl. & Irmsch.,321787,6184,Saxifraga microgyna,,1,,,,,,,
10243,10496,10470,Harry Sm.,321788,6184,Saxifraga monantha,,1,,,,,,,
10243,10496,10470,Harry Sm.,321789,6184,Saxifraga montanella,,1,,,,,,,
10243,10496,10470,(Ser.) Wall. ex Sternb.,139019,6184,Saxifraga moorcroftiana,,1,,,,,,,
10243,10496,10470,Royle,139020,6184,Saxifraga mucronulata,,1,,,,,,,
10243,10496,10470,Engl.,321790,6184,Saxifraga nana,,1,,,,,,,
10243,10496,10470,Engl. & Irmsch.,71134,6184,Saxifraga nanella,,1,,,,,,,
10243,10496,10470,N.P.Balakr.,138114,6184,Saxifraga nigroglandulifera,,1,,,,,,,
10243,10496,10470,Engl. & Irmsch.,321791,6184,Saxifraga nigroglandulosa,,1,,,,,,,
10243,10496,10470,Hand.-Mazz.,321792,6184,Saxifraga omphalodifolia,,1,,,,,,,
10243,10496,10470,Hook.f. & Thomson,71131,6184,Saxifraga lychnitis,,1,,,,,,,
10243,10496,10470,(Wall. ex Ser.) Losinsk.,451518,4677,Micranthes pallida,,1,,,,,,,
10243,10496,10470,Hand.-Mazz.,321793,6184,Saxifraga pardanthina,,1,,,,,,,
10243,10496,10470,C.Y.Wu,321794,6184,Saxifraga pellucida,,1,,,,,,,
10243,10496,10470,Franch.,321795,6184,Saxifraga peplidifolia,,1,,,,,,,
10243,10496,10470,Mattf.,321796,6184,Saxifraga peraristulata,,1,,,,,,,
10243,10496,10470,Engl. & Irmsch.,321797,6184,Saxifraga pratensis,,1,,,,,,,
10243,10496,10470,Engl. & Irmsch.,321798,6184,Saxifraga prattii,,1,,,,,,,
10243,10496,10470,Engl.,321799,6184,Saxifraga przewalskii,,1,,,,,,,
10243,10496,10470,Engl.,316379,6184,Saxifraga pseudohirculus,,1,,,,,,,
10243,10496,10470,Engl. & Irmsch.,321800,6184,Saxifraga pulchra,,1,,,,,,,
10243,10496,10470,Harry Sm.,71135,6184,Saxifraga pulvinaria,,1,,,,,,,
10243,10496,10470,J.T.Pan,321801,6184,Saxifraga rizhaoshanensis,,1,,,,,,,
10243,10496,10470,Balf.f.,122649,6184,Saxifraga rufescens,,1,,,,,,,
10243,10496,10470,Hook.f. & Thomson,138482,6184,Saxifraga saginoides,,1,,,,,,,
10243,10496,10470,Franch.,321802,6184,Saxifraga sanguinea,,1,,,,,,,
10243,10496,10470,Engl. & Irmsch.,316513,6184,Saxifraga sediformis,,1,,,,,,,
10243,10496,10470,L.,40142,6184,Saxifraga sibirica,,1,,,,,,,
10243,10496,10470,Engl. & Irmsch.,321803,6184,Saxifraga signata,,1,,,,,,,
10243,10496,10470,J.T.Pan & Gornall,71136,6184,Saxifraga sinomontana,,1,,,,,,,
10243,10496,10470,Hook.f. & Thomson,71137,6184,Saxifraga stella-aurea,,1,,,,,,,
10243,10496,10470,Franch.,138117,6184,Saxifraga stellariifolia,,1,,,,,,,
10243,10496,10470,Royle,71129,6184,Saxifraga stenophylla,,1,,,,,,,
10243,10496,10470,Curtis,40145,6184,Saxifraga stolonifera,,1,,,,,,,
10243,10496,10470,Wall. ex Ser.,138118,6184,Saxifraga strigosa,,1,,,,,,,
10243,10496,10470,Irmsch.,138119,6184,Saxifraga subaequifoliata,,1,,,,,,,
10243,10496,10470,J.T.Pan,321804,6184,Saxifraga subomphalodifolia,,1,,,,,,,
10243,10496,10470,Engl.,71138,6184,Saxifraga tangutica,,1,,,,,,,
10243,10496,10470,Hand.-Mazz.,321805,6184,Saxifraga triaristulata,,1,,,,,,,
10243,10496,10470,Hook.f. & Thomson,139029,6184,Saxifraga umbellulata,,1,,,,,,,
10243,10496,10470,Engl.,316345,6184,Saxifraga unguiculata,,1,,,,,,,
10243,10496,10470,Engl. & Irmsch.,321806,6184,Saxifraga unguipetala,,1,,,,,,,
10243,10496,10470,Sternb.,321807,6184,Saxifraga wallichiana,,1,,,,,,,
10243,10496,10470,T.C.Ku,321808,6184,Saxifraga wenchuanensis,,1,,,,,,,
10243,10496,10470,Hayata,442363,20102,Heptapleurum arboricola,,1,,,,,,,
10243,10496,10470,H.Lév.,442366,20102,Heptapleurum bodinieri,,1,,,,,,,
10243,10496,10470,(Dunn) Y.F.Deng,451519,20102,Heptapleurum chinense,,1,,,,,,,
10243,10496,10470,Franch.,442368,20102,Heptapleurum delavayi,,1,,,,,,,
10243,10496,10470,(Blume) Seem.,442370,20102,Heptapleurum ellipticum,,1,,,,,,,
10243,10496,10470,(L.) Y.F.Deng,442371,20102,Heptapleurum heptaphyllum,,1,,,,,,,
10243,10496,10470,Dunn,451520,20102,Heptapleurum hoi,,1,,,,,,,
10243,10496,10470,(Merr. ex H.L.Li) Y.F.Deng,449950,20102,Heptapleurum minutistellatum,,1,,,,,,,
10243,10496,10470,H.L.Li,138126,6200,Schefflera multinervia,,1,,,,,,,
10243,10496,10470,E.Pritz.,122652,6206,Schima argentea,,1,,,,,,,
10243,10496,10470,Hung T.Chang,151621,6206,Schima brevipedicellata,,1,,,,,,,
10243,10496,10470,Dyer,122653,6206,Schima khasiana,,1,,,,,,,
10243,10496,10470,Reinw. ex Blume,151622,6206,Schima noronhae,,1,,,,,,,
10243,10496,10470,Hung T.Chang & W.C.Cheng,318422,6206,Schima parviflora,,1,,,,,,,
10243,10496,10470,(Hand.-Mazz.) T.L.Ming,138131,6206,Schima sericans,,1,,,,,,,
10243,10496,10470,(Hemsl. & E.H.Wilson) Airy Shaw,317371,6206,Schima sinensis,,1,,,,,,,
10243,10496,10470,Gardner & Champ.,40336,6206,Schima superba,,1,,,,,,,
10243,10496,10470,(DC.) Korth.,40337,6206,Schima wallichii,,1,,,,,,,
10243,10496,10470,Hayata,40342,6209,Schisandra arisanensis,,1,,,,,,,
10243,10496,10470,Diels,151625,6209,Schisandra glaucescens,,1,,,,,,,
10243,10496,10470,(Wall.) Hook.f. & Thomson,56550,6209,Schisandra grandiflora,,1,,,,,,,
10243,10496,10470,C.B.Clarke,40344,6209,Schisandra henryi,,1,,,,,,,
10243,10496,10470,(Rehder & E.H.Wilson) A.C.Sm.,151627,6209,Schisandra lancifolia,,1,,,,,,,
10243,10496,10470,(Merr. & Chun) R.M.K.Saunders,222854,6209,Schisandra longipes,,1,,,,,,,
10243,10496,10470,A.C.Sm.,222858,6209,Schisandra micrantha,,1,,,,,,,
10243,10496,10470,A.C.Sm.,120845,6209,Schisandra neglecta,,1,,,,,,,
10243,10496,10470,(Wall.) Baill.,138133,6209,Schisandra propinqua,,1,,,,,,,
10243,10496,10470,Hemsl. & E.H.Wilson,151630,6209,Schisandra pubescens,,1,,,,,,,
10243,10496,10470,(Rehder & E.H.Wilson) R.M.K.Saunders,222853,6209,Schisandra pubinervis,,1,,,,,,,
10243,10496,10470,Rehder & E.H.Wilson,122654,6209,Schisandra rubriflora,,1,,,,,,,
10243,10496,10470,Stapf,138134,6209,Schisandra sphaerandra,,1,,,,,,,
10243,10496,10470,Rehder & E.H.Wilson,151631,6209,Schisandra sphenanthera,,1,,,,,,,
10243,10496,10470,A.C.Sm.,40345,6209,Schisandra tomentella,,1,,,,,,,
10243,10496,10470,H.Li,40347,6210,Schismatoglottis hainanensis,,1,,,,,,,
10243,10496,10470,(Torr.) Swallen,40353,6213,Schizachne purpurascens,,1,,,,,,,
10243,10496,10470,(Sw.) Nees ex Buse,40354,6214,Schizachyrium brevifolium,,1,,,,,,,
10243,10496,10470,(Hack.) Bor,137156,6214,Schizachyrium delavayi,,1,,,,,,,
10243,10496,10470,(R.Br.) A.Camus,40357,6214,Schizachyrium fragile,,1,,,,,,,
10243,10496,10470,(Retz.) Alston,40363,6214,Schizachyrium sanguineum,,1,,,,,,,
10243,10496,10470,(Hutch.) X.F.Deng & D.X.Zhang,40408,6225,Schizomussaenda henryi,,1,,,,,,,
10243,10496,10470,A.M.Lu & Zhi Y.Zhang,321809,6226,Schizopepon bomiensis,,1,,,,,,,
10243,10496,10470,Cogn.,317508,6226,Schizopepon dioicus,,1,,,,,,,
10243,10496,10470,Gagnep.,321810,6226,Schizopepon longipes,,1,,,,,,,
10243,10496,10470,Hand.-Mazz.,321811,6226,Schizopepon macranthus,,1,,,,,,,
10243,10496,10470,A.M.Lu & Zhi Y.Zhang,321812,6226,Schizopepon monoicus,,1,,,,,,,
10243,10496,10470,Chun,319625,6227,Schizophragma choufenianum,,1,,,,,,,
10243,10496,10470,(Chun) Y.De Smet & Granados,460748,3876,Hydrangea corylifolia,,1,,,,,,,
10243,10496,10470,(Rehder) Y.De Smet & Granados,460954,3876,Hydrangea glaucescens,,1,,,,,,,
10243,10496,10470,(Rehder) Y.De Smet & Granados,460954,3876,Hydrangea glaucescens,,1,,,,,,,
10243,10496,10470,(Chun) Y.De Smet & Granados,442400,3876,Hydrangea ampla,,1,,,,,,,
10243,10496,10470,Chun,317866,6227,Schizophragma megalocarpum,,1,,,,,,,
10243,10496,10470,Y.De Smet & Granados,460794,3876,Hydrangea schizomollis,,1,,,,,,,
10243,10496,10470,Hand.-Mazz.,151650,12684,Schnabelia oligophylla,,1,,,,,,,
10243,10496,10470,(Y.Z.Sun) C.Y.Wu & C.Chen,195845,12684,Schnabelia tetradonta,,1,,,,,,,
10243,10496,10470,(Roxb.) Lye,40450,6237,Schoenoplectiella juncoides,,1,,,,,,,
10243,10496,10470,(L.) J.Jung & H.K.Choi,40452,6237,Schoenoplectiella mucronata,,1,,,,,,,
10243,10496,10470,(C.C.Gmel.) Palla,40461,6238,Schoenoplectus tabernaemontani,,1,,,,,,,
10243,10496,10470,(L.) Palla,40463,6238,Schoenoplectus triqueter,,1,,,,,,,
10243,10496,10470,Gardner & Champ.,40502,6241,Schoepfia chinensis,,1,,,,,,,
10243,10496,10470,Wall.,122655,6241,Schoepfia fragrans,,1,,,,,,,
10243,10496,10470,Siebold & Zucc.,40508,6241,Schoepfia jasminodora,,1,,,,,,,
10243,10496,10470,(Pall.) Spreng.,102601,9193,Schulzia crinita,,1,,,,,,,
10243,10496,10470,Tang & F.T.Wang,40569,6256,Scirpus chunianus,,1,,,,,,,
10243,10496,10470,Ohwi,138138,6256,Scirpus lushanensis,,1,,,,,,,
10243,10496,10470,(Kük.) Lév.-Bourret & J.R.Starr,456503,14166,Sumatroscirpus paniculatocorymbosus,,1,,,,,,,
10243,10496,10470,Diels,40576,6256,Scirpus rosthornii,,1,,,,,,,
10243,10496,10470,Reinw. ex Miq.,40580,6256,Scirpus ternatanus,,1,,,,,,,
10243,10496,10470,(L.) Fassett,40645,6258,Scleria terrestris,,1,,,,,,,
10243,10496,10470,Retz.,40610,6258,Scleria levis,,1,,,,,,,
10243,10496,10470,Steud.,40626,6258,Scleria parvula,,1,,,,,,,
10243,10496,10470,(Nees) Kunth,60227,6258,Scleria pergracilis,,1,,,,,,,
10243,10496,10470,Hance,40632,6258,Scleria radula,,1,,,,,,,
10243,10496,10470,(L.) Fassett,40645,6258,Scleria terrestris,,1,,,,,,,
10243,10496,10470,Bunge,151709,6276,Scorzonera albicaulis,,1,,,,,,,
10243,10496,10470,(Lipsch. & Krasch.) Nakai,316346,6276,Scorzonera sinensis,,1,,,,,,,
10243,10496,10470,Maxim.,321813,15181,Scrofella chinensis,,1,,,,,,,
10243,10496,10470,P.C.Tsoong,321814,6278,Scrophularia aequilabris,,1,,,,,,,
10243,10496,10470,Miq.,151715,6278,Scrophularia buergeriana,,1,,,,,,,
10243,10496,10470,W.W.Sm.,321815,6278,Scrophularia chasmophila,,1,,,,,,,
10243,10496,10470,Franch.,121806,6278,Scrophularia delavayi,,1,,,,,,,
10243,10496,10470,Franch.,318738,6278,Scrophularia diplodonta,,1,,,,,,,
10243,10496,10470,Wall. ex Benn.,138483,6278,Scrophularia elatior,,1,,,,,,,
10243,10496,10470,Franch.,318423,6278,Scrophularia fargesii,,1,,,,,,,
10243,10496,10470,Hemsl.,318424,6278,Scrophularia henryi,,1,,,,,,,
10243,10496,10470,Weinm.,295015,6278,Scrophularia incisa,,1,,,,,,,
10243,10496,10470,Schischk.,295016,6278,Scrophularia kiriloviana,,1,,,,,,,
10243,10496,10470,P.C.Tsoong,321816,6278,Scrophularia macrocarpa,,1,,,,,,,
10243,10496,10470,Franch.,138142,6278,Scrophularia mandarinorum,,1,,,,,,,
10243,10496,10470,P.C.Tsoong,321817,6278,Scrophularia mapienensis,,1,,,,,,,
10243,10496,10470,Maxim.,312334,6278,Scrophularia moellendorffii,,1,,,,,,,
10243,10496,10470,Hemsl.,151716,6278,Scrophularia ningpoensis,,1,,,,,,,
10243,10496,10470,Franch.,317037,6278,Scrophularia souliei,,1,,,,,,,
10243,10496,10470,Franch.,321818,6278,Scrophularia spicata,,1,,,,,,,
10243,10496,10470,Franch.,138143,6278,Scrophularia yunnanensis,,1,,,,,,,
10243,10496,10470,L.,40769,6279,Scurrula parasitica,,1,,,,,,,
10243,10496,10470,(W.C.Cheng) H.S.Kiu,318980,6279,Scurrula chingii,,1,,,,,,,
10243,10496,10470,(Edgew.) Danser,56646,6279,Scurrula elata,,1,,,,,,,
10243,10496,10470,L.,40769,6279,Scurrula parasitica,,1,,,,,,,
10243,10496,10470,C.H.Wright,195941,6281,Scutellaria amoena,,1,,,,,,,
10243,10496,10470,Georgi,151719,6281,Scutellaria baicalensis,,1,,,,,,,
10243,10496,10470,D.Don,40775,6281,Scutellaria barbata,,1,,,,,,,
10243,10496,10470,Y.Z.Sun,195973,6281,Scutellaria caudifolia,,1,,,,,,,
10243,10496,10470,C.Y.Wu,195976,6281,Scutellaria chekiangensis,,1,,,,,,,
10243,10496,10470,H.Lév.,195997,6281,Scutellaria delavayi,,1,,,,,,,
10243,10496,10470,Wall. ex Benth.,83888,6281,Scutellaria discolor,,1,,,,,,,
10243,10496,10470,Diels,196010,6281,Scutellaria forrestii,,1,,,,,,,
10243,10496,10470,H.Lév.,196012,6281,Scutellaria franchetiana,,1,,,,,,,
10243,10496,10470,H.Lév.,196042,6281,Scutellaria hypericifolia,,1,,,,,,,
10243,10496,10470,Y.Z.Sun ex C.H.Hu,196044,6281,Scutellaria incisa,,1,,,,,,,
10243,10496,10470,L.,40786,6281,Scutellaria indica,,1,,,,,,,
10243,10496,10470,Koidz.,40789,6281,Scutellaria laeteviolacea,,1,,,,,,,
10243,10496,10470,Diels,196072,6281,Scutellaria likiangensis,,1,,,,,,,
10243,10496,10470,C.Y.Wu,196074,6281,Scutellaria linarioides,,1,,,,,,,
10243,10496,10470,C.Y.Wu & S.Chow,196079,6281,Scutellaria lotienensis,,1,,,,,,,
10243,10496,10470,C.Y.Wu,196096,6281,Scutellaria microviolacea,,1,,,,,,,
10243,10496,10470,C.Y.Wu & H.W.Li,196099,6281,Scutellaria mollifolia,,1,,,,,,,
10243,10496,10470,Kom.,196101,6281,Scutellaria moniliorhiza,,1,,,,,,,
10243,10496,10470,C.Y.Wu,196114,6281,Scutellaria nigricans,,1,,,,,,,
10243,10496,10470,Hemsl.,196120,6281,Scutellaria obtusifolia,,1,,,,,,,
10243,10496,10470,C.Y.Wu,196126,6281,Scutellaria omeiensis,,1,,,,,,,
10243,10496,10470,Hand.-Mazz.,196130,6281,Scutellaria orthocalyx,,1,,,,,,,
10243,10496,10470,Maxim.,40795,6281,Scutellaria pekinensis,,1,,,,,,,
10243,10496,10470,Juz.,196158,6281,Scutellaria przewalskii,,1,,,,,,,
10243,10496,10470,Y.Z.Sun,196164,6281,Scutellaria quadrilobulata,,1,,,,,,,
10243,10496,10470,Diels,196169,6281,Scutellaria rehderiana,,1,,,,,,,
10243,10496,10470,Fisch. ex Schrank,102626,6281,Scutellaria scordiifolia,,1,,,,,,,
10243,10496,10470,Hemsl.,196185,6281,Scutellaria sessilifolia,,1,,,,,,,
10243,10496,10470,Bunge,40800,6281,Scutellaria sieversii,,1,,,,,,,
10243,10496,10470,Hemsl.,40803,6281,Scutellaria strigillosa,,1,,,,,,,
10243,10496,10470,W.W.Sm.,196213,6281,Scutellaria tenax,,1,,,,,,,
10243,10496,10470,C.Y.Wu & H.W.Li,196214,6281,Scutellaria tenera,,1,,,,,,,
10243,10496,10470,C.Y.Wu & C.Chen,196220,6281,Scutellaria tienchuanensis,,1,,,,,,,
10243,10496,10470,C.Y.Wu & S.Chow,196223,6281,Scutellaria tsinyunensis,,1,,,,,,,
10243,10496,10470,B.Heyne ex Benth.,121807,6281,Scutellaria violacea,,1,,,,,,,
10243,10496,10470,Bunge,196235,6281,Scutellaria viscidula,,1,,,,,,,
10243,10496,10470,Y.Z.Sun,138137,6281,Scutellaria yingtakensis,,1,,,,,,,
10243,10496,10470,H.Lév.,196246,6281,Scutellaria yunnanensis,,1,,,,,,,
10243,10496,10470,(Edgew.) Knobl.,40818,6288,Sebaea microphylla,,1,,,,,,,
10243,10496,10470,R.Br.,40830,6291,Secamone elliptica,,1,,,,,,,
10243,10496,10470,R.Br.,40830,6291,Secamone elliptica,,1,,,,,,,
10243,10496,10470,Tsiang,319627,6291,Secamone minutiflora,,1,,,,,,,
10243,10496,10470,(Z.H.Tsi) Kocyan & Schuit.,455606,5440,Phalaenopsis subparishii,,1,,,,,,,
10243,10496,10470,Hance,442437,6299,Sedum alfredi,,1,,,,,,,
10243,10496,10470,Raym.-Hamet,318044,6299,Sedum barbeyi,,1,,,,,,,
10243,10496,10470,Fröd.,321820,6299,Sedum blepharophyllum,,1,,,,,,,
10243,10496,10470,Makino,40875,6299,Sedum bulbiferum,,1,,,,,,,
10243,10496,10470,Raym.-Hamet,321821,6299,Sedum celiae,,1,,,,,,,
10243,10496,10470,Raym.-Hamet,321822,6299,Sedum chauveaudii,,1,,,,,,,
10243,10496,10470,Fröd.,321823,6299,Sedum correptum,,1,,,,,,,
10243,10496,10470,Raym.-Hamet,460873,6299,Sedum constantini,,1,,,,,,,
10243,10496,10470,Raym.-Hamet,321825,6299,Sedum daigremontianum,,1,,,,,,,
10243,10496,10470,Fröd.,321826,6299,Sedum didymocalyx,,1,,,,,,,
10243,10496,10470,Raym.-Hamet,318425,6299,Sedum dielsii,,1,,,,,,,
10243,10496,10470,K.T.Fu & G.Y.Rao,321827,6299,Sedum dimorphophyllum,,1,,,,,,,
10243,10496,10470,Hance,316347,6299,Sedum drymarioides,,1,,,,,,,
10243,10496,10470,Raym.-Hamet,321828,6299,Sedum dugueyi,,1,,,,,,,
10243,10496,10470,Franch.,138148,6299,Sedum elatinoides,,1,,,,,,,
10243,10496,10470,Migo,316348,6299,Sedum emarginatum,,1,,,,,,,
10243,10496,10470,Raym.-Hamet,318426,6299,Sedum engleri,,1,,,,,,,
10243,10496,10470,Fröd.,321829,6299,Sedum erici-magnusii,,1,,,,,,,
10243,10496,10470,Hayata,40886,6299,Sedum erythrospermum,,1,,,,,,,
10243,10496,10470,Raym.-Hamet,321830,6299,Sedum feddei,,1,,,,,,,
10243,10496,10470,Raym.-Hamet,461303,6299,Sedum fedtschenkoi,,1,,,,,,,
10243,10496,10470,Hemsl.,139032,6299,Sedum filipes,,1,,,,,,,
10243,10496,10470,Raym.-Hamet,321832,6299,Sedum forrestii,,1,,,,,,,
10243,10496,10470,G.D.Rowley,321833,6299,Sedum fui,,1,,,,,,,
10243,10496,10470,Raym.-Hamet,461304,6299,Sedum giajae,,1,,,,,,,
10243,10496,10470,Fröd.,321835,6299,Sedum glaebosum,,1,,,,,,,
10243,10496,10470,Fröd.,317868,6299,Sedum grammophyllum,,1,,,,,,,
10243,10496,10470,Raym.-Hamet,138149,6299,Sedum heckelii,,1,,,,,,,
10243,10496,10470,K.T.Fu,321836,6299,Sedum hengduanense,,1,,,,,,,
10243,10496,10470,Siebold ex Miq.,315173,6299,Sedum japonicum,,1,,,,,,,
10243,10496,10470,Raym.-Hamet,321837,6299,Sedum leblancae,,1,,,,,,,
10243,10496,10470,Fröd.,317376,6299,Sedum leptophyllum,,1,,,,,,,
10243,10496,10470,Franch.,321838,6299,Sedum leucocarpum,,1,,,,,,,
10243,10496,10470,Thunb.,40899,6299,Sedum lineare,,1,,,,,,,
10243,10496,10470,K.T.Fu,321839,6299,Sedum longifuniculatum,,1,,,,,,,
10243,10496,10470,Raym.-Hamet,321840,6299,Sedum lutzii,,1,,,,,,,
10243,10496,10470,K.T.Fu,321841,6299,Sedum magniflorum,,1,,,,,,,
10243,10496,10470,Raym.-Hamet,460873,6299,Sedum constantini,,1,,,,,,,
10243,10496,10470,Franch.,321846,6299,Sedum obtusipetalum,,1,,,,,,,
10243,10496,10470,Wall. ex Lindl.,79967,6299,Sedum multicaule,,1,,,,,,,
10243,10496,10470,K.T.Fu,321843,6299,Sedum muyaicum,,1,,,,,,,
10243,10496,10470,K.T.Fu & G.Y.Rao,321844,6299,Sedum nanchuanense,,1,,,,,,,
10243,10496,10470,K.T.Fu,321845,6299,Sedum nothodugueyi,,1,,,,,,,
10243,10496,10470,Franch.,321846,6299,Sedum obtusipetalum,,1,,,,,,,
10243,10496,10470,Fröd.,321847,6299,Sedum oligocarpum,,1,,,,,,,
10243,10496,10470,Maire,138146,6299,Sedum oligospermum,,1,,,,,,,
10243,10496,10470,(Decne.) Raym.-Hamet,70655,6299,Sedum oreades,,1,,,,,,,
10243,10496,10470,Fröd.,321848,6299,Sedum pagetodes,,1,,,,,,,
10243,10496,10470,Franch.,321846,6299,Sedum obtusipetalum,,1,,,,,,,
10243,10496,10470,Raym.-Hamet,321850,6299,Sedum perrotii,,1,,,,,,,
10243,10496,10470,H.Lév. & Vaniot,316673,6299,Sedum phyllanthum,,1,,,,,,,
10243,10496,10470,Franch.,321851,6299,Sedum platysepalum,,1,,,,,,,
10243,10496,10470,Hemsl.,124411,6299,Sedum polytrichoides,,1,,,,,,,
10243,10496,10470,Fröd.,321852,6299,Sedum prasinopetalum,,1,,,,,,,
10243,10496,10470,Fröd.,321853,6299,Sedum pratoalpinum,,1,,,,,,,
10243,10496,10470,Maxim.,138151,6299,Sedum przewalskii,,1,,,,,,,
10243,10496,10470,K.T.Fu,321854,6299,Sedum ramentaceum,,1,,,,,,,
10243,10496,10470,Fröd.,461305,6299,Sedum raymondi,,1,,,,,,,
10243,10496,10470,Maxim.,316791,6299,Sedum roborowskii,,1,,,,,,,
10243,10496,10470,Franch.,321846,6299,Sedum obtusipetalum,,1,,,,,,,
10243,10496,10470,Fröd.,321857,6299,Sedum sagittipetalum,,1,,,,,,,
10243,10496,10470,Bunge,40924,6299,Sedum sarmentosum,,1,,,,,,,
10243,10496,10470,K.T.Fu,321858,6299,Sedum sinoglaciale,,1,,,,,,,
10243,10496,10470,Franch.,40932,6299,Sedum stellariifolium,,1,,,,,,,
10243,10496,10470,K.T.Fu,321859,6299,Sedum stimulosum,,1,,,,,,,
10243,10496,10470,Raym.-Hamet,321860,6299,Sedum susannae,,1,,,,,,,
10243,10496,10470,Fröd.,317378,6299,Sedum tetractinum,,1,,,,,,,
10243,10496,10470,A.Berger,138487,6299,Sedum triactina,,1,,,,,,,
10243,10496,10470,K.T.Fu,321861,6299,Sedum trichospermum,,1,,,,,,,
10243,10496,10470,Hook.f. & Thomson,79968,6299,Sedum trullipetalum,,1,,,,,,,
10243,10496,10470,Fröd.,321862,6299,Sedum ulricae,,1,,,,,,,
10243,10496,10470,Hayata,442453,6299,Sedum sasakii,,1,,,,,,,
10243,10496,10470,S.H.Fu,321863,6299,Sedum wenchuanense,,1,,,,,,,
10243,10496,10470,Raym.-Hamet,317509,6299,Sedum yvesii,,1,,,,,,,
10243,10496,10470,P.S.Wang,317665,6304,Selaginella albociliata,,1,,,,,,,
10243,10496,10470,A.Braun ex Hieron.,435382,6304,Selaginella adunca,,1,,,,,,,
10243,10496,10470,Alston,318428,6304,Selaginella amblyphylla,,1,,,,,,,
10243,10496,10470,Spring,321865,6304,Selaginella bisulcata,,1,,,,,,,
10243,10496,10470,Hieron. ex Christ,318429,6304,Selaginella bodinieri,,1,,,,,,,
10243,10496,10470,Baker,40953,6304,Selaginella braunii,,1,,,,,,,
10243,10496,10470,Alston,318739,6304,Selaginella chingii,,1,,,,,,,
10243,10496,10470,(Hook. & Grev.) Spring,321866,6304,Selaginella chrysocaulos,,1,,,,,,,
10243,10496,10470,Franch.,316349,6304,Selaginella davidii,,1,,,,,,,
10243,10496,10470,(Desv.) Alston,40958,6304,Selaginella delicatula,,1,,,,,,,
10243,10496,10470,Hieron.,40959,6304,Selaginella doederleinii,,1,,,,,,,
10243,10496,10470,Alston,40960,6304,Selaginella effusa,,1,,,,,,,
10243,10496,10470,(L.) Spring,40969,6304,Selaginella helvetica,,1,,,,,,,
10243,10496,10470,Baker,40970,6304,Selaginella heterostachys,,1,,,,,,,
10243,10496,10470,Tryon,461306,6304,Selaginella indica,,1,,,,,,,
10243,10496,10470,(Sw.) Spring,401595,6304,Selaginella involvens,,1,,,,,,,
10243,10496,10470,Hand.-Mazz.,321868,6304,Selaginella jugorum,,1,,,,,,,
10243,10496,10470,Hieron. ex Christ,40975,6304,Selaginella labordei,,1,,,,,,,
10243,10496,10470,(L.) Spring,40969,6304,Selaginella helvetica,,1,,,,,,,
10243,10496,10470,Baker,40977,6304,Selaginella leptophylla,,1,,,,,,,
10243,10496,10470,H.Lév.,40980,6304,Selaginella mairei,,1,,,,,,,
10243,10496,10470,Hieron.,40984,6304,Selaginella moellendorffii,,1,,,,,,,
10243,10496,10470,Franch. & Sav.,40988,6304,Selaginella nipponica,,1,,,,,,,
10243,10496,10470,Spring,321869,6304,Selaginella pallidissima,,1,,,,,,,
10243,10496,10470,A.Braun ex Baker,40992,6304,Selaginella picta,,1,,,,,,,
10243,10496,10470,(H.S.Kung) Li Bing Zhang,40995,6304,Selaginella prostrata,,1,,,,,,,
10243,10496,10470,(Wall. ex Hook. & Grev.) Spring,321870,6304,Selaginella pubescens,,1,,,,,,,
10243,10496,10470,(Hook. & Grev.) Maxim.,316350,6304,Selaginella pulvinata,,1,,,,,,,
10243,10496,10470,Spring,40996,6304,Selaginella remotifolia,,1,,,,,,,
10243,10496,10470,(Desv.) Spring,40997,6304,Selaginella repanda,,1,,,,,,,
10243,10496,10470,Spring,321869,6304,Selaginella pallidissima,,1,,,,,,,
10243,10496,10470,(L.) Spring,77540,6304,Selaginella sanguinolenta,,1,,,,,,,
10243,10496,10470,(Desv.) Spring,316351,6304,Selaginella sinensis,,1,,,,,,,
10243,10496,10470,(P.Beauv.) Spring,41011,6304,Selaginella tamariscina,,1,,,,,,,
10243,10496,10470,(Desv.) Spring,41016,6304,Selaginella uncinata,,1,,,,,,,
10243,10496,10470,Spring,292047,6304,Selaginella vaginata,,1,,,,,,,
10243,10496,10470,H.Lév.,321871,6304,Selaginella vardei,,1,,,,,,,
10243,10496,10470,(DC.) Pimenov & Kljuykov,446221,16369,Ligusticopsis wallichiana,,1,,,,,,,
10243,10496,10470,Regel & Herder,294715,14564,Semenovia transiliensis,,1,,,,,,,
10243,10496,10470,(DC.) Makino,41074,6315,Semiaquilegia adoxoides,,1,,,,,,,
10243,10496,10470,(Turcz. ex DC.) B.Nord.,442475,4002,Jacobaea ambracea,,1,,,,,,,
10243,10496,10470,Franch.,317869,6319,Senecio asperifolius,,1,,,,,,,
10243,10496,10470,(Less.) E.Wiebe,23809,4002,Jacobaea cannabifolia,,1,,,,,,,
10243,10496,10470,Y.L.Chen,321872,6319,Senecio daochengensis,,1,,,,,,,
10243,10496,10470,C.C.Chang,151758,6319,Senecio densiserratus,,1,,,,,,,
10243,10496,10470,Ling,321873,6319,Senecio diversipinnus,,1,,,,,,,
10243,10496,10470,C.Winkl.,321874,6319,Senecio dodrans,,1,,,,,,,
10243,10496,10470,C.Jeffrey & Y.L.Chen,70616,6319,Senecio dubitabilis,,1,,,,,,,
10243,10496,10470,Hance,316937,6319,Senecio exul,,1,,,,,,,
10243,10496,10470,Hemsl. ex F.B.Forbes & Hemsl.,318742,6319,Senecio faberi,,1,,,,,,,
10243,10496,10470,Franch.,461307,6319,Senecio filiferus,,1,,,,,,,
10243,10496,10470,DC.,79960,6319,Senecio graciliflorus,,1,,,,,,,
10243,10496,10470,(DC.) Veldkamp,443934,4002,Jacobaea analoga,,1,,,,,,,
10243,10496,10470,C.Jeffrey & Y.L.Chen,321876,6319,Senecio liangshanensis,,1,,,,,,,
10243,10496,10470,C.Jeffrey & Y.L.Chen,321877,6319,Senecio lijiangensis,,1,,,,,,,
10243,10496,10470,Y.L.Chen,321878,6319,Senecio megalanthus,,1,,,,,,,
10243,10496,10470,C.Jeffrey & Y.L.Chen,321879,6319,Senecio muliensis,,1,,,,,,,
10243,10496,10470,(C.Jeffrey & Y.L.Chen) B.Nord.,461308,4002,Jacobaea multibracteolata,,1,,,,,,,
10243,10496,10470,L.,41145,6319,Senecio nemorensis,,1,,,,,,,
10243,10496,10470,Franch.,138159,6319,Senecio nigrocinctus,,1,,,,,,,
10243,10496,10470,(Buch.-Ham. ex D.Don) B.Nord.,443935,4002,Jacobaea nudicaulis,,1,,,,,,,
10243,10496,10470,(Buch.-Ham. ex D.Don) B.Nord.,443935,4002,Jacobaea nudicaulis,,1,,,,,,,
10243,10496,10470,H.Lév.,321881,6319,Senecio pseudomairei,,1,,,,,,,
10243,10496,10470,Franch.,138158,6319,Senecio pteridophyllus,,1,,,,,,,
10243,10496,10470,Hand.-Mazz.,321882,6319,Senecio saussureoides,,1,,,,,,,
10243,10496,10470,Buch.-Ham. ex D.Don,41171,6319,Senecio scandens,,1,,,,,,,
10243,10496,10470,DC.,41178,6319,Senecio stauntonii,,1,,,,,,,
10243,10496,10470,Regel & Schmalh.,295295,6319,Senecio thianschanicus,,1,,,,,,,
10243,10496,10470,Franch.,321883,6319,Senecio tricuspis,,1,,,,,,,
10243,10496,10470,L.,41190,6319,Senecio vulgaris,,1,,,,,,,
10243,10496,10470,(DC.) Benth. ex C.B.Clarke,138161,6319,Senecio wightii,,1,,,,,,,
10243,10496,10470,Kitag.,397752,1478,Artemisia finita,,1,,,,,,,
10243,10496,10470,(Thunb.) Thunb.,41280,6328,Serissa japonica,,1,,,,,,,
10243,10496,10470,(Thunb.) Thunb.,41280,6328,Serissa japonica,,1,,,,,,,
10243,10496,10470,(L.) Cass. ex Kitag.,315112,4062,Klasea centauroides,,1,,,,,,,
10243,10496,10470,(S.Moore) L.Martins,460795,20531,Klaseopsis chinensis,,1,,,,,,,
10243,10496,10470,L.,124458,6332,Serratula coronata,,1,,,,,,,
10243,10496,10470,(L.) Cass. ex Kitag.,315112,4062,Klasea centauroides,,1,,,,,,,
10243,10496,10470,(Jacq.) W.Wight,41313,6336,Sesbania bispinosa,,1,,,,,,,
10243,10496,10470,(Trautv.) Schischk.,321884,6337,Seseli asperulum,,1,,,,,,,
10243,10496,10470,Franch.,318045,6337,Seseli delavayi,,1,,,,,,,
10243,10496,10470,H.Wolff,319631,6337,Seseli mairei,,1,,,,,,,
10243,10496,10470,R.H.Shan & M.L.Sheh,321885,6337,Seseli squarrulosum,,1,,,,,,,
10243,10496,10470,Franch.,321886,6337,Seseli yunnanense,,1,,,,,,,
10243,10496,10470,(Steud.) Honda,151790,6341,Setaria chondrachne,,1,,,,,,,
10243,10496,10470,R.A.W.Herrm.,41355,6341,Setaria faberi,,1,,,,,,,
10243,10496,10470,(Nees ex Steud.) Hook.f.,123108,6341,Setaria forbesiana,,1,,,,,,,
10243,10496,10470,(Poir.) Kerguélen,41370,6341,Setaria parviflora,,1,,,,,,,
10243,10496,10470,(Lam.) T.Cooke,41371,6341,Setaria plicata,,1,,,,,,,
10243,10496,10470,(Poir.) Roem. & Schult.,41372,6341,Setaria pumila,,1,,,,,,,
10243,10496,10470,Keng f. & K.D.Yu,228477,6341,Setaria yunnanensis,,1,,,,,,,
10243,10496,10470,S.Moore,41394,6349,Sheareria nana,,1,,,,,,,
10243,10496,10470,Nakai,228479,13362,Shibataea chinensis,,1,,,,,,,
10243,10496,10470,(Wall.) Wight & Arn. ex Walp.,41424,6354,Shuteria involucrata,,1,,,,,,,
10243,10496,10470,Wight & Arn.,442517,6354,Shuteria vestita,,1,,,,,,,
10243,10496,10470,(Bunge) Juz.,445459,9191,Sibbaldianthe adpressa,,1,,,,,,,
10243,10496,10470,Edgew.,56614,6356,Sibbaldia cuneata,,1,,,,,,,
10243,10496,10470,(D.Don) Soják,451634,1449,Argentina micropetala,,1,,,,,,,
10243,10496,10470,(T.T.Yu & C.L.Li) Soják,461309,5739,Potentilla omeiensis,,1,,,,,,,
10243,10496,10470,Soják,461310,5739,Potentilla clandestina,,1,,,,,,,
10243,10496,10470,L.,41428,6356,Sibbaldia procumbens,,1,,,,,,,
10243,10496,10470,(Royle) Hook.f.,451526,5739,Potentilla purpurea,,1,,,,,,,
10243,10496,10470,Prain,451523,5739,Potentilla sikkimensis,,1,,,,,,,
10243,10496,10470,(Hand.-Mazz.) Soják,461311,5739,Potentilla tenuis,,1,,,,,,,
10243,10496,10470,(Bunge) Hook.f.,445458,5739,Potentilla tetrandra,,1,,,,,,,
10243,10496,10470,(Rehder) Hand.-Mazz.,151888,13363,Sibiraea angustata,,1,,,,,,,
10243,10496,10470,(L.) Maxim.,307295,13363,Sibiraea laevigata,,1,,,,,,,
10243,10496,10470,L.,41488,6363,Sida rhombifolia,,1,,,,,,,
10243,10496,10470,L.,41488,6363,Sida rhombifolia,,1,,,,,,,
10243,10496,10470,L.,41469,6363,Sida cordifolia,,1,,,,,,,
10243,10496,10470,Cav.,321890,6363,Sida orientalis,,1,,,,,,,
10243,10496,10470,J.L.Liu,321891,6363,Sida quinquevalvacea,,1,,,,,,,
10243,10496,10470,Span.,41495,6363,Sida subcordata,,1,,,,,,,
10243,10496,10470,Matsuda,41496,6363,Sida szechuensis,,1,,,,,,,
10243,10496,10470,S.Y.Hu,41499,6363,Sida yunnanensis,,1,,,,,,,
10243,10496,10470,(Makino) Makino,41579,6370,Sigesbeckia glabrescens,,1,,,,,,,
10243,10496,10470,L.,41581,6370,Sigesbeckia orientalis,,1,,,,,,,
10243,10496,10470,(Makino) Makino,41583,6370,Sigesbeckia pubescens,,1,,,,,,,
10243,10496,10470,F.N.Williams,321892,6372,Silene adenocalyx,,1,,,,,,,
10243,10496,10470,Turcz. ex Fisch. & C.A.Mey.,41594,6372,Silene aprica,,1,,,,,,,
10243,10496,10470,Franch.,138165,6372,Silene asclepiadea,,1,,,,,,,
10243,10496,10470,(L.) Durande,41597,6372,Silene baccifera,,1,,,,,,,
10243,10496,10470,H.Limpr.,321893,6372,Silene batangensis,,1,,,,,,,
10243,10496,10470,W.W.Sm.,321894,6372,Silene bilingua,,1,,,,,,,
10243,10496,10470,F.N.Williams,70521,6372,Silene caespitella,,1,,,,,,,
10243,10496,10470,Franch.,319835,6372,Silene cardiopetala,,1,,,,,,,
10243,10496,10470,Bocquet,321895,6372,Silene chodatii,,1,,,,,,,
10243,10496,10470,W.W.Sm.,319836,6372,Silene chungtienensis,,1,,,,,,,
10243,10496,10470,L.,41610,6372,Silene conoidea,,1,,,,,,,
10243,10496,10470,(Franch.) Oxelman & Lidén,321896,6372,Silene davidii,,1,,,,,,,
10243,10496,10470,H.Limpr.,321897,6372,Silene dawoensis,,1,,,,,,,
10243,10496,10470,Franch.,151911,6372,Silene delavayi,,1,,,,,,,
10243,10496,10470,W.W.Sm.,319837,6372,Silene esquamata,,1,,,,,,,
10243,10496,10470,Siebold & Zucc.,41622,6372,Silene firma,,1,,,,,,,
10243,10496,10470,Turcz.,398687,6372,Silene fissipetala,,1,,,,,,,
10243,10496,10470,(Rupr.) Bocquet,70522,6372,Silene gonosperma,,1,,,,,,,
10243,10496,10470,C.L.Tang,316795,6372,Silene gracilicaulis,,1,,,,,,,
10243,10496,10470,Otth,68745,6372,Silene graminifolia,,1,,,,,,,
10243,10496,10470,Franch.,321898,6372,Silene grandiflora,,1,,,,,,,
10243,10496,10470,(Bocquet) Lidén & Oxelman,321899,6372,Silene herbilegorum,,1,,,,,,,
10243,10496,10470,(Rohrb.) Majumdar,70523,6372,Silene himalayensis,,1,,,,,,,
10243,10496,10470,Bocquet,321900,6372,Silene huguettiae,,1,,,,,,,
10243,10496,10470,C.L.Tang,318046,6372,Silene hupehensis,,1,,,,,,,
10243,10496,10470,C.L.Tang,318432,6372,Silene incisa,,1,,,,,,,
10243,10496,10470,Roxb. ex Otth,68743,6372,Silene indica,,1,,,,,,,
10243,10496,10470,Willd.,314901,6372,Silene jeniseensis,,1,,,,,,,
10243,10496,10470,Rohrb.,321901,6372,Silene khasiana,,1,,,,,,,
10243,10496,10470,(F.N.Williams) Lidén & Oxelman,321902,6372,Silene kialensis,,1,,,,,,,
10243,10496,10470,Kom.,461312,6372,Silene scabrifolia,,1,,,,,,,
10243,10496,10470,C.Y.Wu,321904,6372,Silene lamarum,,1,,,,,,,
10243,10496,10470,Franch.,321905,6372,Silene melanantha,,1,,,,,,,
10243,10496,10470,W.W.Sm.,321906,6372,Silene monbeigii,,1,,,,,,,
10243,10496,10470,C.Y.Wu,321907,6372,Silene muliensis,,1,,,,,,,
10243,10496,10470,Franch.,321908,6372,Silene napuligera,,1,,,,,,,
10243,10496,10470,Majumdar,70525,6372,Silene nepalensis,,1,,,,,,,
10243,10496,10470,(Edgew.) Majumdar,138166,6372,Silene nigrescens,,1,,,,,,,
10243,10496,10470,W.W.Sm.,138167,6372,Silene oblanceolata,,1,,,,,,,
10243,10496,10470,Franch.,321909,6372,Silene otodonta,,1,,,,,,,
10243,10496,10470,Franch.,319838,6372,Silene phoenicodonta,,1,,,,,,,
10243,10496,10470,Franch.,321910,6372,Silene platyphylla,,1,,,,,,,
10243,10496,10470,Oxelman & Lidén,321911,6372,Silene principis,,1,,,,,,,
10243,10496,10470,H.P.Tsui & C.L.Tang,318433,6372,Silene pseudofortunei,,1,,,,,,,
10243,10496,10470,Patrin,41672,6372,Silene repens,,1,,,,,,,
10243,10496,10470,Kingdon-Ward ex W.W.Sm.,321912,6372,Silene rosiflora,,1,,,,,,,
10243,10496,10470,C.L.Tang,321913,6372,Silene salicifolia,,1,,,,,,,
10243,10496,10470,Franch.,138168,6372,Silene scopulorum,,1,,,,,,,
10243,10496,10470,"(Fisch., C.A.Mey. & Avé-Lall.) Bocquet",79933,6372,Silene songarica,,1,,,,,,,
10243,10496,10470,Diels,316676,6372,Silene stewartiana,,1,,,,,,,
10243,10496,10470,Regel,316356,6372,Silene tatarinowii,,1,,,,,,,
10243,10496,10470,Franch.,321914,6372,Silene trachyphylla,,1,,,,,,,
10243,10496,10470,C.L.Tang,321915,6372,Silene tubiformis,,1,,,,,,,
10243,10496,10470,Franch.,138169,6372,Silene viscidula,,1,,,,,,,
10243,10496,10470,Kom.,461312,6372,Silene scabrifolia,,1,,,,,,,
10243,10496,10470,(Moench) Garcke,41702,6372,Silene vulgaris,,1,,,,,,,
10243,10496,10470,Bocquet,321916,6372,Silene yetii,,1,,,,,,,
10243,10496,10470,Franch.,138170,6372,Silene yunnanensis,,1,,,,,,,
10243,10496,10470,(C.Winkl.) C.Ren & Q.E.Yang,461313,5284,Parasenecio caroli,,1,,,,,,,
10243,10496,10470,(Franch.) H.Koyama,318434,6380,Sinacalia davidii,,1,,,,,,,
10243,10496,10470,(Maxim.) B.Nord.,41713,6380,Sinacalia tangutica,,1,,,,,,,
10243,10496,10470,L.,41718,6382,Sinapis alba,,1,,,,,,,
10243,10496,10470,Oliv.,151929,6383,Sindechites henryi,,1,,,,,,,
10243,10496,10470,(Franch.) Copel.,318984,1517,Asplenium delavayi,,1,,,,,,,
10243,10496,10470,(Siebold & Zucc.) Miq.,442544,1070,Adina racemosa,,1,,,,,,,
10243,10496,10470,McClure,228490,11848,Sinobambusa intermedia,,1,,,,,,,
10243,10496,10470,C.D.Chu & C.S.Chao,228491,11848,Sinobambusa nephroaurita,,1,,,,,,,
10243,10496,10470,(W.C.Cheng & S.Y.Chang) W.C.Cheng & S.Y.Chang ex P.T.Li,141594,11936,Calycanthus chinensis,,1,,,,,,,
10243,10496,10470,(Diels) H.Wolff ex F.T.Pu,321918,12479,Sinocarum coloratum,,1,,,,,,,
10243,10496,10470,(Franch.) H.Wolff ex F.T.Pu,138171,12479,Sinocarum cruciatum,,1,,,,,,,
10243,10496,10470,(Diels) H.Wolff ex F.T.Pu,321919,12479,Sinocarum dolichopodum,,1,,,,,,,
10243,10496,10470,H.Wolff,321920,12479,Sinocarum filicinum,,1,,,,,,,
10243,10496,10470,H.Wolff,321920,12479,Sinocarum filicinum,,1,,,,,,,
10243,10496,10470,H.Wolff,321921,12479,Sinocarum vaginatum,,1,,,,,,,
10243,10496,10470,Keng,70882,9178,Sinochasea trigyna,,1,,,,,,,
10243,10496,10470,(Praeger) A.Berger,138173,9833,Sinocrassula ambigua,,1,,,,,,,
10243,10496,10470,(Praeger) A.Berger,321922,9833,Sinocrassula densirosulata,,1,,,,,,,
10243,10496,10470,(Decne.) A.Berger,79969,9833,Sinocrassula indica,,1,,,,,,,
10243,10496,10470,(Praeger) S.H.Fu,321923,9833,Sinocrassula longistyla,,1,,,,,,,
10243,10496,10470,(Franch.) A.Berger,321924,9833,Sinocrassula yunnanensis,,1,,,,,,,
10243,10496,10470,(Franch.) Hemsl.,309138,14845,Sinofranchetia chinensis,,1,,,,,,,
10243,10496,10470,(Dümmer) Merr.,317038,13368,Sinojackia henryi,,1,,,,,,,
10243,10496,10470,L.Q.Luo,321925,13368,Sinojackia sarcocarpa,,1,,,,,,,
10243,10496,10470,(Franch.) W.T.Wang ex Z.Ying Zhang,316678,15103,Sinojohnstonia moupinensis,,1,,,,,,,
10243,10496,10470,Hu,318435,15103,Sinojohnstonia plantaginea,,1,,,,,,,
10243,10496,10470,H.Wolff,138175,12480,Sinolimprichtia alpina,,1,,,,,,,
10243,10496,10470,(Thunb.) Rehder & E.H.Wilson,41732,6388,Sinomenium acutum,,1,,,,,,,
10243,10496,10470,Royle,443914,11968,Podophyllum hexandrum,,1,,,,,,,
10243,10496,10470,(Baker) Christenh.,460676,3727,Hemionitis albofusca,,1,,,,,,,
10243,10496,10470,(Christ) Christenh.,461314,3727,Hemionitis grevilleoides,,1,,,,,,,
10243,10496,10470,(Vaniot) B.Nord.,151944,6390,Sinosenecio bodinieri,,1,,,,,,,
10243,10496,10470,(Hand.-Mazz.) B.Nord.,318744,6390,Sinosenecio chienii,,1,,,,,,,
10243,10496,10470,(Hand.-Mazz.) B.Nord.,138155,6390,Sinosenecio euosmus,,1,,,,,,,
10243,10496,10470,(Franch.) B.Nord.,318436,6390,Sinosenecio cyclaminifolius,,1,,,,,,,
10243,10496,10470,(Dunn) C.Jeffrey & Y.L.Chen,318437,6390,Sinosenecio dryas,,1,,,,,,,
10243,10496,10470,C.Jeffrey & Y.L.Chen,318438,6390,Sinosenecio eriopodus,,1,,,,,,,
10243,10496,10470,(Hand.-Mazz.) B.Nord.,138155,6390,Sinosenecio euosmus,,1,,,,,,,
10243,10496,10470,Y.L.Chen,321928,6390,Sinosenecio fangianus,,1,,,,,,,
10243,10496,10470,(C.C.Chang) B.Nord.,452762,6390,Sinosenecio globigerus,,1,,,,,,,
10243,10496,10470,(Dümmer) B.Nord.,318439,6390,Sinosenecio hederifolius,,1,,,,,,,
10243,10496,10470,(Cumm.) B.Nord.,318745,6390,Sinosenecio homogyniphyllus,,1,,,,,,,
10243,10496,10470,(Jeffrey) B.Nord.,317512,6390,Sinosenecio latouchei,,1,,,,,,,
10243,10496,10470,C.Jeffrey & Y.L.Chen,321929,6390,Sinosenecio leiboensis,,1,,,,,,,
10243,10496,10470,(Hand.-Mazz.) B.Nord.,461315,6390,Sinosenecio lingularioides,,1,,,,,,,
10243,10496,10470,(Maxim.) B.Nord.,41735,6390,Sinosenecio oldhamianus,,1,,,,,,,
10243,10496,10470,Y.L.Chen,321931,6390,Sinosenecio rotundifolius,,1,,,,,,,
10243,10496,10470,(C.C.Chang) B.Nord.,319839,6390,Sinosenecio septilobus,,1,,,,,,,
10243,10496,10470,C.Jeffrey & Y.L.Chen,151946,6390,Sinosenecio subcoriaceus,,1,,,,,,,
10243,10496,10470,(Hand.-Mazz.) B.Nord.,321932,6390,Sinosenecio subrosulatus,,1,,,,,,,
10243,10496,10470,(Hand.-Mazz.) B.Nord.,321933,6390,Sinosenecio sungpanensis,,1,,,,,,,
10243,10496,10470,(C.C.Chang) B.Nord.,321934,6390,Sinosenecio trinervius,,1,,,,,,,
10243,10496,10470,(Franch.) B.Nord.,460955,6390,Sinosenecio villiferus,,1,,,,,,,
10243,10496,10470,(W.T.Wang) Al-Shehbaz & Warwick,321935,9169,Smelowskia heishuiensis,,1,,,,,,,
10243,10496,10470,Hemsl.,151947,13369,Sinowilsonia henryi,,1,,,,,,,
10243,10496,10470,(Hook.f.) C.Y.Wu,122445,11704,Siphocranion macranthum,,1,,,,,,,
10243,10496,10470,(Hemsl.) Kudô,138176,11704,Siphocranion nudipes,,1,,,,,,,
10243,10496,10470,Benth.,41754,6395,Siphonostegia chinensis,,1,,,,,,,
10243,10496,10470,S.Moore,151957,6395,Siphonostegia laeta,,1,,,,,,,
10243,10496,10470,C.A.Mey.,102530,6399,Sisymbrium heteromallum,,1,,,,,,,
10243,10496,10470,(Maxim.) O.E.Schulz,294545,6399,Sisymbrium luteum,,1,,,,,,,
10243,10496,10470,W.W.Sm.,319840,6399,Sisymbrium yunnanense,,1,,,,,,,
10243,10496,10470,(H.Boissieu) Li S.Wang & M.F.Watson,461316,6401,Sium ventricosum,,1,,,,,,,
10243,10496,10470,Fisch. & C.A.Mey.,71162,6401,Sium medium,,1,,,,,,,
10243,10496,10470,Walter,41790,6401,Sium suave,,1,,,,,,,
10243,10496,10470,(Diels) A.J.Paton & Ryding,182181,3975,Isodon oreophilus,,1,,,,,,,
10243,10496,10470,T.Anderson ex Gamble,41791,6402,Skimmia arborescens,,1,,,,,,,
10243,10496,10470,(DC.) Decne.,56639,6402,Skimmia laureola,,1,,,,,,,
10243,10496,10470,Rehder & E.H.Wilson,138489,6402,Skimmia melanocarpa,,1,,,,,,,
10243,10496,10470,C.C.Huang,138177,6402,Skimmia multinervia,,1,,,,,,,
10243,10496,10470,(Fortune) Fortune,442549,6402,Skimmia reevesiana,,1,,,,,,,
10243,10496,10470,(Ito) Rehder & E.H.Wilson,151999,6405,Sloanea hemsleyana,,1,,,,,,,
10243,10496,10470,Diels,41811,6405,Sloanea leptocarpa,,1,,,,,,,
10243,10496,10470,(Hance) Hemsl.,41818,6405,Sloanea sinensis,,1,,,,,,,
10243,10496,10470,Gagnep.,41824,6408,Smilax aberrans,,1,,,,,,,
10243,10496,10470,Hayata,41827,6408,Smilax arisanensis,,1,,,,,,,
10243,10496,10470,Gagnep.,138180,6408,Smilax chapaensis,,1,,,,,,,
10243,10496,10470,L.,41839,6408,Smilax china,,1,,,,,,,
10243,10496,10470,F.T.Wang & Tang,138181,6408,Smilax chingii,,1,,,,,,,
10243,10496,10470,Warb.,212395,6408,Smilax cocculoides,,1,,,,,,,
10243,10496,10470,Kunth,41840,6408,Smilax corbularia,,1,,,,,,,
10243,10496,10470,I.M.Turner,456781,6408,Smilax neocyclophylla,,1,,,,,,,
10243,10496,10470,H.Lév.,212398,6408,Smilax darrisii,,1,,,,,,,
10243,10496,10470,A.DC.,152022,6408,Smilax davidiana,,1,,,,,,,
10243,10496,10470,Warb.,212400,6408,Smilax discotis,,1,,,,,,,
10243,10496,10470,J.M.Xu,214948,6408,Smilax emeiensis,,1,,,,,,,
10243,10496,10470,Wall. ex Kunth,121813,6408,Smilax ferox,,1,,,,,,,
10243,10496,10470,Roxb.,41845,6408,Smilax glabra,,1,,,,,,,
10243,10496,10470,Warb.,152023,6408,Smilax glaucochina,,1,,,,,,,
10243,10496,10470,Craib,120858,6408,Smilax hemsleyana,,1,,,,,,,
10243,10496,10470,Roxb.,41853,6408,Smilax lanceifolia,,1,,,,,,,
10243,10496,10470,H.Lév.,123610,6408,Smilax lebrunii,,1,,,,,,,
10243,10496,10470,F.T.Wang & Tang,138183,6408,Smilax lunglingensis,,1,,,,,,,
10243,10496,10470,H.Lév.,152024,6408,Smilax mairei,,1,,,,,,,
10243,10496,10470,A.DC.,41859,6408,Smilax megacarpa,,1,,,,,,,
10243,10496,10470,C.H.Wright,122662,6408,Smilax megalantha,,1,,,,,,,
10243,10496,10470,A.DC.,80082,6408,Smilax menispermoidea,,1,,,,,,,
10243,10496,10470,C.H.Wright,138186,6408,Smilax microphylla,,1,,,,,,,
10243,10496,10470,F.T.Wang & Tang,212506,6408,Smilax nigrescens,,1,,,,,,,
10243,10496,10470,Miq.,41865,6408,Smilax nipponica,,1,,,,,,,
10243,10496,10470,A.DC.,41867,6408,Smilax ocreata,,1,,,,,,,
10243,10496,10470,Pamp.,212489,6408,Smilax outanscianensis,,1,,,,,,,
10243,10496,10470,Roxb. ex D.Don,41870,6408,Smilax ovalifolia,,1,,,,,,,
10243,10496,10470,T.Koyama,212449,6408,Smilax pachysandroides,,1,,,,,,,
10243,10496,10470,T.Koyama,212456,6408,Smilax petelotii,,1,,,,,,,
10243,10496,10470,Warb.,212452,6408,Smilax polycolea,,1,,,,,,,
10243,10496,10470,(F.T.Wang & Tang) S.C.Chen,214983,6408,Smilax retroflexa,,1,,,,,,,
10243,10496,10470,A.DC.,41873,6408,Smilax riparia,,1,,,,,,,
10243,10496,10470,C.H.Wright,138187,6408,Smilax scobinicaulis,,1,,,,,,,
10243,10496,10470,Miq.,41877,6408,Smilax sieboldii,,1,,,,,,,
10243,10496,10470,Maxim.,41879,6408,Smilax stans,,1,,,,,,,
10243,10496,10470,J.B.Norton,212461,6408,Smilax trachypoda,,1,,,,,,,
10243,10496,10470,F.T.Wang,41882,6408,Smilax tsinchengshanensis,,1,,,,,,,
10243,10496,10470,(F.T.Wang & Tang) F.T.Wang & Tang,212458,6408,Smilax vanchingshanensis,,1,,,,,,,
10243,10496,10470,Wall. ex Wight & Arn.,321937,6409,Smithia blanda,,1,,,,,,,
10243,10496,10470,Royle,41885,6409,Smithia ciliata,,1,,,,,,,
10243,10496,10470,Aiton,41887,6409,Smithia sensitiva,,1,,,,,,,
10243,10496,10470,Mill.,41906,6417,Solanum americanum,,1,,,,,,,
10243,10496,10470,L.,41940,6417,Solanum dulcamara,,1,,,,,,,
10243,10496,10470,Hemsl.,42009,6417,Solanum pittosporifolium,,1,,,,,,,
10243,10496,10470,Thunb.,41976,6417,Solanum lyratum,,1,,,,,,,
10243,10496,10470,L.,41996,6417,Solanum nigrum,,1,,,,,,,
10243,10496,10470,Hemsl.,42009,6417,Solanum pittosporifolium,,1,,,,,,,
10243,10496,10470,Bunge,314747,6417,Solanum septemlobum,,1,,,,,,,
10243,10496,10470,Roxb.,62229,6417,Solanum spirale,,1,,,,,,,
10243,10496,10470,L.,442553,6417,Solanum insanum,,1,,,,,,,
10243,10496,10470,Mill.,42055,6417,Solanum villosum,,1,,,,,,,
10243,10496,10470,Ortega,42056,6417,Solanum violaceum,,1,,,,,,,
10243,10496,10470,L.,42057,6417,Solanum virginianum,,1,,,,,,,
10243,10496,10470,(Lam.) Gandhi,42065,6419,Solena amplexicaulis,,1,,,,,,,
10243,10496,10470,Lour.,42083,6426,Solidago decurrens,,1,,,,,,,
10243,10496,10470,L.,42094,6426,Solidago virgaurea,,1,,,,,,,
10243,10496,10470,(Maxim.) Botsch.,321938,12512,Solms-laubachia eurycarpa,,1,,,,,,,
10243,10496,10470,Botsch.,321939,12512,Solms-laubachia retropilosa,,1,,,,,,,
10243,10496,10470,(W.W.Sm.) O.E.Schulz,321940,12512,Solms-laubachia linearifolia,,1,,,,,,,
10243,10496,10470,Hand.-Mazz.,321941,12512,Solms-laubachia minor,,1,,,,,,,
10243,10496,10470,Muschl.,321942,12512,Solms-laubachia pulcherrima,,1,,,,,,,
10243,10496,10470,Botsch.,321939,12512,Solms-laubachia retropilosa,,1,,,,,,,
10243,10496,10470,(W.W.Sm.) H.F.Comber,321943,12512,Solms-laubachia xerophyta,,1,,,,,,,
10243,10496,10470,L.,42107,6431,Sonchus arvensis,,1,,,,,,,
10243,10496,10470,(L.) Hill,42108,6431,Sonchus asper,,1,,,,,,,
10243,10496,10470,DC.,42112,6431,Sonchus brachyotus,,1,,,,,,,
10243,10496,10470,DC.,70620,6431,Sonchus wightianus,,1,,,,,,,
10243,10496,10470,L.,42135,6431,Sonchus oleraceus,,1,,,,,,,
10243,10496,10470,Nevski,316516,6431,Sonchus transcaspicus,,1,,,,,,,
10243,10496,10470,L.,42107,6431,Sonchus arvensis,,1,,,,,,,
10243,10496,10470,Roxb.,123391,6432,Sonerila maculata,,1,,,,,,,
10243,10496,10470,(Rehder) C.Y.Ma,321944,6434,Sophora albescens,,1,,,,,,,
10243,10496,10470,L.,102404,6434,Sophora alopecuroides,,1,,,,,,,
10243,10496,10470,(Franch.) Skeels,452773,6434,Sophora davidi,,1,,,,,,,
10243,10496,10470,Prain,449872,6434,Sophora dunii,,1,,,,,,,
10243,10496,10470,Aiton,42167,6434,Sophora flavescens,,1,,,,,,,
10243,10496,10470,(L.) Schott,43261,6608,Styphnolobium japonicum,,1,,,,,,,
10243,10496,10470,Baker,387626,6434,Sophora wightii,,1,,,,,,,
10243,10496,10470,Gagnep.,318748,6434,Sophora tonkinensis,,1,,,,,,,
10243,10496,10470,Lindl.,317513,6434,Sophora velutina,,1,,,,,,,
10243,10496,10470,Buch.-Ham. ex D.Don,123113,8763,Sopubia trifida,,1,,,,,,,
10243,10496,10470,C.K.Schneid.,138189,6435,Sorbaria arborea,,1,,,,,,,
10243,10496,10470,(Regel) Maxim.,42185,6435,Sorbaria kirilowii,,1,,,,,,,
10243,10496,10470,(L.) A.Braun,42186,6435,Sorbaria sorbifolia,,1,,,,,,,
10243,10496,10470,(Siebold & Zucc.) Rushforth,442566,20112,Alniaria alnifolia,,1,,,,,,,
10243,10496,10470,H.Ohashi & Iketani,319841,11707,Aria yuarguta,,1,,,,,,,
10243,10496,10470,(Rehder) Rushforth,449952,20114,Thomsonaria aronioides,,1,,,,,,,
10243,10496,10470,(Stapf) Rushforth,452775,20114,Thomsonaria caloneura,,1,,,,,,,
10243,10496,10470,(Cardot) Mezhenskyj,449953,19777,Micromeles coronata,,1,,,,,,,
10243,10496,10470,(Miq.) Rushforth,442571,20114,Thomsonaria corymbifera,,1,,,,,,,
10243,10496,10470,Koehne,461317,6436,Sorbus esserteauana,,1,,,,,,,
10243,10496,10470,Hand.-Mazz.,122668,6436,Sorbus filipes,,1,,,,,,,
10243,10496,10470,(C.K.Schneid.) Rushforth,452777,20112,Alniaria folgneri,,1,,,,,,,
10243,10496,10470,Koehne,122674,6436,Sorbus glomerulata,,1,,,,,,,
10243,10496,10470,(T.C.Ku) Rushforth,461318,20536,Wilsonaria guanxianensis,,1,,,,,,,
10243,10496,10470,Koehne,314565,6436,Sorbus helenae,,1,,,,,,,
10243,10496,10470,(C.K.Schneid.) Rushforth,452778,20226,Griffitharia hemsleyi,,1,,,,,,,
10243,10496,10470,C.K.Schneid.,424531,6436,Sorbus hupehensis,,1,,,,,,,
10243,10496,10470,(C.K.Schneid.) Rushforth,460857,20114,Thomsonaria decaisneana,,1,,,,,,,
10243,10496,10470,T.T.Yu,138193,6436,Sorbus kiukiangensis,,1,,,,,,,
10243,10496,10470,C.K.Schneid.,138194,6436,Sorbus koehneana,,1,,,,,,,
10243,10496,10470,(Rehder) Rushforth,460918,20536,Wilsonaria megalocarpa,,1,,,,,,,
10243,10496,10470,(Rehder) Rushforth,460494,20114,Thomsonaria meliosmifolia,,1,,,,,,,
10243,10496,10470,C.K.Schneid.,138194,6436,Sorbus koehneana,,1,,,,,,,
10243,10496,10470,(Cardot) Hand.-Mazz.,138196,6436,Sorbus oligodonta,,1,,,,,,,
10243,10496,10470,(Rehder) Rushforth,460496,20226,Griffitharia pallescens,,1,,,,,,,
10243,10496,10470,L.,42193,6436,Sorbus aucuparia,,1,,,,,,,
10243,10496,10470,Koehne,138197,6436,Sorbus prattii,,1,,,,,,,
10243,10496,10470,Koehne,122674,6436,Sorbus glomerulata,,1,,,,,,,
10243,10496,10470,Diels,122675,6436,Sorbus reducta,,1,,,,,,,
10243,10496,10470,Koehne,122676,6436,Sorbus rehderiana,,1,,,,,,,
10243,10496,10470,Decne.,451531,19777,Micromeles rhamnoides,,1,,,,,,,
10243,10496,10470,C.K.Schneid.,122677,6436,Sorbus rufopilosa,,1,,,,,,,
10243,10496,10470,Koehne,152082,6436,Sorbus sargentiana,,1,,,,,,,
10243,10496,10470,Koehne,314595,6436,Sorbus scalaris,,1,,,,,,,
10243,10496,10470,(C.K.Schneid.) Koehne,319843,6436,Sorbus setschwanensis,,1,,,,,,,
10243,10496,10470,(T.T.Yu & L.T.Lu) Rushforth,461319,20114,Thomsonaria subochracea,,1,,,,,,,
10243,10496,10470,Rupr.,152083,6436,Sorbus tianschanica,,1,,,,,,,
10243,10496,10470,(Cardot) Rushforth,449958,20226,Griffitharia thibetica,,1,,,,,,,
10243,10496,10470,(King ex Hook.f.) Rushforth,461045,20114,Thomsonaria thomsonii,,1,,,,,,,
10243,10496,10470,Rupr.,152083,6436,Sorbus tianschanica,,1,,,,,,,
10243,10496,10470,C.K.Schneid.,138199,6436,Sorbus vilmorinii,,1,,,,,,,
10243,10496,10470,C.K.Schneid.,152084,6436,Sorbus wilsoniana,,1,,,,,,,
10243,10496,10470,(C.K.Schneid.) Mezhenskyj,460858,19777,Micromeles zahlbruckneri,,1,,,,,,,
10243,10496,10470,(Vahl) Pers.,42232,6438,Sorghum nitidum,,1,,,,,,,
10243,10496,10470,(Kunth) Hitchc.,42234,6438,Sorghum propinquum,,1,,,,,,,
10243,10496,10470,Christ,461320,5712,Polystichum glaciale,,1,,,,,,,
10243,10496,10470,(Hand.-Mazz.) C.Shih,317668,9157,Soroseris erysimoides,,1,,,,,,,
10243,10496,10470,(Franch.) C.Shih,461321,9157,Soroseris trichocarpa,,1,,,,,,,
10243,10496,10470,(Decne.) Stebbins,70621,9157,Soroseris glomerata,,1,,,,,,,
10243,10496,10470,Stebbins,139053,9157,Soroseris hookeriana,,1,,,,,,,
10243,10496,10470,Stebbins,139053,9157,Soroseris hookeriana,,1,,,,,,,
10243,10496,10470,C.Shih,321949,9157,Soroseris teres,,1,,,,,,,
10243,10496,10470,(Maxim.) J.Compton,122681,1026,Actaea vaginata,,1,,,,,,,
10243,10496,10470,Graebn.,120863,6448,Sparganium fallax,,1,,,,,,,
10243,10496,10470,(Laest. ex Beurl.) Beurl.,42272,6448,Sparganium glomeratum,,1,,,,,,,
10243,10496,10470,Rehmann,42270,6448,Sparganium emersum,,1,,,,,,,
10243,10496,10470,(Buch.-Ham. ex Graebn.) Buch.-Ham. ex Juz.,42277,6448,Sparganium stoloniferum,,1,,,,,,,
10243,10496,10470,Lindl.,42316,6457,Spathoglottis pubescens,,1,,,,,,,
10243,10496,10470,(Gagnep.) Dunn,138203,11853,Spatholirion longifolium,,1,,,,,,,
10243,10496,10470,Dunn,138205,6458,Spatholobus pulcher,,1,,,,,,,
10243,10496,10470,Trimen,321950,15183,Spenceria ramalana,,1,,,,,,,
10243,10496,10470,(Hance) Pax & K.Hoffm.,152109,13378,Speranskia cantonensis,,1,,,,,,,
10243,10496,10470,(Bunge) Baill.,196627,13378,Speranskia tuberculata,,1,,,,,,,
10243,10496,10470,L.,42352,6460,Spergula arvensis,,1,,,,,,,
10243,10496,10470,(L.) Besser,42366,6461,Spergularia marina,,1,,,,,,,
10243,10496,10470,(Trin.) Pilg.,42437,6466,Sphaerocaryum malaccense,,1,,,,,,,
10243,10496,10470,(Pall.) DC.,106792,11093,Sphaerophysa salsula,,1,,,,,,,
10243,10496,10470,(Besser ex Trevir.) Koso-Pol.,77553,9593,Sphallerocarpus gracilis,,1,,,,,,,
10243,10496,10470,(L.) J.Sm.,30662,5071,Odontosoria chinensis,,1,,,,,,,
10243,10496,10470,(H.S.Lo) Razafim. & Rydin,455628,5118,Ophiorrhiza emeiensis,,1,,,,,,,
10243,10496,10470,Pall.,102557,6487,Spiraea alpina,,1,,,,,,,
10243,10496,10470,Hook.f.,122686,6487,Spiraea arcuata,,1,,,,,,,
10243,10496,10470,Sims,56615,6487,Spiraea bella,,1,,,,,,,
10243,10496,10470,G.Don,152137,6487,Spiraea blumei,,1,,,,,,,
10243,10496,10470,W.W.Sm.,321951,6487,Spiraea calcicola,,1,,,,,,,
10243,10496,10470,D.Don,42528,6487,Spiraea canescens,,1,,,,,,,
10243,10496,10470,Lour.,42529,6487,Spiraea cantoniensis,,1,,,,,,,
10243,10496,10470,Maxim.,452785,6487,Spiraea chinensis,,1,,,,,,,
10243,10496,10470,Hand.-Mazz.,138206,6487,Spiraea compsophylla,,1,,,,,,,
10243,10496,10470,L.T.Lu,321952,6487,Spiraea daochengensis,,1,,,,,,,
10243,10496,10470,Pojark.,152140,6487,Spiraea elegans,,1,,,,,,,
10243,10496,10470,L.,42530,6487,Spiraea chamaedryfolia,,1,,,,,,,
10243,10496,10470,C.K.Schneid.,450148,6487,Spiraea fritschiana,,1,,,,,,,
10243,10496,10470,Hemsl.,138207,6487,Spiraea henryi,,1,,,,,,,
10243,10496,10470,(Hemsl.) C.K.Schneid.,316517,6487,Spiraea hirsuta,,1,,,,,,,
10243,10496,10470,L.,57661,6487,Spiraea hypericifolia,,1,,,,,,,
10243,10496,10470,L.f.,42533,6487,Spiraea japonica,,1,,,,,,,
10243,10496,10470,Rehder,318047,6487,Spiraea laeta,,1,,,,,,,
10243,10496,10470,W.W.Sm.,321953,6487,Spiraea lichiangensis,,1,,,,,,,
10243,10496,10470,Maxim.,316679,6487,Spiraea longigemmis,,1,,,,,,,
10243,10496,10470,H.Lév.,319641,6487,Spiraea martini,,1,,,,,,,
10243,10496,10470,Koidz.,314613,6487,Spiraea miyabei,,1,,,,,,,
10243,10496,10470,Rehder,321954,6487,Spiraea mollifolia,,1,,,,,,,
10243,10496,10470,(Maxim.) Maxim.,152142,6487,Spiraea mongolica,,1,,,,,,,
10243,10496,10470,T.T.Yu & L.T.Lu,321955,6487,Spiraea muliensis,,1,,,,,,,
10243,10496,10470,Rehder,138208,6487,Spiraea myrtilloides,,1,,,,,,,
10243,10496,10470,Rehder,317386,6487,Spiraea ovalis,,1,,,,,,,
10243,10496,10470,Rehder,321956,6487,Spiraea papillosa,,1,,,,,,,
10243,10496,10470,Buzunova,461322,6487,Spiraea pjassetzkii,,1,,,,,,,
10243,10496,10470,Siebold & Zucc.,42536,6487,Spiraea prunifolia,,1,,,,,,,
10243,10496,10470,H.Lév.,460582,6487,Spiraea ouensanensis,,1,,,,,,,
10243,10496,10470,Hand.-Mazz.,122687,6487,Spiraea purpurea,,1,,,,,,,
10243,10496,10470,E.Pritz.,152144,6487,Spiraea rosthornii,,1,,,,,,,
10243,10496,10470,Rehder,316358,6487,Spiraea sargentiana,,1,,,,,,,
10243,10496,10470,Rehder,138209,6487,Spiraea schneideriana,,1,,,,,,,
10243,10496,10470,Schmidt,42534,6487,Spiraea media,,1,,,,,,,
10243,10496,10470,(W.W.Sm.) Rehder,321958,6487,Spiraea siccanea,,1,,,,,,,
10243,10496,10470,Hand.-Mazz.,319844,6487,Spiraea sublobata,,1,,,,,,,
10243,10496,10470,L.,152145,6487,Spiraea trilobata,,1,,,,,,,
10243,10496,10470,Hemsl.,138210,6487,Spiraea veitchii,,1,,,,,,,
10243,10496,10470,Franch.,138211,6487,Spiraea velutina,,1,,,,,,,
10243,10496,10470,Duthie ex J.H.Veitch,138212,6487,Spiraea wilsonii,,1,,,,,,,
10243,10496,10470,Franch.,321959,6487,Spiraea yunnanensis,,1,,,,,,,
10243,10496,10470,(Pers.) Ames,42552,6489,Spiranthes sinensis,,1,,,,,,,
10243,10496,10470,(L.) Schleid.,440826,6490,Spirodela polyrhiza,,1,,,,,,,
10243,10496,10470,(Keng f.) S.M.Phillips & S.L.Chen,228516,6492,Spodiopogon bambusoides,,1,,,,,,,
10243,10496,10470,(Thunb.) Hack.,42564,6492,Spodiopogon cotulifer,,1,,,,,,,
10243,10496,10470,A.Camus,228519,6492,Spodiopogon duclouxii,,1,,,,,,,
10243,10496,10470,Rendle,228522,6492,Spodiopogon sagittifolius,,1,,,,,,,
10243,10496,10470,Trin.,124368,6492,Spodiopogon sibiricus,,1,,,,,,,
10243,10496,10470,Hayata,42565,6492,Spodiopogon tainanensis,,1,,,,,,,
10243,10496,10470,S.L.Zhong,228523,6492,Spodiopogon yuexiensis,,1,,,,,,,
10243,10496,10470,(Retz.) P.Beauv.,42583,6495,Sporobolus diandrus,,1,,,,,,,
10243,10496,10470,(Steud.) Clayton,42588,6495,Sporobolus fertilis,,1,,,,,,,
10243,10496,10470,Hemsl.,196811,6502,Stachys adulterina,,1,,,,,,,
10243,10496,10470,C.Y.Wu,196863,6502,Stachys geobombycis,,1,,,,,,,
10243,10496,10470,Cham.,42656,6502,Stachys riederi,,1,,,,,,,
10243,10496,10470,(Vaniot) Dunn,138213,6502,Stachys kouyangensis,,1,,,,,,,
10243,10496,10470,Wall. ex Benth.,125188,6502,Stachys oblongifolia,,1,,,,,,,
10243,10496,10470,C.Y.Wu,196940,6502,Stachys pseudophlomis,,1,,,,,,,
10243,10496,10470,Bunge,152170,6502,Stachys affinis,,1,,,,,,,
10243,10496,10470,C.Y.Wu,196988,6502,Stachys xanthantha,,1,,,,,,,
10243,10496,10470,Franch.,42671,6504,Stachyurus chinensis,,1,,,,,,,
10243,10496,10470,Hook.f. & Thomson ex Benth.,42672,6504,Stachyurus himalaicus,,1,,,,,,,
10243,10496,10470,(Rehder) Hand.-Mazz.,318750,6504,Stachyurus obovatus,,1,,,,,,,
10243,10496,10470,Y.C.Yang,321960,6504,Stachyurus retusus,,1,,,,,,,
10243,10496,10470,Franch.,319845,6504,Stachyurus salicifolius,,1,,,,,,,
10243,10496,10470,Franch.,152186,6504,Stachyurus yunnanensis,,1,,,,,,,
10243,10496,10470,DC.,124298,6511,Staphylea bumalda,,1,,,,,,,
10243,10496,10470,Balf.f.,318751,6511,Staphylea forrestii,,1,,,,,,,
10243,10496,10470,Hemsl.,314763,6511,Staphylea holocarpa,,1,,,,,,,
10243,10496,10470,Gagnep.,152201,6514,Stauntonia cavalerieana,,1,,,,,,,
10243,10496,10470,DC.,42711,6514,Stauntonia chinensis,,1,,,,,,,
10243,10496,10470,Gagnep.,152202,6514,Stauntonia duclouxii,,1,,,,,,,
10243,10496,10470,Hemsl.,42713,6514,Stauntonia obovata,,1,,,,,,,
10243,10496,10470,Benoist,42719,6517,Staurogyne chapaensis,,1,,,,,,,
10243,10496,10470,H.S.Lo,321961,6517,Staurogyne sichuanica,,1,,,,,,,
10243,10496,10470,(Franch.) Stebbins,321962,9157,Soroseris umbrella,,1,,,,,,,
10243,10496,10470,(C.Chr.) C.F.Reed,460919,6763,Thelypteris cyrtomioides,,1,,,,,,,
10243,10496,10470,(Ching ex Y.X.Lin) Christenh.,461323,6763,Thelypteris xingwenensis,,1,,,,,,,
10243,10496,10470,Grimm,42760,6523,Stellaria alsine,,1,,,,,,,
10243,10496,10470,Bunge,70527,6523,Stellaria brachypetala,,1,,,,,,,
10243,10496,10470,Regel,316359,6523,Stellaria chinensis,,1,,,,,,,
10243,10496,10470,Ehrh.,42770,6523,Stellaria crassifolia,,1,,,,,,,
10243,10496,10470,Edgew.,70528,6523,Stellaria decumbens,,1,,,,,,,
10243,10496,10470,Franch.,321964,6523,Stellaria delavayi,,1,,,,,,,
10243,10496,10470,F.N.Williams,138222,6523,Stellaria dianthifolia,,1,,,,,,,
10243,10496,10470,Turcz.,316035,6523,Stellaria discolor,,1,,,,,,,
10243,10496,10470,L.,42781,6523,Stellaria graminea,,1,,,,,,,
10243,10496,10470,Maxim.,138218,6523,Stellaria infracta,,1,,,,,,,
10243,10496,10470,Hook.f.,125448,6523,Stellaria lanata,,1,,,,,,,
10243,10496,10470,(L.) Vill.,42788,6523,Stellaria media,,1,,,,,,,
10243,10496,10470,(Buch.-Ham. ex D.Don) Pusalkar & S.K.Srivast.,445202,20185,Schizotechium monospermum,,1,,,,,,,
10243,10496,10470,(Lej.) Weihe,42792,6523,Stellaria neglecta,,1,,,,,,,
10243,10496,10470,C.Y.Wu & Tsui ex P.Ke,316518,6523,Stellaria omeiensis,,1,,,,,,,
10243,10496,10470,Kom.,321965,6523,Stellaria oxycoccoides,,1,,,,,,,
10243,10496,10470,Ucria,442670,6523,Stellaria apetala,,1,,,,,,,
10243,10496,10470,Ehrh. ex Hoffm.,42796,6523,Stellaria palustris,,1,,,,,,,
10243,10496,10470,Hand.-Mazz.,138220,6523,Stellaria petiolaris,,1,,,,,,,
10243,10496,10470,"Shi L.Chen, Rabeler & Turland",138221,6523,Stellaria pilosoides,,1,,,,,,,
10243,10496,10470,Tsui & P.Ke,317390,6523,Stellaria salicifolia,,1,,,,,,,
10243,10496,10470,F.N.Williams,321966,6523,Stellaria souliei,,1,,,,,,,
10243,10496,10470,Bunge,70530,6523,Stellaria irrigua,,1,,,,,,,
10243,10496,10470,F.N.Williams,321967,6523,Stellaria uda,,1,,,,,,,
10243,10496,10470,Bunge,70530,6523,Stellaria irrigua,,1,,,,,,,
10243,10496,10470,Kurz,42804,6523,Stellaria vestita,,1,,,,,,,
10243,10496,10470,(F.N.Williams) M.T.Sharples & E.A.Tripp,460796,20118,Nubelaria wushanensis,,1,,,,,,,
10243,10496,10470,Franch.,107545,6523,Stellaria yunnanensis,,1,,,,,,,
10243,10496,10470,L.,102591,6525,Stellera chamaejasme,,1,,,,,,,
10243,10496,10470,Hayata ex H.L. Li,42807,6525,Stellera formosana,,1,,,,,,,
10243,10496,10470,(L.) Holub,448212,10896,Leuzea uniflora,,1,,,,,,,
10243,10496,10470,(Blume) Miq.,152217,6528,Stemona japonica,,1,,,,,,,
10243,10496,10470,(H.Lév.) K.Krause,212386,6528,Stemona mairei,,1,,,,,,,
10243,10496,10470,C.H.Wright,42815,6528,Stemona parviflora,,1,,,,,,,
10243,10496,10470,(Miq.) Miq.,152216,6528,Stemona sessilifolia,,1,,,,,,,
10243,10496,10470,Lour.,42816,6528,Stemona tuberosa,,1,,,,,,,
10243,10496,10470,(DC.) N.Kilian,449873,16780,Melanoseris graciliflora,,1,,,,,,,
10243,10496,10470,(DC.) N.Kilian,449873,16780,Melanoseris graciliflora,,1,,,,,,,
10243,10496,10470,(Pall.) Turcz.,315969,15081,Stenosolenium saxatile,,1,,,,,,,
10243,10496,10470,Keng,227868,14340,Stephanachne nigrescens,,1,,,,,,,
10243,10496,10470,(Hack.) Roshev.,457734,20472,Pappagrostis pappophorea,,1,,,,,,,
10243,10496,10470,(Kuntze) S.H.Oh,452797,11658,Neillia hanceana,,1,,,,,,,
10243,10496,10470,(Thunb.) S.H.Oh,442682,11658,Neillia incisa,,1,,,,,,,
10243,10496,10470,Hayata,290794,6549,Stephania cephalantha,,1,,,,,,,
10243,10496,10470,Diels,122693,6549,Stephania delavayi,,1,,,,,,,
10243,10496,10470,S.Y.Zhao & H.S.Lo,321968,6549,Stephania ebracteata,,1,,,,,,,
10243,10496,10470,H.S.Lo,318445,6549,Stephania epigaea,,1,,,,,,,
10243,10496,10470,H.S.Lo,317392,6549,Stephania excentrica,,1,,,,,,,
10243,10496,10470,Gagnep.,318446,6549,Stephania herbacea,,1,,,,,,,
10243,10496,10470,(Thunb.) Miers,42956,6549,Stephania japonica,,1,,,,,,,
10243,10496,10470,(Thunb.) Miers,42956,6549,Stephania japonica,,1,,,,,,,
10243,10496,10470,H.S.Lo,319646,6549,Stephania kwangsiensis,,1,,,,,,,
10243,10496,10470,Lour.,42957,6549,Stephania longa,,1,,,,,,,
10243,10496,10470,S.Y.Zhao & H.S.Lo,321969,6549,Stephania miyiensis,,1,,,,,,,
10243,10496,10470,Diels,42958,6549,Stephania sinica,,1,,,,,,,
10243,10496,10470,H.S.Lo,319649,6549,Stephania subpeltata,,1,,,,,,,
10243,10496,10470,H.S.Lo,321970,6549,Stephania sutchuenensis,,1,,,,,,,
10243,10496,10470,S.Moore,42960,6549,Stephania tetrandra,,1,,,,,,,
10243,10496,10470,H.S.Lo,321971,6549,Stephania yunnanensis,,1,,,,,,,
10243,10496,10470,Roxb.,122695,6552,Sterculia lanceifolia,,1,,,,,,,
10243,10496,10470,Cav.,42982,6552,Sterculia lanceolata,,1,,,,,,,
10243,10496,10470,K.Koch,123399,11611,Steudnera colocasiifolia,,1,,,,,,,
10243,10496,10470,(S.Z.Yan) J.Li & T.L.Ming,321972,6559,Stewartia sichuanensis,,1,,,,,,,
10243,10496,10470,Rehder & E.H.Wilson,152273,6559,Stewartia sinensis,,1,,,,,,,
10243,10496,10470,Keng,152284,6568,Stipa aliena,,1,,,,,,,
10243,10496,10470,Roshev.,152285,6568,Stipa baicalensis,,1,,,,,,,
10243,10496,10470,Griseb.,70864,6568,Stipa breviflora,,1,,,,,,,
10243,10496,10470,Trin.,152286,6568,Stipa bungeana,,1,,,,,,,
10243,10496,10470,Keng,70869,6568,Stipa capillacea,,1,,,,,,,
10243,10496,10470,L.,57666,6568,Stipa capillata,,1,,,,,,,
10243,10496,10470,Schmalh.,70865,6568,Stipa caucasica,,1,,,,,,,
10243,10496,10470,Hand.-Mazz.,227942,6568,Stipa penicillata,,1,,,,,,,
10243,10496,10470,Roshev.,152291,6568,Stipa przewalskyi,,1,,,,,,,
10243,10496,10470,Griseb.,70873,6568,Stipa purpurea,,1,,,,,,,
10243,10496,10470,Hack.,70874,6568,Stipa regeliana,,1,,,,,,,
10243,10496,10470,A.K.Becker,102133,6568,Stipa sareptana,,1,,,,,,,
10243,10496,10470,(Rupr.) Roshev.,70877,6568,Stipa subsessiliflora,,1,,,,,,,
10243,10496,10470,(Benth.) B.H.Choi & H.Ohashi,445439,3689,Hedysarum tibeticum,,1,,,,,,,
10243,10496,10470,(C.K.Schneid.) Stapf,460859,19389,Pourthiaea amphidoxa,,1,,,,,,,
10243,10496,10470,(Decne.) Cardot,33342,5487,Photinia davidiana,,1,,,,,,,
10243,10496,10470,(Rehder & E.H.Wilson) Stapf,321973,11712,Stranvaesia oblanceolata,,1,,,,,,,
10243,10496,10470,"(T.T.Yu & T.C.Ku) Long Y.Wang, W.Guo & W.B.Liao",461076,19389,Pourthiaea tomentosa,,1,,,,,,,
10243,10496,10470,Edgew.,122700,11713,Streptolirion volubile,,1,,,,,,,
10243,10496,10470,Fassett,214920,6585,Streptopus obtusatus,,1,,,,,,,
10243,10496,10470,Franch.,138228,6585,Streptopus parviflorus,,1,,,,,,,
10243,10496,10470,D.Don,122701,6585,Streptopus simplex,,1,,,,,,,
10243,10496,10470,(L.) Kuntze,43159,6587,Striga asiatica,,1,,,,,,,
10243,10496,10470,(Buch.-Ham. ex Benth.) Benth.,43163,6587,Striga masuria,,1,,,,,,,
10243,10496,10470,(Griff.) Terao ex J.R.I.Wood & J.R.Bennett,123119,6588,Strobilanthes affinis,,1,,,,,,,
10243,10496,10470,(Hance) T.Anderson ex Benth.,43165,6588,Strobilanthes aprica,,1,,,,,,,
10243,10496,10470,Nees,443930,6588,Strobilanthes atropurpurea,,1,,,,,,,
10243,10496,10470,Nees,43166,6588,Strobilanthes auriculata,,1,,,,,,,
10243,10496,10470,(Nees) Nees,123611,6588,Strobilanthes extensa,,1,,,,,,,
10243,10496,10470,(Nees) Kuntze,43169,6588,Strobilanthes cusia,,1,,,,,,,
10243,10496,10470,(W.W.Sm.) Benoist,43170,6588,Strobilanthes dalzielii,,1,,,,,,,
10243,10496,10470,Hance,43171,6588,Strobilanthes dimorphotricha,,1,,,,,,,
10243,10496,10470,(Nees) T.Anderson,443931,6588,Strobilanthes pentastemonoides,,1,,,,,,,
10243,10496,10470,Diels,318449,6588,Strobilanthes forrestii,,1,,,,,,,
10243,10496,10470,Hemsl.,43178,6588,Strobilanthes henryi,,1,,,,,,,
10243,10496,10470,(Thunb.) Miq.,316938,6588,Strobilanthes japonica,,1,,,,,,,
10243,10496,10470,(Nees) T.Anderson,317877,6588,Strobilanthes lamiifolia,,1,,,,,,,
10243,10496,10470,Hemsl.,43178,6588,Strobilanthes henryi,,1,,,,,,,
10243,10496,10470,Benoist,319848,6588,Strobilanthes nemorosa,,1,,,,,,,
10243,10496,10470,Miq.,460553,6588,Strobilanthes oligantha,,1,,,,,,,
10243,10496,10470,W.W.Sm.,121825,6588,Strobilanthes oresbia,,1,,,,,,,
10243,10496,10470,(Nees) T.Anderson,443931,6588,Strobilanthes pentastemonoides,,1,,,,,,,
10243,10496,10470,(Champ.) Druce,442707,6588,Strobilanthes tetrasperma,,1,,,,,,,
10243,10496,10470,J.R.I.Wood,319849,6588,Strobilanthes tibetica,,1,,,,,,,
10243,10496,10470,Diels,321974,6588,Strobilanthes versicolor,,1,,,,,,,
10243,10496,10470,Diels,122705,6588,Strobilanthes yunnanensis,,1,,,,,,,
10243,10496,10470,Christ,152314,1730,Blechnum eburneum,,1,,,,,,,
10243,10496,10470,(Oliv.) Fedde,318451,11979,Stylophorum lasiocarpum,,1,,,,,,,
10243,10496,10470,(Lour.) G.Don,43262,6609,Styrax agrestis,,1,,,,,,,
10243,10496,10470,Hemsl.,43264,6609,Styrax confusus,,1,,,,,,,
10243,10496,10470,Hance,429014,6609,Styrax fortunei,,1,,,,,,,
10243,10496,10470,Perkins,43267,6609,Styrax faberi,,1,,,,,,,
10243,10496,10470,Diels,152394,6609,Styrax hemsleyanus,,1,,,,,,,
10243,10496,10470,Diels,152394,6609,Styrax hemsleyanus,,1,,,,,,,
10243,10496,10470,Siebold & Zucc.,43272,6609,Styrax japonicus,,1,,,,,,,
10243,10496,10470,Lingelsh. & Borza,321975,6609,Styrax limprichtii,,1,,,,,,,
10243,10496,10470,C.B.Clarke,122707,6609,Styrax hookeri,,1,,,,,,,
10243,10496,10470,Siebold & Zucc.,450140,6609,Styrax obassia,,1,,,,,,,
10243,10496,10470,Champ. ex Benth.,43275,6609,Styrax odoratissimus,,1,,,,,,,
10243,10496,10470,C.B.Clarke,122707,6609,Styrax hookeri,,1,,,,,,,
10243,10496,10470,C.B.Clarke,122707,6609,Styrax hookeri,,1,,,,,,,
10243,10496,10470,Kurz,123405,6609,Styrax rugosus,,1,,,,,,,
10243,10496,10470,Hook. & Arn.,43279,6609,Styrax suberifolius,,1,,,,,,,
10243,10496,10470,(Pierre) Craib ex Hartwich,43280,6609,Styrax tonkinensis,,1,,,,,,,
10243,10496,10470,Rehder,318759,6609,Styrax wilsonii,,1,,,,,,,
10243,10496,10470,"J.J.Verm., Schuit. & de Vogel",433064,1876,Bulbophyllum roseopictum,,1,,,,,,,
10243,10496,10470,T.N.Ho & S.W.Liu,321976,6627,Swertia alba,,1,,,,,,,
10243,10496,10470,Buch.-Ham. ex D.Don,43336,6627,Swertia angustifolia,,1,,,,,,,
10243,10496,10470,Batalin,317878,6627,Swertia bifolia,,1,,,,,,,
10243,10496,10470,(Siebold & Zucc.) Hook.f. & Thomson ex C.B.Clarke,122711,6627,Swertia bimaculata,,1,,,,,,,
10243,10496,10470,J.Shah,84274,6627,Swertia brownii,,1,,,,,,,
10243,10496,10470,Burkill,138234,6627,Swertia cincta,,1,,,,,,,
10243,10496,10470,Franch.,318452,6627,Swertia davidii,,1,,,,,,,
10243,10496,10470,Franch.,321978,6627,Swertia decora,,1,,,,,,,
10243,10496,10470,Franch.,321979,6627,Swertia delavayi,,1,,,,,,,
10243,10496,10470,L.,102609,6627,Swertia dichotoma,,1,,,,,,,
10243,10496,10470,(Turcz.) Benth. & Hook.f.,315198,6627,Swertia diluta,,1,,,,,,,
10243,10496,10470,Harry Sm.,321980,6627,Swertia elata,,1,,,,,,,
10243,10496,10470,Maxim.,315199,6627,Swertia erythrosticta,,1,,,,,,,
10243,10496,10470,Harry Sm.,321981,6627,Swertia forrestii,,1,,,,,,,
10243,10496,10470,Harry Sm.,321982,6627,Swertia franchetiana,,1,,,,,,,
10243,10496,10470,Franch.,318453,6627,Swertia kouitchensis,,1,,,,,,,
10243,10496,10470,(C.B.Clarke) C.B.Clarke,43340,6627,Swertia macrosperma,,1,,,,,,,
10243,10496,10470,Schrenk,152431,6627,Swertia marginata,,1,,,,,,,
10243,10496,10470,Franch.,321983,6627,Swertia mussotii,,1,,,,,,,
10243,10496,10470,(G.Don) Wall. ex C.B.Clarke,138237,6627,Swertia nervosa,,1,,,,,,,
10243,10496,10470,Hemsl.,318454,6627,Swertia oculata,,1,,,,,,,
10243,10496,10470,Burkill,321984,6627,Swertia patens,,1,,,,,,,
10243,10496,10470,Harry Sm.,321985,6627,Swertia patula,,1,,,,,,,
10243,10496,10470,Pissjauk.,321986,6627,Swertia przewalskii,,1,,,,,,,
10243,10496,10470,H.Hara,124441,6627,Swertia pseudochinensis,,1,,,,,,,
10243,10496,10470,Hemsl.,138239,6627,Swertia punicea,,1,,,,,,,
10243,10496,10470,T.N.Ho & S.W.Liu,321987,6627,Swertia rosularis,,1,,,,,,,
10243,10496,10470,T.N.Ho & S.W.Liu,317670,6627,Swertia rotundiglandula,,1,,,,,,,
10243,10496,10470,T.N.Ho & S.W.Liu,321988,6627,Swertia scapiformis,,1,,,,,,,
10243,10496,10470,Burkill,321989,6627,Swertia souliei,,1,,,,,,,
10243,10496,10470,T.N.Ho & S.W.Liu,138240,6627,Swertia tenuis,,1,,,,,,,
10243,10496,10470,"(Maxim.) T.N.Ho, S.W.Liu & J.Q.Liu",460814,20532,Sinoswertia tetraptera,,1,,,,,,,
10243,10496,10470,Batalin,321990,6627,Swertia tibetica,,1,,,,,,,
10243,10496,10470,Grüning,316682,6627,Swertia wolfgangiana,,1,,,,,,,
10243,10496,10470,Burkill,319665,6627,Swertia yunnanensis,,1,,,,,,,
10243,10496,10470,Oliv.,43357,6631,Sycopsis sinensis,,1,,,,,,,
10243,10496,10470,H.T.Chang,317398,6631,Sycopsis triplinervia,,1,,,,,,,
10243,10496,10470,Bunge,152450,13412,Sympegma regelii,,1,,,,,,,
10243,10496,10470,Rehder,318455,6634,Symphoricarpos sinensis,,1,,,,,,,
10243,10496,10470,Wall. ex G.Don,43401,6639,Symplocos adenophylla,,1,,,,,,,
10243,10496,10470,Hance,43402,6639,Symplocos adenopus,,1,,,,,,,
10243,10496,10470,Brand,43403,6639,Symplocos anomala,,1,,,,,,,
10243,10496,10470,(Lour.) S.Moore,43414,6639,Symplocos cochinchinensis,,1,,,,,,,
10243,10496,10470,C.B.Clarke,122715,6639,Symplocos dryophila,,1,,,,,,,
10243,10496,10470,Brand,43424,6639,Symplocos glandulifera,,1,,,,,,,
10243,10496,10470,(Thunb.) Koidz.,43425,6639,Symplocos glauca,,1,,,,,,,
10243,10496,10470,King ex C.B.Clarke,122716,6639,Symplocos glomerata,,1,,,,,,,
10243,10496,10470,Siebold & Zucc.,43434,6639,Symplocos lancifolia,,1,,,,,,,
10243,10496,10470,(Thunb.) Decne.,436310,19389,Pourthiaea villosa,,1,,,,,,,
10243,10496,10470,(Thunb.) Miq.,43451,6639,Symplocos paniculata,,1,,,,,,,
10243,10496,10470,Gontsch.,43456,6639,Symplocos pseudobarberina,,1,,,,,,,
10243,10496,10470,Roxb.,43457,6639,Symplocos racemosa,,1,,,,,,,
10243,10496,10470,Wall. ex G.Don,43458,6639,Symplocos ramosissima,,1,,,,,,,
10243,10496,10470,Brand,43462,6639,Symplocos stellaris,,1,,,,,,,
10243,10496,10470,Wall. ex DC.,152486,6639,Symplocos macrophylla,,1,,,,,,,
10243,10496,10470,Buch.-Ham. ex D.Don,43463,6639,Symplocos sumuntia,,1,,,,,,,
10243,10496,10470,Y.Ling,317672,6639,Symplocos ulotricha,,1,,,,,,,
10243,10496,10470,Brand,43465,6639,Symplocos viridissima,,1,,,,,,,
10243,10496,10470,(Mattf.) Y.Ling,321991,11714,Syncalathium disciforme,,1,,,,,,,
10243,10496,10470,C.Shih,461324,11714,Syncalathium orbiculariforme,,1,,,,,,,
10243,10496,10470,(Mattf.) Y.Ling,321991,11714,Syncalathium disciforme,,1,,,,,,,
10243,10496,10470,(Franch.) N.Kilian,449961,16780,Melanoseris souliei,,1,,,,,,,
10243,10496,10470,(Ling) C.Jeffrey & Y.L.Chen,316801,8157,Synotis atractylidifolia,,1,,,,,,,
10243,10496,10470,(Buch.-Ham. ex D.Don) C.Jeffrey & Y.L.Chen,120891,8157,Synotis cappa,,1,,,,,,,
10243,10496,10470,(H.Lév.) C.Jeffrey & Y.L.Chen,138152,8157,Synotis cavaleriei,,1,,,,,,,
10243,10496,10470,(Dunn) C.Jeffrey & Y.L.Chen,321993,8157,Synotis duclouxii,,1,,,,,,,
10243,10496,10470,(Bureau & Franch.) C.Jeffrey & Y.L.Chen,138154,8157,Synotis erythropappa,,1,,,,,,,
10243,10496,10470,(Franch.) C.Jeffrey & Y.L.Chen,152534,8157,Synotis lucorum,,1,,,,,,,
10243,10496,10470,Y.L.Chen,321994,8157,Synotis muliensis,,1,,,,,,,
10243,10496,10470,(C.B.Clarke) C.Jeffrey & Y.L.Chen,318456,8157,Synotis nagensium,,1,,,,,,,
10243,10496,10470,(Franch.) C.Jeffrey & Y.L.Chen,461325,8157,Synotis setchuenensis,,1,,,,,,,
10243,10496,10470,(Diels) C.Jeffrey & Y.L.Chen,319672,8157,Synotis sinica,,1,,,,,,,
10243,10496,10470,(Hand.-Mazz.) C.Jeffrey & Y.L.Chen,321996,8157,Synotis solidaginea,,1,,,,,,,
10243,10496,10470,(DC.) C.Jeffrey & Y.L.Chen,138503,8157,Synotis tetrantha,,1,,,,,,,
10243,10496,10470,(Aiton) Nakai,152537,13416,Synurus deltoides,,1,,,,,,,
10243,10496,10470,C.K.Schneid.,152538,6651,Syringa komarowii,,1,,,,,,,
10243,10496,10470,W.W.Sm.,152541,6651,Syringa pinetorum,,1,,,,,,,
10243,10496,10470,Lindl.,152539,6651,Syringa oblata,,1,,,,,,,
10243,10496,10470,W.W.Sm.,152541,6651,Syringa pinetorum,,1,,,,,,,
10243,10496,10470,Hemsl.,152542,6651,Syringa pinnatifolia,,1,,,,,,,
10243,10496,10470,Turcz.,126998,6651,Syringa pubescens,,1,,,,,,,
10243,10496,10470,(Blume) H.Hara,43493,6651,Syringa reticulata,,1,,,,,,,
10243,10496,10470,Bureau & Franch.,138250,6651,Syringa tomentella,,1,,,,,,,
10243,10496,10470,Bureau & Franch.,138250,6651,Syringa tomentella,,1,,,,,,,
10243,10496,10470,Vahl,152543,6651,Syringa villosa,,1,,,,,,,
10243,10496,10470,W.W.Sm.,152541,6651,Syringa pinetorum,,1,,,,,,,
10243,10496,10470,Bureau & Franch.,138250,6651,Syringa tomentella,,1,,,,,,,
10243,10496,10470,(Merr. & L.M.Perry) H.T.Chang & R.H.Miao,43519,6654,Syzygium austrosinense,,1,,,,,,,
10243,10496,10470,Hook. & Arn.,43535,6654,Syzygium buxifolium,,1,,,,,,,
10243,10496,10470,(Hance) Merr. & L.M.Perry,198014,6654,Syzygium grijsii,,1,,,,,,,
10243,10496,10470,(Lour.) DC.,43629,6654,Syzygium odoratum,,1,,,,,,,
10243,10496,10470,Merr. & L.M.Perry,43656,6654,Syzygium rehderianum,,1,,,,,,,
10243,10496,10470,H.T.Chang & R.H.Miao,43672,6654,Syzygium sichuanense,,1,,,,,,,
10243,10496,10470,(DC.) H.Ohashi,43795,6659,Tadehagi pseudotriquetrum,,1,,,,,,,
10243,10496,10470,(L.) H.Ohashi,43796,6659,Tadehagi triquetrum,,1,,,,,,,
10243,10496,10470,Blume,43802,6662,Taeniophyllum glandulosum,,1,,,,,,,
10243,10496,10470,Rolfe,43831,6666,Tainia dunnii,,1,,,,,,,
10243,10496,10470,Hook.f.,199939,6666,Tainia macrantha,,1,,,,,,,
10243,10496,10470,Hayata,43837,6667,Taiwania cryptomerioides,,1,,,,,,,
10243,10496,10470,Lour.,43851,6672,Tamarix chinensis,,1,,,,,,,
10243,10496,10470,Ledeb.,43857,6672,Tamarix ramosissima,,1,,,,,,,
10243,10496,10470,Franch. & Sav.,152627,13422,Tanakaea radicans,,1,,,,,,,
10243,10496,10470,(S.C.Chen) X.H.Jin & X.G.Xiang,164372,2122,Cephalanthera nanchuanica,,1,,,,,,,
10243,10496,10470,(C.A.Mey.) Al-Shehbaz & Warwick,152636,3263,Eutrema altaicum,,1,,,,,,,
10243,10496,10470,(Maxim.) Al-Shehbaz & Warwick,321997,3263,Eutrema fontanum,,1,,,,,,,
10243,10496,10470,(Jeffrey & W.W.Sm.) Al-Shehbaz & Warwick,321998,3263,Eutrema verticillatum,,1,,,,,,,
10243,10496,10470,W.C.Cheng & C.D.Chu,293738,11867,Tapiscia yunnanensis,,1,,,,,,,
10243,10496,10470,W.C.Cheng & C.D.Chu,293738,11867,Tapiscia yunnanensis,,1,,,,,,,
10243,10496,10470,Dahlst.,321999,6683,Taraxacum apargiiforme,,1,,,,,,,
10243,10496,10470,(Tausch) Kirschner & tepánek,460337,6683,Taraxacum scariosum,,1,,,,,,,
10243,10496,10470,Kitag.,70631,6683,Taraxacum sinicum,,1,,,,,,,
10243,10496,10470,Dahlst.,322000,6683,Taraxacum calanthodium,,1,,,,,,,
10243,10496,10470,Dahlst.,322001,6683,Taraxacum chionophilum,,1,,,,,,,
10243,10496,10470,Hand.-Mazz.,314980,6683,Taraxacum dealbatum,,1,,,,,,,
10243,10496,10470,DC.,296186,6683,Taraxacum eriopodum,,1,,,,,,,
10243,10496,10470,Soest,322002,6683,Taraxacum glaucophyllum,,1,,,,,,,
10243,10496,10470,Dahlst.,322003,6683,Taraxacum grypodon,,1,,,,,,,
10243,10496,10470,H.Lindberg.,322004,6683,Taraxacum indicum,,1,,,,,,,
10243,10496,10470,Rodin,44080,6683,Taraxacum kok-saghyz,,1,,,,,,,
10243,10496,10470,Dahlst.,322005,6683,Taraxacum lugubre,,1,,,,,,,
10243,10496,10470,Dahlst.,322006,6683,Taraxacum maurocarpum,,1,,,,,,,
10243,10496,10470,Hand.-Mazz.,44123,6683,Taraxacum mongolicum,,1,,,,,,,
10243,10496,10470,Kom.,124345,6683,Taraxacum ussuriense,,1,,,,,,,
10243,10496,10470,DC.,316684,6683,Taraxacum parvulum,,1,,,,,,,
10243,10496,10470,Diels,315134,6683,Taraxacum platypecidum,,1,,,,,,,
10243,10496,10470,Hand.-Mazz.,309671,6683,Taraxacum tibetanum,,1,,,,,,,
10243,10496,10470,F.C.How ex W.C.Chen,199960,6684,Tarenna acutisepala,,1,,,,,,,
10243,10496,10470,Hutch.,200044,6684,Tarenna pubinervis,,1,,,,,,,
10243,10496,10470,(Hook.f.) Tirveng. & Sastre,44278,6685,Tarennoidea wallichii,,1,,,,,,,
10243,10496,10470,(Diels) Danser,44287,6693,Taxillus caloreas,,1,,,,,,,
10243,10496,10470,(DC.) Danser,44288,6693,Taxillus chinensis,,1,,,,,,,
10243,10496,10470,(Tiegh.) Danser,122318,6693,Taxillus delavayi,,1,,,,,,,
10243,10496,10470,(DC.) Danser,317400,6693,Taxillus kaempferi,,1,,,,,,,
10243,10496,10470,(Grüning) H.S.Kiu,44289,6693,Taxillus limprichtii,,1,,,,,,,
10243,10496,10470,(Hance) Danser,44291,6693,Taxillus nigrans,,1,,,,,,,
10243,10496,10470,(Lecomte) Danser,138256,6693,Taxillus sutchuenensis,,1,,,,,,,
10243,10496,10470,(Lecomte) Danser,138257,6693,Taxillus thibetensis,,1,,,,,,,
10243,10496,10470,Zucc.,56730,6695,Taxus wallichiana,,1,,,,,,,
10243,10496,10470,(J.Sm.) C.Chr.,442747,6698,Tectaria coadunata,,1,,,,,,,
10243,10496,10470,(Rosenst.) C.Chr.,44364,6698,Tectaria phaeocaulis,,1,,,,,,,
10243,10496,10470,(Baker) C.Chr.,44333,6698,Tectaria griffithii,,1,,,,,,,
10243,10496,10470,(Burm.f.) Merr.,44416,6710,Telosma cordata,,1,,,,,,,
10243,10496,10470,(B.Nord.) B.Nord.,319850,6390,Sinosenecio changii,,1,,,,,,,
10243,10496,10470,(Turcz. ex DC.) Holub,294546,6713,Tephroseris kirilowii,,1,,,,,,,
10243,10496,10470,(Vaniot) C.Jeffrey & Y.L.Chen,315137,6713,Tephroseris pseudosonchus,,1,,,,,,,
10243,10496,10470,(Hand.-Mazz.) B.Nord.,152702,6713,Tephroseris rufa,,1,,,,,,,
10243,10496,10470,(Cufod.) Holub,322007,6713,Tephroseris stolonifera,,1,,,,,,,
10243,10496,10470,(L.) Pers.,44450,6714,Tephrosia purpurea,,1,,,,,,,
10243,10496,10470,Vogel,44460,6714,Tephrosia vestita,,1,,,,,,,
10243,10496,10470,Retz.,83825,6717,Terminalia chebula,,1,,,,,,,
10243,10496,10470,Gagnep.,310375,6717,Terminalia franchetii,,1,,,,,,,
10243,10496,10470,(Wight & Arn.) Bedd.,44527,6718,Ternstroemia gymnanthera,,1,,,,,,,
10243,10496,10470,Thunb.,10075,2336,Cleyera japonica,,1,,,,,,,
10243,10496,10470,Merr.,44532,6718,Ternstroemia kwangtungensis,,1,,,,,,,
10243,10496,10470,L.K.Ling,319675,6718,Ternstroemia sichuanensis,,1,,,,,,,
10243,10496,10470,Oliv.,122727,11717,Tetracentron sinense,,1,,,,,,,
10243,10496,10470,(Hand.-Mazz.) T.G.Hartley,293758,6723,Tetradium austrosinense,,1,,,,,,,
10243,10496,10470,(Benn.) T.G.Hartley,122728,6723,Tetradium daniellii,,1,,,,,,,
10243,10496,10470,(Champ. ex Benth.) T.G.Hartley,44572,6723,Tetradium glabrifolium,,1,,,,,,,
10243,10496,10470,(A.Juss.) T.G.Hartley,44573,6723,Tetradium ruticarpum,,1,,,,,,,
10243,10496,10470,Lour.,44574,6723,Tetradium trichotomum,,1,,,,,,,
10243,10496,10470,H.Hara,152750,1074,Adoxa omeiensis,,1,,,,,,,
10243,10496,10470,(Hook.) K.Koch,44620,6733,Tetrapanax papyrifer,,1,,,,,,,
10243,10496,10470,Diels & Gilg,44641,6741,Tetrastigma hemsleyanum,,1,,,,,,,
10243,10496,10470,Planch.,138261,6741,Tetrastigma hypoglaucum,,1,,,,,,,
10243,10496,10470,Gagnep.,124033,6741,Tetrastigma obovatum,,1,,,,,,,
10243,10496,10470,(Wall. ex M.A.Lawson) Planch. ex Franch.,44647,6741,Tetrastigma obtectum,,1,,,,,,,
10243,10496,10470,(Roxb.) Planch.,122730,6741,Tetrastigma serrulatum,,1,,,,,,,
10243,10496,10470,C.L.Li,44653,6741,Tetrastigma sichouense,,1,,,,,,,
10243,10496,10470,(Gagnep.) W.T.Wang,123126,6741,Tetrastigma triphyllum,,1,,,,,,,
10243,10496,10470,Hemsl.,44707,6748,Teucrium bidentatum,,1,,,,,,,
10243,10496,10470,Houtt.,44727,6748,Teucrium japonicum,,1,,,,,,,
10243,10496,10470,C.Y.Wu & S.Chow,201385,6748,Teucrium labiosum,,1,,,,,,,
10243,10496,10470,C.Y.Wu & S.Chow,201403,6748,Teucrium nanum,,1,,,,,,,
10243,10496,10470,Y.Z.Sun,201407,6748,Teucrium omeiense,,1,,,,,,,
10243,10496,10470,Franch.,44733,6748,Teucrium pernyi,,1,,,,,,,
10243,10496,10470,C.Du,455901,6748,Teucrium pampaninii,,1,,,,,,,
10243,10496,10470,Maxim.,138263,6748,Teucrium veronicoides,,1,,,,,,,
10243,10496,10470,Blume,44742,6748,Teucrium viscidum,,1,,,,,,,
10243,10496,10470,(Hand.-Mazz.) B.Boivin,316522,6753,Thalictrum acutifolium,,1,,,,,,,
10243,10496,10470,L.,44749,6753,Thalictrum alpinum,,1,,,,,,,
10243,10496,10470,L.,44750,6753,Thalictrum aquilegiifolium,,1,,,,,,,
10243,10496,10470,Finet & Gagnep.,322008,6753,Thalictrum atriplex,,1,,,,,,,
10243,10496,10470,Turcz. ex Regel,152787,6753,Thalictrum baicalense,,1,,,,,,,
10243,10496,10470,W.T.Wang & S.H.Wang,322009,6753,Thalictrum brevisericeum,,1,,,,,,,
10243,10496,10470,H.Lév.,322010,6753,Thalictrum cirrhosum,,1,,,,,,,
10243,10496,10470,Wall.,68837,6753,Thalictrum cultratum,,1,,,,,,,
10243,10496,10470,Franch.,44752,6753,Thalictrum delavayi,,1,,,,,,,
10243,10496,10470,Wall. ex Royle,138264,6753,Thalictrum elegans,,1,,,,,,,
10243,10496,10470,Franch. ex Finet & Gagnep.,317402,6753,Thalictrum fargesii,,1,,,,,,,
10243,10496,10470,B.Boivin,138265,6753,Thalictrum finetii,,1,,,,,,,
10243,10496,10470,L.,57678,6753,Thalictrum foetidum,,1,,,,,,,
10243,10496,10470,DC.,56586,6753,Thalictrum foliolosum,,1,,,,,,,
10243,10496,10470,S.Moore,152789,6753,Thalictrum fortunei,,1,,,,,,,
10243,10496,10470,(Finet & Gagnep.) W.T.Wang & S.H.Wang,322011,6753,Thalictrum glandulosissimum,,1,,,,,,,
10243,10496,10470,W.T.Wang & S.H.Wang,322012,6753,Thalictrum grandidentatum,,1,,,,,,,
10243,10496,10470,Lecoy. ex Oliv.,315254,6753,Thalictrum ichangense,,1,,,,,,,
10243,10496,10470,Blume,44756,6753,Thalictrum javanicum,,1,,,,,,,
10243,10496,10470,Franch.,442789,6753,Thalictrum lecoyeri,,1,,,,,,,
10243,10496,10470,Franch.,322013,6753,Thalictrum leuconotum,,1,,,,,,,
10243,10496,10470,Maxim.,460441,6753,Thalictrum hamatum,,1,,,,,,,
10243,10496,10470,Lecoy. ex Oliv.,138266,6753,Thalictrum microgynum,,1,,,,,,,
10243,10496,10470,L.,44757,6753,Thalictrum minus,,1,,,,,,,
10243,10496,10470,Maxim.,322014,6753,Thalictrum oligandrum,,1,,,,,,,
10243,10496,10470,W.T.Wang & S.H.Wang,322015,6753,Thalictrum omeiense,,1,,,,,,,
10243,10496,10470,Finet & Gagnep.,318457,6753,Thalictrum osmundifolium,,1,,,,,,,
10243,10496,10470,L.,152790,6753,Thalictrum petaloideum,,1,,,,,,,
10243,10496,10470,Maxim.,314184,6753,Thalictrum przewalskii,,1,,,,,,,
10243,10496,10470,B.Boivin,317879,6753,Thalictrum ramosum,,1,,,,,,,
10243,10496,10470,Franch.,322016,6753,Thalictrum reticulatum,,1,,,,,,,
10243,10496,10470,Maxim.,317403,6753,Thalictrum robustum,,1,,,,,,,
10243,10496,10470,Hook.f. & Thomson,138267,6753,Thalictrum rostellatum,,1,,,,,,,
10243,10496,10470,Hook.f. & Thomson,71077,6753,Thalictrum rutifolium,,1,,,,,,,
10243,10496,10470,Franch.,152791,6753,Thalictrum scabrifolium,,1,,,,,,,
10243,10496,10470,L.,57680,6753,Thalictrum simplex,,1,,,,,,,
10243,10496,10470,B.Boivin,322017,6753,Thalictrum smithii,,1,,,,,,,
10243,10496,10470,Turcz. ex Fisch. & C.A.Mey.,77571,6753,Thalictrum sparsiflorum,,1,,,,,,,
10243,10496,10470,Lecoy.,316523,6753,Thalictrum squamiferum,,1,,,,,,,
10243,10496,10470,Stephan ex Willd.,152792,6753,Thalictrum squarrosum,,1,,,,,,,
10243,10496,10470,Franch.,316363,6753,Thalictrum tenue,,1,,,,,,,
10243,10496,10470,Franch.,322018,6753,Thalictrum trichopus,,1,,,,,,,
10243,10496,10470,Maxim.,138268,6753,Thalictrum uncatum,,1,,,,,,,
10243,10496,10470,Franch.,317880,6753,Thalictrum uncinulatum,,1,,,,,,,
10243,10496,10470,Hook.f. & Thomson,138506,6753,Thalictrum virgatum,,1,,,,,,,
10243,10496,10470,Franch.,201479,6760,Theligonum macranthum,,1,,,,,,,
10243,10496,10470,Schott,44901,6763,Thelypteris palustris,,1,,,,,,,
10243,10496,10470,(Nees ex Steud.) Hack.,56573,6764,Themeda anathera,,1,,,,,,,
10243,10496,10470,(Roxb.) A.Camus,44946,6764,Themeda arundinacea,,1,,,,,,,
10243,10496,10470,(Nees ex Hook. & Arn.) A.Camus,44947,6764,Themeda caudata,,1,,,,,,,
10243,10496,10470,(Griseb.) A.Camus,138507,6764,Themeda hookeri,,1,,,,,,,
10243,10496,10470,L.Liu,227989,6764,Themeda minor,,1,,,,,,,
10243,10496,10470,Forssk.,44949,6764,Themeda triandra,,1,,,,,,,
10243,10496,10470,(Lam.) A.Camus,44950,6764,Themeda villosa,,1,,,,,,,
10243,10496,10470,(Pall.) Ledeb.,102576,6767,Thermopsis alpina,,1,,,,,,,
10243,10496,10470,Benth.,80010,6767,Thermopsis barbata,,1,,,,,,,
10243,10496,10470,Benth. ex S.Moore,44956,6767,Thermopsis chinensis,,1,,,,,,,
10243,10496,10470,R.Br.,152801,6767,Thermopsis lanceolata,,1,,,,,,,
10243,10496,10470,R.Br.,152801,6767,Thermopsis lanceolata,,1,,,,,,,
10243,10496,10470,E.Peter,322019,6767,Thermopsis smithiana,,1,,,,,,,
10243,10496,10470,Turcz.,44962,6769,Thesium chinense,,1,,,,,,,
10243,10496,10470,Hendrych,138269,6769,Thesium emodi,,1,,,,,,,
10243,10496,10470,Royle ex Edgew.,71124,6769,Thesium himalense,,1,,,,,,,
10243,10496,10470,Hand.-Mazz.,316525,6769,Thesium longiflorum,,1,,,,,,,
10243,10496,10470,Turcz.,316037,6769,Thesium longifolium,,1,,,,,,,
10243,10496,10470,Hendrych,322020,6769,Thesium ramosoides,,1,,,,,,,
10243,10496,10470,C.A.Mey.,44973,6769,Thesium refractum,,1,,,,,,,
10243,10496,10470,Cogn.,319851,6773,Thladiantha capitata,,1,,,,,,,
10243,10496,10470,A.M.Lu & Zhi Y.Zhang,322021,6773,Thladiantha lijiangensis,,1,,,,,,,
10243,10496,10470,(Blume) Cogn.,44994,6773,Thladiantha cordifolia,,1,,,,,,,
10243,10496,10470,Franch.,452819,6773,Thladiantha davidi,,1,,,,,,,
10243,10496,10470,Cogn.,317404,6773,Thladiantha dentata,,1,,,,,,,
10243,10496,10470,Bunge,121832,6773,Thladiantha dubia,,1,,,,,,,
10243,10496,10470,(Blume) Cogn.,44994,6773,Thladiantha cordifolia,,1,,,,,,,
10243,10496,10470,A.M.Lu & Zhi Y.Zhang,138270,6773,Thladiantha grandisepala,,1,,,,,,,
10243,10496,10470,Hemsl.,317405,6773,Thladiantha henryi,,1,,,,,,,
10243,10496,10470,C.B.Clarke,122734,6773,Thladiantha hookeri,,1,,,,,,,
10243,10496,10470,A.M.Lu & Zhi Y.Zhang,322021,6773,Thladiantha lijiangensis,,1,,,,,,,
10243,10496,10470,Cogn. ex Oliv.,317517,6773,Thladiantha maculata,,1,,,,,,,
10243,10496,10470,Cogn.,138271,6773,Thladiantha montana,,1,,,,,,,
10243,10496,10470,Hemsl.,44995,6773,Thladiantha nudiflora,,1,,,,,,,
10243,10496,10470,Cogn. ex Oliv.,318458,6773,Thladiantha oliveri,,1,,,,,,,
10243,10496,10470,Hayata,44996,6773,Thladiantha punctata,,1,,,,,,,
10243,10496,10470,(H.Lév.) C.Jeffrey ex A.M.Lu & Zhi Y.Zhang,318459,6773,Thladiantha pustulata,,1,,,,,,,
10243,10496,10470,Hand.-Mazz.,322022,6773,Thladiantha sessilifolia,,1,,,,,,,
10243,10496,10470,A.M.Lu & Zhi Y.Zhang,322023,6773,Thladiantha setispina,,1,,,,,,,
10243,10496,10470,Cogn.,44997,6773,Thladiantha villosula,,1,,,,,,,
10243,10496,10470,L.,44999,6774,Thlaspi arvense,,1,,,,,,,
10243,10496,10470,(O.E.Schulz) Al-Shehbaz,461326,5005,Noccaea flagellifera,,1,,,,,,,
10243,10496,10470,(Franch.) Al-Shehbaz,322025,5005,Noccaea yunnanensis,,1,,,,,,,
10243,10496,10470,(Miq.) Benth.,27752,4530,Mapania sumatrana,,1,,,,,,,
10243,10496,10470,(Miq.) Rchb.f.,45052,6783,Thrixspermum japonicum,,1,,,,,,,
10243,10496,10470,Franch.,222747,6786,Thuja sutchuenensis,,1,,,,,,,
10243,10496,10470,Roxb.,45073,6787,Thunbergia fragrans,,1,,,,,,,
10243,10496,10470,T.Anderson,45077,6787,Thunbergia lutea,,1,,,,,,,
10243,10496,10470,(Lindl.) Rchb.f.,120901,11614,Thunia alba,,1,,,,,,,
10243,10496,10470,(Cambess.) Schischk.,70535,9149,Thylacospermum caespitosum,,1,,,,,,,
10243,10496,10470,Hance,45109,6796,Thyrocarpus sampsonii,,1,,,,,,,
10243,10496,10470,(Roxb. ex Hornem.) Honda,45116,6800,Thysanolaena latifolia,,1,,,,,,,
10243,10496,10470,D.Don,45121,6802,Tiarella polyphylla,,1,,,,,,,
10243,10496,10470,(Ali) P.C.Li,322026,12489,Tibetia forrestii,,1,,,,,,,
10243,10496,10470,(Baker) H.P.Tsui,138414,12489,Tibetia himalaica,,1,,,,,,,
10243,10496,10470,(Ulbr.) H.P.Tsui,322027,12489,Tibetia tongolensis,,1,,,,,,,
10243,10496,10470,(Franch.) H.P.Tsui,322028,12489,Tibetia yunnanensis,,1,,,,,,,
10243,10496,10470,Maxim.,138272,6807,Tilia chinensis,,1,,,,,,,
10243,10496,10470,Maxim.,138272,6807,Tilia chinensis,,1,,,,,,,
10243,10496,10470,Hu,318761,6807,Tilia kueichouensis,,1,,,,,,,
10243,10496,10470,Maxim.,152876,6807,Tilia miqueliana,,1,,,,,,,
10243,10496,10470,Rehder & E.H.Wilson,318053,6807,Tilia nobilis,,1,,,,,,,
10243,10496,10470,Szyszyl.,152879,6807,Tilia oliveri,,1,,,,,,,
10243,10496,10470,Maxim.,138273,6807,Tilia paucicostata,,1,,,,,,,
10243,10496,10470,Szyszyl.,152872,6807,Tilia tuan,,1,,,,,,,
10243,10496,10470,Fisch. & C.A.Mey.,11489,2537,Crassula schimperi,,1,,,,,,,
10243,10496,10470,(Oliv.) Gagnep.,45221,6815,Tinospora sagittata,,1,,,,,,,
10243,10496,10470,Schltr.,201977,11982,Tipularia szechuanica,,1,,,,,,,
10243,10496,10470,"(L.) Appelhans, Groppo & J.Wen",442831,7196,Zanthoxylum asiaticum,,1,,,,,,,
10243,10496,10470,Bureau & Franch.,138274,6826,Tofieldia divergens,,1,,,,,,,
10243,10496,10470,Franch.,212589,6826,Tofieldia thibetica,,1,,,,,,,
10243,10496,10470,(H.Boissieu) H.Wolff,316364,12357,Tongoloa dunnii,,1,,,,,,,
10243,10496,10470,H.Wolff,317675,12357,Tongoloa elata,,1,,,,,,,
10243,10496,10470,H.Wolff,322029,12357,Tongoloa gracilis,,1,,,,,,,
10243,10496,10470,(Franch.) H.Wolff,319852,12357,Tongoloa loloensis,,1,,,,,,,
10243,10496,10470,H.Wolff,322030,12357,Tongoloa pauciradiata,,1,,,,,,,
10243,10496,10470,S.L.Liu,322031,12357,Tongoloa rubronervis,,1,,,,,,,
10243,10496,10470,(H.Boissieu) H.Wolff,134403,12357,Tongoloa silaifolia,,1,,,,,,,
10243,10496,10470,(H.Boissieu) H.Wolff,322032,12357,Tongoloa taeniophylla,,1,,,,,,,
10243,10496,10470,H.Wolff,322033,12357,Tongoloa tenuifolia,,1,,,,,,,
10243,10496,10470,M.Roem.,45306,6833,Toona ciliata,,1,,,,,,,
10243,10496,10470,A.Chev.,290854,6833,Toona fargesii,,1,,,,,,,
10243,10496,10470,(Juss.) M.Roem.,45307,6833,Toona sinensis,,1,,,,,,,
10243,10496,10470,L.,45313,6835,Torenia asiatica,,1,,,,,,,
10243,10496,10470,Roxb.,138275,6835,Torenia cordifolia,,1,,,,,,,
10243,10496,10470,Buch.-Ham. ex Benth.,45317,6835,Torenia flava,,1,,,,,,,
10243,10496,10470,(Azaola ex Blanco) Pennell,84055,6835,Torenia violacea,,1,,,,,,,
10243,10496,10470,Oliv.,138276,12482,Toricellia angulata,,1,,,,,,,
10243,10496,10470,DC.,322034,12482,Toricellia tiliifolia,,1,,,,,,,
10243,10496,10470,(Houtt.) DC.,45323,6836,Torilis japonica,,1,,,,,,,
10243,10496,10470,(Thunb.) DC.,45327,6836,Torilis scabra,,1,,,,,,,
10243,10496,10470,Franch.,164301,6840,Torreya fargesii,,1,,,,,,,
10243,10496,10470,C.Y.Wu,319684,6849,Toxicodendron calcicola,,1,,,,,,,
10243,10496,10470,(Franch.) F.A.Barkley,322035,6849,Toxicodendron delavayi,,1,,,,,,,
10243,10496,10470,C.Y.Wu,322036,6849,Toxicodendron hirtellum,,1,,,,,,,
10243,10496,10470,(L.) Kuntze,45381,6849,Toxicodendron radicans,,1,,,,,,,
10243,10496,10470,(L.) Kuntze,45382,6849,Toxicodendron succedaneum,,1,,,,,,,
10243,10496,10470,(Siebold & Zucc.) Kuntze,45383,6849,Toxicodendron sylvestre,,1,,,,,,,
10243,10496,10470,(Miq.) Kuntze,45384,6849,Toxicodendron trichocarpum,,1,,,,,,,
10243,10496,10470,(Stokes) F.A.Barkley,124427,6849,Toxicodendron vernicifluum,,1,,,,,,,
10243,10496,10470,(Hook.f.) Kuntze,79889,6849,Toxicodendron wallichii,,1,,,,,,,
10243,10496,10470,C.Y.Wu,322037,6849,Toxicodendron yunnanense,,1,,,,,,,
10243,10496,10470,(Blume) Decne.,45392,6851,Toxocarpus villosus,,1,,,,,,,
10243,10496,10470,Hook. & Arn.,45393,6851,Toxocarpus wightianus,,1,,,,,,,
10243,10496,10470,(Siebold & Zucc.) Nakai,45396,6853,Trachelospermum asiaticum,,1,,,,,,,
10243,10496,10470,Hook.f.,122735,6853,Trachelospermum axillare,,1,,,,,,,
10243,10496,10470,(D.Don) K.Schum.,121416,6853,Trachelospermum lucidum,,1,,,,,,,
10243,10496,10470,Hand.-Mazz.,201986,6853,Trachelospermum brevistylum,,1,,,,,,,
10243,10496,10470,(H.Lév.) H.Lév.,201987,6853,Trachelospermum dunnii,,1,,,,,,,
10243,10496,10470,(Lindl.) Lem.,45398,6853,Trachelospermum jasminoides,,1,,,,,,,
10243,10496,10470,(Hook.) H.Wendl.,45400,6855,Trachycarpus fortunei,,1,,,,,,,
10243,10496,10470,Lindl.,322038,12360,Trachydium roylei,,1,,,,,,,
10243,10496,10470,C.B.Clarke ex H.Wolff,322039,12360,Trachydium subnudum,,1,,,,,,,
10243,10496,10470,H.Wolff,138282,12360,Trachydium tibetanicum,,1,,,,,,,
10243,10496,10470,(Franch.) H.Wolff ex Hand.-Mazz.,138283,6859,Trachyspermum scaberulum,,1,,,,,,,
10243,10496,10470,H.Wolff,322040,6859,Trachyspermum triradiatum,,1,,,,,,,
10243,10496,10470,L.,45440,6864,Tragopogon porrifolius,,1,,,,,,,
10243,10496,10470,Schult.,45444,6865,Tragus berteronianus,,1,,,,,,,
10243,10496,10470,W.W.Sm. & Forrest,202073,14121,Trailliaedoxa gracilis,,1,,,,,,,
10243,10496,10470,Siebold & Zucc.,152949,6866,Trapa incisa,,1,,,,,,,
10243,10496,10470,L.,45446,6866,Trapa natans,,1,,,,,,,
10243,10496,10470,(Planch.) Blume,442865,6870,Trema angustifolium,,1,,,,,,,
10243,10496,10470,Lour.,45453,6870,Trema cannabina,,1,,,,,,,
10243,10496,10470,Hand.-Mazz.,451539,6870,Trema levigatum,,1,,,,,,,
10243,10496,10470,C.J.Chen,458226,6870,Trema nitidum,,1,,,,,,,
10243,10496,10470,(L.) Blume,442868,6870,Trema orientale,,1,,,,,,,
10243,10496,10470,Mich.Möller & A.Weber,322041,5133,Oreocharis pankaiyuae,,1,,,,,,,
10243,10496,10470,Mich.Möller & A.Weber,461327,5133,Oreocharis craibii,,1,,,,,,,
10243,10496,10470,H.Lév.,461328,5133,Oreocharis mairei,,1,,,,,,,
10243,10496,10470,(K.Y.Pan) Mich.Möller & A.Weber,322044,5133,Oreocharis obliquifolia,,1,,,,,,,
10243,10496,10470,(K.Y.Pan) Mich.Möller & A.Weber,322045,5133,Oreocharis urceolata,,1,,,,,,,
10243,10496,10470,L.,45479,6879,Tribulus cistoides,,1,,,,,,,
10243,10496,10470,L.,45481,6879,Tribulus terrestris,,1,,,,,,,
10243,10496,10470,D.Y.Hong,211065,7471,Tricarpelema chinense,,1,,,,,,,
10243,10496,10470,(D.Don) Ching,231441,6892,Tricholepidium normale,,1,,,,,,,
10243,10496,10470,(Kük.) T.V.Egorova,211073,6895,Trichophorum distigmaticum,,1,,,,,,,
10243,10496,10470,(Thwaites & Hook.) D.A.Simpson,45599,6895,Trichophorum subcapitatum,,1,,,,,,,
10243,10496,10470,Lour.,45619,6900,Trichosanthes pilosa,,1,,,,,,,
10243,10496,10470,Lour.,45619,6900,Trichosanthes pilosa,,1,,,,,,,
10243,10496,10470,H.Lév.,45611,6900,Trichosanthes dunniana,,1,,,,,,,
10243,10496,10470,C.H.Yueh,317882,6900,Trichosanthes jinggangshanica,,1,,,,,,,
10243,10496,10470,Maxim.,45615,6900,Trichosanthes kirilowii,,1,,,,,,,
10243,10496,10470,Hayata,45616,6900,Trichosanthes laceribractea,,1,,,,,,,
10243,10496,10470,Harms,45621,6900,Trichosanthes rosthornii,,1,,,,,,,
10243,10496,10470,(Ser.) Wight,45623,6900,Trichosanthes wallichiana,,1,,,,,,,
10243,10496,10470,Maxim.,153024,6908,Tricyrtis latifolia,,1,,,,,,,
10243,10496,10470,Miq.,124358,6908,Tricyrtis macropoda,,1,,,,,,,
10243,10496,10470,(D.Don) J.F.Macbr.,138286,6908,Tricyrtis maculata,,1,,,,,,,
10243,10496,10470,L.,45647,6910,Tridax procumbens,,1,,,,,,,
10243,10496,10470,(Hemsl.) Staples,137857,6912,Tridynamia sinensis,,1,,,,,,,
10243,10496,10470,L.,45746,6916,Triglochin maritima,,1,,,,,,,
10243,10496,10470,L.,45750,6916,Triglochin palustris,,1,,,,,,,
10243,10496,10470,Benth.,70966,6917,Trigonella emodi,,1,,,,,,,
10243,10496,10470,irj.,80011,4588,Medicago edgeworthii,,1,,,,,,,
10243,10496,10470,C.J.Wang,322046,6922,Trigonotis barkamensis,,1,,,,,,,
10243,10496,10470,(H.Lév.) Hand.-Mazz.,318461,6922,Trigonotis cavaleriei,,1,,,,,,,
10243,10496,10470,I.M.Johnst.,319854,6922,Trigonotis compressa,,1,,,,,,,
10243,10496,10470,C.J.Wang,322047,6922,Trigonotis corispermoides,,1,,,,,,,
10243,10496,10470,Hand.-Mazz.,322048,6922,Trigonotis delicatula,,1,,,,,,,
10243,10496,10470,I.M.Johnst.,317407,6922,Trigonotis floribunda,,1,,,,,,,
10243,10496,10470,Brand,319855,6922,Trigonotis giraldii,,1,,,,,,,
10243,10496,10470,I.M.Johnst.,138287,6922,Trigonotis gracilipes,,1,,,,,,,
10243,10496,10470,R.R.Mill,322049,6922,Trigonotis harrysmithii,,1,,,,,,,
10243,10496,10470,Hand.-Mazz.,322050,6922,Trigonotis heliotropifolia,,1,,,,,,,
10243,10496,10470,I.M.Johnst.,317408,6922,Trigonotis laxa,,1,,,,,,,
10243,10496,10470,W.T.Wang,322051,6922,Trigonotis leucantha,,1,,,,,,,
10243,10496,10470,W.T.Wang,322052,6922,Trigonotis longipes,,1,,,,,,,
10243,10496,10470,W.T.Wang,322053,6922,Trigonotis longiramosa,,1,,,,,,,
10243,10496,10470,Vaniot,318762,6922,Trigonotis macrophylla,,1,,,,,,,
10243,10496,10470,(H.Lév.) I.M.Johnst.,317409,6922,Trigonotis mairei,,1,,,,,,,
10243,10496,10470,(DC.) Benth. ex C.B.Clarke,138288,6922,Trigonotis microcarpa,,1,,,,,,,
10243,10496,10470,W.T.Wang,322054,6922,Trigonotis muliensis,,1,,,,,,,
10243,10496,10470,Matsuda,319695,6922,Trigonotis omeiensis,,1,,,,,,,
10243,10496,10470,C.J.Wang,322055,6922,Trigonotis orbicularifolia,,1,,,,,,,
10243,10496,10470,(Trevir.) Benth. ex Hemsl.,45781,6922,Trigonotis peduncularis,,1,,,,,,,
10243,10496,10470,(A.DC.) Steven,124326,6922,Trigonotis radicans,,1,,,,,,,
10243,10496,10470,I.M.Johnst.,322056,6922,Trigonotis rockii,,1,,,,,,,
10243,10496,10470,I.M.Johnst.,319856,6922,Trigonotis rotundata,,1,,,,,,,
10243,10496,10470,(C.B.Clarke) I.M.Johnst.,70501,6922,Trigonotis tibetica,,1,,,,,,,
10243,10496,10470,(Hemsl.) I.M.Johnst.,318463,6922,Trigonotis vestita,,1,,,,,,,
10243,10496,10470,(Stapf) Bor,445430,20201,Trikeraia hookeri,,1,,,,,,,
10243,10496,10470,(Keng) P.C.Kuo & S.L.Lu,457756,20201,Trikeraia pappiformis,,1,,,,,,,
10243,10496,10470,S.S.Ying,212562,6925,Trillium taiwanense,,1,,,,,,,
10243,10496,10470,Maxim.,122738,6925,Trillium tschonoskii,,1,,,,,,,
10243,10496,10470,Wall.,451569,11984,Triosteum himalayanum,,1,,,,,,,
10243,10496,10470,Maxim.,316527,11984,Triosteum pinnatifidum,,1,,,,,,,
10243,10496,10470,(D.Y.Hong) D.Y.Hong,316881,12263,Triphysaria chinensis,,1,,,,,,,
10243,10496,10470,Wall. ex DC.,45821,6940,Triplostegia glandulifera,,1,,,,,,,
10243,10496,10470,Wall. ex DC.,45821,6940,Triplostegia glandulifera,,1,,,,,,,
10243,10496,10470,(Franch.) Hack.,228590,6943,Tripogon chinensis,,1,,,,,,,
10243,10496,10470,Nees ex Steud.,121422,6943,Tripogon filiformis,,1,,,,,,,
10243,10496,10470,S.M.Phillips & S.L.Chen,228610,6943,Tripogon sichuanicus,,1,,,,,,,
10243,10496,10470,Munro ex Stapf,122739,6943,Tripogon trifidus,,1,,,,,,,
10243,10496,10470,J.L.Yang ex S.M.Phillips & S.L.Chen,228616,6943,Tripogon yunnanensis,,1,,,,,,,
10243,10496,10470,(Migo) Harry Sm.,316939,6948,Tripterospermum chinense,,1,,,,,,,
10243,10496,10470,(Hand.-Mazz.) Harry Sm.,319697,6948,Tripterospermum coeruleum,,1,,,,,,,
10243,10496,10470,(C.Marquand) Harry Sm.,45837,6948,Tripterospermum cordatum,,1,,,,,,,
10243,10496,10470,J.Murata,322057,6948,Tripterospermum cordifolioides,,1,,,,,,,
10243,10496,10470,(Yamam.) Satake,322058,6948,Tripterospermum cordifolium,,1,,,,,,,
10243,10496,10470,(C.Marquand) Harry Sm.,316940,6948,Tripterospermum discoideum,,1,,,,,,,
10243,10496,10470,(Hemsl.) Harry Sm.,317410,6948,Tripterospermum filicaule,,1,,,,,,,
10243,10496,10470,C.Y.Wu ex C.J.Wu,318464,6948,Tripterospermum hirticalyx,,1,,,,,,,
10243,10496,10470,(S.Vidal) J.Murata,461077,6948,Tripterospermum luzoniense,,1,,,,,,,
10243,10496,10470,(C.Marquand) C.J.Wu,45842,6948,Tripterospermum nienkui,,1,,,,,,,
10243,10496,10470,Harry Sm.,322059,6948,Tripterospermum pallidum,,1,,,,,,,
10243,10496,10470,(D.Don) H.Hara,122741,6948,Tripterospermum volubile,,1,,,,,,,
10243,10496,10470,Hook.f.,45845,6949,Tripterygium wilfordii,,1,,,,,,,
10243,10496,10470,(Craib) C.Puglisi,449770,5261,Paraboea birmanica,,1,,,,,,,
10243,10496,10470,Roshev.,102442,6954,Trisetum altaicum,,1,,,,,,,
10243,10496,10470,(Thunb.) Barberá,442903,20125,Sibirotrisetum bifidum,,1,,,,,,,
10243,10496,10470,(Hook.f.) R.R.Stewart,70883,6954,Trisetum clarkei,,1,,,,,,,
10243,10496,10470,(Rendle) Barberá,452842,20125,Sibirotrisetum henryi,,1,,,,,,,
10243,10496,10470,(Z.L.Wu) S.M.Phillips & Z.L.Wu,228648,6954,Trisetum kangdingense,,1,,,,,,,
10243,10496,10470,(Rupr.) Barberá,442907,20125,Sibirotrisetum sibiricum,,1,,,,,,,
10243,10496,10470,(Bor ex Barberá) Barberá,451637,20125,Sibirotrisetum scitulum,,1,,,,,,,
10243,10496,10470,(Rupr.) Barberá,442907,20125,Sibirotrisetum sibiricum,,1,,,,,,,
10243,10496,10470,(L.) K.Richt.,45871,6954,Trisetum spicatum,,1,,,,,,,
10243,10496,10470,L.,45919,6966,Triumfetta annua,,1,,,,,,,
10243,10496,10470,Blume,45922,6966,Triumfetta cana,,1,,,,,,,
10243,10496,10470,Roth,45927,6966,Triumfetta pilosa,,1,,,,,,,
10243,10496,10470,Jacq.,45930,6966,Triumfetta rhomboidea,,1,,,,,,,
10243,10496,10470,Siebold & Zucc.,45952,6972,Trochodendron aralioides,,1,,,,,,,
10243,10496,10470,Schipcz.,322060,6973,Trollius buddae,,1,,,,,,,
10243,10496,10470,Bunge,153112,6973,Trollius chinensis,,1,,,,,,,
10243,10496,10470,Stapf,322061,6973,Trollius farreri,,1,,,,,,,
10243,10496,10470,D.Don,139079,6973,Trollius pumilus,,1,,,,,,,
10243,10496,10470,Hemsl.,322062,6973,Trollius ranunculoides,,1,,,,,,,
10243,10496,10470,Hand.-Mazz.,322063,6973,Trollius vaginatus,,1,,,,,,,
10243,10496,10470,(Franch.) Ulbr.,138290,6973,Trollius yunnanensis,,1,,,,,,,
10243,10496,10470,(Lindl.) Blume,45961,6976,Tropidia angulosa,,1,,,,,,,
10243,10496,10470,K.Y.Lang,202553,6976,Tropidia emeishanica,,1,,,,,,,
10243,10496,10470,(Franch.) Pritz.,45968,6978,Tsuga chinensis,,1,,,,,,,
10243,10496,10470,(D.Don) Eichler,122742,6978,Tsuga dumosa,,1,,,,,,,
10243,10496,10470,(Franch.) Pritz.,45968,6978,Tsuga chinensis,,1,,,,,,,
10243,10496,10470,(Franch. & Sav.) Makino,45979,6981,Tubocapsicum anomalum,,1,,,,,,,
10243,10496,10470,(L.) Kraenzl.,193727,5599,Platanthera fuscescens,,1,,,,,,,
10243,10496,10470,(Regel) Maxim.,193749,5599,Platanthera ussuriensis,,1,,,,,,,
10243,10496,10470,F.T.Wang & S.Yun Liang,212584,11743,Tupistra fungilliformis,,1,,,,,,,
10243,10496,10470,(Merr. & L.M.Perry) Byng & Christenh.,451540,6511,Staphylea affinis,,1,,,,,,,
10243,10496,10470,(Seem.) Byng & Christenh.,442913,6511,Staphylea arguta,,1,,,,,,,
10243,10496,10470,(Lour.) Byng & Christenh.,449771,6511,Staphylea cochinchinensis,,1,,,,,,,
10243,10496,10470,(Nakai) Byng & Christenh.,442914,6511,Staphylea formosana,,1,,,,,,,
10243,10496,10470,(Blume) Kurz,46009,6989,Turpinia montana,,1,,,,,,,
10243,10496,10470,(Nakai) Byng & Christenh.,152198,6511,Staphylea ternata,,1,,,,,,,
10243,10496,10470,L.,46030,6993,Tussilago farfara,,1,,,,,,,
10243,10496,10470,(Tsiang & P.T.Li) Meve & Liede,461329,7078,Vincetoxicum chingtungense,,1,,,,,,,
10243,10496,10470,Meve & Liede,460798,7078,Vincetoxicum henryanum,,1,,,,,,,
10243,10496,10470,(Tsiang) Meve & Liede,460958,7078,Vincetoxicum hui,,1,,,,,,,
10243,10496,10470,(Craib) A.Kidyoo,458230,7078,Vincetoxicum kerrii,,1,,,,,,,
10243,10496,10470,Meve & Liede,461330,7078,Vincetoxicum schneideri,,1,,,,,,,
10243,10496,10470,(Tsiang) Meve & Liede,442929,7078,Vincetoxicum oligophyllum,,1,,,,,,,
10243,10496,10470,(Wall.) Kuntze,442930,7078,Vincetoxicum hirsutum,,1,,,,,,,
10243,10496,10470,(Buch.-Ham. ex Wight) Kuntze,442932,7078,Vincetoxicum rotundifolium,,1,,,,,,,
10243,10496,10470,(Schltr.) Meve & Liede,458231,7078,Vincetoxicum yunnanense,,1,,,,,,,
10243,10496,10470,Pers.,46055,6997,Typha domingensis,,1,,,,,,,
10243,10496,10470,L.,46054,6997,Typha angustifolia,,1,,,,,,,
10243,10496,10470,L.,46056,6997,Typha latifolia,,1,,,,,,,
10243,10496,10470,Funck,57711,6997,Typha minima,,1,,,,,,,
10243,10496,10470,C.Presl,46058,6997,Typha orientalis,,1,,,,,,,
10243,10496,10470,Nicolson & Sivad.,46060,6998,Typhonium blumei,,1,,,,,,,
10243,10496,10470,(Wall. ex Schott) Cusimano & Hett.,139081,6177,Sauromatum diversifolium,,1,,,,,,,
10243,10496,10470,(Engl.) Cusimano & Hett.,40070,6177,Sauromatum giganteum,,1,,,,,,,
10243,10496,10470,Miq.,121424,6177,Sauromatum horsfieldii,,1,,,,,,,
10243,10496,10470,Litv.,461331,7003,Ulmus × androssowii,,1,,,,,,,
10243,10496,10470,C.K.Schneid.,138298,7003,Ulmus bergmanniana,,1,,,,,,,
10243,10496,10470,Hemsl.,153169,7003,Ulmus castaneifolia,,1,,,,,,,
10243,10496,10470,W.C.Cheng,153170,7003,Ulmus changii,,1,,,,,,,
10243,10496,10470,Planch.,46073,7003,Ulmus davidiana,,1,,,,,,,
10243,10496,10470,Jacq.,46079,7003,Ulmus parvifolia,,1,,,,,,,
10243,10496,10470,W.C.Cheng & L.K.Fu,316893,7003,Ulmus prunifolia,,1,,,,,,,
10243,10496,10470,L.,71145,7003,Ulmus pumila,,1,,,,,,,
10243,10496,10470,W.P.Fang,317044,7003,Ulmus szechuanica,,1,,,,,,,
10243,10496,10470,Havil.,46095,7005,Uncaria hirsuta,,1,,,,,,,
10243,10496,10470,(Miq.) Miq.,46099,7005,Uncaria rhynchophylla,,1,,,,,,,
10243,10496,10470,(Oliv.) Havil.,46102,7005,Uncaria sinensis,,1,,,,,,,
10243,10496,10470,Craib,46154,7010,Uraria lacei,,1,,,,,,,
10243,10496,10470,(L.) DC.,442975,7010,Uraria lagopodioides,,1,,,,,,,
10243,10496,10470,(Jacq.) Desv. ex DC.,46156,7010,Uraria picta,,1,,,,,,,
10243,10496,10470,(DC.) Schindl.,46157,7010,Uraria rufescens,,1,,,,,,,
10243,10496,10470,(Wall. ex G.Don) D.J.Middleton,46164,7012,Urceola micrantha,,1,,,,,,,
10243,10496,10470,(Hook. & Arn.) D.J.Middleton,46166,7012,Urceola rosea,,1,,,,,,,
10243,10496,10470,L.,46169,7013,Urena lobata,,1,,,,,,,
10243,10496,10470,L.,46170,7013,Urena procumbens,,1,,,,,,,
10243,10496,10470,P.Beauv.,46186,7015,Urochloa panicoides,,1,,,,,,,
10243,10496,10470,(L.) Stapf,438779,7015,Urochloa reptans,,1,,,,,,,
10243,10496,10470,(Oliv.) Ulbr.,318465,15124,Urophysa henryi,,1,,,,,,,
10243,10496,10470,L.,46220,7024,Urtica dioica,,1,,,,,,,
10243,10496,10470,(Hand.-Mazz.) C.J.Chen,138300,7024,Urtica atrichocaulis,,1,,,,,,,
10243,10496,10470,L.,102478,7024,Urtica cannabina,,1,,,,,,,
10243,10496,10470,L.,46220,7024,Urtica dioica,,1,,,,,,,
10243,10496,10470,E.Pritz.,317414,7024,Urtica fissa,,1,,,,,,,
10243,10496,10470,Jacquem. ex Wedd.,71163,7024,Urtica hyperborea,,1,,,,,,,
10243,10496,10470,Siebold & Zucc.,46235,7024,Urtica thunbergiana,,1,,,,,,,
10243,10496,10470,H.Lév.,138301,7024,Urtica mairei,,1,,,,,,,
10243,10496,10470,Siebold & Zucc.,46235,7024,Urtica thunbergiana,,1,,,,,,,
10243,10496,10470,Hand.-Mazz.,319858,7024,Urtica triangularis,,1,,,,,,,
10243,10496,10470,R.Br.,46241,7026,Utricularia australis,,1,,,,,,,
10243,10496,10470,L.,46242,7026,Utricularia bifida,,1,,,,,,,
10243,10496,10470,Oliv.,139082,7026,Utricularia brachiata,,1,,,,,,,
10243,10496,10470,Hayne,46256,7026,Utricularia intermedia,,1,,,,,,,
10243,10496,10470,Hand.-Mazz.,138302,7026,Utricularia salwinensis,,1,,,,,,,
10243,10496,10470,Sm.,46274,7026,Utricularia striatula,,1,,,,,,,
10243,10496,10470,L.,46281,7026,Utricularia vulgaris,,1,,,,,,,
10243,10496,10470,(L.) Sm.,442322,3619,Gypsophila vaccaria,,1,,,,,,,
10243,10496,10470,(Franch.) Hand.-Mazz.,317678,7029,Vaccinium brachybotrys,,1,,,,,,,
10243,10496,10470,Thunb.,46308,7029,Vaccinium bracteatum,,1,,,,,,,
10243,10496,10470,Dunn,46311,7029,Vaccinium carlesii,,1,,,,,,,
10243,10496,10470,W.P.Fang,229593,7029,Vaccinium chengiae,,1,,,,,,,
10243,10496,10470,Merr. ex Sleumer,46313,7029,Vaccinium chunii,,1,,,,,,,
10243,10496,10470,Rehder,229594,7029,Vaccinium conchophyllum,,1,,,,,,,
10243,10496,10470,Franch.,46317,7029,Vaccinium delavayi,,1,,,,,,,
10243,10496,10470,(H.Lév.) Hand.-Mazz.,138305,7029,Vaccinium duclouxii,,1,,,,,,,
10243,10496,10470,Wight,46319,7029,Vaccinium dunalianum,,1,,,,,,,
10243,10496,10470,Sleumer,319000,7029,Vaccinium dunnianum,,1,,,,,,,
10243,10496,10470,Kurz,153250,7029,Vaccinium exaristatum,,1,,,,,,,
10243,10496,10470,C.Y.Wu,322066,7029,Vaccinium fimbribracteatum,,1,,,,,,,
10243,10496,10470,Franch.,153254,7029,Vaccinium fragile,,1,,,,,,,
10243,10496,10470,(Griff.) Hook.f. ex C.B.Clarke,46323,7029,Vaccinium gaultheriifolium,,1,,,,,,,
10243,10496,10470,Sleumer,322067,7029,Vaccinium haitangense,,1,,,,,,,
10243,10496,10470,Hemsl.,317416,7029,Vaccinium henryi,,1,,,,,,,
10243,10496,10470,Hance,46325,7029,Vaccinium iteophyllum,,1,,,,,,,
10243,10496,10470,Miq.,46326,7029,Vaccinium japonicum,,1,,,,,,,
10243,10496,10470,Diels,138307,7029,Vaccinium mandarinorum,,1,,,,,,,
10243,10496,10470,Franch.,229619,7029,Vaccinium moupinense,,1,,,,,,,
10243,10496,10470,Franch.,122756,7029,Vaccinium pubicalyx,,1,,,,,,,
10243,10496,10470,W.P.Fang & Z.H.Pan,319005,7029,Vaccinium serrulatum,,1,,,,,,,
10243,10496,10470,C.B.Clarke,122759,7029,Vaccinium sikkimense,,1,,,,,,,
10243,10496,10470,C.Y.Wu & R.C.Fang,46346,7029,Vaccinium spiculatum,,1,,,,,,,
10243,10496,10470,Hemsl.,46349,7029,Vaccinium urceolatum,,1,,,,,,,
10243,10496,10470,P.A.Smirn. ex Kom.,294275,7032,Valeriana amurensis,,1,,,,,,,
10243,10496,10470,Diels,46362,7032,Valeriana barbulata,,1,,,,,,,
10243,10496,10470,Hand.-Mazz.,138308,7032,Valeriana daphniflora,,1,,,,,,,
10243,10496,10470,Maxim.,46369,7032,Valeriana flaccidissima,,1,,,,,,,
10243,10496,10470,Batalin,322068,7032,Valeriana flagellifera,,1,,,,,,,
10243,10496,10470,Wall.,446224,7032,Valeriana hardwickei,,1,,,,,,,
10243,10496,10470,Graebn.,322069,7032,Valeriana hiemalis,,1,,,,,,,
10243,10496,10470,Jones ex Roxb.,56718,7032,Valeriana jatamansi,,1,,,,,,,
10243,10496,10470,Hand.-Mazz.,153279,7032,Valeriana minutiflora,,1,,,,,,,
10243,10496,10470,L.,46373,7032,Valeriana officinalis,,1,,,,,,,
10243,10496,10470,D.Y.Hong,322070,7032,Valeriana sichuanica,,1,,,,,,,
10243,10496,10470,Diels,319859,7032,Valeriana stenoptera,,1,,,,,,,
10243,10496,10470,Batalin,316808,7032,Valeriana tangutica,,1,,,,,,,
10243,10496,10470,(Baill.) Tsiang & P.T.Li,200188,7034,Vallaris indecora,,1,,,,,,,
10243,10496,10470,(Lour.) H.Hara,53425,7036,Vallisneria natans,,1,,,,,,,
10243,10496,10470,Rchb.f.,123132,7037,Vanda brunnea,,1,,,,,,,
10243,10496,10470,Blume,46407,7037,Vanda concolor,,1,,,,,,,
10243,10496,10470,Blume,439456,6893,Trichomanes auriculatum,,1,,,,,,,
10243,10496,10470,Bedd.,439459,6893,Trichomanes birmanicum,,1,,,,,,,
10243,10496,10470,Christ ex Tardieu & C.Chr.,443008,6893,Trichomanes cystoseiroides,,1,,,,,,,
10243,10496,10470,Christ,461078,6893,Trichomanes fargesii,,1,,,,,,,
10243,10496,10470,Sw.,439478,6893,Trichomanes radicans,,1,,,,,,,
10243,10496,10470,(Lindl.) D.K.Liu & Ming H.Li,451533,20362,Cymbilabia undulata,,1,,,,,,,
10243,10496,10470,Franch.,138309,12484,Veratrilla baillonii,,1,,,,,,,
10243,10496,10470,(Maxim. ex Miq.) O.Loes.,46484,7056,Veratrum grandiflorum,,1,,,,,,,
10243,10496,10470,Regel,153322,7056,Veratrum maackii,,1,,,,,,,
10243,10496,10470,O.Loes.,212761,7056,Veratrum mengtzeanum,,1,,,,,,,
10243,10496,10470,F.T.Wang & Tang,212762,7056,Veratrum micranthum,,1,,,,,,,
10243,10496,10470,L.,77942,7056,Veratrum nigrum,,1,,,,,,,
10243,10496,10470,O.Loes.,153323,7056,Veratrum oblongum,,1,,,,,,,
10243,10496,10470,O.Loes.,46486,7056,Veratrum schindleri,,1,,,,,,,
10243,10496,10470,W.W.Sm.,138310,7056,Veratrum shanense,,1,,,,,,,
10243,10496,10470,O.Loes.,212764,7056,Veratrum taliense,,1,,,,,,,
10243,10496,10470,L.,46488,7057,Verbascum blattaria,,1,,,,,,,
10243,10496,10470,(Vahl) Hub.-Mor.,443643,7057,Verbascum coromandelianum,,1,,,,,,,
10243,10496,10470,L.,46512,7057,Verbascum thapsus,,1,,,,,,,
10243,10496,10470,L.,46522,7058,Verbena officinalis,,1,,,,,,,
10243,10496,10470,(Hemsl.) Airy Shaw,46551,7061,Vernicia fordii,,1,,,,,,,
10243,10496,10470,Lour.,46552,7061,Vernicia montana,,1,,,,,,,
10243,10496,10470,(Buch.-Ham.) Sch.Bip.,120615,6589,Strobocalyx arborea,,1,,,,,,,
10243,10496,10470,(Buch.-Ham.) H.Rob.,488,993,Acilepis aspera,,1,,,,,,,
10243,10496,10470,"(Diels) H.Rob., S.C.Keeley, Skvarla & R.Chan",317886,6589,Strobocalyx bockiana,,1,,,,,,,
10243,10496,10470,(L.) H.Rob.,12378,2619,Cyanthillium cinereum,,1,,,,,,,
10243,10496,10470,(Benth.) H.Rob. & Skvarla,13521,2743,Decaneuropsis cumingiana,,1,,,,,,,
10243,10496,10470,"(Hemsl.) H.Rob., S.C.Keeley, Skvarla & R.Chan",451544,6589,Strobocalyx esculenta,,1,,,,,,,
10243,10496,10470,(DC.) Steetz,102713,3597,Gymnanthemum extensum,,1,,,,,,,
10243,10496,10470,(J.Anthony) H.Rob. & B.Kahn,322071,2922,Distephanus forrestii,,1,,,,,,,
10243,10496,10470,(Pamp.) H.Rob.,317518,993,Acilepis nantcianensis,,1,,,,,,,
10243,10496,10470,(Aiton) H.Rob.,12379,2619,Cyanthillium patulum,,1,,,,,,,
10243,10496,10470,(DC.) H.Rob.,121867,993,Acilepis saligna,,1,,,,,,,
10243,10496,10470,Sch.Bip.,387787,6589,Strobocalyx solanifolia,,1,,,,,,,
10243,10496,10470,(Gand.) H.Rob.,122764,993,Acilepis spirei,,1,,,,,,,
10243,10496,10470,"(Dunn) H.Rob., S.C.Keeley, Skvarla & R.Chan",43187,6589,Strobocalyx sylvatica,,1,,,,,,,
10243,10496,10470,(DC.) H.Rob. & Skvarla,120616,11579,Monosis volkameriifolia,,1,,,,,,,
10243,10496,10470,L.,46585,7064,Veronica anagallis-aquatica,,1,,,,,,,
10243,10496,10470,L.,46593,7064,Veronica beccabunga,,1,,,,,,,
10243,10496,10470,Schreb. ex L.,71007,7064,Veronica biloba,,1,,,,,,,
10243,10496,10470,Fisch.,71008,7064,Veronica ciliata,,1,,,,,,,
10243,10496,10470,H.J.P.Winkl.,317418,7064,Veronica eriogyne,,1,,,,,,,
10243,10496,10470,Franch.,319861,7064,Veronica fargesii,,1,,,,,,,
10243,10496,10470,P.C.Tsoong,322072,7064,Veronica filipes,,1,,,,,,,
10243,10496,10470,T.Yamaz.,317680,7064,Veronica henryi,,1,,,,,,,
10243,10496,10470,D.Don,139085,7064,Veronica himalensis,,1,,,,,,,
10243,10496,10470,Blume,46638,7064,Veronica javanica,,1,,,,,,,
10243,10496,10470,Benth.,68859,7064,Veronica laxa,,1,,,,,,,
10243,10496,10470,Franch.,322073,7064,Veronica piroliformis,,1,,,,,,,
10243,10496,10470,H.J.P.Winkl.,322074,7064,Veronica riae,,1,,,,,,,
10243,10496,10470,H.L.Li,316365,7064,Veronica rockii,,1,,,,,,,
10243,10496,10470,L.,46686,7064,Veronica serpyllifolia,,1,,,,,,,
10243,10496,10470,Franch.,322075,7064,Veronica sutchuenensis,,1,,,,,,,
10243,10496,10470,Batalin,46696,7064,Veronica szechuanica,,1,,,,,,,
10243,10496,10470,L.,443075,7064,Veronica teucrium,,1,,,,,,,
10243,10496,10470,D.Y.Hong,318466,7064,Veronica tsinglingensis,,1,,,,,,,
10243,10496,10470,Wall.,46710,7064,Veronica undulata,,1,,,,,,,
10243,10496,10470,Maxim.,322076,7064,Veronica vandellioides,,1,,,,,,,
10243,10496,10470,(Siebold & Zucc.) T.Yamaz.,46717,7065,Veronicastrum axillare,,1,,,,,,,
10243,10496,10470,(Benth.) D.Y.Hong,138315,7065,Veronicastrum brunonianum,,1,,,,,,,
10243,10496,10470,(Hance) T.Yamaz.,317888,7065,Veronicastrum caulopterum,,1,,,,,,,
10243,10496,10470,Hemsl.,460799,19659,Calorhabdos latifolia,,1,,,,,,,
10243,10496,10470,(Merr.) T.Yamaz.,317889,7065,Veronicastrum longispicatum,,1,,,,,,,
10243,10496,10470,(Hand.-Mazz.) P.C.Tsoong,317890,7065,Veronicastrum rhombifolium,,1,,,,,,,
10243,10496,10470,(L.) Pennell,102634,7065,Veronicastrum sibiricum,,1,,,,,,,
10243,10496,10470,(Hemsl.) T.Yamaz.,316529,7065,Veronicastrum stenostachyum,,1,,,,,,,
10243,10496,10470,(Miq.) T.Yamaz.,316942,7065,Veronicastrum villosulum,,1,,,,,,,
10243,10496,10470,(W.W.Sm.) T.Yamaz.,312263,7065,Veronicastrum yunnanense,,1,,,,,,,
10243,10496,10470,(Yamam.) T.Yukawa,443081,5068,Odontochilus yakushimensis,,1,,,,,,,
10243,10496,10470,Rehder,46722,7068,Viburnum amplifolium,,1,,,,,,,
10243,10496,10470,C.B.Clarke,121846,7068,Viburnum atrocyaneum,,1,,,,,,,
10243,10496,10470,Batalin,46724,7068,Viburnum betulifolium,,1,,,,,,,
10243,10496,10470,Hemsl.,318467,7068,Viburnum brachybotryum,,1,,,,,,,
10243,10496,10470,(P.S.Hsu) P.S.Hsu,318468,7068,Viburnum brevitubum,,1,,,,,,,
10243,10496,10470,Wall. ex DC.,121848,7068,Viburnum erubescens,,1,,,,,,,
10243,10496,10470,P.S.Hsu,138316,7068,Viburnum chingii,,1,,,,,,,
10243,10496,10470,Graebn.,316943,7068,Viburnum chinshanense,,1,,,,,,,
10243,10496,10470,P.S.Hsu,317420,7068,Viburnum chunii,,1,,,,,,,
10243,10496,10470,Rehder,153383,7068,Viburnum cinnamomifolium,,1,,,,,,,
10243,10496,10470,Rehder,138317,7068,Viburnum congestum,,1,,,,,,,
10243,10496,10470,P.S.Hsu & S.C.Hsu,46726,7068,Viburnum corymbiflorum,,1,,,,,,,
10243,10496,10470,Buch.-Ham. ex D.Don,121847,7068,Viburnum cylindricum,,1,,,,,,,
10243,10496,10470,Franch.,452861,7068,Viburnum davidi,,1,,,,,,,
10243,10496,10470,Thunb.,46730,7068,Viburnum dilatatum,,1,,,,,,,
10243,10496,10470,Thunb.,46731,7068,Viburnum erosum,,1,,,,,,,
10243,10496,10470,Wall. ex DC.,121848,7068,Viburnum erubescens,,1,,,,,,,
10243,10496,10470,Wall.,46732,7068,Viburnum foetidum,,1,,,,,,,
10243,10496,10470,Hance,153387,7068,Viburnum fordiae,,1,,,,,,,
10243,10496,10470,(Hance) Hayata,46733,7068,Viburnum formosanum,,1,,,,,,,
10243,10496,10470,Maxim.,122768,7068,Viburnum glomeratum,,1,,,,,,,
10243,10496,10470,Hemsl.,153389,7068,Viburnum henryi,,1,,,,,,,
10243,10496,10470,Batalin,138318,7068,Viburnum kansuense,,1,,,,,,,
10243,10496,10470,Batalin,46724,7068,Viburnum betulifolium,,1,,,,,,,
10243,10496,10470,(P.S.Hsu) P.S.Hsu,319705,7068,Viburnum longipedunculatum,,1,,,,,,,
10243,10496,10470,P.S.Hsu,319862,7068,Viburnum longiradiatum,,1,,,,,,,
10243,10496,10470,Rolfe,46740,7068,Viburnum luzonicum,,1,,,,,,,
10243,10496,10470,Fortune,153390,7068,Viburnum macrocephalum,,1,,,,,,,
10243,10496,10470,P.S.Hsu,316530,7068,Viburnum melanocarpum,,1,,,,,,,
10243,10496,10470,D.Don,46741,7068,Viburnum nervosum,,1,,,,,,,
10243,10496,10470,K.Koch,309995,7068,Viburnum sempervirens,,1,,,,,,,
10243,10496,10470,Ker Gawl.,46743,7068,Viburnum odoratissimum,,1,,,,,,,
10243,10496,10470,Batalin,138320,7068,Viburnum oliganthum,,1,,,,,,,
10243,10496,10470,P.S.Hsu,322077,7068,Viburnum omeiense,,1,,,,,,,
10243,10496,10470,L.,46744,7068,Viburnum opulus,,1,,,,,,,
10243,10496,10470,Thunb.,46745,7068,Viburnum plicatum,,1,,,,,,,
10243,10496,10470,Hemsl.,46746,7068,Viburnum propinquum,,1,,,,,,,
10243,10496,10470,Buch.-Ham. ex D.Don,46747,7068,Viburnum punctatum,,1,,,,,,,
10243,10496,10470,Hemsl.,46749,7068,Viburnum rhytidophyllum,,1,,,,,,,
10243,10496,10470,Maxim.,153392,7068,Viburnum schensianum,,1,,,,,,,
10243,10496,10470,Hance,46752,7068,Viburnum setigerum,,1,,,,,,,
10243,10496,10470,(W.W.Sm.) P.S.Hsu,138319,7068,Viburnum tengyuehense,,1,,,,,,,
10243,10496,10470,Rehder,317682,7068,Viburnum ternatum,,1,,,,,,,
10243,10496,10470,Hemsl.,153393,7068,Viburnum utile,,1,,,,,,,
10243,10496,10470,(R.H.Shan & F.T.Pu) Pimenov & Kljuykov,461332,15110,Melanosciadium bipinnatum,,1,,,,,,,
10243,10496,10470,DC.,56726,8159,Vicatia coniifolia,,1,,,,,,,
10243,10496,10470,H.Boissieu,322079,8159,Vicatia thibetica,,1,,,,,,,
10243,10496,10470,Fisch. ex Ser.,46762,7069,Vicia amoena,,1,,,,,,,
10243,10496,10470,Oett.,294553,7069,Vicia amurensis,,1,,,,,,,
10243,10496,10470,(Maxim.) Ohwi,294261,7069,Vicia ramuliflora,,1,,,,,,,
10243,10496,10470,Ohwi,138322,7069,Vicia bungei,,1,,,,,,,
10243,10496,10470,Franch.,309134,7069,Vicia chinensis,,1,,,,,,,
10243,10496,10470,L.,46772,7069,Vicia cracca,,1,,,,,,,
10243,10496,10470,Diels,322080,7069,Vicia dichroantha,,1,,,,,,,
10243,10496,10470,Hook. & Arn.,105250,7069,Vicia nigricans,,1,,,,,,,
10243,10496,10470,(L.) Gray,46784,7069,Vicia hirsuta,,1,,,,,,,
10243,10496,10470,A.Gray,46786,7069,Vicia japonica,,1,,,,,,,
10243,10496,10470,K.T.Fu,318056,7069,Vicia latibracteolata,,1,,,,,,,
10243,10496,10470,Ledeb.,293999,7069,Vicia megalotropis,,1,,,,,,,
10243,10496,10470,Ledeb.,314007,7069,Vicia multicaulis,,1,,,,,,,
10243,10496,10470,Hand.-Mazz.,316809,7069,Vicia nummularia,,1,,,,,,,
10243,10496,10470,L.,46805,7069,Vicia sativa,,1,,,,,,,
10243,10496,10470,Fisch. & C.A.Mey.,398329,7069,Vicia pseudo-orobus,,1,,,,,,,
10243,10496,10470,L.,46807,7069,Vicia sepium,,1,,,,,,,
10243,10496,10470,Z.D.Xia,322081,7069,Vicia ternata,,1,,,,,,,
10243,10496,10470,(L.) Schreb.,46813,7069,Vicia tetrasperma,,1,,,,,,,
10243,10496,10470,Prain ex C.E.C.Fisch.,138323,7069,Vicia tibetica,,1,,,,,,,
10243,10496,10470,A.Braun,46814,7069,Vicia unijuga,,1,,,,,,,
10243,10496,10470,(Roxb.) Ohwi & H.Ohashi,46830,7072,Vigna minima,,1,,,,,,,
10243,10496,10470,(L.) Verdc.,48823,7072,Vigna trilobata,,1,,,,,,,
10243,10496,10470,(L.) A.Rich.,46843,7072,Vigna vexillata,,1,,,,,,,
10243,10496,10470,Ledeb.,46862,7079,Viola acuminata,,1,,,,,,,
10243,10496,10470,D.Don,354550,7079,Viola hamiltoniana,,1,,,,,,,
10243,10496,10470,Boissieu,316368,7079,Viola belophylla,,1,,,,,,,
10243,10496,10470,Sm.,46871,7079,Viola betonicifolia,,1,,,,,,,
10243,10496,10470,L.,46872,7079,Viola biflora,,1,,,,,,,
10243,10496,10470,Maxim.,139087,7079,Viola bulbosa,,1,,,,,,,
10243,10496,10470,H.Boissieu,322082,7079,Viola cameleo,,1,,,,,,,
10243,10496,10470,(Regel) W.Becker,124304,7079,Viola chaerophylloides,,1,,,,,,,
10243,10496,10470,Besser,46880,7079,Viola collina,,1,,,,,,,
10243,10496,10470,Franch.,138327,7079,Viola davidii,,1,,,,,,,
10243,10496,10470,Franch.,318766,7079,Viola delavayi,,1,,,,,,,
10243,10496,10470,Ging.,46885,7079,Viola diffusa,,1,,,,,,,
10243,10496,10470,Ledeb.,102588,7079,Viola dissecta,,1,,,,,,,
10243,10496,10470,Ging.,46885,7079,Viola diffusa,,1,,,,,,,
10243,10496,10470,Schult.,102589,7079,Viola gmeliniana,,1,,,,,,,
10243,10496,10470,W.Becker,318767,7079,Viola grandisepala,,1,,,,,,,
10243,10496,10470,A.Gray,46895,7079,Viola grypoceras,,1,,,,,,,
10243,10496,10470,W.Becker,318469,7079,Viola hediniana,,1,,,,,,,
10243,10496,10470,H.Boissieu,318470,7079,Viola henryi,,1,,,,,,,
10243,10496,10470,L.,46899,7079,Viola hirta,,1,,,,,,,
10243,10496,10470,Blume,46903,7079,Viola inconspicua,,1,,,,,,,
10243,10496,10470,Hayata,46909,7079,Viola kosanensis,,1,,,,,,,
10243,10496,10470,Royle,445468,7079,Viola kunawarensis,,1,,,,,,,
10243,10496,10470,Hand.-Mazz.,317424,7079,Viola mucronulifera,,1,,,,,,,
10243,10496,10470,Nakai,153403,7079,Viola lactiflora,,1,,,,,,,
10243,10496,10470,W.Becker,317684,7079,Viola lucens,,1,,,,,,,
10243,10496,10470,C.J.Wang & X.D.Wang,317423,7079,Viola magnifica,,1,,,,,,,
10243,10496,10470,Franch.,312564,7079,Viola mongolica,,1,,,,,,,
10243,10496,10470,Franch.,139130,7079,Viola moupinensis,,1,,,,,,,
10243,10496,10470,Hand.-Mazz.,317424,7079,Viola mucronulifera,,1,,,,,,,
10243,10496,10470,W.Becker,318058,7079,Viola pendulicarpa,,1,,,,,,,
10243,10496,10470,Maxim.,46940,7079,Viola phalacrocarpa,,1,,,,,,,
10243,10496,10470,Cav.,46941,7079,Viola philippica,,1,,,,,,,
10243,10496,10470,Blume,80090,7079,Viola pilosa,,1,,,,,,,
10243,10496,10470,Bunge,138326,7079,Viola prionantha,,1,,,,,,,
10243,10496,10470,L.,46872,7079,Viola biflora,,1,,,,,,,
10243,10496,10470,Pursh ex Goldie,46949,7079,Viola selkirkii,,1,,,,,,,
10243,10496,10470,W.Becker,153407,7079,Viola stewardiana,,1,,,,,,,
10243,10496,10470,H.Boissieu,322083,7079,Viola striatella,,1,,,,,,,
10243,10496,10470,W.Becker & H.Boissieu,138325,7079,Viola szetschwanensis,,1,,,,,,,
10243,10496,10470,C.C.Chang,322084,7079,Viola tenuissima,,1,,,,,,,
10243,10496,10470,Franch.,322085,7079,Viola urophylla,,1,,,,,,,
10243,10496,10470,Fisch. ex Link,46965,7079,Viola variegata,,1,,,,,,,
10243,10496,10470,W.Becker & H.Boissieu,46968,7079,Viola yunnanensis,,1,,,,,,,
10243,10496,10470,W.Becker,316944,7079,Viola yunnanfuensis,,1,,,,,,,
10243,10496,10470,Burm.f.,46979,7084,Viscum articulatum,,1,,,,,,,
10243,10496,10470,(Kom.) Nakai,46980,7084,Viscum coloratum,,1,,,,,,,
10243,10496,10470,Hayata,46981,7084,Viscum diospyrosicola,,1,,,,,,,
10243,10496,10470,Lecomte,316687,7084,Viscum fargesii,,1,,,,,,,
10243,10496,10470,Hayata,46983,7084,Viscum liquidambaricola,,1,,,,,,,
10243,10496,10470,Danser,322086,7084,Viscum nudum,,1,,,,,,,
10243,10496,10470,Moldenke,138330,7086,Vitex burmensis,,1,,,,,,,
10243,10496,10470,Kurz,46991,7086,Vitex canescens,,1,,,,,,,
10243,10496,10470,Dop,200417,7086,Vitex duclouxii,,1,,,,,,,
10243,10496,10470,L.,47006,7086,Vitex negundo,,1,,,,,,,
10243,10496,10470,(Lour.) F.N.Williams,47012,7086,Vitex quinata,,1,,,,,,,
10243,10496,10470,L.f.,443105,7086,Vitex rotundifolia,,1,,,,,,,
10243,10496,10470,W.W.Sm.,200508,7086,Vitex yunnanensis,,1,,,,,,,
10243,10496,10470,Rupr.,124301,7088,Vitis amurensis,,1,,,,,,,
10243,10496,10470,Planch.,47021,7088,Vitis balansana,,1,,,,,,,
10243,10496,10470,Planch.,47021,7088,Vitis balansana,,1,,,,,,,
10243,10496,10470,(Rehder) W.T.Wang,138332,7088,Vitis bellula,,1,,,,,,,
10243,10496,10470,Bunge,47022,7088,Vitis bryoniifolia,,1,,,,,,,
10243,10496,10470,(Rom.Caill.) Foëx,460677,7088,Vitis davidi,,1,,,,,,,
10243,10496,10470,Thunb.,47025,7088,Vitis flexuosa,,1,,,,,,,
10243,10496,10470,Schult.,47026,7088,Vitis heyneana,,1,,,,,,,
10243,10496,10470,C.L.Li,47029,7088,Vitis lanceolatifoliosa,,1,,,,,,,
10243,10496,10470,Maxim.,316372,7088,Vitis piasezkii,,1,,,,,,,
10243,10496,10470,Rom.Caill.,316688,7088,Vitis romanetii,,1,,,,,,,
10243,10496,10470,Pamp.,317892,7088,Vitis silvestrii,,1,,,,,,,
10243,10496,10470,W.T.Wang,317435,7088,Vitis sinocinerea,,1,,,,,,,
10243,10496,10470,H.J.Veitch,47036,7088,Vitis wilsoniae,,1,,,,,,,
10243,10496,10470,L.,440144,3315,Festuca myuros,,1,,,,,,,
10243,10496,10470,(Thunb.) A.DC.,47151,7103,Wahlenbergia marginata,,1,,,,,,,
10243,10496,10470,(L.) DC.,47356,7144,Wollastonia biflora,,1,,,,,,,
10243,10496,10470,(Blume) Orchard,443137,19726,Lipoblepharis urticifolia,,1,,,,,,,
10243,10496,10470,(Blume) Orchard,443137,19726,Lipoblepharis urticifolia,,1,,,,,,,
10243,10496,10470,Thunb.,48264,7117,Weigela japonica,,1,,,,,,,
10243,10496,10470,(Hance) Hutch.,200599,7121,Wendlandia longidens,,1,,,,,,,
10243,10496,10470,(Oliv.) W.W.Sm.,318769,7126,Whytockia chiritiflora,,1,,,,,,,
10243,10496,10470,(Hand.-Mazz.) A.Weber,318471,7126,Whytockia tsiangiana,,1,,,,,,,
10243,10496,10470,(A.Weber) Yin Z.Wang,322087,7126,Whytockia wilsonii,,1,,,,,,,
10243,10496,10470,Batalin,322088,7129,Wikstroemia alternifolia,,1,,,,,,,
10243,10496,10470,Hemsl.,318060,7129,Wikstroemia angustifolia,,1,,,,,,,
10243,10496,10470,Meisn.,56642,7129,Wikstroemia canescens,,1,,,,,,,
10243,10496,10470,Rehder,318472,7129,Wikstroemia capitata,,1,,,,,,,
10243,10496,10470,S.C.Huang,322089,7129,Wikstroemia capitatoracemosa,,1,,,,,,,
10243,10496,10470,(Bunge) Meisn.,153533,7129,Wikstroemia chamaedaphne,,1,,,,,,,
10243,10496,10470,Merr.,47285,7129,Wikstroemia chui,,1,,,,,,,
10243,10496,10470,S.C.Huang,322090,7129,Wikstroemia cochlearifolia,,1,,,,,,,
10243,10496,10470,Lecomte,322091,7129,Wikstroemia delavayi,,1,,,,,,,
10243,10496,10470,Diels,153534,7129,Wikstroemia dolichantha,,1,,,,,,,
10243,10496,10470,(Lecomte) Domke,322092,7129,Wikstroemia fargesii,,1,,,,,,,
10243,10496,10470,W.C.Cheng,317438,7129,Wikstroemia glabra,,1,,,,,,,
10243,10496,10470,Hemsl.,317894,7129,Wikstroemia gracilis,,1,,,,,,,
10243,10496,10470,Domke,322093,7129,Wikstroemia haoi,,1,,,,,,,
10243,10496,10470,C.Y.Chang,322094,7129,Wikstroemia huidongensis,,1,,,,,,,
10243,10496,10470,(L.) C.A.Mey.,47292,7129,Wikstroemia indica,,1,,,,,,,
10243,10496,10470,W.W.Sm.,322095,7129,Wikstroemia leptophylla,,1,,,,,,,
10243,10496,10470,W.W.Sm.,322096,7129,Wikstroemia lichiangensis,,1,,,,,,,
10243,10496,10470,Rehder,316373,7129,Wikstroemia ligustrina,,1,,,,,,,
10243,10496,10470,(L.) C.A.Mey.,47292,7129,Wikstroemia indica,,1,,,,,,,
10243,10496,10470,Hemsl.,318473,7129,Wikstroemia linoides,,1,,,,,,,
10243,10496,10470,Hemsl.,317895,7129,Wikstroemia micrantha,,1,,,,,,,
10243,10496,10470,Hance,317045,7129,Wikstroemia monnula,,1,,,,,,,
10243,10496,10470,Champ. ex Benth.,47299,7129,Wikstroemia nutans,,1,,,,,,,
10243,10496,10470,Diels,322098,7129,Wikstroemia scytophylla,,1,,,,,,,
10243,10496,10470,E.Pritz. ex Diels,316534,7129,Wikstroemia stenophylla,,1,,,,,,,
10243,10496,10470,(Sims) DC.,47337,7136,Wisteria sinensis,,1,,,,,,,
10243,10496,10470,(Sims) DC.,47337,7136,Wisteria sinensis,,1,,,,,,,
10243,10496,10470,(L.) Horkel ex Wimm.,47348,7142,Wolffia arrhiza,,1,,,,,,,
10243,10496,10470,(L.) Kurz,47358,7145,Woodfordia fruticosa,,1,,,,,,,
10243,10496,10470,(Bedd.) Christ,322099,7146,Woodsia andersonii,,1,,,,,,,
10243,10496,10470,Hand.-Mazz.,322100,7146,Woodsia cycloloba,,1,,,,,,,
10243,10496,10470,Hook.,322101,7146,Woodsia lanosa,,1,,,,,,,
10243,10496,10470,D.C.Eaton,47367,7146,Woodsia polystichoides,,1,,,,,,,
10243,10496,10470,Diels,316377,7146,Woodsia rosthorniana,,1,,,,,,,
10243,10496,10470,Ching,47368,7146,Woodsia shensiensis,,1,,,,,,,
10243,10496,10470,Sm.,47372,7147,Woodwardia fimbriata,,1,,,,,,,
10243,10496,10470,(L.f.) Sm.,47374,7147,Woodwardia japonica,,1,,,,,,,
10243,10496,10470,L.,47403,7155,Xanthium strumarium,,1,,,,,,,
10243,10496,10470,L.,47403,7155,Xanthium strumarium,,1,,,,,,,
10243,10496,10470,Bunge,153560,13496,Xanthoceras sorbifolium,,1,,,,,,,
10243,10496,10470,C.Winkl.,322102,15186,Xanthopappus subacaulis,,1,,,,,,,
10243,10496,10470,(Lour.) Merr.,452872,947,Xylosma congesta,,1,,,,,,,
10243,10496,10470,Clos,47534,947,Xylosma controversa,,1,,,,,,,
10243,10496,10470,Clos,47551,947,Xylosma longifolia,,1,,,,,,,
10243,10496,10470,Büttner,47585,7180,Xyris congensis,,1,,,,,,,
10243,10496,10470,(O.E.Schulz) Y.H.Zhang,316535,7183,Yinshania acutangula,,1,,,,,,,
10243,10496,10470,(Oliv.) Y.H.Zhang,318475,7183,Yinshania henryi,,1,,,,,,,
10243,10496,10470,"(Dunn) Al-Shehbaz, G.Yang, L.L.Lu & T.Y.Cheo",47612,7183,Yinshania rivulorum,,1,,,,,,,
10243,10496,10470,"(K.C.Kuan) Al-Shehbaz, G.Yang, L.L.Lu & T.Y.Cheo",317442,7183,Yinshania sinuata,,1,,,,,,,
10243,10496,10470,Y.H.Zhang,318476,7183,Yinshania zayuensis,,1,,,,,,,
10243,10496,10470,(Babc.) Babc. & Stebbins,317897,7185,Youngia cineripappa,,1,,,,,,,
10243,10496,10470,(Vaniot) Babc. & Stebbins,317443,7185,Youngia erythrocarpa,,1,,,,,,,
10243,10496,10470,(Hook.f.) Babc. & Stebbins,451638,7185,Youngia gracilipes,,1,,,,,,,
10243,10496,10470,C.Shih,322103,7185,Youngia hastiformis,,1,,,,,,,
10243,10496,10470,(Diels) Babc. & Stebbins,318062,7185,Youngia henryi,,1,,,,,,,
10243,10496,10470,(Hemsl.) Babc. & Stebbins,47614,7185,Youngia heterophylla,,1,,,,,,,
10243,10496,10470,(L.) DC.,47615,7185,Youngia japonica,,1,,,,,,,
10243,10496,10470,(Diels) Babc. & Stebbins,138338,7185,Youngia paleacea,,1,,,,,,,
10243,10496,10470,C.Shih,322104,7185,Youngia pilifera,,1,,,,,,,
10243,10496,10470,(Babc.) Babc. & Stebbins,460709,7185,Youngia prattii,,1,,,,,,,
10243,10496,10470,(L.) DC.,47615,7185,Youngia japonica,,1,,,,,,,
10243,10496,10470,(Hook.f.) Babc. & Stebbins,139089,7185,Youngia racemifera,,1,,,,,,,
10243,10496,10470,(Diels) Babc. & Stebbins,317445,7185,Youngia rosthornii,,1,,,,,,,
10243,10496,10470,Babc. & Stebbins,319711,7185,Youngia rubida,,1,,,,,,,
10243,10496,10470,(Babc.) Babc. & Stebbins,451639,7185,Youngia simulatrix,,1,,,,,,,
10243,10496,10470,(Babc.) N.Kilian,461333,7185,Youngia atripappa,,1,,,,,,,
10243,10496,10470,(Soderb.) S.Y.Hu,461079,7185,Youngia szechuanica,,1,,,,,,,
10243,10496,10470,(Babc.) Babc. & Stebbins,322106,7185,Youngia wilsonii,,1,,,,,,,
10243,10496,10470,(Franch.) N.Tanaka,452874,12300,Helonias thibetica,,1,,,,,,,
10243,10496,10470,(M.A.Lawson) C.L.Li,47616,7186,Yua thomsonii,,1,,,,,,,
10243,10496,10470,(M.A.Lawson) C.L.Li,47616,7186,Yua thomsonii,,1,,,,,,,
10243,10496,10470,Pamp.,147822,4484,Magnolia biondii,,1,,,,,,,
10243,10496,10470,Hook.f. & Thomson,121672,4484,Magnolia campbellii,,1,,,,,,,
10243,10496,10470,Rehder & E.H.Wilson,147827,4484,Magnolia dawsoniana,,1,,,,,,,
10243,10496,10470,Desr.,126705,4484,Magnolia denudata,,1,,,,,,,
10243,10496,10470,Desr.,147842,4484,Magnolia liliiflora,,1,,,,,,,
10243,10496,10470,Rehder & E.H.Wilson,147855,4484,Magnolia sargentiana,,1,,,,,,,
10243,10496,10470,Pamp.,147861,4484,Magnolia sprengeri,,1,,,,,,,
10243,10496,10470,W.C.Cheng,147864,4484,Magnolia zenii,,1,,,,,,,
10243,10496,10470,T.P.Yi,159883,7189,Yushania ailuropodina,,1,,,,,,,
10243,10496,10470,(McClure) Z.P.Wang & G.H.Ye,159886,7189,Yushania basihirsuta,,1,,,,,,,
10243,10496,10470,(Hand.-Mazz.) T.P.Yi,159888,7189,Yushania brevipaniculata,,1,,,,,,,
10243,10496,10470,T.P.Yi,159893,7189,Yushania cava,,1,,,,,,,
10243,10496,10470,T.P.Yi,159894,7189,Yushania chingii,,1,,,,,,,
10243,10496,10470,T.P.Yi,159895,7189,Yushania collina,,1,,,,,,,
10243,10496,10470,(McClure) Z.P.Wang & G.H.Ye,159897,7189,Yushania confusa,,1,,,,,,,
10243,10496,10470,T.P.Yi,159899,7189,Yushania crispata,,1,,,,,,,
10243,10496,10470,T.P.Yi,159900,7189,Yushania dafengdingensis,,1,,,,,,,
10243,10496,10470,T.P.Yi,153655,7189,Yushania exilis,,1,,,,,,,
10243,10496,10470,T.P.Yi,159906,7189,Yushania flexa,,1,,,,,,,
10243,10496,10470,T.P.Yi & T.L.Long,159907,7189,Yushania glauca,,1,,,,,,,
10243,10496,10470,T.P.Yi,159914,7189,Yushania lineolata,,1,,,,,,,
10243,10496,10470,T.P.Yi,159918,7189,Yushania mabianensis,,1,,,,,,,
10243,10496,10470,T.P.Yi,159919,7189,Yushania maculata,,1,,,,,,,
10243,10496,10470,(Hayata) Keng f.,47627,7189,Yushania niitakayamensis,,1,,,,,,,
10243,10496,10470,T.P.Yi,159926,7189,Yushania pachyclada,,1,,,,,,,
10243,10496,10470,T.P.Yi,159931,7189,Yushania punctulata,,1,,,,,,,
10243,10496,10470,T.P.Yi,159941,7189,Yushania varians,,1,,,,,,,
10243,10496,10470,(Keng) T.P.Yi,159943,7189,Yushania violascens,,1,,,,,,,
10243,10496,10470,L.,47637,7194,Zannichellia palustris,,1,,,,,,,
10243,10496,10470,DC.,121439,7196,Zanthoxylum acanthopodium,,1,,,,,,,
10243,10496,10470,Siebold & Zucc.,47641,7196,Zanthoxylum ailanthoides,,1,,,,,,,
10243,10496,10470,DC.,47645,7196,Zanthoxylum armatum,,1,,,,,,,
10243,10496,10470,DC.,47645,7196,Zanthoxylum armatum,,1,,,,,,,
10243,10496,10470,Maxim.,47650,7196,Zanthoxylum bungeanum,,1,,,,,,,
10243,10496,10470,Hemsl.,47656,7196,Zanthoxylum dissitum,,1,,,,,,,
10243,10496,10470,Hemsl.,318477,7196,Zanthoxylum echinocarpum,,1,,,,,,,
10243,10496,10470,H.Lév.,318478,7196,Zanthoxylum esquirolii,,1,,,,,,,
10243,10496,10470,Hook.f.,322107,7196,Zanthoxylum khasianum,,1,,,,,,,
10243,10496,10470,(Hand.-Mazz.) Chun ex C.C.Huang,318770,7196,Zanthoxylum kwangsiense,,1,,,,,,,
10243,10496,10470,Drake,47668,7196,Zanthoxylum laetum,,1,,,,,,,
10243,10496,10470,C.C.Huang,319714,7196,Zanthoxylum leiboicum,,1,,,,,,,
10243,10496,10470,(Hand.-Mazz.) C.C.Huang,138343,7196,Zanthoxylum macranthum,,1,,,,,,,
10243,10496,10470,Hemsl.,317687,7196,Zanthoxylum micranthum,,1,,,,,,,
10243,10496,10470,Rehder,317047,7196,Zanthoxylum molle,,1,,,,,,,
10243,10496,10470,Franch.,319715,7196,Zanthoxylum multijugum,,1,,,,,,,
10243,10496,10470,(Roxb.) DC.,47677,7196,Zanthoxylum nitidum,,1,,,,,,,
10243,10496,10470,Wight,47680,7196,Zanthoxylum ovalifolium,,1,,,,,,,
10243,10496,10470,Maxim.,316691,7196,Zanthoxylum piasezkii,,1,,,,,,,
10243,10496,10470,C.C.Huang,319864,7196,Zanthoxylum rhombifoliolatum,,1,,,,,,,
10243,10496,10470,Blume,47688,7196,Zanthoxylum scandens,,1,,,,,,,
10243,10496,10470,Siebold & Zucc.,47689,7196,Zanthoxylum schinifolium,,1,,,,,,,
10243,10496,10470,Hance,443176,7196,Zanthoxylum simulans,,1,,,,,,,
10243,10496,10470,Hemsl.,317048,7196,Zanthoxylum stenophyllum,,1,,,,,,,
10243,10496,10470,Hemsl.,316692,7196,Zanthoxylum undulatifolium,,1,,,,,,,
10243,10496,10470,"(Hook.f. & Thomson ex Benth.) M.D.Dwivedi, A.K.Pandey & H.Schaef.",443178,7199,Zehneria odorata,,1,,,,,,,
10243,10496,10470,Arn.,47712,7199,Zehneria maysorensis,,1,,,,,,,
10243,10496,10470,Hand.-Mazz.,153672,7200,Zelkova schneideriana,,1,,,,,,,
10243,10496,10470,(Thunb.) Makino,47718,7200,Zelkova serrata,,1,,,,,,,
10243,10496,10470,C.K.Schneid.,153673,7200,Zelkova sinica,,1,,,,,,,
10243,10496,10470,Chun,153675,13504,Zenia insignis,,1,,,,,,,
10243,10496,10470,(L.) Schltr.,47758,7205,Zeuxine strateumatica,,1,,,,,,,
10243,10496,10470,(L.) Kunth,102467,10885,Anticlea sibirica,,1,,,,,,,
10243,10496,10470,Hayata,47768,7207,Zingiber kawagoii,,1,,,,,,,
10243,10496,10470,Z.Y.Zhu,211628,7207,Zingiber longyanjiang,,1,,,,,,,
10243,10496,10470,(Thunb.) Roscoe,153687,7207,Zingiber mioga,,1,,,,,,,
10243,10496,10470,Diels,47773,7207,Zingiber striolatum,,1,,,,,,,
10243,10496,10470,Z.Y.Zhu,211674,7207,Zingiber tuanjuum,,1,,,,,,,
10243,10496,10470,(L.) Roscoe ex Sm.,47774,7207,Zingiber zerumbet,,1,,,,,,,
10243,10496,10470,(Griseb.) Hance ex F.Muell.,47782,7210,Zizania latifolia,,1,,,,,,,
10243,10496,10470,Roxb.,121857,7211,Ziziphus incurva,,1,,,,,,,
10243,10496,10470,Mill.,47793,7211,Ziziphus jujuba,,1,,,,,,,
10243,10496,10470,Lam.,443184,7211,Ziziphus mauritiana,,1,,,,,,,
10243,10496,10470,W.W.Sm.,322108,7211,Ziziphus montana,,1,,,,,,,
10243,10496,10470,Y.L.Chen & P.K.Chou,322109,7211,Ziziphus xiangchengensis,,1,,,,,,,
10243,10496,10470,(L.) Pers.,47815,7215,Zornia diphylla,,1,,,,,,,
10243,10496,10470,Roxb.,438677,1621,Bambusa spinosa,,0,,,,,,,
10243,10496,10470,L.,5812,1821,Brassica oleracea,,0,,,,,,,
10243,10496,10470,(Siebold & Zucc.) Endl.,9096,2171,Chamaecyparis pisifera,,0,,,,,,,
10243,10496,10470,Siebold ex Tanaka,290203,2310,Citrus junos,,0,,,,,,,
10243,10496,10470,(Lamb.) Hook.,12143,2604,Cunninghamia lanceolata,,0,,,,,,,
10243,10496,10470,Salisb.,12237,2612,Curcuma aromatica,,0,,,,,,,
10243,10496,10470,Munro,13743,2768,Dendrocalamus latiflorus,,0,,,,,,,
10243,10496,10470,L.,24066,4025,Juniperus chinensis,,0,,,,,,,
10243,10496,10470,D.Don,24078,4025,Juniperus squamata,,0,,,,,,,
10243,10496,10470,L.,30279,4972,Nerium oleander,,0,,,,,,,
10243,10496,10470,McClure,227672,5510,Phyllostachys arcana,,0,,,,,,,
10243,10496,10470,(Carrière) J.Houz.,149890,5510,Phyllostachys edulis,,0,,,,,,,
10243,10496,10470,McClure,149891,5510,Phyllostachys nuda,,0,,,,,,,
10243,10496,10470,Siebold & Zucc.,34364,5563,Pinus densiflora,,0,,,,,,,
10243,10496,10470,Mill. ex Münchh.,34937,5600,Platanus × hispanica,,0,,,,,,,
10243,10496,10470,(L.) Franco,34956,5606,Platycladus orientalis,,0,,,,,,,
10243,10496,10470,(Blume) G.Don,131315,5987,Rhododendron mucronatum,,0,,,,,,,
10243,10496,10470,(Andrews) Sweet,38732,6043,Rosa × odorata,,0,,,,,,,
10243,10496,10470,,449698,6487,Spiraea x vanhouttei,,0,,,,,,,
10243,10496,10470,(L.) Rich.,44296,6694,Taxodium distichum,,0,,,,,,,
10243,10496,10470,(L.) Lippold,8326,2054,Cascabela thevetia,,0,,,,,,,
10243,10496,10470,Fortune ex Lindl.,138277,6840,Torreya grandis,,0,,,,,,,
10243,10496,10470,L.,71145,7003,Ulmus pumila,,0,,,,,,,
10243,10496,10470,L.,46850,7077,Vinca major,,0,,,,,,,
10243,10496,10470,L.,47706,7198,Zea mays,,0,,,,,,,
10243,10496,10470,(Gillies ex Hook. & Arn.) Donnell,297347,14665,Callianthe picta,,0,,,,,,,
10243,10496,10470,L.,1395,1152,Alcea rosea,,0,,,,,,,
10243,10496,10470,L.,1528,1174,Allium fistulosum,,0,,,,,,,
10243,10496,10470,(L.) Burm.f.,1685,1187,Aloe vera,,0,,,,,,,
10243,10496,10470,L.,1935,1216,Amaranthus cruentus,,0,,,,,,,
10243,10496,10470,(L.) Batsch,36384,5782,Prunus persica,,0,,,,,,,
10243,10496,10470,(Siebold) Siebold & Zucc.,57533,5782,Prunus mume,,0,,,,,,,
10243,10496,10470,Blume,3693,1511,Aspidistra elatior,,0,,,,,,,
10243,10496,10470,(Fisch. ex Roem. & Schult.) Metzg.,223938,1581,Avena chinensis,,0,,,,,,,
10243,10496,10470,L.,56891,1581,Avena nuda,,0,,,,,,,
10243,10496,10470,Dunn,4750,1650,Bauhinia blakeana,,0,,,,,,,
10243,10496,10470,(Thunb.) Cogn.,4989,1682,Benincasa hispida,,0,,,,,,,
10243,10496,10470,L.,5071,1702,Beta vulgaris,,0,,,,,,,
10243,10496,10470,(L.) Czern.,5808,1821,Brassica juncea,,0,,,,,,,
10243,10496,10470,(L.) Czern.,5808,1821,Brassica juncea,,0,,,,,,,
10243,10496,10470,L.,5810,1821,Brassica napus,,0,,,,,,,
10243,10496,10470,L.,5812,1821,Brassica oleracea,,0,,,,,,,
10243,10496,10470,L.,5815,1821,Brassica rapa,,0,,,,,,,
10243,10496,10470,L.,6952,1920,Calendula officinalis,,0,,,,,,,
10243,10496,10470,Rodigas,451945,1999,Canna × hybrida,,0,,,,,,,
10243,10496,10470,L.,7662,2011,Capsicum annuum,,0,,,,,,,
10243,10496,10470,Blume,8425,2062,Castanea mollissima,,0,,,,,,,
10243,10496,10470,G.Don,8500,2073,Catalpa ovata,,0,,,,,,,
10243,10496,10470,(L.) G.Don,8525,2078,Catharanthus roseus,,0,,,,,,,
10243,10496,10470,L.,8655,2100,Celosia argentea,,0,,,,,,,
10243,10496,10470,(Schousb.) Sch.Bip.,23593,3969,Ismelia carinata,,0,,,,,,,
10243,10496,10470,(L.) Fourr.,19843,3482,Glebionis segetum,,0,,,,,,,
10243,10496,10470,(L.) Roberty,9559,2272,Chrysopogon zizanioides,,0,,,,,,,
10243,10496,10470,(L.) J.Presl,9617,2294,Cinnamomum cassia,,0,,,,,,,
10243,10496,10470,L.,9801,2310,Citrus × aurantium,,0,,,,,,,
10243,10496,10470,(L.) Osbeck,439314,2310,Citrus × limon,,0,,,,,,,
10243,10496,10470,(Burm.) Merr.,9792,2310,Citrus maxima,,0,,,,,,,
10243,10496,10470,L.,9801,2310,Citrus × aurantium,,0,,,,,,,
10243,10496,10470,L.,9801,2310,Citrus × aurantium,,0,,,,,,,
10243,10496,10470,L.,9801,2310,Citrus × aurantium,,0,,,,,,,
10243,10496,10470,(Osbeck) Mabb.,10034,2334,Clerodendrum chinense,,0,,,,,,,
10243,10496,10470,(L.) Schott,10522,2409,Colocasia esculenta,,0,,,,,,,
10243,10496,10470,L.,10939,2470,Corchorus aestuans,,0,,,,,,,
10243,10496,10470,(L.) A.Chev.,11062,2473,Cordyline fruticosa,,0,,,,,,,
10243,10496,10470,L.,12116,2596,Cucumis melo,,0,,,,,,,
10243,10496,10470,L.,12121,2596,Cucumis sativus,,0,,,,,,,
10243,10496,10470,L.,12127,2597,Cucurbita pepo,,0,,,,,,,
10243,10496,10470,L.,12240,2612,Curcuma longa,,0,,,,,,,
10243,10496,10470,Mill.,12636,2642,Cydonia oblonga,,0,,,,,,,
10243,10496,10470,(DC.) Stapf,12684,2649,Cymbopogon citratus,,0,,,,,,,
10243,10496,10470,L.,13476,2735,Daucus carota,,0,,,,,,,
10243,10496,10470,L.,14405,2867,Dioscorea alata,,0,,,,,,,
10243,10496,10470,Turcz.,14437,2867,Dioscorea polystachya,,0,,,,,,,
10243,10496,10470,(L.) Gaertn.,16208,3075,Eleusine coracana,,0,,,,,,,
10243,10496,10470,(Collett & Hemsl.) Diels,137139,3086,Elsholtzia communis,,0,,,,,,,
10243,10496,10470,Moench,18267,3286,Fagopyrum esculentum,,0,,,,,,,
10243,10496,10470,(L.) Gaertn.,18269,3286,Fagopyrum tataricum,,0,,,,,,,
10243,10496,10470,(Huds.) Darbysh.,440146,4364,Lolium pratense,,0,,,,,,,
10243,10496,10470,(L.) W.Wight,18707,3330,Firmiana simplex,,0,,,,,,,
10243,10496,10470,Thunb.,9790,2310,Citrus japonica,,0,,,,,,,
10243,10496,10470,J.Harrison,440172,3375,Fuchsia × standishii,,0,,,,,,,
10243,10496,10470,Pursh,19057,3388,Gaillardia aristata,,0,,,,,,,
10243,10496,10470,(L.) Merr.,19963,3507,Glycine max,,0,,,,,,,
10243,10496,10470,L.,21720,3788,Hibiscus mutabilis,,0,,,,,,,
10243,10496,10470,L.,21730,3788,Hibiscus rosa-sinensis,,0,,,,,,,
10243,10496,10470,L.,21741,3788,Hibiscus syriacus,,0,,,,,,,
10243,10496,10470,L.,22324,3839,Hordeum distichon,,0,,,,,,,
10243,10496,10470,L.,23233,3942,Impatiens balsamina,,0,,,,,,,
10243,10496,10470,L.,23379,3957,Ipomoea alba,,0,,,,,,,
10243,10496,10470,L.,23552,3964,Isatis tinctoria,,0,,,,,,,
10243,10496,10470,L.,24086,4027,Justicia adhatoda,,0,,,,,,,
10243,10496,10470,L.,24189,4030,Kaempferia galanga,,0,,,,,,,
10243,10496,10470,(L.) A.J.Scott,4736,1644,Bassia scoparia,,0,,,,,,,
10243,10496,10470,L.,24575,4119,Lactuca sativa,,0,,,,,,,
10243,10496,10470,(Molina) Standl.,24600,4127,Lagenaria siceraria,,0,,,,,,,
10243,10496,10470,(L.) Coss. & Germ.,440827,7069,Vicia lens,,0,,,,,,,
10243,10496,10470,(H.Boissieu) Pimenov & Kljuykov,401370,2440,Conioselinum anthriscoides,,0,,,,,,,
10243,10496,10470,L.,12116,2596,Cucumis melo,,0,,,,,,,
10243,10496,10470,L.,27172,4442,Lythrum salicaria,,0,,,,,,,
10243,10496,10470,Raizada,445440,4509,Malva cavanillesiana,,0,,,,,,,
10243,10496,10470,L.,27637,4509,Malva verticillata,,0,,,,,,,
10243,10496,10470,Moc. & Sessé ex DC.,27643,4511,Malvaviscus penduliflorus,,0,,,,,,,
10243,10496,10470,L.,28097,4588,Medicago sativa,,0,,,,,,,
10243,10496,10470,L.,29294,4765,Momordica charantia,,0,,,,,,,
10243,10496,10470,L.,29429,4807,Morus alba,,0,,,,,,,
10243,10496,10470,L.,29566,4824,Musa × paradisiaca,,0,,,,,,,
10243,10496,10470,L.,31354,5167,Oryza sativa,,0,,,,,,,
10243,10496,10470,L.,31926,5253,Panicum miliaceum,,0,,,,,,,
10243,10496,10470,L.,32309,5316,Passiflora caerulea,,0,,,,,,,
10243,10496,10470,(Sweet) D.Don ex W.H.Baxter,314715,5429,Petunia × atkinsiana,,0,,,,,,,
10243,10496,10470,McClure,157146,5510,Phyllostachys aureosulcata,,0,,,,,,,
10243,10496,10470,McClure,33692,5510,Phyllostachys bissetii,,0,,,,,,,
10243,10496,10470,Gamble,120789,5510,Phyllostachys mannii,,0,,,,,,,
10243,10496,10470,Munro,137770,5510,Phyllostachys nidularia,,0,,,,,,,
10243,10496,10470,McClure,227689,5510,Phyllostachys propinqua,,0,,,,,,,
10243,10496,10470,Moench,441762,20082,Alkekengi officinarum,,0,,,,,,,
10243,10496,10470,Mill.,34390,5563,Pinus rigida,,0,,,,,,,
10243,10496,10470,Lam.,441816,4173,Lathyrus oleraceus,,0,,,,,,,
10243,10496,10470,(Thunb.) W.T.Aiton,34705,5584,Pittosporum tobira,,0,,,,,,,
10243,10496,10470,(Mitford) Nakai,441852,5625,Pleioblastus distichus,,0,,,,,,,
10243,10496,10470,(Aiton) Spach,290640,5410,Persicaria tinctoria,,0,,,,,,,
10243,10496,10470,L.,37900,5930,Raphanus raphanistrum,,0,,,,,,,
10243,10496,10470,Sweet,460739,5987,Rhododendron × pulchrum,,0,,,,,,,
10243,10496,10470,L.,39500,6094,Saccharum officinarum,,0,,,,,,,
10243,10496,10470,Roxb.,443371,6094,Saccharum × sinense,,0,,,,,,,
10243,10496,10470,L.,39648,6115,Salix babylonica,,0,,,,,,,
10243,10496,10470,L.,39648,6115,Salix babylonica,,0,,,,,,,
10243,10496,10470,L.,39940,6139,Sapindus saponaria,,0,,,,,,,
10243,10496,10470,(L.) P.Beauv.,41358,6341,Setaria italica,,0,,,,,,,
10243,10496,10470,(L.) Moench,42229,6438,Sorghum bicolor,,0,,,,,,,
10243,10496,10470,Lindl.,152539,6651,Syringa oblata,,0,,,,,,,
10243,10496,10470,(L.) Alston,43587,6654,Syzygium jambos,,0,,,,,,,
10243,10496,10470,(Lindl.) Lem.,45398,6853,Trachelospermum jasminoides,,0,,,,,,,
10243,10496,10470,L.,45446,6866,Trapa natans,,0,,,,,,,
10243,10496,10470,L.,45911,6964,Triticum aestivum,,0,,,,,,,
10243,10496,10470,Fortune,153390,7068,Viburnum macrocephalum,,0,,,,,,,
10243,10496,10470,(Willd.) Ohwi & H.Ohashi,46820,7072,Vigna angularis,,0,,,,,,,
10243,10496,10470,(L.) R.Wilczek,46835,7072,Vigna radiata,,0,,,,,,,
10243,10496,10470,(Thunb.) Ohwi & H.Ohashi,46841,7072,Vigna umbellata,,0,,,,,,,
10243,10496,10470,(L.) Walp.,46842,7072,Vigna unguiculata,,0,,,,,,,
10243,10496,10470,Soul.-Bod.,147860,4484,Magnolia × soulangeana,,0,,,,,,,
10243,10496,10470,Roscoe,47770,7207,Zingiber officinale,,0,,,,,,,
10243,10496,10470,Mill.,47793,7211,Ziziphus jujuba,,0,,,,,,,
