ref_ID,list_ID,entity_ID,work_author,work_ID,genus_ID,work_species,questionable,native,quest_native,naturalized,endemic_ref,quest_end_ref,endemic_list,quest_end_list,cons_status
10181,10232,10223,L.C.Wheeler,128675,3237,Euphorbia theriaca,0,1,,,,,,,
10181,10232,10223,L.C.Wheeler,128675,3237,Euphorbia theriaca,0,1,,,,,,,
10181,10232,10223,(Boiss.) Tidestr.,128109,3237,Euphorbia chaetocalyx,0,1,,,,,,,
10181,10232,10223,(Engelm.) Orcutt,57852,8220,Coryphantha echinus,0,1,,,,,,,
10181,10232,10223,(Engelm.) Orcutt,57852,8220,Coryphantha echinus,0,1,,,,,,,
10181,10232,10223,Britton & Rose,127548,3205,Escobaria sneedii,0,1,,,,,,,
10181,10232,10223,W.T.Marshall,128676,3028,Echinocereus chisoensis,0,1,,,,,,,
10181,10232,10223,(Engelm.) N.P.Taylor,450404,8217,Sclerocactus intertextus,0,1,,,,,,,
10181,10232,10223,Hack. ex Scribn.,127186,3080,Elionurus barbiculmis,1,1,,,,,,,
10181,10232,10223,Engelm. & J.M.Bigelow,450475,5127,Opuntia tortispina,0,1,,,,,,,
10181,10232,10223,(Engelm.) H.Rob.,444072,16540,Grusonia schottii,0,1,,,,,,,
10181,10232,10223,Michx.,39552,6106,Sagittaria graminea,0,1,,,,,,,
10181,10232,10223,Engelm. ex J.G.Sm.,63774,6106,Sagittaria longiloba,0,1,,,,,,,
10181,10232,10223,(Spreng.) Magnus,29979,4876,Najas guadalupensis,1,1,,,,,,,
10181,10232,10223,Michx.,46403,7036,Vallisneria americana,0,1,,,,,,,
10181,10232,10223,Fieber,35983,5738,Potamogeton berchtoldii,1,1,,,,,,,
10181,10232,10223,Raf.,35990,5738,Potamogeton diversifolius,0,1,,,,,,,
10181,10232,10223,(L.) Börner,43223,6602,Stuckenia pectinata,0,1,,,,,,,
10181,10232,10223,(A.Gray) B.L.Turner,128678,11879,Cymopterus hallii,0,1,,,,,,,
10181,10232,10223,Hook. & Arn.,126403,2162,Chaerophyllum tainturieri,0,1,,,,,,,
10181,10232,10223,(Pers.) Sprague ex Britton & P.Wilson,12632,2640,Cyclospermum leptophyllum,0,0,,,,,,,
10181,10232,10223,(A.Gray) B.L.Turner,128678,11879,Cymopterus hallii,0,1,,,,,,,
10181,10232,10223,(Huds.) Link,45321,6836,Torilis arvensis,0,0,,,,,,,
10181,10232,10223,L.,22645,3883,Hydrocotyle umbellata,0,1,,,,,,,
10181,10232,10223,Thunb.,22646,3883,Hydrocotyle verticillata,0,1,,,,,,,
10181,10232,10223,L.,33288,5481,Phoenix dactylifera,0,0,,,,,,,
10181,10232,10223,Roth,125881,1174,Allium cernuum,0,1,,,,,,,
10181,10232,10223,Regel,128601,1174,Allium drummondii,0,1,,,,,,,
10181,10232,10223,Link & Otto,127403,1174,Allium glandulosum,0,1,,,,,,,
10181,10232,10223,(Kunth) Spreng.,127404,1174,Allium longifolium,0,1,,,,,,,
10181,10232,10223,S.V.Fraser,128679,1174,Allium perdulce,0,1,,,,,,,
10181,10232,10223,(Herb.) D.Dietr.,128680,7203,Zephyranthes chlorosolen,0,1,,,,,,,
10181,10232,10223,(L.) Britton,30443,5030,Nothoscordum bivalve,0,1,,,,,,,
10181,10232,10223,(L.) Britton,30443,5030,Nothoscordum bivalve,1,0,,,,,,,
10181,10232,10223,Hemsl.,450425,7203,Zephyranthes longifolia,0,1,,,,,,,
10181,10232,10223,(Engelm.) A.Berger,128681,1115,Agave × glomeruliflora,0,1,,,,,,,
10181,10232,10223,Trel.,128682,1115,Agave havardiana,0,1,,,,,,,
10181,10232,10223,Torr.,57753,1115,Agave lechuguilla,0,1,,,,,,,
10181,10232,10223,L.,3634,1506,Asparagus officinalis,0,0,,,,,,,
10181,10232,10223,Engelm. ex Trel.,128683,2729,Dasylirion leiophyllum,1,1,,,,,,,
10181,10232,10223,Engelm. ex Trel.,128683,2729,Dasylirion leiophyllum,0,1,,,,,,,
10181,10232,10223,(Torr.) S.Watson,128684,5008,Nolina erumpens,0,1,,,,,,,
10181,10232,10223,S.Watson,128685,5008,Nolina texana,0,1,,,,,,,
10181,10232,10223,(Engelm.) Engelm.,47618,7187,Yucca elata,0,1,,,,,,,
10181,10232,10223,Sarg.,128686,7187,Yucca faxoniana,0,1,,,,,,,
10181,10232,10223,Engelm. ex Trel.,128687,7187,Yucca rostrata,0,1,,,,,,,
10181,10232,10223,Trel.,128688,7187,Yucca thompsoniana,0,1,,,,,,,
10181,10232,10223,Sarg.,128686,7187,Yucca faxoniana,0,1,,,,,,,
10181,10232,10223,Douglas,16600,3138,Epipactis gigantea,0,1,,,,,,,
10181,10232,10223,(Greenm.) Sosa & M.W.Chase,450551,1738,Bletia mexicana,0,1,,,,,,,
10181,10232,10223,(L.O.Williams) Sosa & M.W.Chase,450552,1738,Bletia nitida,0,1,,,,,,,
10181,10232,10223,(Correll) Sosa & M.W.Chase,450463,1738,Bletia revoluta,0,1,,,,,,,
10181,10232,10223,(Walter) Sosa & M.W.Chase,450406,1738,Bletia spicata,0,0,,,,,,,
10181,10232,10223,(Walter) Sosa & M.W.Chase,450406,1738,Bletia spicata,0,1,,,,,,,
10181,10232,10223,(Walter) Sosa & M.W.Chase,450406,1738,Bletia spicata,0,1,,,,,,,
10181,10232,10223,(Ames & Correll) Sosa & M.W.Chase,450407,1738,Bletia warnockii,0,1,,,,,,,
10181,10232,10223,(Rchb.f.) R.González & Szlach.,450468,20326,Tamayorkis ehrenbergii,1,1,,,,,,,
10181,10232,10223,(Lex.) Kuntze,127253,4497,Malaxis macrostachya,1,1,,,,,,,
10181,10232,10223,(Salazar) R.González & Szlach.,450553,20326,Tamayorkis wendtii,0,1,,,,,,,
10181,10232,10223,(Lex.) Garay,80889,9871,Dichromanthus cinnabarinus,0,1,,,,,,,
10181,10232,10223,(Garay) Salazar,128692,12084,Sotoa confusa,0,1,,,,,,,
10181,10232,10223,(Lex.) Salazar & Soto Arenas,127992,9871,Dichromanthus michuacanus,0,1,,,,,,,
10181,10232,10223,(A.Gray) Reveal & R.M.King,127078,1009,Acourtia nana,0,1,,,,,,,
10181,10232,10223,(D.Don) B.L.Turner,128693,1009,Acourtia runcinata,0,1,,,,,,,
10181,10232,10223,(A.Gray) Reveal & R.M.King,57764,1009,Acourtia wrightii,0,1,,,,,,,
10181,10232,10223,(Kunth) R.M.King & H.Rob.,1121,1118,Ageratina havanensis,1,1,,,,,,,
10181,10232,10223,(A.Gray) R.M.King & H.Rob.,125970,1118,Ageratina herbacea,0,1,,,,,,,
10181,10232,10223,(A.Gray) R.M.King & H.Rob.,127395,1118,Ageratina rothrockii,0,1,,,,,,,
10181,10232,10223,(A.Gray) R.M.King & H.Rob.,127083,1118,Ageratina wrightii,0,1,,,,,,,
10181,10232,10223,DC.,128694,12085,Amblyolepis setigera,0,1,,,,,,,
10181,10232,10223,Hook.,1977,1225,Ambrosia acanthicarpa,1,1,,,,,,,
10181,10232,10223,L.,1979,1225,Ambrosia artemisiifolia,1,1,,,,,,,
10181,10232,10223,DC.,1985,1225,Ambrosia confertiflora,0,1,,,,,,,
10181,10232,10223,DC.,1994,1225,Ambrosia psilostachya,0,1,,,,,,,
10181,10232,10223,(DC.) Nutt.,128695,12086,Amphiachyris dracunculoides,0,1,,,,,,,
10181,10232,10223,DC.,47910,7225,Aphanostephus ramosissimus,0,1,,,,,,,
10181,10232,10223,Alph.Wood ex J.H.Carruth,127097,1478,Artemisia carruthii,0,1,,,,,,,
10181,10232,10223,L.,3400,1478,Artemisia campestris,1,1,,,,,,,
10181,10232,10223,L.,3405,1478,Artemisia dracunculus,0,1,,,,,,,
10181,10232,10223,Nutt.,3425,1478,Artemisia ludoviciana,0,0,,,,,,,
10181,10232,10223,Nutt.,3425,1478,Artemisia ludoviciana,0,1,,,,,,,
10181,10232,10223,Nutt.,3425,1478,Artemisia ludoviciana,0,1,,,,,,,
10181,10232,10223,(Willd.) G.L.Nesom,43372,6635,Symphyotrichum lanceolatum,1,1,,,,,,,
10181,10232,10223,A.Gray,128696,1594,Baccharis havardii,0,1,,,,,,,
10181,10232,10223,DC.,127108,1594,Baccharis pteronioides,0,1,,,,,,,
10181,10232,10223,(Ruiz & Pav.) Pers.,374056,1594,Baccharis salicifolia,0,1,,,,,,,
10181,10232,10223,Torr. & A.Gray,4479,1594,Baccharis salicina,0,1,,,,,,,
10181,10232,10223,A.Gray,128084,1594,Baccharis wrightii,0,1,,,,,,,
10181,10232,10223,(Benth.) B.G.Baldwin,444061,12053,Picradeniopsis absinthifolia,0,1,,,,,,,
10181,10232,10223,(A.Gray) B.G.Baldwin,450554,12053,Picradeniopsis bigelovii,0,1,,,,,,,
10181,10232,10223,(A.Gray) B.G.Baldwin,450433,11998,Hymenothrix biternata,1,1,,,,,,,
10181,10232,10223,(A.Gray) B.G.Baldwin,450282,11998,Hymenothrix dissecta,0,1,,,,,,,
10181,10232,10223,(A.Gray) B.G.Baldwin,444060,11998,Hymenothrix pedata,0,1,,,,,,,
10181,10232,10223,Harv. & A.Gray,127110,11989,Baileya multiradiata,0,1,,,,,,,
10181,10232,10223,(Kunth) H.Rob. & Brettell,57810,8206,Barkleyanthus salicifolius,0,1,,,,,,,
10181,10232,10223,Benth.,127112,11990,Berlandiera lyrata,0,1,,,,,,,
10181,10232,10223,A.Gray,127113,1708,Bidens bigelovii,0,1,,,,,,,
10181,10232,10223,"(L.) Britton, Sterns & Poggenb.",5128,1708,Bidens laevis,1,1,,,,,,,
10181,10232,10223,Sherff,127116,1708,Bidens leptocephala,0,1,,,,,,,
10181,10232,10223,Standl.,128698,1830,Brickellia hinckleyi,0,1,,,,,,,
10181,10232,10223,(Torr. & A.Gray) A.Gray,5848,1830,Brickellia californica,0,1,,,,,,,
10181,10232,10223,A.Gray,127125,1830,Brickellia lemmonii,0,1,,,,,,,
10181,10232,10223,A.Gray,5849,1830,Brickellia coulteri,0,1,,,,,,,
10181,10232,10223,A.Gray & Engelm.,128700,1830,Brickellia cylindracea,0,1,,,,,,,
10181,10232,10223,(L.) Shinners,126276,1830,Brickellia eupatorioides,0,1,,,,,,,
10181,10232,10223,(Hook.) Nutt.,125997,1830,Brickellia grandiflora,0,1,,,,,,,
10181,10232,10223,A.Gray,57773,1830,Brickellia laciniata,0,1,,,,,,,
10181,10232,10223,A.Gray,127125,1830,Brickellia lemmonii,0,1,,,,,,,
10181,10232,10223,(Kunth) A.Gray,128701,1830,Brickellia veronicifolia,0,1,,,,,,,
10181,10232,10223,(A.Gray) R.M.King & H.Rob.,127129,11993,Brickelliastrum fendleri,0,1,,,,,,,
10181,10232,10223,Less.,7242,1963,Calyptocarpus vialis,0,0,,,,,,,
10181,10232,10223,DC.,80994,9885,Carminatia tenuiflora,0,1,,,,,,,
10181,10232,10223,A.Gray,127136,11994,Carphochaete bigelovii,0,1,,,,,,,
10181,10232,10223,Nutt.,57775,2104,Centaurea americana,0,1,,,,,,,
10181,10232,10223,L.,8738,2104,Centaurea melitensis,0,0,,,,,,,
10181,10232,10223,(A.Gray) Shinners,57777,8201,Chaetopappa bellioides,0,1,,,,,,,
10181,10232,10223,(Torr.) G.L.Nesom,57802,8201,Chaetopappa ericoides,0,1,,,,,,,
10181,10232,10223,Greene,57906,2187,Chaptalia texana,0,1,,,,,,,
10181,10232,10223,(Benth.) G.L.Nesom,57768,8199,Chloracantha spinosa,0,1,,,,,,,
10181,10232,10223,(A.Gray) R.M.King & H.Rob.,57789,2258,Chromolaena bigelovii,0,1,,,,,,,
10181,10232,10223,(L.) R.M.King & H.Rob.,9514,2258,Chromolaena odorata,1,1,,,,,,,
10181,10232,10223,A.Gray,57779,8202,Chrysactinia mexicana,0,1,,,,,,,
10181,10232,10223,"(Wooton & Standl.) Urbatsch, R.P.Roberts & Neubig",128348,11876,Lorandersonia baileyi,0,1,,,,,,,
10181,10232,10223,"(L.C.Anderson) Urbatsch, R.P.Roberts & Neubig",128702,11876,Lorandersonia spathulata,0,1,,,,,,,
10181,10232,10223,A.Gray,9684,2299,Cirsium ochrocentrum,0,1,,,,,,,
10181,10232,10223,Buckley,57776,2299,Cirsium texanum,0,1,,,,,,,
10181,10232,10223,Warnock,128703,2299,Cirsium turneri,0,1,,,,,,,
10181,10232,10223,Spreng.,125651,2299,Cirsium undulatum,0,1,,,,,,,
10181,10232,10223,(Mill.) R.M.King & H.Rob.,128704,2446,Conoclinium betonicifolium,1,1,,,,,,,
10181,10232,10223,A.Gray,450447,2446,Conoclinium dissectum,0,1,,,,,,,
10181,10232,10223,L.,16807,3164,Erigeron canadensis,0,1,,,,,,,
10181,10232,10223,(Jacq.) Pers.,63798,2511,Cosmos parviflorus,0,1,,,,,,,
10181,10232,10223,A.Gray,128430,12063,Dicranocarpus parviflorus,1,1,,,,,,,
10181,10232,10223,(Vent.) Hitchc.,106039,3018,Dyssodia papposa,0,1,,,,,,,
10181,10232,10223,(L.) L.,15750,3040,Eclipta prostrata,0,1,,,,,,,
10181,10232,10223,(Raf.) Goodman & C.A.Lawson,128432,12064,Engelmannia peristenia,0,1,,,,,,,
10181,10232,10223,Greene,125695,3164,Erigeron tracyi,0,1,,,,,,,
10181,10232,10223,A.Gray,125908,3164,Erigeron flagellaris,0,1,,,,,,,
10181,10232,10223,A.Gray,57787,3164,Erigeron modestus,0,1,,,,,,,
10181,10232,10223,(Greenm.) G.L.Nesom,63841,3164,Erigeron versicolor,0,1,,,,,,,
10181,10232,10223,(L.) R.M.King & H.Rob.,73848,1118,Ageratina altissima,1,1,,,,,,,
10181,10232,10223,(Raf.) Morefield,127588,12009,Diaperia verna,0,1,,,,,,,
10181,10232,10223,(Spreng.) C.Mohr,18747,3337,Flaveria trinervia,0,1,,,,,,,
10181,10232,10223,DC.,57792,8015,Flourensia cernua,0,1,,,,,,,
10181,10232,10223,(A.Gray) R.M.King & H.Rob.,128705,12087,Flyriella parryi,0,1,,,,,,,
10181,10232,10223,B.L.Turner,128706,3388,Gaillardia coahuilensis,1,1,,,,,,,
10181,10232,10223,Torr.,125718,3388,Gaillardia pinnatifida,0,1,,,,,,,
10181,10232,10223,Cav.,19137,3400,Galinsoga parviflora,0,1,,,,,,,
10181,10232,10223,A.Gray,128707,3568,Grindelia arizonica,0,1,,,,,,,
10181,10232,10223,Steyerm.,128708,3568,Grindelia havardii,0,1,,,,,,,
10181,10232,10223,Alph.Wood,450293,3568,Grindelia nuda,0,1,,,,,,,
10181,10232,10223,(DC.) Torr. & A.Gray,128709,3592,Gutierrezia texana,1,1,,,,,,,
10181,10232,10223,(DC.) A.Gray,20661,3592,Gutierrezia microcephala,0,1,,,,,,,
10181,10232,10223,(Pursh) Britton & Rusby,57795,3592,Gutierrezia sarothrae,0,1,,,,,,,
10181,10232,10223,A.Gray,127675,3592,Gutierrezia sphaerocephala,0,1,,,,,,,
10181,10232,10223,(Spreng.) Less.,57796,8204,Gymnosperma glutinosum,0,1,,,,,,,
10181,10232,10223,A.Gray,128710,12088,Haploesthes greggii,0,1,,,,,,,
10181,10232,10223,A.Gray,450555,3695,Helenium amphibolum,0,1,,,,,,,
10181,10232,10223,DC.,128712,3695,Helenium microcephalum,0,0,,,,,,,
10181,10232,10223,DC.,128712,3695,Helenium microcephalum,0,1,,,,,,,
10181,10232,10223,DC.,128712,3695,Helenium microcephalum,0,1,,,,,,,
10181,10232,10223,Labill.,21121,3695,Helenium quadridentatum,0,1,,,,,,,
10181,10232,10223,L.,21166,3698,Helianthus annuus,0,1,,,,,,,
10181,10232,10223,DC.,127217,3698,Helianthus ciliaris,0,1,,,,,,,
10181,10232,10223,Nutt.,21171,3698,Helianthus petiolaris,0,1,,,,,,,
10181,10232,10223,Nutt.,21171,3698,Helianthus petiolaris,0,1,,,,,,,
10181,10232,10223,Cockerell,127218,11996,Heliomeris longifolia,0,1,,,,,,,
10181,10232,10223,A.Gray,127220,7607,Heliopsis parvifolia,0,1,,,,,,,
10181,10232,10223,Cav.,63806,3776,Heterosperma pinnatum,0,1,,,,,,,
10181,10232,10223,(DC.) Shinners,57797,3780,Heterotheca canescens,1,1,,,,,,,
10181,10232,10223,(Greene) Shinners,127684,3780,Heterotheca fulcrata,0,1,,,,,,,
10181,10232,10223,(Lam.) Britton & Rusby,21617,3780,Heterotheca subaxillaris,0,1,,,,,,,
10181,10232,10223,(Pursh) Shinners,125644,3780,Heterotheca villosa,0,1,,,,,,,
10181,10232,10223,Fr.,57799,3789,Hieracium schultzii,0,1,,,,,,,
10181,10232,10223,(Torr. & A.Gray) Strother & B.G.Baldwin,1992,1225,Ambrosia monogyra,0,1,,,,,,,
10181,10232,10223,DC.,127703,9265,Hymenoxys odorata,0,1,,,,,,,
10181,10232,10223,Greene,128200,3973,Isocoma pluriflora,0,1,,,,,,,
10181,10232,10223,(A.Gray) Strother,57801,8205,Hedosyne ambrosiifolia,0,1,,,,,,,
10181,10232,10223,(A.Gray) Strother,57834,8214,Jefea brevifolia,0,1,,,,,,,
10181,10232,10223,(A.Gray) R.M.King & H.Rob.,450466,4070,Koanophyllon solidaginifolium,0,1,,,,,,,
10181,10232,10223,(A.Gray) G.L.Nesom,24589,4121,Laennecia coulteri,0,1,,,,,,,
10181,10232,10223,DC.,450556,4121,Laennecia filaginoides,0,1,,,,,,,
10181,10232,10223,(Kunth) G.L.Nesom,63843,4121,Laennecia sophiifolia,0,1,,,,,,,
10181,10232,10223,Hook.,128609,4299,Liatris punctata,0,1,,,,,,,
10181,10232,10223,(A.Gray) D.R.Morgan & R.L.Hartm.,450557,11892,Xanthisma blephariphylla,1,1,,,,,,,
10181,10232,10223,(Nutt.) D.R.Morgan & R.L.Hartm.,127369,11892,Xanthisma gracile,1,1,,,,,,,
10181,10232,10223,(Pursh) D.R.Morgan & R.L.Hartm.,125965,11892,Xanthisma spinulosum,0,0,,,,,,,
10181,10232,10223,(Pursh) D.R.Morgan & R.L.Hartm.,125965,11892,Xanthisma spinulosum,0,1,,,,,,,
10181,10232,10223,(Pursh) D.R.Morgan & R.L.Hartm.,125965,11892,Xanthisma spinulosum,0,1,,,,,,,
10181,10232,10223,(Greene) G.L.Nesom & B.L.Turner,415364,11892,Xanthisma scabrellum,0,1,,,,,,,
10181,10232,10223,(Kunth) Nees,125768,4448,Machaeranthera tanacetifolia,0,1,,,,,,,
10181,10232,10223,Torr. & A.Gray,28212,4603,Melampodium leucanthum,0,1,,,,,,,
10181,10232,10223,A.Gray,128715,12089,Nicolletia edwardsii,0,1,,,,,,,
10181,10232,10223,(Rydb.) W.A.Weber & Á.Löve,128716,5234,Packera millelobata,0,1,,,,,,,
10181,10232,10223,Cory,128717,5242,Palafoxia riograndensis,0,1,,,,,,,
10181,10232,10223,(Bush) Cory,128718,5242,Palafoxia rosea,0,1,,,,,,,
10181,10232,10223,A.Gray,128719,5312,Parthenium argentatum,0,1,,,,,,,
10181,10232,10223,A.Gray,127841,5312,Parthenium confertum,0,1,,,,,,,
10181,10232,10223,L.,32185,5312,Parthenium hysterophorus,1,1,,,,,,,
10181,10232,10223,Kunth,57807,5312,Parthenium incanum,0,1,,,,,,,
10181,10232,10223,Torr.,32454,5330,Pectis angustifolia,0,0,,,,,,,
10181,10232,10223,Torr.,32454,5330,Pectis angustifolia,0,1,,,,,,,
10181,10232,10223,Torr.,32454,5330,Pectis angustifolia,0,1,,,,,,,
10181,10232,10223,Rydb.,127846,5330,Pectis cylindrica,0,1,,,,,,,
10181,10232,10223,Harv. & A.Gray,127279,5330,Pectis filipes,0,1,,,,,,,
10181,10232,10223,Harv. & A.Gray,32475,5330,Pectis papposa,0,1,,,,,,,
10181,10232,10223,Cav.,32477,5330,Pectis prostrata,0,1,,,,,,,
10181,10232,10223,A.Gray,126114,11922,Pericome caudata,0,1,,,,,,,
10181,10232,10223,A.Gray,128720,5404,Perityle aglossa,0,1,,,,,,,
10181,10232,10223,(Torr.) Shinners,128721,5404,Perityle bisetosa,0,1,,,,,,,
10181,10232,10223,A.Gray,128722,5404,Perityle dissecta,0,1,,,,,,,
10181,10232,10223,A.Gray,128723,5404,Perityle parryi,0,1,,,,,,,
10181,10232,10223,(A.Gray) Shinners,128724,5404,Perityle rupestris,0,1,,,,,,,
10181,10232,10223,J.M.Coult.,128725,5404,Perityle vaseyi,0,1,,,,,,,
10181,10232,10223,(Less.) Less.,57812,8207,Pinaropappus roseus,0,1,,,,,,,
10181,10232,10223,(L.) Cass.,35146,5656,Pluchea odorata,1,1,,,,,,,
10181,10232,10223,Coville,127910,5656,Pluchea sericea,0,1,,,,,,,
10181,10232,10223,(Jacq.) Cass.,35916,5730,Porophyllum ruderale,0,1,,,,,,,
10181,10232,10223,A.Gray,57813,5730,Porophyllum scoparium,0,1,,,,,,,
10181,10232,10223,(A.Gray) H.Rob.,128726,12090,Psathyrotopsis scaposa,0,1,,,,,,,
10181,10232,10223,(A.Gray) H.Rob.,128726,12090,Psathyrotopsis scaposa,0,1,,,,,,,
10181,10232,10223,Rydb.,128444,12066,Pseudoclappia arenaria,1,1,,,,,,,
10181,10232,10223,(A.Gray) Anderb.,127666,5801,Pseudognaphalium arizonicum,0,1,,,,,,,
10181,10232,10223,(Nutt.) Anderb.,36460,5801,Pseudognaphalium microcephalum,0,1,,,,,,,
10181,10232,10223,(Greene) Kartesz,127316,5801,Pseudognaphalium macounii,0,1,,,,,,,
10181,10232,10223,(A.Gray) Anderb.,127317,5801,Pseudognaphalium pringlei,0,1,,,,,,,
10181,10232,10223,(Kunth) Anderb.,36466,5801,Pseudognaphalium stramineum,0,1,,,,,,,
10181,10232,10223,(Kunth) Anderb.,127928,5801,Pseudognaphalium viscosum,0,1,,,,,,,
10181,10232,10223,Sch.Bip. ex Hemsl.,63850,8555,Psilactis brevilingulata,0,1,,,,,,,
10181,10232,10223,DC.,57814,8208,Psilostrophe gnaphalodes,0,1,,,,,,,
10181,10232,10223,Rydb. ex Britton,128728,8208,Psilostrophe villosa,0,1,,,,,,,
10181,10232,10223,(Nutt.) Wooton & Standl.,57815,8209,Ratibida columnifera,0,1,,,,,,,
10181,10232,10223,DC.,57816,8190,Sanvitalia ocymoides,1,1,,,,,,,
10181,10232,10223,Lam.,57607,8190,Sanvitalia procumbens,0,0,,,,,,,
10181,10232,10223,(Lam.) Kuntze ex Thell.,40424,6229,Schkuhria pinnata,1,1,,,,,,,
10181,10232,10223,(Hook. & Arn.) B.G.Baldwin,422740,12053,Picradeniopsis multiflora,0,1,,,,,,,
10181,10232,10223,Less.,41107,6319,Senecio flaccidus,0,1,,,,,,,
10181,10232,10223,A.Gray,127342,6319,Senecio parryi,0,1,,,,,,,
10181,10232,10223,(A.Gray & Engelm.) A.Gray,128729,6379,Simsia calva,0,1,,,,,,,
10181,10232,10223,L.,42081,6426,Solidago canadensis,0,1,,,,,,,
10181,10232,10223,G.L.Nesom,128730,6426,Solidago juliae,0,1,,,,,,,
10181,10232,10223,Nutt.,128731,6426,Solidago radula,1,1,,,,,,,
10181,10232,10223,DC.,125836,6426,Solidago velutina,0,1,,,,,,,
10181,10232,10223,A.Gray,127347,6426,Solidago wrightii,1,1,,,,,,,
10181,10232,10223,(L.) Hill,42108,6431,Sonchus asper,0,0,,,,,,,
10181,10232,10223,L.,42135,6431,Sonchus oleraceus,0,0,,,,,,,
10181,10232,10223,(Torr.) A.Nelson,125846,6550,Stephanomeria pauciflora,0,1,,,,,,,
10181,10232,10223,(Torr.) H.M.Hall,125847,6550,Stephanomeria tenuifolia,1,1,,,,,,,
10181,10232,10223,Willd.,63260,6558,Stevia ovata,0,1,,,,,,,
10181,10232,10223,Cav.,128732,6558,Stevia salicifolia,1,1,,,,,,,
10181,10232,10223,Cav.,63862,6558,Stevia serrata,0,1,,,,,,,
10181,10232,10223,Kunth,127999,6558,Stevia viscida,0,1,,,,,,,
10181,10232,10223,(Nutt.) G.L.Nesom,438574,6635,Symphyotrichum divaricatum,0,1,,,,,,,
10181,10232,10223,(Poepp. ex Spreng.) G.L.Nesom,43369,6635,Symphyotrichum expansum,0,1,,,,,,,
10181,10232,10223,Cav.,63867,6665,Tagetes micrantha,0,1,,,,,,,
10181,10232,10223,F.H.Wigg.,442743,6683,Taraxacum sect.,0,0,,,,,,,
10181,10232,10223,A.Gray & Engelm.,57823,8210,Tetragonotheca texana,1,1,,,,,,,
10181,10232,10223,(DC.) Greene,57800,8198,Tetraneuris scaposa,0,1,,,,,,,
10181,10232,10223,(Spreng.) Herter,69519,8211,Thelesperma megapotamicum,1,1,,,,,,,
10181,10232,10223,(Hook.) A.Gray,128733,8211,Thelesperma filifolium,0,1,,,,,,,
10181,10232,10223,A.Gray,127358,8211,Thelesperma longipes,0,1,,,,,,,
10181,10232,10223,(Spreng.) Herter,69519,8211,Thelesperma megapotamicum,0,1,,,,,,,
10181,10232,10223,(A.Gray) A.Gray,57824,8211,Thelesperma simplicifolium,0,1,,,,,,,
10181,10232,10223,(DC.) Strother,57784,6793,Thymophylla acerosa,0,1,,,,,,,
10181,10232,10223,(A.Gray) Greene ex Britton & A.Br.,128431,6793,Thymophylla aurea,0,1,,,,,,,
10181,10232,10223,(DC.) Strother,57786,6793,Thymophylla micropoides,0,1,,,,,,,
10181,10232,10223,(DC.) Small,57782,6793,Thymophylla pentachaeta,0,1,,,,,,,
10181,10232,10223,(Richardson) Porter,128012,11908,Townsendia exscapa,0,1,,,,,,,
10181,10232,10223,Kellogg,45940,6968,Trixis californica,0,1,,,,,,,
10181,10232,10223,(Cav.) Benth. & Hook.f. ex A.Gray,46535,7059,Verbesina encelioides,0,1,,,,,,,
10181,10232,10223,Wooton & Standl.,128734,7059,Verbesina oreophila,0,1,,,,,,,
10181,10232,10223,(Torr.) Raf.,128025,7063,Vernonia marginata,0,1,,,,,,,
10181,10232,10223,(A.Gray) E.E.Schill. & Panero,450423,9263,Aldama cordifolia,0,1,,,,,,,
10181,10232,10223,(Cav.) Spreng.,46844,7073,Viguiera dentata,0,1,,,,,,,
10181,10232,10223,Nutt.,127219,11996,Heliomeris multiflora,1,1,,,,,,,
10181,10232,10223,(A.Gray) E.E.Schill. & Panero,444064,19584,Sidneya tenuifolia,0,1,,,,,,,
10181,10232,10223,Kunth,48263,7116,Wedelia acapulcensis,1,1,,,,,,,
10181,10232,10223,L.,47403,7155,Xanthium strumarium,0,1,,,,,,,
10181,10232,10223,Greene,128736,7178,Xylorhiza wrightii,0,1,,,,,,,
10181,10232,10223,(S.F.Blake) Urbatsch & R.P.Roberts,345889,3588,Gundlachia triantha,0,1,,,,,,,
10181,10232,10223,(DC.) A.Gray,57833,7208,Zinnia acerosa,0,1,,,,,,,
10181,10232,10223,Nutt.,127374,7208,Zinnia grandiflora,1,1,,,,,,,
10181,10232,10223,L.,7506,1979,Campanula rotundifolia,1,1,,,,,,,
10181,10232,10223,A.DC.,57895,4356,Lobelia berlandieri,0,1,,,,,,,
10181,10232,10223,L.,26484,4356,Lobelia cardinalis,0,1,,,,,,,
10181,10232,10223,Cav.,63885,4356,Lobelia fenestralis,1,1,,,,,,,
10181,10232,10223,A.DC.,128738,1363,Antiphytum heliotropioides,0,1,,,,,,,
10181,10232,10223,(Kunth) M.E.Mabry & M.G.Simpson,448380,15833,Johnstonella albida,0,1,,,,,,,
10181,10232,10223,(Torr.) Hasenstab & M.G.Simpson,345536,15833,Johnstonella angustifolia,0,1,,,,,,,
10181,10232,10223,(I.M.Johnst.) Hasenstab & M.G.Simpson,345900,12105,Oreocarya crassipes,1,1,,,,,,,
10181,10232,10223,(Torr. & A.Gray) Greene,125657,2575,Cryptantha crassisepala,0,1,,,,,,,
10181,10232,10223,(Brandegee) M.E.Mabry & M.G.Simpson,450558,15833,Johnstonella mexicana,0,1,,,,,,,
10181,10232,10223,Rydb.,128615,2575,Cryptantha minima,1,1,,,,,,,
10181,10232,10223,(A.Gray) Greene,450559,12105,Oreocarya palmeri,0,1,,,,,,,
10181,10232,10223,(Rydb.) J.L.Gentry,128742,9390,Hackelia besseyi,1,1,,,,,,,
10181,10232,10223,(Greene ex A.Gray) I.M.Johnst.,127212,9390,Hackelia pinetorum,0,1,,,,,,,
10181,10232,10223,(S.Watson) Greene,125753,4151,Lappula occidentalis,0,1,,,,,,,
10181,10232,10223,Lehm.,57843,4351,Lithospermum incisum,0,1,,,,,,,
10181,10232,10223,Torr. ex A.Gray,126077,4351,Lithospermum multiflorum,0,1,,,,,,,
10181,10232,10223,Greene,128743,4351,Lithospermum viride,0,1,,,,,,,
10181,10232,10223,(Ruiz & Pav.) Choisy,48133,4877,Nama dichotoma,0,1,,,,,,,
10181,10232,10223,A.Gray,128744,4877,Nama havardii,0,1,,,,,,,
10181,10232,10223,A. Gray,450560,4877,Nama hispidum,0,1,,,,,,,
10181,10232,10223,Greenm.,128745,4877,Nama torynophylla,0,1,,,,,,,
10181,10232,10223,Kunth,104319,4877,Nama undulata,1,1,,,,,,,
10181,10232,10223,(A.Gray ex Hemsl.) R.R.Mill ex Holstein & Weigend,444066,16469,Mimophytum alienum,0,1,,,,,,,
10181,10232,10223,(DC.) A.T.Richardson,45224,6817,Tiquilia canescens,0,1,,,,,,,
10181,10232,10223,(Wooton & Standl.) A.T.Richardson,128746,6817,Tiquilia gossypina,0,1,,,,,,,
10181,10232,10223,(Torr. & A.Gray) A.T.Richardson,128747,6817,Tiquilia greggii,0,1,,,,,,,
10181,10232,10223,(Torr. & A.Gray) A.T.Richardson,128452,6817,Tiquilia hispidissima,0,1,,,,,,,
10181,10232,10223,(S.Watson) A.T.Richardson,128748,6817,Tiquilia mexicana,0,1,,,,,,,
10181,10232,10223,(Torr.) Feuillet & Halse,414546,3239,Euploca confertifolia,0,1,,,,,,,
10181,10232,10223,Nutt.,125735,3239,Euploca convolvulacea,0,1,,,,,,,
10181,10232,10223,L.,21325,3712,Heliotropium curassavicum,0,1,,,,,,,
10181,10232,10223,A.Gray,128750,3712,Heliotropium glabriusculum,0,1,,,,,,,
10181,10232,10223,(Torr.) Halse & Feuillet,414547,3239,Euploca greggii,0,1,,,,,,,
10181,10232,10223,(Torr.) I.M.Johnst.,128751,3712,Heliotropium molle,0,1,,,,,,,
10181,10232,10223,(Mill.) Diane & Hilger,440105,3239,Euploca procumbens,0,1,,,,,,,
10181,10232,10223,(I.M.Johnst.) Halse & Feuillet,411400,3239,Euploca torreyi,0,1,,,,,,,
10181,10232,10223,Greene,127872,5433,Phacelia coerulea,0,1,,,,,,,
10181,10232,10223,Hook.,58007,5433,Phacelia congesta,0,1,,,,,,,
10181,10232,10223,Torr.,128752,5433,Phacelia infundibuliformis,0,1,,,,,,,
10181,10232,10223,Torr.,128269,5433,Phacelia integrifolia,0,1,,,,,,,
10181,10232,10223,I.M.Johnst.,128753,5433,Phacelia pallida,0,1,,,,,,,
10181,10232,10223,Torr. & A.Gray,127290,5433,Phacelia popei,0,1,,,,,,,
10181,10232,10223,(J.F.Macbr.) I.M.Johnst.,128443,5433,Phacelia robusta,0,1,,,,,,,
10181,10232,10223,Greene,128754,5433,Phacelia rupestris,0,1,,,,,,,
10181,10232,10223,(S.Watson) W.A.Weber,128086,1753,Boechera fendleri,0,1,,,,,,,
10181,10232,10223,L.,5815,1821,Brassica rapa,0,0,,,,,,,
10181,10232,10223,Brandegee,57918,2015,Cardamine macrocarpa,0,1,,,,,,,
10181,10232,10223,(Walter) Britton,13979,2792,Descurainia pinnata,0,1,,,,,,,
10181,10232,10223,(Bernh. ex Fisch. & C.A.Mey.) Dorn,13976,2792,Descurainia incana,1,1,,,,,,,
10181,10232,10223,(L.) Webb ex Prantl,13981,2792,Descurainia sophia,0,0,,,,,,,
10181,10232,10223,(Engelm.) Rollins,125678,11881,Dimorphocarpa wislizeni,0,1,,,,,,,
10181,10232,10223,Nutt.,14992,2959,Draba cuneifolia,0,1,,,,,,,
10181,10232,10223,(L.) Cav.,17006,3187,Eruca vesicaria,0,0,,,,,,,
10181,10232,10223,(Douglas) Greene,125712,3193,Erysimum capitatum,0,0,,,,,,,
10181,10232,10223,(Douglas) Greene,125712,3193,Erysimum capitatum,0,1,,,,,,,
10181,10232,10223,(Douglas) Greene,125712,3193,Erysimum capitatum,0,1,,,,,,,
10181,10232,10223,(A.Gray) O.E.Schulz,127680,12012,Halimolobos diffusa,0,1,,,,,,,
10181,10232,10223,A.Gray,125923,4228,Lepidium alyssoides,0,1,,,,,,,
10181,10232,10223,Small,128755,4228,Lepidium austrinum,0,1,,,,,,,
10181,10232,10223,Nutt.,25279,4228,Lepidium lasiocarpum,0,1,,,,,,,
10181,10232,10223,Small,25286,4228,Lepidium oblongum,0,1,,,,,,,
10181,10232,10223,A.Gray,128756,4228,Lepidium sordidum,0,1,,,,,,,
10181,10232,10223,(A.Gray) O'Kane & Al-Shehbaz,345902,8232,Physaria argyraea,1,1,,,,,,,
10181,10232,10223,(A.Gray) O'Kane & Al-Shehbaz,127896,8232,Physaria fendleri,0,1,,,,,,,
10181,10232,10223,(A.Gray) O'Kane & Al-Shehbaz,127302,8232,Physaria gordonii,0,1,,,,,,,
10181,10232,10223,(Rollins) O'Kane & Al-Shehbaz,345903,8232,Physaria mcvaughiana,0,1,,,,,,,
10181,10232,10223,(A.Gray) O'Kane & Al-Shehbaz,127897,8232,Physaria purpurea,0,1,,,,,,,
10181,10232,10223,(A.Gray) Al-Shehbaz & C.D.Bailey,128380,12012,Halimolobos pubens,0,1,,,,,,,
10181,10232,10223,(A.Gray) Greene,128441,12065,Nerisyrenia camporum,0,1,,,,,,,
10181,10232,10223,(A.Gray) Nieuwl.,127284,8233,Pennellia micrantha,0,1,,,,,,,
10181,10232,10223,W.T.Aiton,30039,4894,Nasturtium officinale,0,1,,,,,,,
10181,10232,10223,Rollins,128759,6042,Rorippa ramosa,0,1,,,,,,,
10181,10232,10223,(Nutt.) Hitchc.,125951,6042,Rorippa sinuata,1,1,,,,,,,
10181,10232,10223,(Michx.) Stuckey,125953,6042,Rorippa teres,0,1,,,,,,,
10181,10232,10223,(A.Gray) Rydb.,127336,11999,Hesperidanthus linearifolius,0,1,,,,,,,
10181,10232,10223,Torr. & A.Gray,128760,12091,Selenia dissecta,0,1,,,,,,,
10181,10232,10223,L.,41719,6382,Sinapis arvensis,0,0,,,,,,,
10181,10232,10223,A.Gray,128761,6399,Sisymbrium auriculatum,0,1,,,,,,,
10181,10232,10223,L.,41763,6399,Sisymbrium irio,0,0,,,,,,,
10181,10232,10223,(Pursh) Britton,125845,11898,Stanleya pinnata,1,1,,,,,,,
10181,10232,10223,C.Wright ex A.Gray,128001,11903,Streptanthus carinatus,0,1,,,,,,,
10181,10232,10223,Cory,128762,11903,Streptanthus cutleri,0,1,,,,,,,
10181,10232,10223,A.Gray,128763,11903,Streptanthus platycarpus,0,1,,,,,,,
10181,10232,10223,A.Gray,128764,12092,Synthlipsis greggii,0,1,,,,,,,
10181,10232,10223,(Cory) Rollins,128765,11907,Thelypodium texanum,0,1,,,,,,,
10181,10232,10223,A.Gray,126146,11907,Thelypodium wrightii,0,1,,,,,,,
10181,10232,10223,Torr.,128766,12077,Cleomella longipes,0,1,,,,,,,
10181,10232,10223,Cav.,444074,2331,Cleome uniglandulosa,0,1,,,,,,,
10181,10232,10223,Zucc.,24395,4072,Koeberlinia spinosa,0,1,,,,,,,
10181,10232,10223,(Vahl ex Hornem.) J.F.Macbr.,30866,5090,Oligomeris linifolia,0,1,,,,,,,
10181,10232,10223,(L.) L.,41345,6340,Sesuvium portulacastrum,1,1,,,,,,,
10181,10232,10223,L.,45478,6878,Trianthema portulacastrum,0,1,,,,,,,
10181,10232,10223,Kunth,1816,1202,Alternanthera caracasana,0,1,,,,,,,
10181,10232,10223,(L.) R.Br. ex DC.,1843,1202,Alternanthera sessilis,1,1,,,,,,,
10181,10232,10223,(L.) R.Br. ex DC.,1843,1202,Alternanthera sessilis,1,0,,,,,,,
10181,10232,10223,L.,1924,1216,Amaranthus albus,0,1,,,,,,,
10181,10232,10223,I.M.Johnst.,126179,1216,Amaranthus arenicola,0,1,,,,,,,
10181,10232,10223,S.Watson,1928,1216,Amaranthus blitoides,0,0,,,,,,,
10181,10232,10223,(Torr.) Benth.,1938,1216,Amaranthus fimbriatus,0,1,,,,,,,
10181,10232,10223,L.,1941,1216,Amaranthus hybridus,0,1,,,,,,,
10181,10232,10223,S.Watson,1947,1216,Amaranthus palmeri,0,1,,,,,,,
10181,10232,10223,L.,1948,1216,Amaranthus polygonoides,1,1,,,,,,,
10181,10232,10223,S.Watson,1949,1216,Amaranthus powellii,0,1,,,,,,,
10181,10232,10223,L.,1951,1216,Amaranthus retroflexus,0,1,,,,,,,
10181,10232,10223,Uline & W.L.Bray,128767,1216,Amaranthus scleropoides,0,1,,,,,,,
10181,10232,10223,L.,1954,1216,Amaranthus spinosus,0,0,,,,,,,
10181,10232,10223,(A.Gray) Benth. ex S.Watson,450385,1216,Amaranthus torreyi,0,1,,,,,,,
10181,10232,10223,S.Watson,127408,1216,Amaranthus wrightii,1,1,,,,,,,
10181,10232,10223,(Torr.) S.Watson,128768,1560,Atriplex acanthocarpa,0,1,,,,,,,
10181,10232,10223,(Pursh) Nutt.,4276,1560,Atriplex canescens,0,1,,,,,,,
10181,10232,10223,(Moq.) D.Dietr.,127448,1560,Atriplex elegans,0,1,,,,,,,
10181,10232,10223,Moq.,125993,1560,Atriplex obovata,0,1,,,,,,,
10181,10232,10223,L.,4314,1560,Atriplex rosea,0,0,,,,,,,
10181,10232,10223,L.,9286,2211,Chenopodium album,0,0,,,,,,,
10181,10232,10223,(L.) Mosyakin & Clemants,15627,3017,Dysphania ambrosioides,0,0,,,,,,,
10181,10232,10223,Rydb.,125897,2211,Chenopodium atrovirens,0,1,,,,,,,
10181,10232,10223,Moq.,9287,2211,Chenopodium berlandieri,0,1,,,,,,,
10181,10232,10223,S.Watson,125642,2211,Chenopodium fremontii,0,1,,,,,,,
10181,10232,10223,(Poir.) ined.,444075,3017,Dysphania incisa,0,1,,,,,,,
10181,10232,10223,(S.Watson) A.Heller,126409,2211,Chenopodium incanum,0,1,,,,,,,
10181,10232,10223,(Moq.) Nutt. ex S.Watson,9306,2211,Chenopodium leptophyllum,0,1,,,,,,,
10181,10232,10223,"(L.) S.Fuentes, Uotila & Borsch",103395,10933,Chenopodiastrum murale,0,0,,,,,,,
10181,10232,10223,Standl.,127148,2211,Chenopodium neomexicanum,1,1,,,,,,,
10181,10232,10223,Rydb.,439258,2211,Chenopodium pratericola,0,1,,,,,,,
10181,10232,10223,(Nutt.) Nutt.,125654,2481,Corispermum americanum,0,1,,,,,,,
10181,10232,10223,Kit. ex Schult.,68224,2481,Corispermum nitidum,0,0,,,,,,,
10181,10232,10223,(Spreng.) Coult.,12552,2635,Cycloloma atriplicifolium,0,1,,,,,,,
10181,10232,10223,Thornber ex Standl.,127200,3374,Froelichia arizonica,0,1,,,,,,,
10181,10232,10223,Moq.,128769,3374,Froelichia drummondii,1,1,,,,,,,
10181,10232,10223,(Nutt.) Moq.,18917,3374,Froelichia floridana,1,1,,,,,,,
10181,10232,10223,(Hook.) Moq.,18918,3374,Froelichia gracilis,0,1,,,,,,,
10181,10232,10223,(L.) Moq.,18919,3374,Froelichia interrupta,0,1,,,,,,,
10181,10232,10223,Klotzsch,128770,3524,Gomphrena haageana,1,1,,,,,,,
10181,10232,10223,Rothr.,127209,3524,Gomphrena nitida,0,1,,,,,,,
10181,10232,10223,L.,20075,3524,Gomphrena serrata,1,1,,,,,,,
10181,10232,10223,(Willd. ex Schult.) Moq.,48485,3584,Guilleminea densa,0,0,,,,,,,
10181,10232,10223,(Willd. ex Schult.) Moq.,48485,3584,Guilleminea densa,0,1,,,,,,,
10181,10232,10223,(Willd. ex Schult.) Moq.,48485,3584,Guilleminea densa,0,1,,,,,,,
10181,10232,10223,Standl.,127718,3960,Iresine heterophylla,0,1,,,,,,,
10181,10232,10223,(Hook.f.) Henrickson & S.D.Sundb.,128771,3960,Iresine leptoclada,0,1,,,,,,,
10181,10232,10223,Schult.,103352,10932,Blitum nuttallianum,0,1,,,,,,,
10181,10232,10223,L.,39734,6121,Salsola kali,0,0,,,,,,,
10181,10232,10223,L.,442291,6121,Salsola tragus,0,0,,,,,,,
10181,10232,10223,(Raf.) J.F.Macbr.,43293,6610,Suaeda nigra,0,1,,,,,,,
10181,10232,10223,(Steyerm.) I.M.Johnst.,128772,6804,Tidestromia carnosa,0,1,,,,,,,
10181,10232,10223,(Nutt.) Standl.,45135,6804,Tidestromia lanuginosa,0,1,,,,,,,
10181,10232,10223,(Torr.) Standl.,128326,6804,Tidestromia suffruticosa,0,1,,,,,,,
10181,10232,10223,A.Gray,128773,12093,Talinopsis frutescens,0,1,,,,,,,
10181,10232,10223,(Engelm.) K.Schum.,128774,8218,Ariocarpus fissuratus,0,1,,,,,,,
10181,10232,10223,(Engelm.) Britton & Rose,128775,3205,Escobaria dasyacantha,0,1,,,,,,,
10181,10232,10223,(Engelm.) Britton & Rose,128775,3205,Escobaria dasyacantha,0,1,,,,,,,
10181,10232,10223,(Hester) Buxb.,128776,3205,Escobaria duncanii,0,1,,,,,,,
10181,10232,10223,(Engelm.) Orcutt,57852,8220,Coryphantha echinus,0,0,,,,,,,
10181,10232,10223,(Engelm.) Britton & Rose,57856,8220,Coryphantha macromeris,0,1,,,,,,,
10181,10232,10223,Cutak,128777,8220,Coryphantha ramillosa,0,1,,,,,,,
10181,10232,10223,(A.Schott ex Engelm.) Britton & Rose,127547,8220,Coryphantha robustispina,1,1,,,,,,,
10181,10232,10223,(Engelm.) Britton & Rose,57869,3205,Escobaria tuberculosa,0,0,,,,,,,
10181,10232,10223,(Engelm.) Britton & Rose,57869,3205,Escobaria tuberculosa,0,1,,,,,,,
10181,10232,10223,(Engelm.) Britton & Rose,128775,3205,Escobaria dasyacantha,0,1,,,,,,,
10181,10232,10223,Lem.,57858,3027,Echinocactus horizonthalonius,0,1,,,,,,,
10181,10232,10223,Hopffer,128778,3027,Echinocactus texensis,0,1,,,,,,,
10181,10232,10223,Engelm.,125680,3028,Echinocereus coccineus,0,1,,,,,,,
10181,10232,10223,Engelm.,128779,3028,Echinocereus dasyacanthus,0,1,,,,,,,
10181,10232,10223,Engelm.,57859,3028,Echinocereus enneacanthus,0,1,,,,,,,
10181,10232,10223,(Engelm.) Sencke ex Haage,126038,3028,Echinocereus fendleri,0,1,,,,,,,
10181,10232,10223,(Scheidw.) Engelm.,57861,3028,Echinocereus pectinatus,0,1,,,,,,,
10181,10232,10223,(Engelm.) Haage,57860,3028,Echinocereus stramineus,0,1,,,,,,,
10181,10232,10223,Engelm.,128780,3028,Echinocereus viridiflorus,1,1,,,,,,,
10181,10232,10223,D.Weniger,128781,3028,Echinocereus russanthus,0,1,,,,,,,
10181,10232,10223,Engelm.,128780,3028,Echinocereus viridiflorus,0,1,,,,,,,
10181,10232,10223,(Engelm.) N.P.Taylor,450404,8217,Sclerocactus intertextus,0,1,,,,,,,
10181,10232,10223,(Hester) N.P.Taylor,450561,8217,Sclerocactus mariposensis,0,1,,,,,,,
10181,10232,10223,(L.D.Benson) N.P.Taylor,444073,8217,Sclerocactus warnockii,0,1,,,,,,,
10181,10232,10223,L.D.Benson,450562,8221,Epithelantha bokei,0,1,,,,,,,
10181,10232,10223,(Engelm.) F.A.C.Weber ex Britton & Rose,57866,8221,Epithelantha micromeris,0,1,,,,,,,
10181,10232,10223,(Muehlenpf.) Britton & Rose,128784,3311,Ferocactus hamatacanthus,0,1,,,,,,,
10181,10232,10223,(Galeotti) Britton & Rose,450563,3311,Ferocactus uncinatus,0,1,,,,,,,
10181,10232,10223,Muehlenpf.,57872,4514,Mammillaria heyderi,0,1,,,,,,,
10181,10232,10223,Engelm.,128786,4514,Mammillaria lasiacantha,0,1,,,,,,,
10181,10232,10223,Engelm.,450564,4514,Mammillaria meiacantha,0,1,,,,,,,
10181,10232,10223,Scheer ex Salm-Dyck,57876,4514,Mammillaria pottsii,0,1,,,,,,,
10181,10232,10223,(DC.) Britton & Rose,57881,8223,Neolloydia conoidea,0,1,,,,,,,
10181,10232,10223,(Ralston & Hilsenb.) E.F.Anderson,450565,16540,Grusonia aggeria,0,1,,,,,,,
10181,10232,10223,(S.Brack & K.D.Heil) Pinkava & B.D.Parfitt,156799,5127,Opuntia aureispina,0,1,,,,,,,
10181,10232,10223,(S.Brack & K.D.Heil) Pinkava & B.D.Parfitt,156799,5127,Opuntia aureispina,0,1,,,,,,,
10181,10232,10223,(S.Brack & K.D.Heil) Pinkava & B.D.Parfitt,156799,5127,Opuntia aureispina,0,1,,,,,,,
10181,10232,10223,Engelm. & J.M.Bigelow,450566,5127,Opuntia camanchica,0,1,,,,,,,
10181,10232,10223,(M.S.Anthony) D.J.Ferguson,450567,5127,Opuntia chisosensis,0,1,,,,,,,
10181,10232,10223,(Ralston & Hilsenb.) Pinkava ex Rebman,450568,16540,Grusonia densispina,0,1,,,,,,,
10181,10232,10223,Engelm.,450569,5127,Opuntia dulcis,0,1,,,,,,,
10181,10232,10223,Salm-Dyck ex Engelm.,31104,5127,Opuntia engelmannii,0,1,,,,,,,
10181,10232,10223,Salm-Dyck ex Engelm.,31104,5127,Opuntia engelmannii,0,1,,,,,,,
10181,10232,10223,Salm-Dyck ex Engelm.,31104,5127,Opuntia engelmannii,0,0,,,,,,,
10181,10232,10223,(L.) Mill.,31105,5127,Opuntia ficus-indica,0,0,,,,,,,
10181,10232,10223,(Engelm.) H.Rob.,444071,16540,Grusonia grahamii,0,1,,,,,,,
10181,10232,10223,(Haw.) F.M.Knuth,57884,2643,Cylindropuntia imbricata,0,0,,,,,,,
10181,10232,10223,(Haw.) F.M.Knuth,57884,2643,Cylindropuntia imbricata,0,1,,,,,,,
10181,10232,10223,(Haw.) F.M.Knuth,57884,2643,Cylindropuntia imbricata,0,1,,,,,,,
10181,10232,10223,(DC.) F.M.Knuth,57886,2643,Cylindropuntia kleiniae,0,1,,,,,,,
10181,10232,10223,(DC.) F.M.Knuth,12643,2643,Cylindropuntia leptocaulis,0,1,,,,,,,
10181,10232,10223,Engelm.,127831,5127,Opuntia macrocentra,1,1,,,,,,,
10181,10232,10223,Salm-Dyck,450473,5127,Opuntia pottsii,0,1,,,,,,,
10181,10232,10223,Engelm.,450570,5127,Opuntia rufida,0,1,,,,,,,
10181,10232,10223,F.A.C.Weber,450474,5127,Opuntia gosseliniana,1,1,,,,,,,
10181,10232,10223,(Engelm.) H.Rob.,444071,16540,Grusonia grahamii,0,1,,,,,,,
10181,10232,10223,M.S.Anthony,450571,5127,Opuntia spinosibacca,0,1,,,,,,,
10181,10232,10223,Engelm. & J.M.Bigelow,450475,5127,Opuntia tortispina,1,0,,,,,,,
10181,10232,10223,(Engelm.) Britton & Rose,127854,5355,Peniocereus greggii,0,1,,,,,,,
10181,10232,10223,(Galeotti ex Pfeiff.) Britton & Rose,57893,8225,Thelocactus bicolor,0,1,,,,,,,
10181,10232,10223,Fenzl ex Torr. & A.Gray,128791,1444,Arenaria benthamii,0,1,,,,,,,
10181,10232,10223,(Michx.) Rohrb.,3071,1444,Arenaria lanuginosa,1,1,,,,,,,
10181,10232,10223,Shinners,128792,1444,Arenaria ludens,0,1,,,,,,,
10181,10232,10223,Correll,128793,2133,Cerastium axillare,0,1,,,,,,,
10181,10232,10223,(Engelm. ex A.Gray) B.L.Rob. ex Britton,126400,2133,Cerastium brachypodum,0,1,,,,,,,
10181,10232,10223,Thuill.,8895,2133,Cerastium glomeratum,0,0,,,,,,,
10181,10232,10223,Benth.,128794,2978,Drymaria laxiflora,0,1,,,,,,,
10181,10232,10223,(Schltdl. & Cham.) Fenzl ex Rohrb.,127178,2978,Drymaria leptophylla,0,1,,,,,,,
10181,10232,10223,Wooton & Standl.,127600,2978,Drymaria pachyphylla,0,1,,,,,,,
10181,10232,10223,Torr. & A.Gray,127839,5308,Paronychia jamesii,0,1,,,,,,,
10181,10232,10223,L.,41591,6372,Silene antirrhina,0,1,,,,,,,
10181,10232,10223,Cav.,41641,6372,Silene laciniata,0,1,,,,,,,
10181,10232,10223,Willd. ex D.F.K.Schltdl.,57899,6523,Stellaria cuspidata,0,1,,,,,,,
10181,10232,10223,Willd. ex D.F.K.Schltdl.,57899,6523,Stellaria cuspidata,1,1,,,,,,,
10181,10232,10223,(L.) Thulin,422702,10191,Hypertelis cerviana,0,1,,,,,,,
10181,10232,10223,Engelm.,450417,6668,Talinum aurantiacum,0,1,,,,,,,
10181,10232,10223,(S.Watson) Kiger,127879,10990,Phemeranthus brevicaulis,0,1,,,,,,,
10181,10232,10223,(Wooton & Standl.) Kiger,128795,10990,Phemeranthus longipes,0,1,,,,,,,
10181,10232,10223,(Nutt.) Kiger,126117,10990,Phemeranthus parviflorus,0,1,,,,,,,
10181,10232,10223,(S.Watson) Kiger,127879,10990,Phemeranthus brevicaulis,1,1,,,,,,,
10181,10232,10223,Greene,128422,958,Abronia angustifolia,0,1,,,,,,,
10181,10232,10223,Nutt. ex Hook.,125576,958,Abronia fragrans,1,1,,,,,,,
10181,10232,10223,Standl.,128796,8248,Acleisanthes acutifolia,1,1,,,,,,,
10181,10232,10223,A.Gray,128797,8248,Acleisanthes longiflora,0,1,,,,,,,
10181,10232,10223,L.,1501,1172,Allionia incarnata,0,1,,,,,,,
10181,10232,10223,(A.Gray) R.A.Levin,127383,8248,Acleisanthes chenopodioides,0,1,,,,,,,
10181,10232,10223,(A.Gray) Standl.,128798,12031,Anulocaulis eriosolenus,0,1,,,,,,,
10181,10232,10223,Torr.,128799,1758,Boerhavia anisophylla,0,1,,,,,,,
10181,10232,10223,Mill.,5448,1758,Boerhavia coccinea,0,1,,,,,,,
10181,10232,10223,L.,5452,1758,Boerhavia diffusa,0,1,,,,,,,
10181,10232,10223,L.,5453,1758,Boerhavia erecta,0,1,,,,,,,
10181,10232,10223,Heimerl,127460,1758,Boerhavia gracillima,0,1,,,,,,,
10181,10232,10223,S.Watson,5469,1758,Boerhavia triquetra,0,1,,,,,,,
10181,10232,10223,A.Gray,128800,1758,Boerhavia linearifolia,0,1,,,,,,,
10181,10232,10223,(L.) Standl.,438746,10196,Commicarpus scandens,0,1,,,,,,,
10181,10232,10223,Choisy,5467,1758,Boerhavia spicata,0,1,,,,,,,
10181,10232,10223,A.Gray,5471,1758,Boerhavia wrightii,0,1,,,,,,,
10181,10232,10223,(M.Martens & Galeotti) Standl.,128429,12062,Cyphomeris gypsophiloides,0,1,,,,,,,
10181,10232,10223,(Ortega) Cav.,128801,4736,Mirabilis aggregata,0,1,,,,,,,
10181,10232,10223,(Walter) Heimerl,125936,4736,Mirabilis albida,0,1,,,,,,,
10181,10232,10223,(S.Watson) Standl.,128349,4736,Mirabilis glabra,0,1,,,,,,,
10181,10232,10223,(Ortega) I.M.Johnst.,128802,4736,Mirabilis glabrifolia,1,1,,,,,,,
10181,10232,10223,(Pursh) Heimerl,125776,4736,Mirabilis linearis,0,1,,,,,,,
10181,10232,10223,(A.Gray) A.Gray,126089,4736,Mirabilis oxybaphoides,0,1,,,,,,,
10181,10232,10223,(J.M.Coult.) B.L.Turner,128803,4736,Mirabilis texensis,0,1,,,,,,,
10181,10232,10223,Choisy,58065,8249,Nyctaginia capitata,0,1,,,,,,,
10181,10232,10223,(Torr.) R.A.Levin,128804,8248,Acleisanthes angustifolia,0,1,,,,,,,
10181,10232,10223,(Torr.) R.A.Levin,128805,8248,Acleisanthes parvifolia,0,1,,,,,,,
10181,10232,10223,L.,38460,866,Rivina humilis,0,1,,,,,,,
10181,10232,10223,Torr.,127194,3172,Eriogonum abertianum,0,1,,,,,,,
10181,10232,10223,S.Watson,128806,3172,Eriogonum havardii,0,1,,,,,,,
10181,10232,10223,(Torr. & A.Gray) S.Stokes,128807,3172,Eriogonum hemipterum,0,1,,,,,,,
10181,10232,10223,Benth.,450572,3172,Eriogonum hieraciifolium,1,1,,,,,,,
10181,10232,10223,Benth.,127195,3172,Eriogonum jamesii,0,1,,,,,,,
10181,10232,10223,Torr. ex Benth.,128344,3172,Eriogonum lachnogynum,1,1,,,,,,,
10181,10232,10223,Benth.,127196,3172,Eriogonum polycladon,0,1,,,,,,,
10181,10232,10223,Benth.,128433,3172,Eriogonum rotundifolium,0,1,,,,,,,
10181,10232,10223,Torr.,128809,3172,Eriogonum tenellum,0,0,,,,,,,
10181,10232,10223,Torr.,128809,3172,Eriogonum tenellum,0,1,,,,,,,
10181,10232,10223,Torr.,128809,3172,Eriogonum tenellum,0,1,,,,,,,
10181,10232,10223,Torr. ex Benth.,16933,3172,Eriogonum wrightii,0,1,,,,,,,
10181,10232,10223,(L.) Á.Löve,18292,3295,Fallopia convolvulus,0,0,,,,,,,
10181,10232,10223,(Michx.) Small,32979,5410,Persicaria hydropiperoides,0,1,,,,,,,
10181,10232,10223,Willd.,83653,5698,Polygonum lapathifolium,0,0,,,,,,,
10181,10232,10223,L.,311947,5698,Polygonum pensylvanicum,0,1,,,,,,,
10181,10232,10223,Gray,32983,5410,Persicaria maculosa,0,0,,,,,,,
10181,10232,10223,Alph.Wood,126910,6070,Rumex altissimus,0,1,,,,,,,
10181,10232,10223,Moris,450573,6070,Rumex chrysocarpos,1,1,,,,,,,
10181,10232,10223,L.,39329,6070,Rumex crispus,0,0,,,,,,,
10181,10232,10223,L.,39349,6070,Rumex maritimus,0,1,,,,,,,
10181,10232,10223,Meisn.,64038,6070,Rumex mexicanus,0,1,,,,,,,
10181,10232,10223,Rech.f.,48193,6070,Rumex violascens,0,1,,,,,,,
10181,10232,10223,L.,35951,5733,Portulaca oleracea,0,1,,,,,,,
10181,10232,10223,L.,35954,5733,Portulaca pilosa,0,1,,,,,,,
10181,10232,10223,Engelm.,35964,5733,Portulaca suffrutescens,0,1,,,,,,,
10181,10232,10223,(Jacq.) Gaertn.,43840,6668,Talinum paniculatum,0,1,,,,,,,
10181,10232,10223,(L.) H.Karst.,43847,6672,Tamarix aphylla,0,0,,,,,,,
10181,10232,10223,Lour.,43851,6672,Tamarix chinensis,0,0,,,,,,,
10181,10232,10223,L.,43853,6672,Tamarix gallica,0,0,,,,,,,
10181,10232,10223,Ledeb.,43857,6672,Tamarix ramosissima,0,0,,,,,,,
10181,10232,10223,L.,8592,2098,Celastrus scandens,0,1,,,,,,,
10181,10232,10223,A.Gray,127804,8227,Mortonia scabrella,0,1,,,,,,,
10181,10232,10223,A.Gray,127805,8227,Mortonia sempervirens,0,1,,,,,,,
10181,10232,10223,A.Gray,40240,6197,Schaefferia cuneifolia,0,1,,,,,,,
10181,10232,10223,Redouté,57902,2425,Commelina dianthifolia,0,1,,,,,,,
10181,10232,10223,L.,10616,2425,Commelina erecta,1,1,,,,,,,
10181,10232,10223,L.,10616,2425,Commelina erecta,0,1,,,,,,,
10181,10232,10223,Torr.,128811,6861,Tradescantia leiandra,1,1,,,,,,,
10181,10232,10223,(Torr.) Rose,128812,6861,Tradescantia brevifolia,0,1,,,,,,,
10181,10232,10223,Rose & Bush,128813,6861,Tradescantia wrightii,0,1,,,,,,,
10181,10232,10223,Rehder,128814,11884,Fendlera linearis,0,1,,,,,,,
10181,10232,10223,A.Gray,125714,11884,Fendlera rupicola,0,1,,,,,,,
10181,10232,10223,A.Gray,125804,5462,Philadelphus microphyllus,0,1,,,,,,,
10181,10232,10223,A.Gray,127885,5462,Philadelphus serpyllifolius,1,1,,,,,,,
10181,10232,10223,Lag.,58031,8241,Cevallia sinuata,0,1,,,,,,,
10181,10232,10223,Zucc.,128815,3221,Eucnide bartonioides,0,1,,,,,,,
10181,10232,10223,Wooton & Standl.,127786,4638,Mentzelia asperula,0,1,,,,,,,
10181,10232,10223,Urb. & Gilg,58032,4638,Mentzelia lindheimeri,0,1,,,,,,,
10181,10232,10223,H.J.Thomps. & Zavort.,128816,4638,Mentzelia mexicana,0,1,,,,,,,
10181,10232,10223,(Nutt.) A.Gray,125772,4638,Mentzelia multiflora,0,1,,,,,,,
10181,10232,10223,Nutt. ex Sims,127789,4638,Mentzelia oligosperma,0,1,,,,,,,
10181,10232,10223,I.M.Johnst.,128817,4638,Mentzelia pachyrhiza,0,1,,,,,,,
10181,10232,10223,Torr. & A.Gray,126084,4638,Mentzelia pumila,1,1,,,,,,,
10181,10232,10223,Urb. & Gilg,127790,4638,Mentzelia texana,1,1,,,,,,,
10181,10232,10223,A.Gray,127665,12010,Glossopetalon spinescens,1,1,,,,,,,
10181,10232,10223,A.Gray,127665,12010,Glossopetalon spinescens,0,1,,,,,,,
10181,10232,10223,A.Gray,127899,7250,Pilostyles thurberi,0,1,,,,,,,
10181,10232,10223,A.Gray,127088,7589,Apodanthera undulata,0,1,,,,,,,
10181,10232,10223,Kunth,12124,2597,Cucurbita foetidissima,0,1,,,,,,,
10181,10232,10223,(A.Gray) Greene,128818,3930,Ibervillea lindheimeri,0,1,,,,,,,
10181,10232,10223,(A.Gray) Small,127707,3930,Ibervillea tenuisecta,0,1,,,,,,,
10181,10232,10223,Wooton,128819,6362,Sicyos glaber,0,1,,,,,,,
10181,10232,10223,L.,41447,6362,Sicyos laciniatus,1,1,,,,,,,
10181,10232,10223,Kunth,63900,6362,Sicyos microphyllus,0,1,,,,,,,
10181,10232,10223,Willd.,128820,6362,Sicyos parviflorus,1,1,,,,,,,
10181,10232,10223,Raf.,127967,6125,Sambucus cerulea,0,1,,,,,,,
10181,10232,10223,Torr. & A.Gray,127244,4377,Lonicera albiflora,0,1,,,,,,,
10181,10232,10223,G.N.Jones,127354,6634,Symphoricarpos palmeri,0,1,,,,,,,
10181,10232,10223,Berland. ex C.A.Mey.,128821,3132,Ephedra antisyphilitica,0,1,,,,,,,
10181,10232,10223,Engelm. ex S.Watson,16453,3132,Ephedra aspera,0,1,,,,,,,
10181,10232,10223,Engelm. ex S.Watson,128822,3132,Ephedra pedunculata,1,1,,,,,,,
10181,10232,10223,S.Watson,125688,3132,Ephedra torreyana,0,1,,,,,,,
10181,10232,10223,Torr. ex S.Watson,127187,3132,Ephedra trifurca,0,1,,,,,,,
10181,10232,10223,A.Braun & Engelm.,16634,3145,Equisetum laevigatum,0,1,,,,,,,
10181,10232,10223,Scheele,57925,2868,Diospyros texana,0,1,,,,,,,
10181,10232,10223,Kunth,57927,1421,Arbutus xalapensis,0,1,,,,,,,
10181,10232,10223,Engelm.,18810,3361,Fouquieria splendens,0,1,,,,,,,
10181,10232,10223,(Benth.) J.M.Porter,19789,3468,Giliastrum incisum,0,1,,,,,,,
10181,10232,10223,(Brand) J.M.Porter,155832,3468,Giliastrum insigne,0,1,,,,,,,
10181,10232,10223,(A.Gray) Rydb.,127663,3468,Giliastrum acerosum,0,1,,,,,,,
10181,10232,10223,(Benth.) Rydb.,127662,3468,Giliastrum rigidulum,0,1,,,,,,,
10181,10232,10223,(I.M.Johnst.) J.M.Porter,414579,3468,Giliastrum stewartii,0,1,,,,,,,
10181,10232,10223,(Pursh) V.E.Grant,125740,3958,Ipomopsis aggregata,0,1,,,,,,,
10181,10232,10223,(Greene) Wherry,128196,3958,Ipomopsis arizonica,0,1,,,,,,,
10181,10232,10223,(A.Gray) J.M.Porter,414401,17508,Dayia havardii,0,1,,,,,,,
10181,10232,10223,(J.M.Coult.) V.E.Grant,128826,3958,Ipomopsis laxiflora,0,1,,,,,,,
10181,10232,10223,(Torr.) V.E.Grant,125742,3958,Ipomopsis longiflora,0,1,,,,,,,
10181,10232,10223,(Nutt.) V.E.Grant,125744,3958,Ipomopsis pumila,1,1,,,,,,,
10181,10232,10223,S.Watson,128827,8563,Loeselia greggii,0,1,,,,,,,
10181,10232,10223,(Lam.) Brand,64033,8563,Loeselia mexicana,1,1,,,,,,,
10181,10232,10223,Greene,128828,5478,Phlox mesoleuca,0,1,,,,,,,
10181,10232,10223,Nutt.,127887,5478,Phlox nana,0,1,,,,,,,
10181,10232,10223,Thurb. ex Torr.,128829,5478,Phlox triovulata,1,1,,,,,,,
10181,10232,10223,(L.) U.Manns & Anderb.,438386,4439,Lysimachia arvensis,0,0,,,,,,,
10181,10232,10223,Pursh,125976,1298,Androsace occidentalis,0,1,,,,,,,
10181,10232,10223,Kunth,39858,6126,Samolus ebracteatus,0,1,,,,,,,
10181,10232,10223,Raf.,442302,6126,Samolus parviflorus,0,1,,,,,,,
10181,10232,10223,Michx.,58172,6367,Sideroxylon lanuginosum,0,1,,,,,,,
10181,10232,10223,(Mill.) Britton & Rose,127077,963,Acaciella angustissima,0,0,,,,,,,
10181,10232,10223,(Mill.) Britton & Rose,127077,963,Acaciella angustissima,0,1,,,,,,,
10181,10232,10223,(Mill.) Britton & Rose,127077,963,Acaciella angustissima,0,1,,,,,,,
10181,10232,10223,(Benth.) Britton & Rose,444080,7253,Senegalia berlandieri,0,1,,,,,,,
10181,10232,10223,(Benth.) Seigler & Ebinger,438121,7256,Vachellia constricta,0,1,,,,,,,
10181,10232,10223,(L.) Wight & Arn.,436114,7256,Vachellia farnesiana,0,1,,,,,,,
10181,10232,10223,(A.Gray) Britton & Rose,438124,7253,Senegalia greggii,0,1,,,,,,,
10181,10232,10223,(Britton & Rose) Seigler & Ebinger,450426,7256,Vachellia vernicosa,0,1,,,,,,,
10181,10232,10223,(Benth.) Seigler & Ebinger,444079,7256,Vachellia rigidula,0,1,,,,,,,
10181,10232,10223,(Scheele) Britton & Rose,444078,7253,Senegalia roemeriana,0,1,,,,,,,
10181,10232,10223,(Torr.) Seigler & Ebinger,450574,7256,Vachellia schottii,0,1,,,,,,,
10181,10232,10223,(Rydb.) Cory,128068,1533,Astragalus emoryanus,0,1,,,,,,,
10181,10232,10223,Torr. & A.Gray,128831,1533,Astragalus leptocarpus,1,1,,,,,,,
10181,10232,10223,Torr.,125611,1533,Astragalus mollissimus,0,1,,,,,,,
10181,10232,10223,DC.,4109,1533,Astragalus nuttallianus,0,1,,,,,,,
10181,10232,10223,A.Gray,128832,1533,Astragalus wrightii,0,1,,,,,,,
10181,10232,10223,S.Watson,128833,12095,Brongniartia minutifolia,0,1,,,,,,,
10181,10232,10223,(Hook.) Klotzsch,438841,15256,Erythrostemon gilliesii,0,0,,,,,,,
10181,10232,10223,(Torr. & A.Gray) Walp.,127694,10089,Pomaria jamesii,1,1,,,,,,,
10181,10232,10223,"Eifert, Correll & Johnston",128834,1903,Caesalpinia parryi,0,1,,,,,,,
10181,10232,10223,(Britton) Eifert ex Isely,128835,1903,Caesalpinia wootonii,0,1,,,,,,,
10181,10232,10223,Benth.,125998,1928,Calliandra humilis,1,1,,,,,,,
10181,10232,10223,Benth.,125998,1928,Calliandra humilis,0,1,,,,,,,
10181,10232,10223,B.L.Turner,128836,1928,Calliandra iselyi,0,1,,,,,,,
10181,10232,10223,(A.Gray) S.Watson,444082,5303,Parkinsonia texana,1,1,,,,,,,
10181,10232,10223,L.,57960,2148,Cercis canadensis,0,1,,,,,,,
10181,10232,10223,(A.Gray) Pollard ex A.Heller,57957,2170,Chamaecrista greggii,1,1,,,,,,,
10181,10232,10223,Kunth,57934,8234,Cologania angustifolia,0,1,,,,,,,
10181,10232,10223,Nutt. ex Pursh,128644,2707,Dalea aurea,0,1,,,,,,,
10181,10232,10223,Torr.,127569,2707,Dalea formosa,0,1,,,,,,,
10181,10232,10223,A.Gray,128838,2707,Dalea frutescens,0,1,,,,,,,
10181,10232,10223,A.Gray,57961,2707,Dalea greggii,0,1,,,,,,,
10181,10232,10223,(Torr.) Torr. & A.Gray,128839,2707,Dalea jamesii,0,1,,,,,,,
10181,10232,10223,A.Gray,127571,2707,Dalea lachnostachys,0,1,,,,,,,
10181,10232,10223,Spreng.,128129,2707,Dalea lanata,0,1,,,,,,,
10181,10232,10223,Barneby,128840,2707,Dalea laniceps,0,1,,,,,,,
10181,10232,10223,(Aiton) Bullock,63963,2707,Dalea leporina,0,1,,,,,,,
10181,10232,10223,S.Watson,450399,2707,Dalea rubescens,0,1,,,,,,,
10181,10232,10223,(A.Gray) Cory,127573,2707,Dalea neomexicana,0,1,,,,,,,
10181,10232,10223,A.Gray,127164,2707,Dalea pogonathera,0,1,,,,,,,
10181,10232,10223,A.Gray,127570,2707,Dalea polygonoides,0,1,,,,,,,
10181,10232,10223,A.Gray,57963,2707,Dalea wrightii,0,1,,,,,,,
10181,10232,10223,(Eaton) Trel. ex Branner & Coville,127168,2793,Desmanthus cooleyi,0,1,,,,,,,
10181,10232,10223,(B.L.Turner) Luckow,128841,2793,Desmanthus glandulosus,0,1,,,,,,,
10181,10232,10223,S.Watson,128842,2793,Desmanthus obtusus,0,1,,,,,,,
10181,10232,10223,Scheele,128843,2793,Desmanthus velutinus,0,1,,,,,,,
10181,10232,10223,A.Gray,63966,2796,Desmodium grahamii,0,1,,,,,,,
10181,10232,10223,Schltdl.,57965,2796,Desmodium psilophyllum,0,1,,,,,,,
10181,10232,10223,Scheele,57968,8236,Eysenhardtia texana,0,1,,,,,,,
10181,10232,10223,,450575,826,Hoffmanseggia drepanocarpa,0,1,,,,,,,
10181,10232,10223,Eifert,450522,826,Hoffmanseggia glauca,0,1,,,,,,,
10181,10232,10223,Scheele,57970,3944,Indigofera lindheimeriana,1,1,,,,,,,
10181,10232,10223,Benth.,128844,4276,Leucaena retusa,0,1,,,,,,,
10181,10232,10223,(Brandegee) Allred,450294,1001,Acmispon plebeius,0,1,,,,,,,
10181,10232,10223,S.Watson,128845,4412,Lupinus havardii,0,1,,,,,,,
10181,10232,10223,(DC.) Urb.,27351,4471,Macroptilium atropurpureum,1,1,,,,,,,
10181,10232,10223,L.,28092,4588,Medicago polymorpha,0,0,,,,,,,
10181,10232,10223,L.,28097,4588,Medicago sativa,0,0,,,,,,,
10181,10232,10223,(L.) Lam.,28393,4625,Melilotus officinalis,0,0,,,,,,,
10181,10232,10223,(L.) All.,28388,4625,Melilotus indicus,0,0,,,,,,,
10181,10232,10223,(L.) Lam.,28393,4625,Melilotus officinalis,0,0,,,,,,,
10181,10232,10223,Benth.,444083,4732,Mimosa biuncifera,0,1,,,,,,,
10181,10232,10223,A.Gray,128846,4732,Mimosa borealis,0,1,,,,,,,
10181,10232,10223,Benth.,127258,4732,Mimosa dysocarpa,0,1,,,,,,,
10181,10232,10223,Benth.,57976,4732,Mimosa emoryana,0,1,,,,,,,
10181,10232,10223,(A.Gray) Small,450576,4732,Mimosa texana,0,1,,,,,,,
10181,10232,10223,Barneby,128847,4732,Mimosa turneri,0,1,,,,,,,
10181,10232,10223,Benth.,444083,4732,Mimosa biuncifera,0,1,,,,,,,
10181,10232,10223,Benth.,30270,4968,Neptunia pubescens,0,1,,,,,,,
10181,10232,10223,S.Watson,128849,8237,Nissolia platycalyx,0,1,,,,,,,
10181,10232,10223,L.,32131,5303,Parkinsonia aculeata,0,0,,,,,,,
10181,10232,10223,A.Gray,128351,12045,Peteria scoparia,0,1,,,,,,,
10181,10232,10223,A.Gray,33136,5449,Phaseolus acutifolius,0,1,,,,,,,
10181,10232,10223,A.Gray,127875,5449,Phaseolus angustissimus,0,1,,,,,,,
10181,10232,10223,Benth.,33138,5449,Phaseolus filiformis,0,1,,,,,,,
10181,10232,10223,Benth.,127295,5449,Phaseolus pedicellatus,0,1,,,,,,,
10181,10232,10223,Benth.,127295,5449,Phaseolus pedicellatus,0,1,,,,,,,
10181,10232,10223,Torr.,36304,5772,Prosopis glandulosa,0,0,,,,,,,
10181,10232,10223,Torr.,36304,5772,Prosopis glandulosa,0,1,,,,,,,
10181,10232,10223,Torr.,36304,5772,Prosopis glandulosa,0,1,,,,,,,
10181,10232,10223,Benth.,95289,5772,Prosopis pubescens,0,1,,,,,,,
10181,10232,10223,(L.) DC.,38257,6003,Rhynchosia minima,1,1,,,,,,,
10181,10232,10223,Gillies ex Hook. & Arn.,71671,6003,Rhynchosia senna,0,1,,,,,,,
10181,10232,10223,(A.Gray) H.S.Irwin & Barneby,57956,6320,Senna bauhinioides,0,1,,,,,,,
10181,10232,10223,(Rose) H.S.Irwin & Barneby,128850,6320,Senna durangensis,0,1,,,,,,,
10181,10232,10223,(Scheele) H.S.Irwin & Barneby,57958,6320,Senna lindheimeriana,0,1,,,,,,,
10181,10232,10223,(Britton & Rose) H.S.Irwin & Barneby,128851,6320,Senna orcuttii,0,1,,,,,,,
10181,10232,10223,(B.L.Rob.) H.S.Irwin & Barneby,128852,6320,Senna pilosior,0,1,,,,,,,
10181,10232,10223,(A.Gray) H.S.Irwin & Barneby,128853,6320,Senna pumilio,0,1,,,,,,,
10181,10232,10223,(H.S.Irwin & Barneby) H.S.Irwin & Barneby,128854,6320,Senna ripleyana,0,1,,,,,,,
10181,10232,10223,(Scheele) H.S.Irwin & Barneby,128855,6320,Senna roemeriana,0,1,,,,,,,
10181,10232,10223,(Ortega) Gandhi & Reveal,345558,12008,Dermatophyllum secundiflorum,0,1,,,,,,,
10181,10232,10223,Nutt.,46790,7069,Vicia ludoviciana,0,1,,,,,,,
10181,10232,10223,Nutt.,46790,7069,Vicia ludoviciana,0,1,,,,,,,
10181,10232,10223,Nutt.,58144,5695,Polygala alba,0,1,,,,,,,
10181,10232,10223,(Chodat) J.R.Abbott,345580,14670,Hebecarpa barbeyana,0,1,,,,,,,
10181,10232,10223,(A.Gray) J.R.Abbott,345585,15836,Rhinotropis lindheimeri,0,0,,,,,,,
10181,10232,10223,(A.Gray) J.R.Abbott,345585,15836,Rhinotropis lindheimeri,0,1,,,,,,,
10181,10232,10223,(A.Gray) J.R.Abbott,345585,15836,Rhinotropis lindheimeri,0,1,,,,,,,
10181,10232,10223,(A.Gray) J.R.Abbott,345581,14670,Hebecarpa macradenia,0,1,,,,,,,
10181,10232,10223,(Correll) J.R.Abbott,345923,15836,Rhinotropis maravillasensis,0,1,,,,,,,
10181,10232,10223,(Brandegee) J.R.Abbott,345925,15836,Rhinotropis nudata,0,1,,,,,,,
10181,10232,10223,(Benth.) J.R.Abbott,345582,14670,Hebecarpa obscura,0,1,,,,,,,
10181,10232,10223,Chodat,127913,5695,Polygala scoparioides,0,1,,,,,,,
10181,10232,10223,(Mill.) K.Koch,31451,5182,Ostrya virginiana,0,1,,,,,,,
10181,10232,10223,Nixon & Dorr,128858,5909,Quercus buckleyi,1,1,,,,,,,
10181,10232,10223,C.H.Mull.,128859,5909,Quercus carmenensis,0,1,,,,,,,
10181,10232,10223,Torr.,57985,5909,Quercus emoryi,0,1,,,,,,,
10181,10232,10223,Small,58000,5909,Quercus fusiformis,1,1,,,,,,,
10181,10232,10223,Nutt.,125820,5909,Quercus gambelii,0,1,,,,,,,
10181,10232,10223,Trel.,57983,5909,Quercus canbyi,0,1,,,,,,,
10181,10232,10223,Sudw.,128860,5909,Quercus gravesii,0,1,,,,,,,
10181,10232,10223,Liebm.,57988,5909,Quercus grisea,0,1,,,,,,,
10181,10232,10223,C.H.Mull.,128861,5909,Quercus hinckleyi,1,1,,,,,,,
10181,10232,10223,A.Camus,127321,5909,Quercus hypoleucoides,1,1,,,,,,,
10181,10232,10223,Trel.,57990,5909,Quercus intricata,0,1,,,,,,,
10181,10232,10223,Small,57992,5909,Quercus laceyi,0,1,,,,,,,
10181,10232,10223,Buckley ex Rydb.,128862,5909,Quercus mohriana,0,1,,,,,,,
10181,10232,10223,Engelm.,126858,5909,Quercus muehlenbergii,0,1,,,,,,,
10181,10232,10223,Liebm.,57997,5909,Quercus pungens,0,1,,,,,,,
10181,10232,10223,C.H.Mull.,128863,5909,Quercus robusta,0,1,,,,,,,
10181,10232,10223,Née,63924,5909,Quercus rugosa,0,1,,,,,,,
10181,10232,10223,Walter,128864,5909,Quercus sinuata,0,1,,,,,,,
10181,10232,10223,C.H.Mull.,128865,5909,Quercus tardifolia,0,1,,,,,,,
10181,10232,10223,Buckley,128866,5909,Quercus vaseyana,0,1,,,,,,,
10181,10232,10223,(Wangenh.) K.Koch,8304,2049,Carya illinoinensis,0,1,,,,,,,
10181,10232,10223,(Torr.) A.Heller,58010,4022,Juglans major,0,1,,,,,,,
10181,10232,10223,Berland.,127726,4022,Juglans microcarpa,0,1,,,,,,,
10181,10232,10223,Wooton & Standl.,450577,3415,Garrya goldmanii,0,1,,,,,,,
10181,10232,10223,Torr.,127205,3415,Garrya wrightii,1,1,,,,,,,
10181,10232,10223,Torr.,128867,1263,Amsonia longiflora,0,1,,,,,,,
10181,10232,10223,A.Gray,127415,1263,Amsonia palmeri,1,1,,,,,,,
10181,10232,10223,L.,126202,1392,Apocynum androsaemifolium,0,1,,,,,,,
10181,10232,10223,L.,2728,1392,Apocynum cannabinum,0,1,,,,,,,
10181,10232,10223,Greene,128868,1392,Apocynum × floribundum,1,1,,,,,,,
10181,10232,10223,(Decne.) Woodson,125594,1501,Asclepias asperula,0,1,,,,,,,
10181,10232,10223,Engelm. ex Torr.,128373,1501,Asclepias brachystephana,0,1,,,,,,,
10181,10232,10223,Kunth,127098,1501,Asclepias glaucescens,0,1,,,,,,,
10181,10232,10223,L.,3605,1501,Asclepias incarnata,1,1,,,,,,,
10181,10232,10223,Torr.,127100,1501,Asclepias nummularia,0,1,,,,,,,
10181,10232,10223,Schltdl. & Cham.,127441,1501,Asclepias oenotheroides,0,1,,,,,,,
10181,10232,10223,Walter,126228,1501,Asclepias perennis,1,1,,,,,,,
10181,10232,10223,Woodson,128869,1501,Asclepias sperryi,0,1,,,,,,,
10181,10232,10223,(A.Gray) Vail,125600,1501,Asclepias subverticillata,0,1,,,,,,,
10181,10232,10223,A.Heller,128870,1501,Asclepias texana,0,1,,,,,,,
10181,10232,10223,Scheele,377785,4662,Metastelma barbigerum,0,1,,,,,,,
10181,10232,10223,A.Gray,28662,4662,Metastelma pringlei,0,1,,,,,,,
10181,10232,10223,(Jacq.) Jacq.,128872,2651,Cynanchum racemosum,0,1,,,,,,,
10181,10232,10223,(Benth.) Schltr.,128873,9211,Funastrum crispum,0,1,,,,,,,
10181,10232,10223,(Decne.) Schltr.,127651,9211,Funastrum cynanchoides,0,1,,,,,,,
10181,10232,10223,(Engelm. ex Torr.) Standl.,450480,9211,Funastrum heterophyllum,0,1,,,,,,,
10181,10232,10223,(A.Gray) Schltr.,128874,9211,Funastrum torreyi,0,1,,,,,,,
10181,10232,10223,(L.D.Benson) L.D.Benson,132314,3657,Haplophyton crooksii,0,1,,,,,,,
10181,10232,10223,(Benth.) Pichon,128875,4515,Mandevilla hypoleuca,1,1,,,,,,,
10181,10232,10223,(M.Martens & Galeotti) Pichon,128876,4515,Mandevilla lanuginosa,0,1,,,,,,,
10181,10232,10223,(Torr.) Woodson,27929,4565,Matelea parvifolia,0,1,,,,,,,
10181,10232,10223,(Torr.) Woodson,127783,4565,Matelea producta,0,1,,,,,,,
10181,10232,10223,(Engelm. ex A.Gray) Woodson,128877,4565,Matelea reticulata,0,1,,,,,,,
10181,10232,10223,(A.Gray) Woodson ex Shinners,128878,4565,Matelea sagittifolia,0,1,,,,,,,
10181,10232,10223,L.,30279,4972,Nerium oleander,0,0,,,,,,,
10181,10232,10223,(Benth.) Pichon,128875,4515,Mandevilla hypoleuca,0,1,,,,,,,
10181,10232,10223,(A.Gray) G.Mans.,127372,7201,Zeltnera arizonica,0,1,,,,,,,
10181,10232,10223,(Buckley) G.Mans.,126159,7201,Zeltnera calycosa,0,1,,,,,,,
10181,10232,10223,(Hook.) G.Don,450521,3257,Eustoma russellianum,0,1,,,,,,,
10181,10232,10223,(Cav.) Schltdl.,58160,8258,Bouvardia ternifolia,0,1,,,,,,,
10181,10232,10223,L.,8835,2124,Cephalanthus occidentalis,0,1,,,,,,,
10181,10232,10223,Humb. & Bonpl.,128880,2124,Cephalanthus salicifolius,1,1,,,,,,,
10181,10232,10223,L.,19146,3401,Galium aparine,1,1,,,,,,,
10181,10232,10223,Kunth,19193,3401,Galium mexicanum,0,1,,,,,,,
10181,10232,10223,Kunth,19193,3401,Galium mexicanum,1,1,,,,,,,
10181,10232,10223,A.Gray,127203,3401,Galium microphyllum,0,1,,,,,,,
10181,10232,10223,A.Gray,127654,3401,Galium proliferum,0,1,,,,,,,
10181,10232,10223,A.Gray,128881,3401,Galium texense,1,1,,,,,,,
10181,10232,10223,DC.,128882,3401,Galium uncinulatum,0,1,,,,,,,
10181,10232,10223,Nutt.,128883,3401,Galium virgatum,0,1,,,,,,,
10181,10232,10223,A.Gray,126051,3401,Galium wrightii,0,1,,,,,,,
10181,10232,10223,(Terrell) Terrell,128884,6533,Stenaria butterwickiae,0,1,,,,,,,
10181,10232,10223,(A.Gray) Terrell & H.Rob.,128885,8957,Arcytophyllum fasciculatum,0,1,,,,,,,
10181,10232,10223,(Fosberg) Terrell,128886,6533,Stenaria mullerae,1,1,,,,,,,
10181,10232,10223,(Lam.) Terrell,42837,6533,Stenaria nigricans,0,1,,,,,,,
10181,10232,10223,(Fosberg) Terrell,128886,6533,Stenaria mullerae,0,1,,,,,,,
10181,10232,10223,(A.Gray) Benth. & Hook.f.,58162,3850,Houstonia acerosa,0,1,,,,,,,
10181,10232,10223,(L.) L'Hér.,16987,3184,Erodium cicutarium,0,0,,,,,,,
10181,10232,10223,A.Gray,127630,3184,Erodium texanum,0,1,,,,,,,
10181,10232,10223,E.James,125915,3456,Geranium caespitosum,0,1,,,,,,,
10181,10232,10223,(S.H.Hagen) Henrickson & E.J.Lott,128887,11450,Anisacanthus linearis,0,1,,,,,,,
10181,10232,10223,(Torr.) Henrickson & E.J.Lott,128888,11450,Anisacanthus puberulus,0,1,,,,,,,
10181,10232,10223,A.Gray,8220,2031,Carlowrightia arizonica,0,1,,,,,,,
10181,10232,10223,(Torr.) A.Gray,127504,2031,Carlowrightia linearifolia,0,1,,,,,,,
10181,10232,10223,(Buckley) Wassh.,128889,2031,Carlowrightia parviflora,0,1,,,,,,,
10181,10232,10223,A.Gray,128890,2031,Carlowrightia serpyllifolia,0,1,,,,,,,
10181,10232,10223,Henrard & T.F.Daniel,128375,2031,Carlowrightia texana,1,0,,,,,,,
10181,10232,10223,Wassh.,128891,2031,Carlowrightia torreyana,1,1,,,,,,,
10181,10232,10223,(A.Gray) Kuntze,450400,3013,Dyschoriste decumbens,0,1,,,,,,,
10181,10232,10223,(Henrickson & Hilsenb.) T.F.Daniel,450578,3013,Dyschoriste cinerascens,0,1,,,,,,,
10181,10232,10223,L.,450352,16207,Dianthera americana,1,1,,,,,,,
10181,10232,10223,(Nees) Hilsenb.,128892,4027,Justicia pilosella,0,1,,,,,,,
10181,10232,10223,B.L.Turner,128893,4027,Justicia warnockii,0,1,,,,,,,
10181,10232,10223,A.Gray,128894,4027,Justicia wrightii,0,1,,,,,,,
10181,10232,10223,A.Gray,128895,6068,Ruellia parryi,0,1,,,,,,,
10181,10232,10223,(Nees) Hilsenb.,128892,4027,Justicia pilosella,0,1,,,,,,,
10181,10232,10223,Torr. & A.Gray,128897,6531,Stenandrium barbatum,0,1,,,,,,,
10181,10232,10223,Nees,44592,6729,Tetramerium nervosum,1,1,,,,,,,
10181,10232,10223,(Cav.) Sweet,57838,8215,Chilopsis linearis,0,1,,,,,,,
10181,10232,10223,(L.) Juss. ex Kunth,44301,6696,Tecoma stans,0,1,,,,,,,
10181,10232,10223,(A.Gray) Wooton & Standl.,128898,1111,Agastache micrantha,0,1,,,,,,,
10181,10232,10223,(A.Heller) Rydb.,125969,1111,Agastache pallidiflora,0,0,,,,,,,
10181,10232,10223,(A.Heller) Rydb.,125969,1111,Agastache pallidiflora,0,1,,,,,,,
10181,10232,10223,(A.Heller) Rydb.,125969,1111,Agastache pallidiflora,0,1,,,,,,,
10181,10232,10223,Hemsl.,58016,8240,Hedeoma costata,0,1,,,,,,,
10181,10232,10223,Benth.,58015,8240,Hedeoma drummondii,0,1,,,,,,,
10181,10232,10223,Torr.,128899,8240,Hedeoma mollis,0,1,,,,,,,
10181,10232,10223,(Torr.) Briq.,127215,8240,Hedeoma nana,0,1,,,,,,,
10181,10232,10223,Torr.,128900,8240,Hedeoma plicata,0,1,,,,,,,
10181,10232,10223,Small,450579,8240,Hedeoma serpyllifolia,0,1,,,,,,,
10181,10232,10223,L.,27829,4553,Marrubium vulgare,0,0,,,,,,,
10181,10232,10223,L.,28507,4637,Mentha arvensis,0,1,,,,,,,
10181,10232,10223,L.,28519,4637,Mentha × piperita,1,0,,,,,,,
10181,10232,10223,L.,28516,4637,Mentha spicata,0,0,,,,,,,
10181,10232,10223,A.Gray ex Hemsl.,128902,5688,Poliomintha glabrescens,0,1,,,,,,,
10181,10232,10223,(Torr.) A.J.Paton,128307,6281,Scutellaria mexicana,0,1,,,,,,,
10181,10232,10223,A.Gray,127964,6123,Salvia arizonica,0,1,,,,,,,
10181,10232,10223,Benth.,58021,6123,Salvia ballotiflora,1,1,,,,,,,
10181,10232,10223,A.Gray,128903,6123,Salvia greggii,0,1,,,,,,,
10181,10232,10223,A.Gray,128904,6123,Salvia lycioides,0,1,,,,,,,
10181,10232,10223,Hornem.,39814,6123,Salvia reflexa,0,1,,,,,,,
10181,10232,10223,Cav.,58019,6123,Salvia regla,0,1,,,,,,,
10181,10232,10223,Scheele,128905,6123,Salvia roemeriana,0,1,,,,,,,
10181,10232,10223,Benth.,128906,6281,Scutellaria drummondii,1,1,,,,,,,
10181,10232,10223,Moc. & Sessé ex Benth.,58024,6281,Scutellaria microphylla,0,1,,,,,,,
10181,10232,10223,Brandegee,127972,6281,Scutellaria potosina,0,1,,,,,,,
10181,10232,10223,A.Gray,128907,6281,Scutellaria wrightii,0,1,,,,,,,
10181,10232,10223,A.Gray,128908,6502,Stachys bigelovii,0,1,,,,,,,
10181,10232,10223,Ortega,63957,6502,Stachys coccinea,0,1,,,,,,,
10181,10232,10223,A.Gray,450422,20324,Tetraclea coulteri,0,1,,,,,,,
10181,10232,10223,B.L.Turner,128909,6748,Teucrium coahuilanum,0,1,,,,,,,
10181,10232,10223,Small,450580,6748,Teucrium depressum,0,1,,,,,,,
10181,10232,10223,Torr.,128910,6748,Teucrium laciniatum,0,1,,,,,,,
10181,10232,10223,(Mill.) Thell.,48184,5766,Proboscidea louisianica,0,1,,,,,,,
10181,10232,10223,(Wooton) Wooton & Standl.,126127,5766,Proboscidea parviflora,0,1,,,,,,,
10181,10232,10223,Torr.,58066,3354,Forestiera angustifolia,0,1,,,,,,,
10181,10232,10223,Nutt.,125716,3354,Forestiera pubescens,0,1,,,,,,,
10181,10232,10223,Torr.,58068,3354,Forestiera reticulata,1,1,,,,,,,
10181,10232,10223,A.DC.,128911,3367,Fraxinus berlandieriana,0,1,,,,,,,
10181,10232,10223,Torr.,128176,3367,Fraxinus cuspidata,0,1,,,,,,,
10181,10232,10223,A.Gray,58071,3367,Fraxinus greggii,0,1,,,,,,,
10181,10232,10223,Torr.,106490,3367,Fraxinus velutina,0,1,,,,,,,
10181,10232,10223,Engelm. ex A.Gray,58072,8056,Menodora scabra,0,1,,,,,,,
10181,10232,10223,Moric. ex DC.,85986,8056,Menodora heterophylla,1,1,,,,,,,
10181,10232,10223,Engelm. ex A.Gray,128912,8056,Menodora longiflora,0,1,,,,,,,
10181,10232,10223,Engelm. ex A.Gray,58072,8056,Menodora scabra,0,1,,,,,,,
10181,10232,10223,A.Gray,126013,2069,Castilleja integra,0,1,,,,,,,
10181,10232,10223,A.Gray,126013,2069,Castilleja integra,0,1,,,,,,,
10181,10232,10223,A.Gray,8481,2069,Castilleja lanata,0,1,,,,,,,
10181,10232,10223,Eastw.,128913,2069,Castilleja rigida,0,1,,,,,,,
10181,10232,10223,Pursh,58176,2069,Castilleja sessiliflora,0,1,,,,,,,
10181,10232,10223,Liebm.,127151,8251,Conopholis alpina,0,1,,,,,,,
10181,10232,10223,(A.Gray) A.Heller,127835,5154,Orobanche cooperi,1,1,,,,,,,
10181,10232,10223,Nutt.,125790,5154,Orobanche ludoviciana,0,0,,,,,,,
10181,10232,10223,Nutt.,125790,5154,Orobanche ludoviciana,0,1,,,,,,,
10181,10232,10223,Nutt.,125934,5154,Orobanche multiflora,0,1,,,,,,,
10181,10232,10223,(A.Gray) A.Heller,127835,5154,Orobanche cooperi,0,1,,,,,,,
10181,10232,10223,B.L.Turner,128915,6345,Seymeria falcata,0,1,,,,,,,
10181,10232,10223,A.Gray,128916,6345,Seymeria scabra,0,1,,,,,,,
10181,10232,10223,Kunth,29150,4733,Mimulus glabratus,0,1,,,,,,,
10181,10232,10223,(DC.) G.L.Nesom,153907,10912,Erythranthe guttata,0,1,,,,,,,
10181,10232,10223,(L.) Wettst.,4494,1595,Bacopa monnieri,0,1,,,,,,,
10181,10232,10223,Nutt.,128917,2405,Collinsia violacea,1,1,,,,,,,
10181,10232,10223,(Engelm. ex A.Gray) Munz,128918,12096,Epixiphium wislizeni,0,1,,,,,,,
10181,10232,10223,(Humb. & Bonpl. ex Willd.) Rothm.,441096,20059,Maurandella antirrhiniflora,0,1,,,,,,,
10181,10232,10223,(Engelm. ex A.Gray) Munz,128918,12096,Epixiphium wislizeni,0,1,,,,,,,
10181,10232,10223,(Mill.) Small,28035,4583,Mecardonia procumbens,0,1,,,,,,,
10181,10232,10223,(Scheele) D.A.Sutton,127275,5037,Nuttallanthus texanus,0,1,,,,,,,
10181,10232,10223,Hook.,128920,5359,Penstemon baccharifolius,0,1,,,,,,,
10181,10232,10223,(Cav.) Roth,121513,5359,Penstemon barbatus,0,1,,,,,,,
10181,10232,10223,A.Gray,127856,5359,Penstemon dasyphyllus,0,1,,,,,,,
10181,10232,10223,Torr. & A.Gray,127859,5359,Penstemon fendleri,0,1,,,,,,,
10181,10232,10223,A.Gray,128921,5359,Penstemon havardii,0,1,,,,,,,
10181,10232,10223,Benth.,58177,5359,Penstemon lanceolatus,0,1,,,,,,,
10181,10232,10223,A.Nelson,127865,5359,Penstemon superbus,1,1,,,,,,,
10181,10232,10223,Hook.,127866,5359,Penstemon wrightii,0,1,,,,,,,
10181,10232,10223,Small,128922,5598,Plantago helleri,0,1,,,,,,,
10181,10232,10223,Fisch. & C.A.Mey.,128923,5598,Plantago hookeriana,0,1,,,,,,,
10181,10232,10223,Forssk.,34874,5598,Plantago ovata,0,1,,,,,,,
10181,10232,10223,Jacq.,103678,5598,Plantago patagonica,0,1,,,,,,,
10181,10232,10223,Decne.,34881,5598,Plantago rhodosperma,0,1,,,,,,,
10181,10232,10223,L.,34901,5598,Plantago virginica,1,1,,,,,,,
10181,10232,10223,Decne.,128418,5598,Plantago wrightiana,0,1,,,,,,,
10181,10232,10223,(Henrickson) B.L.Turner,128924,6527,Stemodia coahuilensis,0,1,,,,,,,
10181,10232,10223,L.,46665,7064,Veronica peregrina,0,1,,,,,,,
10181,10232,10223,Benth.,58035,1871,Buddleja marrubiifolia,0,1,,,,,,,
10181,10232,10223,Kunth,58036,1871,Buddleja scordioides,1,1,,,,,,,
10181,10232,10223,I.M.Johnst.,128925,4286,Leucophyllum candidum,0,1,,,,,,,
10181,10232,10223,(Berland.) I.M.Johnst.,25610,4286,Leucophyllum frutescens,0,1,,,,,,,
10181,10232,10223,A.Gray,128926,4286,Leucophyllum minus,0,1,,,,,,,
10181,10232,10223,(Gillies & Hook.) Tronc.,53862,1190,Aloysia gratissima,0,1,,,,,,,
10181,10232,10223,A.Heller,127084,1190,Aloysia wrightii,0,1,,,,,,,
10181,10232,10223,A.Gray ex Torr.,128927,1791,Bouchea linifolia,0,1,,,,,,,
10181,10232,10223,Torr.,128928,1791,Bouchea spathulata,0,1,,,,,,,
10181,10232,10223,Schauer,128022,7058,Verbena bipinnatifida,0,1,,,,,,,
10181,10232,10223,Schauer,128022,7058,Verbena bipinnatifida,0,1,,,,,,,
10181,10232,10223,Rydb.,450581,7058,Verbena pumila,0,1,,,,,,,
10181,10232,10223,A.Heller,450582,7058,Verbena quadrangulata,0,1,,,,,,,
10181,10232,10223,Eggert,450583,7058,Verbena racemosa,0,1,,,,,,,
10181,10232,10223,(Umber) Moldenke,450584,7058,Verbena verecunda,0,1,,,,,,,
10181,10232,10223,Schauer,128022,7058,Verbena bipinnatifida,0,1,,,,,,,
10181,10232,10223,Desf.,58200,4146,Lantana achyranthifolia,0,1,,,,,,,
10181,10232,10223,Kunth,72001,4339,Lippia origanoides,0,1,,,,,,,
10181,10232,10223,(L.) Greene,33384,5495,Phyla nodiflora,0,1,,,,,,,
10181,10232,10223,Vell.,46516,7058,Verbena brasiliensis,0,0,,,,,,,
10181,10232,10223,Kunth,58203,7058,Verbena canescens,0,1,,,,,,,
10181,10232,10223,Small,59206,7058,Verbena halei,0,1,,,,,,,
10181,10232,10223,(A.Gray) Briq.,58206,7058,Verbena neomexicana,0,1,,,,,,,
10181,10232,10223,Wooton,128933,7058,Verbena perennis,0,1,,,,,,,
10181,10232,10223,Greene,128024,7058,Verbena plicata,1,1,,,,,,,
10181,10232,10223,A.Heller,450582,7058,Verbena quadrangulata,1,1,,,,,,,
10181,10232,10223,Vahl,46524,7058,Verbena scabra,0,1,,,,,,,
10181,10232,10223,Cav.,57931,965,Acalypha monostachya,0,1,,,,,,,
10181,10232,10223,Müll.Arg.,57930,965,Acalypha neomexicana,0,1,,,,,,,
10181,10232,10223,Cav.,318,965,Acalypha phleoides,0,1,,,,,,,
10181,10232,10223,Torr.,128934,965,Acalypha radians,1,1,,,,,,,
10181,10232,10223,(Engelm. & A.Gray) Pax,128935,2927,Ditaxis humilis,0,1,,,,,,,
10181,10232,10223,(Torr.) A.Heller,14853,2927,Ditaxis serrata,0,1,,,,,,,
10181,10232,10223,(Scheele) S.Watson,57932,1692,Bernardia myricifolia,1,1,,,,,,,
10181,10232,10223,L.M.Johnst.,128936,1692,Bernardia obovata,0,1,,,,,,,
10181,10232,10223,Engelm.,450585,3237,Euphorbia acuta,0,1,,,,,,,
10181,10232,10223,Torr. & A.Gray,17721,3237,Euphorbia albomarginata,0,1,,,,,,,
10181,10232,10223,Engelm.,17730,3237,Euphorbia arizonica,0,1,,,,,,,
10181,10232,10223,Engelm.,127515,3237,Euphorbia capitellata,0,1,,,,,,,
10181,10232,10223,(Boiss.) Tidestr.,128109,3237,Euphorbia chaetocalyx,0,0,,,,,,,
10181,10232,10223,(Boiss.) Tidestr.,128109,3237,Euphorbia chaetocalyx,0,1,,,,,,,
10181,10232,10223,(Boiss.) Tidestr.,128109,3237,Euphorbia chaetocalyx,0,1,,,,,,,
10181,10232,10223,Engelm.,128938,3237,Euphorbia cinerascens,0,1,,,,,,,
10181,10232,10223,Torr. & A.Gray,17800,3237,Euphorbia fendleri,0,1,,,,,,,
10181,10232,10223,Engelm.,57080,3237,Euphorbia glyptosperma,0,1,,,,,,,
10181,10232,10223,L.C.Wheeler,128939,3237,Euphorbia golondrina,0,1,,,,,,,
10181,10232,10223,L.,17838,3237,Euphorbia hyssopifolia,0,1,,,,,,,
10181,10232,10223,Engelm.,128426,3237,Euphorbia lata,1,1,,,,,,,
10181,10232,10223,Torr. & A.Gray,127517,3237,Euphorbia melanadenia,0,1,,,,,,,
10181,10232,10223,Boiss.,17879,3237,Euphorbia micromera,0,1,,,,,,,
10181,10232,10223,Raf.,127518,3237,Euphorbia missurica,1,1,,,,,,,
10181,10232,10223,Lag.,17895,3237,Euphorbia nutans,0,1,,,,,,,
10181,10232,10223,(Shinners) Warnock & M.C.Johnst.,128940,3237,Euphorbia perennans,0,1,,,,,,,
10181,10232,10223,Aiton,17927,3237,Euphorbia prostrata,0,1,,,,,,,
10181,10232,10223,Engelm.,127142,3237,Euphorbia revoluta,0,1,,,,,,,
10181,10232,10223,Kunth,17949,3237,Euphorbia serpens,0,1,,,,,,,
10181,10232,10223,Pers.,448402,3237,Euphorbia serpillifolia,0,1,,,,,,,
10181,10232,10223,Engelm.,127143,3237,Euphorbia serrula,0,1,,,,,,,
10181,10232,10223,Engelm. ex Torr.,17952,3237,Euphorbia setiloba,0,1,,,,,,,
10181,10232,10223,(L.C.Wheeler) Warnock & M.C.Johnst.,128941,3237,Euphorbia simulans,0,1,,,,,,,
10181,10232,10223,Engelm.,127519,3237,Euphorbia stictospora,0,1,,,,,,,
10181,10232,10223,Scheele,57942,3237,Euphorbia villifera,0,1,,,,,,,
10181,10232,10223,B.L.Turner,128942,2566,Croton bigbendensis,0,1,,,,,,,
10181,10232,10223,Cav.,57937,2566,Croton dioicus,0,1,,,,,,,
10181,10232,10223,Torr.,57938,2566,Croton fruticulosus,0,1,,,,,,,
10181,10232,10223,Kunth,128943,2566,Croton incanus,0,1,,,,,,,
10181,10232,10223,Müll.Arg.,128944,2566,Croton leucophyllus,0,1,,,,,,,
10181,10232,10223,Scheele,126460,2566,Croton lindheimerianus,0,1,,,,,,,
10181,10232,10223,(Klotzsch) Müll.Arg.,127551,2566,Croton pottsii,0,1,,,,,,,
10181,10232,10223,(Klotzsch) Müll.Arg.,126023,2566,Croton texensis,1,1,,,,,,,
10181,10232,10223,(Klotzsch) Müll.Arg.,127551,2566,Croton pottsii,0,1,,,,,,,
10181,10232,10223,Zucc.,57941,3237,Euphorbia antisyphilitica,0,1,,,,,,,
10181,10232,10223,Engelm.,125713,3237,Euphorbia brachycera,0,1,,,,,,,
10181,10232,10223,Subils,59413,3237,Euphorbia davidii,0,0,,,,,,,
10181,10232,10223,Michx.,57076,3237,Euphorbia dentata,0,1,,,,,,,
10181,10232,10223,Benth.,17795,3237,Euphorbia eriantha,0,1,,,,,,,
10181,10232,10223,Engelm.,127198,3237,Euphorbia exstipulata,0,1,,,,,,,
10181,10232,10223,L.,17830,3237,Euphorbia heterophylla,1,1,,,,,,,
10181,10232,10223,Torr. & A.Gray,128945,3237,Euphorbia wrightii,1,1,,,,,,,
10181,10232,10223,Sessé,57943,4013,Jatropha dioica,0,1,,,,,,,
10181,10232,10223,Sessé,57943,4013,Jatropha dioica,0,1,,,,,,,
10181,10232,10223,(Müll.Arg.) I.M.Johnst.,128946,6566,Stillingia treculiana,1,1,,,,,,,
10181,10232,10223,(Müll.Arg.) Pax & K.Hoffm.,45425,6863,Tragia amblyodonta,0,1,,,,,,,
10181,10232,10223,Torr.,125867,6863,Tragia ramosa,0,1,,,,,,,
10181,10232,10223,Engelm.,125758,4334,Linum aristatum,1,1,,,,,,,
10181,10232,10223,A.Heller,126073,4334,Linum australe,0,1,,,,,,,
10181,10232,10223,Hook.,128947,4334,Linum berlandieri,0,1,,,,,,,
10181,10232,10223,Planch.,128948,4334,Linum hudsonioides,0,1,,,,,,,
10181,10232,10223,(Raf.) B.D.Jacks.,128949,4334,Linum imbricatum,0,1,,,,,,,
10181,10232,10223,Pursh,126074,4334,Linum lewisii,0,1,,,,,,,
10181,10232,10223,Engelm. ex A.Gray,58030,4334,Linum rupestre,0,1,,,,,,,
10181,10232,10223,Schltdl. & Cham.,128950,4334,Linum schiedeanum,0,1,,,,,,,
10181,10232,10223,Riddell,126674,4334,Linum sulcatum,0,1,,,,,,,
10181,10232,10223,Wooton,128951,4334,Linum vernale,0,1,,,,,,,
10181,10232,10223,A.Gray,23855,4008,Janusia gracilis,0,1,,,,,,,
10181,10232,10223,Engelm.,128952,5316,Passiflora tenuiloba,0,1,,,,,,,
10181,10232,10223,(Nutt.) Voronts. & Petra Hoffm.,128953,12097,Phyllanthopsis phyllanthoides,0,1,,,,,,,
10181,10232,10223,Nutt. ex Spreng.,57944,5501,Phyllanthus polygonoides,0,1,,,,,,,
10181,10232,10223,E.James,125943,5726,Populus angustifolia,0,1,,,,,,,
10181,10232,10223,W.Bartram ex Marshall,35891,5726,Populus deltoides,0,1,,,,,,,
10181,10232,10223,S.Watson,35892,5726,Populus fremontii,0,0,,,,,,,
10181,10232,10223,S.Watson,35892,5726,Populus fremontii,0,1,,,,,,,
10181,10232,10223,S.Watson,35892,5726,Populus fremontii,0,1,,,,,,,
10181,10232,10223,Michx.,35898,5726,Populus tremuloides,0,1,,,,,,,
10181,10232,10223,Nutt.,39659,6115,Salix exigua,0,1,,,,,,,
10181,10232,10223,C.R.Ball,39665,6115,Salix gooddingii,0,1,,,,,,,
10181,10232,10223,Rowlee,126915,6115,Salix interior,0,1,,,,,,,
10181,10232,10223,Benth.,39679,6115,Salix lasiolepis,0,1,,,,,,,
10181,10232,10223,Marshall,39685,6115,Salix nigra,0,1,,,,,,,
10181,10232,10223,Kunth,127330,6115,Salix taxifolia,0,1,,,,,,,
10181,10232,10223,(Ortega) Paula-Souza,411908,9512,Pombalia verticillata,0,1,,,,,,,
10181,10232,10223,(Lag.) Janch.,450586,2555,Crocanthemum glomeratum,0,1,,,,,,,
10181,10232,10223,Hodgdon,128955,4192,Lechea mensalis,0,1,,,,,,,
10181,10232,10223,Guill. & Perr.,69,961,Abutilon fruticosum,0,1,,,,,,,
10181,10232,10223,S.Watson,58045,961,Abutilon malacum,0,1,,,,,,,
10181,10232,10223,A.Gray,127377,961,Abutilon parvulum,0,1,,,,,,,
10181,10232,10223,A.Gray,58046,961,Abutilon wrightii,0,1,,,,,,,
10181,10232,10223,(Scheele) D.M.Bates,58059,8246,Allowissadula holosericea,0,1,,,,,,,
10181,10232,10223,S.Watson,4411,1586,Ayenia filiformis,0,1,,,,,,,
10181,10232,10223,A.Gray,127451,1586,Ayenia microphylla,0,1,,,,,,,
10181,10232,10223,Cristóbal,128956,1586,Ayenia pilosa,0,1,,,,,,,
10181,10232,10223,(Rose) Fryxell,128957,12098,Batesimalva violacea,0,1,,,,,,,
10181,10232,10223,(L.) Brizicky,21460,3744,Herissantia crispa,0,1,,,,,,,
10181,10232,10223,Harv. ex A.Gray,127690,3788,Hibiscus coulteri,0,1,,,,,,,
10181,10232,10223,Benth.,21693,3788,Hibiscus denudatus,0,1,,,,,,,
10181,10232,10223,Zucc.,58050,3788,Hibiscus martianus,0,1,,,,,,,
10181,10232,10223,L.,27631,4509,Malva parviflora,0,0,,,,,,,
10181,10232,10223,(A.Gray) Fryxell,127776,4512,Malvella lepidota,0,1,,,,,,,
10181,10232,10223,(Ortega) Krapov.,27644,4512,Malvella leprosa,0,1,,,,,,,
10181,10232,10223,(A.Gray) Fryxell,128958,4512,Malvella sagittifolia,0,1,,,,,,,
10181,10232,10223,(A.Gray) Fryxell,58055,8245,Rhynchosida physocalyx,0,1,,,,,,,
10181,10232,10223,Mill.,41455,6363,Sida abutilifolia,0,1,,,,,,,
10181,10232,10223,Engelm. & A.Gray,128959,6363,Sida lindheimeri,1,1,,,,,,,
10181,10232,10223,A.Gray,128960,6363,Sida longipes,0,1,,,,,,,
10181,10232,10223,A.Gray,127345,6363,Sida neomexicana,0,1,,,,,,,
10181,10232,10223,A.Gray,127981,6363,Sida tragiifolia,0,1,,,,,,,
10181,10232,10223,(Cav.) G.Don,58056,6464,Sphaeralcea angustifolia,0,1,,,,,,,
10181,10232,10223,A.Gray,58057,6464,Sphaeralcea hastulata,0,1,,,,,,,
10181,10232,10223,Torr. ex A.Gray,126140,6464,Sphaeralcea incana,0,1,,,,,,,
10181,10232,10223,Torr. & A.Gray,27166,4442,Lythrum californicum,0,1,,,,,,,
10181,10232,10223,S.A.Graham & Gandhi,414137,1233,Ammannia grayi,0,1,,,,,,,
10181,10232,10223,Benth.,375323,5076,Oenothera hartwegii,0,0,,,,,,,
10181,10232,10223,Benth.,375323,5076,Oenothera hartwegii,0,1,,,,,,,
10181,10232,10223,Benth.,375323,5076,Oenothera hartwegii,0,1,,,,,,,
10181,10232,10223,A.Gray,450587,5076,Oenothera tubicula,0,1,,,,,,,
10181,10232,10223,(A.Gray) W.L.Wagner & Hoch,16746,3155,Eremothera chamaenerioides,0,1,,,,,,,
10181,10232,10223,Raf.,16535,3137,Epilobium ciliatum,1,1,,,,,,,
10181,10232,10223,(P.H.Raven & D.P.Greg.) W.L.Wagner & Hoch,450588,5076,Oenothera boquillensis,0,1,,,,,,,
10181,10232,10223,(P.H.Raven & D.P.Greg.) W.L.Wagner & Hoch,450589,5076,Oenothera calcicola,0,1,,,,,,,
10181,10232,10223,(Moc. & Sessé ex Ser.) W.L.Wagner & Hoch,449014,5076,Oenothera suffrutescens,0,1,,,,,,,
10181,10232,10223,W.L.Wagner & Hoch,450590,5076,Oenothera arida,0,1,,,,,,,
10181,10232,10223,E.James,125722,3426,Gaura mollis,0,1,,,,,,,
10181,10232,10223,Engelm.,127655,3426,Gaura suffulta,1,1,,,,,,,
10181,10232,10223,(Kunth) P.H.Raven,26838,4401,Ludwigia peploides,0,0,,,,,,,
10181,10232,10223,(Kunth) P.H.Raven,26838,4401,Ludwigia peploides,0,1,,,,,,,
10181,10232,10223,(Kunth) P.H.Raven,26838,4401,Ludwigia peploides,0,1,,,,,,,
10181,10232,10223,Pursh,58040,5076,Oenothera albicaulis,1,1,,,,,,,
10181,10232,10223,A.Gray,127823,5076,Oenothera brachycarpa,0,1,,,,,,,
10181,10232,10223,(Spach) Munz,30698,5076,Oenothera kunthiana,0,1,,,,,,,
10181,10232,10223,Hill,30699,5076,Oenothera laciniata,0,1,,,,,,,
10181,10232,10223,A.Gray,127276,5076,Oenothera primiveris,0,1,,,,,,,
10181,10232,10223,L'Hér. ex Aiton,30708,5076,Oenothera rosea,0,1,,,,,,,
10181,10232,10223,Nutt.,30710,5076,Oenothera speciosa,1,1,,,,,,,
10181,10232,10223,Nutt.,128966,5076,Oenothera triloba,0,1,,,,,,,
10181,10232,10223,Kunth,450411,5197,Oxalis albicans,0,1,,,,,,,
10181,10232,10223,A.Gray,127836,5197,Oxalis drummondii,0,1,,,,,,,
10181,10232,10223,L.,31543,5197,Oxalis stricta,0,1,,,,,,,
10181,10232,10223,L.,31551,5197,Oxalis violacea,1,1,,,,,,,
10181,10232,10223,(Greene) Bartel,439547,20013,Hesperocyparis arizonica,0,1,,,,,,,
10181,10232,10223,(Martínez) Gaussen ex R.P.Adams,127237,4025,Juniperus coahuilensis,0,1,,,,,,,
10181,10232,10223,Steud.,80822,4025,Juniperus deppeana,0,1,,,,,,,
10181,10232,10223,Schltdl.,128967,4025,Juniperus flaccida,0,1,,,,,,,
10181,10232,10223,(Engelm.) Sarg.,126067,4025,Juniperus monosperma,0,1,,,,,,,
10181,10232,10223,Sudw.,90828,4025,Juniperus pinchotii,0,1,,,,,,,
10181,10232,10223,Engelm.,127304,5563,Pinus arizonica,0,1,,,,,,,
10181,10232,10223,Zucc.,58081,5563,Pinus cembroides,0,1,,,,,,,
10181,10232,10223,Engelm.,125811,5563,Pinus edulis,1,1,,,,,,,
10181,10232,10223,Shaw,128968,5563,Pinus nelsonii,1,0,,,,,,,
10181,10232,10223,Douglas ex C.Lawson,34386,5563,Pinus ponderosa,1,1,,,,,,,
10181,10232,10223,(Little) D.K.Bailey & Hawksw.,58080,5563,Pinus remota,0,1,,,,,,,
10181,10232,10223,(Mirb.) Franco,36512,5821,Pseudotsuga menziesii,0,1,,,,,,,
10181,10232,10223,I.M.Johnst.,128969,1466,Aristolochia coryi,0,1,,,,,,,
10181,10232,10223,Wooton & Standl.,3339,1466,Aristolochia watsonii,1,1,,,,,,,
10181,10232,10223,Seem.,128970,1466,Aristolochia wrightii,0,1,,,,,,,
10181,10232,10223,S.Watson,128971,8216,Hechtia texensis,0,1,,,,,,,
10181,10232,10223,(L.) L.,45181,6809,Tillandsia recurvata,0,1,,,,,,,
10181,10232,10223,(L.) Kunth ex C.B.Clarke,6215,1877,Bulbostylis capillaris,0,1,,,,,,,
10181,10232,10223,(Vahl) Kük. ex Herter,6222,1877,Bulbostylis juncoides,0,1,,,,,,,
10181,10232,10223,L.H.Bailey,127493,2026,Carex alma,0,1,,,,,,,
10181,10232,10223,Mack.,126005,2026,Carex geophila,0,1,,,,,,,
10181,10232,10223,S.D.Jones & G.D.Jones,127498,2026,Carex lativena,0,1,,,,,,,
10181,10232,10223,Torr.,127499,2026,Carex microdonta,0,1,,,,,,,
10181,10232,10223,F.J.Herm.,128972,2026,Carex muriculata,0,1,,,,,,,
10181,10232,10223,Kunze,128973,2026,Carex planostachys,0,0,,,,,,,
10181,10232,10223,Kunze,128974,2026,Carex schiedeana,0,1,,,,,,,
10181,10232,10223,Dewey ex Schwein.,128975,2026,Carex schweinitzii,0,1,,,,,,,
10181,10232,10223,(L.) Pohl,9809,2313,Cladium mariscus,0,1,,,,,,,
10181,10232,10223,Torr. & Hook.,126466,2661,Cyperus acuminatus,1,1,,,,,,,
10181,10232,10223,L.,12871,2661,Cyperus elegans,0,1,,,,,,,
10181,10232,10223,L.,12876,2661,Cyperus esculentus,1,0,,,,,,,
10181,10232,10223,Boeckeler,126028,2661,Cyperus fendlerianus,0,1,,,,,,,
10181,10232,10223,(Jacq.) Standl.,12901,2661,Cyperus hermaphroditus,1,1,,,,,,,
10181,10232,10223,L.,12912,2661,Cyperus laevigatus,0,1,,,,,,,
10181,10232,10223,L.,12936,2661,Cyperus odoratus,0,1,,,,,,,
10181,10232,10223,Buckley,127157,2661,Cyperus retroflexus,0,1,,,,,,,
10181,10232,10223,Torr.,57013,2661,Cyperus schweinitzii,1,1,,,,,,,
10181,10232,10223,Kunth,63905,2661,Cyperus seslerioides,0,1,,,,,,,
10181,10232,10223,Boeckeler,127158,2661,Cyperus sphaerolepis,0,1,,,,,,,
10181,10232,10223,L.,12974,2661,Cyperus squarrosus,0,1,,,,,,,
10181,10232,10223,(L.) Roem. & Schult.,16141,3070,Eleocharis geniculata,0,1,,,,,,,
10181,10232,10223,(Vahl) Roem. & Schult.,16144,3070,Eleocharis interstincta,1,1,,,,,,,
10181,10232,10223,Kunth,16160,3070,Eleocharis montevidensis,0,1,,,,,,,
10181,10232,10223,(L.) Roem. & Schult.,16171,3070,Eleocharis palustris,0,1,,,,,,,
10181,10232,10223,"(Roem. & Schult.) Link ex Bluff, Nees & Schauer",16172,3070,Eleocharis parvula,0,1,,,,,,,
10181,10232,10223,(Torr.) Torr.,16179,3070,Eleocharis rostellata,0,1,,,,,,,
10181,10232,10223,(L.) Roem. & Schult.,18650,3327,Fimbristylis autumnalis,1,1,,,,,,,
10181,10232,10223,(L.) Vahl,18657,3327,Fimbristylis dichotoma,1,1,,,,,,,
10181,10232,10223,Vahl,18946,3379,Fuirena simplex,0,0,,,,,,,
10181,10232,10223,Vahl,18946,3379,Fuirena simplex,0,1,,,,,,,
10181,10232,10223,Vahl,18946,3379,Fuirena simplex,0,1,,,,,,,
10181,10232,10223,Michx.,18947,3379,Fuirena squarrosa,0,1,,,,,,,
10181,10232,10223,(Coville) Bauters,450467,2661,Cyperus aristulatus,0,1,,,,,,,
10181,10232,10223,(Pers.) Volkart,40455,6238,Schoenoplectus americanus,1,1,,,,,,,
10181,10232,10223,(C.A.Mey.) Soják,40456,6238,Schoenoplectus californicus,1,1,,,,,,,
10181,10232,10223,(Vahl) Palla,40460,6238,Schoenoplectus pungens,0,1,,,,,,,
10181,10232,10223,Michx.,23943,4024,Juncus acuminatus,0,1,,,,,,,
10181,10232,10223,Willd.,23957,4024,Juncus balticus,1,1,,,,,,,
10181,10232,10223,L.,23963,4024,Juncus bufonius,0,0,,,,,,,
10181,10232,10223,Wiegand,126640,4024,Juncus dudleyi,0,1,,,,,,,
10181,10232,10223,Wikstr.,23983,4024,Juncus ensifolius,0,1,,,,,,,
10181,10232,10223,Wiegand,125922,4024,Juncus interior,0,1,,,,,,,
10181,10232,10223,Rostk.,24010,4024,Juncus marginatus,0,1,,,,,,,
10181,10232,10223,L.,126643,4024,Juncus nodosus,0,1,,,,,,,
10181,10232,10223,A.Nelson,125747,4024,Juncus saximontanus,0,1,,,,,,,
10181,10232,10223,Lam.,24041,4024,Juncus scirpoides,0,1,,,,,,,
10181,10232,10223,Willd.,24053,4024,Juncus tenuis,0,1,,,,,,,
10181,10232,10223,Coville,24055,4024,Juncus torreyi,0,1,,,,,,,
10181,10232,10223,(Swallen) Romasch.,450591,17473,Eriocoma curvifolia,0,1,,,,,,,
10181,10232,10223,(Cav.) Romasch.,444701,20171,Pseudoeriocoma eminens,0,1,,,,,,,
10181,10232,10223,(Swallen) Romasch.,444101,17473,Eriocoma lobata,0,1,,,,,,,
10181,10232,10223,(Pursh) Á.Löve,128667,12082,Pseudoroegneria spicata,1,1,,,,,,,
10181,10232,10223,Trin.,1219,1130,Agrostis exarata,0,1,,,,,,,
10181,10232,10223,"(Walter) Britton, Sterns & Poggenb.",1225,1130,Agrostis hyemalis,0,1,,,,,,,
10181,10232,10223,Willd.,1258,1130,Agrostis scabra,1,1,,,,,,,
10181,10232,10223,L.,1260,1130,Agrostis stolonifera,0,0,,,,,,,
10181,10232,10223,(Vasey) Soderstr. & H.F.Decker,128977,12099,Allolepis texana,0,1,,,,,,,
10181,10232,10223,Vitman,450303,1297,Andropogon gerardi,0,1,,,,,,,
10181,10232,10223,"(Walter) Britton, Sterns & Poggenb.",2233,1297,Andropogon glomeratus,0,1,,,,,,,
10181,10232,10223,Hack.,122923,1297,Andropogon hallii,1,1,,,,,,,
10181,10232,10223,L.,3202,1465,Aristida adscensionis,0,1,,,,,,,
10181,10232,10223,Vasey,58086,1465,Aristida arizonica,0,1,,,,,,,
10181,10232,10223,Humb. & Bonpl. ex Willd.,127095,1465,Aristida divaricata,0,1,,,,,,,
10181,10232,10223,Vasey,127096,1465,Aristida havardii,0,1,,,,,,,
10181,10232,10223,Steud.,125982,1465,Aristida longiseta,1,1,,,,,,,
10181,10232,10223,Wooton & Standl.,3236,1465,Aristida pansa,0,1,,,,,,,
10181,10232,10223,Nutt.,3242,1465,Aristida purpurea,0,0,,,,,,,
10181,10232,10223,(Nees) Walp.,3223,1465,Aristida glauca,0,1,,,,,,,
10181,10232,10223,Nutt.,3242,1465,Aristida purpurea,0,1,,,,,,,
10181,10232,10223,Nash,3263,1465,Aristida wrightii,0,1,,,,,,,
10181,10232,10223,Trin. & Rupr.,3249,1465,Aristida schiedeana,0,1,,,,,,,
10181,10232,10223,Cav.,3257,1465,Aristida ternipes,0,1,,,,,,,
10181,10232,10223,L.,3554,1495,Arundo donax,0,0,,,,,,,
10181,10232,10223,(S.Watson) Hack.,128978,10964,Blepharidachne bigelovii,0,1,,,,,,,
10181,10232,10223,(Torr.) P.M.Peterson,450387,4817,Muhlenbergia tricholepis,0,1,,,,,,,
10181,10232,10223,(Lag.) Herter,5583,1788,Bothriochloa barbinodis,0,1,,,,,,,
10181,10232,10223,(L.) Keng,5588,1788,Bothriochloa ischaemum,0,0,,,,,,,
10181,10232,10223,(Steud.) Scrivanti & Anton,444088,1788,Bothriochloa torreyana,0,1,,,,,,,
10181,10232,10223,(Gould) Parodi,102943,1788,Bothriochloa springfieldii,0,1,,,,,,,
10181,10232,10223,(Kunth) Griseb.,5656,1796,Bouteloua aristidoides,0,1,,,,,,,
10181,10232,10223,Lag.,438764,1796,Bouteloua barbata,0,1,,,,,,,
10181,10232,10223,Vasey ex J.M.Coult.,444092,1796,Bouteloua breviseta,0,1,,,,,,,
10181,10232,10223,(Kunth) Benth. ex S.Watson,127462,1796,Bouteloua chondrosioides,0,1,,,,,,,
10181,10232,10223,(Michx.) Torr.,5657,1796,Bouteloua curtipendula,0,0,,,,,,,
10181,10232,10223,(Michx.) Torr.,5657,1796,Bouteloua curtipendula,0,1,,,,,,,
10181,10232,10223,(Michx.) Torr.,5657,1796,Bouteloua curtipendula,0,1,,,,,,,
10181,10232,10223,(Torr.) Torr.,450389,1796,Bouteloua eriopoda,0,1,,,,,,,
10181,10232,10223,(Kunth) Lag. ex Griffiths,444089,1796,Bouteloua gracilis,0,1,,,,,,,
10181,10232,10223,Lag.,127464,1796,Bouteloua hirsuta,0,1,,,,,,,
10181,10232,10223,Warnock,450592,1796,Bouteloua kayi,0,1,,,,,,,
10181,10232,10223,Scribn. ex Vasey,58093,1796,Bouteloua ramosa,0,1,,,,,,,
10181,10232,10223,Lag.,444091,1796,Bouteloua simplex,0,1,,,,,,,
10181,10232,10223,Thurb. ex S.Watson,444090,1796,Bouteloua trifida,0,1,,,,,,,
10181,10232,10223,Vasey,128477,1796,Bouteloua uniflora,0,1,,,,,,,
10181,10232,10223,Rupr. ex E.Fourn.,58097,1840,Bromus anomalus,0,1,,,,,,,
10181,10232,10223,(Shear) Stebbins,5895,1840,Bromus arizonicus,0,1,,,,,,,
10181,10232,10223,Hook. & Arn.,5900,1840,Bromus carinatus,0,1,,,,,,,
10181,10232,10223,Vahl,5901,1840,Bromus catharticus,0,0,,,,,,,
10181,10232,10223,(Shear) Rydb.,127477,1840,Bromus lanatipes,0,1,,,,,,,
10181,10232,10223,Scribn. ex Shear,58098,1840,Bromus polyanthus,0,1,,,,,,,
10181,10232,10223,L.,5936,1840,Bromus tectorum,0,0,,,,,,,
10181,10232,10223,(Vasey & Hack.) Columbus,439129,1796,Bouteloua erecta,0,1,,,,,,,
10181,10232,10223,Kunth,8702,2103,Cenchrus myosuroides,0,1,,,,,,,
10181,10232,10223,Cav.,8710,2103,Cenchrus spinifex,0,1,,,,,,,
10181,10232,10223,E.Fourn.,128980,2236,Chloris andropogonoides,1,1,,,,,,,
10181,10232,10223,(Lag.) P.M.Peterson & N.Snow,345574,4251,Leptochloa crinita,0,1,,,,,,,
10181,10232,10223,(E.Fourn.) P.M.Peterson & N.Snow,334578,4251,Leptochloa pluriflora,1,1,,,,,,,
10181,10232,10223,Sw.,9447,2236,Chloris virgata,0,1,,,,,,,
10181,10232,10223,Kunth,104004,10967,Cottea pappophoroides,0,1,,,,,,,
10181,10232,10223,(L.) Pers.,12756,2653,Cynodon dactylon,0,0,,,,,,,
10181,10232,10223,(Kunth) Amarilla,440057,10985,Munroa pulchella,0,1,,,,,,,
10181,10232,10223,(Nash) Gould,439795,2815,Dichanthelium lindheimeri,0,1,,,,,,,
10181,10232,10223,(Elliott) Gould & C.A.Clark,450593,2815,Dichanthelium scabriusculum,0,0,,,,,,,
10181,10232,10223,(Benth.) Henrard,14303,2853,Digitaria californica,0,1,,,,,,,
10181,10232,10223,(Retz.) Koeler,14304,2853,Digitaria ciliaris,0,0,,,,,,,
10181,10232,10223,(Schult.) Pilg.,58112,2853,Digitaria cognata,0,0,,,,,,,
10181,10232,10223,(Schult.) Pilg.,58112,2853,Digitaria cognata,0,1,,,,,,,
10181,10232,10223,(Schult.) Pilg.,58112,2853,Digitaria cognata,0,1,,,,,,,
10181,10232,10223,(Chase) Hauman & Van der Veken,14321,2853,Digitaria hitchcockii,1,1,,,,,,,
10181,10232,10223,(L.) Mez ex Ekman,14323,2853,Digitaria insularis,1,1,,,,,,,
10181,10232,10223,(L.) Scop.,14343,2853,Digitaria sanguinalis,0,0,,,,,,,
10181,10232,10223,(L.) Greene,14839,2923,Distichlis spicata,0,1,,,,,,,
10181,10232,10223,(L.) Link,15668,3029,Echinochloa colona,0,0,,,,,,,
10181,10232,10223,(L.) P.Beauv.,15669,3029,Echinochloa crus-galli,0,0,,,,,,,
10181,10232,10223,(Kunth) Schult.,15670,3029,Echinochloa crus-pavonis,1,1,,,,,,,
10181,10232,10223,(P.Beauv.) Fernald,15674,3029,Echinochloa muricata,0,1,,,,,,,
10181,10232,10223,Hack. ex Scribn.,127186,3080,Elionurus barbiculmis,0,1,,,,,,,
10181,10232,10223,(Scribn. & J.G.Sm.) Gould,58085,3088,Elymus arizonicus,0,1,,,,,,,
10181,10232,10223,L.,58106,3088,Elymus canadensis,0,1,,,,,,,
10181,10232,10223,(Raf.) Swezey,125682,3088,Elymus elymoides,0,1,,,,,,,
10181,10232,10223,(Hornem.) J.Feilberg,445979,3088,Elymus violaceus,0,1,,,,,,,
10181,10232,10223,P.Beauv.,16381,3119,Enneapogon desvauxii,0,1,,,,,,,
10181,10232,10223,Daveau,16655,3146,Eragrostis barrelieri,0,0,,,,,,,
10181,10232,10223,(All.) Vignolo ex Janch.,16658,3146,Eragrostis cilianensis,0,0,,,,,,,
10181,10232,10223,Scribn. ex Beal,127607,3146,Eragrostis erosa,1,1,,,,,,,
10181,10232,10223,Hitchc.,58108,3146,Eragrostis intermedia,0,1,,,,,,,
10181,10232,10223,Nees,86104,3146,Eragrostis lehmanniana,0,0,,,,,,,
10181,10232,10223,Nees,53793,3146,Eragrostis lugens,1,1,,,,,,,
10181,10232,10223,(Hornem.) Link,16686,3146,Eragrostis mexicana,0,1,,,,,,,
10181,10232,10223,(Michx.) Nees,16697,3146,Eragrostis pectinacea,0,1,,,,,,,
10181,10232,10223,(Kunth) Tateoka,58109,3173,Erioneuron avenaceum,0,1,,,,,,,
10181,10232,10223,(Kunth) Tateoka,58109,3173,Erioneuron avenaceum,0,1,,,,,,,
10181,10232,10223,(Buckley) Nash,58110,3173,Erioneuron pilosum,0,1,,,,,,,
10181,10232,10223,Vasey,127643,3315,Festuca arizonica,0,1,,,,,,,
10181,10232,10223,Swallen,128982,3315,Festuca ligulata,0,1,,,,,,,
10181,10232,10223,(Poir.) Stapf & C.E.Hubb.,21384,3720,Hemarthria altissima,0,0,,,,,,,
10181,10232,10223,(Thurb.) Barkworth,444102,11900,Hesperostipa neomexicana,0,1,,,,,,,
10181,10232,10223,(L.) P.Beauv. ex Roem. & Schult.,21545,3770,Heteropogon contortus,0,1,,,,,,,
10181,10232,10223,Vasey,127708,3943,Imperata brevifolia,0,1,,,,,,,
10181,10232,10223,(Ledeb.) Schult.,24402,4074,Koeleria macrantha,0,1,,,,,,,
10181,10232,10223,(Kunth) P.M.Peterson & N.Snow,48028,7238,Disakisperma dubium,0,1,,,,,,,
10181,10232,10223,(L.) P.Beauv. ex Roem. & Schult.,439854,14287,Diplachne fusca,0,1,,,,,,,
10181,10232,10223,(L.) P.Beauv. ex Roem. & Schult.,439854,14287,Diplachne fusca,0,1,,,,,,,
10181,10232,10223,(Retz.) Ohwi,25453,4251,Leptochloa panicea,0,1,,,,,,,
10181,10232,10223,(Michx.) Kunth,25451,4251,Leptochloa mucronata,0,1,,,,,,,
10181,10232,10223,L.,26585,4364,Lolium perenne,0,0,,,,,,,
10181,10232,10223,(Kunth) P.M.Peterson,444098,4817,Muhlenbergia phleoides,0,1,,,,,,,
10181,10232,10223,(Griseb.) P.M.Peterson & Columbus,104304,4817,Muhlenbergia alopecuroides,0,1,,,,,,,
10181,10232,10223,Piper,128983,4619,Melica montezumae,0,1,,,,,,,
10181,10232,10223,(Buckley) Hitchc.,127262,4817,Muhlenbergia arenacea,0,1,,,,,,,
10181,10232,10223,Buckley,104305,4817,Muhlenbergia arenicola,0,1,,,,,,,
10181,10232,10223,Scribn.,58115,4817,Muhlenbergia depauperata,0,1,,,,,,,
10181,10232,10223,E.Fourn.,58116,4817,Muhlenbergia dubia,0,1,,,,,,,
10181,10232,10223,C.Reeder,127810,4817,Muhlenbergia eludens,0,1,,,,,,,
10181,10232,10223,Vasey,58117,4817,Muhlenbergia emersleyi,0,1,,,,,,,
10181,10232,10223,(Nees) Mez,58118,4817,Muhlenbergia glauca,0,1,,,,,,,
10181,10232,10223,(Steud.) Swallen,64021,4817,Muhlenbergia minutissima,0,1,,,,,,,
10181,10232,10223,(Nutt.) Hitchc.,126092,4817,Muhlenbergia montana,0,1,,,,,,,
10181,10232,10223,Trin.,29520,4817,Muhlenbergia spiciformis,0,1,,,,,,,
10181,10232,10223,Buckley,127267,4817,Muhlenbergia pauciflora,0,1,,,,,,,
10181,10232,10223,Scribn.,127268,4817,Muhlenbergia polycaulis,0,1,,,,,,,
10181,10232,10223,Scribn.,127814,4817,Muhlenbergia porteri,0,1,,,,,,,
10181,10232,10223,(J.Presl) Hitchc.,58122,4817,Muhlenbergia repens,0,1,,,,,,,
10181,10232,10223,(Benth.) Hitchc.,127269,4817,Muhlenbergia rigens,0,1,,,,,,,
10181,10232,10223,(Kunth) Kunth,58119,4817,Muhlenbergia rigida,0,1,,,,,,,
10181,10232,10223,Vasey,58124,4817,Muhlenbergia setifolia,0,1,,,,,,,
10181,10232,10223,(Kunth) Kunth,58120,4817,Muhlenbergia tenuifolia,0,1,,,,,,,
10181,10232,10223,(Torr.) Hitchc.,64027,4817,Muhlenbergia utilis,0,1,,,,,,,
10181,10232,10223,(Trin.) Barkworth,30035,4892,Nassella tenuissima,0,1,,,,,,,
10181,10232,10223,(L.) P.Beauv.,31072,5124,Oplismenus hirtellus,0,0,,,,,,,
10181,10232,10223,Retz.,31866,5253,Panicum antidotale,0,0,,,,,,,
10181,10232,10223,(Kunth) Bess,444099,20160,Zuloagaea bulbosa,0,1,,,,,,,
10181,10232,10223,L.,31877,5253,Panicum capillare,0,1,,,,,,,
10181,10232,10223,E.Fourn.,31897,5253,Panicum ghiesbreghtii,0,1,,,,,,,
10181,10232,10223,Vasey,58128,5253,Panicum hallii,0,1,,,,,,,
10181,10232,10223,J.Presl,31905,5253,Panicum hirticaule,0,1,,,,,,,
10181,10232,10223,(Kunth) Zuloaga & Morrone,127695,12013,Hopia obtusa,0,1,,,,,,,
10181,10232,10223,(Schult.) Gould,444096,2815,Dichanthelium oligosanthes,1,1,,,,,,,
10181,10232,10223,E.Fourn.,128984,5259,Pappophorum bicolor,0,1,,,,,,,
10181,10232,10223,Buckley,450594,5259,Pappophorum vaginatum,0,1,,,,,,,
10181,10232,10223,(Rydb.) Gould,16264,3088,Elymus smithii,0,1,,,,,,,
10181,10232,10223,Poir.,32228,5315,Paspalum dilatatum,0,0,,,,,,,
10181,10232,10223,Rupr. ex E.Fourn.,32270,5315,Paspalum pubiflorum,0,1,,,,,,,
10181,10232,10223,L.,8696,2103,Cenchrus ciliaris,0,0,,,,,,,
10181,10232,10223,(Cav.) Trin. ex Steud.,33352,5488,Phragmites australis,0,1,,,,,,,
10181,10232,10223,(Kunth) Hitchc.,58129,5570,Piptochaetium fimbriatum,0,1,,,,,,,
10181,10232,10223,(Beal) Parodi,58138,5570,Piptochaetium pringlei,1,1,,,,,,,
10181,10232,10223,(Buckley) Benth.,127693,3792,Hilaria mutica,0,1,,,,,,,
10181,10232,10223,Vasey ex Scribn.,127911,5661,Poa bigelovii,0,1,,,,,,,
10181,10232,10223,(Steud.) Vasey,125813,5661,Poa fendleriana,0,1,,,,,,,
10181,10232,10223,Hitchc.,128985,5661,Poa strictiramea,0,1,,,,,,,
10181,10232,10223,(L.) Desf.,35645,5706,Polypogon monspeliensis,0,0,,,,,,,
10181,10232,10223,(Gouan) Breistr.,35647,5706,Polypogon viridis,0,0,,,,,,,
10181,10232,10223,(Hack.) Wooton & Standl.,58131,6214,Schizachyrium cirratum,0,1,,,,,,,
10181,10232,10223,(Retz.) Alston,40363,6214,Schizachyrium sanguineum,0,1,,,,,,,
10181,10232,10223,(Michx.) Nash,40364,6214,Schizachyrium scoparium,0,1,,,,,,,
10181,10232,10223,(Swallen) Wipff,450595,6214,Schizachyrium spadiceum,1,1,,,,,,,
10181,10232,10223,Phil.,104491,10997,Scleropogon brevifolius,0,1,,,,,,,
10181,10232,10223,(Forssk.) Chiov.,442507,6341,Setaria adhaerens,0,0,,,,,,,
10181,10232,10223,E.Fourn.,41356,6341,Setaria grisebachii,0,1,,,,,,,
10181,10232,10223,(L.) P.Beauv.,41358,6341,Setaria italica,0,0,,,,,,,
10181,10232,10223,(Scribn. & Merr.) K.Schum.,41360,6341,Setaria leucopila,0,1,,,,,,,
10181,10232,10223,(Poir.) Kerguélen,41370,6341,Setaria parviflora,0,1,,,,,,,
10181,10232,10223,(Vasey) Pilg.,123074,6341,Setaria reverchonii,0,1,,,,,,,
10181,10232,10223,(Vasey) Pilg.,123074,6341,Setaria reverchonii,0,1,,,,,,,
10181,10232,10223,(Steud.) Hitchc.,58132,6341,Setaria scheelei,0,1,,,,,,,
10181,10232,10223,(L.) P.Beauv.,41383,6341,Setaria viridis,0,0,,,,,,,
10181,10232,10223,(Lam.) Roem. & Schult.,41384,6341,Setaria vulpiseta,1,1,,,,,,,
10181,10232,10223,(J.G.Sm.) Gould,126042,3088,Elymus longifolius,1,1,,,,,,,
10181,10232,10223,(L.) Nash,42224,6437,Sorghastrum nutans,0,1,,,,,,,
10181,10232,10223,(L.) Moench,42229,6438,Sorghum bicolor,0,0,,,,,,,
10181,10232,10223,(L.) Pers.,42230,6438,Sorghum halepense,0,0,,,,,,,
10181,10232,10223,(Michx.) Scribn.,42500,6476,Sphenopholis obtusata,0,1,,,,,,,
10181,10232,10223,(Torr.) Torr.,125842,6495,Sporobolus airoides,0,1,,,,,,,
10181,10232,10223,Hitchc.,42579,6495,Sporobolus contractus,0,1,,,,,,,
10181,10232,10223,(Retz.) Kunth,48763,6495,Sporobolus coromandelianus,0,1,,,,,,,
10181,10232,10223,(Torr.) A.Gray,42581,6495,Sporobolus cryptandrus,0,1,,,,,,,
10181,10232,10223,(Vasey) Rydb.,125843,6495,Sporobolus flexuosus,0,1,,,,,,,
10181,10232,10223,Scribn.,127352,6495,Sporobolus wrightii,0,1,,,,,,,
10181,10232,10223,Schult.,45444,6865,Tragus berteronianus,0,0,,,,,,,
10181,10232,10223,(Vasey) Wooton & Standl.,128383,6911,Tridens albescens,0,1,,,,,,,
10181,10232,10223,(Vasey & Scribn.) P.M.Peterson & Romasch.,442884,20123,Triplasiella eragrostoides,0,1,,,,,,,
10181,10232,10223,(Torr.) P.M.Peterson,415320,19557,Tridentopsis mutica,0,1,,,,,,,
10181,10232,10223,(L.) L.,45831,6945,Tripsacum dactyloides,0,1,,,,,,,
10181,10232,10223,(Scribn. & Merr.) Morrone & Zuloaga,438767,7015,Urochloa arizonica,0,1,,,,,,,
10181,10232,10223,(L.) Stapf,1636,1181,Alloteropsis cimicina,0,1,,,,,,,
10181,10232,10223,Walter,443127,3315,Festuca octoflora,0,1,,,,,,,
10181,10232,10223,L.,46054,6997,Typha angustifolia,0,1,,,,,,,
10181,10232,10223,Pers.,46055,6997,Typha domingensis,0,1,,,,,,,
10181,10232,10223,L.,46056,6997,Typha latifolia,1,1,,,,,,,
10181,10232,10223,Kunze,3934,1517,Asplenium resiliens,0,1,,,,,,,
10181,10232,10223,(L.) Hoffm.,3957,1517,Asplenium septentrionale,0,1,,,,,,,
10181,10232,10223,(Underw.) Christenh.,442102,5848,Pteridium pubescens,1,1,,,,,,,
10181,10232,10223,Underw.,58148,8256,Phanerophlebia umbonata,0,1,,,,,,,
10181,10232,10223,T.Moore,80802,5634,Pleopeltis polylepis,1,1,,,,,,,
10181,10232,10223,(T.Wendt) E.G.Andrews & Windham,127909,5634,Pleopeltis riograndensis,0,1,,,,,,,
10181,10232,10223,(A.Braun ex Klotzsch) E.G.Andrews & Windham,441977,5634,Pleopeltis thyssanolepis,0,1,,,,,,,
10181,10232,10223,L.,791,1069,Adiantum capillus-veneris,0,1,,,,,,,
10181,10232,10223,,125795,1456,Argyrochosma limitanea,0,1,,,,,,,
10181,10232,10223,Christenh.,445072,3727,Hemionitis vooshvazool,0,1,,,,,,,
10181,10232,10223,(Goodd.) Christenh.,438581,3727,Hemionitis cochisensis,0,1,,,,,,,
10181,10232,10223,(Hook.) Christenh.,444105,3727,Hemionitis integerrima,0,1,,,,,,,
10181,10232,10223,(Lag.) Christenh.,438582,3727,Hemionitis sinuata,0,1,,,,,,,
10181,10232,10223,(D.M.Benham) Christenh.,450432,3727,Hemionitis windhamii,0,1,,,,,,,
10181,10232,10223,(Mett.) Christenh.,450388,3727,Hemionitis hispida,0,1,,,,,,,
10181,10232,10223,(Buckley) Christenh.,439213,3727,Hemionitis alabamensis,0,1,,,,,,,
10181,10232,10223,(Willd.) Christenh.,439217,3727,Hemionitis bonariensis,0,1,,,,,,,
10181,10232,10223,(Goodd.) Christenh.,438581,3727,Hemionitis cochisensis,1,1,,,,,,,
10181,10232,10223,(Baker) Christenh.,450395,3727,Hemionitis eatonii,0,1,,,,,,,
10181,10232,10223,(T.Moore) Christenh.,450259,3727,Hemionitis feei,0,1,,,,,,,
10181,10232,10223,(Maxon) Christenh.,450596,3727,Hemionitis horridula,0,1,,,,,,,
10181,10232,10223,(Kunze) Christenh.,450597,3727,Hemionitis kaulfussii,0,1,,,,,,,
10181,10232,10223,(Cav.) Christenh.,439230,3727,Hemionitis lendigera,0,1,,,,,,,
10181,10232,10223,(Hook.) Christenh.,450397,3727,Hemionitis lindheimeri,0,1,,,,,,,
10181,10232,10223,(Hook.) Christenh.,450442,3727,Hemionitis bradburyi,0,1,,,,,,,
10181,10232,10223,(Davenp. ex Maxon) Christenh.,450443,3727,Hemionitis villosa,0,1,,,,,,,
10181,10232,10223,(Hook.) Christenh.,439245,3727,Hemionitis wrightii,0,1,,,,,,,
10181,10232,10223,(Maxon) Christenh.,450598,3727,Hemionitis aliena,1,1,,,,,,,
10181,10232,10223,(Klotzsch) Christenh.,450471,3727,Hemionitis aschenborniana,0,1,,,,,,,
10181,10232,10223,(M.Martens & Galeotti) Christenh.,444104,3727,Hemionitis candida,1,1,,,,,,,
10181,10232,10223,(Davenp.) Christenh.,450410,3727,Hemionitis grayi,0,1,,,,,,,
10181,10232,10223,(Mett.) Christenh.,450599,3727,Hemionitis greggii,0,1,,,,,,,
10181,10232,10223,(Seaton ex J.M.Coult.) Christenh.,439235,3727,Hemionitis nealleyi,0,1,,,,,,,
10181,10232,10223,(Maxon) Christenh.,450472,3727,Hemionitis neglecta,0,1,,,,,,,
10181,10232,10223,Maxon,127274,5028,Notholaena standleyi,0,1,,,,,,,
10181,10232,10223,(L.) Christenh.,446285,3727,Hemionitis atropurpurea,0,1,,,,,,,
10181,10232,10223,(Sessé & Moc.) A.R.Sm.,128991,5345,Pellaea cordifolia,0,1,,,,,,,
10181,10232,10223,Christenh.,450413,3727,Hemionitis horokana,0,1,,,,,,,
10181,10232,10223,(Desv.) Christenh.,445831,3727,Hemionitis ovata,0,1,,,,,,,
10181,10232,10223,(Cav.) Christenh.,441654,3727,Hemionitis ternifolia,0,1,,,,,,,
10181,10232,10223,(Hook.) Christenh.,450415,3727,Hemionitis wrightiana,0,1,,,,,,,
10181,10232,10223,(C.Chr.) Wherry,450600,6763,Thelypteris lindheimeri,0,1,,,,,,,
10181,10232,10223,Fée,127367,7146,Woodsia mexicana,1,1,,,,,,,
10181,10232,10223,Windham,126157,7146,Woodsia neomexicana,0,1,,,,,,,
10181,10232,10223,Windham,128031,7146,Woodsia phillipsii,0,1,,,,,,,
10181,10232,10223,Wooton,127457,1686,Berberis haematocarpa,0,1,,,,,,,
10181,10232,10223,Moric.,57836,1686,Berberis trifoliolata,0,1,,,,,,,
10181,10232,10223,(L.) DC.,10361,2364,Cocculus carolinus,0,1,,,,,,,
10181,10232,10223,Ownbey,128993,1448,Argemone chisosensis,0,1,,,,,,,
10181,10232,10223,L.,3107,1448,Argemone mexicana,0,1,,,,,,,
10181,10232,10223,(Fedde) Ownbey,128060,1448,Argemone polyanthemos,0,1,,,,,,,
10181,10232,10223,Greene,128994,1448,Argemone sanguinea,0,1,,,,,,,
10181,10232,10223,Willd.,125655,2498,Corydalis aurea,0,1,,,,,,,
10181,10232,10223,(A.Gray) Engelm. ex A.Gray,128995,2498,Corydalis curvisiliqua,0,1,,,,,,,
10181,10232,10223,Sweet,22451,3865,Hunnemannia fumariifolia,0,1,,,,,,,
10181,10232,10223,Pritz.,128996,1303,Anemone berlandieri,1,1,,,,,,,
10181,10232,10223,Keener & B.E.Dutton,128997,1303,Anemone okennonii,0,1,,,,,,,
10181,10232,10223,A.Gray ex S.Watson,128998,1407,Aquilegia longissima,0,1,,,,,,,
10181,10232,10223,Torr. & A.Gray,58150,2330,Clematis drummondii,0,1,,,,,,,
10181,10232,10223,Torr. & A.Gray,126424,2330,Clematis pitcheri,0,0,,,,,,,
10181,10232,10223,Torr. & A.Gray,126424,2330,Clematis pitcheri,0,1,,,,,,,
10181,10232,10223,Torr. & A.Gray,126424,2330,Clematis pitcheri,0,1,,,,,,,
10181,10232,10223,Walter,128668,2762,Delphinium carolinianum,0,1,,,,,,,
10181,10232,10223,Rydb.,127166,2762,Delphinium wootonii,0,1,,,,,,,
10181,10232,10223,(L.) E.H.L.Krause,441354,5927,Ranunculus minimus,0,1,,,,,,,
10181,10232,10223,L.,37812,5927,Ranunculus sceleratus,0,1,,,,,,,
10181,10232,10223,Torr.,450258,2101,Celtis reticulata,0,1,,,,,,,
10181,10232,10223,Torr.,8679,2101,Celtis pallida,0,1,,,,,,,
10181,10232,10223,L.,18448,3322,Ficus carica,0,0,,,,,,,
10181,10232,10223,(Raf.) C.K.Schneid.,27322,4456,Maclura pomifera,0,1,,,,,,,
10181,10232,10223,L.,29429,4807,Morus alba,0,0,,,,,,,
10181,10232,10223,Kunth,127261,4807,Morus celtidifolia,1,0,,,,,,,
10181,10232,10223,Buckley,450409,4807,Morus microphylla,0,1,,,,,,,
10181,10232,10223,L.,29433,4807,Morus rubra,1,1,,,,,,,
10181,10232,10223,(Kunth) Meisn.,128999,12100,Adolphia infesta,0,1,,,,,,,
10181,10232,10223,A.Gray,58153,2092,Ceanothus fendleri,0,1,,,,,,,
10181,10232,10223,DC.,127507,2092,Ceanothus pauciflorus,0,1,,,,,,,
10181,10232,10223,(Torr. & A.Gray) A.Gray,129000,2414,Colubrina texensis,1,1,,,,,,,
10181,10232,10223,(A.Gray) M.C.Johnst.,127539,2436,Condalia ericoides,0,1,,,,,,,
10181,10232,10223,I.M.Johnst.,129001,2436,Condalia viridis,0,1,,,,,,,
10181,10232,10223,M.C.Johnst.,58156,2436,Condalia warnockii,0,1,,,,,,,
10181,10232,10223,(Greene) Grubov,125823,3365,Frangula betulifolia,0,1,,,,,,,
10181,10232,10223,(Willd. ex Schult.) Zucc.,440710,4040,Karwinskia humboldtiana,0,1,,,,,,,
10181,10232,10223,Humb. & Bonpl. ex Schult.,127324,5970,Rhamnus serrata,0,1,,,,,,,
10181,10232,10223,(Hook. ex Torr. & A.Gray) Hauenschild,428883,6155,Sarcomphalus obtusifolius,0,1,,,,,,,
10181,10232,10223,,129002,2149,Cercocarpus glaberoides,0,1,,,,,,,
10181,10232,10223,Raf.,8949,2149,Cercocarpus montanus,0,0,,,,,,,
10181,10232,10223,Nutt.,439193,2149,Cercocarpus betuloides,0,1,,,,,,,
10181,10232,10223,A.Gray,450394,2149,Cercocarpus breviflorus,0,1,,,,,,,
10181,10232,10223,(D.Don ex Tilloch & Taylor) Endl. ex Torr.,126050,11918,Fallugia paradoxa,0,1,,,,,,,
10181,10232,10223,(Pursh) Maxim.,22238,3824,Holodiscus discolor,0,1,,,,,,,
10181,10232,10223,(Pursh) Maxim.,22238,3824,Holodiscus discolor,0,1,,,,,,,
10181,10232,10223,(Kunth) Decne.,58157,8242,Malacomeles denticulata,0,1,,,,,,,
10181,10232,10223,(Nutt.) Rydb.,128264,12046,Petrophytum caespitosum,0,1,,,,,,,
10181,10232,10223,(W.Wight) S.C.Mason,129003,5782,Prunus havardii,0,1,,,,,,,
10181,10232,10223,Engelm. ex A.Gray,129004,5782,Prunus minutiflora,1,1,,,,,,,
10181,10232,10223,(L.) Batsch,36384,5782,Prunus persica,0,0,,,,,,,
10181,10232,10223,Ehrh.,36390,5782,Prunus serotina,0,1,,,,,,,
10181,10232,10223,(Torr. ex A.Gray) Henrard,129005,8257,Purshia ericifolia,0,1,,,,,,,
10181,10232,10223,Poir.,126884,6065,Rubus pensilvanicus,0,1,,,,,,,
10181,10232,10223,Michx.,39233,6065,Rubus trivialis,1,1,,,,,,,
10181,10232,10223,Rydb.,450601,12028,Vauquelinia angustifolia,0,1,,,,,,,
10181,10232,10223,L.,71145,7003,Ulmus pumila,0,0,,,,,,,
10181,10232,10223,Muhl. ex Willd.,32104,5297,Parietaria pensylvanica,0,1,,,,,,,
10181,10232,10223,(Seem.) Eichler,33311,5485,Phoradendron bolleanum,0,1,,,,,,,
10181,10232,10223,Trel.,127300,5485,Phoradendron coryae,0,1,,,,,,,
10181,10232,10223,Wiens,129008,5485,Phoradendron hawksworthii,0,1,,,,,,,
10181,10232,10223,Engelm. ex A.Gray,125806,5485,Phoradendron juniperinum,0,1,,,,,,,
10181,10232,10223,(Engelm.) Cockerell,450418,5485,Phoradendron macrophyllum,0,1,,,,,,,
10181,10232,10223,(Raf.) Reveal & M.C.Johnst.,33322,5485,Phoradendron leucarpum,0,1,,,,,,,
10181,10232,10223,(Nutt.) Nutt. ex Engelm.,127301,5485,Phoradendron villosum,0,1,,,,,,,
10181,10232,10223,Aiton,125824,5999,Rhus aromatica,0,1,,,,,,,
10181,10232,10223,(A.Gray) Britton,128420,5999,Rhus lanceolata,0,1,,,,,,,
10181,10232,10223,Engelm.,127325,5999,Rhus microphylla,0,1,,,,,,,
10181,10232,10223,Nutt.,38245,5999,Rhus trilobata,0,1,,,,,,,
10181,10232,10223,Lindh. ex A.Gray,57759,5999,Rhus virens,0,0,,,,,,,
10181,10232,10223,Wooton & Standl.,151179,5999,Rhus choriophylla,0,1,,,,,,,
10181,10232,10223,Lindh. ex A.Gray,57759,5999,Rhus virens,0,1,,,,,,,
10181,10232,10223,(L.) Kuntze,45381,6849,Toxicodendron radicans,0,1,,,,,,,
10181,10232,10223,L.,57534,8189,Ptelea trifoliata,0,0,,,,,,,
10181,10232,10223,L.,57534,8189,Ptelea trifoliata,0,1,,,,,,,
10181,10232,10223,L.,57534,8189,Ptelea trifoliata,0,1,,,,,,,
10181,10232,10223,(A.Gray) Torr.,127357,6754,Thamnosma texana,0,1,,,,,,,
10181,10232,10223,Nutt.,444058,976,Acer grandidentatum,0,1,,,,,,,
10181,10232,10223,Hook. & Arn.,127968,6139,Sapindus drummondii,0,1,,,,,,,
10181,10232,10223,Endl.,58171,8260,Ungnadia speciosa,0,1,,,,,,,
10181,10232,10223,Liebm.,58179,2066,Castela tortuosa,0,1,,,,,,,
10181,10232,10223,(C.H.Müll.) Moran & Felger,353487,2066,Castela stewartii,0,1,,,,,,,
10181,10232,10223,A.Gray,129010,3024,Echeveria strictiflora,0,1,,,,,,,
10181,10232,10223,Rose,129011,6299,Sedum havardii,0,1,,,,,,,
10181,10232,10223,Kunth,129012,6299,Sedum moranense,1,1,,,,,,,
10181,10232,10223,Fröd.,129013,6299,Sedum nanifolium,0,1,,,,,,,
10181,10232,10223,A.Gray,129014,6299,Sedum wrightii,0,1,,,,,,,
10181,10232,10223,(S.Watson) Rose,129015,8230,Villadia squamulosa,0,1,,,,,,,
10181,10232,10223,Pursh,38406,6012,Ribes aureum,0,1,,,,,,,
10181,10232,10223,Torr.,126062,3782,Heuchera rubescens,0,1,,,,,,,
10181,10232,10223,Klotzsch,129016,1302,Anemia mexicana,1,1,,,,,,,
10181,10232,10223,Maxon,40948,6304,Selaginella arizonica,0,1,,,,,,,
10181,10232,10223,Rydb.,128671,6304,Selaginella densa,1,1,,,,,,,
10181,10232,10223,(Hook. & Grev.) Spring,129018,6304,Selaginella lepidophylla,0,1,,,,,,,
10181,10232,10223,D.C.Eaton,126136,6304,Selaginella mutica,0,1,,,,,,,
10181,10232,10223,(Milde) Hieron.,76435,6304,Selaginella peruviana,0,1,,,,,,,
10181,10232,10223,A.Braun,58174,6304,Selaginella pilifera,0,1,,,,,,,
10181,10232,10223,Underw.,127340,6304,Selaginella rupincola,0,1,,,,,,,
10181,10232,10223,Hieron.,127341,6304,Selaginella underwoodii,0,1,,,,,,,
10181,10232,10223,Weath.,129019,6304,Selaginella viridissima,0,1,,,,,,,
10181,10232,10223,Hieron.,129020,6304,Selaginella wrightii,0,1,,,,,,,
10181,10232,10223,(Torr.) Hallier f.,129021,1769,Bonamia ovalifolia,0,1,,,,,,,
10181,10232,10223,I.M.Johnst.,149724,13215,Petrogenia repens,0,1,,,,,,,
10181,10232,10223,Benth.,127152,2455,Convolvulus equitans,0,1,,,,,,,
10181,10232,10223,Choisy,12268,2613,Cuscuta indecora,0,0,,,,,,,
10181,10232,10223,Choisy,12268,2613,Cuscuta indecora,0,1,,,,,,,
10181,10232,10223,Choisy,12268,2613,Cuscuta indecora,0,1,,,,,,,
10181,10232,10223,Engelm.,12276,2613,Cuscuta pentagona,0,1,,,,,,,
10181,10232,10223,Kunth,12286,2613,Cuscuta umbellata,0,1,,,,,,,
10181,10232,10223,Willd.,106025,2822,Dichondra argentea,0,1,,,,,,,
10181,10232,10223,Wooton & Standl.,127173,2822,Dichondra brachypoda,0,1,,,,,,,
10181,10232,10223,(L.) L.,18155,3267,Evolvulus alsinoides,0,1,,,,,,,
10181,10232,10223,Schult.,18167,3267,Evolvulus nuttallianus,0,1,,,,,,,
10181,10232,10223,A.Gray,127710,3957,Ipomoea barbatisepala,1,1,,,,,,,
10181,10232,10223,(Kunth) G.Don,63895,3957,Ipomoea capillacea,0,1,,,,,,,
10181,10232,10223,A.Gray,127711,3957,Ipomoea cardiophylla,0,1,,,,,,,
10181,10232,10223,Dennst.,23400,3957,Ipomoea cordatotriloba,0,1,,,,,,,
10181,10232,10223,Torr.,81100,3957,Ipomoea costellata,0,1,,,,,,,
10181,10232,10223,Hallier f.,127233,3957,Ipomoea cristulata,0,1,,,,,,,
10181,10232,10223,L.,23420,3957,Ipomoea hederifolia,1,1,,,,,,,
10181,10232,10223,A.Gray,57911,3957,Ipomoea lindheimeri,0,1,,,,,,,
10181,10232,10223,Lam.,104217,3957,Ipomoea pubescens,1,1,,,,,,,
10181,10232,10223,(L.) Roth,23461,3957,Ipomoea purpurea,0,1,,,,,,,
10181,10232,10223,House,129023,3957,Ipomoea rupicola,0,1,,,,,,,
10181,10232,10223,Torr.,127234,3957,Ipomoea tenuiloba,0,1,,,,,,,
10181,10232,10223,(Jacq.) A.R.Simões & Staples,421049,19634,Distimake dissectus,0,1,,,,,,,
10181,10232,10223,(Juss.) D'Arcy,6957,1922,Calibrachoa parviflora,0,1,,,,,,,
10181,10232,10223,(Moric. ex Dunal) Benth. & Hook.f. ex B.D.Jacks.,127513,9136,Chamaesaracha coniodes,0,1,,,,,,,
10181,10232,10223,(Dunal) A.Gray,126016,9136,Chamaesaracha coronopus,0,1,,,,,,,
10181,10232,10223,Rydb.,129024,9136,Chamaesaracha crenata,1,1,,,,,,,
10181,10232,10223,Averett,129025,9136,Chamaesaracha pallida,0,1,,,,,,,
10181,10232,10223,(Dunal) A.Gray,127514,9136,Chamaesaracha sordida,0,1,,,,,,,
10181,10232,10223,Rydb.,129026,9136,Chamaesaracha villosa,0,1,,,,,,,
10181,10232,10223,Mill.,13468,2734,Datura innoxia,0,1,,,,,,,
10181,10232,10223,Kunth,13471,2734,Datura quercifolia,0,1,,,,,,,
10181,10232,10223,Regel,13474,2734,Datura wrightii,0,1,,,,,,,
10181,10232,10223,Dunal,26989,4421,Lycium berlandieri,0,1,,,,,,,
10181,10232,10223,Miers,126083,4421,Lycium pallidum,0,1,,,,,,,
10181,10232,10223,A.Gray,129027,4421,Lycium puberulum,0,1,,,,,,,
10181,10232,10223,A.Gray,127766,4421,Lycium torreyi,0,1,,,,,,,
10181,10232,10223,(Schltdl.) Axelius,441764,5517,Physalis solanacea,0,1,,,,,,,
10181,10232,10223,Kunth,129028,12102,Nectouxia formosa,0,1,,,,,,,
10181,10232,10223,Graham,30350,4995,Nicotiana glauca,0,0,,,,,,,
10181,10232,10223,M.Martens & Galeotti,30358,4995,Nicotiana obtusifolia,0,1,,,,,,,
10181,10232,10223,Willd. ex Lehm.,30362,4995,Nicotiana repanda,1,0,,,,,,,
10181,10232,10223,(Dunal) Hitchc.,129029,5517,Physalis cinerascens,0,1,,,,,,,
10181,10232,10223,A.Gray,125807,5517,Physalis hederifolia,0,0,,,,,,,
10181,10232,10223,A.Gray,125807,5517,Physalis hederifolia,0,1,,,,,,,
10181,10232,10223,A.Gray,414998,5517,Physalis fendleri,0,1,,,,,,,
10181,10232,10223,A.Gray,125807,5517,Physalis hederifolia,0,1,,,,,,,
10181,10232,10223,Brot. ex Hornem.,33766,5517,Physalis ixocarpa,0,0,,,,,,,
10181,10232,10223,(Torr.) Raf.,128354,12054,Quincula lobata,0,1,,,,,,,
10181,10232,10223,Mill.,41906,6417,Solanum americanum,0,1,,,,,,,
10181,10232,10223,A.Braun,58185,6417,Solanum citrullifolium,1,1,,,,,,,
10181,10232,10223,Whalen,129030,6417,Solanum davisense,0,1,,,,,,,
10181,10232,10223,Dunal,41939,6417,Solanum douglasii,0,1,,,,,,,
10181,10232,10223,Cav.,41941,6417,Solanum elaeagnifolium,0,1,,,,,,,
10181,10232,10223,A. Gray,58184,6417,Solanum fendleri,1,1,,,,,,,
10181,10232,10223,L.,41975,6417,Solanum lycopersicum,0,0,,,,,,,
10181,10232,10223,Mill.,41906,6417,Solanum americanum,0,1,,,,,,,
10181,10232,10223,Dunal,42021,6417,Solanum rostratum,0,1,,,,,,,
10181,10232,10223,Lam.,42032,6417,Solanum sisymbriifolium,0,0,,,,,,,
10181,10232,10223,Cav.,58187,6417,Solanum triquetrum,0,1,,,,,,,
10181,10232,10223,Mill.,42055,6417,Solanum villosum,0,1,,,,,,,
10181,10232,10223,(L.) L.,9740,2302,Cissus trifoliata,0,1,,,,,,,
10181,10232,10223,Engelm.,126156,7088,Vitis arizonica,0,1,,,,,,,
10181,10232,10223,Vahl,450602,7088,Vitis palmata,1,1,,,,,,,
10181,10232,10223,Scheele,57740,7088,Vitis rupestris,0,1,,,,,,,
10181,10232,10223,Willd.,24476,4089,Krameria erecta,0,1,,,,,,,
10181,10232,10223,S.Watson,345561,4089,Krameria bicolor,0,1,,,,,,,
10181,10232,10223,(Engelm.) A.Gray,129031,8086,Porlieria angustifolia,0,1,,,,,,,
10181,10232,10223,(S.Watson) Vail,24212,4033,Kallstroemia californica,1,1,,,,,,,
10181,10232,10223,Torr. ex A.Gray,24214,4033,Kallstroemia grandiflora,0,1,,,,,,,
10181,10232,10223,Vail,127729,4033,Kallstroemia hirsutissima,0,1,,,,,,,
10181,10232,10223,Norton,58208,4033,Kallstroemia parviflora,0,1,,,,,,,
10181,10232,10223,(DC.) Coville,24738,4156,Larrea tridentata,0,1,,,,,,,
10181,10232,10223,L.,45481,6879,Tribulus terrestris,0,0,,,,,,,
