ref_ID,list_ID,entity_ID,work_author,work_ID,genus_ID,work_species,questionable,native,quest_native,naturalized,endemic_ref,quest_end_ref,endemic_list,quest_end_list,cons_status
10060,10114,10114,(Burm.f.) Kral,438102,13710,Abildgaardia ovata,,1,0,0,,,,,
10060,10114,10114,(Willd.) Sweet,72,961,Abutilon grandifolium,,1,0,0,,,,,
10060,10114,10114,(A.St.-Hil.) Dorr,297345,14665,Callianthe pauciflora,,1,0,0,,,,,
10060,10114,10114,A.St.-Hil.,72149,961,Abutilon ramiflorum,,1,0,0,,,,,
10060,10114,10114,(Gillies ex Hook. & Arn.) Seigler & Ebinger,102868,7256,Vachellia aroma,,1,0,0,,,,,
10060,10114,10114,(Gillies ex Hook. & Arn.) Speg.,331529,7256,Vachellia astringens,,1,0,0,,,,,
10060,10114,10114,(Gillies ex Hook. & Arn.) Seigler & Ebinger,53687,7253,Senegalia bonariensis,,1,0,0,,,,,
10060,10114,10114,(Molina) Seigler & Ebinger,53689,7256,Vachellia caven,,1,0,0,,,,,
10060,10114,10114,(Molina) Seigler & Ebinger,53689,7256,Vachellia caven,,1,0,0,,,,,
10060,10114,10114,(Molina) Seigler & Ebinger,53689,7256,Vachellia caven,,1,0,0,,,,,
10060,10114,10114,(Burkart) Seigler & Ebinger,445505,7256,Vachellia curvifructa,,1,0,0,,,,,
10060,10114,10114,(L.) Wight & Arn.,436114,7256,Vachellia farnesiana,,1,0,0,,,,,
10060,10114,10114,(Steud.) Seigler & Ebinger,71618,7253,Senegalia gilliesii,,1,0,0,,,,,
10060,10114,10114,(Benth.) Seigler & Ebinger,298495,7253,Senegalia martii,,1,0,0,,,,,
10060,10114,10114,(Willd.) Bocage & L.P.Queiroz,298496,7253,Senegalia monacantha,,1,0,0,,,,,
10060,10114,10114,(Speg.) Seigler & Ebinger,76473,7253,Senegalia parviceps,,1,0,0,,,,,
10060,10114,10114,(Griseb.) Seigler & Ebinger,298498,7253,Senegalia praecox,,1,0,0,,,,,
10060,10114,10114,Müll.Arg.,49021,965,Acalypha communis,,1,0,0,,,,,
10060,10114,10114,(Steud.) J.F.B.Pastore,443682,7758,Acanthocladus dichromus,,1,0,0,,,,,
10060,10114,10114,DC.,362,973,Acanthospermum hispidum,,1,0,0,,,,,
10060,10114,10114,Griseb.,71830,9250,Acanthosyris falcata,,1,0,0,,,,,
10060,10114,10114,Griseb.,48890,7286,Achatocarpus praecox,,1,0,0,,,,,
10060,10114,10114,Griseb.,48890,7286,Achatocarpus praecox,,1,0,0,,,,,
10060,10114,10114,Griseb.,48890,7286,Achatocarpus praecox,,1,0,0,,,,,
10060,10114,10114,(Weinm.) DC.,48920,985,Achyrocline flaccida,,1,0,0,,,,,
10060,10114,10114,(Lindl.) Pridgeon & M.W.Chase,49297,988,Acianthera recurva,,1,0,0,,,,,
10060,10114,10114,Juss.,472,990,Acicarpha tribuloides,,1,0,0,,,,,
10060,10114,10114,(Griseb.) R.K.Jansen,72018,1000,Acmella alpestris,,1,0,0,,,,,
10060,10114,10114,(Hassl.) R.K.Jansen,104662,1000,Acmella glaberrima,,1,0,0,,,,,
10060,10114,10114,(Hook. & Arn.) R.K.Jansen,558,1000,Acmella pusilla,,1,0,0,,,,,
10060,10114,10114,(Kunth) Dandy,593,1014,Acroceras zizanioides,,1,0,0,,,,,
10060,10114,10114,(Jacq.) Lodd. ex R.Keith,594,1015,Acrocomia aculeata,,1,0,0,,,,,
10060,10114,10114,Langsd. & Fisch.,634,1021,Acrostichum danaeifolium,,1,0,0,,,,,
10060,10114,10114,(Müll.Arg.) Chodat & Hassl.,53647,1043,Adelia membranifolia,,1,0,0,,,,,
10060,10114,10114,(L.) Christenh.,438198,3727,Hemionitis radiata,,1,0,0,,,,,
10060,10114,10114,(Hook.) Christenh.,443651,3727,Hemionitis tweedieana,,1,0,0,,,,,
10060,10114,10114,Lam.,816,1069,Adiantum latifolium,,1,0,0,,,,,
10060,10114,10114,Hieron.,48866,1069,Adiantum lorentzii,,1,0,0,,,,,
10060,10114,10114,Lem.,49246,1076,Aechmea distichantha,,1,0,0,,,,,
10060,10114,10114,Lem.,49246,1076,Aechmea distichantha,,1,0,0,,,,,
10060,10114,10114,L.,979,1095,Aeschynomene americana,,1,0,0,,,,,
10060,10114,10114,Rudd,53661,1095,Aeschynomene denticulata,,1,0,0,,,,,
10060,10114,10114,"(Poir.) D.B.O.S.Cardoso, P.L.R.Moraes & H.C.Lima",444619,19964,Ctenodon falcatus,,1,0,0,,,,,
10060,10114,10114,Vogel,53662,1095,Aeschynomene montevidensis,,1,0,0,,,,,
10060,10114,10114,Micheli,71624,1095,Aeschynomene parviflora,,1,0,0,,,,,
10060,10114,10114,Benth.,994,1095,Aeschynomene rudis,,1,0,0,,,,,
10060,10114,10114,Michx.,1001,1095,Aeschynomene viscidula,,1,0,0,,,,,
10060,10114,10114,(Cham. & Schltdl.) D'Arcy,102887,1105,Agalinis communis,,1,0,0,,,,,
10060,10114,10114,(Cham. & Schltdl.) D'Arcy,103296,1105,Agalinis genistifolia,,1,0,0,,,,,
10060,10114,10114,Griseb.,49136,7311,Agonandra excelsa,,1,0,0,,,,,
10060,10114,10114,(Mart.) Barneby & J.W.Grimes,71625,1150,Albizia inundata,,1,0,0,,,,,
10060,10114,10114,(Humb. & Bonpl. ex Willd.) A.Juss.,71584,1154,Alchornea castaneifolia,,1,0,0,,,,,
10060,10114,10114,(Chodat) E.E.Schill. & Panero,104663,9263,Aldama guaranitica,,1,0,0,,,,,
10060,10114,10114,(Griseb.) E.E.Schill. & Panero,72020,9263,Aldama tuberosa,,1,0,0,,,,,
10060,10114,10114,"(A.St.-Hil., A.Juss. & Cambess.) Radlk.",1612,1179,Allophylus edulis,,1,0,0,,,,,
10060,10114,10114,(A.St.-Hil.) Radlk.,49187,1179,Allophylus guaraniticus,,1,0,0,,,,,
10060,10114,10114,Radlk.,72298,1179,Allophylus pauciflorus,,1,0,0,,,,,
10060,10114,10114,Moldenke,438295,1190,Aloysia schulziana,,1,0,0,,,,,
10060,10114,10114,(Gillies & Hook.) Tronc.,53862,1190,Aloysia gratissima,,1,0,0,,,,,
10060,10114,10114,Moldenke,438295,1190,Aloysia schulziana,,1,0,0,,,,,
10060,10114,10114,(Griseb.) Moldenke,103851,1190,Aloysia polystachya,,1,0,0,,,,,
10060,10114,10114,(Ruiz & Pav.) Juss.,1700,1190,Aloysia virgata,,1,0,0,,,,,
10060,10114,10114,Schinz ex Pedersen,71407,1202,Alternanthera kurtzii,,1,0,0,,,,,
10060,10114,10114,A.St.-Hil.,1834,1202,Alternanthera paronychioides,,1,0,0,,,,,
10060,10114,10114,A.St.-Hil.,1834,1202,Alternanthera paronychioides,,1,0,0,,,,,
10060,10114,10114,(Mart.) Griseb.,1835,1202,Alternanthera philoxeroides,,1,0,0,,,,,
10060,10114,10114,(Mart.) Griseb.,1835,1202,Alternanthera philoxeroides,,1,0,0,,,,,
10060,10114,10114,Kunth,1838,1202,Alternanthera pungens,,1,0,0,,,,,
10060,10114,10114,Briq.,53553,1202,Alternanthera reineckii,,1,0,0,,,,,
10060,10114,10114,L.,1929,1216,Amaranthus blitum,,1,0,0,,,,,
10060,10114,10114,L.,1941,1216,Amaranthus hybridus,,0,0,0,,,,,
10060,10114,10114,(Gillies ex Moq.) Hieron.,1946,1216,Amaranthus muricatus,,1,0,0,,,,,
10060,10114,10114,Parodi ex Covas,1956,1216,Amaranthus standleyanus,,1,0,0,,,,,
10060,10114,10114,L.,1959,1216,Amaranthus viridis,,1,0,0,,,,,
10060,10114,10114,L.,1979,1225,Ambrosia artemisiifolia,,1,0,0,,,,,
10060,10114,10114,Spreng.,1996,1225,Ambrosia tenuifolia,,1,0,0,,,,,
10060,10114,10114,Willd.,2016,1233,Ammannia auriculata,,1,0,0,,,,,
10060,10114,10114,L.,2025,1234,Ammi majus,,0,0,0,,,,,
10060,10114,10114,(Lindl.) L.G.Lohmann,103305,1255,Amphilophium carolinae,,1,0,0,,,,,
10060,10114,10114,(L.) Kunth,2084,1255,Amphilophium paniculatum,,1,0,0,,,,,
10060,10114,10114,(Vell.) Brenan,68070,1274,Anadenanthera colubrina,,1,0,0,,,,,
10060,10114,10114,(Vell.) Brenan,68070,1274,Anadenanthera colubrina,,1,0,0,,,,,
10060,10114,10114,L.,2226,1297,Andropogon bicornis,,1,0,0,,,,,
10060,10114,10114,Nees,2236,1297,Andropogon lateralis,,1,0,0,,,,,
10060,10114,10114,(Hack.) Hack.,2240,1297,Andropogon selloanus,,1,0,0,,,,,
10060,10114,10114,(Christ) Mickel,104667,1302,Anemia simplicior,,0,1,0,,,,,
10060,10114,10114,(Sav.) Sw.,48873,1302,Anemia tomentosa,,1,0,0,,,,,
10060,10114,10114,Morong,53605,1305,Anemopaegma flavum,,1,0,0,,,,,
10060,10114,10114,Bonpl.,2333,1311,Angelonia salicariifolia,,1,0,0,,,,,
10060,10114,10114,Spreng.,53775,1311,Angelonia integerrima,,1,0,0,,,,,
10060,10114,10114,Spreng.,53775,1311,Angelonia integerrima,,1,0,0,,,,,
10060,10114,10114,Bonpl.,2333,1311,Angelonia salicariifolia,,1,0,0,,,,,
10060,10114,10114,(Griseb.) M.D.Moraes,297519,9064,Dimerostemma aspilioides,,1,0,0,,,,,
10060,10114,10114,(Baker) M.D.Moraes,297520,9064,Dimerostemma grisebachii,,1,0,0,,,,,
10060,10114,10114,(N.E.Br.) O'Donell,53635,1322,Aniseia argentina,,1,0,0,,,,,
10060,10114,10114,(Griseb.) Christenh. & Byng,445502,4805,Morisonia speciosa,,1,0,0,,,,,
10060,10114,10114,(Schltdl.) H.Rainer,72366,1333,Annona emarginata,,1,0,0,,,,,
10060,10114,10114,H.Rainer,105276,1333,Annona neosalicifolia,,1,0,0,,,,,
10060,10114,10114,(Ten.) Steenis,2506,1341,Anredera cordifolia,,1,0,0,,,,,
10060,10114,10114,(Kunth) Nees,25457,4252,Leptocoryphium lanatum,,1,0,0,,,,,
10060,10114,10114,L.,2519,1344,Anthemis cotula,,0,0,0,,,,,
10060,10114,10114,Engl.,53577,1353,Anthurium paraguayense,,1,0,0,,,,,
10060,10114,10114,H.Wolff,103308,1389,Apium sellowianum,,1,0,0,,,,,
10060,10114,10114,(Mart.Crov.) Pozner,105854,7589,Apodanthera anatuyana,,1,0,0,,,,,
10060,10114,10114,Marchal,72443,1417,Aralia soratensis,,1,0,0,,,,,
10060,10114,10114,(Marchal) J.Wen,48908,1417,Aralia warmingiana,,1,0,0,,,,,
10060,10114,10114,(Hook. & Arn.) Steud.,71882,1420,Araujia angustifolia,,1,0,0,,,,,
10060,10114,10114,(Griseb.) Fontella & Goyder,71432,1420,Araujia brachystephana,,1,0,0,,,,,
10060,10114,10114,(Hook. & Arn.) Fontella & Goyder,443657,1420,Araujia odorata,,1,0,0,,,,,
10060,10114,10114,Schltr.,71435,1420,Araujia plumosa,,1,0,0,,,,,
10060,10114,10114,(Kurtz ex Heger) Fontella & Goyder,71436,1420,Araujia stuckertiana,,1,0,0,,,,,
10060,10114,10114,(Griseb.) Fontella & Goyder,71437,1420,Araujia variegata,,1,0,0,,,,,
10060,10114,10114,Ownbey,3109,1448,Argemone subfusiformis,,1,0,0,,,,,
10060,10114,10114,L.,3202,1465,Aristida adscensionis,,1,0,0,,,,,
10060,10114,10114,Lindm.,53785,1465,Aristida circinalis,,1,0,0,,,,,
10060,10114,10114,Phil.,71778,1465,Aristida mendocina,,1,0,0,,,,,
10060,10114,10114,(Hack.) Henrard,105286,1465,Aristida oligospira,,1,0,0,,,,,
10060,10114,10114,Arechav.,103315,1465,Aristida venustula,,1,0,0,,,,,
10060,10114,10114,Kuntze,71887,1466,Aristolochia ceresensis,,1,0,0,,,,,
10060,10114,10114,Kuntze,71458,1466,Aristolochia esperanzae,,1,0,0,,,,,
10060,10114,10114,Cham.,53580,1466,Aristolochia fimbriata,,1,0,0,,,,,
10060,10114,10114,Hook.,69489,1466,Aristolochia gibertii,,1,0,0,,,,,
10060,10114,10114,(Chodat & Hassl.) Chodat & Hassl.,72016,1466,Aristolochia viperina,,1,0,0,,,,,
10060,10114,10114,(Schult.) Hitchc. & Chase,3547,1494,Arundinella berteroniana,,1,0,0,,,,,
10060,10114,10114,(Kunth ex Willd.) Kuntze,3550,1494,Arundinella hispida,,1,0,0,,,,,
10060,10114,10114,L.,3554,1495,Arundo donax,,0,0,0,,,,,
10060,10114,10114,E.Fourn.,103872,1501,Asclepias boliviensis,,1,0,0,,,,,
10060,10114,10114,L.,3603,1501,Asclepias curassavica,,0,0,0,,,,,
10060,10114,10114,A.St.-Hil.,53569,1501,Asclepias mellodora,,1,0,0,,,,,
10060,10114,10114,(Chodat) J.F.B.Pastore & J.R.Abbott,104670,9294,Asemeia extraaxillaris,,1,0,0,,,,,
10060,10114,10114,Griseb.,71687,9239,Aspicarpa sericea,,1,0,0,,,,,
10060,10114,10114,Schltdl.,53571,1514,Aspidosperma quebracho-blanco,,1,0,0,,,,,
10060,10114,10114,Rojas Acosta,71440,1514,Aspidosperma triternatum,,1,0,0,,,,,
10060,10114,10114,(Spreng.) B.L.Turner,303599,7116,Wedelia montevidensis,,1,0,0,,,,,
10060,10114,10114,(Spreng.) B.L.Turner,303599,7116,Wedelia montevidensis,,1,0,0,,,,,
10060,10114,10114,Griseb.,53581,1516,Aspilia pascalioides,,1,0,0,,,,,
10060,10114,10114,(Hook. & Arn.) B.L.Turner,443659,7116,Wedelia silphioides,,1,0,0,,,,,
10060,10114,10114,Hieron.,445138,1517,Asplenium stubelianum,,1,0,0,,,,,
10060,10114,10114,(L.) Klotzsch,4077,1532,Astraea lobata,,1,0,0,,,,,
10060,10114,10114,(Engl.) Santin,443656,9466,Myracrodruon balansae,,1,0,0,,,,,
10060,10114,10114,A.Soriano,71874,1560,Atriplex eximia,,1,0,0,,,,,
10060,10114,10114,Griseb.,71410,1560,Atriplex pamparum,,1,0,0,,,,,
10060,10114,10114,R.Br.,4316,1560,Atriplex semibaccata,,0,0,0,,,,,
10060,10114,10114,I.Verd.,4321,1560,Atriplex suberecta,,0,0,0,,,,,
10060,10114,10114,(Hook. & Arn.) R.M.King & H.Rob.,71893,9255,Austrobrickellia patens,,1,0,0,,,,,
10060,10114,10114,(Hook. & Arn.) R.M.King & H.Rob.,71893,9255,Austrobrickellia patens,,1,0,0,,,,,
10060,10114,10114,(Kunth) R.M.King & H.Rob.,438625,1575,Austroeupatorium inulifolium,,1,0,0,,,,,
10060,10114,10114,(Raddi) Kuhlm.,4401,1584,Axonopus fissifolius,,1,0,0,,,,,
10060,10114,10114,(Flüggé) Hitchc.,72563,1584,Axonopus leptostachyus,,1,0,0,,,,,
10060,10114,10114,(J.C.Mikan ex Trin.) Parodi,84752,1584,Axonopus suffultus,,1,0,0,,,,,
10060,10114,10114,Cristóbal,71697,1586,Ayenia eliae,,1,0,0,,,,,
10060,10114,10114,Cristóbal,71699,1586,Ayenia odonellii,,1,0,0,,,,,
10060,10114,10114,Griseb.,104672,884,Azara salicifolia,,1,0,0,,,,,
10060,10114,10114,Lam.,4429,1589,Azolla filiculoides,,1,0,0,,,,,
10060,10114,10114,DC.,102782,1594,Baccharis coridifolia,,1,0,0,,,,,
10060,10114,10114,Hook. & Arn.,103332,1594,Baccharis darwinii,,1,0,0,,,,,
10060,10114,10114,DC.,48926,1594,Baccharis dracunculifolia,,1,0,0,,,,,
10060,10114,10114,Pers.,57770,1594,Baccharis glutinosa,,1,0,0,,,,,
10060,10114,10114,Pers.,106861,1594,Baccharis linearifolia,,1,0,0,,,,,
10060,10114,10114,DC.,53583,1594,Baccharis microcephala,,1,0,0,,,,,
10060,10114,10114,Griseb.,72023,1594,Baccharis notosergila,,1,0,0,,,,,
10060,10114,10114,DC.,4478,1594,Baccharis punctulata,,1,0,0,,,,,
10060,10114,10114,(Ruiz & Pav.) Pers.,374056,1594,Baccharis salicifolia,,1,0,0,,,,,
10060,10114,10114,(Lam.) Baill.,72024,1594,Baccharis spicata,,1,0,0,,,,,
10060,10114,10114,Vahl,103343,1594,Baccharis tridentata,,1,0,0,,,,,
10060,10114,10114,Pers.,444735,1594,Baccharis trinervis,,1,0,0,,,,,
10060,10114,10114,Pers.,444735,1594,Baccharis trinervis,,1,0,0,,,,,
10060,10114,10114,Chodat & Hassl.,53776,1595,Bacopa dubia,,1,0,0,,,,,
10060,10114,10114,(L.) Wettst.,4494,1595,Bacopa monnieri,,1,0,0,,,,,
10060,10114,10114,(S.Moore) Hassl.,104675,1595,Bacopa paraguariensis,,1,0,0,,,,,
10060,10114,10114,(Michx.) Wettst.,72110,1595,Bacopa rotundifolia,,1,0,0,,,,,
10060,10114,10114,(Benth.) Edwall,53777,1595,Bacopa salzmannii,,1,0,0,,,,,
10060,10114,10114,(Bocq.) Christenh. & Byng,445526,2306,Citharexylum amabile,,1,0,0,,,,,
10060,10114,10114,Briq.,53834,885,Banara arguta,,1,0,0,,,,,
10060,10114,10114,Clos,49059,885,Banara tomentosa,,1,0,0,,,,,
10060,10114,10114,Arechav.,104676,885,Banara umbraticola,,1,0,0,,,,,
10060,10114,10114,(DC.) R.M.King & H.Rob.,445273,7739,Barrosoa betoniciformis,,1,0,0,,,,,
10060,10114,10114,(Hook. & Arn.) R.M.King & H.Rob.,53586,7739,Barrosoa candolleana,,1,0,0,,,,,
10060,10114,10114,(Chodat) Moldenke,71776,9245,Basistemon spinosus,,1,0,0,,,,,
10060,10114,10114,(Cav.) Dorr,438689,961,Abutilon bivalve,,1,0,0,,,,,
10060,10114,10114,Burkart,71630,1650,Bauhinia argentinensis,,1,0,0,,,,,
10060,10114,10114,(Mart.) J.F.Macbr.,4747,1650,Bauhinia bauhinioides,,1,0,0,,,,,
10060,10114,10114,Link,4756,1650,Bauhinia forficata,,1,0,0,,,,,
10060,10114,10114,(Bong.) D.Dietr.,71632,1650,Bauhinia mollis,,1,0,0,,,,,
10060,10114,10114,Willd.,4852,1665,Begonia cucullata,,1,0,0,,,,,
10060,10114,10114,(Hieron.) R.M.King & H.Rob.,71469,9220,Bejaranoa balansae,,1,0,0,,,,,
10060,10114,10114,(Micheli) M.J.Silva & A.M.G.Azevedo,297061,7245,Muellera sericea,,1,0,0,,,,,
10060,10114,10114,Müll.Arg.,102846,1692,Bernardia multicaulis,,1,0,0,,,,,
10060,10114,10114,"(L.) Britton, Sterns & Poggenb.",5128,1708,Bidens laevis,,1,0,0,,,,,
10060,10114,10114,L.,5140,1708,Bidens pilosa,,1,0,0,,,,,
10060,10114,10114,L.,5140,1708,Bidens pilosa,,1,0,0,,,,,
10060,10114,10114,L.,5205,1722,Bixa orellana,,1,0,0,,,,,
10060,10114,10114,Desv.,48842,1730,Blechnum brasiliense,,1,0,0,,,,,
10060,10114,10114,Cambess.,49075,7304,Blumenbachia latifolia,,1,0,0,,,,,
10060,10114,10114,(L.) Sw.,5415,1754,Boehmeria cylindrica,,1,0,0,,,,,
10060,10114,10114,(Mert. ex Kaulf.) Schott,72751,1762,Bolbitis serratifolia,,1,0,0,,,,,
10060,10114,10114,(L.) Palla,5501,1763,Bolboschoenus maritimus,,1,0,0,,,,,
10060,10114,10114,(Pursh) Soják,5503,1763,Bolboschoenus robustus,,1,0,0,,,,,
10060,10114,10114,(Cham. & Schltdl.) Kuntze,42394,6462,Spermacoce eryngioides,,1,0,0,,,,,
10060,10114,10114,(DC.) R.M.Salas,445524,6462,Spermacoce affinis,,1,0,0,,,,,
10060,10114,10114,Aubl.,42414,6462,Spermacoce prostrata,,1,0,0,,,,,
10060,10114,10114,(Sw.) Delprete & J.H.Kirkbr.,410126,13916,Hexasepalum sarmentosum,,1,0,0,,,,,
10060,10114,10114,L.,42426,6462,Spermacoce verticillata,,1,0,0,,,,,
10060,10114,10114,(Hitchc.) Henrard,102941,1788,Bothriochloa alta,,1,0,0,,,,,
10060,10114,10114,(Lag.) Herter,5583,1788,Bothriochloa barbinodis,,1,0,0,,,,,
10060,10114,10114,M.Marchi & Longhi-Wagner,104678,1788,Bothriochloa eurylemma,,1,0,0,,,,,
10060,10114,10114,(Nash) Henrard,53787,1788,Bothriochloa exaristata,,1,0,0,,,,,
10060,10114,10114,(DC.) Herter,5589,1788,Bothriochloa laguroides,,1,0,0,,,,,
10060,10114,10114,(Gould) Allred & Gould,58087,1788,Bothriochloa longipaniculata,,1,0,0,,,,,
10060,10114,10114,(Steud.) Scrivanti & Anton,444088,1788,Bothriochloa torreyana,,1,0,0,,,,,
10060,10114,10114,(Miers) Britton & Rusby,53850,7761,Bouchetia anomala,,1,0,0,,,,,
10060,10114,10114,Heimerl,71752,1793,Bougainvillea campanulata,,1,0,0,,,,,
10060,10114,10114,Griseb.,71753,1793,Bougainvillea praecox,,1,0,0,,,,,
10060,10114,10114,Griseb.,72781,1793,Bougainvillea stipitata,,1,0,0,,,,,
10060,10114,10114,(Kunth) Griseb.,5656,1796,Bouteloua aristidoides,,1,0,0,,,,,
10060,10114,10114,(Willd.) A.Berger,5794,1818,Brasiliopuntia brasiliensis,,1,0,0,,,,,
10060,10114,10114,Rchb.f.,72797,1819,Brassavola ceboletta,,1,0,0,,,,,
10060,10114,10114,Hook.,53757,1819,Brassavola tuberculata,,1,0,0,,,,,
10060,10114,10114,Mez,5882,1838,Bromelia balansae,,1,0,0,,,,,
10060,10114,10114,Mez,71515,1838,Bromelia hieronymi,,1,0,0,,,,,
10060,10114,10114,Griseb.,71516,1838,Bromelia serra,,1,0,0,,,,,
10060,10114,10114,(Mez) Mez,445495,20203,Deinacanthon urbanianum,,1,0,0,,,,,
10060,10114,10114,Vahl,5901,1840,Bromus catharticus,,1,0,0,,,,,
10060,10114,10114,Benth.,5978,1852,Brunfelsia australis,,1,0,0,,,,,
10060,10114,10114,Kunth,6046,1869,Buchnera longifolia,,1,0,0,,,,,
10060,10114,10114,Kunth,72818,1869,Buchnera ternifolia,,1,0,0,,,,,
10060,10114,10114,(Griseb.) Hosseus,72819,1871,Buddleja iresinoides,,1,0,0,,,,,
10060,10114,10114,Cham. & Schltdl.,48316,1871,Buddleja stachyoides,,1,0,0,,,,,
10060,10114,10114,Benth.,72054,1871,Buddleja tubiflora,,1,0,0,,,,,
10060,10114,10114,(L.) Kunth ex C.B.Clarke,6215,1877,Bulbostylis capillaris,,1,0,0,,,,,
10060,10114,10114,(L.) Kunth ex C.B.Clarke,6215,1877,Bulbostylis capillaris,,1,0,0,,,,,
10060,10114,10114,M.G.López & D.A.Simpson,103927,1877,Bulbostylis communis,,1,0,0,,,,,
10060,10114,10114,M.G.López & D.A.Simpson,103927,1877,Bulbostylis communis,,1,0,0,,,,,
10060,10114,10114,(Kunth) C.B.Clarke,67556,1877,Bulbostylis consanguinea,,1,0,0,,,,,
10060,10114,10114,(J.Presl & C.Presl) C.B.Clarke,71573,1877,Bulbostylis scabra,,1,0,0,,,,,
10060,10114,10114,(Griseb.) Christenh. & Byng,445527,10992,Plectrocarpa bonariensis,,1,0,0,,,,,
10060,10114,10114,Griseb.,72005,8085,Bulnesia foliosa,,1,0,0,,,,,
10060,10114,10114,(Lorentz ex Griseb.) Christenh. & Byng,445528,10992,Plectrocarpa sarmientoi,,1,0,0,,,,,
10060,10114,10114,(Benth.) Christenh. & Byng,445511,1586,Ayenia divaricata,,1,0,0,,,,,
10060,10114,10114,(Mart. ex K.Schum.) Christenh. & Byng,445512,1586,Ayenia filipes,,1,0,0,,,,,
10060,10114,10114,(Benth.) Christenh. & Byng,443672,1586,Ayenia rhamnifolia,,1,0,0,,,,,
10060,10114,10114,(D.Parodi) G.P.Lewis,297898,7242,Libidibia paraguariensis,,1,0,0,,,,,
10060,10114,10114,(Hassl.) Gagnon & G.P.Lewis,445508,19669,Denisophytum stuckertii,,1,0,0,,,,,
10060,10114,10114,Less.,104682,1918,Calea cymosa,,1,0,0,,,,,
10060,10114,10114,(Juss.) D'Arcy,6957,1922,Calibrachoa parviflora,,1,0,0,,,,,
10060,10114,10114,(Jacq.) L.,7066,1933,Callisia repens,,1,0,0,,,,,
10060,10114,10114,Raf.,7105,1938,Callitriche terrestris,,1,0,0,,,,,
10060,10114,10114,(Benth.) Chodat & Hassl.,445285,1950,Calopogonium sericeum,,1,0,0,,,,,
10060,10114,10114,Griseb.,71821,1958,Calycophyllum multiflorum,,1,0,0,,,,,
10060,10114,10114,(Nees & Mart.) B.L.Turner,344391,1963,Calyptocarpus brasiliensis,,1,0,0,,,,,
10060,10114,10114,(Chodat & Hassl.) Hassl.,71638,8928,Camptosema paraguariense,,1,0,0,,,,,
10060,10114,10114,(Less.) DC.,53591,7741,Campuloclinium macrocephalum,,1,0,0,,,,,
10060,10114,10114,Cogn.,104683,1987,Campylocentrum densiflorum,,1,0,0,,,,,
10060,10114,10114,Cogn.,49272,1987,Campylocentrum grisebachii,,1,0,0,,,,,
10060,10114,10114,(Rchb.f. & Warm.) Cogn.,49273,1987,Campylocentrum neglectum,,1,0,0,,,,,
10060,10114,10114,Mart. ex Benth.,7578,1997,Canavalia brasiliensis,,1,0,0,,,,,
10060,10114,10114,L.,7601,1999,Canna glauca,,1,0,0,,,,,
10060,10114,10114,L.,7602,1999,Canna indica,,1,0,0,,,,,
10060,10114,10114,(Rich.) Harley & J.F.B.Pastore,47946,7231,Cantinoa mutabilis,,1,0,0,,,,,
10060,10114,10114,(L.) A.St.-Hil.,7617,2005,Caperonia castaneifolia,,1,0,0,,,,,
10060,10114,10114,A.St.-Hil.,53648,2005,Caperonia cordata,,1,0,0,,,,,
10060,10114,10114,Pax & K.Hoffm.,53649,2005,Caperonia glabrata,,1,0,0,,,,,
10060,10114,10114,(L.) A.St.-Hil.,7620,2005,Caperonia palustris,,1,0,0,,,,,
10060,10114,10114,(Eichler) Christenh. & Byng,443663,4805,Morisonia tweedieana,,1,0,0,,,,,
10060,10114,10114,(L.) L.,439046,2008,Capparis flexuosa,,1,0,0,,,,,
10060,10114,10114,(L.) L.,439046,2008,Capparis flexuosa,,1,0,0,,,,,
10060,10114,10114,L.,7658,2009,Capraria biflora,,1,0,0,,,,,
10060,10114,10114,(L.) Medik.,7660,2010,Capsella bursa-pastoris,,0,0,0,,,,,
10060,10114,10114,L.,7663,2011,Capsicum baccatum,,1,0,0,,,,,
10060,10114,10114,Hunz.,53851,2011,Capsicum chacoense,,1,0,0,,,,,
10060,10114,10114,Pers.,439064,2015,Cardamine chenopodiifolia,,1,0,0,,,,,
10060,10114,10114,L.,7731,2021,Cardiospermum corindum,,1,0,0,,,,,
10060,10114,10114,Sw.,7732,2021,Cardiospermum grandiflorum,,1,0,0,,,,,
10060,10114,10114,L.,7733,2021,Cardiospermum halicacabum,,1,0,0,,,,,
10060,10114,10114,Kunth,7734,2021,Cardiospermum microcarpum,,1,0,0,,,,,
10060,10114,10114,Desf. ex Poir.,103370,2026,Carex bonariensis,,1,0,0,,,,,
10060,10114,10114,Kunth,103377,2026,Carex sororia,,1,0,0,,,,,
10060,10114,10114,Desf. ex Poir.,103370,2026,Carex bonariensis,,1,0,0,,,,,
10060,10114,10114,Nees,103378,2026,Carex tweedieana,,1,0,0,,,,,
10060,10114,10114,L.,8196,2028,Carica papaya,,1,0,0,,,,,
10060,10114,10114,A.St.-Hil.,290896,7042,Vasconcellea quercifolia,,1,0,0,,,,,
10060,10114,10114,(Nees) C.Ezcurra & A.L.A.Côrtes,444729,9208,Thyrsacanthus sulcatus,,1,0,0,,,,,
10060,10114,10114,Jacq.,8328,897,Casearia aculeata,,1,0,0,,,,,
10060,10114,10114,Briq.,68158,897,Casearia gossypiosperma,,1,0,0,,,,,
10060,10114,10114,Sw.,8362,897,Casearia sylvestris,,1,0,0,,,,,
10060,10114,10114,Griseb.,53846,2066,Castela coccinea,,1,0,0,,,,,
10060,10114,10114,(C.Morren) Lindl.,71760,2076,Catasetum fimbriatum,,1,0,0,,,,,
10060,10114,10114,(Mill.) Mart.Crov.,49011,2089,Cayaponia bonariensis,,1,0,0,,,,,
10060,10114,10114,(Griseb.) Cogn. ex Griseb.,53637,2089,Cayaponia citrullifolia,,1,0,0,,,,,
10060,10114,10114,Cogn.,71571,2089,Cayaponia podantha,,1,0,0,,,,,
10060,10114,10114,Trécul,8569,2093,Cecropia pachystachya,,1,0,0,,,,,
10060,10114,10114,(Hassl.) Ravenna,71704,2097,Ceiba chodatii,,1,0,0,,,,,
10060,10114,10114,"(A.St.-Hil., A.Juss. & Cambess.) Ravenna",8582,2097,Ceiba speciosa,,1,0,0,,,,,
10060,10114,10114,(Gardner) Planch.,72058,2101,Celtis brasiliensis,,1,0,0,,,,,
10060,10114,10114,(Wedd.) Miq.,71555,2101,Celtis chichape,,1,0,0,,,,,
10060,10114,10114,(Jacq.) Sarg.,8673,2101,Celtis iguanaea,,1,0,0,,,,,
10060,10114,10114,(Jacq.) Sarg.,8673,2101,Celtis iguanaea,,1,0,0,,,,,
10060,10114,10114,L.,8696,2103,Cenchrus ciliaris,,0,0,0,,,,,
10060,10114,10114,L.,8698,2103,Cenchrus echinatus,,1,0,0,,,,,
10060,10114,10114,M.C.Johnst.,439145,2103,Cenchrus longisetus,,0,0,0,,,,,
10060,10114,10114,Kunth,8702,2103,Cenchrus myosuroides,,1,0,0,,,,,
10060,10114,10114,(Nees) Kuntze,445516,2103,Cenchrus nervosus,,1,0,0,,,,,
10060,10114,10114,(Mez) Morrone,445552,2103,Cenchrus pilcomayensis,,1,0,0,,,,,
10060,10114,10114,(Schumach.) Morrone,439148,2103,Cenchrus purpureus,,0,0,0,,,,,
10060,10114,10114,"(Sw.) Hayek ex Hand.-Mazz., Stadlm., Janch. & Faltis",8767,2105,Centaurium pulchellum,,0,0,0,,,,,
10060,10114,10114,Burkart,448479,2119,Centrosema kermesi,,1,0,0,,,,,
10060,10114,10114,(L.) Benth.,8824,2119,Centrosema virginianum,,1,0,0,,,,,
10060,10114,10114,(L.) U.Manns & Anderb.,438389,4439,Lysimachia minima,,0,0,0,,,,,
10060,10114,10114,Möschl & Pedersen,49002,2133,Cerastium rivulariastrum,,1,0,0,,,,,
10060,10114,10114,L.,8925,2139,Ceratophyllum demersum,,1,0,0,,,,,
10060,10114,10114,(Hook.) Hieron.,71814,2140,Ceratopteris pteridoides,,1,0,0,,,,,
10060,10114,10114,Cogn.,69586,2142,Ceratosanthes hilariana,,1,0,0,,,,,
10060,10114,10114,Cogn.,72063,2142,Ceratosanthes multiloba,,1,0,0,,,,,
10060,10114,10114,(Ruiz & Pav.) Hawkins,32132,5303,Parkinsonia praecox,,1,0,0,,,,,
10060,10114,10114,C.F.Först.,71530,2150,Cereus forbesii,,1,0,0,,,,,
10060,10114,10114,K.Schum.,53620,2150,Cereus stenogonus,,1,0,0,,,,,
10060,10114,10114,Chodat & Hassl.,72132,2156,Cestrum guaraniticum,,1,0,0,,,,,
10060,10114,10114,(Lam.) L'Hér.,9011,2156,Cestrum parqui,,1,0,0,,,,,
10060,10114,10114,Ruiz & Pav.,443685,2156,Cestrum strigilatum,,1,0,0,,,,,
10060,10114,10114,(Hassl.) R.M.King & H.Rob.,71472,9222,Chacoa pseudoprasiifolia,,1,0,0,,,,,
10060,10114,10114,(Vogel) T.M.Moura & Fort.-Perez,445548,8237,Nissolia brasiliensis,,1,0,0,,,,,
10060,10114,10114,(L.) Moench,9080,2170,Chamaecrista nictitans,,1,0,0,,,,,
10060,10114,10114,(Pers.) Greene,9089,2170,Chamaecrista rotundifolia,,1,0,0,,,,,
10060,10114,10114,(Jacq.) Kunth,9119,2184,Chamissoa altissima,,1,0,0,,,,,
10060,10114,10114,(L.) Pol.,9143,2187,Chaptalia nutans,,1,0,0,,,,,
10060,10114,10114,Kunth,67427,2187,Chaptalia runcinata,,1,0,0,,,,,
10060,10114,10114,(Nees) Matthei,438800,19997,Poidium uniolae,,1,0,0,,,,,
10060,10114,10114,(Mett.) Christenh.,445521,3727,Hemionitis obducta,,1,0,0,,,,,
10060,10114,10114,L.,9286,2211,Chenopodium album,,0,0,0,,,,,
10060,10114,10114,Murr,448304,2211,Chenopodium × borbasii,,0,0,0,,,,,
10060,10114,10114,Schrad.,9304,2211,Chenopodium hircinum,,1,0,0,,,,,
10060,10114,10114,Aellen,71411,2211,Chenopodium pilcomayense,,1,0,0,,,,,
10060,10114,10114,Griseb.,53650,7746,Chiropetalum griseum,,1,0,0,,,,,
10060,10114,10114,(Vell.) Chodat & Hassl.,53651,7746,Chiropetalum tricoccum,,1,0,0,,,,,
10060,10114,10114,Sw.,9428,2236,Chloris barbata,,1,0,0,,,,,
10060,10114,10114,(Arechav.) P.M.Peterson,445517,20011,Stapfochloa canterae,,1,0,0,,,,,
10060,10114,10114,Parodi,71781,2236,Chloris castilloniana,,1,0,0,,,,,
10060,10114,10114,Parodi,71781,2236,Chloris castilloniana,,1,0,0,,,,,
10060,10114,10114,(Sw.) P.M.Peterson,439274,20011,Stapfochloa ciliata,,1,0,0,,,,,
10060,10114,10114,(Sw.) P.M.Peterson,439274,20011,Stapfochloa ciliata,,1,0,0,,,,,
10060,10114,10114,(Desv.) P.M.Peterson,439273,20011,Stapfochloa elata,,1,0,0,,,,,
10060,10114,10114,Kunth,9438,2236,Chloris gayana,,0,0,1,,,,,
10060,10114,10114,(Roseng. & Izag.) Wipff & Shaw,448306,20011,Stapfochloa grandiflora,,1,0,0,,,,,
10060,10114,10114,Parodi,102946,2236,Chloris halophila,,1,0,0,,,,,
10060,10114,10114,(Roseng. & Izag.) Wipff & Shaw,448480,20011,Stapfochloa parodiana,,1,0,0,,,,,
10060,10114,10114,(Caro & E.A.Sánchez) P.M.Peterson,445539,20011,Stapfochloa parvispicula,,1,0,0,,,,,
10060,10114,10114,Trin.,9441,2236,Chloris pycnothrix,,1,0,0,,,,,
10060,10114,10114,(Benth.) Barneby & J.W.Grimes,72076,2238,Chloroleucon tenuiflorum,,1,0,0,,,,,
10060,10114,10114,(Griseb.) R.M.King & H.Rob.,102787,2258,Chromolaena arnottiana,,1,0,0,,,,,
10060,10114,10114,(Baker) R.M.King & H.Rob.,48938,2258,Chromolaena christieana,,1,0,0,,,,,
10060,10114,10114,(Hook. & Arn.) R.M.King & H.Rob.,53589,2258,Chromolaena hirsuta,,1,0,0,,,,,
10060,10114,10114,(L.) R.M.King & H.Rob.,439288,2258,Chromolaena ivifolia,,1,0,0,,,,,
10060,10114,10114,(Lam.) R.M.King & H.Rob.,73098,2258,Chromolaena laevigata,,1,0,0,,,,,
10060,10114,10114,(L.) R.M.King & H.Rob.,9514,2258,Chromolaena odorata,,1,0,0,,,,,
10060,10114,10114,(Klatt) R.M.King & H.Rob.,53592,2258,Chromolaena orbignyana,,1,0,0,,,,,
10060,10114,10114,(Hook. & Arn.) R.M.King & H.Rob.,48940,2258,Chromolaena pedunculosa,,1,0,0,,,,,
10060,10114,10114,(Hieron.) R.M.King & H.Rob.,445492,2258,Chromolaena squarrosoramosa,,1,0,0,,,,,
10060,10114,10114,(Hook. & Arn.) R.M.King & H.Rob.,53594,2258,Chromolaena squarrulosa,,1,0,0,,,,,
10060,10114,10114,(DC.) R.M.King & H.Rob.,104686,2258,Chromolaena verbenacea,,1,0,0,,,,,
10060,10114,10114,(Less.) Dematt.,104687,2270,Chrysolaena cognata,,1,0,0,,,,,
10060,10114,10114,(Sims) H.Rob.,84579,2270,Chrysolaena flexuosa,,1,0,0,,,,,
10060,10114,10114,(Spreng.) H.Rob.,9540,2270,Chrysolaena platensis,,1,0,0,,,,,
10060,10114,10114,(Mart. & Eichler) Engl.,53844,2271,Chrysophyllum gonocarpum,,1,0,0,,,,,
10060,10114,10114,(Hook. & Arn.) Radlk.,49197,2271,Chrysophyllum marginatum,,1,0,0,,,,,
10060,10114,10114,(A.Gray) Lewton,53725,2290,Cienfuegosia drummondii,,1,0,0,,,,,
10060,10114,10114,Krapov.,105855,2290,Cienfuegosia schulzii,,1,0,0,,,,,
10060,10114,10114,Fryxell,53727,2290,Cienfuegosia ulmifolia,,1,0,0,,,,,
10060,10114,10114,(Savi) Ten.,9697,2299,Cirsium vulgare,,0,0,1,,,,,
10060,10114,10114,L.,9699,2301,Cissampelos pareira,,1,0,0,,,,,
10060,10114,10114,Poir.,53872,2302,Cissus palmata,,1,0,0,,,,,
10060,10114,10114,Cambess.,53873,2302,Cissus spinosa,,1,0,0,,,,,
10060,10114,10114,(L.) Nicolson & C.E.Jarvis,9742,2302,Cissus verticillata,,1,0,0,,,,,
10060,10114,10114,Cham.,84792,2306,Citharexylum myrianthum,,1,0,0,,,,,
10060,10114,10114,(Mart.) R.A.Howard,84612,2308,Citronella gongonha,,1,0,0,,,,,
10060,10114,10114,L.,9801,2310,Citrus × aurantium,,0,0,0,,,,,
10060,10114,10114,(Lem.) Lem.,71532,7233,Cleistocactus baumannii,,1,0,0,,,,,
10060,10114,10114,A.St.-Hil.,53820,2330,Clematis campestris,,1,0,0,,,,,
10060,10114,10114,L.,9978,2331,Cleome aculeata,,1,0,0,,,,,
10060,10114,10114,M.Gómez,71558,2331,Cleome lilloi,,1,0,0,,,,,
10060,10114,10114,Jacq.,439323,2331,Cleome serrata,,1,0,0,,,,,
10060,10114,10114,Klotzsch ex Eichler,72059,2331,Cleome trachycarpa,,1,0,0,,,,,
10060,10114,10114,Iltis,71915,2331,Cleome tucumanensis,,1,0,0,,,,,
10060,10114,10114,(Müll.Arg.) I.M.Johnst.,81121,2357,Cnidoscolus tubulosus,,1,0,0,,,,,
10060,10114,10114,Cham.,53814,2361,Coccoloba cordata,,1,0,0,,,,,
10060,10114,10114,Lindau,71804,2361,Coccoloba paraguariensis,,1,0,0,,,,,
10060,10114,10114,Morong,71805,2361,Coccoloba spinescens,,1,0,0,,,,,
10060,10114,10114,(Nees) Soreng,443679,2398,Coleataenia prionitis,,1,0,0,,,,,
10060,10114,10114,(Loefl.) Stuntz,49006,2422,Combretum fruticosum,,1,0,0,,,,,
10060,10114,10114,Jacq.,10588,2422,Combretum laxum,,1,0,0,,,,,
10060,10114,10114,Mart.,71560,2422,Combretum leprosum,,1,0,0,,,,,
10060,10114,10114,Burm.f.,10614,2425,Commelina diffusa,,1,0,0,,,,,
10060,10114,10114,Burm.f.,10614,2425,Commelina diffusa,,1,0,0,,,,,
10060,10114,10114,L.,10616,2425,Commelina erecta,,1,0,0,,,,,
10060,10114,10114,L.,10616,2425,Commelina erecta,,1,0,0,,,,,
10060,10114,10114,Klotzsch ex Seub.,53631,2425,Commelina platyphylla,,1,0,0,,,,,
10060,10114,10114,(Briq.) Harley & J.F.B.Pastore,103408,7234,Condea floribunda,,1,0,0,,,,,
10060,10114,10114,(Spreng.) Kuntze,448577,11057,Geochorda glechomoides,,1,0,0,,,,,
10060,10114,10114,Ruiz & Pav.,52196,2455,Convolvulus crenatifolius,,1,0,0,,,,,
10060,10114,10114,L.,16807,3164,Erigeron canadensis,,1,0,0,,,,,
10060,10114,10114,L.,16803,3164,Erigeron bonariensis,,1,0,0,,,,,
10060,10114,10114,(Lam.) Greuter,439394,3164,Erigeron primulifolius,,1,0,0,,,,,
10060,10114,10114,Morong,10799,2460,Copernicia alba,,1,0,0,,,,,
10060,10114,10114,Kunth,10948,2470,Corchorus orinocensis,,1,0,0,,,,,
10060,10114,10114,L.,10944,2470,Corchorus hirtus,,1,0,0,,,,,
10060,10114,10114,(L.) Gottschling & J.S.Mill.,48984,2471,Cordia americana,,1,0,0,,,,,
10060,10114,10114,(Griseb.) Nied.,71947,9259,Cordobia argentea,,1,0,0,,,,,
10060,10114,10114,(Schult. & Schult.f.) Asch. & Graebn.,11169,2496,Cortaderia selloana,,1,0,0,,,,,
10060,10114,10114,Cham.,71747,2531,Craniolaria integrifolia,,1,0,0,,,,,
10060,10114,10114,(Rose) M.Bywater & Wickens,105351,2537,Crassula longipes,,1,0,0,,,,,
10060,10114,10114,(Sm.) Cambess.,11484,2537,Crassula peduncularis,,1,0,0,,,,,
10060,10114,10114,L.,11515,2541,Crateva tapia,,1,0,0,,,,,
10060,10114,10114,(Baker) R.M.King & H.Rob.,73313,2554,Critonia megaphylla,,1,0,0,,,,,
10060,10114,10114,L.,11733,2565,Crotalaria incana,,1,0,0,,,,,
10060,10114,10114,Link,11746,2565,Crotalaria micans,,1,0,0,,,,,
10060,10114,10114,Mill.,11754,2565,Crotalaria pilosa,,1,0,0,,,,,
10060,10114,10114,Desv.,11770,2565,Crotalaria stipularia,,1,0,0,,,,,
10060,10114,10114,Müll.Arg.,71588,2566,Croton andinus,,1,0,0,,,,,
10060,10114,10114,L.,47988,2566,Croton argenteus,,1,0,0,,,,,
10060,10114,10114,Baill.,11794,2566,Croton bonplandianus,,1,0,0,,,,,
10060,10114,10114,Griseb.,71592,2566,Croton hieronymi,,1,0,0,,,,,
10060,10114,10114,L'Hér.,11833,2566,Croton hirtus,,1,0,0,,,,,
10060,10114,10114,Baill.,71926,2566,Croton lachnostachyus,,1,0,0,,,,,
10060,10114,10114,Müll.Arg. ex Griseb.,53654,2566,Croton subpannosus,,1,0,0,,,,,
10060,10114,10114,Baill.,53655,2566,Croton urucurana,,1,0,0,,,,,
10060,10114,10114,(Langsd. & Fisch.) Ching,48848,2590,Ctenitis submarginalis,,1,0,0,,,,,
10060,10114,10114,L.,12112,2596,Cucumis anguria,,0,0,0,,,,,
10060,10114,10114,Duchesne,12126,2597,Cucurbita moschata,,0,0,0,,,,,
10060,10114,10114,(Gillies ex Hook. & Arn.) Walp.,49013,7299,Cucurbitella asperata,,1,0,0,,,,,
10060,10114,10114,Cambess.,53838,2606,Cupania vernalis,,1,0,0,,,,,
10060,10114,10114,Griseb.,72091,2608,Cuphea campylocentra,,1,0,0,,,,,
10060,10114,10114,(Jacq.) J.F.Macbr.,12208,2608,Cuphea carthagenensis,,1,0,0,,,,,
10060,10114,10114,Cham. & Schltdl.,48372,2608,Cuphea glutinosa,,1,0,0,,,,,
10060,10114,10114,Cham. & Schltdl.,53714,2608,Cuphea lysimachioides,,1,0,0,,,,,
10060,10114,10114,Koehne,71684,2608,Cuphea persistens,,1,0,0,,,,,
10060,10114,10114,(L.f.) Spreng.,12220,2608,Cuphea racemosa,,1,0,0,,,,,
10060,10114,10114,(L.f.) Spreng.,12220,2608,Cuphea racemosa,,1,0,0,,,,,
10060,10114,10114,A.St.-Hil.,71686,2608,Cuphea sessiliflora,,1,0,0,,,,,
10060,10114,10114,Choisy,12268,2613,Cuscuta indecora,,1,0,0,,,,,
10060,10114,10114,Progel,71916,2613,Cuscuta platyloba,,1,0,0,,,,,
10060,10114,10114,Mart. ex Engelm.,84617,2613,Cuscuta xanthochortos,,1,0,0,,,,,
10060,10114,10114,(Vell.) A.H.Gentry,68043,8911,Cuspidaria convoluta,,1,0,0,,,,,
10060,10114,10114,(Pers.) Sprague ex Britton & P.Wilson,12632,2640,Cyclospermum leptophyllum,,1,0,0,,,,,
10060,10114,10114,Spreng.,443220,2651,Cynanchum montevidense,,1,0,0,,,,,
10060,10114,10114,(L.) Pers.,12756,2653,Cynodon dactylon,,1,0,0,,,,,
10060,10114,10114,(L.) Pers.,12756,2653,Cynodon dactylon,,0,0,0,,,,,
10060,10114,10114,Benth.,104691,2656,Cynometra bauhiniifolia,,1,0,0,,,,,
10060,10114,10114,Benth.,104691,2656,Cynometra bauhiniifolia,,1,0,0,,,,,
10060,10114,10114,(Griseb.) Christenh. & Byng,443664,4805,Morisonia retusa,,1,0,0,,,,,
10060,10114,10114,Ravenna,53697,7753,Cypella armosa,,1,0,0,,,,,
10060,10114,10114,Ravenna,53698,7753,Cypella exilis,,1,0,0,,,,,
10060,10114,10114,(Willd.) Endl.,12825,2661,Cyperus aggregatus,,1,0,0,,,,,
10060,10114,10114,Kük.,71574,2661,Cyperus cornelii-ostenii,,1,0,0,,,,,
10060,10114,10114,L.,12836,2661,Cyperus articulatus,,1,0,0,,,,,
10060,10114,10114,(Salzm. ex Steud.) Dorr,440755,2661,Cyperus hortensis,,1,0,0,,,,,
10060,10114,10114,Roxb.,12859,2661,Cyperus digitatus,,1,0,0,,,,,
10060,10114,10114,Torr. & Hook.,12864,2661,Cyperus drummondii,,1,0,0,,,,,
10060,10114,10114,Boeckeler,12873,2661,Cyperus entrerianus,,1,0,0,,,,,
10060,10114,10114,Boeckeler,12873,2661,Cyperus entrerianus,,1,0,0,,,,,
10060,10114,10114,Lam.,12874,2661,Cyperus eragrostis,,1,0,0,,,,,
10060,10114,10114,L.,12876,2661,Cyperus esculentus,,0,0,0,,,,,
10060,10114,10114,Vahl,12960,2661,Cyperus reflexus,,1,0,0,,,,,
10060,10114,10114,Vahl,12889,2661,Cyperus giganteus,,1,0,0,,,,,
10060,10114,10114,L.,12900,2661,Cyperus haspan,,1,0,0,,,,,
10060,10114,10114,Retz.,12905,2661,Cyperus imbricatus,,1,0,0,,,,,
10060,10114,10114,Kunth,49254,2661,Cyperus incomtus,,1,0,0,,,,,
10060,10114,10114,Schrad.,104693,2661,Cyperus intricatus,,1,0,0,,,,,
10060,10114,10114,(L.) Retz.,12920,2661,Cyperus luzulae,,1,0,0,,,,,
10060,10114,10114,Kunth,12925,2661,Cyperus meyenianus,,1,0,0,,,,,
10060,10114,10114,L.,12936,2661,Cyperus odoratus,,1,0,0,,,,,
10060,10114,10114,Nees ex Steud.,12939,2661,Cyperus oxylepis,,1,0,0,,,,,
10060,10114,10114,Rottb.,439643,2661,Cyperus polystachyos,,1,0,0,,,,,
10060,10114,10114,Kunth,12954,2661,Cyperus prolixus,,1,0,0,,,,,
10060,10114,10114,Vahl,12960,2661,Cyperus reflexus,,1,0,0,,,,,
10060,10114,10114,Kunth,53640,2661,Cyperus impolitus,,1,0,0,,,,,
10060,10114,10114,J.Presl & C.Presl,71576,2661,Cyperus rigens,,1,0,0,,,,,
10060,10114,10114,(Torr.) Mattf. & Kük.,439647,2661,Cyperus sesquiflorus,,1,0,0,,,,,
10060,10114,10114,Rottb.,12982,2661,Cyperus surinamensis,,1,0,0,,,,,
10060,10114,10114,Michx.,12998,2661,Cyperus virens,,1,0,0,,,,,
10060,10114,10114,(Griseb.) H.Rob.,71491,2677,Cyrtocymura cincta,,1,0,0,,,,,
10060,10114,10114,(Lam.) H.Rob.,13144,2677,Cyrtocymura scorpioides,,1,0,0,,,,,
10060,10114,10114,(L.) Lindl.,13160,2681,Cyrtopodium punctatum,,1,0,0,,,,,
10060,10114,10114,(L.) Willd.,13226,2700,Dactyloctenium aegyptium,,0,0,0,,,,,
10060,10114,10114,L.,13383,2708,Dalechampia scandens,,1,0,0,,,,,
10060,10114,10114,L.,13467,2734,Datura ferox,,1,0,0,,,,,
10060,10114,10114,Mill.,13468,2734,Datura innoxia,,0,0,0,,,,,
10060,10114,10114,Benth.,103425,2793,Desmanthus acuminatus,,1,0,0,,,,,
10060,10114,10114,(Lindm.) Burkart,72077,2793,Desmanthus paspalaceus,,1,0,0,,,,,
10060,10114,10114,Hoehne,103426,2793,Desmanthus tatuhyensis,,1,0,0,,,,,
10060,10114,10114,(L.) Willd.,13989,2793,Desmanthus virgatus,,1,0,0,,,,,
10060,10114,10114,Schltdl.,13994,2796,Desmodium affine,,1,0,0,,,,,
10060,10114,10114,(Schindl.) J.F.Macbr.,105856,2796,Desmodium album,,1,0,0,,,,,
10060,10114,10114,Hook. & Arn.,53664,2796,Desmodium cuneatum,,1,0,0,,,,,
10060,10114,10114,(Aubl.) J.F.Macbr.,14003,2796,Desmodium distortum,,1,0,0,,,,,
10060,10114,10114,(Sw.) DC.,14014,2796,Desmodium incanum,,1,0,0,,,,,
10060,10114,10114,Burkart,104694,2796,Desmodium intermedium,,1,0,0,,,,,
10060,10114,10114,"(Rusby) L.C.P.Lima, A.M.G.Azevedo & L.P.Queiroz",445674,2796,Desmodium microcarpum,,1,0,0,,,,,
10060,10114,10114,Vogel,448481,2796,Desmodium pachyrhizum,,1,0,0,,,,,
10060,10114,10114,Chodat & Hassl.,104696,2796,Desmodium polygaloides,,1,0,0,,,,,
10060,10114,10114,(Jacq.) DC.,14042,2796,Desmodium uncinatum,,1,0,0,,,,,
10060,10114,10114,Vogel,104697,2796,Desmodium venosum,,1,0,0,,,,,
10060,10114,10114,"(Poir.) P.M.Peterson, Soreng, Romasch. & Barberá",444768,20048,Cinnagrostis viridiflavescens,,1,0,0,,,,,
10060,10114,10114,"(Poir.) P.M.Peterson, Soreng, Romasch. & Barberá",444768,20048,Cinnagrostis viridiflavescens,,1,0,0,,,,,
10060,10114,10114,(Lam.) Gould & C.A.Clark,103427,2815,Dichanthelium sabulorum,,1,0,0,,,,,
10060,10114,10114,(Poir.) C.E.Hubb.,14160,2816,Dichanthium aristatum,,0,0,0,,,,,
10060,10114,10114,(Hallier f.) Fabris,14184,2822,Dichondra microcalyx,,1,0,0,,,,,
10060,10114,10114,Sw.,14187,2822,Dichondra sericea,,1,0,0,,,,,
10060,10114,10114,Nees,14228,2830,Dicliptera squarrosa,,1,0,0,,,,,
10060,10114,10114,(Hack. & Arechav.) Parodi,14298,2853,Digitaria aequiglumis,,1,0,0,,,,,
10060,10114,10114,(Lam.) Roem. & Schult.,14300,2853,Digitaria bicornis,,0,0,0,,,,,
10060,10114,10114,(Benth.) Henrard,14303,2853,Digitaria californica,,1,0,0,,,,,
10060,10114,10114,(Benth.) Henrard,14303,2853,Digitaria californica,,1,0,0,,,,,
10060,10114,10114,(Retz.) Koeler,14304,2853,Digitaria ciliaris,,1,0,0,,,,,
10060,10114,10114,(Trin.) Parodi,53790,2853,Digitaria cuyabensis,,1,0,0,,,,,
10060,10114,10114,Willd.,14322,2853,Digitaria horizontalis,,1,0,0,,,,,
10060,10114,10114,(L.) Mez ex Ekman,14323,2853,Digitaria insularis,,1,0,0,,,,,
10060,10114,10114,Schumach.,14335,2853,Digitaria nuda,,1,0,0,,,,,
10060,10114,10114,(Trin.) Parodi,103428,2853,Digitaria phaeothrix,,1,0,0,,,,,
10060,10114,10114,(Trin.) Parodi,103428,2853,Digitaria phaeothrix,,1,0,0,,,,,
10060,10114,10114,(Raddi) Henrard,77055,2853,Digitaria sacchariflora,,1,0,0,,,,,
10060,10114,10114,(L.) Scop.,14343,2853,Digitaria sanguinalis,,0,0,0,,,,,
10060,10114,10114,(C.Muell.) Henrard,108358,2853,Digitaria sellowii,,1,0,0,,,,,
10060,10114,10114,Henrard,72115,2853,Digitaria swalleniana,,1,0,0,,,,,
10060,10114,10114,Link,14353,2853,Digitaria violascens,,1,0,0,,,,,
10060,10114,10114,(Baker) M.D.Moraes,104700,9064,Dimerostemma arnottii,,1,0,0,,,,,
10060,10114,10114,Griseb.,49257,2867,Dioscorea campestris,,1,0,0,,,,,
10060,10114,10114,Griseb.,104054,2867,Dioscorea microbotrya,,1,0,0,,,,,
10060,10114,10114,Hauman,71924,2867,Dioscorea pilcomayensis,,1,0,0,,,,,
10060,10114,10114,N.E.Br.,53839,7759,Diplokeleba floribunda,,1,0,0,,,,,
10060,10114,10114,(Kunth) P.M.Peterson & N.Snow,48028,7238,Disakisperma dubium,,1,0,0,,,,,
10060,10114,10114,Benth.,72078,7748,Discolobium leptophyllum,,1,0,0,,,,,
10060,10114,10114,Harms ex Kuntze,105857,7748,Discolobium paucijugum,,1,0,0,,,,,
10060,10114,10114,Benth.,53665,7748,Discolobium pulchellum,,1,0,0,,,,,
10060,10114,10114,(Baker) R.M.King & H.Rob.,84582,10086,Disynaphia multicrenulata,,1,0,0,,,,,
10060,10114,10114,Hook. & Arn.,448313,8891,Ditassa burchellii,,1,0,0,,,,,
10060,10114,10114,(Didr.) Pax,71597,2927,Ditaxis montevidensis,,1,0,0,,,,,
10060,10114,10114,Pax & K.Hoffm.,105858,2927,Ditaxis salina,,1,0,0,,,,,
10060,10114,10114,Cham.,53607,2936,Dolichandra cynanchoides,,1,0,0,,,,,
10060,10114,10114,(Jacq.) L.G.Lohmann,48977,2936,Dolichandra quadrivalvis,,1,0,0,,,,,
10060,10114,10114,(Andrews) L.G.Lohmann,14889,2936,Dolichandra uncata,,1,0,0,,,,,
10060,10114,10114,(L.) L.G.Lohmann,14890,2936,Dolichandra unguis-cati,,1,0,0,,,,,
10060,10114,10114,(Benth.) Hassl.,53666,7749,Dolichopsis paraguariensis,,1,0,0,,,,,
10060,10114,10114,Lam.,53738,2952,Dorstenia brasiliensis,,1,0,0,,,,,
10060,10114,10114,(Langsd. & Fisch.) Christenh.,439223,3727,Hemionitis concolor,,1,0,0,,,,,
10060,10114,10114,(T.Moore) Christenh.,444727,3727,Hemionitis nobilis,,1,0,0,,,,,
10060,10114,10114,Christenh.,443652,3727,Hemionitis querquobadii,,1,0,0,,,,,
10060,10114,10114,Mez,71520,3009,Dyckia ferox,,1,0,0,,,,,
10060,10114,10114,A.Cast.,71521,3009,Dyckia ragonesei,,1,0,0,,,,,
10060,10114,10114,(L.) Mosyakin & Clemants,15627,3017,Dysphania ambrosioides,,1,0,0,,,,,
10060,10114,10114,(L.) Link,337930,3029,Echinochloa colonum,,1,0,0,,,,,
10060,10114,10114,(Kunth) Schult.,15670,3029,Echinochloa crus-pavonis,,1,0,0,,,,,
10060,10114,10114,(Hack.) Parodi,71969,3029,Echinochloa helodes,,1,0,0,,,,,
10060,10114,10114,(Kunth) Hitchc.,15677,3029,Echinochloa polystachya,,1,0,0,,,,,
10060,10114,10114,(Cham. & Schltdl.) Christenh. & Byng,443654,20032,Aquarius grandiflorus,,1,0,0,,,,,
10060,10114,10114,(Micheli) Christenh. & Byng,443655,20032,Aquarius paniculatus,,1,0,0,,,,,
10060,10114,10114,(K.Schum.) Schlumpb.,445496,10958,Acanthocalycium rhodotrichum,,1,0,0,,,,,
10060,10114,10114,(L.) L.,15750,3040,Eclipta prostrata,,1,0,0,,,,,
10060,10114,10114,(L.) Less.,15759,3047,Egletes viscosa,,1,0,0,,,,,
10060,10114,10114,Sw.,439958,5723,Pontederia azurea,,1,0,0,,,,,
10060,10114,10114,Mart.,439959,5723,Pontederia crassipes,,1,0,0,,,,,
10060,10114,10114,A.Gray,103438,3065,Elatine brachysperma,,1,0,0,,,,,
10060,10114,10114,(Roxb.) Schult.,16118,3070,Eleocharis acutangula,,1,0,0,,,,,
10060,10114,10114,(Retz.) J.Presl & C.Presl,16121,3070,Eleocharis atropurpurea,,1,0,0,,,,,
10060,10114,10114,Svenson,104704,3070,Eleocharis barrosii,,1,0,0,,,,,
10060,10114,10114,Maury ex Micheli,53642,3070,Eleocharis contracta,,1,0,0,,,,,
10060,10114,10114,Buckley,71578,3070,Eleocharis cylindrica,,1,0,0,,,,,
10060,10114,10114,(Kunth) Roem. & Schult.,16133,3070,Eleocharis elegans,,1,0,0,,,,,
10060,10114,10114,(Poir.) Urb.,16139,3070,Eleocharis flavescens,,1,0,0,,,,,
10060,10114,10114,(L.) Roem. & Schult.,16141,3070,Eleocharis geniculata,,1,0,0,,,,,
10060,10114,10114,Britton,16149,3070,Eleocharis macrostachya,,1,0,0,,,,,
10060,10114,10114,Kunth,16156,3070,Eleocharis minima,,1,0,0,,,,,
10060,10114,10114,(Kunth) Roem. & Schult.,16159,3070,Eleocharis montana,,1,0,0,,,,,
10060,10114,10114,Kunth,16199,3072,Elephantopus mollis,,1,0,0,,,,,
10060,10114,10114,(L.) Gaertn.,16209,3075,Eleusine indica,,0,0,0,,,,,
10060,10114,10114,(Lam.) Lam.,16211,3075,Eleusine tristachya,,1,0,0,,,,,
10060,10114,10114,(Spreng.) Kuntze,66147,3080,Elionurus muticus,,1,0,0,,,,,
10060,10114,10114,(Rchb.f.) Salazar & M.W.Chase,104708,9244,Pteroglossa roseoalba,,1,0,0,,,,,
10060,10114,10114,L.,440001,6070,Rumex spinosus,,0,0,0,,,,,
10060,10114,10114,(Vell.) Morong,53667,3123,Enterolobium contortisiliquum,,1,0,0,,,,,
10060,10114,10114,Lour.,16413,3127,Enydra fluctuans,,1,0,0,,,,,
10060,10114,10114,L.,16632,3145,Equisetum giganteum,,1,0,0,,,,,
10060,10114,10114,Nees,16646,3146,Eragrostis airoides,,1,0,0,,,,,
10060,10114,10114,(Schrank) Nees,67916,3146,Eragrostis articulata,,1,0,0,,,,,
10060,10114,10114,Schult.,48042,3146,Eragrostis bahiensis,,1,0,0,,,,,
10060,10114,10114,(All.) Vignolo ex Janch.,16658,3146,Eragrostis cilianensis,,0,0,0,,,,,
10060,10114,10114,"(Lam.) Britton, Sterns & Poggenb.",16679,3146,Eragrostis hypnoides,,1,0,0,,,,,
10060,10114,10114,(Thunb.) Trin.,16681,3146,Eragrostis japonica,,0,0,0,,,,,
10060,10114,10114,Nees,53793,3146,Eragrostis lugens,,1,0,0,,,,,
10060,10114,10114,Trin.,71972,3146,Eragrostis neesii,,1,0,0,,,,,
10060,10114,10114,Hack.,71782,3146,Eragrostis orthoclada,,1,0,0,,,,,
10060,10114,10114,(L.) P.Beauv.,16699,3146,Eragrostis pilosa,,0,0,0,,,,,
10060,10114,10114,Vasey,71783,3146,Eragrostis spicata,,1,0,0,,,,,
10060,10114,10114,(A.Rich.) Hochst. ex Steud.,440029,3146,Eragrostis tenuifolia,,0,0,0,,,,,
10060,10114,10114,(L.) Raf. ex DC.,16732,3149,Erechtites hieraciifolius,,0,0,0,,,,,
10060,10114,10114,(Link ex Spreng.) DC.,16735,3149,Erechtites valerianifolius,,1,0,0,,,,,
10060,10114,10114,(Nees) Trin.,72124,6094,Saccharum angustifolium,,1,0,0,,,,,
10060,10114,10114,(Hack.) Hack.,444769,3159,Erianthus trinii,,1,0,0,,,,,
10060,10114,10114,Griseb.,71784,3170,Eriochloa montevidensis,,1,0,0,,,,,
10060,10114,10114,Arriaga,105398,3170,Eriochloa nana,,1,0,0,,,,,
10060,10114,10114,(L.) Ham.,16916,3170,Eriochloa punctata,,1,0,0,,,,,
10060,10114,10114,(Trin.) Kuhlm.,104072,3170,Eriochloa tridentata,,1,0,0,,,,,
10060,10114,10114,(L.) Cav.,17006,3187,Eruca vesicaria,,0,0,0,,,,,
10060,10114,10114,H.Wolff,104711,3192,Eryngium balansae,,1,0,0,,,,,
10060,10114,10114,Hook. & Arn.,71431,3192,Eryngium coronatum,,1,0,0,,,,,
10060,10114,10114,Lam.,53564,3192,Eryngium ebracteatum,,1,0,0,,,,,
10060,10114,10114,Decne.,53565,3192,Eryngium eburneum,,1,0,0,,,,,
10060,10114,10114,Cham. & Schltdl.,53566,3192,Eryngium elegans,,1,0,0,,,,,
10060,10114,10114,Cham. & Schltdl.,84546,3192,Eryngium floribundum,,1,0,0,,,,,
10060,10114,10114,L.,17085,3194,Erythrina crista-galli,,1,0,0,,,,,
10060,10114,10114,Mart. ex Benth.,443670,3194,Erythrina mulungu,,1,0,0,,,,,
10060,10114,10114,(Mart.) O.E.Schulz,49018,3202,Erythroxylum cuneifolium,,1,0,0,,,,,
10060,10114,10114,(L.f.) Kuntze,73820,9375,Escobedia grandiflora,,1,0,0,,,,,
10060,10114,10114,Cambess.,49121,3227,Eugenia hiemalis,,1,0,0,,,,,
10060,10114,10114,DC.,53743,3227,Eugenia modesta,,1,0,0,,,,,
10060,10114,10114,Nied.,71750,3227,Eugenia myrcianthes,,1,0,0,,,,,
10060,10114,10114,DC.,71749,3227,Eugenia egensis,,1,0,0,,,,,
10060,10114,10114,(Kunth) DC.,17559,3227,Eugenia punicifolia,,1,0,0,,,,,
10060,10114,10114,O.Berg,68111,3227,Eugenia repanda,,1,0,0,,,,,
10060,10114,10114,L.,17615,3227,Eugenia uniflora,,1,0,0,,,,,
10060,10114,10114,Chodat & Hassl.,71461,9216,Euglypha rojasiana,,1,0,0,,,,,
10060,10114,10114,Bertol.,17717,3237,Euphorbia adenoptera,,1,0,0,,,,,
10060,10114,10114,Balb. ex Spreng.,17742,3237,Euphorbia berteroana,,1,0,0,,,,,
10060,10114,10114,Michx.,57076,3237,Euphorbia dentata,,1,0,0,,,,,
10060,10114,10114,Müll.Arg.,71598,3237,Euphorbia eichleri,,1,0,0,,,,,
10060,10114,10114,L.,17830,3237,Euphorbia heterophylla,,1,0,0,,,,,
10060,10114,10114,L.,17834,3237,Euphorbia hirta,,0,0,0,,,,,
10060,10114,10114,Pers.,17901,3237,Euphorbia ophthalmica,,0,0,0,,,,,
10060,10114,10114,L.,17837,3237,Euphorbia hypericifolia,,1,0,0,,,,,
10060,10114,10114,L.,17838,3237,Euphorbia hyssopifolia,,1,0,0,,,,,
10060,10114,10114,Vell.,72068,3237,Euphorbia insulana,,1,0,0,,,,,
10060,10114,10114,Oudejans,53657,3237,Euphorbia klotzschii,,1,0,0,,,,,
10060,10114,10114,Oudejans,53657,3237,Euphorbia klotzschii,,1,0,0,,,,,
10060,10114,10114,Klotzsch,17854,3237,Euphorbia lasiocarpa,,1,0,0,,,,,
10060,10114,10114,L.,17855,3237,Euphorbia lathyris,,0,0,0,,,,,
10060,10114,10114,L.,17866,3237,Euphorbia maculata,,0,0,0,,,,,
10060,10114,10114,Griseb.,72069,3237,Euphorbia pentadactyla,,1,0,0,,,,,
10060,10114,10114,(Croizat) Subils,72070,3237,Euphorbia portucasadiana,,1,0,0,,,,,
10060,10114,10114,Aiton,17927,3237,Euphorbia prostrata,,1,0,0,,,,,
10060,10114,10114,Kunth,17949,3237,Euphorbia serpens,,1,0,0,,,,,
10060,10114,10114,Kunth,17949,3237,Euphorbia serpens,,1,0,0,,,,,
10060,10114,10114,(Klotzsch & Garcke) Boiss.,104714,3237,Euphorbia stenophylla,,1,0,0,,,,,
10060,10114,10114,(Lag.) Nees,53794,3255,Eustachys distichophylla,,1,0,0,,,,,
10060,10114,10114,(Lag.) Kunth,102951,3255,Eustachys retusa,,1,0,0,,,,,
10060,10114,10114,A.Gray,71917,3267,Evolvulus arizonicus,,1,0,0,,,,,
10060,10114,10114,(Willd. ex Schult.) Stearn,18160,3267,Evolvulus convolvuloides,,1,0,0,,,,,
10060,10114,10114,(L.) L.,18166,3267,Evolvulus nummularius,,1,0,0,,,,,
10060,10114,10114,(E.Fourn.) Al-Shehbaz & C.D.Bailey,73855,9377,Exhalimolobos weddellii,,1,0,0,,,,,
10060,10114,10114,(Griseb.) G.Sancho,443660,10936,Exostigma notobellidiastrum,,1,0,0,,,,,
10060,10114,10114,Schott,53739,3322,Ficus adhatodifolia,,1,0,0,,,,,
10060,10114,10114,Mill.,18454,3322,Ficus citrifolia,,1,0,0,,,,,
10060,10114,10114,(L.) Roem. & Schult.,18650,3327,Fimbristylis autumnalis,,1,0,0,,,,,
10060,10114,10114,(Retz.) Link,18655,3327,Fimbristylis complanata,,1,0,0,,,,,
10060,10114,10114,(L.) Vahl,18657,3327,Fimbristylis dichotoma,,0,0,0,,,,,
10060,10114,10114,(L.) Vahl,18691,3327,Fimbristylis spadicea,,1,0,0,,,,,
10060,10114,10114,Vahl,18693,3327,Fimbristylis squarrosa,,1,0,0,,,,,
10060,10114,10114,(Lam.) Link,18700,3327,Fimbristylis vahlii,,1,0,0,,,,,
10060,10114,10114,(L.) Kuntze,18745,3337,Flaveria bidentis,,1,0,0,,,,,
10060,10114,10114,(Griseb.) R.M.King & H.Rob.,104099,3338,Fleischmannia prasiifolia,,1,0,0,,,,,
10060,10114,10114,(Kunth) Hassk.,53632,3344,Floscopa glabrata,,1,0,0,,,,,
10060,10114,10114,Müll.Arg.,48901,3358,Forsteronia glabrescens,,1,0,0,,,,,
10060,10114,10114,(Jacq.) Kaehler & L.G.Lohmann,438519,6677,Tanaecium dichotomum,,1,0,0,,,,,
10060,10114,10114,(Sprague) L.G.Lohmann,71502,3371,Fridericia truncata,,1,0,0,,,,,
10060,10114,10114,(Seub.) Pedersen,69456,3374,Froelichia procera,,1,0,0,,,,,
10060,10114,10114,Kunth,18944,3379,Fuirena robusta,,1,0,0,,,,,
10060,10114,10114,Rottb.,18948,3379,Fuirena umbellata,,1,0,0,,,,,
10060,10114,10114,(Jacq.) Schltr.,440173,9211,Funastrum clausum,,1,0,0,,,,,
10060,10114,10114,(Decne.) Schltr.,71442,9211,Funastrum gracile,,1,0,0,,,,,
10060,10114,10114,Micheli,104715,3390,Galactia benthamiana,,1,0,0,,,,,
10060,10114,10114,Desv.,71643,3390,Galactia latisiliqua,,1,0,0,,,,,
10060,10114,10114,(Jacq.) Benth.,19089,3390,Galactia longifolia,,1,0,0,,,,,
10060,10114,10114,Benth.,53670,3390,Galactia marginalis,,1,0,0,,,,,
10060,10114,10114,(Scheele) A.Gray,57969,3390,Galactia texana,,1,0,0,,,,,
10060,10114,10114,Barb.Rodr.,105859,3394,Galeandra graminoides,,1,0,0,,,,,
10060,10114,10114,(Cham. & Schltdl.) E.L.Cabral,84772,7313,Galianthe centranthoides,,1,0,0,,,,,
10060,10114,10114,Cav.,19137,3400,Galinsoga parviflora,,1,0,0,,,,,
10060,10114,10114,(A.St.-Hil.) Dempster,73949,3401,Galium noxium,,1,0,0,,,,,
10060,10114,10114,(Fernald) Cabrera,440187,3405,Gamochaeta calviceps,,1,0,0,,,,,
10060,10114,10114,(DC.) Cabrera,443227,3405,Gamochaeta filaginea,,1,0,0,,,,,
10060,10114,10114,(Willd.) Cabrera,440188,3405,Gamochaeta pensylvanica,,1,0,0,,,,,
10060,10114,10114,(Urb.) Anderb.,440186,3405,Gamochaeta antillana,,1,0,0,,,,,
10060,10114,10114,(Phil.) Krapov.,71952,3429,Gaya parviflora,,1,0,0,,,,,
10060,10114,10114,R.E.Fr.,71711,3429,Gaya tarijensis,,1,0,0,,,,,
10060,10114,10114,L.,19489,3440,Genipa americana,,1,0,0,,,,,
10060,10114,10114,(Gillies ex Hook. & Arn.) Burkart,55710,3452,Geoffroea decorticans,,1,0,0,,,,,
10060,10114,10114,Jacq.,19624,3452,Geoffroea spinosa,,1,0,0,,,,,
10060,10114,10114,(L.) I.M.Johnst.,19632,3455,Geophila repens,,1,0,0,,,,,
10060,10114,10114,L.,19638,3456,Geranium carolinianum,,0,0,0,,,,,
10060,10114,10114,R.Knuth,105860,3456,Geranium glanduligerum,,1,0,0,,,,,
10060,10114,10114,(Jacq.) Rohweder,19771,3465,Gibasis geniculata,,1,0,0,,,,,
10060,10114,10114,(Covas & Schnack) Moldenke,448405,7058,Verbena santiaguensis,,1,0,0,,,,,
10060,10114,10114,S.Moore,440221,7058,Verbena aristigera,,1,0,0,,,,,
10060,10114,10114,Moldenke,448484,7058,Verbena nana,,1,0,0,,,,,
10060,10114,10114,(L.) Britton,440222,7058,Verbena peruviana,,1,0,0,,,,,
10060,10114,10114,(Cham.) Kuntze,443689,7058,Verbena sessilis,,1,0,0,,,,,
10060,10114,10114,Briq.,443690,7058,Verbena tomophylla,,1,0,0,,,,,
10060,10114,10114,Niven ex Hook.,443687,7058,Verbena tweedieana,,1,0,0,,,,,
10060,10114,10114,Benth.,84685,10090,Glechon ciliata,,1,0,0,,,,,
10060,10114,10114,(Griseb.) Taub.,53671,3484,Gleditsia amorphoides,,1,0,0,,,,,
10060,10114,10114,(Griseb.) Taub.,53671,3484,Gleditsia amorphoides,,1,0,0,,,,,
10060,10114,10114,(Ruiz & Pav.) Rohrb.,19869,3487,Glinus radiatus,,1,0,0,,,,,
10060,10114,10114,(Sims) M.W.Chase & N.H.Williams,103480,3518,Gomesa bifolia,,1,0,0,,,,,
10060,10114,10114,(Cogn.) M.W.Chase & N.H.Williams,49290,3518,Gomesa riograndensis,,1,0,0,,,,,
10060,10114,10114,Mart.,20073,3524,Gomphrena celosioides,,1,0,0,,,,,
10060,10114,10114,Mart.,20073,3524,Gomphrena celosioides,,1,0,0,,,,,
10060,10114,10114,Mart.,103481,3524,Gomphrena elegans,,1,0,0,,,,,
10060,10114,10114,Mart.,104133,3524,Gomphrena haenkeana,,1,0,0,,,,,
10060,10114,10114,Gillies ex Moq.,71412,3524,Gomphrena martiana,,1,0,0,,,,,
10060,10114,10114,L.,71414,3524,Gomphrena perennis,,1,0,0,,,,,
10060,10114,10114,R.E.Fr.,104136,3524,Gomphrena platycephala,,1,0,0,,,,,
10060,10114,10114,Mart.,53554,3524,Gomphrena pulchella,,1,0,0,,,,,
10060,10114,10114,Mart.,53554,3524,Gomphrena pulchella,,1,0,0,,,,,
10060,10114,10114,Decne.,48911,3535,Gonolobus parviflorus,,1,0,0,,,,,
10060,10114,10114,(Vahl) Schult.,20136,3535,Gonolobus rostratus,,1,0,0,,,,,
10060,10114,10114,(Griseb.) Vasey,71785,3547,Gouinia latifolia,,1,0,0,,,,,
10060,10114,10114,(Kuntze) Parodi,71973,3547,Gouinia paraguayensis,,1,0,0,,,,,
10060,10114,10114,Swallen,71786,3547,Gouinia tortuosa,,1,0,0,,,,,
10060,10114,10114,Ariza,103485,3568,Grindelia cabrerae,,1,0,0,,,,,
10060,10114,10114,Hook. & Arn.,71475,3568,Grindelia puberula,,1,0,0,,,,,
10060,10114,10114,(Rojas Acosta) Londoño & P.M.Peterson,74031,3574,Guadua chacoensis,,1,0,0,,,,,
10060,10114,10114,(Mart.) Kausel,35116,5652,Plinia cauliflora,,1,0,0,,,,,
10060,10114,10114,Vahl,20507,3577,Guarea macrophylla,,1,0,0,,,,,
10060,10114,10114,Lam.,20515,3580,Guazuma ulmifolia,,1,0,0,,,,,
10060,10114,10114,Cham. & Schltdl.,53829,3581,Guettarda uruguensis,,1,0,0,,,,,
10060,10114,10114,Pedersen,71415,3584,Guilleminea chacoensis,,1,0,0,,,,,
10060,10114,10114,(Willd. ex Schult.) Moq.,48485,3584,Guilleminea densa,,1,0,0,,,,,
10060,10114,10114,(Spreng.) Müll.Arg.,76408,3599,Gymnanthes discolor,,1,0,0,,,,,
10060,10114,10114,(Fric ex Gürke) Britton & Rose,71535,9228,Gymnocalycium mihanovichii,,1,0,0,,,,,
10060,10114,10114,DC.,20710,3603,Gymnocoronis spilanthoides,,1,0,0,,,,,
10060,10114,10114,(Spreng.) Kuntze,72116,3607,Gymnopogon spicatus,,1,0,0,,,,,
10060,10114,10114,(Aubl.) P.Beauv.,20755,3614,Gynerium sagittatum,,1,0,0,,,,,
10060,10114,10114,(B.L.Rob.) R.M.King & H.Rob.,104725,11006,Gyptidium militare,,1,0,0,,,,,
10060,10114,10114,(Hook. & Arn.) R.M.King & H.Rob.,104726,9065,Gyptis lanigera,,1,0,0,,,,,
10060,10114,10114,Lindl.,103496,3625,Habenaria bractescens,,1,0,0,,,,,
10060,10114,10114,Gillies ex Lindl.,53759,3625,Habenaria gourlieana,,1,0,0,,,,,
10060,10114,10114,(Baker) Backer,445487,7203,Zephyranthes brachyandra,,1,0,0,,,,,
10060,10114,10114,(Ravenna) S.C.Arroyo,448582,7203,Zephyranthes mataca,,1,0,0,,,,,
10060,10114,10114,(Vell.) Mattos,48979,3653,Handroanthus heptaphyllus,,1,0,0,,,,,
10060,10114,10114,(J.Parm. ex Pfeiff.) Britton & Rose,20979,3667,Harrisia bonplandii,,1,0,0,,,,,
10060,10114,10114,(Labour.) Britton,20985,3667,Harrisia martinii,,1,0,0,,,,,
10060,10114,10114,(F.A.C.Weber ex K.Schum.) Britton & Rose,61795,3667,Harrisia pomanensis,,1,0,0,,,,,
10060,10114,10114,(J.Forbes) Britton & Rose,61796,3667,Harrisia tortuosa,,1,0,0,,,,,
10060,10114,10114,(L.) DC.,21027,3676,Hebeclinium macrophyllum,,1,0,0,,,,,
10060,10114,10114,Link,21110,3691,Heimia salicifolia,,1,0,0,,,,,
10060,10114,10114,Vahl,21316,3712,Heliotropium amplexicaule,,1,0,0,,,,,
10060,10114,10114,(Griseb.) Diane & Hilger,144724,3239,Euploca campestris,,1,0,0,,,,,
10060,10114,10114,L.,21325,3712,Heliotropium curassavicum,,1,0,0,,,,,
10060,10114,10114,L.,21325,3712,Heliotropium curassavicum,,1,0,0,,,,,
10060,10114,10114,(Lehm.) Gürke,21331,3712,Heliotropium elongatum,,1,0,0,,,,,
10060,10114,10114,(Chodat) J.I.M.Melo & Semir,72050,3239,Euploca hassleriana,,1,0,0,,,,,
10060,10114,10114,L.,21337,3712,Heliotropium indicum,,1,0,0,,,,,
10060,10114,10114,Poir.,102832,3712,Heliotropium nicotianifolium,,1,0,0,,,,,
10060,10114,10114,(I.M.Johnst.) J.I.M.Melo & Semir,71513,3239,Euploca pallescens,,1,0,0,,,,,
10060,10114,10114,Cham.,84608,3712,Heliotropium phylicoides,,1,0,0,,,,,
10060,10114,10114,(Mill.) Diane & Hilger,440105,3239,Euploca procumbens,,1,0,0,,,,,
10060,10114,10114,I.M.Johnst.,71906,3712,Heliotropium schreiteri,,1,0,0,,,,,
10060,10114,10114,Cham.,48982,3712,Heliotropium tiaridioides,,1,0,0,,,,,
10060,10114,10114,Vell.,48983,3712,Heliotropium transalpinum,,1,0,0,,,,,
10060,10114,10114,Vell.,48983,3712,Heliotropium transalpinum,,1,0,0,,,,,
10060,10114,10114,Griseb.,71514,3712,Heliotropium veronicifolium,,1,0,0,,,,,
10060,10114,10114,(Poir.) Stapf & C.E.Hubb.,21384,3720,Hemarthria altissima,,0,0,0,,,,,
10060,10114,10114,Raddi,53542,3727,Hemionitis tomentosa,,1,0,0,,,,,
10060,10114,10114,(Hassl.) Krapov.,104727,3744,Herissantia intermedia,,1,0,0,,,,,
10060,10114,10114,Lecomte,53550,7325,Herreria bonplandii,,1,0,0,,,,,
10060,10114,10114,Klotzsch ex Griseb.,49265,7325,Herreria montevidensis,,1,0,0,,,,,
10060,10114,10114,(Sw.) Willd.,21526,3762,Heteranthera limosa,,1,0,0,,,,,
10060,10114,10114,Ruiz & Pav.,21528,3762,Heteranthera reniformis,,1,0,0,,,,,
10060,10114,10114,(L.) P.Beauv. ex Roem. & Schult.,21545,3770,Heteropogon contortus,,1,0,0,,,,,
10060,10114,10114,Hook. & Arn.,53717,3772,Heteropterys glabra,,1,0,0,,,,,
10060,10114,10114,A.Juss.,71690,3772,Heteropterys hypericifolia,,1,0,0,,,,,
10060,10114,10114,Griseb.,49089,3772,Heteropterys syringifolia,,1,0,0,,,,,
10060,10114,10114,Desr.,21701,3788,Hibiscus furcellatus,,1,0,0,,,,,
10060,10114,10114,Cav.,21739,3788,Hibiscus striatus,,1,0,0,,,,,
10060,10114,10114,(Pax) Hunz.,104194,3800,Hippeastrum argentinum,,1,0,0,,,,,
10060,10114,10114,Hunz. & A.A.Cocucci,104728,3800,Hippeastrum parodii,,1,0,0,,,,,
10060,10114,10114,(L.) Lagr.-Foss.,22180,3808,Hirschfeldia incana,,0,0,0,,,,,
10060,10114,10114,(Hochr.) Krapov.,104729,11007,Hochreutinera hassleriana,,1,0,0,,,,,
10060,10114,10114,(Moq.) Speg.,445485,9209,Holmbergia tweediei,,1,0,0,,,,,
10060,10114,10114,Micheli,53672,7750,Holocalyx balansae,,1,0,0,,,,,
10060,10114,10114,(D.Don) Cabrera,71476,9223,Holocheilus hieracioides,,1,0,0,,,,,
10060,10114,10114,(Cabrera) Cabrera,84584,9223,Holocheilus schulzii,,1,0,0,,,,,
10060,10114,10114,Radlk.,443683,6329,Serjania incana,,1,0,0,,,,,
10060,10114,10114,Hoffmanns. ex Schltdl.,443684,6329,Serjania monogyna,,1,0,0,,,,,
10060,10114,10114,Baker,71895,9256,Hyalis lancifolia,,1,0,0,,,,,
10060,10114,10114,(Humb. & Bonpl. ex Willd.) Buchenau,22600,3882,Hydrocleys nymphoides,,1,0,0,,,,,
10060,10114,10114,Comm. ex Lam.,22603,3883,Hydrocotyle bonariensis,,1,0,0,,,,,
10060,10114,10114,Cham. & Schltdl.,22627,3883,Hydrocotyle leucocephala,,1,0,0,,,,,
10060,10114,10114,L.f.,22639,3883,Hydrocotyle ranunculoides,,1,0,0,,,,,
10060,10114,10114,L.,22652,3884,Hydrolea spinosa,,1,0,0,,,,,
10060,10114,10114,L.,22652,3884,Hydrolea spinosa,,1,0,0,,,,,
10060,10114,10114,Nees,448325,3885,Hygrophila guianensis,,1,0,0,,,,,
10060,10114,10114,(Rudge) Nees,22675,3891,Hymenachne amplexicaulis,,1,0,0,,,,,
10060,10114,10114,(Spreng.) Zuloaga,53797,3891,Hymenachne pernambucensis,,1,0,0,,,,,
10060,10114,10114,Cass.,72032,9265,Hymenoxys anthemoides,,1,0,0,,,,,
10060,10114,10114,Diels,53737,3911,Hyperbaena hassleri,,1,0,0,,,,,
10060,10114,10114,Choisy,49005,3912,Hypericum brasiliense,,1,0,0,,,,,
10060,10114,10114,Griseb.,103517,3912,Hypericum carinatum,,1,0,0,,,,,
10060,10114,10114,Lam.,102872,3912,Hypericum connatum,,1,0,0,,,,,
10060,10114,10114,(Sch.Bip.) Cabrera,103521,3915,Hypochaeris microcephala,,1,0,0,,,,,
10060,10114,10114,Poit.,23029,3926,Hyptis brevipes,,1,0,0,,,,,
10060,10114,10114,Morong,84687,3926,Hyptis dumetorum,,1,0,0,,,,,
10060,10114,10114,Benth.,53704,3926,Hyptis lappacea,,1,0,0,,,,,
10060,10114,10114,O.Hoffm.,74288,3926,Hyptis lorentziana,,1,0,0,,,,,
10060,10114,10114,Willd.,103526,10939,Hysterionica jasionoides,,1,0,0,,,,,
10060,10114,10114,Trin.,23258,3943,Imperata brasiliensis,,1,0,0,,,,,
10060,10114,10114,Hitchc.,23261,3943,Imperata contracta,,1,0,0,,,,,
10060,10114,10114,Hack.,74330,3943,Imperata minutiflora,,1,0,0,,,,,
10060,10114,10114,Bong. ex Benth.,53673,3944,Indigofera asperifolia,,1,0,0,,,,,
10060,10114,10114,Hassl.,105460,3944,Indigofera guaranitica,,1,0,0,,,,,
10060,10114,10114,Hook. & Arn.,84660,3947,Inga uraguensis,,1,0,0,,,,,
10060,10114,10114,L.,23379,3957,Ipomoea alba,,1,0,0,,,,,
10060,10114,10114,Morong,71564,3957,Ipomoea amnicola,,1,0,0,,,,,
10060,10114,10114,Hook.,49010,3957,Ipomoea bonariensis,,1,0,0,,,,,
10060,10114,10114,(L.) Sweet,23391,3957,Ipomoea cairica,,1,0,0,,,,,
10060,10114,10114,Jacq.,23393,3957,Ipomoea carnea,,1,0,0,,,,,
10060,10114,10114,O'Donell,23395,3957,Ipomoea cheirophylla,,1,0,0,,,,,
10060,10114,10114,Morong,71564,3957,Ipomoea amnicola,,1,0,0,,,,,
10060,10114,10114,(O'Donell) J.R.I.Wood & P.Muñoz,448329,3957,Ipomoea australis,,1,0,0,,,,,
10060,10114,10114,(Dammer) O'Donell,23417,3957,Ipomoea grandifolia,,1,0,0,,,,,
10060,10114,10114,(Burm.) Merr.,23426,3957,Ipomoea indica,,1,0,0,,,,,
10060,10114,10114,(L.) Roth,23448,3957,Ipomoea nil,,1,0,0,,,,,
10060,10114,10114,Ker Gawl.,71566,3957,Ipomoea platensis,,1,0,0,,,,,
10060,10114,10114,(L.) Roth,23461,3957,Ipomoea purpurea,,1,0,0,,,,,
10060,10114,10114,Krapov.,105862,3957,Ipomoea vivianae,,1,0,0,,,,,
10060,10114,10114,Humb. & Bonpl. ex Willd.,23496,3960,Iresine diffusa,,1,0,0,,,,,
10060,10114,10114,Lam.,71844,7727,Jaborosa integrifolia,,1,0,0,,,,,
10060,10114,10114,Kuntze,71549,7298,Jacaratia corumbensis,,1,0,0,,,,,
10060,10114,10114,Moric.,71568,4003,Jacquemontia blanchetii,,1,0,0,,,,,
10060,10114,10114,(Jacq.) G.Don,23829,4003,Jacquemontia pentanthos,,1,0,0,,,,,
10060,10114,10114,(Jacq.) G.Don,23829,4003,Jacquemontia pentanthos,,1,0,0,,,,,
10060,10114,10114,(L.) Griseb.,23833,4003,Jacquemontia tamnifolia,,1,0,0,,,,,
10060,10114,10114,(Lag.) Less.,48090,4006,Jaegeria hirta,,1,0,0,,,,,
10060,10114,10114,(A.St.-Hil.) A.Juss.,53719,4008,Janusia guaranitica,,1,0,0,,,,,
10060,10114,10114,(Morong) Pax & K.Hoffm.,71601,4013,Jatropha breviloba,,1,0,0,,,,,
10060,10114,10114,Lourteig & O'Donell,104236,4013,Jatropha peiranoi,,1,0,0,,,,,
10060,10114,10114,Griseb.,71603,4013,Jatropha excisa,,1,0,0,,,,,
10060,10114,10114,Pax & K.Hoffm.,71605,4013,Jatropha grossidentata,,1,0,0,,,,,
10060,10114,10114,Griseb.,71603,4013,Jatropha excisa,,1,0,0,,,,,
10060,10114,10114,L.,23963,4024,Juncus bufonius,,1,0,0,,,,,
10060,10114,10114,Barros,103535,4024,Juncus cordobensis,,1,0,0,,,,,
10060,10114,10114,Kunth,67638,4024,Juncus densiflorus,,1,0,0,,,,,
10060,10114,10114,Rostk.,24010,4024,Juncus marginatus,,1,0,0,,,,,
10060,10114,10114,Kunth,24013,4024,Juncus microcephalus,,1,0,0,,,,,
10060,10114,10114,Lam.,24016,4024,Juncus pallescens,,1,0,0,,,,,
10060,10114,10114,Willd.,24053,4024,Juncus tenuis,,1,0,0,,,,,
10060,10114,10114,Castillón,102931,4024,Juncus venturianus,,1,0,0,,,,,
10060,10114,10114,Roth,24097,4027,Justicia brasiliana,,1,0,0,,,,,
10060,10114,10114,L.,440693,16207,Dianthera comata,,1,0,0,,,,,
10060,10114,10114,(Lindau) Wassh. & C.Ezcurra,71389,4027,Justicia corumbensis,,1,0,0,,,,,
10060,10114,10114,Morong,71390,4027,Justicia dumetorum,,1,0,0,,,,,
10060,10114,10114,V.A.W.Graham,72007,4027,Justicia goudotii,,1,0,0,,,,,
10060,10114,10114,(Nees) Lindau,443653,16207,Dianthera laevilinguis,,1,0,0,,,,,
10060,10114,10114,(Jacq.) J.F.Gmel.,440699,16207,Dianthera pectoralis,,1,0,0,,,,,
10060,10114,10114,(Morong) C.Ezcurra,74460,4027,Justicia ramulosa,,1,0,0,,,,,
10060,10114,10114,(Mart.) Steud.,72006,4033,Kallstroemia tribuloides,,1,0,0,,,,,
10060,10114,10114,(Cav.) Fryxell,102881,9081,Krapovickasia flavescens,,1,0,0,,,,,
10060,10114,10114,(A.St.-Hil.) Fryxell,104731,9081,Krapovickasia urticifolia,,1,0,0,,,,,
10060,10114,10114,Cav.,24597,4125,Lagascea mollis,,1,0,0,,,,,
10060,10114,10114,Briq.,53867,4146,Lantana balansae,,1,0,0,,,,,
10060,10114,10114,L.,24676,4146,Lantana camara,,1,0,0,,,,,
10060,10114,10114,Lindl.,24684,4146,Lantana fucata,,1,0,0,,,,,
10060,10114,10114,Stuck. ex Seckt,102912,4146,Lantana grisebachii,,1,0,0,,,,,
10060,10114,10114,(Spreng.) Tronc.,71998,4146,Lantana megapotamica,,1,0,0,,,,,
10060,10114,10114,Briq.,71999,4146,Lantana micrantha,,1,0,0,,,,,
10060,10114,10114,(Spreng.) Briq.,24694,4146,Lantana montevidensis,,1,0,0,,,,,
10060,10114,10114,L.,24702,4146,Lantana trifolia,,1,0,0,,,,,
10060,10114,10114,M.Martens & Galeotti,24703,4146,Lantana velutina,,1,0,0,,,,,
10060,10114,10114,(Aubl.) Urb.,24748,4160,Lasiacis maculata,,1,0,0,,,,,
10060,10114,10114,Vogel,72080,4173,Lathyrus macrostachys,,1,0,0,,,,,
10060,10114,10114,Burkart,72081,4173,Lathyrus nigrivalvis,,1,0,0,,,,,
10060,10114,10114,Sw.,24997,4199,Leersia hexandra,,1,0,0,,,,,
10060,10114,10114,Trin.,24999,4199,Leersia ligularis,,1,0,0,,,,,
10060,10114,10114,Welw.,25027,4210,Lemna aequinoctialis,,1,0,0,,,,,
10060,10114,10114,L.,25029,4210,Lemna gibba,,1,0,0,,,,,
10060,10114,10114,Kunth,25031,4210,Lemna minuta,,1,0,0,,,,,
10060,10114,10114,Phil.,25037,4210,Lemna valdiviana,,1,0,0,,,,,
10060,10114,10114,Houtt.,25069,4220,Leonurus japonicus,,0,0,0,,,,,
10060,10114,10114,(Benth.) Epling,102874,4224,Lepechinia floribunda,,1,0,0,,,,,
10060,10114,10114,(Less.) H.Rob.,71494,4226,Lepidaploa chamissonis,,1,0,0,,,,,
10060,10114,10114,(Rich.) H.Rob.,54734,4226,Lepidaploa remotiflora,,1,0,0,,,,,
10060,10114,10114,Regel & Körn.,55496,4228,Lepidium auriculatum,,1,0,0,,,,,
10060,10114,10114,L.,25263,4228,Lepidium bonariense,,1,0,0,,,,,
10060,10114,10114,L.,25268,4228,Lepidium didymum,,1,0,0,,,,,
10060,10114,10114,(Chodat & Hassl.) Boelcke,103552,4228,Lepidium gracile,,1,0,0,,,,,
10060,10114,10114,Al-Shehbaz,104732,4228,Lepidium pedersenii,,1,0,0,,,,,
10060,10114,10114,(Thell.) Boelcke,104254,4228,Lepidium stuckertianum,,1,0,0,,,,,
10060,10114,10114,(Hack.) Parodi,71788,4251,Leptochloa chloridiformis,,1,0,0,,,,,
10060,10114,10114,(L.) P.Beauv. ex Roem. & Schult.,439854,14287,Diplachne fusca,,1,0,0,,,,,
10060,10114,10114,(Retz.) Ohwi,25453,4251,Leptochloa panicea,,1,0,0,,,,,
10060,10114,10114,Nees,25454,4251,Leptochloa scabra,,1,0,0,,,,,
10060,10114,10114,(L.) P.Beauv.,25455,4251,Leptochloa virgata,,1,0,0,,,,,
10060,10114,10114,(Hook. & Arn.) D.J.N.Hind & G.L.Nesom,73775,8900,Leptostelma tweediei,,1,0,0,,,,,
10060,10114,10114,(Hieron.) Dematt. & Angulo,103558,7742,Lessingianthus pseudoincanus,,1,0,0,,,,,
10060,10114,10114,(Dematt.) M.B.Angulo,445531,7742,Lessingianthus pusillus,,1,0,0,,,,,
10060,10114,10114,(Bonpl.) H.Rob.,53602,7742,Lessingianthus rubricaulis,,1,0,0,,,,,
10060,10114,10114,(Less.) H.Rob.,104735,7742,Lessingianthus sellowii,,1,0,0,,,,,
10060,10114,10114,(Ruiz & Pav.) Tiegh.,55778,8050,Ligaria cuneifolia,,1,0,0,,,,,
10060,10114,10114,(Humb. & Bonpl. ex Willd.) Byng & Christenh.,440885,3881,Hydrocharis laevigata,,1,0,0,,,,,
10060,10114,10114,(L.) D.A.Sutton,30461,5037,Nuttallanthus canadensis,,0,0,0,,,,,
10060,10114,10114,A.St.-Hil.,105828,4334,Linum carneum,,1,0,0,,,,,
10060,10114,10114,Moldenke,72000,4339,Lippia lorentzii,,1,0,0,,,,,
10060,10114,10114,(Mill.) N.E.Br. ex Britton & P.Wilson,26298,4339,Lippia alba,,1,0,0,,,,,
10060,10114,10114,Schauer,71853,4339,Lippia aristata,,1,0,0,,,,,
10060,10114,10114,Cham.,53869,4339,Lippia asperrima,,1,0,0,,,,,
10060,10114,10114,(Link) T.R.S.Silva,84795,4339,Lippia brasiliensis,,1,0,0,,,,,
10060,10114,10114,Griseb.,72002,4339,Lippia turbinata,,1,0,0,,,,,
10060,10114,10114,Cham.,69811,4339,Lippia turnerifolia,,1,0,0,,,,,
10060,10114,10114,Kuntze,104736,4339,Lippia villafloridana,,1,0,0,,,,,
10060,10114,10114,(Sw.) P.Beauv.,26328,4346,Lithachne pauciflora,,1,0,0,,,,,
10060,10114,10114,(Vell.) Engl.,53560,7734,Lithraea molleoides,,1,0,0,,,,,
10060,10114,10114,Cham.,84611,4356,Lobelia hederacea,,1,0,0,,,,,
10060,10114,10114,Kunth,26562,4356,Lobelia xalapensis,,1,0,0,,,,,
10060,10114,10114,(Lindm.) Burkart,71644,7245,Muellera fluvialis,,1,0,0,,,,,
10060,10114,10114,(Burkart) Burkart,71646,9235,Lophocarpinia aculeatifolia,,1,0,0,,,,,
10060,10114,10114,(Micheli) H.Hara,71755,4401,Ludwigia bonariensis,,1,0,0,,,,,
10060,10114,10114,Walter,26825,4401,Ludwigia decurrens,,1,0,0,,,,,
10060,10114,10114,(Morong) H.Hara,53752,4401,Ludwigia lagunae,,1,0,0,,,,,
10060,10114,10114,(Nutt.) H.Hara,26832,4401,Ludwigia leptocarpa,,1,0,0,,,,,
10060,10114,10114,(Micheli) Ramamoorthy,53753,4401,Ludwigia major,,1,0,0,,,,,
10060,10114,10114,(Munz) H.Hara,53755,4401,Ludwigia neograndiflora,,1,0,0,,,,,
10060,10114,10114,(Kunth) P.H.Raven,26838,4401,Ludwigia peploides,,1,0,0,,,,,
10060,10114,10114,(Cambess.) H.Hara,84734,4401,Ludwigia sericea,,1,0,0,,,,,
10060,10114,10114,Mart.,74621,4402,Luehea candicans,,1,0,0,,,,,
10060,10114,10114,Mart.,26848,4402,Luehea divaricata,,1,0,0,,,,,
10060,10114,10114,C.P.Sm.,53675,4412,Lupinus gibertianus,,1,0,0,,,,,
10060,10114,10114,Prodoehl,72118,4415,Luziola gracillima,,1,0,0,,,,,
10060,10114,10114,J.F.Gmel.,26910,4415,Luziola peruviana,,1,0,0,,,,,
10060,10114,10114,Swallen,26911,4415,Luziola subintegra,,1,0,0,,,,,
10060,10114,10114,(Spreng.) Bitter,344386,4420,Lycianthes repens,,1,0,0,,,,,
10060,10114,10114,Jacq.,26985,4421,Lycium americanum,,1,0,0,,,,,
10060,10114,10114,Bernardello,105863,4421,Lycium athium,,1,0,0,,,,,
10060,10114,10114,L.f.,440287,4421,Lycium boerhaviifolium,,1,0,0,,,,,
10060,10114,10114,Dammer,71845,4421,Lycium cuneatum,,1,0,0,,,,,
10060,10114,10114,Sendtn.,71846,4421,Lycium glomeratum,,1,0,0,,,,,
10060,10114,10114,Jacq.,26985,4421,Lycium americanum,,1,0,0,,,,,
10060,10114,10114,(Hoffmanns. ex Humb.) Cham. & Schltdl.,27264,4451,Machaonia brasiliensis,,1,0,0,,,,,
10060,10114,10114,(L.) D.Don ex G.Don,27323,4456,Maclura tinctoria,,1,0,0,,,,,
10060,10114,10114,(L.) D.Don ex G.Don,27323,4456,Maclura tinctoria,,1,0,0,,,,,
10060,10114,10114,(Nees & Mart.) Maréchal & Baudet,71647,4471,Macroptilium bracteatum,,1,0,0,,,,,
10060,10114,10114,(Mart. ex Benth.) Urb.,71648,4471,Macroptilium erythroloma,,1,0,0,,,,,
10060,10114,10114,(L.) Urb.,27355,4471,Macroptilium lathyroides,,1,0,0,,,,,
10060,10114,10114,(Mart. ex Benth.) Urb.,441027,4471,Macroptilium longepedunculatum,,1,0,0,,,,,
10060,10114,10114,(L.) L.,27472,4492,Malachra radiata,,1,0,0,,,,,
10060,10114,10114,R.E.Fr.,71714,4510,Malvastrum amblyphyllum,,1,0,0,,,,,
10060,10114,10114,(L.) Torr.,27638,4510,Malvastrum americanum,,1,0,0,,,,,
10060,10114,10114,(L.) Garcke,27640,4510,Malvastrum coromandelianum,,1,0,0,,,,,
10060,10114,10114,(L.) Garcke,27640,4510,Malvastrum coromandelianum,,1,0,0,,,,,
10060,10114,10114,Krapov.,448583,4510,Malvastrum ionthocarpum,,1,0,0,,,,,
10060,10114,10114,(Malme) Woodson,71443,4515,Mandevilla angustifolia,,1,0,0,,,,,
10060,10114,10114,(A.St.-Hil.) Pichon,84549,4515,Mandevilla petraea,,1,0,0,,,,,
10060,10114,10114,(Stadelm.) A.H.Gentry,67374,4515,Mandevilla pohliana,,1,0,0,,,,,
10060,10114,10114,Hook.,59419,4521,Manihot grahamii,,1,0,0,,,,,
10060,10114,10114,Lillo ex T.Mey.,71444,4554,Marsdenia castillonii,,1,0,0,,,,,
10060,10114,10114,A.Braun,27878,4555,Marsilea ancylopoda,,1,0,0,,,,,
10060,10114,10114,Griseb.,71691,4560,Mascagnia brevifolia,,1,0,0,,,,,
10060,10114,10114,(Kunth) Nied.,68089,4560,Mascagnia divaricata,,1,0,0,,,,,
10060,10114,10114,(Malme) Pontiroli,104280,4565,Matelea australis,,1,0,0,,,,,
10060,10114,10114,Aubl.,27975,4580,Mayaca fluviatilis,,1,0,0,,,,,
10060,10114,10114,Kunth,445789,4580,Mayaca sellowiana,,1,0,0,,,,,
10060,10114,10114,Mart. ex Reissek,49004,4581,Maytenus ilicifolia,,1,0,0,,,,,
10060,10114,10114,Griseb.,71551,4581,Maytenus vitis-idaea,,1,0,0,,,,,
10060,10114,10114,(Mill.) Small,28035,4583,Mecardonia procumbens,,1,0,0,,,,,
10060,10114,10114,(Mill.) Small,28035,4583,Mecardonia procumbens,,1,0,0,,,,,
10060,10114,10114,L.,28085,4588,Medicago lupulina,,0,0,0,,,,,
10060,10114,10114,(Jacq.) B.K.Simon & S.W.L.Jacobs,441119,19159,Megathyrsus maximus,,0,0,1,,,,,
10060,10114,10114,(Jacq.) B.K.Simon & S.W.L.Jacobs,441119,19159,Megathyrsus maximus,,0,0,1,,,,,
10060,10114,10114,(Gardner) Cabrera,71897,4612,Melanthera latifolia,,1,0,0,,,,,
10060,10114,10114,(Cham.) Benth.,105496,4613,Melasma rhinanthoides,,1,0,0,,,,,
10060,10114,10114,Nees,102959,4619,Melica macra,,1,0,0,,,,,
10060,10114,10114,Radlk.,71835,4622,Melicoccus lepidopetalus,,1,0,0,,,,,
10060,10114,10114,Griseb.,104287,4631,Melochia anomala,,1,0,0,,,,,
10060,10114,10114,Cristóbal,53728,4631,Melochia canescens,,1,0,0,,,,,
10060,10114,10114,A.St.-Hil.,53729,4631,Melochia hermannioides,,1,0,0,,,,,
10060,10114,10114,Cristóbal,71715,4631,Melochia ministella,,1,0,0,,,,,
10060,10114,10114,(Mill.) Fawc. & Rendle,28442,4631,Melochia pilosa,,1,0,0,,,,,
10060,10114,10114,L.,28443,4631,Melochia pyramidata,,1,0,0,,,,,
10060,10114,10114,L.,28443,4631,Melochia pyramidata,,1,0,0,,,,,
10060,10114,10114,(Mill.) Fawc. & Rendle,69709,4631,Melochia villosa,,1,0,0,,,,,
10060,10114,10114,Cogn.,72064,4634,Melothria trilobata,,1,0,0,,,,,
10060,10114,10114,Vell.,49015,4634,Melothria cucumis,,1,0,0,,,,,
10060,10114,10114,L.,28469,4634,Melothria pendula,,1,0,0,,,,,
10060,10114,10114,Mart.Crov.,104738,4634,Melothria schulziana,,1,0,0,,,,,
10060,10114,10114,(Cham. & Schltdl.) Steud.,103586,8056,Menodora integrifolia,,1,0,0,,,,,
10060,10114,10114,Urb. & Gilg ex Kurtz,104290,4638,Mentzelia parvifolia,,1,0,0,,,,,
10060,10114,10114,(L.) A.R.Simões & Staples,421041,19634,Distimake aegyptius,,1,0,0,,,,,
10060,10114,10114,(L.) A.R.Simões & Staples,425295,16921,Camonea umbellata,,1,0,0,,,,,
10060,10114,10114,(Jacq.) Müll.Arg.,54800,4650,Mesechites trifidus,,1,0,0,,,,,
10060,10114,10114,(J.F.Gmel.) S.F.Blake,28855,4676,Micranthemum umbrosum,,1,0,0,,,,,
10060,10114,10114,(Langsd. & Fisch.) Copel.,28896,4695,Microgramma vacciniifolia,,1,0,0,,,,,
10060,10114,10114,(Jacq.) M.Sousa & G.Andrade,53676,7751,Microlobius foetidus,,1,0,0,,,,,
10060,10114,10114,(Griseb.) Beauverd,103589,4703,Micropsis dasycarpa,,1,0,0,,,,,
10060,10114,10114,(Mart.) F.Dietr.,71612,4709,Microstachys hispida,,1,0,0,,,,,
10060,10114,10114,(L.f.) Willd.,29057,4721,Mikania cordifolia,,1,0,0,,,,,
10060,10114,10114,Hook. & Arn. ex Baker & Malme,71478,4721,Mikania cynanchifolia,,1,0,0,,,,,
10060,10114,10114,(Malme) W.C.Holmes,72035,4721,Mikania euryanthela,,1,0,0,,,,,
10060,10114,10114,Hassl.,104739,4721,Mikania guaranitica,,1,0,0,,,,,
10060,10114,10114,Kunth,29068,4721,Mikania micrantha,,1,0,0,,,,,
10060,10114,10114,Hook. & Arn.,53595,4721,Mikania periplocifolia,,1,0,0,,,,,
10060,10114,10114,DC.,72037,4721,Mikania pinnatiloba,,1,0,0,,,,,
10060,10114,10114,DC.,104740,4721,Mikania thapsoides,,1,0,0,,,,,
10060,10114,10114,Hook. & Arn.,48953,4721,Mikania urticifolia,,1,0,0,,,,,
10060,10114,10114,Hieron.,48954,4721,Mikania variifolia,,1,0,0,,,,,
10060,10114,10114,Micheli,71650,4732,Mimosa balansae,,1,0,0,,,,,
10060,10114,10114,Humb. & Bonpl. ex Willd.,29128,4732,Mimosa debilis,,1,0,0,,,,,
10060,10114,10114,Benth.,71653,4732,Mimosa detinens,,1,0,0,,,,,
10060,10114,10114,C.Wright,29129,4732,Mimosa diplotricha,,1,0,0,,,,,
10060,10114,10114,Micheli,53679,4732,Mimosa hexandra,,1,0,0,,,,,
10060,10114,10114,L.,29139,4732,Mimosa pigra,,1,0,0,,,,,
10060,10114,10114,Torr. & A.Gray,53680,4732,Mimosa strigillosa,,1,0,0,,,,,
10060,10114,10114,Mart.,69650,4732,Mimosa xanthocentra,,1,0,0,,,,,
10060,10114,10114,Barneby ex Glazier & Mackinder,71659,4732,Mimosa tweedieana,,1,0,0,,,,,
10060,10114,10114,Mart.,69650,4732,Mimosa xanthocentra,,1,0,0,,,,,
10060,10114,10114,(Griseb.) Burkart,71660,9236,Mimozyganthus carinatus,,1,0,0,,,,,
10060,10114,10114,(Spreng.) Kuntze,71987,4744,Mitracarpus megapotamicus,,1,0,0,,,,,
10060,10114,10114,(L.) DC.,29223,4744,Mitracarpus hirtus,,1,0,0,,,,,
10060,10114,10114,Hack.,448486,6058,Rottboellia balansae,,1,0,0,,,,,
10060,10114,10114,(Henrard) Burkart,445540,6058,Rottboellia parodiana,,1,0,0,,,,,
10060,10114,10114,(L.) G.Don,29259,4754,Modiola caroliniana,,1,0,0,,,,,
10060,10114,10114,(Griseb.) K.Schum.,53730,7307,Modiolastrum malvifolium,,1,0,0,,,,,
10060,10114,10114,L.,29291,4763,Mollugo verticillata,,1,0,0,,,,,
10060,10114,10114,A.St.-Hil. & Moq.,105865,7614,Monnina cardiocarpa,,1,0,0,,,,,
10060,10114,10114,A.St.-Hil. & Moq.,84763,7614,Monnina tristaniana,,1,0,0,,,,,
10060,10114,10114,(Morong) N.P.Taylor,443661,9516,Praecereus saxicola,,1,0,0,,,,,
10060,10114,10114,(Morong) N.P.Taylor,443661,9516,Praecereus saxicola,,1,0,0,,,,,
10060,10114,10114,K.Schum.,71909,2150,Cereus phatnospermus,,1,0,0,,,,,
10060,10114,10114,F.A.C.Weber,71540,2150,Cereus spegazzinii,,1,0,0,,,,,
10060,10114,10114,(Cabrera) G.Sancho,104299,10984,Moquiniastrum argentinum,,1,0,0,,,,,
10060,10114,10114,Morong,445489,1420,Araujia stormiana,,1,0,0,,,,,
10060,10114,10114,(Ortega) Meisn.,29508,4813,Muehlenbeckia sagittifolia,,1,0,0,,,,,
10060,10114,10114,A.St.-Hil.,84587,7295,Mutisia coccinea,,1,0,0,,,,,
10060,10114,10114,(Spreng.) N.Silveira,53746,4842,Myrcia selloi,,1,0,0,,,,,
10060,10114,10114,(O.Berg) D.Legrand,49130,4843,Myrcianthes pungens,,1,0,0,,,,,
10060,10114,10114,(Mez) Arechav.,72098,4865,Myrsine laetevirens,,1,0,0,,,,,
10060,10114,10114,(Schrad.) Nees & Mart.,53709,4904,Nectandra angustifolia,,1,0,0,,,,,
10060,10114,10114,Nees & Mart.,49071,4904,Nectandra lanceolata,,1,0,0,,,,,
10060,10114,10114,(Schrad.) Nees & Mart.,53709,4904,Nectandra angustifolia,,1,0,0,,,,,
10060,10114,10114,Benth.,30270,4968,Neptunia pubescens,,1,0,0,,,,,
10060,10114,10114,Graham,30350,4995,Nicotiana glauca,,1,0,0,,,,,
10060,10114,10114,Cav.,30355,4995,Nicotiana longiflora,,1,0,0,,,,,
10060,10114,10114,Viv.,30361,4995,Nicotiana plumbaginifolia,,1,0,0,,,,,
10060,10114,10114,D.Don,72133,4999,Nierembergia aristata,,1,0,0,,,,,
10060,10114,10114,Jacq.,75196,8237,Nissolia fruticosa,,1,0,0,,,,,
10060,10114,10114,(Aiton) Stearn,30444,5030,Nothoscordum gracile,,1,0,0,,,,,
10060,10114,10114,(DC.) Cuatrec.,71898,9257,Noticastrum acuminatum,,1,0,0,,,,,
10060,10114,10114,(Baker) Cuatrec.,102812,9257,Noticastrum gnaphalioides,,1,0,0,,,,,
10060,10114,10114,Planch.,30473,5040,Nymphaea gardneriana,,1,0,0,,,,,
10060,10114,10114,Planch.,72102,5040,Nymphaea jamesoniana,,1,0,0,,,,,
10060,10114,10114,Wiersema,53750,5040,Nymphaea prolifera,,1,0,0,,,,,
10060,10114,10114,(L.) Kuntze,30493,5041,Nymphoides indica,,1,0,0,,,,,
10060,10114,10114,(Poir.) Zuloaga & Morrone,30532,5046,Ocellochloa stolonifera,,1,0,0,,,,,
10060,10114,10114,Mill.,30579,5058,Ocimum campechianum,,1,0,0,,,,,
10060,10114,10114,Benth.,53705,5058,Ocimum ovatum,,1,0,0,,,,,
10060,10114,10114,(Meisn.) Mez,53711,5060,Ocotea diospyrifolia,,1,0,0,,,,,
10060,10114,10114,Barneby,71748,5067,Odontocarya asarifolia,,1,0,0,,,,,
10060,10114,10114,(Lindl.) Lindl.,30669,5072,Oeceoclades maculata,,1,0,0,,,,,
10060,10114,10114,Cambess.,30686,5076,Oenothera affinis,,1,0,0,,,,,
10060,10114,10114,Cambess.,30696,5076,Oenothera indecora,,1,0,0,,,,,
10060,10114,10114,Munz,30704,5076,Oenothera parodiana,,1,0,0,,,,,
10060,10114,10114,(Sims) M.W.Chase & N.H.Williams,103480,3518,Gomesa bifolia,,1,0,0,,,,,
10060,10114,10114,(Lindl.) Meneguzzo,448584,3518,Gomesa maculosa,,1,0,0,,,,,
10060,10114,10114,(Rchb.f.) M.W.Chase & N.H.Williams,105530,3518,Gomesa brieniana,,1,0,0,,,,,
10060,10114,10114,L.,31006,5116,Ophioglossum reticulatum,,1,0,0,,,,,
10060,10114,10114,(L.) P.Beauv.,31072,5124,Oplismenus hirtellus,,1,0,0,,,,,
10060,10114,10114,Link & Otto ex Salm-Dyck,31102,5127,Opuntia elata,,1,0,0,,,,,
10060,10114,10114,Link & Otto ex Salm-Dyck,31102,5127,Opuntia elata,,1,0,0,,,,,
10060,10114,10114,Speg.,443662,5127,Opuntia retrorsa,,1,0,0,,,,,
10060,10114,10114,(F.A.C.Weber) R.Puente & Majure,445533,1818,Brasiliopuntia schickendantzii,,1,0,0,,,,,
10060,10114,10114,Britton & Rose,71911,5127,Opuntia discolor,,1,0,0,,,,,
10060,10114,10114,Link & Otto ex Salm-Dyck,31102,5127,Opuntia elata,,1,0,0,,,,,
10060,10114,10114,(L.) Mill.,31105,5127,Opuntia ficus-indica,,0,0,0,,,,,
10060,10114,10114,K.Schum.,71912,5127,Opuntia quimilo,,1,0,0,,,,,
10060,10114,10114,(Sw.) Gleason,31339,5162,Orthopappus angustifolius,,1,0,0,,,,,
10060,10114,10114,(Nutt.) Liede & Meve,31341,5163,Orthosia scoparia,,1,0,0,,,,,
10060,10114,10114,(Poir.) E.Fourn.,71447,5163,Orthosia virgata,,1,0,0,,,,,
10060,10114,10114,Desv.,31349,5167,Oryza latifolia,,1,0,0,,,,,
10060,10114,10114,Jacq.,53763,5197,Oxalis conorrhiza,,1,0,0,,,,,
10060,10114,10114,L.,31507,5197,Oxalis corniculata,,1,0,0,,,,,
10060,10114,10114,R.Knuth,71767,5197,Oxalis erosa,,1,0,0,,,,,
10060,10114,10114,L.,31518,5197,Oxalis frutescens,,1,0,0,,,,,
10060,10114,10114,Zucc.,49137,5197,Oxalis hispidula,,1,0,0,,,,,
10060,10114,10114,R.Knuth,49139,5197,Oxalis niederleinii,,1,0,0,,,,,
10060,10114,10114,A.St.-Hil.,31547,5197,Oxalis triangularis,,1,0,0,,,,,
10060,10114,10114,Steud.,441554,2661,Cyperus blepharoleptos,,1,0,0,,,,,
10060,10114,10114,Steud.,441554,2661,Cyperus blepharoleptos,,1,0,0,,,,,
10060,10114,10114,H.Buek,71448,5209,Oxypetalum arnottianum,,1,0,0,,,,,
10060,10114,10114,Malme,53573,5209,Oxypetalum balansae,,1,0,0,,,,,
10060,10114,10114,Mart.,71450,5209,Oxypetalum capitatum,,1,0,0,,,,,
10060,10114,10114,Mart.,71450,5209,Oxypetalum capitatum,,1,0,0,,,,,
10060,10114,10114,Wight ex Hook. & Arn.,71884,5209,Oxypetalum crispum,,1,0,0,,,,,
10060,10114,10114,Decne.,75369,5209,Oxypetalum erianthum,,1,0,0,,,,,
10060,10114,10114,E.Fourn.,104743,5209,Oxypetalum hilarianum,,1,0,0,,,,,
10060,10114,10114,(Morong) Hassl.,104744,5209,Oxypetalum humile,,1,0,0,,,,,
10060,10114,10114,(Hook. & Arn.) Goyder & Rapini,103650,5209,Oxypetalum sylvestre,,1,0,0,,,,,
10060,10114,10114,Malme,103649,5209,Oxypetalum schulzii,,1,0,0,,,,,
10060,10114,10114,Hook. & Arn.,48919,5209,Oxypetalum solanoides,,1,0,0,,,,,
10060,10114,10114,(Lindl.) Schltr.,103651,5342,Pelexia bonariensis,,1,0,0,,,,,
10060,10114,10114,Aubl.,31697,5235,Pacourina edulis,,1,0,0,,,,,
10060,10114,10114,(Sw.) Schult.,31745,5245,Palicourea crocea,,1,0,0,,,,,
10060,10114,10114,Arechav.,53799,5253,Panicum bergii,,1,0,0,,,,,
10060,10114,10114,Michx.,31888,5253,Panicum dichotomiflorum,,1,0,0,,,,,
10060,10114,10114,(Nees ex Trin.) Zuloaga,344393,14327,Louisiella elephantipes,,1,0,0,,,,,
10060,10114,10114,Hitchc. & Chase,71789,5253,Panicum stramineum,,1,0,0,,,,,
10060,10114,10114,Nees,31963,5253,Panicum trichanthum,,1,0,0,,,,,
10060,10114,10114,Steud.,72120,5253,Panicum tricholaenoides,,1,0,0,,,,,
10060,10114,10114,Roseng.,71976,5259,Pappophorum krapovickasii,,1,0,0,,,,,
10060,10114,10114,(Lam.) Kuntze,32010,5259,Pappophorum pappiferum,,1,0,0,,,,,
10060,10114,10114,Parodi,102975,5259,Pappophorum philippianum,,1,0,0,,,,,
10060,10114,10114,(Benth.) Brenan,49057,7303,Parapiptadenia rigida,,1,0,0,,,,,
10060,10114,10114,G.Forst.,32097,5297,Parietaria debilis,,1,0,0,,,,,
10060,10114,10114,L.,32131,5303,Parkinsonia aculeata,,1,0,0,,,,,
10060,10114,10114,L.,32185,5312,Parthenium hysterophorus,,1,0,0,,,,,
10060,10114,10114,Ortega,103658,10947,Pascalia glauca,,1,0,0,,,,,
10060,10114,10114,(N.E.Br.) Strother,445547,10947,Pascalia subvaginata,,1,0,0,,,,,
10060,10114,10114,Raddi,32206,5315,Paspalum acuminatum,,1,0,0,,,,,
10060,10114,10114,Chase,32209,5315,Paspalum almum,,1,0,0,,,,,
10060,10114,10114,E.Fourn.,32240,5315,Paspalum hartwegianum,,1,0,0,,,,,
10060,10114,10114,Parodi,71977,5315,Paspalum chacoense,,1,0,0,,,,,
10060,10114,10114,Parodi,71978,5315,Paspalum chaseanum,,1,0,0,,,,,
10060,10114,10114,P.J.Bergius,32221,5315,Paspalum conjugatum,,1,0,0,,,,,
10060,10114,10114,Schrad.,49317,5315,Paspalum conspersum,,1,0,0,,,,,
10060,10114,10114,Trin.,32227,5315,Paspalum denticulatum,,1,0,0,,,,,
10060,10114,10114,L.,32232,5315,Paspalum distichum,,1,0,0,,,,,
10060,10114,10114,Willd. ex Flüggé,32235,5315,Paspalum fasciculatum,,1,0,0,,,,,
10060,10114,10114,Hack.,84760,5315,Paspalum glaucescens,,1,0,0,,,,,
10060,10114,10114,Raddi,72121,5315,Paspalum inaequivalve,,1,0,0,,,,,
10060,10114,10114,Mez,105559,5315,Paspalum indecorum,,1,0,0,,,,,
10060,10114,10114,Munro ex Morong,72122,5315,Paspalum intermedium,,1,0,0,,,,,
10060,10114,10114,Trin.,32252,5315,Paspalum malacophyllum,,1,0,0,,,,,
10060,10114,10114,Schult.,448254,5315,Paspalum lepton,,1,0,0,,,,,
10060,10114,10114,Flüggé,32262,5315,Paspalum notatum,,1,0,0,,,,,
10060,10114,10114,Mez,72123,5315,Paspalum palustre,,1,0,0,,,,,
10060,10114,10114,Chase,53803,5315,Paspalum plenum,,1,0,0,,,,,
10060,10114,10114,Lam.,92133,5315,Paspalum quadrifarium,,1,0,0,,,,,
10060,10114,10114,P.J.Bergius,32275,5315,Paspalum repens,,1,0,0,,,,,
10060,10114,10114,Nees ex Steud.,53804,5315,Paspalum rufum,,1,0,0,,,,,
10060,10114,10114,Morong,53805,5315,Paspalum simplex,,1,0,0,,,,,
10060,10114,10114,Flüggé,32286,5315,Paspalum stellatum,,1,0,0,,,,,
10060,10114,10114,(Scribn. & Merr.) Nash,32288,5315,Paspalum unispicatum,,1,0,0,,,,,
10060,10114,10114,Steud.,32290,5315,Paspalum urvillei,,1,0,0,,,,,
10060,10114,10114,Sw.,32291,5315,Paspalum vaginatum,,1,0,0,,,,,
10060,10114,10114,Hitchc. & Chase,32293,5315,Paspalum wrightii,,1,0,0,,,,,
10060,10114,10114,L.,32309,5316,Passiflora caerulea,,1,0,0,,,,,
10060,10114,10114,Chodat,53764,5316,Passiflora chrysophylla,,1,0,0,,,,,
10060,10114,10114,Mast.,71768,5316,Passiflora cincinnata,,1,0,0,,,,,
10060,10114,10114,L.,32324,5316,Passiflora foetida,,1,0,0,,,,,
10060,10114,10114,N.E.Br.,443677,5316,Passiflora giberti,,1,0,0,,,,,
10060,10114,10114,Kunth,53766,5316,Passiflora misera,,1,0,0,,,,,
10060,10114,10114,Hook.,71769,5316,Passiflora mooreana,,1,0,0,,,,,
10060,10114,10114,Mast.,75471,5316,Passiflora morifolia,,1,0,0,,,,,
10060,10114,10114,Mast.,71770,5316,Passiflora palmatisecta,,1,0,0,,,,,
10060,10114,10114,L.,32365,5316,Passiflora suberosa,,1,0,0,,,,,
10060,10114,10114,Killip,49141,5316,Passiflora tenuifila,,1,0,0,,,,,
10060,10114,10114,Cambess.,53842,5322,Paullinia elegans,,1,0,0,,,,,
10060,10114,10114,L.,32395,5322,Paullinia pinnata,,1,0,0,,,,,
10060,10114,10114,R.E.Fr.,105867,5326,Pavonia apiculata,,1,0,0,,,,,
10060,10114,10114,Gürke,71717,5326,Pavonia argentina,,1,0,0,,,,,
10060,10114,10114,C.Presl,72093,5326,Pavonia betonicifolia,,1,0,0,,,,,
10060,10114,10114,Cav.,32426,5326,Pavonia hastata,,1,0,0,,,,,
10060,10114,10114,Gürke,53731,5326,Pavonia hieronymi,,1,0,0,,,,,
10060,10114,10114,Fryxell,72094,5326,Pavonia neei,,1,0,0,,,,,
10060,10114,10114,S.Moore,71720,5326,Pavonia opulifolia,,1,0,0,,,,,
10060,10114,10114,Krapov. & Cristóbal,105868,5326,Pavonia pabstii,,1,0,0,,,,,
10060,10114,10114,Hochr.,53732,5326,Pavonia patuliloba,,1,0,0,,,,,
10060,10114,10114,Hassl.,104756,5326,Pavonia sapucayensis,,1,0,0,,,,,
10060,10114,10114,A.St.-Hil.,49097,5326,Pavonia sepium,,1,0,0,,,,,
10060,10114,10114,Hochr.,53733,5326,Pavonia vitifolia,,1,0,0,,,,,
10060,10114,10114,Griseb.,71481,5330,Pectis odorata,,1,0,0,,,,,
10060,10114,10114,(Spreng.) Taub.,32590,5349,Peltophorum dubium,,1,0,0,,,,,
10060,10114,10114,C.DC.,53774,5382,Peperomia aceroana,,1,0,0,,,,,
10060,10114,10114,C.DC.,49145,5382,Peperomia balansana,,1,0,0,,,,,
10060,10114,10114,C.DC.,68130,5382,Peperomia barbarana,,1,0,0,,,,,
10060,10114,10114,Link,32682,5382,Peperomia circinnata,,1,0,0,,,,,
10060,10114,10114,Miq.,448445,5382,Peperomia increscens,,1,0,0,,,,,
10060,10114,10114,C.DC.,445551,5382,Peperomia santa-elisae,,1,0,0,,,,,
10060,10114,10114,(Griseb.) Backeb.,445500,16562,Rhodocactus sacharosa,,1,0,0,,,,,
10060,10114,10114,(S.Moore) Liede & Meve,445490,9212,Petalostelma roberti,,1,0,0,,,,,
10060,10114,10114,L.,33029,865,Petiveria alliacea,,1,0,0,,,,,
10060,10114,10114,"(Lam.) Britton, Sterns & Poggenb.",33046,5429,Petunia axillaris,,1,0,0,,,,,
10060,10114,10114,R.E.Fr.,49204,5429,Petunia inflata,,1,0,0,,,,,
10060,10114,10114,(Spreng.) Pedersen,53555,5432,Pfaffia glomerata,,1,0,0,,,,,
10060,10114,10114,(Spreng.) Hicken,53557,5432,Pfaffia tuberosa,,1,0,0,,,,,
10060,10114,10114,Aubl.,33133,5448,Pharus lappulaceus,,1,0,0,,,,,
10060,10114,10114,Hook. & Arn.,102780,9496,Philibertia gilliesii,,1,0,0,,,,,
10060,10114,10114,Klotzsch,53658,7747,Philyra brasiliensis,,1,0,0,,,,,
10060,10114,10114,Urb.,71831,5485,Phoradendron argentinum,,1,0,0,,,,,
10060,10114,10114,Eichler,53836,5485,Phoradendron bathyoryctum,,1,0,0,,,,,
10060,10114,10114,(Gillies ex Hook. & Arn.) Eichler,53837,5485,Phoradendron liga,,1,0,0,,,,,
10060,10114,10114,(Miq.) Eichler,54902,5485,Phoradendron obtusissimum,,1,0,0,,,,,
10060,10114,10114,(L.) Greene,33384,5495,Phyla nodiflora,,1,0,0,,,,,
10060,10114,10114,(L.) Greene,33384,5495,Phyla nodiflora,,1,0,0,,,,,
10060,10114,10114,(L.) Greene,33384,5495,Phyla nodiflora,,1,0,0,,,,,
10060,10114,10114,Morong,71775,5501,Phyllanthus chacoensis,,1,0,0,,,,,
10060,10114,10114,Benth. ex Müll.Arg.,53772,5501,Phyllanthus fluitans,,1,0,0,,,,,
10060,10114,10114,(Raf.) G.L.Webster,33640,5501,Phyllanthus stipulatus,,1,0,0,,,,,
10060,10114,10114,(J.Poiss.) Taub.,48163,7249,Phyllostylon rhamnoides,,1,0,0,,,,,
10060,10114,10114,L.,33759,5517,Physalis angulata,,1,0,0,,,,,
10060,10114,10114,L.,71848,5517,Physalis pruinosa,,1,0,0,,,,,
10060,10114,10114,L.,33775,5517,Physalis pubescens,,1,0,0,,,,,
10060,10114,10114,L.,33775,5517,Physalis pubescens,,1,0,0,,,,,
10060,10114,10114,L.,56022,5517,Physalis viscosa,,1,0,0,,,,,
10060,10114,10114,L.,33799,5525,Phytolacca dioica,,1,0,0,,,,,
10060,10114,10114,Planch.,53847,5533,Picramnia sellowii,,1,0,0,,,,,
10060,10114,10114,D.Don,52302,7627,Picrosia longifolia,,1,0,0,,,,,
10060,10114,10114,(L.) Liebm.,33992,5542,Pilea microphylla,,1,0,0,,,,,
10060,10114,10114,Lem.,53832,5546,Pilocarpus pennatifolius,,1,0,0,,,,,
10060,10114,10114,L.,34402,5565,Piper aduncum,,1,0,0,,,,,
10060,10114,10114,L.,34404,5565,Piper amalago,,1,0,0,,,,,
10060,10114,10114,(L.) Griseb.,34535,5575,Piriqueta cistoides,,1,0,0,,,,,
10060,10114,10114,(Urb.) Arbo,71772,5575,Piriqueta grandifolia,,1,0,0,,,,,
10060,10114,10114,L.,34543,5577,Pisonia aculeata,,1,0,0,,,,,
10060,10114,10114,Griseb.,49134,5577,Pisonia zapallo,,1,0,0,,,,,
10060,10114,10114,Griseb.,49134,5577,Pisonia zapallo,,1,0,0,,,,,
10060,10114,10114,L.,34578,5579,Pistia stratiotes,,1,0,0,,,,,
10060,10114,10114,(Cav.) Caro,52303,7628,Pitraea cuneato-ovata,,1,0,0,,,,,
10060,10114,10114,Hook. & Arn. ex DC.,72040,9266,Plagiocheilus tanacetoides,,1,0,0,,,,,
10060,10114,10114,Lam.,34827,5598,Plantago australis,,1,0,0,,,,,
10060,10114,10114,Lam.,34870,5598,Plantago myosuros,,1,0,0,,,,,
10060,10114,10114,(Rahn) Hassemer,448487,5598,Plantago napiformis,,1,0,0,,,,,
10060,10114,10114,Lam.,53779,5598,Plantago tomentosa,,1,0,0,,,,,
10060,10114,10114,(Hook. & Arn.) N.Garcia & Susanna,103683,8553,Plectocephalus tweediei,,1,0,0,,,,,
10060,10114,10114,(Bory) J.Prado & R.Y.Hirai,103684,5634,Pleopeltis minima,,1,0,0,,,,,
10060,10114,10114,(Raddi) Alston,48863,5634,Pleopeltis pleopeltifolia,,1,0,0,,,,,
10060,10114,10114,Koehne,53715,7756,Pleurophora saccocarpa,,1,0,0,,,,,
10060,10114,10114,R.K.Godfrey,102814,5656,Pluchea microcephala,,1,0,0,,,,,
10060,10114,10114,(Lam.) Cabrera,35150,5656,Pluchea sagittalis,,1,0,0,,,,,
10060,10114,10114,L.,35160,5658,Plumbago zeylanica,,1,0,0,,,,,
10060,10114,10114,L.,35203,5661,Poa annua,,0,0,0,,,,,
10060,10114,10114,Hack.,71790,5661,Poa pilcomayensis,,1,0,0,,,,,
10060,10114,10114,Baker,102815,7296,Podocoma hirsuta,,1,0,0,,,,,
10060,10114,10114,(Griseb.) Iamonico,443665,19606,Augustea suffruticosa,,1,0,0,,,,,
10060,10114,10114,A.St.-Hil. & Moq.,104765,5695,Polygala adenophylla,,1,0,0,,,,,
10060,10114,10114,L.,103691,5695,Polygala aspalatha,,1,0,0,,,,,
10060,10114,10114,A.St.-Hil. & Moq.,71798,5695,Polygala duarteana,,1,0,0,,,,,
10060,10114,10114,Kunth,35476,5695,Polygala glochidiata,,1,0,0,,,,,
10060,10114,10114,Vell.,157263,5695,Polygala appendiculata,,1,0,0,,,,,
10060,10114,10114,A.St.-Hil. & Moq.,53812,5695,Polygala molluginifolia,,1,0,0,,,,,
10060,10114,10114,Chodat,75927,5695,Polygala rojasii,,1,0,0,,,,,
10060,10114,10114,(Kunth) M.Gómez,32961,5410,Persicaria acuminata,,1,0,0,,,,,
10060,10114,10114,L.,35535,5698,Polygonum aviculare,,0,0,0,,,,,
10060,10114,10114,(Wedd.) Soják,32974,5410,Persicaria ferruginea,,1,0,0,,,,,
10060,10114,10114,(Kunth) M.Gómez,32977,5410,Persicaria hispida,,1,0,0,,,,,
10060,10114,10114,(Baldwin) Small,345480,5410,Persicaria setacea,,1,0,0,,,,,
10060,10114,10114,(Cham. & Schltdl.) M.Gómez,32984,5410,Persicaria meisneriana,,1,0,0,,,,,
10060,10114,10114,(Wedd.) S.T.Kim & Donoghue,53815,5410,Persicaria paraguayensis,,1,0,0,,,,,
10060,10114,10114,Gray,32983,5410,Persicaria maculosa,,0,0,0,,,,,
10060,10114,10114,(Elliott) Small,32993,5410,Persicaria punctata,,1,0,0,,,,,
10060,10114,10114,(A.St.-Hil.) Paula-Souza,105585,9512,Pombalia bicolor,,1,0,0,,,,,
10060,10114,10114,(A.St.-Hil.) Paula-Souza,104766,9512,Pombalia communis,,1,0,0,,,,,
10060,10114,10114,(Chodat) Paula-Souza,104767,9512,Pombalia graminifolia,,1,0,0,,,,,
10060,10114,10114,(L.) Paula-Souza,105869,9512,Pombalia oppositifolia,,1,0,0,,,,,
10060,10114,10114,(L.) Paula-Souza,105869,9512,Pombalia oppositifolia,,1,0,0,,,,,
10060,10114,10114,(L.f.) Paula-Souza,103702,9512,Pombalia parviflora,,1,0,0,,,,,
10060,10114,10114,L.,35877,5723,Pontederia cordata,,1,0,0,,,,,
10060,10114,10114,L.f.,53817,5723,Pontederia rotundifolia,,1,0,0,,,,,
10060,10114,10114,(Seub.) Lowden,53818,5723,Pontederia subovata,,1,0,0,,,,,
10060,10114,10114,"(Baill.) Descole, O'Donell & Lourteig",102917,8086,Porlieria microphylla,,1,0,0,,,,,
10060,10114,10114,DC.,84588,5730,Porophyllum lanceolatum,,1,0,0,,,,,
10060,10114,10114,(Jacq.) Cass.,35916,5730,Porophyllum ruderale,,1,0,0,,,,,
10060,10114,10114,Speg.,35925,5733,Portulaca amilis,,1,0,0,,,,,
10060,10114,10114,D.Legrand,71812,5733,Portulaca chacoana,,1,0,0,,,,,
10060,10114,10114,Speg.,53819,5733,Portulaca cryptopetala,,1,0,0,,,,,
10060,10114,10114,Hook.,102891,5733,Portulaca gilliesii,,1,0,0,,,,,
10060,10114,10114,Hook.,35938,5733,Portulaca grandiflora,,1,0,0,,,,,
10060,10114,10114,L.,35951,5733,Portulaca oleracea,,0,0,0,,,,,
10060,10114,10114,Kunth,35969,5733,Portulaca umbraticola,,1,0,0,,,,,
10060,10114,10114,A.Benn.,103707,5738,Potamogeton gayi,,1,0,0,,,,,
10060,10114,10114,(A.DC.) Radlk.,36089,5744,Pouteria gardneriana,,1,0,0,,,,,
10060,10114,10114,(Miq.) Radlk.,53845,5744,Pouteria glomerata,,1,0,0,,,,,
10060,10114,10114,(Hieron. ex Kuntze) R.M.King & H.Rob.,53587,7740,Praxelis clematidea,,1,0,0,,,,,
10060,10114,10114,(Sw.) Lindl.,36182,5751,Prescottia oligantha,,1,0,0,,,,,
10060,10114,10114,(Jacq.) Spreng.,36186,5753,Prestonia quinquangularis,,1,0,0,,,,,
10060,10114,10114,(Kunth) A.C.Sm.,36221,5763,Pristimera celastroides,,1,0,0,,,,,
10060,10114,10114,Moldenke,71855,5765,Priva boliviana,,1,0,0,,,,,
10060,10114,10114,P.Browne ex L.,36256,936,Prockia crucis,,1,0,0,,,,,
10060,10114,10114,Spreng.,53681,5772,Prosopis affinis,,1,0,0,,,,,
10060,10114,10114,Griseb.,53682,5772,Prosopis alba,,1,0,0,,,,,
10060,10114,10114,(Burkart) Burkart,71663,5772,Prosopis elata,,1,0,0,,,,,
10060,10114,10114,Harms,71664,5772,Prosopis fiebrigii,,1,0,0,,,,,
10060,10114,10114,Harms,71665,5772,Prosopis hassleri,,1,0,0,,,,,
10060,10114,10114,Harms,71666,5772,Prosopis kuntzei,,1,0,0,,,,,
10060,10114,10114,(Griseb.) Hieron.,53683,5772,Prosopis nigra,,1,0,0,,,,,
10060,10114,10114,Griseb.,71668,5772,Prosopis ruscifolia,,1,0,0,,,,,
10060,10114,10114,Gillies ex Hook.,71940,5772,Prosopis sericantha,,1,0,0,,,,,
10060,10114,10114,Stuck.,445510,5772,Prosopis × vinalillo,,1,0,0,,,,,
10060,10114,10114,(Hochr.) R.E.Fr.,71723,5785,Pseudabutilon callimorphum,,1,0,0,,,,,
10060,10114,10114,(Hochr.) R.E.Fr.,71723,5785,Pseudabutilon callimorphum,,1,0,0,,,,,
10060,10114,10114,(R.E.Fr.) Krapov.,71955,5785,Pseudabutilon pedunculatum,,1,0,0,,,,,
10060,10114,10114,(Cav.) Fryxell,71724,5785,Pseudabutilon virgatum,,1,0,0,,,,,
10060,10114,10114,(L.) Merr.,2164,1278,Ananas comosus,,1,0,0,,,,,
10060,10114,10114,(DC.) Anderb.,48188,5801,Pseudognaphalium gaudichaudianum,,1,0,0,,,,,
10060,10114,10114,Cabrera,53596,5803,Pseudogynoxys benthamii,,1,0,0,,,,,
10060,10114,10114,L.,36550,5825,Psidium guajava,,1,0,0,,,,,
10060,10114,10114,Morong,71751,5825,Psidium kennedyanum,,1,0,0,,,,,
10060,10114,10114,(Hoffmanns. ex Schult. & Schult.f.) G.Don,71681,5834,Psittacanthus cordatus,,1,0,0,,,,,
10060,10114,10114,Jacq.,36659,5840,Psychotria carthagenensis,,1,0,0,,,,,
10060,10114,10114,Raddi,71818,5850,Pteris brasiliensis,,1,0,0,,,,,
10060,10114,10114,Sw.,48871,5850,Pteris denticulata,,1,0,0,,,,,
10060,10114,10114,L'Hér. ex DC.,64826,5853,Pterocarpus santalinoides,,1,0,0,,,,,
10060,10114,10114,(Lam.) DC.,48960,5855,Pterocaulon alopecuroides,,1,0,0,,,,,
10060,10114,10114,Kuntze,72041,5855,Pterocaulon cordobense,,1,0,0,,,,,
10060,10114,10114,Malme,53597,5855,Pterocaulon lorentzii,,1,0,0,,,,,
10060,10114,10114,DC.,104768,5855,Pterocaulon polystachyum,,1,0,0,,,,,
10060,10114,10114,Malme,71482,5855,Pterocaulon purpurascens,,1,0,0,,,,,
10060,10114,10114,(L.) DC.,37099,5855,Pterocaulon virgatum,,1,0,0,,,,,
10060,10114,10114,Tul.,53684,7752,Pterogyne nitens,,1,0,0,,,,,
10060,10114,10114,(Vaupel) Borg,71545,9229,Quiabentia verticillata,,1,0,0,,,,,
10060,10114,10114,(Sw.) DC.,53830,5925,Randia armata,,1,0,0,,,,,
10060,10114,10114,Poir.,55933,5927,Ranunculus bonariensis,,1,0,0,,,,,
10060,10114,10114,Poir.,55933,5927,Ranunculus bonariensis,,1,0,0,,,,,
10060,10114,10114,L.,37765,5927,Ranunculus muricatus,,0,0,0,,,,,
10060,10114,10114,(L.) All.,37908,5932,Rapistrum rugosum,,0,0,0,,,,,
10060,10114,10114,(Spreng.) R.M.King & H.Rob.,67464,8906,Raulinoreitzia crenulata,,1,0,0,,,,,
10060,10114,10114,Roem. & Schult.,37918,5934,Rauvolfia ligustrina,,1,0,0,,,,,
10060,10114,10114,Morrone & Zuloaga,409563,5315,Paspalum stagnophilum,,1,0,0,,,,,
10060,10114,10114,(Vell.) Miers,67376,5963,Rhabdadenia madida,,1,0,0,,,,,
10060,10114,10114,Woodson,53574,5963,Rhabdadenia ragonesei,,1,0,0,,,,,
10060,10114,10114,Mart.,73954,3409,Garcinia brasiliensis,,1,0,0,,,,,
10060,10114,10114,(Lem.) Barthlott,48990,7297,Lepismium lumbricoides,,1,0,0,,,,,
10060,10114,10114,(J.S.Muell.) Stearn,38128,5982,Rhipsalis baccifera,,1,0,0,,,,,
10060,10114,10114,(Vell.) Miq.,48987,7297,Lepismium cruciforme,,1,0,0,,,,,
10060,10114,10114,(Lem.) Barthlott,48990,7297,Lepismium lumbricoides,,1,0,0,,,,,
10060,10114,10114,Fortunato,71941,6003,Rhynchosia burkartii,,1,0,0,,,,,
10060,10114,10114,Mart. ex Benth.,53685,6003,Rhynchosia corylifolia,,1,0,0,,,,,
10060,10114,10114,Micheli,102867,6003,Rhynchosia diversifolia,,1,0,0,,,,,
10060,10114,10114,Griseb.,71670,6003,Rhynchosia edulis,,1,0,0,,,,,
10060,10114,10114,(L.) DC.,38257,6003,Rhynchosia minima,,1,0,0,,,,,
10060,10114,10114,Fortunato,105606,6003,Rhynchosia naineckensis,,1,0,0,,,,,
10060,10114,10114,(A.Gray) Fryxell,58055,8245,Rhynchosida physocalyx,,1,0,0,,,,,
10060,10114,10114,Guagl.,49255,6005,Rhynchospora barrosiana,,1,0,0,,,,,
10060,10114,10114,(L.) Britton,38289,6005,Rhynchospora corymbosa,,1,0,0,,,,,
10060,10114,10114,(L.) Britton,38289,6005,Rhynchospora corymbosa,,1,0,0,,,,,
10060,10114,10114,(Kunth) Roem. & Schult.,38310,6005,Rhynchospora globosa,,1,0,0,,,,,
10060,10114,10114,Lindl. & Nees,38326,6005,Rhynchospora marisculus,,1,0,0,,,,,
10060,10114,10114,(Vahl) Boeckeler,38333,6005,Rhynchospora nervosa,,1,0,0,,,,,
10060,10114,10114,Griseb.,38353,6005,Rhynchospora scutellata,,1,0,0,,,,,
10060,10114,10114,Gomes,38423,6014,Richardia brasiliensis,,1,0,0,,,,,
10060,10114,10114,(Cham. & Schltdl.) Steud.,38427,6014,Richardia stellaris,,1,0,0,,,,,
10060,10114,10114,L.,38443,6020,Ricinus communis,,0,0,0,,,,,
10060,10114,10114,L.,38460,866,Rivina humilis,,1,0,0,,,,,
10060,10114,10114,(Morong) Malme,71453,9213,Rojasia gracilis,,1,0,0,,,,,
10060,10114,10114,(Poir.) Macloskie,102835,6042,Rorippa bonariensis,,1,0,0,,,,,
10060,10114,10114,(Poir.) Macloskie,102835,6042,Rorippa bonariensis,,1,0,0,,,,,
10060,10114,10114,(Spreng.) J.F.Macbr.,104769,6042,Rorippa clandestina,,1,0,0,,,,,
10060,10114,10114,(Walp.) Cabrera,103730,6042,Rorippa hilariana,,1,0,0,,,,,
10060,10114,10114,(L.) Besser,38661,6042,Rorippa palustris,,0,0,0,,,,,
10060,10114,10114,Schltdl. & Cham.,38754,6054,Rotala mexicana,,1,0,0,,,,,
10060,10114,10114,(L.) Koehne,38755,6054,Rotala ramosior,,1,0,0,,,,,
10060,10114,10114,(Nees) Lindau ex Rambo,53545,6068,Ruellia angustiflora,,1,0,0,,,,,
10060,10114,10114,Hook.,71397,6068,Ruellia ciliatiflora,,1,0,0,,,,,
10060,10114,10114,(Nees) Lindau,71398,6068,Ruellia erythropus,,1,0,0,,,,,
10060,10114,10114,Lindau,71867,6068,Ruellia filicalyx,,1,0,0,,,,,
10060,10114,10114,Kunth,39287,6068,Ruellia geminiflora,,1,0,0,,,,,
10060,10114,10114,Mart.,71399,6068,Ruellia hygrophila,,1,0,0,,,,,
10060,10114,10114,Lillo ex C.Ezcurra,71400,6068,Ruellia macrosolen,,1,0,0,,,,,
10060,10114,10114,C.Wright,39306,6068,Ruellia simplex,,1,0,0,,,,,
10060,10114,10114,(Mez) Zuloaga,104770,9535,Rugoloa hylaeica,,1,0,0,,,,,
10060,10114,10114,Rech.f.,103732,6070,Rumex argentinus,,1,0,0,,,,,
10060,10114,10114,Danser,39353,6070,Rumex obovatus,,1,0,0,,,,,
10060,10114,10114,D.Parodi,71984,6070,Rumex paraguayensis,,1,0,0,,,,,
10060,10114,10114,L.,39389,6073,Ruppia maritima,,1,0,0,,,,,
10060,10114,10114,Wedd.,71806,6074,Ruprechtia apetala,,1,0,0,,,,,
10060,10114,10114,Meisn.,76318,6074,Ruprechtia brachysepala,,1,0,0,,,,,
10060,10114,10114,Meisn.,53816,6074,Ruprechtia laxiflora,,1,0,0,,,,,
10060,10114,10114,(Aubl.) Garay,39522,6100,Sacoila lanceolata,,1,0,0,,,,,
10060,10114,10114,(Hieron.) Radlk.,445554,6104,Sageretia lehmannii,,1,0,0,,,,,
10060,10114,10114,Kunth,39553,6106,Sagittaria guayanensis,,1,0,0,,,,,
10060,10114,10114,Cham. & Schltdl.,39559,6106,Sagittaria montevidensis,,1,0,0,,,,,
10060,10114,10114,Willd.,39670,6115,Salix humboldtiana,,1,0,0,,,,,
10060,10114,10114,Willd.,39670,6115,Salix humboldtiana,,1,0,0,,,,,
10060,10114,10114,(Lam.) Baill.,39729,6119,Salpichroa origanifolia,,1,0,0,,,,,
10060,10114,10114,(Griseb.) Adr.Sanchez,71808,9246,Salta triflora,,1,0,0,,,,,
10060,10114,10114,Benth.,71946,6123,Salvia cardiophylla,,1,0,0,,,,,
10060,10114,10114,Benth.,104771,6123,Salvia nervosa,,1,0,0,,,,,
10060,10114,10114,Benth.,72090,6123,Salvia pallida,,1,0,0,,,,,
10060,10114,10114,Raddi,53543,6124,Salvinia biloba,,1,0,0,,,,,
10060,10114,10114,Cham. & Schltdl.,48998,6125,Sambucus australis,,1,0,0,,,,,
10060,10114,10114,L.,39860,6126,Samolus valerandi,,1,0,0,,,,,
10060,10114,10114,L.,39940,6139,Sapindus saponaria,,1,0,0,,,,,
10060,10114,10114,(L.) Morong,39948,6140,Sapium glandulosum,,1,0,0,,,,,
10060,10114,10114,Müll.Arg.,53659,6140,Sapium haematospermum,,1,0,0,,,,,
10060,10114,10114,(Hook.) Klotzsch,82551,6152,Sarcoglottis grandiflora,,1,0,0,,,,,
10060,10114,10114,(Griseb.) Christenh. & Byng,445503,4805,Morisonia salicifolia,,1,0,0,,,,,
10060,10114,10114,Speg.,71554,6197,Schaefferia argentinensis,,1,0,0,,,,,
10060,10114,10114,(Aubl.) Decne. & Planch.,442374,8893,Didymopanax morototoni,,1,0,0,,,,,
10060,10114,10114,Engl.,53561,7735,Schinopsis balansae,,1,0,0,,,,,
10060,10114,10114,Ragonese & J.A.Castigl.,71427,7735,Schinopsis heterophylla,,1,0,0,,,,,
10060,10114,10114,(Griseb.) Engl.,71428,7735,Schinopsis lorentzii,,1,0,0,,,,,
10060,10114,10114,(Griseb.) I.M.Johnst.,53562,6207,Schinus fasciculata,,1,0,0,,,,,
10060,10114,10114,(Lindl.) Speg.,72013,6207,Schinus longifolia,,1,0,0,,,,,
10060,10114,10114,(Kunth) Nees,40355,6214,Schizachyrium condensatum,,1,0,0,,,,,
10060,10114,10114,Peichoto,104482,6214,Schizachyrium glaziovii,,1,0,0,,,,,
10060,10114,10114,"(Desv.) Roseng., B.R.Arrill. & Izag.",442384,6214,Schizachyrium microstachyum,,1,0,0,,,,,
10060,10114,10114,"(Desv.) Roseng., B.R.Arrill. & Izag.",442384,6214,Schizachyrium microstachyum,,1,0,0,,,,,
10060,10114,10114,(Spreng.) Herter,71980,6214,Schizachyrium spicatum,,1,0,0,,,,,
10060,10114,10114,(C.A.Mey.) Soják,40456,6238,Schoenoplectus californicus,,1,0,0,,,,,
10060,10114,10114,(C.C.Gmel.) Palla,40461,6238,Schoenoplectus tabernaemontani,,1,0,0,,,,,
10060,10114,10114,Mart.,53575,7737,Schubertia grandiflora,,1,0,0,,,,,
10060,10114,10114,Griseb.,104772,6245,Schultesia australis,,1,0,0,,,,,
10060,10114,10114,L.,40529,6250,Schwenckia americana,,1,0,0,,,,,
10060,10114,10114,(Kunth) H.Pfeiff.,103737,10929,Androtrichum giganteum,,1,0,0,,,,,
10060,10114,10114,Maury ex Micheli,105626,6258,Scleria balansae,,1,0,0,,,,,
10060,10114,10114,Raddi,40601,6258,Scleria gaertneri,,1,0,0,,,,,
10060,10114,10114,Kunth,104774,6258,Scleria sellowiana,,1,0,0,,,,,
10060,10114,10114,Miers,40664,6264,Sclerophylax spinescens,,1,0,0,,,,,
10060,10114,10114,Di Fulvio,104490,6264,Sclerophylax trispermus,,1,0,0,,,,,
10060,10114,10114,L.,40713,6272,Scoparia dulcis,,1,0,0,,,,,
10060,10114,10114,Cham. & Schltdl.,72111,6272,Scoparia ericacea,,1,0,0,,,,,
10060,10114,10114,(Spreng.) R.E.Fr.,53780,6272,Scoparia montevidensis,,1,0,0,,,,,
10060,10114,10114,Pers.,53708,6281,Scutellaria racemosa,,1,0,0,,,,,
10060,10114,10114,Reissek,76407,6282,Scutia buxifolia,,1,0,0,,,,,
10060,10114,10114,Spreng.,49033,6289,Sebastiania brasiliensis,,1,0,0,,,,,
10060,10114,10114,(Baill. ex Müll.Arg.) Müll.Arg.,84647,6289,Sebastiania serrata,,1,0,0,,,,,
10060,10114,10114,Jacq.,443678,868,Seguieria aculeata,,1,0,0,,,,,
10060,10114,10114,Morong,76419,868,Seguieria paraguayensis,,1,0,0,,,,,
10060,10114,10114,(Arn.) Spring,71840,6304,Selaginella convoluta,,1,0,0,,,,,
10060,10114,10114,Griseb.,71899,6319,Senecio deferens,,1,0,0,,,,,
10060,10114,10114,Dematt. & Cristóbal,104775,6319,Senecio glandulifer,,1,0,0,,,,,
10060,10114,10114,Baker,53599,6319,Senecio grisebachii,,1,0,0,,,,,
10060,10114,10114,Baker,53599,6319,Senecio grisebachii,,1,0,0,,,,,
10060,10114,10114,Baker,53599,6319,Senecio grisebachii,,1,0,0,,,,,
10060,10114,10114,Poir.,48205,6319,Senecio madagascariensis,,0,0,0,,,,,
10060,10114,10114,Poir.,72044,6319,Senecio pinnatus,,1,0,0,,,,,
10060,10114,10114,Hieron.,448235,6319,Senecio vira-vira,,1,0,0,,,,,
10060,10114,10114,(L.) Roxb.,41195,6320,Senna alata,,0,0,1,,,,,
10060,10114,10114,(Harms) H.S.Irwin & Barneby,71672,6320,Senna chloroclada,,1,0,0,,,,,
10060,10114,10114,(L.) H.S.Irwin & Barneby,41214,6320,Senna hirsuta,,1,0,0,,,,,
10060,10114,10114,(Britton) H.S.Irwin & Barneby,71673,6320,Senna morongii,,1,0,0,,,,,
10060,10114,10114,(L.) H.S.Irwin & Barneby,41224,6320,Senna obtusifolia,,1,0,0,,,,,
10060,10114,10114,(L.) Link,41225,6320,Senna occidentalis,,1,0,0,,,,,
10060,10114,10114,(Humb. & Bonpl. ex Willd.) H.S.Irwin & Barneby,41227,6320,Senna pendula,,1,0,0,,,,,
10060,10114,10114,(Burkart) H.S.Irwin & Barneby,71944,6320,Senna spiniflora,,1,0,0,,,,,
10060,10114,10114,(Jacq.) Willd.,41284,6329,Serjania caracasana,,1,0,0,,,,,
10060,10114,10114,Radlk.,49191,6329,Serjania fuscifolia,,1,0,0,,,,,
10060,10114,10114,Casar.,71837,6329,Serjania marginata,,1,0,0,,,,,
10060,10114,10114,Radlk.,53843,6329,Serjania perulacea,,1,0,0,,,,,
10060,10114,10114,Kunth,41316,6336,Sesbania exasperata,,1,0,0,,,,,
10060,10114,10114,(Cav.) Poir.,53688,6336,Sesbania virgata,,1,0,0,,,,,
10060,10114,10114,(L.) L.,41345,6340,Sesuvium portulacastrum,,0,0,0,,,,,
10060,10114,10114,R.A.W.Herrm.,104537,6341,Setaria cordobensis,,1,0,0,,,,,
10060,10114,10114,R.A.W.Herrm.,53807,6341,Setaria fiebrigii,,1,0,0,,,,,
10060,10114,10114,(Forssk.) Veldkamp,441581,6341,Setaria geminata,,1,0,0,,,,,
10060,10114,10114,(Steud.) Griseb.,53808,6341,Setaria globulifera,,1,0,0,,,,,
10060,10114,10114,Hack.,104538,6341,Setaria hassleri,,1,0,0,,,,,
10060,10114,10114,Anton,71981,6341,Setaria hunzikeri,,1,0,0,,,,,
10060,10114,10114,(L.) P.Beauv.,41358,6341,Setaria italica,,0,0,0,,,,,
10060,10114,10114,(Nees) Kunth,53809,6341,Setaria lachnea,,1,0,0,,,,,
10060,10114,10114,Kunth,41364,6341,Setaria macrostachya,,1,0,0,,,,,
10060,10114,10114,Griseb.,41365,6341,Setaria magna,,1,0,0,,,,,
10060,10114,10114,Pensiero,71791,6341,Setaria nicorae,,1,0,0,,,,,
10060,10114,10114,(Poir.) Kerguélen,41370,6341,Setaria parviflora,,1,0,0,,,,,
10060,10114,10114,Raddi,41378,6341,Setaria sulcata,,1,0,0,,,,,
10060,10114,10114,(L.) P.Beauv.,41382,6341,Setaria verticillata,,0,0,0,,,,,
10060,10114,10114,(Lam.) Roem. & Schult.,41384,6341,Setaria vulpiseta,,1,0,0,,,,,
10060,10114,10114,Cogn.,49016,6362,Sicyos polyacanthos,,1,0,0,,,,,
10060,10114,10114,A.St.-Hil.,443674,6363,Sida anomala,,1,0,0,,,,,
10060,10114,10114,Krapov.,71728,6363,Sida cabreriana,,1,0,0,,,,,
10060,10114,10114,L.,41469,6363,Sida cordifolia,,1,0,0,,,,,
10060,10114,10114,Griseb. ex K. Schum.,445514,6363,Sida dictyocarpa,,1,0,0,,,,,
10060,10114,10114,R.E.Fr.,445537,6363,Sida esperanzae,,1,0,0,,,,,
10060,10114,10114,Krapov.,71733,6363,Sida monteiroi,,1,0,0,,,,,
10060,10114,10114,Krapov.,71734,6363,Sida pedersenii,,1,0,0,,,,,
10060,10114,10114,L.,41488,6363,Sida rhombifolia,,1,0,0,,,,,
10060,10114,10114,K.Schum.,445538,6363,Sida riedelii,,1,0,0,,,,,
10060,10114,10114,Monteiro,53734,6363,Sida rodrigoi,,1,0,0,,,,,
10060,10114,10114,Hassl.,445515,6363,Sida rupicola,,1,0,0,,,,,
10060,10114,10114,Monteiro,71735,6363,Sida santaremensis,,1,0,0,,,,,
10060,10114,10114,L.,41493,6363,Sida spinosa,,1,0,0,,,,,
10060,10114,10114,L.,41497,6363,Sida urens,,1,0,0,,,,,
10060,10114,10114,(Griseb.) Krapov.,71736,6363,Sida variegata,,1,0,0,,,,,
10060,10114,10114,(Jacq.) Fryxell,41503,6365,Sidastrum multiflorum,,1,0,0,,,,,
10060,10114,10114,(L.) Fryxell,41504,6365,Sidastrum paniculatum,,1,0,0,,,,,
10060,10114,10114,(Roem. & Schult.) T.D.Penn.,41561,6367,Sideroxylon obtusifolium,,1,0,0,,,,,
10060,10114,10114,(Mart.) Wiehler,72086,6385,Sinningia allagophylla,,1,0,0,,,,,
10060,10114,10114,(Hook.) Fritsch,53693,6385,Sinningia tubiflora,,1,0,0,,,,,
10060,10114,10114,(Hiern) Chautems,53694,6385,Sinningia warmingii,,1,0,0,,,,,
10060,10114,10114,L.,41763,6399,Sisymbrium irio,,0,0,0,,,,,
10060,10114,10114,Baker,71679,6400,Sisyrinchium pachyrhizum,,1,0,0,,,,,
10060,10114,10114,Ravenna,105650,6400,Sisyrinchium marchioides,,1,0,0,,,,,
10060,10114,10114,Malme,102929,6400,Sisyrinchium megapotamicum,,1,0,0,,,,,
10060,10114,10114,Klatt,102930,6400,Sisyrinchium minutiflorum,,1,0,0,,,,,
10060,10114,10114,Baker,71679,6400,Sisyrinchium pachyrhizum,,1,0,0,,,,,
10060,10114,10114,L.,48213,6400,Sisyrinchium palmifolium,,1,0,0,,,,,
10060,10114,10114,I.M.Johnst.,103761,6400,Sisyrinchium platense,,1,0,0,,,,,
10060,10114,10114,Ravenna,105652,6400,Sisyrinchium soboliferum,,1,0,0,,,,,
10060,10114,10114,Spreng.,67634,6400,Sisyrinchium vaginatum,,1,0,0,,,,,
10060,10114,10114,A.DC.,71842,6408,Smilax assumptionis,,1,0,0,,,,,
10060,10114,10114,Griseb.,53848,6408,Smilax campestris,,1,0,0,,,,,
10060,10114,10114,Guagl. & Gattuso,71843,6408,Smilax pilcomayensis,,1,0,0,,,,,
10060,10114,10114,Mill.,41906,6417,Solanum americanum,,1,0,0,,,,,
10060,10114,10114,Steud.,41908,6417,Solanum amygdalifolium,,1,0,0,,,,,
10060,10114,10114,Bitter,103763,6417,Solanum angustifidum,,1,0,0,,,,,
10060,10114,10114,Bitter & Lillo,71990,6417,Solanum argentinum,,1,0,0,,,,,
10060,10114,10114,Morong,71991,6417,Solanum aridum,,1,0,0,,,,,
10060,10114,10114,Schrank,49207,6417,Solanum atropurpureum,,1,0,0,,,,,
10060,10114,10114,Vell.,53855,6417,Solanum caavurana,,1,0,0,,,,,
10060,10114,10114,Bitter,49208,6417,Solanum chacoense,,1,0,0,,,,,
10060,10114,10114,C.V.Morton,71849,6417,Solanum comptum,,1,0,0,,,,,
10060,10114,10114,Cav.,41941,6417,Solanum elaeagnifolium,,1,0,0,,,,,
10060,10114,10114,Desf.,53856,6417,Solanum glaucophyllum,,1,0,0,,,,,
10060,10114,10114,Dunal,443686,6417,Solanum granulosoleprosum,,1,0,0,,,,,
10060,10114,10114,Kuntze,71850,6417,Solanum hieronymi,,1,0,0,,,,,
10060,10114,10114,Bitter,448344,6417,Solanum malmeanum,,1,0,0,,,,,
10060,10114,10114,N.E.Br.,71851,6417,Solanum multispinum,,1,0,0,,,,,
10060,10114,10114,Dunal,53858,6417,Solanum palinacanthum,,1,0,0,,,,,
10060,10114,10114,Rusby,42007,6417,Solanum physalifolium,,1,0,0,,,,,
10060,10114,10114,Morong,448488,6417,Solanum pilcomayense,,1,0,0,,,,,
10060,10114,10114,L.,42014,6417,Solanum pseudocapsicum,,1,0,0,,,,,
10060,10114,10114,H.Wendl.,42020,6417,Solanum robustum,,1,0,0,,,,,
10060,10114,10114,Lam.,42032,6417,Solanum sisymbriifolium,,1,0,0,,,,,
10060,10114,10114,Rusby,76689,6417,Solanum symmetricum,,1,0,0,,,,,
10060,10114,10114,L.,42014,6417,Solanum pseudocapsicum,,0,1,0,,,,,
10060,10114,10114,Lindl.,72136,6417,Solanum uncinellum,,1,0,0,,,,,
10060,10114,10114,Dunal,53859,6417,Solanum viarum,,1,0,0,,,,,
10060,10114,10114,Meyen,42082,6426,Solidago chilensis,,1,0,0,,,,,
10060,10114,10114,Meyen,42082,6426,Solidago chilensis,,1,0,0,,,,,
10060,10114,10114,(Juss.) R.Br.,42096,6427,Soliva anthemifolia,,1,0,0,,,,,
10060,10114,10114,L.,42135,6431,Sonchus oleraceus,,0,0,0,,,,,
10060,10114,10114,(Griseb.) Hitchc.,42226,6437,Sorghastrum setosum,,1,0,0,,,,,
10060,10114,10114,(Kunth) Nash,42227,6437,Sorghastrum stipoides,,1,0,0,,,,,
10060,10114,10114,(L.) Pers.,42230,6438,Sorghum halepense,,0,1,0,,,,,
10060,10114,10114,(Baill.) J.F.Macbr.,42240,6440,Sorocea sprucei,,1,0,0,,,,,
10060,10114,10114,Michx.,53831,6462,Spermacoce glabra,,1,0,0,,,,,
10060,10114,10114,(Cav.) Griseb.,71737,6464,Sphaeralcea bonariensis,,1,0,0,,,,,
10060,10114,10114,(Cav.) Spach,103776,6464,Sphaeralcea miniata,,1,0,0,,,,,
10060,10114,10114,(Baker) Pruski,53598,6472,Sphagneticola brachycarpa,,1,0,0,,,,,
10060,10114,10114,Gaertn.,42488,6473,Sphenoclea zeylanica,,1,0,0,,,,,
10060,10114,10114,Cham. & Schltdl.,444747,6481,Spigelia humboldtiana,,1,0,0,,,,,
10060,10114,10114,(G.Mey.) C.H.Thomps.,42558,6490,Spirodela punctata,,1,0,0,,,,,
10060,10114,10114,(L.) R.Br.,42591,6495,Sporobolus indicus,,1,0,0,,,,,
10060,10114,10114,"Roseng., B.R.Arrill. & Izag.",71983,6495,Sporobolus monandrus,,1,0,0,,,,,
10060,10114,10114,(Lam.) Hitchc.,42600,6495,Sporobolus pyramidatus,,1,0,0,,,,,
10060,10114,10114,(L.) L.,42639,6502,Stachys arvensis,,0,0,0,,,,,
10060,10114,10114,Benth.,55742,6502,Stachys gilliesii,,1,0,0,,,,,
10060,10114,10114,(Rich.) Vahl,42663,6503,Stachytarpheta cayennensis,,1,0,0,,,,,
10060,10114,10114,E.L.Cabral & Salas,105870,9249,Staelia juarezii,,1,0,0,,,,,
10060,10114,10114,(Willd.) K.Schum.,71828,9249,Staelia virgata,,1,0,0,,,,,
10060,10114,10114,(Elliott) Nash,63133,6521,Steinchisma hians,,1,0,0,,,,,
10060,10114,10114,(Sw.) Zuloaga,42738,6521,Steinchisma laxum,,1,0,0,,,,,
10060,10114,10114,(L.) Vill.,42788,6523,Stellaria media,,0,0,0,,,,,
10060,10114,10114,(L.) Vill.,42788,6523,Stellaria media,,0,0,0,,,,,
10060,10114,10114,(Kuntze) K.Schum.,71777,6527,Stemodia ericifolia,,1,0,0,,,,,
10060,10114,10114,Cham. & Schltdl.,71965,6527,Stemodia hyptoides,,1,0,0,,,,,
10060,10114,10114,Benth.,53782,6527,Stemodia lanceolata,,1,0,0,,,,,
10060,10114,10114,A.St.-Hil.,53783,6527,Stemodia palustris,,1,0,0,,,,,
10060,10114,10114,(Mill.) Hassl.,42814,6527,Stemodia verticillata,,1,0,0,,,,,
10060,10114,10114,Nees,71868,6531,Stenandrium diphyllum,,1,0,0,,,,,
10060,10114,10114,(Cav.) Nees,53547,6531,Stenandrium dulce,,1,0,0,,,,,
10060,10114,10114,(Roth) Zuloaga & Morrone,441588,20078,Stephostachys mertensii,,1,0,0,,,,,
10060,10114,10114,(C.F.Först.) Britton & Rose,71546,9230,Stetsonia coryne,,1,0,0,,,,,
10060,10114,10114,Hieron.,71485,6558,Stevia entreriensis,,1,0,0,,,,,
10060,10114,10114,N.E.Br.,71693,6563,Stigmaphyllon calcaratum,,1,0,0,,,,,
10060,10114,10114,(Hook. & Arn.) G.Don,49079,7305,Struthanthus uraguensis,,1,0,0,,,,,
10060,10114,10114,(Ruiz & Pav.) Holub,72128,6602,Stuckenia striata,,1,0,0,,,,,
10060,10114,10114,Moq.,71353,6610,Suaeda divaricata,,1,0,0,,,,,
10060,10114,10114,(Cham.) Glassman,43355,6630,Syagrus romanzoffiana,,1,0,0,,,,,
10060,10114,10114,(Michx.) G.L.Nesom,43380,6635,Symphyotrichum subulatum,,1,0,0,,,,,
10060,10114,10114,(Griseb.) Engl.,71454,9214,Synandrospadix vermitoxicus,,1,0,0,,,,,
10060,10114,10114,Hieron. & Kuntze,62622,8514,Synedrellopsis grisebachii,,1,0,0,,,,,
10060,10114,10114,(Silva Manso) Benth. & Hook.f. ex S.Moore,43703,6655,Tabebuia aurea,,1,0,0,,,,,
10060,10114,10114,(Griseb.) Griseb.,53609,6655,Tabebuia nodosa,,1,0,0,,,,,
10060,10114,10114,A.DC.,48906,6656,Tabernaemontana catharinensis,,1,0,0,,,,,
10060,10114,10114,L.,43828,6665,Tagetes minuta,,1,0,0,,,,,
10060,10114,10114,(L.) Juss.,43839,6668,Talinum fruticosum,,0,0,0,,,,,
10060,10114,10114,(Jacq.) Gaertn.,43840,6668,Talinum paniculatum,,0,0,0,,,,,
10060,10114,10114,Gillies ex Arn.,71996,6668,Talinum polygaloides,,1,0,0,,,,,
10060,10114,10114,(Bureau & K.Schum.) Frazão & L.G.Lohmann,48972,3371,Fridericia mutabilis,,1,0,0,,,,,
10060,10114,10114,F.H.Wigg.,442743,6683,Taraxacum sect.,,0,0,0,,,,,
10060,10114,10114,(Griseb.) Lillo,53630,6717,Terminalia triflora,,1,0,0,,,,,
10060,10114,10114,(Hook. & Arn.) Cabrera,445545,7637,Tessaria dodonaeifolia,,1,0,0,,,,,
10060,10114,10114,Ruiz & Pav.,52346,7637,Tessaria integrifolia,,1,0,0,,,,,
10060,10114,10114,Ruiz & Pav.,52346,7637,Tessaria integrifolia,,1,0,0,,,,,
10060,10114,10114,(Pall.) Kuntze,442779,6726,Tetragonia tetragonoides,,0,0,0,,,,,
10060,10114,10114,Mill.,44741,6748,Teucrium vesicarium,,1,0,0,,,,,
10060,10114,10114,L.,44748,6752,Thalia geniculata,,1,0,0,,,,,
10060,10114,10114,Horkel ex Körn.,71958,6752,Thalia multiflora,,1,0,0,,,,,
10060,10114,10114,(Schrad.) A.R.Sm.,44854,6763,Thelypteris conspersa,,1,0,0,,,,,
10060,10114,10114,(Forssk.) E.P.St.John,439278,6763,Thelypteris dentata,,0,0,0,,,,,
10060,10114,10114,(Decne.) C.F.Reed,68677,6763,Thelypteris hispidula,,1,0,0,,,,,
10060,10114,10114,(Fée) Abbiatti,48881,6763,Thelypteris rivularioides,,1,0,0,,,,,
10060,10114,10114,(C.Presl) Lellinger,48883,6763,Thelypteris scabra,,1,0,0,,,,,
10060,10114,10114,(Cav.) Alston,44927,6763,Thelypteris serrata,,1,0,0,,,,,
10060,10114,10114,(Sw.) Small,44934,6763,Thelypteris tetragona,,1,0,0,,,,,
10060,10114,10114,Müll.Arg.,53576,7738,Thevetia bicornuta,,1,0,0,,,,,
10060,10114,10114,(Bonpl.) DC.,445120,19521,Chaetogastra gracilis,,1,0,0,,,,,
10060,10114,10114,Baker,53614,6809,Tillandsia bandensis,,1,0,0,,,,,
10060,10114,10114,A.Cast.,105871,6809,Tillandsia diaguitensis,,1,0,0,,,,,
10060,10114,10114,(É.Morren) Baker,53615,6809,Tillandsia didisticha,,1,0,0,,,,,
10060,10114,10114,Vis.,53616,6809,Tillandsia duratii,,1,0,0,,,,,
10060,10114,10114,Vis.,53616,6809,Tillandsia duratii,,1,0,0,,,,,
10060,10114,10114,A.Cast.,71522,6809,Tillandsia funebris,,1,0,0,,,,,
10060,10114,10114,Mart. ex Schult. & Schult.f.,68051,6809,Tillandsia loliacea,,1,0,0,,,,,
10060,10114,10114,Griseb.,71523,6809,Tillandsia lorentziana,,1,0,0,,,,,
10060,10114,10114,Hook.,53617,6809,Tillandsia recurvifolia,,1,0,0,,,,,
10060,10114,10114,(L.) L.,45181,6809,Tillandsia recurvata,,1,0,0,,,,,
10060,10114,10114,Baker,71527,6809,Tillandsia reichenbachii,,1,0,0,,,,,
10060,10114,10114,Baker,53618,6809,Tillandsia tricholepis,,1,0,0,,,,,
10060,10114,10114,(L.) L.,45192,6809,Tillandsia usneoides,,1,0,0,,,,,
10060,10114,10114,Baker,53619,6809,Tillandsia vernicosa,,1,0,0,,,,,
10060,10114,10114,(Salzm. ex DC.) Luebert,442853,4854,Myriopus rubicundus,,1,0,0,,,,,
10060,10114,10114,(A.DC.) Diane & Hilger,344314,4854,Myriopus salzmannii,,1,0,0,,,,,
10060,10114,10114,(Hook.) J.Sm.,442861,3727,Hemionitis aureonitens,,1,0,0,,,,,
10060,10114,10114,Vell.,45416,6861,Tradescantia fluminensis,,1,0,0,,,,,
10060,10114,10114,Klotzsch ex Müll.Arg.,53660,6863,Tragia geraniifolia,,1,0,0,,,,,
10060,10114,10114,Pax & K.Hoffm.,71614,6863,Tragia hieronymi,,1,0,0,,,,,
10060,10114,10114,Müll.Arg.,49036,6863,Tragia uberabana,,1,0,0,,,,,
10060,10114,10114,L.,45435,6863,Tragia volubilis,,1,0,0,,,,,
10060,10114,10114,Schult.,45444,6865,Tragus berteronianus,,0,0,0,,,,,
10060,10114,10114,(L.) Blume,442867,6870,Trema micranthum,,1,0,0,,,,,
10060,10114,10114,L.,45478,6878,Trianthema portulacastrum,,1,0,0,,,,,
10060,10114,10114,A.Juss.,49107,6882,Trichilia catigua,,1,0,0,,,,,
10060,10114,10114,A.Juss.,49109,6882,Trichilia elegans,,1,0,0,,,,,
10060,10114,10114,Sw.,45496,6882,Trichilia pallida,,1,0,0,,,,,
10060,10114,10114,(Lag.) P.M.Peterson & N.Snow,345574,4251,Leptochloa crinita,,1,0,0,,,,,
10060,10114,10114,(E.Fourn.) P.M.Peterson & N.Snow,334578,4251,Leptochloa pluriflora,,1,0,0,,,,,
10060,10114,10114,(Jacq.) M.W.Chase & N.H.Williams,45516,6888,Trichocentrum cebolleta,,1,0,0,,,,,
10060,10114,10114,(Lindl.) M.W.Chase & N.H.Williams,49289,6888,Trichocentrum pumilum,,1,0,0,,,,,
10060,10114,10114,L.,45647,6910,Tridax procumbens,,1,0,0,,,,,
10060,10114,10114,(Steud.) Parodi,53810,6911,Tridens brasiliensis,,1,0,0,,,,,
10060,10114,10114,(Ruiz & Pav.) Tiegh.,67707,8932,Tripodanthus acutifolius,,1,0,0,,,,,
10060,10114,10114,(Mart.) Christenh. & Byng,446657,1933,Callisia diuretica,,1,0,0,,,,,
10060,10114,10114,(Seub.) Christenh. & Byng,443667,1933,Callisia glandulosa,,1,0,0,,,,,
10060,10114,10114,(Nees) P.M.Peterson & Romasch.,442897,19755,Tripogonella spicata,,1,0,0,,,,,
10060,10114,10114,(L.) R.M.Tryon,34727,5586,Pityrogramma trifoliata,,1,0,0,,,,,
10060,10114,10114,Drude,71457,9215,Trithrinax schizophylla,,1,0,0,,,,,
10060,10114,10114,Drude,71457,9215,Trithrinax schizophylla,,1,0,0,,,,,
10060,10114,10114,Jacq.,45931,6966,Triumfetta semitriloba,,1,0,0,,,,,
10060,10114,10114,(Kunth) Spreng.,45941,6968,Trixis divaricata,,1,0,0,,,,,
10060,10114,10114,(Kunth) Spreng.,45941,6968,Trixis divaricata,,1,0,0,,,,,
10060,10114,10114,Less.,71902,6968,Trixis pallida,,1,0,0,,,,,
10060,10114,10114,Lam.,45956,6974,Tropaeolum pentaphyllum,,1,0,0,,,,,
10060,10114,10114,Arbo,445550,6988,Turnera aurelioi,,1,0,0,,,,,
10060,10114,10114,(Urb.) Arbo,53768,6988,Turnera grandiflora,,1,0,0,,,,,
10060,10114,10114,(Urb.) Arbo,53769,6988,Turnera orientalis,,1,0,0,,,,,
10060,10114,10114,L.,71962,6988,Turnera sidoides,,1,0,0,,,,,
10060,10114,10114,Hook. & Arn.,71885,8008,Tweedia brunonis,,1,0,0,,,,,
10060,10114,10114,Pers.,46055,6997,Typha domingensis,,1,0,0,,,,,
10060,10114,10114,Wedd.,53861,7014,Urera aurantiaca,,1,0,0,,,,,
10060,10114,10114,(L.) Gaudich. ex Wedd.,46172,7014,Urera baccifera,,1,0,0,,,,,
10060,10114,10114,(Trin.) R.D.Webster,441577,7015,Urochloa adspersa,,1,0,0,,,,,
10060,10114,10114,(Hack.) Morrone & Zuloaga,442978,7015,Urochloa arrecta,,0,0,0,,,,,
10060,10114,10114,(A.Rich.) R.D.Webster,438768,7015,Urochloa brizantha,,0,0,0,,,,,
10060,10114,10114,(Sw.) B.F.Hansen & Wunderlin,46183,7015,Urochloa fusca,,1,0,0,,,,,
10060,10114,10114,(Mez) Morrone & Zuloaga,445518,7015,Urochloa lorentziana,,1,0,0,,,,,
10060,10114,10114,(Forssk.) T.Q.Nguyen,438774,7015,Urochloa mutica,,0,0,0,,,,,
10060,10114,10114,(Morong) Morrone & Zuloaga,445519,7015,Urochloa paucispicata,,1,0,0,,,,,
10060,10114,10114,(Link) R.D.Webster,438776,7015,Urochloa plantaginea,,1,0,0,,,,,
10060,10114,10114,(Munro ex C.Wright) R.D.Webster,438777,7015,Urochloa platyphylla,,1,0,0,,,,,
10060,10114,10114,(DC.) R.M.King & H.Rob.,77125,9579,Urolepis hecatantha,,1,0,0,,,,,
10060,10114,10114,(Hicken) Sorarú,103796,7024,Urtica circularis,,1,0,0,,,,,
10060,10114,10114,Hunz.,71838,7025,Urvillea chacoensis,,1,0,0,,,,,
10060,10114,10114,L.,46249,7026,Utricularia foliosa,,1,0,0,,,,,
10060,10114,10114,L.,46251,7026,Utricularia gibba,,1,0,0,,,,,
10060,10114,10114,Weber ex Benj.,67699,7026,Utricularia nervosa,,1,0,0,,,,,
10060,10114,10114,(Cav.) Link,46401,7035,Vallesia glabra,,1,0,0,,,,,
10060,10114,10114,Klotzsch,72105,7040,Vanilla chamissonis,,1,0,0,,,,,
10060,10114,10114,Jacq.,439408,7041,Varronia curassavica,,1,0,0,,,,,
10060,10114,10114,Ruiz & Pav.,443015,7041,Varronia dichotoma,,1,0,0,,,,,
10060,10114,10114,(Sendtn.) Hunz.,53860,7762,Vassobia breviflora,,1,0,0,,,,,
10060,10114,10114,L.,46514,7058,Verbena bonariensis,,1,0,0,,,,,
10060,10114,10114,(Cham.) Herter,71857,7058,Verbena gracilescens,,1,0,0,,,,,
10060,10114,10114,Ruiz & Pav.,56084,7058,Verbena hispida,,1,0,0,,,,,
10060,10114,10114,Gillies & Hook.,102914,7058,Verbena intermedia,,1,0,0,,,,,
10060,10114,10114,Kunth,46521,7058,Verbena litoralis,,1,0,0,,,,,
10060,10114,10114,Spreng.,46523,7058,Verbena rigida,,1,0,0,,,,,
10060,10114,10114,(Cav.) Benth. & Hook.f. ex A.Gray,46535,7059,Verbesina encelioides,,1,0,0,,,,,
10060,10114,10114,DC.,84593,7059,Verbesina subcordata,,1,0,0,,,,,
10060,10114,10114,(L.) H.Rob.,68038,7062,Vernonanthura brasiliana,,1,0,0,,,,,
10060,10114,10114,(Less.) H.Rob.,53600,7062,Vernonanthura chamaedrys,,1,0,0,,,,,
10060,10114,10114,(Cabrera) H.Rob.,104790,7062,Vernonanthura chaquensis,,1,0,0,,,,,
10060,10114,10114,(Spreng.) H.Rob.,67486,7062,Vernonanthura montevidensis,,1,0,0,,,,,
10060,10114,10114,(Baker) H.Rob.,48967,7062,Vernonanthura tweedieana,,1,0,0,,,,,
10060,10114,10114,Less.,71492,7063,Vernonia echioides,,1,0,0,,,,,
10060,10114,10114,Less.,53601,7063,Vernonia incana,,1,0,0,,,,,
10060,10114,10114,Burkart,72083,7069,Vicia epetiolaris,,1,0,0,,,,,
10060,10114,10114,Sm.,77167,7069,Vicia graminea,,1,0,0,,,,,
10060,10114,10114,Sm.,77167,7069,Vicia graminea,,1,0,0,,,,,
10060,10114,10114,Burkart,72084,7069,Vicia macrograminea,,1,0,0,,,,,
10060,10114,10114,Vogel,103803,7069,Vicia nana,,1,0,0,,,,,
10060,10114,10114,Burkart,103804,7069,Vicia pampicola,,1,0,0,,,,,
10060,10114,10114,A.D.Orb.,46817,7070,Victoria cruziana,,1,0,0,,,,,
10060,10114,10114,(G.Mey.) A.Delgado,297887,14673,Leptospron adenanthum,,1,0,0,,,,,
10060,10114,10114,(L.) Trew,73227,9333,Cochliasanthus caracalla,,1,0,0,,,,,
10060,10114,10114,(Jacq.) Benth.,46827,7072,Vigna luteola,,1,0,0,,,,,
10060,10114,10114,Bertero ex Spreng.,46996,7086,Vitex cymosa,,1,0,0,,,,,
10060,10114,10114,Mez,72053,7097,Vriesea friburgensis,,1,0,0,,,,,
10060,10114,10114,Nees ex Steud.,445477,3315,Festuca australis,,1,0,0,,,,,
10060,10114,10114,(Lam.) A.DC.,48996,7103,Wahlenbergia linarioides,,1,0,0,,,,,
10060,10114,10114,A.St.-Hil.,53736,7110,Waltheria communis,,1,0,0,,,,,
10060,10114,10114,L.,47202,7110,Waltheria indica,,1,0,0,,,,,
10060,10114,10114,S.Moore,72096,7135,Wissadula decora,,1,0,0,,,,,
10060,10114,10114,R.E.Fr.,71741,7135,Wissadula densiflora,,1,0,0,,,,,
10060,10114,10114,Chodat,71743,7135,Wissadula paraguariensis,,1,0,0,,,,,
10060,10114,10114,(L'Hér.) Garcke,47333,7135,Wissadula hernandioides,,1,0,0,,,,,
10060,10114,10114,Wedd.,47350,7142,Wolffia brasiliensis,,1,0,0,,,,,
10060,10114,10114,(Hegelm.) Hegelm.,47354,7143,Wolffiella lingulata,,1,0,0,,,,,
10060,10114,10114,(Phil.) Hegelm.,63783,7143,Wolffiella oblonga,,1,0,0,,,,,
10060,10114,10114,L.,47400,7155,Xanthium orientale,,0,0,0,,,,,
10060,10114,10114,L.,47402,7155,Xanthium spinosum,,1,0,0,,,,,
10060,10114,10114,L.,47480,7168,Ximenia americana,,1,0,0,,,,,
10060,10114,10114,N.E.Br.,53835,947,Xylosma venosa,,1,0,0,,,,,
10060,10114,10114,Rich.,47595,7180,Xyris jupicai,,1,0,0,,,,,
10060,10114,10114,Lam.,47651,7196,Zanthoxylum caribaeum,,1,0,0,,,,,
10060,10114,10114,(L.) Sarg.,47659,7196,Zanthoxylum fagara,,1,0,0,,,,,
10060,10114,10114,A.St.-Hil. & Tul.,49185,7196,Zanthoxylum petiolare,,1,0,0,,,,,
10060,10114,10114,Lam.,48266,7196,Zanthoxylum rhoifolium,,1,0,0,,,,,
10060,10114,10114,Herb.,47728,7203,Zephyranthes carinata,,1,0,0,,,,,
10060,10114,10114,Herb.,49242,7203,Zephyranthes mesochloa,,1,0,0,,,,,
10060,10114,10114,Herb.,103814,7203,Zephyranthes minima,,1,0,0,,,,,
10060,10114,10114,(Griseb.) Cabrera,71498,9104,Zexmenia brachylepis,,1,0,0,,,,,
10060,10114,10114,(L.) L.,47778,7208,Zinnia peruviana,,1,0,0,,,,,
10060,10114,10114,(Mart.) Hauenschild,428881,6155,Sarcomphalus joazeiro,,1,0,0,,,,,
10060,10114,10114,(Griseb.) Hauenschild,387471,6155,Sarcomphalus mistol,,1,0,0,,,,,
10060,10114,10114,Mohlenbr.,84678,7215,Zornia pardina,,1,0,0,,,,,
10060,10114,10114,Arechav.,104794,7215,Zornia cryptantha,,1,0,0,,,,,
10060,10114,10114,Sm.,47819,7215,Zornia latifolia,,1,0,0,,,,,
10060,10114,10114,Burkart ex Bacigalupo,53690,7215,Zornia multinervosa,,1,0,0,,,,,
10060,10114,10114,Mohlenbr.,84678,7215,Zornia pardina,,1,0,0,,,,,
10060,10114,10114,Sm.,47823,7215,Zornia reticulata,,1,0,0,,,,,
10060,10114,10114,Vogel,102869,7215,Zornia trachycarpa,,1,0,0,,,,,
10060,10114,10114,Barneby & J.W.Grimes,53691,7219,Zygia morongii,,1,0,0,,,,,
10060,10114,10114,G.Lodd.,49300,7333,Zygopetalum maxillare,,1,0,0,,,,,
10060,10114,10114,Kraenzl.,104795,11009,Zygostates alleniana,,1,0,0,,,,,
10060,10114,10114,(Cham. & Schltdl.) Griseb.,102870,10910,Zygostigma australe,,1,0,0,,,,,
