ref_ID,list_ID,entity_ID,work_author,work_ID,genus_ID,work_species,questionable,native,quest_native,naturalized,endemic_ref,quest_end_ref,endemic_list,quest_end_list,cons_status
10020,10059,10059,A.Br.,78005,3977,Isoetes schweinfurthii,,1,0,,0,,,,
10020,10059,10059,Desf.,16638,3145,Equisetum ramosissimum,,1,0,,0,,,,
10020,10059,10059,R.Br.,30985,5116,Ophioglossum costatum,,1,0,,0,,,,
10020,10059,10059,A.Cunn.,441490,5116,Ophioglossum coriaceum,,1,0,,0,,,,
10020,10059,10059,Hook. & Grev.,30987,5116,Ophioglossum ellipticum,,1,0,,0,,,,
10020,10059,10059,L.,31006,5116,Ophioglossum reticulatum,,1,0,,0,,,,
10020,10059,10059,(Cav.) R.Br.,27067,4430,Lygodium microphyllum,,1,0,,0,,,,
10020,10059,10059,A.Braun,78006,4555,Marsilea gibba,,1,0,,0,,,,
10020,10059,10059,L.,27885,4555,Marsilea minuta,,1,0,,0,,,,
10020,10059,10059,A.Braun,27887,4555,Marsilea nubica,,1,0,,0,,,,
10020,10059,10059,Lepr. ex A.Braun,78007,4555,Marsilea subterranea,,1,0,,0,,,,
10020,10059,10059,Willd.,27881,4555,Marsilea coromandelina,,1,0,,0,,,,
10020,10059,10059,R.Br.,4433,1589,Azolla pinnata,,1,0,,0,,,,
10020,10059,10059,(L.f.) Link,676,1029,Actiniopteris australis,,1,0,,0,,,,
10020,10059,10059,Pic.Serm.,679,1029,Actiniopteris semiflabellata,,1,0,,0,,,,
10020,10059,10059,L.,791,1069,Adiantum capillus-veneris,,1,0,,0,,,,
10020,10059,10059,L.,438205,1069,Adiantum philippense,,1,0,,0,,,,
10020,10059,10059,Kuhn,78008,1069,Adiantum schweinfurthii,,1,0,,0,,,,
10020,10059,10059,Wall. ex Hook.,839,1069,Adiantum soboliferum,,1,0,,0,,,,
10020,10059,10059,(P.Beauv.) Le Prieur,8929,2140,Ceratopteris cornuta,,1,0,,0,,,,
10020,10059,10059,(Balb.) Mosyakin,433943,3727,Hemionitis acrostica,,1,0,,0,,,,
10020,10059,10059,(Reichard) Christenh.,439232,3727,Hemionitis pteridioides,,1,0,,0,,,,
10020,10059,10059,(Aiton) Tod.,11261,2509,Cosentinia vellea,,1,0,,0,,,,
10020,10059,10059,(J.Sm. & Hook.) Christenh.,441647,3727,Hemionitis doniana,,1,0,,0,,,,
10020,10059,10059,L.,3711,1517,Asplenium adiantum-nigrum,,1,0,,0,,,,
10020,10059,10059,(Burm.f.) Becherer,3715,1517,Asplenium aethiopicum,,1,0,,0,,,,
10020,10059,10059,Christ,78009,1517,Asplenium daghestanicum,,1,0,,1,,,,
10020,10059,10059,(Kuntze) C.F.Reed,370221,6763,Thelypteris venulosa,,1,0,,0,,,,
10020,10059,10059,(Willd.) K.Iwats.,439585,6763,Thelypteris interrupta,,1,0,,0,,,,
10020,10059,10059,(Willd.) K.Iwats.,439585,6763,Thelypteris interrupta,,1,0,,0,,,,
10020,10059,10059,(L.) Bernh.,13181,2688,Cystopteris fragilis,,1,0,,0,,,,
10020,10059,10059,(Afzel. ex Sw.) J.Sm.,30265,4965,Nephrolepis undulata,,1,0,,0,,,,
10020,10059,10059,Decne.,51474,3132,Ephedra alata,,1,0,,0,,,,
10020,10059,10059,Desf.,16452,3132,Ephedra altissima,,1,0,,1,,,,
10020,10059,10059,Fisch. & C.A.Mey.,443446,3132,Ephedra ciliata,,1,0,,1,,,,
10020,10059,10059,Maire,78012,3132,Ephedra tilhoana,,1,0,,1,,,,
10020,10059,10059,L.,30476,5040,Nymphaea lotus,,1,0,,0,,,,
10020,10059,10059,Schumach. & Thonn.,65646,5040,Nymphaea maculata,,1,0,,0,,,,
10020,10059,10059,Guill. & Perr.,65647,5040,Nymphaea micrantha,,1,0,,0,,,,
10020,10059,10059,Burm.f.,30478,5040,Nymphaea nouchali,,1,0,,0,,,,
10020,10059,10059,Duch.,78013,1466,Aristolochia albida,,1,0,,0,,,,
10020,10059,10059,Lam.,78014,1466,Aristolochia bracteolata,,1,0,,0,,,,
10020,10059,10059,Parodi,3302,1466,Aristolochia littoralis,,0,0,,0,,,,
10020,10059,10059,Hook.f.,443697,1466,Aristolochia triactina,,1,0,,0,,,,
10020,10059,10059,Pers.,2478,1333,Annona senegalensis,,1,0,,0,,,,
10020,10059,10059,(A.Rich.) Engl. & Diels,68923,7363,Hexalobus monopetalus,,1,0,,0,,,,
10020,10059,10059,(Engl.) Verdc.,68556,7368,Monanthotaxis buchananii,,1,0,,0,,,,
10020,10059,10059,P.Beauv.,68924,7027,Uvaria chamae,,1,0,,0,,,,
10020,10059,10059,(Dunal) A.Rich.,47504,7177,Xylopia aethiopica,,1,0,,0,,,,
10020,10059,10059,De Wild. & T.Durand,49617,7177,Xylopia longipetala,,1,0,,0,,,,
10020,10059,10059,(A.Rich.) N.E.Br.,68351,1244,Amorphophallus abyssinicus,,1,0,,0,,,,
10020,10059,10059,(Hook.) Hutch.,68878,1244,Amorphophallus aphyllus,,1,0,,0,,,,
10020,10059,10059,(Engl.) N.E.Br.,78015,1244,Amorphophallus baumannii,,1,0,,0,,,,
10020,10059,10059,(Blume) Engl.,49814,7414,Anchomanes difformis,,1,0,,0,,,,
10020,10059,10059,(L.) Schott,10522,2409,Colocasia esculenta,,0,0,,0,,,,
10020,10059,10059,Schott,49844,7415,Lasimorpha senegalensis,,1,0,,0,,,,
10020,10059,10059,Welw.,25027,4210,Lemna aequinoctialis,,0,0,,0,,,,
10020,10059,10059,L.,25029,4210,Lemna gibba,,1,0,,0,,,,
10020,10059,10059,L.,25030,4210,Lemna minor,,1,0,,0,,,,
10020,10059,10059,L.,34578,5579,Pistia stratiotes,,0,0,,0,,,,
10020,10059,10059,(L.) Schleid.,440826,6490,Spirodela polyrhiza,,1,0,,0,,,,
10020,10059,10059,Lepr.,445213,7418,Stylochaeton hypogeum,,1,0,,0,,,,
10020,10059,10059,Kotschy & Peyr.,446080,7418,Stylochaeton lancifolium,,1,0,,0,,,,
10020,10059,10059,(Delile) Monod,78017,7143,Wolffiella hyalina,,1,0,,0,,,,
10020,10059,10059,(Hegelm.) Monod,47355,7143,Wolffiella welwitschii,,1,0,,0,,,,
10020,10059,10059,Micheli,68872,9026,Burnatia enneandra,,1,0,,0,,,,
10020,10059,10059,(D.Don) Kunth,53245,7704,Butomopsis latifolia,,1,0,,0,,,,
10020,10059,10059,(Thwaites) Lehtonen,446081,1149,Albidella glandulosa,,1,0,,0,,,,
10020,10059,10059,(F.Muell.) Lehtonen,443548,1149,Albidella oligococca,,1,0,,0,,,,
10020,10059,10059,(L.) Miq.,53426,7721,Limnophyton obtusifolium,,1,0,,0,,,,
10020,10059,10059,(Rich. ex Kunth) Hutch.,49418,7350,Ranalisma humile,,1,0,,0,,,,
10020,10059,10059,Kunth,39553,6106,Sagittaria guayanensis,,1,0,,0,,,,
10020,10059,10059,Kunth,39553,6106,Sagittaria guayanensis,,1,0,,0,,,,
10020,10059,10059,Hook.f.,78018,9607,Wiesneria schweinfurthii,,1,0,,0,,,,
10020,10059,10059,Harv.,78019,4123,Lagarosiphon muscoides,,1,0,,0,,,,
10020,10059,10059,Delile,29978,4876,Najas graminea,,1,0,,0,,,,
10020,10059,10059,A.Braun ex Magnus,78020,4876,Najas horrida,,1,0,,0,,,,
10020,10059,10059,Horn,84955,4876,Najas baldwinii,,1,0,,0,,,,
10020,10059,10059,(Parl.) Magnus,78022,4876,Najas pectinata,,1,0,,0,,,,
10020,10059,10059,Rendle,78023,4876,Najas testui,,1,0,,0,,,,
10020,10059,10059,(Planch.) Walp.,64925,5189,Ottelia ulvifolia,,1,0,,0,,,,
10020,10059,10059,L.,46406,7036,Vallisneria spiralis,,1,0,,0,,,,
10020,10059,10059,J.Raynal,78024,1396,Aponogeton fotianus,,1,0,,0,,,,
10020,10059,10059,Schumach. & Thonn.,78025,1396,Aponogeton subconjugatus,,1,0,,0,,,,
10020,10059,10059,J.Raynal,78026,1396,Aponogeton troupinii,,1,0,,0,,,,
10020,10059,10059,Baker,78027,1396,Aponogeton vallisnerioides,,1,0,,0,,,,
10020,10059,10059,L.,35997,5738,Potamogeton lucens,,1,0,,0,,,,
10020,10059,10059,L.,36000,5738,Potamogeton natans,,1,0,,0,,,,
10020,10059,10059,Poir.,36001,5738,Potamogeton nodosus,,1,0,,0,,,,
10020,10059,10059,Poir.,36001,5738,Potamogeton nodosus,,1,0,,0,,,,
10020,10059,10059,Poir.,36004,5738,Potamogeton octandrus,,1,0,,0,,,,
10020,10059,10059,L.,36006,5738,Potamogeton perfoliatus,,1,0,,0,,,,
10020,10059,10059,L.,36009,5738,Potamogeton pusillus,,1,0,,0,,,,
10020,10059,10059,A.Benn.,36011,5738,Potamogeton schweinfurthii,,1,0,,0,,,,
10020,10059,10059,L.,47637,7194,Zannichellia palustris,,1,0,,0,,,,
10020,10059,10059,Pobég.,50070,1886,Burmannia latialata,,1,0,,0,,,,
10020,10059,10059,L.,14405,2867,Dioscorea alata,,0,0,,0,,,,
10020,10059,10059,L.,14410,2867,Dioscorea bulbifera,,0,0,,0,,,,
10020,10059,10059,Lam.,78028,2867,Dioscorea cayenensis,,0,0,,0,,,,
10020,10059,10059,(Kunth) Pax,14418,2867,Dioscorea dumetorum,,1,0,,0,,,,
10020,10059,10059,Benth.,64305,2867,Dioscorea praehensilis,,1,0,,0,,,,
10020,10059,10059,A.Rich.,78029,2867,Dioscorea quartiniana,,1,0,,0,,,,
10020,10059,10059,Pax,68889,2867,Dioscorea sagittifolia,,1,0,,0,,,,
10020,10059,10059,Pax,68889,2867,Dioscorea sagittifolia,,1,0,,0,,,,
10020,10059,10059,(L.) Kuntze,43789,6657,Tacca leontopetaloides,,1,0,,0,,,,
10020,10059,10059,L.,19933,3496,Gloriosa superba,,1,0,,0,,,,
10020,10059,10059,Martelli,78030,3956,Iphigenia pauciflora,,1,0,,0,,,,
10020,10059,10059,Willd.,41825,6408,Smilax anceps,,1,0,,0,,,,
10020,10059,10059,(Rolfe) Bolus,65805,1876,Bulbophyllum scaberulum,,1,0,,0,,,,
10020,10059,10059,Lindl.,35721,5711,Polystachya affinis,,1,0,,0,,,,
10020,10059,10059,(Afzel. ex Sw.) Steud.,78032,3232,Eulophia cristata,,1,0,,0,,,,
10020,10059,10059,(Afzel. ex Sw.) Steud.,65854,3232,Eulophia cucullata,,1,0,,0,,,,
10020,10059,10059,(Rchb.f.) Rolfe,78033,3232,Eulophia flavopurpurea,,1,0,,0,,,,
10020,10059,10059,Lindl.,17644,3232,Eulophia guineensis,,1,0,,0,,,,
10020,10059,10059,Summerh.,78034,3232,Eulophia juncifolia,,1,0,,0,,,,
10020,10059,10059,(Rchb.f.) Summerh.,68478,3232,Eulophia orthoplectra,,1,0,,0,,,,
10020,10059,10059,Rchb.f.,65858,3232,Eulophia stachyodes,,1,0,,0,,,,
10020,10059,10059,Rchb.f.,78035,3625,Habenaria armatissima,,1,0,,0,,,,
10020,10059,10059,Rchb.f.,78036,3625,Habenaria bongensium,,1,0,,0,,,,
10020,10059,10059,Rchb.f.,78037,3625,Habenaria chirensis,,1,0,,0,,,,
10020,10059,10059,(Lindl.) Rchb.f.,78038,3625,Habenaria cirrhata,,1,0,,0,,,,
10020,10059,10059,Rolfe,78039,3625,Habenaria holubii,,1,0,,0,,,,
10020,10059,10059,Hochst. ex A.Rich.,78040,3625,Habenaria macrantha,,1,0,,0,,,,
10020,10059,10059,Kraenzl.,78041,3625,Habenaria njamnjamica,,1,0,,0,,,,
10020,10059,10059,(Lindl.) Summerh.,78042,3625,Habenaria occidentalis,,1,0,,0,,,,
10020,10059,10059,Schltr.,78043,3625,Habenaria papyracea,,1,0,,0,,,,
10020,10059,10059,Lindl.,20834,3625,Habenaria stenochila,,1,0,,0,,,,
10020,10059,10059,(Blume) Schltr.,30288,4974,Nervilia bicarinata,,1,0,,0,,,,
10020,10059,10059,(Rchb.f.) Schltr.,68563,4974,Nervilia kotschyi,,1,0,,0,,,,
10020,10059,10059,(Rolfe) Schltr.,78044,4974,Nervilia shirensis,,1,0,,0,,,,
10020,10059,10059,(Lindl.) Rolfe,65905,8756,Platycoryne paludosa,,1,0,,0,,,,
10020,10059,10059,Ames,78045,6522,Stelis cucullata,,0,0,,0,,,,
10020,10059,10059,(Schumach. & Thonn.) Engl.,54076,2611,Curculigo pilosa,,1,0,,0,,,,
10020,10059,10059,(Schumach. & Thonn.) Engl.,54076,2611,Curculigo pilosa,,1,0,,0,,,,
10020,10059,10059,Lam.,23009,3924,Hypoxis angustifolia,,1,0,,0,,,,
10020,10059,10059,Lam.,23009,3924,Hypoxis angustifolia,,1,0,,0,,,,
10020,10059,10059,Baker,78046,3477,Gladiolus atropurpureus,,1,0,,0,,,,
10020,10059,10059,Van Geel,19825,3477,Gladiolus dalenii,,1,0,,0,,,,
10020,10059,10059,Welw. ex Baker,64977,3477,Gladiolus gregarius,,1,0,,0,,,,
10020,10059,10059,(A.Chev.) Marais,78047,3477,Gladiolus iroensis,,1,0,,1,,,,
10020,10059,10059,Kelway,19829,3477,Gladiolus murielae,,1,0,,0,,,,
10020,10059,10059,Baker,64979,3477,Gladiolus unguiculatus,,1,0,,0,,,,
10020,10059,10059,(Pax) Mildbr.,78048,9608,Zygotritonia bongensis,,1,0,,0,,,,
10020,10059,10059,A.Berger,67284,1187,Aloe buettneri,,1,0,,0,,,,
10020,10059,10059,Cav.,3691,1510,Asphodelus tenuifolius,,0,0,,0,,,,
10020,10059,10059,L.,1516,1174,Allium cepa,,0,0,,0,,,,
10020,10059,10059,L.,1564,1174,Allium sativum,,0,0,,0,,,,
10020,10059,10059,(Kotschy & Peyr.) Milne-Redh. & Schweick.,78049,1236,Ammocharis tinneana,,1,0,,0,,,,
10020,10059,10059,Rottb.,78050,2551,Crinum biflorum,,1,0,,0,,,,
10020,10059,10059,L.S.Hannibal,78051,2551,Crinum nubicum,,0,0,,0,,,,
10020,10059,10059,(Aiton) Herb.,11639,2551,Crinum ornatum,,1,0,,0,,,,
10020,10059,10059,(L.) L.,11643,2551,Crinum zeylanicum,,1,0,,0,,,,
10020,10059,10059,(A.Chev.) Traub,78052,5250,Pancratium centrale,,1,0,,0,,,,
10020,10059,10059,Hochst. ex A.Rich.,68873,5250,Pancratium tenuifolium,,1,0,,0,,,,
10020,10059,10059,Herb.,78053,5250,Pancratium trianthum,,1,0,,0,,,,
10020,10059,10059,(Martyn) Raf.,40169,6186,Scadoxus multiflorus,,1,0,,0,,,,
10020,10059,10059,L.,1056,1115,Agave americana,,0,0,,0,,,,
10020,10059,10059,Gledhill & Oyewole,78054,1151,Albuca fibrotunicata,,1,0,,0,,,,
10020,10059,10059,(Baker) Troupin,78055,1151,Albuca nigritana,,1,0,,0,,,,
10020,10059,10059,A.Chev.,78056,1151,Albuca sudanica,,1,0,,1,,,,
10020,10059,10059,Lam.,3621,1506,Asparagus africanus,,1,0,,0,,,,
10020,10059,10059,Lam.,3621,1506,Asparagus africanus,,1,0,,0,,,,
10020,10059,10059,(Kunth) Baker,49886,1506,Asparagus flagellaris,,1,0,,0,,,,
10020,10059,10059,L.,3634,1506,Asparagus officinalis,,0,0,,0,,,,
10020,10059,10059,A.Rich.,78057,1506,Asparagus scaberulus,,1,0,,0,,,,
10020,10059,10059,Engl.,78058,1506,Asparagus schroederi,,1,0,,0,,,,
10020,10059,10059,Baker,78059,2239,Chlorophytum affine,,1,0,,0,,,,
10020,10059,10059,Chiov.,446082,2239,Chlorophytum tordense,,1,0,,0,,,,
10020,10059,10059,Schweinf. ex Baker,68400,2239,Chlorophytum blepharophyllum,,1,0,,0,,,,
10020,10059,10059,(Baker) Kativu,78060,2239,Chlorophytum calyptrocarpum,,1,0,,0,,,,
10020,10059,10059,(Baker) Kativu,78061,2239,Chlorophytum cameronii,,1,0,,0,,,,
10020,10059,10059,Lindl.,53957,2239,Chlorophytum orchidastrum,,1,0,,0,,,,
10020,10059,10059,Poelln.,78062,2239,Chlorophytum chevalieri,,1,0,,0,,,,
10020,10059,10059,Schweinf. ex Baker,78063,2239,Chlorophytum gallabatense,,1,0,,0,,,,
10020,10059,10059,R.Br.,9458,2239,Chlorophytum laxum,,1,0,,0,,,,
10020,10059,10059,(Baker) Nordal,68874,2239,Chlorophytum limosum,,1,0,,0,,,,
10020,10059,10059,(A.Rich.) Asch.,68401,2239,Chlorophytum macrophyllum,,1,0,,0,,,,
10020,10059,10059,Baker,68876,2239,Chlorophytum stenopetalum,,1,0,,0,,,,
10020,10059,10059,(Baker) Kativu,68402,2239,Chlorophytum subpetiolatum,,1,0,,0,,,,
10020,10059,10059,(Roxb.) Baker,78064,2239,Chlorophytum tuberosum,,1,0,,0,,,,
10020,10059,10059,(Lindl.) Baker,78065,2869,Dipcadi longifolium,,1,0,,0,,,,
10020,10059,10059,(L.) Moench,49892,2869,Dipcadi viride,,1,0,,0,,,,
10020,10059,10059,(L.f.) Ker Gawl.,49911,2970,Drimia altissima,,1,0,,0,,,,
10020,10059,10059,(Engl. & K.Krause) H.Scholz,78066,2970,Drimia glaucescens,,1,0,,0,,,,
10020,10059,10059,(Roxb.) Jessop,78067,2970,Drimia indica,,1,0,,0,,,,
10020,10059,10059,Baker,78068,2971,Drimiopsis barteri,,1,0,,0,,,,
10020,10059,10059,A.Chev.,78069,2971,Drimiopsis rosea,,1,0,,0,,,,
10020,10059,10059,Baker,78070,9609,Eriospermum abyssinicum,,1,0,,0,,,,
10020,10059,10059,(L.f.) Jessop,24982,4196,Ledebouria revoluta,,1,0,,0,,,,
10020,10059,10059,(A.Chev.) Burg,78071,4196,Ledebouria sudanica,,1,0,,0,,,,
10020,10059,10059,(Schult. & Schult.f.) Byng & Christenh.,443372,2960,Dracaena forskaliana,,1,0,,0,,,,
10020,10059,10059,(Gérôme & Labroy) Byng & Christenh.,444815,2960,Dracaena liberica,,1,0,,0,,,,
10020,10059,10059,Baker,78072,6252,Scilla chlorantha,,1,0,,0,,,,
10020,10059,10059,Engl.,78073,6252,Scilla schweinfurthii,,1,0,,0,,,,
10020,10059,10059,N.E.Br.,78074,6252,Scilla sodalicia,,1,0,,0,,,,
10020,10059,10059,Mart.,5540,1779,Borassus aethiopum,,1,0,,0,,,,
10020,10059,10059,L.,5541,1779,Borassus flabellifer,,0,0,,0,,,,
10020,10059,10059,Jacq.,15828,3059,Elaeis guineensis,,1,0,,0,,,,
10020,10059,10059,(L.) Mart.,51618,3913,Hyphaene thebaica,,1,0,,0,,,,
10020,10059,10059,(H.Wendl.) H.Wendl.,49872,7421,Oncocalamus mannii,,1,0,,0,,,,
10020,10059,10059,L.,33288,5481,Phoenix dactylifera,,0,0,,0,,,,
10020,10059,10059,Drude,78075,5931,Raphia monbuttorum,,1,0,,0,,,,
10020,10059,10059,(P.Beauv.) Kunth,2264,1301,Aneilema beniniense,,1,0,,0,,,,
10020,10059,10059,Benth.,68881,1301,Aneilema lanceolatum,,1,0,,0,,,,
10020,10059,10059,A.Chev.,68882,1301,Aneilema paludosum,,1,0,,0,,,,
10020,10059,10059,Stanf. & Brenan,78076,1301,Aneilema pomeridianum,,1,0,,0,,,,
10020,10059,10059,(Vahl) Kunth,50317,1301,Aneilema umbrosum,,1,0,,0,,,,
10020,10059,10059,Hassk.,10605,2425,Commelina albescens,,1,0,,0,,,,
10020,10059,10059,G.Don ex Benth.,78077,2425,Commelina aspera,,1,0,,0,,,,
10020,10059,10059,L.,10608,2425,Commelina benghalensis,,1,0,,0,,,,
10020,10059,10059,Benth.,50321,2425,Commelina capitata,,1,0,,0,,,,
10020,10059,10059,Burm.f.,10614,2425,Commelina diffusa,,0,0,,0,,,,
10020,10059,10059,L.,10616,2425,Commelina erecta,,0,0,,0,,,,
10020,10059,10059,L.,10616,2425,Commelina erecta,,1,0,,0,,,,
10020,10059,10059,Vahl,10617,2425,Commelina forskaolii,,1,0,,0,,,,
10020,10059,10059,C.B.Clarke,446083,2425,Commelina gambiae,,1,0,,0,,,,
10020,10059,10059,Benth.,68883,2425,Commelina nigritana,,1,0,,0,,,,
10020,10059,10059,Hassk.,78079,2425,Commelina petersii,,1,0,,0,,,,
10020,10059,10059,Roth,68884,2425,Commelina subulata,,1,0,,0,,,,
10020,10059,10059,C.B.Clarke,78080,2618,Cyanotis angusta,,1,0,,0,,,,
10020,10059,10059,(L.) D.Don ex Sweet,12373,2618,Cyanotis axillaris,,1,0,,0,,,,
10020,10059,10059,Benth.,78081,2618,Cyanotis lanata,,1,0,,0,,,,
10020,10059,10059,Benth.,50324,2618,Cyanotis longifolia,,1,0,,0,,,,
10020,10059,10059,(Poir.) C.B.Clarke,68885,3344,Floscopa axillaris,,1,0,,0,,,,
10020,10059,10059,C.B.Clarke,78082,3344,Floscopa flavida,,1,0,,0,,,,
10020,10059,10059,(Willd. ex Schult. & Schult.f.) Hassk.,50328,3344,Floscopa glomerata,,1,0,,0,,,,
10020,10059,10059,(Willd. ex Schult. & Schult.f.) Hassk.,50328,3344,Floscopa glomerata,,1,0,,0,,,,
10020,10059,10059,Brenan,78083,3344,Floscopa leiothyrsa,,1,0,,0,,,,
10020,10059,10059,Brenan,78084,4822,Murdannia clarkeana,,1,0,,0,,,,
10020,10059,10059,(L.) Brenan,29535,4822,Murdannia nudiflora,,0,0,,0,,,,
10020,10059,10059,(Vahl) Brenan,29536,4822,Murdannia simplex,,1,0,,0,,,,
10020,10059,10059,(A.Chev.) Brenan,50332,4822,Murdannia tenuissima,,1,0,,0,,,,
10020,10059,10059,(Rose) D.R.Hunt,45418,6861,Tradescantia pallida,,0,0,,0,,,,
10020,10059,10059,(Vahl) M.Pell. & C.N.Horn,439960,5723,Pontederia diversifolia,,0,0,,0,,,,
10020,10059,10059,Schkuhr,16057,3065,Elatine triandra,,1,0,,0,,,,
10020,10059,10059,Rchb. ex Kunth,66262,3762,Heteranthera callifolia,,1,0,,0,,,,
10020,10059,10059,(H.Perrier) M.Pell.,420984,3762,Heteranthera lutea,,1,0,,0,,,,
10020,10059,10059,L.,7602,1999,Canna indica,,0,0,,0,,,,
10020,10059,10059,L.,44748,6752,Thalia geniculata,,1,0,,0,,,,
10020,10059,10059,(K.Schum.) Baker,54192,7826,Trachyphrynium braunianum,,1,0,,0,,,,
10020,10059,10059,J.Braun & K.Schum.,11292,2515,Costus lucanusianus,,1,0,,0,,,,
10020,10059,10059,(Fenzl) K.Schum.,11297,2515,Costus spectabilis,,1,0,,0,,,,
10020,10059,10059,(Schweinf.) B.L.Burtt,68913,9030,Siphonochilus aethiopicus,,1,0,,0,,,,
10020,10059,10059,(Hook.f.) B.L.Burtt,78086,9030,Siphonochilus kirkii,,1,0,,0,,,,
10020,10059,10059,Pers.,46055,6997,Typha domingensis,,1,0,,0,,,,
10020,10059,10059,Roxb.,78087,6997,Typha elephantina,,1,0,,0,,,,
10020,10059,10059,N.E.Br.,78088,7180,Xyris barteri,,1,0,,0,,,,
10020,10059,10059,Malme,78089,7180,Xyris rubella,,1,0,,0,,,,
10020,10059,10059,L.A.Nilsson,67289,7180,Xyris straminea,,1,0,,0,,,,
10020,10059,10059,Wikstr. ex Körn.,78090,3167,Eriocaulon afzelianum,,1,0,,0,,,,
10020,10059,10059,Engl. & Ruhland,78091,3167,Eriocaulon bongense,,1,0,,0,,,,
10020,10059,10059,R.Br.,16870,3167,Eriocaulon cinereum,,1,0,,0,,,,
10020,10059,10059,Engl.,78092,3167,Eriocaulon elegantulum,,1,0,,0,,,,
10020,10059,10059,N.E.Br.,78093,3167,Eriocaulon fulvum,,1,0,,0,,,,
10020,10059,10059,Moldenke,68891,3167,Eriocaulon meiklei,,1,0,,0,,,,
10020,10059,10059,N.E.Br.,78094,3167,Eriocaulon plumale,,1,0,,0,,,,
10020,10059,10059,N.E.Br.,78094,3167,Eriocaulon plumale,,1,0,,0,,,,
10020,10059,10059,L.,16896,3167,Eriocaulon setaceum,,1,0,,0,,,,
10020,10059,10059,L.,23963,4024,Juncus bufonius,,1,0,,0,,,,
10020,10059,10059,Lam.,24011,4024,Juncus maritimus,,1,0,,0,,,,
10020,10059,10059,L.f.,51633,4024,Juncus punctorius,,1,0,,0,,,,
10020,10059,10059,Desf.,24036,4024,Juncus rigidus,,1,0,,0,,,,
10020,10059,10059,Braun-Blanq.,147616,4416,Luzula atlantica,,1,0,,1,,,,
10020,10059,10059,(Welw.) Bauters,446084,2661,Cyperus proteus,,1,0,,0,,,,
10020,10059,10059,(Welw.) Bauters,446084,2661,Cyperus proteus,,1,0,,0,,,,
10020,10059,10059,Goetgh.,446085,2661,Cyperus ascopusillus,,1,0,,0,,,,
10020,10059,10059,(Boeckeler) Goetgh.,446086,2661,Cyperus vatkeanus,,1,0,,0,,,,
10020,10059,10059,(L.) Palla,5501,1763,Bolboschoenus maritimus,,0,0,,0,,,,
10020,10059,10059,(Steud.) C.B.Clarke,64144,1877,Bulbostylis abortiva,,1,0,,0,,,,
10020,10059,10059,(Rottb.) C.B.Clarke,6213,1877,Bulbostylis barbata,,1,0,,0,,,,
10020,10059,10059,(Pi.Savi) Lye,64147,1877,Bulbostylis cioniana,,1,0,,0,,,,
10020,10059,10059,(Hochst. ex A.Rich.) C.B.Clarke,64148,1877,Bulbostylis coleotricha,,1,0,,0,,,,
10020,10059,10059,(Hochst. ex A.Rich.) C.B.Clarke,64148,1877,Bulbostylis coleotricha,,1,0,,0,,,,
10020,10059,10059,(Wall.) Hand.-Mazz.,6218,1877,Bulbostylis densa,,1,0,,0,,,,
10020,10059,10059,(Wall.) Hand.-Mazz.,6218,1877,Bulbostylis densa,,1,0,,1,,,,
10020,10059,10059,(Vahl) C.B.Clarke,64150,1877,Bulbostylis filamentosa,,1,0,,0,,,,
10020,10059,10059,(Vahl) C.B.Clarke,64150,1877,Bulbostylis filamentosa,,1,0,,0,,,,
10020,10059,10059,C.B.Clarke,78100,1877,Bulbostylis fimbristyloides,,1,0,,0,,,,
10020,10059,10059,(Vahl) R.W.Haines,6220,1877,Bulbostylis hispidula,,1,0,,0,,,,
10020,10059,10059,C.B.Clarke ex T.Durand & Schinz,64151,1877,Bulbostylis laniceps,,1,0,,0,,,,
10020,10059,10059,(Hochst. ex A.Rich.) C.B.Clarke,64149,1877,Bulbostylis pusilla,,1,0,,0,,,,
10020,10059,10059,Cherm.,64154,1877,Bulbostylis scabricaulis,,1,0,,0,,,,
10020,10059,10059,(Roem. & Schult.) Lye ex Veldkamp & Verloove,78101,1877,Bulbostylis thouarsii,,1,0,,0,,,,
10020,10059,10059,Kük.,439448,2661,Cyperus pseudokyllingioides,,1,0,,0,,,,
10020,10059,10059,Rottb.,12827,2661,Cyperus alopecuroides,,1,0,,0,,,,
10020,10059,10059,L.,12828,2661,Cyperus alternifolius,,1,0,,0,,,,
10020,10059,10059,Vahl,12829,2661,Cyperus amabilis,,1,0,,0,,,,
10020,10059,10059,Boeckeler,64157,2661,Cyperus angolensis,,1,0,,0,,,,
10020,10059,10059,L.,12836,2661,Cyperus articulatus,,1,0,,0,,,,
10020,10059,10059,Vahl,12839,2661,Cyperus bulbosus,,1,0,,0,,,,
10020,10059,10059,Kük.,78102,2661,Cyperus chevalieri,,1,0,,0,,,,
10020,10059,10059,C.B.Clarke,78103,2661,Cyperus clavinux,,1,0,,0,,,,
10020,10059,10059,Rottb.,12845,2661,Cyperus conglomeratus,,1,0,,0,,,,
10020,10059,10059,Rottb.,12845,2661,Cyperus conglomeratus,,1,0,,0,,,,
10020,10059,10059,Rottb.,12850,2661,Cyperus corymbosus,,1,0,,0,,,,
10020,10059,10059,Kunth,12853,2661,Cyperus cuspidatus,,1,0,,0,,,,
10020,10059,10059,(Retz.) Valck.Sur.,12854,2661,Cyperus cyperinus,,1,0,,0,,,,
10020,10059,10059,(L.) Kuntze,12855,2661,Cyperus cyperoides,,1,0,,0,,,,
10020,10059,10059,L.,12857,2661,Cyperus difformis,,1,0,,0,,,,
10020,10059,10059,Roxb.,12859,2661,Cyperus digitatus,,1,0,,0,,,,
10020,10059,10059,Roxb.,12859,2661,Cyperus digitatus,,1,0,,0,,,,
10020,10059,10059,Schumach.,12860,2661,Cyperus dilatatus,,1,0,,0,,,,
10020,10059,10059,Delile,54007,2661,Cyperus dives,,1,0,,0,,,,
10020,10059,10059,L.,12876,2661,Cyperus esculentus,,0,0,,0,,,,
10020,10059,10059,Retz.,12877,2661,Cyperus exaltatus,,1,0,,0,,,,
10020,10059,10059,L.,12900,2661,Cyperus haspan,,1,0,,0,,,,
10020,10059,10059,Retz.,12905,2661,Cyperus imbricatus,,1,0,,0,,,,
10020,10059,10059,L.,12908,2661,Cyperus iria,,1,0,,0,,,,
10020,10059,10059,Rottb.,53888,2661,Cyperus jeminicus,,1,0,,0,,,,
10020,10059,10059,C.B.Clarke,78105,2661,Cyperus karlschumannii,,1,0,,0,,,,
10020,10059,10059,Cherm.,78106,2661,Cyperus kipasensis,,1,0,,0,,,,
10020,10059,10059,Larridon,78107,2661,Cyperus kyllingiella,,1,0,,0,,,,
10020,10059,10059,L.,12912,2661,Cyperus laevigatus,,1,0,,0,,,,
10020,10059,10059,L.,12917,2661,Cyperus longus,,1,0,,0,,,,
10020,10059,10059,L.,12964,2661,Cyperus rotundus,,1,0,,0,,,,
10020,10059,10059,Boeckeler,12922,2661,Cyperus maculatus,,1,0,,0,,,,
10020,10059,10059,C.B.Clarke,64165,2661,Cyperus mapanioides,,1,0,,0,,,,
10020,10059,10059,Vahl,64167,2661,Cyperus margaritaceus,,1,0,,0,,,,
10020,10059,10059,Kük.,64168,2661,Cyperus meeboldii,,1,0,,0,,,,
10020,10059,10059,(L.) Delile,12926,2661,Cyperus michelianus,,1,0,,0,,,,
10020,10059,10059,(L.) Delile,12926,2661,Cyperus michelianus,,1,0,,0,,,,
10020,10059,10059,L.,12942,2661,Cyperus papyrus,,1,0,,0,,,,
10020,10059,10059,Vahl,12943,2661,Cyperus pectinatus,,1,0,,0,,,,
10020,10059,10059,Baker,78108,2661,Cyperus platycaulis,,1,0,,0,,,,
10020,10059,10059,Boeckeler,78109,2661,Cyperus podocarpus,,1,0,,0,,,,
10020,10059,10059,Rottb.,12952,2661,Cyperus procerus,,1,0,,0,,,,
10020,10059,10059,R.Br.,52642,2661,Cyperus pulchellus,,1,0,,0,,,,
10020,10059,10059,Vahl,64170,2661,Cyperus pustulatus,,1,0,,0,,,,
10020,10059,10059,Hochst. ex Boeckeler,78110,2661,Cyperus reduncus,,1,0,,0,,,,
10020,10059,10059,L.,12964,2661,Cyperus rotundus,,1,0,,0,,,,
10020,10059,10059,Steud.,78111,2661,Cyperus schimperianus,,1,0,,0,,,,
10020,10059,10059,(Boeckeler) Larridon,446087,2661,Cyperus steudneri,,1,0,,0,,,,
10020,10059,10059,L.,12974,2661,Cyperus squarrosus,,1,0,,0,,,,
10020,10059,10059,Kük.,78113,2661,Cyperus submicrolepis,,1,0,,0,,,,
10020,10059,10059,Boeckeler,12984,2661,Cyperus tenuiculmis,,1,0,,0,,,,
10020,10059,10059,Sw.,12985,2661,Cyperus tenuis,,1,0,,0,,,,
10020,10059,10059,Steud.,12986,2661,Cyperus tenuispica,,1,0,,0,,,,
10020,10059,10059,C.B.Clarke,78114,2661,Cyperus tonkinensis,,1,0,,0,,,,
10020,10059,10059,C.B.Clarke,78114,2661,Cyperus tonkinensis,,1,0,,0,,,,
10020,10059,10059,Steud.,12999,2661,Cyperus zollingeri,,1,0,,0,,,,
10020,10059,10059,(Benth.) C.B.Clarke,78115,2873,Diplacrum africanum,,1,0,,0,,,,
10020,10059,10059,(Roxb.) Schult.,16118,3070,Eleocharis acutangula,,1,0,,0,,,,
10020,10059,10059,(Retz.) J.Presl & C.Presl,16121,3070,Eleocharis atropurpurea,,1,0,,0,,,,
10020,10059,10059,Svenson,78116,3070,Eleocharis brainii,,1,0,,0,,,,
10020,10059,10059,(Delile) Schult.,16124,3070,Eleocharis caduca,,1,0,,0,,,,
10020,10059,10059,Berhaut,78117,3070,Eleocharis decoriglumis,,1,0,,0,,,,
10020,10059,10059,(Burm.f.) Trin. ex Hensch.,16132,3070,Eleocharis dulcis,,1,0,,0,,,,
10020,10059,10059,(L.) Roem. & Schult.,16141,3070,Eleocharis geniculata,,1,0,,0,,,,
10020,10059,10059,(L.) Roem. & Schult.,16162,3070,Eleocharis mutata,,1,0,,0,,,,
10020,10059,10059,(Nees) Kunth,16165,3070,Eleocharis nigrescens,,0,1,,0,,,,
10020,10059,10059,Hutch.,78118,3070,Eleocharis nupeensis,,1,0,,0,,,,
10020,10059,10059,(A.Rich.) J.Raynal,16182,3070,Eleocharis setifolia,,1,0,,0,,,,
10020,10059,10059,C.B.Clarke,78119,3070,Eleocharis trilophus,,1,0,,0,,,,
10020,10059,10059,(Poir.) C.Presl,16192,3070,Eleocharis variegata,,1,0,,0,,,,
10020,10059,10059,Boeckeler,78120,3327,Fimbristylis barteri,,1,0,,0,,,,
10020,10059,10059,(Forssk.) Bubani,18651,3327,Fimbristylis bisumbellata,,1,0,,0,,,,
10020,10059,10059,(L.) Vahl,18657,3327,Fimbristylis dichotoma,,1,0,,0,,,,
10020,10059,10059,(L.) Vahl,18662,3327,Fimbristylis ferruginea,,1,0,,0,,,,
10020,10059,10059,Gaudich.,18673,3327,Fimbristylis littoralis,,0,0,,0,,,,
10020,10059,10059,Vahl,78121,3327,Fimbristylis pilosa,,1,0,,0,,,,
10020,10059,10059,(Vahl) Kunth,18685,3327,Fimbristylis quinquangularis,,0,0,,0,,,,
10020,10059,10059,Schumach.,64179,3327,Fimbristylis scabrida,,1,0,,0,,,,
10020,10059,10059,Boeckeler,78122,3327,Fimbristylis schweinfurthiana,,1,0,,0,,,,
10020,10059,10059,Vahl,18693,3327,Fimbristylis squarrosa,,1,0,,0,,,,
10020,10059,10059,Oliv.,78123,3379,Fuirena leptostachya,,1,0,,0,,,,
10020,10059,10059,Oliv.,78123,3379,Fuirena leptostachya,,1,0,,0,,,,
10020,10059,10059,(Poir.) Kunth,18942,3379,Fuirena pubescens,,1,0,,0,,,,
10020,10059,10059,Steud.,64183,3379,Fuirena stricta,,1,0,,0,,,,
10020,10059,10059,Rottb.,18948,3379,Fuirena umbellata,,1,0,,0,,,,
10020,10059,10059,(Nees) F.Muell.,440747,2661,Cyperus alatus,,1,0,,0,,,,
10020,10059,10059,Steud.,440748,2661,Cyperus richardii,,1,0,,0,,,,
10020,10059,10059,(J.Presl & C.Presl) Mattf. & Kük.,439642,2661,Cyperus obtusatus,,1,0,,0,,,,
10020,10059,10059,(Schumach.) Mattf. & Kük.,440751,2661,Cyperus erectus,,1,0,,0,,,,
10020,10059,10059,(Torr.) Mattf. & Kük.,439647,2661,Cyperus sesquiflorus,,1,0,,0,,,,
10020,10059,10059,(Salzm. ex Steud.) Dorr,440755,2661,Cyperus hortensis,,1,0,,0,,,,
10020,10059,10059,(Hochst. ex Steud.) Mattf. & Kük.,440756,2661,Cyperus metzii,,1,0,,0,,,,
10020,10059,10059,(Ridl.) Lye,446088,2661,Cyperus welwitschii,,1,0,,0,,,,
10020,10059,10059,(Steud.) Dandy,440757,2661,Cyperus tenuifolius,,1,0,,0,,,,
10020,10059,10059,Lye,446089,2661,Cyperus breviglumis,,1,0,,0,,,,
10020,10059,10059,(Goetgh.) Bauters,446090,2661,Cyperus abietinus,,1,0,,0,,,,
10020,10059,10059,(Ridl.) Bauters,446091,2661,Cyperus purpureoluteus,,1,0,,0,,,,
10020,10059,10059,Goetgh.,446092,2661,Cyperus lipoater,,1,0,,0,,,,
10020,10059,10059,(Steud.) Larridon & Govaerts,440960,2661,Cyperus albescens,,1,0,,0,,,,
10020,10059,10059,Goetgh.,444862,2661,Cyperus lipofiliformis,,1,0,,0,,,,
10020,10059,10059,(Nees) Bauters,446093,2661,Cyperus isolepis,,1,0,,0,,,,
10020,10059,10059,(Raymond) Bauters,446094,2661,Cyperus kernii,,1,0,,0,,,,
10020,10059,10059,(Steud.) T.Koyama,446095,2661,Cyperus prieurianus,,1,0,,0,,,,
10020,10059,10059,Steud.,441554,2661,Cyperus blepharoleptos,,0,0,,0,,,,
10020,10059,10059,Welw. ex Ridl.,446096,2661,Cyperus aethiops,,1,0,,0,,,,
10020,10059,10059,(Cherm.) Kük.,446097,2661,Cyperus alleizettei,,1,0,,0,,,,
10020,10059,10059,A.Rich.,446098,2661,Cyperus capillifolius,,1,0,,0,,,,
10020,10059,10059,(J.Raynal) Lye,446099,2661,Cyperus demangei,,1,0,,0,,,,
10020,10059,10059,(Nelmes) Lye,369637,2661,Cyperus xantholepis,,1,0,,0,,,,
10020,10059,10059,L.,439635,2661,Cyperus flavescens,,1,0,,0,,,,
10020,10059,10059,Poir.,439639,2661,Cyperus lanceolatus,,1,0,,0,,,,
10020,10059,10059,Lam.,443368,2661,Cyperus macrostachyos,,1,0,,0,,,,
10020,10059,10059,Ridl.,446100,2661,Cyperus melas,,1,0,,0,,,,
10020,10059,10059,(S.S.Hooper) Lye,446101,2661,Cyperus mortonii,,1,0,,0,,,,
10020,10059,10059,(Nees) Kunth,439640,2661,Cyperus mundii,,1,0,,0,,,,
10020,10059,10059,(Nees) Kunth,439640,2661,Cyperus mundii,,1,0,,0,,,,
10020,10059,10059,Lam.,446102,2661,Cyperus nitidus,,1,0,,0,,,,
10020,10059,10059,(J.Raynal) Lye,446103,2661,Cyperus pagotii,,1,0,,0,,,,
10020,10059,10059,Rottb.,439643,2661,Cyperus polystachyos,,1,0,,0,,,,
10020,10059,10059,L.,439644,2661,Cyperus pumilus,,1,0,,0,,,,
10020,10059,10059,(Nees) Boeckeler,54011,6005,Rhynchospora candida,,1,0,,0,,,,
10020,10059,10059,(L.) Britton,38289,6005,Rhynchospora corymbosa,,1,0,,0,,,,
10020,10059,10059,(Nees) Boeckeler,38300,6005,Rhynchospora eximia,,1,0,,0,,,,
10020,10059,10059,(Vahl) Gale,38348,6005,Rhynchospora rugosa,,1,0,,0,,,,
10020,10059,10059,Vahl,38369,6005,Rhynchospora triflora,,1,0,,0,,,,
10020,10059,10059,(L.) Lye,53430,6237,Schoenoplectiella articulata,,1,0,,0,,,,
10020,10059,10059,(Willd.) Lye,78140,6237,Schoenoplectiella juncea,,1,0,,0,,,,
10020,10059,10059,(Poir.) Lye,53176,6237,Schoenoplectiella praelongata,,1,0,,0,,,,
10020,10059,10059,(Steud.) Lye,78141,6237,Schoenoplectiella proxima,,1,0,,0,,,,
10020,10059,10059,(Nees) Lye,53431,6237,Schoenoplectiella roylei,,1,0,,0,,,,
10020,10059,10059,(Steud.) Lye,68887,6237,Schoenoplectiella senegalensis,,1,0,,0,,,,
10020,10059,10059,(L.) Lye,40453,6237,Schoenoplectiella supina,,1,0,,0,,,,
10020,10059,10059,(Roth ex Roem. & Schult.) J.Raynal,78142,6238,Schoenoplectus corymbosus,,1,0,,0,,,,
10020,10059,10059,(Schrad.) Palla,40458,6238,Schoenoplectus litoralis,,1,0,,0,,,,
10020,10059,10059,(Vahl) Lye,442403,6238,Schoenoplectus subulatus,,1,0,,0,,,,
10020,10059,10059,L.,40487,6240,Schoenus nigricans,,1,0,,0,,,,
10020,10059,10059,(L.) Soják,40566,6255,Scirpoides holoschoenus,,0,0,,0,,,,
10020,10059,10059,Hochst. ex A.Rich.,78143,6258,Scleria bulbifera,,1,0,,0,,,,
10020,10059,10059,Raddi,40601,6258,Scleria gaertneri,,1,0,,0,,,,
10020,10059,10059,Boeckeler,78144,6258,Scleria glabra,,1,0,,0,,,,
10020,10059,10059,Boeckeler,78144,6258,Scleria glabra,,1,0,,0,,,,
10020,10059,10059,Boeckeler,78145,6258,Scleria gracillima,,1,0,,0,,,,
10020,10059,10059,Nelmes,64215,6258,Scleria iostephana,,1,0,,0,,,,
10020,10059,10059,Boeckeler,40607,6258,Scleria lagoensis,,1,0,,0,,,,
10020,10059,10059,Kunth,64216,6258,Scleria melanomphala,,1,0,,0,,,,
10020,10059,10059,Hochst. & A.Rich.,64217,6258,Scleria melanotricha,,1,0,,0,,,,
10020,10059,10059,Makino,64218,6258,Scleria mikawana,,1,0,,0,,,,
10020,10059,10059,(Nees) Kunth,60227,6258,Scleria pergracilis,,1,0,,0,,,,
10020,10059,10059,Ridl.,78146,6258,Scleria pooides,,1,0,,0,,,,
10020,10059,10059,Poir.,64219,6258,Scleria racemosa,,1,0,,0,,,,
10020,10059,10059,Willd.,68888,6258,Scleria tessellata,,1,0,,0,,,,
10020,10059,10059,Willd.,68888,6258,Scleria tessellata,,1,0,,0,,,,
10020,10059,10059,(B.Heyne ex Roth) Ohwi,582,1010,Acrachne racemosa,,1,0,,0,,,,
10020,10059,10059,Stapf,78147,1014,Acroceras amplectens,,1,0,,0,,,,
10020,10059,10059,(Kunth) Dandy,593,1014,Acroceras zizanioides,,1,0,,0,,,,
10020,10059,10059,L.,1260,1130,Agrostis stolonifera,,1,0,,0,,,,
10020,10059,10059,L.,1260,1130,Agrostis stolonifera,,1,0,,0,,,,
10020,10059,10059,Miré & Quézel,78148,1130,Agrostis tibestica,,1,0,,1,,,,
10020,10059,10059,(L.) Stapf,1636,1181,Alloteropsis cimicina,,1,0,,0,,,,
10020,10059,10059,(Benth.) Stapf,1637,1181,Alloteropsis paniculata,,1,0,,0,,,,
10020,10059,10059,(R.Br.) Hitchc.,1638,1181,Alloteropsis semialata,,1,0,,0,,,,
10020,10059,10059,(Rendle) Stapf,66121,7783,Anadelphia afzeliana,,1,0,,0,,,,
10020,10059,10059,Franch.,66125,1297,Andropogon africanus,,1,0,,0,,,,
10020,10059,10059,Stapf,54065,1297,Andropogon auriculatus,,1,0,,0,,,,
10020,10059,10059,Franch.,78149,1297,Andropogon brazzae,,1,0,,0,,,,
10020,10059,10059,Schumach.,66126,1297,Andropogon canaliculatus,,1,0,,0,,,,
10020,10059,10059,(Nees) Merr.,2228,1297,Andropogon chinensis,,1,0,,0,,,,
10020,10059,10059,L.,2229,1297,Andropogon distachyos,,1,0,,0,,,,
10020,10059,10059,(Sw.) P.Beauv.,438421,19975,Diectomis fastigiata,,1,0,,0,,,,
10020,10059,10059,Kunth,2232,1297,Andropogon gayanus,,1,0,,0,,,,
10020,10059,10059,Kunth,2232,1297,Andropogon gayanus,,1,0,,0,,,,
10020,10059,10059,Kunth,2232,1297,Andropogon gayanus,,1,0,,0,,,,
10020,10059,10059,Kunth,2232,1297,Andropogon gayanus,,1,0,,0,,,,
10020,10059,10059,Stapf,66131,1297,Andropogon pseudapricus,,1,0,,0,,,,
10020,10059,10059,Hochst. ex A.Rich.,66132,1297,Andropogon schirensis,,1,0,,0,,,,
10020,10059,10059,Schumach. & Thonn.,78150,1297,Andropogon tectorum,,1,0,,0,,,,
10020,10059,10059,Hack.,78151,1297,Andropogon tenuiberbis,,1,0,,0,,,,
10020,10059,10059,Stapf & C.E.Hubb.,78152,1345,Anthephora nigritana,,1,0,,0,,,,
10020,10059,10059,Nees,78153,1345,Anthephora pubescens,,1,0,,0,,,,
10020,10059,10059,L.,3202,1465,Aristida adscensionis,,1,0,,0,,,,
10020,10059,10059,Trin. & Rupr.,78154,1465,Aristida barbicollis,,1,0,,0,,,,
10020,10059,10059,Trin. & Rupr.,61113,1465,Aristida cumingiana,,1,0,,0,,,,
10020,10059,10059,(Mez) C.E.Hubb.,78155,1465,Aristida diminuta,,1,0,,0,,,,
10020,10059,10059,Trin. & Rupr.,3221,1465,Aristida funiculata,,1,0,,0,,,,
10020,10059,10059,Kunth,78156,1465,Aristida hordeacea,,1,0,,0,,,,
10020,10059,10059,Pilg.,68894,1465,Aristida kerstingii,,1,0,,0,,,,
10020,10059,10059,Trin. & Rupr.,56517,1465,Aristida mutabilis,,1,0,,0,,,,
10020,10059,10059,Hochst.,78157,1465,Aristida rhiniochloa,,1,0,,0,,,,
10020,10059,10059,Trin.,78158,1465,Aristida sieberiana,,1,0,,0,,,,
10020,10059,10059,Lam.,78159,1465,Aristida stipoides,,1,0,,0,,,,
10020,10059,10059,(Thunb.) Makino,3449,1479,Arthraxon hispidus,,1,0,,0,,,,
10020,10059,10059,(Retz.) S.T.Blake,5584,1788,Bothriochloa bladhii,,1,0,,0,,,,
10020,10059,10059,(A.Rich.) R.D.Webster,438768,7015,Urochloa brizantha,,1,0,,0,,,,
10020,10059,10059,(Hochst. ex A.Rich.) Sosef,444972,7015,Urochloa comata,,1,0,,0,,,,
10020,10059,10059,(Schumach.) H.Scholz,438769,7015,Urochloa deflexa,,1,0,,0,,,,
10020,10059,10059,(Fig. & De Not.) Sosef,444973,7015,Urochloa jubata,,1,0,,0,,,,
10020,10059,10059,(Schumach.) C.E.Hubb.,438772,7015,Urochloa lata,,1,0,,0,,,,
10020,10059,10059,(Hochst.) A.M.Torres & C.M.Morton,446104,7015,Urochloa leersioides,,1,0,,0,,,,
10020,10059,10059,(Forssk.) T.Q.Nguyen,438774,7015,Urochloa mutica,,1,0,,0,,,,
10020,10059,10059,(Mez) K.M.Ibrahim & P.M.Peterson,446105,7015,Urochloa orthostachys,,1,0,,0,,,,
10020,10059,10059,(Stapf) Zon,438775,7015,Urochloa ovalis,,1,0,,0,,,,
10020,10059,10059,(L.) T.Q.Nguyen,438778,7015,Urochloa ramosa,,1,0,,0,,,,
10020,10059,10059,(Thunb.) Sosef,445214,7015,Urochloa serrata,,1,0,,0,,,,
10020,10059,10059,(Hochst.) Zon,446106,7015,Urochloa serrifolia,,1,0,,0,,,,
10020,10059,10059,(Mez) K.M.Ibrahim & P.M.Peterson,446107,7015,Urochloa stigmatisata,,1,0,,0,,,,
10020,10059,10059,(Lam.) T.Q.Nguyen,438781,7015,Urochloa villosa,,1,0,,0,,,,
10020,10059,10059,(Hack.) H.Scholz,438782,7015,Urochloa xantholeuca,,1,0,,0,,,,
10020,10059,10059,(Benth.) P.M.Peterson,446108,20222,Micrachne obtusiflora,,1,0,,0,,,,
10020,10059,10059,C.Presl,5908,1840,Bromus fasciculatus,,1,0,,0,,,,
10020,10059,10059,Thunb.,5923,1840,Bromus pectinatus,,1,0,,0,,,,
10020,10059,10059,Roxb.,8693,2103,Cenchrus biflorus,,1,0,,0,,,,
10020,10059,10059,L.,8696,2103,Cenchrus ciliaris,,1,0,,0,,,,
10020,10059,10059,(Kunth) Maire,78165,2103,Cenchrus prieurii,,1,0,,0,,,,
10020,10059,10059,(Vahl) Cope,443423,7498,Centropodia forskaolii,,1,0,,0,,,,
10020,10059,10059,(Guinet & Sauvage) Cope,78166,7498,Centropodia fragilis,,1,0,,0,,,,
10020,10059,10059,(Hack.) Stapf,68896,9027,Chasmopodium caudatum,,1,0,,0,,,,
10020,10059,10059,(Desv.) P.M.Peterson,439273,20011,Stapfochloa elata,,0,0,,0,,,,
10020,10059,10059,Kunth,9438,2236,Chloris gayana,,1,0,,0,,,,
10020,10059,10059,(Stapf) H.Scholz,446109,20011,Stapfochloa lamproparia,,1,0,,0,,,,
10020,10059,10059,Schumach.,9440,2236,Chloris pilosa,,1,0,,0,,,,
10020,10059,10059,Trin.,9441,2236,Chloris pycnothrix,,1,0,,0,,,,
10020,10059,10059,Stapf,66137,2236,Chloris robusta,,1,0,,0,,,,
10020,10059,10059,Sw.,9447,2236,Chloris virgata,,1,0,,0,,,,
10020,10059,10059,C.E.Hubb.,78168,9611,Chrysochloa hindsii,,1,0,,0,,,,
10020,10059,10059,(Benth.) Veldkamp,68897,2272,Chrysopogon nigritanus,,1,0,,0,,,,
10020,10059,10059,Hochst.,9556,2272,Chrysopogon plumulosus,,1,0,,0,,,,
10020,10059,10059,Hochst. & Nees,78169,9612,Coelachyrum brevifolium,,1,0,,0,,,,
10020,10059,10059,Stapf,444966,6058,Rottboellia afraurita,,1,0,,0,,,,
10020,10059,10059,(L.) P.M.Peterson,439497,6495,Sporobolus aculeatus,,1,0,,0,,,,
10020,10059,10059,(L.) P.M.Peterson,391061,6495,Sporobolus schoenoides,,1,0,,0,,,,
10020,10059,10059,Kunth,68898,7784,Ctenium elegans,,1,0,,0,,,,
10020,10059,10059,Hack.,54066,7784,Ctenium newtonii,,1,0,,0,,,,
10020,10059,10059,Nees,89850,7784,Ctenium concinnum,,1,0,,0,,,,
10020,10059,10059,Chiov.,12686,2649,Cymbopogon giganteus,,1,0,,0,,,,
10020,10059,10059,(DC.) Stapf,12684,2649,Cymbopogon citratus,,0,0,,0,,,,
10020,10059,10059,(Steud.) Stapf,56527,2649,Cymbopogon commutatus,,1,0,,0,,,,
10020,10059,10059,(L.) Spreng.,12695,2649,Cymbopogon schoenanthus,,1,0,,0,,,,
10020,10059,10059,(L.) Spreng.,12695,2649,Cymbopogon schoenanthus,,1,0,,0,,,,
10020,10059,10059,(L.) Pers.,12756,2653,Cynodon dactylon,,1,0,,0,,,,
10020,10059,10059,Vanderyst,12758,2653,Cynodon nlemfuensis,,1,0,,0,,,,
10020,10059,10059,(L.) Willd.,13226,2700,Dactyloctenium aegyptium,,1,0,,0,,,,
10020,10059,10059,(L.) Stapf,14052,2800,Desmostachya bipinnata,,1,0,,0,,,,
10020,10059,10059,(Forssk.) Stapf,14159,2816,Dichanthium annulatum,,1,0,,0,,,,
10020,10059,10059,(Delile) Roberty,14162,2816,Dichanthium foveolatum,,1,0,,0,,,,
10020,10059,10059,Stapf,78171,2853,Digitaria acuminatissima,,1,0,,0,,,,
10020,10059,10059,(Hitchc. & Chase) Fernald,14299,2853,Digitaria argillacea,,1,0,,0,,,,
10020,10059,10059,(Retz.) Koeler,14304,2853,Digitaria ciliaris,,1,0,,0,,,,
10020,10059,10059,Stapf,78172,2853,Digitaria compressa,,1,0,,0,,,,
10020,10059,10059,(Desf.) Willd.,14307,2853,Digitaria debilis,,1,0,,0,,,,
10020,10059,10059,Goetgh.,78173,2853,Digitaria delicata,,1,0,,0,,,,
10020,10059,10059,Stapf,78174,2853,Digitaria delicatula,,1,0,,0,,,,
10020,10059,10059,(Nees) Stapf,66142,2853,Digitaria diagonalis,,1,0,,0,,,,
10020,10059,10059,(Kunth) A.Chev.,66143,2853,Digitaria gayana,,1,0,,0,,,,
10020,10059,10059,Rendle,78175,2853,Digitaria gazensis,,1,0,,0,,,,
10020,10059,10059,(Pilg.) Stapf,66144,2853,Digitaria leptorhachis,,1,0,,0,,,,
10020,10059,10059,(Retz.) Pers.,14328,2853,Digitaria longiflora,,1,0,,0,,,,
10020,10059,10059,Stapf,78176,2853,Digitaria maniculata,,1,0,,0,,,,
10020,10059,10059,Schumach.,14335,2853,Digitaria nuda,,1,0,,0,,,,
10020,10059,10059,Jacq.-Fél.,78177,2853,Digitaria parodii,,1,0,,0,,,,
10020,10059,10059,(Kunth) Stapf,78178,2853,Digitaria perrottetii,,1,0,,0,,,,
10020,10059,10059,(L.) Scop.,14343,2853,Digitaria sanguinalis,,1,0,,0,,,,
10020,10059,10059,Jacq.-Fél.,78179,2853,Digitaria tisserantii,,1,0,,0,,,,
10020,10059,10059,(Nees) Clayton,78180,8772,Diheteropogon amplectens,,1,0,,0,,,,
10020,10059,10059,Hitchc.,78181,8772,Diheteropogon hagerupii,,1,0,,0,,,,
10020,10059,10059,(Vahl) Panz.,48401,7260,Dinebra retroflexa,,1,0,,0,,,,
10020,10059,10059,(Pilg.) Clayton,78182,3029,Echinochloa callopus,,1,0,,0,,,,
10020,10059,10059,(L.) Link,337930,3029,Echinochloa colonum,,1,0,,0,,,,
10020,10059,10059,(L.) P.Beauv.,15669,3029,Echinochloa crus-galli,,1,0,,0,,,,
10020,10059,10059,(Kunth) Schult.,15670,3029,Echinochloa crus-pavonis,,1,0,,0,,,,
10020,10059,10059,Stapf,78183,3029,Echinochloa obtusiflora,,1,0,,0,,,,
10020,10059,10059,(Lam.) Hitchc. & Chase,15678,3029,Echinochloa pyramidalis,,1,0,,0,,,,
10020,10059,10059,(Retz.) P.Beauv.,15679,3029,Echinochloa stagnina,,1,0,,0,,,,
10020,10059,10059,Kenn.-O'Byrne,16207,3075,Eleusine africana,,1,0,,0,,,,
10020,10059,10059,(L.) Gaertn.,16208,3075,Eleusine coracana,,1,0,,0,,,,
10020,10059,10059,(L.) Gaertn.,16209,3075,Eleusine indica,,1,0,,0,,,,
10020,10059,10059,Kunth,71970,3080,Elionurus ciliaris,,1,0,,0,,,,
10020,10059,10059,Kunth,68899,3080,Elionurus elegans,,1,0,,0,,,,
10020,10059,10059,Hack.,66146,3080,Elionurus hirtifolius,,1,0,,0,,,,
10020,10059,10059,(Willd.) A.Camus,16283,3092,Elytrophorus spicatus,,1,0,,0,,,,
10020,10059,10059,(Licht.) C.E.Hubb.,16380,3119,Enneapogon cenchroides,,1,0,,0,,,,
10020,10059,10059,P.Beauv.,16381,3119,Enneapogon desvauxii,,1,0,,0,,,,
10020,10059,10059,Boiss.,16383,3119,Enneapogon persicus,,1,0,,0,,,,
10020,10059,10059,Lehm.,78184,3119,Enneapogon scaber,,1,0,,0,,,,
10020,10059,10059,(Hochst. ex A.Rich.) Munro ex Benth.,78185,3124,Enteropogon macrostachyus,,1,0,,0,,,,
10020,10059,10059,(Kunth) Clayton,16400,3124,Enteropogon prieurii,,1,0,,0,,,,
10020,10059,10059,Stapf,78186,3126,Entolasia olivacea,,1,0,,0,,,,
10020,10059,10059,(Willd.) Delile,51479,3146,Eragrostis aegyptiaca,,1,0,,0,,,,
10020,10059,10059,Chiov.,16645,3146,Eragrostis aethiopica,,1,0,,0,,,,
10020,10059,10059,(Retz.) Trin.,16724,3146,Eragrostis viscosa,,1,0,,0,,,,
10020,10059,10059,(Jacq.) Nees,16650,3146,Eragrostis aspera,,1,0,,0,,,,
10020,10059,10059,(Desf.) Trin. ex Steud.,16652,3146,Eragrostis atrovirens,,1,0,,0,,,,
10020,10059,10059,Daveau,16655,3146,Eragrostis barrelieri,,1,0,,0,,,,
10020,10059,10059,C.E.Hubb.,78187,3146,Eragrostis barteri,,1,0,,0,,,,
10020,10059,10059,(All.) Vignolo ex Janch.,16658,3146,Eragrostis cilianensis,,1,0,,0,,,,
10020,10059,10059,(L.) R.Br.,16659,3146,Eragrostis ciliaris,,1,0,,0,,,,
10020,10059,10059,Hochst.,48043,3146,Eragrostis cylindriflora,,1,0,,0,,,,
10020,10059,10059,Chiov.,78188,3146,Eragrostis elegantissima,,1,0,,0,,,,
10020,10059,10059,(Roxb.) Steud.,53434,3146,Eragrostis gangetica,,1,0,,0,,,,
10020,10059,10059,(Thunb.) Trin.,16681,3146,Eragrostis japonica,,1,0,,0,,,,
10020,10059,10059,Quézel,78189,3146,Eragrostis kohorica,,1,0,,1,,,,
10020,10059,10059,Trin.,446110,3146,Eragrostis multiflora,,1,0,,0,,,,
10020,10059,10059,(Roem. & Schult.) Steud.,16692,3146,Eragrostis papposa,,1,0,,0,,,,
10020,10059,10059,(Kunth) Steud.,16695,3146,Eragrostis patula,,1,0,,0,,,,
10020,10059,10059,(L.) P.Beauv.,16699,3146,Eragrostis pilosa,,1,0,,0,,,,
10020,10059,10059,Nees,78190,3146,Eragrostis porosa,,1,0,,0,,,,
10020,10059,10059,(Thunb.) Trin.,78191,3146,Eragrostis sarmentosa,,1,0,,0,,,,
10020,10059,10059,(Lam.) Steud.,16715,3146,Eragrostis squamata,,1,0,,0,,,,
10020,10059,10059,(Schumach.) De Wild.,78192,3146,Eragrostis turgida,,1,0,,0,,,,
10020,10059,10059,(Retz.) Trin.,16724,3146,Eragrostis viscosa,,1,0,,0,,,,
10020,10059,10059,(Trin.) S.Yadav & M.R.Almeida,440055,3170,Eriochloa barbatus,,1,0,,0,,,,
10020,10059,10059,(Nees) Pilg.,16911,3170,Eriochloa meyeriana,,1,0,,0,,,,
10020,10059,10059,(Hochst. ex Steud.) Stapf,17324,3218,Euclasta condylotricha,,1,0,,0,,,,
10020,10059,10059,(Vahl) Lanza & Mattei,78193,3255,Eustachys paspaloides,,1,0,,0,,,,
10020,10059,10059,A.Rich.,18346,3315,Festuca abyssinica,,1,0,,1,,,,
10020,10059,10059,(L.) Kuntze,20845,3628,Hackelochloa granularis,,1,0,,0,,,,
10020,10059,10059,(Hochst. ex A.Rich.) Röser & A.Wölk,346709,19073,Trisetopsis elongata,,1,0,,1,,,,
10020,10059,10059,(Poir.) Stapf & C.E.Hubb.,21384,3720,Hemarthria altissima,,1,0,,0,,,,
10020,10059,10059,(L.) P.Beauv. ex Roem. & Schult.,21545,3770,Heteropogon contortus,,1,0,,0,,,,
10020,10059,10059,(Elliott) Benth.,21546,3770,Heteropogon melanocarpus,,1,0,,0,,,,
10020,10059,10059,L.,22334,3839,Hordeum vulgare,,0,0,,0,,,,
10020,10059,10059,L.,22334,3839,Hordeum vulgare,,0,0,,0,,,,
10020,10059,10059,(Stapf) Stapf,78195,3907,Hyparrhenia bagirmica,,1,0,,0,,,,
10020,10059,10059,(Hack.) Stapf,78196,3907,Hyparrhenia barteri,,1,0,,0,,,,
10020,10059,10059,(Hochst. ex A.Rich.) Andersson ex Stapf,78197,3907,Hyparrhenia confinis,,1,0,,0,,,,
10020,10059,10059,(Stapf) Stapf,66164,3907,Hyparrhenia cyanescens,,1,0,,0,,,,
10020,10059,10059,(Hack.) Stapf,22828,3907,Hyparrhenia diplandra,,1,0,,0,,,,
10020,10059,10059,(Stapf) Stapf,78198,3907,Hyparrhenia exarmata,,1,0,,0,,,,
10020,10059,10059,(Hochst.) Stapf,58992,3907,Hyparrhenia filipendula,,1,0,,0,,,,
10020,10059,10059,(Hochst. ex A.Rich.) Stapf,68901,3907,Hyparrhenia glabriuscula,,1,0,,0,,,,
10020,10059,10059,(L.) Stapf,22830,3907,Hyparrhenia hirta,,1,0,,0,,,,
10020,10059,10059,Stapf,68902,3907,Hyparrhenia involucrata,,1,0,,0,,,,
10020,10059,10059,(Nees) Stapf,22831,3907,Hyparrhenia rufa,,1,0,,0,,,,
10020,10059,10059,(Hook.f.) Stapf,68903,3907,Hyparrhenia smithiana,,1,0,,0,,,,
10020,10059,10059,Stapf,66169,3907,Hyparrhenia subplumosa,,1,0,,0,,,,
10020,10059,10059,(Stapf) Clayton,78199,3907,Hyparrhenia violascens,,1,0,,0,,,,
10020,10059,10059,(Rendle) Stapf,78200,3907,Hyparrhenia welwitschii,,1,0,,0,,,,
10020,10059,10059,(Hack.) Clayton,78201,9613,Hyperthelia cornucopiae,,1,0,,0,,,,
10020,10059,10059,(Nees ex Steud.) Clayton,78202,9613,Hyperthelia dissoluta,,1,0,,0,,,,
10020,10059,10059,(L.) P.Beauv.,23262,3943,Imperata cylindrica,,0,0,,0,,,,
10020,10059,10059,(J.F.Gmel.) Dandy,78203,3965,Ischaemum afrum,,1,0,,0,,,,
10020,10059,10059,Lebrun,78204,3965,Ischaemum amethystinum,,1,0,,0,,,,
10020,10059,10059,Henrard,56533,8146,Lasiurus scindicus,,1,0,,0,,,,
10020,10059,10059,Stapf,78205,4199,Leersia drepanothrix,,1,0,,0,,,,
10020,10059,10059,Sw.,24997,4199,Leersia hexandra,,1,0,,0,,,,
10020,10059,10059,Steud.,444965,4251,Leptochloa coerulescens,,1,0,,0,,,,
10020,10059,10059,(L.) P.Beauv. ex Roem. & Schult.,439854,14287,Diplachne fusca,,1,0,,0,,,,
10020,10059,10059,(Kunth) Clayton,25502,4266,Leptothrium senegalense,,1,0,,0,,,,
10020,10059,10059,Lam.,26584,4364,Lolium multiflorum,,1,0,,0,,,,
10020,10059,10059,C.E.Hubb.,78206,8776,Loudetia angolensis,,1,0,,0,,,,
10020,10059,10059,(Stapf) C.E.Hubb.,78207,8776,Loudetia annua,,1,0,,0,,,,
10020,10059,10059,(Hochst. ex A.Rich.) Hochst. ex Steud.,66173,8776,Loudetia arundinacea,,1,0,,0,,,,
10020,10059,10059,(Stapf) C.E.Hubb.,78208,8776,Loudetia cerata,,1,0,,0,,,,
10020,10059,10059,(Stapf) C.E.Hubb.,66174,8776,Loudetia flavida,,1,0,,0,,,,
10020,10059,10059,(Stapf) C.E.Hubb.,78209,8776,Loudetia hordeiformis,,1,0,,0,,,,
10020,10059,10059,(Nees) C.E.Hubb.,66176,8776,Loudetia simplex,,1,0,,0,,,,
10020,10059,10059,(Pilg.) C.E.Hubb.,78210,8776,Loudetia togoensis,,1,0,,0,,,,
10020,10059,10059,(Stapf) Conert,78211,8777,Loudetiopsis chevalieri,,1,0,,0,,,,
10020,10059,10059,(Pilg.) Conert,68904,8777,Loudetiopsis kerstingii,,1,0,,0,,,,
10020,10059,10059,(R.Br. ex Fresen.) Hochst.,78212,4607,Melanocenchris abyssinica,,1,0,,0,,,,
10020,10059,10059,(Willd.) Zizka,28398,4626,Melinis repens,,1,0,,0,,,,
10020,10059,10059,(Willd.) Zizka,28398,4626,Melinis repens,,1,0,,0,,,,
10020,10059,10059,(L.f.) P.Beauv.,28874,4686,Microchloa indica,,1,0,,0,,,,
10020,10059,10059,(Nees) Stapf,66183,8780,Monocymbium ceresiiforme,,1,0,,0,,,,
10020,10059,10059,(Nees) P.M.Peterson,422716,2236,Chloris flagellifera,,1,0,,0,,,,
10020,10059,10059,Stapf,31327,5155,Oropetium capense,,1,0,,0,,,,
10020,10059,10059,(Hochst.) Pilg.,78213,5155,Oropetium minimum,,1,0,,0,,,,
10020,10059,10059,(L.f.) Trin.,78214,5155,Oropetium thomaeum,,1,0,,0,,,,
10020,10059,10059,A.Chev.,66186,5167,Oryza barthii,,1,0,,0,,,,
10020,10059,10059,A.Chev. & Roehr.,78215,5167,Oryza brachyantha,,1,0,,0,,,,
10020,10059,10059,Steud.,78216,5167,Oryza glaberrima,,1,0,,0,,,,
10020,10059,10059,A.Chev. & Roehr.,68905,5167,Oryza longistaminata,,1,0,,0,,,,
10020,10059,10059,Kotschy ex Steud.,78217,5167,Oryza punctata,,1,0,,0,,,,
10020,10059,10059,L.,31354,5167,Oryza sativa,,0,0,,0,,,,
10020,10059,10059,(A.Rich.) Munro,68906,9028,Oxytenanthera abyssinica,,1,0,,0,,,,
10020,10059,10059,Sw.,78218,5253,Panicum afzelii,,1,0,,0,,,,
10020,10059,10059,Steud.,78219,5253,Panicum anabaptistum,,1,0,,0,,,,
10020,10059,10059,Retz.,31866,5253,Panicum antidotale,,0,0,,0,,,,
10020,10059,10059,Renvoize,78220,5253,Panicum carneovaginatum,,1,0,,0,,,,
10020,10059,10059,L.,31881,5253,Panicum coloratum,,1,0,,0,,,,
10020,10059,10059,Nees,66188,5253,Panicum dregeanum,,1,0,,0,,,,
10020,10059,10059,Steud.,66189,5253,Panicum fluviicola,,1,0,,0,,,,
10020,10059,10059,Pilg.,78221,5253,Panicum haplocaulos,,1,0,,0,,,,
10020,10059,10059,Kunth,31916,5253,Panicum laetum,,1,0,,0,,,,
10020,10059,10059,(Jacq.) B.K.Simon & S.W.L.Jacobs,441119,19159,Megathyrsus maximus,,1,0,,0,,,,
10020,10059,10059,(Franch.) Zuloaga & Morrone,444969,11168,Trichanthecium nervatum,,1,0,,0,,,,
10020,10059,10059,Roxb.,31934,5253,Panicum paludosum,,0,0,,0,,,,
10020,10059,10059,Rendle,78222,5253,Panicum pansum,,1,0,,0,,,,
10020,10059,10059,(Lam.) Zuloaga & Morrone,441587,11168,Trichanthecium parvifolium,,1,0,,0,,,,
10020,10059,10059,Stapf,78223,5253,Panicum paucinode,,1,0,,0,,,,
10020,10059,10059,Stapf,66194,5253,Panicum phragmitoides,,1,0,,0,,,,
10020,10059,10059,Mez,66195,5253,Panicum pilgeri,,1,0,,0,,,,
10020,10059,10059,Steud.,78224,5253,Panicum porphyrrhizos,,1,0,,0,,,,
10020,10059,10059,L.,31944,5253,Panicum repens,,1,0,,0,,,,
10020,10059,10059,Kunth,31957,5253,Panicum subalbidum,,1,0,,0,,,,
10020,10059,10059,Stapf,446111,5253,Panicum sublaetum,,1,0,,0,,,,
10020,10059,10059,Forssk.,31966,5253,Panicum turgidum,,1,0,,0,,,,
10020,10059,10059,(Hack.) Clayton,78225,9614,Parahyparrhenia annua,,1,0,,0,,,,
10020,10059,10059,(Forssk.) Veldkamp,441581,6341,Setaria geminata,,1,0,,0,,,,
10020,10059,10059,K.Schum.,66198,5315,Paspalum lamprocaryon,,1,0,,0,,,,
10020,10059,10059,L.,32283,5315,Paspalum scrobiculatum,,1,0,,0,,,,
10020,10059,10059,"(J.F.Gmel.) Verloove, Govaerts & Buttler",346149,2103,Cenchrus divisus,,1,0,,0,,,,
10020,10059,10059,(L.) Morrone,439142,2103,Cenchrus americanus,,0,0,,0,,,,
10020,10059,10059,(Lam.) Morrone,443268,2103,Cenchrus hordeoides,,1,0,,0,,,,
10020,10059,10059,(Trin.) Morrone,441671,2103,Cenchrus pedicellatus,,1,0,,0,,,,
10020,10059,10059,(Poir.) Kerguélen,41370,6341,Setaria parviflora,,1,0,,0,,,,
10020,10059,10059,(L.) Morrone,8707,2103,Cenchrus polystachios,,1,0,,0,,,,
10020,10059,10059,(Schumach.) Morrone,439148,2103,Cenchrus purpureus,,1,0,,0,,,,
10020,10059,10059,(Hochst.) Morrone,446112,2103,Cenchrus ramosus,,1,0,,0,,,,
10020,10059,10059,(Forssk.) Morrone,439149,2103,Cenchrus setaceus,,1,0,,0,,,,
10020,10059,10059,(Schltdl.) Verloove,346696,2103,Cenchrus sieberianus,,1,0,,0,,,,
10020,10059,10059,(Nees) Morrone,444971,2103,Cenchrus unisetus,,1,0,,0,,,,
10020,10059,10059,(Lam.) Morrone,344129,2103,Cenchrus violaceus,,1,0,,0,,,,
10020,10059,10059,(L.) Kuntze,32945,5407,Perotis indica,,0,0,,0,,,,
10020,10059,10059,Gand.,66200,5407,Perotis patens,,1,0,,0,,,,
10020,10059,10059,(Steud.) Clayton,66201,5435,Phacelurus gabonensis,,1,0,,0,,,,
10020,10059,10059,(Cav.) Trin. ex Steud.,33352,5488,Phragmites australis,,1,0,,0,,,,
10020,10059,10059,(Cav.) Trin. ex Steud.,33352,5488,Phragmites australis,,1,0,,0,,,,
10020,10059,10059,(L.) Desf.,35645,5706,Polypogon monspeliensis,,1,0,,0,,,,
10020,10059,10059,(L.) Desf.,35645,5706,Polypogon monspeliensis,,1,0,,0,,,,
10020,10059,10059,Desv.,38384,6009,Rhytachne rottboellioides,,1,0,,0,,,,
10020,10059,10059,(Steud.) Stapf,78228,6009,Rhytachne triaristata,,1,0,,0,,,,
10020,10059,10059,(Asch.) Holub,78229,6052,Rostraria rohlfsii,,1,0,,0,,,,
10020,10059,10059,(Lour.) Clayton,38766,6058,Rottboellia cochinchinensis,,1,0,,0,,,,
10020,10059,10059,L.,39500,6094,Saccharum officinarum,,0,0,,0,,,,
10020,10059,10059,(L.) H.Scholz,440044,15784,Tripidium ravennae,,1,0,,0,,,,
10020,10059,10059,L.,39504,6094,Saccharum spontaneum,,1,0,,0,,,,
10020,10059,10059,L.,39504,6094,Saccharum spontaneum,,1,0,,0,,,,
10020,10059,10059,C.E.Hubb. & Snowden,39505,6095,Sacciolepis africana,,1,0,,0,,,,
10020,10059,10059,Stapf,66205,6095,Sacciolepis chevalieri,,1,0,,0,,,,
10020,10059,10059,Stapf,78230,6095,Sacciolepis cingularis,,1,0,,0,,,,
10020,10059,10059,(L.) Chase,39507,6095,Sacciolepis indica,,1,0,,0,,,,
10020,10059,10059,(Willd.) Stapf,78231,6095,Sacciolepis interrupta,,1,0,,0,,,,
10020,10059,10059,Mez,68907,6095,Sacciolepis micrococca,,1,0,,0,,,,
10020,10059,10059,(Stapf) Stapf,78232,6095,Sacciolepis typhura,,1,0,,0,,,,
10020,10059,10059,(L.) Thell.,40351,6211,Schismus barbatus,,1,0,,0,,,,
10020,10059,10059,(Sw.) Nees ex Buse,40354,6214,Schizachyrium brevifolium,,1,0,,0,,,,
10020,10059,10059,(Hochst.) Pilg.,68908,6214,Schizachyrium exile,,1,0,,0,,,,
10020,10059,10059,(Franch.) Stapf,66207,6214,Schizachyrium platyphyllum,,1,0,,0,,,,
10020,10059,10059,(Retz.) Alston,40363,6214,Schizachyrium sanguineum,,1,0,,0,,,,
10020,10059,10059,(Hack.) Stapf,78233,6214,Schizachyrium urceolatum,,1,0,,0,,,,
10020,10059,10059,Stent,78234,6234,Schmidtia kalahariensis,,1,0,,0,,,,
10020,10059,10059,Steud. ex J.A.Schmidt,40433,6234,Schmidtia pappophoroides,,1,0,,0,,,,
10020,10059,10059,Kunth,40449,6236,Schoenefeldia gracilis,,1,0,,0,,,,
10020,10059,10059,Forssk.,40943,6302,Sehima ischaemoides,,1,0,,0,,,,
10020,10059,10059,(Lam.) Kunth,41350,6341,Setaria barbata,,1,0,,0,,,,
10020,10059,10059,(Hochst.) Hack.,59745,6341,Setaria incrassata,,1,0,,0,,,,
10020,10059,10059,(Poir.) Roem. & Schult.,41372,6341,Setaria pumila,,1,0,,0,,,,
10020,10059,10059,(Franch.) Stapf,66210,6341,Setaria restioidea,,1,0,,0,,,,
10020,10059,10059,(Schumach.) Stapf & C.E.Hubb. ex Moss,41377,6341,Setaria sphacelata,,1,0,,0,,,,
10020,10059,10059,(L.) P.Beauv.,41382,6341,Setaria verticillata,,1,0,,0,,,,
10020,10059,10059,(L.) P.Beauv.,41383,6341,Setaria viridis,,1,0,,0,,,,
10020,10059,10059,(J.Presl) Nash,66211,6437,Sorghastrum incompletum,,1,0,,0,,,,
10020,10059,10059,(Kunth) Nash,42227,6437,Sorghastrum stipoides,,1,0,,0,,,,
10020,10059,10059,(Desv.) Stapf,42228,6438,Sorghum arundinaceum,,0,1,,0,,,,
10020,10059,10059,(L.) Moench,42229,6438,Sorghum bicolor,,0,0,,0,,,,
10020,10059,10059,(L.) Pers.,42230,6438,Sorghum halepense,,1,0,,0,,,,
10020,10059,10059,(Hochst. ex A.Rich.) Spangler,446113,14832,Sarga purpureosericea,,1,0,,0,,,,
10020,10059,10059,(Andersson) Spangler,446114,14832,Sarga versicolor,,1,0,,0,,,,
10020,10059,10059,Fresen.,78237,6495,Sporobolus consimilis,,1,0,,0,,,,
10020,10059,10059,(Hochst. ex Steud.) Hérincq ex Coss.,78238,6495,Sporobolus cordofanus,,1,0,,0,,,,
10020,10059,10059,Hochst. ex A.Rich.,68910,6495,Sporobolus festivus,,1,0,,0,,,,
10020,10059,10059,(Trin.) T.Durand & Schinz,42590,6495,Sporobolus helvolus,,1,0,,0,,,,
10020,10059,10059,Mez,78239,6495,Sporobolus infirmus,,1,0,,0,,,,
10020,10059,10059,(Nees ex Trin.) Nees,42592,6495,Sporobolus ioclados,,1,0,,0,,,,
10020,10059,10059,Stapf,78240,6495,Sporobolus microprotus,,1,0,,0,,,,
10020,10059,10059,Hack.,42595,6495,Sporobolus molleri,,1,0,,0,,,,
10020,10059,10059,Hochst.,78241,6495,Sporobolus nervosus,,1,0,,0,,,,
10020,10059,10059,(Trin.) T.Durand & Schinz,54070,6495,Sporobolus paniculatus,,1,0,,0,,,,
10020,10059,10059,Mez,78242,6495,Sporobolus pectinellus,,1,0,,0,,,,
10020,10059,10059,Hochst.,78243,6495,Sporobolus pellucidus,,1,0,,0,,,,
10020,10059,10059,(Trin.) Kunth,442651,6495,Sporobolus pilifer,,1,0,,0,,,,
10020,10059,10059,P.Beauv.,42599,6495,Sporobolus pyramidalis,,1,0,,0,,,,
10020,10059,10059,(Lam.) Hitchc.,42600,6495,Sporobolus pyramidatus,,1,0,,0,,,,
10020,10059,10059,Kunth,42601,6495,Sporobolus robustus,,1,0,,0,,,,
10020,10059,10059,Rendle,78244,6495,Sporobolus sanguineus,,1,0,,0,,,,
10020,10059,10059,(Vahl) Kunth,42605,6495,Sporobolus spicatus,,1,0,,0,,,,
10020,10059,10059,Mez,78245,6495,Sporobolus stolzii,,1,0,,0,,,,
10020,10059,10059,(Walter) Kuntze,42943,6546,Stenotaphrum secundatum,,0,0,,0,,,,
10020,10059,10059,(Desf.) M.Nobis,443511,11899,Achnatherum parviflorum,,1,0,,1,,,,
10020,10059,10059,(Trin. & Rupr.) De Winter,52016,6569,Stipagrostis acutiflora,,1,0,,0,,,,
10020,10059,10059,(Desf.) De Winter,43116,6569,Stipagrostis ciliata,,1,0,,0,,,,
10020,10059,10059,(Maire & Wilczek) De Winter,78246,6569,Stipagrostis foexiana,,1,0,,0,,,,
10020,10059,10059,(Steud. ex Trin. & Rupr.) De Winter,78247,6569,Stipagrostis hirtigluma,,1,0,,0,,,,
10020,10059,10059,(Delile) Nees,52020,6569,Stipagrostis obtusa,,1,0,,0,,,,
10020,10059,10059,(L.) Munro ex T.Anderson,52021,6569,Stipagrostis plumosa,,1,0,,0,,,,
10020,10059,10059,(Desf.) De Winter,78248,6569,Stipagrostis pungens,,1,0,,0,,,,
10020,10059,10059,H.Scholz,78249,6569,Stipagrostis rigidifolia,,1,0,,0,,,,
10020,10059,10059,(Trab.) De Winter,78250,6569,Stipagrostis sahelica,,1,0,,0,,,,
10020,10059,10059,(Licht.) De Winter,43118,6569,Stipagrostis uniplumis,,1,0,,0,,,,
10020,10059,10059,(Trin. & Rupr.) De Winter,78251,6569,Stipagrostis vulnerans,,1,0,,0,,,,
10020,10059,10059,(A.Rich.) Clayton,44624,6737,Tetrapogon cenchriformis,,1,0,,0,,,,
10020,10059,10059,Desf.,44626,6737,Tetrapogon villosus,,1,0,,0,,,,
10020,10059,10059,Roth,78252,8433,Thelepogon elegans,,1,0,,0,,,,
10020,10059,10059,Forssk.,44949,6764,Themeda triandra,,1,0,,0,,,,
10020,10059,10059,Schult.,45444,6865,Tragus berteronianus,,1,0,,0,,,,
10020,10059,10059,(L.) All.,45445,6865,Tragus racemosus,,1,0,,0,,,,
10020,10059,10059,(L.f.) Link,45527,6891,Tricholaena teneriffae,,1,0,,0,,,,
10020,10059,10059,(Kunth) Ekman,45595,6894,Trichoneura mollis,,1,0,,0,,,,
10020,10059,10059,(Coss. & Durieu) H.Scholz & P.König,78253,6943,Tripogon africanus,,1,0,,0,,,,
10020,10059,10059,Hook.f.,78254,6943,Tripogon major,,1,0,,0,,,,
10020,10059,10059,(A.Rich.) P.M.Peterson & Romasch.,442896,19755,Tripogonella minima,,1,0,,0,,,,
10020,10059,10059,Miré & H.Gillet,45826,6943,Tripogon multiflorus,,1,0,,1,,,,
10020,10059,10059,R.Br.,78255,8297,Triraphis pumilio,,1,0,,0,,,,
10020,10059,10059,(De Not.) Schweinf. & Asch.,78256,8784,Tristachya superba,,1,0,,0,,,,
10020,10059,10059,Franch.,66218,8784,Tristachya thollonii,,1,0,,0,,,,
10020,10059,10059,L.,45911,6964,Triticum aestivum,,0,0,,0,,,,
10020,10059,10059,P.Beauv.,46186,7015,Urochloa panicoides,,1,0,,0,,,,
10020,10059,10059,(Hochst.) Stapf,78257,7015,Urochloa trichopus,,1,0,,0,,,,
10020,10059,10059,(Roxb.) Griff.,66222,8785,Vossia cuspidata,,1,0,,0,,,,
10020,10059,10059,L.,47706,7198,Zea mays,,0,0,,0,,,,
10020,10059,10059,L.,8925,2139,Ceratophyllum demersum,,1,0,,0,,,,
10020,10059,10059,Cham.,8926,2139,Ceratophyllum muricatum,,1,0,,0,,,,
10020,10059,10059,L.,8928,2139,Ceratophyllum submersum,,1,0,,0,,,,
10020,10059,10059,Hochst.,9169,2192,Chasmanthera dependens,,1,0,,0,,,,
10020,10059,10059,A.Rich.,65518,2301,Cissampelos mucronata,,1,0,,0,,,,
10020,10059,10059,(J.R.Forst. & G.Forst.) Diels,10364,2364,Cocculus pendulus,,1,0,,0,,,,
10020,10059,10059,(A.Rich.) Miers,78258,6815,Tinospora bakis,,1,0,,0,,,,
10020,10059,10059,Thunb.,68405,2330,Clematis brachiata,,1,0,,0,,,,
10020,10059,10059,Perr. & Guill.,9941,2330,Clematis hirsuta,,1,0,,0,,,,
10020,10059,10059,Fresen.,68406,2330,Clematis simensis,,1,0,,0,,,,
10020,10059,10059,Oliv.,68607,5777,Protea madiensis,,1,0,,0,,,,
10020,10059,10059,De Wild. & T.Durand,78259,6720,Tetracera masuiana,,1,0,,0,,,,
10020,10059,10059,Fisch. & C.A.Mey.,11489,2537,Crassula schimperi,,1,0,,0,,,,
10020,10059,10059,(Andrews) Haw.,24195,4031,Kalanchoe crenata,,1,0,,0,,,,
10020,10059,10059,(L.) DC.,24202,4031,Kalanchoe laciniata,,1,0,,0,,,,
10020,10059,10059,(Forssk.) Pers.,78260,4031,Kalanchoe lanceolata,,1,0,,0,,,,
10020,10059,10059,P.J.Bergius,102089,4177,Laurembergia repens,,1,0,,0,,,,
10020,10059,10059,(Lour.) Merr.,78261,1247,Ampelocissus africana,,1,0,,0,,,,
10020,10059,10059,(Baker) Planch.,78262,1247,Ampelocissus multistriata,,1,0,,0,,,,
10020,10059,10059,(Schweinf. ex Oliv.) Planch.,78263,1247,Ampelocissus sarcocephala,,1,0,,0,,,,
10020,10059,10059,(Willems) Desc.,78264,2091,Cayratia delicatula,,1,0,,0,,,,
10020,10059,10059,(Guill. & Perr.) Suess.,69063,2091,Cayratia gracilis,,1,0,,0,,,,
10020,10059,10059,(Hook.f.) Suess.,54356,2091,Cayratia ibuensis,,1,0,,0,,,,
10020,10059,10059,(Baker) Planch.,67261,2302,Cissus cornifolia,,1,0,,0,,,,
10020,10059,10059,(Baker) Planch.,69065,2302,Cissus palmatifida,,1,0,,0,,,,
10020,10059,10059,Guill. & Perr.,69066,2302,Cissus populnea,,1,0,,0,,,,
10020,10059,10059,L.,9731,2302,Cissus quadrangularis,,1,0,,0,,,,
10020,10059,10059,Guill. & Perr.,78265,2302,Cissus rufescens,,1,0,,0,,,,
10020,10059,10059,(Steud. ex A.Rich.) Desc. ex Wild & R.B.Drumm.,69067,2668,Cyphostemma adenocaule,,1,0,,0,,,,
10020,10059,10059,(Planch.) Desc.,78266,2668,Cyphostemma crinitum,,1,0,,0,,,,
10020,10059,10059,(Planch.) Desc. ex Wild & R.B.Drumm.,78267,2668,Cyphostemma crotalarioides,,1,0,,0,,,,
10020,10059,10059,(Schumach. & Thonn.) Desc.,69068,2668,Cyphostemma cymosum,,1,0,,0,,,,
10020,10059,10059,(Fresen.) Desc. ex Wild & R.B.Drumm.,78268,2668,Cyphostemma cyphopetalum,,1,0,,0,,,,
10020,10059,10059,(Webb) Desc. ex Wild & R.B.Drumm.,69069,2668,Cyphostemma junceum,,1,0,,0,,,,
10020,10059,10059,(Webb) Desc. ex Wild & R.B.Drumm.,69069,2668,Cyphostemma junceum,,1,0,,0,,,,
10020,10059,10059,(Gilg & M.Brandt) Desc.,78269,2668,Cyphostemma rubrosetosum,,1,0,,0,,,,
10020,10059,10059,(Gilg & M.Brandt) Desc.,78270,2668,Cyphostemma rupicola,,1,0,,0,,,,
10020,10059,10059,Desc.,78271,2668,Cyphostemma tisserantii,,1,0,,0,,,,
10020,10059,10059,L.,47034,7088,Vitis vinifera,,0,0,,0,,,,
10020,10059,10059,(L.) Delile,4551,1608,Balanites aegyptiaca,,1,0,,0,,,,
10020,10059,10059,(L.) Christenh. & Byng,443448,7223,Zygophyllum arabicum,,1,0,,0,,,,
10020,10059,10059,(DC.) Christenh. & Byng,422733,7223,Zygophyllum bruguieri,,1,0,,0,,,,
10020,10059,10059,(Burm.f.) Christenh. & Byng,422734,7223,Zygophyllum indicum,,1,0,,0,,,,
10020,10059,10059,(Schltdl.) Christenh. & Byng,443451,7223,Zygophyllum mayanum,,1,0,,0,,,,
10020,10059,10059,(C.Presl) Christenh. & Byng,443449,7223,Zygophyllum orientale,,1,0,,0,,,,
10020,10059,10059,(Willd.) Bullock,40942,6301,Seetzenia lanata,,1,0,,0,,,,
10020,10059,10059,L.,443201,7223,Zygophyllum simplex,,1,0,,0,,,,
10020,10059,10059,Viv.,52060,6879,Tribulus bimucronatus,,1,0,,0,,,,
10020,10059,10059,Boiss.,78272,6879,Tribulus macropterus,,1,0,,0,,,,
10020,10059,10059,Ehrenb. ex Schweinf.,78273,6879,Tribulus mollis,,1,0,,0,,,,
10020,10059,10059,Forssk.,45480,6879,Tribulus pentandrus,,1,0,,0,,,,
10020,10059,10059,L.,45481,6879,Tribulus terrestris,,1,0,,0,,,,
10020,10059,10059,L.,45481,6879,Tribulus terrestris,,1,0,,0,,,,
10020,10059,10059,Welw. ex Baker,64478,960,Abrus canescens,,1,0,,0,,,,
10020,10059,10059,Hassk.,438112,960,Abrus melanospermus,,1,0,,0,,,,
10020,10059,10059,L.,59,960,Abrus precatorius,,1,0,,0,,,,
10020,10059,10059,Wall. ex Wight & Arn.,71194,960,Abrus fruticulosus,,1,0,,0,,,,
10020,10059,10059,(Steud. ex A.Rich.) Kyal. & Boatwr.,388082,7256,Vachellia amythethophylla,,1,0,,0,,,,
10020,10059,10059,(DC.) Kyal. & Boatwr.,428943,7253,Senegalia ataxacantha,,1,0,,0,,,,
10020,10059,10059,(Craib) Kyal. & Boatwr.,428955,7253,Senegalia dudgeonii,,1,0,,0,,,,
10020,10059,10059,(Forssk.) Kyal. & Boatwr.,422690,7256,Vachellia flava,,1,0,,0,,,,
10020,10059,10059,(Benth.) P.J.H.Hurter,351589,7256,Vachellia gerrardii,,1,0,,0,,,,
10020,10059,10059,(De Wild.) Seigler & Ebinger,388085,7256,Vachellia hockii,,1,0,,0,,,,
10020,10059,10059,(R.Br. ex Benth.) Seigler & Ebinger,48206,7253,Senegalia laeta,,1,0,,0,,,,
10020,10059,10059,(Rchb. ex DC.) Kyal. & Boatwr.,428968,7253,Senegalia macrostachya,,1,0,,0,,,,
10020,10059,10059,(Benth.) Seigler & Ebinger,290737,7253,Senegalia mellifera,,1,0,,0,,,,
10020,10059,10059,(L.) P.J.H.Hurter & Mabb.,48251,7256,Vachellia nilotica,,1,0,,0,,,,
10020,10059,10059,(L.) P.J.H.Hurter & Mabb.,48251,7256,Vachellia nilotica,,1,0,,0,,,,
10020,10059,10059,(L.) P.J.H.Hurter & Mabb.,48251,7256,Vachellia nilotica,,1,0,,0,,,,
10020,10059,10059,(Forssk.) Kyal. & Boatwr.,422691,7256,Vachellia oerfota,,1,0,,0,,,,
10020,10059,10059,(Willd.) Seigler & Ebinger,48207,7253,Senegalia polyacantha,,1,0,,0,,,,
10020,10059,10059,(L.) Britton,443266,7253,Senegalia senegal,,1,0,,0,,,,
10020,10059,10059,(Delile) P.J.H.Hurter,290886,7256,Vachellia seyal,,1,0,,0,,,,
10020,10059,10059,(DC.) Kyal. & Boatwr.,429132,7256,Vachellia sieberiana,,1,0,,0,,,,
10020,10059,10059,(Forssk.) Galasso & Banfi,290887,7256,Vachellia tortilis,,1,0,,0,,,,
10020,10059,10059,L.,721,1046,Adenanthera pavonina,,0,0,,0,,,,
10020,10059,10059,(Hua) Hutch.,78279,9615,Adenodolichos paniculatus,,1,0,,0,,,,
10020,10059,10059,(A.Chev.) Brenan,64482,8591,Adenopodia scelerata,,1,0,,0,,,,
10020,10059,10059,J.Léonard,68973,1095,Aeschynomene afraspera,,1,0,,0,,,,
10020,10059,10059,Harms,78280,1095,Aeschynomene crassicaulis,,1,0,,0,,,,
10020,10059,10059,Vatke,64483,1095,Aeschynomene cristata,,1,0,,0,,,,
10020,10059,10059,(Guill. & Perr.) Taub.,78281,1095,Aeschynomene elaphroxylon,,1,0,,0,,,,
10020,10059,10059,L.,988,1095,Aeschynomene indica,,1,0,,0,,,,
10020,10059,10059,Taub.,78282,1095,Aeschynomene nilotica,,1,0,,0,,,,
10020,10059,10059,Taub.,78283,1095,Aeschynomene pfundii,,1,0,,0,,,,
10020,10059,10059,Hochst. ex A.Rich.,78284,1095,Aeschynomene schimperi,,1,0,,0,,,,
10020,10059,10059,Sw.,996,1095,Aeschynomene sensitiva,,1,0,,0,,,,
10020,10059,10059,E.Mey.,48274,1095,Aeschynomene uniflora,,1,0,,0,,,,
10020,10059,10059,Sm. ex Pers.,68966,1104,Afzelia africana,,1,0,,0,,,,
10020,10059,10059,(Roxb.) Boivin,78285,1150,Albizia amara,,1,0,,0,,,,
10020,10059,10059,(Roxb.) Boivin,78285,1150,Albizia amara,,1,0,,0,,,,
10020,10059,10059,Harms,47892,1150,Albizia chevalieri,,1,0,,0,,,,
10020,10059,10059,(L.) Benth.,1381,1150,Albizia lebbeck,,0,0,,0,,,,
10020,10059,10059,(A.Rich.) Walp.,68997,1150,Albizia malacophylla,,1,0,,0,,,,
10020,10059,10059,(DC.) J.F.Macbr.,47895,1150,Albizia zygia,,1,0,,0,,,,
10020,10059,10059,Boiss.,84482,7492,Alhagi graecorum,,1,0,,0,,,,
10020,10059,10059,Medik.,51141,7492,Alhagi maurorum,,1,0,,0,,,,
10020,10059,10059,(Vahl) DC.,52434,1209,Alysicarpus glumaceus,,1,0,,0,,,,
10020,10059,10059,(Schumach.) J.Léonard,1867,1209,Alysicarpus ovalifolius,,1,0,,0,,,,
10020,10059,10059,(Willd.) DC.,78286,1209,Alysicarpus rugosus,,1,0,,0,,,,
10020,10059,10059,(L.) DC.,1868,1209,Alysicarpus vaginalis,,1,0,,0,,,,
10020,10059,10059,(Welw. ex Oliv.) Exell & Torre,1973,1221,Amblygonocarpus andongensis,,1,0,,0,,,,
10020,10059,10059,(W.Wright) DC.,2212,1291,Andira inermis,,0,0,,0,,,,
10020,10059,10059,L.,2805,1411,Arachis hypogaea,,0,0,,0,,,,
10020,10059,10059,L.,2805,1411,Arachis hypogaea,,0,0,,0,,,,
10020,10059,10059,L.,2805,1411,Arachis hypogaea,,0,0,,0,,,,
10020,10059,10059,(Decne.) Jaub. & Spach,56515,1457,Argyrolobium arabicum,,1,0,,0,,,,
10020,10059,10059,Schult.,78287,1533,Astragalus crenatus,,1,0,,0,,,,
10020,10059,10059,Boiss.,51252,1533,Astragalus eremophilus,,1,0,,0,,,,
10020,10059,10059,DC.,51274,1533,Astragalus trigonus,,1,0,,0,,,,
10020,10059,10059,(Webb) Bornm.,4130,1533,Astragalus vogelii,,1,0,,0,,,,
10020,10059,10059,(Webb) Bornm.,4130,1533,Astragalus vogelii,,1,0,,1,,,,
10020,10059,10059,(Webb) Bornm.,4130,1533,Astragalus vogelii,,1,0,,1,,,,
10020,10059,10059,Harms,68974,1095,Aeschynomene lateritia,,1,0,,0,,,,
10020,10059,10059,Lam.,78288,1650,Bauhinia rufescens,,1,0,,0,,,,
10020,10059,10059,L.,4781,1650,Bauhinia tomentosa,,0,0,,0,,,,
10020,10059,10059,Benth.,54097,7794,Berlinia bracteosa,,1,0,,0,,,,
10020,10059,10059,(Desv.) J.H.Kirkbr. & Wiersema,78289,7811,Bobgunnia madagascariensis,,1,0,,0,,,,
10020,10059,10059,Hook.,6299,1885,Burkea africana,,1,0,,0,,,,
10020,10059,10059,(L.) Sw.,6478,1903,Caesalpinia pulcherrima,,0,0,,0,,,,
10020,10059,10059,(L.) Huth,6495,1905,Cajanus cajan,,0,0,,0,,,,
10020,10059,10059,Desv.,7168,1950,Calopogonium mucunoides,,0,0,,0,,,,
10020,10059,10059,Dunn,7576,1997,Canavalia africana,,1,0,,0,,,,
10020,10059,10059,(L.) DC.,7580,1997,Canavalia ensiformis,,0,0,,0,,,,
10020,10059,10059,(L.) Roxb.,41195,6320,Senna alata,,0,0,,0,,,,
10020,10059,10059,(Fresen.) Greuter,41215,6320,Senna holosericea,,1,0,,0,,,,
10020,10059,10059,Mill.,41217,6320,Senna italica,,1,0,,0,,,,
10020,10059,10059,L.,8374,2056,Cassia javanica,,0,0,,0,,,,
10020,10059,10059,(Oliv.) Standl.,64568,2170,Chamaecrista kirkii,,1,0,,0,,,,
10020,10059,10059,Mill.,41196,6320,Senna alexandrina,,1,0,,0,,,,
10020,10059,10059,Mill.,41196,6320,Senna alexandrina,,1,0,,0,,,,
10020,10059,10059,(L.) H.S.Irwin & Barneby,41224,6320,Senna obtusifolia,,1,0,,0,,,,
10020,10059,10059,(L.) Link,41225,6320,Senna occidentalis,,0,0,,0,,,,
10020,10059,10059,DC.,8382,2056,Cassia sieberiana,,1,0,,0,,,,
10020,10059,10059,(Delile) Lock,41239,6320,Senna singueana,,1,0,,0,,,,
10020,10059,10059,(DC.) H.S.Irwin & Barneby,41243,6320,Senna spectabilis,,0,0,,0,,,,
10020,10059,10059,(L.) Roxb.,41247,6320,Senna tora,,0,0,,0,,,,
10020,10059,10059,Hook.f.,64566,1150,Albizia altissima,,1,0,,0,,,,
10020,10059,10059,(L.) H.S.Irwin & Barneby,9061,2170,Chamaecrista absus,,1,0,,0,,,,
10020,10059,10059,(L.) Greene,9079,2170,Chamaecrista mimosoides,,1,0,,0,,,,
10020,10059,10059,(Vahl) Greene,9081,2170,Chamaecrista nigricans,,1,0,,0,,,,
10020,10059,10059,(R.Vig.) Du Puy,68998,2170,Chamaecrista pratensis,,1,0,,0,,,,
10020,10059,10059,L.,10175,2345,Clitoria ternatea,,0,0,,0,,,,
10020,10059,10059,(A.Rich.) Milne-Redh.,78290,9616,Cordyla pinnata,,1,0,,0,,,,
10020,10059,10059,Benth.,78291,2565,Crotalaria arenaria,,1,0,,0,,,,
10020,10059,10059,Hochst. ex Benth.,78292,2565,Crotalaria atrorubens,,1,0,,0,,,,
10020,10059,10059,Schweinf.,78293,2565,Crotalaria barkae,,1,0,,0,,,,
10020,10059,10059,Baker f.,78294,2565,Crotalaria bongensis,,1,0,,0,,,,
10020,10059,10059,Benth.,11723,2565,Crotalaria brevidens,,1,0,,0,,,,
10020,10059,10059,Schrank,11725,2565,Crotalaria calycina,,1,0,,0,,,,
10020,10059,10059,Steud. ex A.Rich.,78295,2565,Crotalaria cephalotes,,1,0,,0,,,,
10020,10059,10059,E.Mey.,11738,2565,Crotalaria lanceolata,,1,0,,0,,,,
10020,10059,10059,Baker,78296,2565,Crotalaria comosa,,1,0,,0,,,,
10020,10059,10059,Hepper,78297,2565,Crotalaria confusa,,1,0,,0,,,,
10020,10059,10059,Taub.,78298,2565,Crotalaria cuspidata,,1,0,,0,,,,
10020,10059,10059,DC.,64576,2565,Crotalaria cylindrocarpa,,1,0,,0,,,,
10020,10059,10059,Willd.,54147,2565,Crotalaria glauca,,1,0,,0,,,,
10020,10059,10059,Guill. & Perr.,11731,2565,Crotalaria goreensis,,1,0,,0,,,,
10020,10059,10059,Klotzsch,68975,2565,Crotalaria hyssopifolia,,0,0,,0,,,,
10020,10059,10059,L.,11733,2565,Crotalaria incana,,1,0,,0,,,,
10020,10059,10059,Baker f.,78299,2565,Crotalaria kambolensis,,1,0,,0,,,,
10020,10059,10059,L.,11736,2565,Crotalaria laburnifolia,,1,0,,0,,,,
10020,10059,10059,A.Rich.,78300,2565,Crotalaria lachnophora,,1,0,,0,,,,
10020,10059,10059,Stapf,78301,2565,Crotalaria lachnosema,,1,0,,0,,,,
10020,10059,10059,Guill. & Perr.,78302,2565,Crotalaria lathyroides,,1,0,,0,,,,
10020,10059,10059,Guill. & Perr.,68977,2565,Crotalaria leprieurii,,1,0,,0,,,,
10020,10059,10059,Benth.,78303,2565,Crotalaria macrocalyx,,1,0,,0,,,,
10020,10059,10059,Hochst. ex Benth.,68976,2565,Crotalaria microcarpa,,1,0,,0,,,,
10020,10059,10059,Vahl,11747,2565,Crotalaria microphylla,,1,0,,0,,,,
10020,10059,10059,Hutch.,64578,2565,Crotalaria naragutensis,,1,0,,0,,,,
10020,10059,10059,G.Don,11752,2565,Crotalaria ochroleuca,,1,0,,0,,,,
10020,10059,10059,A.Rich.,78304,2565,Crotalaria onobrychis,,1,0,,0,,,,
10020,10059,10059,Benth.,78305,2565,Crotalaria ononoides,,1,0,,0,,,,
10020,10059,10059,Aiton,11753,2565,Crotalaria pallida,,1,0,,0,,,,
10020,10059,10059,DC.,78306,2565,Crotalaria podocarpa,,1,0,,0,,,,
10020,10059,10059,Torre,78307,2565,Crotalaria pseudotenuirama,,1,0,,0,,,,
10020,10059,10059,Baker f.,78308,2565,Crotalaria quarrei,,1,0,,0,,,,
10020,10059,10059,L.,11760,2565,Crotalaria retusa,,0,1,,0,,,,
10020,10059,10059,(Pers.) Bacle ex DC.,11764,2565,Crotalaria senegalensis,,1,0,,0,,,,
10020,10059,10059,Perr. ex DC.,78309,2565,Crotalaria sphaerocarpa,,1,0,,0,,,,
10020,10059,10059,(Delile) DC.,78310,2565,Crotalaria thebaica,,1,0,,0,,,,
10020,10059,10059,Bojer,11773,2565,Crotalaria trichotoma,,1,0,,0,,,,
10020,10059,10059,(Delile) C.H.Stirt.,56526,2601,Cullen plicatum,,1,0,,0,,,,
10020,10059,10059,Guill. & Perr.,78311,2615,Cyamopsis senegalensis,,1,0,,0,,,,
10020,10059,10059,(L.) Taub.,12292,2615,Cyamopsis tetragonoloba,,0,0,,0,,,,
10020,10059,10059,Guill. & Perr.,78312,2706,Dalbergia melanoxylon,,1,0,,0,,,,
10020,10059,10059,Roxb. ex DC.,13372,2706,Dalbergia sissoo,,0,0,,0,,,,
10020,10059,10059,Oliv.,64623,7795,Daniellia oblonga,,1,0,,0,,,,
10020,10059,10059,(Rolfe) Hutch. & Dalziel,68967,7795,Daniellia oliveri,,1,0,,0,,,,
10020,10059,10059,(Bojer ex Hook.) Raf.,13573,2759,Delonix regia,,0,0,,0,,,,
10020,10059,10059,(Aubl.) J.F.Macbr.,14003,2796,Desmodium distortum,,0,0,,0,,,,
10020,10059,10059,(Willd.) H.Ohashi & K.Ohashi,422683,19668,Bouffordia dichotoma,,0,0,,0,,,,
10020,10059,10059,(L.) J.St.-Hil. ex H.Ohashi & K.Ohashi,439772,17189,Pleurolobus gangeticus,,1,0,,0,,,,
10020,10059,10059,(Guill. & Perr.) H.Ohashi & K.Ohashi,439774,19738,Grona hirta,,1,0,,0,,,,
10020,10059,10059,(DC.) H.Ohashi & K.Ohashi,425971,19741,Sohmaea laxiflora,,0,0,,0,,,,
10020,10059,10059,Chiov.,78315,2796,Desmodium ospriostreblum,,0,0,,0,,,,
10020,10059,10059,(G.Don) H.Ohashi & K.Ohashi,439778,19738,Grona ramosissima,,1,0,,0,,,,
10020,10059,10059,(Poir.) H.Ohashi & K.Ohashi,439782,17189,Pleurolobus salicifolius,,1,0,,0,,,,
10020,10059,10059,(Schindl.) H.Ohashi & K.Ohashi,446115,19738,Grona schweinfurthii,,1,0,,0,,,,
10020,10059,10059,(Sw.) Desv. ex DC.,14034,2796,Desmodium scorpiurus,,0,0,,0,,,,
10020,10059,10059,(E.Mey.) H.Ohashi & K.Ohashi,444877,19738,Grona setigera,,1,0,,0,,,,
10020,10059,10059,(Sw.) DC.,14040,2796,Desmodium tortuosum,,1,0,,0,,,,
10020,10059,10059,(Willd.) H.Ohashi & K.Ohashi,439785,20024,Polhillides velutina,,1,0,,0,,,,
10020,10059,10059,Guill. & Perr.,64631,8604,Detarium microcarpum,,1,0,,0,,,,
10020,10059,10059,J.F.Gmel.,78317,8604,Detarium senegalense,,1,0,,0,,,,
10020,10059,10059,(L.) Wight & Arn.,14201,2828,Dichrostachys cinerea,,1,0,,0,,,,
10020,10059,10059,Harms,78318,2940,Dolichos grandistipulatus,,1,0,,0,,,,
10020,10059,10059,Guill. & Perr.,68999,3121,Entada africana,,1,0,,0,,,,
10020,10059,10059,Harv.,69000,3121,Entada wahlbergii,,1,0,,0,,,,
10020,10059,10059,(Guill. & Perr.) Hook.f.,16951,3176,Eriosema glomeratum,,1,0,,0,,,,
10020,10059,10059,Baker,64656,3176,Eriosema griseum,,1,0,,0,,,,
10020,10059,10059,Jacq.-Fél.,78319,3176,Eriosema letouzeyi,,1,0,,0,,,,
10020,10059,10059,Baker f.,78320,3176,Eriosema linifolium,,1,0,,0,,,,
10020,10059,10059,Baker f.,78321,3176,Eriosema macrostipulum,,1,0,,0,,,,
10020,10059,10059,Klotzsch,78322,3176,Eriosema pauciflorum,,1,0,,0,,,,
10020,10059,10059,(Lam.) G.Don,64659,3176,Eriosema psoraleoides,,1,0,,0,,,,
10020,10059,10059,Taub.,64660,3176,Eriosema pulcherrimum,,1,0,,0,,,,
10020,10059,10059,Tisser.,78323,3176,Eriosema sacleuxii,,1,0,,0,,,,
10020,10059,10059,DC.,64668,3194,Erythrina senegalensis,,1,0,,0,,,,
10020,10059,10059,Hua,78324,3194,Erythrina sigmoidea,,1,0,,0,,,,
10020,10059,10059,(Benth.) Harms,68968,3199,Erythrophleum africanum,,1,0,,0,,,,
10020,10059,10059,(Guill. & Perr.) Brenan,17121,3199,Erythrophleum suaveolens,,1,0,,0,,,,
10020,10059,10059,(Delile) A.Chev.,18284,3289,Faidherbia albida,,1,0,,0,,,,
10020,10059,10059,(L.) Merr.,19963,3507,Glycine max,,0,0,,0,,,,
10020,10059,10059,(R.Wilczek) Verdc.,68707,7072,Vigna triphylla,,1,0,,0,,,,
10020,10059,10059,Kunze,22162,3803,Hippocrepis constricta,,1,0,,0,,,,
10020,10059,10059,Burm.f.,23266,3944,Indigofera argentea,,1,0,,0,,,,
10020,10059,10059,Hochst. ex A.Rich.,62954,3944,Indigofera arrecta,,1,0,,0,,,,
10020,10059,10059,Perr. ex DC.,78325,3944,Indigofera aspera,,1,0,,0,,,,
10020,10059,10059,DC.,23268,3944,Indigofera astragalina,,1,0,,0,,,,
10020,10059,10059,J.B.Gillett,78326,3944,Indigofera berhautiana,,1,0,,0,,,,
10020,10059,10059,DC.,68980,3944,Indigofera bracteolata,,1,0,,0,,,,
10020,10059,10059,Kotschy,64711,3944,Indigofera capitata,,1,0,,0,,,,
10020,10059,10059,Roxb.,23272,3944,Indigofera coerulea,,1,0,,0,,,,
10020,10059,10059,(Burm.f.) Merr.,23273,3944,Indigofera colutea,,1,0,,0,,,,
10020,10059,10059,Welw. ex Baker,64712,3944,Indigofera congesta,,1,0,,0,,,,
10020,10059,10059,De Wild. & T.Durand,64713,3944,Indigofera congolensis,,1,0,,0,,,,
10020,10059,10059,Baker,64714,3944,Indigofera conjugata,,1,0,,0,,,,
10020,10059,10059,B.Heyne ex Roth,23274,3944,Indigofera cordifolia,,1,0,,0,,,,
10020,10059,10059,Jacq.,64715,3944,Indigofera dendroides,,1,0,,0,,,,
10020,10059,10059,Vent.,78327,3944,Indigofera diphylla,,1,0,,0,,,,
10020,10059,10059,Vatke,78328,3944,Indigofera garckeana,,1,0,,0,,,,
10020,10059,10059,Jacq.,23279,3944,Indigofera hendecaphylla,,1,0,,0,,,,
10020,10059,10059,L.,23281,3944,Indigofera hirsuta,,1,0,,0,,,,
10020,10059,10059,Baker,23282,3944,Indigofera hochstetteri,,1,0,,0,,,,
10020,10059,10059,(Kuntze) Baker f.,78329,3944,Indigofera leprieurii,,1,0,,0,,,,
10020,10059,10059,Guill. & Perr.,68982,3944,Indigofera macrocalyx,,1,0,,0,,,,
10020,10059,10059,Baker,78330,3944,Indigofera microcalyx,,1,0,,0,,,,
10020,10059,10059,Vahl ex Pers.,78331,3944,Indigofera nigricans,,1,0,,0,,,,
10020,10059,10059,Hook.f.,78332,3944,Indigofera nigritana,,1,0,,0,,,,
10020,10059,10059,(L.) Livera ex Alston,23295,3944,Indigofera nummulariifolia,,1,0,,0,,,,
10020,10059,10059,Forssk.,23296,3944,Indigofera oblongifolia,,1,0,,0,,,,
10020,10059,10059,Vahl ex Pers.,64718,3944,Indigofera paniculata,,1,0,,0,,,,
10020,10059,10059,(B.Heyne ex Wight & Arn.) Schrire,58545,8277,Indigastrum parviflorum,,1,0,,0,,,,
10020,10059,10059,Poir.,78333,3944,Indigofera pilosa,,1,0,,0,,,,
10020,10059,10059,Guill. & Perr.,78334,3944,Indigofera prieureana,,1,0,,0,,,,
10020,10059,10059,Willd.,64720,3944,Indigofera pulchra,,1,0,,0,,,,
10020,10059,10059,Welw. ex Baker,78335,3944,Indigofera rhynchocarpa,,1,0,,0,,,,
10020,10059,10059,Poir.,78336,3944,Indigofera secundiflora,,1,0,,0,,,,
10020,10059,10059,Forssk.,78337,3944,Indigofera semitrijuga,,1,0,,0,,,,
10020,10059,10059,Lam.,23304,3944,Indigofera senegalensis,,1,0,,0,,,,
10020,10059,10059,DC.,78338,3944,Indigofera sessiliflora,,1,0,,0,,,,
10020,10059,10059,Lam.,64721,3944,Indigofera simplicifolia,,1,0,,0,,,,
10020,10059,10059,Forssk.,23307,3944,Indigofera spicata,,1,0,,0,,,,
10020,10059,10059,Guill. & Perr.,68984,3944,Indigofera stenophylla,,1,0,,0,,,,
10020,10059,10059,Guill. & Perr.,68984,3944,Indigofera stenophylla,,1,0,,0,,,,
10020,10059,10059,(Hochst.) Hochst. ex Baker,78339,3944,Indigofera strobilifera,,1,0,,0,,,,
10020,10059,10059,Jaub. & Spach,78340,3944,Indigofera suaveolens,,1,0,,0,,,,
10020,10059,10059,Mill.,23309,3944,Indigofera suffruticosa,,0,0,,0,,,,
10020,10059,10059,L.,23310,3944,Indigofera tinctoria,,0,0,,0,,,,
10020,10059,10059,Craib & Stapf,68970,9038,Isoberlinia doka,,1,0,,0,,,,
10020,10059,10059,(Harms) Craib & Stapf,68971,9038,Isoberlinia tomentosa,,1,0,,0,,,,
10020,10059,10059,(Taub.) Dewit & P.A.Duvign.,78341,9001,Kotschya schweinfurthii,,1,0,,0,,,,
10020,10059,10059,(L.) Sweet,24517,4102,Lablab purpureus,,0,0,,0,,,,
10020,10059,10059,(Lam.) de Wit,25549,4276,Leucaena leucocephala,,0,0,,0,,,,
10020,10059,10059,(Viv.) B.-E.van Wyk & Boatwr.,346157,15854,Leobordea platycarpa,,1,0,,0,,,,
10020,10059,10059,Sol. ex L.,51690,4391,Lotus arabicus,,1,0,,0,,,,
10020,10059,10059,Delile,26756,4391,Lotus glinoides,,1,0,,0,,,,
10020,10059,10059,Batt.,78342,4391,Lotus jolyi,,1,0,,0,,,,
10020,10059,10059,Maire,78343,4391,Lotus tibesticus,,1,0,,1,,,,
10020,10059,10059,(Schumach. & Thonn.) Hepper,64748,4476,Macrotyloma biflorum,,1,0,,0,,,,
10020,10059,10059,(Baker) Verdc.,78344,4476,Macrotyloma brevicaule,,1,0,,0,,,,
10020,10059,10059,(Webb) Verdc.,27369,4476,Macrotyloma daltonii,,1,0,,0,,,,
10020,10059,10059,(Harms) Maréchal & Baudet,78345,4476,Macrotyloma geocarpum,,0,0,,0,,,,
10020,10059,10059,(Harms) Verdc.,78346,4476,Macrotyloma stenophyllum,,1,0,,0,,,,
10020,10059,10059,(Micheli) Verdc.,64749,4476,Macrotyloma tenuiflorum,,1,0,,0,,,,
10020,10059,10059,L.,28097,4588,Medicago sativa,,0,0,,0,,,,
10020,10059,10059,(L.) All.,28388,4625,Melilotus indicus,,0,0,,0,,,,
10020,10059,10059,Harms,78347,9617,Melliniella micrantha,,1,0,,0,,,,
10020,10059,10059,(J.B.Gillett) Schrire,28868,4684,Microcharis disjuncta,,1,0,,0,,,,
10020,10059,10059,(J.B.Gillett) Schrire,78348,4684,Microcharis longicalyx,,1,0,,0,,,,
10020,10059,10059,L.,29139,4732,Mimosa pigra,,0,0,,0,,,,
10020,10059,10059,(L.) DC.,29495,4812,Mucuna pruriens,,0,0,,0,,,,
10020,10059,10059,(L.) DC.,29495,4812,Mucuna pruriens,,0,0,,0,,,,
10020,10059,10059,(Wight & Arn.) J.A.Lackey,30165,4943,Neonotonia wightii,,1,0,,0,,,,
10020,10059,10059,(A.Rich.) Verdc.,78349,9618,Neorautanenia mitis,,1,0,,0,,,,
10020,10059,10059,Lour.,30268,4968,Neptunia oleracea,,1,0,,0,,,,
10020,10059,10059,(Jacq.) R.Br. ex G.Don,32125,5302,Parkia biglobosa,,1,0,,0,,,,
10020,10059,10059,Welw. ex Oliv.,64800,5302,Parkia filicoidea,,1,0,,0,,,,
10020,10059,10059,L.,32131,5303,Parkinsonia aculeata,,0,0,,0,,,,
10020,10059,10059,(Benth. ex Baker) Meeuwen,68986,5395,Pericopsis laxiflora,,1,0,,0,,,,
10020,10059,10059,L.,33143,5449,Phaseolus vulgaris,,0,0,,0,,,,
10020,10059,10059,(Guill. & Perr.) Roberty,440987,9039,Philenoptera laxiflora,,1,0,,0,,,,
10020,10059,10059,(DC.) Hochst.,441791,7696,Piliostigma reticulatum,,1,0,,0,,,,
10020,10059,10059,(Schumach.) Milne-Redh.,444873,7696,Piliostigma thonningii,,1,0,,0,,,,
10020,10059,10059,(Roxb.) Benth.,34599,5582,Pithecellobium dulce,,0,0,,0,,,,
10020,10059,10059,(Guill. & Perr.) Taub.,69001,5772,Prosopis africana,,1,0,,0,,,,
10020,10059,10059,(Sw.) DC.,36305,5772,Prosopis juliflora,,0,0,,0,,,,
10020,10059,10059,(A.Rich.) Baker,78350,5789,Pseudarthria confertiflora,,1,0,,0,,,,
10020,10059,10059,Wight & Arn.,64821,5789,Pseudarthria hookeri,,1,0,,0,,,,
10020,10059,10059,Wight & Arn.,64821,5789,Pseudarthria hookeri,,1,0,,0,,,,
10020,10059,10059,(Welw. ex Baker) Hauman,78351,9619,Pseudoeriosema andongense,,1,0,,0,,,,
10020,10059,10059,Poir.,37088,5853,Pterocarpus erinaceus,,1,0,,0,,,,
10020,10059,10059,Lepr. ex Guill. & Perr.,78352,5853,Pterocarpus lucens,,1,0,,0,,,,
10020,10059,10059,(Oliv.) Harms,78353,9620,Ptycholobium plicatum,,1,0,,0,,,,
10020,10059,10059,(Poir.) Baker,446116,6714,Tephrosia obcordata,,1,0,,0,,,,
10020,10059,10059,Berhaut,446117,6003,Rhynchosia alba-pauli,,1,0,,0,,,,
10020,10059,10059,(Hiern) K.Schum.,78356,6003,Rhynchosia ambacensis,,1,0,,0,,,,
10020,10059,10059,(Hiern) K.Schum.,78356,6003,Rhynchosia ambacensis,,1,0,,0,,,,
10020,10059,10059,(Andrews) Meikle & Verdc.,38255,6003,Rhynchosia hirta,,1,0,,0,,,,
10020,10059,10059,(L.) DC.,38257,6003,Rhynchosia minima,,1,0,,0,,,,
10020,10059,10059,(L.) DC.,38257,6003,Rhynchosia minima,,1,0,,0,,,,
10020,10059,10059,Baker,78357,6003,Rhynchosia nyasica,,1,0,,0,,,,
10020,10059,10059,Harms,78358,6003,Rhynchosia orthobotrya,,1,0,,0,,,,
10020,10059,10059,(Hiern) K.Schum.,78359,6003,Rhynchosia procurrens,,1,0,,0,,,,
10020,10059,10059,(Hiern) K.Schum.,78359,6003,Rhynchosia procurrens,,1,0,,0,,,,
10020,10059,10059,(DC.) Meikle,64834,6003,Rhynchosia pycnostachya,,1,0,,0,,,,
10020,10059,10059,(Schumach.) Meikle,78360,6003,Rhynchosia sublobata,,1,0,,0,,,,
10020,10059,10059,Harms,78361,6003,Rhynchosia teramnoides,,1,0,,0,,,,
10020,10059,10059,(Thunb.) DC.,78362,6003,Rhynchosia totta,,1,0,,0,,,,
10020,10059,10059,(Thunb.) DC.,78362,6003,Rhynchosia totta,,1,0,,0,,,,
10020,10059,10059,(Guill. & Perr.) Baker,78363,6056,Rothia hirsuta,,1,0,,0,,,,
10020,10059,10059,Mill.,41196,6320,Senna alexandrina,,1,0,,0,,,,
10020,10059,10059,(Lam.) H.S.Irwin & Barneby,41238,6320,Senna siamea,,0,0,,0,,,,
10020,10059,10059,(Retz.) Poir.,41314,6336,Sesbania cannabina,,0,0,,0,,,,
10020,10059,10059,Welw. ex Baker,78364,6336,Sesbania cinerascens,,1,0,,0,,,,
10020,10059,10059,E.Phillips & Hutch.,78365,6336,Sesbania dalzielii,,1,0,,0,,,,
10020,10059,10059,DC.,78366,6336,Sesbania leptocarpa,,1,0,,0,,,,
10020,10059,10059,Harm.,78367,6336,Sesbania microphylla,,1,0,,0,,,,
10020,10059,10059,DC.,41321,6336,Sesbania pachycarpa,,1,0,,0,,,,
10020,10059,10059,Bremek. & Oberm.,78368,6336,Sesbania rostrata,,1,0,,0,,,,
10020,10059,10059,(Willd.) Link,41323,6336,Sesbania sericea,,1,0,,0,,,,
10020,10059,10059,(L.) Merr.,41324,6336,Sesbania sesban,,1,0,,0,,,,
10020,10059,10059,(L.) Merr.,41324,6336,Sesbania sesban,,1,0,,0,,,,
10020,10059,10059,J.B.Gillett,78369,6336,Sesbania sudanica,,1,0,,0,,,,
10020,10059,10059,Hochst. ex Baker,78370,6336,Sesbania tetraptera,,1,0,,0,,,,
10020,10059,10059,Harms,68988,8626,Sphenostylis schweinfurthii,,1,0,,0,,,,
10020,10059,10059,(Hochst. ex A.Rich.) Harms,64842,8626,Sphenostylis stenocarpa,,1,0,,0,,,,
10020,10059,10059,(Retz.) Alston,43241,6606,Stylosanthes fruticosa,,1,0,,0,,,,
10020,10059,10059,(Aubl.) Sw.,43242,6606,Stylosanthes guianensis,,0,0,,0,,,,
10020,10059,10059,L.,43845,6671,Tamarindus indica,,1,0,,0,,,,
10020,10059,10059,Guill. & Perr.,44429,6714,Tephrosia bracteolata,,1,0,,0,,,,
10020,10059,10059,Hook.f.,78371,6714,Tephrosia densiflora,,1,0,,0,,,,
10020,10059,10059,Guill. & Perr.,78372,6714,Tephrosia humilis,,1,0,,0,,,,
10020,10059,10059,(Willd.) Pers.,44440,6714,Tephrosia linearis,,1,0,,0,,,,
10020,10059,10059,DC.,64849,6714,Tephrosia lupinifolia,,1,0,,0,,,,
10020,10059,10059,Kotschy ex Schweinf.,64850,6714,Tephrosia nana,,1,0,,0,,,,
10020,10059,10059,(Boiss.) Baker,52033,6714,Tephrosia nubica,,1,0,,0,,,,
10020,10059,10059,Baker,44447,6714,Tephrosia pedicellata,,1,0,,0,,,,
10020,10059,10059,Guill. & Perr.,44448,6714,Tephrosia platycarpa,,1,0,,0,,,,
10020,10059,10059,(Lam.) Pers.,44449,6714,Tephrosia pumila,,1,0,,0,,,,
10020,10059,10059,(L.) Pers.,44450,6714,Tephrosia purpurea,,1,0,,0,,,,
10020,10059,10059,(L.) Pers.,44450,6714,Tephrosia purpurea,,1,0,,0,,,,
10020,10059,10059,Pedley,59483,6714,Tephrosia rufula,,1,0,,0,,,,
10020,10059,10059,Hochst. ex Baker,44458,6714,Tephrosia subtriflora,,1,0,,0,,,,
10020,10059,10059,Pers.,44459,6714,Tephrosia uniflora,,1,0,,0,,,,
10020,10059,10059,(L.f.) Spreng.,44462,6715,Teramnus labialis,,1,0,,0,,,,
10020,10059,10059,(L.) Sw.,44464,6715,Teramnus uncinatus,,1,0,,0,,,,
10020,10059,10059,(Jacq.) Desv. ex DC.,46156,7010,Uraria picta,,1,0,,0,,,,
10020,10059,10059,L.,46778,7069,Vicia faba,,0,0,,0,,,,
10020,10059,10059,Hepper,68989,7072,Vigna filicaulis,,1,0,,0,,,,
10020,10059,10059,A.Rich.,64868,7072,Vigna heterophylla,,1,0,,0,,,,
10020,10059,10059,(Jacq.) Benth.,46827,7072,Vigna luteola,,1,0,,0,,,,
10020,10059,10059,Hutch. & Dalziel,64865,7072,Vigna multinervis,,1,0,,0,,,,
10020,10059,10059,A.Rich.,64866,7072,Vigna oblongifolia,,1,0,,0,,,,
10020,10059,10059,A.Rich.,64866,7072,Vigna oblongifolia,,1,0,,0,,,,
10020,10059,10059,(G.Don) Hutch. & Dalziel ex Baker f.,46834,7072,Vigna racemosa,,1,0,,0,,,,
10020,10059,10059,(L.) R.Wilczek,46835,7072,Vigna radiata,,0,0,,0,,,,
10020,10059,10059,(L.) R.Wilczek,46835,7072,Vigna radiata,,0,0,,0,,,,
10020,10059,10059,Hook.f.,64869,7072,Vigna reticulata,,1,0,,0,,,,
10020,10059,10059,(L.) Verdc.,46840,7072,Vigna subterranea,,0,0,,0,,,,
10020,10059,10059,(L.) Verdc.,46840,7072,Vigna subterranea,,1,0,,0,,,,
10020,10059,10059,(L.) Walp.,46842,7072,Vigna unguiculata,,0,1,,0,,,,
10020,10059,10059,(L.) Walp.,46842,7072,Vigna unguiculata,,0,1,,0,,,,
10020,10059,10059,(L.) Walp.,46842,7072,Vigna unguiculata,,0,0,,0,,,,
10020,10059,10059,Baker,68990,7072,Vigna venulosa,,1,0,,0,,,,
10020,10059,10059,(L.) A.Rich.,46843,7072,Vigna vexillata,,1,0,,0,,,,
10020,10059,10059,Rchb. ex DC.,47818,7215,Zornia glochidiata,,1,0,,0,,,,
10020,10059,10059,Oliv.,66248,5695,Polygala acicularis,,1,0,,0,,,,
10020,10059,10059,Willd.,54255,5695,Polygala arenaria,,1,0,,0,,,,
10020,10059,10059,Chodat,78373,5695,Polygala britteniana,,1,0,,0,,,,
10020,10059,10059,Gürke,78374,5695,Polygala ehlersii,,1,0,,0,,,,
10020,10059,10059,DC.,35472,5695,Polygala erioptera,,1,0,,0,,,,
10020,10059,10059,Paiva,78375,5695,Polygala fernandesiana,,1,0,,0,,,,
10020,10059,10059,E.Petit,66250,5695,Polygala gilletiana,,1,0,,0,,,,
10020,10059,10059,Boiss.,56539,5695,Polygala irregularis,,1,0,,0,,,,
10020,10059,10059,(Thunb.) DC.,100590,10455,Muraltia filiformis,,1,0,,0,,,,
10020,10059,10059,Jacq.-Fél.,446118,5695,Polygala muratii,,1,0,,1,,,,
10020,10059,10059,Gürke,78377,5695,Polygala nambalensis,,1,0,,0,,,,
10020,10059,10059,Chodat,78378,5695,Polygala schweinfurthii,,1,0,,0,,,,
10020,10059,10059,Fresen.,445226,6294,Securidaca longepedunculata,,1,0,,0,,,,
10020,10059,10059,Hochst. ex A.Rich.,47784,7211,Ziziphus abyssinica,,1,0,,0,,,,
10020,10059,10059,Lam.,443184,7211,Ziziphus mauritiana,,0,0,,0,,,,
10020,10059,10059,Willd.,78379,7211,Ziziphus mucronata,,1,0,,0,,,,
10020,10059,10059,(L.) Desf.,47805,7211,Ziziphus spina-christi,,1,0,,0,,,,
10020,10059,10059,(L.) Desf.,47805,7211,Ziziphus spina-christi,,1,0,,0,,,,
10020,10059,10059,L.,7605,2000,Cannabis sativa,,0,0,,0,,,,
10020,10059,10059,(Forssk.) Hepper & J.R.I.Wood,8688,2101,Celtis toka,,1,0,,0,,,,
10020,10059,10059,(L.) Blume,442868,6870,Trema orientale,,0,0,,0,,,,
10020,10059,10059,(J.F.Gmel.) Lesch.,2585,1355,Antiaris toxicaria,,1,0,,0,,,,
10020,10059,10059,(J.F.Gmel.) Lesch.,2585,1355,Antiaris toxicaria,,1,0,,0,,,,
10020,10059,10059,Hochst.,65559,2952,Dorstenia cuspidata,,1,0,,0,,,,
10020,10059,10059,(Miq.) Miq.,78380,3322,Ficus abutilifolia,,1,0,,0,,,,
10020,10059,10059,Miq.,54209,3322,Ficus asperifolia,,1,0,,0,,,,
10020,10059,10059,Delile,78381,3322,Ficus capreifolia,,1,0,,0,,,,
10020,10059,10059,L.,18448,3322,Ficus carica,,0,0,,0,,,,
10020,10059,10059,Vahl,443693,3322,Ficus salicifolia,,1,0,,0,,,,
10020,10059,10059,Mildbr.,65583,3322,Ficus dicranostyla,,1,0,,0,,,,
10020,10059,10059,Delile,65586,3322,Ficus glumosa,,1,0,,0,,,,
10020,10059,10059,(Miq.) Miq.,69019,3322,Ficus ingens,,1,0,,0,,,,
10020,10059,10059,Vahl,18519,3322,Ficus lutea,,1,0,,0,,,,
10020,10059,10059,Delile,69020,3322,Ficus platyphylla,,1,0,,0,,,,
10020,10059,10059,Vahl,65594,3322,Ficus polita,,0,0,,0,,,,
10020,10059,10059,Vahl,78382,3322,Ficus populifolia,,1,0,,0,,,,
10020,10059,10059,Forssk.,18591,3322,Ficus sur,,1,0,,0,,,,
10020,10059,10059,L.,18592,3322,Ficus sycomorus,,1,0,,0,,,,
10020,10059,10059,Blume,18594,3322,Ficus thonningii,,1,0,,0,,,,
10020,10059,10059,Baker,48467,3322,Ficus trichopoda,,1,0,,0,,,,
10020,10059,10059,Warb.,68486,3322,Ficus verruculosa,,1,0,,0,,,,
10020,10059,10059,(Miq.) Miq.,65603,3322,Ficus vogeliana,,1,0,,0,,,,
10020,10059,10059,L.,51536,3356,Forsskaolea tenacissima,,1,0,,0,,,,
10020,10059,10059,(L.) Chew,24721,4150,Laportea aestuans,,1,0,,0,,,,
10020,10059,10059,Delile,443488,5297,Parietaria alsinefolia,,1,0,,0,,,,
10020,10059,10059,G.Forst.,32097,5297,Parietaria debilis,,1,0,,0,,,,
10020,10059,10059,(L.) Schrad.,9786,2309,Citrullus colocynthis,,1,0,,0,,,,
10020,10059,10059,(Thunb.) Matsum. & Nakai,9787,2309,Citrullus lanatus,,0,0,,0,,,,
10020,10059,10059,(Hochst. ex A.Rich.) Cogn.,68410,2359,Coccinia adoensis,,1,0,,0,,,,
10020,10059,10059,(L.) Voigt,10233,2359,Coccinia grandis,,1,0,,0,,,,
10020,10059,10059,(Rottler) Hook.f.,78383,9622,Corallocarpus epigaeus,,1,0,,0,,,,
10020,10059,10059,(Stocks) A.Meeuse,446119,19906,Blastania cerasiformis,,1,0,,0,,,,
10020,10059,10059,A.Rich.,12114,2596,Cucumis ficifolius,,1,0,,0,,,,
10020,10059,10059,L.,439532,2596,Cucumis maderaspatanus,,1,0,,0,,,,
10020,10059,10059,L.,12116,2596,Cucumis melo,,1,0,,0,,,,
10020,10059,10059,E.Mey. ex Naudin,12117,2596,Cucumis metulifer,,1,0,,0,,,,
10020,10059,10059,L.,12120,2596,Cucumis prophetarum,,1,0,,0,,,,
10020,10059,10059,Naudin ex Hook.f.,78385,2596,Cucumis pustulatus,,1,0,,0,,,,
10020,10059,10059,L.,12121,2596,Cucumis sativus,,0,0,,0,,,,
10020,10059,10059,Duchesne,12125,2597,Cucurbita maxima,,0,0,,0,,,,
10020,10059,10059,Keraudren,78386,9624,Kedrostis elongata,,0,0,,0,,,,
10020,10059,10059,(Jacq.) Cogn.,78387,9624,Kedrostis foetidissima,,1,0,,0,,,,
10020,10059,10059,(Forssk. ex J.F.Gmel.) C.Jeffrey,78388,9624,Kedrostis gijef,,1,0,,0,,,,
10020,10059,10059,(Forssk. ex J.F.Gmel.) C.Jeffrey,78389,9624,Kedrostis leloja,,1,0,,0,,,,
10020,10059,10059,(Hook.f.) C.Jeffrey,78390,4127,Lagenaria abyssinica,,1,0,,0,,,,
10020,10059,10059,(Molina) Standl.,24600,4127,Lagenaria siceraria,,1,0,,0,,,,
10020,10059,10059,(L.) Roxb.,26851,4404,Luffa acutangula,,0,0,,0,,,,
10020,10059,10059,L.,12116,2596,Cucumis melo,,0,0,,0,,,,
10020,10059,10059,Roxb.,53388,4404,Luffa echinata,,1,0,,0,,,,
10020,10059,10059,L.,29293,4765,Momordica balsamina,,0,0,,0,,,,
10020,10059,10059,L.,29294,4765,Momordica charantia,,0,0,,0,,,,
10020,10059,10059,C.Jeffrey,64135,7199,Zehneria hallii,,1,0,,0,,,,
10020,10059,10059,(Sond.) Harv.,78391,9625,Trochomeria macrocarpa,,1,0,,0,,,,
10020,10059,10059,C.Jeffrey,78392,7199,Zehneria anomala,,1,0,,0,,,,
10020,10059,10059,(Schweinf.) C.Jeffrey,78393,7199,Zehneria thwaitesii,,1,0,,0,,,,
10020,10059,10059,(Willd.) R.Wilczek,50135,4360,Loeseneriella africana,,1,0,,0,,,,
10020,10059,10059,(Lam.) Loes.,20737,3611,Gymnosporia senegalensis,,1,0,,0,,,,
10020,10059,10059,Welw.,61040,1715,Biophytum umbraculum,,1,0,,0,,,,
10020,10059,10059,L.,31507,5197,Oxalis corniculata,,0,1,,0,,,,
10020,10059,10059,Thonn.,17139,3202,Erythroxylum emarginatum,,1,0,,0,,,,
10020,10059,10059,Krauss,78394,965,Acalypha brachiata,,1,0,,0,,,,
10020,10059,10059,Forssk.,278,965,Acalypha ciliata,,1,0,,0,,,,
10020,10059,10059,Miq.,68333,965,Acalypha paniculata,,1,0,,0,,,,
10020,10059,10059,Müll.Arg.,78395,965,Acalypha segetalis,,1,0,,0,,,,
10020,10059,10059,(Schumach. & Thonn.) Müll.Arg.,1419,1154,Alchornea cordifolia,,1,0,,0,,,,
10020,10059,10059,(Müll.Arg.) Pax & K.Hoffm.,78396,1154,Alchornea occidentalis,,1,0,,0,,,,
10020,10059,10059,(L.) Klotzsch,4077,1532,Astraea lobata,,1,0,,0,,,,
10020,10059,10059,Beille,78397,2005,Caperonia fistulosa,,1,0,,0,,,,
10020,10059,10059,(Turcz.) C.Presl,64386,2005,Caperonia serrata,,1,0,,0,,,,
10020,10059,10059,Vis.,78398,2259,Chrozophora brocchiana,,1,0,,0,,,,
10020,10059,10059,(Vahl) A.Juss. ex Spreng.,78399,2259,Chrozophora plicata,,1,0,,0,,,,
10020,10059,10059,(Lam.) Spreng.,78400,2259,Chrozophora senegalensis,,1,0,,0,,,,
10020,10059,10059,Burch.,78401,2566,Croton gratissimus,,1,0,,0,,,,
10020,10059,10059,Pax,78402,2566,Croton leuconeurus,,1,0,,0,,,,
10020,10059,10059,L.,13383,2708,Dalechampia scandens,,0,0,,0,,,,
10020,10059,10059,Hochst. ex Boiss.,78403,3237,Euphorbia acalyphoides,,1,0,,0,,,,
10020,10059,10059,Aiton,17739,3237,Euphorbia balsamifera,,1,0,,0,,,,
10020,10059,10059,A.Chev.,78404,3237,Euphorbia beillei,,1,0,,0,,,,
10020,10059,10059,Hochst. ex Benth.,68964,3237,Euphorbia convolvuloides,,1,0,,0,,,,
10020,10059,10059,L.,78405,3237,Euphorbia corollata,,0,0,,0,,,,
10020,10059,10059,Vahl,78406,3237,Euphorbia cuneata,,1,0,,0,,,,
10020,10059,10059,Keay & Milne-Redh.,78407,3237,Euphorbia desmondii,,1,0,,0,,,,
10020,10059,10059,Lam.,17787,3237,Euphorbia dracunculoides,,1,0,,0,,,,
10020,10059,10059,Thonn.,17789,3237,Euphorbia drupifera,,1,0,,0,,,,
10020,10059,10059,J.Gay,440095,3237,Euphorbia forskaolii,,1,0,,0,,,,
10020,10059,10059,Forssk.,17813,3237,Euphorbia granulata,,1,0,,0,,,,
10020,10059,10059,L.,17830,3237,Euphorbia heterophylla,,0,0,,0,,,,
10020,10059,10059,L.,17834,3237,Euphorbia hirta,,0,0,,0,,,,
10020,10059,10059,L.,17837,3237,Euphorbia hypericifolia,,0,0,,0,,,,
10020,10059,10059,L.,17838,3237,Euphorbia hyssopifolia,,0,0,,0,,,,
10020,10059,10059,Sond.,17839,3237,Euphorbia inaequilatera,,1,0,,0,,,,
10020,10059,10059,Pax,64415,3237,Euphorbia kamerunica,,1,0,,0,,,,
10020,10059,10059,Pax & K.Hoffm.,78408,3237,Euphorbia ledermanniana,,1,0,,0,,,,
10020,10059,10059,Pax,78409,3237,Euphorbia macrophylla,,1,0,,0,,,,
10020,10059,10059,Des Moul.,17881,3237,Euphorbia milii,,0,0,,0,,,,
10020,10059,10059,Hochst. ex Boiss.,64418,3237,Euphorbia polycnemoides,,1,0,,0,,,,
10020,10059,10059,Aiton,17927,3237,Euphorbia prostrata,,0,0,,0,,,,
10020,10059,10059,Willd. ex Klotzsch,17930,3237,Euphorbia pulcherrima,,0,0,,0,,,,
10020,10059,10059,De Wild.,78410,3237,Euphorbia sapinii,,1,0,,0,,,,
10020,10059,10059,Jacq.,17944,3237,Euphorbia scordiifolia,,1,0,,0,,,,
10020,10059,10059,A.Chev.,78411,3237,Euphorbia sudanica,,1,0,,0,,,,
10020,10059,10059,Schweinf. ex Pax,78412,3237,Euphorbia teke,,1,0,,0,,,,
10020,10059,10059,L.,17972,3237,Euphorbia thymifolia,,0,0,,0,,,,
10020,10059,10059,L.,17974,3237,Euphorbia tithymaloides,,0,0,,0,,,,
10020,10059,10059,N.E.Br.,78413,3237,Euphorbia unispina,,1,0,,0,,,,
10020,10059,10059,Trémaux ex Kotschy,446120,3237,Euphorbia venefica,,1,0,,0,,,,
10020,10059,10059,Radcl.-Sm. & Govaerts,78415,4013,Jatropha afrotuberosa,,1,0,,0,,,,
10020,10059,10059,L.,23905,4013,Jatropha curcas,,0,0,,0,,,,
10020,10059,10059,L.,23907,4013,Jatropha gossypiifolia,,0,0,,0,,,,
10020,10059,10059,Pax & K.Hoffm.,78416,4013,Jatropha kamerunica,,1,0,,0,,,,
10020,10059,10059,L.,23912,4013,Jatropha multifida,,0,0,,0,,,,
10020,10059,10059,Hook.,23913,4013,Jatropha podagrica,,0,0,,0,,,,
10020,10059,10059,Pax,64436,4447,Macaranga schweinfurthii,,1,0,,0,,,,
10020,10059,10059,(Jacq.) Müll.Arg.,441053,4521,Manihot carthagenensis,,0,0,,0,,,,
10020,10059,10059,Crantz,27706,4521,Manihot esculenta,,0,0,,0,,,,
10020,10059,10059,(L.) Benth.,28877,4688,Micrococca mercurialis,,1,0,,0,,,,
10020,10059,10059,(L.) Müll.Arg.,29004,4709,Microstachys chamaelea,,0,0,,0,,,,
10020,10059,10059,L.,38443,6020,Ricinus communis,,1,0,,0,,,,
10020,10059,10059,(Hochst.) Esser,41396,6351,Shirakiopsis elliptica,,1,0,,0,,,,
10020,10059,10059,Radcl.-Sm.,78417,6863,Tragia plukenetii,,1,0,,0,,,,
10020,10059,10059,(De Wild. & T.Durand) Farron,443707,1989,Campylospermum densiflorum,,1,0,,0,,,,
10020,10059,10059,(Schumach. & Thonn.) Farron,444935,1989,Campylospermum flavum,,1,0,,0,,,,
10020,10059,10059,Banks ex C.F.Gaertn.,65676,8732,Lophira alata,,1,0,,0,,,,
10020,10059,10059,Tiegh. ex Keay,69021,8732,Lophira lanceolata,,1,0,,0,,,,
10020,10059,10059,R.Br. ex Oliv.,65677,5050,Ochna afzelii,,1,0,,0,,,,
10020,10059,10059,(Tiegh.) Keay,69022,5050,Ochna rhizomatosa,,1,0,,0,,,,
10020,10059,10059,L.,40090,6181,Sauvagesia erecta,,1,0,,0,,,,
10020,10059,10059,L.,2216,1292,Andrachne telephioides,,1,0,,0,,,,
10020,10059,10059,Müll.Arg.,54246,1358,Antidesma laciniatum,,1,0,,0,,,,
10020,10059,10059,Müll.Arg.,2600,1358,Antidesma membranaceum,,1,0,,0,,,,
10020,10059,10059,E.Mey. ex Tul.,54247,1358,Antidesma venosum,,1,0,,0,,,,
10020,10059,10059,J.R.Forst. & G.Forst.,5840,1829,Breynia disticha,,0,0,,0,,,,
10020,10059,10059,Benth.,66051,1831,Bridelia ferruginea,,1,0,,0,,,,
10020,10059,10059,(Hochst.) Baill.,5859,1831,Bridelia micrantha,,1,0,,0,,,,
10020,10059,10059,Beille,78418,1831,Bridelia ndellensis,,1,0,,0,,,,
10020,10059,10059,Müll.Arg.,69030,1831,Bridelia scleroneura,,1,0,,0,,,,
10020,10059,10059,Müll.Arg.,78419,1831,Bridelia tenuifolia,,1,0,,0,,,,
10020,10059,10059,(Roxb. ex Willd.) Royle,18771,3345,Flueggea virosa,,1,0,,0,,,,
10020,10059,10059,Tul.,66066,8768,Hymenocardia acida,,1,0,,0,,,,
10020,10059,10059,Planch. ex Müll.Arg.,69031,8768,Hymenocardia heudelotii,,1,0,,0,,,,
10020,10059,10059,Schumach. & Thonn.,33412,5501,Phyllanthus amarus,,0,0,,0,,,,
10020,10059,10059,Brenan,78420,5501,Phyllanthus ceratostemon,,1,0,,0,,,,
10020,10059,10059,Beille,78421,5501,Phyllanthus chevalieri,,1,0,,0,,,,
10020,10059,10059,G.L.Webster,33501,5501,Phyllanthus fraternus,,0,0,,0,,,,
10020,10059,10059,L.,33540,5501,Phyllanthus maderaspatensis,,1,0,,0,,,,
10020,10059,10059,(Kuntze) Exell,33562,5501,Phyllanthus muellerianus,,1,0,,0,,,,
10020,10059,10059,L.,33570,5501,Phyllanthus niruri,,0,0,,0,,,,
10020,10059,10059,Müll.Arg.,33571,5501,Phyllanthus niruroides,,1,0,,0,,,,
10020,10059,10059,Schumach. & Thonn.,33595,5501,Phyllanthus pentandrus,,1,0,,0,,,,
10020,10059,10059,A.Chev. & Beille,78422,5501,Phyllanthus petraeus,,1,0,,0,,,,
10020,10059,10059,Poir.,33622,5501,Phyllanthus reticulatus,,1,0,,0,,,,
10020,10059,10059,J.G.Klein ex Willd.,33624,5501,Phyllanthus rotundifolius,,1,0,,0,,,,
10020,10059,10059,Schumach. & Thonn.,66091,5501,Phyllanthus sublanatus,,1,0,,0,,,,
10020,10059,10059,Engl.,54250,7837,Spondianthus preussii,,1,0,,0,,,,
10020,10059,10059,Pax,66106,7779,Uapaca togoensis,,1,0,,0,,,,
10020,10059,10059,Roxb.,53380,1690,Bergia ammannioides,,1,0,,0,,,,
10020,10059,10059,L.,5034,1690,Bergia capensis,,1,0,,0,,,,
10020,10059,10059,Quézel,78423,1690,Bergia mairei,,1,0,,0,,,,
10020,10059,10059,(Delile) Fenzl,78424,1690,Bergia suffruticosa,,1,0,,0,,,,
10020,10059,10059,L.,9529,2263,Chrysobalanus icaco,,0,0,,0,,,,
10020,10059,10059,L.,9529,2263,Chrysobalanus icaco,,0,0,,0,,,,
10020,10059,10059,Planch. ex Benth.,32107,5298,Parinari curatellifolia,,1,0,,0,,,,
10020,10059,10059,(Jacq.) Engl.,727,1049,Adenia lobata,,1,0,,0,,,,
10020,10059,10059,Forssk.,78425,1049,Adenia venenata,,1,0,,0,,,,
10020,10059,10059,L.,32324,5316,Passiflora foetida,,0,0,,0,,,,
10020,10059,10059,(Willd.) R.Fern.,78426,9626,Tricliceras pilosum,,1,0,,0,,,,
10020,10059,10059,(Burm.f.) Merr.,18735,904,Flacourtia indica,,0,0,,0,,,,
10020,10059,10059,Hook.f.,66934,904,Flacourtia vogelii,,1,0,,0,,,,
10020,10059,10059,(De Wild. & T.Durand) Gilg,292280,894,Caloncoba crepiniana,,1,0,,0,,,,
10020,10059,10059,Forssk.,30888,926,Oncoba spinosa,,1,0,,0,,,,
10020,10059,10059,Mirb.,387448,6115,Salix coluteoides,,1,0,,0,,,,
10020,10059,10059,Seemen,370189,6115,Salix ledermannii,,1,0,,0,,,,
10020,10059,10059,Hook.f.,78430,3962,Irvingia smithii,,1,0,,0,,,,
10020,10059,10059,Oliv.,54073,3409,Garcinia ovalifolia,,1,0,,0,,,,
10020,10059,10059,(Planch. & Triana) Oliv.,19315,3409,Garcinia smeathmanii,,1,0,,0,,,,
10020,10059,10059,L.f.,43359,6633,Symphonia globulifera,,1,0,,0,,,,
10020,10059,10059,Engl.,78431,8786,Dicraeanthus africanus,,1,0,,0,,,,
10020,10059,10059,(Bory ex Willd.) Spreng.,45904,6960,Tristicha trifaria,,1,0,,0,,,,
10020,10059,10059,Lam. ex Poir.,20988,3669,Harungana madagascariensis,,1,0,,0,,,,
10020,10059,10059,Hochr.,69002,7464,Psorospermum corymbiferum,,1,0,,0,,,,
10020,10059,10059,Hochr.,69002,7464,Psorospermum corymbiferum,,1,0,,0,,,,
10020,10059,10059,Spach,50262,7464,Psorospermum febrifugum,,1,0,,0,,,,
10020,10059,10059,Spach,69003,7464,Psorospermum senegalense,,1,0,,0,,,,
10020,10059,10059,(L.) L'Hér.,16987,3184,Erodium cicutarium,,1,0,,0,,,,
10020,10059,10059,(Maire) Guitt.,78432,3184,Erodium garamantum,,1,0,,1,,,,
10020,10059,10059,Quézel,78433,3184,Erodium oreophilum,,1,0,,1,,,,
10020,10059,10059,Guitt.,78434,3184,Erodium toussidanum,,1,0,,1,,,,
10020,10059,10059,(Cav.) Boiss.,443484,4787,Monsonia heliotropioides,,1,0,,0,,,,
10020,10059,10059,(Decne.) Webb,56534,4787,Monsonia nivea,,1,0,,0,,,,
10020,10059,10059,Guill. & Perr.,78435,4787,Monsonia senegalensis,,1,0,,0,,,,
10020,10059,10059,(DC.) Baill.,445220,6717,Terminalia leiocarpa,,1,0,,0,,,,
10020,10059,10059,Vent.,78436,2422,Combretum aculeatum,,1,0,,0,,,,
10020,10059,10059,Steud. ex A.Rich.,68412,2422,Combretum adenogonium,,1,0,,0,,,,
10020,10059,10059,Fresen.,68413,2422,Combretum collinum,,1,0,,0,,,,
10020,10059,10059,Fresen.,68413,2422,Combretum collinum,,1,0,,0,,,,
10020,10059,10059,Fresen.,68413,2422,Combretum collinum,,1,0,,0,,,,
10020,10059,10059,Steud. ex A.Rich.,68412,2422,Combretum adenogonium,,1,0,,0,,,,
10020,10059,10059,Perr. ex DC.,78437,2422,Combretum glutinosum,,1,0,,0,,,,
10020,10059,10059,Diels,78438,2422,Combretum harmsianum,,1,0,,0,,,,
10020,10059,10059,R.Br. ex G.Don,68415,2422,Combretum molle,,1,0,,0,,,,
10020,10059,10059,Lepr. ex Guill. & Perr.,68951,2422,Combretum nigricans,,1,0,,0,,,,
10020,10059,10059,Vent.,10589,2422,Combretum paniculatum,,1,0,,0,,,,
10020,10059,10059,P.Beauv.,50300,2422,Combretum racemosum,,1,0,,0,,,,
10020,10059,10059,A.Rich. ex A.Juss.,446121,2422,Combretum rochetianum,,1,0,,0,,,,
10020,10059,10059,G.Don,50303,2422,Combretum sericeum,,1,0,,0,,,,
10020,10059,10059,G.Don,78439,2422,Combretum tomentosum,,1,0,,0,,,,
10020,10059,10059,J.F.Gmel.,78440,9628,Guiera senegalensis,,1,0,,0,,,,
10020,10059,10059,Guill. & Perr.,78441,6717,Terminalia avicennioides,,1,0,,0,,,,
10020,10059,10059,Fresen.,78442,6717,Terminalia brownii,,1,0,,0,,,,
10020,10059,10059,L.,44480,6717,Terminalia catappa,,0,0,,0,,,,
10020,10059,10059,Engl.,68955,6717,Terminalia laxiflora,,1,0,,0,,,,
10020,10059,10059,Guill. & Perr.,68956,6717,Terminalia macroptera,,1,0,,0,,,,
10020,10059,10059,M.A.Lawson,68675,6717,Terminalia mollis,,1,0,,0,,,,
10020,10059,10059,Capuron,50311,6717,Terminalia neotaliala,,0,0,,0,,,,
10020,10059,10059,Hochst,78443,6717,Terminalia schimperiana,,1,0,,0,,,,
10020,10059,10059,Willd.,2016,1233,Ammannia auriculata,,1,0,,0,,,,
10020,10059,10059,L.,2017,1233,Ammannia baccifera,,1,0,,0,,,,
10020,10059,10059,Guill. & Perr.,69010,1233,Ammannia prieuriana,,1,0,,0,,,,
10020,10059,10059,Lam.,2022,1233,Ammannia senegalensis,,1,0,,0,,,,
10020,10059,10059,L.,24629,4130,Lagerstroemia indica,,0,0,,0,,,,
10020,10059,10059,L.,24943,4181,Lawsonia inermis,,0,0,,0,,,,
10020,10059,10059,L.,27167,4442,Lythrum hyssopifolia,,1,0,,0,,,,
10020,10059,10059,Guill. & Perr.,441438,1233,Ammannia aspera,,1,0,,0,,,,
10020,10059,10059,Guill. & Perr.,446122,1233,Ammannia crassicaulis,,1,0,,0,,,,
10020,10059,10059,(Guill. & Perr.) S.A.Graham & Gandhi,446123,1233,Ammannia erecta,,1,0,,0,,,,
10020,10059,10059,(Kotschy & Peyr.) S.A.Graham & Gandhi,446124,1233,Ammannia icosandra,,1,0,,0,,,,
10020,10059,10059,L.,37323,5881,Punica granatum,,0,0,,0,,,,
10020,10059,10059,Hiern,78447,6054,Rotala elatinoides,,1,0,,0,,,,
10020,10059,10059,Koehne,78448,6054,Rotala gossweileri,,1,0,,0,,,,
10020,10059,10059,Schltdl. & Cham.,38754,6054,Rotala mexicana,,1,0,,0,,,,
10020,10059,10059,A.Raynal,78449,6054,Rotala pterocalyx,,1,0,,0,,,,
10020,10059,10059,Hiern,78450,6054,Rotala stagnina,,1,0,,0,,,,
10020,10059,10059,L.,45446,6866,Trapa natans,,1,0,,0,,,,
10020,10059,10059,(A.Rich.) Koehne,78451,7145,Woodfordia uniflora,,1,0,,0,,,,
10020,10059,10059,L.,16552,3137,Epilobium hirsutum,,1,0,,1,,,,
10020,10059,10059,A.Rich.,54231,4401,Ludwigia abyssinica,,1,0,,0,,,,
10020,10059,10059,(L.) H.Hara,26819,4401,Ludwigia adscendens,,1,0,,0,,,,
10020,10059,10059,(L.) H.Hara,26827,4401,Ludwigia erecta,,0,0,,0,,,,
10020,10059,10059,(G.Don) Exell,26829,4401,Ludwigia hyssopifolia,,1,0,,0,,,,
10020,10059,10059,(Nutt.) H.Hara,26832,4401,Ludwigia leptocarpa,,1,0,,0,,,,
10020,10059,10059,(Jacq.) P.H.Raven,26835,4401,Ludwigia octovalvis,,1,0,,0,,,,
10020,10059,10059,L.,26839,4401,Ludwigia perennis,,1,0,,0,,,,
10020,10059,10059,(DC.) Troch.,78452,4401,Ludwigia senegalensis,,1,0,,0,,,,
10020,10059,10059,(Brenan) H.Hara,65729,4401,Ludwigia stenorraphe,,1,0,,0,,,,
10020,10059,10059,Dehnh.,17204,3213,Eucalyptus camaldulensis,,0,0,,0,,,,
10020,10059,10059,Batt. & Trab.,446125,4870,Myrtus nivellei,,1,0,,1,,,,
10020,10059,10059,Batt. & Trab.,446125,4870,Myrtus nivellei,,1,0,,1,,,,
10020,10059,10059,L.,36550,5825,Psidium guajava,,0,0,,0,,,,
10020,10059,10059,(Willd.) DC.,43578,6654,Syzygium guineense,,1,0,,0,,,,
10020,10059,10059,(Hook.) Jacq.-Fél.,65386,8688,Antherotoma irvingiana,,1,0,,0,,,,
10020,10059,10059,(Hochst.) Naudin,446126,20182,Argyrella phaeotricha,,1,0,,0,,,,
10020,10059,10059,(Guill. & Perr.) Jacq.-Fél.,78455,8688,Antherotoma senegambiensis,,1,0,,0,,,,
10020,10059,10059,(Jacq.-Fél.) Jacq.-Fél.,78456,8688,Antherotoma tisserantii,,1,0,,0,,,,
10020,10059,10059,(Graham) Harv.,445174,20182,Argyrella canescens,,1,0,,0,,,,
10020,10059,10059,(Benth.) A.Fern. & R.Fern.,54197,7828,Melastomastrum segregatum,,1,0,,0,,,,
10020,10059,10059,(Sm.) Raf.,446127,20223,Derosiphia tubulosa,,1,0,,0,,,,
10020,10059,10059,J.F.Gmel.,45899,6958,Tristemma mauritianum,,1,0,,0,,,,
10020,10059,10059,Hutch.,78459,1787,Boswellia dalzielii,,1,0,,0,,,,
10020,10059,10059,(Caill. ex Delile) Hochst.,78460,1787,Boswellia papyrifera,,1,0,,0,,,,
10020,10059,10059,Engl.,444826,1996,Canarium schweinfurthii,,1,0,,0,,,,
10020,10059,10059,(A.Rich.) Engl.,78461,2428,Commiphora africana,,1,0,,0,,,,
10020,10059,10059,Engl.,78462,2428,Commiphora kerstingii,,0,0,,0,,,,
10020,10059,10059,(Kotschy & Peyr.) Engl.,78463,2428,Commiphora pedunculata,,1,0,,0,,,,
10020,10059,10059,Schweinf.,78464,2428,Commiphora quadricincta,,1,0,,0,,,,
10020,10059,10059,L.,2142,1271,Anacardium occidentale,,0,0,,0,,,,
10020,10059,10059,Hook.f.,49434,7353,Haematostaphis barteri,,1,0,,0,,,,
10020,10059,10059,(Oliv.) Engl.,68922,4144,Lannea barteri,,1,0,,0,,,,
10020,10059,10059,(Hochst. ex A.Rich.) Engl.,78465,4144,Lannea fruticosa,,1,0,,0,,,,
10020,10059,10059,(Oliv.) Engl.,78466,4144,Lannea humilis,,1,0,,0,,,,
10020,10059,10059,(Hochst. ex A.Rich.) Engl.,78467,4144,Lannea schimperi,,1,0,,0,,,,
10020,10059,10059,A.Rich.,78468,4144,Lannea velutina,,1,0,,0,,,,
10020,10059,10059,L.,27694,4519,Mangifera indica,,0,0,,0,,,,
10020,10059,10059,Delile,78469,9629,Ozoroa insignis,,1,0,,0,,,,
10020,10059,10059,(Schweinf.) R.Fern. & A.Fern.,78470,9629,Ozoroa pulcherrima,,1,0,,0,,,,
10020,10059,10059,(A.Rich.) Engl.,36509,5818,Pseudospondias microcarpa,,1,0,,0,,,,
10020,10059,10059,(L.) F.A.Barkley,86532,6287,Searsia laevigata,,1,0,,0,,,,
10020,10059,10059,,78472,5999,Rhus pyroides,,1,0,,0,,,,
10020,10059,10059,(A.Rich.) Hochst.,78473,7277,Sclerocarya birrea,,1,0,,0,,,,
10020,10059,10059,L.,42569,6493,Spondias mombin,,0,0,,0,,,,
10020,10059,10059,P.Beauv.,1601,1179,Allophylus africanus,,1,0,,0,,,,
10020,10059,10059,Baker,66981,1740,Blighia unijugata,,1,0,,0,,,,
10020,10059,10059,L.,7733,2021,Cardiospermum halicacabum,,1,0,,0,,,,
10020,10059,10059,Gilg ex Engl.,67003,8841,Eriocoelum kerstingii,,1,0,,0,,,,
10020,10059,10059,L.,32395,5322,Paullinia pinnata,,1,0,,0,,,,
10020,10059,10059,(Willd.) Hook.f. ex Benth.,9842,2319,Clausena anisata,,1,0,,0,,,,
10020,10059,10059,(Forssk.) A.Juss.,51582,7530,Haplophyllum tuberculatum,,1,0,,0,,,,
10020,10059,10059,A.Juss.,4423,1587,Azadirachta indica,,0,0,,0,,,,
10020,10059,10059,C.DC.,24272,4052,Khaya grandifoliola,,1,0,,0,,,,
10020,10059,10059,(Desv.) A.Juss.,24273,4052,Khaya senegalensis,,1,0,,0,,,,
10020,10059,10059,L.,28261,4617,Melia azedarach,,0,0,,0,,,,
10020,10059,10059,(Schweinf.) Harms,69018,9041,Pseudocedrela kotschyi,,1,0,,0,,,,
10020,10059,10059,Vahl,45488,6882,Trichilia emetica,,1,0,,0,,,,
10020,10059,10059,Oliv.,78474,6882,Trichilia retusa,,1,0,,0,,,,
10020,10059,10059,L.,30331,4986,Neurada procumbens,,1,0,,0,,,,
10020,10059,10059,(L.) Moench,14,954,Abelmoschus esculentus,,0,0,,0,,,,
10020,10059,10059,(L.) Wight & Arn.,52372,954,Abelmoschus ficulneus,,0,0,,0,,,,
10020,10059,10059,(Guill. & Perr.) Mast.,63,961,Abutilon angulatum,,1,0,,0,,,,
10020,10059,10059,(Hochst) A.Rich.,53899,961,Abutilon bidentatum,,1,0,,0,,,,
10020,10059,10059,Guill. & Perr.,69,961,Abutilon fruticosum,,1,0,,0,,,,
10020,10059,10059,(G.Forst.) Schltdl.,88,961,Abutilon pannosum,,1,0,,0,,,,
10020,10059,10059,(G.Forst.) Schltdl.,88,961,Abutilon pannosum,,1,0,,0,,,,
10020,10059,10059,(Lam.) Sweet,74,961,Abutilon hirtum,,1,0,,0,,,,
10020,10059,10059,(Jacq.) Medik.,83,961,Abutilon mauritianum,,1,0,,0,,,,
10020,10059,10059,(G.Forst.) Schltdl.,88,961,Abutilon pannosum,,1,0,,0,,,,
10020,10059,10059,(Cav.) Guill. & Perr.,93,961,Abutilon ramosum,,1,0,,0,,,,
10020,10059,10059,L.,714,1042,Adansonia digitata,,1,0,,0,,,,
10020,10059,10059,Pellegr. & Vuillet,69011,1767,Bombax costatum,,1,0,,0,,,,
10020,10059,10059,(L.) Gaertn.,8581,2097,Ceiba pentandra,,0,0,,0,,,,
10020,10059,10059,Cav.,78475,2290,Cienfuegosia digitata,,1,0,,0,,,,
10020,10059,10059,(Willd.) Decne.,9835,2317,Clappertonia ficifolia,,1,0,,0,,,,
10020,10059,10059,A.Chev.,10464,2394,Cola gigantea,,1,0,,0,,,,
10020,10059,10059,L.,10939,2470,Corchorus aestuans,,1,0,,0,,,,
10020,10059,10059,(L.) Peterm.,10941,2470,Corchorus depressus,,1,0,,0,,,,
10020,10059,10059,Lam.,53383,2470,Corchorus fascicularis,,1,0,,0,,,,
10020,10059,10059,L.,10947,2470,Corchorus olitorius,,1,0,,0,,,,
10020,10059,10059,L.,10951,2470,Corchorus tridens,,1,0,,0,,,,
10020,10059,10059,(Delile) Exell,78476,2942,Dombeya quinqueseta,,1,0,,0,,,,
10020,10059,10059,Wawra & Peyr.,20231,3545,Gossypium anomalum,,1,0,,0,,,,
10020,10059,10059,L.,20232,3545,Gossypium arboreum,,0,0,,0,,,,
10020,10059,10059,L.,20232,3545,Gossypium arboreum,,0,0,,0,,,,
10020,10059,10059,L.,20233,3545,Gossypium barbadense,,0,0,,0,,,,
10020,10059,10059,L.,20236,3545,Gossypium herbaceum,,0,0,,0,,,,
10020,10059,10059,L.,20237,3545,Gossypium hirsutum,,0,0,,0,,,,
10020,10059,10059,L.,20237,3545,Gossypium hirsutum,,1,0,,0,,,,
10020,10059,10059,"(Gürke) J.B.Hutch., Silow & S.G.Stephens",78477,3545,Gossypium somalense,,1,0,,0,,,,
10020,10059,10059,Burret,78478,3565,Grewia barteri,,1,0,,0,,,,
10020,10059,10059,Juss.,445224,3565,Grewia bicolor,,1,0,,0,,,,
10020,10059,10059,Hutch. & Dalziel,69015,3565,Grewia cissoides,,1,0,,0,,,,
10020,10059,10059,Juss.,65289,3565,Grewia flavescens,,1,0,,0,,,,
10020,10059,10059,Juss.,65290,3565,Grewia mollis,,1,0,,0,,,,
10020,10059,10059,(Forssk.) Fiori,51561,3565,Grewia tenax,,1,0,,0,,,,
10020,10059,10059,(Forssk.) Fiori,51561,3565,Grewia tenax,,1,0,,0,,,,
10020,10059,10059,Willd.,20460,3565,Grewia villosa,,1,0,,0,,,,
10020,10059,10059,(Ehrenb.) Mast.,78479,3746,Hermannia modesta,,1,0,,0,,,,
10020,10059,10059,A.Rich.,78480,3746,Hermannia quartiniana,,1,0,,0,,,,
10020,10059,10059,Hochst. ex A.Rich.,440499,3746,Hermannia tigreensis,,1,0,,0,,,,
10020,10059,10059,Hochst. ex A.Rich.,68499,3788,Hibiscus articulatus,,1,0,,0,,,,
10020,10059,10059,L.,21687,3788,Hibiscus cannabinus,,0,0,,0,,,,
10020,10059,10059,Hochr.,78481,3788,Hibiscus congestiflorus,,1,0,,0,,,,
10020,10059,10059,Jacq.,21697,3788,Hibiscus diversifolius,,1,0,,0,,,,
10020,10059,10059,L.f.,21718,3788,Hibiscus micranthus,,1,0,,0,,,,
10020,10059,10059,Baker f.,54186,3788,Hibiscus noldeae,,1,0,,0,,,,
10020,10059,10059,Burm.f.,52894,3788,Hibiscus panduriformis,,1,0,,0,,,,
10020,10059,10059,Guill. & Perr.,21726,3788,Hibiscus physaloides,,1,0,,0,,,,
10020,10059,10059,Garcke,78482,3788,Hibiscus rhabdotospermus,,1,0,,0,,,,
10020,10059,10059,L.,21730,3788,Hibiscus rosa-sinensis,,0,0,,0,,,,
10020,10059,10059,Guill. & Perr.,65298,3788,Hibiscus rostellatus,,1,0,,0,,,,
10020,10059,10059,L.,21731,3788,Hibiscus sabdariffa,,0,1,,0,,,,
10020,10059,10059,Baill.,21735,3788,Hibiscus sidiformis,,1,0,,0,,,,
10020,10059,10059,Hochr.,65299,3788,Hibiscus squamosus,,1,0,,0,,,,
10020,10059,10059,L.,21745,3788,Hibiscus trionum,,1,0,,0,,,,
10020,10059,10059,L.,21746,3788,Hibiscus vitifolius,,1,0,,0,,,,
10020,10059,10059,Quézel,78483,4088,Kosteletzkya borkouana,,1,0,,0,,,,
10020,10059,10059,Gürke,78484,4088,Kosteletzkya buettneri,,1,0,,0,,,,
10020,10059,10059,(L.) L.,27472,4492,Malachra radiata,,0,0,,0,,,,
10020,10059,10059,L.,27631,4509,Malva parviflora,,1,0,,0,,,,
10020,10059,10059,Sm.,27634,4509,Malva pusilla,,1,0,,0,,,,
10020,10059,10059,Dill. ex Cav.,27642,4511,Malvaviscus arboreus,,0,0,,0,,,,
10020,10059,10059,R.Br.,78485,4616,Melhania denhamii,,1,0,,0,,,,
10020,10059,10059,(Cav.) Spreng.,28260,4616,Melhania ovata,,1,0,,0,,,,
10020,10059,10059,Baker f.,78486,4616,Melhania phillipsiae,,1,0,,0,,,,
10020,10059,10059,L.,28434,4631,Melochia corchorifolia,,1,0,,0,,,,
10020,10059,10059,Benth.,54797,4631,Melochia melissifolia,,1,0,,0,,,,
10020,10059,10059,Pasq.,31640,5217,Pachira glabra,,0,0,,0,,,,
10020,10059,10059,Hochst. & Steud. ex Boiss.,32414,5326,Pavonia arabica,,1,0,,0,,,,
10020,10059,10059,(DC.) R.A.Dyer,78487,5326,Pavonia burchellii,,1,0,,0,,,,
10020,10059,10059,Hochst. ex Webb,78488,5326,Pavonia kotschyi,,1,0,,0,,,,
10020,10059,10059,(Wight & Arn.) Walp.,78489,5326,Pavonia procumbens,,1,0,,0,,,,
10020,10059,10059,(Cav.) Leistner,78490,5326,Pavonia senegalensis,,1,0,,0,,,,
10020,10059,10059,Guill. & Perr.,78491,5326,Pavonia triloba,,1,0,,0,,,,
10020,10059,10059,(L.) Cav.,446128,5326,Pavonia zeylonica,,1,0,,0,,,,
10020,10059,10059,Burm.f.,41456,6363,Sida acuta,,1,0,,0,,,,
10020,10059,10059,L.,436459,6363,Sida alba,,0,0,,0,,,,
10020,10059,10059,L.,41469,6363,Sida cordifolia,,0,0,,0,,,,
10020,10059,10059,L.,41469,6363,Sida cordifolia,,0,0,,0,,,,
10020,10059,10059,Juss. ex Cav.,41479,6363,Sida linifolia,,1,0,,0,,,,
10020,10059,10059,Forssk.,41484,6363,Sida ovata,,1,0,,0,,,,
10020,10059,10059,L.,41488,6363,Sida rhombifolia,,0,0,,0,,,,
10020,10059,10059,L.,41497,6363,Sida urens,,1,0,,0,,,,
10020,10059,10059,Delile,69017,6552,Sterculia setigera,,1,0,,0,,,,
10020,10059,10059,F.Hoffm.,446129,6770,Thespesia garckeana,,1,0,,0,,,,
10020,10059,10059,L.,45919,6966,Triumfetta annua,,1,0,,0,,,,
10020,10059,10059,K.Schum.,78494,6966,Triumfetta lepidota,,1,0,,0,,,,
10020,10059,10059,A.Rich.,45926,6966,Triumfetta pentandra,,1,0,,0,,,,
10020,10059,10059,Mast.,78495,6966,Triumfetta setulosa,,1,0,,0,,,,
10020,10059,10059,L.,46169,7013,Urena lobata,,1,0,,0,,,,
10020,10059,10059,L.,47202,7110,Waltheria indica,,1,0,,0,,,,
10020,10059,10059,(L.) R.E.Fr.,47329,7135,Wissadula amplissima,,1,0,,0,,,,
10020,10059,10059,(L.) Thwaites,47335,7135,Wissadula periplocifolia,,1,0,,0,,,,
10020,10059,10059,(Oliv.) Gilg,78496,3515,Gnidia apiculata,,1,0,,0,,,,
10020,10059,10059,(Oliv.) Gilg,78496,3515,Gnidia apiculata,,1,0,,0,,,,
10020,10059,10059,(Meisn.) Meisn.,446130,17615,Lasiosiphon kraussianus,,1,0,,0,,,,
10020,10059,10059,L.,5205,1722,Bixa orellana,,0,0,,0,,,,
10020,10059,10059,Hook.f. ex Planch.,78498,2370,Cochlospermum planchonii,,1,0,,0,,,,
10020,10059,10059,Perrier ex A.Rich.,68944,2370,Cochlospermum tinctorium,,1,0,,0,,,,
10020,10059,10059,(Desf.) Pers.,78499,3697,Helianthemum ellipticum,,1,0,,0,,,,
10020,10059,10059,(L.) Dum.Cours.,21147,3697,Helianthemum lippii,,1,0,,0,,,,
10020,10059,10059,Gilg,68958,9037,Monotes kerstingii,,1,0,,0,,,,
10020,10059,10059,Lam.,29425,4803,Moringa oleifera,,0,0,,0,,,,
10020,10059,10059,L.,8196,2028,Carica papaya,,0,0,,0,,,,
10020,10059,10059,L.,39742,6122,Salvadora persica,,1,0,,0,,,,
10020,10059,10059,(Forssk.) M.L.Green,8548,2090,Caylusea hexagyna,,1,0,,0,,,,
10020,10059,10059,Delile,51752,5051,Ochradenus baccatus,,1,0,,0,,,,
10020,10059,10059,(Vahl ex Hornem.) J.F.Macbr.,30866,5090,Oligomeris linifolia,,1,0,,0,,,,
10020,10059,10059,Coss.,78500,5955,Reseda villosa,,1,0,,0,,,,
10020,10059,10059,J.St.-Hil.,446131,9631,Boscia integrifolia,,1,0,,0,,,,
10020,10059,10059,Oliv.,78502,9631,Boscia salicifolia,,1,0,,0,,,,
10020,10059,10059,Lam.,78503,9631,Boscia senegalensis,,1,0,,0,,,,
10020,10059,10059,Forssk.,6436,1900,Cadaba farinosa,,1,0,,0,,,,
10020,10059,10059,Forssk.,78504,1900,Cadaba glandulosa,,1,0,,0,,,,
10020,10059,10059,Decne.,7631,2008,Capparis cartilaginea,,1,0,,0,,,,
10020,10059,10059,(Forssk.) Edgew.,7633,2008,Capparis decidua,,1,0,,0,,,,
10020,10059,10059,DC.,78505,2008,Capparis fascicularis,,1,0,,0,,,,
10020,10059,10059,L.,7653,2008,Capparis spinosa,,0,0,,0,,,,
10020,10059,10059,L.,7653,2008,Capparis spinosa,,0,0,,0,,,,
10020,10059,10059,L.,7648,2008,Capparis sepiaria,,1,0,,0,,,,
10020,10059,10059,L.,7648,2008,Capparis sepiaria,,1,0,,0,,,,
10020,10059,10059,Lam.,7654,2008,Capparis tomentosa,,1,0,,0,,,,
10020,10059,10059,DC.,11512,2541,Crateva adansonii,,1,0,,0,,,,
10020,10059,10059,G.Forst.,11513,2541,Crateva religiosa,,0,0,,0,,,,
10020,10059,10059,(Fenzl) Oliv.,78506,4480,Maerua aethiopica,,1,0,,0,,,,
10020,10059,10059,DC.,27383,4480,Maerua angolensis,,1,0,,0,,,,
10020,10059,10059,Forssk.,51700,4480,Maerua crassifolia,,1,0,,0,,,,
10020,10059,10059,(Forssk.) A.Rich.,53379,4480,Maerua oblongifolia,,1,0,,0,,,,
10020,10059,10059,(Gilg & Gilg-Ben.) DeWolf,78507,4480,Maerua pseudopetalosa,,1,0,,0,,,,
10020,10059,10059,Barratte & Murb.,51379,2331,Cleome amblyocarpa,,1,0,,0,,,,
10020,10059,10059,L.,51380,2331,Cleome arabica,,1,0,,0,,,,
10020,10059,10059,Vahl ex DC.,9981,2331,Cleome brachycarpa,,1,0,,0,,,,
10020,10059,10059,Decne.,78508,2331,Cleome chrysantha,,1,0,,0,,,,
10020,10059,10059,Gilg & Gilg-Ben.,78509,2331,Cleome coeruleorosea,,1,0,,0,,,,
10020,10059,10059,L.,9985,2331,Cleome gynandra,,1,0,,0,,,,
10020,10059,10059,(Klotzsch) Oliv.,78510,2331,Cleome hirta,,1,0,,0,,,,
10020,10059,10059,L.,60146,2331,Cleome monophylla,,1,0,,0,,,,
10020,10059,10059,R.Br. ex DC.,78511,2331,Cleome paradoxa,,1,0,,0,,,,
10020,10059,10059,Schweinf. & Gilg,78512,2331,Cleome polyanthera,,1,0,,0,,,,
10020,10059,10059,DC.,9992,2331,Cleome rutidosperma,,1,0,,0,,,,
10020,10059,10059,DC.,9993,2331,Cleome scaposa,,1,0,,0,,,,
10020,10059,10059,L.f.,9999,2331,Cleome tenella,,1,0,,0,,,,
10020,10059,10059,L.,10001,2331,Cleome viscosa,,1,0,,0,,,,
10020,10059,10059,L.,5812,1821,Brassica oleracea,,0,0,,0,,,,
10020,10059,10059,(Delile) Sieber ex Steud.,78513,4228,Lepidium niloticum,,1,0,,1,,,,
10020,10059,10059,(Forssk.) Boiss.,51458,2891,Diplotaxis acris,,1,0,,0,,,,
10020,10059,10059,Coss.,446132,2891,Diplotaxis duveyrieriana,,1,0,,0,,,,
10020,10059,10059,(Spreng.) Asch. ex Boiss.,51480,7516,Eremobium aegyptiacum,,1,0,,0,,,,
10020,10059,10059,(L.) Cav.,17006,3187,Eruca vesicaria,,0,0,,0,,,,
10020,10059,10059,Turra,51527,3300,Farsetia aegyptia,,1,0,,0,,,,
10020,10059,10059,Hochst.,78515,3300,Farsetia stenoptera,,1,0,,0,,,,
10020,10059,10059,Hochst.,78515,3300,Farsetia stenoptera,,1,0,,0,,,,
10020,10059,10059,R.Br.,18310,3300,Farsetia stylosa,,1,0,,0,,,,
10020,10059,10059,(Delile) Sieber ex Steud.,78513,4228,Lepidium niloticum,,1,0,,0,,,,
10020,10059,10059,L.,25297,4228,Lepidium sativum,,0,0,,0,,,,
10020,10059,10059,Boiss.,51728,7551,Morettia canescens,,1,0,,0,,,,
10020,10059,10059,(Delile) DC.,51730,7551,Morettia philaeana,,1,0,,0,,,,
10020,10059,10059,(L.) DC.,29389,4800,Moricandia arvensis,,1,0,,0,,,,
10020,10059,10059,(H.Scholz) H.Scholz,78516,9632,Quezeliantha tibestica,,1,0,,1,,,,
10020,10059,10059,W.T.Aiton,30039,4894,Nasturtium officinale,,0,0,,0,,,,
10020,10059,10059,(Forssk.) Schweinf.,78517,7571,Schouwia purpurea,,1,0,,0,,,,
10020,10059,10059,Verl.,78518,6399,Sisymbrium reboudianum,,1,0,,0,,,,
10020,10059,10059,(L.) Prantl,52140,7582,Zilla spinosa,,1,0,,0,,,,
10020,10059,10059,(L.) Prantl,52140,7582,Zilla spinosa,,1,0,,1,,,,
10020,10059,10059,Benth.,65725,4012,Jasminum pauciflorum,,1,0,,0,,,,
10020,10059,10059,Oliv.,444945,5082,Olax subscorpioidea,,1,0,,0,,,,
10020,10059,10059,Roxb.,31067,5122,Opilia amentacea,,1,0,,0,,,,
10020,10059,10059,L.,47480,7168,Ximenia americana,,1,0,,0,,,,
10020,10059,10059,(DC.) Polhill & Wiens,69009,7816,Agelanthus dodoneifolius,,1,0,,0,,,,
10020,10059,10059,Balle ex Wiens & Polhill,78519,9633,Erianthemum viticola,,1,0,,0,,,,
10020,10059,10059,(Hook.f. ex Benth.) Balle,78520,7819,Phragmanthera nigritana,,1,0,,0,,,,
10020,10059,10059,(Zucc.) Wiens & Polhill,51689,7545,Plicosepalus acaciae,,1,0,,0,,,,
10020,10059,10059,(Engl. & K.Krause) Danser,78521,7820,Tapinanthus bangwensis,,1,0,,0,,,,
10020,10059,10059,(DC.) Danser,78522,7820,Tapinanthus belvisii,,1,0,,0,,,,
10020,10059,10059,(A.Rich.) Tiegh.,446133,7820,Tapinanthus globifer,,1,0,,0,,,,
10020,10059,10059,(DC.) Tiegh.,78524,7820,Tapinanthus pentagonia,,1,0,,0,,,,
10020,10059,10059,(L.) H.Karst.,43847,6672,Tamarix aphylla,,1,0,,0,,,,
10020,10059,10059,Willd.,43850,6672,Tamarix canariensis,,1,0,,0,,,,
10020,10059,10059,L.,43853,6672,Tamarix gallica,,1,0,,0,,,,
10020,10059,10059,(Ehrenb.) Bunge,443513,6672,Tamarix macrocarpa,,1,0,,0,,,,
10020,10059,10059,(Ehrenb.) Bunge,442737,6672,Tamarix nilotica,,1,0,,0,,,,
10020,10059,10059,DC.,43858,6672,Tamarix senegalensis,,1,0,,0,,,,
10020,10059,10059,(L.) Mill.,26017,4320,Limonium sinuatum,,1,0,,0,,,,
10020,10059,10059,L.,35160,5658,Plumbago zeylanica,,0,0,,0,,,,
10020,10059,10059,Hook. & Arn.,2611,1359,Antigonon leptopus,,0,0,,0,,,,
10020,10059,10059,L'Hér.,7060,1932,Calligonum comosum,,1,0,,0,,,,
10020,10059,10059,L.,440001,6070,Rumex spinosus,,1,0,,0,,,,
10020,10059,10059,(Meisn.) Martelli,48577,5205,Oxygonum atriplicifolium,,1,0,,0,,,,
10020,10059,10059,(Hochst. & Steud. ex Meisn.) Dammer,31583,5205,Oxygonum sinuatum,,1,0,,0,,,,
10020,10059,10059,(R.Br.) K.L.Wilson,32971,5410,Persicaria decipiens,,1,0,,0,,,,
10020,10059,10059,(Meisn.) H.Hara,53421,5410,Persicaria limbata,,1,0,,0,,,,
10020,10059,10059,(Meisn.) Soják,32996,5410,Persicaria senegalensis,,1,0,,0,,,,
10020,10059,10059,(Meisn.) Soják,32996,5410,Persicaria senegalensis,,1,0,,0,,,,
10020,10059,10059,L.,35535,5698,Polygonum aviculare,,0,0,,0,,,,
10020,10059,10059,R.Br.,35564,5698,Polygonum plebeium,,1,0,,0,,,,
10020,10059,10059,Soják,78525,5410,Persicaria pulchra,,1,0,,0,,,,
10020,10059,10059,L.,39315,6070,Rumex acetosa,,0,0,,0,,,,
10020,10059,10059,Murb.,39368,6070,Rumex simpliciflorus,,1,0,,0,,,,
10020,10059,10059,Murb.,39368,6070,Rumex simpliciflorus,,1,0,,0,,,,
10020,10059,10059,L.,39377,6070,Rumex vesicarius,,1,0,,0,,,,
10020,10059,10059,L.,39377,6070,Rumex vesicarius,,1,0,,0,,,,
10020,10059,10059,L.,52429,7643,Aldrovanda vesiculosa,,1,0,,0,,,,
10020,10059,10059,L.,15136,2975,Drosera indica,,1,0,,0,,,,
10020,10059,10059,DC.,64313,2975,Drosera madagascariensis,,1,0,,0,,,,
10020,10059,10059,(Decne.) Dahlgren & Thulin,20709,3602,Gymnocarpos sclerocephalus,,1,0,,0,,,,
10020,10059,10059,(L.) DC.,32144,5308,Paronychia arabica,,1,0,,0,,,,
10020,10059,10059,(L.) DC.,32144,5308,Paronychia arabica,,1,0,,1,,,,
10020,10059,10059,Diels,78526,5308,Paronychia haggariensis,,1,0,,0,,,,
10020,10059,10059,Diels,78526,5308,Paronychia haggariensis,,1,0,,0,,,,
10020,10059,10059,(L.) Lam.,35438,5692,Polycarpaea corymbosa,,1,0,,0,,,,
10020,10059,10059,(L.) Lam.,35438,5692,Polycarpaea corymbosa,,1,0,,0,,,,
10020,10059,10059,A.Chev.,78527,5692,Polycarpaea darbandensis,,1,0,,0,,,,
10020,10059,10059,Hochst. ex A.Rich.,50118,5692,Polycarpaea eriantha,,1,0,,0,,,,
10020,10059,10059,Hochst. ex A.Rich.,50118,5692,Polycarpaea eriantha,,1,0,,0,,,,
10020,10059,10059,(L.) Lam.,35438,5692,Polycarpaea corymbosa,,1,0,,0,,,,
10020,10059,10059,(DC.) DC.,78528,5692,Polycarpaea linearifolia,,1,0,,0,,,,
10020,10059,10059,(Forssk.) Asch. & Schweinf.,51847,5692,Polycarpaea repens,,1,0,,0,,,,
10020,10059,10059,(Kuntze) Greuter & Burdet,51895,5692,Polycarpaea robbairea,,1,0,,0,,,,
10020,10059,10059,(Willd.) Coyte,78529,5692,Polycarpaea tenuifolia,,1,0,,0,,,,
10020,10059,10059,(Forssk.) Asch. & Schweinf.,35454,5693,Polycarpon prostratum,,1,0,,0,,,,
10020,10059,10059,Chevassut & Quézel,78530,6372,Silene guichardii,,1,0,,0,,,,
10020,10059,10059,C.Norman,78531,6372,Silene lynesii,,1,0,,1,,,,
10020,10059,10059,Chevassut & Quézel,78532,6372,Silene mirei,,1,0,,1,,,,
10020,10059,10059,Forssk.,51993,6372,Silene villosa,,1,0,,0,,,,
10020,10059,10059,(L.) Besser,42366,6461,Spergularia marina,,1,0,,0,,,,
10020,10059,10059,Quézel & P.Monnier,78533,6461,Spergularia tibestica,,1,0,,1,,,,
10020,10059,10059,L.,430,984,Achyranthes aspera,,1,0,,0,,,,
10020,10059,10059,L.,430,984,Achyranthes aspera,,1,0,,0,,,,
10020,10059,10059,(Burm.f.) Juss. ex Schult.,965,1092,Aerva javanica,,1,0,,0,,,,
10020,10059,10059,(L.) Kuntze,424751,19722,Ouret lanata,,1,0,,0,,,,
10020,10059,10059,R.Br.,438341,1202,Alternanthera nodiflora,,0,0,,0,,,,
10020,10059,10059,Kunth,1838,1202,Alternanthera pungens,,0,0,,0,,,,
10020,10059,10059,(L.) R.Br. ex DC.,1843,1202,Alternanthera sessilis,,0,0,,0,,,,
10020,10059,10059,,57755,1216,Amaranthus spec.,,1,0,,0,,,,
10020,10059,10059,L.,1936,1216,Amaranthus deflexus,,0,0,,0,,,,
10020,10059,10059,L.,1940,1216,Amaranthus graecizans,,1,0,,0,,,,
10020,10059,10059,L.,1941,1216,Amaranthus hybridus,,1,0,,0,,,,
10020,10059,10059,L.,1951,1216,Amaranthus retroflexus,,0,0,,0,,,,
10020,10059,10059,L.,1954,1216,Amaranthus spinosus,,0,0,,0,,,,
10020,10059,10059,L.,1959,1216,Amaranthus viridis,,0,0,,0,,,,
10020,10059,10059,L.,8655,2100,Celosia argentea,,1,0,,0,,,,
10020,10059,10059,(Forssk.) C.C.Towns.,446134,2100,Celosia polystachya,,1,0,,0,,,,
10020,10059,10059,L.,8661,2100,Celosia trigyna,,1,0,,0,,,,
10020,10059,10059,(R.Br.) Moq.,78535,9634,Centrostachys aquatica,,1,0,,0,,,,
10020,10059,10059,"(L.) S.Fuentes, Uotila & Borsch",103395,10933,Chenopodiastrum murale,,1,0,,0,,,,
10020,10059,10059,L.,9319,2211,Chenopodium vulvaria,,1,0,,0,,,,
10020,10059,10059,L.,9319,2211,Chenopodium vulvaria,,1,0,,0,,,,
10020,10059,10059,Delile,56525,2486,Cornulaca monacantha,,1,0,,0,,,,
10020,10059,10059,(Kunth) Moq.,12509,2625,Cyathula achyranthoides,,1,0,,0,,,,
10020,10059,10059,(Schult.) Mosyakin & Clemants,78536,3017,Dysphania schraderiana,,0,1,,0,,,,
10020,10059,10059,Mart.,20073,3524,Gomphrena celosioides,,0,0,,0,,,,
10020,10059,10059,L.,20074,3524,Gomphrena globosa,,0,0,,0,,,,
10020,10059,10059,(L.) Wight,48564,7266,Nothosaerva brachiata,,1,0,,0,,,,
10020,10059,10059,Batt.,78537,9635,Nucularia perrinii,,1,0,,0,,,,
10020,10059,10059,(Vahl) Hepper,68920,9031,Pandiaka angustifolia,,1,0,,0,,,,
10020,10059,10059,(Moq.) B.D.Jacks.,78538,9031,Pandiaka involucrata,,1,0,,0,,,,
10020,10059,10059,Engl.,78539,5830,Psilotrichum schimperi,,1,0,,0,,,,
10020,10059,10059,(L.) Juss.,37325,5882,Pupalia lappacea,,1,0,,0,,,,
10020,10059,10059,(Forssk.) Moq.,443495,19260,Caroxylon imbricatum,,1,0,,0,,,,
10020,10059,10059,Forssk. ex J.F.Gmel.,442718,6610,Suaeda fruticosa,,1,0,,0,,,,
10020,10059,10059,(J.Gay) Schinz,78540,9603,Limeum diffusum,,1,0,,0,,,,
10020,10059,10059,Vicary,77981,9603,Limeum obovatum,,1,0,,0,,,,
10020,10059,10059,(J.Gay) Heimerl,78541,9603,Limeum pterocarpum,,1,0,,0,,,,
10020,10059,10059,(J.Gay) Fenzl,78542,9603,Limeum viscosum,,1,0,,0,,,,
10020,10059,10059,(Forssk.) Exell,10937,2468,Corbichonia decumbens,,1,0,,0,,,,
10020,10059,10059,L.,19819,3475,Gisekia pharnaceoides,,1,0,,0,,,,
10020,10059,10059,L.,1335,1142,Aizoon canariense,,1,0,,0,,,,
10020,10059,10059,(Fenzl) Verdc.,41346,6340,Sesuvium sesuvioides,,1,0,,0,,,,
10020,10059,10059,L.,45478,6878,Trianthema portulacastrum,,1,0,,0,,,,
10020,10059,10059,Fenzl ex Oliv.,78543,6878,Trianthema salsoloides,,1,0,,0,,,,
10020,10059,10059,Willd. ex Spreng.,443642,6878,Trianthema triquetrum,,1,0,,0,,,,
10020,10059,10059,(L.) C.Jeffrey,47628,7190,Zaleya pentandra,,1,0,,0,,,,
10020,10059,10059,Berhaut,78544,1758,Boerhavia graminicola,,1,0,,0,,,,
10020,10059,10059,Mill.,5448,1758,Boerhavia coccinea,,0,0,,0,,,,
10020,10059,10059,L.,5452,1758,Boerhavia diffusa,,1,0,,0,,,,
10020,10059,10059,Choisy,53900,1758,Boerhavia elegans,,1,0,,0,,,,
10020,10059,10059,L.,5453,1758,Boerhavia erecta,,1,0,,0,,,,
10020,10059,10059,"Miré, H.Gillet & Quézel",446135,10196,Commicarpus montanus,,1,0,,1,,,,
10020,10059,10059,L.,5463,1758,Boerhavia repens,,1,0,,0,,,,
10020,10059,10059,L.,5463,1758,Boerhavia repens,,1,0,,0,,,,
10020,10059,10059,L.,5463,1758,Boerhavia repens,,1,0,,0,,,,
10020,10059,10059,Choisy,5622,1793,Bougainvillea glabra,,0,0,,0,,,,
10020,10059,10059,Willd.,5626,1793,Bougainvillea spectabilis,,0,0,,0,,,,
10020,10059,10059,(Roem. & Schult.) Meikle,439375,10196,Commicarpus helenae,,1,0,,0,,,,
10020,10059,10059,(Cav.) Standl.,439377,10196,Commicarpus plumbagineus,,1,0,,0,,,,
10020,10059,10059,J.-P.Lebrun & Meikle,446136,10196,Commicarpus raynalii,,1,0,,1,,,,
10020,10059,10059,L.,19867,3487,Glinus lotoides,,1,0,,0,,,,
10020,10059,10059,(L.) Aug.DC.,19868,3487,Glinus oppositifolius,,1,0,,0,,,,
10020,10059,10059,(Ruiz & Pav.) Rohrb.,19869,3487,Glinus radiatus,,0,0,,0,,,,
10020,10059,10059,(L.) Thulin,422702,10191,Hypertelis cerviana,,1,0,,0,,,,
10020,10059,10059,(Lam.) Thulin,421029,19620,Paramollugo nudicaulis,,1,0,,0,,,,
10020,10059,10059,L.,4710,1640,Basella alba,,1,0,,0,,,,
10020,10059,10059,(Thunb.) Eckl. & Zeyh.,78548,6668,Talinum caffrum,,1,0,,0,,,,
10020,10059,10059,Ker Gawl.,78549,5733,Portulaca foliosa,,1,0,,0,,,,
10020,10059,10059,Hook.,35938,5733,Portulaca grandiflora,,0,0,,0,,,,
10020,10059,10059,L.,35951,5733,Portulaca oleracea,,0,0,,0,,,,
10020,10059,10059,L.,35956,5733,Portulaca quadrifida,,1,0,,0,,,,
10020,10059,10059,,31124,5127,Opuntia spec.,,0,0,,0,,,,
10020,10059,10059,Hook.f.,49993,3942,Impatiens irvingii,,1,0,,0,,,,
10020,10059,10059,(Aubrév. & Pellegr.) Aubrév. & Pellegr.,445040,8853,Gambeya beguei,,1,0,,0,,,,
10020,10059,10059,(Sabine & G.Don) J.H.Hemsl.,27715,4522,Manilkara obovata,,1,0,,0,,,,
10020,10059,10059,(Baker) Pierre,445227,20188,Malacantha alnifolia,,1,0,,0,,,,
10020,10059,10059,C.F.Gaertn.,69060,9048,Vitellaria paradoxa,,1,0,,0,,,,
10020,10059,10059,(Hiern) F.White,64333,2868,Diospyros abyssinica,,1,0,,0,,,,
10020,10059,10059,Hochst. ex A.DC.,68960,2868,Diospyros mespiliformis,,1,0,,0,,,,
10020,10059,10059,(Ruiz & Pav.) U.Manns & Anderb.,438391,4439,Lysimachia ovalis,,1,0,,0,,,,
10020,10059,10059,(L.) U.Manns & Anderb.,438386,4439,Lysimachia arvensis,,1,0,,0,,,,
10020,10059,10059,Gilg,78550,4481,Maesa welwitschii,,1,0,,0,,,,
10020,10059,10059,L.,39860,6126,Samolus valerandi,,0,1,,0,,,,
10020,10059,10059,L.,16769,3162,Erica arborea,,1,0,,0,,,,
10020,10059,10059,Hook.f.,4977,1677,Belonophora coffeoides,,1,0,,0,,,,
10020,10059,10059,(Vahl) Hepper & J.R.I.Wood,78551,9636,Breonadia salicina,,1,0,,0,,,,
10020,10059,10059,(Stapf) Tirveng.,78552,2084,Catunaregam nilotica,,1,0,,0,,,,
10020,10059,10059,W.Bull,10449,2389,Coffea liberica,,0,0,,0,,,,
10020,10059,10059,(Poir.) Benth.,66454,2539,Craterispermum laurinum,,1,0,,0,,,,
10020,10059,10059,Hiern,66457,2539,Craterispermum schweinfurthii,,1,0,,0,,,,
10020,10059,10059,(Thonn.) K.Schum.,66461,8808,Cremaspora triflora,,1,0,,0,,,,
10020,10059,10059,(Afzel. ex G.Don) Benth.,66462,8809,Crossopteryx febrifuga,,1,0,,0,,,,
10020,10059,10059,(Sw.) J.H.Kirkbr. & Delprete,417916,13916,Hexasepalum scandens,,1,0,,0,,,,
10020,10059,10059,Schweinf.,78553,9043,Fadogia ancylantha,,1,0,,0,,,,
10020,10059,10059,Schweinf.,69039,9043,Fadogia cienkowskii,,1,0,,0,,,,
10020,10059,10059,(K.Schum. & K.Krause) Hutch. & Dalziel,78554,9043,Fadogia erythrophloea,,1,0,,0,,,,
10020,10059,10059,A.Chev. ex Robyns,78555,9043,Fadogia latifolia,,1,0,,0,,,,
10020,10059,10059,Schweinf. ex Hiern,78556,9043,Fadogia leucophloea,,1,0,,0,,,,
10020,10059,10059,Pobég.,78557,9043,Fadogia pobeguinii,,1,0,,0,,,,
10020,10059,10059,Delile,69040,9044,Feretia apodanthera,,1,0,,0,,,,
10020,10059,10059,(DC.) Kuntze,445010,7713,Mitragyna stipulosa,,1,0,,0,,,,
10020,10059,10059,L.,19222,3401,Galium spurium,,1,0,,0,,,,
10020,10059,10059,L.,19222,3401,Galium spurium,,1,0,,0,,,,
10020,10059,10059,Stapf & Hutch.,69041,3410,Gardenia aqualla,,1,0,,0,,,,
10020,10059,10059,Stapf & Hutch.,69042,3410,Gardenia erubescens,,1,0,,0,,,,
10020,10059,10059,Hutch.,78558,3410,Gardenia sokotensis,,1,0,,0,,,,
10020,10059,10059,Stapf & Hutch.,78559,3410,Gardenia subacaulis,,1,0,,0,,,,
10020,10059,10059,Schumach. & Thonn.,66504,3410,Gardenia ternifolia,,1,0,,0,,,,
10020,10059,10059,Schumach. & Thonn.,66504,3410,Gardenia ternifolia,,1,0,,0,,,,
10020,10059,10059,Kotschy & Heuglin,78560,3410,Gardenia tinneae,,1,0,,0,,,,
10020,10059,10059,(Schumach. & Thonn.) Didr.,19630,3455,Geophila obvallata,,1,0,,0,,,,
10020,10059,10059,(L.) I.M.Johnst.,19632,3455,Geophila repens,,1,0,,0,,,,
10020,10059,10059,DC.,66526,3998,Ixora brachypoda,,1,0,,0,,,,
10020,10059,10059,L.,23729,3998,Ixora coccinea,,0,0,,0,,,,
10020,10059,10059,(B.Heyne ex Roth) Bremek.,24414,4077,Kohautia aspera,,1,0,,0,,,,
10020,10059,10059,(Hutch. & Dalziel) Bremek.,78561,4077,Kohautia confusa,,1,0,,0,,,,
10020,10059,10059,DC.,78562,4077,Kohautia grandiflora,,1,0,,0,,,,
10020,10059,10059,(Bowdich) Mabb.,24417,4077,Kohautia tenuis,,1,0,,0,,,,
10020,10059,10059,(DC.) Hook.f. ex Hiern,69045,9045,Macrosphyra longistyla,,1,0,,0,,,,
10020,10059,10059,(L.) DC.,29223,4744,Mitracarpus hirtus,,1,0,,0,,,,
10020,10059,10059,(Willd.) Kuntze,69046,7713,Mitragyna inermis,,1,0,,0,,,,
10020,10059,10059,A.Rich. ex DC.,54290,7846,Morelia senegalensis,,1,0,,0,,,,
10020,10059,10059,(Hiern) Bridson & Verdc.,78563,9637,Multidentia crassa,,1,0,,0,,,,
10020,10059,10059,Wernham,54292,4828,Mussaenda debeauxii,,1,0,,0,,,,
10020,10059,10059,Wernham,66561,4828,Mussaenda nannanii,,1,0,,0,,,,
10020,10059,10059,Welw. ex Hiern,78564,4828,Mussaenda rivularis,,1,0,,0,,,,
10020,10059,10059,L.f.,51754,5083,Oldenlandia capensis,,1,0,,0,,,,
10020,10059,10059,L.,30739,5083,Oldenlandia corymbosa,,1,0,,0,,,,
10020,10059,10059,(DC.) Neupane & N.Wikstr.,440424,20038,Edrastima goreensis,,1,0,,0,,,,
10020,10059,10059,(L.) Roxb.,30748,5083,Oldenlandia herbacea,,1,0,,0,,,,
10020,10059,10059,(Schumach.) DC.,30750,5083,Oldenlandia lancifolia,,1,0,,0,,,,
10020,10059,10059,Quézel,78565,5083,Oldenlandia toussidana,,1,0,,1,,,,
10020,10059,10059,Quézel,78565,5083,Oldenlandia toussidana,,1,0,,1,,,,
10020,10059,10059,Schweinf. ex Hiern,78566,5083,Oldenlandia wauensis,,1,0,,0,,,,
10020,10059,10059,Hiern,54297,5202,Oxyanthus unilocularis,,1,0,,0,,,,
10020,10059,10059,K.Schum.,69048,5325,Pavetta crassipes,,1,0,,0,,,,
10020,10059,10059,Hochst. ex A.Rich.,78567,5325,Pavetta gardeniifolia,,1,0,,0,,,,
10020,10059,10059,(Hiern) Bremek.,78568,5325,Pavetta oblongifolia,,1,0,,0,,,,
10020,10059,10059,Bremek.,78569,5325,Pavetta schweinfurthii,,1,0,,0,,,,
10020,10059,10059,Hiern,78570,5325,Pavetta subcana,,1,0,,0,,,,
10020,10059,10059,Hiern,78570,5325,Pavetta subcana,,1,0,,0,,,,
10020,10059,10059,Quézel,78571,5374,Pentas tibestica,,1,0,,1,,,,
10020,10059,10059,(Schumach. & Thonn.) Vatke,32654,5380,Pentodon pentandrus,,1,0,,0,,,,
10020,10059,10059,K.Schum.,78572,5709,Polysphaeria arbuscula,,1,0,,0,,,,
10020,10059,10059,De Wild.,66693,5840,Psychotria djumaensis,,1,0,,0,,,,
10020,10059,10059,(Kuntze) E.M.A.Petit,78573,5840,Psychotria eminiana,,1,0,,0,,,,
10020,10059,10059,(DC.) Roberty,66725,5840,Psychotria psychotrioides,,1,0,,0,,,,
10020,10059,10059,Hiern,78574,5840,Psychotria schweinfurthii,,1,0,,0,,,,
10020,10059,10059,Benth.,54314,5840,Psychotria vogeliana,,1,0,,0,,,,
10020,10059,10059,(DC.) Bridson,439041,5842,Psydrax subcordatus,,1,0,,0,,,,
10020,10059,10059,(Lindl.) Dandy,66765,6057,Rothmannia whitfieldii,,1,0,,0,,,,
10020,10059,10059,(Schweinf. ex Hiern) R.D.Good,66780,6089,Rytigynia pauciflora,,1,0,,0,,,,
10020,10059,10059,Blume,69049,6089,Rytigynia senegalensis,,1,0,,0,,,,
10020,10059,10059,Sm.,445026,4896,Nauclea latifolia,,1,0,,0,,,,
10020,10059,10059,(K.Krause) Robbr.,78575,8816,Sericanthe chevalieri,,1,0,,0,,,,
10020,10059,10059,DC.,78576,6462,Spermacoce chaetocephala,,1,0,,0,,,,
10020,10059,10059,(Schumach. & Thonn.) J.-P.Lebrun & Stork,69050,6462,Spermacoce filifolia,,1,0,,0,,,,
10020,10059,10059,(Hepper) Hakki,69051,6462,Spermacoce octodon,,1,0,,0,,,,
10020,10059,10059,Burm.f.,42410,6462,Spermacoce ocymoides,,1,0,,0,,,,
10020,10059,10059,Wall.,66828,6462,Spermacoce pusilla,,1,0,,0,,,,
10020,10059,10059,(Bremek.) Verdc.,69052,6462,Spermacoce quadrisulcata,,1,0,,0,,,,
10020,10059,10059,(DC.) Sieber ex Hiern,69053,6462,Spermacoce radiata,,1,0,,0,,,,
10020,10059,10059,DC.,66829,6462,Spermacoce ruelliae,,1,0,,0,,,,
10020,10059,10059,DC.,66830,6462,Spermacoce stachydea,,1,0,,0,,,,
10020,10059,10059,Schweinf. ex Hiern,78577,7852,Stipularia elliptica,,1,0,,0,,,,
10020,10059,10059,Hiern,78578,8828,Tricalysia okelensis,,1,0,,0,,,,
10020,10059,10059,A.Chev. ex Robyns,78579,7039,Vangueria chariensis,,1,0,,0,,,,
10020,10059,10059,J.F.Gmel.,46418,7039,Vangueria madagascariensis,,1,0,,0,,,,
10020,10059,10059,A.Chev.,64883,1348,Anthocleista djalonensis,,1,0,,0,,,,
10020,10059,10059,(Roth) Wall.,7606,2001,Canscora alata,,1,0,,0,,,,
10020,10059,10059,(Vahl) R.Br. ex Roem. & Schult.,52540,2001,Canscora diffusa,,1,0,,0,,,,
10020,10059,10059,(Maire) J.-P.Lebrun & Marais,78580,2105,Centaurium flexuosum,,1,0,,1,,,,
10020,10059,10059,Maire,78581,2105,Centaurium minutissimum,,1,0,,1,,,,
10020,10059,10059,"(Sw.) Hayek ex Hand.-Mazz., Stadlm., Janch. & Faltis",8767,2105,Centaurium pulchellum,,1,0,,0,,,,
10020,10059,10059,(Hoffmanns. & Link) Fritsch,8772,2105,Centaurium tenuiflorum,,1,0,,0,,,,
10020,10059,10059,(S.Moore) Klack.,78582,3270,Exacum oldenlandioides,,1,0,,0,,,,
10020,10059,10059,Griseb.,18180,3270,Exacum quinquenervium,,0,0,,0,,,,
10020,10059,10059,Baker,78583,9638,Faroa pusilla,,1,0,,0,,,,
10020,10059,10059,(Spruce ex Progel) Baill.,54061,7782,Neurotheca loeselioides,,1,0,,0,,,,
10020,10059,10059,(Aubl.) Malme,40524,6245,Schultesia guianensis,,1,0,,0,,,,
10020,10059,10059,Delile,69008,6600,Strychnos innocua,,1,0,,0,,,,
10020,10059,10059,Lam.,43220,6600,Strychnos spinosa,,1,0,,0,,,,
10020,10059,10059,(Forssk.) Roem. & Schult.,729,1050,Adenium obesum,,1,0,,0,,,,
10020,10059,10059,L.,1463,1167,Allamanda cathartica,,0,0,,0,,,,
10020,10059,10059,Hua,78584,7381,Ancylobotrys amoena,,1,0,,0,,,,
10020,10059,10059,(Klotzsch) Pierre,49638,7381,Ancylobotrys petersiana,,1,0,,0,,,,
10020,10059,10059,(Forssk.) D.Z.Li,443490,7078,Vincetoxicum spirale,,1,0,,0,,,,
10020,10059,10059,(N.E.Br.) Bruyns,446137,2154,Ceropegia johnstonii,,1,0,,0,,,,
10020,10059,10059,(Oliv.) Bruyns,446138,2154,Ceropegia plocamoides,,1,0,,0,,,,
10020,10059,10059,(Aiton) W.T.Aiton,7177,1953,Calotropis procera,,1,0,,0,,,,
10020,10059,10059,(Roxb.) Haw.,78587,2013,Caralluma adscendens,,1,0,,0,,,,
10020,10059,10059,L.,8199,2029,Carissa spinarum,,1,0,,0,,,,
10020,10059,10059,(L.) Lippold,8326,2054,Cascabela thevetia,,0,0,,0,,,,
10020,10059,10059,(L.) G.Don,8525,2078,Catharanthus roseus,,0,0,,0,,,,
10020,10059,10059,Decne.,78588,2154,Ceropegia aristolochioides,,1,0,,0,,,,
10020,10059,10059,N.E.Br.,78589,2154,Ceropegia nigra,,1,0,,0,,,,
10020,10059,10059,N.E.Br.,446139,2154,Ceropegia racemosa,,1,0,,0,,,,
10020,10059,10059,Schltr.,78590,2154,Ceropegia rhynchantha,,1,0,,0,,,,
10020,10059,10059,Roxb.,53404,2154,Ceropegia bulbosa,,1,0,,0,,,,
10020,10059,10059,Fenzl,78591,9639,Conomitra linearis,,1,0,,0,,,,
10020,10059,10059,(Meisn.) Schltr.,49670,2583,Cryptolepis oblongifolia,,1,0,,0,,,,
10020,10059,10059,Ehrenb.,446140,16412,Desmidorchis retrospiciens,,1,0,,0,,,,
10020,10059,10059,(K.Schum.) N.E.Br.,133111,4554,Marsdenia rubicunda,,1,0,,0,,,,
10020,10059,10059,Decne.,443455,2651,Cynanchum boveanum,,1,0,,0,,,,
10020,10059,10059,(Vahl) Schult.,20136,3535,Gonolobus rostratus,,0,0,,0,,,,
10020,10059,10059,(Retz.) R.Br. ex Sm.,20700,3600,Gymnema sylvestre,,1,0,,0,,,,
10020,10059,10059,(G.Don) T.Durand & Schinz,49692,3819,Holarrhena floribunda,,1,0,,0,,,,
10020,10059,10059,P.Beauv.,53946,7399,Landolphia owariensis,,1,0,,0,,,,
10020,10059,10059,(Forssk.) Schweinf.,78594,7541,Leptadenia arborea,,1,0,,0,,,,
10020,10059,10059,(Poir.) Goyder,445218,7541,Leptadenia lanceolata,,1,0,,0,,,,
10020,10059,10059,(Forssk.) Decne.,51669,7541,Leptadenia pyrotechnica,,1,0,,0,,,,
10020,10059,10059,L.,30279,4972,Nerium oleander,,0,0,,0,,,,
10020,10059,10059,R.Br.,68931,7557,Oxystelma bornouense,,1,0,,0,,,,
10020,10059,10059,(L.f.) Sm.,51793,7557,Oxystelma esculentum,,1,0,,0,,,,
10020,10059,10059,(Decne.) Bullock,78595,9640,Pachycarpus lineolatus,,1,0,,0,,,,
10020,10059,10059,(Forssk.) Chiov.,53407,5390,Pergularia daemia,,1,0,,0,,,,
10020,10059,10059,L.,32879,5390,Pergularia tomentosa,,1,0,,0,,,,
10020,10059,10059,(Wennberg) L.Joubert & Bruyns,444799,2583,Cryptolepis nigrescens,,1,0,,0,,,,
10020,10059,10059,L.,35166,5659,Plumeria rubra,,0,0,,0,,,,
10020,10059,10059,Scott Elliot,78596,9641,Raphionacme brownii,,1,0,,0,,,,
10020,10059,10059,Schltr.,78597,9641,Raphionacme splendens,,1,0,,0,,,,
10020,10059,10059,Sond.,37915,5934,Rauvolfia caffra,,1,0,,0,,,,
10020,10059,10059,(Bojer ex A.DC.) Pichon,49758,7408,Saba comorensis,,1,0,,0,,,,
10020,10059,10059,(Nectoux) Bullock & E.A.Bruce ex Maire,443510,9642,Solenostemma oleifolium,,1,0,,0,,,,
10020,10059,10059,(L.) R.Br. ex Roem. & Schult.,43773,6656,Tabernaemontana divaricata,,0,0,,0,,,,
10020,10059,10059,Oliv.,49788,7411,Tacazzea apiculata,,1,0,,0,,,,
10020,10059,10059,(N.E.Br.) N.E.Br.,49791,6710,Telosma africana,,1,0,,0,,,,
10020,10059,10059,(Baill.) Meve & Liede,444801,7078,Vincetoxicum congolanum,,1,0,,0,,,,
10020,10059,10059,(Decne.) Kuntze,444805,7078,Vincetoxicum sylvaticum,,1,0,,0,,,,
10020,10059,10059,Decne.,49806,7413,Xysmalobium heudelotianum,,1,0,,0,,,,
10020,10059,10059,(Murray) Kuntze,78599,9643,Vahlia dichotoma,,1,0,,0,,,,
10020,10059,10059,(Retz.) Kuntze,78600,9643,Vahlia digyna,,1,0,,0,,,,
10020,10059,10059,(Caill. & Delile) Bridson,78601,9643,Vahlia geminiflora,,1,0,,0,,,,
10020,10059,10059,(Sieber ex Lehm.) A.DC.,3361,1470,Arnebia hispidissima,,1,0,,0,,,,
10020,10059,10059,L.,10483,2396,Coldenia procumbens,,1,0,,0,,,,
10020,10059,10059,Lam.,68418,2471,Cordia africana,,1,0,,0,,,,
10020,10059,10059,Baker,50062,2471,Cordia millenii,,1,0,,0,,,,
10020,10059,10059,Lam.,11043,2471,Cordia sinensis,,1,0,,0,,,,
10020,10059,10059,Mill.,15713,3039,Echium angustifolium,,1,0,,0,,,,
10020,10059,10059,Desf.,78602,3039,Echium humile,,1,0,,0,,,,
10020,10059,10059,Desf.,78602,3039,Echium humile,,1,0,,0,,,,
10020,10059,10059,Desf.,78602,3039,Echium humile,,1,0,,0,,,,
10020,10059,10059,Hochst. ex A.DC.,15772,3048,Ehretia obtusifolia,,1,0,,0,,,,
10020,10059,10059,(Forssk.) Diane & Hilger,440477,3239,Euploca ovalifolia,,1,0,,0,,,,
10020,10059,10059,(Stocks) Diane & Hilger,18063,3239,Euploca rariflora,,1,0,,0,,,,
10020,10059,10059,(Willd.) Diane & Hilger,440481,3239,Euploca strigosa,,1,0,,0,,,,
10020,10059,10059,Lehm.,440466,3712,Heliotropium aegyptiacum,,1,0,,0,,,,
10020,10059,10059,Forssk.,51591,3712,Heliotropium bacciferum,,1,0,,0,,,,
10020,10059,10059,(DC.) Diane & Hilger,446141,3239,Euploca baclei,,1,0,,0,,,,
10020,10059,10059,(DC.) Diane & Hilger,446141,3239,Euploca baclei,,1,0,,0,,,,
10020,10059,10059,L.,21337,3712,Heliotropium indicum,,0,1,,0,,,,
10020,10059,10059,(DC.) Hochst. & Steud. ex Bunge,78604,3712,Heliotropium pterocarpum,,1,0,,0,,,,
10020,10059,10059,(Lehm.) Sieber ex DC.,440480,3712,Heliotropium ramosissimum,,1,0,,0,,,,
10020,10059,10059,L.,21362,3712,Heliotropium supinum,,1,0,,0,,,,
10020,10059,10059,(Burm.f.) Lam.,21365,3712,Heliotropium zeylanicum,,1,0,,0,,,,
10020,10059,10059,(Forssk.) I.M.Johnst.,51725,7550,Moltkiopsis ciliata,,1,0,,0,,,,
10020,10059,10059,(L.) Sm.,45518,6889,Trichodesma africanum,,1,0,,0,,,,
10020,10059,10059,(Jacq.) Choisy,2413,1322,Aniseia martinicensis,,1,0,,0,,,,
10020,10059,10059,(Burm.f.) Bojer,3156,1455,Argyreia nervosa,,0,0,,0,,,,
10020,10059,10059,(Choisy) A.Meeuse,78605,9644,Astripomoea lachnosperma,,1,0,,0,,,,
10020,10059,10059,(Klotzsch) A.Meeuse,78606,9644,Astripomoea malvacea,,1,0,,0,,,,
10020,10059,10059,L.,10742,2455,Convolvulus arvensis,,0,0,,0,,,,
10020,10059,10059,Choisy,51401,2455,Convolvulus glomeratus,,1,0,,0,,,,
10020,10059,10059,Kunze,51400,2455,Convolvulus fatmensis,,1,0,,0,,,,
10020,10059,10059,Forssk.,10769,2455,Convolvulus prostratus,,1,0,,0,,,,
10020,10059,10059,Hochst. ex Choisy,10771,2455,Convolvulus rhyniospermus,,1,0,,0,,,,
10020,10059,10059,Yunck.,12255,2613,Cuscuta campestris,,0,0,,0,,,,
10020,10059,10059,Roth,12267,2613,Cuscuta hyalina,,1,0,,0,,,,
10020,10059,10059,Ten.,12277,2613,Cuscuta planiflora,,1,0,,0,,,,
10020,10059,10059,(L.) L.,18155,3267,Evolvulus alsinoides,,0,0,,0,,,,
10020,10059,10059,(L.) Suresh,21622,3784,Hewittia malabarica,,1,0,,0,,,,
10020,10059,10059,Forssk.,23381,3957,Ipomoea aquatica,,1,0,,0,,,,
10020,10059,10059,Hallier f.,68957,3957,Ipomoea argentaurata,,1,0,,0,,,,
10020,10059,10059,(Desr.) Roem. & Schult.,23384,3957,Ipomoea asarifolia,,0,0,,0,,,,
10020,10059,10059,Baker,78608,3957,Ipomoea barteri,,1,0,,0,,,,
10020,10059,10059,(L.) Lam.,23386,3957,Ipomoea batatas,,0,0,,0,,,,
10020,10059,10059,Hallier f.,50392,3957,Ipomoea blepharophylla,,1,0,,0,,,,
10020,10059,10059,(L.) Roth,23399,3957,Ipomoea coptica,,1,0,,0,,,,
10020,10059,10059,Choisy,78609,3957,Ipomoea cordofana,,1,0,,0,,,,
10020,10059,10059,Hochst. ex Choisy,78610,3957,Ipomoea coscinosperma,,1,0,,0,,,,
10020,10059,10059,Lindl.,71178,3957,Ipomoea aitonii,,1,0,,0,,,,
10020,10059,10059,R.Br.,23407,3957,Ipomoea eriocarpa,,1,0,,0,,,,
10020,10059,10059,Jacq.,23393,3957,Ipomoea carnea,,0,0,,0,,,,
10020,10059,10059,(Hochst. ex Choisy) Boiss. ex Hallier f.,78611,3957,Ipomoea fulvicaulis,,1,0,,0,,,,
10020,10059,10059,Didr.,446142,3957,Ipomoea heterotricha,,1,0,,0,,,,
10020,10059,10059,Hochst. ex Choisy,23431,3957,Ipomoea kotschyana,,1,0,,0,,,,
10020,10059,10059,Burm.f.,440660,3957,Ipomoea sagittifolia,,1,0,,0,,,,
10020,10059,10059,Jacq.,23441,3957,Ipomoea mauritiana,,1,0,,0,,,,
10020,10059,10059,(L.) Roth,23448,3957,Ipomoea nil,,0,0,,0,,,,
10020,10059,10059,(L.) Ker Gawl.,23449,3957,Ipomoea obscura,,1,0,,0,,,,
10020,10059,10059,(Lindl.) Sweet,23451,3957,Ipomoea ochracea,,1,0,,0,,,,
10020,10059,10059,L.,23455,3957,Ipomoea pes-tigridis,,1,0,,0,,,,
10020,10059,10059,Roxb.,23457,3957,Ipomoea pileata,,1,0,,0,,,,
10020,10059,10059,(L.) Pers.,23388,3957,Ipomoea biflora,,1,0,,0,,,,
10020,10059,10059,L.,23462,3957,Ipomoea quamoclit,,0,0,,0,,,,
10020,10059,10059,Choisy,23467,3957,Ipomoea rubens,,1,0,,0,,,,
10020,10059,10059,Poir.,23470,3957,Ipomoea setifera,,0,0,,0,,,,
10020,10059,10059,(L.) Pers.,23388,3957,Ipomoea biflora,,1,0,,0,,,,
10020,10059,10059,Cav.,23481,3957,Ipomoea tricolor,,0,0,,0,,,,
10020,10059,10059,Ker Gawl.,23484,3957,Ipomoea tuberculata,,1,0,,0,,,,
10020,10059,10059,(L.) Jacq.,296628,3957,Ipomoea muricata,,0,0,,0,,,,
10020,10059,10059,Baker,78613,3957,Ipomoea vagans,,1,0,,0,,,,
10020,10059,10059,(L.) Pers.,23388,3957,Ipomoea biflora,,1,0,,0,,,,
10020,10059,10059,(L.) Griseb.,23833,4003,Jacquemontia tamnifolia,,1,0,,0,,,,
10020,10059,10059,(P.Beauv.) Hallier f.,147203,4243,Lepistemon owariensis,,1,0,,0,,,,
10020,10059,10059,(L.) A.R.Simões & Staples,421041,19634,Distimake aegyptius,,1,0,,0,,,,
10020,10059,10059,(Burm.f.) Hallier f.,28561,4644,Merremia emarginata,,1,0,,0,,,,
10020,10059,10059,(Burm.f.) Hallier f.,28564,4644,Merremia hederacea,,1,0,,0,,,,
10020,10059,10059,(Hochst. ex Choisy) A.R.Simões & Staples,446143,20060,Xenostegia pinnata,,1,0,,0,,,,
10020,10059,10059,(L.) D.F.Austin & Staples,441152,20060,Xenostegia tridentata,,1,0,,0,,,,
10020,10059,10059,Hochst. & Steud.,40854,6297,Seddera latifolia,,1,0,,0,,,,
10020,10059,10059,(Vatke) Hallier f.,71179,6562,Stictocardia beraviensis,,1,0,,0,,,,
10020,10059,10059,L.,7662,2011,Capsicum annuum,,0,0,,0,,,,
10020,10059,10059,L.,439059,2011,Capsicum frutescens,,0,0,,0,,,,
10020,10059,10059,Mill.,13468,2734,Datura innoxia,,0,0,,0,,,,
10020,10059,10059,L.,13470,2734,Datura metel,,0,0,,0,,,,
10020,10059,10059,L.,13472,2734,Datura stramonium,,0,0,,0,,,,
10020,10059,10059,L.,51609,3905,Hyoscyamus muticus,,1,0,,0,,,,
10020,10059,10059,Maire,78615,3905,Hyoscyamus tibesticus,,1,0,,1,,,,
10020,10059,10059,L.,41975,6417,Solanum lycopersicum,,0,0,,0,,,,
10020,10059,10059,L.,41975,6417,Solanum lycopersicum,,0,0,,0,,,,
10020,10059,10059,L.,30363,4995,Nicotiana rustica,,0,0,,0,,,,
10020,10059,10059,L.,30366,4995,Nicotiana tabacum,,0,0,,0,,,,
10020,10059,10059,L.,33759,5517,Physalis angulata,,0,0,,0,,,,
10020,10059,10059,Roem. & Schult.,33767,5517,Physalis lagascae,,0,0,,0,,,,
10020,10059,10059,L.,33773,5517,Physalis peruviana,,0,0,,0,,,,
10020,10059,10059,L.,40529,6250,Schwenckia americana,,0,0,,0,,,,
10020,10059,10059,Dunal,68652,6417,Solanum aculeastrum,,1,0,,0,,,,
10020,10059,10059,L.,41903,6417,Solanum aethiopicum,,0,0,,0,,,,
10020,10059,10059,Mill.,41906,6417,Solanum americanum,,0,0,,0,,,,
10020,10059,10059,Dunal,78616,6417,Solanum cerasiferum,,1,0,,0,,,,
10020,10059,10059,Schumach. & Thonn.,41934,6417,Solanum dasyphyllum,,1,0,,0,,,,
10020,10059,10059,Dunal,443694,6417,Solanum forskaolii,,1,0,,0,,,,
10020,10059,10059,Hochst. ex Dunal,78617,6417,Solanum hastifolium,,1,0,,0,,,,
10020,10059,10059,L.,41960,6417,Solanum incanum,,1,0,,0,,,,
10020,10059,10059,L.,41987,6417,Solanum melongena,,0,0,,0,,,,
10020,10059,10059,L.,41996,6417,Solanum nigrum,,0,1,,0,,,,
10020,10059,10059,L.,41996,6417,Solanum nigrum,,1,0,,0,,,,
10020,10059,10059,Forssk.,290771,6417,Solanum coagulans,,1,0,,0,,,,
10020,10059,10059,Mill.,42055,6417,Solanum villosum,,1,0,,0,,,,
10020,10059,10059,(L.) Dunal,47343,7137,Withania somnifera,,1,0,,0,,,,
10020,10059,10059,N.E.Br.,78619,6473,Sphenoclea dalzielii,,1,0,,0,,,,
10020,10059,10059,Gaertn.,42488,6473,Sphenoclea zeylanica,,1,0,,0,,,,
10020,10059,10059,Kotschy & Peyr.,78620,3884,Hydrolea floribunda,,1,0,,0,,,,
10020,10059,10059,A.W.Benn.,78621,3884,Hydrolea macrosepala,,1,0,,0,,,,
10020,10059,10059,(R.Br.) Wettst.,4489,1595,Bacopa floribunda,,1,0,,0,,,,
10020,10059,10059,(Benth.) Wettst.,78622,1595,Bacopa hamiltoniana,,1,0,,0,,,,
10020,10059,10059,(Roxb.) Buch.-Ham. ex Benth.,14928,2948,Dopatrium junceum,,1,0,,0,,,,
10020,10059,10059,Oliv.,78623,2948,Dopatrium macranthum,,1,0,,0,,,,
10020,10059,10059,Benth.,78624,2948,Dopatrium senegalense,,1,0,,0,,,,
10020,10059,10059,L.,19879,3492,Globularia alypum,,1,0,,0,,,,
10020,10059,10059,L.,19879,3492,Globularia alypum,,1,0,,0,,,,
10020,10059,10059,(L.) Nábelek,51636,4056,Kickxia aegyptiaca,,1,0,,0,,,,
10020,10059,10059,(L.) Nábelek,51636,4056,Kickxia aegyptiaca,,1,0,,0,,,,
10020,10059,10059,(Schousb.) Ghebr.,53902,4882,Nanorrhinum heterophyllum,,1,0,,0,,,,
10020,10059,10059,(Decne.) Betsche,446144,4882,Nanorrhinum macilentum,,1,0,,0,,,,
10020,10059,10059,Skan,66116,4317,Limnophila barteri,,1,0,,0,,,,
10020,10059,10059,(Hiern) Skan,78626,4317,Limnophila ceratophylloides,,1,0,,0,,,,
10020,10059,10059,(L.) Druce,25861,4317,Limnophila indica,,1,0,,0,,,,
10020,10059,10059,(Pomel) D.A.Sutton,78627,4741,Misopates microcarpum,,1,0,,0,,,,
10020,10059,10059,L.,34817,5598,Plantago afra,,1,0,,0,,,,
10020,10059,10059,Cav.,34820,5598,Plantago amplexicaulis,,1,0,,0,,,,
10020,10059,10059,L.,40713,6272,Scoparia dulcis,,1,0,,0,,,,
10020,10059,10059,(Hochst.) Benth.,78628,6527,Stemodia serrata,,1,0,,0,,,,
10020,10059,10059,L.,46585,7064,Veronica anagallis-aquatica,,1,0,,0,,,,
10020,10059,10059,Endl.,2586,1356,Anticharis arabica,,1,0,,0,,,,
10020,10059,10059,Asch.,78629,1356,Anticharis glandulosa,,1,0,,0,,,,
10020,10059,10059,(Walp.) Bhandari,2587,1356,Anticharis senegalensis,,1,0,,0,,,,
10020,10059,10059,(Hochst.) Benth.,2772,1405,Aptosimum pumilum,,1,0,,0,,,,
10020,10059,10059,(Murb.) Hub.-Mor.,78630,7057,Verbascum longirostre,,1,0,,0,,,,
10020,10059,10059,(Quézel) Hub.-Mor.,78631,7057,Verbascum tibesticum,,1,0,,1,,,,
10020,10059,10059,Hochst.,78632,2540,Craterostigma plantagineum,,1,0,,0,,,,
10020,10059,10059,(Skan) Eb.Fisch.,78633,8994,Crepidorhopalon debilis,,1,0,,0,,,,
10020,10059,10059,"(Skan) Eb.Fisch., Schäferh. & Kai Müll.",369784,19181,Linderniella gracilis,,1,0,,0,,,,
10020,10059,10059,(Roxb.) Haines,53412,4326,Lindernia parviflora,,1,0,,0,,,,
10020,10059,10059,"(Oliv.) Eb.Fisch., Schäferh. & Kai Müll.",369785,19181,Linderniella trichotoma,,1,0,,0,,,,
10020,10059,10059,(Pilg.) Eb.Fisch.,78636,8994,Crepidorhopalon gracilis,,1,0,,0,,,,
10020,10059,10059,(Oliv.) Eb.Fisch.,78637,8994,Crepidorhopalon schweinfurthii,,1,0,,0,,,,
10020,10059,10059,(Engl.) Eb.Fisch.,78638,8994,Crepidorhopalon spicatus,,1,0,,0,,,,
10020,10059,10059,(Endl.) Byng & Christenh.,445225,6335,Sesamum sesamoides,,1,0,,0,,,,
10020,10059,10059,J.Gay ex Delile,38492,6033,Rogeria adenophylla,,1,0,,0,,,,
10020,10059,10059,Thonn.,78639,6335,Sesamum alatum,,1,0,,0,,,,
10020,10059,10059,(Oliv.) Engl.,446145,6335,Sesamum angustifolium,,1,0,,0,,,,
10020,10059,10059,L.,41311,6335,Sesamum indicum,,0,0,,0,,,,
10020,10059,10059,Thonn. ex Hornem.,41312,6335,Sesamum radiatum,,1,0,,0,,,,
10020,10059,10059,Benth.,78641,8653,Aeollanthus pubescens,,1,0,,0,,,,
10020,10059,10059,Mart. ex Spreng.,78642,8653,Aeollanthus suaveolens,,1,0,,0,,,,
10020,10059,10059,(Willd.) Salmaki & Siadati,438674,19987,Pseudodictamnus hirsutus,,1,0,,0,,,,
10020,10059,10059,,4579,1616,Ballota hirsuta,,1,0,,0,,,,
10020,10059,10059,(L.) Moench,4711,1641,Basilicum polystachyon,,1,0,,0,,,,
10020,10059,10059,(Engl. & K.Krause) Robyns & R.Wilczek,65043,1667,Beilschmiedia anacardioides,,1,0,,0,,,,
10020,10059,10059,L.,8418,2061,Cassytha filiformis,,1,0,,0,,,,
10020,10059,10059,(Willd.) Schumach.,65001,2334,Clerodendrum capitatum,,1,0,,0,,,,
10020,10059,10059,,78643,2334,Clerodendrum chevalieri,,1,0,,0,,,,
10020,10059,10059,Gürke,65011,2334,Clerodendrum thyrsoideum,,1,0,,0,,,,
10020,10059,10059,Blume,10063,2334,Clerodendrum villosum,,1,0,,0,,,,
10020,10059,10059,(Benth.) Ayob. ex A.J.Paton & Harley,78644,3113,Endostemon membranaceus,,1,0,,0,,,,
10020,10059,10059,Roxb. ex Sm.,19985,3512,Gmelina arborea,,0,0,,0,,,,
10020,10059,10059,(Hutch.) P.A.Duvign. & Plancke,78645,8655,Haumaniastrum alboviride,,1,0,,0,,,,
10020,10059,10059,(Oliv.) P.A.Duvign. & Plancke,65014,8655,Haumaniastrum caeruleum,,1,0,,0,,,,
10020,10059,10059,(Benth.) A.J.Paton,78646,8655,Haumaniastrum villosum,,1,0,,0,,,,
10020,10059,10059,Vahl,22361,3846,Hoslundia opposita,,1,0,,0,,,,
10020,10059,10059,(Aubl.) Harley & J.F.B.Pastore,47945,7231,Cantinoa americana,,0,0,,0,,,,
10020,10059,10059,Maire,78647,4179,Lavandula antineae,,1,0,,0,,,,
10020,10059,10059,Maire,78647,4179,Lavandula antineae,,1,0,,1,,,,
10020,10059,10059,Maire,78647,4179,Lavandula antineae,,1,0,,1,,,,
10020,10059,10059,Poir.,24925,4179,Lavandula coronopifolia,,1,0,,0,,,,
10020,10059,10059,Upson & Jury,78648,4179,Lavandula saharica,,1,0,,0,,,,
10020,10059,10059,(L.) R.Br.,25053,4216,Leonotis nepetifolia,,1,0,,0,,,,
10020,10059,10059,(L.) R.Br.,25053,4216,Leonotis nepetifolia,,1,0,,0,,,,
10020,10059,10059,Benth.,78649,4279,Leucas inflata,,1,0,,0,,,,
10020,10059,10059,(Jacq.) R.Br.,25566,4279,Leucas martinicensis,,1,0,,0,,,,
10020,10059,10059,(L.) L.,28512,4637,Mentha longifolia,,1,0,,0,,,,
10020,10059,10059,L.,28516,4637,Mentha spicata,,1,0,,0,,,,
10020,10059,10059,(Forssk.) C.Chr.,78650,4699,Micromeria imbricata,,1,0,,0,,,,
10020,10059,10059,Quézel,78651,4959,Nepeta mirei,,1,0,,1,,,,
10020,10059,10059,Maire,78652,4959,Nepeta tibestica,,1,0,,1,,,,
10020,10059,10059,L.,30577,5058,Ocimum americanum,,1,0,,0,,,,
10020,10059,10059,L.,30578,5058,Ocimum basilicum,,0,0,,0,,,,
10020,10059,10059,L.,30581,5058,Ocimum gratissimum,,0,0,,0,,,,
10020,10059,10059,Royle ex Benth.,31344,5164,Orthosiphon pallidus,,1,0,,0,,,,
10020,10059,10059,G.Taylor,446146,5164,Orthosiphon rufinervis,,1,0,,0,,,,
10020,10059,10059,P.Beauv.,34940,5602,Platostoma africanum,,1,0,,0,,,,
10020,10059,10059,(Briq.) A.J.Paton,446147,15193,Coleus engleri,,0,0,,0,,,,
10020,10059,10059,(N.E.Br.) A.J.Paton,444897,15193,Coleus rhodesianum,,1,0,,0,,,,
10020,10059,10059,(N.E.Br.) G.Taylor,446148,15193,Coleus esculentus,,0,0,,0,,,,
10020,10059,10059,(T.C.E.Fr.) Robyns & Lebrun,445223,15193,Coleus gracillimus,,1,0,,0,,,,
10020,10059,10059,(Briq.) A.J.Paton,444899,15193,Coleus guerkei,,1,0,,0,,,,
10020,10059,10059,(Forssk.) A.J.Paton,441850,15193,Coleus hadiensis,,1,0,,0,,,,
10020,10059,10059,(P.Beauv.) A.J.Paton,442560,15193,Coleus monostachyus,,1,0,,0,,,,
10020,10059,10059,(Pellegr.) Bhoti & Ingr.,78655,5681,Pogostemon tisserantii,,1,0,,0,,,,
10020,10059,10059,Gürke,36158,5749,Premna angolensis,,1,0,,0,,,,
10020,10059,10059,(Hochst.) Schauer,78656,5749,Premna resinosa,,1,0,,0,,,,
10020,10059,10059,(Perkins) A.J.Paton,446149,15193,Coleus togoensis,,1,0,,0,,,,
10020,10059,10059,(Gürke) Verdc.,78658,6055,Rotheca alata,,1,0,,0,,,,
10020,10059,10059,L.,39744,6123,Salvia aegyptiaca,,1,0,,0,,,,
10020,10059,10059,Batt. & Trab.,78659,6123,Salvia chudaei,,1,0,,1,,,,
10020,10059,10059,Briq.,78660,6281,Scutellaria chevalieri,,1,0,,0,,,,
10020,10059,10059,(Rolfe) D.F.Otieno,78661,9645,Syncolostemon welwitschii,,1,0,,0,,,,
10020,10059,10059,(Diels) Greuter & Burdet,78662,6748,Teucrium helichrysoides,,1,0,,0,,,,
10020,10059,10059,Schum. & Thonn.,78663,7086,Vitex cuneata,,1,0,,0,,,,
10020,10059,10059,Sweet,46998,7086,Vitex doniana,,1,0,,0,,,,
10020,10059,10059,Oliv.,65038,7086,Vitex madiensis,,1,0,,0,,,,
10020,10059,10059,(L.) Kuntze,19941,3503,Glossostigma diandrum,,1,0,,0,,,,
10020,10059,10059,Hepper,78664,1156,Alectra linearis,,1,0,,0,,,,
10020,10059,10059,(Vahl) Kuntze,1430,1156,Alectra sessiliflora,,1,0,,0,,,,
10020,10059,10059,Govaerts,65993,1869,Buchnera decandollei,,1,0,,0,,,,
10020,10059,10059,Buch.-Ham. ex D.Don,78665,1869,Buchnera hispida,,1,0,,0,,,,
10020,10059,10059,(L.) Cout.,9744,2303,Cistanche phelypaea,,1,0,,0,,,,
10020,10059,10059,(Schenk) Wight ex Hook.f.,51378,2303,Cistanche tubulosa,,1,0,,0,,,,
10020,10059,10059,E.Mey. ex Benth.,65996,8762,Cycnium adonense,,1,0,,0,,,,
10020,10059,10059,E.Mey. ex Benth.,65996,8762,Cycnium adonense,,1,0,,0,,,,
10020,10059,10059,(Schumach. & Thonn.) Hutch. & Dalziel,28860,4679,Micrargeria filiformis,,1,0,,0,,,,
10020,10059,10059,Pers.,31277,5154,Orobanche aegyptiaca,,1,0,,0,,,,
10020,10059,10059,Loefl.,31287,5154,Orobanche cernua,,1,0,,0,,,,
10020,10059,10059,(Hochst.) Benth.,58863,8286,Rhamphicarpa fistulosa,,1,0,,0,,,,
10020,10059,10059,Engl.,69024,8763,Sopubia parviflora,,1,0,,0,,,,
10020,10059,10059,(Hochst.) Hochst.,69025,8763,Sopubia ramosa,,1,0,,0,,,,
10020,10059,10059,(L.) Kuntze,43159,6587,Striga asiatica,,1,0,,0,,,,
10020,10059,10059,(Willd.) Benth.,78666,6587,Striga aspera,,1,0,,0,,,,
10020,10059,10059,Engl.,78667,6587,Striga baumannii,,1,0,,0,,,,
10020,10059,10059,(Thunb.) Kuntze,66000,6587,Striga bilabiata,,1,0,,0,,,,
10020,10059,10059,(Thunb.) Kuntze,66000,6587,Striga bilabiata,,1,0,,0,,,,
10020,10059,10059,Benth.,68663,6587,Striga forbesii,,1,0,,0,,,,
10020,10059,10059,A.Raynal,78668,6587,Striga gastonii,,1,0,,0,,,,
10020,10059,10059,(Willd.) Vatke,43162,6587,Striga gesnerioides,,1,0,,0,,,,
10020,10059,10059,(Delile) Benth.,69026,6587,Striga hermonthica,,1,0,,0,,,,
10020,10059,10059,(Engl.) Skan,78669,6587,Striga klingii,,1,0,,0,,,,
10020,10059,10059,(Schumach. & Thonn.) Hepper,78670,6587,Striga linearifolia,,1,0,,0,,,,
10020,10059,10059,(Benth.) Benth.,69027,6587,Striga macrantha,,1,0,,0,,,,
10020,10059,10059,Engl.,69028,6587,Striga passargei,,1,0,,0,,,,
10020,10059,10059,A.DC.,46239,7026,Utricularia arenaria,,1,0,,0,,,,
10020,10059,10059,Kunth,78671,7026,Utricularia fimbriata,,1,0,,0,,,,
10020,10059,10059,L.,46249,7026,Utricularia foliosa,,1,0,,0,,,,
10020,10059,10059,Edgew.,53327,7026,Utricularia foveolata,,1,0,,0,,,,
10020,10059,10059,L.,46251,7026,Utricularia gibba,,1,0,,0,,,,
10020,10059,10059,Forssk.,54163,7026,Utricularia inflexa,,1,0,,0,,,,
10020,10059,10059,L.f.,48821,7026,Utricularia stellaris,,1,0,,0,,,,
10020,10059,10059,P.Taylor,78672,7026,Utricularia raynalii,,1,0,,0,,,,
10020,10059,10059,Oliv.,65133,7026,Utricularia reflexa,,1,0,,0,,,,
10020,10059,10059,Sm.,54164,7026,Utricularia spiralis,,1,0,,0,,,,
10020,10059,10059,L.,46276,7026,Utricularia subulata,,1,0,,0,,,,
10020,10059,10059,(Nees) T.Anderson,368,974,Acanthus montanus,,1,0,,0,,,,
10020,10059,10059,(L.) T.Anderson,4155,1542,Asystasia gangetica,,1,0,,0,,,,
10020,10059,10059,Vahl,78673,1631,Barleria acanthoides,,1,0,,0,,,,
10020,10059,10059,Nees,78674,1631,Barleria hochstetteri,,1,0,,0,,,,
10020,10059,10059,(L.) B.L.Burtt,51307,1734,Blepharis ciliaris,,1,0,,0,,,,
10020,10059,10059,(Forssk.) Pers.,78675,1734,Blepharis edulis,,1,0,,0,,,,
10020,10059,10059,S.Moore,78676,1734,Blepharis glumacea,,1,0,,0,,,,
10020,10059,10059,Solms ex Schweinf.,78677,1734,Blepharis involucrata,,1,0,,0,,,,
10020,10059,10059,Pers.,78678,1734,Blepharis linariifolia,,1,0,,0,,,,
10020,10059,10059,(L.) B.Heyne ex Roth,5326,1734,Blepharis maderaspatensis,,1,0,,0,,,,
10020,10059,10059,(Forssk.) C.Chr.,14229,2830,Dicliptera verticillata,,1,0,,0,,,,
10020,10059,10059,(Forssk.) I.Darbysh.,14223,2830,Dicliptera paniculata,,1,0,,0,,,,
10020,10059,10059,(Forssk.) C.Chr.,14229,2830,Dicliptera verticillata,,1,0,,0,,,,
10020,10059,10059,Lindau,78679,9646,Duvernoia chevalieri,,1,0,,0,,,,
10020,10059,10059,(Nees) Bennet,48423,3013,Dyschoriste nagchana,,1,0,,0,,,,
10020,10059,10059,(Burm.f.) Moylan ex J.R.I.Wood,440490,6588,Strobilanthes alternata,,0,0,,0,,,,
10020,10059,10059,(Hochst. ex Nees) T.Anderson,78680,3885,Hygrophila abyssinica,,1,0,,0,,,,
10020,10059,10059,(T.Anderson) Heine,78681,3885,Hygrophila africana,,1,0,,0,,,,
10020,10059,10059,Heine,78682,3885,Hygrophila mediatrix,,1,0,,0,,,,
10020,10059,10059,(Nees) T.Anderson,78683,3885,Hygrophila micrantha,,1,0,,0,,,,
10020,10059,10059,Berhaut,78684,3885,Hygrophila niokoloensis,,1,0,,0,,,,
10020,10059,10059,Benoist,78685,3885,Hygrophila pobeguinii,,1,0,,0,,,,
10020,10059,10059,(Schumach.) Heine,22654,3885,Hygrophila auriculata,,1,0,,0,,,,
10020,10059,10059,(Nees) T.Anderson,78686,3885,Hygrophila senegalensis,,1,0,,0,,,,
10020,10059,10059,(Nees) Lindau,371635,3885,Hygrophila laevis,,1,0,,0,,,,
10020,10059,10059,(Vahl) Sol. ex Roem. & Schult.,49359,3919,Hypoestes aristata,,1,0,,0,,,,
10020,10059,10059,Nees,22957,3919,Hypoestes cancellata,,1,0,,0,,,,
10020,10059,10059,(Vahl) R.Br.,22960,3919,Hypoestes forskaolii,,1,0,,0,,,,
10020,10059,10059,S.Moore,78688,3919,Hypoestes strobilifera,,1,0,,0,,,,
10020,10059,10059,(Forssk.) Vahl,68521,4027,Justicia flava,,1,0,,0,,,,
10020,10059,10059,J.-P.Lebrun & Stork,78689,4027,Justicia hedrenii,,1,0,,0,,,,
10020,10059,10059,T.Anderson,49364,4027,Justicia insularis,,1,0,,0,,,,
10020,10059,10059,Lam.,53874,4027,Justicia ladanoides,,1,0,,0,,,,
10020,10059,10059,(Vahl) R.Br. ex Griseb.,25220,4225,Lepidagathis alopecuroidea,,1,0,,0,,,,
10020,10059,10059,Nees,68915,4225,Lepidagathis anobrya,,1,0,,0,,,,
10020,10059,10059,Lindau,78690,4225,Lepidagathis appendiculata,,1,0,,0,,,,
10020,10059,10059,(Endl.) Milne-Redh.,68916,4225,Lepidagathis collina,,1,0,,0,,,,
10020,10059,10059,Wall.,78691,4225,Lepidagathis hamiltoniana,,0,0,,0,,,,
10020,10059,10059,Benoist,78692,4225,Lepidagathis lutescens,,1,0,,0,,,,
10020,10059,10059,(Jacq.) Milne-Redh.,68917,9006,Monechma ciliatum,,1,0,,0,,,,
10020,10059,10059,(Lindau) J.Miège & Heine,78693,9006,Monechma ndellense,,1,0,,0,,,,
10020,10059,10059,(Lam.) Spreng.,30083,4910,Nelsonia canescens,,1,0,,0,,,,
10020,10059,10059,Oerst.,49373,4910,Nelsonia smithii,,1,0,,0,,,,
10020,10059,10059,S.Moore,78694,4984,Neuracanthus niveus,,1,0,,0,,,,
10020,10059,10059,T.Anderson,49376,5450,Phaulopsis barteri,,1,0,,0,,,,
10020,10059,10059,(Willd.) Hepper,68919,5450,Phaulopsis ciliata,,1,0,,0,,,,
10020,10059,10059,(Forssk.) Sweet,48617,5450,Phaulopsis imbricata,,1,0,,0,,,,
10020,10059,10059,(Forssk.) Sweet,48617,5450,Phaulopsis imbricata,,1,0,,0,,,,
10020,10059,10059,Mankt.,78695,5450,Phaulopsis savannicola,,1,0,,0,,,,
10020,10059,10059,Jacq.,39299,6068,Ruellia patula,,1,0,,0,,,,
10020,10059,10059,Schweinf. ex Lindau,53913,6068,Ruellia praetermissa,,1,0,,0,,,,
10020,10059,10059,(Hochst. ex Nees) Milne-Redh.,78696,6077,Ruspolia decurrens,,1,0,,0,,,,
10020,10059,10059,(Benth.) T.Anderson,45072,6787,Thunbergia erecta,,0,0,,0,,,,
10020,10059,10059,Kunth,11621,2548,Crescentia alata,,0,0,,0,,,,
10020,10059,10059,L.,11622,2548,Crescentia cujete,,0,0,,0,,,,
10020,10059,10059,(Lam.) Benth.,24285,4057,Kigelia africana,,1,0,,0,,,,
10020,10059,10059,P.Beauv.,42309,6456,Spathodea campanulata,,0,0,,0,,,,
10020,10059,10059,Cham.,68661,6555,Stereospermum kunthianum,,1,0,,0,,,,
10020,10059,10059,(Thunb.) Spach,442746,15794,Tecomaria capensis,,0,0,,0,,,,
10020,10059,10059,(L.) Juss. ex Kunth,44301,6696,Tecoma stans,,0,0,,0,,,,
10020,10059,10059,Fenzl ex Walp.,78697,9647,Chascanum laetum,,1,0,,0,,,,
10020,10059,10059,Fenzl ex Walp.,78698,9647,Chascanum marrubiifolium,,1,0,,0,,,,
10020,10059,10059,L.,15433,3003,Duranta erecta,,0,0,,0,,,,
10020,10059,10059,L.,24676,4146,Lantana camara,,0,0,,0,,,,
10020,10059,10059,Thunb.,78699,4146,Lantana rugosa,,1,0,,0,,,,
10020,10059,10059,(Vatke) Verdc.,69061,4146,Lantana ukambensis,,1,0,,0,,,,
10020,10059,10059,Moldenke,78700,4339,Lippia chevalieri,,1,0,,0,,,,
10020,10059,10059,Moldenke,67211,4339,Lippia multiflora,,1,0,,0,,,,
10020,10059,10059,(L.) Greene,33384,5495,Phyla nodiflora,,0,0,,0,,,,
10020,10059,10059,(L.) Greene,33384,5495,Phyla nodiflora,,0,0,,0,,,,
10020,10059,10059,(L.) Vahl,42666,6503,Stachytarpheta indica,,1,0,,0,,,,
10020,10059,10059,Quézel,78701,7058,Verbena dalloniana,,1,0,,1,,,,
10020,10059,10059,Vis.,78702,7093,Volkameria acerbiana,,1,0,,0,,,,
10020,10059,10059,Maire,78703,1979,Campanula bordesiana,,1,0,,0,,,,
10020,10059,10059,Forssk.,78704,1979,Campanula edulis,,1,0,,0,,,,
10020,10059,10059,Durieu,78705,1979,Campanula filicaulis,,1,0,,0,,,,
10020,10059,10059,Maire,78706,1979,Campanula monodiana,,1,0,,1,,,,
10020,10059,10059,Engl. & Diels,78707,4356,Lobelia djurensis,,1,0,,0,,,,
10020,10059,10059,L.,26497,4356,Lobelia erinus,,1,0,,0,,,,
10020,10059,10059,(L.f.) Link,47150,7103,Wahlenbergia lobelioides,,1,0,,0,,,,
10020,10059,10059,(A.DC.) Thulin,47155,7103,Wahlenbergia perrottetii,,1,0,,0,,,,
10020,10059,10059,Quézel,78708,7103,Wahlenbergia tibestica,,1,0,,1,,,,
10020,10059,10059,(Vatke) A.Raynal,78709,5041,Nymphoides brevipedicellata,,1,0,,0,,,,
10020,10059,10059,(Griseb.) Kuntze,54206,5041,Nymphoides forbesiana,,1,0,,0,,,,
10020,10059,10059,(L.) Kuntze,30493,5041,Nymphoides indica,,1,0,,0,,,,
10020,10059,10059,(G.Don) Tippery,444925,5041,Nymphoides senegalensis,,1,0,,0,,,,
10020,10059,10059,DC.,362,973,Acanthospermum hispidum,,0,0,,0,,,,
10020,10059,10059,Delile,550,1000,Acmella caulirhiza,,1,0,,0,,,,
10020,10059,10059,(Sw.) Cass.,561,1000,Acmella uliginosa,,1,0,,0,,,,
10020,10059,10059,J.R.Forst. & G.Forst.,774,1064,Adenostemma viscosum,,1,0,,0,,,,
10020,10059,10059,Mattf.,78710,9648,Aedesia spectabilis,,1,0,,0,,,,
10020,10059,10059,L.,1130,1119,Ageratum conyzoides,,0,0,,0,,,,
10020,10059,10059,Mill.,1131,1119,Ageratum houstonianum,,0,0,,0,,,,
10020,10059,10059,J.-P.Lebrun & Stork,49931,7425,Akeassia grangeoides,,1,0,,0,,,,
10020,10059,10059,L.,1991,1225,Ambrosia maritima,,1,0,,0,,,,
10020,10059,10059,Hook. & Arn.,2421,1327,Anisopappus chinensis,,1,0,,0,,,,
10020,10059,10059,,78711,1478,Artemisia abyssinica,,1,0,,0,,,,
10020,10059,10059,L.,51219,1478,Artemisia judaica,,1,0,,0,,,,
10020,10059,10059,Quézel,78712,1478,Artemisia tilhoana,,1,0,,1,,,,
10020,10059,10059,(Pers.) C.D.Adams,49932,1516,Aspilia africana,,1,0,,0,,,,
10020,10059,10059,Oliv. & Hiern,78713,1516,Aspilia angustifolia,,1,0,,0,,,,
10020,10059,10059,O.Hoffm. & Muschl.,68933,1516,Aspilia bussei,,1,0,,0,,,,
10020,10059,10059,(Schumach.) Wild,446150,1516,Aspilia ciliata,,1,0,,0,,,,
10020,10059,10059,(Schumach. & Thonn.) Oliv. & Hiern,68934,1516,Aspilia helianthoides,,1,0,,0,,,,
10020,10059,10059,(Sch.Bip. ex Hochst.) Oliv.,49933,1516,Aspilia kotschyi,,1,0,,0,,,,
10020,10059,10059,(Sch.Bip. ex Hochst.) Oliv.,49933,1516,Aspilia kotschyi,,1,0,,0,,,,
10020,10059,10059,Berhaut,68935,1516,Aspilia paludosa,,1,0,,0,,,,
10020,10059,10059,Oliv. & Hiern,3707,1516,Aspilia rudis,,1,0,,0,,,,
10020,10059,10059,(Forssk.) Less.,4056,1523,Asteriscus graveolens,,1,0,,0,,,,
10020,10059,10059,(Forssk.) Less.,4056,1523,Asteriscus graveolens,,1,0,,0,,,,
10020,10059,10059,Batt.,78714,1558,Atractylis aristata,,1,0,,0,,,,
10020,10059,10059,(Oliv. & Hiern) T.G.J.Rayner,78715,1708,Bidens barteri,,1,0,,0,,,,
10020,10059,10059,(Lour.) Merr. & Sherff,5102,1708,Bidens biternata,,1,0,,0,,,,
10020,10059,10059,(Schweinf.) Cufod.,78716,1708,Bidens borianiana,,1,0,,0,,,,
10020,10059,10059,L.,5140,1708,Bidens pilosa,,0,0,,0,,,,
10020,10059,10059,Cass.,5215,1725,Blainvillea gayana,,1,0,,0,,,,
10020,10059,10059,S.Moore,78717,9649,Blepharispermum minus,,1,0,,0,,,,
10020,10059,10059,J.-P.Lebrun & Stork,49955,1743,Blumea adamsii,,1,0,,0,,,,
10020,10059,10059,(Lam.) DC.,5349,1743,Blumea axillaris,,1,0,,0,,,,
10020,10059,10059,(Burm.f.) DC.,5359,1743,Blumea lacera,,0,0,,0,,,,
10020,10059,10059,(DC.) C.D.Adams,446151,4132,Laggera oloptera,,1,0,,0,,,,
10020,10059,10059,(Forssk.) Less.,4056,1523,Asteriscus graveolens,,1,0,,0,,,,
10020,10059,10059,(Forssk.) Less.,4056,1523,Asteriscus graveolens,,1,0,,0,,,,
10020,10059,10059,L.,6950,1920,Calendula arvensis,,1,0,,0,,,,
10020,10059,10059,Delile,78719,2104,Centaurea alexandrina,,1,0,,0,,,,
10020,10059,10059,DC.,446152,2104,Centaurea perrottettii,,1,0,,0,,,,
10020,10059,10059,Oliv. & Hiern,68937,2104,Centaurea praecox,,1,0,,0,,,,
10020,10059,10059,DC.,78721,2104,Centaurea senegalensis,,1,0,,0,,,,
10020,10059,10059,Forssk.,78722,9650,Ceruana pratensis,,1,0,,0,,,,
10020,10059,10059,(L.) R.M.King & H.Rob.,9514,2258,Chromolaena odorata,,0,0,,0,,,,
10020,10059,10059,DC.,73102,2260,Chrysanthellum indicum,,1,0,,0,,,,
10020,10059,10059,L.,9595,2288,Cichorium endivia,,0,0,,0,,,,
10020,10059,10059,(L.) J.C.Manning & Goldblatt,439392,10145,Nidorella aegyptiaca,,1,0,,0,,,,
10020,10059,10059,(Sch.Bip. ex A.Rich.) Agnew,444818,4693,Microglossa pyrrhopappa,,1,0,,1,,,,
10020,10059,10059,(Willd.) Raizada,439399,16698,Eschenbachia stricta,,1,0,,0,,,,
10020,10059,10059,L.,11386,2519,Cotula anthemoides,,1,0,,0,,,,
10020,10059,10059,(Juss. ex Jacq.) S.Moore,11454,2536,Crassocephalum rubens,,1,0,,0,,,,
10020,10059,10059,(Blume) DC.,14198,2827,Dichrocephala chrysanthemifolia,,1,0,,0,,,,
10020,10059,10059,Less.,78723,2831,Dicoma capensis,,1,0,,0,,,,
10020,10059,10059,Cass.,14231,2831,Dicoma tomentosa,,1,0,,0,,,,
10020,10059,10059,(DC.) Vatke,443430,1743,Blumea bovei,,1,0,,0,,,,
10020,10059,10059,O.Hoffm.,78724,3034,Echinops gracilis,,1,0,,0,,,,
10020,10059,10059,Mattf.,78725,3034,Echinops himantophyllus,,1,0,,0,,,,
10020,10059,10059,A.Rich.,68938,3034,Echinops longifolius,,1,0,,0,,,,
10020,10059,10059,Chiov.,78726,3034,Echinops pappii,,1,0,,0,,,,
10020,10059,10059,Turra,15698,3034,Echinops spinosissimus,,1,0,,0,,,,
10020,10059,10059,(L.) L.,15750,3040,Eclipta prostrata,,1,0,,0,,,,
10020,10059,10059,(Klatt) Oliv. & Hiern,49938,3072,Elephantopus senegalensis,,1,0,,0,,,,
10020,10059,10059,(Sims) G.Don,16304,3097,Emilia coccinea,,1,0,,0,,,,
10020,10059,10059,L.f.,17180,3210,Ethulia conyzoides,,1,0,,0,,,,
10020,10059,10059,Delile,78727,3210,Ethulia gracilis,,1,0,,0,,,,
10020,10059,10059,Benth. & Hook.f. ex Oliv. & Hiern,78728,9651,Geigeria acaulis,,1,0,,0,,,,
10020,10059,10059,(Hochst. & Steud.) Benth. & Hook.f. ex Oliv. & Hiern,78729,9651,Geigeria alata,,1,0,,0,,,,
10020,10059,10059,(L.f.) DC.,78730,3497,Glossocardia bosvallia,,1,0,,0,,,,
10020,10059,10059,(L.) Grierson,21199,3699,Helichrysum indicum,,0,1,,0,,,,
10020,10059,10059,(L.) Poir.,20378,3554,Grangea maderaspatana,,0,0,,0,,,,
10020,10059,10059,(Delile) Sch.Bip.,20684,3597,Gymnanthemum amygdalinum,,1,0,,0,,,,
10020,10059,10059,L.,21166,3698,Helianthus annuus,,0,0,,0,,,,
10020,10059,10059,DC.,21193,3699,Helichrysum glumaceum,,1,0,,0,,,,
10020,10059,10059,Quézel,78731,3699,Helichrysum monodianum,,1,0,,1,,,,
10020,10059,10059,Cass.,78732,9652,Herderia truncata,,1,0,,0,,,,
10020,10059,10059,Steetz,78733,7427,Hypericophyllum compositarum,,1,0,,0,,,,
10020,10059,10059,(O.Hoffm.) D.J.N.Hind,446153,7427,Hypericophyllum chevalieri,,1,0,,0,,,,
10020,10059,10059,Forssk.,68939,4119,Lactuca inermis,,1,0,,0,,,,
10020,10059,10059,L.,24575,4119,Lactuca sativa,,0,0,,0,,,,
10020,10059,10059,(Vahl) Hepper & J.R.I.Wood,48532,4132,Laggera crispata,,1,0,,0,,,,
10020,10059,10059,(Vahl) Hepper & J.R.I.Wood,78735,4132,Laggera decurrens,,0,0,,0,,,,
10020,10059,10059,(L.) Hilliard & B.L.Burtt,440265,5801,Pseudognaphalium luteoalbum,,1,0,,0,,,,
10020,10059,10059,(Webb) Amin ex Boulos,78736,4174,Launaea brunneri,,1,0,,0,,,,
10020,10059,10059,(Spreng.) Dandy,24898,4174,Launaea capitata,,1,0,,0,,,,
10020,10059,10059,(Hochst. ex Oliv. & Hiern) C.Jeffrey,78737,4174,Launaea cornuta,,1,0,,0,,,,
10020,10059,10059,(Jacq.) Beauverd,24905,4174,Launaea intybacea,,1,0,,0,,,,
10020,10059,10059,(Forssk.) Muschl.,24907,4174,Launaea mucronata,,1,0,,0,,,,
10020,10059,10059,(L.) Hook.f.,24908,4174,Launaea nudicaulis,,1,0,,0,,,,
10020,10059,10059,(Willd.) Amin ex C.Jeffrey,78738,4174,Launaea taraxacifolia,,1,0,,0,,,,
10020,10059,10059,(Oliv. & Hiern) C.Jeffrey,68940,9017,Linzia nigritiana,,1,0,,0,,,,
10020,10059,10059,(DC.) Anderb.,68941,9033,Litogyne gariepina,,1,0,,0,,,,
10020,10059,10059,(Harv.) S.Ortiz,68942,9034,Macledium sessiliflorum,,1,0,,0,,,,
10020,10059,10059,(O.Hoffm.) D.J.N.Hind,445219,15851,Lipotriche elliptica,,1,0,,0,,,,
10020,10059,10059,(Schumach. & Thonn.) Orchard,346067,15851,Lipotriche scandens,,1,0,,0,,,,
10020,10059,10059,(Burm.f.) B.L.Rob.,29056,4721,Mikania cordata,,1,0,,0,,,,
10020,10059,10059,Mattf.,78739,9653,Neurolakis modesta,,1,0,,0,,,,
10020,10059,10059,(Sch.Bip. ex Walp.) H.Rob. & V.A.Funk,78740,795,Nothovernonia purpurea,,1,0,,0,,,,
10020,10059,10059,Cass.,32522,5338,Pegolettia senegalensis,,1,0,,0,,,,
10020,10059,10059,(L.) DC.,443092,20127,Vicoa indica,,0,1,,0,,,,
10020,10059,10059,Maire,78741,9654,Pentzia monodiana,,1,0,,1,,,,
10020,10059,10059,Chiov.,78742,5438,Phagnalon stenolepis,,1,0,,1,,,,
10020,10059,10059,Ball,78743,5537,Picris albida,,1,0,,0,,,,
10020,10059,10059,(L.) DC.,51844,5656,Pluchea dioscoridis,,1,0,,0,,,,
10020,10059,10059,(DC.) C.B.Clarke,35144,5656,Pluchea lanceolata,,1,0,,0,,,,
10020,10059,10059,(Pers.) DC.,35147,5656,Pluchea ovalis,,1,0,,0,,,,
10020,10059,10059,L.,40726,6276,Scorzonera laciniata,,1,0,,0,,,,
10020,10059,10059,(O.Hoffm.) Hutch. & Dalziel,78744,9655,Porphyrostemma chevalieri,,1,0,,0,,,,
10020,10059,10059,(Mill.) D'Arcy,438738,19992,Pseudoconyza viscosa,,1,0,,0,,,,
10020,10059,10059,Batt. & Trab.,78745,5876,Pulicaria alveolosa,,1,0,,0,,,,
10020,10059,10059,(Lam.) DC.,37279,5876,Pulicaria incisa,,1,0,,0,,,,
10020,10059,10059,(Lam.) DC.,37279,5876,Pulicaria incisa,,1,0,,0,,,,
10020,10059,10059,(Lam.) DC.,37279,5876,Pulicaria incisa,,1,0,,0,,,,
10020,10059,10059,(L.) Cass.,37271,5876,Pulicaria arabica,,1,0,,0,,,,
10020,10059,10059,(L.) C.A.Mey.,37284,5876,Pulicaria undulata,,1,0,,0,,,,
10020,10059,10059,(L.) C.A.Mey.,37284,5876,Pulicaria undulata,,1,0,,0,,,,
10020,10059,10059,(L.) C.A.Mey.,37284,5876,Pulicaria undulata,,1,0,,1,,,,
10020,10059,10059,(L.) C.A.Mey.,37284,5876,Pulicaria undulata,,1,0,,0,,,,
10020,10059,10059,Maire,78746,5876,Pulicaria volkonskyana,,1,0,,0,,,,
10020,10059,10059,Jacq.,40652,6259,Sclerocarpus africanus,,1,0,,0,,,,
10020,10059,10059,(Decne.) Sch.Bip.,41108,6319,Senecio flavus,,1,0,,0,,,,
10020,10059,10059,Vill. ex Chaix,41110,6319,Senecio gallicus,,1,0,,0,,,,
10020,10059,10059,L.,41113,6319,Senecio glaucus,,1,0,,0,,,,
10020,10059,10059,Batt. & Trab.,78747,6319,Senecio hoggariensis,,1,0,,0,,,,
10020,10059,10059,(L.) Hill,42108,6431,Sonchus asper,,1,0,,0,,,,
10020,10059,10059,L.,42131,6431,Sonchus maritimus,,1,0,,0,,,,
10020,10059,10059,L.,42135,6431,Sonchus oleraceus,,1,0,,0,,,,
10020,10059,10059,DC.,78748,6465,Sphaeranthus angustifolius,,1,0,,0,,,,
10020,10059,10059,O.Hoffm. ex De Wild.,78749,6465,Sphaeranthus flexuosus,,1,0,,0,,,,
10020,10059,10059,S.Moore,78750,6465,Sphaeranthus randii,,1,0,,0,,,,
10020,10059,10059,DC.,78751,6465,Sphaeranthus senegalensis,,1,0,,0,,,,
10020,10059,10059,Oliv. & Hiern,68657,6465,Sphaeranthus steetzii,,1,0,,0,,,,
10020,10059,10059,(L.) Gaertn.,43473,6644,Synedrella nodiflora,,0,0,,0,,,,
10020,10059,10059,L.,43827,6665,Tagetes erecta,,0,0,,0,,,,
10020,10059,10059,(Hemsl.) A.Gray,45232,6819,Tithonia diversifolia,,0,0,,0,,,,
10020,10059,10059,L.,45647,6910,Tridax procumbens,,0,0,,0,,,,
10020,10059,10059,(Sch.Bip. ex Walp.) H.Rob.,84183,7228,Baccharoides adoensis,,1,0,,0,,,,
10020,10059,10059,(Kotschy & Peyr.) H.Rob.,78753,9656,Vernoniastrum ambiguum,,1,0,,0,,,,
10020,10059,10059,Sch.Bip.,78754,7063,Vernonia aschersonii,,1,0,,0,,,,
10020,10059,10059,(O.Hoffm.) H.Rob. & Skvarla,446154,7433,Vernonella chthonocephala,,1,0,,0,,,,
10020,10059,10059,(Sch.Bip.) H.Rob.,31150,5129,Orbivestus cinerascens,,1,0,,0,,,,
10020,10059,10059,(L.) H.Rob.,12378,2619,Cyanthillium cinereum,,1,0,,0,,,,
10020,10059,10059,(Cass.) Less.,443073,7063,Vernonia galamensis,,1,0,,0,,,,
10020,10059,10059,(Welw. ex O.Hoffm.) H.Rob.,49975,3597,Gymnanthemum glaberrimum,,1,0,,0,,,,
10020,10059,10059,(Benth.) H.Rob.,49976,7228,Baccharoides guineensis,,1,0,,0,,,,
10020,10059,10059,Sch.Bip. ex Walp.,446155,7063,Vernonia perrottetii,,1,0,,0,,,,
10020,10059,10059,(Benth.) H.Rob.,49976,7228,Baccharoides guineensis,,1,0,,0,,,,
10020,10059,10059,(Kotschy & Peyr.) Isawumi,78757,7228,Baccharoides pumila,,1,0,,0,,,,
10020,10059,10059,(Oliv.) Isawumi,78758,7228,Baccharoides tenoreana,,1,0,,0,,,,
10020,10059,10059,(S.Moore) Isawumi,78759,9656,Vernoniastrum migeodii,,1,0,,0,,,,
10020,10059,10059,(DC.) Wagenitz,78760,7094,Volutaria sinaica,,1,0,,0,,,,
10020,10059,10059,L.,47403,7155,Xanthium strumarium,,0,0,,0,,,,
10020,10059,10059,Jacq.,47776,7208,Zinnia elegans,,0,0,,0,,,,
10020,10059,10059,Hochst. ex A.Rich.,68432,7419,Cussonia arborea,,1,0,,0,,,,
10020,10059,10059,L.,2307,1307,Anethum graveolens,,0,0,,0,,,,
10020,10059,10059,(L.) Urb.,8775,2107,Centella asiatica,,0,0,,0,,,,
10020,10059,10059,Turcz.,78761,9657,Diplolophium africanum,,1,0,,0,,,,
10020,10059,10059,Quézel,78762,3346,Foeniculum scoparium,,1,0,,1,,,,
10020,10059,10059,(L.) W.D.J.Koch,438474,9658,Helosciadium nodiflorum,,1,0,,0,,,,
10020,10059,10059,(L.) W.D.J.Koch,438474,9658,Helosciadium nodiflorum,,1,0,,0,,,,
10020,10059,10059,(Kingston ex Oliv.) S.Droop,78764,9659,Lefebvrea grantii,,1,0,,0,,,,
10020,10059,10059,L.,41889,6410,Smyrnium olusatrum,,1,0,,0,,,,
10020,10059,10059,Hochst.,78765,9660,Steganotaenia araliacea,,1,0,,0,,,,
10020,10059,10059,Hochst.,78765,9660,Steganotaenia araliacea,,1,0,,0,,,,
