ref_ID,list_ID,entity_ID,work_author,work_ID,genus_ID,work_species,questionable,native,quest_native,naturalized,endemic_ref,quest_end_ref,endemic_list,quest_end_list,cons_status
30,305,303,(Griseb.) Lindau,2208,1288,Ancistranthus harpochiloides,0,1,0,,1,0,1,0,
30,305,303,(Burm.f.) Nees,2222,1295,Andrographis paniculata,0,0,0,,0,0,0,0,
30,305,303,Urb.,438458,3013,Dyschoriste cubensis,0,1,0,,1,0,1,0,
30,305,303,(Alain & Leonard) Greuter & R.Rankin,438461,3013,Dyschoriste parvula,0,1,0,,1,0,1,0,
30,305,303,(L.) T.Anderson,4155,1542,Asystasia gangetica,0,0,0,,0,0,0,0,
30,305,303,L.,4673,1631,Barleria cristata,0,0,0,,0,0,0,0,
30,305,303,(Griseb.) M.Gómez,438679,1632,Barleriola saturejoides,0,1,0,,1,0,1,0,
30,305,303,(Griseb.) M.Gómez,438679,1632,Barleriola saturejoides,0,1,0,,1,0,1,0,
30,305,303,(Griseb.) M.Gómez,438679,1632,Barleriola saturejoides,0,1,0,,1,0,1,0,
30,305,303,(L.) Oerst. ex Lindau,4685,1632,Barleriola solanifolia,0,1,0,,1,0,0,0,
30,305,303,Urb.,13464,2732,Dasytropis fragilis,0,1,0,,1,0,1,0,
30,305,303,(L.) Juss.,14227,2830,Dicliptera sexangularis,0,1,0,,0,0,0,0,
30,305,303,(Urb.) Urb.,15595,3013,Dyschoriste bayatensis,0,1,0,,1,0,1,0,
30,305,303,Alain,16274,3090,Elytraria cubana,0,1,0,,1,0,1,0,
30,305,303,Borhidi & O.Muñiz,16275,3090,Elytraria filicaulis,0,1,0,,1,0,1,0,
30,305,303,Leonard,16278,3090,Elytraria planifolia,0,1,0,,1,0,1,0,
30,305,303,Leonard,16278,3090,Elytraria planifolia,0,1,0,,1,0,1,0,
30,305,303,(P.Wilson) Leonard,16280,3090,Elytraria shaferi,0,1,0,,1,0,1,0,
30,305,303,Borhidi & O.Muñiz,16281,3090,Elytraria spathulifolia,0,1,0,,1,0,1,0,
30,305,303,(L.) Griff.,20389,3559,Graptophyllum pictum,0,0,0,,0,0,0,0,
30,305,303,L.,24086,4027,Justicia adhatoda,0,0,0,,0,0,0,0,
30,305,303,Alain & Leonard,24087,4027,Justicia agria,0,1,0,,1,0,1,0,
30,305,303,L.,440693,16207,Dianthera comata,0,1,0,,0,0,0,0,
30,305,303,Alain,24104,4027,Justicia cubana,0,1,0,,1,0,1,0,
30,305,303,Jenn.,24108,4027,Justicia diversifolia,0,1,0,,1,0,1,0,
30,305,303,Lam.,440696,4027,Justicia mirabiloides,0,1,0,,1,0,0,0,
30,305,303,(Jacq.) J.F.Gmel.,440699,16207,Dianthera pectoralis,0,0,0,,0,0,0,0,
30,305,303,Jacq.,24129,4027,Justicia periplocifolia,0,1,0,,0,0,0,0,
30,305,303,(Sw.) J.F.Gmel.,440703,16207,Dianthera reptans,0,1,0,,0,0,0,0,
30,305,303,Britton ex Alain,24137,4027,Justicia roigii,0,1,0,,1,0,1,0,
30,305,303,(A.Rich.) Griseb.,443241,16207,Dianthera sagrana,0,1,0,,1,0,1,0,
30,305,303,Urb. & Britton,24147,4027,Justicia stenophylla,0,1,0,,1,0,1,0,
30,305,303,(Schltdl. & Cham.) Kuntze,30655,5070,Odontonema callistachyum,0,0,0,,0,0,0,0,
30,305,303,(Jacq.) Kuntze,30658,5070,Odontonema nitidum,0,1,0,,1,0,0,0,
30,305,303,Borhidi,31076,5125,Oplonia acunae,0,1,0,,1,0,1,0,
30,305,303,Borhidi,31078,5125,Oplonia cubensis,0,1,0,,1,0,1,0,
30,305,303,Borhidi,31081,5125,Oplonia moana,0,1,0,,1,0,1,0,
30,305,303,Borhidi,31082,5125,Oplonia multigemma,0,1,0,,1,0,1,0,
30,305,303,(Urb.) Stearn,31083,5125,Oplonia nannophylla,0,1,0,,1,0,1,0,
30,305,303,(Stearn) Borhidi,31084,5125,Oplonia polyece,0,1,0,,1,0,1,0,
30,305,303,(Griseb.) Stearn,31085,5125,Oplonia purpurascens,0,1,0,,1,0,1,0,
30,305,303,(Jacq.) Raf.,31086,5125,Oplonia spinosa,0,1,0,,1,0,0,0,
30,305,303,(Jacq.) Raf.,31086,5125,Oplonia spinosa,0,1,0,,1,0,1,0,
30,305,303,(C.Wright ex Griseb.) Stearn,31087,5125,Oplonia tetrasticha,0,1,0,,1,0,1,0,
30,305,303,(Ruiz & Pav.) Wassh.,31688,5230,Pachystachys spicata,0,0,0,,0,0,0,0,
30,305,303,(Nees) Lindau,39283,6068,Ruellia domingensis,0,1,0,,1,0,0,0,
30,305,303,Kunth,39287,6068,Ruellia geminiflora,0,1,0,,0,0,0,0,
30,305,303,Vahl,39293,6068,Ruellia macrophylla,0,1,0,,0,0,0,0,
30,305,303,Hook.,71397,6068,Ruellia ciliatiflora,0,1,0,,0,0,0,0,
30,305,303,Hook.,71397,6068,Ruellia ciliatiflora,0,1,0,,1,0,0,0,
30,305,303,L.,39297,6068,Ruellia paniculata,0,1,0,,0,0,0,0,
30,305,303,Urb.,39298,6068,Ruellia parvifolia,0,1,0,,1,0,1,0,
30,305,303,Urb.,39305,6068,Ruellia shaferiana,0,1,0,,1,0,1,0,
30,305,303,C.Wright,39306,6068,Ruellia simplex,0,1,0,,0,0,0,0,
30,305,303,L.,39309,6068,Ruellia tuberosa,0,1,0,,0,0,0,0,
30,305,303,Ruiz & Pav.,76353,6128,Sanchezia oblonga,0,0,0,,0,0,0,0,
30,305,303,Ruiz & Pav.,76353,6128,Sanchezia oblonga,0,0,0,,0,0,0,0,
30,305,303,Borhidi,39962,6143,Sapphoa ekmanii,0,1,0,,1,0,1,0,
30,305,303,Urb.,39963,6143,Sapphoa rigidifolia,0,1,0,,1,0,1,0,
30,305,303,Urb.,42823,6531,Stenandrium crenatum,0,1,0,,1,0,1,0,
30,305,303,Nees,42824,6531,Stenandrium droseroides,0,1,0,,1,0,0,0,
30,305,303,Urb.,42825,6531,Stenandrium ekmanii,0,1,0,,1,0,1,0,
30,305,303,Borhidi,42826,6531,Stenandrium heterotrichum,0,1,0,,1,0,1,0,
30,305,303,Urb.,42827,6531,Stenandrium ovatum,0,1,0,,1,0,1,0,
30,305,303,(Britton & P.Wilson) Alain,42829,6531,Stenandrium pinetorum,0,1,0,,1,0,1,0,
30,305,303,(Sw.) Nees,42830,6531,Stenandrium scabrosum,0,1,0,,1,0,0,0,
30,305,303,(Sw.) Nees,42830,6531,Stenandrium scabrosum,0,1,0,,1,0,1,0,
30,305,303,(L.) Urb.,42831,6531,Stenandrium tuberosum,0,1,0,,1,0,0,0,
30,305,303,Lindau,42833,6531,Stenandrium wrightii,0,1,0,,1,0,1,0,
30,305,303,(Vahl) R.Br. ex Griseb.,25220,4225,Lepidagathis alopecuroidea,0,1,1,,0,0,0,0,
30,305,303,Bojer ex Sims,45067,6787,Thunbergia alata,0,0,0,,0,0,0,0,
30,305,303,(Benth.) T.Anderson,45072,6787,Thunbergia erecta,0,0,0,,0,0,0,0,
30,305,303,Roxb.,45073,6787,Thunbergia fragrans,0,0,0,,0,0,0,0,
30,305,303,Roxb.,45074,6787,Thunbergia grandiflora,0,0,0,,0,0,0,0,
30,305,303,Trel.,1053,1115,Agave acicularis,0,1,0,,1,0,1,0,
30,305,303,Trel.,1055,1115,Agave albescens,0,1,0,,1,0,1,0,
30,305,303,L.,1056,1115,Agave americana,0,0,0,,0,0,0,0,
30,305,303,Trel.,1057,1115,Agave anomala,0,1,0,,1,0,0,0,
30,305,303,Descourt.,1058,1115,Agave antillarum,0,1,0,,1,0,0,0,
30,305,303,Lem.,1077,1115,Agave fourcroydes,0,0,0,,0,0,0,0,
30,305,303,Trel.,1078,1115,Agave grisea,0,1,0,,1,0,1,0,
30,305,303,Trel.,1095,1115,Agave shaferi,0,1,0,,1,0,1,0,
30,305,303,Trel.,1102,1115,Agave tubulata,0,1,0,,1,0,1,0,
30,305,303,Trel.,1103,1115,Agave underwoodii,0,1,0,,1,0,1,0,
30,305,303,Tod.,1105,1115,Agave wildingii,0,1,0,,1,0,1,0,
30,305,303,(Jacq.) Urb.,18988,3383,Furcraea hexapetala,0,1,0,,0,0,0,0,
30,305,303,L.,47617,7187,Yucca aloifolia,0,0,0,,0,0,0,0,
30,305,303,(Turpin) Bohley & G.Kadereit,439652,6340,Sesuvium humifusum,0,1,0,,0,0,0,0,
30,305,303,(Urb.) Bohley & G.Kadereit,439653,6340,Sesuvium rubriflorum,0,1,0,,1,0,1,0,
30,305,303,(Ruiz & Pav.) Rohrb.,19869,3487,Glinus radiatus,0,1,0,,0,0,0,0,
30,305,303,"(Walter) Britton, Sterns & Poggenb.",41343,6340,Sesuvium maritimum,0,1,0,,0,0,0,0,
30,305,303,(L.) L.,41345,6340,Sesuvium portulacastrum,0,1,0,,1,0,0,0,
30,305,303,(L.) L.,41345,6340,Sesuvium portulacastrum,0,1,0,,0,0,0,0,
30,305,303,L.,45478,6878,Trianthema portulacastrum,0,1,0,,0,0,0,0,
30,305,303,(Spreng.) Fassett,15682,3030,Echinodorus berteroi,0,1,0,,0,0,0,0,
30,305,303,(L.) Christenh. & Byng,439945,20032,Aquarius cordifolius,0,1,0,,0,0,0,0,
30,305,303,(Seub.) Christenh. & Byng,439946,20032,Aquarius floribundus,0,1,0,,0,0,0,0,
30,305,303,(Small) Christenh. & Byng,439947,20032,Aquarius grisebachii,0,1,0,,0,0,0,0,
30,305,303,(Mart. ex Schult.f.) J.G.Sm.,21116,3694,Helanthium tenellum,0,1,0,,0,0,0,0,
30,305,303,Michx.,39552,6106,Sagittaria graminea,0,1,0,,0,0,0,0,
30,305,303,Kunth,39553,6106,Sagittaria guayanensis,0,1,0,,0,0,0,0,
30,305,303,Micheli,39554,6106,Sagittaria intermedia,0,1,0,,0,0,0,0,
30,305,303,J.G.Sm.,39555,6106,Sagittaria isoetiformis,0,1,0,,0,0,0,0,
30,305,303,L.,39557,6106,Sagittaria lancifolia,0,1,0,,0,0,0,0,
30,305,303,(Tussac) Herb.,5506,1766,Bomarea edulis,0,1,0,,0,0,0,0,
30,305,303,L.,430,984,Achyranthes aspera,0,0,0,,0,0,0,0,
30,305,303,L.,430,984,Achyranthes aspera,0,0,0,,0,0,0,0,
30,305,303,(Willd.) DC.,438339,1202,Alternanthera axillaris,0,1,0,,1,0,0,0,
30,305,303,Kunth,1816,1202,Alternanthera caracasana,0,1,0,,0,0,0,0,
30,305,303,(Lam.) Standl. ex Pittier,1827,1202,Alternanthera halimifolia,0,1,0,,0,0,0,0,
30,305,303,P.Beauv.,1830,1202,Alternanthera littoralis,0,1,0,,0,0,0,0,
30,305,303,A.St.-Hil.,1834,1202,Alternanthera paronychioides,0,1,0,,0,0,0,0,
30,305,303,(L.) R.Br. ex DC.,1843,1202,Alternanthera sessilis,0,1,0,,0,0,0,0,
30,305,303,Kunth,1838,1202,Alternanthera pungens,0,1,0,,0,0,0,0,
30,305,303,(Poir.) Urb.,1842,1202,Alternanthera serpyllifolia,0,1,0,,1,0,0,0,
30,305,303,(L.) R.Br. ex DC.,1843,1202,Alternanthera sessilis,0,1,0,,0,0,0,0,
30,305,303,(Hornem.) Schult.,1846,1202,Alternanthera spinosa,0,1,0,,0,0,0,0,
30,305,303,(L.) P.Beauv.,1820,1202,Alternanthera ficoidea,0,1,0,,0,0,0,0,
30,305,303,(A.Gray) J.D.Sauer,1927,1216,Amaranthus australis,0,1,0,,0,0,0,0,
30,305,303,L.,1933,1216,Amaranthus caudatus,0,0,0,,0,0,0,0,
30,305,303,Schltdl.,1934,1216,Amaranthus crassipes,0,1,0,,0,0,0,0,
30,305,303,Hornem.,438347,1216,Amaranthus tortuosus,0,1,0,,0,0,0,0,
30,305,303,L.,1941,1216,Amaranthus hybridus,0,1,0,,0,0,0,0,
30,305,303,S.Watson,1947,1216,Amaranthus palmeri,0,1,0,,0,0,0,0,
30,305,303,L.,1948,1216,Amaranthus polygonoides,0,1,0,,0,0,0,0,
30,305,303,L.,1954,1216,Amaranthus spinosus,0,1,0,,0,0,0,0,
30,305,303,L.,1959,1216,Amaranthus viridis,0,0,0,,0,0,0,0,
30,305,303,(L.) Mears,5379,1746,Blutaparon vermiculare,0,1,0,,0,0,0,0,
30,305,303,L.,8655,2100,Celosia argentea,0,1,0,,0,0,0,0,
30,305,303,Jacq.,8662,2100,Celosia virgata,0,1,0,,0,0,0,0,
30,305,303,(Jacq.) Kunth,9119,2184,Chamissoa altissima,0,1,0,,0,0,0,0,
30,305,303,(L.) Moq.,18919,3374,Froelichia interrupta,0,1,0,,0,0,0,0,
30,305,303,L.,20074,3524,Gomphrena globosa,0,0,0,,0,0,0,0,
30,305,303,L.,20075,3524,Gomphrena serrata,0,0,0,,0,0,0,0,
30,305,303,(Standl.) Mears,20609,3584,Guilleminea brittonii,0,1,0,,1,0,1,0,
30,305,303,(Standl.) Mears,20609,3584,Guilleminea brittonii,0,1,0,,1,0,1,0,
30,305,303,Euphrasén,23495,3960,Iresine angustifolia,0,1,0,,0,0,0,0,
30,305,303,Humb. & Bonpl. ex Willd.,23496,3960,Iresine diffusa,0,1,0,,0,0,0,0,
30,305,303,Humb. & Bonpl. ex Willd.,23498,3960,Iresine flavescens,0,1,0,,0,0,0,0,
30,305,303,Humb. & Bonpl. ex Willd.,23496,3960,Iresine diffusa,0,0,0,,0,0,0,0,
30,305,303,Sw.,26382,4349,Lithophila muscoides,0,1,0,,0,0,0,0,
30,305,303,"Borsch, Flores Olv. & Kai Müll.",417929,3960,Iresine cubensis,0,1,0,,1,0,1,0,
30,305,303,L.,1962,1218,Amaryllis belladonna,0,0,0,,0,0,0,0,
30,305,303,L.,11630,2551,Crinum americanum,0,1,1,,0,0,0,0,
30,305,303,L.,11631,2551,Crinum asiaticum,0,0,0,,0,0,0,0,
30,305,303,M.Roem.,11636,2551,Crinum kunthianum,0,0,0,,0,0,0,0,
30,305,303,Urb.,11638,2551,Crinum oliganthum,0,1,0,,1,0,1,0,
30,305,303,(Linden ex Planch.) Christenh. & Byng,440074,14185,Urceolina amazonica,0,0,0,,0,0,0,0,
30,305,303,(Lam.) Voss,22151,3800,Hippeastrum puniceum,0,0,0,,0,0,0,0,
30,305,303,Northr.,22682,3894,Hymenocallis arenicola,0,1,0,,1,0,0,0,
30,305,303,(Mill.) M.Roem.,22685,3894,Hymenocallis latifolia,0,1,0,,0,0,0,0,
30,305,303,(Mill.) M.Roem.,22687,3894,Hymenocallis ovata,0,1,0,,0,0,0,0,
30,305,303,Britton & P.Wilson,22688,3894,Hymenocallis praticola,0,1,0,,1,0,1,0,
30,305,303,Baker,47730,7203,Zephyranthes citrina,0,1,0,,0,0,0,0,
30,305,303,H.H.Hume ex Moldenke,47732,7203,Zephyranthes insularum,0,1,0,,1,0,1,0,
30,305,303,Traub,47736,7203,Zephyranthes puertoricensis,0,0,0,,0,0,0,0,
30,305,303,Lindl.,47737,7203,Zephyranthes rosea,0,1,0,,0,0,0,0,
30,305,303,Baker,47739,7203,Zephyranthes wrightii,0,1,0,,1,0,1,0,
30,305,303,L.,2142,1271,Anacardium occidentale,0,0,0,,0,0,0,0,
30,305,303,Jacq.,10642,2429,Comocladia dentata,0,1,0,,1,0,0,0,
30,305,303,C.Wright ex Engl.,10651,2429,Comocladia intermedia,0,1,0,,1,0,1,0,
30,305,303,Ekman & Helwig,10653,2429,Comocladia mollifolia,0,1,0,,1,0,0,0,
30,305,303,A.Rich. ex Griseb.,10656,2429,Comocladia platyphylla,0,1,0,,1,0,1,0,
30,305,303,L.,27694,4519,Mangifera indica,0,0,0,,0,0,0,0,
30,305,303,(Jacq.) Urb.,28679,4666,Metopium brownei,0,1,0,,0,0,0,0,
30,305,303,(L.) Krug & Urb.,28680,4666,Metopium toxiferum,0,1,0,,0,0,0,0,
30,305,303,(Griseb.) Engl.,28681,4666,Metopium venosum,0,1,0,,1,0,1,0,
30,305,303,L.,38233,5999,Rhus copallinum,0,1,0,,0,0,0,0,
30,305,303,Raddi,40339,6207,Schinus terebinthifolia,0,0,0,,0,0,0,0,
30,305,303,L.,42569,6493,Spondias mombin,0,1,0,,0,0,0,0,
30,305,303,L.,42571,6493,Spondias purpurea,0,0,0,,0,0,0,0,
30,305,303,Griseb.,2452,1333,Annona cascarilloides,0,1,0,,1,0,0,0,
30,305,303,Mill.,2453,1333,Annona cherimola,0,0,0,,0,0,0,0,
30,305,303,Saff.,2454,1333,Annona crassivenia,0,1,0,,1,0,1,0,
30,305,303,(Alain) Borhidi & Moncada,2455,1333,Annona cristalensis,0,1,0,,1,0,1,0,
30,305,303,R.E.Fr.,2456,1333,Annona cubensis,0,1,0,,1,0,1,0,
30,305,303,L.,2462,1333,Annona glabra,0,1,0,,0,0,0,0,
30,305,303,R.E.Fr.,2465,1333,Annona havanensis,0,1,0,,1,0,1,0,
30,305,303,Macfad.,2469,1333,Annona montana,0,1,0,,0,0,0,0,
30,305,303,L.,2470,1333,Annona muricata,0,0,0,,0,0,0,0,
30,305,303,Alain,2471,1333,Annona nipensis,0,1,0,,1,0,1,0,
30,305,303,L.,2474,1333,Annona reticulata,0,0,0,,0,0,0,0,
30,305,303,L.,2479,1333,Annona squamosa,0,0,0,,0,0,0,0,
30,305,303,(A.Rich.) R.E.Fr.,14049,2798,Desmopsis neglecta,0,1,0,,1,0,1,0,
30,305,303,(Griseb.) Urb.,20511,3579,Guatteria blainii,0,1,0,,1,0,0,0,
30,305,303,(Griseb.) Urb.,20511,3579,Guatteria blainii,0,1,0,,1,0,1,0,
30,305,303,A.St.-Hil.,20510,3579,Guatteria australis,0,1,0,,1,0,1,0,
30,305,303,(Sw.) Baill.,31552,5198,Oxandra lanceolata,0,1,0,,1,0,0,0,
30,305,303,(Sw.) A.Rich.,31553,5198,Oxandra laurifolia,0,1,0,,1,0,0,0,
30,305,303,Borhidi & E.Del-Risco,47503,7177,Xylopia acunae,0,1,0,,1,0,1,0,
30,305,303,(Lam.) Mart.,47506,7177,Xylopia aromatica,0,1,0,,0,0,0,0,
30,305,303,R.E.Fr.,47509,7177,Xylopia ekmanii,0,1,0,,1,0,1,0,
30,305,303,Aubl.,47511,7177,Xylopia frutescens,0,1,0,,0,0,0,0,
30,305,303,(A.DC.) A.Rich.,443157,7177,Xylopia obtusifolia,0,1,0,,1,0,1,0,
30,305,303,P.Wilson,47521,7177,Xylopia roigii,0,1,0,,1,0,1,0,
30,305,303,L.,2025,1234,Ammi majus,0,0,0,,0,0,0,0,
30,305,303,L.,2307,1307,Anethum graveolens,0,0,0,,0,0,0,0,
30,305,303,Bancr.,47912,7226,Arracacia xanthorrhiza,0,0,0,,0,0,0,0,
30,305,303,Griseb.,3601,1500,Asciadium coronopifolium,0,1,0,,1,0,1,0,
30,305,303,(L.) Urb.,8775,2107,Centella asiatica,0,1,0,,0,0,0,0,
30,305,303,L.,11085,2478,Coriandrum sativum,0,0,0,,0,0,0,0,
30,305,303,(Pers.) Sprague ex Britton & P.Wilson,12632,2640,Cyclospermum leptophyllum,0,0,0,,0,0,0,0,
30,305,303,L.,13476,2735,Daucus carota,0,0,0,,0,0,0,0,
30,305,303,L.,17037,3192,Eryngium foetidum,0,1,0,,0,0,0,0,
30,305,303,Juss. ex F.Delaroche,17042,3192,Eryngium nasturtiifolium,0,1,0,,1,0,1,0,
30,305,303,Mill.,18773,3346,Foeniculum vulgare,0,0,0,,0,0,0,0,
30,305,303,Comm. ex Lam.,22603,3883,Hydrocotyle bonariensis,0,1,0,,0,0,0,0,
30,305,303,Sw.,22622,3883,Hydrocotyle hirsuta,0,1,0,,1,0,0,0,
30,305,303,Sw.,22622,3883,Hydrocotyle hirsuta,0,1,0,,1,0,0,0,
30,305,303,Urb.,22634,3883,Hydrocotyle oligantha,0,1,0,,1,0,1,0,
30,305,303,A.Rich.,22636,3883,Hydrocotyle pusilla,0,1,0,,0,0,0,0,
30,305,303,C.Wright,22637,3883,Hydrocotyle pygmaea,0,1,0,,1,0,1,0,
30,305,303,L.f.,22639,3883,Hydrocotyle ranunculoides,0,1,0,,0,0,0,0,
30,305,303,L.,22645,3883,Hydrocotyle umbellata,0,1,0,,0,0,0,0,
30,305,303,Thunb.,22646,3883,Hydrocotyle verticillata,0,1,0,,1,0,1,0,
30,305,303,Thunb.,22646,3883,Hydrocotyle verticillata,0,1,0,,0,0,0,0,
30,305,303,Comm. ex Lam.,22603,3883,Hydrocotyle bonariensis,0,1,0,,0,0,0,0,
30,305,303,(Walter) Feist & S.R.Downie,345448,15828,Tiedemannia filiformis,0,1,0,,0,0,0,0,
30,305,303,L.,32379,5318,Pastinaca sativa,0,0,0,,0,0,0,0,
30,305,303,L.,1463,1167,Allamanda cathartica,0,0,0,,0,0,0,0,
30,305,303,(Aubl.) Urb.,2263,1300,Anechites nerium,0,1,0,,0,0,0,0,
30,305,303,(A.DC.) Miers,2309,1309,Angadenia berteroi,0,1,0,,0,0,0,0,
30,305,303,(Müll.Arg.) Miers,2310,1309,Angadenia lindeniana,0,1,0,,1,0,0,0,
30,305,303,(A.Rich.) Woodson,3614,1505,Asketanthera calycosa,0,1,0,,1,0,1,0,
30,305,303,L.,7449,1975,Cameraria latifolia,0,1,0,,0,0,0,0,
30,305,303,Britton,7451,1975,Cameraria microphylla,0,1,0,,1,0,1,0,
30,305,303,Alain,7452,1975,Cameraria obovalis,0,1,0,,1,0,1,0,
30,305,303,Griseb.,7454,1975,Cameraria retusa,0,1,0,,1,0,1,0,
30,305,303,(L.) G.Don,8525,2078,Catharanthus roseus,0,0,0,,0,0,0,0,
30,305,303,Jacq.,15709,3038,Echites umbellatus,0,1,0,,0,0,0,0,
30,305,303,Jacq.,15709,3038,Echites umbellatus,0,1,0,,0,0,0,0,
30,305,303,(Jacq.) G.Mey.,18803,3358,Forsteronia spicata,0,1,0,,1,0,1,0,
30,305,303,A.DC.,20936,3657,Haplophyton cimicidum,0,0,0,,0,0,0,0,
30,305,303,(Jacq.) Woodson,27675,4515,Mandevilla torosa,0,1,0,,0,0,0,0,
30,305,303,(Britton & P.Wilson) Woodson,28612,4650,Mesechites minimus,0,1,0,,1,0,1,0,
30,305,303,(Jacq.) Miers,28613,4650,Mesechites repens,0,1,0,,1,0,0,0,
30,305,303,(A.DC.) Miers,28614,4650,Mesechites roseus,0,1,0,,1,0,1,0,
30,305,303,Britton,30102,4923,Neobracea angustifolia,0,1,0,,1,0,1,0,
30,305,303,(Britton) Britton,30103,4923,Neobracea bahamensis,0,1,0,,1,0,0,0,
30,305,303,Urb.,30104,4923,Neobracea ekmanii,0,1,0,,1,0,1,0,
30,305,303,Woodson,30105,4923,Neobracea howardii,0,1,0,,1,0,1,0,
30,305,303,Borhidi & O.Muñiz,30106,4923,Neobracea martiana,0,1,0,,1,0,1,0,
30,305,303,Borhidi & O.Muñiz,30106,4923,Neobracea martiana,0,1,0,,1,0,1,0,
30,305,303,Borhidi,30107,4923,Neobracea susannina,0,1,0,,1,0,1,0,
30,305,303,(A.Rich.) Urb.,30108,4923,Neobracea valenzuelana,0,1,0,,1,0,1,0,
30,305,303,L.,30279,4972,Nerium oleander,0,0,0,,0,0,0,0,
30,305,303,(L.) B.F.Hansen & Wunderlin,32639,5368,Pentalinon luteum,0,1,0,,0,0,0,0,
30,305,303,Griseb.,441886,5659,Plumeria clusioides,0,1,0,,1,0,1,0,
30,305,303,Griseb.,35162,5659,Plumeria filifolia,0,1,0,,1,0,1,0,
30,305,303,Britton,441890,5659,Plumeria lanata,0,1,0,,1,0,1,0,
30,305,303,Britton & P.Wilson,441891,5659,Plumeria montana,0,1,0,,1,0,1,0,
30,305,303,L.,35164,5659,Plumeria obtusa,0,1,0,,0,0,0,0,
30,305,303,L.,35166,5659,Plumeria rubra,0,0,0,,0,0,0,0,
30,305,303,Britton,441893,5659,Plumeria trinitensis,0,1,0,,1,0,1,0,
30,305,303,G.Lodd.,441894,5659,Plumeria tuberculata,0,1,0,,1,0,0,0,
30,305,303,A.DC.,37916,5934,Rauvolfia cubana,0,1,0,,1,0,1,0,
30,305,303,Roem. & Schult.,37918,5934,Rauvolfia ligustrina,0,1,0,,0,0,0,0,
30,305,303,Britton & P.Wilson,37919,5934,Rauvolfia linearifolia,0,1,0,,1,0,1,0,
30,305,303,Jacq.,37920,5934,Rauvolfia nitida,0,1,0,,1,0,0,0,
30,305,303,Griseb.,37923,5934,Rauvolfia salicifolia,0,1,0,,1,0,1,0,
30,305,303,(Jacq.) Müll.Arg.,38036,5963,Rhabdadenia biflora,0,1,0,,0,0,0,0,
30,305,303,(Griseb.) Benth. ex B.D.Jacks.,43151,6583,Strempeliopsis strempelioides,0,1,0,,1,0,1,0,
30,305,303,C.Wright,43764,6656,Tabernaemontana apoda,0,1,0,,1,0,1,0,
30,305,303,L.,43768,6656,Tabernaemontana citrifolia,0,1,0,,0,0,0,0,
30,305,303,Woodson,46400,7035,Vallesia antillana,0,1,0,,0,0,0,0,
30,305,303,Urb.,46402,7035,Vallesia montana,0,1,0,,1,0,0,0,
30,305,303,L.,23110,3938,Ilex cassine,0,1,0,,0,0,0,0,
30,305,303,Britton & P.Wilson,23116,3938,Ilex clementis,0,1,0,,1,0,0,0,
30,305,303,Loes.,23122,3938,Ilex cubana,0,1,0,,1,0,0,0,
30,305,303,Loes.,23139,3938,Ilex gundlachiana,0,1,0,,1,0,1,0,
30,305,303,Loes.,23145,3938,Ilex hypaneura,0,1,0,,1,0,1,0,
30,305,303,(Walp.) Rehder,23161,3938,Ilex macfadyenii,0,1,0,,1,0,0,0,
30,305,303,Sw.,23178,3938,Ilex obcordata,0,1,0,,1,0,0,0,
30,305,303,Alain,23207,3938,Ilex victorinii,0,1,0,,1,0,1,0,
30,305,303,Schott,1169,1123,Aglaonema commutatum,0,0,0,,0,0,0,0,
30,305,303,(L.) G.Don,1665,1186,Alocasia macrorrhizos,0,0,0,,0,0,0,0,
30,305,303,(L.) G.Don,1665,1186,Alocasia macrorrhizos,1,0,0,,0,0,0,0,
30,305,303,Linden ex André,2557,1353,Anthurium andraeanum,0,0,0,,0,0,0,0,
30,305,303,Engl.,2561,1353,Anthurium cubense,0,1,0,,0,0,0,0,
30,305,303,Griseb.,2566,1353,Anthurium gymnopus,0,1,0,,1,0,1,0,
30,305,303,(Aubl.) Engl.,2572,1353,Anthurium scandens,0,1,0,,0,0,0,0,
30,305,303,Griseb.,2576,1353,Anthurium venosum,0,1,0,,1,0,0,0,
30,305,303,(Aiton) Vent.,6562,1908,Caladium bicolor,0,0,0,,0,0,0,0,
30,305,303,(L.) Schott,10522,2409,Colocasia esculenta,0,0,0,,0,0,0,0,
30,305,303,(Jacq.) Schott,14276,2846,Dieffenbachia seguine,0,1,0,,0,0,0,0,
30,305,303,(L.) Engl.,16623,3141,Epipremnum pinnatum,0,0,0,,0,0,0,0,
30,305,303,Liebm.,29347,4788,Monstera deliciosa,0,0,0,,0,0,0,0,
30,305,303,Schott,33216,5464,Philodendron consanguineum,0,1,0,,1,0,0,0,
30,305,303,(Jacq.) Schott,33222,5464,Philodendron hederaceum,0,1,0,,0,0,0,0,
30,305,303,(Jacq.) Schott,33223,5464,Philodendron lacerum,0,1,0,,1,0,0,0,
30,305,303,L.,34578,5579,Pistia stratiotes,0,1,0,,0,0,0,0,
30,305,303,(L.) Schott,43482,6647,Syngonium auritum,0,1,0,,1,0,0,0,
30,305,303,Schott,43483,6647,Syngonium podophyllum,0,0,0,,0,0,0,0,
30,305,303,(Schott) Schott,47439,7161,Xanthosoma cubense,0,1,0,,1,0,1,0,
30,305,303,(L.) Schott,47442,7161,Xanthosoma sagittifolium,0,0,0,,0,0,0,0,
30,305,303,(L.) Schott,47442,7161,Xanthosoma sagittifolium,0,0,0,,0,0,0,0,
30,305,303,(L.) Decne. & Planch.,13769,2775,Dendropanax arboreus,0,1,0,,0,0,0,0,
30,305,303,(C.Wright ex Griseb.) Seem.,13773,2775,Dendropanax cuneifolius,0,1,0,,1,0,1,0,
30,305,303,(Urb. & Ekman) A.C.Sm.,13781,2775,Dendropanax nervosus,0,1,0,,1,0,1,0,
30,305,303,(Jacq.) Decne. & Planch.,31195,5136,Oreopanax capitatus,0,1,0,,0,0,0,0,
30,305,303,(André) L.H.Bailey,35651,5708,Polyscias balfouriana,0,0,0,,0,0,0,0,
30,305,303,(Griseb. & H.Wendl.) H.Wendl. ex Becc.,438175,19961,Acoelorraphe wrightii,0,1,0,,0,0,0,0,
30,305,303,(Jacq.) Lodd. ex R.Keith,594,1015,Acrocomia aculeata,0,1,0,,0,0,0,0,
30,305,303,Burret,4501,1596,Bactris cubensis,0,1,0,,1,0,1,0,
30,305,303,(Sw.) H.E.Moore,7401,1968,Calyptronoma occidentalis,0,1,0,,1,0,0,0,
30,305,303,León,10308,2363,Coccothrinax acunana,0,1,0,,1,0,1,0,
30,305,303,León,10309,2363,Coccothrinax alexandri,0,1,0,,1,0,1,0,
30,305,303,León,10309,2363,Coccothrinax alexandri,0,1,0,,1,0,1,0,
30,305,303,(Lodd. ex Schult. & Schult.f.) Sarg. ex K.Schum.,10312,2363,Coccothrinax argentea,0,0,0,,0,0,0,0,
30,305,303,Borhidi & O.Muñiz,10313,2363,Coccothrinax baracoensis,0,1,0,,1,0,1,0,
30,305,303,León,10315,2363,Coccothrinax bermudezii,0,1,0,,1,0,1,0,
30,305,303,Borhidi & O.Muñiz,10318,2363,Coccothrinax camagueyana,0,1,0,,1,0,1,0,
30,305,303,León,10319,2363,Coccothrinax clarensis,0,1,0,,1,0,1,0,
30,305,303,León,10319,2363,Coccothrinax clarensis,0,1,0,,1,0,1,0,
30,305,303,(R.D.Hoyt) Becc.,10321,2363,Coccothrinax crinita,0,1,0,,1,0,1,0,
30,305,303,(R.D.Hoyt) Becc.,10321,2363,Coccothrinax crinita,0,1,0,,1,0,1,0,
30,305,303,(León) O.Muñiz & Borhidi,10322,2363,Coccothrinax cupularis,0,1,0,,1,0,1,0,
30,305,303,O.Muñiz & Borhidi,10324,2363,Coccothrinax elegans,0,1,0,,1,0,1,0,
30,305,303,Borhidi & O.Muñiz,10325,2363,Coccothrinax fagildei,0,1,0,,1,0,1,0,
30,305,303,Burret,10326,2363,Coccothrinax fragrans,0,1,0,,1,0,0,0,
30,305,303,León,10327,2363,Coccothrinax garciana,0,1,0,,1,0,1,0,
30,305,303,(León) O.Muñiz & Borhidi,10329,2363,Coccothrinax guantanamensis,0,1,0,,1,0,1,0,
30,305,303,León,10330,2363,Coccothrinax gundlachii,0,1,0,,1,0,1,0,
30,305,303,León,10331,2363,Coccothrinax hioramii,0,1,0,,1,0,1,0,
30,305,303,O.Muñiz & Borhidi,10334,2363,Coccothrinax leonis,0,1,0,,1,0,1,0,
30,305,303,León,10335,2363,Coccothrinax litoralis,0,1,0,,1,0,1,0,
30,305,303,(León) O.Muñiz & Borhidi,10336,2363,Coccothrinax macroglossa,0,1,0,,1,0,1,0,
30,305,303,Borhidi & O.Muñiz,10337,2363,Coccothrinax microphylla,0,1,0,,1,0,1,0,
30,305,303,Sarg. ex Becc.,439341,2363,Coccothrinax acuminata,0,1,0,,1,0,1,0,
30,305,303,(Kunth) Becc.,10338,2363,Coccothrinax miraguama,0,1,0,,1,0,1,0,
30,305,303,(Kunth) Becc.,10338,2363,Coccothrinax miraguama,0,1,0,,1,0,1,0,
30,305,303,(Borhidi & O.Muñiz) O.Muñiz,10339,2363,Coccothrinax moaensis,0,1,0,,1,0,1,0,
30,305,303,León,10342,2363,Coccothrinax muricata,0,1,0,,1,0,1,0,
30,305,303,Borhidi & O.Muñiz,10343,2363,Coccothrinax nipensis,0,1,0,,1,0,1,0,
30,305,303,(León) O.Muñiz & Borhidi,10344,2363,Coccothrinax orientalis,0,1,0,,1,0,1,0,
30,305,303,Burret,10345,2363,Coccothrinax pauciramosa,0,1,0,,1,0,1,0,
30,305,303,León,10347,2363,Coccothrinax pseudorigida,0,1,0,,1,0,1,0,
30,305,303,(Griseb. & H.Wendl.) Becc.,10349,2363,Coccothrinax rigida,0,1,0,,1,0,1,0,
30,305,303,León,10350,2363,Coccothrinax salvatoris,0,1,0,,1,0,1,0,
30,305,303,León,10352,2363,Coccothrinax saxicola,0,1,0,,1,0,1,0,
30,305,303,León,10350,2363,Coccothrinax salvatoris,0,1,0,,1,0,1,0,
30,305,303,Borhidi & O.Muñiz,10356,2363,Coccothrinax trinitensis,0,1,0,,1,0,1,0,
30,305,303,León,439342,2363,Coccothrinax victorinii,0,1,0,,1,0,1,0,
30,305,303,Borhidi & O.Muñiz,10358,2363,Coccothrinax yunquensis,0,1,0,,1,0,1,0,
30,305,303,León,10359,2363,Coccothrinax yuraguana,0,1,0,,1,0,1,0,
30,305,303,L.,10387,2371,Cocos nucifera,0,0,0,,0,0,0,0,
30,305,303,Schaedtler,10525,2412,Colpothrinax wrightii,0,1,0,,1,0,1,0,
30,305,303,León,10800,2460,Copernicia baileyana,0,1,0,,1,0,1,0,
30,305,303,León,10802,2460,Copernicia brittonorum,0,1,0,,1,0,1,0,
30,305,303,León,10820,2460,Copernicia × burretiana,0,1,0,,1,0,1,0,
30,305,303,Britton & P.Wilson,10803,2460,Copernicia cowellii,0,1,0,,1,0,1,0,
30,305,303,León,10804,2460,Copernicia curbeloi,0,1,0,,1,0,1,0,
30,305,303,Becc.,10805,2460,Copernicia curtissii,0,1,0,,1,0,1,0,
30,305,303,León,10807,2460,Copernicia fallaensis,0,1,0,,1,0,1,0,
30,305,303,Ekman ex Burret,10808,2460,Copernicia gigas,0,1,0,,1,0,1,0,
30,305,303,H.Wendl. ex Becc.,10809,2460,Copernicia glabrescens,0,1,0,,1,0,1,0,
30,305,303,H.Wendl. ex Becc.,10809,2460,Copernicia glabrescens,0,1,0,,1,0,1,0,
30,305,303,Mart.,10810,2460,Copernicia hospita,0,1,0,,1,0,1,0,
30,305,303,León,10811,2460,Copernicia humicola,0,1,0,,1,0,1,0,
30,305,303,León,10812,2460,Copernicia longiglossa,0,1,0,,1,0,1,0,
30,305,303,Schaedtler,10813,2460,Copernicia macroglossa,0,1,0,,1,0,1,0,
30,305,303,León,439401,2460,Copernicia molinetii,0,1,0,,1,0,1,0,
30,305,303,León,10821,2460,Copernicia × occidentalis,0,1,0,,1,0,1,0,
30,305,303,Burret,10815,2460,Copernicia oxycalyx,0,1,0,,1,0,1,0,
30,305,303,Britton & P.Wilson,10817,2460,Copernicia rigida,0,1,0,,1,0,1,0,
30,305,303,León,10818,2460,Copernicia roigii,0,1,0,,1,0,1,0,
30,305,303,León,10823,2460,Copernicia × sueroana,0,1,0,,1,0,1,0,
30,305,303,León,10824,2460,Copernicia × textilis,0,1,0,,1,0,1,0,
30,305,303,Burret,10826,2460,Copernicia yarey,0,1,0,,1,0,1,0,
30,305,303,Burret,10826,2460,Copernicia yarey,0,1,0,,1,0,1,0,
30,305,303,H.Wendl.,19425,3427,Gaussia princeps,0,1,0,,1,0,1,0,
30,305,303,(Griseb. & H.Wendl.) Hook.f. ex Salomon,21417,3734,Hemithrinax compacta,0,1,0,,1,0,1,0,
30,305,303,Burret,21418,3734,Hemithrinax ekmaniana,0,1,0,,1,0,1,0,
30,305,303,León,21419,3734,Hemithrinax rivularis,0,1,0,,1,0,1,0,
30,305,303,(Willd.) H.E.Moore,36184,5752,Prestoea acuminata,0,1,0,,1,0,0,0,
30,305,303,León,38784,6063,Roystonea lenis,0,1,0,,1,0,1,0,
30,305,303,(Kunth) O.F.Cook,38788,6063,Roystonea regia,0,1,0,,0,0,0,0,
30,305,303,León,38789,6063,Roystonea stellata,0,1,0,,1,0,1,0,
30,305,303,León,38790,6063,Roystonea violacea,0,1,0,,1,0,1,0,
30,305,303,Becc.,39472,6090,Sabal domingensis,0,1,0,,1,0,0,0,
30,305,303,C.Wright ex Becc.,39478,6090,Sabal yapa,0,1,0,,0,0,0,0,
30,305,303,(H.Wendl.) C.Lewis & Zona,25654,4293,Leucothrinax morrisii,0,1,0,,0,0,0,0,
30,305,303,Lodd. ex Schult. & Schult.f.,45039,6782,Thrinax radiata,0,1,0,,0,0,0,0,
30,305,303,R.Rankin,3265,1466,Aristolochia baracoensis,0,1,0,,1,0,1,0,
30,305,303,L.,3267,1466,Aristolochia bilabiata,0,1,0,,1,0,0,0,
30,305,303,Alain,3274,1466,Aristolochia clementis,0,1,0,,1,0,1,0,
30,305,303,Parodi,3302,1466,Aristolochia littoralis,0,0,0,,0,0,0,0,
30,305,303,Sw.,3291,1466,Aristolochia grandiflora,0,0,0,,0,0,0,0,
30,305,303,Duch.,3300,1466,Aristolochia lindeniana,0,1,0,,1,0,1,0,
30,305,303,Duch.,3300,1466,Aristolochia lindeniana,0,1,0,,1,0,1,0,
30,305,303,C.Wright ex Griseb.,3301,1466,Aristolochia linearifolia,0,1,0,,1,0,0,0,
30,305,303,Jacq.,3309,1466,Aristolochia oblongata,0,1,0,,1,0,0,0,
30,305,303,Jacq.,3309,1466,Aristolochia oblongata,0,1,0,,1,0,0,0,
30,305,303,L.,3315,1466,Aristolochia peltata,0,1,0,,1,0,0,0,
30,305,303,Jacq.,3316,1466,Aristolochia pentandra,0,1,0,,0,0,0,0,
30,305,303,Vahl,3321,1466,Aristolochia ringens,0,0,0,,0,0,0,0,
30,305,303,A.Rich.,3335,1466,Aristolochia tigrina,0,1,0,,1,0,1,0,
30,305,303,L.,3337,1466,Aristolochia trilobata,0,1,0,,0,0,0,0,
30,305,303,L.,3603,1501,Asclepias curassavica,0,1,0,,0,0,0,0,
30,305,303,L.,3607,1501,Asclepias nivea,0,1,0,,0,0,0,0,
30,305,303,(Aiton) W.T.Aiton,7177,1953,Calotropis procera,0,0,0,,0,0,0,0,
30,305,303,Roxb. ex R.Br.,12020,2586,Cryptostegia grandiflora,0,0,0,,0,0,0,0,
30,305,303,(Sw.) K.Schum.,440159,3331,Fischeria crispiflora,0,1,0,,1,0,0,0,
30,305,303,(Jacq.) Schltr.,440173,9211,Funastrum clausum,0,1,0,,0,0,0,0,
30,305,303,Schltr.,20124,3535,Gonolobus bakeri,0,1,0,,1,0,1,0,
30,305,303,Griseb.,20139,3535,Gonolobus stephanotrichus,0,1,0,,1,0,0,0,
30,305,303,R.Br. ex J.Traill,22393,3855,Hoya australis,0,0,0,,0,0,0,0,
30,305,303,"(R.Br.) Liede, S.Reuss & Meve",441067,20055,Ruehssia clausa,0,1,0,,1,0,0,0,
30,305,303,"(Turcz.) Liede, S.Reuss & Meve",441068,20055,Ruehssia cubensis,0,1,0,,1,0,1,0,
30,305,303,"(C.Wright ex Griseb.) Liede, S.Reuss & Meve",441071,20055,Ruehssia fusca,0,1,0,,1,0,0,0,
30,305,303,"(Decne.) Liede, S.Reuss & Meve",441072,20055,Ruehssia linearis,0,1,0,,1,0,0,0,
30,305,303,"(A.Rich.) Liede, S.Reuss & Meve",441073,20055,Ruehssia longiflora,0,1,0,,1,0,1,0,
30,305,303,"(Alain) Liede, S.Reuss & Meve",441074,20055,Ruehssia micrantha,0,1,0,,1,0,1,0,
30,305,303,"(A.Rich.) Liede, S.Reuss & Meve",441076,20055,Ruehssia saturejifolia,0,1,0,,1,0,0,0,
30,305,303,"(Griseb.) Liede, S.Reuss & Meve",441077,20055,Ruehssia umbellata,0,1,0,,1,0,1,0,
30,305,303,"(Griseb.) Liede, S.Reuss & Meve",441078,20055,Ruehssia vinciflora,0,1,0,,1,0,1,0,
30,305,303,(Griseb.) Woodson,27908,4565,Matelea acuminata,0,1,0,,1,0,1,0,
30,305,303,Woodson,27909,4565,Matelea alainii,0,1,0,,1,0,1,0,
30,305,303,(Griseb.) Woodson,27939,4565,Matelea tigrina,0,1,0,,1,0,1,0,
30,305,303,(Britton & P.Wilson) Woodson,27912,4565,Matelea bicolor,0,1,0,,1,0,1,0,
30,305,303,(Urb.) Woodson,27919,4565,Matelea ekmanii,0,1,0,,1,0,1,0,
30,305,303,(Schltr.) Alain,441085,4565,Matelea grisebachiana,0,1,0,,1,0,1,0,
30,305,303,(Jacq.) Decne.,441086,11069,Ibatia maritima,0,1,0,,0,0,0,0,
30,305,303,Griseb.,441087,11069,Ibatia mollis,0,1,0,,1,0,1,0,
30,305,303,(Urb.) Woodson,27926,4565,Matelea nipensis,0,1,0,,1,0,1,0,
30,305,303,(Griseb.) Schltr.,441088,20057,Ptycanthera oblongata,0,1,0,,1,0,1,0,
30,305,303,(Griseb.) Schltr.,441089,20057,Ptycanthera ovatifolia,0,1,0,,1,0,1,0,
30,305,303,(Griseb.) Woodson,27938,4565,Matelea tamnifolia,0,1,0,,1,0,1,0,
30,305,303,(Griseb.) Woodson,27939,4565,Matelea tigrina,0,1,0,,1,0,1,0,
30,305,303,Griseb.,441173,4662,Metastelma brachystephanum,0,1,0,,1,0,1,0,
30,305,303,Decne.,28651,4662,Metastelma cubense,0,1,0,,1,0,1,0,
30,305,303,Schltr.,441175,4662,Metastelma decipiens,0,1,0,,1,0,0,0,
30,305,303,"(Schltr.) Mangelsdorff, Meve & Liede",441177,20058,Anemotrochus eggersii,0,1,0,,1,0,0,0,
30,305,303,"(C.Wright) Mangelsdorff, Meve & Liede",441178,20061,Tylodontia fuscula,0,1,0,,1,0,1,0,
30,305,303,(Nutt.) Liede & Meve,31341,5163,Orthosia scoparia,0,1,0,,1,0,0,0,
30,305,303,Bello,28656,4662,Metastelma lineare,0,1,0,,1,0,0,0,
30,305,303,Schltr.,441185,4662,Metastelma northropiae,0,1,0,,0,0,0,0,
30,305,303,Griseb.,441187,4662,Metastelma penicillatum,0,1,0,,1,0,0,0,
30,305,303,(Alain) Liede,28663,4662,Metastelma pubipetalum,0,1,0,,1,0,1,0,
30,305,303,Schltr.,441189,4662,Metastelma readii,0,1,0,,1,0,0,0,
30,305,303,Urb.,441190,4662,Metastelma rupicola,0,1,0,,1,0,1,0,
30,305,303,Schltr.,441193,4662,Metastelma urbanianum,0,1,0,,1,0,1,0,
30,305,303,(Vent.) Schltr.,31590,5209,Oxypetalum cordifolium,0,1,0,,0,0,0,0,
30,305,303,(L.) A.Chev.,11062,2473,Cordyline fruticosa,0,0,0,,0,0,0,0,
30,305,303,DC.,362,973,Acanthospermum hispidum,0,1,0,,0,0,0,0,
30,305,303,(Sw.) DC.,363,973,Acanthospermum humile,0,1,0,,0,0,0,0,
30,305,303,L.,418,979,Achillea millefolium,0,1,0,,0,0,0,0,
30,305,303,(L.) R.K.Jansen,555,1000,Acmella oleracea,0,0,0,,0,0,0,0,
30,305,303,(Jacq.) R.K.Jansen,559,1000,Acmella radicans,0,0,0,,0,0,0,0,
30,305,303,Cass.,767,1064,Adenostemma brasilianum,0,1,0,,0,0,0,0,
30,305,303,Kuntze,773,1064,Adenostemma verbesina,0,1,0,,0,0,0,0,
30,305,303,L.,1130,1119,Ageratum conyzoides,0,1,0,,0,0,0,0,
30,305,303,Mill.,1131,1119,Ageratum houstonianum,0,0,0,,0,0,0,0,
30,305,303,Kunth,1133,1119,Ageratum maritimum,0,1,0,,0,0,0,0,
30,305,303,Pursh,1988,1225,Ambrosia hispida,0,1,0,,0,0,0,0,
30,305,303,Kunth,438355,1225,Ambrosia cumanensis,0,1,0,,0,0,0,0,
30,305,303,O.E.Schulz,1998,1225,Ambrosia velutina,0,1,0,,1,0,0,0,
30,305,303,(B.L.Rob.) R.M.King & H.Rob.,2629,1361,Antillia brachychaeta,0,1,0,,1,0,1,0,
30,305,303,Vahl,4465,1594,Baccharis dioica,0,1,0,,0,0,0,0,
30,305,303,Pers.,4467,1594,Baccharis glomeruliflora,0,1,0,,0,0,0,0,
30,305,303,L.,4470,1594,Baccharis halimifolia,0,1,0,,0,0,0,0,
30,305,303,Urb.,4473,1594,Baccharis nipensis,0,1,0,,1,0,1,0,
30,305,303,Alain,4474,1594,Baccharis orientalis,0,1,0,,1,0,1,0,
30,305,303,Sw.,4481,1594,Baccharis scoparia,0,1,0,,1,0,0,0,
30,305,303,Griseb.,4482,1594,Baccharis scoparioides,0,1,0,,1,0,1,0,
30,305,303,Britton,4483,1594,Baccharis shaferi,0,1,0,,1,0,1,0,
30,305,303,(C.Wright) B.L.Turner,5062,1699,Berylsimpsonia vanillosma,0,1,0,,1,0,0,0,
30,305,303,(L.) DC.,5093,1708,Bidens alba,0,1,0,,0,0,0,0,
30,305,303,Kunth,5113,1708,Bidens cynapiifolia,0,1,0,,0,0,0,0,
30,305,303,"(L.) Britton, Sterns & Poggenb.",5128,1708,Bidens laevis,0,1,0,,0,0,0,0,
30,305,303,Sherff,5136,1708,Bidens mitis,0,0,0,,0,0,0,0,
30,305,303,L.,5140,1708,Bidens pilosa,0,1,0,,0,0,0,0,
30,305,303,L.,5140,1708,Bidens pilosa,0,1,0,,1,0,1,0,
30,305,303,(L.) DC.,5093,1708,Bidens alba,0,1,0,,0,0,0,0,
30,305,303,G.Don,5146,1708,Bidens reptans,0,1,0,,0,0,0,0,
30,305,303,DC.,5153,1708,Bidens subalternans,0,0,0,,0,0,0,0,
30,305,303,O.E.Schulz,438724,1708,Bidens tenera,0,1,0,,1,0,1,0,
30,305,303,G.Don,5146,1708,Bidens reptans,0,1,0,,0,0,0,0,
30,305,303,(L.) DC.,5562,1782,Borrichia arborescens,0,1,0,,0,0,0,0,
30,305,303,(L.) DC.,5562,1782,Borrichia arborescens,0,1,0,,0,0,0,0,
30,305,303,(Vahl) A.Gray,5850,1830,Brickellia diffusa,0,1,0,,0,0,0,0,
30,305,303,Less.,7242,1963,Calyptocarpus vialis,0,1,0,,0,0,0,0,
30,305,303,Britton & P.Wilson,9127,2187,Chaptalia comptonioides,0,1,0,,1,0,1,0,
30,305,303,Urb.,9128,2187,Chaptalia crassiuscula,0,1,0,,1,0,1,0,
30,305,303,Cass.,9130,2187,Chaptalia dentata,0,1,0,,0,0,0,0,
30,305,303,Urb.,9134,2187,Chaptalia ekmanii,0,1,0,,1,0,1,0,
30,305,303,Urb.,9137,2187,Chaptalia leptophylla,0,1,0,,1,0,1,0,
30,305,303,Urb.,9138,2187,Chaptalia media,0,1,0,,1,0,1,0,
30,305,303,Britton,9140,2187,Chaptalia montana,0,1,0,,1,0,1,0,
30,305,303,Urb.,9142,2187,Chaptalia nipensis,0,1,0,,1,0,1,0,
30,305,303,(L.) Pol.,9143,2187,Chaptalia nutans,0,1,0,,0,0,0,0,
30,305,303,C.Wright,9144,2187,Chaptalia obovata,0,1,0,,1,0,1,1,
30,305,303,(Sw.) Fawc.,9145,2187,Chaptalia pumila,0,1,0,,1,0,0,0,
30,305,303,Britton & P.Wilson,9146,2187,Chaptalia rocana,0,1,0,,1,0,1,0,
30,305,303,Britton & P.Wilson,9147,2187,Chaptalia shaferi,0,1,0,,1,0,1,0,
30,305,303,Urb.,9148,2187,Chaptalia stenocephala,0,1,0,,1,0,1,0,
30,305,303,Borhidi & O.Muñiz,9150,2187,Chaptalia turquinensis,0,1,0,,1,0,1,0,
30,305,303,(L.) Vatke,9523,2260,Chrysanthellum americanum,0,1,0,,0,0,0,0,
30,305,303,Urb.,9594,2287,Ciceronia chaptalioides,0,1,0,,1,0,1,0,
30,305,303,DC.,9680,2299,Cirsium mexicanum,0,0,0,,0,0,0,0,
30,305,303,(Aubl.) Baill.,10088,2338,Clibadium sylvestre,0,0,0,,0,0,0,0,
30,305,303,(Sw.) DC.,10089,2338,Clibadium terebinthinaceum,0,1,0,,0,0,0,0,
30,305,303,L.,16803,3164,Erigeron bonariensis,0,1,0,,0,0,0,0,
30,305,303,Nutt.,11081,2476,Coreopsis rosea,0,0,0,,0,0,0,0,
30,305,303,Cav.,11264,2511,Cosmos bipinnatus,0,0,0,,0,0,0,0,
30,305,303,Kunth,11265,2511,Cosmos caudatus,0,0,0,,0,0,0,0,
30,305,303,Cav.,11266,2511,Cosmos sulphureus,0,0,0,,0,0,0,0,
30,305,303,(L.) H.Rob.,12378,2619,Cyanthillium cinereum,0,0,0,,0,0,0,0,
30,305,303,L.,12750,2652,Cynara cardunculus,0,0,0,,0,0,0,0,
30,305,303,Cav.,13348,2705,Dahlia pinnata,0,0,0,,0,0,0,0,
30,305,303,(L.) L.,15750,3040,Eclipta prostrata,0,1,0,,0,0,0,0,
30,305,303,(Sw.) Kuntze,15758,3047,Egletes prostrata,0,0,0,,0,0,0,0,
30,305,303,(L.) Less.,15759,3047,Egletes viscosa,0,0,0,,0,0,0,0,
30,305,303,Gleason,15801,3052,Ekmania lepidota,0,1,0,,1,0,1,0,
30,305,303,Britton,16197,3072,Elephantopus arenarius,0,1,0,,1,0,1,0,
30,305,303,Raeusch.,16198,3072,Elephantopus carolinianus,0,0,0,,0,0,0,0,
30,305,303,Kunth,16199,3072,Elephantopus mollis,0,1,0,,0,0,0,0,
30,305,303,C.Wright,16201,3072,Elephantopus pratensis,0,1,0,,1,0,1,0,
30,305,303,L.,16202,3072,Elephantopus scaber,0,1,0,,1,0,1,0,
30,305,303,(Sw.) Sch.Bip.,16212,3076,Eleutheranthera ruderalis,0,1,0,,0,0,0,0,
30,305,303,(L.) Kuntze,13559,2757,Delilia biflora,0,0,0,,0,0,0,0,
30,305,303,(Sims) G.Don,16304,3097,Emilia coccinea,0,0,0,,0,0,0,0,
30,305,303,(L.) DC.,16307,3097,Emilia sonchifolia,0,0,0,,0,0,0,0,
30,305,303,DC.,16415,3127,Enydra sessilis,0,1,0,,0,0,0,0,
30,305,303,(Link) DC.,440013,3131,Epaltes brasiliensis,0,0,0,,0,0,0,0,
30,305,303,Urb.,16451,3131,Epaltes mattfeldii,0,1,0,,1,0,1,0,
30,305,303,(L.) Raf. ex DC.,16732,3149,Erechtites hieraciifolius,0,0,0,,0,0,0,0,
30,305,303,Griseb.,16799,3164,Erigeron bellidiastroides,0,1,0,,1,0,1,0,
30,305,303,Ekman ex Urb.,16808,3164,Erigeron capillipes,0,1,0,,1,0,1,0,
30,305,303,DC.,16811,3164,Erigeron cuneifolius,0,1,0,,0,0,0,0,
30,305,303,Griseb.,16825,3164,Erigeron hyoseroides,0,1,0,,1,0,1,0,
30,305,303,L.,16828,3164,Erigeron jamaicensis,0,1,0,,0,0,0,0,
30,305,303,Urb.,16831,3164,Erigeron libanensis,0,1,0,,1,0,1,0,
30,305,303,Urb.,16838,3164,Erigeron paucilobus,0,1,0,,1,0,1,0,
30,305,303,Britton & P.Wilson,16853,3164,Erigeron taylorii,0,1,0,,1,0,1,0,
30,305,303,Griseb.,16854,3164,Erigeron thrincioides,0,1,0,,1,0,1,0,
30,305,303,Urb.,18324,3307,Feddea cubensis,0,1,0,,1,0,1,0,
30,305,303,Lag.,18746,3337,Flaveria linearis,0,1,0,,0,0,0,0,
30,305,303,(Spreng.) C.Mohr,18747,3337,Flaveria trinervia,0,1,0,,0,0,0,0,
30,305,303,(DC.) Anderb.,48187,5801,Pseudognaphalium attenuatum,0,0,0,,0,0,0,0,
30,305,303,(Griseb.) R.M.King & H.Rob.,20471,3569,Grisebachianthus plucheoides,0,1,0,,1,0,1,0,
30,305,303,Britton ex Bold.,20633,3588,Gundlachia corymbosa,0,1,0,,1,0,1,0,
30,305,303,Britton ex Bold.,20633,3588,Gundlachia corymbosa,0,1,0,,1,0,0,0,
30,305,303,Britton ex Bold.,20633,3588,Gundlachia corymbosa,0,1,0,,1,0,1,0,
30,305,303,(Spreng.) A.Gray,20635,3588,Gundlachia domingensis,0,1,0,,1,0,0,0,
30,305,303,Britton ex Bold.,20633,3588,Gundlachia corymbosa,0,1,0,,1,0,1,0,
30,305,303,Urb.,20953,3661,Harnackia bisecta,0,1,0,,1,0,1,0,
30,305,303,Labill.,21121,3695,Helenium quadridentatum,0,0,0,,0,0,0,0,
30,305,303,Britton,21122,3695,Helenium scaposum,0,1,0,,1,0,1,0,
30,305,303,L.,21166,3698,Helianthus annuus,0,0,0,,0,0,0,0,
30,305,303,L.,21174,3698,Helianthus tuberosus,0,0,0,,0,0,0,0,
30,305,303,(Vent.) Tzvelev,47471,7165,Xerochrysum bracteatum,0,0,0,,0,0,0,0,
30,305,303,Griseb.,21448,3742,Heptanthus brevipes,0,1,0,,1,0,1,0,
30,305,303,Griseb.,21449,3742,Heptanthus cochlearifolius,0,1,0,,1,0,1,0,
30,305,303,Britton,21451,3742,Heptanthus lobatus,0,1,0,,1,0,1,0,
30,305,303,Griseb.,21452,3742,Heptanthus ranunculoides,0,1,0,,1,0,1,0,
30,305,303,Britton,21453,3742,Heptanthus shaferi,0,1,0,,1,0,1,0,
30,305,303,Borhidi,21454,3742,Heptanthus yumuriensis,0,1,0,,1,0,1,0,
30,305,303,(L.) Cass.,23596,3971,Isocarpha oppositifolia,0,1,0,,0,0,0,0,
30,305,303,Kunth,23686,3988,Iva cheiranthifolia,0,1,0,,1,0,0,0,
30,305,303,(O.Hoffm.) Urb.,24396,4073,Koehneola repens,0,1,0,,1,0,1,0,
30,305,303,A.Rich.,24554,4115,Lachnorhiza piloselloides,0,1,0,,1,0,1,0,
30,305,303,A.Rich.,24554,4115,Lachnorhiza piloselloides,0,1,0,,1,0,1,0,
30,305,303,A.Rich.,24554,4115,Lachnorhiza piloselloides,0,1,0,,1,0,1,0,
30,305,303,L.,24575,4119,Lactuca sativa,0,0,0,,0,0,0,0,
30,305,303,Cav.,24597,4125,Lagascea mollis,0,1,0,,0,0,0,0,
30,305,303,C.Wright,24707,4147,Lantanopsis hispidula,0,1,0,,1,0,0,0,
30,305,303,Borhidi & Moncada,24709,4147,Lantanopsis tomentosa,0,1,0,,1,0,1,0,
30,305,303,(Jacq.) Beauverd,24905,4174,Launaea intybacea,0,0,0,,0,0,0,0,
30,305,303,Klatt,25258,4227,Lepidesmia squarrosa,0,0,0,,0,0,0,0,
30,305,303,Griseb.,25516,4271,Lescaillea equisetiformis,0,1,0,,1,0,1,0,
30,305,303,Lam.,25557,4278,Leucanthemum vulgare,0,0,0,,0,0,0,0,
30,305,303,Sch.Bip.,25667,4298,Liabum crispum,0,1,0,,1,0,1,0,
30,305,303,Sch.Bip.,25668,4298,Liabum cubense,0,1,0,,1,0,1,0,
30,305,303,Griseb.,25676,4298,Liabum wrightii,0,1,0,,1,0,1,0,
30,305,303,(Rich.) DC.,28211,4603,Melampodium divaricatum,0,1,0,,0,0,0,0,
30,305,303,(Cav.) Kunth,28213,4603,Melampodium perfoliatum,0,1,0,,0,0,0,0,
30,305,303,(L.) Small,28236,4612,Melanthera nivea,0,1,0,,0,0,0,0,
30,305,303,(L.) Small,28236,4612,Melanthera nivea,0,1,0,,0,0,0,0,
30,305,303,N.Taylor,29051,4721,Mikania alba,0,1,0,,1,0,1,0,
30,305,303,DC.,29055,4721,Mikania congesta,0,1,0,,0,0,0,0,
30,305,303,(L.f.) Willd.,29057,4721,Mikania cordifolia,0,1,0,,0,0,0,0,
30,305,303,C.Wright,29058,4721,Mikania crispiflora,0,1,0,,1,0,1,0,
30,305,303,(L.) Willd.,29062,4721,Mikania hastata,0,1,0,,0,0,0,0,
30,305,303,Britton & B.L.Rob.,29063,4721,Mikania hioramii,0,1,0,,1,0,1,0,
30,305,303,Kunth,29068,4721,Mikania micrantha,0,1,0,,0,0,0,0,
30,305,303,Urb.,29070,4721,Mikania oopetala,0,1,0,,0,0,0,0,
30,305,303,A.Rich.,29079,4721,Mikania ranunculifolia,0,1,0,,1,0,1,0,
30,305,303,C.Wright,29080,4721,Mikania reticulosa,0,1,0,,1,0,1,0,
30,305,303,L.,29101,4727,Milleria quinqueflora,0,1,0,,0,0,0,0,
30,305,303,(L.) Cass.,30333,4988,Neurolaena lobata,0,1,0,,0,0,0,0,
30,305,303,Aubl.,31697,5235,Pacourina edulis,0,1,0,,0,0,0,0,
30,305,303,L.,32185,5312,Parthenium hysterophorus,0,0,0,,0,0,0,0,
30,305,303,Less.,32456,5330,Pectis carthusianorum,0,1,0,,0,0,0,0,
30,305,303,(Urb.) Rydb.,32457,5330,Pectis caymanensis,0,1,0,,1,0,0,0,
30,305,303,L.,32459,5330,Pectis ciliaris,0,1,0,,1,0,0,0,
30,305,303,Griseb.,32460,5330,Pectis cubensis,0,1,0,,1,0,1,0,
30,305,303,Urb.,32461,5330,Pectis domingensis,0,1,0,,1,0,0,0,
30,305,303,Urb.,32465,5330,Pectis havanensis,0,1,0,,1,0,1,0,
30,305,303,Rydb.,32467,5330,Pectis juniperina,0,1,0,,1,0,1,0,
30,305,303,Rydb.,32468,5330,Pectis leonis,0,1,0,,1,0,1,0,
30,305,303,L.,32471,5330,Pectis linifolia,0,1,0,,0,0,0,0,
30,305,303,Urb.,32476,5330,Pectis pinosia,0,1,0,,1,0,1,0,
30,305,303,Cav.,32477,5330,Pectis prostrata,0,1,0,,0,0,0,0,
30,305,303,R.A.Howard & W.R.Briggs,32480,5330,Pectis ritlandii,0,1,0,,1,0,1,0,
30,305,303,Kunth,135422,5330,Pectis bonplandiana,0,0,0,,0,0,0,0,
30,305,303,Borhidi & O.Muñiz,33128,5445,Phania cajalbanica,0,1,0,,1,0,1,0,
30,305,303,Griseb.,33130,5445,Phania matricarioides,0,1,0,,1,0,1,0,
30,305,303,(Spreng.) Urb.,34352,5561,Pinillosia berteroi,0,1,0,,1,0,0,0,
30,305,303,(Jacq.) G.Don,35140,5656,Pluchea carolinensis,0,1,0,,0,0,0,0,
30,305,303,(L.) Cass.,35146,5656,Pluchea odorata,0,1,0,,0,0,0,0,
30,305,303,(Mill.) Pruski,296847,5656,Pluchea baccharis,0,1,0,,0,0,0,0,
30,305,303,(Jacq.) Cass.,35916,5730,Porophyllum ruderale,0,1,0,,0,0,0,0,
30,305,303,(Juss. ex Aubl.) C.F.Baker,36413,5791,Pseudelephantopus spicatus,0,1,0,,0,0,0,0,
30,305,303,(Lam.) DC.,48960,5855,Pterocaulon alopecuroides,0,0,0,,0,0,0,0,
30,305,303,(L.) DC.,37099,5855,Pterocaulon virgatum,0,1,0,,0,0,0,0,
30,305,303,(Griseb.) Anderb.,442193,6098,Sachsia coronopifolia,0,1,0,,1,0,1,0,
30,305,303,L.,39264,6066,Rudbeckia hirta,0,0,0,,0,0,0,0,
30,305,303,Griseb.,39519,6098,Sachsia polycephala,0,1,0,,0,0,0,0,
30,305,303,Griseb.,39520,6098,Sachsia tricephala,0,1,0,,1,0,1,0,
30,305,303,Griseb.,39719,6116,Salmea caleoides,0,1,0,,1,0,1,0,
30,305,303,C.Wright ex Griseb.,39720,6116,Salmea glaberrima,0,1,0,,1,0,1,0,
30,305,303,Griseb.,39723,6116,Salmea petrobioides,0,1,0,,1,0,0,0,
30,305,303,(L.) DC.,39724,6116,Salmea scandens,0,1,0,,0,0,0,0,
30,305,303,B.L.Rob.,39725,6116,Salmea umbratilis,0,1,0,,1,0,1,0,
30,305,303,L.,41190,6319,Senecio vulgaris,0,0,0,,0,0,0,0,
30,305,303,Greenm.,41390,6347,Shafera platyphylla,0,1,0,,1,0,1,0,
30,305,303,L.,42092,6426,Solidago sempervirens,0,1,0,,0,0,0,0,
30,305,303,L.,42135,6431,Sonchus oleraceus,0,0,0,,0,0,0,0,
30,305,303,(L.) Pruski,42487,6472,Sphagneticola trilobata,0,0,0,,0,0,0,0,
30,305,303,Jacq.,42517,6482,Spilanthes urens,0,1,0,,0,0,0,0,
30,305,303,(L.) Kuntze,43206,6597,Struchium sparganophorum,0,1,0,,0,0,0,0,
30,305,303,(L.) Gaertn.,43473,6644,Synedrella nodiflora,0,1,0,,0,0,0,0,
30,305,303,L.,43827,6665,Tagetes erecta,0,0,0,,0,0,0,0,
30,305,303,F.H.Wigg.,442743,6683,Taraxacum sect.,0,0,0,,0,0,0,0,
30,305,303,Urb.,44622,6735,Tetraperone bellioides,0,1,0,,1,0,1,0,
30,305,303,(Britton & Millsp.) Alain,45093,6794,Thymopsis thymoides,0,1,0,,1,0,1,0,
30,305,303,(Britton & Millsp.) Alain,45093,6794,Thymopsis thymoides,0,1,0,,1,0,1,0,
30,305,303,(Britton & Millsp.) Alain,45093,6794,Thymopsis thymoides,0,1,0,,1,0,1,0,
30,305,303,(Hemsl.) A.Gray,45232,6819,Tithonia diversifolia,0,0,0,,0,0,0,0,
30,305,303,(Mill.) S.F.Blake,45233,6819,Tithonia rotundifolia,0,0,0,,0,0,0,0,
30,305,303,S.F.Blake,45629,6902,Trichospira verticillata,0,0,0,,0,0,0,0,
30,305,303,L.,45647,6910,Tridax procumbens,0,0,0,,0,0,0,0,
30,305,303,Crantz,45942,6968,Trixis inula,0,1,0,,0,0,0,0,
30,305,303,L.,46529,7059,Verbesina alata,0,1,0,,1,0,0,0,
30,305,303,Urb.,46530,7059,Verbesina angulata,0,1,0,,1,0,1,0,
30,305,303,(Cav.) Benth. & Hook.f. ex A.Gray,46535,7059,Verbesina encelioides,0,1,0,,0,0,0,0,
30,305,303,Jacq.,46536,7059,Verbesina gigantea,0,1,0,,1,0,0,0,
30,305,303,B.L.Rob. & Greenm.,57829,7059,Verbesina rothrockii,0,1,0,,1,0,1,0,
30,305,303,(Cav.) Spreng.,46844,7073,Viguiera dentata,0,0,0,,0,0,0,0,
30,305,303,Rich.,443134,7116,Wedelia calycina,0,1,0,,0,0,0,0,
30,305,303,Less.,47222,7116,Wedelia ehrenbergii,0,1,0,,1,0,1,0,
30,305,303,Less.,47222,7116,Wedelia ehrenbergii,0,1,0,,1,0,0,0,
30,305,303,Greenm.,47229,7116,Wedelia rugosa,0,1,0,,1,0,1,0,
30,305,303,Rich.,47230,7116,Wedelia serrata,0,1,0,,1,0,1,0,
30,305,303,Rich.,47230,7116,Wedelia serrata,0,1,0,,1,0,0,0,
30,305,303,O.E.Schulz,443136,7116,Wedelia urbanii,0,1,0,,1,0,1,0,
30,305,303,L.,47403,7155,Xanthium strumarium,0,0,0,,0,0,0,0,
30,305,303,Jacq.,47776,7208,Zinnia elegans,0,0,0,,0,0,0,0,
30,305,303,(L.) L.,47778,7208,Zinnia peruviana,0,0,0,,0,0,0,0,
30,305,303,(Sw.) Spreng.,21382,3718,Helosis cayennensis,0,1,0,,0,0,0,0,
30,305,303,(Sw.) Schott & Endl.,40808,6283,Scybalium jamaicense,0,1,0,,1,0,0,0,
30,305,303,L.,23233,3942,Impatiens balsamina,0,0,0,,0,0,0,0,
30,305,303,Hook.f.,23257,3942,Impatiens walleriana,0,0,0,,0,0,0,0,
30,305,303,(Lam.) C.F.Gaertn.,2508,1341,Anredera vesicaria,0,1,0,,0,0,0,0,
30,305,303,L.,4710,1640,Basella alba,0,0,0,,0,0,0,0,
30,305,303,L.,4741,1647,Batis maritima,0,1,0,,0,0,0,0,
30,305,303,Jacq.,4831,1665,Begonia acutifolia,0,1,0,,1,0,0,0,
30,305,303,Nash,4850,1665,Begonia cowellii,0,1,0,,1,0,1,0,
30,305,303,Hassk.,4851,1665,Begonia cubensis,0,1,0,,1,0,1,0,
30,305,303,Schrank,4859,1665,Begonia fischeri,0,1,0,,0,0,0,0,
30,305,303,Aubl.,4866,1665,Begonia glabra,0,1,0,,0,0,0,0,
30,305,303,Urb.,4879,1665,Begonia libanensis,0,1,0,,1,0,1,0,
30,305,303,Britton & P.Wilson,4881,1665,Begonia lomensis,0,1,0,,1,0,1,0,
30,305,303,Urb.,4886,1665,Begonia maestrensis,0,1,0,,1,0,1,0,
30,305,303,Schltdl. & Cham.,4890,1665,Begonia nelumbiifolia,0,0,0,,0,0,0,0,
30,305,303,A.DC.,4922,1665,Begonia wrightiana,0,1,0,,1,0,1,0,
30,305,303,Lindl.,5018,1686,Berberis tenuifolia,0,0,0,,0,0,0,0,
30,305,303,(Mill.) A.H.Gentry,2093,1260,Amphitecna latifolia,0,1,0,,0,0,0,0,
30,305,303,Urb.,8497,2073,Catalpa brevipes,0,1,0,,1,0,0,0,
30,305,303,Griseb.,8501,2073,Catalpa purpurea,0,1,0,,1,0,0,0,
30,305,303,L.,11622,2548,Crescentia cujete,0,1,0,,0,0,0,0,
30,305,303,Ekman ex Urb.,11624,2548,Crescentia mirabilis,0,1,0,,1,0,1,0,
30,305,303,(A.Rich.) L.G.Lohmann,2082,1255,Amphilophium gnaphalanthum,0,1,0,,1,0,1,0,
30,305,303,(A.Rich.) L.G.Lohmann,2082,1255,Amphilophium gnaphalanthum,0,1,0,,1,0,1,0,
30,305,303,(Griseb.) Urb.,15802,3053,Ekmanianthe actinophylla,0,1,0,,1,0,1,0,
30,305,303,(Griseb.) Urb.,15803,3053,Ekmanianthe longiflora,0,1,0,,1,0,0,0,
30,305,303,Urb.,23793,3999,Jacaranda arborea,0,1,0,,1,0,1,0,
30,305,303,(L.) J.St.-Hil.,23794,3999,Jacaranda caerulea,0,1,0,,1,0,0,0,
30,305,303,Britton & P.Wilson,23796,3999,Jacaranda cowellii,0,1,0,,1,0,1,0,
30,305,303,(Kunth) Seem.,32133,5304,Parmentiera aculeata,0,0,0,,0,0,0,0,
30,305,303,Seem.,32134,5304,Parmentiera cereifera,0,0,0,,0,0,0,0,
30,305,303,(Tanfani) Sprague,35351,5672,Podranea ricasoliana,0,0,0,,0,0,0,0,
30,305,303,P.Beauv.,42309,6456,Spathodea campanulata,0,0,0,,0,0,0,0,
30,305,303,(Britton) Alain,42560,6491,Spirotecoma apiculata,0,1,0,,1,0,1,0,
30,305,303,(Britton) Alain,42561,6491,Spirotecoma holguinensis,0,1,0,,1,0,1,0,
30,305,303,(C.Wright ex Griseb.) Pichon,42563,6491,Spirotecoma spiralis,0,1,0,,1,0,1,0,
30,305,303,Griseb.,43468,6641,Synapsis ilicifolia,0,1,0,,1,0,1,0,
30,305,303,Britton,43701,6655,Tabebuia angustata,0,1,0,,1,0,0,0,
30,305,303,Britton,43710,6655,Tabebuia calcicola,0,1,0,,1,0,0,0,
30,305,303,Urb.,43718,6655,Tabebuia elegans,0,1,0,,1,0,1,0,
30,305,303,Urb.,43719,6655,Tabebuia elongata,0,1,0,,1,0,1,0,
30,305,303,Alain,43721,6655,Tabebuia gracilipes,0,1,0,,1,0,1,0,
30,305,303,(DC.) Britton,43723,6655,Tabebuia heterophylla,0,1,0,,1,0,0,0,
30,305,303,(Kunth) Britton,43730,6655,Tabebuia lepidota,0,1,0,,1,0,0,0,
30,305,303,Urb.,43731,6655,Tabebuia leptoneura,0,1,0,,1,0,1,0,
30,305,303,Britton,43735,6655,Tabebuia moaensis,0,1,0,,1,0,1,0,
30,305,303,Urb.,43746,6655,Tabebuia pulverulenta,0,1,0,,1,0,1,0,
30,305,303,(Bertol.) Bertero ex A.DC.,43750,6655,Tabebuia rosea,0,0,0,,0,0,0,0,
30,305,303,Urb.,43752,6655,Tabebuia sagrae,0,1,0,,1,0,1,0,
30,305,303,Britton,43753,6655,Tabebuia sauvallei,0,1,0,,1,0,1,0,
30,305,303,Britton,43755,6655,Tabebuia shaferi,0,1,0,,1,0,1,0,
30,305,303,(L.) Juss. ex Kunth,44301,6696,Tecoma stans,0,1,0,,0,0,0,0,
30,305,303,(Bureau) Sandwith,46053,6996,Tynanthus polyanthus,0,0,0,,0,0,0,0,
30,305,303,L.,5205,1722,Bixa orellana,0,0,0,,0,0,0,0,
30,305,303,L.,714,1042,Adansonia digitata,0,0,0,,0,0,0,0,
30,305,303,(Kunth) Britten & Baker f.,8579,2097,Ceiba aesculifolia,0,0,0,,0,0,0,0,
30,305,303,(L.) Gaertn.,8581,2097,Ceiba pentandra,0,1,0,,0,0,0,0,
30,305,303,(Cav. ex Lam.) Urb.,30547,5054,Ochroma pyramidale,0,1,0,,0,0,0,0,
30,305,303,Aubl.,31637,5217,Pachira aquatica,0,0,0,,0,0,0,0,
30,305,303,A.Rich.,31639,5217,Pachira emarginata,0,1,0,,1,0,0,0,
30,305,303,(Kunth) Dugand,36435,5794,Pseudobombax ellipticum,0,1,0,,0,0,0,0,
30,305,303,Jacq.,438762,1794,Bourreria succulenta,0,1,0,,1,0,0,0,
30,305,303,(Willd. ex Roem. & Schult.) Miers,5634,1794,Bourreria havanensis,0,1,0,,0,0,0,0,
30,305,303,(Sw.) G.Don,5651,1794,Bourreria virgata,0,1,0,,1,0,1,0,
30,305,303,(Sw.) G.Don,5651,1794,Bourreria virgata,0,1,0,,1,0,0,0,
30,305,303,(Lex.) Hemsl.,5635,1794,Bourreria huanita,0,0,0,,0,0,0,0,
30,305,303,Griseb.,5638,1794,Bourreria microphylla,0,1,0,,1,0,1,0,
30,305,303,Britton,5639,1794,Bourreria moaensis,0,1,0,,1,0,1,0,
30,305,303,(Sw.) G.Don,5651,1794,Bourreria virgata,0,1,0,,1,0,1,0,
30,305,303,(Lam.) G.Don,5646,1794,Bourreria tomentosa,0,1,0,,1,0,1,0,
30,305,303,O.E.Schulz,5642,1794,Bourreria polyneura,0,1,0,,1,0,1,0,
30,305,303,Moc. ex A.DC.,438763,2471,Cordia rotata,0,1,0,,1,0,1,0,
30,305,303,Jacq.,438762,1794,Bourreria succulenta,0,1,0,,0,0,0,0,
30,305,303,(Sw.) G.Don,5651,1794,Bourreria virgata,0,1,0,,1,0,1,0,
30,305,303,(Sw.) G.Don,5651,1794,Bourreria virgata,0,1,0,,1,0,0,0,
30,305,303,Jacq.,438762,1794,Bourreria succulenta,0,1,0,,1,0,0,0,
30,305,303,(Ruiz & Pav.) Oken,10955,2471,Cordia alliodora,0,1,0,,0,0,0,0,
30,305,303,L.,10976,2471,Cordia collococca,0,1,0,,0,0,0,0,
30,305,303,Poir.,439410,2471,Cordia dentata,0,1,0,,0,0,0,0,
30,305,303,Alain,10985,2471,Cordia dumosa,0,1,0,,1,0,1,0,
30,305,303,L.,10995,2471,Cordia gerascanthus,0,1,0,,0,0,0,0,
30,305,303,Griseb.,439411,2471,Cordia leucosebestena,0,1,0,,1,0,1,0,
30,305,303,G.Forst.,10981,2471,Cordia dichotoma,0,0,0,,0,0,0,0,
30,305,303,L.,11040,2471,Cordia sebestena,0,1,0,,0,0,0,0,
30,305,303,A.DC.,11048,2471,Cordia sulcata,0,1,0,,1,0,0,0,
30,305,303,L.,15775,3048,Ehretia tinifolia,0,1,0,,0,0,0,0,
30,305,303,Murray,21318,3712,Heliotropium angiospermum,0,1,0,,0,0,0,0,
30,305,303,L.,21320,3712,Heliotropium arborescens,0,0,0,,0,0,0,0,
30,305,303,L.,21325,3712,Heliotropium curassavicum,0,1,0,,0,0,0,0,
30,305,303,L.,21337,3712,Heliotropium indicum,0,1,0,,0,0,0,0,
30,305,303,(Urb.) M.W.Frohl. & M.W.Chase,440473,3239,Euploca myriophylla,0,1,0,,1,0,1,0,
30,305,303,(A.DC.) Griseb.,38475,6028,Rochefortia acanthophora,0,1,0,,1,0,0,0,
30,305,303,Britton & P.Wilson,38476,6028,Rochefortia cubensis,0,1,0,,1,0,1,0,
30,305,303,Urb. & Ekman,38479,6028,Rochefortia oblongata,0,1,0,,1,0,1,0,
30,305,303,(Jacq.) Urb.,38481,6028,Rochefortia spinosa,0,1,0,,1,0,0,0,
30,305,303,Britton & P.Wilson,38482,6028,Rochefortia stellata,0,1,0,,1,0,1,0,
30,305,303,Craven,442844,3712,Heliotropium verdcourtii,0,1,0,,0,0,0,0,
30,305,303,(L.) Feuillet,442849,3712,Heliotropium glabrum,0,1,0,,0,0,0,0,
30,305,303,Craven,442844,3712,Heliotropium verdcourtii,0,1,0,,0,0,0,0,
30,305,303,(Britton) Feuillet,442852,3712,Heliotropium roigii,0,1,0,,1,0,1,0,
30,305,303,Feuillet,443276,3712,Heliotropium lamarckii,0,1,0,,1,0,0,0,
30,305,303,(L.) Czern.,5808,1821,Brassica juncea,0,0,0,,0,0,0,0,
30,305,303,L.,5812,1821,Brassica oleracea,0,0,0,,0,0,0,0,
30,305,303,L.,5815,1821,Brassica rapa,0,0,0,,0,0,0,0,
30,305,303,(Willd.) O.E.Schulz,6502,1906,Cakile lanceolata,0,1,0,,0,0,0,0,
30,305,303,(L.) Medik.,7660,2010,Capsella bursa-pastoris,0,0,0,,0,0,0,0,
30,305,303,L.,7674,2015,Cardamine africana,0,0,0,,0,0,0,0,
30,305,303,L.,7699,2015,Cardamine hirsuta,0,0,0,,0,0,0,0,
30,305,303,Muhl. ex Willd.,7712,2015,Cardamine pensylvanica,0,0,0,,0,0,0,0,
30,305,303,L.,25297,4228,Lepidium sativum,0,0,0,,0,0,0,0,
30,305,303,L.,25303,4228,Lepidium virginicum,0,1,0,,0,0,0,0,
30,305,303,W.T.Aiton,30039,4894,Nasturtium officinale,0,0,0,,0,0,0,0,
30,305,303,(L.) Desv.,30312,4978,Neslia paniculata,0,0,0,,0,0,0,0,
30,305,303,L.,37900,5930,Raphanus raphanistrum,0,0,0,,0,0,0,0,
30,305,303,L.,37900,5930,Raphanus raphanistrum,0,0,0,,0,0,0,0,
30,305,303,(Spreng.) Stehlé,38663,6042,Rorippa portoricensis,0,1,0,,1,0,0,0,
30,305,303,(L.) Andrz. ex Besser,442542,20110,Rhamphospermum arvense,0,0,0,,0,0,0,0,
30,305,303,(L.) Griseb.,880,1076,Aechmea nudicaulis,0,1,0,,0,0,0,0,
30,305,303,(L.) Merr.,2164,1278,Ananas comosus,0,0,0,,0,0,0,0,
30,305,303,(Sims) Lindl.,5187,1714,Billbergia pyramidalis,0,0,0,,0,0,0,0,
30,305,303,L.,5884,1838,Bromelia karatas,0,1,1,,0,0,0,0,
30,305,303,L.,5885,1838,Bromelia pinguin,0,1,0,,0,0,0,0,
30,305,303,(Schult. & Schult.f.) Mez,8529,2082,Catopsis berteroniana,0,1,0,,0,0,0,0,
30,305,303,L.B.Sm.,8530,2082,Catopsis floribunda,0,1,0,,0,0,0,0,
30,305,303,L.B.Sm.,8531,2082,Catopsis montana,0,1,0,,0,0,0,0,
30,305,303,(Hook.) Griseb.,8532,2082,Catopsis nitida,0,1,0,,0,0,0,0,
30,305,303,(Sw.) Griseb.,8533,2082,Catopsis nutans,0,1,0,,0,0,0,0,
30,305,303,(Ruiz & Pav.) Mez,8534,2082,Catopsis sessiliflora,0,1,0,,0,0,0,0,
30,305,303,Brongn. ex Planch.,20667,3593,Guzmania erythrolepis,0,1,0,,1,0,0,0,
30,305,303,(L.) Rusby ex Mez,20671,3593,Guzmania monostachia,0,1,0,,0,0,0,0,
30,305,303,(A.Rich.) Aguirre-Santoro,440558,19962,Wittmackia penduliflora,0,1,0,,1,0,0,0,
30,305,303,(Mez) L.B.Sm.,34585,5581,Pitcairnia cubensis,0,1,0,,1,0,1,0,
30,305,303,Griseb.,45145,6809,Tillandsia argentea,0,1,0,,0,0,0,0,
30,305,303,Schult. & Schult.f.,45147,6809,Tillandsia balbisiana,0,1,0,,0,0,0,0,
30,305,303,Hook.,45150,6809,Tillandsia bulbosa,0,1,0,,0,0,0,0,
30,305,303,Sw.,45152,6809,Tillandsia canescens,0,1,0,,1,0,0,0,
30,305,303,Griseb.,45153,6809,Tillandsia capitata,0,1,0,,0,0,0,0,
30,305,303,Griseb.,45155,6809,Tillandsia compacta,0,1,0,,0,0,0,0,
30,305,303,Benth.,45156,6809,Tillandsia complanata,0,1,0,,0,0,0,0,
30,305,303,Mez,45159,6809,Tillandsia didistichoides,0,1,0,,0,0,0,0,
30,305,303,Griseb.,45161,6809,Tillandsia excelsa,0,1,0,,0,0,0,0,
30,305,303,Sw.,45162,6809,Tillandsia fasciculata,0,1,0,,0,0,0,0,
30,305,303,Sw.,45162,6809,Tillandsia fasciculata,0,1,0,,0,0,0,0,
30,305,303,Griseb.,45164,6809,Tillandsia fendleri,0,1,0,,0,0,0,0,
30,305,303,Brongn. ex Mez,45165,6809,Tillandsia festucoides,0,1,0,,0,0,0,0,
30,305,303,Sw.,45166,6809,Tillandsia flexuosa,0,1,0,,0,0,0,0,
30,305,303,Urb.,45168,6809,Tillandsia hotteana,0,1,0,,1,0,0,0,
30,305,303,(Ruiz & Pav.) Poir.,45171,6809,Tillandsia juncea,0,1,0,,0,0,0,0,
30,305,303,(C.Wright) M.A.Spencer & L.B.Sm.,442828,11164,Racinaea lescaillei,0,1,0,,0,0,0,0,
30,305,303,(L.) L.,45177,6809,Tillandsia polystachia,0,1,0,,0,0,0,0,
30,305,303,Sw.,45179,6809,Tillandsia pruinosa,0,1,0,,0,0,0,0,
30,305,303,(L.) L.,45181,6809,Tillandsia recurvata,0,1,0,,0,0,0,0,
30,305,303,Steud.,45182,6809,Tillandsia schiedeana,0,1,0,,0,0,0,0,
30,305,303,L.,45188,6809,Tillandsia tenuifolia,0,1,0,,0,0,0,0,
30,305,303,(L.) L.,45192,6809,Tillandsia usneoides,0,1,0,,0,0,0,0,
30,305,303,L.,45193,6809,Tillandsia utriculata,0,1,0,,0,0,0,0,
30,305,303,(C.Wright) Mez,47089,7097,Vriesea dissitiflora,0,1,0,,1,0,1,0,
30,305,303,(C.Wright) J.R.Grant,443113,9584,Werauhia haplostachya,0,1,0,,1,0,1,0,
30,305,303,(Griseb.) Read,47094,7097,Vriesea incurva,0,1,0,,0,0,0,0,
30,305,303,(Bello) Mez,47095,7097,Vriesea macrostachya,0,1,0,,1,0,0,0,
30,305,303,Gaudich.,47096,7097,Vriesea platynema,0,1,0,,0,0,0,0,
30,305,303,Gaudich.,47096,7097,Vriesea platynema,0,1,0,,1,0,1,0,
30,305,303,(Griseb.) J.R.Grant,443114,9584,Werauhia ringens,0,1,0,,1,0,0,0,
30,305,303,(Cogn. & Marchal) J.R.Grant,443115,9584,Werauhia sanguinolenta,0,1,0,,0,0,0,0,
30,305,303,(Baker) J.R.Grant,443116,9584,Werauhia sintenisii,0,1,0,,1,0,0,0,
30,305,303,L.,6054,1871,Buddleja americana,0,1,0,,0,0,0,0,
30,305,303,Franch.,6058,1871,Buddleja davidii,0,0,0,,0,0,0,0,
30,305,303,Lam.,6064,1871,Buddleja madagascariensis,0,0,0,,0,0,0,0,
30,305,303,(Nutt.) Barnhart ex Small,2769,1402,Apteria aphylla,0,1,0,,0,0,0,0,
30,305,303,Mart.,6300,1886,Burmannia bicolor,0,1,0,,0,0,0,0,
30,305,303,(Walter ex J.F.Gmel.) Mart.,6302,1886,Burmannia capitata,0,1,0,,0,0,0,0,
30,305,303,Mart.,6307,1886,Burmannia flava,0,1,0,,0,0,0,0,
30,305,303,(Miers) Benth. & Hook.f.,439604,3609,Gymnosiphon refractus,0,1,0,,0,0,0,0,
30,305,303,(Griseb.) Urb.,20721,3609,Gymnosiphon niveus,0,1,0,,1,0,0,0,
30,305,303,Urb.,20724,3609,Gymnosiphon sphaerocarpus,0,1,0,,1,0,0,0,
30,305,303,C.Wright ex Griseb.,6322,1890,Bursera angustata,0,1,0,,1,0,1,0,
30,305,303,Griseb.,6328,1890,Bursera glauca,0,1,0,,1,0,0,0,
30,305,303,(Kunth) Triana & Planch.,6330,1890,Bursera graveolens,0,0,0,,0,0,0,0,
30,305,303,Britton,438823,1890,Bursera inaguensis,0,1,0,,1,0,0,0,
30,305,303,(Britton & P.Wilson) Urb.,6338,1890,Bursera shaferi,0,1,0,,1,0,1,0,
30,305,303,(L.) Sarg.,6339,1890,Bursera simaruba,0,1,0,,0,0,0,0,
30,305,303,(Rose) Urb.,36338,5778,Protium cubense,0,1,0,,1,0,1,0,
30,305,303,(Rose) Urb.,36339,5778,Protium fragrans,0,1,0,,1,0,1,0,
30,305,303,Swart,36343,5778,Protium subacuminatum,0,1,0,,1,0,1,0,
30,305,303,(Sw.) Daly & P.Fine,418207,5778,Protium balsamiferum,0,1,0,,1,0,0,0,
30,305,303,(Griseb.) Müll.Arg.,6345,1894,Buxus acuminata,0,1,0,,1,0,1,0,
30,305,303,Borhidi & O.Muñiz,6346,1894,Buxus acunae,0,1,0,,1,0,1,0,
30,305,303,Urb.,6347,1894,Buxus aneura,0,1,0,,1,0,1,0,
30,305,303,Baker,6349,1894,Buxus bahamensis,0,1,0,,1,0,0,0,
30,305,303,(Britton) Urb.,6388,1894,Buxus shaferi,0,1,0,,1,0,1,0,
30,305,303,(Müll.Arg.) Urb.,6354,1894,Buxus brevipes,0,1,0,,1,0,1,0,
30,305,303,(Britton) Urb.,6355,1894,Buxus crassifolia,0,1,0,,1,0,1,0,
30,305,303,Eg.Köhler,6353,1894,Buxus braimbridgeorum,0,1,0,,1,0,1,0,
30,305,303,(A.Rich.) Baill.,6356,1894,Buxus cubana,0,1,0,,1,0,1,0,
30,305,303,Urb.,6357,1894,Buxus ekmanii,0,1,0,,1,0,1,0,
30,305,303,Urb.,6358,1894,Buxus excisa,0,1,0,,1,0,1,0,
30,305,303,(C.Wright ex Griseb.) Müll.Arg.,6362,1894,Buxus gonoclada,0,1,0,,1,0,1,0,
30,305,303,(Britton) Urb.,6360,1894,Buxus foliosa,0,1,0,,1,0,1,0,
30,305,303,(Griseb.) Müll.Arg.,6361,1894,Buxus glomerata,0,1,0,,1,0,0,0,
30,305,303,(C.Wright ex Griseb.) Müll.Arg.,6362,1894,Buxus gonoclada,0,1,0,,1,0,1,0,
30,305,303,(C.Wright ex Griseb.) Müll.Arg.,6362,1894,Buxus gonoclada,0,1,0,,1,0,1,0,
30,305,303,(Griseb.) Müll.Arg.,6382,1894,Buxus retusa,0,1,0,,1,0,1,0,
30,305,303,Urb.,6366,1894,Buxus imbricata,0,1,0,,1,0,1,0,
30,305,303,(Britton) Fawc. & Rendle,6371,1894,Buxus macrophylla,0,1,0,,1,0,0,0,
30,305,303,(Britton) Urb.,6372,1894,Buxus marginalis,0,1,0,,1,0,1,0,
30,305,303,Alain,6374,1894,Buxus moana,0,1,0,,1,0,1,0,
30,305,303,Urb.,6375,1894,Buxus muelleriana,0,1,0,,1,0,1,0,
30,305,303,(Britton) Urb.,6388,1894,Buxus shaferi,0,1,0,,1,0,1,0,
30,305,303,Urb.,6378,1894,Buxus olivacea,0,1,0,,1,0,1,0,
30,305,303,Urb.,6379,1894,Buxus pilosula,0,1,0,,1,0,1,0,
30,305,303,(Griseb.) Müll.Arg.,6382,1894,Buxus retusa,0,1,0,,1,0,1,0,
30,305,303,(Britton) Mathou,6383,1894,Buxus revoluta,0,1,0,,1,0,1,0,
30,305,303,Urb.,6384,1894,Buxus rheedioides,0,1,0,,1,0,1,0,
30,305,303,(Britton) Mathou,438825,1894,Buxus rotundifolia,0,1,0,,1,0,1,0,
30,305,303,(Britton) Urb.,6388,1894,Buxus shaferi,0,1,0,,1,0,1,0,
30,305,303,(Britton) Urb.,6393,1894,Buxus vaccinioides,0,1,0,,1,0,1,0,
30,305,303,Müll.Arg.,6395,1894,Buxus wrightii,0,1,0,,1,0,1,0,
30,305,303,J.F.Gmel.,5793,1817,Brasenia schreberi,0,1,0,,0,0,0,0,
30,305,303,(L.) Hummelinck,354,969,Acanthocereus tetragonus,0,1,0,,0,0,0,0,
30,305,303,(L.) Mill.,8952,2150,Cereus hexagonus,0,0,0,,0,0,0,0,
30,305,303,(Griseb.) A.Berger,10725,2451,Consolea macracantha,0,1,0,,1,0,0,0,
30,305,303,(Griseb.) A.Berger,10725,2451,Consolea macracantha,0,1,0,,1,0,0,0,
30,305,303,(Lehm.) F.M.Knuth,12647,2643,Cylindropuntia tunicata,0,0,0,,0,0,0,0,
30,305,303,(Engelm. ex C.Wright) D.Barrios & S.Arias,439742,4249,Leptocereus nudiflorus,0,1,0,,1,0,1,0,
30,305,303,(DC.) Haw.,16614,3139,Epiphyllum oxypetalum,0,0,0,,0,0,0,0,
30,305,303,(L.) Haw.,16615,3139,Epiphyllum phyllanthus,0,0,0,,0,0,0,0,
30,305,303,Britton & Rose,20981,3667,Harrisia earlei,0,1,0,,1,0,1,0,
30,305,303,(Pfeiff.) Britton,20982,3667,Harrisia eriophora,0,1,0,,1,0,1,0,
30,305,303,Britton,20983,3667,Harrisia fernowii,0,1,0,,1,0,1,0,
30,305,303,(Mill.) Britton,20984,3667,Harrisia gracilis,0,1,0,,0,0,0,0,
30,305,303,Britton,20983,3667,Harrisia fernowii,0,1,0,,1,0,1,0,
30,305,303,(L.) D.R.Hunt,418244,6306,Selenicereus triangularis,0,1,0,,1,0,0,0,
30,305,303,(Haw.) D.R.Hunt,415182,6306,Selenicereus undatus,0,0,0,,0,0,0,0,
30,305,303,Britton & Rose,25424,4249,Leptocereus arboreus,0,1,0,,1,0,1,0,
30,305,303,(C.Wright ex Griseb.) Britton & Rose,25425,4249,Leptocereus assurgens,0,1,0,,1,0,1,0,
30,305,303,(C.Wright ex Griseb.) Britton & Rose,25425,4249,Leptocereus assurgens,0,1,0,,1,0,1,0,
30,305,303,Britton & Rose,25429,4249,Leptocereus leonii,0,1,0,,1,0,0,0,
30,305,303,Britton & Rose,25436,4249,Leptocereus sylvestris,0,1,0,,1,0,1,0,
30,305,303,(C.Wright ex Griseb.) Britton & Rose,25425,4249,Leptocereus assurgens,0,1,0,,1,0,1,0,
30,305,303,Britton & Rose,25436,4249,Leptocereus sylvestris,0,1,0,,1,0,1,0,
30,305,303,León,25438,4249,Leptocereus wrightii,0,1,0,,1,0,1,0,
30,305,303,(Britton & Rose) Vaupel,28425,4630,Melocactus harlowii,0,1,0,,1,0,1,0,
30,305,303,León,28429,4630,Melocactus matanzanus,0,1,0,,1,0,1,0,
30,305,303,Pfeiff.,374410,5127,Opuntia auberi,0,1,0,,0,0,0,0,
30,305,303,(L.) Mill.,31094,5127,Opuntia cochenillifera,0,0,0,,0,0,0,0,
30,305,303,(Ker Gawl.) Haw.,31099,5127,Opuntia dillenii,0,1,0,,0,0,0,0,
30,305,303,Link & Otto ex Salm-Dyck,31102,5127,Opuntia elata,0,0,0,,0,0,0,0,
30,305,303,(L.) Mill.,31105,5127,Opuntia ficus-indica,0,0,0,,0,0,0,0,
30,305,303,Bello,31119,5127,Opuntia repens,0,1,0,,1,0,0,0,
30,305,303,(Haw.) Haw.,31126,5127,Opuntia stricta,0,1,0,,0,0,0,0,
30,305,303,Mill.,32868,5388,Pereskia aculeata,0,0,0,,0,0,0,0,
30,305,303,(Kunth) Lodé,385959,19293,Leuenbergeria bleo,0,0,0,,0,0,0,0,
30,305,303,(Haw.) F.M.Knuth,441689,16562,Rhodocactus grandifolius,0,0,0,,0,0,0,0,
30,305,303,(L.) Lodé,441691,19293,Leuenbergeria portulacifolia,0,1,0,,1,0,0,0,
30,305,303,(Lam.) Byles & G.D.Rowley,34130,5549,Pilosocereus polygonus,0,1,0,,0,0,0,0,
30,305,303,(J.S.Muell.) Stearn,38128,5982,Rhipsalis baccifera,0,1,0,,0,0,0,0,
30,305,303,(Link ex A.Dietr.) Britton & Rose,41028,6306,Selenicereus pteranthus,0,1,0,,0,0,0,0,
30,305,303,(Link ex A.Dietr.) Britton & Rose,41028,6306,Selenicereus pteranthus,0,1,0,,1,0,1,0,
30,305,303,(L.) Britton & Rose,41024,6306,Selenicereus grandiflorus,0,1,0,,0,0,0,0,
30,305,303,Hegelm.,7096,1938,Callitriche occidentalis,0,1,0,,1,0,1,0,
30,305,303,(L.) G.Don,22156,3801,Hippobroma longiflora,0,1,0,,0,0,0,0,
30,305,303,Gaertn.,42488,6473,Sphenoclea zeylanica,0,0,0,,0,0,0,0,
30,305,303,(L.) Gaertn.,7600,1998,Canella winterana,0,1,0,,0,0,0,0,
30,305,303,Urb.,9610,2293,Cinnamodendron cubense,0,1,0,,1,0,1,0,
30,305,303,L.,7602,1999,Canna indica,0,0,0,,0,0,0,0,
30,305,303,L.,7601,1999,Canna glauca,0,1,0,,0,0,0,0,
30,305,303,L.,7602,1999,Canna indica,0,1,0,,0,0,0,0,
30,305,303,Sims,7604,1999,Canna pedunculata,0,1,1,,0,0,0,0,
30,305,303,Aubl.,9984,2331,Cleome guianensis,0,1,0,,0,0,0,0,
30,305,303,R.Br.,9986,2331,Cleome houstonii,0,1,0,,0,0,0,0,
30,305,303,C.Wright,9989,2331,Cleome macrorhiza,0,1,0,,1,0,1,0,
30,305,303,Jacq.,9991,2331,Cleome procumbens,0,1,0,,1,0,0,0,
30,305,303,DC.,9992,2331,Cleome rutidosperma,0,0,0,,0,0,0,0,
30,305,303,L.,11515,2541,Crateva tapia,0,1,1,,0,0,0,0,
30,305,303,Alain,18779,3351,Forchhammeria emarginata,0,1,0,,1,0,1,0,
30,305,303,(Griseb.) Alain,18781,3351,Forchhammeria polyandra,0,1,0,,1,0,1,0,
30,305,303,Radlk. ex Millsp.,18783,3351,Forchhammeria trifoliata,0,1,0,,0,0,0,0,
30,305,303,L.,9985,2331,Cleome gynandra,0,0,0,,0,0,0,0,
30,305,303,Thunb.,26688,4377,Lonicera japonica,0,0,0,,0,0,0,0,
30,305,303,Sw.,46757,7068,Viburnum villosum,0,1,0,,1,0,0,0,
30,305,303,L.,8196,2028,Carica papaya,0,0,0,,0,0,0,0,
30,305,303,(Michx.) Rohrb.,3071,1444,Arenaria lanuginosa,0,1,0,,0,0,0,0,
30,305,303,(L.) Willd. ex Schult.,15153,2978,Drymaria cordata,0,0,0,,0,0,0,0,
30,305,303,Griseb.,15158,2978,Drymaria ortegioides,0,1,0,,1,0,1,0,
30,305,303,(L.) Vill.,42788,6523,Stellaria media,0,0,0,,0,0,0,0,
30,305,303,Michx.,43119,6570,Stipulicida setacea,0,1,0,,0,0,0,0,
30,305,303,Miq.,8488,2071,Casuarina cunninghamiana,0,0,0,,0,0,0,0,
30,305,303,L.,8489,2071,Casuarina equisetifolia,0,0,0,,0,0,0,0,
30,305,303,(Griseb.) Hitchc.,11689,2560,Crossopetalum aquifolium,0,1,0,,1,0,0,0,
30,305,303,Borhidi,11691,2560,Crossopetalum cristalense,0,1,0,,1,0,1,0,
30,305,303,(Urb.) Alain,11693,2560,Crossopetalum ekmanii,0,1,0,,1,0,1,0,
30,305,303,(Poir.) Kuntze,11694,2560,Crossopetalum ilicifolium,0,1,0,,0,0,0,0,
30,305,303,(C.Wright) Rothm.,11696,2560,Crossopetalum pungens,0,1,0,,1,0,1,0,
30,305,303,Crantz,11697,2560,Crossopetalum rhacoma,0,1,0,,0,0,0,0,
30,305,303,(Urb.) Rothm.,11698,2560,Crossopetalum rostratum,0,1,0,,1,0,1,0,
30,305,303,(Britton & Urb.) Alain,11699,2560,Crossopetalum shaferi,0,1,0,,1,0,1,0,
30,305,303,(Urb.) Alain,11700,2560,Crossopetalum ternifolium,0,1,0,,1,0,1,0,
30,305,303,(Urb.) Alain,11700,2560,Crossopetalum ternifolium,0,1,0,,1,0,1,0,
30,305,303,(A.Rich.) A.C.Sm.,12130,2598,Cuervea integrifolia,0,1,0,,1,0,1,0,
30,305,303,(Sw.) Urb.,20675,3594,Gyminda latifolia,0,1,0,,0,0,0,0,
30,305,303,Borhidi & O.Muñiz,20676,3594,Gyminda orbicularis,0,1,0,,1,0,1,0,
30,305,303,L.,22157,3802,Hippocratea volubilis,0,1,0,,0,0,0,0,
30,305,303,(A.Rich.) Griseb.,27978,4581,Maytenus buxifolia,0,1,0,,1,0,0,0,
30,305,303,(Borhidi & O.Muñiz) Borhidi & O.Muñiz,28015,4581,Maytenus serpentini,0,1,0,,1,0,1,0,
30,305,303,(A.Rich.) Griseb.,27978,4581,Maytenus buxifolia,0,1,0,,1,0,1,0,
30,305,303,Griseb.,441103,4581,Maytenus elaeodendroides,0,1,0,,1,0,1,0,
30,305,303,C.Wright ex Griseb.,27998,4581,Maytenus lineata,0,1,0,,1,0,1,0,
30,305,303,Urb.,27999,4581,Maytenus loeseneri,0,1,0,,1,0,1,0,
30,305,303,Urb.,28001,4581,Maytenus maestrensis,0,1,0,,1,0,1,0,
30,305,303,Alain,28012,4581,Maytenus revoluta,0,1,0,,1,0,1,0,
30,305,303,Britton & P.Wilson,28014,4581,Maytenus saxicola,0,1,0,,1,0,1,0,
30,305,303,Urb.,28017,4581,Maytenus splendens,0,1,0,,1,0,1,0,
30,305,303,Urb.,39617,6111,Salacia wrightii,0,1,0,,1,0,1,0,
30,305,303,Urb.,39617,6111,Salacia wrightii,0,1,0,,1,0,1,0,
30,305,303,Urb.,40241,6197,Schaefferia ephedroides,0,1,0,,1,0,0,0,
30,305,303,Jacq.,40242,6197,Schaefferia frutescens,0,1,0,,0,0,0,0,
30,305,303,Griseb. ex Urb.,40243,6197,Schaefferia marchii,0,1,0,,1,0,0,0,
30,305,303,(C.Wright ex A.Gray) Krug & Urb.,45336,6839,Torralbasia cuneifolia,0,1,0,,1,0,0,0,
30,305,303,(C.Wright ex A.Gray) Krug & Urb.,45336,6839,Torralbasia cuneifolia,0,1,0,,1,0,1,0,
30,305,303,(C.Wright ex A.Gray) Krug & Urb.,45336,6839,Torralbasia cuneifolia,0,1,0,,1,0,1,0,
30,305,303,L.,8925,2139,Ceratophyllum demersum,0,1,0,,0,0,0,0,
30,305,303,Humb. & Bonpl. ex Willd.,4279,1560,Atriplex cristata,0,1,0,,1,0,1,0,
30,305,303,Humb. & Bonpl. ex Willd.,4279,1560,Atriplex cristata,0,1,0,,0,0,0,0,
30,305,303,L.,9286,2211,Chenopodium album,0,0,0,,0,0,0,0,
30,305,303,D.Don,9301,2211,Chenopodium giganteum,0,0,0,,0,0,0,0,
30,305,303,(L.) Mosyakin & Clemants,15627,3017,Dysphania ambrosioides,0,0,0,,0,0,0,0,
30,305,303,Moq.,9287,2211,Chenopodium berlandieri,0,1,0,,0,0,0,0,
30,305,303,"(L.) S.Fuentes, Uotila & Borsch",103395,10933,Chenopodiastrum murale,0,0,0,,0,0,0,0,
30,305,303,Torr.,39624,6114,Salicornia bigelovii,0,1,0,,0,0,0,0,
30,305,303,(Elliott) Moq.,43289,6610,Suaeda linearis,0,1,0,,0,0,0,0,
30,305,303,Solms,440411,3686,Hedyosmum grisebachii,0,1,0,,1,0,1,0,
30,305,303,Sw.,21067,3686,Hedyosmum nutans,0,1,0,,1,0,0,0,
30,305,303,Urb.,21070,3686,Hedyosmum subintegrum,0,1,0,,1,0,1,0,
30,305,303,L.,9529,2263,Chrysobalanus icaco,0,1,0,,0,0,0,0,
30,305,303,L.,22181,3809,Hirtella americana,0,1,0,,0,0,0,0,
30,305,303,Sw.,22186,3809,Hirtella triandra,0,1,0,,0,0,0,0,
30,305,303,Legg.,24970,4192,Lechea cubensis,0,1,0,,1,0,1,0,
30,305,303,A.Rich.,10070,2335,Clethra cubensis,0,1,0,,1,0,1,0,
30,305,303,L.,7142,1948,Calophyllum inophyllum,0,0,0,,0,0,0,0,
30,305,303,Borhidi,10184,2348,Clusia alainii,0,1,0,,1,0,1,0,
30,305,303,Alain,10185,2348,Clusia brittonii,0,1,0,,1,0,1,0,
30,305,303,Britton & P.Wilson,10186,2348,Clusia callosa,0,1,0,,1,0,1,0,
30,305,303,(Griseb.) D'Arcy,10188,2348,Clusia clusioides,0,1,0,,1,0,0,0,
30,305,303,L.,10196,2348,Clusia minor,0,1,0,,0,0,0,0,
30,305,303,Borhidi & O.Muñiz,10197,2348,Clusia moaensis,0,1,0,,1,0,1,0,
30,305,303,Urb.,10198,2348,Clusia monocarpa,0,1,0,,1,0,1,0,
30,305,303,Jacq.,10204,2348,Clusia rosea,0,1,0,,0,0,0,0,
30,305,303,Vesque,10206,2348,Clusia tetrastigma,0,1,0,,1,0,1,0,
30,305,303,(Borhidi) Borhidi,19270,3409,Garcinia cubensis,0,1,0,,1,0,1,0,
30,305,303,(Roxb.) Kurz,19274,3409,Garcinia dulcis,0,0,0,,0,0,0,0,
30,305,303,(Bisse) Borhidi,19288,3409,Garcinia moaensis,0,1,0,,1,0,0,0,
30,305,303,(Borhidi) Borhidi,19297,3409,Garcinia ophiticola,0,1,0,,1,0,1,0,
30,305,303,(Urb.) Borhidi,19301,3409,Garcinia polyneura,0,1,0,,1,0,1,0,
30,305,303,(Griseb.) Borhidi,19311,3409,Garcinia ruscifolia,0,1,0,,1,0,1,0,
30,305,303,A.Rich.,22852,3912,Hypericum arenarioides,0,1,0,,1,0,1,0,
30,305,303,Lam.,22870,3912,Hypericum fasciculatum,0,1,0,,0,0,0,0,
30,305,303,Griseb.,22864,3912,Hypericum diosmoides,0,1,0,,1,0,1,0,
30,305,303,A.Rich.,22921,3912,Hypericum styphelioides,0,1,0,,1,0,1,0,
30,305,303,Griseb.,22894,3912,Hypericum limosum,0,1,0,,1,0,1,0,
30,305,303,Lam.,22903,3912,Hypericum nitidum,0,1,0,,1,0,1,0,
30,305,303,Griseb.,22864,3912,Hypericum diosmoides,0,1,0,,1,0,1,0,
30,305,303,A.Rich.,22921,3912,Hypericum styphelioides,0,1,0,,1,0,1,0,
30,305,303,Lam.,22924,3912,Hypericum tetrapetalum,0,1,0,,1,0,1,0,
30,305,303,L.,27646,4513,Mammea americana,0,1,0,,1,0,0,0,
30,305,303,C.Wright,441061,4547,Marila dissitiflora,0,1,0,,1,0,1,0,
30,305,303,(Willd.) Spreng.,10386,2370,Cochlospermum vitifolium,0,1,0,,0,0,0,0,
30,305,303,(Aubl.) Gere & Boatwr.,409626,6717,Terminalia tetraphylla,0,1,0,,0,0,0,0,
30,305,303,(L.) C.Wright,438810,6717,Terminalia buceras,0,1,0,,0,0,0,0,
30,305,303,(L.) C.Wright,438810,6717,Terminalia buceras,0,1,0,,1,0,1,0,
30,305,303,Jacq.,10588,2422,Combretum laxum,0,1,0,,0,0,0,0,
30,305,303,Bonpl.,10593,2422,Combretum spinosum,0,1,0,,0,0,0,0,
30,305,303,L.,10705,2444,Conocarpus erectus,0,1,0,,0,0,0,0,
30,305,303,L.,10705,2444,Conocarpus erectus,0,1,0,,0,0,0,0,
30,305,303,(L.) C.F.Gaertn.,24643,4137,Laguncularia racemosa,0,1,0,,0,0,0,0,
30,305,303,Borhidi & O.Muñiz,442763,6717,Terminalia bipleura,0,1,0,,1,0,1,0,
30,305,303,L.,44480,6717,Terminalia catappa,0,0,0,,0,0,0,0,
30,305,303,A.Rich.,44484,6717,Terminalia eriostachya,0,1,0,,1,0,1,0,
30,305,303,(Sagra) Greuter & R.Rankin,429035,6717,Terminalia diptera,0,1,0,,1,0,1,0,
30,305,303,Alain,442771,6717,Terminalia nipensis,0,1,0,,1,0,1,0,
30,305,303,Borhidi,442772,6717,Terminalia pachystyla,0,1,0,,1,0,1,0,
30,305,303,(Sw.) Schult. & Schult.f.,7065,1933,Callisia monandra,0,1,0,,0,0,0,0,
30,305,303,(Sw.) Andiers. & Woodson,7061,1933,Callisia cordifolia,0,1,0,,0,0,0,0,
30,305,303,(Jacq.) L.,7066,1933,Callisia repens,0,1,0,,0,0,0,0,
30,305,303,L.,10608,2425,Commelina benghalensis,0,0,0,,0,0,0,0,
30,305,303,Burm.f.,10614,2425,Commelina diffusa,0,1,0,,0,0,0,0,
30,305,303,L.,10616,2425,Commelina erecta,0,1,0,,0,0,0,0,
30,305,303,L.,10616,2425,Commelina erecta,0,1,0,,0,0,0,0,
30,305,303,(Jacq.) Rohweder,19771,3465,Gibasis geniculata,0,1,0,,0,0,0,0,
30,305,303,(L.) Brenan,29535,4822,Murdannia nudiflora,0,0,0,,0,0,0,0,
30,305,303,C.Wright ex Hassk.,442345,20101,Sauvallia blainii,0,1,0,,1,0,1,0,
30,305,303,(Rose) D.R.Hunt,45418,6861,Tradescantia pallida,0,0,0,,0,0,0,0,
30,305,303,Sw.,45419,6861,Tradescantia spathacea,0,0,0,,0,0,0,0,
30,305,303,L.,45421,6861,Tradescantia virginiana,0,1,0,,0,0,0,0,
30,305,303,(L.) Sw.,45422,6861,Tradescantia zanonia,0,1,0,,0,0,0,0,
30,305,303,Bosse,45423,6861,Tradescantia zebrina,0,0,0,,0,0,0,0,
30,305,303,Planch.,10213,2353,Cnestidium rufescens,0,1,0,,0,0,0,0,
30,305,303,Kunth,38770,6059,Rourea glabra,0,1,0,,0,0,0,0,
30,305,303,Miq.,38775,6059,Rourea surinamensis,0,1,0,,0,0,0,0,
30,305,303,(Jacq.) Choisy,2413,1322,Aniseia martinicensis,0,1,0,,0,0,0,0,
30,305,303,(Jacq.) Choisy,2413,1322,Aniseia martinicensis,0,1,0,,0,0,0,0,
30,305,303,(Burm.f.) Bojer,3156,1455,Argyreia nervosa,0,0,0,,0,0,0,0,
30,305,303,Urb.,14183,2822,Dichondra micrantha,0,1,0,,0,0,0,0,
30,305,303,J.R.Forst. & G.Forst.,14186,2822,Dichondra repens,0,0,0,,0,0,0,0,
30,305,303,(L.) L.,18155,3267,Evolvulus alsinoides,0,1,0,,0,0,0,0,
30,305,303,(L.) L.,18155,3267,Evolvulus alsinoides,0,1,0,,0,0,0,0,
30,305,303,(L.) L.,18155,3267,Evolvulus alsinoides,0,1,0,,0,0,0,0,
30,305,303,Poir.,18157,3267,Evolvulus arbuscula,0,1,0,,1,0,1,0,
30,305,303,Poir.,18157,3267,Evolvulus arbuscula,0,1,0,,1,0,0,0,
30,305,303,House,18159,3267,Evolvulus bracei,0,1,0,,1,0,0,0,
30,305,303,(Willd. ex Schult.) Stearn,18160,3267,Evolvulus convolvuloides,0,1,0,,0,0,0,0,
30,305,303,Peter,18163,3267,Evolvulus grisebachii,0,1,0,,0,0,0,0,
30,305,303,Ooststr.,18165,3267,Evolvulus minimus,0,1,0,,1,0,1,0,
30,305,303,(L.) L.,18166,3267,Evolvulus nummularius,0,1,0,,0,0,0,0,
30,305,303,Sw.,18169,3267,Evolvulus sericeus,0,1,0,,0,0,0,0,
30,305,303,L.,23379,3957,Ipomoea alba,0,1,0,,0,0,0,0,
30,305,303,Forssk.,23381,3957,Ipomoea aquatica,0,1,0,,0,0,0,0,
30,305,303,(Desr.) Roem. & Schult.,23384,3957,Ipomoea asarifolia,0,1,0,,0,0,0,0,
30,305,303,(L.) Lam.,23386,3957,Ipomoea batatas,0,0,0,,0,0,0,0,
30,305,303,(L.) Sweet,23391,3957,Ipomoea cairica,0,0,0,,0,0,0,0,
30,305,303,Jacq.,23393,3957,Ipomoea carnea,0,0,0,,0,0,0,0,
30,305,303,Jacq.,23393,3957,Ipomoea carnea,0,0,0,,0,0,0,0,
30,305,303,L.,23420,3957,Ipomoea hederifolia,0,1,0,,0,0,0,0,
30,305,303,(Vahl) Griseb.,23423,3957,Ipomoea imperati,0,1,0,,0,0,0,0,
30,305,303,Griseb.,23444,3957,Ipomoea microdactyla,0,1,0,,0,0,0,0,
30,305,303,(L.) Roth,23448,3957,Ipomoea nil,0,0,0,,0,0,0,0,
30,305,303,(L.) Ker Gawl.,23449,3957,Ipomoea obscura,0,0,0,,0,0,0,0,
30,305,303,(L.) Roth,23461,3957,Ipomoea purpurea,0,0,0,,0,0,0,0,
30,305,303,L.,23462,3957,Ipomoea quamoclit,0,0,0,,0,0,0,0,
30,305,303,Poir.,23468,3957,Ipomoea sagittata,0,1,0,,0,0,0,0,
30,305,303,Poir.,23470,3957,Ipomoea setifera,0,1,0,,0,0,0,0,
30,305,303,Choisy,23478,3957,Ipomoea tenuissima,0,1,0,,0,0,0,0,
30,305,303,(Willd.) Choisy,23480,3957,Ipomoea tiliacea,0,1,0,,0,0,0,0,
30,305,303,L.,23483,3957,Ipomoea triloba,0,1,0,,0,0,0,0,
30,305,303,L.,23490,3957,Ipomoea violacea,0,1,0,,0,0,0,0,
30,305,303,Sweet,440662,3957,Ipomoea heptaphylla,0,1,0,,0,0,0,0,
30,305,303,(Moric.) Meisn.,23823,4003,Jacquemontia evolvuloides,0,1,0,,1,0,1,0,
30,305,303,Britton,23819,4003,Jacquemontia cayensis,0,1,0,,1,0,0,0,
30,305,303,(Jacq.) Urb.,23824,4003,Jacquemontia havanensis,0,1,0,,0,0,0,0,
30,305,303,Alain,23825,4003,Jacquemontia nipensis,0,1,0,,1,0,1,0,
30,305,303,(Millsp.) House,440679,4003,Jacquemontia obcordata,0,1,0,,0,0,0,0,
30,305,303,(Jacq.) G.Don,23829,4003,Jacquemontia pentanthos,0,1,0,,0,0,0,0,
30,305,303,(L.) Griseb.,23833,4003,Jacquemontia tamnifolia,0,1,0,,0,0,0,0,
30,305,303,(L.) Urb.,23835,4003,Jacquemontia verticillata,0,1,0,,1,0,0,0,
30,305,303,(L.) A.R.Simões & Staples,421041,19634,Distimake aegyptius,0,1,0,,0,0,0,0,
30,305,303,(Lam.) A.R.Simões & Staples,441149,19634,Distimake cissoides,0,1,0,,0,0,0,0,
30,305,303,(Donn.Sm.) O'Donell,28559,4644,Merremia discoidesperma,0,1,0,,1,0,0,0,
30,305,303,(Jacq.) A.R.Simões & Staples,421049,19634,Distimake dissectus,0,1,0,,0,0,0,0,
30,305,303,(Burm.f.) Hallier f.,28564,4644,Merremia hederacea,0,0,0,,0,0,0,0,
30,305,303,(L.) A.R.Simões & Staples,441151,19634,Distimake quinquefolius,0,1,0,,0,0,0,0,
30,305,303,(L.) A.R.Simões & Staples,441153,19634,Distimake tuberosus,0,0,0,,0,0,0,0,
30,305,303,(L.) A.R.Simões & Staples,425295,16921,Camonea umbellata,0,1,0,,0,0,0,0,
30,305,303,(L.) Urb.,30976,5114,Operculina macrocarpa,0,1,0,,0,0,0,0,
30,305,303,(Kunth) O'Donell,30977,5114,Operculina pinnatifida,0,0,0,,0,0,0,0,
30,305,303,(Roxb.) Roberty,35905,5728,Poranopsis paniculata,0,0,0,,0,0,0,0,
30,305,303,(Desr.) Hallier f.,43044,6562,Stictocardia tiliifolia,0,0,0,,0,0,0,0,
30,305,303,(L.) Roth,442910,3957,Ipomoea corymbosa,0,1,0,,0,0,0,0,
30,305,303,Raym.-Hamet & H.Perrier,24196,4031,Kalanchoe daigremontiana,0,0,0,,0,0,0,0,
30,305,303,(Lam.) Cogn.,8544,2089,Cayaponia americana,0,1,0,,0,0,0,0,
30,305,303,(Mill.) Cogn.,8547,2089,Cayaponia racemosa,0,1,0,,0,0,0,0,
30,305,303,Griseb.,9650,2295,Cionosicys pomiformis,0,1,0,,1,0,0,0,
30,305,303,(Thunb.) Matsum. & Nakai,9787,2309,Citrullus lanatus,0,0,0,,0,0,0,0,
30,305,303,(L.) Voigt,10233,2359,Coccinia grandis,0,0,0,,0,0,0,0,
30,305,303,L.,12112,2596,Cucumis anguria,0,0,0,,0,0,0,0,
30,305,303,Ehrenb. ex Spach,12113,2596,Cucumis dipsaceus,0,0,0,,0,0,0,0,
30,305,303,L.,12116,2596,Cucumis melo,0,0,0,,0,0,0,0,
30,305,303,L.,12121,2596,Cucumis sativus,0,0,0,,0,0,0,0,
30,305,303,Duchesne,12125,2597,Cucurbita maxima,0,0,0,,0,0,0,0,
30,305,303,Duchesne,12126,2597,Cucurbita moschata,0,0,0,,0,0,0,0,
30,305,303,L.,12127,2597,Cucurbita pepo,0,0,0,,0,0,0,0,
30,305,303,L.,18414,3317,Fevillea cordifolia,0,1,0,,0,0,0,0,
30,305,303,(Molina) Standl.,24600,4127,Lagenaria siceraria,0,0,0,,0,0,0,0,
30,305,303,(L.) Roxb.,26851,4404,Luffa acutangula,0,0,0,,0,0,0,0,
30,305,303,Mill.,440995,4404,Luffa aegyptiaca,0,0,0,,0,0,0,0,
30,305,303,L.,28469,4634,Melothria pendula,0,1,0,,0,0,0,0,
30,305,303,L.,29293,4765,Momordica balsamina,0,0,0,,0,0,0,0,
30,305,303,L.,29294,4765,Momordica charantia,0,0,0,,0,0,0,0,
30,305,303,(L.) R.A.Howard,36577,5826,Psiguria pedata,0,1,0,,1,0,0,0,
30,305,303,(L.) R.A.Howard,36577,5826,Psiguria pedata,0,1,0,,0,0,0,0,
30,305,303,(L.) R.A.Howard,36577,5826,Psiguria pedata,0,1,0,,1,0,0,0,
30,305,303,Jacq.,442429,6362,Sicyos edulis,0,0,0,,0,0,0,0,
30,305,303,Hook.f.,41435,6359,Sicana sphaerica,0,1,0,,1,0,0,0,
30,305,303,(Kunth) Cogn.,41436,6360,Sicydium tamnifolium,0,1,0,,0,0,0,0,
30,305,303,L.,47246,7118,Weinmannia pinnata,0,1,0,,0,0,0,0,
30,305,303,(Greene) Bartel,439547,20013,Hesperocyparis arizonica,0,0,0,,0,0,0,0,
30,305,303,(Hartw.) Bartel,439549,20013,Hesperocyparis macrocarpa,0,0,0,,0,0,0,0,
30,305,303,L.,12231,2609,Cupressus sempervirens,0,0,0,,0,0,0,0,
30,305,303,Britton & P.Wilson,24076,4025,Juniperus saxicola,0,1,0,,1,0,1,0,
30,305,303,L.,12249,2613,Cuscuta americana,0,1,0,,0,0,0,0,
30,305,303,Yunck.,12255,2613,Cuscuta campestris,0,1,0,,0,0,0,0,
30,305,303,Benth.,12264,2613,Cuscuta globulosa,0,1,0,,0,0,0,0,
30,305,303,Choisy,12268,2613,Cuscuta indecora,0,1,0,,0,0,0,0,
30,305,303,Choisy,12268,2613,Cuscuta indecora,0,1,0,,0,0,0,0,
30,305,303,Kunth,12272,2613,Cuscuta obtusiflora,0,1,0,,0,0,0,0,
30,305,303,Kunth,12286,2613,Cuscuta umbellata,0,1,0,,0,0,0,0,
30,305,303,(Miq.) A.DC.,28885,4691,Microcycas calocoma,0,1,0,,1,0,1,0,
30,305,303,Ruiz & Pav.,8221,2032,Carludovica palmata,0,0,0,,0,0,0,0,
30,305,303,(Vell.) Harling,45010,6777,Thoracocarpus bissectus,0,1,0,,0,0,0,0,
30,305,303,Asch.,20882,3642,Halodule wrightii,0,1,0,,0,0,0,0,
30,305,303,Asch.,20882,3642,Halodule wrightii,0,1,0,,0,0,0,0,
30,305,303,Kütz.,43495,6652,Syringodium filiforme,0,1,0,,0,0,0,0,
30,305,303,(Burm.f.) Kral,438102,13710,Abildgaardia ovata,0,1,0,,0,0,0,0,
30,305,303,(L.) Kunth ex C.B.Clarke,6215,1877,Bulbostylis capillaris,0,1,0,,0,0,0,0,
30,305,303,(Elliott) Fernald,6216,1877,Bulbostylis ciliatifolia,0,1,0,,0,0,0,0,
30,305,303,(Griseb.) C.B.Clarke,6219,1877,Bulbostylis floccosa,0,1,0,,1,0,0,0,
30,305,303,(Vahl) R.W.Haines,6220,1877,Bulbostylis hispidula,0,0,0,,0,0,0,0,
30,305,303,(Kunth) C.B.Clarke,6221,1877,Bulbostylis junciformis,0,1,0,,0,0,0,0,
30,305,303,(Vahl) Kük. ex Herter,6222,1877,Bulbostylis juncoides,0,1,0,,0,0,0,0,
30,305,303,(Spreng.) Lindm.,6227,1877,Bulbostylis paradoxa,0,1,0,,0,0,0,0,
30,305,303,(Liebm.) C.B.Clarke,6228,1877,Bulbostylis pauciflora,0,1,0,,1,0,0,0,
30,305,303,(Griseb.) Svenson,6230,1877,Bulbostylis setacea,0,1,0,,1,0,1,0,
30,305,303,Kük.,6231,1877,Bulbostylis stenocarpa,0,1,0,,0,0,0,0,
30,305,303,(Elliott) C.B.Clarke,6232,1877,Bulbostylis stenophylla,0,1,0,,0,0,0,0,
30,305,303,C.B.Clarke,6233,1877,Bulbostylis subaphylla,0,1,0,,1,0,0,0,
30,305,303,(Rudge) J.F.Macbr.,6234,1877,Bulbostylis tenuifolia,0,1,0,,0,0,0,0,
30,305,303,(Kunth) C.B.Clarke,6236,1877,Bulbostylis vestita,0,1,0,,0,0,0,0,
30,305,303,Kük.,7853,2026,Carex cubensis,0,1,0,,1,0,0,0,
30,305,303,Kük.,7886,2026,Carex ekmanii,0,1,0,,1,0,0,0,
30,305,303,Sw. ex Wahlenb.,8069,2026,Carex polystachya,0,1,0,,0,0,0,0,
30,305,303,Wahlenb.,8109,2026,Carex scabrella,0,1,0,,0,0,0,0,
30,305,303,(L.) Pohl,9809,2313,Cladium mariscus,0,1,0,,0,0,0,0,
30,305,303,(Willd.) Endl.,12825,2661,Cyperus aggregatus,0,1,0,,0,0,0,0,
30,305,303,Vahl,12829,2661,Cyperus amabilis,0,1,0,,0,0,0,0,
30,305,303,(Kük.) O'Neill,12832,2661,Cyperus antillanus,0,1,0,,1,0,1,0,
30,305,303,L.,12836,2661,Cyperus articulatus,0,1,0,,0,0,0,0,
30,305,303,Sw.,439630,2661,Cyperus brunneus,0,1,0,,0,0,0,0,
30,305,303,L.,12842,2661,Cyperus compressus,0,1,0,,0,0,0,0,
30,305,303,Sw.,12843,2661,Cyperus confertus,0,1,0,,0,0,0,0,
30,305,303,Urb.,12847,2661,Cyperus constanzae,0,1,0,,1,0,0,0,
30,305,303,Vahl,12852,2661,Cyperus croceus,0,1,0,,0,0,0,0,
30,305,303,Kunth,12853,2661,Cyperus cuspidatus,0,1,0,,0,0,0,0,
30,305,303,Roxb.,12859,2661,Cyperus digitatus,0,1,1,,0,0,0,0,
30,305,303,L.,12936,2661,Cyperus odoratus,0,1,0,,0,0,0,0,
30,305,303,Kük.,12869,2661,Cyperus ekmanii,0,1,0,,1,0,1,0,
30,305,303,L.,12871,2661,Cyperus elegans,0,1,0,,0,0,0,0,
30,305,303,Boeckeler,12873,2661,Cyperus entrerianus,0,1,0,,0,0,0,0,
30,305,303,L.,12876,2661,Cyperus esculentus,0,0,0,,0,0,0,0,
30,305,303,Sw.,12882,2661,Cyperus filiformis,0,1,0,,0,0,0,0,
30,305,303,L.,439635,2661,Cyperus flavescens,0,1,0,,0,0,0,0,
30,305,303,Rich.,439633,2661,Cyperus ferax,0,1,0,,0,0,0,0,
30,305,303,Britton,12884,2661,Cyperus floridanus,0,1,0,,0,0,0,0,
30,305,303,Chapm.,12885,2661,Cyperus fuligineus,0,1,0,,0,0,0,0,
30,305,303,Nees,12888,2661,Cyperus gardneri,0,1,0,,0,0,0,0,
30,305,303,Vahl,12889,2661,Cyperus giganteus,0,1,0,,0,0,0,0,
30,305,303,L.,12900,2661,Cyperus haspan,0,1,0,,0,0,0,0,
30,305,303,(Jacq.) Standl.,12901,2661,Cyperus hermaphroditus,0,1,0,,0,0,0,0,
30,305,303,Kunth,12903,2661,Cyperus humilis,0,1,0,,0,0,0,0,
30,305,303,Retz.,12905,2661,Cyperus imbricatus,0,0,0,,0,0,0,0,
30,305,303,L.,12828,2661,Cyperus alternifolius,0,0,0,,0,0,0,0,
30,305,303,L.,12908,2661,Cyperus iria,0,0,0,,0,0,0,0,
30,305,303,Griseb.,12910,2661,Cyperus lacunosus,0,1,0,,1,0,1,0,
30,305,303,L.,12912,2661,Cyperus laevigatus,0,1,0,,0,0,0,0,
30,305,303,Poir.,439639,2661,Cyperus lanceolatus,0,1,0,,0,0,0,0,
30,305,303,Lam.,12913,2661,Cyperus laxus,0,1,0,,0,0,0,0,
30,305,303,L.,12915,2661,Cyperus ligularis,0,1,0,,0,0,0,0,
30,305,303,(L.) Retz.,12920,2661,Cyperus luzulae,0,1,0,,0,0,0,0,
30,305,303,(Nees) Kunth,439640,2661,Cyperus mundii,0,0,0,,0,0,0,0,
30,305,303,Willd.,12931,2661,Cyperus nanus,0,1,0,,1,0,0,0,
30,305,303,Vahl,12935,2661,Cyperus ochraceus,0,1,0,,0,0,0,0,
30,305,303,L.,12936,2661,Cyperus odoratus,0,1,0,,0,0,0,0,
30,305,303,L.,12942,2661,Cyperus papyrus,0,0,0,,0,0,0,0,
30,305,303,Britton,12949,2661,Cyperus pinetorum,0,1,0,,1,0,1,0,
30,305,303,Rich.,12950,2661,Cyperus planifolius,0,1,0,,0,0,0,0,
30,305,303,Rottb.,439643,2661,Cyperus polystachyos,0,1,0,,0,0,0,0,
30,305,303,Rottb.,439643,2661,Cyperus polystachyos,0,1,0,,0,0,0,0,
30,305,303,L.,12964,2661,Cyperus rotundus,0,0,0,,0,0,0,0,
30,305,303,Rottb.,12973,2661,Cyperus sphacelatus,0,1,0,,0,0,0,0,
30,305,303,L.,12974,2661,Cyperus squarrosus,0,1,0,,0,0,0,0,
30,305,303,(L.) Kuntze,12855,2661,Cyperus cyperoides,0,1,0,,0,0,0,0,
30,305,303,Rottb.,12982,2661,Cyperus surinamensis,0,1,0,,0,0,0,0,
30,305,303,(A.Dietr.) Boeckeler ex Kük.,12983,2661,Cyperus swartzii,0,1,0,,0,0,0,0,
30,305,303,Sw.,12985,2661,Cyperus tenuis,0,1,0,,0,0,0,0,
30,305,303,R.Br.,439649,2661,Cyperus unioloides,0,1,0,,0,0,0,0,
30,305,303,Michx.,12998,2661,Cyperus virens,0,1,0,,0,0,0,0,
30,305,303,(Roxb.) Schult.,16118,3070,Eleocharis acutangula,0,1,0,,0,0,0,0,
30,305,303,Svenson,16120,3070,Eleocharis alveolata,0,1,0,,1,0,1,0,
30,305,303,(Retz.) J.Presl & C.Presl,16121,3070,Eleocharis atropurpurea,0,1,0,,0,0,0,0,
30,305,303,Torr.,16127,3070,Eleocharis cellulosa,0,1,0,,0,0,0,0,
30,305,303,(Kunth) Roem. & Schult.,16133,3070,Eleocharis elegans,0,1,0,,0,0,0,0,
30,305,303,Weath.,16137,3070,Eleocharis fallax,0,1,0,,0,0,0,0,
30,305,303,Kunth,16138,3070,Eleocharis filiculmis,0,1,0,,0,0,0,0,
30,305,303,(Poir.) Urb.,16139,3070,Eleocharis flavescens,0,1,0,,0,0,0,0,
30,305,303,(L.) Roem. & Schult.,16141,3070,Eleocharis geniculata,0,1,0,,0,0,0,0,
30,305,303,Kük.,16143,3070,Eleocharis grisea,0,1,0,,1,0,1,0,
30,305,303,(Vahl) Roem. & Schult.,16144,3070,Eleocharis interstincta,0,1,0,,0,0,0,0,
30,305,303,Torr.,16154,3070,Eleocharis microcarpa,0,1,0,,0,0,0,0,
30,305,303,Kunth,16156,3070,Eleocharis minima,0,1,0,,0,0,0,0,
30,305,303,Britton,16158,3070,Eleocharis minutissima,0,1,0,,0,0,0,0,
30,305,303,(Kunth) Roem. & Schult.,16159,3070,Eleocharis montana,0,1,0,,0,0,0,0,
30,305,303,(L.) Roem. & Schult.,16162,3070,Eleocharis mutata,0,1,0,,0,0,0,0,
30,305,303,Kunth,16163,3070,Eleocharis nana,0,1,0,,0,0,0,0,
30,305,303,(Nees) Kunth,16165,3070,Eleocharis nigrescens,0,1,0,,0,0,0,0,
30,305,303,C.B.Clarke,16168,3070,Eleocharis oligantha,0,1,0,,1,0,0,0,
30,305,303,(C.Wright) C.B.Clarke,16170,3070,Eleocharis pachystyla,0,1,0,,0,0,0,0,
30,305,303,"(Roem. & Schult.) Link ex Bluff, Nees & Schauer",16172,3070,Eleocharis parvula,0,1,0,,0,0,0,0,
30,305,303,(Griseb.) Svenson,16174,3070,Eleocharis plicarhachis,0,1,0,,0,0,0,0,
30,305,303,(Poir.) Urb.,16178,3070,Eleocharis retroflexa,0,1,0,,0,0,0,0,
30,305,303,(Torr.) Torr.,16179,3070,Eleocharis rostellata,0,1,0,,0,0,0,0,
30,305,303,(L.) Roem. & Schult.,18650,3327,Fimbristylis autumnalis,0,1,0,,0,0,0,0,
30,305,303,(Retz.) Link,18655,3327,Fimbristylis complanata,0,1,0,,0,0,0,0,
30,305,303,R.Br.,18656,3327,Fimbristylis cymosa,0,1,0,,0,0,0,0,
30,305,303,(L.) Vahl,18657,3327,Fimbristylis dichotoma,0,1,0,,0,0,0,0,
30,305,303,(L.) Vahl,18662,3327,Fimbristylis ferruginea,0,1,0,,0,0,0,0,
30,305,303,Britton,18669,3327,Fimbristylis inaguensis,0,1,0,,1,0,0,0,
30,305,303,(L.) Vahl,18691,3327,Fimbristylis spadicea,0,1,0,,0,0,0,0,
30,305,303,R.Br.,440158,3327,Fimbristylis velata,0,0,0,,0,0,0,0,
30,305,303,(Coville) Coville,18939,3379,Fuirena breviseta,0,1,0,,0,0,0,0,
30,305,303,C.Wright,18940,3379,Fuirena camptotricha,0,1,0,,0,0,0,0,
30,305,303,Kunth,18944,3379,Fuirena robusta,0,1,0,,0,0,0,0,
30,305,303,Michx.,18945,3379,Fuirena scirpoidea,0,1,0,,0,0,0,0,
30,305,303,Vahl,18946,3379,Fuirena simplex,0,1,0,,0,0,0,0,
30,305,303,Michx.,18947,3379,Fuirena squarrosa,0,1,0,,0,0,0,0,
30,305,303,Rottb.,18948,3379,Fuirena umbellata,0,1,0,,0,0,0,0,
30,305,303,(Rottb.) Hassk.,439629,2661,Cyperus brevifolius,0,1,0,,0,0,0,0,
30,305,303,(Torr.) Mattf. & Kük.,439647,2661,Cyperus sesquiflorus,0,1,0,,0,0,0,0,
30,305,303,(Salzm. ex Steud.) Dorr,440755,2661,Cyperus hortensis,0,1,0,,0,0,0,0,
30,305,303,Kük.,24611,4128,Lagenocarpus cubensis,0,1,0,,1,0,1,0,
30,305,303,Nees,24612,4128,Lagenocarpus guianensis,0,1,0,,0,0,0,0,
30,305,303,(Kük.) T.Koyama,27235,4449,Machaerina cubensis,0,1,0,,1,0,0,0,
30,305,303,Griseb.,27241,4449,Machaerina filifolia,0,1,0,,1,0,1,0,
30,305,303,(Sw.) Vahl,27254,4449,Machaerina restioides,0,1,0,,1,0,0,0,
30,305,303,Steud.,441554,2661,Cyperus blepharoleptos,0,1,0,,0,0,0,0,
30,305,303,(Kük.) Greuter & R.Rankin,442197,6005,Rhynchospora brevifoliata,0,1,0,,1,0,1,0,
30,305,303,(Spreng.) C.B.Clarke,38272,6005,Rhynchospora berteroi,0,1,0,,0,0,0,0,
30,305,303,C.Wright,38274,6005,Rhynchospora brachychaeta,0,1,0,,0,0,0,0,
30,305,303,Gale,38276,6005,Rhynchospora brittonii,0,1,0,,0,0,0,0,
30,305,303,León,38277,6005,Rhynchospora bucherorum,0,1,0,,1,0,1,0,
30,305,303,(L.) Vahl,38282,6005,Rhynchospora cephalotes,0,1,0,,0,0,0,0,
30,305,303,Griseb.,442198,6005,Rhynchospora cephalotoides,0,1,0,,1,0,1,0,
30,305,303,Griseb.,38283,6005,Rhynchospora cernua,0,1,0,,1,0,1,0,
30,305,303,(L.) H.Pfeiff.,38285,6005,Rhynchospora colorata,0,1,0,,0,0,0,0,
30,305,303,(Link) Schult.,38286,6005,Rhynchospora comata,0,1,0,,0,0,0,0,
30,305,303,(Lam.) A.Gray,38288,6005,Rhynchospora corniculata,0,1,0,,0,0,0,0,
30,305,303,(L.) Britton,38289,6005,Rhynchospora corymbosa,0,1,0,,0,0,0,0,
30,305,303,Gale,38290,6005,Rhynchospora crispa,0,1,0,,1,0,1,0,
30,305,303,A.Rich.,38291,6005,Rhynchospora cubensis,0,1,0,,1,0,0,0,
30,305,303,(Kük.) Gale,38292,6005,Rhynchospora depressa,0,1,0,,1,0,1,0,
30,305,303,(Nees) Griseb.,38294,6005,Rhynchospora diodon,0,1,0,,0,0,0,0,
30,305,303,Chapm. ex M.A.Curtis,38296,6005,Rhynchospora divergens,0,1,0,,0,0,0,0,
30,305,303,Urb.,38297,6005,Rhynchospora domingensis,0,1,0,,1,0,0,0,
30,305,303,Kunth,38299,6005,Rhynchospora exaltata,0,1,0,,0,0,0,0,
30,305,303,(Nees) Boeckeler,38300,6005,Rhynchospora eximia,0,1,0,,0,0,0,0,
30,305,303,(Michx.) Vahl,38302,6005,Rhynchospora fascicularis,0,1,0,,0,0,0,0,
30,305,303,A.Gray,38303,6005,Rhynchospora filifolia,0,1,0,,0,0,0,0,
30,305,303,Vahl,38304,6005,Rhynchospora filiformis,0,1,0,,0,0,0,0,
30,305,303,A.Gray,38303,6005,Rhynchospora filifolia,0,1,0,,1,0,1,0,
30,305,303,Britton,38307,6005,Rhynchospora gageri,0,1,0,,1,0,1,0,
30,305,303,Link,38309,6005,Rhynchospora gigantea,0,1,0,,0,0,0,0,
30,305,303,(Kunth) Roem. & Schult.,38310,6005,Rhynchospora globosa,0,1,0,,1,0,1,0,
30,305,303,(Chapm.) Small,38311,6005,Rhynchospora globularis,0,1,0,,0,0,0,0,
30,305,303,(Chapm.) Small,38311,6005,Rhynchospora globularis,0,1,0,,0,0,0,0,
30,305,303,Kunth,38314,6005,Rhynchospora grayi,0,1,0,,0,0,0,0,
30,305,303,(Vahl) Vahl,38315,6005,Rhynchospora hirsuta,0,1,0,,0,0,0,0,
30,305,303,(Rich.) Herter,38317,6005,Rhynchospora holoschoenoides,0,1,0,,0,0,0,0,
30,305,303,Britton,38320,6005,Rhynchospora joveroensis,0,1,0,,1,0,1,0,
30,305,303,C.Wright,38322,6005,Rhynchospora leptorhyncha,0,1,0,,1,0,1,0,
30,305,303,Griseb.,38323,6005,Rhynchospora lindeniana,0,1,0,,0,0,0,0,
30,305,303,Lindl. & Nees,38326,6005,Rhynchospora marisculus,0,1,0,,0,0,0,0,
30,305,303,León,38328,6005,Rhynchospora mayarensis,0,1,0,,1,0,1,0,
30,305,303,Baldwin ex A.Gray,38330,6005,Rhynchospora microcarpa,0,1,0,,0,0,0,0,
30,305,303,(Britton) Britton,38331,6005,Rhynchospora microcephala,0,1,0,,0,0,0,0,
30,305,303,(Lam.) A.Gray,38332,6005,Rhynchospora miliacea,0,1,0,,0,0,0,0,
30,305,303,(Vahl) Boeckeler,38333,6005,Rhynchospora nervosa,0,1,0,,0,0,0,0,
30,305,303,Britton,38334,6005,Rhynchospora nipensis,0,1,0,,1,0,1,0,
30,305,303,(Vahl) A.Gray,38335,6005,Rhynchospora nitens,0,1,0,,0,0,0,0,
30,305,303,Gale,38336,6005,Rhynchospora nuda,0,1,0,,0,0,0,0,
30,305,303,C.Wright ex Griseb.,38337,6005,Rhynchospora odorata,0,1,0,,0,0,0,0,
30,305,303,Britton,38338,6005,Rhynchospora perplexa,0,1,0,,0,0,0,0,
30,305,303,Elliott,38340,6005,Rhynchospora plumosa,0,1,0,,0,0,0,0,
30,305,303,(Vahl) Vahl,38341,6005,Rhynchospora polyphylla,0,1,0,,0,0,0,0,
30,305,303,Griseb.,38342,6005,Rhynchospora pruinosa,0,1,0,,1,0,1,0,
30,305,303,C.Wright,38344,6005,Rhynchospora racemosa,0,1,0,,0,0,0,0,
30,305,303,(Schltdl. & Cham.) H.Pfeiff.,38345,6005,Rhynchospora radicans,0,1,0,,0,0,0,0,
30,305,303,(Michx.) Elliott,38346,6005,Rhynchospora rariflora,0,1,0,,0,0,0,0,
30,305,303,(Gale) Kral,48191,6005,Rhynchospora recognita,0,1,0,,0,0,0,0,
30,305,303,(Vahl) Gale,38348,6005,Rhynchospora rugosa,0,1,0,,0,0,0,0,
30,305,303,Griseb.,38349,6005,Rhynchospora scabrata,0,1,0,,1,0,1,0,
30,305,303,Kük.,38350,6005,Rhynchospora schmidtii,0,1,0,,1,0,1,0,
30,305,303,Griseb.,38353,6005,Rhynchospora scutellata,0,1,0,,0,0,0,0,
30,305,303,Griseb.,38354,6005,Rhynchospora seslerioides,0,1,0,,1,0,1,0,
30,305,303,Britton,38355,6005,Rhynchospora shaferi,0,1,0,,1,0,1,0,
30,305,303,Britton,38356,6005,Rhynchospora siguaneana,0,1,0,,1,0,1,0,
30,305,303,Gale,38358,6005,Rhynchospora sola,0,1,0,,0,0,0,0,
30,305,303,Kük.,38360,6005,Rhynchospora squamulosa,0,1,0,,1,0,1,0,
30,305,303,Griseb.,38362,6005,Rhynchospora subimberbis,0,1,0,,1,0,1,0,
30,305,303,H.Pfeiff.,38364,6005,Rhynchospora subsetigera,0,1,0,,1,0,1,0,
30,305,303,Nees ex Spreng.,38365,6005,Rhynchospora tenerrima,0,1,0,,0,0,0,0,
30,305,303,Griseb.,38366,6005,Rhynchospora tenuifolia,0,1,0,,1,0,0,0,
30,305,303,Link,38367,6005,Rhynchospora tenuis,0,1,0,,0,0,0,0,
30,305,303,Britton,38368,6005,Rhynchospora tracyi,0,1,0,,0,0,0,0,
30,305,303,Vahl,38369,6005,Rhynchospora triflora,0,1,0,,0,0,0,0,
30,305,303,(Nees) Schrad. ex Steud.,38370,6005,Rhynchospora trispicata,0,1,0,,0,0,0,0,
30,305,303,Boeckeler,67566,6005,Rhynchospora biflora,0,1,0,,0,0,0,0,
30,305,303,(Kunth) Boeckeler,38372,6005,Rhynchospora velutina,0,1,0,,0,0,0,0,
30,305,303,Boeckeler,38374,6005,Rhynchospora wrightiana,0,1,0,,0,0,0,0,
30,305,303,(Pers.) Volkart,40455,6238,Schoenoplectus americanus,0,1,0,,0,0,0,0,
30,305,303,(L.) Palla,5501,1763,Bolboschoenus maritimus,0,1,0,,0,0,0,0,
30,305,303,(C.C.Gmel.) Palla,40461,6238,Schoenoplectus tabernaemontani,0,1,0,,0,0,0,0,
30,305,303,L.,40487,6240,Schoenus nigricans,0,1,0,,0,0,0,0,
30,305,303,(Torr.) Steud.,40591,6258,Scleria baldwinii,0,1,0,,0,0,0,0,
30,305,303,Michx.,40596,6258,Scleria ciliata,0,1,0,,0,0,0,0,
30,305,303,Boeckeler,40594,6258,Scleria canescens,0,1,1,,1,0,0,0,
30,305,303,Michx.,40596,6258,Scleria ciliata,0,1,0,,0,0,0,0,
30,305,303,Michx.,40596,6258,Scleria ciliata,0,1,0,,0,0,0,0,
30,305,303,Poir.,40598,6258,Scleria distans,0,1,0,,0,0,0,0,
30,305,303,Boeckeler,40599,6258,Scleria eggersiana,0,1,0,,0,0,0,0,
30,305,303,Core,40602,6258,Scleria georgiana,0,1,0,,0,0,0,0,
30,305,303,Britton,40604,6258,Scleria havanensis,0,1,0,,1,0,0,0,
30,305,303,Sw.,40605,6258,Scleria hirtella,0,1,0,,0,0,0,0,
30,305,303,Rich.,64214,6258,Scleria interrupta,0,1,0,,0,0,0,0,
30,305,303,C.Wright,40606,6258,Scleria lacustris,0,1,0,,0,0,0,0,
30,305,303,(L.) Sw.,40611,6258,Scleria lithosperma,0,1,0,,0,0,0,0,
30,305,303,J.Presl & C.Presl,40613,6258,Scleria macrophylla,0,1,0,,0,0,0,0,
30,305,303,Nees ex Kunth,40614,6258,Scleria microcarpa,0,1,0,,0,0,0,0,
30,305,303,P.J.Bergius,40615,6258,Scleria mitis,0,1,0,,0,0,0,0,
30,305,303,Sw.,40605,6258,Scleria hirtella,0,1,0,,1,0,1,0,
30,305,303,Muhl. ex Willd.,40627,6258,Scleria pauciflora,0,1,0,,0,0,0,0,
30,305,303,Britton,40628,6258,Scleria pilosissima,0,1,0,,1,0,1,0,
30,305,303,Willd.,40635,6258,Scleria scabra,0,1,0,,0,0,0,0,
30,305,303,(L.) Urb.,40638,6258,Scleria secans,0,1,0,,0,0,0,0,
30,305,303,Boeckeler,40639,6258,Scleria setulosociliata,0,1,0,,0,0,0,0,
30,305,303,Muhl. ex Willd.,40649,6258,Scleria verticillata,0,1,0,,0,0,0,0,
30,305,303,Boeckeler,40651,6258,Scleria wrightiana,0,1,0,,1,0,1,0,
30,305,303,Sw.,442956,2026,Carex hamata,0,1,0,,0,0,0,0,
30,305,303,P.Wilson,439654,2671,Cyrilla cubensis,0,1,0,,1,0,1,0,
30,305,303,Urb.,439655,2671,Cyrilla nipensis,0,1,0,,1,0,1,0,
30,305,303,Urb.,439656,2671,Cyrilla nitidissima,0,1,0,,1,0,1,0,
30,305,303,L.,13031,2671,Cyrilla racemiflora,0,1,0,,0,0,0,0,
30,305,303,(A.Rich.) Urb.,37327,5883,Purdiaea cubensis,0,1,0,,1,0,1,0,
30,305,303,Vict.,37328,5883,Purdiaea ekmanii,0,1,0,,1,0,1,0,
30,305,303,Britton & P.Wilson,37329,5883,Purdiaea microphylla,0,1,0,,1,0,1,0,
30,305,303,Vict.,37330,5883,Purdiaea moaensis,0,1,0,,1,0,1,0,
30,305,303,Vict. & León,37331,5883,Purdiaea nipensis,0,1,0,,1,0,1,0,
30,305,303,Vict. & León,37331,5883,Purdiaea nipensis,0,1,0,,1,0,1,0,
30,305,303,Vict.,37332,5883,Purdiaea ophiticola,0,1,0,,1,0,1,0,
30,305,303,(Vict.) J.L.Thomas,37333,5883,Purdiaea parvifolia,0,1,0,,1,0,1,0,
30,305,303,Britton & P.Wilson,37334,5883,Purdiaea shaferi,0,1,0,,1,0,1,0,
30,305,303,Griseb.,37335,5883,Purdiaea stenopetala,0,1,0,,1,0,1,0,
30,305,303,Britton & F.Wilson,37336,5883,Purdiaea velutina,0,1,0,,1,0,1,0,
30,305,303,(Poepp.) Griseb.,43944,6682,Tapura cubensis,0,1,0,,1,0,1,0,
30,305,303,Ekman ex Urb.,43947,6682,Tapura orbicularis,0,1,0,,1,0,1,0,
30,305,303,L.,12232,2610,Curatella americana,0,1,0,,0,0,0,0,
30,305,303,(Vahl) Kubitzki,13515,2740,Davilla nitida,0,1,0,,0,0,0,0,
30,305,303,L.,14359,2854,Dillenia indica,0,0,0,,0,0,0,0,
30,305,303,(Aubl.) Standl.,14898,2941,Doliocarpus dentatus,0,1,0,,0,0,0,0,
30,305,303,Standl.,14900,2941,Doliocarpus multiflorus,0,1,0,,0,0,0,0,
30,305,303,L.,44569,6720,Tetracera volubilis,0,1,0,,0,0,0,0,
30,305,303,L.,14405,2867,Dioscorea alata,0,0,0,,0,0,0,0,
30,305,303,L.,14410,2867,Dioscorea bulbifera,0,0,0,,0,0,0,0,
30,305,303,Lam.,78028,2867,Dioscorea cayenensis,0,0,0,,0,0,0,0,
30,305,303,R.Knuth,14415,2867,Dioscorea cubensis,0,1,0,,1,0,1,0,
30,305,303,(Lour.) Burkill,14419,2867,Dioscorea esculenta,0,0,0,,0,0,0,0,
30,305,303,R.A.Howard,14428,2867,Dioscorea nipensis,0,1,0,,1,0,1,0,
30,305,303,Humb. & Bonpl. ex Willd.,14436,2867,Dioscorea polygonoides,0,1,0,,0,0,0,0,
30,305,303,(Uline ex R.Knuth) Raz,417836,2867,Dioscorea cephalocarpa,0,1,0,,1,0,1,0,
30,305,303,Griseb.,14447,2867,Dioscorea tamoidea,0,1,0,,1,0,0,0,
30,305,303,L.f.,14451,2867,Dioscorea trifida,0,0,0,,0,0,0,0,
30,305,303,Uline ex R.Knuth,14453,2867,Dioscorea wrightii,0,1,0,,1,0,1,0,
30,305,303,(Uline ex R.Knuth) Raz,417836,2867,Dioscorea cephalocarpa,0,1,0,,1,0,1,0,
30,305,303,(L.) Raz,417838,2867,Dioscorea cordata,0,1,0,,1,0,0,0,
30,305,303,C.Wright,442145,2867,Dioscorea scorpioidea,0,1,0,,1,0,1,0,
30,305,303,(Kunth) Greuter & J.Pérez,442146,2867,Dioscorea microphylla,0,1,0,,1,0,0,0,
30,305,303,Raz,417840,2867,Dioscorea introrsa,0,1,0,,1,0,1,0,
30,305,303,R.Knuth,442147,2867,Dioscorea haitiensis,0,1,0,,1,0,0,0,
30,305,303,(R.Knuth) Raz,417843,2867,Dioscorea porulosa,0,1,0,,1,0,1,0,
30,305,303,(Kunth) Raz,417844,2867,Dioscorea psilostachya,0,1,0,,1,0,1,0,
30,305,303,(L.) Raz,417845,2867,Dioscorea quinquefolia,0,1,0,,1,0,0,0,
30,305,303,Raz,417846,2867,Dioscorea richardhowardii,0,1,0,,1,0,1,0,
30,305,303,(R.Knuth) Raz,417835,2867,Dioscorea baracoensis,0,1,0,,1,0,0,0,
30,305,303,(Uline ex R.Knuth) Raz,417847,2867,Dioscorea theresensis,0,1,0,,1,0,1,0,
30,305,303,(Kunth) Raz,417844,2867,Dioscorea psilostachya,0,1,0,,1,0,1,0,
30,305,303,(L.) Ker Gawl.,15037,2960,Dracaena fragrans,0,0,0,,0,0,0,0,
30,305,303,(L.) Mabb.,442314,2960,Dracaena hyacinthoides,0,0,0,,0,0,0,0,
30,305,303,(Prain) Mabb.,442318,2960,Dracaena trifasciata,0,0,0,,0,0,0,0,
30,305,303,Pursh,15130,2975,Drosera brevifolia,0,1,0,,0,0,0,0,
30,305,303,Poir.,15133,2975,Drosera capillaris,0,1,0,,0,0,0,0,
30,305,303,Hayne,15137,2975,Drosera intermedia,0,1,0,,0,0,0,0,
30,305,303,S.F.Blake,14455,2868,Diospyros anisandra,0,1,0,,0,0,0,0,
30,305,303,(A.DC.) Standl.,14464,2868,Diospyros caribaea,0,1,0,,1,0,0,0,
30,305,303,(Hiern) Standl.,14485,2868,Diospyros grisebachii,0,1,0,,1,0,1,0,
30,305,303,Griseb.,14487,2868,Diospyros halesioides,0,1,0,,1,0,1,0,
30,305,303,(Britton & P.Wilson) Standl.,439850,2868,Diospyros × leonis,0,1,0,,1,0,1,0,
30,305,303,Sw.,14543,2868,Diospyros tetrasperma,0,1,0,,0,0,0,0,
30,305,303,L.,29526,4821,Muntingia calabura,0,0,0,,0,0,0,0,
30,305,303,Griseb.,41795,6405,Sloanea amygdalina,0,1,0,,1,0,0,0,
30,305,303,Griseb.,41799,6405,Sloanea curatellifolia,0,1,0,,1,0,1,0,
30,305,303,L.,5034,1690,Bergia capensis,0,1,0,,0,0,0,0,
30,305,303,Griseb.,4954,1668,Bejaria cubensis,0,1,0,,1,0,1,0,
30,305,303,Griseb.,24221,4034,Kalmia ericoides,0,1,0,,1,0,1,0,
30,305,303,(A.Rich.) Urb.,27073,4431,Lyonia affinis,0,1,0,,1,0,1,0,
30,305,303,Urb.,27077,4431,Lyonia ekmanii,0,1,0,,1,0,1,0,
30,305,303,(Small) Alain,27078,4431,Lyonia elliptica,0,1,0,,1,0,1,0,
30,305,303,(A.Rich.) Griseb.,27079,4431,Lyonia glandulosa,0,1,0,,1,0,1,0,
30,305,303,(A.Rich.) Griseb.,27082,4431,Lyonia latifolia,0,1,0,,1,0,1,0,
30,305,303,Urb.,27084,4431,Lyonia longipes,0,1,0,,1,0,1,0,
30,305,303,(Lam.) K.Koch,27085,4431,Lyonia lucida,0,1,0,,0,0,0,0,
30,305,303,(Britton) Ekman ex Urb.,27086,4431,Lyonia macrophylla,0,1,0,,1,0,1,0,
30,305,303,Acuña & Roíg,27087,4431,Lyonia maestrensis,0,1,0,,1,0,1,0,
30,305,303,Griseb.,27090,4431,Lyonia myrtilloides,0,1,0,,1,0,1,0,
30,305,303,Urb.,27091,4431,Lyonia nipensis,0,1,0,,1,0,1,0,
30,305,303,Griseb.,27092,4431,Lyonia obtusa,0,1,0,,1,0,1,0,
30,305,303,(Griseb.) Small,33856,5540,Pieris cubensis,0,1,0,,1,0,1,0,
30,305,303,Griseb.,46315,7029,Vaccinium cubense,0,1,0,,1,0,1,0,
30,305,303,Acuña & Roíg,46328,7029,Vaccinium leonis,0,1,0,,1,0,1,0,
30,305,303,Acuña & Roíg,46344,7029,Vaccinium shaferi,0,1,0,,1,0,1,0,
30,305,303,Britton & Small,16866,3167,Eriocaulon arenicola,0,1,0,,1,0,1,0,
30,305,303,Ruhland,16872,3167,Eriocaulon cubense,0,1,0,,1,0,1,0,
30,305,303,Ruhland,16874,3167,Eriocaulon echinospermoideum,0,1,0,,1,0,1,0,
30,305,303,C.Wright,16875,3167,Eriocaulon echinospermum,0,1,0,,1,0,1,0,
30,305,303,Ruhland,16876,3167,Eriocaulon ekmannii,0,1,0,,1,0,1,0,
30,305,303,Griseb.,16877,3167,Eriocaulon fuliginosum,0,1,0,,0,0,0,0,
30,305,303,Kunth,16880,3167,Eriocaulon melanocephalum,0,1,0,,0,0,0,0,
30,305,303,Ruhland,16881,3167,Eriocaulon minutissimum,0,1,0,,1,0,1,0,
30,305,303,Ruhland,16883,3167,Eriocaulon miserrimum,0,1,0,,1,0,1,0,
30,305,303,Britton & Small,16888,3167,Eriocaulon ovoideum,0,1,0,,1,0,1,0,
30,305,303,Ruhland,16891,3167,Eriocaulon pseudocompressum,0,1,0,,1,0,1,0,
30,305,303,Ruhland,16894,3167,Eriocaulon sclerocephalum,0,1,0,,1,0,1,0,
30,305,303,C.Wright,16898,3167,Eriocaulon sigmoideum,0,1,0,,1,0,1,0,
30,305,303,(Walter) Christenh. & Byng,440781,5238,Paepalanthus anceps,0,1,0,,0,0,0,0,
30,305,303,(Ruhland) Christenh. & Byng,440782,5238,Paepalanthus cubensis,0,1,0,,1,0,1,0,
30,305,303,(Ruhland) Christenh. & Byng,440783,5238,Paepalanthus ekmanii,0,1,0,,1,0,1,0,
30,305,303,Kunth,31710,5238,Paepalanthus lamarckii,0,1,0,,0,0,0,0,
30,305,303,Griseb.,31713,5238,Paepalanthus pungens,0,1,0,,1,0,1,0,
30,305,303,C.Wright,31715,5238,Paepalanthus retusus,0,1,0,,1,0,1,0,
30,305,303,Moldenke,31716,5238,Paepalanthus riparius,0,1,0,,1,0,1,0,
30,305,303,Griseb.,31717,5238,Paepalanthus seslerioides,0,1,0,,1,0,1,0,
30,305,303,(Griseb.) Ruhland,43477,6646,Syngonanthus androsaceus,0,1,0,,1,0,1,0,
30,305,303,Moldenke,43478,6646,Syngonanthus insularis,0,1,0,,1,0,1,0,
30,305,303,(Griseb.) Ruhland,43479,6646,Syngonanthus lagopodioides,0,1,0,,1,0,1,0,
30,305,303,(Aubl.) Christenh. & Byng,442837,5238,Paepalanthus fluviatilis,0,1,0,,0,0,0,0,
30,305,303,A.Rich.,17126,3202,Erythroxylum alaternifolium,0,1,0,,1,0,1,0,
30,305,303,A.Rich.,17126,3202,Erythroxylum alaternifolium,0,1,0,,1,0,1,0,
30,305,303,A.Rich.,17126,3202,Erythroxylum alaternifolium,0,1,0,,1,0,1,0,
30,305,303,L.,17127,3202,Erythroxylum areolatum,0,1,0,,0,0,0,0,
30,305,303,Oviedo & Borhidi,17128,3202,Erythroxylum armatum,0,1,0,,1,0,1,0,
30,305,303,Borhidi,17130,3202,Erythroxylum baracoense,0,1,0,,1,0,1,0,
30,305,303,DC.,17131,3202,Erythroxylum brevipes,0,1,0,,1,0,0,0,
30,305,303,Borhidi,17132,3202,Erythroxylum clarense,0,1,0,,1,0,1,0,
30,305,303,Britton,17133,3202,Erythroxylum confusum,0,1,0,,0,0,0,0,
30,305,303,Britton & P.Wilson,17134,3202,Erythroxylum coriaceum,0,1,0,,1,0,1,0,
30,305,303,Alain,17138,3202,Erythroxylum dumosum,0,1,0,,1,0,1,0,
30,305,303,Griseb.,17149,3202,Erythroxylum minutifolium,0,1,0,,1,0,1,0,
30,305,303,Borhidi,17140,3202,Erythroxylum flavicans,0,1,0,,1,0,1,0,
30,305,303,DC.,17131,3202,Erythroxylum brevipes,0,1,0,,1,0,0,0,
30,305,303,Borhidi & Oviedo,17142,3202,Erythroxylum horridum,0,1,0,,1,0,1,0,
30,305,303,O.E.Schulz,17148,3202,Erythroxylum longipes,0,1,0,,1,0,1,0,
30,305,303,Griseb.,17149,3202,Erythroxylum minutifolium,0,1,0,,1,0,0,0,
30,305,303,(Griseb.) O.E.Schulz,17155,3202,Erythroxylum pedicellare,0,1,0,,1,0,1,0,
30,305,303,Britton & P.Wilson,17158,3202,Erythroxylum roigii,0,1,0,,1,0,1,0,
30,305,303,Lunan,17159,3202,Erythroxylum rotundifolium,0,1,0,,0,0,0,0,
30,305,303,Cav.,17160,3202,Erythroxylum rufum,0,1,0,,0,0,0,0,
30,305,303,Jacq.,438136,965,Acalypha alopecuroidea,0,1,0,,0,0,0,0,
30,305,303,(Lam.) Müll.Arg.,277,965,Acalypha chamaedrifolia,0,1,0,,0,0,0,0,
30,305,303,Urb.,282,965,Acalypha cubensis,0,1,0,,1,0,1,0,
30,305,303,Jacq.,283,965,Acalypha cuspidata,0,1,0,,0,0,0,0,
30,305,303,Müll.Arg.,284,965,Acalypha distans,0,1,0,,1,0,1,0,
30,305,303,Müll.Arg.,295,965,Acalypha havanensis,0,1,0,,1,0,1,0,
30,305,303,Müll.Arg.,304,965,Acalypha laxiflora,0,1,0,,0,0,0,0,
30,305,303,Müll.Arg.,307,965,Acalypha leptorhachis,0,1,0,,1,0,1,0,
30,305,303,A.Rich.,310,965,Acalypha membranacea,0,1,0,,0,0,0,0,
30,305,303,Müll.Arg.,438137,965,Acalypha persimilis,0,1,0,,0,0,0,0,
30,305,303,Urb.,328,965,Acalypha rupestris,0,1,0,,1,0,1,0,
30,305,303,A.Rich.,331,965,Acalypha setosa,0,1,0,,0,0,0,0,
30,305,303,Borhidi & O.Muñiz,473,991,Acidocroton acunae,0,1,0,,1,0,1,0,
30,305,303,Griseb.,474,991,Acidocroton adelioides,0,1,0,,1,0,1,0,
30,305,303,Urb.,475,991,Acidocroton ekmanii,0,1,0,,1,0,1,0,
30,305,303,Urb.,478,991,Acidocroton lobulatus,0,1,0,,1,0,1,0,
30,305,303,Urb.,480,991,Acidocroton oligostemon,0,1,0,,1,0,1,0,
30,305,303,Urb.,481,991,Acidocroton trichophyllus,0,1,0,,1,0,1,0,
30,305,303,Urb.,481,991,Acidocroton trichophyllus,0,1,0,,1,0,1,0,
30,305,303,(Griseb.) Urb.,704,1038,Actinostemon brachypodus,0,1,0,,1,0,1,0,
30,305,303,L.,716,1043,Adelia ricinella,0,1,0,,0,0,0,0,
30,305,303,Sw.,1421,1154,Alchornea latifolia,0,1,0,,0,0,0,0,
30,305,303,(L.) Willd.,1442,1160,Aleurites moluccanus,0,0,0,,0,0,0,0,
30,305,303,Urb.,2213,1292,Andrachne brittonii,0,1,0,,1,0,0,0,
30,305,303,Sw.,3173,1460,Argythamnia candicans,0,1,0,,1,0,0,0,
30,305,303,Britton & P.Wilson,3174,1460,Argythamnia cubensis,0,1,0,,1,0,1,0,
30,305,303,J.W.Ingram,3175,1460,Argythamnia heteropilosa,0,1,0,,1,0,1,0,
30,305,303,Pax,3177,1460,Argythamnia microphylla,0,1,0,,1,0,1,0,
30,305,303,(Griseb.) G.L.Webster,4134,1536,Astrocasia tremula,0,1,0,,0,0,0,0,
30,305,303,(Jacq.) Müll.Arg.,5037,1692,Bernardia corensis,0,1,0,,0,0,0,0,
30,305,303,(Willd.) Müll.Arg.,5038,1692,Bernardia dichotoma,0,1,0,,1,0,0,0,
30,305,303,A.Rich.,5516,1770,Bonania cubana,0,1,0,,1,0,0,0,
30,305,303,A.Rich.,5516,1770,Bonania cubana,0,1,0,,1,0,1,0,
30,305,303,Urb.,5518,1770,Bonania elliptica,0,1,0,,1,0,1,0,
30,305,303,Urb.,5518,1770,Bonania elliptica,0,1,0,,1,0,1,0,
30,305,303,C.Wright ex Griseb.,5519,1770,Bonania emarginata,0,1,0,,1,0,1,0,
30,305,303,C.Wright ex Griseb.,5519,1770,Bonania emarginata,0,1,0,,1,0,1,0,
30,305,303,C.Wright ex Griseb.,5519,1770,Bonania emarginata,0,1,0,,1,0,1,0,
30,305,303,(Griseb.) Benth. & Hook.f.,5522,1770,Bonania myricifolia,0,1,0,,1,0,1,0,
30,305,303,J.R.Forst. & G.Forst.,5840,1829,Breynia disticha,0,0,0,,0,0,0,0,
30,305,303,(L.) A.St.-Hil.,7617,2005,Caperonia castaneifolia,0,1,0,,0,0,0,0,
30,305,303,Pax & K.Hoffm.,7618,2005,Caperonia cubana,0,1,0,,1,0,1,0,
30,305,303,(L.) A.St.-Hil.,7620,2005,Caperonia palustris,0,1,0,,0,0,0,0,
30,305,303,(Sw.) Fawc. & Rendle,9055,2166,Chaetocarpus globosus,0,1,0,,1,0,0,0,
30,305,303,Borhidi,9056,2166,Chaetocarpus parvifolius,0,1,0,,1,0,1,0,
30,305,303,(Griseb.) Urb.,9164,2190,Chascotheca neopeltandra,0,1,0,,1,0,0,0,
30,305,303,(Mill.) I.M.Johnst.,10223,2357,Cnidoscolus aconitifolius,0,0,0,,0,0,0,0,
30,305,303,(Ekman ex Urb.) León,10225,2357,Cnidoscolus bellator,0,1,0,,1,0,1,0,
30,305,303,León,10227,2357,Cnidoscolus matosii,0,1,0,,1,0,1,0,
30,305,303,(M.Gómez) McVaugh,10229,2357,Cnidoscolus rangel,0,1,0,,1,0,1,0,
30,305,303,(L.) Arthur,10231,2357,Cnidoscolus urens,0,1,0,,0,0,0,0,
30,305,303,Borhidi,11781,2566,Croton acunae,0,1,0,,1,0,1,0,
30,305,303,Vahl,11792,2566,Croton betulinus,0,1,0,,1,0,0,0,
30,305,303,C.Wright,11793,2566,Croton bispinosus,0,1,0,,1,0,1,0,
30,305,303,O.Muñiz,11795,2566,Croton borhidii,0,1,0,,1,0,1,0,
30,305,303,Müll.Arg.,11804,2566,Croton cerinus,0,1,0,,1,0,1,0,
30,305,303,Borhidi,11809,2566,Croton corallicola,0,1,0,,1,0,1,0,
30,305,303,Lam.,11812,2566,Croton corylifolius,0,1,0,,0,0,0,0,
30,305,303,Borhidi & O.Muñiz,11817,2566,Croton cycloideus,0,1,0,,1,0,1,0,
30,305,303,(L.) W.Wright,11820,2566,Croton eluteria,0,1,0,,1,0,0,0,
30,305,303,L.,11823,2566,Croton flavens,0,1,0,,0,0,0,0,
30,305,303,L.,11825,2566,Croton glandulosus,0,1,0,,0,0,0,0,
30,305,303,Borhidi,11834,2566,Croton holguinensis,0,1,0,,1,0,1,0,
30,305,303,Borhidi,11841,2566,Croton jaucoensis,0,1,0,,1,0,1,0,
30,305,303,Ham.,11862,2566,Croton microcarpus,0,1,0,,1,0,0,0,
30,305,303,Borhidi,11864,2566,Croton miraflorensis,0,1,0,,1,0,1,0,
30,305,303,Borhidi,11868,2566,Croton munizii,0,1,0,,1,0,1,0,
30,305,303,Jacq.,11871,2566,Croton niveus,0,1,0,,0,0,0,0,
30,305,303,Borhidi,11873,2566,Croton ophiticola,0,1,0,,1,0,1,0,
30,305,303,Borhidi,11874,2566,Croton orientensis,0,1,0,,1,0,1,0,
30,305,303,Griseb.,11902,2566,Croton stenophyllus,0,1,0,,1,0,0,0,
30,305,303,Borhidi & O.Muñiz,11903,2566,Croton subdecumbens,0,1,0,,1,0,1,0,
30,305,303,C.Wright ex Griseb.,13381,2708,Dalechampia denticulata,0,1,0,,1,0,1,0,
30,305,303,L.,13383,2708,Dalechampia scandens,0,1,0,,0,0,0,0,
30,305,303,Borhidi,14855,2929,Ditta maestrensis,0,1,0,,1,0,1,0,
30,305,303,Griseb.,14856,2929,Ditta myricoides,0,1,0,,1,0,0,0,
30,305,303,Poit.,15332,2991,Drypetes alba,0,1,0,,1,0,0,0,
30,305,303,(Sw.) Krug & Urb.,15353,2991,Drypetes lateriflora,0,1,0,,0,0,0,0,
30,305,303,C.Wright ex Griseb.,15358,2991,Drypetes mucronata,0,1,0,,1,0,0,0,
30,305,303,L.,17830,3237,Euphorbia heterophylla,0,1,0,,0,0,0,0,
30,305,303,Urb.,17823,3237,Euphorbia helenae,0,1,0,,1,0,1,0,
30,305,303,L.,17830,3237,Euphorbia heterophylla,0,1,0,,0,0,0,0,
30,305,303,L.,17834,3237,Euphorbia hirta,0,1,0,,0,0,0,0,
30,305,303,L.,17838,3237,Euphorbia hyssopifolia,0,1,0,,0,0,0,0,
30,305,303,Haw.,17849,3237,Euphorbia lactea,0,0,0,,0,0,0,0,
30,305,303,Klotzsch,17854,3237,Euphorbia lasiocarpa,0,1,0,,0,0,0,0,
30,305,303,Jacq.,17877,3237,Euphorbia mesembryanthemifolia,0,1,0,,0,0,0,0,
30,305,303,Borhidi,17888,3237,Euphorbia munizii,0,1,0,,1,0,1,0,
30,305,303,L.,17892,3237,Euphorbia neriifolia,0,0,0,,0,0,0,0,
30,305,303,Aiton,17927,3237,Euphorbia prostrata,0,1,0,,0,0,0,0,
30,305,303,Willd. ex Klotzsch,17930,3237,Euphorbia pulcherrima,0,0,0,,0,0,0,0,
30,305,303,Kunth,17949,3237,Euphorbia serpens,0,1,0,,0,0,0,0,
30,305,303,L.,17972,3237,Euphorbia thymifolia,0,1,0,,0,0,0,0,
30,305,303,L.,17973,3237,Euphorbia tirucalli,0,0,0,,0,0,0,0,
30,305,303,(L.) G.L.Webster,18764,3345,Flueggea acidoton,0,1,0,,1,0,0,0,
30,305,303,Vahl ex Rohr,19253,3407,Garcia nutans,0,0,0,,0,0,0,0,
30,305,303,(A.Rich.) Urb.,20462,3567,Grimmeodendron eglandulosum,0,1,0,,1,0,0,0,
30,305,303,(Griseb.) Urb.,20687,3599,Gymnanthes albicans,0,1,0,,1,0,1,0,
30,305,303,(Sw.) Müll.Arg.,440350,6289,Sebastiania glandulosa,0,1,0,,1,0,0,0,
30,305,303,Sw.,20692,3599,Gymnanthes lucida,0,1,0,,0,0,0,0,
30,305,303,(Griseb.) Müll.Arg.,20693,3599,Gymnanthes pallens,0,1,0,,1,0,0,0,
30,305,303,Urb.,20694,3599,Gymnanthes recurva,0,1,0,,1,0,1,0,
30,305,303,(Willd. ex A.Juss.) Müll.Arg.,21621,3783,Hevea brasiliensis,0,0,0,,0,0,0,0,
30,305,303,L.,22171,3804,Hippomane mancinella,0,1,0,,0,0,0,0,
30,305,303,L.,22506,3869,Hura crepitans,0,1,0,,0,0,0,0,
30,305,303,(Tul.) Griseb.,22126,3791,Hieronyma clusioides,0,1,0,,1,0,0,0,
30,305,303,Urb.,22127,3791,Hieronyma crassistipula,0,1,0,,1,0,1,0,
30,305,303,Müll.Arg.,22128,3791,Hieronyma cubana,0,1,0,,1,0,1,0,
30,305,303,Urb.,22130,3791,Hieronyma havanensis,0,1,0,,1,0,1,0,
30,305,303,Urb.,22133,3791,Hieronyma nipensis,0,1,0,,1,0,1,0,
30,305,303,Urb.,22134,3791,Hieronyma ovata,0,1,0,,1,0,1,0,
30,305,303,Urb.,22135,3791,Hieronyma paucinervis,0,1,0,,1,0,1,0,
30,305,303,Griseb.,23902,4013,Jatropha angustifolia,0,1,0,,1,0,1,0,
30,305,303,L.,23905,4013,Jatropha curcas,0,0,0,,0,0,0,0,
30,305,303,L.,23907,4013,Jatropha gossypiifolia,0,1,0,,0,0,0,0,
30,305,303,Jacq.,23909,4013,Jatropha integerrima,0,1,0,,0,0,0,0,
30,305,303,Griseb.,23914,4013,Jatropha tupifolia,0,1,0,,1,0,1,0,
30,305,303,L.,23912,4013,Jatropha multifida,0,1,0,,0,0,0,0,
30,305,303,Hook.,23913,4013,Jatropha podagrica,0,0,0,,0,0,0,0,
30,305,303,Griseb.,23914,4013,Jatropha tupifolia,0,1,0,,1,0,1,0,
30,305,303,Pax & K.Hoffm.,24805,4163,Lasiocroton bahamensis,0,1,0,,1,0,0,0,
30,305,303,Britton & P.Wilson,24807,4163,Lasiocroton gracilis,0,1,0,,1,0,1,0,
30,305,303,Borhidi,25577,4282,Leucocroton acunae,0,1,0,,1,0,1,0,
30,305,303,Borhidi,25578,4282,Leucocroton anomalus,0,1,0,,1,0,1,0,
30,305,303,Urb.,25579,4282,Leucocroton bracteosus,0,1,0,,1,0,1,0,
30,305,303,Alain,25580,4282,Leucocroton brittonii,0,1,0,,1,0,1,0,
30,305,303,Urb.,25581,4282,Leucocroton comosus,0,1,0,,1,0,1,0,
30,305,303,(Britton & P.Wilson) Alain,25582,4282,Leucocroton cordifolius,0,1,0,,1,0,1,0,
30,305,303,Urb.,25581,4282,Leucocroton comosus,0,1,0,,1,0,1,0,
30,305,303,Urb.,25583,4282,Leucocroton discolor,0,1,0,,1,0,1,0,
30,305,303,Urb.,25584,4282,Leucocroton ekmanii,0,1,0,,1,0,1,0,
30,305,303,Müll.Arg.,25585,4282,Leucocroton flavicans,0,1,0,,1,0,1,0,
30,305,303,Borhidi,25586,4282,Leucocroton havanensis,0,1,0,,1,0,1,0,
30,305,303,Borhidi,25587,4282,Leucocroton incrustatus,0,1,0,,1,0,1,0,
30,305,303,Britton,25588,4282,Leucocroton linearifolius,0,1,0,,1,0,1,0,
30,305,303,Borhidi,25589,4282,Leucocroton longibracteatus,0,1,0,,1,0,1,0,
30,305,303,(A.Rich.) Jestrow,24810,4163,Lasiocroton microphyllus,0,1,0,,1,0,1,0,
30,305,303,Borhidi & O.Muñiz,25590,4282,Leucocroton moaensis,0,1,0,,1,0,1,0,
30,305,303,Borhidi,25591,4282,Leucocroton moncadae,0,1,0,,1,0,1,0,
30,305,303,Urb.,25592,4282,Leucocroton obovatus,0,1,0,,1,0,1,0,
30,305,303,Borhidi,25593,4282,Leucocroton pachyphylloides,0,1,0,,1,0,1,0,
30,305,303,Urb.,25594,4282,Leucocroton pachyphyllus,0,1,0,,1,0,1,0,
30,305,303,Britton & P.Wilson,25595,4282,Leucocroton pallidus,0,1,0,,1,0,1,0,
30,305,303,C.Wright,25596,4282,Leucocroton revolutus,0,1,0,,1,0,1,0,
30,305,303,Borhidi,25597,4282,Leucocroton sameki,0,1,0,,1,0,1,0,
30,305,303,Britton,25598,4282,Leucocroton saxicola,0,1,0,,1,0,1,0,
30,305,303,Urb.,25599,4282,Leucocroton stenophyllus,0,1,0,,1,0,1,0,
30,305,303,(Urb.) Alain,25600,4282,Leucocroton subpeltatus,0,1,0,,1,0,1,0,
30,305,303,Griseb.,25601,4282,Leucocroton virens,0,1,0,,1,0,1,0,
30,305,303,Griseb.,25601,4282,Leucocroton virens,0,1,0,,1,0,1,0,
30,305,303,Griseb.,25602,4282,Leucocroton wrightii,0,1,0,,1,0,1,0,
30,305,303,Crantz,27706,4521,Manihot esculenta,0,0,0,,0,0,0,0,
30,305,303,L.f.,27793,4542,Margaritaria nobilis,0,1,0,,0,0,0,0,
30,305,303,(C.Wright ex Griseb.) G.L.Webster,27794,4542,Margaritaria scandens,0,1,0,,1,0,0,0,
30,305,303,(Baill.) G.L.Webster,27795,4542,Margaritaria tetracocca,0,1,0,,1,0,0,0,
30,305,303,L.,30877,5097,Omphalea diandra,0,1,0,,0,0,0,0,
30,305,303,Griseb.,30879,5097,Omphalea hypoleuca,0,1,0,,1,0,1,0,
30,305,303,Müll.Arg.,30882,5097,Omphalea trichotoma,0,1,0,,1,0,1,0,
30,305,303,L.,17974,3237,Euphorbia tithymaloides,0,1,0,,0,0,0,0,
30,305,303,Griseb.,32851,5384,Pera bumeliifolia,0,1,0,,1,0,0,0,
30,305,303,Urb.,32852,5384,Pera ekmanii,0,1,0,,1,0,1,0,
30,305,303,Britton & P.Wilson,32854,5384,Pera longipes,0,1,0,,1,0,1,0,
30,305,303,Urb.,32855,5384,Pera microcarpa,0,1,0,,1,0,1,0,
30,305,303,Griseb.,32856,5384,Pera oppositifolia,0,1,0,,1,0,1,0,
30,305,303,Borhidi,32857,5384,Pera orientensis,0,1,0,,1,0,1,0,
30,305,303,Urb.,32858,5384,Pera ovalifolia,0,1,0,,1,0,1,0,
30,305,303,Britton & P.Wilson,32859,5384,Pera pallidifolia,0,1,0,,1,0,1,0,
30,305,303,Urb.,32860,5384,Pera polylepis,0,1,0,,1,0,1,0,
30,305,303,Urb.,32860,5384,Pera polylepis,0,1,0,,1,0,1,0,
30,305,303,(L.) Skeels,33409,5501,Phyllanthus acidus,0,0,0,,0,0,0,0,
30,305,303,Vahl,33410,5501,Phyllanthus acuminatus,0,1,0,,0,0,0,0,
30,305,303,Schumach. & Thonn.,33412,5501,Phyllanthus amarus,0,1,0,,0,0,0,0,
30,305,303,(Sw.) Sw.,33416,5501,Phyllanthus angustifolius,0,1,0,,1,0,0,0,
30,305,303,Walter,33446,5501,Phyllanthus caroliniensis,0,1,0,,0,0,0,0,
30,305,303,L.,33490,5501,Phyllanthus epiphyllanthus,0,1,0,,1,0,0,0,
30,305,303,G.L.Webster,33501,5501,Phyllanthus fraternus,0,0,0,,0,0,0,0,
30,305,303,Willd.,33521,5501,Phyllanthus juglandifolius,0,1,0,,0,0,0,0,
30,305,303,C.Wright ex Griseb.,33596,5501,Phyllanthus pentaphyllus,0,1,0,,0,0,0,0,
30,305,303,(Raf.) G.L.Webster,33640,5501,Phyllanthus stipulatus,0,1,0,,0,0,0,0,
30,305,303,(L.) Krug & Urb.,33847,5538,Picrodendron baccatum,0,1,0,,1,0,0,0,
30,305,303,Alain,34961,5609,Platygyna dentata,0,1,0,,1,0,1,0,
30,305,303,(Jacq.) Müll.Arg.,34962,5609,Platygyna hexandra,0,1,0,,1,0,0,0,
30,305,303,Alain,34963,5609,Platygyna leonis,0,1,0,,1,0,1,0,
30,305,303,Borhidi,34964,5609,Platygyna obovata,0,1,0,,1,0,1,0,
30,305,303,Alain,34965,5609,Platygyna parvifolia,0,1,0,,1,0,1,0,
30,305,303,Borhidi,34966,5609,Platygyna triandra,0,1,0,,1,0,1,0,
30,305,303,R.A.Howard,34967,5609,Platygyna volubilis,0,1,0,,1,0,1,0,
30,305,303,L.,38443,6020,Ricinus communis,0,0,0,,0,0,0,0,
30,305,303,Griseb.,39944,6140,Sapium adenodon,0,1,0,,1,0,1,0,
30,305,303,Griseb.,39947,6140,Sapium daphnoides,0,1,0,,1,0,0,0,
30,305,303,C.Wright ex Griseb.,39952,6140,Sapium leucogynum,0,1,0,,1,0,1,0,
30,305,303,Alain,39953,6140,Sapium parvifolium,0,1,0,,1,0,1,0,
30,305,303,(Sw.) Willd.,40093,6183,Savia sessiliflora,0,1,0,,0,0,0,0,
30,305,303,Urb.,45429,6863,Tragia cubensis,0,1,0,,1,0,1,0,
30,305,303,Griseb.,45431,6863,Tragia gracilis,0,1,0,,1,0,1,0,
30,305,303,L.,45435,6863,Tragia volubilis,0,1,0,,0,0,0,0,
30,305,303,L.,59,960,Abrus precatorius,0,0,0,,0,0,0,0,
30,305,303,L.,721,1046,Adenanthera pavonina,0,0,0,,0,0,0,0,
30,305,303,L.,979,1095,Aeschynomene americana,0,1,0,,0,0,0,0,
30,305,303,"(Poir.) D.B.O.S.Cardoso, P.L.R.Moraes & H.C.Lima",438216,19964,Ctenodon brasilianus,0,1,0,,0,0,0,0,
30,305,303,C.Wright,984,1095,Aeschynomene evenia,0,1,0,,0,0,0,0,
30,305,303,Mart. ex Benth.,985,1095,Aeschynomene filosa,0,1,0,,0,0,0,0,
30,305,303,Vell.,986,1095,Aeschynomene fluminensis,0,1,0,,0,0,0,0,
30,305,303,Vell.,986,1095,Aeschynomene fluminensis,0,1,0,,1,0,1,0,
30,305,303,Small,993,1095,Aeschynomene pratensis,0,1,0,,0,0,0,0,
30,305,303,Benth.,994,1095,Aeschynomene rudis,0,1,0,,0,0,0,0,
30,305,303,Sw.,996,1095,Aeschynomene sensitiva,0,1,0,,0,0,0,0,
30,305,303,Griseb.,998,1095,Aeschynomene tenuis,0,1,0,,1,0,1,0,
30,305,303,Poir.,999,1095,Aeschynomene villosa,0,1,0,,0,0,0,0,
30,305,303,"(L.) Britton, Sterns & Poggenb.",1000,1095,Aeschynomene virginica,0,1,0,,0,0,0,0,
30,305,303,Michx.,1001,1095,Aeschynomene viscidula,0,1,0,,0,0,0,0,
30,305,303,(L.) Benth.,1381,1150,Albizia lebbeck,0,0,0,,0,0,0,0,
30,305,303,(Roxb.) Benth.,1386,1150,Albizia procera,0,0,0,,0,0,0,0,
30,305,303,(L.) DC.,1868,1209,Alysicarpus vaginalis,0,0,0,,0,0,0,0,
30,305,303,(W.Wright) DC.,2212,1291,Andira inermis,0,1,0,,0,0,0,0,
30,305,303,L.,2805,1411,Arachis hypogaea,0,0,0,,0,0,0,0,
30,305,303,Griseb.,4164,1548,Ateleia apetala,0,1,0,,1,0,0,0,
30,305,303,Griseb.,438589,1548,Ateleia cubensis,0,1,0,,1,0,1,0,
30,305,303,(Bertero ex DC.) D.Dietr.,4165,1548,Ateleia gummifera,0,1,0,,0,0,0,0,
30,305,303,Mohlenbr.,4168,1548,Ateleia salicifolia,0,1,0,,1,0,1,0,
30,305,303,(Pers.) Baill.,4668,1628,Barbieria pinnata,0,1,0,,0,0,0,0,
30,305,303,(Mart.) J.F.Macbr.,4747,1650,Bauhinia bauhinioides,0,0,0,,0,0,0,0,
30,305,303,Hemsl.,4753,1650,Bauhinia dipetala,0,0,0,,0,0,0,0,
30,305,303,L.,4754,1650,Bauhinia divaricata,0,1,0,,0,0,0,0,
30,305,303,P.Wilson,4766,1650,Bauhinia jenningsii,0,0,0,,0,0,0,0,
30,305,303,Kurz,4769,1650,Bauhinia monandra,0,0,0,,0,0,0,0,
30,305,303,L.,4773,1650,Bauhinia purpurea,0,0,0,,0,0,0,0,
30,305,303,L.,4781,1650,Bauhinia tomentosa,0,0,0,,0,0,0,0,
30,305,303,L.,4783,1650,Bauhinia variegata,0,0,0,,0,0,0,0,
30,305,303,Griseb.,4924,1666,Behaimia cubensis,0,1,0,,1,0,1,0,
30,305,303,Jacq.,5955,1846,Brownea grandiceps,0,0,0,,0,0,0,0,
30,305,303,(Murray) Urb.,6007,1857,Brya buxifolia,0,1,0,,1,0,0,0,
30,305,303,León & Alain,6008,1857,Brya chrysogonii,0,1,0,,1,0,1,0,
30,305,303,(L.) DC.,6010,1857,Brya ebenus,0,1,0,,1,0,0,0,
30,305,303,Borhidi,6011,1857,Brya hirsuta,0,1,0,,1,0,1,0,
30,305,303,León & Alain,6013,1857,Brya subinermis,0,1,0,,1,0,1,0,
30,305,303,Lam.,6443,1903,Caesalpinia bahamensis,0,1,0,,1,0,0,0,
30,305,303,Lam.,6443,1903,Caesalpinia bahamensis,0,1,0,,1,0,1,0,
30,305,303,Lam.,6443,1903,Caesalpinia bahamensis,0,1,0,,1,0,1,0,
30,305,303,(Roth) O.Deg.,438839,19771,Biancaea decapetala,0,0,0,,0,0,0,0,
30,305,303,(Medik.) Small,438842,3583,Guilandina major,0,1,0,,0,0,0,0,
30,305,303,Urb.,6469,1903,Caesalpinia nipensis,0,1,0,,1,0,1,0,
30,305,303,(Griseb.) Gagnon & G.P.Lewis,438845,19669,Denisophytum pauciflorum,0,1,0,,0,0,0,0,
30,305,303,(L.) Sw.,6478,1903,Caesalpinia pulcherrima,0,0,0,,0,0,0,0,
30,305,303,"(L.) Molinari, Sánchez Och. & Mayta",429031,19781,Tara vesicaria,0,1,0,,0,0,0,0,
30,305,303,(L.) Huth,6495,1905,Cajanus cajan,0,0,0,,0,0,0,0,
30,305,303,(Kunth) H.M.Hern.,47701,7197,Zapoteca formosa,0,1,0,,0,0,0,0,
30,305,303,(Griseb.) Bässler,47702,7197,Zapoteca gracilis,0,1,0,,1,0,0,0,
30,305,303,Hassk.,6985,1928,Calliandra haematocephala,0,0,0,,0,0,0,0,
30,305,303,Benth.,6994,1928,Calliandra surinamensis,0,0,0,,0,0,0,0,
30,305,303,(Benth.) C.Wright,7165,1950,Calopogonium caeruleum,0,1,0,,0,0,0,0,
30,305,303,Desv.,7168,1950,Calopogonium mucunoides,0,0,0,,0,0,0,0,
30,305,303,(Benth.) C.Wright,7165,1950,Calopogonium caeruleum,0,1,0,,1,0,1,0,
30,305,303,Mart. ex Benth.,7578,1997,Canavalia brasiliensis,0,1,0,,0,0,0,0,
30,305,303,(L.) DC.,7580,1997,Canavalia ensiformis,0,0,0,,0,0,0,0,
30,305,303,(Jacq.) DC.,7583,1997,Canavalia gladiata,0,0,0,,0,0,0,0,
30,305,303,Urb.,7587,1997,Canavalia microsperma,0,1,0,,1,0,1,0,
30,305,303,(Cav.) Piper,7590,1997,Canavalia nitida,0,1,0,,0,0,0,0,
30,305,303,Piper,7593,1997,Canavalia plagiosperma,0,1,0,,0,0,0,0,
30,305,303,(Sw.) DC.,7596,1997,Canavalia rosea,0,1,0,,0,0,0,0,
30,305,303,L.,8372,2056,Cassia fistula,0,0,0,,0,0,0,0,
30,305,303,L.f.,8373,2056,Cassia grandis,0,0,0,,0,0,0,0,
30,305,303,Kunth,8379,2056,Cassia moschata,0,0,0,,0,0,0,0,
30,305,303,(Turpin ex Pers.) Benth.,8820,2119,Centrosema plumieri,0,1,0,,0,0,0,0,
30,305,303,Benth.,8821,2119,Centrosema pubescens,0,1,0,,0,0,0,0,
30,305,303,(Humb. & Bonpl. ex Willd.) Brandegee,8822,2119,Centrosema sagittatum,0,1,0,,0,0,0,0,
30,305,303,(L.) Benth.,8824,2119,Centrosema virginianum,0,1,0,,0,0,0,0,
30,305,303,(L.) Greene,9067,2170,Chamaecrista diphylla,0,1,0,,0,0,0,0,
30,305,303,(L.) Greene,9071,2170,Chamaecrista glandulosa,0,1,0,,1,0,0,0,
30,305,303,(L.) Moench,9080,2170,Chamaecrista nictitans,0,1,0,,0,0,0,0,
30,305,303,(Pers.) Greene,9089,2170,Chamaecrista rotundifolia,0,1,0,,0,0,0,0,
30,305,303,L.,9591,2286,Cicer arietinum,0,0,0,,0,0,0,0,
30,305,303,Lam.,10169,2345,Clitoria falcata,0,1,0,,0,0,0,0,
30,305,303,(Aubl.) Benth.,10170,2345,Clitoria guianensis,0,1,0,,0,0,0,0,
30,305,303,Poir.,10172,2345,Clitoria laurifolia,0,1,0,,0,0,0,0,
30,305,303,L.,10175,2345,Clitoria ternatea,0,0,0,,0,0,0,0,
30,305,303,L.,11733,2565,Crotalaria incana,0,1,0,,0,0,0,0,
30,305,303,L.,11735,2565,Crotalaria juncea,0,0,0,,0,0,0,0,
30,305,303,L.,11742,2565,Crotalaria lotifolia,0,1,0,,0,0,0,0,
30,305,303,L.,11742,2565,Crotalaria lotifolia,0,1,0,,1,0,1,0,
30,305,303,Kunth,11744,2565,Crotalaria maypurensis,0,1,0,,0,0,0,0,
30,305,303,Aiton,11753,2565,Crotalaria pallida,0,0,0,,0,0,0,0,
30,305,303,Mill.,11754,2565,Crotalaria pilosa,0,1,0,,0,0,0,0,
30,305,303,Ortega,11756,2565,Crotalaria pumila,0,1,0,,0,0,0,0,
30,305,303,Senn,439491,2565,Crotalaria purdieana,0,0,0,,0,0,0,0,
30,305,303,L.,11758,2565,Crotalaria quinquefolia,0,0,0,,0,0,0,0,
30,305,303,L.,11760,2565,Crotalaria retusa,0,0,0,,0,0,0,0,
30,305,303,L.,11762,2565,Crotalaria sagittalis,0,1,0,,0,0,0,0,
30,305,303,Roth,11768,2565,Crotalaria spectabilis,0,0,0,,0,0,0,0,
30,305,303,L.,11758,2565,Crotalaria quinquefolia,0,1,0,,1,0,1,0,
30,305,303,L.,11777,2565,Crotalaria verrucosa,0,0,0,,0,0,0,0,
30,305,303,Ker Gawl.,11778,2565,Crotalaria vitellina,0,1,0,,0,0,0,0,
30,305,303,(Aubl.) Forsyth f.,11923,2569,Crudia spicata,0,1,0,,0,0,0,0,
30,305,303,A.Rich.,12785,2656,Cynometra cubensis,0,1,0,,1,0,1,0,
30,305,303,(Jacq.) Schinz,13351,2706,Dalbergia brownei,0,1,0,,0,0,0,0,
30,305,303,(L.) Taub.,13355,2706,Dalbergia ecastaphyllum,0,1,0,,0,0,0,0,
30,305,303,(L.) P.L.R.Moraes & L.P.Queiroz,369375,2706,Dalbergia ovalis,0,1,0,,0,0,0,0,
30,305,303,(Jacq.) J.F.Macbr.,13376,2707,Dalea carthagenensis,0,1,0,,0,0,0,0,
30,305,303,(Houst. ex Mill.) R.T.Clausen,13379,2707,Dalea scandens,0,1,0,,0,0,0,0,
30,305,303,(Bojer ex Hook.) Raf.,13573,2759,Delonix regia,0,0,0,,0,0,0,0,
30,305,303,(L.) Willd.,13989,2793,Desmanthus virgatus,0,1,0,,0,0,0,0,
30,305,303,(Sw.) H.Ohashi & K.Ohashi,439768,19738,Grona adscendens,0,1,0,,0,0,0,0,
30,305,303,Schltdl.,13994,2796,Desmodium affine,0,1,0,,0,0,0,0,
30,305,303,(Sw.) DC.,13996,2796,Desmodium axillare,0,1,0,,0,0,0,0,
30,305,303,(Sw.) DC.,13996,2796,Desmodium axillare,0,1,0,,0,0,0,0,
30,305,303,(L.) H.Ohashi & K.Ohashi,439769,19738,Grona barbata,0,1,0,,0,0,0,0,
30,305,303,(L.) DC.,13999,2796,Desmodium canescens,0,0,0,,0,0,0,0,
30,305,303,(Muhl. ex Willd.) DC.,14000,2796,Desmodium ciliare,0,1,0,,0,0,0,0,
30,305,303,Griseb.,14001,2796,Desmodium cubense,0,1,0,,0,0,0,0,
30,305,303,(Aubl.) J.F.Macbr.,14003,2796,Desmodium distortum,0,1,0,,0,0,0,0,
30,305,303,(Mill.) DC.,14009,2796,Desmodium glabrum,0,1,0,,0,0,0,0,
30,305,303,(Sw.) DC.,14014,2796,Desmodium incanum,0,1,0,,0,0,0,0,
30,305,303,(Sw.) DC.,14040,2796,Desmodium tortuosum,0,0,0,,0,0,0,0,
30,305,303,(L.) H.Ohashi & K.Ohashi,425950,19738,Grona triflora,0,1,0,,0,0,0,0,
30,305,303,(G.Mey.) L.P.Queiroz & Snak,439839,4470,Macropsychanthus comosus,0,1,0,,0,0,0,0,
30,305,303,(Mart. ex Benth.) L.P.Queiroz & Snak,439840,4470,Macropsychanthus violaceus,0,1,1,,0,0,0,0,
30,305,303,(L.) Fawc. & Rendle,16388,3121,Entada gigas,0,1,0,,0,0,0,0,
30,305,303,(Jacq.) Griseb.,16395,3123,Enterolobium cyclocarpum,0,0,0,,0,0,0,0,
30,305,303,(Kunth) G.Don,16950,3176,Eriosema crinitum,0,1,0,,0,0,0,0,
30,305,303,(Aubl.) G.Don,16954,3176,Eriosema violaceum,0,1,0,,0,0,0,0,
30,305,303,Borhidi,17078,3194,Erythrina acunae,0,1,0,,1,0,1,0,
30,305,303,Urb.,17080,3194,Erythrina berteroana,0,1,0,,0,0,0,0,
30,305,303,L.,17085,3194,Erythrina crista-galli,0,0,0,,0,0,0,0,
30,305,303,C.Wright,17086,3194,Erythrina cubensis,0,1,0,,1,0,1,0,
30,305,303,R.A.Howard & W.R.Briggs,17089,3194,Erythrina elenae,0,1,0,,1,0,1,0,
30,305,303,Lour.,17091,3194,Erythrina fusca,0,0,0,,0,0,0,0,
30,305,303,Urb.,17092,3194,Erythrina grisebachii,0,1,0,,1,0,1,0,
30,305,303,(Walp.) O.F.Cook,17101,3194,Erythrina poeppigiana,0,0,0,,0,0,0,0,
30,305,303,Krukoff,17106,3194,Erythrina standleyana,0,1,0,,0,0,0,0,
30,305,303,L.,17109,3194,Erythrina variegata,0,0,0,,0,0,0,0,
30,305,303,Willd.,17110,3194,Erythrina velutina,0,0,0,,0,0,0,0,
30,305,303,(L.) W.T.Aiton,18753,3339,Flemingia strobilifera,0,0,0,,0,0,0,0,
30,305,303,Borhidi & O.Muñiz,19063,3390,Galactia acunana,0,1,0,,1,0,1,0,
30,305,303,Griseb.,19066,3390,Galactia brachyodon,0,1,0,,1,0,1,0,
30,305,303,Urb.,19070,3390,Galactia combsii,0,1,0,,1,0,1,0,
30,305,303,Alain,19071,3390,Galactia cuneata,0,1,0,,1,0,1,0,
30,305,303,DC.,19073,3390,Galactia dubia,0,1,0,,1,0,0,0,
30,305,303,Britton,19074,3390,Galactia earlei,0,1,0,,1,0,1,0,
30,305,303,Britton,19074,3390,Galactia earlei,0,1,0,,1,0,1,0,
30,305,303,(Griseb.) Hitchc.,19079,3390,Galactia galactioides,0,1,0,,1,0,1,0,
30,305,303,Urb.,19081,3390,Galactia herradurensis,0,1,0,,1,0,1,0,
30,305,303,Urb.,19082,3390,Galactia isopoda,0,1,0,,1,0,1,0,
30,305,303,Britton,19083,3390,Galactia jenningsii,0,1,0,,1,0,1,0,
30,305,303,Kunth,19084,3390,Galactia jussiaeana,0,1,0,,0,0,0,0,
30,305,303,Alain,19090,3390,Galactia maisiana,0,1,0,,1,0,1,0,
30,305,303,Urb.,440177,3390,Galactia minutiflora,0,1,0,,1,0,1,0,
30,305,303,Griseb.,19092,3390,Galactia monophylla,0,1,0,,1,0,0,0,
30,305,303,A.Rich.,19095,3390,Galactia parvifolia,0,1,0,,0,0,0,0,
30,305,303,Urb.,19099,3390,Galactia revoluta,0,1,0,,1,0,1,0,
30,305,303,Alain,19100,3390,Galactia rotundata,0,1,0,,1,0,1,0,
30,305,303,(Griseb.) Benth. & Hook.f. ex C.Wright,19102,3390,Galactia rudolphioides,0,1,0,,1,0,0,0,
30,305,303,Britton,19104,3390,Galactia savannarum,0,1,0,,1,0,1,0,
30,305,303,Torr. & A.Gray,19107,3390,Galactia spiciformis,0,1,0,,0,0,0,0,
30,305,303,(Jacq.) Urb.,19108,3390,Galactia striata,0,1,0,,0,0,0,0,
30,305,303,Britton,19109,3390,Galactia suberecta,0,1,0,,1,0,1,0,
30,305,303,(Jacq.) Kunth,19871,3489,Gliricidia sepium,0,0,0,,0,0,0,0,
30,305,303,(L.) Merr.,19963,3507,Glycine max,0,0,0,,0,0,0,0,
30,305,303,L.,20847,3629,Haematoxylum campechianum,0,0,0,,0,0,0,0,
30,305,303,Borhidi & O.Muñiz,20957,3664,Harpalyce acunae,0,1,0,,1,0,1,0,
30,305,303,León,20958,3664,Harpalyce alainii,0,1,0,,1,0,1,0,
30,305,303,Urb.,20963,3664,Harpalyce ekmanii,0,1,0,,1,0,1,0,
30,305,303,Borhidi & O.Muñiz,20959,3664,Harpalyce baracoensis,0,1,0,,1,0,1,0,
30,305,303,Borhidi & O.Muñiz,20961,3664,Harpalyce cristalensis,0,1,0,,1,0,1,0,
30,305,303,Griseb.,20962,3664,Harpalyce cubensis,0,1,0,,1,0,1,0,
30,305,303,Griseb.,20962,3664,Harpalyce cubensis,0,1,0,,1,0,1,0,
30,305,303,Urb.,20963,3664,Harpalyce ekmanii,0,1,0,,1,0,1,0,
30,305,303,León & Alain ex Borhidi & O.Muñiz,20964,3664,Harpalyce flexuosa,0,1,0,,1,0,1,0,
30,305,303,León & Alain ex Borhidi & O.Muñiz,20964,3664,Harpalyce flexuosa,0,1,0,,1,0,1,0,
30,305,303,Britton & P.Wilson,20966,3664,Harpalyce macrocarpa,0,1,0,,1,0,1,0,
30,305,303,León & Alain,20967,3664,Harpalyce maisiana,0,1,0,,1,0,1,0,
30,305,303,Borhidi & O.Muñiz,20959,3664,Harpalyce baracoensis,0,1,0,,1,0,1,0,
30,305,303,Urb.,20969,3664,Harpalyce nipensis,0,1,0,,1,0,1,0,
30,305,303,Urb.,20969,3664,Harpalyce nipensis,0,1,0,,1,0,1,0,
30,305,303,Borhidi & O.Muñiz,20970,3664,Harpalyce toaensis,0,1,0,,1,0,1,0,
30,305,303,Britton & P.Wilson,20971,3664,Harpalyce villosa,0,1,0,,1,0,1,0,
30,305,303,(Kunth) Urb.,21030,3678,Hebestigma cubense,0,1,0,,1,0,1,0,
30,305,303,(Griseb.) C.Wright,21503,3752,Herpyza grandiflora,0,1,0,,1,0,1,0,
30,305,303,L.,22677,3892,Hymenaea courbaril,0,1,0,,0,0,0,0,
30,305,303,León,22678,3892,Hymenaea torrei,0,1,0,,1,0,1,0,
30,305,303,Kunth,23283,3944,Indigofera lespedezioides,0,1,0,,0,0,0,0,
30,305,303,Desv.,23289,3944,Indigofera microcarpa,0,1,0,,0,0,0,0,
30,305,303,Ortega,23290,3944,Indigofera miniata,0,1,0,,0,0,0,0,
30,305,303,Mill.,23309,3944,Indigofera suffruticosa,0,1,0,,0,0,0,0,
30,305,303,L.,23310,3944,Indigofera tinctoria,0,0,0,,0,0,0,0,
30,305,303,(Jacq.) Willd.,23325,3947,Inga fastuosa,0,0,0,,0,0,0,0,
30,305,303,(Sw.) Willd.,23331,3947,Inga laurina,0,1,1,,0,0,0,0,
30,305,303,Willd.,23341,3947,Inga vera,0,1,0,,0,0,0,0,
30,305,303,(Lam.) de Wit,25549,4276,Leucaena leucocephala,0,0,0,,0,0,0,0,
30,305,303,C.Wright,26653,4375,Lonchocarpus blainii,0,1,0,,1,0,1,0,
30,305,303,Urb.,26657,4375,Lonchocarpus glaucifolius,0,1,0,,1,0,0,0,
30,305,303,(Poir.) DC.,26658,4375,Lonchocarpus heptaphyllus,0,1,0,,0,0,0,0,
30,305,303,Urb. & Ekman,26660,4375,Lonchocarpus longipes,0,1,0,,1,0,0,0,
30,305,303,(Poir.) Kunth ex DC.,26669,4375,Lonchocarpus sericeus,0,1,0,,0,0,0,0,
30,305,303,Benth.,27116,4438,Lysiloma sabicu,0,1,0,,0,0,0,0,
30,305,303,(DC.) Urb.,27351,4471,Macroptilium atropurpureum,0,0,0,,0,0,0,0,
30,305,303,(Poepp. ex Benth.) Urb.,27354,4471,Macroptilium gracile,0,1,0,,0,0,0,0,
30,305,303,(L.) Urb.,27355,4471,Macroptilium lathyroides,0,1,0,,0,0,0,0,
30,305,303,(Mart. ex Benth.) Urb.,441027,4471,Macroptilium longepedunculatum,0,1,0,,0,0,0,0,
30,305,303,L.,28085,4588,Medicago lupulina,0,0,0,,0,0,0,0,
30,305,303,L.,28097,4588,Medicago sativa,0,0,0,,0,0,0,0,
30,305,303,C.Wright,29129,4732,Mimosa diplotricha,0,1,0,,0,0,0,0,
30,305,303,Urb.,29132,4732,Mimosa ekmanii,0,1,0,,1,0,1,0,
30,305,303,Griseb.,29134,4732,Mimosa fagaracantha,0,1,0,,1,0,1,0,
30,305,303,L.,29141,4732,Mimosa pudica,0,1,0,,0,0,0,0,
30,305,303,L.,29144,4732,Mimosa viva,0,1,0,,1,0,0,0,
30,305,303,(L.) DC.,29495,4812,Mucuna pruriens,0,0,0,,0,0,0,0,
30,305,303,Fawc. & Rendle,29497,4812,Mucuna sloanei,0,1,0,,0,0,0,0,
30,305,303,(L.) Medik.,29500,4812,Mucuna urens,0,1,0,,0,0,0,0,
30,305,303,Jacq.,29848,4860,Myrospermum frutescens,0,0,0,,0,0,0,0,
30,305,303,Lour.,30268,4968,Neptunia oleracea,0,1,0,,0,0,0,0,
30,305,303,(L.) Benth.,30269,4968,Neptunia plena,0,1,0,,0,0,0,0,
30,305,303,Benth.,30270,4968,Neptunia pubescens,0,1,0,,0,0,0,0,
30,305,303,(L.) Urb.,31683,5228,Pachyrhizus erosus,0,0,0,,0,0,0,0,
30,305,303,L.,32131,5303,Parkinsonia aculeata,0,1,0,,0,0,0,0,
30,305,303,(DC.) Backer ex K.Heyne,32591,5349,Peltophorum pterocarpum,0,0,0,,0,0,0,0,
30,305,303,L.,33140,5449,Phaseolus lunatus,0,0,0,,0,0,0,0,
30,305,303,L.,33143,5449,Phaseolus vulgaris,0,0,0,,0,0,0,0,
30,305,303,C.Wright,33850,5539,Pictetia marginata,0,1,0,,1,0,0,0,
30,305,303,Jacq.,34538,5576,Piscidia carthagenensis,0,1,0,,0,0,0,0,
30,305,303,Urb.,34539,5576,Piscidia cubensis,0,1,0,,1,0,1,0,
30,305,303,(Britton & P.Wilson) Urb. & Ekman,34541,5576,Piscidia havanensis,0,1,0,,1,0,1,0,
30,305,303,(L.) Sarg.,34542,5576,Piscidia piscipula,0,1,0,,0,0,0,0,
30,305,303,Lam.,441816,4173,Lathyrus oleraceus,0,0,0,,0,0,0,0,
30,305,303,(L.) Britton & Rose,10457,2393,Cojoba arborea,0,1,0,,0,0,0,0,
30,305,303,(Griseb.) Britton & Rose,443202,19957,Jupunba asplenifolia,0,1,0,,1,0,1,0,
30,305,303,(L.) Benth.,34596,5582,Pithecellobium circinale,0,1,0,,1,0,0,0,
30,305,303,(Roxb.) Benth.,34599,5582,Pithecellobium dulce,0,0,0,,0,0,0,0,
30,305,303,(Urb.) Britton & Rose,438098,19957,Jupunba glauca,0,1,0,,1,0,0,0,
30,305,303,(A.Rich.) Benth.,34600,5582,Pithecellobium histrix,0,1,0,,1,0,0,0,
30,305,303,Britton,34601,5582,Pithecellobium keyense,0,1,0,,0,0,0,0,
30,305,303,(Urb.) Bässler,8,952,Abarema maestrensis,0,1,0,,1,0,1,0,
30,305,303,(Jacq.) Britton & Rose,9450,2238,Chloroleucon mangense,0,1,0,,0,0,0,0,
30,305,303,(Britton) Britton & Rose,438099,19957,Jupunba nipensis,0,1,0,,1,0,1,0,
30,305,303,(A.Rich.) Britton & Rose,438100,19957,Jupunba obovalis,0,1,0,,1,0,0,0,
30,305,303,(Urb.) Britton & Rose,438101,19957,Jupunba oppositifolia,0,1,0,,1,0,0,0,
30,305,303,(C.Wright) Barneby & J.W.Grimes,42509,6479,Sphinga prehensilis,0,1,0,,1,0,1,0,
30,305,303,(Poepp. ex Spreng.) C.Presl,35354,5674,Poeppigia procera,0,1,0,,0,0,0,0,
30,305,303,(Willd.) Desv.,35381,5684,Poiretia punctata,0,1,0,,0,0,0,0,
30,305,303,Torr.,36304,5772,Prosopis glandulosa,0,0,0,,0,0,0,0,
30,305,303,Torr.,36304,5772,Prosopis glandulosa,0,0,0,,0,0,0,0,
30,305,303,(Sw.) DC.,36305,5772,Prosopis juliflora,0,0,0,,0,0,0,0,
30,305,303,Kurz,37091,5853,Pterocarpus macrocarpus,0,0,0,,0,0,0,0,
30,305,303,Jacq.,37092,5853,Pterocarpus officinalis,0,1,0,,0,0,0,0,
30,305,303,(Jacq.) DC.,38252,6003,Rhynchosia caribaea,0,0,0,,0,0,0,0,
30,305,303,(L.) DC.,38257,6003,Rhynchosia minima,0,1,0,,0,0,0,0,
30,305,303,Urb.,38258,6003,Rhynchosia nipensis,0,1,0,,1,0,1,0,
30,305,303,DC.,38259,6003,Rhynchosia parvifolia,0,1,0,,0,0,0,0,
30,305,303,(Sw.) DC.,38260,6003,Rhynchosia phaseoloides,0,1,0,,0,0,0,0,
30,305,303,(Lam.) Urb.,38262,6003,Rhynchosia pyramidalis,0,1,0,,0,0,0,0,
30,305,303,(Sw.) DC.,38263,6003,Rhynchosia reticulata,0,1,0,,0,0,0,0,
30,305,303,(Vail) Urb.,38265,6003,Rhynchosia swartzii,0,1,0,,0,0,0,0,
30,305,303,(Jacq.) Merr.,438255,8633,Samanea saman,0,0,0,,0,0,0,0,
30,305,303,(L.) Roxb.,41195,6320,Senna alata,0,1,0,,0,0,0,0,
30,305,303,(L.) H.S.Irwin & Barneby,41198,6320,Senna atomaria,0,1,0,,0,0,0,0,
30,305,303,(L.) Roxb.,41201,6320,Senna bicapsularis,0,1,0,,0,0,0,0,
30,305,303,(L.) H.S.Irwin & Barneby,41219,6320,Senna ligustrina,0,1,0,,0,0,0,0,
30,305,303,(L.) Link,41225,6320,Senna occidentalis,0,1,0,,0,0,0,0,
30,305,303,(Vahl) H.S.Irwin & Barneby,41226,6320,Senna pallida,0,1,0,,0,0,0,0,
30,305,303,(Viv.) H.S.Irwin & Barneby,41237,6320,Senna septemtrionalis,0,0,0,,0,0,0,0,
30,305,303,(Lam.) H.S.Irwin & Barneby,41238,6320,Senna siamea,0,0,0,,0,0,0,0,
30,305,303,(L.) Roxb.,41241,6320,Senna sophera,0,1,0,,0,0,0,0,
30,305,303,(DC.) H.S.Irwin & Barneby,41243,6320,Senna spectabilis,0,0,0,,0,0,0,0,
30,305,303,(Mill.) H.S.Irwin & Barneby,41249,6320,Senna uniflora,0,1,0,,0,0,0,0,
30,305,303,(Jacq.) W.Wight,41313,6336,Sesbania bispinosa,0,0,0,,0,0,0,0,
30,305,303,(Mill.) McVaugh,41318,6336,Sesbania herbacea,0,1,0,,0,0,0,0,
30,305,303,(L.) Poir.,41317,6336,Sesbania grandiflora,0,0,0,,0,0,0,0,
30,305,303,(Willd.) Link,41323,6336,Sesbania sericea,0,0,0,,0,0,0,0,
30,305,303,(L.) Merr.,41324,6336,Sesbania sesban,0,0,0,,0,0,0,0,
30,305,303,L.,42184,6434,Sophora tomentosa,0,1,0,,1,0,1,0,
30,305,303,Small,43240,6606,Stylosanthes calcicola,0,1,0,,0,0,0,0,
30,305,303,(L.) Taub.,43243,6606,Stylosanthes hamata,0,0,0,,0,0,0,0,
30,305,303,Kunth,43244,6606,Stylosanthes humilis,0,1,0,,0,0,0,0,
30,305,303,(L.) Sw.,43247,6606,Stylosanthes viscosa,0,1,0,,0,0,0,0,
30,305,303,(Britton & P.Wilson) Standl.,43333,6626,Swartzia cubensis,0,1,0,,0,0,0,0,
30,305,303,L.,43845,6671,Tamarindus indica,0,0,0,,0,0,0,0,
30,305,303,Pursh,44431,6714,Tephrosia chrysophylla,0,1,0,,0,0,0,0,
30,305,303,(L.) Pers.,44432,6714,Tephrosia cinerea,0,1,0,,0,0,0,0,
30,305,303,Alain,44433,6714,Tephrosia clementis,0,1,0,,1,0,1,0,
30,305,303,(L.) Pers.,44450,6714,Tephrosia purpurea,0,0,0,,0,0,0,0,
30,305,303,Kunth,44451,6714,Tephrosia senna,0,1,0,,0,0,0,0,
30,305,303,(Walter) Torr. & A.Gray,44456,6714,Tephrosia spicata,0,1,0,,0,0,0,0,
30,305,303,(L.f.) Spreng.,44462,6715,Teramnus labialis,0,1,0,,0,0,0,0,
30,305,303,(L.) Sw.,44464,6715,Teramnus uncinatus,0,1,0,,0,0,0,0,
30,305,303,L.,45717,6915,Trifolium pratense,0,0,0,,0,0,0,0,
30,305,303,L.,45719,6915,Trifolium repens,0,0,0,,0,0,0,0,
30,305,303,Elliott,46759,7069,Vicia acutifolia,0,1,0,,0,0,0,0,
30,305,303,L.,46778,7069,Vicia faba,0,0,0,,0,0,0,0,
30,305,303,L.,46805,7069,Vicia sativa,0,0,0,,0,0,0,0,
30,305,303,(G.Mey.) A.Delgado,297887,14673,Leptospron adenanthum,0,1,0,,0,0,0,0,
30,305,303,(Urb.) A.Delgado,415589,15754,Sigmoidotropis antillana,0,1,0,,1,0,0,0,
30,305,303,(Benth.) Verdc.,46826,7072,Vigna longifolia,0,0,0,,0,0,0,0,
30,305,303,(Jacq.) Benth.,46827,7072,Vigna luteola,0,1,0,,0,0,0,0,
30,305,303,(Burm.) Merr.,46828,7072,Vigna marina,0,1,0,,0,0,0,0,
30,305,303,(Fawc. & Rendle) A.Delgado,297164,11124,Ancistrotropis peduncularis,0,1,0,,0,0,0,0,
30,305,303,(L.) Walp.,46842,7072,Vigna unguiculata,0,0,0,,0,0,0,0,
30,305,303,(L.) A.Rich.,46843,7072,Vigna vexillata,0,1,0,,0,0,0,0,
30,305,303,(L.) Pers.,47815,7215,Zornia diphylla,0,0,0,,0,0,0,0,
30,305,303,Sm.,47819,7215,Zornia latifolia,0,1,0,,0,0,0,0,
30,305,303,Desv.,47820,7215,Zornia microphylla,0,1,0,,1,0,0,0,
30,305,303,Benth.,47821,7215,Zornia myriadena,0,1,0,,0,0,0,0,
30,305,303,Sm.,47823,7215,Zornia reticulata,0,1,0,,0,0,0,0,
30,305,303,(L.) Fawc. & Rendle,47846,7219,Zygia latifolia,0,1,0,,0,0,0,0,
30,305,303,Roíg,4632,885,Banara brittonii,0,1,0,,1,0,1,0,
30,305,303,Alain,4645,885,Banara wilsonii,0,1,0,,1,0,1,0,
30,305,303,Jacq.,8328,897,Casearia aculeata,0,1,0,,0,0,0,0,
30,305,303,C.Wright,8329,897,Casearia aquifolia,0,1,0,,1,0,1,0,
30,305,303,(Rich.) Urb.,8330,897,Casearia arborea,0,1,0,,0,0,0,0,
30,305,303,Vent.,8335,897,Casearia comocladifolia,0,1,0,,1,0,0,0,
30,305,303,Urb.,8338,897,Casearia crassinervis,0,1,0,,1,0,1,0,
30,305,303,C.Wright ex Griseb.,8342,897,Casearia emarginata,0,1,0,,0,0,0,0,
30,305,303,(Aubl.) Urb.,8344,897,Casearia guianensis,0,1,0,,0,0,0,0,
30,305,303,Sw.,8345,897,Casearia hirsuta,0,1,0,,0,0,0,0,
30,305,303,Vict.,8353,897,Casearia moaensis,0,1,0,,1,0,1,0,
30,305,303,(L.) Jacq.,8355,897,Casearia nitida,0,1,0,,1,0,0,0,
30,305,303,Vict.,8356,897,Casearia ophiticola,0,1,0,,1,0,1,0,
30,305,303,(Sw.) Griseb.,8361,897,Casearia spinescens,0,1,0,,0,0,0,0,
30,305,303,Sw.,8362,897,Casearia sylvestris,0,1,0,,0,0,0,0,
30,305,303,(Griseb.) Griseb. ex C.Wright,8363,897,Casearia tremula,0,1,0,,0,0,0,0,
30,305,303,Jacq.,22279,911,Homalium racemosum,0,1,0,,0,0,0,0,
30,305,303,(Griseb.) T.Samar. & M.H.Alford,440785,897,Casearia ternstroemioides,0,1,0,,1,0,1,0,
30,305,303,(L.) T.Samar. & M.H.Alford,440784,897,Casearia thamnia,0,1,0,,0,0,0,0,
30,305,303,Turcz.,26865,920,Lunania cubensis,0,1,0,,1,0,1,0,
30,305,303,Benth.,26867,920,Lunania divaricata,0,1,0,,1,0,1,0,
30,305,303,C.Wright ex Griseb.,26868,920,Lunania dodecandra,0,1,0,,1,0,1,0,
30,305,303,Griseb.,440998,920,Lunania sauvallei,0,1,0,,1,0,1,0,
30,305,303,Britton & P.Wilson,26875,920,Lunania subcoriacea,0,1,0,,1,0,1,0,
30,305,303,(Oliv.) Gilg,47941,894,Caloncoba echinata,0,0,0,,0,0,0,0,
30,305,303,P.Browne ex L.,36256,936,Prockia crucis,0,1,0,,0,0,0,0,
30,305,303,(P.Wilson) ined.,442303,897,Casearia lunana,0,1,0,,1,0,1,0,
30,305,303,(Jacq.) T.Samar. & M.H.Alford,442304,897,Casearia dodecandra,0,1,0,,0,0,0,0,
30,305,303,T.Samar. & M.H.Alford,442306,897,Casearia dolichanthera,0,1,0,,1,0,1,0,
30,305,303,Borhidi & O.Muñiz,47525,947,Xylosma acunae,0,1,0,,1,0,1,0,
30,305,303,A.Gray,47530,947,Xylosma buxifolia,0,1,0,,1,0,0,0,
30,305,303,Urb.,47532,947,Xylosma claraensis,0,1,0,,1,0,1,0,
30,305,303,(Britton & P.Wilson) Sleumer,47565,947,Xylosma rhombifolia,0,1,0,,1,0,1,0,
30,305,303,Borhidi,47566,947,Xylosma roigiana,0,1,0,,1,0,1,0,
30,305,303,A.Gray,47568,947,Xylosma schaefferioides,0,1,0,,1,0,0,0,
30,305,303,(A.Rich.) Warb.,443190,897,Casearia laetioides,0,1,0,,0,0,0,0,
30,305,303,Hook.,19363,3415,Garrya fadyenii,0,1,0,,1,0,0,0,
30,305,303,(C.Wright ex Griseb.) Kuntze,5198,1718,Bisgoeppertia gracilis,0,1,0,,1,0,1,0,
30,305,303,(L.) Salisb.,18137,3257,Eustoma exaltatum,0,1,0,,0,0,0,0,
30,305,303,A.Rich.,26318,4343,Lisianthius glandulosus,0,1,0,,1,0,1,0,
30,305,303,(Griseb.) Urb.,26322,4343,Lisianthius silenifolius,0,1,0,,1,0,1,0,
30,305,303,Alain,27331,4462,Macrocarpaea pinetorum,0,1,0,,1,0,1,0,
30,305,303,(Griseb.) Kuntze,30491,5041,Nymphoides grayana,0,1,0,,1,0,0,0,
30,305,303,(Lam.) A.Heller,39480,6091,Sabatia calycina,0,1,0,,0,0,0,0,
30,305,303,(A.Gray) Small,39481,6091,Sabatia grandiflora,0,1,0,,0,0,0,0,
30,305,303,Pursh,39482,6091,Sabatia stellaris,0,1,0,,0,0,0,0,
30,305,303,Cham.,40523,6245,Schultesia brachyptera,0,1,0,,0,0,0,0,
30,305,303,(Aubl.) Malme,40524,6245,Schultesia guianensis,0,1,0,,0,0,0,0,
30,305,303,(Jacq.) Pers.,47083,7096,Voyria aphylla,0,1,0,,0,0,0,0,
30,305,303,(Schltdl. & Cham.) Ruyters & Maas,47085,7096,Voyria parasitica,0,1,0,,0,0,0,0,
30,305,303,Guilding ex Hook.,47086,7096,Voyria tenella,0,1,0,,0,0,0,0,
30,305,303,Griseb.,47809,7213,Zonanthus cubensis,0,1,0,,1,0,1,0,
30,305,303,Sw.,4975,1675,Bellonia spinosa,0,1,0,,1,0,0,0,
30,305,303,L.,5066,1700,Besleria lutea,0,1,0,,0,0,0,0,
30,305,303,(Donn ex Sims) Decne.,9571,2276,Chrysothemis pulchella,0,1,0,,0,0,0,0,
30,305,303,(Pers.) Hanst.,10553,2415,Columnea sanguinea,0,1,0,,0,0,0,0,
30,305,303,L.,10554,2415,Columnea scandens,0,1,0,,0,0,0,0,
30,305,303,Griseb.,10557,2415,Columnea tincta,0,1,0,,1,0,1,0,
30,305,303,C.V.Morton,19705,3462,Gesneria binghamii,0,1,0,,1,0,1,0,
30,305,303,Britton & P.Wilson,19714,3462,Gesneria clarensis,0,1,0,,1,0,1,0,
30,305,303,(Decne.) Kuntze,19715,3462,Gesneria cubensis,0,1,0,,1,0,0,0,
30,305,303,(Griseb.) Urb.,19745,3462,Gesneria reticulata,0,1,0,,1,0,0,0,
30,305,303,(Decne.) Kuntze,19752,3462,Gesneria viridiflora,0,1,0,,1,0,1,0,
30,305,303,(L.) Druce,19944,3504,Gloxinia perennis,0,0,0,,0,0,0,0,
30,305,303,(Griseb.) C.V.Morton,33241,5468,Phinaea pulchella,0,1,0,,1,0,1,0,
30,305,303,C.V.Morton,38385,6010,Rhytidophyllum acunae,0,1,0,,1,0,1,0,
30,305,303,Urb.,38389,6010,Rhytidophyllum coccineum,0,1,0,,1,0,1,0,
30,305,303,DC.,38390,6010,Rhytidophyllum crenulatum,0,1,0,,1,0,1,0,
30,305,303,(Urb. & Britton) C.V.Morton,38391,6010,Rhytidophyllum earlei,0,1,0,,1,0,1,0,
30,305,303,Griseb.,38392,6010,Rhytidophyllum exsertum,0,1,0,,1,0,1,0,
30,305,303,(Urb.) C.V.Morton,38396,6010,Rhytidophyllum lomense,0,1,0,,1,0,1,0,
30,305,303,Urb.,38397,6010,Rhytidophyllum minus,0,1,0,,1,0,1,0,
30,305,303,DC.,38398,6010,Rhytidophyllum petiolare,0,1,0,,1,0,0,0,
30,305,303,Urb.,38399,6010,Rhytidophyllum rhodocalyx,0,1,0,,1,0,1,0,
30,305,303,(Urb.) C.V.Morton,38400,6010,Rhytidophyllum rupincola,0,1,0,,1,0,1,0,
30,305,303,(L.) Mart.,38401,6010,Rhytidophyllum tomentosum,0,1,0,,1,0,0,0,
30,305,303,(L.) Vahl,40200,6187,Scaevola plumieri,0,1,0,,0,0,0,0,
30,305,303,(Griseb.) M.Gómez,40208,6187,Scaevola wrightii,0,1,0,,1,0,1,0,
30,305,303,Aubl.,47483,7169,Xiphidium caeruleum,0,1,0,,0,0,0,0,
30,305,303,"(C.Wright ex Griseb.) Hopper, J.E.Gut., E.J.Hickman, M.Pell. & Rhian J.Sm.",443291,20134,Cubanicula xanthorrhizos,0,1,0,,1,0,1,0,
30,305,303,Shuttlew. ex Chapm.,29793,4853,Myriophyllum laxum,0,1,0,,0,0,0,0,
30,305,303,"(Walter) Britton, Sterns & Poggenb.",29796,4853,Myriophyllum pinnatum,0,1,0,,0,0,0,0,
30,305,303,C.Wright,29803,4853,Myriophyllum sparsiflorum,0,1,0,,1,0,1,0,
30,305,303,L.,36300,5771,Proserpinaca palustris,0,1,0,,0,0,0,0,
30,305,303,Lam.,36301,5771,Proserpinaca pectinata,0,1,0,,0,0,0,0,
30,305,303,Lam.,21251,3703,Heliconia caribaea,0,1,0,,1,0,0,0,
30,305,303,Griseb.,21478,3748,Hernandia cubensis,0,1,0,,1,0,1,0,
30,305,303,L.,21488,3748,Hernandia sonora,0,1,0,,0,0,0,0,
30,305,303,(Planch.) Casp.,439951,3085,Elodea densa,0,0,0,,0,0,0,0,
30,305,303,Michx.,16229,3085,Elodea canadensis,0,0,0,,0,0,0,0,
30,305,303,Asch.,20889,3644,Halophila engelmannii,0,1,0,,0,0,0,0,
30,305,303,(L.f.) Royle,22595,3878,Hydrilla verticillata,0,0,0,,0,0,0,0,
30,305,303,(Humb. & Bonpl. ex Willd.) Byng & Christenh.,440885,3881,Hydrocharis laevigata,0,1,0,,0,0,0,0,
30,305,303,Banks & Sol. ex K.D.Koenig,44745,6750,Thalassia testudinum,0,1,0,,0,0,0,0,
30,305,303,Michx.,46403,7036,Vallisneria americana,0,1,0,,0,0,0,0,
30,305,303,C.Wright ex Griseb.,22651,3884,Hydrolea nigricaulis,0,1,0,,1,0,0,0,
30,305,303,L.,22652,3884,Hydrolea spinosa,0,1,0,,0,0,0,0,
30,305,303,L.,29987,4877,Nama jamaicensis,0,1,0,,0,0,0,0,
30,305,303,Griseb.,22864,3912,Hypericum diosmoides,0,1,0,,1,0,0,0,
30,305,303,(L.) Crantz,22886,3912,Hypericum hypericoides,0,1,0,,0,0,0,0,
30,305,303,L.,22908,3912,Hypericum perforatum,0,0,0,,0,0,0,0,
30,305,303,(Lam.) Baker,12235,2611,Curculigo scorzonerifolia,0,1,0,,0,0,0,0,
30,305,303,L.,23011,3924,Hypoxis decumbens,0,1,0,,0,0,0,0,
30,305,303,(Baker) Brackett,23017,3924,Hypoxis wrightii,0,1,0,,0,0,0,0,
30,305,303,Jacq.,27756,4531,Mappia racemosa,0,1,0,,1,0,1,0,
30,305,303,Jacq.,27756,4531,Mappia racemosa,0,1,0,,0,0,0,0,
30,305,303,Jacq.,27756,4531,Mappia racemosa,0,1,0,,1,0,1,0,
30,305,303,(C.Wright ex Griseb.) Urb.,31468,5193,Ottoschulzia cubensis,0,1,0,,1,0,1,0,
30,305,303,A.C.Sm.,23216,3940,Illicium cubense,0,1,0,,1,0,1,0,
30,305,303,Aubl.,9653,2297,Cipura paludosa,0,1,0,,0,0,0,0,
30,305,303,(Mill.) Urb.,16213,3077,Eleutherine bulbosa,0,1,0,,0,0,0,0,
30,305,303,(G.Lodd.) Ravenna,441427,6927,Trimezia coerulea,0,0,0,,0,0,0,0,
30,305,303,R.C.Foster,45792,6927,Trimezia steyermarkii,0,0,0,,0,0,0,0,
30,305,303,C.DC.,23930,4022,Juglans jamaicensis,0,1,0,,1,0,0,0,
30,305,303,Michx.,24033,4024,Juncus repens,0,1,0,,0,0,0,0,
30,305,303,Ruiz & Pav.,45751,6916,Triglochin striata,0,1,0,,0,0,0,0,
30,305,303,Griseb.,23023,3926,Hyptis actinocephala,0,1,0,,1,0,0,0,
30,305,303,Griseb.,23026,3926,Hyptis ammotropha,0,1,0,,1,0,1,0,
30,305,303,Epling,23027,3926,Hyptis armillata,0,1,0,,1,0,1,0,
30,305,303,Poit.,23028,3926,Hyptis atrorubens,0,1,0,,0,0,0,0,
30,305,303,Poit.,23029,3926,Hyptis brevipes,0,0,0,,0,0,0,0,
30,305,303,Jacq.,23030,3926,Hyptis capitata,0,1,0,,0,0,0,0,
30,305,303,A.Rich.,23036,3926,Hyptis eriocauloides,0,1,0,,1,0,1,0,
30,305,303,Britton ex Epling,23039,3926,Hyptis havanensis,0,1,0,,1,0,1,0,
30,305,303,Poir.,23040,3926,Hyptis lanceolata,0,1,0,,0,0,0,0,
30,305,303,Poit.,23042,3926,Hyptis lantanifolia,0,1,0,,0,0,0,0,
30,305,303,Pohl ex Benth.,23043,3926,Hyptis microphylla,0,1,0,,0,0,0,0,
30,305,303,Griseb.,23044,3926,Hyptis minutifolia,0,1,0,,1,0,1,0,
30,305,303,Pohl ex Benth.,23048,3926,Hyptis pulegioides,0,1,0,,0,0,0,0,
30,305,303,Britton,23051,3926,Hyptis shaferi,0,1,0,,1,0,1,0,
30,305,303,Pohl ex Benth.,23053,3926,Hyptis sinuata,0,1,0,,0,0,0,0,
30,305,303,(L.) R.Br.,25053,4216,Leonotis nepetifolia,0,0,0,,0,0,0,0,
30,305,303,(Vahl) Kuntze,27895,4557,Marsypianthes chamaedrys,0,1,0,,0,0,0,0,
30,305,303,L.,30578,5058,Ocimum basilicum,0,0,0,,0,0,0,0,
30,305,303,Mill.,30579,5058,Ocimum campechianum,0,1,0,,0,0,0,0,
30,305,303,L.,30581,5058,Ocimum gratissimum,0,0,0,,0,0,0,0,
30,305,303,Lour.,439356,15193,Coleus amboinicus,0,0,0,,0,0,0,0,
30,305,303,Spenn.,442217,6123,Salvia rosmarinus,0,0,0,,0,0,0,0,
30,305,303,Buc'hoz ex Etl.,39763,6123,Salvia coccinea,0,1,0,,0,0,0,0,
30,305,303,Britton & P.Wilson,39767,6123,Salvia cubensis,0,1,0,,1,0,1,0,
30,305,303,L.,39822,6123,Salvia serotina,0,1,0,,0,0,0,0,
30,305,303,Kunth,39795,6123,Salvia misella,0,1,0,,0,0,0,0,
30,305,303,Sw.,39800,6123,Salvia occidentalis,0,1,0,,0,0,0,0,
30,305,303,Britton & P.Wilson,39818,6123,Salvia scabrata,0,1,0,,1,0,1,0,
30,305,303,L.,39822,6123,Salvia serotina,0,1,0,,0,0,0,0,
30,305,303,Sw.,39800,6123,Salvia occidentalis,0,1,0,,0,0,0,0,
30,305,303,C.Wright,39825,6123,Salvia speirematoides,0,1,0,,1,0,1,0,
30,305,303,C.Wright ex Griseb.,199004,6123,Salvia strobilanthoides,0,1,0,,1,0,1,0,
30,305,303,Jacq.,40782,6281,Scutellaria havanensis,0,1,0,,0,0,0,0,
30,305,303,Jacq.,44717,6748,Teucrium cubense,0,1,0,,0,0,0,0,
30,305,303,Mill.,44741,6748,Teucrium vesicarium,0,1,0,,0,0,0,0,
30,305,303,L.,45108,6795,Thymus vulgaris,0,0,0,,0,0,0,0,
30,305,303,(Sw.) Hemsl.,4942,1667,Beilschmiedia pendula,0,1,0,,1,0,0,0,
30,305,303,L.,8418,2061,Cassytha filiformis,0,1,0,,0,0,0,0,
30,305,303,(Nees & T.Nees) Blume,9615,2294,Cinnamomum burmanni,0,0,0,,0,0,0,0,
30,305,303,(L.) J.Presl,9616,2294,Cinnamomum camphora,0,0,0,,0,0,0,0,
30,305,303,(Sw.) R.Rohde,422852,9079,Aiouea montana,0,1,0,,1,0,0,0,
30,305,303,(Sw.) R.Rohde,422852,9079,Aiouea montana,0,1,0,,1,0,0,0,
30,305,303,(Sw.) R.Rohde,422852,9079,Aiouea montana,0,1,0,,1,0,0,0,
30,305,303,(O.C.Schmidt) Kosterm.,443246,4303,Licaria cubensis,0,1,0,,1,0,1,0,
30,305,303,(Sw.) Kosterm.,25699,4303,Licaria triandra,0,1,0,,0,0,0,0,
30,305,303,(Britton & P.Wilson) Alain,386747,5060,Ocotea reticularis,0,1,0,,1,0,1,0,
30,305,303,Borhidi & Imkhan.,30590,5060,Ocotea baracoensis,0,1,0,,1,0,1,0,
30,305,303,(Griseb.) M.Gómez,30596,5060,Ocotea cuneata,0,1,0,,1,0,0,0,
30,305,303,(Sw.) Mez,30601,5060,Ocotea floribunda,0,1,0,,0,0,0,0,
30,305,303,Mez,30602,5060,Ocotea foeniculacea,0,1,0,,1,0,0,0,
30,305,303,(Sw.) Laness.,30608,5060,Ocotea leucoxylon,0,1,0,,1,0,0,0,
30,305,303,Mez,30617,5060,Ocotea spathulata,0,1,0,,1,0,0,0,
30,305,303,(Meisn.) Mez,30621,5060,Ocotea wrightii,0,1,0,,1,0,0,0,
30,305,303,(A.Rich.) Mez,441704,5409,Persea hypoleuca,0,1,0,,1,0,1,0,
30,305,303,Mill.,32951,5409,Persea americana,0,0,0,,0,0,0,0,
30,305,303,(A.Rich.) Mez,441704,5409,Persea hypoleuca,0,1,0,,1,0,0,0,
30,305,303,(A.Rich.) Mez,441704,5409,Persea hypoleuca,0,1,0,,1,0,1,0,
30,305,303,(A.Rich.) Mez,441704,5409,Persea hypoleuca,0,1,0,,1,0,1,0,
30,305,303,Mez,441706,5409,Persea krugii,0,1,0,,1,0,0,0,
30,305,303,P. Wilson ex Britton,32959,5409,Persea shaferi,0,1,0,,1,0,1,0,
30,305,303,Mill.,32951,5409,Persea americana,0,1,0,,1,0,1,0,
30,305,303,(L.) Kurz,4690,1635,Barringtonia asiatica,0,0,0,,0,0,0,0,
30,305,303,Aubl.,11401,2524,Couroupita guianensis,0,0,0,,0,0,0,0,
30,305,303,Welw.,25027,4210,Lemna aequinoctialis,0,1,0,,0,0,0,0,
30,305,303,L.,25036,4210,Lemna trisulca,0,0,0,,0,0,0,0,
30,305,303,Phil.,25037,4210,Lemna valdiviana,0,1,0,,0,0,0,0,
30,305,303,(L.) Schleid.,440826,6490,Spirodela polyrhiza,0,1,0,,0,0,0,0,
30,305,303,Wedd.,47350,7142,Wolffia brasiliensis,0,1,0,,0,0,0,0,
30,305,303,(Hegelm.) Monod,47355,7143,Wolffiella welwitschii,0,1,0,,0,0,0,0,
30,305,303,C.Wright ex Griseb.,34333,5560,Pinguicula albida,0,1,0,,1,0,1,0,
30,305,303,Barnhart,34335,5560,Pinguicula benedicta,0,1,0,,1,0,1,0,
30,305,303,C.Wright ex Griseb.,34341,5560,Pinguicula filifolia,0,1,0,,1,0,1,0,
30,305,303,Barnhart,34344,5560,Pinguicula jackii,0,1,0,,1,0,1,0,
30,305,303,Barnhart,34346,5560,Pinguicula lignicola,0,1,0,,1,0,1,0,
30,305,303,Michx.,46245,7026,Utricularia cornuta,0,1,0,,0,0,0,0,
30,305,303,L.,46249,7026,Utricularia foliosa,0,1,0,,0,0,0,0,
30,305,303,L.,46251,7026,Utricularia gibba,0,1,0,,0,0,0,0,
30,305,303,Vahl,46254,7026,Utricularia hydrocarpa,0,1,0,,0,0,0,0,
30,305,303,(A.Rich.) Alain,46255,7026,Utricularia incisa,0,1,0,,1,0,1,0,
30,305,303,Vahl,46258,7026,Utricularia juncea,0,1,0,,0,0,0,0,
30,305,303,C.Wright ex Griseb.,46266,7026,Utricularia olivacea,0,1,0,,0,0,0,0,
30,305,303,Walter,46268,7026,Utricularia purpurea,0,1,0,,0,0,0,0,
30,305,303,Vahl,46269,7026,Utricularia pusilla,0,1,0,,0,0,0,0,
30,305,303,B.D.Greene ex Bigelow,46270,7026,Utricularia resupinata,0,1,0,,0,0,0,0,
30,305,303,L.,46276,7026,Utricularia subulata,0,1,0,,0,0,0,0,
30,305,303,L.,1516,1174,Allium cepa,0,0,0,,0,0,0,0,
30,305,303,L.,1564,1174,Allium sativum,0,0,0,,0,0,0,0,
30,305,303,L.,1566,1174,Allium schoenoprasum,0,0,0,,0,0,0,0,
30,305,303,(L.) Burm.f.,1685,1187,Aloe vera,0,0,0,,0,0,0,0,
30,305,303,Vict.,15031,2960,Dracaena cubensis,0,1,0,,1,0,1,0,
30,305,303,(L.) Buchenau,25856,4316,Limnocharis flava,0,1,0,,0,0,0,0,
30,305,303,L.,26218,4334,Linum usitatissimum,0,0,0,,0,0,0,0,
30,305,303,L.,28524,4638,Mentzelia aspera,0,1,0,,0,0,0,0,
30,305,303,L.,26478,4356,Lobelia assurgens,0,1,0,,1,0,0,0,
30,305,303,Graham,26542,4356,Lobelia robusta,0,1,0,,1,0,0,0,
30,305,303,Britton & P.Wilson,26482,4356,Lobelia cacuminis,0,1,0,,1,0,1,0,
30,305,303,L.,26490,4356,Lobelia cliffortiana,0,1,0,,0,0,0,0,
30,305,303,(Griseb.) Urb.,26514,4356,Lobelia imberbis,0,1,0,,1,0,1,0,
30,305,303,Vict.,41737,6392,Siphocampylus baracoensis,0,1,0,,1,0,1,0,
30,305,303,Griseb.,41739,6392,Siphocampylus cernuus,0,1,0,,1,0,1,0,
30,305,303,Griseb.,41739,6392,Siphocampylus cernuus,0,1,0,,1,0,1,0,
30,305,303,Hook.,41745,6392,Siphocampylus manettiiflorus,0,1,0,,1,0,1,0,
30,305,303,Hook.,41745,6392,Siphocampylus manettiiflorus,0,1,0,,1,0,1,0,
30,305,303,Hook.,41745,6392,Siphocampylus manettiiflorus,0,1,0,,1,0,1,0,
30,305,303,Hook.,41745,6392,Siphocampylus manettiiflorus,0,1,0,,1,0,1,0,
30,305,303,Griseb.,41746,6392,Siphocampylus patens,0,1,0,,1,0,1,0,
30,305,303,Alain,41747,6392,Siphocampylus ruber,0,1,0,,1,0,1,0,
30,305,303,McVaugh,41742,6392,Siphocampylus glaber,0,1,0,,1,0,1,0,
30,305,303,McVaugh,41742,6392,Siphocampylus glaber,0,1,0,,1,0,1,0,
30,305,303,Hook.,41745,6392,Siphocampylus manettiiflorus,0,1,0,,1,0,1,0,
30,305,303,Vict.,41749,6392,Siphocampylus yumuriensis,0,1,0,,1,0,1,0,
30,305,303,(J.F.Gmel.) Torr. & A.Gray,29251,4749,Mitreola petiolata,0,1,0,,0,0,0,0,
30,305,303,L.,35648,5707,Polypremum procumbens,0,1,0,,0,0,0,0,
30,305,303,L.,42511,6481,Spigelia anthelmia,0,1,0,,0,0,0,0,
30,305,303,C.Wright,42514,6481,Spigelia sphagnicola,0,1,0,,1,0,1,0,
30,305,303,Griseb.,43212,6600,Strychnos grayi,0,1,0,,1,0,0,0,
30,305,303,Urb.,13789,2776,Dendropemon acutifolius,0,1,0,,1,0,1,0,
30,305,303,Urb.,13802,2776,Dendropemon longipes,0,1,0,,1,0,1,0,
30,305,303,(L.) Krug & Urb.,13807,2776,Dendropemon purpureus,0,1,0,,1,0,0,0,
30,305,303,Krug & Urb.,33319,5485,Phoradendron gundlachii,0,1,0,,1,0,1,0,
30,305,303,Willd.,2016,1233,Ammannia auriculata,0,1,0,,0,0,0,0,
30,305,303,Rottb.,2018,1233,Ammannia coccinea,0,1,0,,0,0,0,0,
30,305,303,L.,2019,1233,Ammannia latifolia,0,1,0,,0,0,0,0,
30,305,303,W.T.Aiton,12210,2608,Cuphea decandra,0,1,0,,0,0,0,0,
30,305,303,Kunth,12211,2608,Cuphea hyssopifolia,0,0,0,,0,0,0,0,
30,305,303,Griseb.,12214,2608,Cuphea lobelioides,0,1,0,,1,0,1,0,
30,305,303,(L.) Cramer,12215,2608,Cuphea melanium,0,1,0,,1,0,0,0,
30,305,303,Kunth,12216,2608,Cuphea micrantha,0,1,0,,0,0,0,0,
30,305,303,Schltdl. & Cham.,12217,2608,Cuphea mimuloides,0,1,0,,0,0,0,0,
30,305,303,(L.) R.Br. ex Steud.,12218,2608,Cuphea parsonsia,0,1,0,,0,0,0,0,
30,305,303,Griseb.,12219,2608,Cuphea pseudosilene,0,1,0,,1,0,1,0,
30,305,303,Jacq.,19799,3472,Ginoria americana,0,1,0,,1,0,1,0,
30,305,303,Britton,19800,3472,Ginoria arborea,0,1,0,,1,0,1,0,
30,305,303,Koehne,19803,3472,Ginoria curvispina,0,1,0,,1,0,1,0,
30,305,303,(Griseb.) Britton,19804,3472,Ginoria ginorioides,0,1,0,,1,0,1,0,
30,305,303,Griseb.,19805,3472,Ginoria glabra,0,1,0,,1,0,1,0,
30,305,303,Urb.,19807,3472,Ginoria koehneana,0,1,0,,1,0,1,0,
30,305,303,L.,24629,4130,Lagerstroemia indica,0,0,0,,0,0,0,0,
30,305,303,L.,24943,4181,Lawsonia inermis,0,0,0,,0,0,0,0,
30,305,303,Pursh,27164,4442,Lythrum alatum,0,1,0,,0,0,0,0,
30,305,303,L.,27169,4442,Lythrum lineare,0,1,0,,0,0,0,0,
30,305,303,Schltdl. & Cham.,38754,6054,Rotala mexicana,0,1,0,,0,0,0,0,
30,305,303,(L.) Koehne,38755,6054,Rotala ramosior,0,1,0,,0,0,0,0,
30,305,303,Urb.,27418,4484,Magnolia cubensis,0,1,0,,1,0,1,0,
30,305,303,(Kunth) C.B.Rob.,4647,1622,Banisteriopsis pauciflora,0,1,0,,1,0,1,0,
30,305,303,Regel,6240,1878,Bunchosia emarginata,0,1,0,,1,0,1,0,
30,305,303,P.Wilson,6246,1878,Bunchosia linearifolia,0,1,0,,1,0,1,0,
30,305,303,Griseb.,6254,1878,Bunchosia swartziana,0,1,0,,0,0,0,0,
30,305,303,Moldenke,6397,1895,Byrsonima bucherae,0,1,0,,1,0,1,0,
30,305,303,Kunth,6398,1895,Byrsonima coccolobifolia,0,1,0,,1,0,1,0,
30,305,303,(L.) Kunth,6399,1895,Byrsonima crassifolia,0,1,0,,0,0,0,0,
30,305,303,(Mill.) DC.,6402,1895,Byrsonima lucida,0,1,0,,1,0,1,0,
30,305,303,(Mill.) DC.,6402,1895,Byrsonima lucida,0,1,0,,0,0,0,0,
30,305,303,Acuña & Roíg,6403,1895,Byrsonima moensis,0,1,0,,1,0,1,0,
30,305,303,Britton & Small,438826,1895,Byrsonima × motembensis,0,1,0,,1,0,1,0,
30,305,303,Griseb.,6406,1895,Byrsonima pinetorum,0,1,0,,1,0,1,0,
30,305,303,Urb.,6407,1895,Byrsonima roigii,0,1,0,,1,0,1,0,
30,305,303,(Cav.) Rich. ex Kunth,6408,1895,Byrsonima spicata,0,1,0,,0,0,0,0,
30,305,303,(L.) DC.,6411,1895,Byrsonima verbascifolia,0,1,0,,1,0,1,0,
30,305,303,Nied.,6413,1895,Byrsonima wrightiana,0,1,0,,1,0,1,0,
30,305,303,Cav.,19238,3402,Galphimia glauca,0,0,0,,0,0,0,0,
30,305,303,Bartl.,19239,3402,Galphimia gracilis,0,0,0,,0,0,0,0,
30,305,303,(Griseb.) Small,21422,3737,Henleophytum echinatum,0,1,0,,1,0,1,0,
30,305,303,(L.) A.Juss.,21551,3772,Heteropterys laurifolia,0,1,0,,0,0,0,0,
30,305,303,(L.) Kunth,21554,3772,Heteropterys purpurea,0,1,0,,0,0,0,0,
30,305,303,Borhidi & O.Muñiz,27539,4507,Malpighia acunana,0,1,0,,1,0,1,0,
30,305,303,Urb.,27542,4507,Malpighia apiculata,0,1,0,,1,0,1,0,
30,305,303,Spreng.,27551,4507,Malpighia cnide,0,1,0,,1,0,0,0,
30,305,303,L.,27552,4507,Malpighia coccigera,0,1,0,,0,0,0,0,
30,305,303,L.,27552,4507,Malpighia coccigera,0,1,0,,1,0,0,0,
30,305,303,Kunth,27555,4507,Malpighia cubensis,0,1,0,,1,0,0,0,
30,305,303,DC.,27557,4507,Malpighia emarginata,0,0,0,,0,0,0,0,
30,305,303,L.,27561,4507,Malpighia glabra,0,1,0,,0,0,0,0,
30,305,303,Mill.,27568,4507,Malpighia incana,0,1,0,,1,0,0,0,
30,305,303,(L.C.Rich. ex A.Juss.) Nied.,27569,4507,Malpighia infestissima,0,1,0,,1,0,0,0,
30,305,303,Jacq.,27570,4507,Malpighia linearis,0,1,0,,1,0,0,0,
30,305,303,Acuña & Roíg,27573,4507,Malpighia martiana,0,1,0,,1,0,1,0,
30,305,303,Nied.,27582,4507,Malpighia nummulariifolia,0,1,0,,1,0,1,0,
30,305,303,Spreng.,27596,4507,Malpighia setosa,0,1,0,,1,0,0,0,
30,305,303,Turcz.,441044,4507,Malpighia variifolia,0,1,0,,1,0,1,0,
30,305,303,Acuña & Roíg,27606,4507,Malpighia wrightiana,0,1,0,,1,0,0,0,
30,305,303,Small,27898,4560,Mascagnia brittonii,0,1,0,,1,0,1,0,
30,305,303,Acuña & Roig,42256,6443,Spachea martiana,0,1,0,,1,0,1,0,
30,305,303,(L.) C.E.Anderson,43048,6563,Stigmaphyllon bannisterioides,0,1,0,,0,0,0,0,
30,305,303,(Kunth) A.Juss.,43051,6563,Stigmaphyllon diversifolium,0,1,0,,1,0,0,0,
30,305,303,(Cav.) A.Juss.,43052,6563,Stigmaphyllon emarginatum,0,1,0,,1,0,0,0,
30,305,303,Griseb.,43057,6563,Stigmaphyllon microphyllum,0,1,0,,1,0,0,0,
30,305,303,C.Wright,44627,6738,Tetrapterys aequalis,0,1,0,,1,0,0,0,
30,305,303,Cav.,44628,6738,Tetrapterys buxifolia,0,1,0,,1,0,0,0,
30,305,303,Urb. & Nied.,442892,4560,Mascagnia buchii,0,1,0,,1,0,0,0,
30,305,303,Sw.,45801,6932,Triopterys rigida,0,1,0,,1,0,0,0,
30,305,303,(L.) Moench,14,954,Abelmoschus esculentus,0,0,0,,0,0,0,0,
30,305,303,Medik.,16,954,Abelmoschus moschatus,0,0,0,,0,0,0,0,
30,305,303,(Jacq.) Garcke ex Hochr.,62,961,Abutilon abutiloides,0,1,0,,0,0,0,0,
30,305,303,Urb.,65,961,Abutilon buchii,0,1,0,,1,0,0,0,
30,305,303,(Jacq.) Sweet,71,961,Abutilon giganteum,0,1,0,,0,0,0,0,
30,305,303,(Lam.) Sweet,74,961,Abutilon hirtum,0,0,0,,0,0,0,0,
30,305,303,(Torr. & A.Gray) Torr. ex Baker f.,75,961,Abutilon hulseanum,0,1,0,,0,0,0,0,
30,305,303,Urb.,77,961,Abutilon inclusum,0,1,0,,1,0,0,0,
30,305,303,(L.) Sweet,78,961,Abutilon indicum,0,0,0,,0,0,0,0,
30,305,303,(Cav.) Sweet,86,961,Abutilon mollissimum,0,0,0,,0,0,0,0,
30,305,303,(Willd.) Sweet,89,961,Abutilon permolle,0,1,0,,0,0,0,0,
30,305,303,(Jacq.) Urb.,98,961,Abutilon trisulcatum,0,1,0,,0,0,0,0,
30,305,303,(L.) Schltdl.,2483,1334,Anoda cristata,0,1,0,,0,0,0,0,
30,305,303,(Cav.) Dorr,438689,961,Abutilon bivalve,0,1,0,,0,0,0,0,
30,305,303,(L.) Dorr,297116,961,Abutilon viscosum,0,1,0,,0,0,0,0,
30,305,303,(Vent.) Garcke,9601,2290,Cienfuegosia heterophylla,0,1,0,,0,0,0,0,
30,305,303,Millsp.,9602,2290,Cienfuegosia yucatanensis,0,1,0,,0,0,0,0,
30,305,303,(L.) Sweet,19431,3429,Gaya occidentalis,0,1,0,,0,0,0,0,
30,305,303,L.,20233,3545,Gossypium barbadense,0,0,0,,0,0,0,0,
30,305,303,L.,20233,3545,Gossypium barbadense,0,0,0,,0,0,0,0,
30,305,303,L.,20237,3545,Gossypium hirsutum,0,0,0,,0,0,0,0,
30,305,303,(L.) Brizicky,21460,3744,Herissantia crispa,0,1,0,,0,0,0,0,
30,305,303,Welw. ex Hiern,21679,3788,Hibiscus acetosella,0,0,0,,0,0,0,0,
30,305,303,Cav.,21684,3788,Hibiscus bifurcatus,0,1,0,,0,0,0,0,
30,305,303,L.,21687,3788,Hibiscus cannabinus,0,0,0,,0,0,0,0,
30,305,303,L.,21689,3788,Hibiscus clypeatus,0,1,0,,0,0,0,0,
30,305,303,A.Rich.,21692,3788,Hibiscus costatus,0,1,0,,0,0,0,0,
30,305,303,Sw.,21700,3788,Hibiscus elatus,0,1,0,,1,0,0,0,
30,305,303,Desr.,21701,3788,Hibiscus furcellatus,0,1,0,,0,0,0,0,
30,305,303,L.,21720,3788,Hibiscus mutabilis,0,0,0,,0,0,0,0,
30,305,303,Jacq.,21725,3788,Hibiscus phoeniceus,0,1,0,,0,0,0,0,
30,305,303,Cav.,21728,3788,Hibiscus radiatus,0,0,0,,0,0,0,0,
30,305,303,L.,21730,3788,Hibiscus rosa-sinensis,0,0,0,,0,0,0,0,
30,305,303,L.,21731,3788,Hibiscus sabdariffa,0,0,0,,0,0,0,0,
30,305,303,(Mast.) Hook.f.,21732,3788,Hibiscus schizopetalus,0,0,0,,0,0,0,0,
30,305,303,L.,21737,3788,Hibiscus sororius,0,1,0,,0,0,0,0,
30,305,303,Cav.,21739,3788,Hibiscus striatus,0,1,0,,0,0,0,0,
30,305,303,L.,422994,3788,Hibiscus tiliaceus,0,0,0,,0,0,0,0,
30,305,303,Aubl.,21744,3788,Hibiscus trilobus,0,1,0,,0,0,0,0,
30,305,303,L.,21745,3788,Hibiscus trionum,0,0,0,,0,0,0,0,
30,305,303,L.,21746,3788,Hibiscus vitifolius,0,0,0,,0,0,0,0,
30,305,303,Jacq.,27469,4492,Malachra alceifolia,0,1,0,,0,0,0,0,
30,305,303,(L.) L.,27470,4492,Malachra capitata,0,1,0,,0,0,0,0,
30,305,303,Jacq.,27471,4492,Malachra fasciata,0,1,0,,0,0,0,0,
30,305,303,(L.) L.,27472,4492,Malachra radiata,0,1,0,,0,0,0,0,
30,305,303,Poit. ex Ledeb.,27473,4492,Malachra urens,0,1,0,,0,0,0,0,
30,305,303,L.,27631,4509,Malva parviflora,0,0,0,,0,0,0,0,
30,305,303,(L.) Torr.,27638,4510,Malvastrum americanum,0,1,0,,0,0,0,0,
30,305,303,(Desr.) Britton ex Small,27639,4510,Malvastrum corchorifolium,0,1,0,,0,0,0,0,
30,305,303,(L.) Garcke,27640,4510,Malvastrum coromandelianum,0,1,0,,0,0,0,0,
30,305,303,Dill. ex Cav.,27642,4511,Malvaviscus arboreus,0,1,0,,0,0,0,0,
30,305,303,Moc. & Sessé ex DC.,27643,4511,Malvaviscus penduliflorus,0,0,0,,0,0,0,0,
30,305,303,Griseb.,32413,5326,Pavonia achanioides,0,1,0,,1,0,1,0,
30,305,303,(Britton) Ekman,32417,5326,Pavonia calcicola,0,1,0,,1,0,1,0,
30,305,303,Urb.,32422,5326,Pavonia cryptocalyx,0,1,0,,1,0,1,0,
30,305,303,(Mill.) Fawc. & Rendle,32425,5326,Pavonia fruticosa,0,1,0,,0,0,0,0,
30,305,303,Urb.,32427,5326,Pavonia heterostemon,0,1,0,,1,0,1,0,
30,305,303,A.Rich.,32429,5326,Pavonia intermixta,0,1,0,,1,0,1,0,
30,305,303,Nicolson ex Fryxell,32433,5326,Pavonia paludicola,0,1,0,,0,0,0,0,
30,305,303,Steud.,32437,5326,Pavonia schiedeana,0,1,0,,0,0,0,0,
30,305,303,(L.) Cav.,32438,5326,Pavonia spinifex,0,1,0,,0,0,0,0,
30,305,303,Mill.,41455,6363,Sida abutilifolia,0,1,0,,0,0,0,0,
30,305,303,Burm.f.,41456,6363,Sida acuta,0,1,0,,0,0,0,0,
30,305,303,L.,41467,6363,Sida ciliaris,0,1,0,,0,0,0,0,
30,305,303,L.,41469,6363,Sida cordifolia,0,1,0,,0,0,0,0,
30,305,303,Mill.,41471,6363,Sida glabra,0,1,0,,0,0,0,0,
30,305,303,Cav.,41472,6363,Sida glomerata,0,1,0,,0,0,0,0,
30,305,303,Comm. ex Cav.,41473,6363,Sida glutinosa,0,1,0,,0,0,0,0,
30,305,303,L.,41477,6363,Sida jamaicensis,0,1,0,,0,0,0,0,
30,305,303,Juss. ex Cav.,41479,6363,Sida linifolia,0,1,0,,0,0,0,0,
30,305,303,L.,41488,6363,Sida rhombifolia,0,1,0,,0,0,0,0,
30,305,303,L.,41493,6363,Sida spinosa,0,1,0,,0,0,0,0,
30,305,303,L.,41497,6363,Sida urens,0,1,0,,0,0,0,0,
30,305,303,(Jacq.) Fryxell,41503,6365,Sidastrum multiflorum,0,1,0,,0,0,0,0,
30,305,303,(L.) Sol. ex Corrêa,44977,6770,Thespesia populnea,0,1,0,,0,0,0,0,
30,305,303,L.,46169,7013,Urena lobata,0,1,0,,0,0,0,0,
30,305,303,L.,46169,7013,Urena lobata,0,1,0,,0,0,0,0,
30,305,303,(Cav.) C.Presl,47331,7135,Wissadula excelsior,0,1,0,,0,0,0,0,
30,305,303,R.E.Fr.,47332,7135,Wissadula fadyenii,0,1,0,,0,0,0,0,
30,305,303,(L'Hér.) Garcke,47333,7135,Wissadula hernandioides,0,1,0,,0,0,0,0,
30,305,303,(L.) Thwaites,47335,7135,Wissadula periplocifolia,0,1,0,,0,0,0,0,
30,305,303,(Aubl.) Borchs. & S.Suárez,341697,8974,Goeppertia allouia,0,0,0,,0,0,0,0,
30,305,303,L.,27761,4534,Maranta arundinacea,0,0,0,,0,0,0,0,
30,305,303,L.,44748,6752,Thalia geniculata,0,1,0,,0,0,0,0,
30,305,303,Krug & Urb.,27778,4539,Marcgravia evenia,0,1,0,,1,0,1,0,
30,305,303,C.Wright ex Griseb.,27780,4539,Marcgravia oligandra,0,1,0,,1,0,0,0,
30,305,303,Triana & Planch.,27781,4539,Marcgravia rectiflora,0,1,0,,1,0,0,0,
30,305,303,L.,11436,2531,Craniolaria annua,0,1,0,,0,0,0,0,
30,305,303,L.,27897,4559,Martynia annua,0,1,0,,0,0,0,0,
30,305,303,Aubl.,27975,4580,Mayaca fluviatilis,0,1,0,,0,0,0,0,
30,305,303,(DC.) Mart.,438172,19960,Noterophila limnobios,0,1,0,,0,0,0,0,
30,305,303,Juss. ex Poir.,547,998,Acisanthera quadrata,0,1,0,,0,0,0,0,
30,305,303,(Alain) Bécquer & Michelang.,418074,4675,Miconia perezii,0,1,0,,1,0,1,0,
30,305,303,(Griseb.) M.Gómez,417961,4675,Miconia angulata,0,1,0,,1,0,1,0,
30,305,303,"(Rich.) Judd, Bécquer & Majure",417987,4675,Miconia calycopteris,0,1,0,,1,0,0,0,
30,305,303,M.Gómez,417974,4675,Miconia baracoana,0,1,0,,1,0,1,0,
30,305,303,Bécquer & Michelang.,418049,4675,Miconia liogieri,0,1,0,,1,0,1,0,
30,305,303,(Urb. & Ekman) Bécquer,438895,4675,Miconia tetramera,0,1,0,,1,0,1,0,
30,305,303,Bécquer & Michelang.,418004,4675,Miconia cupeyalensis,0,1,0,,1,0,1,0,
30,305,303,"Skean, Judd, Majure & Bécquer",418018,4675,Miconia glabrifolia,0,1,0,,1,0,0,0,
30,305,303,Bécquer & Michelang.,438897,4675,Miconia grisebachiana,0,1,0,,1,0,1,0,
30,305,303,(Naudin) M.Gómez,418029,4675,Miconia heterophylla,0,1,0,,1,0,1,0,
30,305,303,M.Gómez,438899,4675,Miconia secundolanceolata,0,1,0,,1,0,1,0,
30,305,303,(Naudin) M.Gómez,412504,4675,Miconia lindeniana,0,1,0,,1,0,1,0,
30,305,303,(C.Wright) M.Gómez,409466,4675,Miconia microphylla,0,1,0,,1,0,1,0,
30,305,303,(Borhidi & O.Muñiz) Bécquer & Michelang.,418058,4675,Miconia moana,0,1,0,,1,0,1,0,
30,305,303,(Alain) Bécquer & Michelang.,418074,4675,Miconia perezii,0,1,0,,1,0,1,0,
30,305,303,(Griseb.) M.Gómez,418078,4675,Miconia plicata,0,1,0,,1,0,1,0,
30,305,303,(Alain) Bécquer & Michelang.,418074,4675,Miconia perezii,0,1,0,,1,0,1,0,
30,305,303,Bécquer & Skean,418112,4675,Miconia vulcanidomatia,0,1,0,,1,0,0,0,
30,305,303,(Griseb.) M.Gómez,418093,4675,Miconia rosmarinifolia,0,1,0,,1,0,1,0,
30,305,303,(Naudin) M.Gómez,418029,4675,Miconia heterophylla,0,1,0,,1,0,1,0,
30,305,303,"Judd, Bécquer, Skean & Majure",418044,4675,Miconia karsticola,0,1,0,,1,0,1,0,
30,305,303,(Borhidi) Bécquer & Michelang.,418101,4675,Miconia susannae,0,1,0,,1,0,1,0,
30,305,303,Bécquer & Judd,417989,4675,Miconia charleswrightii,0,1,0,,1,0,1,0,
30,305,303,(Naudin) Judd & Bécquer,418094,4675,Miconia rubrinervis,0,1,0,,1,0,1,0,
30,305,303,(DC.) Judd & Ionta,418015,4675,Miconia erythropogon,0,1,0,,1,0,0,0,
30,305,303,(Vahl) Michelang.,409452,4675,Miconia crenata,0,1,0,,0,0,0,0,
30,305,303,(C.Wright ex Griseb.) Judd & Ionta,439331,4675,Miconia leucandra,0,1,0,,1,0,1,0,
30,305,303,(Bonpl.) Judd & Majure,409470,4675,Miconia octona,0,1,0,,0,0,0,0,
30,305,303,(Sw.) Judd & Ionta,410543,4675,Miconia strigillosa,0,1,0,,0,0,0,0,
30,305,303,Judd & Bécquer,418032,4675,Miconia hirticalyx,0,1,0,,1,0,1,0,
30,305,303,(DC.) M.Gómez,439383,4675,Miconia subhirsuta,0,1,0,,0,0,0,0,
30,305,303,(Urb.) Michelang.,439384,4675,Miconia lomensis,0,1,0,,1,0,0,0,
30,305,303,M.Gómez,439386,4675,Miconia baillonii,0,1,0,,0,0,0,0,
30,305,303,(Bonpl.) M.Gómez,374870,4675,Miconia xalapensis,0,1,0,,0,0,0,0,
30,305,303,Triana,20259,3551,Graffenrieda chrysandra,0,1,0,,1,0,0,0,
30,305,303,Britton & P.Wilson,20262,3551,Graffenrieda rufescens,0,1,0,,1,0,1,0,
30,305,303,(Alain) Alain,21424,3739,Henriettea acunae,0,1,0,,1,0,1,0,
30,305,303,(Urb.) Borhidi,21427,3739,Henriettea cuabae,0,1,0,,1,0,1,0,
30,305,303,(Urb.) Alain,21428,3739,Henriettea ekmanii,0,1,0,,1,0,1,0,
30,305,303,(Sw.) M.Gómez,440494,3739,Henriettea fascicularis,0,1,0,,0,0,0,0,
30,305,303,(Urb.) Alain,21429,3739,Henriettea gibberosa,0,1,0,,1,0,1,0,
30,305,303,DC.,21436,3739,Henriettea patrisiana,0,1,0,,1,0,1,0,
30,305,303,(Griseb.) M.Gómez,21437,3739,Henriettea punctata,0,1,0,,1,0,1,0,
30,305,303,(Alain) Alain,21441,3739,Henriettea squamata,0,1,0,,1,0,1,0,
30,305,303,"(Cogn.) Skean, Judd & Majure",418027,4675,Miconia haemantha,0,1,0,,1,0,1,0,
30,305,303,"(Cogn.) Skean, Judd & Majure",418064,4675,Miconia obtusifolia,0,1,0,,1,0,1,0,
30,305,303,"Skean, Judd & Majure",418028,4675,Miconia haemanthoides,0,1,0,,1,0,0,0,
30,305,303,L.,28251,4615,Melastoma malabathricum,0,0,0,,0,0,0,0,
30,305,303,Sw.,28540,4641,Meriania leucantha,0,1,1,,0,0,0,0,
30,305,303,Cogn.,28769,4675,Miconia dodecandra,0,1,0,,0,0,0,0,
30,305,303,(Sw.) DC.,28770,4675,Miconia elata,0,1,0,,0,0,0,0,
30,305,303,Naudin,28791,4675,Miconia matthaei,0,1,0,,0,0,0,0,
30,305,303,(Aubl.) L.O.Williams,28793,4675,Miconia mirabilis,0,1,0,,0,0,0,0,
30,305,303,(Sw.) DC.,28807,4675,Miconia prasina,0,1,0,,0,0,0,0,
30,305,303,(Desr.) D.Don,28810,4675,Miconia punctata,0,1,0,,0,0,0,0,
30,305,303,D.Don,28835,4675,Miconia tetrandra,0,1,0,,1,0,0,0,
30,305,303,Griseb.,29470,4811,Mouriri emarginata,0,1,0,,1,0,1,0,
30,305,303,Griseb.,29476,4811,Mouriri spathulata,0,1,0,,1,0,1,0,
30,305,303,A.Rich.,29477,4811,Mouriri valenzuelana,0,1,0,,1,0,1,0,
30,305,303,Naudin,30267,4967,Nepsera aquatica,0,1,0,,0,0,0,0,
30,305,303,"Judd, Bécquer & Majure",417960,4675,Miconia acunagalei,0,1,0,,1,0,1,0,
30,305,303,"(C.Wright ex Griseb.) Judd, Bécquer & Majure",441526,4675,Miconia hypoglauca,0,1,0,,1,0,1,0,
30,305,303,(Naudin) Majure & Judd,441527,4675,Miconia asperifolia,0,1,0,,1,0,0,0,
30,305,303,"Judd, Bécquer & Majure",417979,4675,Miconia borhidiana,0,1,0,,1,0,1,0,
30,305,303,"Judd, Bécquer & Majure",417979,4675,Miconia borhidiana,0,1,0,,1,0,1,0,
30,305,303,(Urb.) Bécquer & Skean,441528,4675,Miconia brunescens,0,1,0,,1,0,1,0,
30,305,303,Majure & Judd,418102,4675,Miconia tentaculicapitata,0,1,0,,1,0,1,0,
30,305,303,"(Urb.) Judd, Bécquer & Majure",441529,4675,Miconia costata,0,1,0,,1,0,1,0,
30,305,303,(Alain) Majure & Judd,418003,4675,Miconia cubana,0,1,0,,1,0,1,0,
30,305,303,"(Urb.) Judd, Bécquer & Majure",418011,4675,Miconia ekmanii,0,1,0,,1,0,1,0,
30,305,303,"Judd, Bécquer & Majure",417966,4675,Miconia ascenditricha,0,1,0,,1,0,1,0,
30,305,303,"(Urb.) Judd, Bécquer & Majure",418016,4675,Miconia filisepala,0,1,0,,1,0,1,0,
30,305,303,"Judd, Bécquer & Majure",441530,4675,Miconia glomeruliflora,0,1,0,,1,0,0,0,
30,305,303,(Urb.) Majure & Judd,441531,4675,Miconia granulata,0,1,0,,1,0,1,0,
30,305,303,(Desr.) M.Gómez,418047,4675,Miconia lima,0,1,0,,1,0,0,0,
30,305,303,Urb.,31416,5178,Ossaea micarensis,0,1,0,,1,0,1,0,
30,305,303,(Borhidi) Ionta & Bécquer,418060,4675,Miconia munizii,0,1,0,,1,0,1,0,
30,305,303,Majure & Judd,417965,4675,Miconia argentimuricata,0,1,0,,1,0,1,0,
30,305,303,(Britton & P.Wilson) Ionta & Bécquer,441533,4675,Miconia navasensis,0,1,0,,1,0,1,0,
30,305,303,Ionta & Judd,417988,4675,Miconia capillinervis,0,1,0,,1,0,1,0,
30,305,303,(Britton & P.Wilson) Ionta & Bécquer,441534,4675,Miconia nipensis,0,1,0,,1,0,1,0,
30,305,303,(Britton & P.Wilson) Ionta & Bécquer,441534,4675,Miconia nipensis,0,1,0,,1,0,1,0,
30,305,303,(Urb.) Majure & Judd,418067,4675,Miconia ottoschmidtii,0,1,0,,1,0,1,0,
30,305,303,"(Urb.) Judd, Bécquer & Majure",441535,4675,Miconia ovatifolia,0,1,0,,1,0,1,0,
30,305,303,"(Griseb.) Judd, Bécquer & Majure",441537,4675,Miconia echinata,0,1,0,,1,0,1,0,
30,305,303,"(Griseb.) Judd, Bécquer & Majure",441537,4675,Miconia echinata,0,1,0,,1,0,1,0,
30,305,303,Alain,31430,5178,Ossaea pinetorum,0,1,0,,1,0,1,0,
30,305,303,"(Borhidi & O.Muñiz) Judd, Bécquer & Majure",418086,4675,Miconia pseudopinetorum,0,1,0,,1,0,1,0,
30,305,303,Alain,31432,5178,Ossaea pulchra,0,1,0,,1,0,1,0,
30,305,303,Ionta & Bécquer,418096,4675,Miconia ruficaulis,0,1,0,,1,0,1,0,
30,305,303,Majure & Judd,441540,4675,Miconia jashaferi,0,1,0,,1,0,1,0,
30,305,303,(Urb.) Majure & Judd,418063,4675,Miconia norlindii,0,1,0,,1,0,1,0,
30,305,303,(Borhidi & O.Muñiz) Ionta & Bécquer,418109,4675,Miconia vazquezii,0,1,0,,1,0,1,0,
30,305,303,Triana,31442,5178,Ossaea wrightii,0,1,0,,1,0,1,0,
30,305,303,M.Gómez,441557,4675,Miconia secundoangustifolia,0,1,0,,1,0,1,0,
30,305,303,(P.Wilson ex Britton) Bécquer,417995,4675,Miconia clementii,0,1,0,,1,0,1,0,
30,305,303,Bécquer,418068,4675,Miconia pachyantha,0,1,0,,1,0,1,0,
30,305,303,Bécquer & Michelang.,418007,4675,Miconia discolorata,0,1,0,,1,0,1,0,
30,305,303,(Urb.) Bécquer,441559,4675,Miconia brachyloba,0,1,0,,1,0,1,0,
30,305,303,(Britton & P.Wilson) Bécquer,418053,4675,Miconia mantuensis,0,1,0,,1,0,1,0,
30,305,303,(Urb.) Bécquer & Michelang.,418055,4675,Miconia mayarensis,0,1,0,,1,0,1,0,
30,305,303,Bécquer & Michelang.,418115,4675,Miconia yamanigueyensis,0,1,0,,1,0,1,0,
30,305,303,Urb.,441560,4675,Miconia monocephala,0,1,0,,1,0,1,0,
30,305,303,(Urb.) Bécquer & Majure,418059,4675,Miconia monopleura,0,1,0,,1,0,1,0,
30,305,303,(Griseb.) M.Gómez,418066,4675,Miconia oleifolia,0,1,0,,1,0,1,0,
30,305,303,Judd & Bécquer,418085,4675,Miconia pseudopedicellata,0,1,0,,1,0,1,0,
30,305,303,(Griseb.) M.Gómez,28806,4675,Miconia poiretii,0,1,0,,1,0,1,0,
30,305,303,(Urb.) Bécquer,441561,4675,Miconia lindmanii,0,1,0,,1,0,1,0,
30,305,303,(Urb. & Ekman) Bécquer,438895,4675,Miconia tetramera,0,1,0,,1,0,1,0,
30,305,303,(Griseb.) Triana,441562,4675,Miconia wrightii,0,1,0,,1,0,1,0,
30,305,303,Griseb.,38116,5977,Rhexia cubensis,0,1,0,,0,0,0,0,
30,305,303,(Mill.) Triana,345762,4675,Miconia bicolor,0,1,0,,1,0,1,0,
30,305,303,Bécquer & Judd,417968,4675,Miconia aurifolia,0,1,0,,1,0,1,0,
30,305,303,"(Borhidi) Judd, Bécquer & Majure",417975,4675,Miconia barbata,0,1,0,,1,0,1,0,
30,305,303,(Mill.) Triana,345762,4675,Miconia bicolor,0,1,0,,0,0,0,0,
30,305,303,(Mill.) Triana,345762,4675,Miconia bicolor,0,1,0,,1,0,1,0,
30,305,303,(Griseb.) M.Gómez,417981,4675,Miconia brachycentra,0,1,0,,1,0,1,0,
30,305,303,"Judd, Bécquer & Majure",417986,4675,Miconia cajalbanensis,0,1,0,,1,0,1,0,
30,305,303,"(Borhidi) Judd, Bécquer & Majure",418000,4675,Miconia cristalensis,0,1,0,,1,0,1,0,
30,305,303,Bécquer & Judd,442784,4675,Miconia tetrazygioidea,0,1,0,,1,0,1,0,
30,305,303,Bécquer & Judd,418012,4675,Miconia elegantissima,0,1,0,,1,0,1,0,
30,305,303,Bécquer & Judd,418012,4675,Miconia elegantissima,0,1,0,,1,0,1,0,
30,305,303,"(Urb.) Judd, Bécquer & Majure",442785,4675,Miconia impressa,0,1,0,,1,0,1,0,
30,305,303,"Judd, Bécquer & Majure",418026,4675,Miconia guajaibonensis,0,1,0,,1,0,1,0,
30,305,303,C.Wright ex Griseb.,418089,4675,Miconia rangeliana,0,1,0,,1,0,1,0,
30,305,303,"(Urb.) Judd, Bécquer & Majure",442785,4675,Miconia impressa,0,1,0,,1,0,1,0,
30,305,303,Urb. & Urb.,442787,4675,Miconia urceolata,0,1,0,,1,0,1,0,
30,305,303,(Vahl) DC.,442821,19521,Chaetogastra longifolia,0,1,0,,0,0,0,0,
30,305,303,(Urb.) Morley,47082,7095,Votomita monantha,0,1,0,,1,0,1,0,
30,305,303,A.Juss.,4423,1587,Azadirachta indica,0,0,0,,0,0,0,0,
30,305,303,Aubl.,7672,2014,Carapa guianensis,0,1,0,,0,0,0,0,
30,305,303,L.,8574,2094,Cedrela odorata,0,1,0,,0,0,0,0,
30,305,303,(L.) Sleumer,20504,3577,Guarea guidonia,0,1,0,,0,0,0,0,
30,305,303,L.,28261,4617,Melia azedarach,0,0,0,,0,0,0,0,
30,305,303,King,43348,6628,Swietenia macrophylla,0,0,0,,0,0,0,0,
30,305,303,(L.) Jacq.,43349,6628,Swietenia mahagoni,0,1,0,,0,0,0,0,
30,305,303,Jacq.,45491,6882,Trichilia havanensis,0,1,0,,0,0,0,0,
30,305,303,L.,45492,6882,Trichilia hirta,0,1,0,,0,0,0,0,
30,305,303,Sw.,45496,6882,Trichilia pallida,0,1,0,,0,0,0,0,
30,305,303,Urb.,45497,6882,Trichilia pungens,0,1,0,,1,0,1,0,
30,305,303,(Griseb.) C.DC.,45502,6882,Trichilia trachyantha,0,1,0,,1,0,1,0,
30,305,303,L.,45504,6882,Trichilia trifolia,0,1,0,,0,0,0,0,
30,305,303,L.,9699,2301,Cissampelos pareira,0,1,0,,0,0,0,0,
30,305,303,L.,9699,2301,Cissampelos pareira,0,1,0,,1,0,1,0,
30,305,303,(Eichler) Miers,22840,3911,Hyperbaena columbica,0,1,0,,1,0,1,0,
30,305,303,(Griseb.) Urb.,22841,3911,Hyperbaena cubensis,0,1,0,,1,0,1,0,
30,305,303,(DC.) Benth.,22842,3911,Hyperbaena domingensis,0,1,0,,0,0,0,0,
30,305,303,(L.) Kuntze,30493,5041,Nymphoides indica,0,1,0,,0,0,0,0,
30,305,303,Urb.,29276,4763,Mollugo brevipes,0,1,0,,1,0,1,0,
30,305,303,Urb.,29279,4763,Mollugo cubensis,0,1,0,,1,0,1,0,
30,305,303,(Griseb.) Thulin,441303,19620,Paramollugo cuneifolia,0,1,0,,1,0,1,0,
30,305,303,(León) Thulin,441304,19620,Paramollugo deltoidea,0,1,0,,1,0,1,0,
30,305,303,C.Wright,29282,4763,Mollugo enneandra,0,1,0,,1,0,1,0,
30,305,303,(Lam.) Thulin,421029,19620,Paramollugo nudicaulis,0,0,0,,0,0,0,0,
30,305,303,Urb.,29287,4763,Mollugo pinosia,0,1,0,,1,0,1,0,
30,305,303,(Parkinson) Fosberg,3511,1490,Artocarpus altilis,0,0,0,,0,0,0,0,
30,305,303,Lam.,3518,1490,Artocarpus heterophyllus,0,0,0,,0,0,0,0,
30,305,303,Sw.,5939,1841,Brosimum alicastrum,0,1,0,,0,0,0,0,
30,305,303,Cerv.,8472,2068,Castilla elastica,0,0,0,,0,0,0,0,
30,305,303,C.Wright ex Griseb.,14939,2952,Dorstenia crenulata,0,1,0,,1,0,1,0,
30,305,303,C.Wright ex Griseb.,439884,2952,Dorstenia erythrandra,0,1,0,,1,0,0,0,
30,305,303,Urb. & Ekman,14946,2952,Dorstenia nummularia,0,1,0,,1,0,1,0,
30,305,303,Spreng.,14947,2952,Dorstenia peltata,0,1,0,,1,0,0,0,
30,305,303,C.Wright ex Griseb.,14948,2952,Dorstenia petraea,0,1,0,,1,0,1,0,
30,305,303,Britton,14949,2952,Dorstenia rocana,0,1,0,,1,0,1,0,
30,305,303,Britton,14950,2952,Dorstenia roigii,0,1,0,,1,0,1,0,
30,305,303,C.Wright ex Griseb.,14952,2952,Dorstenia tuberosa,0,1,0,,1,0,1,0,
30,305,303,Aubl.,18425,3322,Ficus americana,0,1,0,,0,0,0,0,
30,305,303,Nutt.,18432,3322,Ficus aurea,0,1,0,,0,0,0,0,
30,305,303,L.,18441,3322,Ficus benjamina,0,0,0,,0,0,0,0,
30,305,303,Mill.,18454,3322,Ficus citrifolia,0,1,0,,0,0,0,0,
30,305,303,Desf. ex Willd.,18462,3322,Ficus crassinervia,0,1,0,,0,0,0,0,
30,305,303,Mill.,18526,3322,Ficus maxima,0,1,0,,0,0,0,0,
30,305,303,C.Wright,18527,3322,Ficus membranacea,0,1,0,,0,0,0,0,
30,305,303,L.,18560,3322,Ficus pumila,0,0,0,,0,0,0,0,
30,305,303,L.,18566,3322,Ficus religiosa,0,0,0,,0,0,0,0,
30,305,303,L.,18599,3322,Ficus trigonata,0,1,0,,0,0,0,0,
30,305,303,L.,29432,4807,Morus nigra,0,0,0,,0,0,0,0,
30,305,303,(Sw.) Griseb.,36471,5804,Pseudolmedia spuria,0,1,0,,0,0,0,0,
30,305,303,(L.) Urb.,45960,6975,Trophis racemosa,0,1,0,,0,0,0,0,
30,305,303,Lam.,29425,4803,Moringa oleifera,0,0,0,,0,0,0,0,
30,305,303,L.,5534,1776,Bontia daphnoides,0,1,0,,0,0,0,0,
30,305,303,Britton & P.Wilson,441359,4847,Myrica cacuminis,0,1,0,,1,0,1,0,
30,305,303,L.,441315,4847,Myrica cerifera,0,1,0,,0,0,0,0,
30,305,303,Griseb.,441362,4847,Myrica punctata,0,1,0,,1,0,1,0,
30,305,303,Urb. & Britton,441364,4847,Myrica shaferi,0,1,0,,1,0,1,0,
30,305,303,(Britton & P.Wilson) Alain,2961,1441,Ardisia baracoensis,0,1,0,,1,0,1,0,
30,305,303,(A.DC.) Mez,2975,1441,Ardisia dentata,0,1,0,,1,0,1,0,
30,305,303,Schltdl. & Cham.,2978,1441,Ardisia escallonioides,0,1,0,,0,0,0,0,
30,305,303,(Kuntze) Alain,2984,1441,Ardisia grisebachiana,0,1,0,,1,0,1,0,
30,305,303,Urb.,2992,1441,Ardisia maestrensis,0,1,0,,1,0,1,0,
30,305,303,Urb.,2996,1441,Ardisia mogotensis,0,1,0,,1,0,1,0,
30,305,303,Krug & Urb.,441374,4865,Myrsine acrantha,0,1,0,,1,0,0,0,
30,305,303,(Sw.) R.Br. ex Roem. & Schult.,29870,4865,Myrsine coriacea,0,1,0,,0,0,0,0,
30,305,303,Borhidi,29871,4865,Myrsine cristalensis,0,1,0,,1,0,1,0,
30,305,303,(A.DC.) Molinet & M.Gómez,32086,5292,Parathesis cubana,0,1,0,,0,0,0,0,
30,305,303,(Sw.) Mez,32088,5292,Parathesis serrulata,0,1,0,,1,0,0,0,
30,305,303,Urb.,42102,6429,Solonia reflexa,0,1,0,,1,0,1,0,
30,305,303,(Griseb.) Mez,47172,7107,Wallenia bumelioides,0,1,0,,1,0,1,0,
30,305,303,(Griseb.) Mez,47185,7107,Wallenia jacquinioides,0,1,0,,1,0,1,0,
30,305,303,Sw.,443132,7107,Wallenia laurifolia,0,1,0,,1,0,0,0,
30,305,303,(Britton) Ekman ex Urb.,47191,7107,Wallenia subverticillata,0,1,0,,1,0,0,0,
30,305,303,Z.Acosta & K.Samra,438909,4842,Myrcia neoacunae,0,1,0,,1,0,1,0,
30,305,303,(Borhidi) Z.Acosta & K.Samra,438911,4842,Myrcia albicans,0,1,0,,1,0,1,0,
30,305,303,(Borhidi & O.Muñiz) Z.Acosta & K.Samra,438912,4842,Myrcia anacletoi,0,1,0,,1,0,1,0,
30,305,303,(Borhidi) Z.Acosta & K.Samra,438918,4842,Myrcia baracoensis,0,1,0,,1,0,1,0,
30,305,303,(Griseb.) Z.Acosta & K.Samra,438925,4842,Myrcia calyptrata,0,1,0,,1,0,1,0,
30,305,303,(L.) A.R.Lourenço & E.Lucas,438931,4842,Myrcia chytraculia,0,1,0,,0,0,0,0,
30,305,303,(Britton & P.Wilson) E.Lucas & K.Samra,438932,4842,Myrcia clarensis,0,1,0,,1,0,1,0,
30,305,303,(Britton & P.Wilson) E.Lucas & K.Samra,438933,4842,Myrcia clementis,0,1,0,,1,0,1,0,
30,305,303,Z.Acosta & K.Samra,438936,4842,Myrcia hydrophila,0,1,0,,1,0,1,0,
30,305,303,(Borhidi) Z.Acosta & K.Samra,438949,4842,Myrcia exasperata,0,1,0,,1,0,1,0,
30,305,303,(Urb.) Z.Acosta & K.Samra,443209,4842,Myrcia flavoviridis,0,1,0,,1,0,1,0,
30,305,303,(Borhidi & O.Muñiz) Z.Acosta & K.Samra,438965,4842,Myrcia leonis,0,1,0,,1,0,1,0,
30,305,303,Z.Acosta & K.Samra,438966,4842,Myrcia tenuiclada,0,1,0,,1,0,1,0,
30,305,303,(Alain) Z.Acosta & K.Samra,438969,4842,Myrcia linearis,0,1,0,,1,0,1,0,
30,305,303,(Urb.) Z.Acosta & K.Samra,438971,4842,Myrcia lomensis,0,1,0,,1,0,1,0,
30,305,303,(Borhidi) Z.Acosta & K.Samra,438974,4842,Myrcia mayarensis,0,1,0,,1,0,1,0,
30,305,303,Z.Acosta & K.Samra,438976,4842,Myrcia tytthoflora,0,1,0,,1,0,1,0,
30,305,303,(Borhidi) Z.Acosta & K.Samra,438981,4842,Myrcia munizii,0,1,0,,1,0,1,0,
30,305,303,(Borhidi & O.Muñiz) Z.Acosta & K.Samra,438983,4842,Myrcia nipensis,0,1,0,,1,0,1,0,
30,305,303,Standl.,438990,1964,Calyptranthes williamsii,0,1,0,,0,0,0,0,
30,305,303,(Urb.) Z.Acosta & K.Samra,438992,4842,Myrcia paradoxa,0,1,0,,1,0,1,0,
30,305,303,(Borhidi) Z.Acosta & K.Samra,438999,4842,Myrcia pocsiana,0,1,0,,1,0,1,0,
30,305,303,(Urb.) Z.Acosta & K.Samra,439001,4842,Myrcia pozasiana,0,1,0,,1,0,1,0,
30,305,303,(Borhidi & O.Muñiz) Z.Acosta & K.Samra,439004,4842,Myrcia pseudomoaensis,0,1,0,,1,0,1,0,
30,305,303,(Ekman & Urb.) Z.Acosta & K.Samra,439006,4842,Myrcia rhodophylla,0,1,0,,1,0,1,0,
30,305,303,K.Campbell & K.Samra,439007,4842,Myrcia fawcettii,0,1,0,,1,0,0,0,
30,305,303,(L.) A.R.Lourenço & E.Lucas,428726,4842,Myrcia zuzygium,0,1,0,,0,0,0,0,
30,305,303,Z.Acosta & K.Samra,439019,4842,Myrcia galanoana,0,1,0,,1,0,1,0,
30,305,303,(Hook.) K.D.Hill & L.A.S.Johnson,11222,2501,Corymbia citriodora,0,0,0,,0,0,0,0,
30,305,303,Borhidi,17349,3227,Eugenia alainii,0,1,0,,1,0,1,0,
30,305,303,(Sw.) Willd.,17359,3227,Eugenia axillaris,0,1,0,,0,0,0,0,
30,305,303,Borhidi & O.Muñiz,17382,3227,Eugenia cajalbanica,0,1,0,,1,0,1,0,
30,305,303,DC.,17403,3227,Eugenia confusa,0,1,0,,0,0,0,0,
30,305,303,Pers.,17436,3227,Eugenia foetida,0,1,0,,0,0,0,0,
30,305,303,(Sw.) DC.,17442,3227,Eugenia glabrata,0,1,0,,1,0,0,0,
30,305,303,(Sw.) DC.,17508,3227,Eugenia monticola,0,1,0,,0,0,0,0,
30,305,303,Borhidi,17544,3227,Eugenia pocsiana,0,1,0,,1,0,1,0,
30,305,303,(Sw.) Poir.,17553,3227,Eugenia procera,0,1,0,,0,0,0,0,
30,305,303,Borhidi & O.Muñiz,17561,3227,Eugenia ramonae,0,1,0,,1,0,1,0,
30,305,303,(O.Berg) Krug & Urb.,17567,3227,Eugenia rhombea,0,1,0,,0,0,0,0,
30,305,303,Borhidi,17573,3227,Eugenia rosariensis,0,1,0,,1,0,1,0,
30,305,303,Borhidi,17589,3227,Eugenia sooiana,0,1,0,,1,0,1,0,
30,305,303,Borhidi & O.Muñiz,17602,3227,Eugenia subspinulosa,0,1,0,,1,0,1,0,
30,305,303,Borhidi & O.Muñiz,17608,3227,Eugenia toaensis,0,1,0,,1,0,1,0,
30,305,303,L.,17615,3227,Eugenia uniflora,0,0,0,,0,0,0,0,
30,305,303,(Urb.) Borhidi,22368,3848,Hottea ekmanii,0,1,0,,1,0,1,0,
30,305,303,(Cav.) S.T.Blake,28202,4602,Melaleuca quinquenervia,0,0,0,,0,0,0,0,
30,305,303,(O.Berg) Flickinger,441288,4842,Myrcia ottonis,0,1,0,,1,0,1,0,
30,305,303,(Britton & P.Wilson) Borhidi,29440,4808,Mosiera cabanasensis,0,1,0,,1,0,1,0,
30,305,303,(Britton & P.Wilson) Borhidi,29440,4808,Mosiera cabanasensis,0,1,0,,1,0,1,0,
30,305,303,(Britton & P.Wilson) Borhidi,29440,4808,Mosiera cabanasensis,0,1,0,,1,0,1,0,
30,305,303,(Borhidi & O.Muñiz) Borhidi,29444,4808,Mosiera del-riscoi,0,1,0,,1,0,1,0,
30,305,303,Borhidi,29461,4808,Mosiera wrightii,0,1,0,,1,0,1,0,
30,305,303,Borhidi,29718,4842,Myrcia acunae,0,1,0,,1,0,1,0,
30,305,303,Urb.,29722,4842,Myrcia apodocarpa,0,1,0,,1,0,1,0,
30,305,303,Borhidi & O.Muñiz,29726,4842,Myrcia cristalensis,0,1,0,,1,0,1,0,
30,305,303,(Poir.) DC.,29728,4842,Myrcia deflexa,0,1,0,,0,0,0,0,
30,305,303,Borhidi & O.Muñiz,29741,4842,Myrcia pineticola,0,1,0,,1,0,1,0,
30,305,303,(Urb.) Borhidi,29743,4842,Myrcia polyneura,0,1,0,,1,0,1,0,
30,305,303,(C.Wright) Urb.,29746,4842,Myrcia retivenia,0,1,0,,1,0,1,0,
30,305,303,Borhidi & O.Muñiz,29749,4842,Myrcia spinifolia,0,1,0,,1,0,1,0,
30,305,303,(Sw.) DC.,29750,4842,Myrcia splendens,0,1,0,,0,0,0,0,
30,305,303,Borhidi,29751,4842,Myrcia susannae,0,1,0,,1,0,1,0,
30,305,303,Borhidi & O.Muñiz,29753,4842,Myrcia toaensis,0,1,0,,1,0,1,0,
30,305,303,(A.Rich.) Griseb.,29754,4842,Myrcia valenzuelana,0,1,0,,1,0,1,0,
30,305,303,(Sw.) McVaugh,29756,4843,Myrcianthes fragrans,0,1,0,,0,0,0,0,
30,305,303,(H.West ex Willd.) O.Berg,29758,4844,Myrciaria floribunda,0,1,0,,0,0,0,0,
30,305,303,(Urb.) Alain,34188,5554,Pimenta adenoclada,0,1,0,,1,0,1,0,
30,305,303,(Urb.) Burret,34189,5554,Pimenta cainitoides,0,1,0,,1,0,0,0,
30,305,303,(L.) Merr.,34190,5554,Pimenta dioica,0,1,0,,0,0,0,0,
30,305,303,(Griseb.) Burret,34191,5554,Pimenta ferruginea,0,1,0,,1,0,1,0,
30,305,303,(Urb.) Burret,34192,5554,Pimenta filipes,0,1,0,,1,0,1,0,
30,305,303,(Urb.) Burret,34196,5554,Pimenta odiolens,0,1,0,,1,0,1,0,
30,305,303,(Urb.) Burret,34197,5554,Pimenta oligantha,0,1,0,,1,0,1,0,
30,305,303,(Mill.) J.W.Moore,34199,5554,Pimenta racemosa,0,1,0,,0,0,0,0,
30,305,303,Z.Acosta,384768,3227,Eugenia borhidiana,0,1,0,,1,0,1,0,
30,305,303,Borhidi,35114,5652,Plinia baracoensis,0,1,0,,1,0,1,0,
30,305,303,Urb.,35118,5652,Plinia dermatodes,0,1,0,,1,0,1,0,
30,305,303,Borhidi,35122,5652,Plinia moaensis,0,1,0,,1,0,1,0,
30,305,303,Urb.,35123,5652,Plinia orthoclada,0,1,0,,1,0,1,0,
30,305,303,Urb.,35125,5652,Plinia punctata,0,1,0,,1,0,1,0,
30,305,303,(Urb.) Urb.,35126,5652,Plinia ramosissima,0,1,0,,1,0,1,0,
30,305,303,Urb.,35127,5652,Plinia recurvata,0,1,0,,1,0,1,0,
30,305,303,(Ekman & Urb.) Z.Acosta,386561,4844,Myrciaria rupestris,0,1,0,,1,0,1,0,
30,305,303,Urb.,35129,5652,Plinia stenophylla,0,1,0,,1,0,1,0,
30,305,303,Urb.,35118,5652,Plinia dermatodes,0,1,0,,1,0,1,0,
30,305,303,Borhidi,36537,5825,Psidium acunae,0,1,0,,1,0,1,0,
30,305,303,Urb.,36540,5825,Psidium balium,0,1,0,,1,0,1,0,
30,305,303,Sabine,424429,5825,Psidium cattleyanum,0,0,0,,0,0,0,0,
30,305,303,Mart. ex DC.,36564,5825,Psidium oligospermum,0,1,0,,1,0,1,0,
30,305,303,L.,36550,5825,Psidium guajava,0,1,0,,0,0,0,0,
30,305,303,Sw.,36551,5825,Psidium guineense,0,1,1,,0,0,0,0,
30,305,303,Borhidi,192156,5825,Psidium jakucsianum,0,1,0,,1,0,1,0,
30,305,303,Krug & Urb.,36557,5825,Psidium minutifolium,0,1,0,,1,0,1,0,
30,305,303,Borhidi,36559,5825,Psidium munizianum,0,1,0,,1,0,1,0,
30,305,303,Britton & P.Wilson,36562,5825,Psidium navasense,0,1,0,,1,0,1,0,
30,305,303,Urb.,36565,5825,Psidium orbifolium,0,1,0,,1,0,1,0,
30,305,303,Griseb.,36566,5825,Psidium parvifolium,0,1,0,,1,0,1,0,
30,305,303,Urb.,36568,5825,Psidium reversum,0,1,0,,1,0,1,0,
30,305,303,Griseb.,36569,5825,Psidium rotundatum,0,1,0,,1,0,1,0,
30,305,303,Urb.,36575,5825,Psidium tenuirame,0,1,0,,1,0,1,0,
30,305,303,(Griseb.) Borhidi,29441,4808,Mosiera calycolpoides,0,1,0,,1,0,1,0,
30,305,303,(L.) Skeels,43551,6654,Syzygium cumini,0,0,0,,0,0,0,0,
30,305,303,(L.) Alston,43587,6654,Syzygium jambos,0,0,0,,0,0,0,0,
30,305,303,(L.) Merr. & L.M.Perry,43609,6654,Syzygium malaccense,0,0,0,,0,0,0,0,
30,305,303,(Spreng.) Magnus,29979,4876,Najas guadalupensis,0,1,0,,0,0,0,0,
30,305,303,L.,29983,4876,Najas marina,0,1,0,,0,0,0,0,
30,305,303,A.Braun,29985,4876,Najas wrightiana,0,1,0,,0,0,0,0,
30,305,303,L.,1501,1172,Allionia incarnata,0,1,0,,0,0,0,0,
30,305,303,Mill.,5448,1758,Boerhavia coccinea,0,1,0,,0,0,0,0,
30,305,303,L.,5452,1758,Boerhavia diffusa,0,1,0,,0,0,0,0,
30,305,303,L.,5453,1758,Boerhavia erecta,0,1,0,,0,0,0,0,
30,305,303,(L.) Standl.,438746,10196,Commicarpus scandens,0,1,0,,0,0,0,0,
30,305,303,Cav. ex Lag.,438749,19218,Boldoa purpurascens,0,1,0,,0,0,0,0,
30,305,303,Choisy,5622,1793,Bougainvillea glabra,0,0,0,,0,0,0,0,
30,305,303,Willd.,5626,1793,Bougainvillea spectabilis,0,0,0,,0,0,0,0,
30,305,303,Alain,8195,2027,Caribea litoralis,0,1,0,,1,0,1,0,
30,305,303,Borhidi,20486,3576,Guapira clarensis,0,1,0,,1,0,1,0,
30,305,303,(Spreng.) Little,20487,3576,Guapira discolor,0,1,0,,0,0,0,0,
30,305,303,(Dum.Cours.) Little,20489,3576,Guapira fragrans,0,1,0,,0,0,0,0,
30,305,303,(Standl.) Lundell,20490,3576,Guapira insularis,0,1,0,,1,0,1,0,
30,305,303,(Standl.) Lundell,20492,3576,Guapira leonis,0,1,0,,1,0,1,0,
30,305,303,(Jacq.) Little,20494,3576,Guapira obtusata,0,1,0,,0,0,0,0,
30,305,303,(Jacq.) Little,20494,3576,Guapira obtusata,0,1,0,,1,0,1,0,
30,305,303,Borhidi,20495,3576,Guapira ophiticola,0,1,0,,1,0,1,0,
30,305,303,(Griseb.) Lundell,20501,3576,Guapira rufescens,0,1,0,,1,0,0,0,
30,305,303,(Griseb.) Lundell,20501,3576,Guapira rufescens,0,1,0,,1,0,1,0,
30,305,303,(Griseb.) Lundell,20501,3576,Guapira rufescens,0,1,0,,1,0,1,0,
30,305,303,L.,29189,4736,Mirabilis jalapa,0,0,0,,0,0,0,0,
30,305,303,Heimerl,30073,4905,Neea ekmanii,0,1,0,,1,0,1,0,
30,305,303,Standl.,30075,4905,Neea shaferi,0,1,0,,1,0,1,0,
30,305,303,Heimerl,30076,4905,Neea subcoccinea,0,1,0,,1,0,0,0,
30,305,303,L.,34543,5577,Pisonia aculeata,0,1,0,,0,0,0,0,
30,305,303,Heimerl & Ekman,34550,5577,Pisonia byrsonimifolia,0,1,0,,1,0,1,0,
30,305,303,Heimerl,34553,5577,Pisonia ekmanii,0,1,0,,1,0,1,0,
30,305,303,(Donn.Sm.) Donn.Sm.,34559,5577,Pisonia macranthocarpa,0,1,0,,0,0,0,0,
30,305,303,Heimerl & Ekman,34562,5577,Pisonia petiolaris,0,1,0,,1,0,1,0,
30,305,303,Griseb.,34564,5577,Pisonia rotundata,0,1,0,,0,0,0,0,
30,305,303,(Aiton) W.T.Aiton,30456,5036,Nuphar advena,0,1,0,,0,0,0,0,
30,305,303,Mart. & Zucc.,30467,5040,Nymphaea amazonum,0,1,0,,0,0,0,0,
30,305,303,(Salisb.) DC.,30468,5040,Nymphaea ampla,0,1,0,,0,0,0,0,
30,305,303,Rodschied,30475,5040,Nymphaea glandulifera,0,1,0,,0,0,0,0,
30,305,303,Aiton,30479,5040,Nymphaea odorata,0,1,0,,0,0,0,0,
30,305,303,Willd.,30481,5040,Nymphaea pubescens,0,0,0,,0,0,0,0,
30,305,303,DC.,30482,5040,Nymphaea pulchella,0,1,0,,0,0,0,0,
30,305,303,G.Mey.,30484,5040,Nymphaea rudgeana,0,1,0,,0,0,0,0,
30,305,303,(A.Rich.) M.Gómez,31473,5194,Ouratea elliptica,0,1,0,,1,0,1,0,
30,305,303,(Sw.) Engl.,31480,5194,Ouratea nitida,0,1,0,,0,0,0,0,
30,305,303,(C.Wright ex Griseb.) Engl.,31481,5194,Ouratea revoluta,0,1,0,,1,0,1,0,
30,305,303,(Tiegh.) Urb.,31483,5194,Ouratea striata,0,1,0,,1,0,0,0,
30,305,303,Lam.,40091,6181,Sauvagesia tenella,0,1,0,,0,0,0,0,
30,305,303,Britton & P.Wilson,40504,6241,Schoepfia cubensis,0,1,0,,1,0,1,0,
30,305,303,C.Wright ex Griseb.,40505,6241,Schoepfia didyma,0,1,0,,1,0,1,0,
30,305,303,C.Wright,40510,6241,Schoepfia obovata,0,1,0,,1,0,0,0,
30,305,303,J.F.Gmel.,40512,6241,Schoepfia schreberi,0,1,0,,0,0,0,0,
30,305,303,Alain,40513,6241,Schoepfia scopulorum,0,1,0,,1,0,1,0,
30,305,303,Urb.,40514,6241,Schoepfia stenophylla,0,1,0,,1,0,1,0,
30,305,303,L.,47480,7168,Ximenia americana,0,1,0,,0,0,0,0,
30,305,303,León,47482,7168,Ximenia roigii,0,1,0,,1,0,1,0,
30,305,303,(Griseb.) Stearn,9360,2227,Chionanthus axilliflorus,0,1,0,,1,0,0,0,
30,305,303,Lam.,439269,2227,Chionanthus domingensis,0,1,0,,0,0,0,0,
30,305,303,Griseb.,18789,3354,Forestiera rhamnifolia,0,1,0,,1,0,0,0,
30,305,303,Griseb.,18789,3354,Forestiera rhamnifolia,0,1,0,,0,0,0,0,
30,305,303,(Jacq.) Krug & Urb.,18790,3354,Forestiera segregata,0,1,0,,0,0,0,0,
30,305,303,Mill.,18845,3367,Fraxinus caroliniana,0,1,0,,1,0,1,0,
30,305,303,Vell.,23870,4012,Jasminum fluminense,0,0,0,,0,0,0,0,
30,305,303,(L.) Banfi,383370,19277,Chrysojasminum humile,0,0,0,,0,0,0,0,
30,305,303,(Burm.f.) Andrews,23883,4012,Jasminum multiflorum,0,0,0,,0,0,0,0,
30,305,303,L.,23890,4012,Jasminum officinale,0,0,0,,0,0,0,0,
30,305,303,(L.) Aiton,23896,4012,Jasminum sambac,0,0,0,,0,0,0,0,
30,305,303,G.Forst.,23897,4012,Jasminum simplicifolium,0,0,0,,0,0,0,0,
30,305,303,Thunb.,25802,4308,Ligustrum japonicum,0,0,0,,0,0,0,0,
30,305,303,Walter,26825,4401,Ludwigia decurrens,0,1,0,,0,0,0,0,
30,305,303,(L.) H.Hara,26827,4401,Ludwigia erecta,0,1,0,,0,0,0,0,
30,305,303,(G.Don) Exell,26829,4401,Ludwigia hyssopifolia,0,1,0,,0,0,0,0,
30,305,303,(L.f.) M.Gómez,26830,4401,Ludwigia inclinata,0,1,0,,0,0,0,0,
30,305,303,Michx.,26834,4401,Ludwigia microcarpa,0,1,0,,0,0,0,0,
30,305,303,(L.) Elliott,26837,4401,Ludwigia palustris,0,1,0,,0,0,0,0,
30,305,303,(C.Wright ex Griseb.) M.Gómez,443248,4401,Ludwigia peduncularis,0,1,0,,1,0,1,0,
30,305,303,(Kunth) P.H.Raven,26838,4401,Ludwigia peploides,0,1,0,,0,0,0,0,
30,305,303,(L.) H.Hara,26840,4401,Ludwigia peruviana,0,1,0,,0,0,0,0,
30,305,303,J.R.Forst.,26842,4401,Ludwigia repens,0,1,0,,0,0,0,0,
30,305,303,(Bonpl.) H.Hara,440994,4401,Ludwigia sedoides,0,1,0,,0,0,0,0,
30,305,303,Chapm.,26844,4401,Ludwigia simpsonii,0,1,0,,0,0,0,0,
30,305,303,(C.Wright ex Griseb.) C.Wright,26846,4401,Ludwigia stricta,0,1,0,,1,0,1,0,
30,305,303,(Arn.) H.Hara,26847,4401,Ludwigia torulosa,0,1,0,,0,0,0,0,
30,305,303,Nutt.,30695,5076,Oenothera humifusa,0,1,0,,0,0,0,0,
30,305,303,Hill,30699,5076,Oenothera laciniata,0,1,0,,0,0,0,0,
30,305,303,L'Hér. ex Aiton,30708,5076,Oenothera rosea,0,1,0,,0,0,0,0,
30,305,303,(Small) Sosa & M.W.Chase,438681,1738,Bletia corallicola,0,1,0,,0,0,0,0,
30,305,303,Rchb.f.,438684,1738,Bletia sarcophylla,0,1,0,,1,0,1,0,
30,305,303,(Salisb.) R.Br.,5332,1738,Bletia florida,0,1,0,,1,0,0,0,
30,305,303,Hook.,5333,1738,Bletia patula,0,1,0,,0,0,0,0,
30,305,303,(Lam.) A.DC.,5334,1738,Bletia purpurea,0,1,0,,0,0,0,0,
30,305,303,(L.) Lindl.,5798,1820,Brassia caudata,0,1,0,,0,0,0,0,
30,305,303,R.Br.,5799,1820,Brassia maculata,0,1,0,,0,0,0,0,
30,305,303,(Lindl.) Dressler,5943,1842,Broughtonia lindenii,0,1,0,,1,0,0,0,
30,305,303,(Rchb.f.) Dressler,5945,1842,Broughtonia ortgiesiana,0,1,0,,1,0,1,0,
30,305,303,(Rchb.f.) Hemsl.,6095,1876,Bulbophyllum aristatum,0,1,0,,0,0,0,0,
30,305,303,(A.Rich.) Ormerod,438817,1876,Bulbophyllum pinelianum,0,1,0,,0,0,0,0,
30,305,303,(Rchb.f.) Rolfe,7535,1987,Campylocentrum pachyrrhizum,0,1,0,,0,0,0,0,
30,305,303,(Rchb.f.) Rolfe,7536,1987,Campylocentrum poeppigii,0,1,0,,1,0,1,0,
30,305,303,(Sw.) R.E.Schult. & Garay,10366,2366,Cochleanthes flabelliformis,0,1,0,,0,0,0,0,
30,305,303,(Sm.) Mutel,10418,2381,Coelia triptera,0,1,0,,0,0,0,0,
30,305,303,Poepp. & Endl.,10660,2431,Comparettia falcata,0,1,0,,0,0,0,0,
30,305,303,(Sw.) Kuntze,11238,2502,Corymborkis flava,0,1,0,,0,0,0,0,
30,305,303,(Rchb.f. & Warsz.) L.O.Williams,11239,2502,Corymborkis forcipigera,0,1,0,,0,0,0,0,
30,305,303,Sw.,11428,2530,Cranichis diphylla,0,1,0,,0,0,0,0,
30,305,303,Sw.,11431,2530,Cranichis muscosa,0,1,0,,0,0,0,0,
30,305,303,Rchb.f.,11434,2530,Cranichis tenuis,0,1,0,,1,0,0,0,
30,305,303,(L.) Lindl.,13160,2681,Cyrtopodium punctatum,0,1,0,,0,0,0,0,
30,305,303,Fawc. & Rendle,13853,2780,Dendrophylax barrettiae,0,1,0,,1,0,0,0,
30,305,303,(Cogn.) Garay,13858,2780,Dendrophylax gracilis,0,1,0,,1,0,1,0,
30,305,303,(Lindl.) Benth. ex Rolfe,13860,2780,Dendrophylax lindenii,0,1,0,,0,0,0,0,
30,305,303,(Aubl.) Urb.,13865,2780,Dendrophylax varius,0,1,0,,1,0,0,0,
30,305,303,(Sw.) Lindl.,14147,2814,Dichaea glauca,0,1,0,,0,0,0,0,
30,305,303,(Sw.) Lindl.,14148,2814,Dichaea graminoides,0,1,0,,0,0,0,0,
30,305,303,Rchb.f.,14149,2814,Dichaea hystricina,0,1,0,,0,0,0,0,
30,305,303,(Aubl.) Cogn.,14152,2814,Dichaea pendula,0,1,0,,0,0,0,0,
30,305,303,(Sw.) Lindl.,14154,2814,Dichaea trichocarpa,0,1,0,,0,0,0,0,
30,305,303,(Benth.) Summerh.,14374,2857,Dilomilis elata,0,1,0,,1,0,0,0,
30,305,303,(Sw.) Summerh.,14375,2857,Dilomilis montana,0,1,0,,1,0,0,0,
30,305,303,(Schltr.) Summerh.,14376,2857,Dilomilis oligophylla,0,1,0,,1,0,1,0,
30,305,303,(Rchb.f.) Carabia,14915,2943,Domingoa haematochila,0,1,0,,1,0,0,0,
30,305,303,Garay & H.R.Sweet,439990,3081,Elleanthus cephalotus,0,1,0,,0,0,0,0,
30,305,303,(Sw.) Garay & H.R.Sweet,16235,3087,Eltroplectris calcarata,0,1,0,,0,0,0,0,
30,305,303,(Lindl.) Schltr.,440004,3107,Encyclia gravida,0,1,0,,0,0,0,0,
30,305,303,Fawc. & Rendle,16465,3135,Epidendrum angustilobum,0,1,0,,0,0,0,0,
30,305,303,Urb.,16470,3135,Epidendrum blancheanum,0,1,0,,0,0,0,0,
30,305,303,Sw.,16480,3135,Epidendrum diffusum,0,1,0,,0,0,0,0,
30,305,303,Lindl.,16487,3135,Epidendrum jamaicense,0,1,0,,0,0,0,0,
30,305,303,Ames,16494,3135,Epidendrum neoporpax,0,1,0,,1,0,0,0,
30,305,303,Jacq.,16496,3135,Epidendrum nocturnum,0,1,0,,0,0,0,0,
30,305,303,Lindl.,16502,3135,Epidendrum polygonatum,0,1,0,,1,0,1,0,
30,305,303,Jacq.,16504,3135,Epidendrum ramosum,0,1,0,,0,0,0,0,
30,305,303,Cogn.,16505,3135,Epidendrum repens,0,1,0,,0,0,0,0,
30,305,303,Jacq.,16507,3135,Epidendrum rigidum,0,1,0,,0,0,0,0,
30,305,303,Lindl.,16508,3135,Epidendrum rivulare,0,1,0,,1,0,0,0,
30,305,303,Rchb.f.,16510,3135,Epidendrum scalpelligerum,0,1,0,,1,0,0,0,
30,305,303,Sw.,440017,3135,Epidendrum serrulatum,0,1,0,,1,0,0,0,
30,305,303,Rchb.f.,16513,3135,Epidendrum strobiliferum,0,1,0,,0,0,0,0,
30,305,303,Sw.,16515,3135,Epidendrum verrucosum,0,1,0,,0,0,0,0,
30,305,303,Lindl.,16516,3135,Epidendrum vincentinum,0,1,0,,0,0,0,0,
30,305,303,Lindl.,16517,3135,Epidendrum wrightii,0,1,0,,1,0,0,0,
30,305,303,(L.) Fawc. & Rendle,17637,3232,Eulophia alta,0,1,0,,0,0,0,0,
30,305,303,Schltr.,18937,3377,Fuertesiella pterichoides,0,1,0,,1,0,0,0,
30,305,303,(Sw.) Lindl.,20255,3548,Govenia utriculata,0,1,0,,0,0,0,0,
30,305,303,Hook.,20795,3625,Habenaria alata,0,1,0,,0,0,0,0,
30,305,303,Lindl.,20799,3625,Habenaria bicornis,0,1,0,,0,0,0,0,
30,305,303,Ames,20800,3625,Habenaria brittonae,0,1,0,,1,0,1,0,
30,305,303,Griseb.,20806,3625,Habenaria distans,0,1,0,,0,0,0,0,
30,305,303,Rchb.f.,20807,3625,Habenaria eustachya,0,1,0,,0,0,0,0,
30,305,303,(Sw.) Rchb.f.,20818,3625,Habenaria monorrhiza,0,1,0,,0,0,0,0,
30,305,303,(Michx.) Eaton,20823,3625,Habenaria quinqueseta,0,1,0,,0,0,0,0,
30,305,303,Nutt.,20825,3625,Habenaria repens,0,1,0,,0,0,0,0,
30,305,303,(Sw.) Fawc. & Rendle,22300,3831,Homalopetalum vomeriforme,0,1,0,,1,0,0,0,
30,305,303,(Sw.) Rchb.f.,23371,3954,Ionopsis satyrioides,0,1,0,,0,0,0,0,
30,305,303,(Sw.) Lindl.,23372,3954,Ionopsis utricularioides,0,1,0,,0,0,0,0,
30,305,303,(Jacq.) R.Br.,23597,3972,Isochilus linearis,0,1,0,,0,0,0,0,
30,305,303,(Jacq.) Schltr.,23849,4005,Jacquiniella globosa,0,1,0,,0,0,0,0,
30,305,303,(Lindl.) L.O.Williams,24585,4120,Laelia lyonsii,0,1,0,,1,0,0,0,
30,305,303,(Sw.) Kuntze,25042,4213,Leochilus labiatus,0,1,0,,0,0,0,0,
30,305,303,(Scheidw.) Rchb.f.,25044,4213,Leochilus scriptus,0,1,0,,0,0,0,0,
30,305,303,Schltr.,25085,4222,Lepanthes blepharantha,0,1,0,,1,0,1,0,
30,305,303,Lindl.,25093,4222,Lepanthes chrysostigma,0,1,0,,1,0,1,0,
30,305,303,Lindl.,25111,4222,Lepanthes dorsalis,0,1,0,,1,0,1,0,
30,305,303,Schltr.,25114,4222,Lepanthes ekmanii,0,1,0,,1,0,1,0,
30,305,303,Ames & C.Schweinf.,25121,4222,Lepanthes fractiflexa,0,1,0,,1,0,1,0,
30,305,303,Lindl.,25123,4222,Lepanthes fulva,0,1,0,,1,0,1,0,
30,305,303,Schltr.,25140,4222,Lepanthes melanocaulon,0,1,0,,1,0,1,0,
30,305,303,Schltr.,25154,4222,Lepanthes pergracilis,0,1,0,,1,0,1,0,
30,305,303,Lindl.,25177,4222,Lepanthes trichodactyla,0,1,0,,1,0,1,0,
30,305,303,Schltr.,25183,4222,Lepanthes turquinoensis,0,1,0,,1,0,1,0,
30,305,303,Rchb.f.,25192,4222,Lepanthes wrightii,0,1,0,,1,0,1,0,
30,305,303,(Rchb.f.) Ames,25195,4223,Lepanthopsis anthoctenium,0,1,0,,1,0,0,0,
30,305,303,(Rchb.f.) Ames,25206,4223,Lepanthopsis melanantha,0,1,0,,0,0,0,0,
30,305,303,(Griseb.) Ames,25208,4223,Lepanthopsis microlepanthes,0,1,0,,1,0,0,0,
30,305,303,(Thunb.) Lindl.,26257,4335,Liparis nervosa,0,1,0,,0,0,0,0,
30,305,303,Rchb.f.,26266,4335,Liparis saundersiana,0,1,0,,1,0,0,0,
30,305,303,(Lex.) Cogn.,26274,4335,Liparis vexillifera,0,1,0,,0,0,0,0,
30,305,303,Griseb.,26276,4335,Liparis viridipurpurea,0,1,0,,1,0,1,0,
30,305,303,R.Br.,27328,4460,Macradenia lutescens,0,1,0,,0,0,0,0,
30,305,303,Ames,27491,4497,Malaxis domingensis,0,1,0,,1,0,0,0,
30,305,303,(Schltr.) L.O.Williams,27493,4497,Malaxis hispaniolae,0,1,0,,1,0,0,0,
30,305,303,(Rchb.f.) Acuña,27494,4497,Malaxis labrosa,0,1,0,,1,0,1,0,
30,305,303,Sw.,27502,4497,Malaxis umbelliflora,0,1,0,,1,0,0,0,
30,305,303,Michx.,27503,4497,Malaxis unifolia,0,1,0,,0,0,0,0,
30,305,303,(Lindl.) Lindl.,30669,5072,Oeceoclades maculata,0,0,0,,0,0,0,0,
30,305,303,(Jacq.) Sw.,30884,5099,Oncidium altissimum,0,1,0,,1,0,0,0,
30,305,303,(Banks) Blume,33098,5439,Phaius tankervilleae,0,0,0,,0,0,0,0,
30,305,303,(H.Focke) Garay & Dunst.,34982,5616,Platystele ovalifolia,0,1,0,,1,0,1,0,
30,305,303,(Sw.) Mutel,42328,6459,Specklinia corniculata,0,1,0,,0,0,0,0,
30,305,303,(Cogn.) Karremans,417708,988,Acianthera denticulata,0,1,0,,1,0,1,0,
30,305,303,Pridgeon & M.W.Chase,42739,6522,Stelis antillensis,0,1,0,,1,0,0,0,
30,305,303,(Lindl.) Pridgeon & M.W.Chase,42745,6522,Stelis gelida,0,1,0,,0,0,0,0,
30,305,303,(Cogn.) Luer,42334,6459,Specklinia grisebachiana,0,1,0,,1,0,1,0,
30,305,303,(Griseb.) Pridgeon & M.W.Chase,42338,6459,Specklinia lichenicola,0,1,0,,1,0,1,0,
30,305,303,(Lindl.) Luer,441871,19571,Muscarella longilabris,0,1,0,,1,0,1,0,
30,305,303,(Lindl. ex Cogn.) Karremans,441873,19571,Muscarella mucronata,0,1,0,,1,0,1,0,
30,305,303,(Rchb.f.) Luer,447,988,Acianthera murex,0,1,0,,1,0,1,0,
30,305,303,(Rchb.f.) Garay,33261,5474,Phloeophila nummularia,0,1,0,,1,0,0,0,
30,305,303,(Acuña & C.Schweinf.) Karremans,441874,19571,Muscarella obliquipetala,0,1,0,,1,0,1,0,
30,305,303,(Rchb.f.) Pridgeon & M.W.Chase,42752,6522,Stelis multirostris,0,1,0,,0,0,0,0,
30,305,303,(Lindl.) Pridgeon & M.W.Chase,2188,1284,Anathallis obovata,0,1,0,,0,0,0,0,
30,305,303,(Rchb.f.) Luer,448,988,Acianthera odontotepala,0,1,0,,1,0,0,0,
30,305,303,(Lindl.) A.Doucette,441878,988,Acianthera prostrata,0,1,0,,1,0,1,0,
30,305,303,Lindl.,35106,5651,Pleurothallis pruinosa,0,1,0,,0,0,0,0,
30,305,303,(Lindl.) Pridgeon & M.W.Chase,450,988,Acianthera rubroviridis,0,1,0,,1,0,1,0,
30,305,303,(Jacq.) R.Br.,35108,5651,Pleurothallis ruscifolia,0,1,0,,0,0,0,0,
30,305,303,(Sw.) Pridgeon & M.W.Chase,2189,1284,Anathallis sertularioides,0,1,0,,0,0,0,0,
30,305,303,(Ames) Luer,42346,6459,Specklinia schaferi,0,1,0,,1,0,0,0,
30,305,303,(Sw.) Solano,441883,988,Acianthera testifolia,0,1,0,,0,0,0,0,
30,305,303,(Sw.) Pridgeon & M.W.Chase,42349,6459,Specklinia tribuloides,0,1,0,,0,0,0,0,
30,305,303,(Lindl.) A.Doucette,441884,988,Acianthera trichophora,0,1,0,,1,0,1,0,
30,305,303,(Rchb.f.) Luer,42350,6459,Specklinia trichyphis,0,1,0,,1,0,1,0,
30,305,303,(Rchb.f.) Luer,42351,6459,Specklinia wrightii,0,1,0,,1,0,1,0,
30,305,303,(Jacq.) Garay & H.R.Sweet,35724,5711,Polystachya concreta,0,1,0,,0,0,0,0,
30,305,303,(Hook.) Rchb.f.,35730,5711,Polystachya foliosa,0,1,0,,0,0,0,0,
30,305,303,Linden & Rchb.f.,35879,5724,Ponthieva diptera,0,1,0,,0,0,0,0,
30,305,303,(Sw.) Fawc. & Rendle,35881,5724,Ponthieva pauciflora,0,1,0,,1,0,0,0,
30,305,303,(Walter) C.Mohr,35883,5724,Ponthieva racemosa,0,1,0,,0,0,0,0,
30,305,303,(Griseb.) Fawc. & Rendle,35884,5724,Ponthieva ventricosa,0,1,0,,1,0,0,0,
30,305,303,(Sw.) Lindl.,36182,5751,Prescottia oligantha,0,1,0,,0,0,0,0,
30,305,303,(Sw.) Lindl.,36183,5751,Prescottia stachyodes,0,1,0,,0,0,0,0,
30,305,303,(Lindl.) Ames,36580,5828,Psilochilus macrophyllus,0,1,0,,0,0,0,0,
30,305,303,(Rchb.f.) Schltr.,40233,6195,Scaphyglottis modesta,0,1,0,,0,0,0,0,
30,305,303,Blume,42315,6457,Spathoglottis plicata,0,0,0,,0,0,0,0,
30,305,303,(Thunb.) Garay & H.R.Sweet,42554,6489,Spiranthes torta,0,1,0,,0,0,0,0,
30,305,303,Schltr.,442659,6522,Stelis cubensis,0,1,0,,1,0,1,0,
30,305,303,Schltr.,42744,6522,Stelis ekmanii,0,1,0,,1,0,1,0,
30,305,303,(Jacq.) Rich.,42893,6542,Stenorrhynchos speciosum,0,1,0,,0,0,0,0,
30,305,303,Ames,44601,6730,Tetramicra simplex,0,1,0,,1,0,1,0,
30,305,303,(Sw.) Braem,45298,6829,Tolumnia variegata,0,1,0,,1,0,0,0,
30,305,303,(Lindl.) Rchb.f.,45600,6896,Trichopilia fragrans,0,1,0,,0,0,0,0,
30,305,303,(Sw.) Rchb.f.,45602,6896,Trichopilia subulata,0,1,0,,0,0,0,0,
30,305,303,(Sw.) Nutt. ex Ames & Schltr.,45804,6934,Triphora gentianoides,0,1,0,,0,0,0,0,
30,305,303,(Cogn.) Acuña,45806,6934,Triphora miserrima,0,1,0,,1,0,1,0,
30,305,303,(Sw.) Ames,45964,6976,Tropidia polystachya,0,1,0,,0,0,0,0,
30,305,303,Rchb.f.,46420,7040,Vanilla barbellata,0,1,0,,0,0,0,0,
30,305,303,Sw.,46422,7040,Vanilla claviculata,0,1,0,,1,0,0,0,
30,305,303,Correll,46423,7040,Vanilla dilloniana,0,1,0,,0,0,0,0,
30,305,303,Rchb.f.,46428,7040,Vanilla phaeantha,0,1,0,,0,0,0,0,
30,305,303,Rchb.f.,46431,7040,Vanilla poitaei,0,1,0,,1,0,0,0,
30,305,303,(Sw.) Rchb.f.,47387,7149,Wullschlaegelia aphylla,0,1,0,,0,0,0,0,
30,305,303,(Sw.) Fawc.,443155,7173,Xylobium palmifolium,0,1,0,,0,0,0,0,
30,305,303,(L.) Schltr.,47758,7205,Zeuxine strateumatica,0,0,0,,0,0,0,0,
30,305,303,L.,31314,5154,Orobanche ramosa,0,0,0,,0,0,0,0,
30,305,303,Urb.,31504,5197,Oxalis cajalbanensis,0,1,0,,1,0,1,0,
30,305,303,L.,31507,5197,Oxalis corniculata,0,1,0,,0,0,0,0,
30,305,303,Kunth,31508,5197,Oxalis debilis,0,0,0,,0,0,0,0,
30,305,303,Kunth,31524,5197,Oxalis latifolia,0,1,0,,0,0,0,0,
30,305,303,(Small) Urb.,31532,5197,Oxalis pinetorum,0,1,0,,1,0,1,0,
30,305,303,Urb.,31539,5197,Oxalis rugeliana,0,1,0,,1,0,0,0,
30,305,303,Focke,31545,5197,Oxalis thelyoxys,0,1,0,,1,0,0,0,
30,305,303,Spreng.,31809,5251,Pandanus dubius,0,0,0,,0,0,0,0,
30,305,303,Parkinson ex Du Roi,31846,5251,Pandanus tectorius,0,0,0,,0,0,0,0,
30,305,303,L.,3107,1448,Argemone mexicana,0,1,0,,0,0,0,0,
30,305,303,L.,5392,1750,Bocconia frutescens,0,1,0,,0,0,0,0,
30,305,303,Balb. ex DC.,32304,5316,Passiflora berteroana,0,1,0,,1,0,0,0,
30,305,303,Aiton,32312,5316,Passiflora ciliata,0,1,0,,0,0,0,0,
30,305,303,Sims,32322,5316,Passiflora edulis,0,0,0,,0,0,0,0,
30,305,303,Aiton,32312,5316,Passiflora ciliata,0,1,0,,1,0,1,0,
30,305,303,L.,441631,5316,Passiflora vesicaria,0,1,0,,0,0,0,0,
30,305,303,L.,32324,5316,Passiflora foetida,0,1,0,,0,0,0,0,
30,305,303,L.,32324,5316,Passiflora foetida,0,1,0,,0,0,0,0,
30,305,303,L.,32330,5316,Passiflora laurifolia,0,1,0,,0,0,0,0,
30,305,303,L.,32335,5316,Passiflora maliformis,0,1,0,,0,0,0,0,
30,305,303,L.,32341,5316,Passiflora multiflora,0,1,0,,0,0,0,0,
30,305,303,Bertero ex DC.,32350,5316,Passiflora penduliflora,0,1,0,,1,0,0,0,
30,305,303,L.,32353,5316,Passiflora quadrangularis,0,0,0,,0,0,0,0,
30,305,303,L.,32356,5316,Passiflora rubra,0,1,0,,0,0,0,0,
30,305,303,L.,32365,5316,Passiflora suberosa,0,0,0,,0,0,0,0,
30,305,303,L.,41311,6335,Sesamum indicum,0,0,0,,0,0,0,0,
30,305,303,Moc. & Sessé ex DC.,1106,1116,Agdestis clematidea,0,0,0,,0,0,0,0,
30,305,303,Sw.,29023,859,Microtea debilis,0,1,0,,0,0,0,0,
30,305,303,Urb.,29024,859,Microtea portoricensis,0,1,0,,1,0,0,0,
30,305,303,L.,33029,865,Petiveria alliacea,0,1,0,,0,0,0,0,
30,305,303,L.,33801,5525,Phytolacca icosandra,0,1,0,,0,0,0,0,
30,305,303,Kunth & C.D.Bouché,33805,5525,Phytolacca rivinoides,0,1,0,,0,0,0,0,
30,305,303,L.,38460,866,Rivina humilis,0,1,0,,0,0,0,0,
30,305,303,A.Rich.,42735,6520,Stegnosperma cubense,0,1,0,,0,0,0,0,
30,305,303,(L.) H.Walter,45631,869,Trichostigma octandrum,0,1,0,,0,0,0,0,
30,305,303,Morelet,34360,5563,Pinus caribaea,0,1,0,,1,0,1,0,
30,305,303,Griseb.,34363,5563,Pinus cubensis,0,1,0,,1,0,1,0,
30,305,303,Sw.,34380,5563,Pinus occidentalis,0,1,0,,1,0,0,0,
30,305,303,Morelet,34398,5563,Pinus tropicalis,0,1,0,,1,0,1,0,
30,305,303,Ruiz & Pav.,32658,5382,Peperomia acuminata,0,1,0,,0,0,0,0,
30,305,303,Ruiz & Pav.,32660,5382,Peperomia alata,0,1,0,,0,0,0,0,
30,305,303,Fawc. & Rendle,32686,5382,Peperomia crassicaulis,0,1,0,,1,0,0,0,
30,305,303,C.DC.,32687,5382,Peperomia cubensis,0,1,0,,1,0,0,0,
30,305,303,Dahlst.,32688,5382,Peperomia cuspidata,0,1,0,,1,0,1,0,
30,305,303,(L.) A.Dietr.,441682,5382,Peperomia distachyos,0,1,0,,0,0,0,0,
30,305,303,(Sw. ex Wikstr.) C.DC.,32700,5382,Peperomia emarginella,0,1,0,,0,0,0,0,
30,305,303,Trel.,32701,5382,Peperomia erythropremna,0,1,0,,1,0,1,0,
30,305,303,Kunth,32709,5382,Peperomia galioides,0,1,0,,0,0,0,0,
30,305,303,(Sw.) A.Dietr.,32710,5382,Peperomia glabella,0,1,0,,0,0,0,0,
30,305,303,C.DC.,32714,5382,Peperomia grisebachii,0,1,0,,1,0,1,0,
30,305,303,C.DC.,32715,5382,Peperomia guadaloupensis,0,1,0,,0,0,0,0,
30,305,303,Trel.,32716,5382,Peperomia guanensis,0,1,0,,1,0,1,0,
30,305,303,(Vahl) A.Dietr.,32720,5382,Peperomia hernandiifolia,0,1,0,,0,0,0,0,
30,305,303,C.DC.,32722,5382,Peperomia hirta,0,1,0,,1,0,0,0,
30,305,303,(L.) Hook.,32747,5382,Peperomia maculosa,0,1,0,,0,0,0,0,
30,305,303,Trel.,32748,5382,Peperomia maestrana,0,1,0,,1,0,1,0,
30,305,303,Trel.,32759,5382,Peperomia mutilata,0,1,0,,1,0,1,0,
30,305,303,(L.) A.Dietr.,32765,5382,Peperomia obtusifolia,0,1,0,,0,0,0,0,
30,305,303,Dahlst.,32771,5382,Peperomia papillosa,0,1,0,,1,0,1,0,
30,305,303,(L.) Kunth,32774,5382,Peperomia pellucida,0,1,0,,0,0,0,0,
30,305,303,C.DC.,32775,5382,Peperomia penicillata,0,1,0,,1,0,0,0,
30,305,303,C.DC.,32779,5382,Peperomia petiolaris,0,1,0,,0,0,0,0,
30,305,303,C.DC.,32781,5382,Peperomia petrophila,0,1,0,,0,0,0,0,
30,305,303,C.DC.,32790,5382,Peperomia pseudopereskiifolia,0,1,0,,0,0,0,0,
30,305,303,(J.V.Thomps.) A.Dietr.,32793,5382,Peperomia quadrangularis,0,1,0,,0,0,0,0,
30,305,303,Ruiz & Pav.,32799,5382,Peperomia rhombea,0,1,0,,0,0,0,0,
30,305,303,(L.) Kunth,32806,5382,Peperomia rotundifolia,0,1,0,,0,0,0,0,
30,305,303,Dahlst.,32823,5382,Peperomia spathophylla,0,1,0,,1,0,1,0,
30,305,303,C.DC.,32829,5382,Peperomia subrotundifolia,0,1,0,,1,0,0,0,
30,305,303,Miq.,32830,5382,Peperomia swartziana,0,1,0,,0,0,0,0,
30,305,303,(Sw.) A.Dietr.,32833,5382,Peperomia tenella,0,1,0,,0,0,0,0,
30,305,303,(G.Forst.) Hook. & Arn.,32834,5382,Peperomia tetraphylla,0,1,0,,0,0,0,0,
30,305,303,Trel.,32841,5382,Peperomia urbani,0,1,0,,1,0,1,0,
30,305,303,Fisch. & C.A.Mey.,32842,5382,Peperomia urocarpa,0,1,0,,0,0,0,0,
30,305,303,(L.) A.Dietr.,32844,5382,Peperomia verticillata,0,1,0,,0,0,0,0,
30,305,303,Aubl.,34406,5565,Piper arboreum,0,1,0,,0,0,0,0,
30,305,303,A.Rich.,34407,5565,Piper articulatum,0,1,0,,1,0,1,0,
30,305,303,Kunth,34409,5565,Piper auritum,0,0,0,,0,0,0,0,
30,305,303,León,34411,5565,Piper baracoanum,0,1,0,,1,0,1,0,
30,305,303,Borhidi,34436,5565,Piper guanahacabibense,0,1,0,,1,0,1,0,
30,305,303,C.Wright,34457,5565,Piper mananthum,0,1,0,,1,0,1,0,
30,305,303,Jacq.,34458,5565,Piper marginatum,0,1,0,,0,0,0,0,
30,305,303,C.DC.,34466,5565,Piper obtusum,0,1,0,,1,0,1,0,
30,305,303,(Griseb.) C.DC. ex C.Wright,34493,5565,Piper sphaerocarpum,0,1,0,,1,0,1,0,
30,305,303,(Griseb.) C.DC. ex C.Wright,46549,7060,Verhuellia hydrocotylifolia,0,1,0,,1,0,1,0,
30,305,303,(Ham.) C.DC.,443070,7060,Verhuellia lunaria,0,1,0,,1,0,0,0,
30,305,303,Vent.,34708,5584,Pittosporum undulatum,0,0,0,,0,0,0,0,
30,305,303,L.,34858,5598,Plantago lanceolata,0,0,0,,0,0,0,0,
30,305,303,L.,34864,5598,Plantago major,0,0,0,,0,0,0,0,
30,305,303,Decne.,34883,5598,Plantago rugelii,0,0,0,,0,0,0,0,
30,305,303,Lam.,35155,5658,Plumbago auriculata,0,0,0,,0,0,0,0,
30,305,303,L.,35160,5658,Plumbago zeylanica,0,0,0,,0,0,0,0,
30,305,303,(Griseb.) Pilg.,3483,1485,Arthropogon piptostachyus,0,1,0,,1,0,0,0,
30,305,303,(J.Presl) Steud.,2224,1297,Andropogon angustatus,0,1,0,,0,0,0,0,
30,305,303,L.,2226,1297,Andropogon bicornis,0,1,0,,0,0,0,0,
30,305,303,(L.) A.Camus,14161,2816,Dichanthium caricosum,0,0,0,,0,0,0,0,
30,305,303,(Hochst. ex Steud.) Stapf,17324,3218,Euclasta condylotricha,0,0,0,,0,0,0,0,
30,305,303,(Hack.) Nash,40356,6214,Schizachyrium cubense,0,1,0,,1,0,1,0,
30,305,303,(Sw.) P.Beauv.,438421,19975,Diectomis fastigiata,0,1,0,,0,0,0,0,
30,305,303,"(Walter) Britton, Sterns & Poggenb.",2233,1297,Andropogon glomeratus,0,1,0,,0,0,0,0,
30,305,303,Nees,2236,1297,Andropogon lateralis,0,1,0,,0,0,0,0,
30,305,303,Kunth,2237,1297,Andropogon leucostachyus,0,1,0,,0,0,0,0,
30,305,303,(J.Presl) Nash,40358,6214,Schizachyrium malacostachyum,0,1,0,,0,0,0,0,
30,305,303,Nash,40359,6214,Schizachyrium multinervosum,0,1,0,,1,0,1,0,
30,305,303,(Hack.) Hack.,2240,1297,Andropogon selloanus,0,1,0,,0,0,0,0,
30,305,303,Desv.,2245,1297,Andropogon virgatus,0,1,0,,0,0,0,0,
30,305,303,L.,2246,1297,Andropogon virginicus,0,1,0,,0,0,0,0,
30,305,303,(L.) Kuntze,2538,1345,Anthephora hermaphrodita,0,1,0,,0,0,0,0,
30,305,303,L.,3202,1465,Aristida adscensionis,0,1,0,,0,0,0,0,
30,305,303,Hitchc.,3208,1465,Aristida brittonorum,0,1,0,,1,0,1,0,
30,305,303,Hitchc. & Ekman,3210,1465,Aristida calcicola,0,1,0,,1,0,0,0,
30,305,303,Hitchc.,3217,1465,Aristida curtifolia,0,1,0,,1,0,1,0,
30,305,303,Hitchc.,3219,1465,Aristida erecta,0,1,0,,1,0,1,0,
30,305,303,Hitchc. & Ekman,3220,1465,Aristida fragilis,0,1,0,,1,0,1,0,
30,305,303,Hitchc. & Ekman,3230,1465,Aristida laevigata,0,1,0,,1,0,1,0,
30,305,303,León ex Hitchc.,3233,1465,Aristida neglecta,0,1,0,,1,0,0,0,
30,305,303,León,3240,1465,Aristida pradana,0,1,0,,1,0,1,0,
30,305,303,Griseb.,3245,1465,Aristida refracta,0,1,0,,1,0,0,0,
30,305,303,Hitchc.,3247,1465,Aristida rosei,0,1,0,,1,0,0,0,
30,305,303,Elliott,3252,1465,Aristida spiciformis,0,1,0,,0,0,0,0,
30,305,303,Cav.,3257,1465,Aristida ternipes,0,1,0,,0,0,0,0,
30,305,303,Henrard,3261,1465,Aristida vilfifolia,0,1,0,,1,0,0,0,
30,305,303,"(Nash) C.D.Tyrrell, Londoño & L.G.Clark",418273,19612,Tibisia angustifolia,0,1,0,,1,0,1,0,
30,305,303,Rupr.,3494,1488,Arthrostylidium cubense,0,1,0,,1,0,1,0,
30,305,303,Pilg.,3495,1488,Arthrostylidium distichum,0,1,0,,1,0,0,0,
30,305,303,Hitchc.,3496,1488,Arthrostylidium ekmanii,0,1,0,,1,0,0,0,
30,305,303,"(Aubl.) C.D.Tyrrell, Londoño & L.G.Clark",418274,19612,Tibisia farcta,0,1,0,,1,0,0,0,
30,305,303,Griseb.,3498,1488,Arthrostylidium fimbriatum,0,1,0,,1,0,1,0,
30,305,303,Pilg.,3500,1488,Arthrostylidium multispicatum,0,1,0,,1,0,0,0,
30,305,303,Hitchc. & Ekman,3503,1488,Arthrostylidium reflexum,0,1,0,,1,0,1,0,
30,305,303,Pilg.,3504,1488,Arthrostylidium sarmentosum,0,1,0,,0,0,0,0,
30,305,303,Pilg.,3505,1488,Arthrostylidium urbanii,0,1,0,,1,0,1,0,
30,305,303,(Schult.) Hitchc. & Chase,3547,1494,Arundinella berteroniana,0,1,0,,0,0,0,0,
30,305,303,Nees,3548,1494,Arundinella deppeana,0,1,0,,0,0,0,0,
30,305,303,L.,4387,1581,Avena sativa,0,0,0,,0,0,0,0,
30,305,303,(Sw.) P.Beauv.,4399,1584,Axonopus compressus,0,1,0,,0,0,0,0,
30,305,303,(Flüggé) Hitchc.,4403,1584,Axonopus furcatus,0,1,0,,0,0,0,0,
30,305,303,(L.) Voss,4603,1621,Bambusa bambos,0,0,0,,0,0,0,0,
30,305,303,Schrad. ex J.C.Wendl.,4630,1621,Bambusa vulgaris,0,0,0,,0,0,0,0,
30,305,303,(Retz.) S.T.Blake,5584,1788,Bothriochloa bladhii,0,0,0,,0,0,0,0,
30,305,303,(L.) A.Camus,5591,1788,Bothriochloa pertusa,0,0,0,,0,0,0,0,
30,305,303,(Sw.) Rydb.,5592,1788,Bothriochloa saccharoides,0,1,0,,0,0,0,0,
30,305,303,(L.) Scribn.,5654,1796,Bouteloua americana,0,1,0,,0,0,0,0,
30,305,303,(Kunth) Benth.,5658,1796,Bouteloua disticha,0,1,0,,0,0,0,0,
30,305,303,(Desv. ex P.Beauv.) Hitchc.,5659,1796,Bouteloua juncea,0,1,0,,0,0,0,0,
30,305,303,(Kunth) Scribn. & Merr.,5661,1796,Bouteloua repens,0,1,0,,0,0,0,0,
30,305,303,Pilg.,5662,1796,Bouteloua vaneedenii,0,1,0,,0,0,0,0,
30,305,303,(Sm.) Veldkamp,438770,19157,Moorochloa eruciformis,0,0,0,,0,0,0,0,
30,305,303,Roem. & Schult.,8694,2103,Cenchrus brownii,0,1,0,,0,0,0,0,
30,305,303,L.,8696,2103,Cenchrus ciliaris,0,0,0,,0,0,0,0,
30,305,303,Griseb.,8697,2103,Cenchrus distichophyllus,0,1,0,,1,0,1,0,
30,305,303,L.,8698,2103,Cenchrus echinatus,0,1,0,,0,0,0,0,
30,305,303,Nash,8699,2103,Cenchrus gracillimus,0,1,0,,0,0,0,0,
30,305,303,Cav.,8710,2103,Cenchrus spinifex,0,1,0,,0,0,0,0,
30,305,303,Kunth,8702,2103,Cenchrus myosuroides,0,1,0,,0,0,0,0,
30,305,303,L.,8711,2103,Cenchrus tribuloides,0,1,0,,0,0,0,0,
30,305,303,(C.Wright) Hitchc.,9050,2164,Chaetium cubanum,0,1,0,,1,0,1,0,
30,305,303,Hitchc. & Ekman,9427,2236,Chloris arenaria,0,1,0,,1,0,1,0,
30,305,303,Sw.,9428,2236,Chloris barbata,0,1,0,,0,0,0,0,
30,305,303,(Sw.) P.M.Peterson,439274,20011,Stapfochloa ciliata,0,1,0,,0,0,0,0,
30,305,303,(L.) Sw.,9432,2236,Chloris cruciata,0,1,0,,1,0,0,0,
30,305,303,Hitchc. & Ekman,9433,2236,Chloris cubensis,0,1,0,,1,0,0,0,
30,305,303,Hitchc.,9435,2236,Chloris ekmanii,0,1,0,,1,0,0,0,
30,305,303,Kunth,9438,2236,Chloris gayana,0,0,0,,0,0,0,0,
30,305,303,(L.) Sw.,9442,2236,Chloris radiata,0,1,0,,0,0,0,0,
30,305,303,A.Rich.,9443,2236,Chloris sagrana,0,1,0,,1,0,0,0,
30,305,303,Hitchc.,9444,2236,Chloris suringarii,0,0,0,,0,0,0,0,
30,305,303,Sw.,9447,2236,Chloris virgata,0,0,0,,0,0,0,0,
30,305,303,Griseb.,9577,2281,Chusquea abietifolia,0,1,0,,1,0,0,0,
30,305,303,L.,10456,2392,Coix lacryma-jobi,0,0,0,,0,0,0,0,
30,305,303,(DC.) Stapf,12684,2649,Cymbopogon citratus,0,0,0,,0,0,0,0,
30,305,303,(L.) Rendle,12691,2649,Cymbopogon nardus,0,0,0,,0,0,0,0,
30,305,303,(L.) Pers.,12756,2653,Cynodon dactylon,0,0,0,,0,0,0,0,
30,305,303,Vanderyst,12758,2653,Cynodon nlemfuensis,0,0,0,,0,0,0,0,
30,305,303,(L.) Willd.,13226,2700,Dactyloctenium aegyptium,0,0,0,,0,0,0,0,
30,305,303,(Desv.) Gould & C.A.Clark,439792,2815,Dichanthelium aciculare,0,1,0,,0,0,0,0,
30,305,303,(Sw.) Gould & C.A.Clark,14155,2815,Dichanthelium acuminatum,0,1,0,,0,0,0,0,
30,305,303,(L.) Gould,14156,2815,Dichanthelium dichotomum,0,1,0,,0,0,0,0,
30,305,303,(Lam.) Gould,439812,2815,Dichanthelium scoparium,0,1,0,,0,0,0,0,
30,305,303,(Forssk.) Stapf,14159,2816,Dichanthium annulatum,0,0,0,,0,0,0,0,
30,305,303,(Poir.) C.E.Hubb.,14160,2816,Dichanthium aristatum,0,0,0,,0,0,0,0,
30,305,303,(Hitchc. & Chase) Fernald,14299,2853,Digitaria argillacea,0,1,0,,0,0,0,0,
30,305,303,(Retz.) Koeler,14304,2853,Digitaria ciliaris,0,0,0,,0,0,0,0,
30,305,303,(Hack.) Fernald,14306,2853,Digitaria curvinervis,0,1,0,,0,0,0,0,
30,305,303,Hitchc.,14311,2853,Digitaria ekmanii,0,1,0,,1,0,1,0,
30,305,303,Hitchc.,14311,2853,Digitaria ekmanii,0,1,0,,1,0,1,0,
30,305,303,Willd.,14322,2853,Digitaria horizontalis,0,1,0,,0,0,0,0,
30,305,303,(L.) Mez ex Ekman,14323,2853,Digitaria insularis,0,1,0,,0,0,0,0,
30,305,303,(Retz.) Pers.,14328,2853,Digitaria longiflora,0,0,0,,0,0,0,0,
30,305,303,(Sw.) Urb.,14336,2853,Digitaria panicea,0,1,0,,0,0,0,0,
30,305,303,Hitchc.,14338,2853,Digitaria pinetorum,0,1,0,,1,0,1,0,
30,305,303,(L.) Scop.,14343,2853,Digitaria sanguinalis,0,0,0,,0,0,0,0,
30,305,303,(Walter) Michx.,14344,2853,Digitaria serotina,0,1,0,,0,0,0,0,
30,305,303,(Walter) Pers.,14352,2853,Digitaria villosa,0,1,0,,0,0,0,0,
30,305,303,Link,14353,2853,Digitaria violascens,0,1,0,,0,0,0,0,
30,305,303,(L.) Greene,14839,2923,Distichlis spicata,0,1,0,,0,0,0,0,
30,305,303,(L.) Link,337930,3029,Echinochloa colonum,0,0,0,,0,0,0,0,
30,305,303,(Kunth) Schult.,15670,3029,Echinochloa crus-pavonis,0,0,0,,0,0,0,0,
30,305,303,(L.) P.Beauv.,15669,3029,Echinochloa crus-galli,0,0,0,,0,0,0,0,
30,305,303,(Kunth) Hitchc.,15677,3029,Echinochloa polystachya,0,1,0,,0,0,0,0,
30,305,303,(Pursh) A.Heller,15681,3029,Echinochloa walteri,0,1,0,,0,0,0,0,
30,305,303,Ekman,15805,3055,Ekmanochloa aristata,0,1,0,,1,0,1,0,
30,305,303,Hitchc.,15806,3055,Ekmanochloa subaphylla,0,1,0,,1,0,1,0,
30,305,303,(L.) Gaertn.,16209,3075,Eleusine indica,0,0,0,,0,0,0,0,
30,305,303,Daveau,16655,3146,Eragrostis barrelieri,0,0,0,,0,0,0,0,
30,305,303,(Schult.) Steud.,16656,3146,Eragrostis berteroniana,0,1,0,,1,0,0,0,
30,305,303,(L.) R.Br.,16659,3146,Eragrostis ciliaris,0,0,0,,0,0,0,0,
30,305,303,Hitchc.,16662,3146,Eragrostis cubensis,0,1,0,,1,0,0,0,
30,305,303,(Elliott) S.Watson,16670,3146,Eragrostis elliottii,0,1,0,,0,0,0,0,
30,305,303,(Sw.) Steud.,16703,3146,Eragrostis prolifera,0,1,0,,1,0,0,0,
30,305,303,(Sw.) Trin.,16675,3146,Eragrostis glutinosa,0,1,0,,0,0,0,0,
30,305,303,"(Lam.) Britton, Sterns & Poggenb.",16679,3146,Eragrostis hypnoides,0,1,0,,0,0,0,0,
30,305,303,(L.) P.Beauv.,16699,3146,Eragrostis pilosa,0,0,0,,0,0,0,0,
30,305,303,(Sw.) Steud.,16703,3146,Eragrostis prolifera,0,1,0,,0,0,0,0,
30,305,303,(L.) P.Beauv. ex Roem. & Schult.,440028,3146,Eragrostis tenella,0,0,0,,0,0,0,0,
30,305,303,(Kunth) Mabb.,440056,7015,Urochloa polystachya,0,1,0,,0,0,0,0,
30,305,303,(L.) Ham.,16916,3170,Eriochloa punctata,0,1,0,,0,0,0,0,
30,305,303,(A.Rich.) Hitchc.,16917,3170,Eriochloa setosa,0,1,0,,1,0,1,0,
30,305,303,P.Beauv.,16920,3171,Eriochrysis cayennensis,0,0,0,,0,0,0,0,
30,305,303,(Sw.) Desv.,18134,3255,Eustachys petraea,0,1,0,,0,0,0,0,
30,305,303,Ekman,20253,3547,Gouinia gracilis,0,1,0,,1,0,1,0,
30,305,303,(J.Presl) Scribn.,20254,3547,Gouinia virgata,0,0,0,,0,0,0,0,
30,305,303,(Aubl.) P.Beauv.,20755,3614,Gynerium sagittatum,0,1,0,,0,0,0,0,
30,305,303,(L.) P.Beauv. ex Roem. & Schult.,21545,3770,Heteropogon contortus,0,0,0,,0,0,0,0,
30,305,303,(Rudge) Nees,22675,3891,Hymenachne amplexicaulis,0,1,0,,0,0,0,0,
30,305,303,(Raddi) Chase,22676,3891,Hymenachne donacifolia,0,1,0,,0,0,0,0,
30,305,303,(Nees) Stapf,22831,3907,Hyparrhenia rufa,0,0,0,,0,0,0,0,
30,305,303,(C.Wright) C.Silva & R.P.Oliveira,440635,20042,Oedochloa mayarensis,0,1,0,,1,0,1,0,
30,305,303,(Sw.) Döll,23072,3931,Ichnanthus nemorosus,0,1,0,,0,0,0,0,
30,305,303,(Sw.) Munro ex Benth.,23073,3931,Ichnanthus pallens,0,1,0,,0,0,0,0,
30,305,303,Trin.,23258,3943,Imperata brasiliensis,0,1,0,,0,0,0,0,
30,305,303,Hitchc.,23261,3943,Imperata contracta,0,1,0,,0,0,0,0,
30,305,303,Griseb.,23538,3963,Isachne leersioides,0,1,0,,1,0,1,0,
30,305,303,(Lam.) Döll,23545,3963,Isachne polygonoides,0,1,0,,0,0,0,0,
30,305,303,(Poir.) Urb.,23549,3963,Isachne rigidifolia,0,1,0,,1,0,0,0,
30,305,303,Salisb.,23570,3965,Ischaemum rugosum,0,0,0,,0,0,0,0,
30,305,303,(J.Presl) Schltdl.,23714,3997,Ixophorus unisetus,0,1,0,,0,0,0,0,
30,305,303,(L.) Hitchc.,24745,4160,Lasiacis divaricata,0,1,0,,0,0,0,0,
30,305,303,(Nash) Hitchc.,24746,4160,Lasiacis grisebachii,0,1,0,,0,0,0,0,
30,305,303,(E.Fourn.) Hitchc. ex Chase,24750,4160,Lasiacis rhizophora,0,1,0,,0,0,0,0,
30,305,303,(Griseb.) Hitchc.,24751,4160,Lasiacis rugelii,0,1,0,,0,0,0,0,
30,305,303,(Kunth) Hitchc. ex Chase,24752,4160,Lasiacis ruscifolia,0,1,0,,0,0,0,0,
30,305,303,(Griseb.) Hitchc.,24753,4160,Lasiacis sloanei,0,1,0,,0,0,0,0,
30,305,303,(Aubl.) Urb.,24748,4160,Lasiacis maculata,0,1,0,,0,0,0,0,
30,305,303,Sw.,24997,4199,Leersia hexandra,0,1,0,,0,0,0,0,
30,305,303,Sw.,25000,4199,Leersia monandra,0,1,0,,0,0,0,0,
30,305,303,Vasey,25452,4251,Leptochloa nealleyi,0,0,0,,0,0,0,0,
30,305,303,(L.) P.Beauv.,25455,4251,Leptochloa virgata,0,1,0,,0,0,0,0,
30,305,303,Hitchc. & Ekman,25503,4267,Lepturidium insulare,0,1,0,,1,0,1,0,
30,305,303,(C.Wright ex Griseb.) Chase,26329,4346,Lithachne pinetii,0,1,0,,1,0,1,0,
30,305,303,L.,26590,4364,Lolium temulentum,0,0,0,,0,0,0,0,
30,305,303,(Steud.) Hitchc.,26909,4415,Luziola bahiensis,0,1,0,,0,0,0,0,
30,305,303,J.F.Gmel.,26910,4415,Luziola peruviana,0,1,0,,0,0,0,0,
30,305,303,Swallen,26911,4415,Luziola subintegra,0,1,0,,0,0,0,0,
30,305,303,Desv.,38384,6009,Rhytachne rottboellioides,0,1,0,,0,0,0,0,
30,305,303,P.Beauv.,28396,4626,Melinis minutiflora,0,0,0,,0,0,0,0,
30,305,303,(Willd.) Zizka,28398,4626,Melinis repens,0,0,0,,0,0,0,0,
30,305,303,(Hochst. ex Steud.) Hitchc.,28633,4654,Mesosetum loliiforme,0,1,0,,0,0,0,0,
30,305,303,Hitchc.,28634,4654,Mesosetum wrightii,0,1,0,,1,0,1,0,
30,305,303,(Griseb.) Chase,29258,4753,Mniochloa pulchella,0,1,0,,1,0,1,0,
30,305,303,"(Griseb.) Judz., Zuloaga & Morrone",34534,5574,Piresiella strephioides,0,1,0,,1,0,1,0,
30,305,303,(Engelm.) H.L.Bell & Columbus,439875,2923,Distichlis littoralis,0,1,0,,0,0,0,0,
30,305,303,(Lam.) Trin.,29513,4817,Muhlenbergia capillaris,0,1,0,,0,0,0,0,
30,305,303,L.,30872,5094,Olyra latifolia,0,1,0,,0,0,0,0,
30,305,303,(Retz.) P.Beauv.,31070,5124,Oplismenus burmanni,0,1,0,,0,0,0,0,
30,305,303,(L.) P.Beauv.,31072,5124,Oplismenus hirtellus,0,1,0,,0,0,0,0,
30,305,303,(L.) P.Beauv.,31071,5124,Oplismenus compositus,0,1,0,,0,0,0,0,
30,305,303,Desv.,31349,5167,Oryza latifolia,0,1,0,,0,0,0,0,
30,305,303,L.,31354,5167,Oryza sativa,0,0,0,,0,0,0,0,
30,305,303,Poir.,31867,5253,Panicum aquaticum,0,1,0,,0,0,0,0,
30,305,303,(Hitchc. & Ekman) J.R.Grande,441580,2398,Coleataenia beyeri,0,1,0,,1,0,1,0,
30,305,303,L.,31877,5253,Panicum capillare,0,1,0,,0,0,0,0,
30,305,303,Lam.,31879,5253,Panicum cayennense,0,1,0,,0,0,0,0,
30,305,303,(Nees ex Trin.) Zuloaga & Morrone,441582,11168,Trichanthecium cyanescens,0,1,0,,0,0,0,0,
30,305,303,Michx.,31888,5253,Panicum dichotomiflorum,0,1,0,,0,0,0,0,
30,305,303,Sw.,31890,5253,Panicum diffusum,0,1,0,,1,0,0,0,
30,305,303,(Nees ex Trin.) Zuloaga,344393,14327,Louisiella elephantipes,0,1,0,,0,0,0,0,
30,305,303,E.Fourn.,31897,5253,Panicum ghiesbreghtii,0,1,0,,0,0,0,0,
30,305,303,E.Fourn.,31899,5253,Panicum gouinii,0,1,0,,0,0,0,0,
30,305,303,(Hitchc. & Chase) Zuloaga,441583,3891,Hymenachne grandis,0,1,0,,0,0,0,0,
30,305,303,Sw.,31904,5253,Panicum hirsutum,0,1,0,,0,0,0,0,
30,305,303,J.Presl,31905,5253,Panicum hirticaule,0,1,0,,0,0,0,0,
30,305,303,Hitchc. & Ekman,31915,5253,Panicum lacustre,0,1,0,,1,0,1,0,
30,305,303,(Lam.) Zuloaga & Morrone,441587,11168,Trichanthecium parvifolium,0,1,0,,0,0,0,0,
30,305,303,(Sw.) Zuloaga,76315,9535,Rugoloa pilosa,0,1,0,,0,0,0,0,
30,305,303,(Schrad.) Zuloaga,76316,9535,Rugoloa polygonata,0,1,0,,0,0,0,0,
30,305,303,L.,31944,5253,Panicum repens,0,0,0,,0,0,0,0,
30,305,303,Nees,31950,5253,Panicum sellowii,0,1,0,,0,0,0,0,
30,305,303,Hitchc. & Chase,31955,5253,Panicum stevensianum,0,1,0,,1,0,0,0,
30,305,303,Nees,31963,5253,Panicum trichanthum,0,1,0,,0,0,0,0,
30,305,303,Sw.,31965,5253,Panicum trichoides,0,1,0,,0,0,0,0,
30,305,303,Hack.,31967,5253,Panicum venezuelae,0,1,0,,0,0,0,0,
30,305,303,L.,31969,5253,Panicum virgatum,0,1,0,,0,0,0,0,
30,305,303,(Lam.) Kuntze,32010,5259,Pappophorum pappiferum,0,1,0,,0,0,0,0,
30,305,303,Griseb.,32084,5291,Paratheria prostrata,0,1,0,,0,0,0,0,
30,305,303,(Forssk.) Veldkamp,441581,6341,Setaria geminata,0,1,0,,0,0,0,0,
30,305,303,Raddi,32206,5315,Paspalum acuminatum,0,1,0,,0,0,0,0,
30,305,303,León,32207,5315,Paspalum acutifolium,0,1,0,,1,0,0,0,
30,305,303,Flüggé,32217,5315,Paspalum caespitosum,0,1,0,,1,0,1,0,
30,305,303,A.Rich.,32210,5315,Paspalum alterniflorum,0,1,0,,1,0,0,0,
30,305,303,Ekman,32211,5315,Paspalum amphicarpum,0,1,0,,1,0,1,0,
30,305,303,Poir.,32212,5315,Paspalum arundinaceum,0,1,0,,0,0,0,0,
30,305,303,Hack.,32213,5315,Paspalum bakeri,0,1,0,,0,0,0,0,
30,305,303,Chapm.,32214,5315,Paspalum blodgettii,0,1,0,,0,0,0,0,
30,305,303,Chase,32216,5315,Paspalum breve,0,1,0,,1,0,0,0,
30,305,303,Flüggé,32217,5315,Paspalum caespitosum,0,1,0,,0,0,0,0,
30,305,303,Nash,32218,5315,Paspalum capillifolium,0,1,0,,1,0,1,0,
30,305,303,C.Wright,32219,5315,Paspalum clavuliferum,0,1,0,,0,0,0,0,
30,305,303,P.J.Bergius,32221,5315,Paspalum conjugatum,0,1,0,,0,0,0,0,
30,305,303,Flüggé,32222,5315,Paspalum convexum,0,0,0,,0,0,0,0,
30,305,303,Sw.,32225,5315,Paspalum decumbens,0,1,0,,0,0,0,0,
30,305,303,Poir.,32226,5315,Paspalum densum,0,1,0,,0,0,0,0,
30,305,303,Poir.,32228,5315,Paspalum dilatatum,0,0,0,,0,0,0,0,
30,305,303,(L.) L.,32230,5315,Paspalum dissectum,0,1,0,,0,0,0,0,
30,305,303,Poir. ex Trin.,32231,5315,Paspalum distachyon,0,1,0,,1,0,0,0,
30,305,303,L.,32232,5315,Paspalum distichum,0,1,0,,0,0,0,0,
30,305,303,Chase,32233,5315,Paspalum distortum,0,1,0,,1,0,0,0,
30,305,303,León,32234,5315,Paspalum edmondii,0,1,0,,1,0,1,0,
30,305,303,Sw.,32236,5315,Paspalum filiforme,0,1,0,,1,0,0,0,
30,305,303,Kunth,32237,5315,Paspalum fimbriatum,0,1,0,,0,0,0,0,
30,305,303,Ekman,32242,5315,Paspalum insulare,0,1,0,,1,0,1,0,
30,305,303,(E.Fourn.) Nash,32245,5315,Paspalum langei,0,1,0,,0,0,0,0,
30,305,303,Lam.,32246,5315,Paspalum laxum,0,1,0,,0,0,0,0,
30,305,303,A.Rich.,32247,5315,Paspalum lindenianum,0,1,0,,1,0,0,0,
30,305,303,Trin.,32248,5315,Paspalum lineare,0,1,0,,0,0,0,0,
30,305,303,Trin.,32253,5315,Paspalum maritimum,0,1,0,,0,0,0,0,
30,305,303,Desv. ex Poir.,32254,5315,Paspalum melanospermum,0,1,0,,0,0,0,0,
30,305,303,Schrad.,149542,5315,Paspalum millegranum,0,1,0,,0,0,0,0,
30,305,303,León,32258,5315,Paspalum motembense,0,1,0,,1,0,1,0,
30,305,303,Poir.,32259,5315,Paspalum multicaule,0,1,0,,0,0,0,0,
30,305,303,C.Wright ex Griseb.,32260,5315,Paspalum nanum,0,1,0,,1,0,1,0,
30,305,303,Chase,32261,5315,Paspalum nesiotes,0,1,0,,1,0,0,0,
30,305,303,Flüggé,32262,5315,Paspalum notatum,0,1,0,,0,0,0,0,
30,305,303,Poir.,32264,5315,Paspalum orbiculatum,0,1,0,,0,0,0,0,
30,305,303,L.,32265,5315,Paspalum paniculatum,0,1,0,,0,0,0,0,
30,305,303,Poir.,32212,5315,Paspalum arundinaceum,0,1,0,,0,0,0,0,
30,305,303,Michx.,32269,5315,Paspalum plicatulum,0,1,0,,0,0,0,0,
30,305,303,Rupr. ex E.Fourn.,32270,5315,Paspalum pubiflorum,0,1,0,,0,0,0,0,
30,305,303,Kunth,32271,5315,Paspalum pulchellum,0,1,0,,0,0,0,0,
30,305,303,Lam.,32273,5315,Paspalum racemosum,0,0,0,,0,0,0,0,
30,305,303,P.J.Bergius,32275,5315,Paspalum repens,0,1,0,,0,0,0,0,
30,305,303,Hitchc. & Chase,32276,5315,Paspalum reptatum,0,1,0,,1,0,0,0,
30,305,303,León,32277,5315,Paspalum rocanum,0,1,0,,1,0,1,0,
30,305,303,C.Wright,32278,5315,Paspalum rottboellioides,0,1,0,,1,0,1,0,
30,305,303,Trin.,32279,5315,Paspalum rupestre,0,1,0,,1,0,0,0,
30,305,303,Chase,32281,5315,Paspalum saugetii,0,1,0,,0,0,0,0,
30,305,303,Michx.,32284,5315,Paspalum setaceum,0,1,0,,0,0,0,0,
30,305,303,(Scribn. & Merr.) Nash,32288,5315,Paspalum unispicatum,0,1,0,,0,0,0,0,
30,305,303,Steud.,32290,5315,Paspalum urvillei,0,0,0,,0,0,0,0,
30,305,303,Sw.,32291,5315,Paspalum vaginatum,0,1,0,,0,0,0,0,
30,305,303,L.,32292,5315,Paspalum virgatum,0,1,0,,0,0,0,0,
30,305,303,Hitchc. & Chase,32293,5315,Paspalum wrightii,0,1,0,,0,0,0,0,
30,305,303,L.,33110,5441,Phalaris canariensis,0,0,0,,0,0,0,0,
30,305,303,L.,33134,5448,Pharus latifolius,0,1,0,,0,0,0,0,
30,305,303,Nash,33135,5448,Pharus parvifolius,0,1,0,,0,0,0,0,
30,305,303,L.,35203,5661,Poa annua,0,0,0,,0,0,0,0,
30,305,303,Morrone & Zuloaga,415569,5315,Paspalum eglume,0,1,0,,0,0,0,0,
30,305,303,(Spreng. ex Schult.) Kunth,38014,5960,Reynaudia filiformis,0,1,0,,1,0,0,0,
30,305,303,(Chapm.) Benth. ex Vasey,9555,2272,Chrysopogon pauciflorus,0,1,0,,0,0,0,0,
30,305,303,(Lour.) Clayton,38766,6058,Rottboellia cochinchinensis,0,0,0,,0,0,0,0,
30,305,303,L.,39500,6094,Saccharum officinarum,0,0,0,,0,0,0,0,
30,305,303,L.,39504,6094,Saccharum spontaneum,0,0,0,,0,0,0,0,
30,305,303,(Lam.) Chase,39509,6095,Sacciolepis myuros,0,1,0,,0,0,0,0,
30,305,303,(L.) Nash,39511,6095,Sacciolepis striata,0,1,0,,0,0,0,0,
30,305,303,(Trin.) Chase,39512,6095,Sacciolepis vilvoides,0,1,0,,0,0,0,0,
30,305,303,(Hitchc. & Chase) P.M.Peterson,442337,6737,Tetrapogon fasciculatus,0,1,0,,1,0,0,0,
30,305,303,(Hitchc. & Ekman) P.M.Peterson,442338,6737,Tetrapogon pleiostachyus,0,1,0,,1,0,1,0,
30,305,303,(Sw.) Nees ex Buse,40354,6214,Schizachyrium brevifolium,0,1,0,,0,0,0,0,
30,305,303,(Spreng.) Nash,442383,6214,Schizachyrium gracile,0,1,0,,0,0,0,0,
30,305,303,Nees,40365,6214,Schizachyrium tenerum,0,1,0,,0,0,0,0,
30,305,303,"(C.Wright) Salariato, Morrone & Zuloaga",442427,20106,Mayariochloa amphistemon,0,1,0,,1,0,1,0,
30,305,303,(Griseb.) Hitchc. & Chase,40771,6280,Scutachne dura,0,1,0,,1,0,0,0,
30,305,303,(Forssk.) Chiov.,442507,6341,Setaria adhaerens,0,1,0,,0,0,0,0,
30,305,303,(Elliott) Schult.,41353,6341,Setaria corrugata,0,1,0,,0,0,0,0,
30,305,303,(A.Rich.) Pilg.,442508,6341,Setaria distantiflora,0,1,0,,1,0,0,0,
30,305,303,(L.) P.Beauv.,41358,6341,Setaria italica,0,0,0,,0,0,0,0,
30,305,303,(E.Ekman) León,442511,6341,Setaria leonis,0,1,0,,1,0,0,0,
30,305,303,Kunth,41364,6341,Setaria macrostachya,0,1,0,,0,0,0,0,
30,305,303,Griseb.,41365,6341,Setaria magna,0,1,0,,0,0,0,0,
30,305,303,Schrad.,41374,6341,Setaria scandens,0,1,0,,0,0,0,0,
30,305,303,(Sw.) P.Beauv.,41375,6341,Setaria setosa,0,1,0,,0,0,0,0,
30,305,303,Schrad.,41380,6341,Setaria tenacissima,0,1,0,,0,0,0,0,
30,305,303,(Rich.) Desv.,41381,6341,Setaria tenax,0,1,0,,0,0,0,0,
30,305,303,(Scribn.) Pilg.,441589,6341,Setaria utowanaea,0,1,0,,0,0,0,0,
30,305,303,(Griseb.) Hitchc.,42226,6437,Sorghastrum setosum,0,1,0,,0,0,0,0,
30,305,303,(Kunth) Nash,42227,6437,Sorghastrum stipoides,0,1,0,,0,0,0,0,
30,305,303,(L.) Moench,42229,6438,Sorghum bicolor,0,0,0,,0,0,0,0,
30,305,303,(L.) Pers.,42230,6438,Sorghum halepense,0,0,0,,0,0,0,0,
30,305,303,(Roth) P.M.Peterson & Saarela,415224,6495,Sporobolus pumilus,0,1,0,,0,0,0,0,
30,305,303,Hitchc.,42582,6495,Sporobolus cubensis,0,1,0,,0,0,0,0,
30,305,303,(L.) R.Br.,42591,6495,Sporobolus indicus,0,1,0,,0,0,0,0,
30,305,303,(Sw.) Ham.,42598,6495,Sporobolus purpurascens,0,1,0,,0,0,0,0,
30,305,303,(Lam.) Hitchc.,42600,6495,Sporobolus pyramidatus,0,1,0,,0,0,0,0,
30,305,303,(Mart. ex Schrank) Kuntze,42606,6495,Sporobolus tenuissimus,0,1,0,,0,0,0,0,
30,305,303,(L.) Kunth,42608,6495,Sporobolus virginicus,0,1,0,,0,0,0,0,
30,305,303,(Walter) Kuntze,42943,6546,Stenotaphrum secundatum,0,1,0,,0,0,0,0,
30,305,303,(L.) Kuntze,44948,6764,Themeda quadrivalvis,0,0,0,,0,0,0,0,
30,305,303,Schult.,45444,6865,Tragus berteronianus,0,0,0,,0,0,0,0,
30,305,303,(L.) All.,45445,6865,Tragus racemosus,0,0,0,,0,0,0,0,
30,305,303,(E.Fourn.) P.M.Peterson & N.Snow,334578,4251,Leptochloa pluriflora,0,1,0,,0,0,0,0,
30,305,303,(Vasey & Scribn.) P.M.Peterson & Romasch.,442884,20123,Triplasiella eragrostoides,0,1,0,,0,0,0,0,
30,305,303,(Nees) P.M.Peterson & Romasch.,442897,19755,Tripogonella spicata,0,1,0,,0,0,0,0,
30,305,303,(L.) L.,45831,6945,Tripsacum dactyloides,0,1,0,,0,0,0,0,
30,305,303,Hitchc.,45833,6945,Tripsacum latifolium,0,0,0,,0,0,0,0,
30,305,303,Nash,45834,6945,Tripsacum laxum,0,0,0,,0,0,0,0,
30,305,303,Griseb.,45847,6951,Triscenia ovina,0,1,0,,1,0,1,0,
30,305,303,L.,45911,6964,Triticum aestivum,0,0,0,,0,0,0,0,
30,305,303,L.,46149,7008,Uniola paniculata,0,1,0,,0,0,0,0,
30,305,303,(Poir.) Griseb.,46150,7008,Uniola virgata,0,1,0,,1,0,0,0,
30,305,303,(Trin.) R.D.Webster,441577,7015,Urochloa adspersa,0,1,0,,0,0,0,0,
30,305,303,(L.) Roberty,9559,2272,Chrysopogon zizanioides,0,0,0,,0,0,0,0,
30,305,303,L.,47706,7198,Zea mays,0,0,0,,0,0,0,0,
30,305,303,Willd.,47740,7204,Zeugites americanus,0,1,0,,0,0,0,0,
30,305,303,(L.) Merr.,47840,7218,Zoysia matrella,0,0,0,,0,0,0,0,
30,305,303,Griseb.,35312,5664,Podocarpus angustifolius,0,1,0,,1,0,0,0,
30,305,303,Parl.,35314,5664,Podocarpus aristulatus,0,1,0,,1,0,0,0,
30,305,303,C.Wright,27768,4537,Marathrum cubanum,0,1,0,,1,0,1,0,
30,305,303,(Bory ex Willd.) Spreng.,45904,6960,Tristicha trifaria,0,1,0,,0,0,0,0,
30,305,303,Cav.,10232,2358,Cobaea scandens,0,0,0,,0,0,0,0,
30,305,303,Vell.,157263,5695,Polygala appendiculata,0,1,0,,0,0,0,0,
30,305,303,Kunth,35489,5695,Polygala longicaulis,0,1,0,,0,0,0,0,
30,305,303,L.,35496,5695,Polygala paniculata,0,1,0,,0,0,0,0,
30,305,303,S.F.Blake,35499,5695,Polygala rhynchosperma,0,1,0,,1,0,1,0,
30,305,303,Griseb.,35501,5695,Polygala saginoides,0,1,0,,1,0,1,0,
30,305,303,Griseb.,35509,5695,Polygala spathulata,0,1,0,,1,0,0,0,
30,305,303,C.Wright ex Griseb.,35510,5695,Polygala squamifolia,0,1,0,,1,0,1,0,
30,305,303,(Aubl.) J.F.B.Pastore & J.R.Abbott,107929,9294,Asemeia violacea,0,1,0,,0,0,0,0,
30,305,303,(L.) S.F.Blake,40842,6294,Securidaca diversifolia,0,1,0,,0,0,0,0,
30,305,303,Turcz.,40843,6294,Securidaca elliptica,0,1,0,,1,0,1,0,
30,305,303,Sw.,40845,6294,Securidaca virgata,0,1,0,,1,0,0,0,
30,305,303,Hook. & Arn.,2611,1359,Antigonon leptopus,0,0,0,,0,0,0,0,
30,305,303,C.Wright,10255,2361,Coccoloba costata,0,1,0,,1,0,0,0,
30,305,303,Jacq.,10257,2361,Coccoloba diversifolia,0,1,0,,0,0,0,0,
30,305,303,Borhidi,10272,2361,Coccoloba munizii,0,1,0,,1,0,1,0,
30,305,303,(Alain) I.Castañeda,439340,2361,Coccoloba cristalensis,0,1,0,,1,0,1,0,
30,305,303,Alain,10277,2361,Coccoloba oligantha,0,1,0,,1,0,1,0,
30,305,303,C.Wright ex Griseb.,10278,2361,Coccoloba pallida,0,1,0,,1,0,0,0,
30,305,303,A.Rich.,10253,2361,Coccoloba coriacea,0,1,0,,1,0,1,0,
30,305,303,L.,10285,2361,Coccoloba pubescens,0,1,0,,1,0,0,0,
30,305,303,Meisn.,10296,2361,Coccoloba swartzii,0,1,0,,1,0,0,0,
30,305,303,L.,10298,2361,Coccoloba tenuifolia,0,1,0,,1,0,0,0,
30,305,303,(L.) L.,10301,2361,Coccoloba uvifera,0,1,0,,0,0,0,0,
30,305,303,L.,10302,2361,Coccoloba venosa,0,0,0,,0,0,0,0,
30,305,303,(F.Muell.) Meisn.,440566,4813,Muehlenbeckia platyclada,0,0,0,,0,0,0,0,
30,305,303,(Kunth) M.Gómez,32961,5410,Persicaria acuminata,0,1,0,,0,0,0,0,
30,305,303,(L.) Á.Löve,18292,3295,Fallopia convolvulus,0,0,0,,0,0,0,0,
30,305,303,(Wedd.) Soják,32974,5410,Persicaria ferruginea,0,1,0,,0,0,0,0,
30,305,303,(Kunth) M.Gómez,32977,5410,Persicaria hispida,0,1,0,,0,0,0,0,
30,305,303,(Michx.) Small,32979,5410,Persicaria hydropiperoides,0,1,0,,0,0,0,0,
30,305,303,(Cham. & Schltdl.) M.Gómez,32984,5410,Persicaria meisneriana,0,1,0,,0,0,0,0,
30,305,303,(Michx.) Small,32979,5410,Persicaria hydropiperoides,0,1,0,,0,0,0,0,
30,305,303,(L.) M.Gómez,32989,5410,Persicaria pensylvanica,0,1,0,,0,0,0,0,
30,305,303,(Elliott) Small,32993,5410,Persicaria punctata,0,1,0,,0,0,0,0,
30,305,303,(Kunth) Small,32995,5410,Persicaria segetum,0,1,0,,0,0,0,0,
30,305,303,L.,39316,6070,Rumex acetosella,0,0,0,,0,0,0,0,
30,305,303,Murray,39328,6070,Rumex conglomeratus,0,0,0,,0,0,0,0,
30,305,303,L.,39329,6070,Rumex crispus,0,0,0,,0,0,0,0,
30,305,303,L.,39354,6070,Rumex obtusifolius,0,0,0,,0,0,0,0,
30,305,303,L.,39361,6070,Rumex pulcher,0,0,0,,0,0,0,0,
30,305,303,L.,39377,6070,Rumex vesicarius,0,0,0,,0,0,0,0,
30,305,303,L.,45809,6936,Triplaris americana,0,0,0,,0,0,0,0,
30,305,303,Sw.,439958,5723,Pontederia azurea,0,1,0,,0,0,0,0,
30,305,303,Mart.,439959,5723,Pontederia crassipes,0,0,0,,0,0,0,0,
30,305,303,(Vahl) M.Pell. & C.N.Horn,439960,5723,Pontederia diversifolia,0,0,0,,0,0,0,0,
30,305,303,(Alexander) M.Pell. & C.N.Horn,439961,5723,Pontederia heterosperma,0,1,0,,0,0,0,0,
30,305,303,Spreng.,439962,5723,Pontederia paniculata,0,1,0,,0,0,0,0,
30,305,303,(Sw.) Willd.,21526,3762,Heteranthera limosa,0,1,0,,0,0,0,0,
30,305,303,Mart. ex Schult. & Schult.f.,21527,3762,Heteranthera oblongifolia,0,1,0,,0,0,0,0,
30,305,303,Ruiz & Pav.,21528,3762,Heteranthera reniformis,0,1,0,,0,0,0,0,
30,305,303,C.Presl,21529,3762,Heteranthera spicata,0,1,0,,0,0,0,0,
30,305,303,Donn ex Willd.,9855,2321,Claytonia perfoliata,0,0,0,,0,0,0,0,
30,305,303,Urb.,35928,5733,Portulaca biloba,0,1,0,,1,0,1,0,
30,305,303,Urb.,35929,5733,Portulaca brevifolia,0,1,0,,1,0,0,0,
30,305,303,Britton & P.Wilson,35933,5733,Portulaca cubensis,0,1,0,,1,0,1,0,
30,305,303,Mart. ex Rohrb.,35936,5733,Portulaca elatior,0,1,0,,0,0,0,0,
30,305,303,L.,35940,5733,Portulaca halimoides,0,1,0,,0,0,0,0,
30,305,303,Kunth,35969,5733,Portulaca umbraticola,0,1,0,,0,0,0,0,
30,305,303,Urb.,35929,5733,Portulaca brevifolia,0,1,0,,1,0,1,0,
30,305,303,L.,35951,5733,Portulaca oleracea,0,1,0,,0,0,0,0,
30,305,303,L.,35954,5733,Portulaca pilosa,0,1,0,,0,0,0,0,
30,305,303,L.,35954,5733,Portulaca pilosa,0,1,0,,1,0,0,0,
30,305,303,L.,35956,5733,Portulaca quadrifida,0,1,0,,0,0,0,0,
30,305,303,Kunth,35957,5733,Portulaca rubricaulis,0,1,0,,0,0,0,0,
30,305,303,Kunth,35965,5733,Portulaca teretifolia,0,1,0,,0,0,0,0,
30,305,303,León,35967,5733,Portulaca tuberculata,0,1,0,,1,0,0,0,
30,305,303,Kunth,35969,5733,Portulaca umbraticola,0,1,0,,0,0,0,0,
30,305,303,(L.) Juss.,43839,6668,Talinum fruticosum,0,1,0,,0,0,0,0,
30,305,303,(Jacq.) Gaertn.,43840,6668,Talinum paniculatum,0,1,0,,0,0,0,0,
30,305,303,Raf.,35990,5738,Potamogeton diversifolius,0,1,0,,0,0,0,0,
30,305,303,Raf.,35992,5738,Potamogeton foliosus,0,1,0,,0,0,0,0,
30,305,303,Morong,35995,5738,Potamogeton illinoensis,0,1,0,,0,0,0,0,
30,305,303,Poir.,36001,5738,Potamogeton nodosus,0,1,0,,0,0,0,0,
30,305,303,(L.) U.Manns & Anderb.,438386,4439,Lysimachia arvensis,0,0,0,,0,0,0,0,
30,305,303,(Ruiz & Pav.) U.Manns & Anderb.,438391,4439,Lysimachia ovalis,0,1,0,,0,0,0,0,
30,305,303,Kunth,39858,6126,Samolus ebracteatus,0,1,0,,0,0,0,0,
30,305,303,L.,37323,5881,Punica granatum,0,0,0,,0,0,0,0,
30,305,303,L.,9924,2330,Clematis dioica,0,1,0,,0,0,0,0,
30,305,303,Griseb.,9929,2330,Clematis flammulastrum,0,1,0,,1,0,0,0,
30,305,303,Jacq.,9963,2330,Clematis polygama,0,1,0,,0,0,0,0,
30,305,303,L.,37664,5927,Ranunculus abortivus,0,0,0,,0,0,0,0,
30,305,303,Poir.,37800,5927,Ranunculus recurvatus,0,1,0,,1,0,0,0,
30,305,303,(Griseb.) Urb.,4338,1566,Auerodendron acuminatum,0,1,0,,1,0,1,0,
30,305,303,Borhidi & O.Muñiz,4339,1566,Auerodendron acunae,0,1,0,,1,0,1,0,
30,305,303,(Britton & P.Wilson) Urb.,4340,1566,Auerodendron cubense,0,1,0,,1,0,1,0,
30,305,303,(Britton & P.Wilson) Urb.,4340,1566,Auerodendron cubense,0,1,0,,1,0,1,0,
30,305,303,Alain,4343,1566,Auerodendron martii,0,1,0,,1,0,1,0,
30,305,303,(Urb.) Urb.,4344,1566,Auerodendron northropianum,0,1,0,,1,0,0,0,
30,305,303,(Griseb.) Urb.,4346,1566,Auerodendron reticulatum,0,1,0,,1,0,1,0,
30,305,303,(Urb.) Urb.,4347,1566,Auerodendron truncatum,0,1,0,,1,0,1,0,
30,305,303,(Mill.) Sarg.,10528,2414,Colubrina arborescens,0,1,0,,0,0,0,0,
30,305,303,(L.) Brongn.,10529,2414,Colubrina asiatica,0,0,0,,0,0,0,0,
30,305,303,(Jacq.) Brongn.,10531,2414,Colubrina cubensis,0,1,0,,1,0,0,0,
30,305,303,(Sw.) Brizicky & W.L.Stern,10532,2414,Colubrina elliptica,0,1,0,,0,0,0,0,
30,305,303,G.Perkins,10533,2414,Colubrina glandulosa,0,1,0,,1,0,0,0,
30,305,303,(Britton) Urb.,14888,2935,Doerpfeldia cubensis,0,1,0,,1,0,1,0,
30,305,303,Alain,20240,3546,Gouania ekmanii,0,1,0,,1,0,1,0,
30,305,303,(L.) Urb.,20245,3546,Gouania lupuloides,0,1,0,,0,0,0,0,
30,305,303,(Jacq.) Urb.,20249,3546,Gouania polygama,0,1,0,,0,0,0,0,
30,305,303,Borhidi & O.Muñiz,24235,4040,Karwinskia angustata,0,1,0,,1,0,1,0,
30,305,303,(Britton & P.Wilson) Urb.,440709,4040,Karwinskia bicolor,0,1,0,,1,0,1,0,
30,305,303,(Britton & P.Wilson) Urb.,440711,4040,Karwinskia oblongifolia,0,1,0,,1,0,1,0,
30,305,303,(Britton & P.Wilson) Urb.,440712,4040,Karwinskia orbiculata,0,1,0,,1,0,1,0,
30,305,303,(Borhidi & O.Muñiz) Borhidi,24237,4040,Karwinskia potrerilloana,0,1,0,,1,0,1,0,
30,305,303,(Britton & P.Wilson) Urb.,440713,4040,Karwinskia rocana,0,1,0,,1,0,1,0,
30,305,303,(Vahl) Urb.,24483,4093,Krugiodendron ferreum,0,1,0,,0,0,0,0,
30,305,303,Britton,38016,5961,Reynosia camagueyensis,0,1,0,,1,0,1,0,
30,305,303,Griseb.,38022,5961,Reynosia latifolia,0,1,0,,1,0,1,0,
30,305,303,Ekman ex Urb.,38023,5961,Reynosia microphylla,0,1,0,,1,0,1,0,
30,305,303,Borhidi & O.Muñiz,442180,5961,Reynosia moaensis,0,1,0,,1,0,1,0,
30,305,303,Griseb.,38025,5961,Reynosia mucronata,0,1,0,,1,0,0,0,
30,305,303,Griseb.,38025,5961,Reynosia mucronata,0,1,0,,1,0,1,0,
30,305,303,Griseb.,38025,5961,Reynosia mucronata,0,1,0,,1,0,1,0,
30,305,303,Griseb.,38027,5961,Reynosia retusa,0,1,0,,1,0,1,0,
30,305,303,(C.Wright ex Griseb.) Urb.,38028,5961,Reynosia revoluta,0,1,0,,1,0,1,0,
30,305,303,Urb.,38032,5961,Reynosia wrightii,0,1,0,,1,0,1,0,
30,305,303,Borhidi,38052,5969,Rhamnidium brevifolium,0,1,0,,1,0,1,0,
30,305,303,Britton & P.Wilson,38055,5969,Rhamnidium ellipticum,0,1,0,,1,0,1,0,
30,305,303,Urb.,38056,5969,Rhamnidium nipense,0,1,0,,1,0,1,0,
30,305,303,Urb.,38058,5969,Rhamnidium pruinosum,0,1,0,,1,0,1,0,
30,305,303,Britton & P.Wilson,38060,5969,Rhamnidium shaferi,0,1,0,,1,0,1,0,
30,305,303,Griseb.,443182,6155,Sarcomphalus acutifolius,0,1,0,,1,0,1,0,
30,305,303,Urb.,443183,6155,Sarcomphalus bidens,0,1,0,,1,0,1,0,
30,305,303,Griseb.,40001,6155,Sarcomphalus divaricatus,0,1,0,,1,0,1,0,
30,305,303,(Kunth) Griseb.,40002,6155,Sarcomphalus havanensis,0,1,0,,1,0,0,0,
30,305,303,(Kunth) Griseb.,40002,6155,Sarcomphalus havanensis,0,1,0,,1,0,1,0,
30,305,303,Mill.,47793,7211,Ziziphus jujuba,0,0,0,,0,0,0,0,
30,305,303,Lam.,443184,7211,Ziziphus mauritiana,0,0,0,,0,0,0,0,
30,305,303,Urb.,443186,6155,Sarcomphalus obovatus,0,1,0,,1,0,1,0,
30,305,303,(Urb.) Hauenschild,428887,6155,Sarcomphalus rhodoxylon,0,1,0,,1,0,0,0,
30,305,303,Aubl.,8412,2060,Cassipourea guianensis,0,1,0,,0,0,0,0,
30,305,303,L.,38130,5983,Rhizophora mangle,0,1,0,,0,0,0,0,
30,305,303,L.,18819,3363,Fragaria vesca,0,0,0,,0,0,0,0,
30,305,303,L.,36049,5739,Potentilla norvegica,0,0,0,,0,0,0,0,
30,305,303,(L.) Urb.,36378,5782,Prunus myrtifolia,0,1,0,,0,0,0,0,
30,305,303,Sw.,36381,5782,Prunus occidentalis,0,1,0,,0,0,0,0,
30,305,303,Michx.,38692,6043,Rosa laevigata,0,0,0,,0,0,0,0,
30,305,303,Sm.,39171,6065,Rubus rosifolius,0,0,0,,0,0,0,0,
30,305,303,C.Wright,38942,6065,Rubus durus,0,1,0,,1,0,1,0,
30,305,303,(Focke) Focke,38986,6065,Rubus grisebachii,0,1,0,,1,0,1,0,
30,305,303,Thunb.,39094,6065,Rubus niveus,0,0,0,,0,0,0,0,
30,305,303,Sm.,39171,6065,Rubus rosifolius,0,0,0,,0,0,0,0,
30,305,303,Rydb.,39238,6065,Rubus turquinensis,0,1,0,,1,0,1,0,
30,305,303,Standl.,637,1022,Acrosynanthus latifolius,0,1,0,,1,0,1,0,
30,305,303,Urb.,638,1022,Acrosynanthus ovatus,0,1,0,,1,0,1,0,
30,305,303,Britton ex Standl.,639,1022,Acrosynanthus parvifolius,0,1,0,,1,0,1,0,
30,305,303,Urb.,640,1022,Acrosynanthus revolutus,0,1,0,,1,0,1,0,
30,305,303,Standl.,641,1022,Acrosynanthus trachyphyllus,0,1,0,,1,0,1,0,
30,305,303,(Griseb.) Borhidi,711,1040,Acunaeanthus tinifolius,0,1,0,,1,0,1,0,
30,305,303,(Rich.) A.Rich. ex DC.,1447,1162,Alibertia edulis,0,1,0,,0,0,0,0,
30,305,303,(Lam. ex Poir.) Delprete & C.H.Perss.,296351,1213,Amaioua glomerulata,0,1,0,,0,0,0,0,
30,305,303,Griseb.,5051,1696,Bertiera gonzaleoides,0,1,0,,1,0,1,0,
30,305,303,(Vahl) DC.,7224,1958,Calycophyllum candidissimum,0,1,0,,0,0,0,0,
30,305,303,M.Fernández & Borhidi,8316,2053,Casasia acunae,0,1,0,,1,0,1,0,
30,305,303,A.Rich.,8317,2053,Casasia calophylla,0,1,0,,1,0,1,0,
30,305,303,(Jacq.) Urb.,8318,2053,Casasia clusiifolia,0,1,0,,0,0,0,0,
30,305,303,(Jacq.) Urb.,8318,2053,Casasia clusiifolia,0,1,0,,1,0,1,0,
30,305,303,(Griseb.) Standl.,8322,2053,Casasia jacquinioides,0,1,0,,1,0,1,0,
30,305,303,(Griseb.) C.Wright ex Rob.,8324,2053,Casasia nigrescens,0,1,0,,1,0,1,0,
30,305,303,Urb.,8509,2077,Catesbaea flaviflora,0,1,0,,1,0,1,0,
30,305,303,Urb.,8512,2077,Catesbaea gamboana,0,1,0,,1,0,1,0,
30,305,303,Griseb.,8514,2077,Catesbaea grayi,0,1,0,,1,0,0,0,
30,305,303,C.Wright ex Griseb.,8515,2077,Catesbaea holacantha,0,1,0,,1,0,1,0,
30,305,303,A.Rich.,8516,2077,Catesbaea longispina,0,1,0,,1,0,1,0,
30,305,303,C.Wright,439128,2077,Catesbaea macracantha,0,1,0,,1,0,1,0,
30,305,303,Greenm.,8520,2077,Catesbaea nana,0,1,0,,1,0,1,0,
30,305,303,Sw.,8521,2077,Catesbaea parviflora,0,1,0,,0,0,0,0,
30,305,303,L.,8524,2077,Catesbaea spinosa,0,1,0,,1,0,0,0,
30,305,303,L.,8835,2124,Cephalanthus occidentalis,0,1,0,,0,0,0,0,
30,305,303,(Griseb.) Hook.f.,8932,2141,Ceratopyxis verbenacea,0,1,0,,1,0,1,0,
30,305,303,(Wernham) Alain,439200,6235,Schmidtottia involucrata,0,1,0,,1,0,1,0,
30,305,303,Jacq.,9344,2221,Chimarrhis cymosa,0,1,0,,1,0,0,0,
30,305,303,(L.) Hitchc.,9354,2225,Chiococca alba,0,1,0,,0,0,0,0,
30,305,303,(Urb.) Paudyal & Delprete,439265,20010,Ramonadoxa cubensis,0,1,0,,1,0,1,0,
30,305,303,(Aubl.) K.Schum.,10237,2360,Coccocypselum guianense,0,1,0,,0,0,0,0,
30,305,303,P.Browne ex Aubl.,10238,2360,Coccocypselum herbaceum,0,1,0,,0,0,0,0,
30,305,303,(Ruiz & Pav.) Pers.,10240,2360,Coccocypselum lanceolatum,0,1,0,,0,0,0,0,
30,305,303,L.,10447,2389,Coffea arabica,0,0,0,,0,0,0,0,
30,305,303,W.Bull,10449,2389,Coffea liberica,0,0,0,,0,0,0,0,
30,305,303,(Griseb.) M.Gómez,439449,2527,Coussarea vaginata,0,1,0,,1,0,1,0,
30,305,303,(Mill.) B.L.Rob.,11926,2571,Crusea hispida,0,1,0,,0,0,0,0,
30,305,303,(Graham) Aiello,12110,2595,Cubanola daphnoides,0,1,0,,1,0,1,0,
30,305,303,(Willd.) Kuntze,13534,2747,Declieuxia fruticosa,0,1,0,,0,0,0,0,
30,305,303,(Sw.) Delprete & J.H.Kirkbr.,410126,13916,Hexasepalum sarmentosum,0,1,0,,0,0,0,0,
30,305,303,(P.Beauv.) J.H.Kirkbr. & Delprete,411454,13916,Hexasepalum serrulatum,0,1,0,,0,0,0,0,
30,305,303,Sw.,14401,2865,Diodia simplex,0,1,0,,1,0,0,0,
30,305,303,L.,14403,2865,Diodia virginiana,0,1,0,,0,0,0,0,
30,305,303,Britton,15808,3057,Elaeagia cubensis,0,1,0,,1,0,1,0,
30,305,303,Urb.,16417,3129,Eosanthe cubensis,0,1,0,,1,0,1,0,
30,305,303,L.,16965,3181,Erithalis fruticosa,0,1,0,,0,0,0,0,
30,305,303,Jacq.,16967,3181,Erithalis odorifera,0,1,0,,1,0,0,0,
30,305,303,(Griseb.) C.Wright,16970,3181,Erithalis vacciniifolia,0,1,0,,1,0,0,0,
30,305,303,Sw.,16975,3183,Ernodea littoralis,0,1,0,,0,0,0,0,
30,305,303,(Jacq.) Schult.,18220,3280,Exostema caribaeum,0,1,0,,0,0,0,0,
30,305,303,(Borhidi & M.Fernández) Borhidi,443226,19780,Solenandra cordata,0,1,0,,1,0,1,0,
30,305,303,(Borhidi & M.Fernández) Borhidi,440114,19780,Solenandra curbeloi,0,1,0,,1,0,1,0,
30,305,303,(Griseb.) Paudyal & Delprete,428999,19780,Solenandra elliptica,0,1,0,,1,0,0,0,
30,305,303,Borhidi & M.Fernández,18224,3280,Exostema glaberrimum,0,1,0,,1,0,1,0,
30,305,303,Borhidi & Acuña,18226,3280,Exostema lancifolium,0,1,0,,1,0,1,0,
30,305,303,(Lamb.) Paudyal & Delprete,429001,19780,Solenandra longiflora,0,1,0,,1,0,0,0,
30,305,303,(Borhidi & M.Fernández) Borhidi,440115,19780,Solenandra microcarpa,0,1,0,,1,0,1,0,
30,305,303,(Griseb.) Borhidi,440116,19780,Solenandra myrtifolia,0,1,0,,1,0,1,0,
30,305,303,(Griseb.) Borhidi,440116,19780,Solenandra myrtifolia,0,1,0,,1,0,1,0,
30,305,303,(A.Rich. ex Bonpl.) Borhidi,440117,19780,Solenandra parviflora,0,1,0,,1,0,0,0,
30,305,303,(Borhidi & M.Fernández) Borhidi,440118,19780,Solenandra pervestita,0,1,0,,1,0,1,0,
30,305,303,(Borhidi) Borhidi,440119,19780,Solenandra pulverulenta,0,1,0,,1,0,1,0,
30,305,303,Griseb.,18237,3280,Exostema purpureum,0,1,0,,1,0,1,0,
30,305,303,(Griseb.) Paudyal & Delprete,429003,19780,Solenandra rotundata,0,1,0,,1,0,1,0,
30,305,303,Griseb.,18239,3280,Exostema salicifolium,0,1,0,,1,0,1,0,
30,305,303,(Le Vavass.) Krug & Urb.,18242,3280,Exostema spinosum,0,1,0,,1,0,0,0,
30,305,303,(Britton) Paudyal & Delprete,429005,19780,Solenandra stenophylla,0,1,0,,1,0,1,0,
30,305,303,Hook.f.,440121,19780,Solenandra ixoroides,0,1,0,,1,0,1,0,
30,305,303,Hook.f.,440121,19780,Solenandra ixoroides,0,1,0,,1,0,1,0,
30,305,303,Hook.f.,440121,19780,Solenandra ixoroides,0,1,0,,1,0,1,0,
30,305,303,Hook.f.,440121,19780,Solenandra ixoroides,0,1,0,,1,0,1,0,
30,305,303,(Standl.) Borhidi,440122,19780,Solenandra velutina,0,1,0,,1,0,1,0,
30,305,303,(L.) A.Rich.,18300,3297,Faramea occidentalis,0,1,0,,0,0,0,0,
30,305,303,Iltis,19168,3401,Galium domingense,0,1,0,,1,0,0,0,
30,305,303,L.,19489,3440,Genipa americana,0,1,0,,0,0,0,0,
30,305,303,Alain,19629,3455,Geophila minutiflora,0,1,0,,1,0,1,0,
30,305,303,(L.) I.M.Johnst.,19632,3455,Geophila repens,0,1,0,,0,0,0,0,
30,305,303,(A.Rich.) Urb.,20156,3539,Gonzalagunia brachyantha,0,1,0,,1,0,0,0,
30,305,303,Urb.,20161,3539,Gonzalagunia sagrana,0,1,0,,1,0,1,0,
30,305,303,Urb. & Ekman,20519,3581,Guettarda amblyophylla,0,1,0,,1,0,1,0,
30,305,303,Urb.,20528,3581,Guettarda brevinodis,0,1,0,,1,0,1,0,
30,305,303,A.Rich.,20531,3581,Guettarda calyptrata,0,1,0,,1,0,1,0,
30,305,303,Britton,20532,3581,Guettarda camagueyensis,0,1,0,,1,0,1,0,
30,305,303,Britton,20533,3581,Guettarda clarensis,0,1,0,,1,0,1,0,
30,305,303,Standl.,20534,3581,Guettarda cobrensis,0,1,0,,1,0,1,0,
30,305,303,Urb.,20535,3581,Guettarda combsii,0,1,0,,0,0,0,0,
30,305,303,Britton,20536,3581,Guettarda coxiana,0,1,0,,1,0,1,0,
30,305,303,Britton,20537,3581,Guettarda crassipes,0,1,0,,1,0,1,0,
30,305,303,Britton,20540,3581,Guettarda cueroensis,0,1,0,,1,0,0,0,
30,305,303,(Griseb.) Urb.,31467,5192,Ottoschmidtia microphylla,0,1,0,,1,0,1,0,
30,305,303,Sw.,20544,3581,Guettarda elliptica,0,1,0,,0,0,0,0,
30,305,303,Griseb.,20547,3581,Guettarda ferruginea,0,1,0,,1,0,1,0,
30,305,303,Urb. & Britton,20558,3581,Guettarda lanuginosa,0,1,0,,1,0,1,0,
30,305,303,Alain,20559,3581,Guettarda leonis,0,1,0,,1,0,1,0,
30,305,303,Griseb.,20562,3581,Guettarda macrocarpa,0,1,0,,1,0,1,0,
30,305,303,Urb.,20566,3581,Guettarda monocarpa,0,1,0,,1,0,1,0,
30,305,303,Borhidi,20568,3581,Guettarda munizii,0,1,0,,1,0,1,0,
30,305,303,Urb. & Ekman,20571,3581,Guettarda nervosa,0,1,0,,1,0,1,0,
30,305,303,Urb.,20575,3581,Guettarda organosia,0,1,0,,1,0,1,0,
30,305,303,C.Wright,20585,3581,Guettarda retusa,0,1,0,,1,0,1,0,
30,305,303,A.Rich.,20586,3581,Guettarda rigida,0,1,0,,1,0,1,0,
30,305,303,Borhidi & O.Muñiz,20587,3581,Guettarda roigiana,0,1,0,,1,0,1,0,
30,305,303,(L.) Vent.,20591,3581,Guettarda scabra,0,1,0,,0,0,0,0,
30,305,303,Urb.,20592,3581,Guettarda sciaphila,0,1,0,,1,0,1,0,
30,305,303,Standl.,20593,3581,Guettarda shaferi,0,1,0,,1,0,1,0,
30,305,303,Griseb.,20602,3581,Guettarda undulata,0,1,0,,1,0,1,0,
30,305,303,Ekman,20603,3581,Guettarda urbanii,0,1,0,,1,0,1,0,
30,305,303,A.Rich.,20604,3581,Guettarda valenzuelana,0,1,0,,1,0,0,0,
30,305,303,Sw.,20916,3649,Hamelia axillaris,0,1,0,,0,0,0,0,
30,305,303,Griseb.,20918,3649,Hamelia cuprea,0,1,0,,1,0,0,0,
30,305,303,Jacq.,20920,3649,Hamelia patens,0,1,0,,0,0,0,0,
30,305,303,Jacq.,22139,3795,Hillia parasitica,0,1,0,,0,0,0,0,
30,305,303,Sw.,22140,3795,Hillia tetrandra,0,1,0,,0,0,0,0,
30,305,303,Schoepf,22379,3850,Houstonia pusilla,0,1,0,,0,0,0,0,
30,305,303,DC.,23575,3967,Isertia haenkeana,0,1,0,,0,0,0,0,
30,305,303,(Borhidi) Borhidi,23576,3968,Isidorea acunae,0,1,0,,1,0,1,0,
30,305,303,(Urb.) Aiello,23578,3968,Isidorea brachycarpa,0,1,0,,1,0,1,0,
30,305,303,Alain,23579,3968,Isidorea elliptica,0,1,0,,1,0,1,0,
30,305,303,Alain,23582,3968,Isidorea leonis,0,1,0,,1,0,1,0,
30,305,303,Borhidi,23584,3968,Isidorea microphylla,0,1,0,,1,0,1,0,
30,305,303,(Urb.) Aiello,23585,3968,Isidorea oblanceolata,0,1,0,,1,0,1,0,
30,305,303,(Borhidi) Borhidi,23586,3968,Isidorea ophiticola,0,1,0,,1,0,1,0,
30,305,303,(Urb.) Aiello,23588,3968,Isidorea polyneura,0,1,0,,1,0,1,0,
30,305,303,Borhidi,23590,3968,Isidorea rheedioides,0,1,0,,1,0,1,0,
30,305,303,L.,23729,3998,Ixora coccinea,0,0,0,,0,0,0,0,
30,305,303,(Jacq.) Benth.,23738,3998,Ixora ferrea,0,1,0,,0,0,0,0,
30,305,303,(A.Rich.) Griseb.,23740,3998,Ixora floribunda,0,1,0,,0,0,0,0,
30,305,303,Hook.f.,23780,3998,Ixora thwaitesii,0,0,0,,0,0,0,0,
30,305,303,(Griseb.) Urb.,24776,4161,Lasianthus lanceolatus,0,1,0,,1,0,0,0,
30,305,303,(L.) K.Schum.,26816,4399,Lucya tetrandra,0,1,0,,0,0,0,0,
30,305,303,Borhidi & M.Fernández,27263,4451,Machaonia acunae,0,1,0,,1,0,1,0,
30,305,303,Borhidi & M.Fernández,27266,4451,Machaonia dumosa,0,1,0,,1,0,1,0,
30,305,303,(Jacq. ex J.F.Gmel.) Alain,27268,4451,Machaonia havanensis,0,1,0,,1,0,1,0,
30,305,303,(Jacq. ex J.F.Gmel.) Alain,27268,4451,Machaonia havanensis,0,1,0,,1,0,1,0,
30,305,303,Borhidi & M.Fernández,27271,4451,Machaonia micrantha,0,1,0,,1,0,1,0,
30,305,303,Griseb.,27272,4451,Machaonia microphylla,0,1,0,,1,0,1,0,
30,305,303,Britton & P.Wilson,27273,4451,Machaonia minutifolia,0,1,0,,1,0,1,0,
30,305,303,Borhidi & M.Fernández,27274,4451,Machaonia nipensis,0,1,0,,1,0,1,0,
30,305,303,Borhidi & M.Fernández,27274,4451,Machaonia nipensis,0,1,0,,1,0,1,0,
30,305,303,Urb.,27276,4451,Machaonia pauciflora,0,1,0,,1,0,1,0,
30,305,303,Urb.,27276,4451,Machaonia pauciflora,0,1,0,,1,0,1,0,
30,305,303,Urb.,27276,4451,Machaonia pauciflora,0,1,0,,1,0,1,0,
30,305,303,Borhidi & M.Fernández,27278,4451,Machaonia pubescens,0,1,0,,1,0,1,0,
30,305,303,Urb.,27279,4451,Machaonia subinermis,0,1,0,,1,0,1,0,
30,305,303,Urb.,27279,4451,Machaonia subinermis,0,1,0,,1,0,1,0,
30,305,303,Urb. & Ekman,27280,4451,Machaonia tiffina,0,1,0,,1,0,1,0,
30,305,303,Standl.,27281,4451,Machaonia urbaniana,0,1,0,,1,0,1,0,
30,305,303,Borhidi & O.Muñiz,27282,4451,Machaonia urbinoi,0,1,0,,1,0,1,0,
30,305,303,(Aubl.) Forsyth f.,27681,4518,Manettia coccinea,0,1,0,,0,0,0,0,
30,305,303,(L.) Sw.,27686,4518,Manettia lygistum,0,1,0,,1,0,0,0,
30,305,303,Delprete & J.H.Kirkbr.,417896,19495,Eumachia acuifolia,0,1,0,,1,0,1,0,
30,305,303,(Griseb.) Krug & Urb.,28024,4582,Mazaea phialanthoides,0,1,0,,1,0,1,0,
30,305,303,(Standl.) Delprete,28025,4582,Mazaea shaferi,0,1,0,,1,0,1,0,
30,305,303,Alain,29212,4744,Mitracarpus acunae,0,1,0,,1,0,1,0,
30,305,303,Britton & P.Wilson,29218,4744,Mitracarpus depauperatus,0,1,0,,1,0,1,0,
30,305,303,Britton & P.Wilson,29220,4744,Mitracarpus fortunii,0,1,0,,1,0,0,0,
30,305,303,(L.) DC.,29223,4744,Mitracarpus hirtus,0,1,0,,0,0,0,0,
30,305,303,C.Wright,29224,4744,Mitracarpus laeteviridis,0,1,0,,1,0,1,0,
30,305,303,A.Rich.,29225,4744,Mitracarpus linearifolius,0,1,0,,1,0,1,0,
30,305,303,DC.,29229,4744,Mitracarpus sagranus,0,1,0,,1,0,0,0,
30,305,303,Urb.,29230,4744,Mitracarpus scaberulus,0,1,0,,0,0,0,0,
30,305,303,(Poepp. ex Cham. & Schltdl.) Cham. & Schltdl. ex DC.,29233,4744,Mitracarpus squarrosus,0,1,0,,1,0,1,0,
30,305,303,Urb.,29234,4744,Mitracarpus tenuis,0,1,0,,1,0,1,0,
30,305,303,L.,29397,4802,Morinda citrifolia,0,0,0,,0,0,0,0,
30,305,303,Alain,29409,4802,Morinda moaensis,0,1,0,,1,0,1,0,
30,305,303,L.,29420,4802,Morinda royoc,0,1,0,,0,0,0,0,
30,305,303,(Griseb.) A.Gray,30388,5006,Nodocarpaea radicans,0,1,0,,1,0,1,0,
30,305,303,Griseb.,30735,5083,Oldenlandia capillipes,0,1,0,,1,0,1,0,
30,305,303,Alain,30753,5083,Oldenlandia maestrensis,0,1,0,,1,0,1,0,
30,305,303,Urb.,30759,5083,Oldenlandia polyphylla,0,1,0,,1,0,1,0,
30,305,303,(Sw.) DC.,31744,5245,Palicourea alpina,0,1,0,,1,0,0,0,
30,305,303,(Sw.) Schult.,31745,5245,Palicourea crocea,0,1,0,,0,0,0,0,
30,305,303,(Schumach. & Thonn.) Vatke,32654,5380,Pentodon pentandrus,0,0,0,,0,0,0,0,
30,305,303,Borhidi,33187,5461,Phialanthus acunae,0,1,0,,1,0,1,0,
30,305,303,Urb.,33190,5461,Phialanthus ellipticus,0,1,0,,1,0,1,0,
30,305,303,Borhidi,33193,5461,Phialanthus guantanamensis,0,1,0,,1,0,1,0,
30,305,303,Borhidi,33195,5461,Phialanthus inflatus,0,1,0,,1,0,1,0,
30,305,303,Alain,33197,5461,Phialanthus linearis,0,1,0,,1,0,1,0,
30,305,303,Borhidi,33198,5461,Phialanthus macrocalyx,0,1,0,,1,0,1,0,
30,305,303,Standl.,33199,5461,Phialanthus macrostemon,0,1,0,,1,0,1,0,
30,305,303,Borhidi,33200,5461,Phialanthus marianus,0,1,0,,1,0,1,0,
30,305,303,Griseb.,33201,5461,Phialanthus myrtilloides,0,1,0,,1,0,0,0,
30,305,303,Urb.,33202,5461,Phialanthus oblongatus,0,1,0,,1,0,1,0,
30,305,303,Urb.,33203,5461,Phialanthus parvifolius,0,1,0,,1,0,1,0,
30,305,303,Griseb.,33205,5461,Phialanthus resinifluus,0,1,0,,1,0,1,0,
30,305,303,Griseb.,33207,5461,Phialanthus rigidus,0,1,0,,1,0,1,0,
30,305,303,Griseb.,33208,5461,Phialanthus stillans,0,1,0,,1,0,1,0,
30,305,303,Griseb.,441754,2077,Catesbaea phyllacantha,0,1,0,,1,0,1,0,
30,305,303,Griseb.,33686,5508,Phyllomelia coronata,0,1,0,,1,0,1,0,
30,305,303,(Griseb.) Britton ex Urb.,33808,5526,Picardaea cubensis,0,1,0,,1,0,0,0,
30,305,303,(Rudge) Schult.,35979,5737,Posoqueria latifolia,0,1,0,,0,0,0,0,
30,305,303,(DC.) Borhidi,442070,5245,Palicourea berteroana,0,1,0,,0,0,0,0,
30,305,303,(Sw.) Borhidi,442071,5245,Palicourea brachiata,0,1,0,,0,0,0,0,
30,305,303,(Jacq.) DC.,31747,5245,Palicourea domingensis,0,1,0,,0,0,0,0,
30,305,303,Sw.,36717,5840,Psychotria glabrata,0,1,0,,1,0,0,0,
30,305,303,Sw.,36724,5840,Psychotria grandis,0,1,0,,0,0,0,0,
30,305,303,(Northr.) Millsp.,36766,5840,Psychotria ligustrifolia,0,1,0,,0,0,0,0,
30,305,303,Sw.,36787,5840,Psychotria marginata,0,1,0,,0,0,0,0,
30,305,303,(Sw.) Urb.,442085,5245,Palicourea patens,0,1,0,,0,0,0,0,
30,305,303,(Sw.) Borhidi,442087,5245,Palicourea pubescens,0,1,0,,0,0,0,0,
30,305,303,DC.,36855,5840,Psychotria revoluta,0,1,0,,1,0,0,0,
30,305,303,Sw.,36898,5840,Psychotria tenuifolia,0,1,0,,0,0,0,0,
30,305,303,(Jacq.) Hitchc.,37608,5916,Rachicallis americana,0,1,0,,0,0,0,0,
30,305,303,L.,37644,5925,Randia aculeata,0,1,0,,0,0,0,0,
30,305,303,Borhidi,37645,5925,Randia acunae,0,1,0,,1,0,1,0,
30,305,303,C.Wright,37648,5925,Randia ciliolata,0,1,0,,1,0,1,0,
30,305,303,Borhidi,37650,5925,Randia costata,0,1,0,,1,0,1,0,
30,305,303,Borhidi,37651,5925,Randia cubana,0,1,0,,1,0,1,0,
30,305,303,(Roem. & Schult.) Standl.,37661,5925,Randia spinifex,0,1,0,,1,0,1,0,
30,305,303,(Griseb.) B.L.Rob.,38425,6014,Richardia muricata,0,1,0,,1,0,1,0,
30,305,303,L.,38426,6014,Richardia scabra,0,1,0,,0,0,0,0,
30,305,303,(Griseb.) Borhidi & M.Fernández,38495,6035,Roigella correifolia,0,1,0,,1,0,1,0,
30,305,303,Borhidi & M.Fernández,38513,6041,Rondeletia acunae,0,1,0,,1,0,1,0,
30,305,303,A.Rich.,38515,6041,Rondeletia alaternoides,0,1,0,,1,0,1,0,
30,305,303,A.Rich.,38515,6041,Rondeletia alaternoides,0,1,0,,1,0,1,0,
30,305,303,Borhidi & M.Fernández,38521,6041,Rondeletia arida,0,1,0,,1,0,1,0,
30,305,303,Borhidi & M.Fernández,38528,6041,Rondeletia bissei,0,1,0,,1,0,1,0,
30,305,303,Borhidi & M.Fernández,38531,6041,Rondeletia bracteosa,0,1,0,,1,0,1,0,
30,305,303,M.Fernández & Borhidi,38544,6041,Rondeletia combsioides,0,1,0,,1,0,1,0,
30,305,303,M.Fernández & Borhidi,38546,6041,Rondeletia convoluta,0,1,0,,1,0,1,0,
30,305,303,M.Fernández & Borhidi,38564,6041,Rondeletia galanensis,0,1,0,,1,0,1,0,
30,305,303,Britton,38578,6041,Rondeletia intermixta,0,1,0,,1,0,1,0,
30,305,303,M.Fernández & Borhidi,38588,6041,Rondeletia lucida,0,1,0,,1,0,1,0,
30,305,303,M.Fernández & Borhidi,38594,6041,Rondeletia miraflorensis,0,1,0,,1,0,1,0,
30,305,303,Krug & Urb.,38603,6041,Rondeletia pachyphylla,0,1,0,,1,0,1,0,
30,305,303,M.Fernández & Borhidi,38605,6041,Rondeletia papayoensis,0,1,0,,1,0,1,0,
30,305,303,M.Fernández & Borhidi,38610,6041,Rondeletia peninsularis,0,1,0,,1,0,1,0,
30,305,303,M.Fernández & Borhidi,38633,6041,Rondeletia subcanescens,0,1,0,,1,0,1,0,
30,305,303,Borhidi,38637,6041,Rondeletia susannae,0,1,0,,1,0,1,0,
30,305,303,M.Fernández & Borhidi,38639,6041,Rondeletia toaensis,0,1,0,,1,0,1,0,
30,305,303,Borhidi & M.Fernández,38640,6041,Rondeletia tubulosa,0,1,0,,1,0,1,0,
30,305,303,Borhidi & O.Muñiz,38643,6041,Rondeletia vazquezii,0,1,0,,1,0,1,0,
30,305,303,Borhidi & O.Muñiz,38643,6041,Rondeletia vazquezii,0,1,0,,1,0,1,0,
30,305,303,Borhidi,40434,6235,Schmidtottia corymbosa,0,1,0,,1,0,1,0,
30,305,303,(Standl.) Urb.,40435,6235,Schmidtottia cubensis,0,1,0,,1,0,1,0,
30,305,303,Borhidi,40436,6235,Schmidtottia cucullata,0,1,0,,1,0,1,0,
30,305,303,(Britton) Urb.,40437,6235,Schmidtottia elliptica,0,1,0,,1,0,1,0,
30,305,303,(Britton) Urb.,40437,6235,Schmidtottia elliptica,0,1,0,,1,0,1,0,
30,305,303,Urb.,40438,6235,Schmidtottia marmorata,0,1,0,,1,0,1,0,
30,305,303,Urb.,40439,6235,Schmidtottia monantha,0,1,0,,1,0,1,0,
30,305,303,Borhidi,40440,6235,Schmidtottia monticola,0,1,0,,1,0,1,0,
30,305,303,Urb.,40441,6235,Schmidtottia multiflora,0,1,0,,1,0,1,0,
30,305,303,(Britton) Urb.,40442,6235,Schmidtottia nitens,0,1,0,,1,0,1,0,
30,305,303,Alain,40443,6235,Schmidtottia parvifolia,0,1,0,,1,0,1,0,
30,305,303,Borhidi & Acuña,40444,6235,Schmidtottia scabra,0,1,0,,1,0,1,0,
30,305,303,(Britton) Urb.,40445,6235,Schmidtottia sessilifolia,0,1,0,,1,0,1,0,
30,305,303,(Standl.) Urb.,40446,6235,Schmidtottia shaferi,0,1,0,,1,0,1,0,
30,305,303,(Borhidi) Borhidi,442402,6235,Schmidtottia neglecta,0,1,0,,1,0,1,0,
30,305,303,Borhidi,40447,6235,Schmidtottia stricta,0,1,0,,1,0,1,0,
30,305,303,(Wernham) Urb.,40448,6235,Schmidtottia uliginosa,0,1,0,,1,0,1,0,
30,305,303,(J.F.Gmel.) Standl.,40518,6244,Schradera exotica,0,1,0,,0,0,0,0,
30,305,303,Borhidi & O.Muñiz,40683,6270,Scolosanthus acunae,0,1,0,,1,0,1,0,
30,305,303,Britton,40684,6270,Scolosanthus bahamensis,0,1,0,,1,0,0,0,
30,305,303,C.Wright,40685,6270,Scolosanthus crucifer,0,1,0,,1,0,1,0,
30,305,303,Urb.,40686,6270,Scolosanthus densiflorus,0,1,0,,1,0,0,0,
30,305,303,Borhidi,40687,6270,Scolosanthus ekmanii,0,1,0,,1,0,1,0,
30,305,303,Urb.,40689,6270,Scolosanthus granulatus,0,1,0,,1,0,1,0,
30,305,303,Borhidi,40690,6270,Scolosanthus hirsutus,0,1,0,,1,0,1,0,
30,305,303,Borhidi,40691,6270,Scolosanthus hispidus,0,1,0,,1,0,1,0,
30,305,303,Britton,40695,6270,Scolosanthus lucidus,0,1,0,,1,0,1,0,
30,305,303,Borhidi & O.Muñiz,40697,6270,Scolosanthus moanus,0,1,0,,1,0,1,0,
30,305,303,Borhidi,40699,6270,Scolosanthus nannophyllus,0,1,0,,1,0,1,0,
30,305,303,Borhidi,40701,6270,Scolosanthus pycnophyllus,0,1,0,,1,0,1,0,
30,305,303,Borhidi,40702,6270,Scolosanthus reticulatus,0,1,0,,1,0,1,0,
30,305,303,Urb.,40704,6270,Scolosanthus strictus,0,1,0,,1,0,1,0,
30,305,303,(Griseb.) C.Wright,40708,6270,Scolosanthus wrightianus,0,1,0,,1,0,1,0,
30,305,303,Urb.,41391,6348,Shaferocharis cubensis,0,1,0,,1,0,1,0,
30,305,303,Borhidi & O.Muñiz,41392,6348,Shaferocharis multiflora,0,1,0,,1,0,1,0,
30,305,303,Borhidi & Bisse,41393,6348,Shaferocharis villosa,0,1,0,,1,0,1,0,
30,305,303,(C.Wright ex Griseb.) Urb.,41577,6369,Siemensia pendula,0,1,0,,1,0,1,0,
30,305,303,(DC.) Alain,42390,6462,Spermacoce densiflora,0,1,0,,0,0,0,0,
30,305,303,Urb.,42395,6462,Spermacoce exasperata,0,1,0,,1,0,1,0,
30,305,303,Urb.,42411,6462,Spermacoce oligantha,0,1,0,,1,0,1,0,
30,305,303,Aubl.,42414,6462,Spermacoce prostrata,0,1,0,,0,0,0,0,
30,305,303,L.,42423,6462,Spermacoce tenuior,0,1,0,,0,0,0,0,
30,305,303,A.Rich.,42424,6462,Spermacoce tetraquetra,0,1,0,,0,0,0,0,
30,305,303,L.,42426,6462,Spermacoce verticillata,0,1,0,,0,0,0,0,
30,305,303,Jacq.,43207,6598,Strumpfia maritima,0,1,0,,0,0,0,0,
30,305,303,(Griseb.) Borhidi & M.Fernández,43304,6611,Suberanthus brachycarpus,0,1,0,,1,0,0,0,
30,305,303,(Britton) Borhidi & M.Fernández,43305,6611,Suberanthus canellifolius,0,1,0,,1,0,1,0,
30,305,303,(A.Rich.) Borhidi & M.Fernández,43307,6611,Suberanthus neriifolius,0,1,0,,1,0,1,0,
30,305,303,(Griseb.) Borhidi & M.Fernández,43309,6611,Suberanthus stellatus,0,1,0,,1,0,1,0,
30,305,303,(Britton) Borhidi & M.Fernández,43310,6611,Suberanthus yumuriensis,0,1,0,,1,0,1,0,
30,305,303,(A.Rich.) Aiello,45008,6775,Thogsennia lindeniana,0,1,0,,1,0,0,0,
30,305,303,Britton ex Standl.,45249,6821,Tocoyena cubensis,0,1,0,,1,0,1,0,
30,305,303,L.,39389,6073,Ruppia maritima,0,1,0,,0,0,0,0,
30,305,303,L.,2115,1267,Amyris balsamifera,0,1,0,,0,0,0,0,
30,305,303,Spreng.,2117,1267,Amyris diatrypa,0,1,0,,1,0,0,0,
30,305,303,L.,2118,1267,Amyris elemifera,0,1,0,,0,0,0,0,
30,305,303,C.Wright ex Griseb.,2122,1267,Amyris lineata,0,1,0,,1,0,1,0,
30,305,303,Urb.,2126,1267,Amyris polymorpha,0,1,0,,1,0,1,0,
30,305,303,Urb.,2127,1267,Amyris polyneura,0,1,0,,1,0,1,0,
30,305,303,P.Wilson,2129,1267,Amyris stromatophylla,0,1,0,,1,0,1,0,
30,305,303,(Burm.) Merr.,9792,2310,Citrus maxima,0,0,0,,0,0,0,0,
30,305,303,L.,9793,2310,Citrus medica,0,0,0,,0,0,0,0,
30,305,303,L.,9801,2310,Citrus × aurantium,0,0,0,,0,0,0,0,
30,305,303,L.,9801,2310,Citrus × aurantium,0,0,0,,0,0,0,0,
30,305,303,(Sims) Little,19972,3508,Glycosmis parviflora,0,0,0,,0,0,0,0,
30,305,303,Urb.,21303,3707,Helietta glaucescens,0,1,0,,1,0,1,0,
30,305,303,(L.) Jack,29547,4823,Murraya paniculata,0,0,0,,0,0,0,0,
30,305,303,Vahl,34111,5546,Pilocarpus racemosus,0,1,0,,0,0,0,0,
30,305,303,Urb.,35070,5637,Plethadenia cubensis,0,1,0,,1,0,1,0,
30,305,303,Borhidi & O.Muñiz,37951,5937,Ravenia baracoensis,0,1,0,,1,0,1,0,
30,305,303,P.Wilson,37952,5937,Ravenia shaferi,0,1,0,,1,0,1,0,
30,305,303,C.Wright ex P.Wilson,37953,5937,Ravenia simplicifolia,0,1,0,,1,0,1,0,
30,305,303,(Lindl.) Engl.,37954,5937,Ravenia spectabilis,0,1,0,,1,0,0,0,
30,305,303,L.,39410,6081,Ruta chalepensis,0,0,0,,0,0,0,0,
30,305,303,P.Wilson,42295,6454,Spathelia brittonii,0,1,0,,1,0,1,0,
30,305,303,P.Wilson,42297,6454,Spathelia cubensis,0,1,0,,1,0,1,0,
30,305,303,Urb.,42300,6454,Spathelia splendens,0,1,0,,1,0,1,0,
30,305,303,Planch.,42301,6454,Spathelia vernicosa,0,1,0,,1,0,1,0,
30,305,303,Vict.,42302,6454,Spathelia wrightii,0,1,0,,1,0,1,0,
30,305,303,(Burm.f.) P.Wilson,45802,6933,Triphasia trifolia,0,0,0,,0,0,0,0,
30,305,303,(Sw.) Sw.,47640,7196,Zanthoxylum acuminatum,0,1,0,,0,0,0,0,
30,305,303,Lam.,47651,7196,Zanthoxylum caribaeum,0,1,0,,0,0,0,0,
30,305,303,(Sw.) Sw.,47693,7196,Zanthoxylum spinosum,0,1,0,,0,0,0,0,
30,305,303,(Urb.) P.Wilson,443168,7196,Zanthoxylum rhodoxylon,0,1,0,,1,0,0,0,
30,305,303,Vahl,47661,7196,Zanthoxylum flavum,0,1,0,,1,0,1,0,
30,305,303,A.Rich.,47657,7196,Zanthoxylum dumosum,0,1,0,,1,0,1,0,
30,305,303,Vahl,47661,7196,Zanthoxylum flavum,0,1,0,,1,0,1,0,
30,305,303,(Urb.) Alain,47658,7196,Zanthoxylum ekmanii,0,1,0,,1,0,1,0,
30,305,303,(L.) Sarg.,47659,7196,Zanthoxylum fagara,0,1,0,,0,0,0,0,
30,305,303,Vahl,47661,7196,Zanthoxylum flavum,0,1,0,,0,0,0,0,
30,305,303,(Lam.) DC.,47671,7196,Zanthoxylum martinicense,0,1,0,,0,0,0,0,
30,305,303,P.Wilson,443174,7196,Zanthoxylum nashii,0,1,0,,1,0,1,0,
30,305,303,Vahl,47661,7196,Zanthoxylum flavum,0,1,0,,1,0,1,0,
30,305,303,(Griseb.) C.Wright,47682,7196,Zanthoxylum phyllopterum,0,1,0,,1,0,1,0,
30,305,303,(Lam.) DC.,47683,7196,Zanthoxylum pimpinelloides,0,1,0,,1,0,0,0,
30,305,303,Vahl,47661,7196,Zanthoxylum flavum,0,1,0,,1,0,1,0,
30,305,303,A.Rich.,47694,7196,Zanthoxylum taediosum,0,1,0,,1,0,1,0,
30,305,303,A.Rich.,47694,7196,Zanthoxylum taediosum,0,1,0,,1,0,1,0,
30,305,303,Griseb.,28411,4627,Meliosma oppositifolia,0,1,0,,1,0,1,0,
30,305,303,L.,39648,6115,Salix babylonica,0,0,0,,0,0,0,0,
30,305,303,Michx.,39651,6115,Salix caroliniana,0,0,0,,0,0,0,0,
30,305,303,Molina,442282,6115,Salix chilensis,0,0,0,,0,0,0,0,
30,305,303,(L.) Sw.,1606,1179,Allophylus cominia,0,1,0,,0,0,0,0,
30,305,303,Radlk.,1607,1179,Allophylus crassinervis,0,1,0,,1,0,0,0,
30,305,303,Sw.,1624,1179,Allophylus racemosus,0,1,0,,0,0,0,0,
30,305,303,Radlk.,1626,1179,Allophylus reticulatus,0,1,0,,1,0,1,0,
30,305,303,K.D.Koenig,5337,1740,Blighia sapida,0,0,0,,0,0,0,0,
30,305,303,L.,7731,2021,Cardiospermum corindum,0,1,0,,0,0,0,0,
30,305,303,L.,7733,2021,Cardiospermum halicacabum,0,1,0,,0,0,0,0,
30,305,303,Kunth,7734,2021,Cardiospermum microcarpum,0,1,0,,0,0,0,0,
30,305,303,L.,12168,2606,Cupania americana,0,1,0,,0,0,0,0,
30,305,303,Sw.,12170,2606,Cupania glabra,0,1,0,,0,0,0,0,
30,305,303,Jacq.,14886,2933,Dodonaea viscosa,0,1,0,,0,0,0,0,
30,305,303,Ekman & Radlk.,17321,3216,Euchorium cubense,0,1,0,,1,0,1,0,
30,305,303,(Juss.) Radlk.,18247,3281,Exothea paniculata,0,1,0,,0,0,0,0,
30,305,303,Sw.,22836,3909,Hypelate trifoliata,0,1,0,,0,0,0,0,
30,305,303,Sonn.,26327,4345,Litchi chinensis,0,0,0,,0,0,0,0,
30,305,303,(DC.) Radlk.,27905,4564,Matayba domingensis,0,1,0,,1,0,0,0,
30,305,303,(A.Rich.) Britton,27906,4564,Matayba oppositifolia,0,1,0,,0,0,0,0,
30,305,303,Jacq.,28278,4622,Melicoccus bijugatus,0,0,0,,0,0,0,0,
30,305,303,Kunth,32393,5322,Paullinia fuscescens,0,0,0,,0,0,0,0,
30,305,303,Macfad.,32394,5322,Paullinia jamaicensis,0,1,0,,1,0,0,0,
30,305,303,L.,32395,5322,Paullinia pinnata,0,1,0,,0,0,0,0,
30,305,303,L.,39940,6139,Sapindus saponaria,0,1,0,,0,0,0,0,
30,305,303,C.Wright,41283,6329,Serjania atrolineata,0,1,0,,0,0,0,0,
30,305,303,(Jacq.) Willd.,41284,6329,Serjania caracasana,0,1,0,,0,0,0,0,
30,305,303,(Jacq.) Radlk.,41289,6329,Serjania diversifolia,0,1,0,,1,0,0,0,
30,305,303,(Jacq.) Radlk.,41289,6329,Serjania diversifolia,0,1,0,,1,0,0,0,
30,305,303,Urb.,41298,6329,Serjania nipensis,0,1,0,,1,0,1,0,
30,305,303,Juss. ex Poir.,41303,6329,Serjania subdentata,0,1,0,,1,0,0,0,
30,305,303,Borhidi & O.Muñiz,45014,6779,Thouinia acunae,0,1,0,,1,0,1,0,
30,305,303,Borhidi,45015,6779,Thouinia baracoensis,0,1,0,,1,0,1,0,
30,305,303,Radlk.,45016,6779,Thouinia canescens,0,1,0,,1,0,1,0,
30,305,303,Radlk.,45018,6779,Thouinia cubensis,0,1,0,,1,0,1,0,
30,305,303,Borhidi,45022,6779,Thouinia hypoleuca,0,1,0,,1,0,1,0,
30,305,303,Alain,45023,6779,Thouinia leonis,0,1,0,,1,0,1,0,
30,305,303,Radlk.,45026,6779,Thouinia patentinervis,0,1,0,,1,0,0,0,
30,305,303,Radlk.,45029,6779,Thouinia punctata,0,1,0,,1,0,1,0,
30,305,303,C.Wright,45031,6779,Thouinia rotundata,0,1,0,,1,0,1,0,
30,305,303,Poit.,442809,6779,Thouinia trifoliata,0,1,0,,1,0,0,0,
30,305,303,(Griseb.) Radlk.,442811,6780,Thouinidium pulverulentum,0,1,0,,1,0,0,0,
30,305,303,Kunth,46237,7025,Urvillea ulmacea,0,1,0,,0,0,0,0,
30,305,303,Jacq.,9543,2271,Chrysophyllum argenteum,0,1,0,,0,0,0,0,
30,305,303,L.,9544,2271,Chrysophyllum cainito,0,0,0,,0,0,0,0,
30,305,303,L.,9546,2271,Chrysophyllum oliviforme,0,1,0,,0,0,0,0,
30,305,303,(C.Wright ex Griseb.) Dubard,27712,4522,Manilkara jaimiqui,0,1,0,,1,0,0,0,
30,305,303,(C.Wright ex Griseb.) Dubard,27712,4522,Manilkara jaimiqui,0,1,0,,1,0,1,0,
30,305,303,(Ekman ex Urb.) Cronquist,27714,4522,Manilkara mayarensis,0,1,0,,1,0,1,0,
30,305,303,(Griseb.) Dubard,27717,4522,Manilkara sideroxylon,0,1,0,,1,0,0,0,
30,305,303,(L.) P.Royen,27721,4522,Manilkara zapota,0,0,0,,0,0,0,0,
30,305,303,(Griseb.) Pierre,28961,4701,Micropholis polita,0,1,0,,1,0,0,0,
30,305,303,(Britton & P.Wilson) Baehni,36083,5744,Pouteria aristata,0,1,0,,1,0,1,0,
30,305,303,(Kunth) Baehni,36085,5744,Pouteria campechiana,0,0,0,,0,0,0,0,
30,305,303,Baehni,36086,5744,Pouteria cubensis,0,1,0,,1,0,1,0,
30,305,303,(C.F.Gaertn.) Baehni,36088,5744,Pouteria dominigensis,0,1,0,,0,0,0,0,
30,305,303,(Urb.) Baehni,36094,5744,Pouteria micrantha,0,1,0,,1,0,1,0,
30,305,303,(C.F.Gaertn.) Baehni,36088,5744,Pouteria dominigensis,0,1,0,,1,0,1,0,
30,305,303,(A.DC.) Eyma,36095,5744,Pouteria multiflora,0,1,0,,0,0,0,0,
30,305,303,(Jacq.) H.E.Moore & Stearn,36097,5744,Pouteria sapota,0,0,0,,0,0,0,0,
30,305,303,(Griseb.) T.D.Penn.,41542,6367,Sideroxylon cubense,0,1,0,,1,0,0,0,
30,305,303,Jacq.,41548,6367,Sideroxylon foetidissimum,0,1,0,,0,0,0,0,
30,305,303,(L.) Lam.,41571,6367,Sideroxylon salicifolium,0,1,0,,0,0,0,0,
30,305,303,Pennell,1017,1105,Agalinis harperi,0,1,0,,1,0,0,0,
30,305,303,(Nutt.) Britton,1019,1105,Agalinis linifolia,0,1,0,,0,0,0,0,
30,305,303,(L.) Pennell,1022,1105,Agalinis purpurea,0,1,0,,0,0,0,0,
30,305,303,Benth.,2329,1311,Angelonia angustifolia,0,1,0,,0,0,0,0,
30,305,303,J.Kickx f.,2332,1311,Angelonia pilosella,0,1,0,,1,0,1,0,
30,305,303,Bonpl.,2333,1311,Angelonia salicariifolia,0,0,0,,0,0,0,0,
30,305,303,(Mart.) Pennell,2411,1321,Anisantherina hispidula,0,1,0,,0,0,0,0,
30,305,303,(Griseb.) B.L.Rob.,4487,1595,Bacopa beccabunga,0,1,0,,1,0,1,0,
30,305,303,(Griseb.) B.L.Rob.,4490,1595,Bacopa humifusa,0,1,0,,1,0,1,0,
30,305,303,(M.Gómez) Alain,4491,1595,Bacopa innominata,0,1,0,,0,0,0,0,
30,305,303,(Pennell) Standl.,4492,1595,Bacopa longipes,0,1,0,,1,0,1,0,
30,305,303,(Griseb.) B.L.Rob.,438666,1595,Bacopa micromonnieria,0,1,0,,1,0,1,1,
30,305,303,Borhidi & O.Muñiz,4493,1595,Bacopa minuta,0,1,0,,1,0,1,0,
30,305,303,(L.) Wettst.,4494,1595,Bacopa monnieri,0,1,0,,0,0,0,0,
30,305,303,(Sw.) Wettst.,4496,1595,Bacopa repens,0,1,0,,0,0,0,0,
30,305,303,(Benth.) Edwall,4497,1595,Bacopa sessiliflora,0,1,0,,0,0,0,0,
30,305,303,(Pennell) Pennell,4498,1595,Bacopa stemodioides,0,1,0,,1,0,1,0,
30,305,303,Gand.,6045,1869,Buchnera floridana,0,1,0,,0,0,0,0,
30,305,303,Kunth,6046,1869,Buchnera longifolia,0,1,0,,0,0,0,0,
30,305,303,L.,7658,2009,Capraria biflora,0,1,0,,0,0,0,0,
30,305,303,Urb.,9230,2200,Cheilophyllum dentatum,0,1,0,,1,0,1,0,
30,305,303,Urb.,9232,2200,Cheilophyllum macranthum,0,1,0,,1,0,1,0,
30,305,303,Pennell,9233,2200,Cheilophyllum marginatum,0,1,0,,1,0,1,0,
30,305,303,Urb.,9234,2200,Cheilophyllum micranthum,0,1,0,,1,0,1,0,
30,305,303,Pennell,9235,2200,Cheilophyllum microphyllum,0,1,0,,1,0,1,0,
30,305,303,(Griseb.) Pennell,9236,2200,Cheilophyllum radicans,0,1,0,,1,0,1,0,
30,305,303,Urb.,9237,2200,Cheilophyllum sphaerocarpum,0,1,0,,1,0,1,0,
30,305,303,(Griseb.) Pennell,16322,3106,Encopella tenuifolia,0,1,0,,1,0,1,0,
30,305,303,(L.) Dumort.,24279,4056,Kickxia elatine,0,0,0,,0,0,0,0,
30,305,303,(C.Wright) Alain,26092,4326,Lindernia alterniflora,0,1,0,,1,0,1,0,
30,305,303,(L.) Cham. & Schltdl.,440929,6835,Torenia crustacea,0,0,0,,0,0,0,0,
30,305,303,L.,440931,7680,Vandellia diffusa,0,1,0,,0,0,0,0,
30,305,303,(L.) Pennell,26101,4326,Lindernia dubia,0,1,0,,0,0,0,0,
30,305,303,(Urb.) Alain,440936,4326,Lindernia multicaulis,0,1,0,,1,0,1,0,
30,305,303,(L.) Alston,26113,4326,Lindernia rotundifolia,0,0,0,,0,0,0,0,
30,305,303,(Humb. & Bonpl. ex Willd.) Rothm.,441096,20059,Maurandella antirrhiniflora,0,1,0,,0,0,0,0,
30,305,303,(Mill.) Small,28035,4583,Mecardonia procumbens,0,1,0,,0,0,0,0,
30,305,303,Griseb.,28853,4676,Micranthemum rotundatum,0,1,0,,1,0,1,0,
30,305,303,(J.F.Gmel.) S.F.Blake,28855,4676,Micranthemum umbrosum,0,1,0,,0,0,0,0,
30,305,303,Schltdl. & Cham.,39403,6078,Russelia equisetiformis,0,0,0,,0,0,0,0,
30,305,303,Jacq.,39405,6078,Russelia sarmentosa,0,1,1,,0,0,0,0,
30,305,303,L.,40713,6272,Scoparia dulcis,0,1,0,,0,0,0,0,
30,305,303,Pennell,40751,6278,Scrophularia minutiflora,0,1,0,,1,0,0,0,
30,305,303,(L.) Sw.,42809,6527,Stemodia durantifolia,0,1,0,,0,0,0,0,
30,305,303,L.,42812,6527,Stemodia maritima,0,1,0,,0,0,0,0,
30,305,303,L.,46512,7057,Verbascum thapsus,0,0,0,,0,0,0,0,
30,305,303,Liebm.,1857,1206,Alvaradoa amorphoides,0,1,0,,0,0,0,0,
30,305,303,Griseb.,1858,1206,Alvaradoa arborescens,0,1,0,,1,0,1,0,
30,305,303,(Britton & Small) Ekman ex Urb.,8460,2066,Castela calcicola,0,1,0,,1,0,1,0,
30,305,303,(Small) Ekman ex Urb.,8464,2066,Castela jacquiniifolia,0,1,0,,1,0,1,0,
30,305,303,Acuña & Roíg,8465,2066,Castela leonis,0,1,0,,1,0,1,0,
30,305,303,Cronquist,8469,2066,Castela spinosa,0,1,0,,1,0,1,0,
30,305,303,Acuña & Roíg,8470,2066,Castela victorinii,0,1,0,,1,0,1,0,
30,305,303,Sw.,33829,5533,Picramnia antidesma,0,1,0,,0,0,0,0,
30,305,303,Sw.,33833,5533,Picramnia pentandra,0,1,0,,0,0,0,0,
30,305,303,Griseb.,33834,5533,Picramnia reticulata,0,1,0,,1,0,1,0,
30,305,303,Radlk. & Urb.,441768,5534,Picrasma cubensis,0,1,0,,1,0,1,0,
30,305,303,(Sw.) Planch.,33835,5534,Picrasma excelsa,0,1,0,,0,0,0,0,
30,305,303,DC.,442539,6375,Simarouba glauca,0,1,0,,0,0,0,0,
30,305,303,DC.,442539,6375,Simarouba glauca,0,1,0,,0,0,0,0,
30,305,303,Griseb.,442540,6375,Simarouba laevis,0,1,0,,1,0,1,0,
30,305,303,Willd.,41844,6408,Smilax domingensis,0,1,0,,0,0,0,0,
30,305,303,Jacq.,41850,6408,Smilax havanensis,0,1,0,,0,0,0,0,
30,305,303,L.,41854,6408,Smilax laurifolia,0,1,0,,0,0,0,0,
30,305,303,Humb. & Bonpl. ex Willd.,41861,6408,Smilax mollis,0,1,0,,0,0,0,0,
30,305,303,(L.) J.M.H.Shaw,438174,3951,Iochroma arborescens,0,1,0,,0,0,0,0,
30,305,303,L.,5952,1845,Browallia americana,0,1,0,,0,0,0,0,
30,305,303,L.,5977,1852,Brunfelsia americana,0,1,0,,1,0,0,0,
30,305,303,A.Rich.,5979,1852,Brunfelsia cestroides,0,1,0,,1,0,1,0,
30,305,303,Britton & P.Wilson,5980,1852,Brunfelsia clarensis,0,1,0,,1,0,1,0,
30,305,303,Amshoff,47937,1852,Brunfelsia grisebachii,0,1,0,,1,0,1,0,
30,305,303,Ekman ex Urb.,5985,1852,Brunfelsia linearis,0,1,0,,1,0,1,0,
30,305,303,Urb.,5986,1852,Brunfelsia macroloba,0,1,0,,1,0,1,0,
30,305,303,Benth.,5989,1852,Brunfelsia nitida,0,1,0,,1,0,0,0,
30,305,303,Urb.,5993,1852,Brunfelsia pluriflora,0,1,0,,1,0,1,0,
30,305,303,Griseb.,5995,1852,Brunfelsia purpurea,0,1,0,,1,0,1,0,
30,305,303,Britton & P.Wilson,5996,1852,Brunfelsia shaferi,0,1,0,,1,0,1,0,
30,305,303,A.Rich.,5997,1852,Brunfelsia sinuata,0,1,0,,1,0,1,0,
30,305,303,L.,7662,2011,Capsicum annuum,0,0,0,,0,0,0,0,
30,305,303,L.,7663,2011,Capsicum baccatum,0,0,0,,0,0,0,0,
30,305,303,L.,439059,2011,Capsicum frutescens,0,1,0,,0,0,0,0,
30,305,303,Britton,8979,2156,Cestrum bahamense,0,1,0,,1,0,0,0,
30,305,303,Ekman ex Urb.,8982,2156,Cestrum buxoides,0,1,0,,1,0,1,0,
30,305,303,Griseb.,8985,2156,Cestrum daphnoides,0,1,0,,1,0,0,0,
30,305,303,L.,8986,2156,Cestrum diurnum,0,1,0,,1,0,0,0,
30,305,303,Urb. & O.E.Schulz,8988,2156,Cestrum ekmanii,0,1,0,,1,0,1,0,
30,305,303,Sw.,8995,2156,Cestrum hirtum,0,1,0,,1,0,0,0,
30,305,303,Borhidi & O.Muñiz,9005,2156,Cestrum moaense,0,1,0,,1,0,1,0,
30,305,303,Dunal,9007,2156,Cestrum moquinianum,0,1,0,,1,0,1,0,
30,305,303,L.,9009,2156,Cestrum nocturnum,0,0,0,,0,0,0,0,
30,305,303,Britton,9012,2156,Cestrum pinetorum,0,1,0,,1,0,1,0,
30,305,303,Britton & P.Wilson,9016,2156,Cestrum taylorii,0,1,0,,1,0,1,0,
30,305,303,Urb.,9018,2156,Cestrum turquinense,0,1,0,,1,0,1,0,
30,305,303,Mill.,13468,2734,Datura innoxia,0,1,0,,0,0,0,0,
30,305,303,L.,13470,2734,Datura metel,0,0,0,,0,0,0,0,
30,305,303,L.,13472,2734,Datura stramonium,0,1,0,,0,0,0,0,
30,305,303,A.Rich.,17178,3208,Espadaea amoena,0,1,0,,1,0,1,0,
30,305,303,Griseb.,21423,3738,Henoonia myrtifolia,0,1,0,,1,0,1,0,
30,305,303,(Krug & Urb.) D'Arcy,23852,4007,Jaltomata antillana,0,1,0,,1,0,0,0,
30,305,303,(Cav.) Bitter,26976,4420,Lycianthes lenta,0,1,0,,0,0,0,0,
30,305,303,(Lam.) Bitter,26983,4420,Lycianthes virgata,0,1,0,,1,0,0,0,
30,305,303,Walter,26992,4421,Lycium carolinianum,0,1,0,,0,0,0,0,
30,305,303,Urb.,28220,4605,Melananthus cubensis,0,1,0,,1,0,1,0,
30,305,303,Graham,30350,4995,Nicotiana glauca,0,0,0,,0,0,0,0,
30,305,303,Viv.,30361,4995,Nicotiana plumbaginifolia,0,1,0,,0,0,0,0,
30,305,303,Willd. ex Lehm.,30362,4995,Nicotiana repanda,0,1,0,,0,0,0,0,
30,305,303,L.,30366,4995,Nicotiana tabacum,0,0,0,,0,0,0,0,
30,305,303,"(Lam.) Britton, Sterns & Poggenb.",33046,5429,Petunia axillaris,0,0,0,,0,0,0,0,
30,305,303,L.,33759,5517,Physalis angulata,0,1,0,,0,0,0,0,
30,305,303,Houst. ex Mill.,33760,5517,Physalis cordata,0,1,0,,0,0,0,0,
30,305,303,Britton,33765,5517,Physalis ignota,0,1,0,,0,0,0,0,
30,305,303,Roem. & Schult.,33767,5517,Physalis lagascae,0,1,0,,0,0,0,0,
30,305,303,Lam.,33774,5517,Physalis philadelphica,0,1,0,,0,0,0,0,
30,305,303,L.,33775,5517,Physalis pubescens,0,1,0,,0,0,0,0,
30,305,303,L.,40529,6250,Schwenckia americana,0,1,0,,0,0,0,0,
30,305,303,Ekman ex Urb.,40530,6250,Schwenckia filiformis,0,1,0,,1,0,1,0,
30,305,303,Sw.,41896,6415,Solandra grandiflora,0,1,0,,0,0,0,0,
30,305,303,Tussac,41897,6415,Solandra longiflora,0,1,0,,0,0,0,0,
30,305,303,L.,41912,6417,Solanum bahamense,0,1,0,,0,0,0,0,
30,305,303,L.,41920,6417,Solanum campechiense,0,1,0,,0,0,0,0,
30,305,303,Cav.,41941,6417,Solanum elaeagnifolium,0,0,0,,0,0,0,0,
30,305,303,D.Don,41944,6417,Solanum erianthum,0,0,0,,0,0,0,0,
30,305,303,Jacq.,442554,6417,Solanum havanense,0,1,0,,1,0,0,0,
30,305,303,Mill.,41966,6417,Solanum jamaicense,0,1,0,,0,0,0,0,
30,305,303,L.,41981,6417,Solanum mammosum,0,0,0,,0,0,0,0,
30,305,303,Humb. & Bonpl. ex Dunal,41998,6417,Solanum nudum,0,1,0,,0,0,0,0,
30,305,303,Dunal,42022,6417,Solanum rugosum,0,1,0,,0,0,0,0,
30,305,303,Andrews,42028,6417,Solanum seaforthianum,0,0,0,,0,0,0,0,
30,305,303,Sw.,42042,6417,Solanum torvum,0,1,0,,0,0,0,0,
30,305,303,Mill.,42047,6417,Solanum umbellatum,0,1,0,,0,0,0,0,
30,305,303,Hook.f.,42061,6417,Solanum wendlandii,0,0,0,,0,0,0,0,
30,305,303,Griseb.,22425,3859,Huertea cubensis,0,1,0,,1,0,0,0,
30,305,303,Cristóbal,4406,1586,Ayenia ardua,0,1,0,,0,0,0,0,
30,305,303,Alain,4407,1586,Ayenia cajalbanensis,0,1,0,,1,0,1,0,
30,305,303,Griseb.,438662,1586,Ayenia euphrasiifolia,0,1,0,,0,0,0,0,
30,305,303,Cristóbal,4413,1586,Ayenia insulicola,0,1,0,,1,0,0,0,
30,305,303,Urb.,4418,1586,Ayenia tenuicaulis,0,1,0,,1,0,0,0,
30,305,303,Urb.,4419,1586,Ayenia velutina,0,1,0,,1,0,1,0,
30,305,303,Urb.,4420,1586,Ayenia violacea,0,1,0,,1,0,0,0,
30,305,303,Urb. & Ekman,4421,1586,Ayenia virgata,0,1,0,,1,0,0,0,
30,305,303,(C.Wright ex Griseb.) ined.,438831,1586,Ayenia scorpiura,0,1,0,,1,0,0,0,
30,305,303,(Lindl.) K.Schum.,14914,2942,Dombeya wallichii,0,0,0,,0,0,0,0,
30,305,303,Lam.,20515,3580,Guazuma ulmifolia,0,1,0,,0,0,0,0,
30,305,303,Alain,21278,3704,Helicteres calcicola,0,1,0,,1,0,1,0,
30,305,303,Kunth,21280,3704,Helicteres guazumifolia,0,1,0,,0,0,0,0,
30,305,303,Jacq.,21283,3704,Helicteres jamaicensis,0,1,0,,1,0,0,0,
30,305,303,Bertero ex DC.,21286,3704,Helicteres semitriloba,0,1,0,,1,0,0,0,
30,305,303,A.Rich.,21287,3704,Helicteres trapezifolia,0,1,0,,1,0,0,0,
30,305,303,(Urb.) Kosterm.,22137,3793,Hildegardia cubensis,0,1,0,,1,0,1,0,
30,305,303,Benth.,28430,4631,Melochia arenosa,0,1,0,,0,0,0,0,
30,305,303,C.Wright,28438,4631,Melochia manducata,0,1,0,,0,0,0,0,
30,305,303,Sw.,28439,4631,Melochia nodiflora,0,1,0,,0,0,0,0,
30,305,303,Kunth,28441,4631,Melochia parvifolia,0,1,0,,0,0,0,0,
30,305,303,L.,28443,4631,Melochia pyramidata,0,1,0,,0,0,0,0,
30,305,303,Britton,28444,4631,Melochia savannarum,0,1,0,,1,0,1,0,
30,305,303,L.,28447,4631,Melochia tomentosa,0,1,0,,0,0,0,0,
30,305,303,Urb.,30176,4947,Neoregnellia cubensis,0,1,0,,1,0,0,0,
30,305,303,L.,32641,5370,Pentapetes phoenicea,0,0,0,,0,0,0,0,
30,305,303,(Jacq.) H.Karst.,42970,6552,Sterculia apetala,0,0,0,,0,0,0,0,
30,305,303,L.,44952,6765,Theobroma cacao,0,0,0,,0,0,0,0,
30,305,303,Poir.,47201,7110,Waltheria glabra,0,1,0,,1,0,0,0,
30,305,303,L.,47202,7110,Waltheria indica,0,1,0,,0,0,0,0,
30,305,303,Griseb.,43273,6609,Styrax obtusifolius,0,1,0,,1,0,0,0,
30,305,303,Griseb.,43418,6639,Symplocos cubensis,0,1,0,,1,0,0,0,
30,305,303,Griseb.,43413,6639,Symplocos ciponimoides,0,1,0,,1,0,1,0,
30,305,303,Griseb.,43418,6639,Symplocos cubensis,0,1,0,,1,0,1,0,
30,305,303,Britton & P.Wilson,43435,6639,Symplocos leonis,0,1,0,,1,0,1,0,
30,305,303,Krug & Urb.,43436,6639,Symplocos lindeniana,0,1,0,,1,0,1,0,
30,305,303,Borhidi,43441,6639,Symplocos moaensis,0,1,0,,1,0,1,0,
30,305,303,C.Wright ex Griseb.,43449,6639,Symplocos ovalis,0,1,0,,1,0,1,0,
30,305,303,Griseb.,43460,6639,Symplocos salicifolia,0,1,0,,1,0,1,0,
30,305,303,(Britton) Howard,5533,1775,Bonnetia cubensis,0,1,0,,1,0,1,0,
30,305,303,(Planch. ex Griseb.) Krug & Urb.,10072,2336,Cleyera albopunctata,0,1,0,,1,0,0,0,
30,305,303,(O.C.Schmidt) Kobuski,10074,2336,Cleyera ekmanii,0,1,0,,1,0,1,0,
30,305,303,(Tul.) Krug & Urb.,10077,2336,Cleyera nimanimae,0,1,0,,1,0,1,0,
30,305,303,(O.C.Schmidt) Kobuski,440171,3370,Freziera conocarpa,0,1,0,,1,0,1,0,
30,305,303,Krug & Urb.,18902,3370,Freziera grisebachii,0,1,0,,0,0,0,0,
30,305,303,(Britton & P.Wilson) H.Keng,440793,3543,Gordonia angustifolia,0,1,0,,1,0,1,0,
30,305,303,(Britton & P.Wilson) H.Keng,440794,3543,Gordonia benitoensis,0,1,0,,1,0,1,0,
30,305,303,(Borhidi & O.Muñiz) Greuter & R.Rankin,440795,3543,Gordonia cristalensis,0,1,0,,1,0,1,0,
30,305,303,(O.C.Schmidt) H.Keng,20200,3543,Gordonia ekmanii,0,1,0,,1,0,1,0,
30,305,303,(Vict.) H.Keng,20202,3543,Gordonia moaensis,0,1,0,,1,0,1,0,
30,305,303,(O.C.Schmidt) H.Keng,440796,3543,Gordonia urbani,0,1,0,,1,0,1,0,
30,305,303,(O.C.Schmidt) H.Keng,440796,3543,Gordonia urbani,0,1,0,,1,0,1,0,
30,305,303,(Griseb.) H.Keng,20209,3543,Gordonia wrightii,0,1,0,,1,0,1,0,
30,305,303,O.C.Schmidt,44513,6718,Ternstroemia baracoensis,0,1,0,,1,0,1,0,
30,305,303,Griseb.,44518,6718,Ternstroemia cernua,0,1,0,,1,0,1,0,
30,305,303,Griseb.,44522,6718,Ternstroemia flavescens,0,1,0,,1,0,1,0,
30,305,303,Krug & Urb.,44535,6718,Ternstroemia microcalyx,0,1,0,,1,0,0,0,
30,305,303,Borhidi & O.Muñiz,44537,6718,Ternstroemia moaensis,0,1,0,,1,0,1,0,
30,305,303,Krug & Urb.,44541,6718,Ternstroemia parviflora,0,1,0,,1,0,1,0,
30,305,303,DC.,442774,6718,Ternstroemia peduncularis,0,1,0,,1,0,0,0,
30,305,303,(L.) Mez,23836,4004,Jacquinia aculeata,0,1,0,,1,0,0,0,
30,305,303,Borhidi & O.Muñiz,23837,4004,Jacquinia acunana,0,1,0,,1,0,1,0,
30,305,303,Spreng.,23840,4004,Jacquinia berteroi,0,1,0,,1,0,0,0,
30,305,303,Mez,23844,4004,Jacquinia keyensis,0,1,0,,0,0,0,0,
30,305,303,P.Wilson,23847,4004,Jacquinia roigii,0,1,0,,1,0,1,0,
30,305,303,Alain,23848,4004,Jacquinia sessiliflora,0,1,0,,1,0,1,0,
30,305,303,(Radlk.) Votsch,30158,4940,Neomezia cubensis,0,1,0,,1,0,1,0,
30,305,303,Nevling,13433,2721,Daphnopsis alainii,0,1,0,,1,0,1,0,
30,305,303,C.Wright ex Griseb.,13435,2721,Daphnopsis angustifolia,0,1,0,,1,0,1,0,
30,305,303,Ekman ex Urb.,13437,2721,Daphnopsis calcicola,0,1,0,,1,0,1,0,
30,305,303,Radlk.,13439,2721,Daphnopsis cuneata,0,1,0,,1,0,1,0,
30,305,303,C.Wright ex Griseb.,13441,2721,Daphnopsis guacacoa,0,1,0,,1,0,1,0,
30,305,303,Britton & P.Wilson,13445,2721,Daphnopsis oblongifolia,0,1,0,,1,0,1,0,
30,305,303,Urb.,13448,2721,Daphnopsis punctulata,0,1,0,,1,0,1,0,
30,305,303,A.Rich.,24636,4131,Lagetta valenzuelana,0,1,0,,1,0,1,0,
30,305,303,Krug & Urb.,24637,4131,Lagetta wrightiana,0,1,0,,1,0,1,0,
30,305,303,Griseb.,440953,4331,Linodendron aronifolium,0,1,0,,1,0,1,0,
30,305,303,Griseb.,26189,4331,Linodendron venosum,0,1,0,,1,0,1,0,
30,305,303,Griseb.,8280,2043,Carpodiptera cubensis,0,1,0,,1,0,0,0,
30,305,303,L.,10939,2470,Corchorus aestuans,0,1,0,,0,0,0,0,
30,305,303,L.,10943,2470,Corchorus hirsutus,0,1,0,,0,0,0,0,
30,305,303,L.,10947,2470,Corchorus olitorius,0,0,0,,0,0,0,0,
30,305,303,Kunth,10948,2470,Corchorus orinocensis,0,1,0,,0,0,0,0,
30,305,303,L.,10949,2470,Corchorus siliquosus,0,1,0,,0,0,0,0,
30,305,303,Willd.,26849,4402,Luehea speciosa,0,1,0,,0,0,0,0,
30,305,303,Griseb.,44586,6727,Tetralix brachypetalus,0,1,0,,1,0,1,0,
30,305,303,Urb.,44590,6727,Tetralix nipensis,0,1,0,,1,0,1,0,
30,305,303,DC.,45921,6966,Triumfetta bogotensis,0,1,0,,0,0,0,0,
30,305,303,Vahl,45924,6966,Triumfetta grandiflora,0,1,0,,0,0,0,0,
30,305,303,L.,45925,6966,Triumfetta lappula,0,1,0,,0,0,0,0,
30,305,303,Jacq.,45930,6966,Triumfetta rhomboidea,0,1,0,,0,0,0,0,
30,305,303,Jacq.,45931,6966,Triumfetta semitriloba,0,1,0,,0,0,0,0,
30,305,303,(Britton & P.Wilson) Arbo,730,1051,Adenoa cubensis,0,1,0,,1,0,1,0,
30,305,303,(L.) Griseb.,34535,5575,Piriqueta cistoides,0,1,0,,0,0,0,0,
30,305,303,Griseb.,34537,5575,Piriqueta viscosa,0,1,0,,0,0,0,0,
30,305,303,Griseb.,45995,6988,Turnera acaulis,0,1,0,,1,0,1,0,
30,305,303,Willd. ex Schult.,45999,6988,Turnera diffusa,0,1,0,,0,0,0,0,
30,305,303,L.,46000,6988,Turnera pumilea,0,1,0,,0,0,0,0,
30,305,303,L.,46004,6988,Turnera ulmifolia,0,1,0,,0,0,0,0,
30,305,303,Pers.,46055,6997,Typha domingensis,0,1,0,,0,0,0,0,
30,305,303,Griseb.,2053,1246,Ampelocera cubensis,0,1,0,,1,0,0,0,
30,305,303,C.V.Morton,2054,1246,Ampelocera pubescens,0,1,0,,1,0,1,0,
30,305,303,Urb.,8666,2101,Celtis berteroana,0,1,0,,1,0,0,0,
30,305,303,(Jacq.) Sarg.,8673,2101,Celtis iguanaea,0,1,0,,0,0,0,0,
30,305,303,Lam.,8690,2101,Celtis trinervia,0,1,0,,0,0,0,0,
30,305,303,Urb.,45454,6870,Trema cubense,0,1,0,,1,0,0,0,
30,305,303,(Schult.) Blume,442866,6870,Trema lamarckianum,0,1,0,,0,0,0,0,
30,305,303,(L.) Blume,442867,6870,Trema micranthum,0,1,0,,0,0,0,0,
30,305,303,(L.) Sw.,5415,1754,Boehmeria cylindrica,0,1,0,,0,0,0,0,
30,305,303,(Griseb.) Wedd.,5429,1754,Boehmeria repens,0,1,0,,1,0,0,0,
30,305,303,Griseb.,20789,3623,Gyrotaenia myriocarpa,0,1,0,,1,0,0,0,
30,305,303,(L.) Chew,24721,4150,Laportea aestuans,0,1,0,,0,0,0,0,
30,305,303,(A.Rich.) Chew,24723,4150,Laportea cuneata,0,1,0,,1,0,0,0,
30,305,303,G.Forst.,32097,5297,Parietaria debilis,0,1,0,,0,0,0,0,
30,305,303,Wedd.,33173,5459,Phenax asper,0,1,0,,1,0,1,0,
30,305,303,Urb.,33181,5459,Phenax microphyllus,0,1,0,,1,0,1,0,
30,305,303,Urb. & Ekman,33862,5542,Pilea abbreviata,0,1,0,,1,0,1,0,
30,305,303,C.V.Morton,33865,5542,Pilea affinis,0,1,0,,1,0,1,0,
30,305,303,C.V.Morton,33865,5542,Pilea affinis,0,1,0,,1,0,1,0,
30,305,303,Urb.,33869,5542,Pilea ambecarpa,0,1,0,,1,0,1,0,
30,305,303,Urb.,33888,5542,Pilea buchenavii,0,1,0,,1,0,1,0,
30,305,303,Britton,33889,5542,Pilea bullata,0,1,0,,1,0,1,0,
30,305,303,Urb. & Ekman,33890,5542,Pilea cacuminum,0,1,0,,1,0,1,0,
30,305,303,Britton,33896,5542,Pilea carnosa,0,1,0,,1,0,1,0,
30,305,303,(Spreng.) Urb.,441773,5542,Pilea cellulosa,0,1,0,,1,0,0,0,
30,305,303,Urb.,33907,5542,Pilea clarana,0,1,0,,1,0,1,0,
30,305,303,Britton,33908,5542,Pilea clementis,0,1,0,,1,0,1,0,
30,305,303,C.V.Morton,33909,5542,Pilea confusa,0,1,0,,1,0,1,0,
30,305,303,Britton,33913,5542,Pilea cowellii,0,1,0,,1,0,1,0,
30,305,303,Britton & P.Wilson,33915,5542,Pilea crenata,0,1,0,,1,0,1,0,
30,305,303,Wedd.,33916,5542,Pilea cubensis,0,1,0,,1,0,1,0,
30,305,303,(Sw.) Blume,33919,5542,Pilea depressa,0,1,0,,1,0,0,0,
30,305,303,Britton,33927,5542,Pilea ermitensis,0,1,0,,1,0,1,0,
30,305,303,Rusby,33930,5542,Pilea filipes,0,1,0,,1,0,1,0,
30,305,303,Urb.,33932,5542,Pilea floridana,0,1,0,,1,0,1,0,
30,305,303,Wedd.,33936,5542,Pilea forsythiana,0,1,0,,1,0,1,0,
30,305,303,C.V.Morton,33939,5542,Pilea fruticulosa,0,1,0,,1,0,1,0,
30,305,303,Griseb.,33944,5542,Pilea glomerata,0,1,0,,1,0,1,0,
30,305,303,Griseb.,33945,5542,Pilea gnidioides,0,1,0,,1,0,1,0,
30,305,303,Urb.,33952,5542,Pilea guirana,0,1,0,,1,0,1,0,
30,305,303,Urb. & Ekman,33956,5542,Pilea hemisphaerica,0,1,0,,1,0,1,0,
30,305,303,(Sw.) Lindl.,33958,5542,Pilea herniarioides,0,1,0,,0,0,0,0,
30,305,303,Griseb.,441776,5542,Pilea heteroneura,0,1,0,,1,0,1,0,
30,305,303,(Wedd.) Urb.,33965,5542,Pilea intermedia,0,1,0,,1,0,1,0,
30,305,303,Urb.,33970,5542,Pilea laciniata,0,1,0,,1,0,1,0,
30,305,303,Urb.,33977,5542,Pilea libanensis,0,1,0,,1,0,1,0,
30,305,303,Urb. & Ekman,33979,5542,Pilea loeseneri,0,1,0,,1,0,1,0,
30,305,303,C.Wright,33983,5542,Pilea lurida,0,1,0,,1,0,0,0,
30,305,303,Britton,441779,5542,Pilea margaretiae,0,1,0,,1,0,0,0,
30,305,303,C.V.Morton,33989,5542,Pilea mayarensis,0,1,0,,1,0,1,0,
30,305,303,Britton & P.Wilson,33991,5542,Pilea micromeriifolia,0,1,0,,1,0,0,0,
30,305,303,(L.) Liebm.,33992,5542,Pilea microphylla,0,1,0,,0,0,0,0,
30,305,303,Urb.,33994,5542,Pilea minguetii,0,1,0,,1,0,0,0,
30,305,303,Britton,33998,5542,Pilea neglecta,0,1,0,,1,0,1,0,
30,305,303,Urb.,34000,5542,Pilea nipensis,0,1,0,,1,0,1,0,
30,305,303,(Sw.) Wedd.,34001,5542,Pilea nudicaulis,0,1,0,,1,0,1,0,
30,305,303,(Sw.) Wedd.,34002,5542,Pilea nummulariifolia,0,1,0,,0,0,0,0,
30,305,303,C.V.Morton,34004,5542,Pilea obscura,0,1,0,,1,0,1,0,
30,305,303,Urb.,34005,5542,Pilea obtusangula,0,1,0,,1,0,1,0,
30,305,303,Borhidi,34007,5542,Pilea ophiticola,0,1,0,,1,0,1,0,
30,305,303,C.V.Morton,34009,5542,Pilea orientalis,0,1,0,,1,0,1,0,
30,305,303,Britton & P.Wilson,34010,5542,Pilea ovalifolia,0,1,0,,1,0,1,0,
30,305,303,Urb.,34013,5542,Pilea parciflora,0,1,0,,1,0,1,0,
30,305,303,(L.) Blume,34014,5542,Pilea parietaria,0,1,0,,0,0,0,0,
30,305,303,Urb.,34018,5542,Pilea phaeocarpa,0,1,0,,1,0,1,0,
30,305,303,Liebm.,34027,5542,Pilea pubescens,0,1,0,,0,0,0,0,
30,305,303,C.V.Morton,34028,5542,Pilea pulchra,0,1,0,,1,0,1,0,
30,305,303,Urb.,34030,5542,Pilea pumileoides,0,1,0,,1,0,1,0,
30,305,303,Wedd.,34037,5542,Pilea rivoriae,0,1,0,,1,0,0,0,
30,305,303,Britton,34057,5542,Pilea siguaneana,0,1,0,,1,0,1,0,
30,305,303,Urb.,34059,5542,Pilea simplex,0,1,0,,1,0,1,0,
30,305,303,Griseb.,34063,5542,Pilea spathulata,0,1,0,,1,0,1,0,
30,305,303,Urb.,34072,5542,Pilea striata,0,1,0,,1,0,1,0,
30,305,303,Britton,34075,5542,Pilea sumideroensis,0,1,0,,1,0,1,0,
30,305,303,Miq.,34078,5542,Pilea tenerrima,0,1,0,,0,0,0,0,
30,305,303,(Sw.) Lindl.,34082,5542,Pilea trianthemoides,0,0,0,,0,0,0,0,
30,305,303,Griseb.,34086,5542,Pilea uninervis,0,1,0,,1,0,1,0,
30,305,303,Griseb.,34086,5542,Pilea uninervis,0,1,0,,1,0,1,0,
30,305,303,Urb.,34088,5542,Pilea valenzuelae,0,1,0,,1,0,1,0,
30,305,303,Wedd.,34093,5542,Pilea wrightiana,0,1,0,,1,0,1,0,
30,305,303,Britton & P.Wilson,34095,5542,Pilea yarensis,0,1,0,,1,0,1,0,
30,305,303,(Sw.) Urb.,38778,6060,Rousselia humilis,0,1,0,,0,0,0,0,
30,305,303,(L.) Gaudich. ex Wedd.,46172,7014,Urera baccifera,0,1,0,,0,0,0,0,
30,305,303,L.,46236,7024,Urtica urens,0,0,0,,0,0,0,0,
30,305,303,Gardner,442989,7032,Valeriana candolleana,0,1,0,,1,0,0,0,
30,305,303,L.,46376,7032,Valeriana scandens,0,1,0,,0,0,0,0,
30,305,303,Sw.,903,1081,Aegiphila elata,0,1,0,,0,0,0,0,
30,305,303,Jacq.,905,1081,Aegiphila martinicensis,0,1,0,,0,0,0,0,
30,305,303,(L.) L.,4393,1583,Avicennia germinans,0,1,0,,0,0,0,0,
30,305,303,(L.) Kuntze,5618,1791,Bouchea prismatica,0,1,0,,0,0,0,0,
30,305,303,L.,7000,1930,Callicarpa americana,0,1,0,,0,0,0,0,
30,305,303,Urb.,7002,1930,Callicarpa areolata,0,1,0,,1,0,1,0,
30,305,303,Moldenke,7004,1930,Callicarpa bucheri,0,1,0,,1,0,1,0,
30,305,303,Urb.,7008,1930,Callicarpa crassinervis,0,1,0,,1,0,1,0,
30,305,303,Urb.,7009,1930,Callicarpa cubensis,0,1,0,,1,0,1,0,
30,305,303,Britton & P.Wilson,7010,1930,Callicarpa cuneifolia,0,1,0,,1,0,1,0,
30,305,303,Sw.,7014,1930,Callicarpa ferruginea,0,1,0,,1,0,0,0,
30,305,303,Urb.,7015,1930,Callicarpa floccosa,0,1,0,,1,0,1,0,
30,305,303,A.Rich.,7017,1930,Callicarpa fulva,0,1,0,,1,0,1,0,
30,305,303,Urb.,7021,1930,Callicarpa grisebachii,0,1,0,,1,0,1,0,
30,305,303,Millsp.,7022,1930,Callicarpa hitchcockii,0,1,0,,1,0,0,0,
30,305,303,Millsp.,7027,1930,Callicarpa lancifolia,0,1,0,,1,0,1,0,
30,305,303,Moldenke,7028,1930,Callicarpa leonis,0,1,0,,1,0,1,0,
30,305,303,Borhidi & O.Muñiz,7035,1930,Callicarpa moana,0,1,0,,1,0,1,0,
30,305,303,Britton & P.Wilson,7037,1930,Callicarpa nipensis,0,1,0,,1,0,1,0,
30,305,303,Urb.,7040,1930,Callicarpa oblanceolata,0,1,0,,1,0,1,0,
30,305,303,C.Wright & Moldenke,7046,1930,Callicarpa resinosa,0,1,0,,1,0,1,0,
30,305,303,Moldenke,7048,1930,Callicarpa revoluta,0,1,0,,1,0,1,0,
30,305,303,Britton,7049,1930,Callicarpa roigii,0,1,0,,1,0,1,0,
30,305,303,Britton & P.Wilson,7052,1930,Callicarpa shaferi,0,1,0,,1,0,1,0,
30,305,303,Borhidi & O.Muñiz,7056,1930,Callicarpa toaensis,0,1,0,,1,0,1,0,
30,305,303,Britton & P.Wilson,7058,1930,Callicarpa wrightii,0,1,0,,1,0,1,0,
30,305,303,L.,9768,2306,Citharexylum caudatum,0,1,0,,0,0,0,0,
30,305,303,Turcz.,9769,2306,Citharexylum discolor,0,1,0,,1,0,0,0,
30,305,303,Moldenke,9770,2306,Citharexylum ekmanii,0,1,0,,1,0,1,0,
30,305,303,L.,9777,2306,Citharexylum spinosum,0,1,0,,0,0,0,0,
30,305,303,Turcz.,9779,2306,Citharexylum tristachyum,0,1,0,,1,0,0,0,
30,305,303,(Britton & P.Wilson) I.E.Méndez,428738,5196,Ovieda anafensis,0,1,0,,1,0,1,0,
30,305,303,(Britton) I.E.Méndez,443214,5196,Ovieda calcicola,0,1,0,,1,0,1,0,
30,305,303,(Schauer) I.E.Méndez,439324,5196,Ovieda cubensis,0,1,0,,1,0,1,0,
30,305,303,Moldenke,10038,2334,Clerodendrum denticulatum,0,1,0,,1,0,1,0,
30,305,303,(Hook.) I.E.Méndez,439325,5196,Ovieda grandiflora,0,1,0,,1,0,1,0,
30,305,303,(L.) Kuntze,10044,2334,Clerodendrum indicum,0,0,0,,0,0,0,0,
30,305,303,A.Rich.,10047,2334,Clerodendrum lindenianum,0,1,0,,1,0,1,0,
30,305,303,A.Rich.,10047,2334,Clerodendrum lindenianum,0,1,0,,1,0,1,0,
30,305,303,Decne. ex Planch.,10048,2334,Clerodendrum lindleyi,0,0,0,,0,0,0,0,
30,305,303,Urb.,10052,2334,Clerodendrum nipense,0,1,0,,1,0,1,0,
30,305,303,Jacob-Makoy,10057,2334,Clerodendrum speciosissimum,0,0,0,,0,0,0,0,
30,305,303,Balf.f.,10059,2334,Clerodendrum thomsoniae,0,0,0,,0,0,0,0,
30,305,303,(A.Rich.) I.E.Méndez,428739,5196,Ovieda tuberculata,0,1,0,,1,0,1,0,
30,305,303,L.,11127,2488,Cornutia pyramidata,0,1,0,,0,0,0,0,
30,305,303,Britton & P.Wilson,15431,3003,Duranta arida,0,1,0,,1,0,0,0,
30,305,303,L.,15433,3003,Duranta erecta,0,1,0,,0,0,0,0,
30,305,303,Britton & P.Wilson,15431,3003,Duranta arida,0,1,0,,1,0,1,0,
30,305,303,Roxb. ex Sm.,19985,3512,Gmelina arborea,0,0,0,,0,0,0,0,
30,305,303,Mill.,24673,4146,Lantana angustifolia,0,1,0,,1,0,0,0,
30,305,303,Britton,24705,4146,Lantana × bahamensis,0,1,0,,1,0,0,0,
30,305,303,L.,24676,4146,Lantana camara,0,1,0,,0,0,0,0,
30,305,303,Urb. & Ekman,24683,4146,Lantana exarata,0,1,0,,1,0,0,0,
30,305,303,L.,24676,4146,Lantana camara,0,1,0,,0,0,0,0,
30,305,303,Moldenke,24688,4146,Lantana insularis,0,1,0,,1,0,0,0,
30,305,303,L.,24689,4146,Lantana involucrata,0,1,0,,0,0,0,0,
30,305,303,(Spreng.) Briq.,24694,4146,Lantana montevidensis,0,0,0,,0,0,0,0,
30,305,303,Pers.,24699,4146,Lantana reticulata,0,1,0,,0,0,0,0,
30,305,303,(Griseb.) Urb.,24700,4146,Lantana strigosa,0,1,0,,1,0,0,0,
30,305,303,Kunth,24686,4146,Lantana horrida,0,1,0,,1,0,0,0,
30,305,303,L.,24702,4146,Lantana trifolia,0,1,0,,0,0,0,0,
30,305,303,C.Wright ex Griseb.,26297,4339,Lippia acuminata,0,1,0,,1,0,1,0,
30,305,303,(Mill.) N.E.Br. ex Britton & P.Wilson,26298,4339,Lippia alba,0,1,0,,0,0,0,0,
30,305,303,Schauer,26301,4339,Lippia micromera,0,1,0,,0,0,0,0,
30,305,303,(Urb.) Greuter & R.Rankin,441404,20071,Diphyllocalyx armatus,0,1,0,,1,0,1,0,
30,305,303,(Britton) Greuter & R.Rankin,441405,20071,Diphyllocalyx cayensis,0,1,0,,1,0,1,0,
30,305,303,(Griseb.) Greuter & R.Rankin,441406,20071,Diphyllocalyx myrtifolius,0,1,0,,1,0,1,0,
30,305,303,(Urb.) Greuter & R.Rankin,441407,20071,Diphyllocalyx nipensis,0,1,0,,1,0,1,0,
30,305,303,(Britton) Greuter & R.Rankin,441405,20071,Diphyllocalyx cayensis,0,1,0,,1,0,1,0,
30,305,303,Jacq.,33027,5420,Petitia domingensis,0,1,0,,1,0,0,0,
30,305,303,(Ekman) Bramley,441723,7086,Vitex urbanii,0,1,0,,1,0,0,0,
30,305,303,L.,33031,5422,Petrea volubilis,0,0,0,,0,0,0,0,
30,305,303,(Kunth) Greene,33381,5495,Phyla betulifolia,0,1,0,,0,0,0,0,
30,305,303,(L.) Greene,33384,5495,Phyla nodiflora,0,1,0,,0,0,0,0,
30,305,303,Trevir.,441751,4339,Lippia dulcis,0,1,0,,0,0,0,0,
30,305,303,(L.) Kunth,441752,4339,Lippia stoechadifolia,0,1,0,,0,0,0,0,
30,305,303,(L.) Greene,33384,5495,Phyla nodiflora,0,1,0,,0,0,0,0,
30,305,303,(L.) Pers.,36252,5765,Priva lappulacea,0,1,0,,0,0,0,0,
30,305,303,(A.Rich.) Millsp.,36437,5795,Pseudocarpidium avicennioides,0,1,0,,1,0,1,0,
30,305,303,(A.Rich.) Millsp.,36439,5795,Pseudocarpidium ilicifolium,0,1,0,,1,0,1,0,
30,305,303,(Urb.) Moldenke,36440,5795,Pseudocarpidium multidens,0,1,0,,1,0,1,0,
30,305,303,Britton,36442,5795,Pseudocarpidium pungens,0,1,0,,1,0,1,0,
30,305,303,(Griseb.) Britton,36443,5795,Pseudocarpidium rigens,0,1,0,,1,0,1,0,
30,305,303,Britton,36444,5795,Pseudocarpidium shaferi,0,1,0,,1,0,1,0,
30,305,303,Millsp.,36445,5795,Pseudocarpidium wrightii,0,1,0,,1,0,0,0,
30,305,303,(L.) Vahl,42666,6503,Stachytarpheta indica,0,1,0,,0,0,0,0,
30,305,303,(Rich.) Vahl,42663,6503,Stachytarpheta cayennensis,0,1,0,,0,0,0,0,
30,305,303,(L.) Vahl,42667,6503,Stachytarpheta jamaicensis,0,1,0,,0,0,0,0,
30,305,303,(Jacq.) Vahl,42668,6503,Stachytarpheta mutabilis,0,1,0,,0,0,0,0,
30,305,303,Urb. & Ekman,43869,6674,Tamonea subbiflora,0,1,0,,1,0,0,0,
30,305,303,L.f.,44402,6701,Tectona grandis,0,0,0,,0,0,0,0,
30,305,303,Spreng.,46523,7058,Verbena rigida,0,0,0,,0,0,0,0,
30,305,303,Vahl,46524,7058,Verbena scabra,0,1,0,,0,0,0,0,
30,305,303,Borhidi & O.Muñiz,46988,7086,Vitex acunae,0,1,0,,1,0,1,0,
30,305,303,L.,46989,7086,Vitex agnus-castus,0,0,0,,0,0,0,0,
30,305,303,Britton & P.Wilson,46992,7086,Vitex clementis,0,1,0,,1,0,1,0,
30,305,303,Sw.,46997,7086,Vitex divaricata,0,1,0,,0,0,0,0,
30,305,303,Sweet,46998,7086,Vitex doniana,0,0,0,,0,0,0,0,
30,305,303,Borhidi,47001,7086,Vitex guanahacabibensis,0,1,0,,1,0,1,0,
30,305,303,A.Juss.,47002,7086,Vitex heptaphylla,0,1,0,,1,0,0,0,
30,305,303,A.Juss.,47008,7086,Vitex parviflora,0,0,0,,0,0,0,0,
30,305,303,Borhidi,47011,7086,Vitex praetervisa,0,1,0,,1,0,1,0,
30,305,303,Moldenke,47014,7086,Vitex tomentulosa,0,1,0,,1,0,1,0,
30,305,303,Jacq.,22518,3874,Hybanthus havanensis,0,1,0,,1,0,0,0,
30,305,303,(Vahl) Paula-Souza,418205,9512,Pombalia linearifolia,0,1,0,,0,0,0,0,
30,305,303,(Ortega) M.Gómez,22521,3874,Hybanthus lineatus,0,1,0,,1,0,1,0,
30,305,303,(Griseb.) M.Gómez,22524,3874,Hybanthus procumbens,0,1,0,,1,0,1,0,
30,305,303,Melch.,22525,3874,Hybanthus urbanianus,0,1,0,,1,0,1,0,
30,305,303,(Urb.) H.E.Ballard & Paula-Souza,418206,9512,Pombalia wrightii,0,1,0,,1,0,1,0,
30,305,303,L.,46931,7079,Viola odorata,0,0,0,,0,0,0,0,
30,305,303,L.,46961,7079,Viola tricolor,0,0,0,,0,0,0,0,
30,305,303,C.Wright,13818,2779,Dendrophthora arcuata,0,1,0,,1,0,1,0,
30,305,303,(Griseb.) Eichler,13820,2779,Dendrophthora bonaniae,0,1,0,,1,0,1,0,
30,305,303,Urb.,13821,2779,Dendrophthora brachylepis,0,1,0,,1,0,0,0,
30,305,303,(Lam.) Eichler,13823,2779,Dendrophthora buxifolia,0,1,0,,0,0,0,0,
30,305,303,Krug & Urb.,13826,2779,Dendrophthora confertiflora,0,1,0,,1,0,1,0,
30,305,303,(Griseb.) Eichler,13827,2779,Dendrophthora constricta,0,1,0,,1,0,1,0,
30,305,303,Eichler,13828,2779,Dendrophthora cubensis,0,1,0,,1,0,0,0,
30,305,303,(Griseb.) Eichler,13829,2779,Dendrophthora cupressoides,0,1,0,,1,0,0,0,
30,305,303,(Spreng.) Eichler,13832,2779,Dendrophthora domingensis,0,1,0,,1,0,0,0,
30,305,303,(Griseb.) Eichler,13833,2779,Dendrophthora epiviscum,0,1,0,,1,0,1,0,
30,305,303,Urb.,13834,2779,Dendrophthora excisa,0,1,0,,1,0,1,0,
30,305,303,(Lam.) Krug & Urb.,13835,2779,Dendrophthora flagelliformis,0,1,0,,1,0,0,0,
30,305,303,(C.Wright ex Griseb.) Eichler,13836,2779,Dendrophthora glauca,0,1,0,,1,0,1,0,
30,305,303,Eichler,13837,2779,Dendrophthora grandifolia,0,1,0,,1,0,1,0,
30,305,303,Urb.,13839,2779,Dendrophthora lanceifolia,0,1,0,,1,0,1,0,
30,305,303,Urb.,13840,2779,Dendrophthora laxiflora,0,1,0,,1,0,1,0,
30,305,303,(C.Wright ex Griseb.) Eichler,13842,2779,Dendrophthora mancinellae,0,1,0,,1,0,0,0,
30,305,303,Urb.,13843,2779,Dendrophthora marmeladensis,0,1,0,,1,0,0,0,
30,305,303,Urb.,13847,2779,Dendrophthora remotiflora,0,1,0,,1,0,0,0,
30,305,303,(Griseb.) Krug & Urb.,13848,2779,Dendrophthora serpyllifolia,0,1,0,,1,0,0,0,
30,305,303,(Griseb.) Urb.,13851,2779,Dendrophthora tetrastachya,0,1,0,,1,0,0,0,
30,305,303,(DC.) Griseb.,33310,5485,Phoradendron berteroanum,0,1,0,,0,0,0,0,
30,305,303,(DC.) Griseb.,33321,5485,Phoradendron hexastichum,0,1,0,,0,0,0,0,
30,305,303,(Kunth) Trel.,33325,5485,Phoradendron piperoides,0,1,0,,0,0,0,0,
30,305,303,(Kunth) Griseb.,33327,5485,Phoradendron quadrangulare,0,1,0,,0,0,0,0,
30,305,303,(Aubl.) Krug & Urb.,33328,5485,Phoradendron racemosum,0,1,0,,0,0,0,0,
30,305,303,(L.) Griseb.,33329,5485,Phoradendron rubrum,0,1,0,,0,0,0,0,
30,305,303,Planch.,2061,1247,Ampelocissus robinsonii,0,1,0,,1,0,0,0,
30,305,303,(L.) J.Wen & Boggan,380215,19239,Nekemias arborea,0,1,0,,0,0,0,0,
30,305,303,A.Rich.,9716,2302,Cissus intermedia,0,1,0,,1,0,0,0,
30,305,303,Vahl,9720,2302,Cissus microcarpa,0,1,0,,0,0,0,0,
30,305,303,Vahl,9724,2302,Cissus obovata,0,1,0,,1,0,0,0,
30,305,303,L.,9731,2302,Cissus quadrangularis,0,0,0,,0,0,0,0,
30,305,303,(L.) L.,9740,2302,Cissus trifoliata,0,1,0,,0,0,0,0,
30,305,303,(L.) Nicolson & C.E.Jarvis,9742,2302,Cissus verticillata,0,1,0,,0,0,0,0,
30,305,303,(L.) Planch.,32189,5313,Parthenocissus quinquefolia,0,1,0,,0,0,0,0,
30,305,303,Humb. & Bonpl. ex Schult.,47032,7088,Vitis tiliifolia,0,1,0,,0,0,0,0,
30,305,303,Beyr. ex Kunth,47578,7180,Xyris ambigua,0,1,0,,0,0,0,0,
30,305,303,Griseb.,47580,7180,Xyris bicarinata,0,1,0,,1,0,1,0,
30,305,303,Malme,47588,7180,Xyris ekmanii,0,1,0,,1,0,1,0,
30,305,303,Chapm.,47589,7180,Xyris elliottii,0,1,0,,0,0,0,0,
30,305,303,Griseb.,47592,7180,Xyris grandiceps,0,1,0,,1,0,1,0,
30,305,303,Rich.,47595,7180,Xyris jupicai,0,1,0,,0,0,0,0,
30,305,303,Britton & P.Wilson,47596,7180,Xyris longibracteata,0,1,0,,1,0,1,0,
30,305,303,Griseb.,47600,7180,Xyris navicularis,0,1,0,,0,0,0,0,
30,305,303,O.F.Cook & G.N.Collins,443163,7192,Zamia erosa,0,1,0,,1,0,0,0,
30,305,303,Jacq.,47630,7192,Zamia angustifolia,0,1,0,,1,0,0,0,
30,305,303,L.,47634,7192,Zamia pumila,0,1,0,,0,0,0,0,
30,305,303,Sims,47635,7192,Zamia pygmaea,0,1,0,,1,0,1,0,
30,305,303,(Vieill.) K.Schum.,1743,1194,Alpinia purpurata,0,0,0,,0,0,0,0,
30,305,303,(Pers.) B.L.Burtt & R.M.Sm.,1754,1194,Alpinia zerumbet,0,0,0,,0,0,0,0,
30,305,303,(Jacq.) Sw.,11298,2515,Costus spicatus,0,1,0,,1,0,0,0,
30,305,303,(Jacq.) Roscoe,11299,2515,Costus spiralis,0,0,0,,0,0,0,0,
30,305,303,L.,12240,2612,Curcuma longa,0,0,0,,0,0,0,0,
30,305,303,Buch.-Ham. ex Sm.,21059,3685,Hedychium coccineum,0,0,0,,0,0,0,0,
30,305,303,J.Koenig,21060,3685,Hedychium coronarium,0,0,0,,0,0,0,0,
30,305,303,Sheppard ex Ker Gawl.,21063,3685,Hedychium gardnerianum,0,0,0,,0,0,0,0,
30,305,303,Roscoe,47770,7207,Zingiber officinale,0,0,0,,0,0,0,0,
30,305,303,(L.) Roscoe ex Sm.,47774,7207,Zingiber zerumbet,0,0,0,,0,0,0,0,
30,305,303,L.,20482,3575,Guaiacum officinale,0,1,0,,0,0,0,0,
30,305,303,L.,20483,3575,Guaiacum sanctum,0,1,0,,0,0,0,0,
30,305,303,(L.) Hook. & Arn.,24216,4033,Kallstroemia maxima,0,1,0,,0,0,0,0,
30,305,303,L.,45479,6879,Tribulus cistoides,0,0,0,,0,0,0,0,
30,305,303,(Mill.) W.T.Aiton,18993,3383,Furcraea tuberosa,0,1,0,,1,0,0,0,
30,305,303,(L.) L.,11643,2551,Crinum zeylanicum,0,0,0,,0,0,0,0,
30,305,303,Borhidi,10341,2363,Coccothrinax munizii,0,1,0,,1,0,1,0,
30,305,303,(L.) R.Br. ex Roem. & Schult.,45356,6845,Tournefortia gnaphalodes,0,1,0,,0,0,0,0,
30,305,303,(Vent.) DC.,439117,14890,Elaeodendron xylocarpum,0,1,0,,1,0,0,0,
30,305,303,(Jacq.) Kuntze,11701,2560,Crossopetalum uragoga,0,1,0,,0,0,0,0,
30,305,303,(Griseb.) Borhidi,19256,3409,Garcinia aristata,0,1,0,,1,0,0,0,
30,305,303,(Urb.) Borhidi,19259,3409,Garcinia bakeriana,0,1,0,,1,0,1,0,
30,305,303,Borhidi,19266,3409,Garcinia clarensis,0,1,0,,1,0,1,0,
30,305,303,(Urb.) Borhidi,19265,3409,Garcinia cincta,0,1,0,,1,0,1,0,
30,305,303,Borhidi,19306,3409,Garcinia pungens,0,1,0,,1,0,1,0,
30,305,303,Borhidi,19313,3409,Garcinia serpentini,0,1,0,,1,0,1,0,
30,305,303,(Urb.) Borhidi,19308,3409,Garcinia revoluta,0,1,0,,1,0,1,0,
30,305,303,(Griseb.) Borhidi,19311,3409,Garcinia ruscifolia,0,1,0,,1,0,1,0,
30,305,303,"Naczi, W.M.Knapp & G.Moor",38308,6005,Rhynchospora galeana,0,1,0,,0,0,0,0,
30,305,303,(Poir.) Steud.,16128,3070,Eleocharis confervoides,0,1,0,,0,0,0,0,
30,305,303,(Britton & P.Wilson) Borhidi,9052,2166,Chaetocarpus acutifolius,0,1,0,,1,0,1,0,
30,305,303,(Urb.) Borhidi,9053,2166,Chaetocarpus cordifolius,0,1,0,,1,0,0,0,
30,305,303,L.,29139,4732,Mimosa pigra,0,0,0,,0,0,0,0,
30,305,303,(L.) Roxb. ex W.T.Aiton,18749,3339,Flemingia lineata,0,0,0,,0,0,0,0,
30,305,303,Linden ex C.Morren,19735,3462,Gesneria libanensis,0,1,0,,1,0,1,0,
30,305,303,(Alain) Greuter & R.Rankin,441233,2341,Clinopodium suborbiculare,0,1,0,,1,0,1,0,
30,305,303,(Sw.) Trofimov & Rohwer,428368,19678,Damburneya coriacea,0,1,0,,0,0,0,0,
30,305,303,(Sw.) Griseb.,30061,4904,Nectandra membranacea,0,1,0,,0,0,0,0,
30,305,303,(Sw.) Trofimov,428377,19678,Damburneya patens,0,1,0,,1,0,0,0,
30,305,303,Aubl.,27975,4580,Mayaca fluviatilis,0,1,0,,1,0,1,0,
30,305,303,A.Rich.,441209,4675,Miconia delicatula,0,1,0,,1,0,1,0,
30,305,303,(L.) D.Don ex G.Don,27323,4456,Maclura tinctoria,0,1,0,,0,0,0,0,
30,305,303,(Borhidi & O.Muñiz) Greuter & R.Rankin,428602,4808,Mosiera moana,0,1,0,,1,0,1,0,
30,305,303,(Britton & P.Wilson) Z.Acosta & K.Samra,438928,4842,Myrcia caroli,0,1,0,,1,0,1,0,
30,305,303,(Griseb.) Borhidi,29441,4808,Mosiera calycolpoides,0,1,0,,1,0,1,0,
30,305,303,(Urb. & Ekman) Borhidi,29442,4808,Mosiera crenulata,0,1,0,,1,0,1,0,
30,305,303,(Hitchc.) Borhidi & Catasús,40360,6214,Schizachyrium parvifolium,0,1,0,,1,0,1,0,
30,305,303,(Hitchc. & Ekman) Borhidi & Catasús,442385,6214,Schizachyrium reedii,0,1,0,,1,0,1,0,
30,305,303,(Jacq.) Brongn.,10531,2414,Colubrina cubensis,0,1,0,,1,0,1,0,
30,305,303,(Urb.) Borhidi,42404,6462,Spermacoce matanzasia,0,1,0,,1,0,1,0,
30,305,303,(Schumach.) DC.,30750,5083,Oldenlandia lancifolia,0,0,0,,0,0,0,0,
30,305,303,(L.) Raf.,440437,20038,Edrastima uniflora,0,1,0,,0,0,0,0,
30,305,303,Urb.,442075,5245,Palicourea brachystigma,0,1,0,,1,0,0,0,
30,305,303,Alain,40696,6270,Scolosanthus maestrensis,0,1,0,,1,0,1,0,
30,305,303,Gaudich.,18673,3327,Fimbristylis littoralis,0,0,0,,0,0,0,0,
30,305,303,Steud.,40618,6258,Scleria muehlenbergii,0,1,0,,0,0,0,0,
30,305,303,Borhidi,28780,4675,Miconia javorkaeana,0,1,0,,1,0,1,0,
30,305,303,(Millsp.) B.L.Rob.,42664,6503,Stachytarpheta fruticosa,0,1,0,,1,0,0,0,
30,305,303,Beurton,47648,7196,Zanthoxylum bissei,0,1,0,,1,0,1,0,
30,305,303,A.Rich.,47657,7196,Zanthoxylum dumosum,0,1,0,,1,0,1,0,
30,305,303,A.Rich.,47657,7196,Zanthoxylum dumosum,0,1,0,,1,0,1,0,
30,305,303,A.Rich.,47657,7196,Zanthoxylum dumosum,0,1,0,,1,0,1,0,
30,305,303,A.Rich.,47657,7196,Zanthoxylum dumosum,0,1,0,,1,0,1,0,
30,305,303,O.Muñiz,10316,2363,Coccothrinax borhidiana,0,1,0,,1,0,1,0,
30,305,303,Borhidi & J.A.Hern.,10348,2363,Coccothrinax pumila,0,1,0,,1,0,1,0,
30,305,303,(Kunth) Burret,39473,6090,Sabal maritima,0,1,0,,1,0,0,0,
30,305,303,(Walter) Lodd. ex Schult. & Schult.f.,39476,6090,Sabal palmetto,0,1,0,,0,0,0,0,
30,305,303,Moya & Leiva,19426,3427,Gaussia spirituana,0,1,0,,1,0,1,0,
30,305,303,(L.H.Bailey) Zona,38785,6063,Roystonea maisiana,0,1,0,,1,0,1,0,
30,305,303,(Bisse & J.E.Gut.) J.E.Gut.,41557,6367,Sideroxylon moaense,0,1,0,,1,0,1,0,
30,305,303,"(Urb.) Bisse, J.E.Gut. & Iglesias",41545,6367,Sideroxylon ekmanianum,0,1,0,,1,0,1,0,
30,305,303,(L.) Vahl,18657,3327,Fimbristylis dichotoma,0,1,0,,1,0,1,0,
30,305,303,A.Rich.,24636,4131,Lagetta valenzuelana,0,1,0,,1,0,1,0,
30,305,303,Radlk.,13439,2721,Daphnopsis cuneata,0,1,0,,1,0,1,0,
30,305,303,A.Noa,13436,2721,Daphnopsis bissei,0,1,0,,1,0,1,0,
30,305,303,I.Arias,2575,1353,Anthurium thompsoniae,0,1,0,,1,0,0,0,
30,305,303,(Lindl.) Cogn.,5941,1842,Broughtonia cubensis,0,1,0,,1,0,1,0,
30,305,303,A.Álvarez,1070,1115,Agave cajalbanensis,0,1,0,,1,0,1,0,
30,305,303,A.Álvarez,1083,1115,Agave jarucoensis,0,1,0,,1,0,1,0,
30,305,303,Trel.,1090,1115,Agave papyrocarpa,0,1,0,,1,0,1,0,
30,305,303,Lippold,1608,1179,Allophylus cristalensis,0,1,0,,1,0,1,0,
30,305,303,Lippold,1619,1179,Allophylus maestrensis,0,1,0,,1,0,1,0,
30,305,303,Catasús,223791,1465,Aristida jaucense,0,1,0,,1,0,1,0,
30,305,303,Catasús,3248,1465,Aristida sandinensis,0,1,0,,1,0,1,0,
30,305,303,A.Rodr.,4409,1586,Ayenia cubensis,0,1,0,,1,0,1,0,
30,305,303,Griseb.,438662,1586,Ayenia euphrasiifolia,0,1,0,,1,0,1,0,
30,305,303,Griseb.,438662,1586,Ayenia euphrasiifolia,0,1,0,,1,0,1,0,
30,305,303,A.Rodr. & Bisse,4417,1586,Ayenia spinosa,0,1,0,,1,0,1,0,
30,305,303,J.Sierra,4832,1665,Begonia alcarrasica,0,1,0,,1,0,1,0,
30,305,303,J.Sierra,4839,1665,Begonia banaoensis,0,1,0,,1,0,1,0,
30,305,303,J.Sierra,4840,1665,Begonia bissei,0,1,0,,1,0,1,0,
30,305,303,J.Sierra,4877,1665,Begonia leivae,0,1,0,,1,0,1,0,
30,305,303,J.Sierra,4880,1665,Begonia linearifolia,0,1,0,,1,0,1,0,
30,305,303,Bisse,6012,1857,Brya microphylla,0,1,0,,1,0,1,0,
30,305,303,(L.) C.Wright,438810,6717,Terminalia buceras,0,1,0,,1,0,1,0,
30,305,303,Eg.Köhler,6367,1894,Buxus jaucoensis,0,1,0,,1,0,1,0,
30,305,303,Eg.Köhler,6385,1894,Buxus sclerophylla,0,1,0,,1,0,1,0,
30,305,303,Eg.Köhler,6387,1894,Buxus serpentinicola,0,1,0,,1,0,1,0,
30,305,303,Bisse,6404,1895,Byrsonima orientensis,0,1,0,,1,0,1,0,
30,305,303,Bisse,7148,1948,Calophyllum pinetorum,0,1,0,,1,0,1,0,
30,305,303,Bisse,7151,1948,Calophyllum rivulare,0,1,0,,1,0,1,0,
30,305,303,Bisse,7161,1948,Calophyllum utile,0,1,0,,1,0,1,0,
30,305,303,(Griseb.) M.Gómez,418093,4675,Miconia rosmarinifolia,0,1,0,,1,0,1,0,
30,305,303,Z.Acosta & K.Samra,438959,4842,Myrcia nesiotica,0,1,0,,1,0,1,0,
30,305,303,(Bisse & Am.Rodr.) Z.Acosta & K.Samra,438967,4842,Myrcia levisensis,0,1,0,,1,0,1,0,
30,305,303,(Bisse & Am.Rodr.) Z.Acosta & K.Samra,438977,4842,Myrcia mirabilis,0,1,0,,1,0,1,0,
30,305,303,(Bisse) Z.Acosta & K.Samra,438994,4842,Myrcia peninsularis,0,1,0,,1,0,1,0,
30,305,303,(Bisse & Am.Rodr.) Z.Acosta & K.Samra,439003,4842,Myrcia pseudoapoda,0,1,0,,1,0,1,0,
30,305,303,Bisse,7453,1975,Cameraria orientensis,0,1,0,,1,0,1,0,
30,305,303,J.E.Gut.,8332,897,Casearia bissei,0,1,0,,1,0,1,0,
30,305,303,A.Barreto & Yakovlev,9063,2170,Chamaecrista bissei,0,1,0,,1,0,1,0,
30,305,303,A.Barreto & Yakovlev,9072,2170,Chamaecrista guanensis,0,1,0,,1,0,1,0,
30,305,303,(Sw.) Greene,9076,2170,Chamaecrista lineata,0,1,0,,1,0,1,0,
30,305,303,(Sw.) Greene,9076,2170,Chamaecrista lineata,0,1,0,,1,0,1,0,
30,305,303,(Sw.) Greene,9076,2170,Chamaecrista lineata,0,1,0,,1,0,1,0,
30,305,303,(Sw.) Greene,9076,2170,Chamaecrista lineata,0,1,0,,1,0,1,0,
30,305,303,A.Barreto & Yakovlev,9077,2170,Chamaecrista macambensis,0,1,0,,1,0,1,0,
30,305,303,A.Barreto & Yakovlev,9077,2170,Chamaecrista macambensis,0,1,0,,1,0,1,0,
30,305,303,A.Barreto & Yakovlev,9078,2170,Chamaecrista marianensis,0,1,0,,1,0,1,0,
30,305,303,Mill.,13468,2734,Datura innoxia,0,1,0,,1,0,1,0,
30,305,303,H.Dietr.,14373,2857,Dilomilis bissei,0,1,0,,1,0,1,0,
30,305,303,(Krug & Urb.) Standl.,14469,2868,Diospyros crassinervis,0,1,0,,1,0,1,0,
30,305,303,Pursh,15130,2975,Drosera brevifolia,0,1,0,,1,0,1,0,
30,305,303,Lippold,15707,3038,Echites brevipedunculatus,0,1,0,,1,0,1,0,
30,305,303,Lippold,15708,3038,Echites cajalbanicus,0,1,0,,1,0,1,0,
30,305,303,Bisse,439976,14890,Elaeodendron nipense,0,1,0,,1,0,1,0,
30,305,303,Pabón & Zavaro,16146,3070,Eleocharis knutei,0,1,0,,1,0,1,0,
30,305,303,H.Dietr.,16273,3090,Elytraria bissei,0,1,0,,1,0,1,0,
30,305,303,Areces,17097,3194,Erythrina linearifoliata,0,1,0,,1,0,1,0,
30,305,303,A.Álvarez,18986,3383,Furcraea antillana,0,1,0,,1,0,0,0,
30,305,303,M.A.Díaz,20485,3576,Guapira cajalbanensis,0,1,0,,1,0,1,0,
30,305,303,M.A.Díaz,20498,3576,Guapira peninsularis,0,1,0,,1,0,1,0,
30,305,303,(Griseb.) Urb.,20511,3579,Guatteria blainii,0,1,0,,1,0,1,0,
30,305,303,Bisse,20526,3581,Guettarda baracoensis,0,1,0,,1,0,1,0,
30,305,303,O.Muñiz,20960,3664,Harpalyce borhidii,0,1,0,,1,0,1,0,
30,305,303,Areces,20986,3667,Harrisia taetra,0,1,0,,1,0,1,0,
30,305,303,A.Rich.,22921,3912,Hypericum styphelioides,0,1,0,,1,0,1,0,
30,305,303,A.C.Sm.,23216,3940,Illicium cubense,0,1,0,,1,0,1,0,
30,305,303,A.C.Sm.,23216,3940,Illicium cubense,0,1,0,,1,0,1,0,
30,305,303,Alain,23442,3957,Ipomoea merremioides,0,1,0,,1,0,1,0,
30,305,303,H.Dietr.,25170,4222,Lepanthes silvae,0,1,0,,1,0,1,0,
30,305,303,Areces,25426,4249,Leptocereus carinatus,0,1,0,,1,0,1,0,
30,305,303,Bisse,26201,4334,Linum cubense,0,1,0,,1,0,1,0,
30,305,303,Bisse,27417,4484,Magnolia cristalensis,0,1,0,,1,0,1,0,
30,305,303,Nied.,27582,4507,Malpighia nummulariifolia,0,1,0,,1,0,1,0,
30,305,303,Nied.,27582,4507,Malpighia nummulariifolia,0,1,0,,1,0,1,0,
30,305,303,Nied.,27582,4507,Malpighia nummulariifolia,0,1,0,,1,0,1,0,
30,305,303,(F.K.Mey.) F.K.Mey.,27554,4507,Malpighia cristalensis,0,1,0,,1,0,1,0,
30,305,303,Nied.,27582,4507,Malpighia nummulariifolia,0,1,0,,1,0,1,0,
30,305,303,Nied.,27582,4507,Malpighia nummulariifolia,0,1,0,,1,0,1,0,
30,305,303,Urb.,27999,4581,Maytenus loeseneri,0,1,0,,1,0,0,0,
30,305,303,Alain,28012,4581,Maytenus revoluta,0,1,0,,1,0,0,0,
30,305,303,Alain,28012,4581,Maytenus revoluta,0,1,0,,1,0,0,0,
30,305,303,Alain,28012,4581,Maytenus revoluta,0,1,0,,1,0,0,0,
30,305,303,Mory,28020,4581,Maytenus urquiolae,0,1,0,,1,0,0,0,
30,305,303,A.Rodr.,28432,4631,Melochia bissei,0,1,0,,1,0,1,0,
30,305,303,(Borhidi & O.Muñiz) Bisse,29434,4808,Mosiera acunae,0,1,0,,1,0,1,0,
30,305,303,Lippold,441421,4923,Neobracea acunana,0,1,0,,1,0,1,0,
30,305,303,Bisse,441460,5060,Ocotea acunana,0,1,0,,1,0,1,0,
30,305,303,Bisse,30595,5060,Ocotea cristalensis,0,1,0,,1,0,1,0,
30,305,303,Bisse,30610,5060,Ocotea libanensis,0,1,0,,1,0,1,0,
30,305,303,Bisse,441461,5060,Ocotea moaensis,0,1,0,,1,0,1,0,
30,305,303,Gonz.Géigel,31711,5238,Paepalanthus moaensis,0,1,0,,1,0,1,0,
30,305,303,Gonz.Géigel,31712,5238,Paepalanthus nipensis,0,1,0,,1,0,1,0,
30,305,303,Urb.,32317,5316,Passiflora cubensis,0,1,0,,1,0,1,0,
30,305,303,Duharte,32334,5316,Passiflora maestrensis,0,1,0,,1,0,1,0,
30,305,303,Griseb.,33565,5501,Phyllanthus myrtilloides,0,1,0,,1,0,1,0,
30,305,303,Grudz.,33883,5542,Pilea bissei,0,1,0,,1,0,1,0,
30,305,303,Grudz.,33950,5542,Pilea granmae,0,1,0,,1,0,1,0,
30,305,303,C.V.Morton,34004,5542,Pilea obscura,0,1,0,,1,0,1,0,
30,305,303,C.V.Morton,34004,5542,Pilea obscura,0,1,0,,1,0,1,0,
30,305,303,Saralegui,34453,5565,Piper lippoldii,0,1,0,,1,0,1,0,
30,305,303,Urb.,35929,5733,Portulaca brevifolia,0,1,0,,1,0,1,0,
30,305,303,Bisse,36337,5778,Protium baracoense,0,1,0,,1,0,1,0,
30,305,303,Bisse,36342,5778,Protium maestrense,0,1,0,,1,0,1,0,
30,305,303,Bisse,36441,5795,Pseudocarpidium neglecta,0,1,0,,1,0,1,0,
30,305,303,Vict.,37332,5883,Purdiaea ophiticola,0,1,0,,1,0,1,0,
30,305,303,G.Klotz,38478,6028,Rochefortia oblanceata,0,1,0,,1,0,1,0,
30,305,303,G.Klotz,38480,6028,Rochefortia septentrionalis,0,1,0,,1,0,1,0,
30,305,303,G.Klotz,38480,6028,Rochefortia septentrionalis,0,1,0,,1,0,1,0,
30,305,303,Britton & P.Wilson,38482,6028,Rochefortia stellata,0,1,0,,1,0,1,0,
30,305,303,G.Klotz,38483,6028,Rochefortia victoriniana,0,1,0,,1,0,1,0,
30,305,303,Alain,38567,6041,Rondeletia grandisepala,0,1,0,,1,0,1,0,
30,305,303,Borhidi & M.Fernández,38631,6041,Rondeletia steirophylloides,0,1,0,,1,0,1,0,
30,305,303,Lippold,41294,6329,Serjania lineariifolia,0,1,0,,1,0,1,0,
30,305,303,Lippold,41297,6329,Serjania microphylla,0,1,0,,1,0,1,0,
30,305,303,Tzvelev,41389,6346,Seymeriopsis bissei,0,1,0,,1,0,1,0,
30,305,303,(L.) Sw.,42809,6527,Stemodia durantifolia,0,1,0,,1,0,1,0,
30,305,303,Tzvelev,42810,6527,Stemodia fruticulosa,0,1,0,,1,0,1,0,
30,305,303,H.Dietr.,442675,6531,Stenandrium arnoldii,0,1,0,,1,0,1,0,
30,305,303,Nees,42824,6531,Stenandrium droseroides,0,1,0,,1,0,1,0,
30,305,303,H.Dietr.,42828,6531,Stenandrium pallidum,0,1,0,,1,0,1,0,
30,305,303,Borhidi,42901,6545,Stenostomum baracoense,0,1,0,,1,0,1,0,
30,305,303,Borhidi,42902,6545,Stenostomum biflorum,0,1,0,,1,0,1,0,
30,305,303,Borhidi,42905,6545,Stenostomum cuspidatum,0,1,0,,1,0,1,0,
30,305,303,Borhidi,42911,6545,Stenostomum imbricatum,0,1,0,,1,0,1,0,
30,305,303,Borhidi,42932,6545,Stenostomum revolutum,0,1,0,,1,0,1,0,
30,305,303,Bisse,43727,6655,Tabebuia jaucoensis,0,1,0,,1,0,1,0,
30,305,303,Bisse,442761,6717,Terminalia aroldoi,0,1,0,,1,0,1,0,
30,305,303,Bisse,44490,6717,Terminalia maestrensis,0,1,0,,1,0,1,0,
30,305,303,Bisse,44588,6727,Tetralix jaucoensis,0,1,0,,1,0,1,0,
30,305,303,Bisse,44587,6727,Tetralix cristalensis,0,1,0,,1,0,1,0,
30,305,303,Bisse,442781,6727,Tetralix moaensis,0,1,0,,1,0,1,0,
30,305,303,Lippold,45017,6779,Thouinia clarensis,0,1,0,,1,0,1,0,
30,305,303,Lippold,45021,6779,Thouinia holguinensis,0,1,0,,1,0,1,0,
30,305,303,Lippold,45024,6779,Thouinia maestrensis,0,1,0,,1,0,1,0,
30,305,303,Lippold,45033,6779,Thouinia stricta,0,1,0,,1,0,1,0,
30,305,303,R.Berazaín,46306,7029,Vaccinium bissei,0,1,0,,1,0,1,0,
30,305,303,A.Rodr.,47198,7110,Waltheria arenicola,0,1,0,,1,0,1,0,
30,305,303,J.E.Gut.,47545,947,Xylosma iberiensis,0,1,0,,1,0,1,0,
30,305,303,L.,34501,5565,Piper umbellatum,0,1,0,,0,0,0,0,
30,305,303,(Nees) Kuntze,30656,5070,Odontonema cuspidatum,0,0,0,,0,0,0,0,
30,305,303,(DC.) Britton,43705,6655,Tabebuia berteroi,0,1,0,,1,0,0,0,
30,305,303,Schltdl.,45194,6809,Tillandsia variabilis,0,1,0,,0,0,0,0,
30,305,303,L.,40057,6173,Satureja hortensis,0,0,0,,0,0,0,0,
30,305,303,(Lindl.) Schltr.,20934,3655,Hapalorchis lineata,0,1,0,,0,0,0,0,
30,305,303,Aubl.,33133,5448,Pharus lappulaceus,0,1,0,,0,0,0,0,
30,305,303,Lindau,10303,2361,Coccoloba wrightii,0,1,0,,1,0,0,0,
30,305,303,Lam.,26545,4356,Lobelia salicina,0,1,0,,1,0,0,0,
30,305,303,(Spreng.) H.S.Irwin & Barneby,41208,6320,Senna domingensis,0,1,0,,1,0,0,0,
30,305,303,(Griseb.) Schltr.,12577,2638,Cyclopogon cranichoides,0,1,0,,0,0,0,0,
30,305,303,(Sw.) Schltr.,12578,2638,Cyclopogon elatus,0,1,0,,0,0,0,0,
30,305,303,(Jacq.) A.Dietr.,32749,5382,Peperomia magnoliifolia,0,1,0,,0,0,0,0,
30,305,303,(Sw.) Zuloaga & Soderstr.,22302,3833,Homolepis glutinosa,0,1,0,,0,0,0,0,
30,305,303,(A.Juss.) Urb.,27576,4507,Malpighia megacantha,0,1,0,,1,0,0,0,
30,305,303,(Aubl.) Griseb.,37992,5954,Renealmia aromatica,0,1,0,,0,0,0,0,
30,305,303,(Gaertn.) Horan.,37995,5954,Renealmia jamaicensis,0,1,0,,1,0,0,0,
30,305,303,Lam.,10169,2345,Clitoria falcata,0,1,0,,0,0,0,0,
30,305,303,(Aubl.) Benth.,10170,2345,Clitoria guianensis,0,1,0,,0,0,0,0,
30,305,303,Poir.,10172,2345,Clitoria laurifolia,0,1,0,,0,0,0,0,
30,305,303,L.,10175,2345,Clitoria ternatea,0,0,0,,0,0,0,0,
30,305,303,L.,10175,2345,Clitoria ternatea,0,0,0,,0,0,0,0,
30,305,303,Dod,27489,4497,Malaxis apiculata,0,1,0,,1,0,0,0,
30,305,303,Alain,43714,6655,Tabebuia crispiflora,0,1,0,,1,0,0,0,
30,305,303,(Endl.) Lowry & G.M.Plunkett,442362,20102,Heptapleurum actinophyllum,0,0,0,,0,0,0,0,
30,305,303,(Griseb.) Britton,43737,6655,Tabebuia myrtifolia,0,1,0,,1,0,0,0,
30,305,303,(Mill.) Judd & Ionta,345879,4675,Miconia umbellata,0,1,0,,1,0,0,0,
30,305,303,Ekman & Mansf.,12579,2638,Cyclopogon laxiflorus,0,1,0,,1,0,0,0,
30,305,303,"(Vent.) Ionta, Judd & Skean",353113,4675,Miconia scalpta,0,1,0,,1,0,0,0,
30,305,303,Raf.,442302,6126,Samolus parviflorus,0,1,0,,0,0,0,0,
30,305,303,(Britton) Britton & Rose,9449,2238,Chloroleucon guantanamense,0,1,0,,1,0,0,0,
30,305,303,Aubl.,31749,5245,Palicourea guianensis,0,1,0,,0,0,0,0,
30,305,303,Loes.,23106,3938,Ilex berteroi,0,1,0,,1,0,0,0,
30,305,303,(Molina) K.Koch,2869,1419,Araucaria araucana,0,0,0,,0,0,0,0,
30,305,303,(Baker) M.A.Spencer & L.B.Sm.,442827,11164,Racinaea jenmanii,0,1,0,,0,0,0,0,
30,305,303,(DC.) Britton,9084,2170,Chamaecrista pedicellaris,0,1,0,,1,0,0,0,
30,305,303,(Griseb.) Kuijt,2588,1357,Antidaphne wrightii,0,1,0,,1,0,0,0,
30,305,303,Baill.,33533,5501,Phyllanthus lindenianus,0,1,0,,1,0,0,0,
30,305,303,(Sw.) DC.,17486,3227,Eugenia lineata,0,1,0,,1,0,0,0,
30,305,303,(A.Rich. & Galeotti) Hamer & Garay,6898,1913,Calanthe calanthoides,0,1,0,,0,0,0,0,
30,305,303,L.,34394,5563,Pinus taeda,0,0,0,,0,0,0,0,
30,305,303,A.Rich.,20560,3581,Guettarda lindeniana,0,1,0,,1,0,0,0,
30,305,303,Pers.,5964,1849,Brugmansia × candida,0,0,0,,0,0,0,0,
30,305,303,Willd.,170,962,Acacia mangium,0,0,0,,0,0,0,0,
30,305,303,(Lam.) Pers.,438807,4031,Kalanchoe pinnata,0,0,0,,0,0,0,0,
30,305,303,(L.) Kuntze,19723,3462,Gesneria fruticosa,0,1,0,,1,0,0,0,
30,305,303,L.,32311,5316,Passiflora capsularis,0,1,0,,0,0,0,0,
30,305,303,(L.) DC.,36594,5835,Psophocarpus tetragonolobus,0,0,0,,0,0,0,0,
30,305,303,(Aubl.) Decne. & Planch.,442374,8893,Didymopanax morototoni,0,1,0,,0,0,0,0,
30,305,303,E.Mey.,20067,3521,Gomphocarpus physocarpus,0,0,0,,0,0,0,0,
30,305,303,(Sw.) Benth. & Hook.f. ex Klatt,9125,2187,Chaptalia albicans,0,1,0,,0,0,0,0,
30,305,303,DC.,16801,3164,Erigeron bellioides,0,1,0,,1,0,0,0,
30,305,303,(Leonard) Alain,42562,6491,Spirotecoma rubriflora,0,1,0,,1,0,0,0,
30,305,303,(L.) R.Br.,23454,3957,Ipomoea pes-caprae,0,1,0,,0,0,0,0,
30,305,303,(Kunth) Jessop,3643,1506,Asparagus setaceus,0,0,0,,0,0,0,0,
30,305,303,(A.Rich.) T.D.Penn.,27719,4522,Manilkara valenzuelana,0,1,0,,1,0,0,0,
30,305,303,(Griseb.) Radlk.,36087,5744,Pouteria dictyoneura,0,1,0,,1,0,1,0,
30,305,303,(Ruiz & Pav.) Juss.,1700,1190,Aloysia virgata,0,0,0,,0,0,0,0,
30,305,303,Griseb.,24221,4034,Kalmia ericoides,0,1,0,,1,0,1,0,
30,305,303,(A.Rich.) Griseb.,27079,4431,Lyonia glandulosa,0,1,0,,1,0,1,0,
30,305,303,(A.Rich.) Griseb.,27079,4431,Lyonia glandulosa,0,1,0,,1,0,1,0,
30,305,303,(A.Rich.) Griseb.,27082,4431,Lyonia latifolia,0,1,0,,1,0,1,0,
30,305,303,Urb.,27091,4431,Lyonia nipensis,0,1,0,,1,0,1,0,
30,305,303,Judd,27098,4431,Lyonia trinidadensis,0,1,0,,1,0,1,0,
30,305,303,Griseb.,46315,7029,Vaccinium cubense,0,1,0,,1,0,1,0,
30,305,303,Griseb.,46315,7029,Vaccinium cubense,0,1,0,,1,0,0,0,
30,305,303,(Vahl) Wilbur & Luteyn,46341,7029,Vaccinium racemosum,0,1,0,,1,0,1,0,
30,305,303,(Hook.) G.Don,33219,5464,Philodendron fragrantissimum,0,1,0,,0,0,0,0,
30,305,303,Regel,42308,6455,Spathiphyllum wallisii,0,0,0,,0,0,0,0,
30,305,303,(Jacq.) Schott,33229,5464,Philodendron pinnatifidum,0,0,0,,0,0,0,0,
30,305,303,Scheidw.,3290,1466,Aristolochia glandulosa,0,1,0,,1,0,1,0,
30,305,303,Griseb.,3336,1466,Aristolochia trichostoma,0,1,0,,1,0,1,0,
30,305,303,C.Wright ex Griseb.,3272,1466,Aristolochia clavidenia,0,1,0,,1,0,1,0,
30,305,303,A.Rich.,3313,1466,Aristolochia passiflorifolia,0,1,0,,1,0,0,0,
30,305,303,Cav.,29130,4732,Mimosa distachya,0,1,0,,0,0,0,0,
30,305,303,L.,29139,4732,Mimosa pigra,0,1,0,,0,0,0,0,
30,305,303,L.,29141,4732,Mimosa pudica,0,0,0,,0,0,0,0,
30,305,303,L.,29141,4732,Mimosa pudica,0,1,0,,0,0,0,0,
30,305,303,L.,29141,4732,Mimosa pudica,0,1,0,,0,0,0,0,
30,305,303,Poir.,441266,4732,Mimosa tetragona,0,0,0,,0,0,0,0,
30,305,303,(L.) Wight & Arn.,14201,2828,Dichrostachys cinerea,0,0,0,,0,0,0,0,
30,305,303,(L.) Britton & Rose,442501,7253,Senegalia tenuifolia,0,1,0,,0,0,0,0,
30,305,303,(L.) Wight & Arn.,436114,7256,Vachellia farnesiana,0,0,0,,0,0,0,0,
30,305,303,(Sw.) Britton & Rose,438133,963,Acaciella villosa,0,0,0,,0,0,0,0,
30,305,303,Harms,23321,3947,Inga acreana,0,0,0,,0,0,0,0,
30,305,303,Willd.,23335,3947,Inga punctata,0,1,0,,0,0,0,0,
30,305,303,(Britton & P.Wilson) Barneby & J.W.Grimes,36501,5814,Pseudosamanea cubana,0,1,0,,1,0,1,0,
30,305,303,(Jacq.) Britton & Rose,9450,2238,Chloroleucon mangense,0,1,0,,0,0,0,0,
30,305,303,(L.) Benth.,27115,4438,Lysiloma latisiliquum,0,1,0,,0,0,0,0,
30,305,303,(A.Rich.) Griseb.,6989,1928,Calliandra pauciflora,0,1,0,,1,0,1,0,
30,305,303,(Britton) Urb.,6981,1928,Calliandra enervis,0,1,0,,1,0,1,0,
30,305,303,(L.) Benth.,34603,5582,Pithecellobium unguis-cati,0,1,0,,0,0,0,0,
30,305,303,"(Catasús) C.D.Tyrrell, Londoño & L.G.Clark",418275,19612,Tibisia pinifolia,0,1,0,,1,0,1,0,
30,305,303,L.,3554,1495,Arundo donax,0,0,0,,0,0,0,0,
30,305,303,Catasús,3206,1465,Aristida bissei,0,1,0,,1,0,1,0,
30,305,303,Catasús,3238,1465,Aristida pinifolia,0,1,0,,1,0,1,0,
30,305,303,Elliott,3252,1465,Aristida spiciformis,0,1,0,,1,0,0,0,
30,305,303,Lam.,26584,4364,Lolium multiflorum,0,0,0,,0,0,0,0,
30,305,303,L.,22334,3839,Hordeum vulgare,0,0,0,,0,0,0,0,
30,305,303,(B.L.Rob.) P.M.Peterson,439275,4251,Leptochloa anisopoda,0,1,0,,0,0,0,0,
30,305,303,Catasús,9429,2236,Chloris berazainiae,0,1,0,,1,0,1,0,
30,305,303,(K.Schum.) Pilg.,12760,2653,Cynodon plectostachyus,0,0,0,,0,0,0,0,
30,305,303,(Desf.) Trin. ex Steud.,16652,3146,Eragrostis atrovirens,0,0,0,,0,0,0,0,
30,305,303,(Trin.) Kunth,42584,6495,Sporobolus domingensis,0,1,0,,0,0,0,0,
30,305,303,(Kunth ex Willd.) Kuntze,3550,1494,Arundinella hispida,0,1,0,,0,0,0,0,
30,305,303,Kunth,2232,1297,Andropogon gayanus,0,0,0,,0,0,0,0,
30,305,303,(Retz.) Alston,40363,6214,Schizachyrium sanguineum,0,1,0,,0,0,0,0,
30,305,303,(L.) Stapf,22830,3907,Hyparrhenia hirta,0,0,0,,0,0,0,0,
30,305,303,Parodi,442595,6438,Sorghum almum,0,0,0,,0,0,0,0,
30,305,303,(L.) DC.,47615,7185,Youngia japonica,0,0,0,,0,0,0,0,
30,305,303,(Link ex A.Dietr.) Britton & Rose,41028,6306,Selenicereus pteranthus,0,0,0,,0,0,0,0,
30,305,303,Cambess.,7136,1948,Calophyllum brasiliense,0,1,0,,0,0,0,0,
30,305,303,(L.) Moench,9080,2170,Chamaecrista nictitans,0,1,0,,0,0,0,0,
30,305,303,(Kunth) G.Mans.,47721,7201,Zeltnera quitensis,0,1,0,,0,0,0,0,
30,305,303,(Kunth) Nees,30066,4904,Nectandra turbacensis,0,1,0,,0,0,0,0,
30,305,303,"(Desp. ex Cav.) Krapov., Fryxell & Bates",1635,1180,Allosidastrum pyramidatum,0,1,0,,0,0,0,0,
30,305,303,Ames,35878,5724,Ponthieva brittoniae,0,1,0,,0,0,0,0,
30,305,303,(Nash) Nash,438422,1297,Andropogon tenuispatheus,0,1,0,,0,0,0,0,
30,305,303,(L.) Keng,5588,1788,Bothriochloa ischaemum,0,0,0,,0,0,0,0,
30,305,303,L.,31926,5253,Panicum miliaceum,0,0,0,,0,0,0,0,
30,305,303,(Poir.) Kerguélen,41370,6341,Setaria parviflora,0,1,0,,0,0,0,0,
30,305,303,(Griseb.) Terrell & W.H.Lewis,30773,5084,Oldenlandiopsis callitrichoides,0,1,0,,0,0,0,0,
30,305,303,L.,47006,7086,Vitex negundo,0,0,0,,0,0,0,0,
30,305,303,(Mill.) Wedd.,440185,3405,Gamochaeta americana,0,1,0,,0,0,0,0,
30,305,303,(L.) Cabrera,440189,3405,Gamochaeta purpurea,0,1,0,,0,0,0,0,
30,305,303,(Ramond) DC.,25556,4278,Leucanthemum maximum,0,0,0,,0,0,0,0,
30,305,303,L.,6301,1886,Burmannia biflora,0,1,0,,0,0,0,0,
30,305,303,Wiersema,6431,1898,Cabomba haynesii,0,1,0,,0,0,0,0,
30,305,303,M.Gómez,438811,6717,Terminalia molinetii,0,1,0,,1,0,0,0,
30,305,303,Seub.,10625,2425,Commelina rufipes,0,1,0,,0,0,0,0,
30,305,303,Jacq.,440657,3957,Ipomoea hederacea,0,0,0,,0,0,0,0,
30,305,303,Eckl. & Zeyh.,332867,4031,Kalanchoe delagoensis,0,0,0,,0,0,0,0,
30,305,303,Engelm.,12276,2613,Cuscuta pentagona,0,1,0,,0,0,0,0,
30,305,303,(Nees) Griseb.,442199,6005,Rhynchospora pura,0,1,0,,0,0,0,0,
30,305,303,L.,14452,2867,Dioscorea villosa,0,0,0,,0,0,0,0,
30,305,303,A.DC.,439845,2868,Diospyros blancoi,0,0,0,,0,0,0,0,
30,305,303,(Hemsl.) Airy Shaw,46551,7061,Vernicia fordii,0,0,0,,0,0,0,0,
30,305,303,Britton,1373,1150,Albizia carbonaria,0,0,0,,0,0,0,0,
30,305,303,L.,42184,6434,Sophora tomentosa,0,1,0,,0,0,0,0,
30,305,303,(Ruiz & Pav.) Rohwer,30059,4904,Nectandra hihua,0,1,0,,0,0,0,0,
30,305,303,DC.,17348,3227,Eugenia aeruginea,0,1,0,,0,0,0,0,
30,305,303,Wiersema,30470,5040,Nymphaea conardii,0,1,0,,0,0,0,0,
30,305,303,Griseb.,20851,3631,Haenianthus salicifolius,0,1,0,,1,0,0,0,
30,305,303,Ackerman,11433,2530,Cranichis ricartii,0,1,0,,1,0,0,0,
30,305,303,Aiton,32312,5316,Passiflora ciliata,0,1,0,,0,0,0,0,
30,305,303,Steud.,14312,2853,Digitaria eriantha,0,0,0,,0,0,0,0,
30,305,303,(Sw.) Kartesz & Gandhi,18830,3365,Frangula sphaerosperma,0,1,0,,1,0,0,0,
30,305,303,Urb.,41567,6367,Sideroxylon portoricense,0,1,0,,1,0,0,0,
30,305,303,(L.) Torr.,27638,4510,Malvastrum americanum,0,1,0,,0,0,0,0,
30,305,303,(Jacq.) Sweet,34536,5575,Piriqueta racemosa,0,1,0,,0,0,0,0,
30,305,303,(L.) Nicolson & C.E.Jarvis,9742,2302,Cissus verticillata,0,1,0,,1,0,0,0,
30,305,303,(L.) Nicolson & C.E.Jarvis,9742,2302,Cissus verticillata,0,1,0,,1,0,0,0,
30,305,303,Planch.,9743,2302,Cissus wrightiana,0,1,0,,1,0,0,0,
30,305,303,(DC.) David W.Taylor,439361,19313,Wandersong exserta,0,1,0,,1,0,0,0,
30,305,303,(Urb.) B.Ståhl & Källersjö,5524,1772,Bonellia brevifolia,0,1,0,,1,0,1,0,
30,305,303,(Lepper) B.Ståhl & Källersjö,5525,1772,Bonellia lippoldii,0,1,0,,1,0,1,0,
30,305,303,(Urb.) B.Ståhl & Källersjö,5528,1772,Bonellia shaferi,0,1,0,,1,0,1,0,
30,305,303,(Urb.) B.Ståhl & Källersjö,5529,1772,Bonellia stenophylla,0,1,0,,1,0,0,0,
30,305,303,Judd,28829,4675,Miconia skeaniana,0,1,0,,1,0,1,0,
30,305,303,A.Rich.,38515,6041,Rondeletia alaternoides,0,1,0,,1,0,1,0,
30,305,303,Sw.,36749,5840,Psychotria horizontalis,0,1,0,,0,0,0,0,
30,305,303,(Borhidi) Borhidi,24553,4115,Lachnorhiza micrantha,0,1,0,,1,0,1,0,
30,305,303,L.,11824,2566,Croton glabellus,0,1,0,,0,0,0,0,
30,305,303,(Mill.) J.R.Johnst.,13434,2721,Daphnopsis americana,0,1,0,,1,0,0,0,
30,305,303,Spreng.,443140,7128,Wigandia pruritiva,0,1,0,,1,0,0,0,
30,305,303,(L.) H.S.Irwin & Barneby,41214,6320,Senna hirsuta,0,1,0,,0,0,0,0,
30,305,303,(Britton) H.S.Irwin & Barneby,41244,6320,Senna stenophylla,0,1,0,,1,0,1,0,
30,305,303,(Isely) A.Barreto & Yakovlev,41202,6320,Senna chapmanii,0,1,0,,0,0,0,0,
30,305,303,(Humb. & Bonpl. ex Willd.) H.S.Irwin & Barneby,41227,6320,Senna pendula,0,1,0,,0,0,0,0,
30,305,303,(Humb. & Bonpl. ex Willd.) H.S.Irwin & Barneby,41227,6320,Senna pendula,0,0,0,,0,0,0,0,
30,305,303,(Britton & P.Wilson) H.S.Irwin & Barneby,41200,6320,Senna benitoensis,0,1,0,,1,0,1,0,
30,305,303,(Britton & Rose) H.S.Irwin & Barneby,41216,6320,Senna insularis,0,1,0,,1,0,1,0,
30,305,303,(Vogel) H.S.Irwin & Barneby,41228,6320,Senna pilifera,0,1,0,,0,0,0,0,
30,305,303,(Benth.) H.S.Irwin & Barneby,41236,6320,Senna robiniifolia,0,1,0,,0,0,0,0,
30,305,303,(Pohl ex Benth.) H.S.Irwin & Barneby,41193,6320,Senna aculeata,0,0,0,,0,0,0,0,
30,305,303,(Borhidi) A.Barreto & Yakovlev,41194,6320,Senna acunae,0,1,0,,1,0,1,0,
30,305,303,(Urb.) H.S.Irwin & Barneby,41212,6320,Senna gundlachii,0,1,0,,1,0,1,0,
30,305,303,(Mill.) H.S.Irwin & Barneby,41234,6320,Senna racemosa,0,1,0,,0,0,0,0,
30,305,303,(Moldenke) H.S.Irwin & Barneby,9064,2170,Chamaecrista bucherae,0,1,0,,1,0,1,0,
30,305,303,(Vahl) H.S.Irwin & Barneby,9073,2170,Chamaecrista hispidula,0,1,0,,0,0,0,0,
30,305,303,(L.) Greene,9070,2170,Chamaecrista flexuosa,0,1,0,,0,0,0,0,
30,305,303,(Schltdl. & Cham.) H.S.Irwin & Barneby,9074,2170,Chamaecrista kunthiana,0,1,0,,0,0,0,0,
30,305,303,(L.) Greene,9085,2170,Chamaecrista pilosa,0,1,0,,0,0,0,0,
30,305,303,(L.) Greene,9090,2170,Chamaecrista serpens,0,1,0,,0,0,0,0,
30,305,303,(L.) Moench,9080,2170,Chamaecrista nictitans,0,1,0,,0,0,0,0,
30,305,303,(L.) Moench,9080,2170,Chamaecrista nictitans,0,1,0,,0,0,0,0,
30,305,303,A.Barreto & Yakovlev,9068,2170,Chamaecrista falcifoliolata,0,1,0,,1,0,1,0,
30,305,303,A.Barreto & Yakovlev,9066,2170,Chamaecrista cupeyalensis,0,1,0,,1,0,1,0,
30,305,303,A.Barreto & Yakovlev,9091,2170,Chamaecrista takhtajanii,0,1,0,,1,0,1,0,
30,305,303,(Sw.) Greene,9076,2170,Chamaecrista lineata,0,1,0,,1,0,1,0,
30,305,303,(DC.) Britton,9084,2170,Chamaecrista pedicellaris,0,1,0,,1,0,0,0,
30,305,303,(DC.) Britton,9088,2170,Chamaecrista pygmaea,0,1,0,,1,0,1,0,
30,305,303,(DC.) Britton,9088,2170,Chamaecrista pygmaea,0,1,0,,1,0,1,0,
30,305,303,(DC.) Britton,9088,2170,Chamaecrista pygmaea,0,1,0,,1,0,1,0,
30,305,303,(Moric.) J.Léonard,440340,3582,Guibourtia hymenaeifolia,0,1,0,,1,0,1,0,
30,305,303,L.,11758,2565,Crotalaria quinquefolia,0,1,0,,1,0,1,0,
30,305,303,Bal.-Tul. & P.Herrera,47814,7215,Zornia dichotoma,0,1,0,,1,0,1,0,
30,305,303,Bal.-Tul. & P.Herrera,47811,7215,Zornia arenicola,0,1,0,,1,0,1,0,
30,305,303,Vogel,43245,6606,Stylosanthes scabra,0,1,0,,0,0,0,0,
30,305,303,(C.Wright) Lavin,35389,5685,Poitea immarginata,0,1,0,,1,0,1,0,
30,305,303,(Griseb.) Lavin,35388,5685,Poitea gracilis,0,1,0,,1,0,1,0,
30,305,303,(Jacq.) W.Wight,41313,6336,Sesbania bispinosa,0,0,0,,0,0,0,0,
30,305,303,(Retz.) Poir.,41314,6336,Sesbania cannabina,0,0,0,,0,0,0,0,
30,305,303,(Aubl.) Lemée,42512,6481,Spigelia guianensis,0,1,0,,0,0,0,0,
30,305,303,A.DC.,42513,6481,Spigelia hedyotidea,0,1,0,,0,0,0,0,
30,305,303,L.,43215,6600,Strychnos nux-vomica,0,0,0,,0,0,0,0,
30,305,303,Lippold,41300,6329,Serjania occidentalis,0,1,0,,1,0,1,0,
30,305,303,(Krug & Urb.) Leiva & I.Arias,13796,2776,Dendropemon confertiflorus,0,1,0,,1,0,1,0,
30,305,303,(Standl.) Alain,1817,1202,Alternanthera crassifolia,0,1,0,,1,0,1,0,
30,305,303,León & Alain,2468,1333,Annona moaensis,0,1,0,,1,0,1,0,
30,305,303,Alain,23128,3938,Ilex eoa,0,1,0,,1,0,1,0,
30,305,303,Alain,23205,3938,Ilex valenzuelana,0,1,0,,1,0,1,0,
30,305,303,"(C.Wright) Mangelsdorff, Meve & Liede",441178,20061,Tylodontia fuscula,0,1,0,,1,0,1,0,
30,305,303,Alain,43712,6655,Tabebuia clementis,0,1,0,,1,0,1,0,
30,305,303,Alain,43732,6655,Tabebuia linearis,0,1,0,,1,0,1,0,
30,305,303,Carabia ex Alain,43756,6655,Tabebuia simplicifolia,0,1,0,,1,0,1,0,
30,305,303,Alain,5647,1794,Bourreria turquinensis,0,1,0,,1,0,1,0,
30,305,303,Alain,10978,2471,Cordia curbeloi,0,1,0,,1,0,1,0,
30,305,303,(Urb.) Alain,11034,2471,Cordia pulverulenta,0,1,0,,1,0,1,0,
30,305,303,Alain,11056,2471,Cordia vanhermannii,0,1,0,,1,0,1,0,
30,305,303,Alain,23397,3957,Ipomoea clarensis,0,1,0,,1,0,1,0,
30,305,303,(Britton) Urb.,33632,5501,Phyllanthus scopulorum,0,1,0,,1,0,1,0,
30,305,303,Alain,6405,1895,Byrsonima parvifolia,0,1,0,,1,0,1,0,
30,305,303,Urb.,439332,4675,Miconia pterosepala,0,1,0,,1,0,1,0,
30,305,303,(Griseb.) Alain,28748,4675,Miconia alternifolia,0,1,0,,1,0,1,0,
30,305,303,Alain,28756,4675,Miconia bucherae,0,1,0,,1,0,1,0,
30,305,303,Alain,28784,4675,Miconia lenticellata,0,1,0,,1,0,1,0,
30,305,303,(Britton) Alain,28794,4675,Miconia moensis,0,1,0,,1,0,1,0,
30,305,303,Alain,28816,4675,Miconia rhombifolia,0,1,0,,1,0,1,0,
30,305,303,Alain,28843,4675,Miconia uninervis,0,1,0,,1,0,1,0,
30,305,303,Alain,28844,4675,Miconia victorinii,0,1,0,,1,0,1,0,
30,305,303,Bécquer & Michelang.,418051,4675,Miconia lutgardae,0,1,0,,1,0,1,0,
30,305,303,"Judd, Bécquer & Majure",441542,4675,Miconia scaberrima,0,1,0,,1,0,1,0,
30,305,303,(Alain) A.R.Lourenço & E.Lucas,438978,4842,Myrcia moaensis,0,1,0,,1,0,1,0,
30,305,303,Alain,17345,3227,Eugenia acunae,0,1,0,,1,0,1,0,
30,305,303,Alain,17491,3227,Eugenia lucens,0,1,0,,1,0,1,0,
30,305,303,Alain,17619,3227,Eugenia victorinii,0,1,0,,1,0,1,0,
30,305,303,(Alain) Alain,29719,4842,Myrcia albescens,0,1,0,,1,0,1,0,
30,305,303,(Urb.) Alain,29733,4842,Myrcia maestrensis,0,1,0,,1,0,1,0,
30,305,303,(Urb.) Alain,29738,4842,Myrcia oligostemon,0,1,0,,1,0,1,0,
30,305,303,(Hook.) W.E.Higgins,36332,5775,Prosthechea pygmaea,0,1,0,,1,0,1,0,
30,305,303,Alain,32657,5382,Peperomia acaulis,0,1,0,,1,0,1,0,
30,305,303,Alain,10299,2361,Coccoloba toaensis,0,1,0,,1,0,1,0,
30,305,303,Alain,38566,6041,Rondeletia glomeruliflora,0,1,0,,1,0,1,0,
30,305,303,Alain,38584,6041,Rondeletia linearisepala,0,1,0,,1,0,1,0,
30,305,303,C.Wright,442211,6041,Rondeletia avenia,0,1,0,,1,0,1,0,
30,305,303,(L.) P.Beauv.,31072,5124,Oplismenus hirtellus,0,1,0,,1,0,1,0,
30,305,303,Catasús,32220,5315,Paspalum comasii,0,1,0,,1,0,1,0,
30,305,303,Catasús,32243,5315,Paspalum itaboense,0,1,0,,1,0,1,0,
30,305,303,(L.) Moench,9080,2170,Chamaecrista nictitans,0,1,0,,1,0,1,0,
30,305,303,L.,42184,6434,Sophora tomentosa,0,1,0,,1,0,1,0,
30,305,303,(L.) A.Berger,10727,2451,Consolea moniliformis,0,1,0,,1,0,1,0,
30,305,303,(Griseb.) Areces,12642,2643,Cylindropuntia hystrix,0,1,0,,1,0,1,0,
30,305,303,Britton & Rose,25436,4249,Leptocereus sylvestris,0,1,0,,1,0,1,0,
30,305,303,Areces,25435,4249,Leptocereus scopulophilus,0,1,0,,1,0,1,0,
30,305,303,M.A.Díaz,441415,4905,Neea cubana,0,1,0,,1,0,1,0,
30,305,303,Griseb.,34564,5577,Pisonia rotundata,0,1,0,,1,0,1,0,
30,305,303,Hágsater & M.A.Díaz,16499,3135,Epidendrum orientale,0,1,0,,1,0,0,0,
30,305,303,(Rich.) Urb.,8330,897,Casearia arborea,0,1,0,,1,0,1,0,
30,305,303,Panfet,29946,4865,Myrsine turquinensis,0,1,0,,1,0,1,0,
30,305,303,Jacq.,38602,6041,Rondeletia odorata,0,1,0,,1,0,1,0,
30,305,303,Jacq.,38602,6041,Rondeletia odorata,0,1,0,,1,0,1,0,
30,305,303,Grudz.,34016,5542,Pilea peladerosi,0,1,0,,1,0,1,0,
30,305,303,Urb.,35929,5733,Portulaca brevifolia,0,1,0,,1,0,1,0,
30,305,303,Urb.,35928,5733,Portulaca biloba,0,1,0,,1,0,1,0,
30,305,303,G.Klotz,38477,6028,Rochefortia holguinensis,0,1,0,,1,0,1,0,
30,305,303,G.Klotz,38480,6028,Rochefortia septentrionalis,0,1,0,,1,0,1,0,
30,305,303,Britton & P.Wilson,38482,6028,Rochefortia stellata,0,1,0,,1,0,1,0,
30,305,303,Urb.,27418,4484,Magnolia cubensis,0,1,0,,1,0,1,0,
30,305,303,Imkhan.,30591,5060,Ocotea bissei,0,1,0,,1,0,1,0,
30,305,303,Vict. & León,37331,5883,Purdiaea nipensis,0,1,0,,1,0,1,0,
30,305,303,Griseb.,37335,5883,Purdiaea stenopetala,0,1,0,,1,0,1,0,
30,305,303,Stearn,24088,4027,Justicia alainii,0,1,0,,1,0,1,0,
30,305,303,Acuña & Roíg,36618,5840,Psychotria alainii,0,1,0,,1,0,1,0,
30,305,303,O.Muñiz,11795,2566,Croton borhidii,0,1,0,,1,0,1,0,
30,305,303,O.Muñiz,29723,4842,Myrcia borhidii,0,1,0,,1,0,1,0,
30,305,303,(C.Wright) Urb.,43724,6655,Tabebuia hypoleuca,0,1,0,,1,0,1,0,
30,305,303,Urb.,21066,3686,Hedyosmum domingense,0,1,0,,1,0,1,0,
30,305,303,L.,1104,1115,Agave vivipara,0,0,0,,0,0,0,0,
30,305,303,G.Perkins,10533,2414,Colubrina glandulosa,0,1,0,,1,0,1,0,
30,305,303,(Standl.) Urb.,40435,6235,Schmidtottia cubensis,0,1,0,,1,0,1,0,
30,305,303,(Kunth) Dandy,593,1014,Acroceras zizanioides,0,1,0,,0,0,0,0,
30,305,303,Urb.,441887,5659,Plumeria ekmanii,0,1,0,,1,0,1,0,
30,305,303,Trin.,438424,1297,Andropogon macrothrix,0,1,0,,0,0,0,0,
30,305,303,Jacq.,3309,1466,Aristolochia oblongata,0,1,0,,1,0,1,0,
30,305,303,(Raddi) Kuhlm.,4401,1584,Axonopus fissifolius,0,0,0,,0,0,0,0,
30,305,303,G.A.Black,4400,1584,Axonopus debilis,0,1,0,,1,0,1,0,
30,305,303,Munro,4622,1621,Bambusa polymorpha,0,0,0,,0,0,0,0,
30,305,303,Munro,4629,1621,Bambusa tuldoides,0,0,0,,0,0,0,0,
30,305,303,Columbus,438766,1796,Bouteloua dimorpha,0,1,0,,0,0,0,0,
30,305,303,(L.) T.Q.Nguyen,402470,7015,Urochloa distachya,0,0,0,,0,0,0,0,
30,305,303,(Sw.) B.F.Hansen & Wunderlin,46183,7015,Urochloa fusca,0,1,0,,0,0,0,0,
30,305,303,(Forssk.) T.Q.Nguyen,438774,7015,Urochloa mutica,0,0,0,,0,0,0,0,
30,305,303,(Link) R.D.Webster,438776,7015,Urochloa plantaginea,0,1,0,,0,0,0,0,
30,305,303,(Munro ex C.Wright) R.D.Webster,438777,7015,Urochloa platyphylla,0,1,0,,0,0,0,0,
30,305,303,(L.) Stapf,438779,7015,Urochloa reptans,0,0,0,,0,0,0,0,
30,305,303,(Nash) Hitchc.,441297,6058,Rottboellia tuberculosa,0,1,0,,0,0,0,0,
30,305,303,Nutt.,441296,6058,Rottboellia rugosa,0,1,0,,0,0,0,0,
30,305,303,Griseb.,441294,6058,Rottboellia impressa,0,1,0,,1,0,1,0,
30,305,303,(L.) Kuntze,20845,3628,Hackelochloa granularis,0,1,0,,0,0,0,0,
30,305,303,Munro,13743,2768,Dendrocalamus latiflorus,0,0,0,,0,0,0,0,
30,305,303,(Roxb.) Nees,13745,2768,Dendrocalamus strictus,0,0,0,,0,0,0,0,
30,305,303,(Desv.) Gould & C.A.Clark,439792,2815,Dichanthelium aciculare,0,1,0,,0,0,0,0,
30,305,303,(Nash) Freckmann,439796,2815,Dichanthelium longiligulatum,0,1,0,,0,0,0,0,
30,305,303,(Baldwin ex Elliott) Gould,439805,2815,Dichanthelium ensifolium,0,1,0,,0,0,0,0,
30,305,303,(Lam.) Gould,439809,2815,Dichanthelium laxiflorum,0,1,0,,0,0,0,0,
30,305,303,(Desv.) B.F.Hansen & Wunderlin,439811,2815,Dichanthelium portoricense,0,1,0,,0,0,0,0,
30,305,303,(Elliott) Gould,14157,2815,Dichanthelium sphaerocarpon,0,1,0,,0,0,0,0,
30,305,303,(Nash) Gould & C.A.Clark,439813,2815,Dichanthelium erectifolium,0,1,0,,0,0,0,0,
30,305,303,(Scribn.) Gould,439814,2815,Dichanthelium viscidellum,0,1,0,,0,0,0,0,
30,305,303,Nees,16646,3146,Eragrostis airoides,0,0,0,,0,0,0,0,
30,305,303,(All.) Vignolo ex Janch.,16658,3146,Eragrostis cilianensis,0,0,0,,0,0,0,0,
30,305,303,(Willd.) J.Jacq.,16671,3146,Eragrostis elongata,0,0,0,,0,0,0,0,
30,305,303,(Retz.) Nees ex Steud.,16720,3146,Eragrostis unioloides,0,0,0,,0,0,0,0,
30,305,303,(Walter) P.Beauv.,442260,3159,Erianthus giganteus,0,1,0,,0,0,0,0,
30,305,303,(A.Rich.) Hitchc.,16917,3170,Eriochloa setosa,0,1,0,,1,0,1,0,
30,305,303,(Aubl.) P.Beauv.,20755,3614,Gynerium sagittatum,0,0,0,,0,0,0,0,
30,305,303,(Nash) Hitchc.,24746,4160,Lasiacis grisebachii,0,1,0,,1,0,1,0,
30,305,303,(L.) Sw.,25001,4199,Leersia oryzoides,0,0,0,,0,0,0,0,
30,305,303,(L.) P.Beauv. ex Roem. & Schult.,439854,14287,Diplachne fusca,0,1,0,,0,0,0,0,
30,305,303,(L.) P.Beauv. ex Roem. & Schult.,439854,14287,Diplachne fusca,0,1,0,,0,0,0,0,
30,305,303,(Retz.) Ohwi,25453,4251,Leptochloa panicea,0,1,0,,0,0,0,0,
30,305,303,(Kunth) Nees,25457,4252,Leptocoryphium lanatum,0,1,0,,0,0,0,0,
30,305,303,Andersson,29199,4739,Miscanthus sinensis,0,0,0,,0,0,0,0,
30,305,303,Trin.,29520,4817,Muhlenbergia spiciformis,0,1,0,,0,0,0,0,
30,305,303,(Muhl.) Freckmann & Lelong,439804,2815,Dichanthelium tenue,0,1,0,,0,0,0,0,
30,305,303,Elliott,31864,5253,Panicum amarum,0,1,0,,0,0,0,0,
30,305,303,Scribn. & Merr.,31872,5253,Panicum bartowense,0,1,0,,0,0,0,0,
30,305,303,(Griseb.) W.V.Br.,42737,6521,Steinchisma exiguiflorum,0,1,0,,1,0,0,0,
30,305,303,Schult.,31901,5253,Panicum hemitomon,0,0,0,,0,0,0,0,
30,305,303,Lam.,31906,5253,Panicum hirtum,0,1,0,,0,0,0,0,
30,305,303,(Mez) Zuloaga,104770,9535,Rugoloa hylaeica,0,0,0,,0,0,0,0,
30,305,303,(Sw.) Zuloaga,42738,6521,Steinchisma laxum,0,1,0,,0,0,0,0,
30,305,303,(L.) Gould,14156,2815,Dichanthelium dichotomum,0,1,0,,0,0,0,0,
30,305,303,(Retz.) Veldkamp,441623,6341,Setaria flavida,0,0,0,,0,0,0,0,
30,305,303,Michx.,32284,5315,Paspalum setaceum,0,1,0,,0,0,0,0,
30,305,303,Trin.,32227,5315,Paspalum denticulatum,0,0,0,,0,0,0,0,
30,305,303,(Rupr.) K.Koch,441758,5510,Phyllostachys reticulata,0,0,0,,0,0,0,0,
30,305,303,McClure,33693,5510,Phyllostachys meyeri,0,0,0,,0,0,0,0,
30,305,303,Morrone & Zuloaga,409563,5315,Paspalum stagnophilum,0,0,0,,0,0,0,0,
30,305,303,(Scribn.) Pilg.,441589,6341,Setaria utowanaea,0,1,0,,1,0,1,0,
30,305,303,Raddi,41378,6341,Setaria sulcata,0,0,0,,0,0,0,0,
30,305,303,(L.f.) Kuntze,45408,6857,Trachypogon spicatus,0,1,0,,0,0,0,0,
30,305,303,(Areces) Landrum,34198,5554,Pimenta podocarpoides,0,1,0,,1,0,1,0,
30,305,303,(A.Rich.) Sleumer,4638,885,Banara minutiflora,0,1,0,,1,0,0,0,
30,305,303,(Britton & P.Wilson) J.B.Hutch.,442803,6770,Thespesia cubensis,0,1,0,,1,0,1,0,
30,305,303,L.,1395,1152,Alcea rosea,0,0,0,,0,0,0,0,
30,305,303,(Kunth) Fryxell,5871,1835,Briquetia spicata,0,1,0,,0,0,0,0,
30,305,303,(L.) Fryxell,36404,5785,Pseudabutilon umbellatum,0,1,0,,0,0,0,0,
30,305,303,"(L.) O.J.Blanch., Fryxell & D.M.Bates",24473,4088,Kosteletzkya depressa,0,1,0,,0,0,0,0,
30,305,303,Mill.,122852,6363,Sida ulmifolia,0,1,0,,0,0,0,0,
30,305,303,(Urb.) Borhidi & M.Fernández,42896,6545,Stenostomum abbreviatum,0,1,0,,1,0,1,0,
30,305,303,(Urb.) Borhidi & M.Fernández,42896,6545,Stenostomum abbreviatum,0,1,0,,1,0,1,0,
30,305,303,Borhidi & M.Fernández,42931,6545,Stenostomum reticulare,0,1,0,,1,0,1,0,
30,305,303,Britton,42900,6545,Stenostomum aristatum,0,1,0,,1,0,1,0,
30,305,303,(Urb.) Borhidi & M.Fernández,42917,6545,Stenostomum mucronatum,0,1,0,,1,0,1,0,
30,305,303,(Urb.) Borhidi & M.Fernández,42896,6545,Stenostomum abbreviatum,0,1,0,,1,0,1,0,
30,305,303,(Borhidi & Capote) Borhidi & M.Fernández,42916,6545,Stenostomum minutifolium,0,1,0,,1,0,1,0,
30,305,303,(Alain) Borhidi & M.Fernández,42925,6545,Stenostomum orbiculare,0,1,0,,1,0,1,0,
30,305,303,(Borhidi & O.Muñiz) Borhidi & M.Fernández,42920,6545,Stenostomum nipense,0,1,0,,1,0,1,0,
30,305,303,Griseb.,42919,6545,Stenostomum myrtifolium,0,1,0,,1,0,0,0,
30,305,303,(Alain) Borhidi & M.Fernández,442681,6545,Stenostomum ophiticola,0,1,0,,1,0,1,0,
30,305,303,Britton & Standl.,42899,6545,Stenostomum apiculatum,0,1,0,,1,0,0,0,
30,305,303,Griseb.,42909,6545,Stenostomum granulatum,0,1,0,,1,0,0,0,
30,305,303,Griseb.,42933,6545,Stenostomum rotundatum,0,1,0,,1,0,1,0,
30,305,303,Griseb.,42929,6545,Stenostomum radiatum,0,1,0,,1,0,1,0,
30,305,303,(Urb.) Borhidi & M.Fernández,42918,6545,Stenostomum multinerve,0,1,0,,1,0,0,0,
30,305,303,(Borhidi & Bisse) Borhidi & M.Fernández,42926,6545,Stenostomum pedicellare,0,1,0,,1,0,1,0,
30,305,303,(Urb.) Borhidi & M.Fernández,442680,6545,Stenostomum maestrense,0,1,0,,1,0,1,0,
30,305,303,(Urb.) Borhidi & M.Fernández,42934,6545,Stenostomum scrobiculatum,0,1,0,,1,0,1,0,
30,305,303,(Urb.) Borhidi & M.Fernández,42935,6545,Stenostomum shaferi,0,1,0,,1,0,1,0,
30,305,303,(C.T.White) Borhidi & M.Fernández,42938,6545,Stenostomum urbanianum,0,1,0,,1,0,1,0,
30,305,303,(Urb.) Borhidi & M.Fernández,42922,6545,Stenostomum occidentale,0,1,0,,1,0,1,0,
30,305,303,(Sw.) C.F.Gaertn.,42914,6545,Stenostomum lucidum,0,1,0,,0,0,0,0,
30,305,303,(Vahl) Griseb.,42930,6545,Stenostomum resinosum,0,1,0,,0,0,0,0,
30,305,303,Urb.,19707,3462,Gesneria brevifolia,0,1,0,,1,0,1,0,
30,305,303,(Griseb.) Urb.,19724,3462,Gesneria glandulosa,0,1,0,,1,0,1,0,
30,305,303,Urb.,19728,3462,Gesneria heterochroa,0,1,0,,1,0,1,0,
30,305,303,(Griseb.) Urb.,19746,3462,Gesneria salicifolia,0,1,0,,1,0,1,0,
30,305,303,(C.Wright) Urb.,48064,3462,Gesneria ferruginea,0,1,0,,1,0,1,0,
30,305,303,Urb.,19753,3462,Gesneria wrightii,0,1,0,,1,0,1,0,
30,305,303,(C.Wright) Urb.,19719,3462,Gesneria duchartreoides,0,1,0,,1,0,1,0,
30,305,303,Britton & P.Wilson,443230,3462,Gesneria nipensis,0,1,0,,1,0,1,0,
30,305,303,Urb.,443228,3462,Gesneria bracteosa,0,1,0,,1,0,1,0,
30,305,303,L.,19729,3462,Gesneria humilis,0,1,0,,1,0,0,0,
30,305,303,(Griseb.) Urb.,443229,3462,Gesneria celsioides,0,1,0,,1,0,1,0,
30,305,303,Linden ex C.Morren,19735,3462,Gesneria libanensis,0,1,0,,1,0,1,0,
30,305,303,Steyerm.,9343,2221,Chimarrhis cubensis,0,1,0,,1,0,1,0,
30,305,303,H.Wendl. ex Sarg.,36490,5808,Pseudophoenix sargentii,0,1,0,,0,0,0,0,
30,305,303,(Britton & P.Wilson) Standl.,442092,5245,Palicourea toensis,0,1,0,,1,0,1,0,
30,305,303,DC.,36631,5840,Psychotria bahiensis,0,1,0,,0,0,0,0,
30,305,303,Berazaín,37326,5883,Purdiaea bissei,0,1,0,,1,0,1,0,
30,305,303,Oviedo,17129,3202,Erythroxylum banaoense,0,1,0,,1,0,1,0,
30,305,303,Oviedo,17150,3202,Erythroxylum mogotense,0,1,0,,1,0,1,0,
30,305,303,"(P.Herrera, I.E.Méndez & Bécquer) Melnikov",417798,2341,Clinopodium banaoense,0,1,0,,1,0,1,0,
30,305,303,Casper,34336,5560,Pinguicula bissei,0,1,0,,1,0,1,0,
30,305,303,Casper,34337,5560,Pinguicula caryophyllacea,0,1,0,,1,0,1,0,
30,305,303,Urquiola & Casper,34340,5560,Pinguicula cubensis,0,1,0,,1,0,1,0,
30,305,303,Casper,34343,5560,Pinguicula infundibuliformis,0,1,0,,1,0,1,0,
30,305,303,Casper,34345,5560,Pinguicula jaraguana,0,1,0,,1,0,1,0,
30,305,303,Panfet,2994,1441,Ardisia manitzii,0,1,0,,1,0,1,0,
30,305,303,Panfet,29864,4865,Myrsine bissei,0,1,0,,1,0,1,0,
30,305,303,Panfet,29927,4865,Myrsine pipolyi,0,1,0,,1,0,1,0,
30,305,303,(Griseb.) Mez,47185,7107,Wallenia jacquinioides,0,1,0,,1,0,1,0,
30,305,303,Panfet & Ventosa,47187,7107,Wallenia lepperi,0,1,0,,1,0,1,0,
30,305,303,Berazaín,31482,5194,Ouratea schizostyla,0,1,0,,1,0,1,0,
30,305,303,M.A.Díaz & Ackerman,16337,3107,Encyclia monteverdensis,0,1,0,,1,0,1,0,
30,305,303,(C.Wright ex Griseb.) C.Wright,36563,5825,Psidium nummularia,0,1,0,,1,0,1,0,
30,305,303,Urb.,17353,3227,Eugenia amblyophylla,0,1,0,,1,0,1,0,
30,305,303,Britton & P.Wilson,17406,3227,Eugenia cowellii,0,1,0,,1,0,1,0,
30,305,303,Urb. & Ekman,17356,3227,Eugenia anthacanthoides,0,1,0,,1,0,1,0,
30,305,303,(C.Wright) Z.Acosta & K.Samra,438953,4842,Myrcia gracilipes,0,1,0,,1,0,1,0,
30,305,303,(Urb.) Z.Acosta & K.Samra,438916,4842,Myrcia arenicola,0,1,0,,1,0,1,0,
30,305,303,(Borhidi) Z.Acosta & K.Samra,438947,4842,Myrcia ermitensis,0,1,0,,1,0,1,0,
30,305,303,Krug & Urb.,17501,3227,Eugenia melanadenia,0,1,0,,1,0,0,0,
30,305,303,Krug & Urb.,17501,3227,Eugenia melanadenia,0,1,0,,1,0,1,0,
30,305,303,Urb.,17537,3227,Eugenia piedraensis,0,1,0,,1,0,1,0,
30,305,303,Poir.,29475,4811,Mouriri myrtilloides,0,1,0,,1,0,1,0,
30,305,303,(Aubl.) R.M.King & H.Rob.,9503,2258,Chromolaena corymbosa,0,1,0,,0,0,0,0,
30,305,303,(L.) R.M.King & H.Rob.,439288,2258,Chromolaena ivifolia,0,1,0,,0,0,0,0,
30,305,303,(DC.) R.M.King & H.Rob.,9515,2258,Chromolaena ossaeana,0,1,0,,1,0,0,0,
30,305,303,(Lam.) R.M.King & H.Rob.,9519,2258,Chromolaena sinuata,0,1,0,,1,0,0,0,
30,305,303,(DC.) R.M.King & H.Rob.,11646,2554,Critonia aromatisans,0,1,0,,1,0,0,0,
30,305,303,(L.) DC.,11647,2554,Critonia dalea,0,1,0,,1,0,0,0,
30,305,303,Griseb.,11648,2554,Critonia imbricata,0,1,0,,1,0,1,0,
30,305,303,DC.,439484,2554,Critonia pseudodalea,0,1,0,,1,0,1,0,
30,305,303,B.L.Rob.,442977,3236,Eupatorium pluriseriatum,0,1,0,,1,0,1,0,
30,305,303,(Borhidi & O.Muñiz) R.M.King & H.Rob.,20465,3569,Grisebachianthus carsticola,0,1,0,,1,0,1,0,
30,305,303,(Griseb.) R.M.King & H.Rob.,20466,3569,Grisebachianthus hypoleucus,0,1,0,,1,0,1,0,
30,305,303,(Griseb.) R.M.King & H.Rob.,20467,3569,Grisebachianthus lantanifolius,0,1,0,,1,0,1,0,
30,305,303,(Sch.Bip.) R.M.King & H.Rob.,440336,3569,Grisebachianthus libanoticus,0,1,0,,1,0,1,0,
30,305,303,(Alain) R.M.King & H.Rob.,20469,3569,Grisebachianthus mayarensis,0,1,0,,1,0,1,0,
30,305,303,(B.L.Rob.) R.M.King & H.Rob.,20470,3569,Grisebachianthus nipensis,0,1,0,,1,0,1,0,
30,305,303,(B.L.Rob.) R.King & H.Rob.,42258,6445,Spaniopappus bucheri,0,1,0,,1,0,1,0,
30,305,303,(Alain) R.M.King & H.Rob.,42260,6445,Spaniopappus hygrophilus,0,1,0,,1,0,1,0,
30,305,303,(B.L.Rob.) R.M.King & H.Rob.,42261,6445,Spaniopappus iodostylus,0,1,0,,1,0,1,0,
30,305,303,(B.L.Rob.) R.M.King & H.Rob.,42262,6445,Spaniopappus shaferi,0,1,0,,1,0,1,0,
30,305,303,(Alain) R.M.King & H.Rob.,24320,4070,Koanophyllon atroglandulosum,0,1,0,,1,0,1,0,
30,305,303,(Griseb.) R.M.King & H.Rob.,24321,4070,Koanophyllon ayapanoides,0,1,0,,1,0,1,0,
30,305,303,(Alain) R.M.King & H.Rob.,24323,4070,Koanophyllon breviflorum,0,1,0,,1,0,1,0,
30,305,303,(B.L.Rob.) R.M.King & H.Rob.,24324,4070,Koanophyllon bullescens,0,1,0,,1,0,1,0,
30,305,303,(B.L.Rob.) R.M.King & H.Rob.,24329,4070,Koanophyllon chalceorithales,0,1,0,,1,0,1,0,
30,305,303,(Alain) R.M.King & H.Rob.,24330,4070,Koanophyllon clementis,0,1,0,,1,0,1,0,
30,305,303,(B.L.Rob.) R.M.King & H.Rob.,24336,4070,Koanophyllon ekmanii,0,1,0,,1,0,1,0,
30,305,303,(C.Wright) R.M.King & H.Rob.,24341,4070,Koanophyllon grandiceps,0,1,0,,1,0,1,0,
30,305,303,(Urb.) R.M.King & H.Rob.,24343,4070,Koanophyllon gundlachii,0,1,0,,1,0,1,0,
30,305,303,(B.L.Rob.) R.M.King & H.Rob.,24346,4070,Koanophyllon helianthemoides,0,1,0,,1,0,1,0,
30,305,303,R.M.King & H.Rob.,24353,4070,Koanophyllon littorale,0,1,0,,1,0,1,0,
30,305,303,(Urb.) R.M.King & H.Rob.,24354,4070,Koanophyllon maestrense,0,1,0,,1,0,1,0,
30,305,303,(Alain) R.M.King & H.Rob.,24356,4070,Koanophyllon minutifolium,0,1,0,,1,0,1,0,
30,305,303,(A.Rich.) R.M.King & H.Rob.,24362,4070,Koanophyllon nudiflorum,0,1,0,,1,0,1,0,
30,305,303,(Alain) R.M.King & H.Rob.,24364,4070,Koanophyllon oligadenium,0,1,0,,1,0,1,0,
30,305,303,(Urb.) R.M.King & H.Rob.,24371,4070,Koanophyllon polystictum,0,1,0,,1,0,1,0,
30,305,303,(B.L.Rob.) R.M.King & H.Rob.,24373,4070,Koanophyllon prinodes,0,1,0,,1,0,1,0,
30,305,303,(B.L.Rob.) R.M.King & H.Rob.,24377,4070,Koanophyllon rhexioides,0,1,0,,1,0,1,0,
30,305,303,(B.L.Rob.) R.M.King & H.Rob.,24383,4070,Koanophyllon silvaticum,0,1,0,,1,0,1,0,
30,305,303,(Alain) Borhidi,24390,4070,Koanophyllon turquinense,0,1,0,,1,0,1,0,
30,305,303,(Sw.) R.M.King & H.Rob.,24391,4070,Koanophyllon villosum,0,1,0,,0,0,0,0,
30,305,303,(Sw.) R.M.King & H.Rob.,24391,4070,Koanophyllon villosum,0,1,0,,1,0,1,0,
30,305,303,(Sw.) R.M.King & H.Rob.,24391,4070,Koanophyllon villosum,0,1,0,,1,0,1,0,
30,305,303,(Sw.) R.M.King & H.Rob.,24391,4070,Koanophyllon villosum,0,1,0,,1,0,1,0,
30,305,303,(Griseb.) R.M.King & H.Rob.,1118,1118,Ageratina corylifolia,0,1,0,,1,0,0,0,
30,305,303,(Regel) R.M.King & H.Rob.,1127,1118,Ageratina riparia,0,1,0,,0,0,0,0,
30,305,303,(Alain) R.M.King & H.Rob.,1125,1118,Ageratina paucibracteata,0,1,0,,1,0,1,0,
30,305,303,(Kunth) R.M.King & H.Rob.,1121,1118,Ageratina havanensis,0,1,0,,0,0,0,0,
30,305,303,(Alain) R.M.King & H.Rob.,1123,1118,Ageratina mortoniana,0,1,0,,1,0,1,0,
30,305,303,(L.) R.Br. ex DC.,23595,3971,Isocarpha atriplicifolia,0,1,0,,0,0,0,0,
30,305,303,Urb.,43715,6655,Tabebuia densifolia,0,1,0,,1,0,0,0,
30,305,303,Britton,439631,2661,Cyperus camagueyensis,0,1,0,,1,0,1,0,
30,305,303,Britton,34055,5542,Pilea sevillensis,0,1,0,,1,0,1,0,
30,305,303,Britton & P.Wilson,33633,5501,Phyllanthus selbyi,0,1,0,,1,0,1,0,
30,305,303,Britton & P.Wilson,33478,5501,Phyllanthus dimorphus,0,1,0,,1,0,1,0,
30,305,303,Britton,297,965,Acalypha hutchinsonii,0,1,0,,1,0,1,0,
30,305,303,Urb.,33465,5501,Phyllanthus comosus,0,1,0,,1,0,1,0,
30,305,303,Urb.,33498,5501,Phyllanthus formosus,0,1,0,,1,0,1,0,
30,305,303,Britton & P.Wilson,17506,3227,Eugenia moensis,0,1,0,,1,0,1,0,
30,305,303,Britton & P.Wilson,17617,3227,Eugenia varia,0,1,0,,1,0,1,0,
30,305,303,Britton & P.Wilson,17425,3227,Eugenia earlei,0,1,0,,1,0,1,0,
30,305,303,Britton & P.Wilson,17571,3227,Eugenia rocana,0,1,0,,1,0,1,0,
30,305,303,Britton & P.Wilson,17399,3227,Eugenia clarensis,0,1,0,,1,0,1,0,
30,305,303,Britton & P.Wilson,17463,3227,Eugenia ignota,0,1,0,,1,0,1,0,
30,305,303,P.Wilson,441396,4877,Nama cubana,0,1,0,,1,0,1,0,
30,305,303,Britton,443058,7041,Varronia shaferi,0,1,0,,1,0,1,0,
30,305,303,Britton & P.Wilson,41990,6417,Solanum moense,0,1,0,,1,0,1,0,
30,305,303,Griseb.,36677,5840,Psychotria costivenia,0,1,0,,1,0,1,0,
30,305,303,Britton,36637,5840,Psychotria bermejalensis,0,1,0,,1,0,1,0,
30,305,303,L.,32341,5316,Passiflora multiflora,0,1,0,,1,0,0,0,
30,305,303,(Britton & P.Wilson) Ekman,11010,2471,Cordia leonis,0,1,0,,1,0,1,0,
30,305,303,Urb.,11052,2471,Cordia triangularis,0,1,0,,1,0,1,0,
30,305,303,Britton & P.Wilson,443042,7041,Varronia longipedunculata,0,1,0,,1,0,1,0,
30,305,303,(Griseb.) Urb.,31467,5192,Ottoschmidtia microphylla,0,1,0,,1,0,1,0,
30,305,303,Griseb.,5638,1794,Bourreria microphylla,0,1,0,,1,0,1,0,
30,305,303,Urb.,24696,4146,Lantana pauciflora,0,1,0,,1,0,0,0,
30,305,303,Urb.,29276,4763,Mollugo brevipes,0,1,0,,1,0,1,0,
30,305,303,L.,3607,1501,Asclepias nivea,0,1,0,,1,0,0,0,
30,305,303,(Griseb.) Schltr.,28661,4662,Metastelma pauciflorum,0,1,0,,1,0,1,0,
30,305,303,Urb.,34033,5542,Pilea radiculosa,0,1,0,,1,0,0,0,
30,305,303,(Sw.) Lindl.,33958,5542,Pilea herniarioides,0,1,0,,1,0,1,0,
30,305,303,Urb.,48020,2776,Dendropemon platypus,0,1,0,,1,0,1,0,
30,305,303,L.,32349,5316,Passiflora pedata,0,1,0,,0,0,0,0,
30,305,303,Lam.,21715,3788,Hibiscus maculatus,0,1,0,,0,0,0,0,
30,305,303,Cav.,41475,6363,Sida hederifolia,0,1,0,,1,0,0,0,
30,305,303,L.,41469,6363,Sida cordifolia,0,1,0,,1,0,0,0,
30,305,303,R.A.Howard,10268,2361,Coccoloba leonardii,0,1,0,,1,0,0,0,
30,305,303,L.,29291,4763,Mollugo verticillata,0,1,0,,0,0,0,0,
30,305,303,L.,25268,4228,Lepidium didymum,0,0,0,,0,0,0,0,
30,305,303,L.,438834,3583,Guilandina bonduc,0,1,0,,0,0,0,0,
30,305,303,Bergius ex Wikstr.,438837,3583,Guilandina ciliata,0,1,0,,1,0,0,0,
30,305,303,(Sw.) Greene,9076,2170,Chamaecrista lineata,0,1,0,,1,0,0,0,
30,305,303,(DC.) Britton,9088,2170,Chamaecrista pygmaea,0,1,0,,1,0,0,0,
30,305,303,(Kunth) DC.,13995,2796,Desmodium angustifolium,0,1,0,,0,0,0,0,
30,305,303,(L.) DC.,47697,7196,Zanthoxylum tragodes,0,1,0,,1,0,0,0,
30,305,303,L.,43326,6621,Suriana maritima,0,1,0,,0,0,0,0,
30,305,303,A.Juss.,123118,6563,Stigmaphyllon sagraeanum,0,1,0,,1,0,0,0,
30,305,303,A.Rich.,291,965,Acalypha glechomifolia,0,1,0,,1,0,0,0,
30,305,303,C.Wright ex Griseb.,317,965,Acalypha pendula,0,1,0,,1,0,0,0,
30,305,303,Bertol.,17717,3237,Euphorbia adenoptera,0,1,0,,0,0,0,0,
30,305,303,Small,17914,3237,Euphorbia pergamena,0,1,0,,0,0,0,0,
30,305,303,Balb. ex Spreng.,17742,3237,Euphorbia berteroana,0,1,0,,0,0,0,0,
30,305,303,Boiss.,17983,3237,Euphorbia turpinii,0,1,0,,1,0,0,0,
30,305,303,Ortega,11806,2566,Croton ciliatoglandulifer,0,1,0,,0,0,0,0,
30,305,303,Lam.,11875,2566,Croton origanifolius,0,1,0,,1,0,0,0,
30,305,303,Griseb.,11878,2566,Croton pachysepalus,0,1,0,,1,0,0,0,
30,305,303,Müll.Arg.,11900,2566,Croton spiralis,0,1,0,,1,0,1,0,
30,305,303,Boiss.,17758,3237,Euphorbia cassythoides,0,1,0,,1,0,0,0,
30,305,303,Schltdl.,17853,3237,Euphorbia lancifolia,0,0,0,,0,0,0,0,
30,305,303,C.Wright ex Griseb.,33642,5501,Phyllanthus subcarnosus,0,1,0,,1,0,0,0,
30,305,303,(Sw.) Willd.,17408,3227,Eugenia crenulata,0,1,0,,1,0,0,0,
30,305,303,O.Berg,17510,3227,Eugenia mucronata,0,1,0,,1,0,0,0,
30,305,303,(Kunth) O.Berg,36570,5825,Psidium salutare,0,1,0,,0,0,0,0,
30,305,303,(Schltdl.) J.M.Coult. & Rose,440882,4310,Lilaeopsis schaffneriana,0,1,0,,0,0,0,0,
30,305,303,(Griseb.) Stearn,9365,2227,Chionanthus bumelioides,0,1,0,,1,0,0,0,
30,305,303,Müll.Arg.,37914,5934,Rauvolfia biauriculata,0,1,0,,0,0,0,0,
30,305,303,Jacq.,43763,6656,Tabernaemontana amygdalifolia,0,1,0,,0,0,0,0,
30,305,303,A.Rich.,441183,4662,Metastelma linearifolium,0,1,0,,1,0,0,0,
30,305,303,Poir.,442912,3957,Ipomoea racemosa,0,1,0,,1,0,0,0,
30,305,303,Millsp.,443017,7041,Varronia brittonii,0,1,0,,1,0,0,0,
30,305,303,L.,47073,7093,Volkameria aculeata,0,1,0,,0,0,0,0,
30,305,303,Urb.,24675,4146,Lantana buchii,0,1,0,,1,0,0,0,
30,305,303,Jacq.,9991,2331,Cleome procumbens,0,1,0,,1,0,1,0,
30,305,303,Jacq.,9991,2331,Cleome procumbens,0,1,0,,1,0,1,0,
30,305,303,(Humb. & Bonpl. ex Willd.) Sweet,5962,1849,Brugmansia suaveolens,0,1,0,,0,0,0,0,
30,305,303,(Raf.) Raf.,1020,1105,Agalinis maritima,0,1,0,,0,0,0,0,
30,305,303,L.,45313,6835,Torenia asiatica,0,0,0,,0,0,0,0,
30,305,303,(A.Rich.) Ekman ex Urb.,8499,2073,Catalpa macrocarpa,0,1,0,,1,0,0,0,
30,305,303,L.,5164,1711,Bignonia aequinoctialis,0,1,0,,0,0,0,0,
30,305,303,(Lam.) Benth.,24285,4057,Kigelia africana,0,0,0,,0,0,0,0,
30,305,303,Griseb.,40426,6230,Schlegelia brachyantha,0,1,0,,0,0,0,0,
30,305,303,(Lam.) Urb.,43734,6655,Tabebuia microphylla,0,1,0,,1,0,0,0,
30,305,303,(Griseb.) Britton,43737,6655,Tabebuia myrtifolia,0,1,0,,1,0,0,0,
30,305,303,Urb.,43738,6655,Tabebuia obovata,0,1,0,,1,0,0,0,
30,305,303,(L.) Nees,11687,2559,Crossandra infundibuliformis,0,0,0,,0,0,0,0,
30,305,303,Lindl.,24100,4027,Justicia carnea,0,0,0,,0,0,0,0,
30,305,303,Schltdl.,24143,4027,Justicia spicigera,0,0,0,,0,0,0,0,
30,305,303,Nees,43166,6588,Strobilanthes auriculata,0,0,0,,0,0,0,0,
30,305,303,(Kük.) M.T.Strong,12981,2661,Cyperus subtenuis,0,1,0,,0,0,0,0,
30,305,303,Willd.,42409,6462,Spermacoce ocymifolia,0,1,0,,0,0,0,0,
30,305,303,(Cass.) R.M.King & H.Rob.,18748,3338,Fleischmannia microstemon,0,1,0,,0,0,0,0,
30,305,303,C.Wright ex Griseb.,42906,6545,Stenostomum densiflorum,0,1,0,,1,0,0,0,
30,305,303,Griseb.,36756,5840,Psychotria lasiophthalma,0,1,0,,1,0,0,0,
30,305,303,Ruiz & Pav.,36919,5840,Psychotria viridis,0,1,0,,0,0,0,0,
30,305,303,Lam.,26545,4356,Lobelia salicina,0,1,0,,1,0,0,0,
30,305,303,(Jacq.) R.K.Jansen,559,1000,Acmella radicans,0,0,0,,0,0,0,0,
30,305,303,L.,1130,1119,Ageratum conyzoides,0,1,0,,0,0,0,0,
30,305,303,L.,2519,1344,Anthemis cotula,0,0,0,,0,0,0,0,
30,305,303,(L.) All.,9111,2178,Chamaemelum nobile,0,0,0,,0,0,0,0,
30,305,303,L.,3388,1478,Artemisia absinthium,0,0,0,,0,0,0,0,
30,305,303,L.,3447,1478,Artemisia vulgaris,0,0,0,,0,0,0,0,
30,305,303,(Brandegee) Stuessy,4600,1620,Baltimora geminata,0,1,0,,0,0,0,0,
30,305,303,L.,9526,2262,Chrysanthemum indicum,0,0,0,,0,0,0,0,
30,305,303,(Raf.) H.Rock,21118,3695,Helenium amarum,0,0,0,,0,0,0,0,
30,305,303,(L.) R.Br. ex DC.,23595,3971,Isocarpha atriplicifolia,0,1,0,,0,0,0,0,
30,305,303,L.,8298,2047,Carthamus tinctorius,0,0,0,,0,0,0,0,
30,305,303,L.,8723,2104,Centaurea cineraria,0,0,0,,0,0,0,0,
30,305,303,L.,9596,2288,Cichorium intybus,0,0,0,,0,0,0,0,
30,305,303,Nutt.,11082,2476,Coreopsis tinctoria,0,0,0,,0,0,0,0,
30,305,303,Foug.,19058,3388,Gaillardia pulchella,0,0,0,,0,0,0,0,
30,305,303,Adlam,19694,3458,Gerbera jamesonii,0,0,0,,0,0,0,0,
30,305,303,Sieber ex Spreng.,8490,2071,Casuarina glauca,0,0,0,,0,0,0,0,
30,305,303,L.,34472,5565,Piper peltatum,0,1,0,,0,0,0,0,
30,305,303,Gagnep. & Guillaumin,33892,5542,Pilea cadierei,0,0,0,,0,0,0,0,
30,305,303,Willd.,4852,1665,Begonia cucullata,0,0,0,,0,0,0,0,
30,305,303,(Lour.) B.J.Conn & Hadiah,439985,5767,Procris repens,0,0,0,,0,0,0,0,
30,305,303,(Rol. ex Rottb.) Warb.,46970,7081,Virola surinamensis,0,1,1,,0,0,0,0,
30,305,303,(Kunth) R.M.King & H.Rob.,10675,2437,Condylidium iresinoides,0,1,0,,0,0,0,0,
30,305,303,(Sw.) Sw.,9462,2242,Chomelia fasciculata,0,1,0,,1,0,0,0,
30,305,303,Poir.,40617,6258,Scleria mucronata,0,1,0,,1,0,0,0,
30,305,303,Kunth,8354,897,Casearia mollis,0,1,0,,0,0,0,0,
30,305,303,C.Wright ex Griseb.,442307,897,Casearia ramosissima,0,1,0,,1,0,1,0,
30,305,303,Krug & Urb.,27778,4539,Marcgravia evenia,0,1,0,,1,0,1,0,
30,305,303,Kunth,29971,4876,Najas arguta,0,1,0,,0,0,0,0,
30,305,303,(A.Braun) A.Braun,29975,4876,Najas conferta,0,1,0,,0,0,0,0,
30,305,303,Tul.,27769,4537,Marathrum utile,0,1,0,,0,0,0,0,
30,305,303,Chapm.,47590,7180,Xyris flabelliformis,0,1,0,,0,0,0,0,
30,305,303,Michx.,47582,7180,Xyris brevifolia,0,1,0,,0,0,0,0,
30,305,303,Kral & Urquiola,47586,7180,Xyris curassavica,0,1,0,,1,0,1,0,
30,305,303,Kral & Urquiola,47603,7180,Xyris paleacea,0,1,0,,1,0,1,0,
30,305,303,Urquiola & Kral,47597,7180,Xyris mantuensis,0,1,0,,1,0,1,0,
30,305,303,Urquiola & Kral,47581,7180,Xyris bissei,0,1,0,,1,0,1,0,
30,305,303,Nash,47607,7180,Xyris smalliana,0,1,0,,0,0,0,0,
30,305,303,(Lam.) Dandy,24548,4112,Lachnanthes caroliniana,0,1,0,,0,0,0,0,
30,305,303,(Mill.) T.D.Penn.,41536,6367,Sideroxylon americanum,0,1,0,,0,0,0,0,
30,305,303,(Kunth) T.D.Penn.,41541,6367,Sideroxylon celastrinum,0,1,0,,0,0,0,0,
30,305,303,(Griseb.) T.D.Penn.,41549,6367,Sideroxylon horridum,0,1,0,,1,0,0,0,
30,305,303,(Borhidi) T.D.Penn.,41535,6367,Sideroxylon acunae,0,1,0,,1,0,1,0,
30,305,303,(Ekman ex Urb.) T.D.Penn.,41551,6367,Sideroxylon jubilla,0,1,0,,1,0,1,0,
30,305,303,Griseb.,8280,2043,Carpodiptera cubensis,0,1,0,,1,0,1,0,
30,305,303,(Hochr.) Dorr,45626,6901,Trichospermum lessertianum,0,1,0,,0,0,0,0,
30,305,303,Griseb.,441739,20081,Phlebotaenia cuneata,0,1,0,,1,0,1,0,
30,305,303,Britton,4512,1597,Badiera oblongata,0,1,0,,1,0,0,0,
30,305,303,Britton,4514,1597,Badiera propinqua,0,1,0,,1,0,0,0,
30,305,303,Britton,4510,1597,Badiera cubensis,0,1,0,,1,0,1,0,
30,305,303,Kunth,35476,5695,Polygala glochidiata,0,1,0,,0,0,0,0,
30,305,303,Nutt.,130534,5695,Polygala balduinii,0,1,0,,0,0,0,0,
30,305,303,Small,35519,5695,Polygala wilsonii,0,1,0,,1,0,0,0,
30,305,303,Bal.-Tul. & P.Herrera,35495,5695,Polygala omissa,0,1,0,,1,0,1,0,
30,305,303,L.,46522,7058,Verbena officinalis,0,0,0,,0,0,0,0,
30,305,303,Spreng.,440223,7058,Verbena tenera,0,0,0,,0,0,0,0,
30,305,303,(L.) Pers.,43868,6674,Tamonea curassavica,0,1,0,,0,0,0,0,
30,305,303,Medik.,24706,4146,Lantana × flava,0,1,0,,1,0,0,0,
30,305,303,I.E.Méndez,24682,4146,Lantana elenievskii,0,1,0,,1,0,1,0,
30,305,303,"Skean, Judd & Majure",417963,4675,Miconia antillana,0,1,0,,1,0,1,0,
30,305,303,Cogn.,28758,4675,Miconia calycina,0,1,0,,1,0,0,0,
30,305,303,Jacq.,38679,6043,Rosa chinensis,0,0,0,,0,0,0,0,
30,305,303,Hemsl.,351223,6639,Symplocos jurgensenii,0,1,0,,1,0,1,0,
30,305,303,Aiton,23209,3938,Ilex vomitoria,0,1,0,,0,0,0,0,
30,305,303,(Loes.) P.A.González,23103,3938,Ilex bahiahondica,0,1,0,,1,0,1,0,
30,305,303,P.A.González,23165,3938,Ilex manitzii,0,1,0,,1,0,1,0,
30,305,303,Standl.,1945,1216,Amaranthus minimus,0,1,0,,1,0,1,0,
30,305,303,R.E.Fr.,2459,1333,Annona ekmanii,0,1,0,,1,0,1,0,
30,305,303,Griseb.,2452,1333,Annona cascarilloides,0,1,0,,1,0,1,0,
30,305,303,(Kunth) C.F.Baker ex Becc.,595,1015,Acrocomia crispa,0,1,0,,1,0,1,0,
30,305,303,(Ekman) J.Wen,2865,1417,Aralia rex,0,1,0,,1,0,1,0,
30,305,303,L.,441630,5316,Passiflora cuprea,0,1,0,,1,0,0,0,
30,305,303,Poepp. ex Mast.,32346,5316,Passiflora pallens,0,1,0,,0,0,0,0,
30,305,303,Ortega,32366,5316,Passiflora subpeltata,0,0,0,,0,0,0,0,
30,305,303,(Sw.) P.Beauv.,26328,4346,Lithachne pauciflora,0,1,0,,0,0,0,0,
30,305,303,Chapm.,3225,1465,Aristida gyrans,0,1,0,,0,0,0,0,
30,305,303,(Poir.) Urb.,16178,3070,Eleocharis retroflexa,0,1,0,,1,0,1,0,
30,305,303,Kunth,17977,3237,Euphorbia trichotoma,0,1,0,,0,0,0,0,
30,305,303,(Müll.Arg.) G.L.Webster,9165,2190,Chascotheca triplinervia,0,1,0,,1,0,1,0,
30,305,303,(Krug & Urb.) Leiva & I.Arias,13800,2776,Dendropemon lepidotus,0,1,0,,1,0,1,0,
30,305,303,Jacq.,11888,2566,Croton punctatus,0,1,0,,0,0,0,0,
30,305,303,Baker,45176,6809,Tillandsia paucifolia,0,1,0,,0,0,0,0,
30,305,303,(Lindl.) Neumann,16342,3107,Encyclia phoenicea,0,1,0,,1,0,0,0,
30,305,303,(Griseb.) C.Jeffrey,9649,2295,Cionosicys excisus,0,1,0,,0,0,0,0,
30,305,303,(L.) Moench,9080,2170,Chamaecrista nictitans,0,1,0,,0,0,0,0,
30,305,303,House,23452,3957,Ipomoea passifloroides,0,1,0,,1,0,0,0,
30,305,303,Walter,23688,3988,Iva imbricata,0,1,0,,0,0,0,0,
30,305,303,(Borhidi) B.Nord.,2612,1360,Antillanthus acunae,0,1,0,,1,0,1,0,
30,305,303,(Griseb.) J.-S.Girard,417758,1360,Antillanthus discolor,0,1,0,,1,0,1,0,
30,305,303,(Alain) B.Nord.,2614,1360,Antillanthus azulensis,0,1,0,,1,0,1,0,
30,305,303,(Alain) B.Nord.,2615,1360,Antillanthus biseriatus,0,1,0,,1,0,1,0,
30,305,303,(Greenm.) B.Nord.,2616,1360,Antillanthus carinatus,0,1,0,,1,0,1,0,
30,305,303,(Greenm.) B.Nord.,2617,1360,Antillanthus cubensis,0,1,0,,1,0,1,0,
30,305,303,(Alain) B.Nord.,2618,1360,Antillanthus ekmanii,0,1,0,,1,0,1,0,
30,305,303,(Greenm.) B.Nord.,2619,1360,Antillanthus eriocarphus,0,1,0,,1,0,1,0,
30,305,303,(Greenm.) B.Nord.,2620,1360,Antillanthus leucolepis,0,1,0,,1,0,1,0,
30,305,303,(Alain) B.Nord.,2621,1360,Antillanthus moaensis,0,1,0,,1,0,1,0,
30,305,303,(Greenm. & Alain) B.Nord.,2622,1360,Antillanthus moldenkei,0,1,0,,1,0,1,0,
30,305,303,(Greenm.) B.Nord.,2623,1360,Antillanthus pachylepis,0,1,0,,1,0,1,0,
30,305,303,(Greenm.) B.Nord.,2624,1360,Antillanthus pachypodus,0,1,0,,1,0,1,0,
30,305,303,(Alain) B.Nord.,2625,1360,Antillanthus saugetii,0,1,0,,1,0,1,0,
30,305,303,(Greenm.) B.Nord.,2626,1360,Antillanthus shaferi,0,1,0,,1,0,1,0,
30,305,303,(Greenm.) B.Nord.,2627,1360,Antillanthus subsquarrosus,0,1,0,,1,0,1,0,
30,305,303,(Greenm.) B.Nord.,2628,1360,Antillanthus trichotomus,0,1,0,,1,0,1,0,
30,305,303,(Greenm.) B.Nord.,21504,3753,Herreranthus rivalis,0,1,0,,1,0,1,0,
30,305,303,(Griseb.) B.Nord.,25045,4214,Leonis trineura,0,1,0,,1,0,0,0,
30,305,303,(Griseb.) B.Nord.,26881,4411,Lundinia plumbea,0,1,0,,1,0,0,0,
30,305,303,Schltr.,35099,5651,Pleurothallis ekmanii,0,1,0,,1,0,1,0,
30,305,303,(Luer) Luer,35101,5651,Pleurothallis excentrica,0,1,0,,1,0,1,0,
30,305,303,H.Stenzel,30627,5062,Octomeria prostrata,0,1,0,,1,0,1,0,
30,305,303,(Griseb.) B.Nord. & Lundin,30774,5085,Oldfeltia polyphlebia,0,1,0,,1,0,1,0,
30,305,303,(Sw.) L.E.Skog,33152,5454,Pheidonocarpa corymbosa,0,1,0,,1,0,1,0,
30,305,303,(H.Wendl.) Beentje & J.Dransf.,15530,3012,Dypsis lutescens,0,0,0,,0,0,0,0,
30,305,303,León,21419,3734,Hemithrinax rivularis,0,1,0,,1,0,1,0,
30,305,303,(Urb.) A.Doucette,441867,988,Acianthera erosa,0,1,0,,1,0,0,0,
30,305,303,(L.) Börner,43223,6602,Stuckenia pectinata,0,1,0,,0,0,0,0,
30,305,303,Borhidi,33204,5461,Phialanthus peduncularis,0,1,0,,1,0,1,0,
30,305,303,Griseb.,33849,5539,Pictetia angustifolia,0,1,0,,1,0,1,0,
30,305,303,(P.Beauv.) Beyra & Lavin,33855,5539,Pictetia sulcata,0,1,0,,1,0,0,0,
30,305,303,(Griseb.) Beyra & Lavin,33851,5539,Pictetia mucronata,0,1,0,,1,0,1,0,
30,305,303,(A.Rich.) Beyra & Lavin,33854,5539,Pictetia spinosa,0,1,0,,1,0,1,0,
30,305,303,(Urb.) Beyra & Lavin,33852,5539,Pictetia nipensis,0,1,0,,1,0,1,0,
30,305,303,J.A.Hern. & M.A.Díaz,44597,6730,Tetramicra malpighiarum,0,1,0,,1,0,1,0,
30,305,303,C.Wright,31709,5238,Paepalanthus alsinoides,0,1,0,,1,0,1,0,
30,305,303,Benth.,2211,1291,Andira cubensis,0,1,0,,1,0,1,0,
30,305,303,(Griseb.) Christenh. & Byng,441201,19610,Cipuropsis capituligera,0,1,0,,0,0,0,0,
30,305,303,(Urb. & Ekman) D.R.Hunt,19772,3465,Gibasis pauciflora,0,1,0,,1,0,0,0,
30,305,303,Benth.,10620,2425,Commelina leiocarpa,0,1,0,,0,0,0,0,
30,305,303,L.,35877,5723,Pontederia cordata,0,1,0,,0,0,0,0,
30,305,303,(Jacq.) MacMill.,21525,3762,Heteranthera dubia,0,1,0,,0,0,0,0,
30,305,303,Rostk.,24010,4024,Juncus marginatus,0,1,0,,0,0,0,0,
30,305,303,L.,1507,1174,Allium ampeloprasum,0,0,0,,0,0,0,0,
30,305,303,(Lour.) Kuntze,439550,2611,Curculigo capitulata,0,0,0,,0,0,0,0,
30,305,303,Mill.,41838,6408,Smilax canellifolia,0,1,0,,1,0,0,0,
30,305,303,Trel.,1068,1115,Agave brittoniana,0,1,0,,1,0,1,0,
30,305,303,Mart.,139847,1115,Agave mitis,0,1,0,,1,0,1,0,
30,305,303,L.,14432,2867,Dioscorea pentaphylla,0,0,0,,0,0,0,0,
30,305,303,(L.) Goldblatt & Mabb.,23503,3961,Iris domestica,0,0,0,,0,0,0,0,
30,305,303,C.Presl,11295,2515,Costus pulverulentus,0,0,0,,0,0,0,0,
30,305,303,(J.Koenig) Link ex A.Dietr.,47769,7207,Zingiber montanum,0,0,0,,0,0,0,0,
30,305,303,A.Rich.,5516,1770,Bonania cubana,0,1,0,,1,0,1,0,
30,305,303,(Griseb.) Benth. & Hook.f. ex B.D.Jacks.,5520,1770,Bonania erythrosperma,0,1,0,,1,0,1,0,
30,305,303,(Bosc ex Nees) LeBlond,441578,2398,Coleataenia rigidula,0,1,0,,0,0,0,0,
30,305,303,(Lam.) Fernald,18652,3327,Fimbristylis caroliniana,0,1,0,,0,0,0,0,
30,305,303,"(L.) Britton, Sterns & Poggenb.",7164,1949,Calopogon tuberosus,0,1,0,,0,0,0,0,
30,305,303,(Lindl.) Schltr.,16332,3107,Encyclia fucata,0,1,0,,1,0,0,0,
30,305,303,(Lindl.) Schltr.,16343,3107,Encyclia plicata,0,1,0,,1,0,0,0,
30,305,303,(Lindl.) Britton & Millsp.,16345,3107,Encyclia rufa,0,1,0,,1,0,0,0,
30,305,303,Britton,10276,2361,Coccoloba northropiae,0,1,0,,1,0,0,0,
30,305,303,A.Cunn. ex Benth.,106,962,Acacia auriculiformis,0,0,0,,0,0,0,0,
30,305,303,Brandegee,31592,5211,Oxyrhynchus volubilis,0,1,0,,1,0,0,0,
30,305,303,Kunth,17761,3237,Euphorbia centunculoides,0,1,0,,1,0,0,0,
30,305,303,L.,17837,3237,Euphorbia hypericifolia,0,1,0,,0,0,0,0,
30,305,303,Boiss.,17875,3237,Euphorbia mendezii,0,1,0,,0,0,0,0,
30,305,303,Northr.,11690,2560,Crossopetalum coriaceum,0,1,0,,1,0,0,0,
30,305,303,Griseb.,441171,4662,Metastelma bahamense,0,1,1,,1,0,0,0,
30,305,303,L.,23394,3957,Ipomoea carolina,0,1,0,,0,0,0,0,
30,305,303,(Northr.) Britton,43704,6655,Tabebuia bahamensis,0,1,0,,1,0,0,0,
30,305,303,Correll,16969,3181,Erithalis salmeoides,0,1,0,,1,0,0,0,
30,305,303,Britton,440064,3183,Ernodea taylorii,0,1,0,,1,0,0,0,
30,305,303,(Lam.) Small ex Porter & Britton,17691,3236,Eupatorium capillifolium,0,0,0,,0,0,0,0,
30,305,303,DC.,17697,3236,Eupatorium leptophyllum,0,1,0,,0,0,0,0,
30,305,303,C.Wright ex Hitchc.,438410,1283,Anastraphia pauciflosculosa,0,1,0,,1,0,0,0,
30,305,303,(Griseb.) M.Gómez,28847,4676,Micranthemum arenarioides,0,1,0,,1,0,1,0,
30,305,303,(Griseb.) M.Gómez,28848,4676,Micranthemum bryoides,0,1,0,,1,0,1,0,
30,305,303,(Griseb.) A.Berger,10725,2451,Consolea macracantha,0,1,0,,1,0,0,0,
30,305,303,(Britton & Rose) D.R.Hunt,17173,3205,Escobaria cubensis,0,1,0,,1,0,1,0,
30,305,303,(L.) Hummelinck,354,969,Acanthocereus tetragonus,0,1,0,,1,0,0,0,
30,305,303,(Mill.) Haw.,27665,4514,Mammillaria prolifera,0,1,0,,0,0,0,0,
30,305,303,Pfeiff.,28424,4630,Melocactus curvispinus,0,1,0,,1,0,0,0,
30,305,303,Salm-Dyck,441441,5127,Opuntia dejecta,0,1,0,,0,0,0,0,
30,305,303,(DC.) Lodé,443255,19293,Leuenbergeria zinniiflora,0,1,0,,1,0,1,0,
30,305,303,(L.) Mottram,439167,6535,Stenocereus heptagonus,0,1,0,,1,0,0,0,
30,305,303,(Müll.Arg.) Hutch.,290,965,Acalypha fissa,0,1,0,,1,0,1,0,
30,305,303,Urb.,309,965,Acalypha maestrensis,0,1,0,,1,0,1,0,
30,305,303,Urb.,311,965,Acalypha mogotensis,0,1,0,,1,0,1,0,
30,305,303,Múj.Benítez & Pupulin,16327,3107,Encyclia bocourtii,0,1,0,,1,0,1,0,
30,305,303,"Múj.Benítez, Bocourt & Pupulin",16330,3107,Encyclia cajalbanensis,0,1,0,,1,0,1,0,
30,305,303,Luer,25190,4222,Lepanthes woodfredensis,0,1,0,,1,0,1,0,
30,305,303,(L.) Sw.,1606,1179,Allophylus cominia,0,1,0,,1,0,1,0,
30,305,303,L.,438731,6068,Ruellia blechum,0,1,0,,0,0,0,0,
30,305,303,(Sw.) Fawc. & Rendle,9055,2166,Chaetocarpus globosus,0,1,0,,1,0,1,0,
30,305,303,Fawc. & Rendle,9054,2166,Chaetocarpus cubensis,0,1,0,,1,0,1,0,
30,305,303,Krug & Urb.,29731,4842,Myrcia gundlachii,0,1,0,,1,0,1,0,
30,305,303,Urb.,29735,4842,Myrcia manacalensis,0,1,0,,1,0,1,0,
30,305,303,(Mutis ex L.f.) Druce,30283,4973,Nertera granadensis,0,1,0,,0,0,0,0,
30,305,303,Sw.,34439,5565,Piper hispidum,0,1,0,,0,0,0,0,
30,305,303,(Mart.) Lourteig,7402,1968,Calyptronoma plumeriana,0,1,0,,1,0,0,0,
30,305,303,(León) Radcl.-Sm. & Govaerts,10230,2357,Cnidoscolus regina,0,1,0,,1,0,1,0,
30,305,303,(L.) Kunth ex C.B.Clarke,6215,1877,Bulbostylis capillaris,0,1,0,,1,0,0,0,
30,305,303,Kunth,16131,3070,Eleocharis debilis,0,1,0,,0,0,0,0,
30,305,303,Chapm. ex M.A.Curtis,38343,6005,Rhynchospora pusilla,0,1,0,,0,0,0,0,
30,305,303,Boeckeler,442411,6258,Scleria chlorantha,0,1,0,,1,0,0,0,
30,305,303,(L.) Mez,20669,3593,Guzmania lingulata,0,1,0,,0,0,0,0,
30,305,303,Hágsater & Ackerman,440016,3135,Epidendrum portoricense,0,1,0,,1,0,0,0,
30,305,303,Griseb.,439842,2867,Dioscorea chondrocarpa,0,1,0,,0,0,0,0,
30,305,303,Urb.,47731,7203,Zephyranthes cubensis,0,1,0,,1,0,1,0,
30,305,303,Linden,3278,1466,Aristolochia cubensis,0,1,0,,1,0,1,0,
30,305,303,(A.Rich.) Woodson,143100,2651,Cynanchum cubense,0,1,0,,1,0,1,0,
30,305,303,Carabia,438397,1283,Anastraphia cubensis,0,1,0,,1,0,1,0,
30,305,303,(DC.) H.Rob.,46555,7062,Vernonanthura havanensis,0,1,0,,1,0,1,0,
30,305,303,(A.Robyns) Fern.Alonso,31638,5217,Pachira cubensis,0,1,0,,1,0,1,0,
30,305,303,(Willd.) Delprete & J.H.Kirkbr.,409367,13916,Hexasepalum apiculatum,0,1,0,,0,0,0,0,
30,305,303,Paláu,438294,1190,Aloysia citrodora,0,0,0,,0,0,0,0,
30,305,303,(Greenm.) Sotuyo & G.P.Lewis,417801,15980,Coulteria cubensis,0,1,0,,0,0,0,0,
30,305,303,Urb.,26493,4356,Lobelia cubana,0,1,0,,1,0,1,0,
30,305,303,Urb.,46728,7068,Viburnum cubense,0,1,0,,1,0,1,0,
30,305,303,Schltdl. & Cham.,15160,2978,Drymaria villosa,0,1,0,,1,0,1,0,
30,305,303,(C.Wright ex Griseb.) Miers,36222,5763,Pristimera coriacea,0,1,0,,1,0,1,0,
30,305,303,Lam.,22903,3912,Hypericum nitidum,0,1,0,,1,0,1,0,
30,305,303,(House) Urb.,23401,3957,Ipomoea cubensis,0,1,0,,1,0,1,0,
30,305,303,(Poepp.) Griseb.,43944,6682,Tapura cubensis,0,1,0,,1,0,1,0,
30,305,303,Boiss.,17774,3237,Euphorbia cubensis,0,1,0,,1,0,1,0,
30,305,303,Nutt.,442140,5909,Quercus sagrana,0,1,0,,1,0,1,0,
30,305,303,A.C.Sm.,23216,3940,Illicium cubense,0,1,0,,1,0,1,0,
30,305,303,Ravenna,9652,2297,Cipura insularis,0,1,0,,1,0,1,0,
30,305,303,(P.Wilson) Harley,10128,2341,Clinopodium bucheri,0,1,0,,1,0,1,0,
30,305,303,Mart. ex DC.,36564,5825,Psidium oligospermum,0,1,0,,0,0,0,0,
30,305,303,Urb.,27418,4484,Magnolia cubensis,0,1,0,,1,0,1,0,
30,305,303,C.Wright,441208,4675,Miconia cubensis,0,1,0,,1,0,1,0,
30,305,303,A.Rich.,442818,1487,Arthrostemma cubense,0,1,0,,1,0,1,0,
30,305,303,Jacq.,15706,3038,Echites agglutinatus,0,1,0,,1,0,0,0,
30,305,303,(Naudin) Judd & Bécquer,418094,4675,Miconia rubrinervis,0,1,0,,1,0,1,0,
30,305,303,(Griseb.) Urb.,22841,3911,Hyperbaena cubensis,0,1,0,,1,0,1,0,
30,305,303,Z.Acosta & K.Samra,438937,4842,Myrcia arcensis,0,1,0,,1,0,1,0,
30,305,303,(Griseb.) Stearn,9365,2227,Chionanthus bumelioides,0,1,0,,1,0,1,0,
30,305,303,(Britton & P.Wilson) Urb.,4340,1566,Auerodendron cubense,0,1,0,,1,0,1,0,
30,305,303,Steyerm.,40517,6244,Schradera cubensis,0,1,0,,1,0,1,0,
30,305,303,(Borhidi & O.Muñiz) Lippold,441792,5546,Pilocarpus cubensis,0,1,0,,1,0,1,0,
30,305,303,(A.Rich.) Griseb.,48111,4331,Linodendron cubanum,0,1,0,,1,0,1,0,
30,305,303,Grudz.,38777,6060,Rousselia cubensis,0,1,0,,1,0,1,0,
30,305,303,(Sw.) Kuntze,10127,2341,Clinopodium brownei,0,1,0,,0,0,0,0,
30,305,303,Britton,43702,6655,Tabebuia arimaoensis,0,1,0,,1,0,1,0,
30,305,303,(Griseb.) Britton,43706,6655,Tabebuia bibracteolata,0,1,0,,1,0,1,0,
30,305,303,(Bureau & K.Schum.) S.O.Grose,20927,3653,Handroanthus billbergii,0,1,0,,0,0,0,0,
30,305,303,Britton,43707,6655,Tabebuia brooksiana,0,1,0,,1,0,1,0,
30,305,303,A.H.Gentry & D.Albert,43711,6655,Tabebuia caleticana,0,1,0,,1,0,1,0,
30,305,303,(C.Wright) Britton ex Seibert,43717,6655,Tabebuia dubia,0,1,0,,1,0,1,0,
30,305,303,Urb.,43720,6655,Tabebuia glaucescens,0,1,0,,1,0,1,0,
30,305,303,Urb.,43725,6655,Tabebuia inaequipes,0,1,0,,1,0,1,0,
30,305,303,Ekman ex Urb.,43726,6655,Tabebuia jackiana,0,1,0,,1,0,1,0,
30,305,303,(A.Rich.) Greenm.,43729,6655,Tabebuia lepidophylla,0,1,0,,1,0,1,0,
30,305,303,Britton,43742,6655,Tabebuia pinetorum,0,1,0,,1,0,1,0,
30,305,303,(Griseb.) K.Schum.,43759,6655,Tabebuia trachycarpa,0,1,0,,1,0,1,0,
30,305,303,(Thunb.) Spach,442746,15794,Tecomaria capensis,0,0,0,,0,0,0,0,
30,305,303,F.K.Mey.,27549,4507,Malpighia caribaea,0,1,0,,1,0,1,0,
30,305,303,(Urb.) Anderb.,440186,3405,Gamochaeta antillana,0,1,0,,0,0,0,0,
30,305,303,(Urb.) Diane & Hilger,440103,3239,Euploca antillana,0,1,0,,1,0,0,0,
30,305,303,Miq.,8573,2093,Cecropia schreberiana,0,1,0,,1,0,0,0,
30,305,303,M.A.Diaz & Sosa,5331,1738,Bletia antillana,0,1,0,,1,0,1,0,
30,305,303,Urb.,441887,5659,Plumeria ekmanii,0,1,0,,1,0,1,0,
30,305,303,Urb.,438398,1283,Anastraphia ekmanii,0,1,0,,1,0,1,0,
30,305,303,O.E.Schulz ex Urb.,5116,1708,Bidens ekmanii,0,1,0,,1,0,1,0,
30,305,303,O.E.Schulz,438724,1708,Bidens tenera,0,1,0,,1,0,1,0,
30,305,303,Urb.,11819,2566,Croton ekmanii,0,1,0,,1,0,1,0,
30,305,303,G.L.Webster,33487,5501,Phyllanthus ekmanii,0,1,0,,1,0,1,0,
30,305,303,O.C.Schmidt,30600,5060,Ocotea ekmanii,0,1,0,,1,0,1,0,
30,305,303,(Urb.) Bisse,29445,4808,Mosiera ekmanii,0,1,0,,1,0,1,0,
30,305,303,(Urb.) Borhidi & Oviedo,442077,5245,Palicourea ekmanii,0,1,0,,1,0,1,0,
30,305,303,Britton & Standl.,38555,6041,Rondeletia ekmanii,0,1,0,,1,0,1,0,
30,305,303,O.C.Schmidt,44520,6718,Ternstroemia ekmanii,0,1,0,,1,0,1,0,
30,305,303,G.Don,5146,1708,Bidens reptans,0,1,0,,1,0,1,0,
30,305,303,Carabia,11797,2566,Croton brittonianus,0,1,0,,1,0,1,0,
30,305,303,León,41463,6363,Sida brittonii,0,1,0,,1,0,1,0,
30,305,303,(L.) Vahl,42666,6503,Stachytarpheta indica,0,0,0,,0,0,0,0,
30,305,303,Rich.,439393,3164,Erigeron laevigatus,0,1,0,,0,0,0,0,
30,305,303,(L.) DC.,21027,3676,Hebeclinium macrophyllum,0,1,0,,0,0,0,0,
30,305,303,Vahl ex A.Juss.,14848,2927,Ditaxis fasciculata,0,1,0,,0,0,0,0,
30,305,303,(Jacq.) Schltdl.,438838,7242,Libidibia coriaria,0,1,0,,0,0,0,0,
30,305,303,L.,42423,6462,Spermacoce tenuior,0,1,0,,0,0,0,0,
30,305,303,Griseb.,11813,2566,Croton craspedotrichus,0,1,0,,1,0,1,0,
30,305,303,A.Rich.,11055,2471,Cordia valenzuelana,0,1,0,,1,0,1,0,
30,305,303,Moldenke,443010,7041,Varronia acunae,0,1,0,,1,0,1,0,
30,305,303,(Urb.) Borhidi,443013,7041,Varronia baracoensis,0,1,0,,1,0,1,0,
30,305,303,(A.DC.) Borhidi,443020,7041,Varronia cinerascens,0,1,0,,1,0,1,0,
30,305,303,(Urb.) Borhidi,46440,7041,Varronia corallicola,0,1,0,,1,0,1,0,
30,305,303,(Borhidi & O.Muñiz) Borhidi,443023,7041,Varronia duartei,0,1,0,,1,0,1,0,
30,305,303,(Borhidi & O.Muñiz) Borhidi,443031,7041,Varronia holguinensis,0,1,0,,1,0,1,0,
30,305,303,(Urb.) Borhidi,443032,7041,Varronia iberica,0,1,0,,1,0,1,0,
30,305,303,(Alain) Borhidi,443038,7041,Varronia lenis,0,1,0,,1,0,1,0,
30,305,303,(Urb. & Ekman) Borhidi,443048,7041,Varronia nipensis,0,1,0,,1,0,1,0,
30,305,303,(Griseb.) Borhidi,443050,7041,Varronia pedunculosa,0,1,0,,1,0,1,0,
30,305,303,(Urb.) Borhidi,443056,7041,Varronia sauvallei,0,1,0,,1,0,1,0,
30,305,303,(Borhidi) Borhidi,443059,7041,Varronia suffruticosa,0,1,0,,1,0,1,0,
30,305,303,(Borhidi) Borhidi,443061,7041,Varronia utermarkiana,0,1,0,,1,0,1,0,
30,305,303,(Urb.) Rothm.,11698,2560,Crossopetalum rostratum,0,1,0,,1,0,1,0,
30,305,303,(Borhidi & O.Muñiz) Borhidi & O.Muñiz,27979,4581,Maytenus cajalbanica,0,1,0,,1,0,1,0,
30,305,303,(Alain) Borhidi,4463,1594,Baccharis acutata,0,1,0,,1,0,1,0,
30,305,303,(L.) Cass.,23596,3971,Isocarpha oppositifolia,0,1,0,,1,0,1,0,
30,305,303,Borhidi,28741,4675,Miconia acunae,0,1,0,,1,0,1,0,
30,305,303,(Urb.) Borhidi,442204,6014,Richardia pectidifolia,0,1,0,,1,0,1,0,
30,305,303,L.,40090,6181,Sauvagesia erecta,0,1,0,,1,0,0,0,
30,305,303,Britton & P.Wilson,443252,5194,Ouratea xolismifolia,0,1,0,,1,0,1,0,
30,305,303,(Tiegh.) Urb.,441547,5194,Ouratea agrophylla,0,1,0,,1,0,1,0,
30,305,303,Morici & Verdecia,10355,2363,Coccothrinax torrida,0,1,0,,1,0,1,0,
30,305,303,Eg.Köhler,6396,1894,Buxus yunquensis,0,1,0,,1,0,1,0,
30,305,303,Eg.Köhler,6392,1894,Buxus triptera,0,1,0,,1,0,1,0,
30,305,303,Eg.Köhler,6353,1894,Buxus braimbridgeorum,0,1,0,,1,0,1,0,
30,305,303,A.Rich.,12171,2606,Cupania juglandifolia,0,1,0,,0,0,0,0,
30,305,303,(L.) Griseb.,34535,5575,Piriqueta cistoides,0,1,0,,0,0,0,0,
30,305,303,Britton,4515,1597,Badiera virgata,0,1,0,,1,0,1,0,
30,305,303,Britton,4515,1597,Badiera virgata,0,1,0,,1,0,1,0,
30,305,303,Britton,4515,1597,Badiera virgata,0,1,0,,1,0,1,0,
30,305,303,Greenm.,428251,1283,Anastraphia northropiana,0,1,0,,1,0,0,0,
30,305,303,(Griseb.) C.Wright,21503,3752,Herpyza grandiflora,0,1,0,,1,0,1,0,
30,305,303,(Standl.) L.P.Queiroz & Snak,439841,4470,Macropsychanthus wilsonii,0,1,0,,0,0,0,0,
30,305,303,(C.Wright) A.Delgado,443095,7072,Vigna trichocarpa,0,1,0,,0,0,0,0,
30,305,303,(C.Wright) Borhidi ex Feuillet,443034,7041,Varronia intricata,0,1,0,,1,0,1,0,
30,305,303,Choisy,344403,3957,Ipomoea longeramosa,0,1,0,,1,0,1,0,
30,305,303,L.,24062,4025,Juniperus barbadensis,0,1,0,,1,0,0,0,
30,305,303,(Müll.Arg.) Griseb. ex Hutch.,312,965,Acalypha nana,0,1,0,,1,0,0,0,
30,305,303,Urb.,11887,2566,Croton prostratus,0,1,0,,1,0,1,0,
30,305,303,Urb.,33471,5501,Phyllanthus cristalensis,0,1,0,,1,0,1,0,
30,305,303,C.Wright,33486,5501,Phyllanthus echinospermus,0,1,0,,1,0,1,0,
30,305,303,Pilg.,46272,7026,Utricularia simulans,0,1,0,,0,0,0,0,
30,305,303,(Urb.) Govaerts,27439,4484,Magnolia minor,0,1,0,,1,0,1,0,
30,305,303,"Skean, Judd & Majure",417997,4675,Miconia conica,0,1,0,,1,0,1,0,
30,305,303,Urb.,28805,4675,Miconia petersonii,0,1,0,,1,0,1,0,
30,305,303,R.A.Howard & W.R.Briggs,14945,2952,Dorstenia lanei,0,1,0,,1,0,1,0,
30,305,303,Panfet & Ventosa,47188,7107,Wallenia maestrensis,0,1,0,,1,0,1,0,
30,305,303,Urb.,17342,3227,Eugenia aceitillo,0,1,0,,1,0,1,0,
30,305,303,Urb. & Ekman,17552,3227,Eugenia pozasia,0,1,0,,1,0,1,0,
30,305,303,Urb.,17625,3227,Eugenia woodfrediana,0,1,0,,1,0,1,0,
30,305,303,Luer,25105,4222,Lepanthes diaziae,0,1,0,,1,0,1,0,
30,305,303,Griseb.,35463,5695,Polygala brachyptera,0,1,0,,1,0,1,0,
30,305,303,A.Rich.,10253,2361,Coccoloba coriacea,0,1,0,,1,0,1,0,
30,305,303,Britton,10256,2361,Coccoloba cowellii,0,1,0,,1,0,1,0,
30,305,303,Urb.,36716,5840,Psychotria geronensis,0,1,0,,1,0,1,0,
30,305,303,(Britton & P.Wilson) W.H.Lewis & R.L.Oliv.,38422,6014,Richardia arenicola,0,1,0,,1,0,1,0,
30,305,303,(Britton & P.Wilson) W.H.Lewis & R.L.Oliv.,38424,6014,Richardia ciliata,0,1,0,,1,0,1,0,
30,305,303,Britton,38527,6041,Rondeletia bicolor,0,1,0,,1,0,1,0,
30,305,303,Britton,38581,6041,Rondeletia leonii,0,1,0,,1,0,1,0,
30,305,303,Urb. & Ekman,38607,6041,Rondeletia paucinervis,0,1,0,,1,0,1,0,
30,305,303,Urb.,38621,6041,Rondeletia pycnophylla,0,1,0,,1,0,1,0,
30,305,303,Urb.,38519,6041,Rondeletia apiculata,0,1,0,,1,0,1,0,
30,305,303,C.Wright,38537,6041,Rondeletia camarioca,0,1,0,,1,0,1,0,
30,305,303,(Walter) B.L.Rob.,4488,1595,Bacopa caroliniana,0,1,0,,0,0,0,0,
30,305,303,Hadac,5976,1852,Brunfelsia acunae,0,1,0,,1,0,1,0,
30,305,303,(Nees) T.F.Daniel,5824,1823,Bravaisia berlandieriana,0,1,0,,0,0,0,0,
30,305,303,Benth.,28010,4581,Maytenus phyllanthoides,0,1,0,,0,0,0,0,
30,305,303,Schult. & Schult.f.,6430,1898,Cabomba furcata,0,1,0,,0,0,0,0,
30,305,303,Kük.,440759,2661,Cyperus neourbanii,0,1,0,,1,0,1,0,
30,305,303,Baldwin,12938,2661,Cyperus ovatus,0,1,0,,0,0,0,0,
30,305,303,(Kük.) Kük.,38357,6005,Rhynchospora simplex,0,1,0,,1,0,0,0,
30,305,303,Griseb.,38316,6005,Rhynchospora hispidula,0,1,0,,1,0,1,0,
30,305,303,Griseb.,38349,6005,Rhynchospora scabrata,0,1,0,,1,0,1,0,
30,305,303,Nees ex Kunth,40646,6258,Scleria testacea,0,1,0,,0,0,0,0,
30,305,303,(Cham. & Schltdl.) M.Gómez,32984,5410,Persicaria meisneriana,0,1,0,,0,0,0,0,
30,305,303,(Walter) Shinners,6002,1854,Brunnichia ovata,0,0,0,,0,0,0,0,
30,305,303,C.Wright ex Griseb.,10245,2361,Coccoloba armata,0,1,0,,1,0,1,0,
30,305,303,Griseb.,10270,2361,Coccoloba microphylla,0,1,0,,1,0,1,0,
30,305,303,Lindau,10262,2361,Coccoloba geniculata,0,1,0,,1,0,1,0,
30,305,303,Lindau,10287,2361,Coccoloba reflexa,0,1,0,,1,0,1,0,
30,305,303,C.Wright ex Lindau,10282,2361,Coccoloba praecox,0,1,0,,1,0,1,0,
30,305,303,C.Wright,10290,2361,Coccoloba rufescens,0,1,0,,1,0,1,0,
30,305,303,Griseb.,10289,2361,Coccoloba retusa,0,1,0,,1,0,1,0,
30,305,303,Griseb.,28653,4662,Metastelma hamatum,0,1,0,,1,0,1,0,
30,305,303,(Griseb.) Urb.,22838,3911,Hyperbaena axilliflora,0,1,0,,1,0,1,0,
30,305,303,W.R.Anderson,27603,4507,Malpighia verruculosa,0,1,0,,1,0,0,0,
30,305,303,F.K.Mey.,27586,4507,Malpighia pallidior,0,1,0,,1,0,1,0,
30,305,303,F.K.Mey.,27553,4507,Malpighia cornistipulata,0,1,0,,1,0,1,0,
30,305,303,F.K.Mey.,27544,4507,Malpighia articulata,0,1,0,,1,0,1,0,
30,305,303,F.K.Mey.,27571,4507,Malpighia longifolia,0,1,0,,1,0,1,0,
30,305,303,F.K.Mey.,27594,4507,Malpighia revoluta,0,1,0,,1,0,1,0,
30,305,303,F.K.Mey.,27599,4507,Malpighia torulosa,0,1,0,,1,0,1,0,
30,305,303,F.K.Mey.,27546,4507,Malpighia baracoensis,0,1,0,,1,0,1,0,
30,305,303,Acuña & Roíg,27573,4507,Malpighia martiana,0,1,0,,1,0,1,0,
30,305,303,F.K.Mey.,27600,4507,Malpighia tunensis,0,1,0,,1,0,1,0,
30,305,303,F.K.Mey.,27600,4507,Malpighia tunensis,0,1,0,,1,0,1,0,
30,305,303,F.K.Mey.,27580,4507,Malpighia mutabilis,0,1,0,,1,0,1,0,
30,305,303,Kunth,27555,4507,Malpighia cubensis,0,1,0,,1,0,1,0,
30,305,303,F.K.Mey.,27587,4507,Malpighia pasorealensis,0,1,0,,1,0,1,0,
30,305,303,F.K.Mey.,27604,4507,Malpighia vertientensis,0,1,0,,1,0,1,0,
30,305,303,A.Juss.,27589,4507,Malpighia polytricha,0,1,0,,1,0,0,0,
30,305,303,Spreng.,27596,4507,Malpighia setosa,0,1,0,,1,0,1,0,
30,305,303,Spreng.,27596,4507,Malpighia setosa,0,1,0,,1,0,1,0,
30,305,303,Spreng.,27596,4507,Malpighia setosa,0,1,0,,1,0,1,0,
30,305,303,Spreng.,27596,4507,Malpighia setosa,0,1,0,,1,0,1,0,
30,305,303,F.K.Mey.,27581,4507,Malpighia neglecta,0,1,0,,1,0,1,0,
30,305,303,F.K.Mey.,27584,4507,Malpighia ophiticola,0,1,0,,1,0,1,0,
30,305,303,F.K.Mey.,27595,4507,Malpighia reyensis,0,1,0,,1,0,1,0,
30,305,303,F.K.Mey.,27556,4507,Malpighia dura,0,1,0,,1,0,1,0,
30,305,303,F.K.Mey.,27558,4507,Malpighia epedunculata,0,1,0,,1,0,1,0,
30,305,303,F.K.Mey.,27558,4507,Malpighia epedunculata,0,1,0,,1,0,1,0,
30,305,303,F.K.Mey.,27597,4507,Malpighia squarrosa,0,1,0,,1,0,1,0,
30,305,303,F.K.Mey.,27547,4507,Malpighia cajalbanensis,0,1,0,,1,0,1,0,
30,305,303,F.K.Mey.,27562,4507,Malpighia habanensis,0,1,0,,1,0,1,0,
30,305,303,(Rohwer) Trofimov,441414,19678,Damburneya minima,0,1,0,,1,0,1,0,
30,305,303,Marg.,441038,4497,Malaxis juventudensis,0,1,0,,1,0,1,0,
30,305,303,(M.A.Díaz) Nir,442832,6829,Tolumnia acunae,0,1,0,,1,0,1,0,
30,305,303,(L.) D.Dietr.,28872,4685,Microchilus plantagineus,0,1,0,,1,0,0,0,
30,305,303,(Rchb.f.) Britton & Millsp.,30369,4996,Nidema ottonis,0,1,0,,0,0,0,0,
30,305,303,(Rchb.f.) Soto Arenas,22299,3831,Homalopetalum leochilus,0,1,0,,1,0,0,0,
30,305,303,(Hook.) W.E.Higgins,36332,5775,Prosthechea pygmaea,0,1,0,,0,0,0,0,
30,305,303,A.Rich.,16463,3135,Epidendrum amphistomum,0,1,0,,0,0,0,0,
30,305,303,L.O.Williams,438680,1738,Bletia carabiaiana,0,1,0,,1,0,1,0,
30,305,303,Acuña,438686,1738,Bletia wrightii,0,1,0,,1,0,1,0,
30,305,303,(Sw.) Benth. ex Fawc.,13856,2780,Dendrophylax filiformis,0,1,0,,0,0,0,0,
30,305,303,(Lindl.) Luer,47810,7214,Zootrophion atropurpureum,0,1,0,,0,0,0,0,
30,305,303,Schltr.,16323,3107,Encyclia acutifolia,0,1,0,,1,0,0,0,
30,305,303,(Rchb.f.) Acuña,16326,3107,Encyclia bipapularis,0,1,0,,1,0,1,0,
30,305,303,(Lindl.) W.E.Higgins,36327,5775,Prosthechea boothiana,0,1,0,,0,0,0,0,
30,305,303,(Lindl.) Schltr.,230448,3107,Encyclia pyriformis,0,1,0,,1,0,1,0,
30,305,303,H.Dietr.,440006,3107,Encyclia moebusii,0,1,0,,1,0,1,0,
30,305,303,(Sw.) Lindl.,14385,2862,Dinema polybulbon,0,1,0,,1,0,1,0,
30,305,303,(Sw.) W.E.Higgins,36329,5775,Prosthechea fragrans,0,1,0,,0,0,0,0,
30,305,303,(Cogn.) Acuña,440005,3107,Encyclia grisebachiana,0,1,0,,1,0,1,0,
30,305,303,(Ames & Correll) Hoehne,16333,3107,Encyclia howardii,0,1,0,,1,0,1,0,
30,305,303,(A.Rich.) Acuña,16338,3107,Encyclia nematocaulon,0,1,0,,1,0,1,0,
30,305,303,(Lindl.) Schltr.,16340,3107,Encyclia oxypetala,0,1,0,,1,0,1,0,
30,305,303,(Rchb.f.) W.E.Higgins,36334,5775,Prosthechea spondiada,0,1,0,,0,0,0,0,
30,305,303,(Rchb.f.) Acuña,16348,3107,Encyclia triangulifera,0,1,0,,1,0,1,0,
30,305,303,(Sw.) D.Dietr.,28871,4685,Microchilus hirtellus,0,1,0,,0,0,0,0,
30,305,303,(Fernald) Ames,17641,3232,Eulophia ecristata,0,1,0,,0,0,0,0,
30,305,303,Lindl.,20809,3625,Habenaria floribunda,0,1,0,,0,0,0,0,
30,305,303,(A.Rich.) Ackerman,34928,5599,Platanthera replicata,0,1,0,,1,0,1,0,
30,305,303,(Rchb.f.) Carlsward & Whitten,13862,2780,Dendrophylax porrectus,0,1,0,,0,0,0,0,
30,305,303,Lindl.,40236,6195,Scaphyglottis reflexa,0,1,0,,0,0,0,0,
30,305,303,(Cogn.) Braem,45278,6829,Tolumnia calochila,0,1,0,,1,0,0,0,
30,305,303,Lindl.,30885,5099,Oncidium ensatum,0,1,0,,0,0,0,0,
30,305,303,(A.Rich.) Braem,45282,6829,Tolumnia guibertiana,0,1,0,,1,0,1,0,
30,305,303,(Lindl.) Braem,442834,6829,Tolumnia lemoniana,0,1,0,,1,0,0,0,
30,305,303,(Sw.) Ackerman & M.W.Chase,45517,6888,Trichocentrum undulatum,0,1,0,,0,0,0,0,
30,305,303,(Nash) Braem,45288,6829,Tolumnia lucayana,0,1,0,,1,0,0,0,
30,305,303,(Griseb.) Hespenh.,25086,4222,Lepanthes blepharophylla,0,1,0,,1,0,1,0,
30,305,303,(Lindl.) Luer,45604,6898,Trichosalpinx dura,0,1,0,,0,0,0,0,
30,305,303,(Lindl.) Luer,441,988,Acianthera angustifolia,0,1,0,,0,0,0,0,
30,305,303,(Rchb.f.) Schltr.,4669,1629,Barbosella prorepens,0,1,0,,0,0,0,0,
30,305,303,(Rchb.f.) Luer,45605,6898,Trichosalpinx memor,0,1,0,,0,0,0,0,
30,305,303,(Lex.) Lindl.,441879,5651,Pleurothallis quadrifida,0,1,0,,0,0,0,0,
30,305,303,(Rchb.f.) Rolfe,29845,4858,Myrmecophila thomsoniana,0,1,1,,1,0,0,0,
30,305,303,(Aubl.) Garay,39522,6100,Sacoila lanceolata,0,1,0,,0,0,0,0,
30,305,303,(Britton) Schltr.,28610,4649,Mesadenus lucayanus,0,1,0,,0,0,0,0,
30,305,303,(Rchb.f.) Schltr.,36468,5802,Pseudogoodyera wrightii,0,1,0,,0,0,0,0,
30,305,303,(Salzm. ex Lindl.) Lindl.,46427,7040,Vanilla palmarum,0,1,0,,0,0,0,0,
30,305,303,Lindl.,46421,7040,Vanilla bicolor,0,1,0,,0,0,0,0,
30,305,303,M.A.Díaz,438685,1738,Bletia volubilis,0,1,0,,1,0,1,0,
30,305,303,Schltr.,16324,3107,Encyclia altissima,0,1,0,,1,0,0,0,
30,305,303,(M.A.Díaz & Llamacho) Sosa & M.W.Chase,438683,1738,Bletia hoffmannii,0,1,0,,1,0,1,0,
30,305,303,(Rchb.f. & Wullschl.) Benth. ex Fawc.,439038,1987,Campylocentrum jamaicense,0,1,0,,0,0,0,0,
30,305,303,Hook.,8506,2076,Catasetum integerrimum,0,1,0,,0,0,0,0,
30,305,303,Schltr.,12580,2638,Cyclopogon miradorensis,0,1,0,,0,0,0,0,
30,305,303,Lindl.,14150,2814,Dichaea latifolia,0,1,0,,0,0,0,0,
30,305,303,(A.Rich.) Withner,440007,3107,Encyclia ochrantha,0,1,0,,1,0,1,0,
30,305,303,Dressler,440015,3135,Epidendrum acunae,0,1,0,,0,0,0,0,
30,305,303,Hágsater,16473,3135,Epidendrum brachyrepens,0,1,0,,0,0,0,0,
30,305,303,Hágsater,16483,3135,Epidendrum floridense,0,1,0,,0,0,0,0,
30,305,303,G.A.Romero & P.M.Br.,19125,3394,Galeandra bicarinata,0,1,0,,0,0,0,0,
30,305,303,Hespenh.,25076,4222,Lepanthes acunae,0,1,0,,1,0,1,0,
30,305,303,Luer & H.P.Jesup,25080,4222,Lepanthes aubryi,0,1,0,,1,0,1,0,
30,305,303,Hespenh.,25101,4222,Lepanthes cubensis,0,1,0,,1,0,1,0,
30,305,303,Luer & Llamacho,25102,4222,Lepanthes cyrillicola,0,1,0,,1,0,1,0,
30,305,303,Luer & Llamacho,25103,4222,Lepanthes decoris,0,1,0,,1,0,1,0,
30,305,303,Hespenh.,25112,4222,Lepanthes dressleri,0,1,0,,1,0,1,0,
30,305,303,Hespenh.,25125,4222,Lepanthes grisebachiana,0,1,0,,1,0,1,0,
30,305,303,Luer & H.P.Jesup,25145,4222,Lepanthes nana,0,1,0,,1,0,1,0,
30,305,303,Hespenh.,25147,4222,Lepanthes obliquiloba,0,1,0,,1,0,1,0,
30,305,303,C.Schweinf.,25212,4223,Lepanthopsis pygmaea,0,1,0,,1,0,0,0,
30,305,303,Ames,32548,5342,Pelexia maxonii,0,1,0,,1,0,1,0,
30,305,303,(J.J.Sm.) Garay,32549,5342,Pelexia obliqua,0,1,0,,0,0,0,0,
30,305,303,(Luer) Luer,442,988,Acianthera bissei,0,1,0,,1,0,1,0,
30,305,303,(S.Watson) Pridgeon & M.W.Chase,42326,6459,Specklinia brighamii,0,1,0,,0,0,0,0,
30,305,303,"(H.Stenzel) Karremans, Chiron & Van den Berg",441875,988,Acianthera oricola,0,1,0,,1,0,1,0,
30,305,303,(Schltr.) Salazar & R.Jiménez,411440,19545,Greenwoodiella wercklei,0,1,0,,0,0,0,0,
30,305,303,(Moir) Braem,45286,6829,Tolumnia hawkesiana,0,1,0,,1,0,1,0,
30,305,303,(Lindl.) Braem,45293,6829,Tolumnia sylvestris,0,1,0,,1,0,1,0,
30,305,303,(Cogn.) Braem,45295,6829,Tolumnia tuerckheimii,0,1,0,,1,0,0,0,
30,305,303,(Lindl.) Braem,45297,6829,Tolumnia usneoides,0,1,0,,1,0,1,0,
30,305,303,Rchb.f.,46420,7040,Vanilla barbellata,0,1,0,,1,0,1,0,
30,305,303,Urb.,17976,3237,Euphorbia torralbasii,0,1,0,,1,0,0,0,
30,305,303,Urb.,17773,3237,Euphorbia crassinodis,0,1,0,,1,0,1,0,
30,305,303,Krug & Urb.,38599,6041,Rondeletia nimanimae,0,1,0,,1,0,1,0,
30,305,303,Krug & Urb.,38635,6041,Rondeletia subglabra,0,1,0,,1,0,1,0,
30,305,303,Krug & Urb.,38603,6041,Rondeletia pachyphylla,0,1,0,,1,0,1,0,
30,305,303,(Sw.) Hammel,441454,5033,Notopleura parasitica,0,1,0,,0,0,0,0,
30,305,303,Griseb.,441100,4581,Maytenus cochlearifolia,0,1,0,,1,0,1,0,
30,305,303,(C.Presl) Krapov. & Cristóbal,32585,5347,Peltaea trinervis,0,1,0,,0,0,0,0,
30,305,303,(C.Wright ex Griseb.) Krapov. & Cristóbal,32584,5347,Peltaea subpandurata,0,1,0,,1,0,1,0,
30,305,303,(Kunth) Standl.,32583,5347,Peltaea speciosa,0,1,0,,0,0,0,0,
30,305,303,(G.Mey.) C.H.Thomps.,42558,6490,Spirodela punctata,0,1,0,,0,0,0,0,
30,305,303,(Kunth) Rose,11398,2522,Couepia polyandra,0,0,0,,0,0,0,0,
30,305,303,(Wall.) R.Parker,2681,1375,Aphanamixis polystachya,0,0,0,,0,0,0,0,
30,305,303,(L.) W.T.Aiton,7176,1953,Calotropis gigantea,0,0,0,,0,0,0,0,
30,305,303,Griseb.,10701,2442,Connarus reticulatus,0,1,0,,1,0,1,0,
30,305,303,Griseb.,8357,897,Casearia praecox,0,1,0,,0,0,0,0,
30,305,303,Griseb.,29470,4811,Mouriri emarginata,0,1,0,,1,0,1,0,
30,305,303,Mill.,43762,6656,Tabernaemontana alba,0,1,0,,0,0,0,0,
30,305,303,Kunth,13986,2793,Desmanthus leptophyllus,0,1,0,,0,0,0,0,
30,305,303,(L.) Thell.,13987,2793,Desmanthus pernambucanus,0,1,0,,0,0,0,0,
30,305,303,B.L.Turner,13988,2793,Desmanthus pubescens,0,1,0,,0,0,0,0,
30,305,303,(Griseb.) Borhidi,29441,4808,Mosiera calycolpoides,0,1,0,,1,0,1,0,
30,305,303,León,10319,2363,Coccothrinax clarensis,0,1,0,,1,0,1,0,
30,305,303,(Kunth) Becc.,10338,2363,Coccothrinax miraguama,0,1,0,,1,0,1,0,
30,305,303,(C.Wright ex Griseb.) Urb.,28861,4680,Micrasepalum eritrichoides,0,1,0,,1,0,0,0,
30,305,303,C.Wright,42417,6462,Spermacoce rubricaulis,0,1,0,,1,0,1,0,
30,305,303,(C.Wright ex Griseb.) C.Wright,42420,6462,Spermacoce strumpfioides,0,1,0,,1,0,1,0,
30,305,303,(G.Mey.) Kuntze,42421,6462,Spermacoce suaveolens,0,1,0,,0,0,0,0,
30,305,303,(Griseb.) C.Wright,442606,6462,Spermacoce thymocephala,0,1,0,,1,0,1,0,
30,305,303,(Griseb.) C.Wright ex Rob.,8324,2053,Casasia nigrescens,0,1,0,,1,0,1,0,
30,305,303,(Sw.) Urb.,9384,2228,Chione venosa,0,1,0,,1,0,0,0,
30,305,303,Nees & Mart.,10235,2360,Coccocypselum cordifolium,0,1,0,,0,0,0,0,
30,305,303,Trel.,1090,1115,Agave papyrocarpa,0,1,0,,1,0,1,0,
30,305,303,(C.Wright ex Griseb.) Kuntze,42419,6462,Spermacoce squamosa,0,1,0,,1,0,1,0,
30,305,303,(Walter) J.H.Kirkbr.,409368,13916,Hexasepalum teres,0,1,0,,0,0,0,0,
30,305,303,DC.,16963,3181,Erithalis angustifolia,0,1,0,,1,0,0,0,
30,305,303,(A.Rich. ex Bonpl.) Borhidi,440117,19780,Solenandra parviflora,0,1,0,,1,0,1,0,
30,305,303,Bonpl.,438805,1851,Brunellia comocladiifolia,0,1,0,,1,0,1,0,
30,305,303,DC.,18301,3297,Faramea sertulifera,0,1,0,,1,0,1,0,
30,305,303,(Spreng.) Cham. & Schltdl.,10234,2360,Coccocypselum aureum,0,1,0,,0,0,0,0,
30,305,303,Hadac,10236,2360,Coccocypselum glaberrimum,0,1,0,,1,0,1,0,
30,305,303,Britton,20530,3581,Guettarda calcicola,0,1,0,,1,0,1,0,
30,305,303,Urb.,20543,3581,Guettarda elegans,0,1,0,,1,0,1,0,
30,305,303,Urb.,20553,3581,Guettarda inaequipes,0,1,0,,1,0,1,0,
30,305,303,Urb.,20578,3581,Guettarda pinariona,0,1,0,,1,0,1,0,
30,305,303,(L.) DC.,29223,4744,Mitracarpus hirtus,0,1,0,,1,0,1,0,
30,305,303,A.Rich.,29225,4744,Mitracarpus linearifolius,0,1,0,,0,0,0,0,
30,305,303,(Urb.) Stearn,440706,4027,Justicia tomentosula,0,1,0,,1,0,1,0,
30,305,303,(Urb.) Acev.-Rodr.,30657,5070,Odontonema lindavii,0,1,0,,1,0,1,0,
30,305,303,DC.,31753,5245,Palicourea triphylla,0,1,0,,0,0,0,0,
30,305,303,DC.,36634,5840,Psychotria balbisiana,0,1,0,,1,0,1,0,
30,305,303,Urb.,36636,5840,Psychotria banaona,0,1,0,,1,0,1,0,
30,305,303,C.Wright ex Griseb.,36639,5840,Psychotria bialata,0,1,0,,1,0,1,0,
30,305,303,Urb.,36645,5840,Psychotria brevistipula,0,1,0,,1,0,1,0,
30,305,303,Acuña & Roíg,36648,5840,Psychotria byrsonimifolia,0,1,0,,1,0,1,0,
30,305,303,Jacq.,36659,5840,Psychotria carthagenensis,0,1,0,,0,0,0,0,
30,305,303,Urb.,36660,5840,Psychotria cathetoneura,0,1,0,,1,0,1,0,
30,305,303,Griseb.,36677,5840,Psychotria costivenia,0,1,0,,0,0,0,0,
30,305,303,Urb.,36678,5840,Psychotria cristalensis,0,1,0,,1,0,1,0,
30,305,303,Urb.,36693,5840,Psychotria ebracteata,0,1,0,,1,0,1,0,
30,305,303,C.Wright ex Griseb.,36698,5840,Psychotria evenia,0,1,0,,1,0,1,0,
30,305,303,Urb.,36722,5840,Psychotria graminifolia,0,1,0,,1,0,1,0,
30,305,303,Urb.,36727,5840,Psychotria greeneana,0,1,0,,1,0,1,0,
30,305,303,Urb.,36731,5840,Psychotria gundlachii,0,1,0,,1,0,1,0,
30,305,303,(Willd. ex Schult.) Borhidi,442079,5245,Palicourea hoffmannseggiana,0,1,0,,0,0,0,0,
30,305,303,Acuña & Roíg,36770,5840,Psychotria lopezii,0,1,0,,1,0,1,0,
30,305,303,Urb.,36803,5840,Psychotria naguana,0,1,0,,1,0,1,0,
30,305,303,A.Rich.,36809,5840,Psychotria obovalis,0,1,0,,1,0,1,0,
30,305,303,(C.Wright ex Griseb.) Borhidi & Oviedo,442084,5245,Palicourea odorata,0,1,0,,1,0,1,0,
30,305,303,Urb.,36815,5840,Psychotria ossaeana,0,1,0,,1,0,1,0,
30,305,303,Urb.,36819,5840,Psychotria pachythalla,0,1,0,,1,0,1,0,
30,305,303,Urb.,36832,5840,Psychotria pinetorum,0,1,0,,1,0,1,0,
30,305,303,Acuña & Roíg,36840,5840,Psychotria ponce-leonis,0,1,0,,1,0,1,0,
30,305,303,Urb.,36854,5840,Psychotria rectinervis,0,1,0,,1,0,1,0,
30,305,303,(Urb.) Borhidi & Oviedo,442088,5245,Palicourea richardiana,0,1,0,,1,0,1,0,
30,305,303,Urb.,36858,5840,Psychotria rivularis,0,1,0,,1,0,1,0,
30,305,303,Griseb.,36865,5840,Psychotria rufovaginata,0,1,0,,1,0,1,0,
30,305,303,(Greuter) Borhidi & Oviedo,443258,5245,Palicourea polymorpha,0,1,0,,1,0,1,0,
30,305,303,Urb.,36870,5840,Psychotria sauvallei,0,1,0,,1,0,1,0,
30,305,303,Urb.,36876,5840,Psychotria shaferi,0,1,0,,1,0,1,0,
30,305,303,Urb.,36883,5840,Psychotria sphaeroidea,0,1,0,,1,0,1,0,
30,305,303,Borhidi & Oviedo,442091,5245,Palicourea orientensis,0,1,0,,1,0,1,0,
30,305,303,Ekman & Urb.,36892,5840,Psychotria subvelutina,0,1,0,,1,0,1,0,
30,305,303,Urb.,36899,5840,Psychotria thelophora,0,1,0,,1,0,1,0,
30,305,303,Govaerts,36909,5840,Psychotria tubulocubensis,0,1,0,,1,0,1,0,
30,305,303,(Sw.) Bremek.,30450,5033,Notopleura uliginosa,0,1,0,,0,0,0,0,
30,305,303,Acuña & Roíg,442093,5840,Psychotria vanhermanii,0,1,0,,1,0,1,0,
30,305,303,Andrews,16726,3147,Eranthemum pulchellum,0,0,0,,0,0,0,0,
30,305,303,Griseb.,38539,6041,Rondeletia chamaebuxifolia,0,1,0,,1,0,1,0,
30,305,303,Urb.,38523,6041,Rondeletia azulensis,0,1,0,,1,0,1,0,
30,305,303,Britton,38524,6041,Rondeletia baracoensis,0,1,0,,1,0,1,0,
30,305,303,Urb.,38547,6041,Rondeletia coronata,0,1,0,,1,0,1,0,
30,305,303,Urb.,38549,6041,Rondeletia cristalensis,0,1,0,,1,0,1,0,
30,305,303,Urb.,38552,6041,Rondeletia diplocalyx,0,1,0,,1,0,1,0,
30,305,303,(Griseb.) Borhidi & M.Fernández,43304,6611,Suberanthus brachycarpus,0,1,0,,1,0,1,0,
30,305,303,Britton,38626,6041,Rondeletia savannarum,0,1,0,,1,0,1,0,
30,305,303,Griseb.,38573,6041,Rondeletia hypoleuca,0,1,0,,1,0,1,0,
30,305,303,Britton,38577,6041,Rondeletia insularis,0,1,0,,1,0,1,0,
30,305,303,Britton,38578,6041,Rondeletia intermixta,0,1,0,,1,0,1,0,
30,305,303,A.Rich.,38583,6041,Rondeletia lindeniana,0,1,0,,1,0,1,0,
30,305,303,Urb.,38586,6041,Rondeletia lomensis,0,1,0,,1,0,1,0,
30,305,303,Urb.,38590,6041,Rondeletia micarensis,0,1,0,,1,0,1,0,
30,305,303,Griseb.,38592,6041,Rondeletia microphylla,0,1,0,,1,0,1,0,
30,305,303,Urb.,38593,6041,Rondeletia minutifolia,0,1,0,,1,0,1,0,
30,305,303,Britton & P.Wilson,38596,6041,Rondeletia naguensis,0,1,0,,1,0,1,0,
30,305,303,Urb.,38600,6041,Rondeletia nipensis,0,1,0,,1,0,1,0,
30,305,303,Jacq.,38602,6041,Rondeletia odorata,0,1,0,,1,0,1,0,
30,305,303,C.Wright,38608,6041,Rondeletia pedicellaris,0,1,0,,1,0,1,0,
30,305,303,A.Rich.,38609,6041,Rondeletia peduncularis,0,1,0,,1,0,1,0,
30,305,303,Urb.,38615,6041,Rondeletia plicatula,0,1,0,,1,0,1,0,
30,305,303,Urb. & Ekman,38619,6041,Rondeletia potrerillona,0,1,0,,1,0,1,0,
30,305,303,Griseb.,38623,6041,Rondeletia rigida,0,1,0,,1,0,1,0,
30,305,303,Urb.,38625,6041,Rondeletia rugelii,0,1,0,,1,0,1,0,
30,305,303,Urb. & Britton,38629,6041,Rondeletia shaferi,0,1,0,,1,0,1,0,
30,305,303,Urb.,38630,6041,Rondeletia steirophylla,0,1,0,,1,0,1,0,
30,305,303,Standl.,38536,6041,Rondeletia calophylla,0,1,0,,1,0,1,0,
30,305,303,Griseb.,38644,6041,Rondeletia venosa,0,1,0,,1,0,1,0,
30,305,303,(Standl.) Urb.,40446,6235,Schmidtottia shaferi,0,1,0,,1,0,1,0,
30,305,303,L.,32326,5316,Passiflora holosericea,0,1,0,,0,0,0,0,
30,305,303,Urb.,32362,5316,Passiflora stenoloba,0,1,0,,1,0,1,0,
30,305,303,Britton,32343,5316,Passiflora nipensis,0,1,0,,1,0,1,0,
30,305,303,Britton,32360,5316,Passiflora shaferi,0,1,0,,1,0,1,0,
30,305,303,Urb.,32317,5316,Passiflora cubensis,0,1,0,,1,0,1,0,
30,305,303,Urb.,32321,5316,Passiflora dasyadenia,0,1,0,,1,0,1,0,
30,305,303,Aubl.,32364,5316,Passiflora stipulata,0,0,0,,0,0,0,0,
30,305,303,Killip,32372,5316,Passiflora urbaniana,0,0,0,,0,0,0,0,
30,305,303,Aiton,32312,5316,Passiflora ciliata,0,1,0,,1,0,1,0,
30,305,303,Aiton,32312,5316,Passiflora ciliata,0,1,0,,1,0,1,0,
30,305,303,Baro & P.Herrera,7018,1930,Callicarpa gibaroana,0,1,0,,1,0,1,0,
30,305,303,(Osbeck) Mabb.,10034,2334,Clerodendrum chinense,0,0,0,,0,0,0,0,
30,305,303,(Hook.) I.E.Méndez,439325,5196,Ovieda grandiflora,0,1,0,,1,0,1,0,
30,305,303,Britton & P.Wilson,15431,3003,Duranta arida,0,1,0,,1,0,1,0,
30,305,303,(L.) Kuntze,10149,2341,Clinopodium vimineum,0,1,0,,1,0,0,0,
30,305,303,(Britton & P.Wilson) Bisse,29439,4808,Mosiera bullata,0,1,0,,1,0,1,0,
30,305,303,Urb.,17517,3227,Eugenia nipensis,0,1,0,,1,0,1,0,
30,305,303,(C.Wright ex Griseb.) Z.Acosta & K.Samra,438913,4842,Myrcia apicata,0,1,0,,1,0,1,0,
30,305,303,(Urb.) Z.Acosta & K.Samra,438914,4842,Myrcia apoda,0,1,0,,1,0,1,0,
30,305,303,(Krug & Urb.) Z.Acosta & K.Samra,438920,4842,Myrcia bergii,0,1,0,,1,0,1,0,
30,305,303,(Urb.) Z.Acosta & K.Samra,438921,4842,Myrcia bialata,0,1,0,,1,0,1,0,
30,305,303,(Urb.) Z.Acosta & K.Samra,438926,4842,Myrcia canapuensis,0,1,0,,1,0,1,0,
30,305,303,(Poir.) DC.,109078,4842,Myrcia ferruginea,0,1,0,,1,0,1,0,
30,305,303,Z.Acosta & K.Samra,438929,4842,Myrcia azulensis,0,1,0,,1,0,1,0,
30,305,303,Z.Acosta & K.Samra,438935,4842,Myrcia compacta,0,1,0,,1,0,1,0,
30,305,303,Z.Acosta & K.Samra,438938,4842,Myrcia aerisea,0,1,0,,1,0,1,0,
30,305,303,(Griseb.) Z.Acosta & K.Samra,438939,4842,Myrcia decandra,0,1,0,,1,0,1,0,
30,305,303,(C.Wright) Z.Acosta & K.Samra,438945,4842,Myrcia enneantha,0,1,0,,1,0,1,0,
30,305,303,(Krug & Urb.) Z.Acosta & K.Samra,438952,4842,Myrcia glabrescens,0,1,0,,1,0,1,0,
30,305,303,(Urb.) Z.Acosta & K.Samra,438956,4842,Myrcia heterochroa,0,1,0,,1,0,1,0,
30,305,303,Z.Acosta & K.Samra,443210,4842,Myrcia circulensis,0,1,0,,1,0,1,0,
30,305,303,Z.Acosta & K.Samra,438975,4842,Myrcia parviantha,0,1,0,,1,0,1,0,
30,305,303,(Urb.) Z.Acosta & K.Samra,438979,4842,Myrcia monocarpa,0,1,0,,1,0,1,0,
30,305,303,(Urb.) Z.Acosta & K.Samra,438986,4842,Myrcia oblanceolata,0,1,0,,1,0,1,0,
30,305,303,(R.A.Howard) Z.Acosta & K.Samra,438987,4842,Myrcia oblongifolia,0,1,0,,1,0,1,0,
30,305,303,Z.Acosta & K.Samra,438988,4842,Myrcia paucantha,0,1,0,,1,0,1,0,
30,305,303,(Urb. & Ekman) Flickinger,438989,3227,Eugenia pachyadenia,0,1,0,,1,0,1,0,
30,305,303,(Britton & P.Wilson) Z.Acosta & K.Samra,438997,4842,Myrcia pinetorum,0,1,0,,1,0,1,0,
30,305,303,(Urb.) Z.Acosta & K.Samra,439000,4842,Myrcia polysticta,0,1,0,,1,0,1,0,
30,305,303,(Urb.) Z.Acosta & K.Samra,439002,4842,Myrcia protracta,0,1,0,,1,0,1,0,
30,305,303,Z.Acosta & K.Samra,439005,4842,Myrcia foramina,0,1,0,,1,0,1,0,
30,305,303,Z.Acosta & K.Samra,439008,4842,Myrcia adunca,0,1,0,,1,0,1,0,
30,305,303,Z.Acosta & K.Samra,439009,4842,Myrcia circumdata,0,1,0,,1,0,1,0,
30,305,303,Z.Acosta & K.Samra,439010,4842,Myrcia petricola,0,1,0,,1,0,1,0,
30,305,303,(Urb.) Z.Acosta & K.Samra,439016,4842,Myrcia subcapitata,0,1,0,,1,0,1,0,
30,305,303,(Urb.) Z.Acosta & K.Samra,439026,4842,Myrcia yaraensis,0,1,0,,1,0,1,0,
30,305,303,Urb.,17343,3227,Eugenia acrantha,0,1,0,,1,0,1,0,
30,305,303,Urb. & Ekman,17346,3227,Eugenia acutissima,0,1,0,,1,0,1,0,
30,305,303,O.Berg,17357,3227,Eugenia asperifolia,0,1,0,,1,0,1,0,
30,305,303,Urb.,17358,3227,Eugenia atricha,0,1,0,,1,0,1,0,
30,305,303,Urb.,17362,3227,Eugenia banderensis,0,1,0,,1,0,1,0,
30,305,303,Urb.,17363,3227,Eugenia bayatensis,0,1,0,,1,0,1,0,
30,305,303,(Urb.) Urquiola,440078,8727,Calycolpus beyeri,0,1,0,,1,0,1,0,
30,305,303,A.Rich.,17375,3227,Eugenia brevipes,0,1,0,,1,0,1,0,
30,305,303,(C.Wright) Bisse,29446,4808,Mosiera elliptica,0,1,0,,1,0,1,0,
30,305,303,Urb.,17387,3227,Eugenia canapuensis,0,1,0,,1,0,1,0,
30,305,303,Griseb.,17390,3227,Eugenia catingiflora,0,1,0,,1,0,1,0,
30,305,303,Urb.,17391,3227,Eugenia ceibana,0,1,0,,1,0,1,0,
30,305,303,Griseb.,17397,3227,Eugenia cincta,0,1,0,,1,0,1,0,
30,305,303,Urb.,17409,3227,Eugenia cristalensis,0,1,0,,1,0,1,0,
30,305,303,C.Wright,17410,3227,Eugenia cristata,0,1,0,,1,0,1,0,
30,305,303,Urb.,17411,3227,Eugenia cupuligera,0,1,0,,1,0,1,0,
30,305,303,Urb.,17412,3227,Eugenia cycloidea,0,1,0,,1,0,1,0,
30,305,303,Griseb.,17413,3227,Eugenia cyphophloea,0,1,0,,1,0,1,0,
30,305,303,C.Wright,17419,3227,Eugenia discolorans,0,1,0,,1,0,1,0,
30,305,303,Britton & P.Wilson ex Acev.-Rodr. & M.T.Strong,17423,3227,Eugenia duplicata,0,1,0,,1,0,1,0,
30,305,303,Urb.,17431,3227,Eugenia eriantha,0,1,0,,1,0,1,0,
30,305,303,Urb.,17433,3227,Eugenia excisa,0,1,0,,1,0,1,0,
30,305,303,(C.Wright ex Griseb.) Krug & Urb.,17438,3227,Eugenia galalonensis,0,1,0,,0,0,0,0,
30,305,303,Urb.,17439,3227,Eugenia galeata,0,1,0,,1,0,1,0,
30,305,303,Urb.,17441,3227,Eugenia gibberosa,0,1,0,,1,0,1,0,
30,305,303,Urb.,17446,3227,Eugenia grifensis,0,1,0,,1,0,1,0,
30,305,303,Krug & Urb.,17447,3227,Eugenia grisebachii,0,1,0,,1,0,1,0,
30,305,303,Urb.,17450,3227,Eugenia guanensis,0,1,0,,1,0,1,0,
30,305,303,A.Rich.,17456,3227,Eugenia heterophylla,0,1,0,,1,0,1,0,
30,305,303,Krug & Urb.,17467,3227,Eugenia iteophylla,0,1,0,,1,0,1,0,
30,305,303,C.Wright ex Griseb.,17469,3227,Eugenia jambosoides,0,1,0,,1,0,1,0,
30,305,303,Urb.,17474,3227,Eugenia laeteviridis,0,1,0,,1,0,1,0,
30,305,303,Urb.,17481,3227,Eugenia libanensis,0,1,0,,1,0,1,0,
30,305,303,Urb.,17483,3227,Eugenia ligustroides,0,1,0,,1,0,1,0,
30,305,303,Urb.,17488,3227,Eugenia loeseneri,0,1,0,,1,0,1,0,
30,305,303,Britton & P.Wilson,17489,3227,Eugenia lomensis,0,1,0,,1,0,1,0,
30,305,303,Urb.,17494,3227,Eugenia maestrensis,0,1,0,,1,0,1,0,
30,305,303,Griseb.,17500,3227,Eugenia megalopetala,0,1,0,,1,0,1,0,
30,305,303,Urb.,17502,3227,Eugenia mensurensis,0,1,0,,1,0,1,0,
30,305,303,Urb.,17507,3227,Eugenia mollifolia,0,1,0,,1,0,1,0,
30,305,303,Urb.,17512,3227,Eugenia naguana,0,1,0,,1,0,1,0,
30,305,303,Urb.,17516,3227,Eugenia nematopoda,0,1,0,,1,0,1,0,
30,305,303,Urb.,17518,3227,Eugenia nodulosa,0,1,0,,1,0,1,0,
30,305,303,Urb.,17522,3227,Eugenia oligadenia,0,1,0,,1,0,1,0,
30,305,303,Krug & Urb.,17523,3227,Eugenia oligandra,0,1,0,,1,0,1,0,
30,305,303,Urb.,17525,3227,Eugenia oxysepala,0,1,0,,1,0,1,0,
30,305,303,Urb.,17530,3227,Eugenia papayoensis,0,1,0,,1,0,1,0,
30,305,303,Urb.,17532,3227,Eugenia peninsularis,0,1,0,,1,0,1,0,
30,305,303,Urb.,17534,3227,Eugenia petrophila,0,1,0,,1,0,1,0,
30,305,303,Urb.,17535,3227,Eugenia phyllocardia,0,1,0,,1,0,1,0,
30,305,303,Urb.,17539,3227,Eugenia pinariensis,0,1,0,,1,0,1,0,
30,305,303,Urb.,17540,3227,Eugenia pinetorum,0,1,0,,1,0,1,0,
30,305,303,C.Wright,17542,3227,Eugenia plicatula,0,1,0,,1,0,1,0,
30,305,303,Urb.,17555,3227,Eugenia psiloclada,0,1,0,,1,0,1,0,
30,305,303,Urb.,17557,3227,Eugenia pteroclada,0,1,0,,1,0,1,0,
30,305,303,(Kunth) DC.,17559,3227,Eugenia punicifolia,0,1,0,,0,0,0,0,
30,305,303,C.Wright,17566,3227,Eugenia retinadenia,0,1,0,,1,0,1,0,
30,305,303,A.Rich.,17568,3227,Eugenia rigidifolia,0,1,0,,1,0,1,0,
30,305,303,A.Rich.,17568,3227,Eugenia rigidifolia,0,1,0,,1,0,1,0,
30,305,303,A.Rich.,17568,3227,Eugenia rigidifolia,0,1,0,,1,0,1,0,
30,305,303,Britton & P.Wilson,17569,3227,Eugenia rigidula,0,1,0,,1,0,1,0,
30,305,303,C.Wright,17570,3227,Eugenia rimosa,0,1,0,,1,0,1,0,
30,305,303,Urb.,17572,3227,Eugenia roigii,0,1,0,,1,0,1,0,
30,305,303,Ekman & Urb.,17577,3227,Eugenia samuelssonii,0,1,0,,1,0,1,0,
30,305,303,Krug & Urb.,17579,3227,Eugenia sauvallei,0,1,0,,1,0,1,0,
30,305,303,C.Wright,17580,3227,Eugenia scaphephylla,0,1,0,,1,0,1,0,
30,305,303,Urb.,17582,3227,Eugenia sebastiani,0,1,0,,1,0,1,0,
30,305,303,Urb.,17584,3227,Eugenia serrei,0,1,0,,1,0,1,0,
30,305,303,Urb.,17586,3227,Eugenia shaferi,0,1,0,,1,0,1,0,
30,305,303,Urb.,17592,3227,Eugenia stenoptera,0,1,0,,1,0,1,0,
30,305,303,Urb.,17593,3227,Eugenia stenoxipha,0,1,0,,1,0,1,0,
30,305,303,Urb.,17594,3227,Eugenia stereophylla,0,1,0,,1,0,1,0,
30,305,303,R.A.Howard,17599,3227,Eugenia sturrockii,0,1,0,,1,0,1,0,
30,305,303,Urb.,17601,3227,Eugenia subdisticha,0,1,0,,1,0,1,0,
30,305,303,Urb.,17609,3227,Eugenia tomasina,0,1,0,,1,0,1,0,
30,305,303,(Kunth) DC.,17612,3227,Eugenia tuberculata,0,1,0,,1,0,1,0,
30,305,303,O.Berg,17626,3227,Eugenia xystophylla,0,1,0,,1,0,1,0,
30,305,303,(Urb.) Bisse,29436,4808,Mosiera araneosa,0,1,0,,1,0,1,0,
30,305,303,(Britton & P.Wilson) Bisse,29439,4808,Mosiera bullata,0,1,0,,1,0,1,0,
30,305,303,(C.Wright) Bisse,29446,4808,Mosiera elliptica,0,1,0,,1,0,1,0,
30,305,303,(C.Wright) Bisse,29446,4808,Mosiera elliptica,0,1,0,,1,0,1,0,
30,305,303,(Urb.) Bisse,29448,4808,Mosiera havanensis,0,1,0,,1,0,1,0,
30,305,303,Bisse,29452,4808,Mosiera moaensis,0,1,0,,1,0,1,0,
30,305,303,(Borhidi) Bisse,29453,4808,Mosiera munizii,0,1,0,,1,0,1,0,
30,305,303,(Britton & P.Wilson) Bisse,29454,4808,Mosiera nummularioides,0,1,0,,1,0,1,0,
30,305,303,(Urb.) Bisse,29456,4808,Mosiera oonophylla,0,1,0,,1,0,1,0,
30,305,303,(Britton & P.Wilson) Bisse,29454,4808,Mosiera nummularioides,0,1,0,,1,0,1,0,
30,305,303,Urb.,36544,5825,Psidium celastroides,0,1,0,,1,0,1,0,
30,305,303,Urb.,36546,5825,Psidium cymosum,0,1,0,,1,0,1,0,
30,305,303,Britton & P.Wilson,36556,5825,Psidium loustalotii,0,1,0,,1,0,1,0,
30,305,303,Ekman & Urb.,36572,5825,Psidium scopulorum,0,1,0,,1,0,1,0,
30,305,303,(Raf.) Shinners,23024,3926,Hyptis alata,0,1,0,,0,0,0,0,
30,305,303,Z.Acosta & K.Samra,438944,4842,Myrcia prolaxa,0,1,0,,1,0,1,0,
30,305,303,L.,31205,5141,Origanum majorana,0,0,0,,0,0,0,0,
30,305,303,L.,30582,5058,Ocimum tenuiflorum,0,0,0,,0,0,0,0,
30,305,303,(Hochst.) Codd,44571,6722,Tetradenia riparia,0,0,0,,0,0,0,0,
30,305,303,Urb.,17562,3227,Eugenia ramoniana,0,1,0,,1,0,1,0,
30,305,303,Jungh.,12989,2661,Cyperus thyrsiflorus,0,1,0,,0,0,0,0,
30,305,303,Steud.,16167,3070,Eleocharis ochrostachys,0,0,0,,0,0,0,0,
30,305,303,(Griseb.) D.A.Simpson,16155,3070,Eleocharis microlepis,0,1,0,,1,0,0,0,
30,305,303,(Balb. ex DC.) Fawc. & Rendle,1372,1150,Albizia berteroana,0,1,0,,1,0,0,0,
30,305,303,(Torr.) Griseb.,38351,6005,Rhynchospora scirpoides,0,1,0,,0,0,0,0,
30,305,303,Griseb.,38275,6005,Rhynchospora brevirostris,0,1,0,,0,0,0,0,
30,305,303,Elliott,38340,6005,Rhynchospora plumosa,0,1,0,,1,0,1,0,
30,305,303,(Bertero ex DC.) Benth.,6986,1928,Calliandra haematomma,0,1,0,,1,0,1,0,
30,305,303,(Kük.) Gale,38339,6005,Rhynchospora pleiantha,0,1,0,,0,0,0,0,
30,305,303,Link,38367,6005,Rhynchospora tenuis,0,1,0,,1,0,1,0,
30,305,303,Link,38367,6005,Rhynchospora tenuis,0,1,0,,1,0,1,0,
30,305,303,(Jacq.) H.S.Irwin & Barneby,41220,6320,Senna mexicana,0,1,0,,1,0,1,0,
30,305,303,(Fresen.) H.S.Irwin & Barneby,41207,6320,Senna didymobotrya,0,0,0,,0,0,0,0,
30,305,303,(L.) Moench,9080,2170,Chamaecrista nictitans,0,1,0,,0,0,0,0,
30,305,303,(Bertero ex DC.) Gagnon & G.P.Lewis,441926,15256,Erythrostemon glandulosus,0,1,0,,1,0,0,0,
30,305,303,(Urb.) Britton & Rose,440344,3583,Guilandina glaucophylla,0,1,0,,1,0,1,0,
30,305,303,(Urb.) Britton & Rose,440345,3583,Guilandina intermedia,0,1,0,,1,0,0,0,
30,305,303,(Urb.) Britton & Rose,20608,3583,Guilandina wrightiana,0,1,0,,1,0,0,0,
30,305,303,Kunth,40644,6258,Scleria tenella,0,1,0,,0,0,0,0,
30,305,303,(Urb.) Seigler & Ebinger,443280,7256,Vachellia belairioides,0,1,0,,1,0,1,0,
30,305,303,(Vict.) Seigler & Ebinger,443281,7256,Vachellia bucheri,0,1,0,,1,0,1,0,
30,305,303,(Benth.) Seigler & Ebinger,443283,7256,Vachellia choriophylla,0,1,0,,1,0,0,0,
30,305,303,(Ekman & Urb.) Seigler & Ebinger,443285,7256,Vachellia daemon,0,1,0,,1,0,1,0,
30,305,303,(Humb. & Bonpl. ex Willd.) Seigler & Ebinger,48250,7256,Vachellia macracantha,0,1,0,,0,0,0,0,
30,305,303,(Greenm.) Seigler & Ebinger,443287,7256,Vachellia polypyrigenes,0,1,0,,1,0,1,0,
30,305,303,(León) Seigler & Ebinger,443288,7256,Vachellia roigii,0,1,0,,1,0,1,0,
30,305,303,(L.) Seigler & Ebinger,48252,7256,Vachellia tortuosa,0,1,0,,0,0,0,0,
30,305,303,(Urb. & Ekman) Seigler & Ebinger,443289,7256,Vachellia zapatensis,0,1,0,,1,0,1,0,
30,305,303,(Griseb.) Britton & Rose,442498,7253,Senegalia maschalocephala,0,1,0,,1,0,1,0,
30,305,303,(L.) Seigler & Ebinger,48248,7256,Vachellia cornigera,0,1,0,,0,0,0,0,
30,305,303,Sw.,39273,6068,Ruellia blechioides,0,1,0,,1,0,0,0,
30,305,303,(Mill.) M.R.Almeida,2696,1380,Aphelandra arborea,0,0,0,,0,0,0,0,
30,305,303,(Schrank) Radlk.,442051,5792,Pseuderanthemum bicolor,0,0,0,,0,0,0,0,
30,305,303,(Walter) Lindau,24125,4027,Justicia ovata,0,1,0,,0,0,0,0,
30,305,303,Griseb.,440704,16207,Dianthera rugeliana,0,1,0,,1,0,1,0,
30,305,303,Schltdl.,24093,4027,Justicia aurea,0,0,0,,0,0,0,0,
30,305,303,Schltdl.,24093,4027,Justicia aurea,0,0,0,,0,0,0,0,
30,305,303,Ehlers & Willinger,45178,6809,Tillandsia praschekii,0,1,0,,1,0,1,0,
30,305,303,K.Willinger & Michálek,45191,6809,Tillandsia turquinensis,0,1,0,,1,0,1,0,
30,305,303,"(Lam.) Gagnon, H.C.Lima & G.P.Lewis",422923,19679,Paubrasilia echinata,0,0,0,,0,0,0,0,
30,305,303,(Willd.) Endl.,12825,2661,Cyperus aggregatus,0,1,0,,0,0,0,0,
30,305,303,Rottb.,12850,2661,Cyperus corymbosus,0,1,0,,0,0,0,0,
30,305,303,(Griseb.) Urb.,19725,3462,Gesneria gloxinioides,0,1,0,,1,0,1,0,
30,305,303,(Griseb.) Urb.,443231,3462,Gesneria depressa,0,1,0,,1,0,1,0,
30,305,303,Urb.,19744,3462,Gesneria purpurascens,0,1,0,,1,0,1,0,
30,305,303,C.DC.,34451,5565,Piper lindenianum,0,1,0,,1,0,1,0,
30,305,303,Ruiz & Pav.,32815,5382,Peperomia septemnervis,0,1,0,,0,0,0,0,
30,305,303,C.Wright,31709,5238,Paepalanthus alsinoides,0,1,0,,1,0,1,0,
30,305,303,(L.) Kunth,32794,5382,Peperomia quadrifolia,0,1,0,,0,0,0,0,
30,305,303,Aubl.,34406,5565,Piper arboreum,0,1,0,,1,0,1,0,
30,305,303,C.DC.,34503,5565,Piper wrightii,0,1,0,,1,0,1,0,
30,305,303,Trel.,34473,5565,Piper perditum,0,1,0,,1,0,1,0,
30,305,303,C.DC.,34422,5565,Piper confusum,0,1,0,,1,0,0,0,
30,305,303,L.,34402,5565,Piper aduncum,0,1,0,,0,0,0,0,
30,305,303,"(C.Wright ex Griseb.) Judd, Bécquer & Majure",441526,4675,Miconia hypoglauca,0,1,0,,1,0,1,0,
30,305,303,(Griseb.) Triana,441217,4675,Miconia obtusa,0,1,0,,1,0,1,0,
30,305,303,Triana,28821,4675,Miconia rufa,0,1,0,,1,0,1,0,
30,305,303,(Griseb.) M.Gómez,31440,5178,Ossaea verrucosa,0,1,0,,1,0,1,0,
30,305,303,"Judd, Bécquer & Majure",418116,4675,Miconia yunquensis,0,1,0,,1,0,1,0,
30,305,303,Ionta & Bécquer,418096,4675,Miconia ruficaulis,0,1,0,,1,0,1,0,
30,305,303,Griseb.,441206,4675,Miconia androsaemifolia,0,1,0,,1,0,1,0,
30,305,303,C.Wright ex Griseb.,36629,5840,Psychotria auriculata,0,1,0,,1,0,1,0,
30,305,303,Griseb.,39722,6116,Salmea pauciceps,0,1,0,,1,0,1,0,
30,305,303,C.Wright ex Griseb.,438405,1283,Anastraphia mantuensis,0,1,0,,1,0,1,0,
30,305,303,C.Wright ex Griseb.,438403,1283,Anastraphia intertexta,0,1,0,,1,0,1,0,
30,305,303,Griseb.,438406,1283,Anastraphia microcephala,0,1,0,,1,0,1,0,
30,305,303,C.Wright ex Griseb.,46243,7026,Utricularia breviscapa,0,1,0,,0,0,0,0,
30,305,303,Griseb.,441888,5659,Plumeria emarginata,0,1,0,,1,0,1,0,
30,305,303,C.Wright ex Griseb.,441892,5659,Plumeria sericifolia,0,1,0,,1,0,1,0,
30,305,303,Walp.,42026,6417,Solanum schlechtendalianum,0,1,0,,0,0,0,0,
30,305,303,Griseb.,41925,6417,Solanum chamaeacanthum,0,1,0,,1,0,1,0,
30,305,303,Griseb.,23380,3957,Ipomoea alterniflora,0,1,0,,1,0,1,0,
30,305,303,Griseb.,23380,3957,Ipomoea alterniflora,0,1,0,,1,0,1,0,
30,305,303,Griseb.,23428,3957,Ipomoea jalapoides,0,1,0,,1,0,1,0,
30,305,303,C.Wright ex Griseb.,440659,3957,Ipomoea calophylla,0,1,0,,1,0,1,0,
30,305,303,Griseb.,23422,3957,Ipomoea hypargyrea,0,1,0,,1,0,1,0,
30,305,303,Griseb.,23414,3957,Ipomoea fuchsioides,0,1,0,,1,0,1,0,
30,305,303,Griseb.,23410,3957,Ipomoea falkioides,0,1,0,,1,0,1,0,
30,305,303,Britton & P.Wilson,18170,3267,Evolvulus siliceus,0,1,0,,1,0,1,0,
30,305,303,A.Rich.,23382,3957,Ipomoea argentifolia,0,1,0,,1,0,1,0,
30,305,303,(Steud.) Bauters,440962,2661,Cyperus salzmannianus,0,1,0,,0,0,0,0,
30,305,303,(Griseb.) Kuntze,42380,6462,Spermacoce aretioides,0,1,0,,1,0,1,0,
30,305,303,(Aubl.) Kuntze,29884,4865,Myrsine guianensis,0,1,0,,0,0,0,0,
30,305,303,Müll.Arg.,33647,5501,Phyllanthus tenuicaulis,0,1,0,,1,0,0,0,
30,305,303,Müll.Arg.,33522,5501,Phyllanthus junceus,0,1,0,,1,0,1,0,
30,305,303,(Cav.) B.Ståhl & Källersjö,5526,1772,Bonellia macrocarpa,0,0,0,,0,0,0,0,
30,305,303,C.Wright,33610,5501,Phyllanthus procerus,0,1,0,,1,0,1,0,
30,305,303,C.DC.,32791,5382,Peperomia pseudorhynchophoros,0,1,0,,0,0,0,0,
30,305,303,Urb.,33585,5501,Phyllanthus pachystylus,0,1,0,,1,0,1,0,
30,305,303,(L.) W.Wright,11820,2566,Croton eluteria,0,1,0,,0,0,0,0,
30,305,303,(L.) Morong,39948,6140,Sapium glandulosum,0,1,0,,0,0,0,0,
30,305,303,(L.) Urb.,23835,4003,Jacquemontia verticillata,0,1,0,,1,0,1,0,
30,305,303,(Kunth) Urb.,23830,4003,Jacquemontia serpyllifolia,0,1,0,,1,0,1,0,
30,305,303,(Jacq.) L.C.Wheeler,14852,2927,Ditaxis polygama,0,1,0,,0,0,0,0,
30,305,303,Griseb.,443207,1692,Bernardia carpinifolia,0,1,0,,1,0,0,0,
30,305,303,DC.,18709,3331,Fischeria scandens,0,1,0,,0,0,0,0,
30,305,303,(Jacq.) B.K.Simon & S.W.L.Jacobs,441119,19159,Megathyrsus maximus,0,0,0,,0,0,0,0,
30,305,303,P.Beauv.,42599,6495,Sporobolus pyramidalis,0,1,0,,0,0,0,0,
30,305,303,Mory,11695,2560,Crossopetalum orientale,0,1,0,,1,0,0,0,
30,305,303,(Sw.) Urb.,20675,3594,Gyminda latifolia,0,1,0,,1,0,1,0,
30,305,303,H.Dietr.,30628,5062,Octomeria ventii,0,1,0,,1,0,1,0,
30,305,303,Huber,21273,3703,Heliconia stricta,0,0,0,,0,0,0,0,
30,305,303,Humb. & Bonpl. ex Willd.,4279,1560,Atriplex cristata,0,1,0,,0,0,0,0,
30,305,303,Lag.,17895,3237,Euphorbia nutans,0,1,0,,0,0,0,0,
30,305,303,(Jacq.) M.E.Endress & B.F.Hansen,34353,5562,Pinochia corymbosa,0,1,0,,1,0,0,0,
30,305,303,(Sw.) M.E.Endress & B.F.Hansen,34354,5562,Pinochia floribunda,0,1,0,,1,0,0,0,
30,305,303,(Preuss) Stapf,18985,3382,Funtumia elastica,0,0,0,,0,0,0,0,
30,305,303,Kunth,43775,6656,Tabernaemontana litoralis,0,0,0,,0,0,0,0,
30,305,303,Jacques,441070,6551,Stephanotis floribunda,0,0,0,,0,0,0,0,
30,305,303,L.,41975,6417,Solanum lycopersicum,0,0,0,,0,0,0,0,
30,305,303,(L.f.) P.L.R.Moraes & C.M.Taylor,165121,5245,Palicourea paniculata,0,1,0,,0,0,0,0,
30,305,303,(A.Rich.) H.Rob.,25237,4226,Lepidaploa gnaphaliifolia,0,1,0,,1,0,0,0,
30,305,303,(L.) R.M.King & H.Rob.,9514,2258,Chromolaena odorata,0,1,0,,0,0,0,0,
30,305,303,"(Macfad.) Skean, Judd & Majure",441107,4675,Miconia axillaris,0,1,0,,1,0,1,0,
30,305,303,Britton,10293,2361,Coccoloba shaferi,0,1,0,,1,0,1,0,
30,305,303,Britton,10248,2361,Coccoloba benitensis,0,1,0,,1,0,1,0,
30,305,303,Britton,438407,1283,Anastraphia montana,0,1,0,,1,0,1,0,
30,305,303,Britton,438395,1283,Anastraphia cowellii,0,1,0,,1,0,1,0,
30,305,303,Britton,438393,1283,Anastraphia attenuata,0,1,0,,1,0,1,0,
30,305,303,Britton,438396,1283,Anastraphia crassifolia,0,1,0,,1,0,1,0,
30,305,303,Britton,438409,1283,Anastraphia parvifolia,0,1,0,,1,0,1,0,
30,305,303,Britton,438394,1283,Anastraphia calcicola,0,1,0,,1,0,1,0,
30,305,303,Britton,438413,1283,Anastraphia wilsonii,0,1,0,,1,0,1,0,
30,305,303,Britton,438412,1283,Anastraphia shaferi,0,1,0,,1,0,1,0,
30,305,303,Britton,438408,1283,Anastraphia obtusifolia,0,1,0,,1,0,1,0,
30,305,303,Britton,438411,1283,Anastraphia recurva,0,1,0,,1,0,1,0,
30,305,303,"Skean, Judd & Majure",417963,4675,Miconia antillana,0,1,0,,1,0,1,0,
30,305,303,Britton,441895,5659,Plumeria venosa,0,1,0,,1,0,1,0,
30,305,303,Britton,21450,3742,Heptanthus cordifolius,0,1,0,,1,0,1,0,
30,305,303,Millsp. ex Britton,441757,5501,Phyllanthus nanus,0,1,0,,1,0,1,0,
30,305,303,Britton,38642,6041,Rondeletia vacciniifolia,0,1,0,,1,0,1,0,
30,305,303,Moc. & Sessé ex D.Don,9771,2306,Citharexylum ellipticum,0,0,0,,0,0,0,0,
30,305,303,Britton & P.Wilson,36762,5840,Psychotria leonis,0,1,0,,1,0,1,0,
30,305,303,(Britton) Bécquer & Majure,417994,4675,Miconia clementiana,0,1,0,,1,0,1,0,
30,305,303,Urb.,41954,6417,Solanum gundlachii,0,1,0,,1,0,0,0,
30,305,303,(L'Hér.) Herb.,440360,7203,Zephyranthes tubispatha,0,0,0,,0,0,0,0,
30,305,303,Greenm.,38543,6041,Rondeletia combsii,0,1,0,,1,0,1,0,
30,305,303,(Cav.) K.Schum.,20160,3539,Gonzalagunia panamensis,0,1,0,,0,0,0,0,
30,305,303,Acuña & Roíg,36903,5840,Psychotria torrei,0,1,0,,1,0,1,0,
30,305,303,L.,39848,6125,Sambucus canadensis,0,0,0,,0,0,0,0,
30,305,303,(L.) Greuter & R.Rankin,425944,3291,Falcataria falcata,0,0,0,,0,0,0,0,
30,305,303,Aiton,42093,6426,Solidago stricta,0,1,0,,0,0,0,0,
30,305,303,(B.L.Rob.) R.M.King & H.Rob.,24348,4070,Koanophyllon hidrodes,0,1,0,,0,0,0,0,
30,305,303,DC.,10707,2446,Conoclinium coelestinum,0,1,0,,0,0,0,0,
30,305,303,Cav.,4780,1650,Bauhinia subrotundifolia,0,1,0,,0,0,0,0,
30,305,303,(Gleason) H.Rob.,25233,4226,Lepidaploa desiliens,0,1,0,,1,0,1,0,
30,305,303,Hoehne,8817,2119,Centrosema macranthum,0,1,0,,0,0,0,0,
30,305,303,(Gleason) H.Rob.,25243,4226,Lepidaploa pineticola,0,1,0,,1,0,1,0,
30,305,303,(Sch.Bip.) H.Rob.,25240,4226,Lepidaploa leptoclada,0,1,0,,1,0,1,0,
30,305,303,(Gleason) H.Rob.,25257,4226,Lepidaploa yunquensis,0,1,0,,1,0,1,0,
30,305,303,(Gleason) H.Rob.,25249,4226,Lepidaploa segregata,0,1,0,,1,0,1,0,
30,305,303,(Spreng.) H.Rob.,443071,7062,Vernonanthura menthifolia,0,1,0,,1,0,1,0,
30,305,303,(Griseb.) H.Rob.,46556,7062,Vernonanthura hieracioides,0,1,0,,1,0,1,0,
30,305,303,Pérez Camacho,14899,2941,Doliocarpus herrerae,0,1,0,,1,0,1,0,
30,305,303,"Múj.Benítez, R.Pérez & Pupulin",16344,3107,Encyclia rosariensis,0,1,0,,1,0,1,0,
30,305,303,Miers,5636,1794,Bourreria linearis,0,1,0,,1,0,1,0,
30,305,303,(Willd. ex Roem. & Schult.) Miers,5634,1794,Bourreria havanensis,0,1,0,,1,0,0,0,
30,305,303,(Elliott) Fernald,6216,1877,Bulbostylis ciliatifolia,0,1,0,,0,0,0,0,
30,305,303,Alain,440961,2661,Cyperus neotropicalis,0,1,0,,0,0,0,0,
30,305,303,(Chapm.) Britton,38318,6005,Rhynchospora intermedia,0,1,0,,0,0,0,0,
30,305,303,(Jacq.) H.M.Hern.,47700,7197,Zapoteca caracasana,0,1,0,,0,0,0,0,
30,305,303,Muhl. ex Willd.,40627,6258,Scleria pauciflora,0,1,0,,0,0,0,0,
30,305,303,(L.) H.S.Irwin & Barneby,41214,6320,Senna hirsuta,0,1,0,,0,0,0,0,
30,305,303,(Muhl. ex Willd.) DC.,439780,2796,Desmodium obtusum,0,1,0,,0,0,0,0,
30,305,303,(DC.) Merr.,32130,5302,Parkia timoriana,0,0,0,,0,0,0,0,
30,305,303,(Mill.) McVaugh,41318,6336,Sesbania herbacea,0,1,0,,0,0,0,0,
30,305,303,Urb.,28809,4675,Miconia pteroclada,0,1,0,,1,0,1,0,
30,305,303,Urb. & Ekman,28842,4675,Miconia turquinensis,0,1,0,,1,0,1,0,
30,305,303,Griseb.,33129,5445,Phania domingensis,0,1,0,,1,0,0,0,
30,305,303,Dunal & A.DC.,41918,6417,Solanum boldoense,0,1,0,,0,0,0,0,
30,305,303,O.E.Schulz,42002,6417,Solanum pachyneurum,0,1,0,,1,0,1,0,
30,305,303,Dunal,42040,6417,Solanum tetramerum,0,1,0,,1,0,0,0,
30,305,303,(C.Wright ex Griseb.) Diane & Hilger,18056,3239,Euploca bursifera,0,1,0,,1,0,1,0,
30,305,303,(Kunth) Diane & Hilger,18058,3239,Euploca humifusa,0,1,0,,1,0,0,0,
30,305,303,(Urb. & Ekman) Diane & Hilger,18059,3239,Euploca hypogaea,0,1,0,,1,0,0,0,
30,305,303,(Mill.) Diane & Hilger,440105,3239,Euploca procumbens,0,1,0,,0,0,0,0,
30,305,303,(Griseb.) Diane & Hilger,18064,3239,Euploca serpylloides,0,1,0,,1,0,1,0,
30,305,303,(DC.) L.G.Lohmann,18906,3371,Fridericia podopogon,0,1,0,,0,0,0,0,
30,305,303,Mill.,442280,6114,Salicornia perennis,0,1,0,,0,0,0,0,
30,305,303,Forssk. ex J.F.Gmel.,43302,6610,Suaeda vera,0,0,0,,0,0,0,0,
30,305,303,(Jacq.) Choisy,2413,1322,Aniseia martinicensis,0,1,0,,0,0,0,0,
30,305,303,(Michx.) Greuter & Burdet,26828,4401,Ludwigia grandiflora,0,1,0,,0,0,0,0,
30,305,303,(L.) W.E.Higgins,36328,5775,Prosthechea cochleata,0,1,0,,0,0,0,0,
30,305,303,Nutt.,3242,1465,Aristida purpurea,0,1,0,,0,0,0,0,
30,305,303,A.Rich.,10994,2471,Cordia galeottiana,0,1,0,,1,0,1,0,
30,305,303,(Lam.) G.Don,5646,1794,Bourreria tomentosa,0,1,0,,1,0,0,0,
30,305,303,(A.Rich.) Griseb.,5630,1794,Bourreria calophylla,0,1,0,,1,0,1,1,
30,305,303,Moldenke,443046,7041,Varronia moensis,0,1,0,,1,0,1,0,
30,305,303,(Willd. ex Roem. & Schult.) Müll.Arg.,27537,4505,Malouetia flavescens,0,0,0,,0,0,0,0,
30,305,303,(A.Rich.) H.Keng,20199,3543,Gordonia curtyana,0,1,0,,1,0,0,0,
30,305,303,(Alain) R.M.King & H.Rob.,24342,4070,Koanophyllon grisebachianum,0,1,0,,1,0,1,0,
30,305,303,(Michx.) Kuntze,438460,3013,Dyschoriste humistrata,0,1,0,,0,0,0,0,
30,305,303,(DC.) H.Rob.,443245,4226,Lepidaploa sagrana,0,1,0,,1,0,1,0,
30,305,303,(Gleason) H.Rob.,25229,4226,Lepidaploa aronifolia,0,1,0,,1,0,1,0,
30,305,303,(Ekman) H.Rob.,25231,4226,Lepidaploa commutata,0,1,0,,1,0,1,0,
30,305,303,(C.Wright ex Griseb.) H.Rob.,25232,4226,Lepidaploa complicata,0,1,0,,1,0,1,0,
30,305,303,(Less.) H.Rob.,25252,4226,Lepidaploa stenophylla,0,1,0,,1,0,0,0,
30,305,303,(Ekman) H.Rob.,25239,4226,Lepidaploa jenssenii,0,1,0,,1,0,1,0,
30,305,303,(Alain) H.Rob.,25241,4226,Lepidaploa orbicularis,0,1,0,,1,0,1,0,
30,305,303,(Urb.) H.Rob.,46558,7062,Vernonanthura tuerckheimii,0,1,0,,1,0,0,0,
30,305,303,(Gleason) H.Rob.,25246,4226,Lepidaploa purpurata,0,1,0,,1,0,1,0,
30,305,303,(Ekman ex Urb.) H.Rob.,25253,4226,Lepidaploa urbaniana,0,1,0,,1,0,1,0,
30,305,303,(Gleason) H.Rob.,25255,4226,Lepidaploa viminalis,0,1,0,,1,0,1,0,
30,305,303,(Sch.Bip.) H.Rob.,25256,4226,Lepidaploa wrightii,0,1,0,,1,0,1,0,
30,305,303,(Urb.) Acev.-Rodr.,28850,4676,Micranthemum longipes,0,1,0,,1,0,1,0,
30,305,303,"Judd, Bécquer & Majure",441532,4675,Miconia lanatifolia,0,1,0,,1,0,1,0,
30,305,303,Pav. ex D.Don,3492,1487,Arthrostemma ciliatum,0,1,0,,0,0,0,0,
30,305,303,Urb.,28760,4675,Miconia cerasiflora,0,1,0,,1,0,1,0,
30,305,303,Urb.,28760,4675,Miconia cerasiflora,0,1,0,,1,0,1,0,
30,305,303,Urb.,28752,4675,Miconia baracoensis,0,1,0,,1,0,1,0,
30,305,303,Urb.,28755,4675,Miconia bisulcata,0,1,0,,1,0,1,0,
30,305,303,Triana,28778,4675,Miconia ibaguensis,0,1,0,,0,0,0,0,
30,305,303,(Bonpl.) DC.,28792,4675,Miconia minutiflora,0,1,0,,0,0,0,0,
30,305,303,Ekman,28801,4675,Miconia nystroemii,0,1,0,,1,0,1,0,
30,305,303,Urb.,28804,4675,Miconia perelegans,0,1,0,,1,0,1,0,
30,305,303,Urb.,28815,4675,Miconia remotiflora,0,1,0,,1,0,1,0,
30,305,303,Cogn.,28828,4675,Miconia shaferi,0,1,0,,1,0,1,0,
30,305,303,(Rich.) D.Don,28839,4675,Miconia tomentosa,0,1,0,,0,0,0,0,
30,305,303,(Griseb.) M.Gómez,418073,4675,Miconia penninervis,0,1,0,,1,0,1,0,
30,305,303,(Naudin) Judd & Bécquer,418094,4675,Miconia rubrinervis,0,1,0,,1,0,1,0,
30,305,303,"(L.) Ionta, Judd & Skean",353111,4675,Miconia scabrosa,0,1,0,,1,0,0,0,
30,305,303,"(Urb.) Judd, Bécquer & Majure",417983,4675,Miconia brachystemon,0,1,0,,1,0,1,0,
30,305,303,Judd & Bécquer,418105,4675,Miconia trianana,0,1,0,,1,0,1,0,
30,305,303,(Bécquer) Bécquer & Majure,418006,4675,Miconia decorticans,0,1,0,,1,0,1,0,
30,305,303,L.,3032,1442,Areca catechu,0,0,0,,0,0,0,0,
30,305,303,(Vahl) A.Juss. ex Griseb.,29005,4709,Microstachys corniculata,0,1,0,,0,0,0,0,
30,305,303,(L.) G.L.Nesom,43381,6635,Symphyotrichum tenuifolium,0,1,0,,0,0,0,0,
30,305,303,(Britton) G.L.Nesom,43364,6635,Symphyotrichum burgessii,0,1,0,,1,0,1,0,
30,305,303,(Griseb.) G.L.Nesom,30082,4909,Neja marginata,0,1,0,,1,0,1,0,
30,305,303,(Poepp. ex Spreng.) G.L.Nesom,43369,6635,Symphyotrichum expansum,0,1,0,,0,0,0,0,
30,305,303,(L.) Á.Löve & D.Löve,43371,6635,Symphyotrichum laeve,0,0,0,,0,0,0,0,
30,305,303,(Britton) G.L.Nesom,442723,6635,Symphyotrichum leonis,0,1,0,,1,0,1,0,
30,305,303,(L.) G.L.Nesom,43376,6635,Symphyotrichum novi-belgii,0,1,0,,0,0,0,0,
30,305,303,(L.) G.L.Nesom,43381,6635,Symphyotrichum tenuifolium,0,1,0,,0,0,0,0,
30,305,303,(Sw.) Gleason,31339,5162,Orthopappus angustifolius,0,1,0,,0,0,0,0,
30,305,303,(Cav.) Hemsl.,761,1062,Adenophyllum porophyllum,0,0,0,,0,0,0,0,
30,305,303,(Jacq.) Dunal,74141,7607,Heliopsis buphthalmoides,0,0,0,,0,0,0,0,
30,305,303,(Jacq.) Bolick & R.K.Jansen,39721,6116,Salmea insipida,0,1,0,,1,0,1,0,
30,305,303,Cass.,549,1000,Acmella brachyglossa,0,1,0,,0,0,0,0,
30,305,303,(Britton & S.F.Blake) Bolick & R.K.Jansen,442284,6116,Salmea montana,0,1,0,,1,0,1,0,
30,305,303,L.,3620,1506,Asparagus aethiopicus,0,0,0,,0,0,0,0,
30,305,303,(L.) Sch.Bip.,43876,6676,Tanacetum parthenium,0,0,0,,0,0,0,0,
30,305,303,(DC.) R.M.King & H.Rob.,10706,2445,Conocliniopsis prasiifolia,0,1,0,,0,0,0,0,
30,305,303,Jacq.,17812,3237,Euphorbia graminea,0,1,0,,0,0,0,0,
30,305,303,(L.) Fryxell,41504,6365,Sidastrum paniculatum,0,1,0,,0,0,0,0,
30,305,303,(Pursh) Fishbein,439610,19551,Pattalias palustris,0,1,0,,0,0,0,0,
30,305,303,(L.) Pennell,26101,4326,Lindernia dubia,0,1,0,,0,0,0,0,
30,305,303,Shuttlew. ex Chapm.,44425,6714,Tephrosia angustissima,0,1,0,,0,0,0,0,
30,305,303,(L.) Koeler,14314,2853,Digitaria filiformis,0,1,0,,0,0,0,0,
30,305,303,(Urb.) Stearn,9361,2227,Chionanthus bakeri,0,1,0,,1,0,1,0,
30,305,303,(Michx.) Raf.,37194,5866,Ptilimnium capillaceum,0,1,0,,0,0,0,0,
30,305,303,Schott,2563,1353,Anthurium fendleri,0,0,0,,0,0,0,0,
30,305,303,(Britton) Urb.,23425,3957,Ipomoea incerta,0,1,0,,1,0,1,0,
30,305,303,Urb.,33461,5501,Phyllanthus cinctus,0,1,0,,1,0,1,0,
30,305,303,Griseb.,33565,5501,Phyllanthus myrtilloides,0,1,0,,1,0,1,0,
30,305,303,(Jacq.) H.Schaef. & S.S.Renner,443224,2629,Cyclanthera carthagenensis,0,1,0,,0,0,0,0,
30,305,303,Kunth,42811,6527,Stemodia jorullensis,0,1,0,,0,0,0,0,
30,305,303,A.Rich.,2451,1333,Annona bullata,0,1,0,,1,0,1,0,
30,305,303,A.Rich.,42405,6462,Spermacoce microcephala,0,1,0,,1,0,1,0,
30,305,303,A.Rich.,12785,2656,Cynometra cubensis,0,1,0,,1,0,1,0,
30,305,303,A.DC.,10982,2471,Cordia dodecandra,0,1,0,,1,0,1,0,
30,305,303,A.Rich.,8992,2156,Cestrum ferrugineum,0,1,0,,1,0,1,0,
30,305,303,Jacq.,40782,6281,Scutellaria havanensis,0,1,0,,1,0,1,0,
30,305,303,A.Rich.,324,965,Acalypha pygmaea,0,1,0,,1,0,1,0,
30,305,303,A.Rich.,11909,2566,Croton vaccinioides,0,1,0,,1,0,1,0,
30,305,303,A.Rich.,33553,5501,Phyllanthus micranthus,0,1,0,,1,0,1,0,
30,305,303,(Willd.) Pers.,126731,4911,Nelumbo lutea,0,1,0,,0,0,0,0,
30,305,303,Poir.,3241,1465,Aristida purpurascens,0,1,0,,0,0,0,0,
30,305,303,(Griseb.) T.D.Penn.,41542,6367,Sideroxylon cubense,0,1,0,,1,0,1,0,
30,305,303,C.Wright,28854,4676,Micranthemum tetrandrum,0,1,0,,1,0,1,0,
30,305,303,(C.Wright ex Griseb.) C.Wright,28852,4676,Micranthemum reflexum,0,1,0,,1,0,1,0,
30,305,303,Flüggé,32222,5315,Paspalum convexum,0,1,0,,1,0,1,0,
30,305,303,C.Wright ex Griseb.,32260,5315,Paspalum nanum,0,1,0,,1,0,1,0,
30,305,303,Houtt.,25069,4220,Leonurus japonicus,0,0,0,,0,0,0,0,
30,305,303,(DC.) Delprete & J.H.Kirkbr.,411398,19495,Eumachia microdon,0,1,0,,0,0,0,0,
30,305,303,(Acuña) C.M.Taylor & Razafim.,417897,19495,Eumachia agustinae,0,1,0,,1,0,1,0,
30,305,303,(Sw.) C.M.Taylor & Razafim.,417899,19495,Eumachia nutans,0,1,0,,1,0,0,0,
30,305,303,(Sagra) Greuter & R.Rankin,429035,6717,Terminalia diptera,0,1,0,,1,0,0,0,
30,305,303,Bisse,442765,6717,Terminalia neglecta,0,1,0,,1,0,1,0,
30,305,303,Monach.,442766,6717,Terminalia orientensis,0,1,0,,1,0,1,0,
30,305,303,Bouché,12123,2597,Cucurbita ficifolia,0,0,0,,0,0,0,0,
30,305,303,Urb.,26550,4356,Lobelia shaferi,0,1,0,,1,0,1,0,
30,305,303,Urb.,26529,4356,Lobelia oxyphylla,0,1,0,,1,0,1,0,
30,305,303,Kitan.,46570,7063,Vernonia pinarensis,0,1,0,,1,0,1,0,
30,305,303,A.St.-Hil.,19530,3442,Genlisea filiformis,0,1,0,,0,0,0,0,
30,305,303,C.Wright ex Griseb.,11882,2566,Croton pervestitus,0,1,0,,1,0,1,0,
30,305,303,(A.Rich.) Nash,440513,4576,Maxillaria valenzuelana,0,1,0,,0,0,0,0,
30,305,303,R.Rankin,11516,2541,Crateva urbaniana,0,1,0,,1,0,0,0,
30,305,303,L.,17974,3237,Euphorbia tithymaloides,0,1,0,,0,0,0,0,
30,305,303,L.,17974,3237,Euphorbia tithymaloides,0,0,0,,0,0,0,0,
30,305,303,Borhidi & A.Barreto,6009,1857,Brya depressa,0,1,0,,1,0,1,0,
30,305,303,(L.) DC.,28782,4675,Miconia laevigata,0,1,0,,0,0,0,0,
30,305,303,Müll.Arg.,344,965,Acalypha wilkesiana,0,0,0,,0,0,0,0,
30,305,303,(Vell.) S.F.Blake,40404,6223,Schizolobium parahyba,0,0,0,,0,0,0,0,
30,305,303,(R.Br.) Blume,37224,5872,Ptychosperma elegans,0,0,0,,0,0,0,0,
30,305,303,(H.Wendl. ex H.J.Veitch) H.Wendl. ex Hook.f.,37230,5872,Ptychosperma macarthurii,0,0,0,,0,0,0,0,
30,305,303,Jacq.,15828,3059,Elaeis guineensis,0,0,0,,0,0,0,0,
30,305,303,Ashe,2235,1297,Andropogon gyrans,0,1,0,,0,0,0,0,
30,305,303,Urb.,17814,3237,Euphorbia gundlachii,0,1,0,,1,0,1,0,
30,305,303,Urb.,17801,3237,Euphorbia filicaulis,0,1,0,,1,0,1,0,
30,305,303,Boiss.,17883,3237,Euphorbia minutula,0,1,0,,1,0,0,0,
30,305,303,(Millsp.) Oudejans,17909,3237,Euphorbia paredonensis,0,1,0,,1,0,1,0,
30,305,303,(Millsp.) Urb.,17756,3237,Euphorbia camagueyensis,0,1,0,,1,0,1,0,
30,305,303,(Scribn.) Pilg.,441589,6341,Setaria utowanaea,0,1,0,,1,0,1,0,
30,305,303,(León ex C.L.Hitchc.) León,441626,6341,Setaria pradana,0,1,0,,1,0,0,0,
30,305,303,(L.) Small,45476,6876,Triadica sebifera,0,0,0,,0,0,0,0,
30,305,303,L.,39780,6123,Salvia hispanica,0,1,0,,0,0,0,0,
30,305,303,(A.St.-Hil.) Fryxell,41502,6365,Sidastrum micranthum,0,0,0,,0,0,0,0,
30,305,303,Sm.,17284,3213,Eucalyptus saligna,0,0,0,,0,0,0,0,
30,305,303,Kunth,24686,4146,Lantana horrida,0,1,0,,0,0,0,0,
30,305,303,(Rich.) Pruski,42486,6472,Sphagneticola gracilis,0,1,0,,1,0,0,0,
30,305,303,Vahl ex Poir.,368401,3944,Indigofera subulata,0,0,0,,0,0,0,0,
30,305,303,(L.) Harms,29849,4861,Myroxylon balsamum,0,0,0,,0,0,0,0,
30,305,303,L.,21689,3788,Hibiscus clypeatus,0,1,0,,1,0,0,0,
30,305,303,DC.,4478,1594,Baccharis punctulata,0,1,0,,0,0,0,0,
30,305,303,A.Rich.,22921,3912,Hypericum styphelioides,0,1,0,,1,0,1,0,
30,305,303,(Walp.) Rehder,23161,3938,Ilex macfadyenii,0,1,0,,1,0,1,0,
30,305,303,(Vahl) Maxim.,440637,3938,Ilex nitida,0,1,0,,1,0,0,0,
30,305,303,(Vahl) Maxim.,440637,3938,Ilex nitida,0,1,0,,1,0,0,0,
30,305,303,(Sw.) Griseb.,23190,3938,Ilex sideroxyloides,0,1,0,,1,0,0,0,
30,305,303,V.W.Steinm. & P.E.Berry,17882,3237,Euphorbia millspaughii,0,1,0,,1,0,1,0,
30,305,303,V.W.Steinm. & P.E.Berry,17945,3237,Euphorbia scutiformis,0,1,0,,1,0,1,0,
30,305,303,(Urb. & Ekman) V.W.Steinm. & P.E.Berry,17984,3237,Euphorbia umbelliformis,0,1,0,,1,0,0,0,
30,305,303,Forssk.,30888,926,Oncoba spinosa,0,0,0,,0,0,0,0,
30,305,303,L.,27688,4518,Manettia reclinata,0,1,0,,0,0,0,0,
30,305,303,Kunth,41292,6329,Serjania glabrata,0,0,0,,0,0,0,0,
30,305,303,Lam.,21715,3788,Hibiscus maculatus,0,1,0,,1,0,1,0,
30,305,303,Cav.,21739,3788,Hibiscus striatus,0,1,0,,0,0,0,0,
30,305,303,Michx.,21702,3788,Hibiscus grandiflorus,0,1,0,,0,0,0,0,
30,305,303,L.,21689,3788,Hibiscus clypeatus,0,1,0,,1,0,1,0,
30,305,303,(Burm.f.) Hochr.,21706,3788,Hibiscus indicus,0,0,0,,0,0,0,0,
30,305,303,L.,21741,3788,Hibiscus syriacus,0,0,0,,0,0,0,0,
30,305,303,(Spreng.) Garcke,21727,3788,Hibiscus poeppigii,0,1,0,,0,0,0,0,
30,305,303,L.,422994,3788,Hibiscus tiliaceus,0,0,0,,0,0,0,0,
30,305,303,(L.) Ledeb.,24474,4088,Kosteletzkya pentacarpos,0,1,0,,0,0,0,0,
30,305,303,(Link & Otto) Garcke,32431,5326,Pavonia malacophylla,0,1,0,,0,0,0,0,
30,305,303,Baker f.,41483,6363,Sida nummularia,0,1,0,,1,0,1,0,
30,305,303,(O.Berg) O.Berg,438142,15785,Feijoa sellowiana,0,0,0,,0,0,0,0,
30,305,303,(L.) Corrêa,912,1082,Aegle marmelos,0,0,0,,0,0,0,0,
30,305,303,Swingle,913,1083,Aeglopsis chevalieri,0,0,0,,0,0,0,0,
30,305,303,L.,1513,1174,Allium canadense,0,0,0,,0,0,0,0,
30,305,303,G.Don,1519,1174,Allium chinense,0,0,0,,0,0,0,0,
30,305,303,L.,1528,1174,Allium fistulosum,0,0,0,,0,0,0,0,
30,305,303,Rottler ex Spreng.,1581,1174,Allium tuberosum,0,0,0,,0,0,0,0,
30,305,303,Mill.,1671,1187,Aloe arborescens,0,0,0,,0,0,0,0,
30,305,303,Weston,1683,1187,Aloe succotrina,0,0,0,,0,0,0,0,
30,305,303,(Kunth) Roem. & Schult.,38310,6005,Rhynchospora globosa,0,1,0,,0,0,0,0,
30,305,303,Greenm.,47229,7116,Wedelia rugosa,0,1,0,,1,0,1,0,
30,305,303,Greenm.,47229,7116,Wedelia rugosa,0,1,0,,1,0,1,0,
30,305,303,Urb.,10274,2361,Coccoloba nipensis,0,1,0,,1,0,1,0,
30,305,303,Amshoff,42001,6417,Solanum pachyneuroides,0,1,0,,1,0,1,0,
30,305,303,"Judd, Bécquer & Majure",441538,4675,Miconia pulverata,0,1,0,,1,0,1,0,
30,305,303,Pax & K.Hoffm.,443238,4013,Jatropha glaucovirens,0,1,0,,1,0,1,0,
30,305,303,C.Wright ex Griseb.,443239,4013,Jatropha pauciflora,0,1,0,,1,0,1,0,
30,305,303,R.A.Howard,33458,5501,Phyllanthus chryseus,0,1,0,,1,0,1,0,
30,305,303,Urb.,33491,5501,Phyllanthus excisus,0,1,0,,1,0,1,0,
30,305,303,C.Wright ex Griseb.,33512,5501,Phyllanthus heliotropus,0,1,0,,1,0,1,0,
30,305,303,C.Wright ex Griseb.,11847,2566,Croton leucophlebius,0,1,0,,1,0,1,0,
30,305,303,Urb.,11865,2566,Croton monogynus,0,1,0,,1,0,1,0,
30,305,303,Griseb.,33565,5501,Phyllanthus myrtilloides,0,1,0,,1,0,1,0,
30,305,303,Griseb.,11906,2566,Croton trigonocarpus,0,1,0,,1,0,1,0,
30,305,303,L.,12979,2661,Cyperus strigosus,0,1,0,,1,0,1,0,
30,305,303,Saff.,2477,1333,Annona sclerophylla,0,1,0,,1,0,1,0,
30,305,303,León,438404,1283,Anastraphia maisiana,0,1,0,,1,0,1,0,
30,305,303,Greene,439209,2187,Chaptalia fallax,0,1,0,,1,0,1,0,
30,305,303,L.,33490,5501,Phyllanthus epiphyllanthus,0,1,0,,1,0,1,0,
30,305,303,Griseb.,33565,5501,Phyllanthus myrtilloides,0,1,0,,1,0,1,0,
30,305,303,(Schltdl.) Axelius,441764,5517,Physalis solanacea,0,1,0,,0,0,0,0,
30,305,303,"Judd, Bécquer & Majure",418022,4675,Miconia grandibracteata,0,1,0,,1,0,1,0,
30,305,303,(Kunth) DC.,13998,2796,Desmodium cajanifolium,0,0,0,,0,0,0,0,
30,305,303,Benth.,34978,5613,Platymiscium trinitatis,0,0,0,,0,0,0,0,
30,305,303,(Griseb.) Krug & Urb.,13849,2779,Dendrophthora sessilifolia,0,1,0,,1,0,1,0,
30,305,303,Cav.,2481,1334,Anoda acerifolia,0,1,0,,0,0,0,0,
30,305,303,Nutt.,21168,3698,Helianthus debilis,0,0,0,,0,0,0,0,
30,305,303,Nutt.,21168,3698,Helianthus debilis,0,0,0,,0,0,0,0,
30,305,303,Urb.,11821,2566,Croton excisus,0,1,0,,1,0,1,0,
30,305,303,(Imkhan.) Judd & J.R.Abbott,23219,3940,Illicium guajaibonense,0,1,0,,1,0,1,0,
30,305,303,(G.Mey.) A.Juss.,42255,6443,Spachea elegans,0,1,0,,0,0,0,0,
30,305,303,(L.) W.D.J.Koch,45815,6938,Tripleurospermum maritimum,0,0,0,,0,0,0,0,
30,305,303,(Cass.) D.J.Keil,32464,5330,Pectis glaucescens,0,1,0,,0,0,0,0,
30,305,303,Urb.,33518,5501,Phyllanthus incrustatus,0,1,0,,1,0,1,0,
30,305,303,Urb.,11861,2566,Croton micradenus,0,1,0,,1,0,1,0,
30,305,303,Urb.,17355,3227,Eugenia anafensis,0,1,0,,1,0,1,0,
30,305,303,Müll.Arg.,11891,2566,Croton sagranus,0,1,0,,1,0,1,0,
30,305,303,(Urb.) Ionta & Bécquer,418076,4675,Miconia pilifera,0,1,0,,1,0,1,0,
30,305,303,L.,39942,6139,Sapindus trifoliatus,0,0,0,,0,0,0,0,
30,305,303,Urb.,33554,5501,Phyllanthus microdictyus,0,1,0,,1,0,1,0,
30,305,303,Griseb.,33613,5501,Phyllanthus pseudocicca,0,1,0,,1,0,1,0,
30,305,303,Urb.,33454,5501,Phyllanthus chamaecristoides,0,1,0,,1,0,1,0,
30,305,303,Urb.,33454,5501,Phyllanthus chamaecristoides,0,1,0,,1,0,1,0,
30,305,303,Urb.,33600,5501,Phyllanthus phlebocarpus,0,1,0,,1,0,1,0,
30,305,303,Urb.,33617,5501,Phyllanthus pulverulentus,0,1,0,,1,0,1,0,
30,305,303,Urb.,33541,5501,Phyllanthus maestrensis,0,1,0,,1,0,1,0,
30,305,303,Griseb.,11911,2566,Croton viminalis,0,1,0,,1,0,1,0,
30,305,303,Urb.,11815,2566,Croton cristalensis,0,1,0,,1,0,1,0,
30,305,303,Urb.,17921,3237,Euphorbia podocarpifolia,0,1,0,,1,0,1,0,
30,305,303,Urb.,4341,1566,Auerodendron glaucescens,0,1,0,,1,0,1,0,
30,305,303,Griseb.,23422,3957,Ipomoea hypargyrea,0,1,0,,1,0,1,0,
30,305,303,Urb.,23385,3957,Ipomoea balioclada,0,1,0,,1,0,1,0,
30,305,303,Griseb.,23380,3957,Ipomoea alterniflora,0,1,0,,1,0,1,0,
30,305,303,Urb.,23435,3957,Ipomoea lindmanii,0,1,0,,1,0,1,0,
30,305,303,Urb.,43745,6655,Tabebuia polymorpha,0,1,0,,1,0,1,0,
30,305,303,Urb.,23465,3957,Ipomoea robusta,0,1,0,,1,0,1,0,
30,305,303,Griseb.,23414,3957,Ipomoea fuchsioides,0,1,0,,1,0,1,0,
30,305,303,Griseb.,23444,3957,Ipomoea microdactyla,0,1,0,,1,0,1,0,
30,305,303,Urb.,23408,3957,Ipomoea erosa,0,1,0,,1,0,1,0,
30,305,303,(L.) Pursh,23427,3957,Ipomoea jalapa,0,1,0,,1,0,1,0,
30,305,303,Liebm.,439637,2661,Cyperus fugax,0,1,0,,0,0,0,0,
30,305,303,(Griseb.) M.T.Strong,27237,4449,Machaerina effusa,0,1,0,,1,0,0,0,
30,305,303,(Tul.) J.H.Kirkbr.,4688,1634,Barnebydendron riedelii,0,0,0,,0,0,0,0,
30,305,303,Choisy,48088,3957,Ipomoea subrevoluta,0,1,0,,0,0,0,0,
30,305,303,Jacq.,285,965,Acalypha diversifolia,0,0,0,,0,0,0,0,
30,305,303,(Roxb.) Schult.,16118,3070,Eleocharis acutangula,0,1,0,,0,0,0,0,
30,305,303,(Kunth) Nees,24613,4128,Lagenocarpus rigidus,0,1,0,,0,0,0,0,
30,305,303,I.Castañeda,31479,5194,Ouratea neuridesii,0,1,0,,1,0,1,0,
30,305,303,Greuter & R.Rankin,5199,1718,Bisgoeppertia robustior,0,1,0,,1,0,1,0,
30,305,303,Dobson,6238,1878,Bunchosia articulata,0,1,0,,1,0,1,0,
30,305,303,(Alain) Liede & Mangelsdorff,441186,6690,Tassadia richardiana,0,1,0,,1,0,1,0,
30,305,303,(Mart. ex Schult.f.) J.G.Sm.,21116,3694,Helanthium tenellum,0,1,0,,0,0,0,0,
30,305,303,(Hegelm.) Hegelm.,47354,7143,Wolffiella lingulata,0,1,0,,0,0,0,0,
30,305,303,Walter,47583,7180,Xyris caroliniana,0,1,0,,0,0,0,0,
30,305,303,(L.) Schott,32586,5348,Peltandra virginica,0,1,0,,0,0,0,0,
30,305,303,León,438401,1283,Anastraphia gomezii,0,1,0,,1,0,1,0,
30,305,303,(Juss.) D'Arcy,6957,1922,Calibrachoa parviflora,0,1,1,,0,0,0,0,
30,305,303,Retz.,439196,2156,Cestrum citrifolium,0,1,0,,1,0,0,0,
30,305,303,Cav.,41915,6417,Solanum betaceum,0,0,0,,0,0,0,0,
30,305,303,(Ruiz & Pav.) D.Don,5961,1849,Brugmansia sanguinea,0,0,0,,0,0,0,0,
30,305,303,Sendtn.,26998,4421,Lycium martii,0,1,0,,0,0,0,0,
30,305,303,(Sweet) D.Don ex W.H.Baxter,314715,5429,Petunia × atkinsiana,0,0,0,,0,0,0,0,
30,305,303,L.,5812,1821,Brassica oleracea,0,0,0,,0,0,0,0,
30,305,303,Ruiz & Pav.,6945,1915,Calceolaria tripartita,0,0,0,,0,0,0,0,
30,305,303,(Ruiz & Pav.) M.A.Spencer & L.B.Sm.,442829,11164,Racinaea tetrantha,0,1,0,,0,0,0,0,
30,305,303,(Hook.) Luer,441862,19571,Muscarella aristata,0,1,0,,0,0,0,0,
30,305,303,Dunal,42037,6417,Solanum tampicense,0,1,0,,0,0,0,0,
30,305,303,Sw.,33577,5501,Phyllanthus nutans,0,1,0,,1,0,0,0,
30,305,303,Griseb.,33565,5501,Phyllanthus myrtilloides,0,1,0,,1,0,1,0,
30,305,303,G.L.Webster,33517,5501,Phyllanthus imbricatus,0,1,0,,1,0,1,0,
30,305,303,Poepp. ex Spreng.,33479,5501,Phyllanthus discolor,0,1,0,,1,0,1,0,
30,305,303,Griseb.,33672,5501,Phyllanthus williamioides,0,1,0,,1,0,1,0,
30,305,303,(Schumach. & Thonn.) Müll.Arg.,1419,1154,Alchornea cordifolia,0,0,0,,0,0,0,0,
30,305,303,L.,11905,2566,Croton tiglium,0,0,0,,0,0,0,0,
30,305,303,Blume,2602,1358,Antidesma montanum,0,0,0,,0,0,0,0,
30,305,303,Kunth,33579,5501,Phyllanthus orbicularis,0,1,0,,0,0,0,0,
30,305,303,(Blanco) Airy Shaw,38013,5959,Reutealis trisperma,0,0,0,,0,0,0,0,
30,305,303,(L.) Klotzsch,4077,1532,Astraea lobata,0,1,0,,0,0,0,0,
30,305,303,Urb.,17823,3237,Euphorbia helenae,0,1,0,,1,0,1,0,
30,305,303,Müll.Arg.,11807,2566,Croton clavuliger,0,1,0,,1,0,1,0,
30,305,303,Griseb.,11869,2566,Croton myricifolius,0,1,0,,1,0,1,0,
30,305,303,Alain,11877,2566,Croton pachyrachis,0,1,0,,1,0,1,0,
30,305,303,Sessé & Moc.,11880,2566,Croton palmatus,0,1,0,,1,0,1,0,
30,305,303,Müll.Arg.,11881,2566,Croton panduriformis,0,1,0,,1,0,1,0,
30,305,303,Oudejans,17951,3237,Euphorbia sessei,0,1,0,,1,0,1,0,
30,305,303,C.Wright ex Boiss.,17885,3237,Euphorbia monantha,0,1,0,,1,0,1,0,
30,305,303,Jacq.,17748,3237,Euphorbia bombensis,0,1,0,,0,0,0,0,
30,305,303,Müll.Arg.,33445,5501,Phyllanthus carnosulus,0,1,0,,1,0,1,0,
30,305,303,G.L.Webster,33467,5501,Phyllanthus comptus,0,1,0,,1,0,1,0,
30,305,303,G.L.Webster,33555,5501,Phyllanthus mirificus,0,1,0,,1,0,1,0,
30,305,303,R.E.Fr.,2472,1333,Annona oblongifolia,0,1,0,,1,0,1,0,
30,305,303,(Krug & Urb.) Standl.,14469,2868,Diospyros crassinervis,0,1,0,,1,0,1,0,
30,305,303,Urb.,46727,7068,Viburnum corymbosum,0,1,0,,1,0,1,0,
30,305,303,León,438399,1283,Anastraphia elliptica,0,1,0,,1,0,1,0,
30,305,303,B.L.Rob.,42259,6445,Spaniopappus ekmanii,0,1,0,,1,0,1,0,
30,305,303,Hadac,23445,3957,Ipomoea montecristina,0,1,0,,1,0,1,0,
30,305,303,(Kunth) G.Don,23482,3957,Ipomoea trifida,0,1,0,,0,0,0,0,
30,305,303,Willd.,47633,7192,Zamia muricata,0,0,0,,0,0,0,0,
30,305,303,Soderstr. & C.E.Calderón,9578,2281,Chusquea coronalis,0,1,0,,0,0,0,0,
30,305,303,Roíg & Acuña,30592,5060,Ocotea bucheri,0,1,0,,1,0,1,0,
30,305,303,(Griseb.) M.Gómez,30596,5060,Ocotea cuneata,0,1,0,,1,0,1,0,
30,305,303,Mill.,21691,3788,Hibiscus cordifolius,0,1,0,,1,0,1,0,
30,305,303,Triana,441205,4675,Miconia ancistrophora,0,1,0,,1,0,1,0,
30,305,303,(Sw.) M.Gómez,417969,4675,Miconia capillaris,0,1,0,,1,0,0,0,
30,305,303,A.Rich.,17435,3227,Eugenia farameoides,0,1,0,,0,0,0,0,
30,305,303,R.A.Howard,10241,2361,Coccoloba acuna,0,1,0,,1,0,1,0,
30,305,303,O.C.Schmidt,10247,2361,Coccoloba baracoensis,0,1,0,,1,0,1,0,
30,305,303,Ekman ex O.C.Schmidt,10250,2361,Coccoloba caesia,0,1,0,,1,0,1,0,
30,305,303,R.A.Howard,10252,2361,Coccoloba clementis,0,1,0,,1,0,1,0,
30,305,303,R.A.Howard,10288,2361,Coccoloba retirensis,0,1,0,,1,0,1,0,
30,305,303,Urb.,35929,5733,Portulaca brevifolia,0,1,0,,1,0,1,0,
30,305,303,Kitan.,439364,2414,Colubrina acunae,0,1,0,,1,0,1,0,
30,305,303,La Llave,8366,2055,Casimiroa edulis,0,1,0,,1,0,1,0,
30,305,303,(Griseb.) C.Wright,28849,4676,Micranthemum callitrichoides,0,1,0,,1,0,0,0,
30,305,303,Benth.,5989,1852,Brunfelsia nitida,0,1,0,,1,0,1,0,
30,305,303,Urb.,41980,6417,Solanum maestrense,0,1,0,,1,0,1,0,
30,305,303,(A.Rich.) Chew,24723,4150,Laportea cuneata,0,1,0,,1,0,1,0,
30,305,303,Grudz.,33864,5542,Pilea acunae,0,1,0,,1,0,1,0,
30,305,303,Grudz.,33942,5542,Pilea gesnerioides,0,1,0,,1,0,1,0,
30,305,303,Grudz.,34015,5542,Pilea pedroi,0,1,0,,1,0,1,0,
30,305,303,Grudz.,38779,6060,Rousselia impariflora,0,1,0,,1,0,1,0,
30,305,303,Jacq.,22518,3874,Hybanthus havanensis,0,1,0,,1,0,1,0,
30,305,303,(Aubl.) Sandwith,14071,2805,Dialium guianense,0,0,0,,0,0,0,0,
30,305,303,(Desv.) A.Juss.,24273,4052,Khaya senegalensis,0,0,0,,0,0,0,0,
30,305,303,(C.Wright ex Griseb.) N.H.Williams & Ackerman,45283,6829,Tolumnia gundlachii,0,1,0,,1,0,0,0,
30,305,303,Cogn.,5694,1800,Brachionidium parvum,0,1,0,,0,0,0,0,
30,305,303,Nir & Dod,439034,4576,Maxillaria grisebachiana,0,1,0,,1,0,0,0,
30,305,303,(Poepp. & Endl.) Garay,439035,4576,Maxillaria parviflora,0,1,0,,0,0,0,0,
30,305,303,(L.) Lippold,8326,2054,Cascabela thevetia,0,0,0,,0,0,0,0,
30,305,303,(L.) Pelser & Meijden,23814,4002,Jacobaea maritima,0,0,0,,0,0,0,0,
30,305,303,Alain,39833,6123,Salvia toaensis,0,1,0,,1,0,1,0,
30,305,303,Feuillet & MacDougal,32327,5316,Passiflora insueta,0,1,0,,1,0,0,0,
30,305,303,V.A.W.Graham,24146,4027,Justicia stearnii,0,1,0,,1,0,1,0,
30,305,303,V.A.W.Graham,24146,4027,Justicia stearnii,0,1,0,,1,0,1,0,
30,305,303,(G.Mey.) H.S.Irwin & Barneby,41218,6320,Senna latifolia,0,0,0,,0,0,0,0,
30,305,303,(Willd.) Britton,440874,7242,Libidibia punctata,0,0,0,,0,0,0,0,
30,305,303,(Spreng.) Taub.,32590,5349,Peltophorum dubium,0,1,0,,1,0,0,0,
30,305,303,(Urb. & Ekman) Britton,440341,3583,Guilandina barkeriana,0,1,0,,1,0,0,0,
30,305,303,(Benth.) Gagnon & G.P.Lewis,428310,9849,Cenostigma eriostachys,0,1,0,,0,0,0,0,
30,305,303,(Greenm.) Gagnon & G.P.Lewis,428311,9849,Cenostigma gaumeri,0,1,0,,0,0,0,0,
30,305,303,(Britton) Gagnon & G.P.Lewis,441927,9849,Cenostigma myabense,0,1,0,,1,0,1,0,
30,305,303,(Griseb.) Gagnon & G.P.Lewis,441928,9849,Cenostigma pinnatum,0,1,0,,1,0,1,0,
30,305,303,(Molina) Britton & Rose,438851,19781,Tara spinosa,0,1,0,,0,0,0,0,
30,305,303,Borhidi,38562,6041,Rondeletia fortunensis,0,1,0,,1,0,1,0,
30,305,303,Borhidi,33188,5461,Phialanthus alainii,0,1,0,,1,0,1,0,
30,305,303,Borhidi,10199,2348,Clusia nipensis,0,1,0,,1,0,1,0,
30,305,303,Borhidi,17389,3227,Eugenia capillipes,0,1,0,,1,0,1,0,
30,305,303,(P.J.Bergius) J.F.Morales,441466,5065,Odontadenia semidigyna,0,0,0,,0,0,0,0,
30,305,303,Desv.,23289,3944,Indigofera microcarpa,0,1,0,,0,0,0,0,
30,305,303,Rose,23288,3944,Indigofera micheliana,0,1,0,,0,0,0,0,
30,305,303,(Vahl) S.O.Grose,20932,3653,Handroanthus serratifolius,0,0,0,,0,0,0,0,
30,305,303,Britton & P.Wilson ex León & Alain,34056,5542,Pilea shaferi,0,1,0,,1,0,1,0,
30,305,303,"Greuter, R.Rankin & Palmarola",48083,3885,Hygrophila urquiolae,0,1,0,,1,0,1,0,
30,305,303,(Raf.) J.F.Macbr.,43293,6610,Suaeda nigra,0,1,0,,0,0,0,0,
30,305,303,L.,10210,2351,Cneorum tricoccon,0,0,0,,0,0,0,0,
30,305,303,Dennst.,23400,3957,Ipomoea cordatotriloba,0,0,0,,0,0,0,0,
30,305,303,Choisy,23411,3957,Ipomoea fimbriosepala,0,0,0,,0,0,0,0,
30,305,303,(Lindl.) Sweet,23451,3957,Ipomoea ochracea,0,0,0,,0,0,0,0,
30,305,303,(Andrews) Haw.,24195,4031,Kalanchoe crenata,0,0,0,,0,0,0,0,
30,305,303,(L.) DeFilipps,10587,2422,Combretum indicum,0,0,0,,0,0,0,0,
30,305,303,Berazaín,13026,2671,Cyrilla coriacea,0,1,0,,1,0,1,0,
30,305,303,Berazaín,13027,2671,Cyrilla lutgardae,0,1,0,,1,0,1,0,
30,305,303,Berazaín,13028,2671,Cyrilla macrocarpa,0,1,0,,1,0,1,0,
30,305,303,Berazaín,13029,2671,Cyrilla megaphylla,0,1,0,,1,0,1,0,
30,305,303,Berazaín,13030,2671,Cyrilla microareolata,0,1,0,,1,0,1,0,
30,305,303,Berazaín,13030,2671,Cyrilla microareolata,0,1,0,,1,0,1,0,
30,305,303,Berazaín,13032,2671,Cyrilla silvae,0,1,0,,1,0,1,0,
30,305,303,Nees,2236,1297,Andropogon lateralis,0,1,0,,1,0,1,0,
30,305,303,Nees,2236,1297,Andropogon lateralis,0,1,0,,1,0,1,0,
30,305,303,(Griseb.) Stearn,9360,2227,Chionanthus axilliflorus,0,1,0,,1,0,1,0,
30,305,303,(Lindl.) Engl.,37954,5937,Ravenia spectabilis,0,1,0,,1,0,1,0,
30,305,303,B.W.van Ee & P.E.Berry,11783,2566,Croton alainii,0,1,0,,1,0,1,0,
30,305,303,(Croizat) B.W.van Ee & P.E.Berry,11846,2566,Croton leonis,0,1,0,,1,0,1,0,
30,305,303,(Alain) B.W.van Ee & P.E.Berry,11851,2566,Croton maestrensis,0,1,0,,1,0,1,0,
30,305,303,(Alain) B.W.van Ee & P.E.Berry,11889,2566,Croton revolutus,0,1,0,,1,0,1,0,
30,305,303,(Spreng.) Feuillet,443053,7041,Varronia portoricensis,0,1,0,,1,0,0,0,
30,305,303,(L.) Borhidi,46441,7041,Varronia serrata,0,1,0,,1,0,0,0,
30,305,303,(Griseb.) Moldenke,443024,7041,Varronia erythrococca,0,1,0,,1,0,1,0,
30,305,303,L.,46438,7041,Varronia bullata,0,1,0,,0,0,0,0,
30,305,303,(Urb.) Moldenke,443029,7041,Varronia grisebachii,0,1,0,,1,0,1,0,
30,305,303,(Urb. & Britton) Millsp.,443039,7041,Varronia leptoclada,0,1,0,,1,0,1,0,
30,305,303,(Stearn) J.S.Mill.,443041,7041,Varronia linnaei,0,1,0,,0,0,0,0,
30,305,303,(Borhidi & O.Muñiz) Borhidi,443060,7041,Varronia toaensis,0,1,0,,1,0,1,0,
30,305,303,(Britton) Petra Hoffm.,21556,3773,Heterosavia bahamensis,0,1,0,,0,0,0,0,
30,305,303,(Griseb.) Petra Hoffm.,21557,3773,Heterosavia erythroxyloides,0,1,0,,1,0,0,0,
30,305,303,(Griseb.) Petra Hoffm.,21558,3773,Heterosavia laurifolia,0,1,0,,1,0,1,0,
30,305,303,(Griseb.) Petra Hoffm.,21558,3773,Heterosavia laurifolia,0,1,0,,1,0,1,0,
30,305,303,(Urb.) Petra Hoffm.,21559,3773,Heterosavia maculata,0,1,0,,1,0,1,0,
30,305,303,(Urb.) Petra Hoffm.,21559,3773,Heterosavia maculata,0,1,0,,1,0,1,0,
30,305,303,McClure,4615,1621,Bambusa malingensis,0,0,0,,0,0,0,0,
30,305,303,Chiov.,12686,2649,Cymbopogon giganteus,0,0,0,,0,0,0,0,
30,305,303,(L.) Pers.,12756,2653,Cynodon dactylon,0,0,0,,0,0,0,0,
30,305,303,Panfet & P.Temple,34347,5560,Pinguicula lithophytica,0,1,0,,1,0,1,0,
30,305,303,L.,27451,4484,Magnolia virginiana,0,1,0,,1,0,1,0,
30,305,303,Bisse ex Urquiola & Z.Acosta,29437,4808,Mosiera baracoensis,0,1,0,,1,0,1,0,
30,305,303,Urquiola & Z.Acosta,29438,4808,Mosiera bissei,0,1,0,,1,0,1,0,
30,305,303,Bisse ex Urquiola & Z.Acosta,29451,4808,Mosiera macrophylla,0,1,0,,1,0,1,0,
30,305,303,Bisse ex Urquiola & Z.Acosta,29455,4808,Mosiera occidentalis,0,1,0,,1,0,1,0,
30,305,303,Bisse ex Urquiola & Z.Acosta,29462,4808,Mosiera yamaniguensis,0,1,0,,1,0,1,0,
30,305,303,Urquiola & Z.Acosta,35113,5652,Plinia arenicola,0,1,0,,1,0,1,0,
30,305,303,E.González & Luer,25090,4222,Lepanthes caluffii,0,1,0,,1,0,1,0,
30,305,303,"Borhidi, M.Fernández & Oviedo",36615,5840,Psychotria acunae,0,1,0,,1,0,1,0,
30,305,303,"H.D.Clarke, Seigler & Ebinger",443278,7256,Vachellia baessleri,0,1,0,,1,0,1,0,
30,305,303,Hechav.,45180,6809,Tillandsia rangelensis,0,1,0,,1,0,1,0,
30,305,303,Chase,32209,5315,Paspalum almum,0,1,0,,0,0,0,0,
30,305,303,(L.) J.I.M.Melo & Semir,18057,3239,Euploca fruticosa,0,1,0,,0,0,0,0,
30,305,303,Nutt.,29790,4853,Myriophyllum hippuroides,0,0,0,,0,0,0,0,
30,305,303,Michx.,29789,4853,Myriophyllum heterophyllum,0,1,0,,0,0,0,0,
30,305,303,(Jacq.) Feuillet,441366,4854,Myriopus maculatus,0,1,0,,0,0,0,0,
30,305,303,(Spreng.) Small,29814,4854,Myriopus poliochros,0,1,0,,1,0,0,0,
30,305,303,(L.) Feuillet,409240,3239,Euploca humilis,0,1,0,,0,0,0,0,
30,305,303,(L.) Small,29817,4854,Myriopus volubilis,0,1,0,,0,0,0,0,
30,305,303,(J.Thomps.) Dandy,11635,2551,Crinum jagus,0,0,0,,0,0,0,0,
30,305,303,(J.Thomps.) Dandy,11635,2551,Crinum jagus,0,0,0,,0,0,0,0,
30,305,303,(Aiton) Herb.,11639,2551,Crinum ornatum,0,0,0,,0,0,0,0,
30,305,303,(L.) Herb.,2029,1236,Ammocharis longifolia,0,0,0,,0,0,0,0,
30,305,303,(Desv.) Britton,38654,6042,Rorippa hispida,0,0,0,,0,0,0,0,
30,305,303,(Desv.) Britton,38654,6042,Rorippa hispida,0,1,0,,1,0,1,0,
30,305,303,Hornem.,439065,2015,Cardamine occulta,0,0,0,,0,0,0,0,
30,305,303,Griseb.,439189,2139,Ceratophyllum australe,0,1,0,,0,0,0,0,
30,305,303,Trin.,45407,6857,Trachypogon macroglossus,0,1,0,,0,0,0,0,
30,305,303,(Sw. ex Wikstr.) Feuillet,18060,3239,Euploca microphylla,0,1,0,,1,0,0,0,
30,305,303,(Urb.) Feuillet,29815,4854,Myriopus stenophyllus,0,1,0,,1,0,0,0,
30,305,303,(L.) L.,45831,6945,Tripsacum dactyloides,0,1,0,,0,0,0,0,
30,305,303,L.,44711,6748,Teucrium canadense,0,1,0,,0,0,0,0,
30,305,303,(Griseb.) J.H.Kirkbr. & Delprete,417915,13916,Hexasepalum lippioides,0,1,0,,1,0,1,0,
30,305,303,Britton & P.Wilson,441569,5840,Psychotria moensis,0,1,0,,1,0,1,0,
30,305,303,(Acuña & Roíg) Borhidi,31751,5245,Palicourea moralesii,0,1,0,,1,0,1,0,
30,305,303,(Borhidi) Borhidi,33189,5461,Phialanthus bissei,0,1,0,,1,0,1,0,
30,305,303,Griseb.,38592,6041,Rondeletia microphylla,0,1,0,,1,0,1,0,
30,305,303,Urb.,38600,6041,Rondeletia nipensis,0,1,0,,1,0,1,0,
30,305,303,(L.) Lam.,28393,4625,Melilotus officinalis,0,0,0,,0,0,0,0,
30,305,303,L.,7731,2021,Cardiospermum corindum,0,1,0,,1,0,0,0,
30,305,303,Planch.,30473,5040,Nymphaea gardneriana,0,1,0,,0,0,0,0,
30,305,303,Planch.,30480,5040,Nymphaea oxypetala,0,1,0,,0,0,0,0,
30,305,303,Roxb. ex Andrews,30483,5040,Nymphaea rubra,0,0,0,,0,0,0,0,
30,305,303,(Cogn.) Christenson,36330,5775,Prosthechea fuertesii,0,1,0,,1,0,0,0,
30,305,303,(A.Rich.) Griseb. ex Benth.,44602,6730,Tetramicra tenera,0,1,0,,1,0,1,0,
30,305,303,(Lindl.) Rchb.f.,440512,4576,Maxillaria crassifolia,0,1,0,,0,0,0,0,
30,305,303,Pav. ex Lindl.,16503,3135,Epidendrum radicans,0,0,0,,0,0,0,0,
30,305,303,(Rchb.f.) Ackerman,20176,3542,Goodyera corniculata,0,1,0,,1,0,1,0,
30,305,303,Luer,25095,4222,Lepanthes comadresina,0,1,0,,1,0,1,0,
30,305,303,Luer,25135,4222,Lepanthes llamachoi,0,1,0,,1,0,1,0,
30,305,303,Luer,25152,4222,Lepanthes palpebralis,0,1,0,,1,0,1,0,
30,305,303,Carnevali & J.L.Tapia,441331,4576,Maxillaria pudica,0,1,0,,0,0,0,0,
30,305,303,(Luer) Luer,441870,19571,Muscarella llamachoi,0,1,0,,1,0,1,0,
30,305,303,(Rchb.f.) Dressler,441097,4576,Maxillaria adendrobium,0,1,0,,0,0,0,0,
30,305,303,(Spreng.) Stehlé,38663,6042,Rorippa portoricensis,0,1,0,,0,0,0,0,
30,305,303,(H.Stenzel) Karremans,441840,4223,Lepanthopsis hyalina,0,1,0,,1,0,1,0,
30,305,303,L.,32349,5316,Passiflora pedata,0,1,0,,0,0,0,0,
30,305,303,(Döll) Zuloaga & Morrone,439651,20016,Cyphonanthus discrepans,0,1,0,,0,0,0,0,
30,305,303,(Mill.) D'Arcy,438738,19992,Pseudoconyza viscosa,0,1,0,,0,0,0,0,
30,305,303,(Hook.) Lindl.,441098,4576,Maxillaria alba,0,1,0,,0,0,0,0,
30,305,303,Ormerod,28869,4685,Microchilus familiaris,0,1,0,,1,0,0,0,
30,305,303,J.F.Gmel.,178510,3135,Epidendrum umbelliferum,0,1,0,,1,0,0,0,
30,305,303,L.,18439,3322,Ficus benghalensis,0,0,0,,0,0,0,0,
30,305,303,L.,10001,2331,Cleome viscosa,0,0,0,,0,0,0,0,
30,305,303,Jacq.,439323,2331,Cleome serrata,0,1,0,,0,0,0,0,
30,305,303,(Jacq.) Christenh. & Byng,439044,4805,Morisonia frondosa,0,1,0,,0,0,0,0,
30,305,303,L.,439047,4805,Morisonia flexuosa,0,1,0,,0,0,0,0,
30,305,303,(L.) Christenh. & Byng,439045,4805,Morisonia cynophallophora,0,1,0,,0,0,0,0,
30,305,303,Jacq.,9996,2331,Cleome spinosa,0,1,0,,0,0,0,0,
30,305,303,Schltdl.,9987,2331,Cleome houtteana,0,0,0,,0,0,0,0,
30,305,303,(Pav. ex D.Don) Judd & Majure,409454,4675,Miconia dependens,0,1,0,,0,0,0,0,
30,305,303,Ionta & Bécquer,418096,4675,Miconia ruficaulis,0,1,0,,1,0,0,0,
30,305,303,(Miq.) Mart. ex Miq.,18466,3322,Ficus crocata,0,1,0,,0,0,0,0,
30,305,303,Alain,10273,2361,Coccoloba nervosa,0,1,0,,1,0,1,0,
30,305,303,Alain,10277,2361,Coccoloba oligantha,0,1,0,,1,0,1,0,
30,305,303,L.,35987,5738,Potamogeton crispus,0,0,0,,0,0,0,0,
30,305,303,L.,36006,5738,Potamogeton perfoliatus,0,1,0,,0,0,0,0,
30,305,303,Jacq.,14886,2933,Dodonaea viscosa,0,1,0,,0,0,0,0,
30,305,303,(Standl.) Standl.,10239,2360,Coccocypselum hispidulum,0,1,0,,0,0,0,0,
30,305,303,Jacq.,19799,3472,Ginoria americana,0,1,0,,1,0,1,0,
30,305,303,Retz.,439848,2868,Diospyros ebenaster,0,0,0,,0,0,0,0,
30,305,303,(Borhidi & Acuña) Beurton,2116,1267,Amyris cubensis,0,1,0,,1,0,1,0,
30,305,303,Zucc.,41952,6417,Solanum glaucescens,0,0,0,,0,0,0,0,
30,305,303,Dunal,41992,6417,Solanum myriacanthum,0,0,0,,0,0,0,0,
30,305,303,(L.O.Williams) C.D.Adams ex W.C.Burger & C.M.Taylor,42396,6462,Spermacoce exilis,0,1,0,,0,0,0,0,
30,305,303,D.Don,438402,1283,Anastraphia ilicifolia,0,1,0,,1,0,1,0,
30,305,303,(Willd.) Müll.Arg.,5038,1692,Bernardia dichotoma,0,1,0,,1,0,1,0,
30,305,303,(Sw.) Laness.,30608,5060,Ocotea leucoxylon,0,1,0,,1,0,1,0,
30,305,303,M.C.Johnst.,439145,2103,Cenchrus longisetus,0,0,0,,0,0,0,0,
30,305,303,(Spreng. ex Schult.) Morrone,439144,2103,Cenchrus domingensis,0,1,0,,1,0,0,0,
30,305,303,(Hochst. ex Chiov.) Morrone,439143,2103,Cenchrus clandestinus,0,0,0,,0,0,0,0,
30,305,303,(Rich.) Morrone,439147,2103,Cenchrus orientalis,0,0,0,,0,0,0,0,
30,305,303,(Poir.) Kerguélen,41370,6341,Setaria parviflora,0,0,0,,0,0,0,0,
30,305,303,(Schumach.) Morrone,439148,2103,Cenchrus purpureus,0,0,0,,0,0,0,0,
30,305,303,Fernald,38281,6005,Rhynchospora careyana,0,1,0,,0,0,0,0,
30,305,303,Millsp. & Chase,12914,2661,Cyperus lentiginosus,0,1,0,,0,0,0,0,
30,305,303,,442131,5905,Quadrella domingensis,0,1,0,,1,0,0,0,
30,305,303,(L.) Christenh. & Byng,442133,4805,Morisonia ferruginea,0,1,0,,1,0,0,0,
30,305,303,,442132,5905,Quadrella ferruginea,0,1,0,,1,0,1,0,
30,305,303,(R.Rankin) Christenh. & Byng,442134,4805,Morisonia singularis,0,1,0,,1,0,1,0,
30,305,303,(Griseb.) Pichon,1369,1149,Albidella nymphaeifolia,0,1,0,,0,0,0,0,
30,305,303,(Roth) Zuloaga & Morrone,441588,20078,Stephostachys mertensii,0,1,0,,0,0,0,0,
30,305,303,Ferrufino & Greuter,41826,6408,Smilax aquifolium,0,1,0,,1,0,1,0,
30,305,303,Ferrufino & Greuter,41842,6408,Smilax cristalensis,0,1,0,,1,0,1,0,
30,305,303,Ferrufino & Greuter,41843,6408,Smilax cuprea,0,1,0,,1,0,1,0,
30,305,303,Ferrufino & Greuter,41848,6408,Smilax gracilior,0,1,0,,1,0,0,0,
30,305,303,Eg.Köhler,6352,1894,Buxus bissei,0,1,0,,1,0,1,0,
30,305,303,Eg.Köhler,6369,1894,Buxus leivae,0,1,0,,1,0,1,0,
30,305,303,(Aubl.) DC.,29730,4842,Myrcia guianensis,0,1,0,,0,0,0,0,
30,305,303,(Nees ex Trin.) Soreng,439354,2398,Coleataenia caricoides,0,1,0,,0,0,0,0,
30,305,303,(Hitchc. & Ekman) Soreng,10485,2398,Coleataenia petersonii,0,1,0,,1,0,1,0,
30,305,303,(Beyr. ex Trin.) Soreng,439355,2398,Coleataenia tenera,0,1,0,,0,0,0,0,
30,305,303,Benth.,48257,7058,Verbena menthifolia,0,1,0,,0,0,0,0,
30,305,303,(Borhidi) T.D.Penn.,41535,6367,Sideroxylon acunae,0,1,0,,1,0,1,0,
30,305,303,(Vent.) DC.,439117,14890,Elaeodendron xylocarpum,0,1,0,,1,0,1,0,
30,305,303,(L.) Sarg.,47659,7196,Zanthoxylum fagara,0,1,0,,0,0,0,0,
30,305,303,Raddi,40601,6258,Scleria gaertneri,0,1,0,,0,0,0,0,
30,305,303,(Millsp.) K.Schum.,47952,2119,Centrosema schottii,0,0,0,,0,0,0,0,
30,305,303,Benth.,42063,6417,Solanum wrightii,0,0,0,,0,0,0,0,
30,305,303,Kunth,48058,3390,Galactia glaucescens,0,0,0,,0,0,0,0,
30,305,303,(Bertero & Balb. ex Kunth) Skeels,47902,1271,Anacardium excelsum,0,0,0,,0,0,0,0,
30,305,303,E.P.Bicknell,48212,6400,Sisyrinchium miamiense,0,1,0,,0,0,0,0,
30,305,303,(DC.) Beurton,2365,1316,Angostura ossana,0,1,0,,1,0,1,0,
30,305,303,Kunth,5168,1711,Bignonia diversifolia,0,1,0,,1,0,1,0,
30,305,303,(L.) L.G.Lohmann,2080,1255,Amphilophium crucigerum,0,1,0,,0,0,0,0,
30,305,303,(Andrews) L.G.Lohmann,14889,2936,Dolichandra uncata,0,1,0,,0,0,0,0,
30,305,303,(L.) L.G.Lohmann,14890,2936,Dolichandra unguis-cati,0,1,0,,0,0,0,0,
30,305,303,(Vahl) L.G.Lohmann,2083,1255,Amphilophium lactiflorum,0,1,0,,1,0,0,0,
30,305,303,Sw.,45162,6809,Tillandsia fasciculata,0,1,0,,0,0,0,0,
30,305,303,Kunth,47987,2565,Crotalaria cajanifolia,0,1,1,,0,0,0,0,
30,305,303,Torr. & A.Gray,48057,3390,Galactia floridana,0,0,0,,0,0,0,0,
30,305,303,(J.Poiss.) Taub.,48163,7249,Phyllostylon rhamnoides,0,1,0,,0,0,0,0,
30,305,303,Judd & Bécquer,418008,4675,Miconia divaricatiflora,0,1,0,,1,0,1,0,
30,305,303,(Bisse & Berazaín) Berazaín ex Acev.-Rodr.,40511,6241,Schoepfia paradoxa,0,1,0,,1,0,1,0,
30,305,303,DC.,36631,5840,Psychotria bahiensis,0,1,0,,0,0,0,0,
30,305,303,Bécquer & Judd,417989,4675,Miconia charleswrightii,0,1,0,,1,0,1,0,
30,305,303,(L.) P.J.H.Hurter & Mabb.,48251,7256,Vachellia nilotica,0,0,0,,0,0,0,0,
30,305,303,(R.Br. ex Benth.) Seigler & Ebinger,48206,7253,Senegalia laeta,0,0,0,,0,0,0,0,
30,305,303,Griseb.,443240,16207,Dianthera peploides,0,1,0,,1,0,1,0,
30,305,303,C.Presl,41476,6363,Sida hyssopifolia,0,1,0,,0,0,0,0,
30,305,303,Cav.,48262,7110,Waltheria microphylla,0,1,0,,1,0,1,0,
30,305,303,(Griseb.) Soreng,443215,2398,Coleataenia stenodes,0,1,0,,0,0,0,0,
30,305,303,Bécquer & Michelang.,48127,4675,Miconia walterjuddii,0,1,0,,1,0,1,0,
30,305,303,(Seem.) A.C.Sm.,24410,4075,Koelreuteria elegans,0,0,0,,0,0,0,0,
30,305,303,(Bécquer) Bécquer & Michelang.,417978,4675,Miconia bissei,0,1,0,,1,0,1,0,
30,305,303,Vahl,2986,1441,Ardisia humilis,0,0,0,,0,0,0,0,
30,305,303,L.,47988,2566,Croton argenteus,0,0,0,,0,0,0,0,
30,305,303,Mill.,17978,3237,Euphorbia trigona,0,0,0,,0,0,0,0,
30,305,303,(Medik.) Kuntze,24201,4031,Kalanchoe integra,0,0,0,,0,0,0,0,
30,305,303,(André) Rivière & C.Rivière,33690,5510,Phyllostachys aurea,0,0,0,,0,0,0,0,
30,305,303,Rivière & C.Rivière,48162,5510,Phyllostachys flexuosa,0,0,0,,0,0,0,0,
30,305,303,(Roxb.) Thwaites,35430,5690,Polyalthia suberosa,0,0,0,,0,0,0,0,
30,305,303,M.Roem.,37420,5892,Pyracantha coccinea,0,0,0,,0,0,0,0,
30,305,303,Sond.,37915,5934,Rauvolfia caffra,0,0,0,,0,0,0,0,
30,305,303,(L.) Kuntze,45382,6849,Toxicodendron succedaneum,0,0,0,,0,0,0,0,
30,305,303,P.Beauv.,46186,7015,Urochloa panicoides,0,0,0,,0,0,0,0,
30,305,303,Nees,2701,1380,Aphelandra sinclairiana,0,0,0,,0,0,0,0,
30,305,303,(Mart.) Becc.,6343,1892,Butia capitata,0,0,0,,0,0,0,0,
30,305,303,Blume,6645,1911,Calamus ciliaris,0,0,0,,0,0,0,0,
30,305,303,Miq.,6733,1911,Calamus manan,0,0,0,,0,0,0,0,
30,305,303,T.Anderson,438858,1911,Calamus inermis,0,0,0,,0,0,0,0,
30,305,303,Hance,6854,1911,Calamus tetradactylus,0,0,0,,0,0,0,0,
30,305,303,(Bonpl.) Kunth,8542,2088,Cavanillesia platanifolia,0,0,0,,0,0,0,0,
30,305,303,L.,10053,2334,Clerodendrum paniculatum,0,0,0,,0,0,0,0,
30,305,303,(L.) Sw.,12659,2646,Cymbidium aloifolium,0,0,0,,0,0,0,0,
30,305,303,(Blume) Miq.,439675,1911,Calamus melanochaetes,0,0,0,,0,0,0,0,
30,305,303,(Pax) Bruyns,48049,3237,Euphorbia umbellata,0,0,0,,0,0,0,0,
30,305,303,Walp.,48085,3947,Inga mucuna,0,0,0,,0,0,0,0,
30,305,303,Lindl.,48102,4120,Laelia rubescens,0,0,0,,0,0,0,0,
30,305,303,Colla,29556,4824,Musa balbisiana,0,0,0,,0,0,0,0,
30,305,303,Blanco,48146,5251,Pandanus gracilis,0,0,0,,0,0,0,0,
30,305,303,(L.) Benth. ex Kurz,37926,5934,Rauvolfia serpentina,0,0,0,,0,0,0,0,
30,305,303,Poit.,15332,2991,Drypetes alba,0,1,0,,1,0,1,0,
30,305,303,Ventosa,47907,1283,Anastraphia herrerae,0,1,0,,1,0,1,0,
30,305,303,Ventosa & P.Herrera,47905,1283,Anastraphia cristalensis,0,1,0,,1,0,1,0,
30,305,303,Ventosa & P.Herrera,47908,1283,Anastraphia oviedoae,0,1,0,,1,0,1,0,
30,305,303,Ventosa & P.Herrera,47904,1283,Anastraphia crebribracteata,0,1,0,,1,0,1,0,
30,305,303,Ventosa & P.Herrera,47906,1283,Anastraphia geigeliae,0,1,0,,1,0,1,0,
30,305,303,(Mart. ex Tul.) L.P.Queiroz,48107,7242,Libidibia ferrea,0,0,0,,0,0,0,0,
30,305,303,(Nutt.) Liede & Meve,31341,5163,Orthosia scoparia,0,1,0,,1,0,0,0,
30,305,303,Vanni,48268,7215,Zornia confusa,0,1,0,,0,0,0,0,
30,305,303,(Standl.) A.H.Gentry,48190,5934,Rauvolfia aphlebia,0,1,0,,0,0,0,0,
30,305,303,(Lam.) Poir.,30401,5015,Noronhia emarginata,0,0,0,,0,0,0,0,
30,305,303,Siebold & Zucc.,48110,4308,Ligustrum obtusifolium,0,0,0,,0,0,0,0,
30,305,303,(Wall. ex G.Don) P.S.Green,48108,4308,Ligustrum lindleyi,0,0,0,,0,0,0,0,
30,305,303,Wall.,48109,4308,Ligustrum nepalense,0,0,0,,0,0,0,0,
30,305,303,(F.Muell.) K.D.Hill & L.A.S.Johnson,11234,2501,Corymbia tessellaris,0,0,0,,0,0,0,0,
30,305,303,(Bécquer) Bécquer & Michelang.,418084,4675,Miconia pseudofloribunda,0,1,0,,1,0,1,0,
30,305,303,L.,24676,4146,Lantana camara,0,1,0,,0,0,0,0,
30,305,303,L.,24676,4146,Lantana camara,0,1,0,,1,0,0,0,
30,305,303,L.,24676,4146,Lantana camara,0,1,0,,0,0,0,0,
30,305,303,Kunth,24686,4146,Lantana horrida,0,1,0,,0,0,0,0,
30,305,303,Kunth,24686,4146,Lantana horrida,0,1,0,,1,0,0,0,
30,305,303,Kunth,24686,4146,Lantana horrida,0,1,0,,1,0,0,0,
30,305,303,Aiton,48103,4146,Lantana scabrida,0,1,0,,0,0,0,0,
30,305,303,Medik.,48104,4146,Lantana splendens,0,1,0,,1,0,0,0,
30,305,303,(Aubl.) Harley & J.F.B.Pastore,47945,7231,Cantinoa americana,0,1,0,,0,0,0,0,
30,305,303,(Rich.) Harley & J.F.B.Pastore,47946,7231,Cantinoa mutabilis,0,1,0,,0,0,0,0,
30,305,303,(Poir.) Harley & J.F.B.Pastore,47971,7234,Condea americana,0,1,0,,0,0,0,0,
30,305,303,(Urb.) Harley & J.F.B.Pastore,47973,7234,Condea cubensis,0,1,0,,1,0,1,0,
30,305,303,(Britton) Harley & J.F.B.Pastore,47975,7234,Condea rivularis,0,1,0,,1,0,1,0,
30,305,303,(Epling) Harley & J.F.B.Pastore,47977,7234,Condea trichopes,0,1,0,,1,0,1,0,
30,305,303,(Jacq.) Harley & J.F.B.Pastore,47979,7234,Condea verticillata,0,1,0,,0,0,0,0,
30,305,303,(Griseb.) Harley & J.F.B.Pastore,47998,7235,Cyanocephalus pedalipes,0,1,0,,1,0,1,0,
30,305,303,(L.) Kuntze,440632,13759,Mesosphaerum pectinatum,0,1,0,,0,0,0,0,
30,305,303,(L.) Kuntze,440634,13759,Mesosphaerum suaveolens,0,1,0,,0,0,0,0,
30,305,303,(Benth.) Britton & Rose,48075,7240,Havardia pallens,0,0,0,,0,0,0,0,
30,305,303,(L.f.) Benth.,1384,1150,Albizia odoratissima,0,0,0,,0,0,0,0,
30,305,303,E.Fourn.,47894,1150,Albizia polyphylla,0,0,0,,0,0,0,0,
30,305,303,(DC.) J.F.Macbr.,47895,1150,Albizia zygia,0,0,0,,0,0,0,0,
30,305,303,(Lour.) Blume ex Miq.,64494,1150,Albizia saponaria,0,0,0,,0,0,0,0,
30,305,303,Harms,47892,1150,Albizia chevalieri,0,0,0,,0,0,0,0,
30,305,303,(DC.) Benth.,47893,1150,Albizia lebbekoides,0,0,0,,0,0,0,0,
30,305,303,(L.) L.,28197,4602,Melaleuca leucadendra,0,0,0,,0,0,0,0,
30,305,303,Schumach. & Thonn.,47969,2422,Combretum mucronatum,0,0,0,,0,0,0,0,
30,305,303,J.F.Gmel.,46418,7039,Vangueria madagascariensis,0,0,0,,0,0,0,0,
30,305,303,L.,440134,7032,Valeriana cornucopiae,0,0,0,,0,0,0,0,
30,305,303,Pursh,64064,7024,Urtica chamaedryoides,0,1,0,,0,0,0,0,
30,305,303,Vale & D.Rojas,48040,3107,Encyclia navarroi,0,1,0,,1,0,1,0,
30,305,303,Jacq.,23909,4013,Jatropha integerrima,0,0,0,,0,0,0,0,
30,305,303,Croizat,48092,4013,Jatropha paxii,0,1,0,,1,0,1,0,
30,305,303,Jacq.,16511,3135,Epidendrum secundum,0,1,0,,1,0,1,0,
30,305,303,"Vale, Sánchez-Abad & L.Navarro",48234,6730,Tetramicra riparia,0,1,0,,1,0,1,0,
30,305,303,(Jacq.) Dugand,443265,14465,Schnella glabra,0,1,0,,0,0,0,0,
