ref_ID,list_ID,entity_ID,work_author,work_ID,genus_ID,work_species,questionable,native,quest_native,naturalized,endemic_ref,quest_end_ref,endemic_list,quest_end_list,cons_status
10120,10198,10190,(L.) Moench,14,954,Abelmoschus esculentus,,,,,,,,,
10120,10198,10190,(L.) Wight & Arn.,52372,954,Abelmoschus ficulneus,,,,,,,,,
10120,10198,10190,(L.) Medik.,15,954,Abelmoschus manihot,,,,,,,,,
10120,10198,10190,(Gardner) Warb.,14979,901,Dovyalis hebecarpa,,,,,,,,,
10120,10198,10190,(Burm.f.) Kral,438102,13710,Abildgaardia ovata,,,,,,,,,
10120,10198,10190,L.,59,960,Abrus precatorius,,,,,,,,,
10120,10198,10190,Hassk.,438112,960,Abrus melanospermus,,,,,,,,,
10120,10198,10190,(Hochst) A.Rich.,53899,961,Abutilon bidentatum,,,,,,,,,
10120,10198,10190,(L.) Sweet,78,961,Abutilon indicum,,,,,,,,,
10120,10198,10190,(Schumach.) Baker f. & Exell,438117,961,Abutilon guineense,,,,,,,,,
10120,10198,10190,(Willd.) DC.,121,962,Acacia concinna,,,,,,,,,
10120,10198,10190,(J.C.Wendl.) Willd.,133,962,Acacia decurrens,,,,,,,,,
10120,10198,10190,(Vent.) R.Br.,139528,962,Acacia pubescens,,,,,,,,,
10120,10198,10190,"(R.Parker) Ragup., Seigler, Ebinger & Maslin",449700,7253,Senegalia diadenia,,,,,,,,,
10120,10198,10190,"(L.) Maslin, Seigler & Ebinger",387545,7253,Senegalia intsia,,,,,,,,,
10120,10198,10190,"(Desv.) Maslin, Seigler & Ebinger",428972,7253,Senegalia megaladena,,,,,,,,,
10120,10198,10190,Sm.,120295,962,Acacia hastulata,,,,,,,,,
10120,10198,10190,(L.) Maslin,60675,7253,Senegalia pennata,,,,,,,,,
10120,10198,10190,(Lam.) Britton & Rose,438120,7253,Senegalia rugata,,,,,,,,,
10120,10198,10190,(Roxb.) Blatt. & McCann,346,966,Acampe praemorsa,,,,,,,,,
10120,10198,10190,Hassk.,384,976,Acer laurinum,,,,,,,,,
10120,10198,10190,W.W.Sm.,121866,976,Acer wardii,,,,,,,,,
10120,10198,10190,(L.) P.Royen,27721,4522,Manilkara zapota,,,,,,,,,
10120,10198,10190,Blume,431,984,Achyranthes bidentata,,,,,,,,,
10120,10198,10190,Blume,438,987,Achyrospermum densiflorum,,,,,,,,,
10120,10198,10190,(DC.) H.Rob.,120296,993,Acilepis dendigulensis,,,,,,,,,
10120,10198,10190,D.Don,120297,993,Acilepis squarrosa,,,,,,,,,
10120,10198,10190,(DC.) R.K.Jansen,120298,1000,Acmella calva,,,,,,,,,
10120,10198,10190,L.,574,1006,Aconitum napellus,,,,,,,,,
10120,10198,10190,L.,579,1008,Acorus calamus,,,,,,,,,
10120,10198,10190,(J.Koenig) Ormerod,587,1013,Acriopsis liliifolia,,,,,,,,,
10120,10198,10190,Wight & Arn.,68339,8991,Acrocarpus fraxinifolius,,,,,,,,,
10120,10198,10190,(Balansa) Henrard,591,1014,Acroceras munroanum,,,,,,,,,
10120,10198,10190,(Balansa) C.E.Hubb. ex Bor,592,1014,Acroceras tonkinense,,,,,,,,,
10120,10198,10190,(Kunth) Dandy,593,1014,Acroceras zizanioides,,,,,,,,,
10120,10198,10190,(L.) Miq.,600,1016,Acronychia pedunculata,,,,,,,,,
10120,10198,10190,(Dalzell) Müll.Arg.,663,1027,Actephila excelsa,,,,,,,,,
10120,10198,10190,L.,721,1046,Adenanthera pavonina,,,,,,,,,
10120,10198,10190,(Lour.) Merr.,438193,1063,Adenosma indiana,,,,,,,,,
10120,10198,10190,Choisy,122788,1071,Adinandra villosa,,,,,,,,,
10120,10198,10190,(L.) Corrêa,912,1082,Aegle marmelos,,,,,,,,,
10120,10198,10190,C.S.P.Parish ex Burb.,120300,10051,Aerides crassifolia,,,,,,,,,
10120,10198,10190,Roxb.,102688,10051,Aerides multiflora,,,,,,,,,
10120,10198,10190,Reinw. ex Blume,120302,10051,Aerides odoratum,,,,,,,,,
10120,10198,10190,Reinw. ex Blume,120302,10051,Aerides odoratum,,,,,,,,,
10120,10198,10190,(Hook.f.) Kuntze,449702,19722,Ouret glabrata,,,,,,,,,
10120,10198,10190,(L.) Kuntze,438215,19722,Ouret sanguinolenta,,,,,,,,,
10120,10198,10190,(L.) Polhill,1023,1106,Aganope heptaphylla,,,,,,,,,
10120,10198,10190,(Roxb.) D.J.Middleton,2086,1256,Amphineurion marginatum,,,,,,,,,
10120,10198,10190,Hook.f. ex C.B.Clarke,122789,1109,Agapetes bracteata,,,,,,,,,
10120,10198,10190,Airy Shaw,120304,1109,Agapetes dispar,,,,,,,,,
10120,10198,10190,Airy Shaw,120305,1109,Agapetes inopinata,,,,,,,,,
10120,10198,10190,Airy Shaw,120306,1109,Agapetes kingdonis,,,,,,,,,
10120,10198,10190,(Miq.) Nied.,64368,1109,Agapetes leptantha,,,,,,,,,
10120,10198,10190,C.B.Clarke,121892,1109,Agapetes lobbii,,,,,,,,,
10120,10198,10190,Airy Shaw,120307,1109,Agapetes pachyacme,,,,,,,,,
10120,10198,10190,C.B.Clarke,120951,1109,Agapetes parishii,,,,,,,,,
10120,10198,10190,Airy Shaw,120308,1109,Agapetes pyrolifolia,,,,,,,,,
10120,10198,10190,(Hook.f.) Hook.f.,122790,1109,Agapetes saligna,,,,,,,,,
10120,10198,10190,D.Don ex G.Don,120309,1109,Agapetes setigera,,,,,,,,,
10120,10198,10190,Perrine,1096,1115,Agave sisalana,,,,,,,,,
10120,10198,10190,Mill.,48276,1115,Agave vera-cruz,,,,,,,,,
10120,10198,10190,Miq.,1150,1120,Aglaia oligophylla,,,,,,,,,
10120,10198,10190,Bor,120311,1130,Agrostis burmanica,,,,,,,,,
10120,10198,10190,Bor,120312,1130,Agrostis mackliniae,,,,,,,,,
10120,10198,10190,(Griff.) Schltr.,1281,1132,Agrostophyllum stipulatum,,,,,,,,,
10120,10198,10190,Kurz,122791,1136,Ainsliaea brandisiana,,,,,,,,,
10120,10198,10190,(Lour.) Harms,1356,1146,Alangium chinense,,,,,,,,,
10120,10198,10190,(Lour.) Harms,1356,1146,Alangium chinense,,,,,,,,,
10120,10198,10190,(C.B.Clarke) Harms,438253,1146,Alangium ebenaceum,,,,,,,,,
10120,10198,10190,(C.B.Clarke) Harms,1359,1146,Alangium nobile,,,,,,,,,
10120,10198,10190,(Osbeck) Merr.,1374,1150,Albizia chinensis,,,,,,,,,
10120,10198,10190,(L.) Benth.,1381,1150,Albizia lebbeck,,,,,,,,,
10120,10198,10190,(L.f.) Benth.,1384,1150,Albizia odoratissima,,,,,,,,,
10120,10198,10190,(Roxb.) Benth.,1386,1150,Albizia procera,,,,,,,,,
10120,10198,10190,Stearn,120314,1174,Allium acidoides,,,,,,,,,
10120,10198,10190,L.,1507,1174,Allium ampeloprasum,,,,,,,,,
10120,10198,10190,L.,1509,1174,Allium ascalonicum,,,,,,,,,
10120,10198,10190,Kunth,120315,1174,Allium wallichii,,,,,,,,,
10120,10198,10190,(Kurz) Lace,122792,11722,Allospondias laxiflora,,,,,,,,,
10120,10198,10190,(R.Br.) Hitchc.,1638,1181,Alloteropsis semialata,,,,,,,,,
10120,10198,10190,Baker,85250,1187,Aloe littoralis,,,,,,,,,
10120,10198,10190,(Gaertn.) Burtt,1736,1194,Alpinia nigra,,,,,,,,,
10120,10198,10190,K.Schum.,1727,1194,Alpinia formosana,,,,,,,,,
10120,10198,10190,(L.) Willd.,1728,1194,Alpinia galanga,,,,,,,,,
10120,10198,10190,L.,1395,1152,Alcea rosea,,,,,,,,,
10120,10198,10190,S.Watson,1928,1216,Amaranthus blitoides,,,,,,,,,
10120,10198,10190,L.,1933,1216,Amaranthus caudatus,,,,,,,,,
10120,10198,10190,L.,1958,1216,Amaranthus tricolor,,,,,,,,,
10120,10198,10190,L.,1935,1216,Amaranthus cruentus,,,,,,,,,
10120,10198,10190,Wall.,2008,1230,Amherstia nobilis,,,,,,,,,
10120,10198,10190,(J.F.Gmel.) Skornick. & M.F.Newman,449779,19766,Meistera koenigii,,,,,,,,,
10120,10198,10190,Roxb.,120317,1241,Amomum subulatum,,,,,,,,,
10120,10198,10190,C.DC.,120318,11560,Amoora moulmeiniana,,,,,,,,,
10120,10198,10190,(Roxb.) Blume,83784,1244,Amorphophallus bulbifer,,,,,,,,,
10120,10198,10190,(Dennst.) Nicolson,2048,1244,Amorphophallus paeoniifolius,,,,,,,,,
10120,10198,10190,(Wall.) Planch.,120320,1247,Ampelocissus barbata,,,,,,,,,
10120,10198,10190,(Wall.) Planch.,120321,1247,Ampelocissus rugosa,,,,,,,,,
10120,10198,10190,(Wall.) Momiy.,2067,1249,Ampelopsis glandulosa,,,,,,,,,
10120,10198,10190,(L.) Wight & Arn.,83943,10050,Anamirta cocculus,,,,,,,,,
10120,10198,10190,(L.) Merr.,2164,1278,Ananas comosus,,,,,,,,,
10120,10198,10190,(Buch.-Ham.) DC.,56698,1280,Anaphalis busua,,,,,,,,,
10120,10198,10190,C.C.Chang,120322,1280,Anaphalis corymbifera,,,,,,,,,
10120,10198,10190,Mill.,2194,1286,Anchusa azurea,,,,,,,,,
10120,10198,10190,Thunb.,87666,1286,Anchusa capensis,,,,,,,,,
10120,10198,10190,(Burm.f.) Nees,2222,1295,Andrographis paniculata,,,,,,,,,
10120,10198,10190,(Nees) Merr.,2228,1297,Andropogon chinensis,,,,,,,,,
10120,10198,10190,Bor,120323,1297,Andropogon burmanicus,,,,,,,,,
10120,10198,10190,(Sw.) P.Beauv.,438421,19975,Diectomis fastigiata,,,,,,,,,
10120,10198,10190,Hand.-Mazz.,120325,1298,Androsace gagnepainiana,,,,,,,,,
10120,10198,10190,L.,2307,1307,Anethum graveolens,,,,,,,,,
10120,10198,10190,Benth.,2330,1311,Angelonia biflora,,,,,,,,,
10120,10198,10190,(Schltr.) P.F.Hunt,120327,6666,Tainia hennisiana,,,,,,,,,
10120,10198,10190,(L.) Kuntze,2419,1326,Anisomeles indica,,,,,,,,,
10120,10198,10190,Wall.,2448,1332,Anneslea fragrans,,,,,,,,,
10120,10198,10190,Rolfe,120330,1337,Anoectochilus burmannicus,,,,,,,,,
10120,10198,10190,(Kunth ex Benn.) Reeder,2547,1351,Anthoxanthum horsfieldii,,,,,,,,,
10120,10198,10190,(Kunth ex Benn.) Reeder,2547,1351,Anthoxanthum horsfieldii,,,,,,,,,
10120,10198,10190,Retz.,2589,1358,Antidesma acidum,,,,,,,,,
10120,10198,10190,Gaertn.,2595,1358,Antidesma ghaesembilla,,,,,,,,,
10120,10198,10190,Müll.Arg.,2592,1358,Antidesma cuspidatum,,,,,,,,,
10120,10198,10190,Blume,2609,1358,Antidesma velutinosum,,,,,,,,,
10120,10198,10190,Meisn.,2610,1359,Antigonon guatimalense,,,,,,,,,
10120,10198,10190,L.,2720,1389,Apium graveolens,,,,,,,,,
10120,10198,10190,Bor,120331,1391,Apocopis anomalus,,,,,,,,,
10120,10198,10190,Bor,449707,1391,Apocopis floccosus,,,,,,,,,
10120,10198,10190,E.Mey. ex Arn.,2733,1394,Apodytes dimidiata,,,,,,,,,
10120,10198,10190,Roxb.,120334,1396,Aponogeton undulatus,,,,,,,,,
10120,10198,10190,Hook.f.,120335,1397,Aporosa aurea,,,,,,,,,
10120,10198,10190,Blume,2741,1397,Aporosa frutescens,,,,,,,,,
10120,10198,10190,(Tul.) Thwaites,120336,1397,Aporosa lanceolata,,,,,,,,,
10120,10198,10190,(Buch.-Ham. ex D.Don) Vickery,2747,1397,Aporosa octandra,,,,,,,,,
10120,10198,10190,(Lindl.) Baill.,2753,1397,Aporosa villosa,,,,,,,,,
10120,10198,10190,Hook.f.,120337,1397,Aporosa wallichii,,,,,,,,,
10120,10198,10190,L.,2790,1410,Arabis alpina,,,,,,,,,
10120,10198,10190,(Jack) I.C.Nielsen,2907,1427,Archidendron clypearia,,,,,,,,,
10120,10198,10190,(Jack) I.C.Nielsen,2911,1427,Archidendron jiringa,,,,,,,,,
10120,10198,10190,G.Lodd.,449708,1441,Ardisia colorata,,,,,,,,,
10120,10198,10190,C.E.Parkinson,122793,1441,Ardisia dawnaea,,,,,,,,,
10120,10198,10190,L.,3032,1442,Areca catechu,,,,,,,,,
10120,10198,10190,(Poir.) Ooststr.,3153,1455,Argyreia capitiformis,,,,,,,,,
10120,10198,10190,C.B.Clarke,120339,1455,Argyreia hookeri,,,,,,,,,
10120,10198,10190,(Burm.f.) Choisy,3155,1455,Argyreia mollis,,,,,,,,,
10120,10198,10190,(Burm.f.) Bojer,3156,1455,Argyreia nervosa,,,,,,,,,
10120,10198,10190,(Hornem.) Sweet,48292,1455,Argyreia splendens,,,,,,,,,
10120,10198,10190,N.E.Br.,122783,1462,Arisaema album,,,,,,,,,
10120,10198,10190,L.f.,120340,1465,Aristida hystrix,,,,,,,,,
10120,10198,10190,Lam.,78014,1466,Aristolochia bracteolata,,,,,,,,,
10120,10198,10190,Lam.,438512,1466,Aristolochia acuminata,,,,,,,,,
10120,10198,10190,A.DC.,120341,1477,Artabotrys burmanicus,,,,,,,,,
10120,10198,10190,(L.f.) Bhandari,3381,1477,Artabotrys hexapetalus,,,,,,,,,
10120,10198,10190,Hook.f. & Thomson,120342,1477,Artabotrys kurzii,,,,,,,,,
10120,10198,10190,(Zoll. & Moritzi) Becc.,441611,5281,Parartocarpus venenosus,,,,,,,,,
10120,10198,10190,(Thunb.) Merr.,3521,1490,Artocarpus integer,,,,,,,,,
10120,10198,10190,Lam.,3518,1490,Artocarpus heterophyllus,,,,,,,,,
10120,10198,10190,(Kunth) Trin.,123661,1494,Arundinella holcoides,,,,,,,,,
10120,10198,10190,L.,3554,1495,Arundo donax,,,,,,,,,
10120,10198,10190,(Roxb.) L.M.Gardiner,165405,7037,Vanda ampullacea,,,,,,,,,
10120,10198,10190,L.,3634,1506,Asparagus officinalis,,,,,,,,,
10120,10198,10190,(Kunth) Jessop,3643,1506,Asparagus setaceus,,,,,,,,,
10120,10198,10190,Willd.,3637,1506,Asparagus racemosus,,,,,,,,,
10120,10198,10190,(DC.) Wall. ex Hand.-Mazz.,68753,1522,Aster albescens,,,,,,,,,
10120,10198,10190,DC.,120344,1544,Atalantia monophylla,,,,,,,,,
10120,10198,10190,L.,438613,1561,Atropa bella-donna,,,,,,,,,
10120,10198,10190,(Sw.) P.Beauv.,4399,1584,Axonopus compressus,,,,,,,,,
10120,10198,10190,(Raddi) Kuhlm.,4401,1584,Axonopus fissifolius,,,,,,,,,
10120,10198,10190,A.Juss.,4423,1587,Azadirachta indica,,,,,,,,,
10120,10198,10190,J.R.Forst. & G.Forst.,4553,1609,Balanophora fungosa,,,,,,,,,
10120,10198,10190,Munro,120986,1621,Bambusa affinis,,,,,,,,,
10120,10198,10190,(L.) Voss,4603,1621,Bambusa bambos,,,,,,,,,
10120,10198,10190,Gamble,4614,1621,Bambusa longispiculata,,,,,,,,,
10120,10198,10190,Munro,122794,1621,Bambusa marginata,,,,,,,,,
10120,10198,10190,Kurz,120990,1621,Bambusa villosula,,,,,,,,,
10120,10198,10190,Schrad. ex J.C.Wendl.,4630,1621,Bambusa vulgaris,,,,,,,,,
10120,10198,10190,Schrad. ex J.C.Wendl.,4630,1621,Bambusa vulgaris,,,,,,,,,
10120,10198,10190,L.,4673,1631,Barleria cristata,,,,,,,,,
10120,10198,10190,Willd.,4680,1631,Barleria strigosa,,,,,,,,,
10120,10198,10190,(L.) Gaertn.,4689,1635,Barringtonia acutangula,,,,,,,,,
10120,10198,10190,L.,4745,1650,Bauhinia acuminata,,,,,,,,,
10120,10198,10190,Benth.,449709,8522,Phanera bracteata,,,,,,,,,
10120,10198,10190,Roxb.,120347,1650,Bauhinia ferruginea,,,,,,,,,
10120,10198,10190,(Roxb.) Benth.,53095,7696,Piliostigma malabaricum,,,,,,,,,
10120,10198,10190,(Craib) Thoth.,449710,8522,Phanera meeboldii,,,,,,,,,
10120,10198,10190,(Kurz) Thoth.,438702,8522,Phanera ornata,,,,,,,,,
10120,10198,10190,Lam.,4775,1650,Bauhinia racemosa,,,,,,,,,
10120,10198,10190,Wight & Arn.,120350,1650,Bauhinia vahlii,,,,,,,,,
10120,10198,10190,Desv.,4784,1650,Bauhinia viridescens,,,,,,,,,
10120,10198,10190,Hook.f. & Thomson,120351,1665,Begonia cathcartii,,,,,,,,,
10120,10198,10190,C.B.Clarke,120352,1665,Begonia goniotis,,,,,,,,,
10120,10198,10190,King,120353,1665,Begonia herveyana,,,,,,,,,
10120,10198,10190,C.B.Clarke,120354,1665,Begonia sandalifolia,,,,,,,,,
10120,10198,10190,Buch.-Ham. ex D.Don,120355,1665,Begonia rubella,,,,,,,,,
10120,10198,10190,Kosterm.,120356,1667,Beilschmiedia argentata,,,,,,,,,
10120,10198,10190,Meisn.,120357,1667,Beilschmiedia assamica,,,,,,,,,
10120,10198,10190,(Thunb.) Cogn.,4989,1682,Benincasa hispida,,,,,,,,,
10120,10198,10190,Ahrendt,320235,1686,Berberis temolaica,,,,,,,,,
10120,10198,10190,Decne.,120359,11563,Berneuxia thibetica,,,,,,,,,
10120,10198,10190,L.,5071,1702,Beta vulgaris,,,,,,,,,
10120,10198,10190,(L.) DC.,5093,1708,Bidens alba,,,,,,,,,
10120,10198,10190,(L.) Philipson,5214,1725,Blainvillea acmella,,,,,,,,,
10120,10198,10190,(L.) DC.,5350,1743,Blumea balsamifera,,,,,,,,,
10120,10198,10190,(L.) DC.,5351,1743,Blumea bifoliata,,,,,,,,,
10120,10198,10190,(Burm.f.) DC.,5359,1743,Blumea lacera,,,,,,,,,
10120,10198,10190,(Lam.) DC.,5349,1743,Blumea axillaris,,,,,,,,,
10120,10198,10190,(Lour.) Merr.,5371,1743,Blumea sinuata,,,,,,,,,
10120,10198,10190,DC.,83795,1743,Blumea virens,,,,,,,,,
10120,10198,10190,L.,5452,1758,Boerhavia diffusa,,,,,,,,,
10120,10198,10190,(Cav.) Standl.,439377,10196,Commicarpus plumbagineus,,,,,,,,,
10120,10198,10190,L.,5509,1767,Bombax ceiba,,,,,,,,,
10120,10198,10190,Wall.,83812,1767,Bombax insigne,,,,,,,,,
10120,10198,10190,W.W.Sm.,120362,11564,Borthwickia trifoliata,,,,,,,,,
10120,10198,10190,(Moq.) Hook.f.,120363,1784,Bosea amherstiana,,,,,,,,,
10120,10198,10190,(Retz.) S.T.Blake,5584,1788,Bothriochloa bladhii,,,,,,,,,
10120,10198,10190,(Sm.) Veldkamp,438770,19157,Moorochloa eruciformis,,,,,,,,,
10120,10198,10190,(Rchb.f.) Summerh.,120364,1805,Brachycorythis helferi,,,,,,,,,
10120,10198,10190,(Schltr.) Summerh.,120365,1805,Brachycorythis henryi,,,,,,,,,
10120,10198,10190,(Rchb.f.) Summerh.,120366,1805,Brachycorythis acuta,,,,,,,,,
10120,10198,10190,Philipson,120367,11565,Brassaiopsis castaneifolia,,,,,,,,,
10120,10198,10190,L.,41718,6382,Sinapis alba,,,,,,,,,
10120,10198,10190,L.,5815,1821,Brassica rapa,,,,,,,,,
10120,10198,10190,L.,5810,1821,Brassica napus,,,,,,,,,
10120,10198,10190,(L.) W.D.J.Koch,5811,1821,Brassica nigra,,,,,,,,,
10120,10198,10190,L.,5812,1821,Brassica oleracea,,,,,,,,,
10120,10198,10190,L.,5812,1821,Brassica oleracea,,,,,,,,,
10120,10198,10190,L.,5815,1821,Brassica rapa,,,,,,,,,
10120,10198,10190,L.,5815,1821,Brassica rapa,,,,,,,,,
10120,10198,10190,(Burm.f.) C.E.C.Fisch.,5846,1829,Breynia vitis-idaea,,,,,,,,,
10120,10198,10190,Blume,5856,1831,Bridelia glauca,,,,,,,,,
10120,10198,10190,(L.) A.Juss.,5861,1831,Bridelia retusa,,,,,,,,,
10120,10198,10190,(L.) Blume,5862,1831,Bridelia stipularis,,,,,,,,,
10120,10198,10190,(C.B.Clarke) Steenis,120368,11566,Bruinsmia polysperma,,,,,,,,,
10120,10198,10190,Lour.,6055,1871,Buddleja asiatica,,,,,,,,,
10120,10198,10190,Benth.,121493,1871,Buddleja macrostachya,,,,,,,,,
10120,10198,10190,Diels,6065,1871,Buddleja myriantha,,,,,,,,,
10120,10198,10190,Schltr.,120370,1876,Bulbophyllum birmense,,,,,,,,,
10120,10198,10190,(Lindl.) Rchb.f.,449711,1876,Bulbophyllum oblongum,,,,,,,,,
10120,10198,10190,(Hook.) Spreng.,120372,1876,Bulbophyllum careyanum,,,,,,,,,
10120,10198,10190,Collett & Hemsl.,120373,1876,Bulbophyllum comosum,,,,,,,,,
10120,10198,10190,Hook.f.,122795,1876,Bulbophyllum crassipes,,,,,,,,,
10120,10198,10190,T.P.Lin,6194,1876,Bulbophyllum setaceum,,,,,,,,,
10120,10198,10190,(Rolfe) Rolfe,6123,1876,Bulbophyllum gracillimum,,,,,,,,,
10120,10198,10190,(Hook.f.) N.P.Balakr.,120374,1876,Bulbophyllum guttulatum,,,,,,,,,
10120,10198,10190,C.S.P.Parish & Rchb.f.,120375,1876,Bulbophyllum lasiochilum,,,,,,,,,
10120,10198,10190,Lindl.,6143,1876,Bulbophyllum limbatum,,,,,,,,,
10120,10198,10190,Griff.,120376,1876,Bulbophyllum lindleyanum,,,,,,,,,
10120,10198,10190,Lindl.,6145,1876,Bulbophyllum lobbii,,,,,,,,,
10120,10198,10190,Rchb.f.,120377,1876,Bulbophyllum oligoglossum,,,,,,,,,
10120,10198,10190,(Rchb.f.) J.J.Sm.,120378,1876,Bulbophyllum ornatissimum,,,,,,,,,
10120,10198,10190,(Lodd.) Rchb.f.,120379,1876,Bulbophyllum picturatum,,,,,,,,,
10120,10198,10190,(Kuntze) Schltr.,122796,1876,Bulbophyllum reichenbachii,,,,,,,,,
10120,10198,10190,Hook.f.,6093,1876,Bulbophyllum apodum,,,,,,,,,
10120,10198,10190,C.S.P.Parish & Rchb.f.,120380,1876,Bulbophyllum tripudians,,,,,,,,,
10120,10198,10190,(Kraenzl.) Dammer,120381,1876,Bulbophyllum wendlandianum,,,,,,,,,
10120,10198,10190,Rchb.f.,120382,1876,Bulbophyllum wightii,,,,,,,,,
10120,10198,10190,Griff. ex Hook.f.,120383,1886,Burmannia candida,,,,,,,,,
10120,10198,10190,(Roxb. ex G.Don) Kuntze,83922,6458,Spatholobus parviflorus,,,,,,,,,
10120,10198,10190,(Ridl.) ined.,449712,1586,Ayenia elegans,,,,,,,,,
10120,10198,10190,Aubl.,116735,1898,Cabomba aquatica,,,,,,,,,
10120,10198,10190,Prain,120385,1903,Caesalpinia burmanica,,,,,,,,,
10120,10198,10190,(Roxb.) Wight & Arn.,448218,4671,Mezoneuron cucullatum,,,,,,,,,
10120,10198,10190,(Roth) O.Deg.,438839,19771,Biancaea decapetala,,,,,,,,,
10120,10198,10190,(Rottler) Gagnon & G.P.Lewis,438840,10044,Moullava digyna,,,,,,,,,
10120,10198,10190,Prain,449713,4671,Mezoneuron furfuraceum,,,,,,,,,
10120,10198,10190,(Medik.) Small,438842,3583,Guilandina major,,,,,,,,,
10120,10198,10190,Lam.,83902,1903,Caesalpinia mimosoides,,,,,,,,,
10120,10198,10190,(L.) Sw.,6478,1903,Caesalpinia pulcherrima,,,,,,,,,
10120,10198,10190,(L.) Sw.,6478,1903,Caesalpinia pulcherrima,,,,,,,,,
10120,10198,10190,(L.) Huth,6495,1905,Cajanus cajan,,,,,,,,,
10120,10198,10190,T.Anderson,438858,1911,Calamus inermis,,,,,,,,,
10120,10198,10190,Buch.-Ham. ex Mart.,102730,1911,Calamus guruba,,,,,,,,,
10120,10198,10190,Roxb.,120388,1911,Calamus latifolius,,,,,,,,,
10120,10198,10190,Mart. ex Kunth,122797,1911,Calamus platyspathus,,,,,,,,,
10120,10198,10190,Roxb.,120388,1911,Calamus latifolius,,,,,,,,,
10120,10198,10190,Roxb.,6852,1911,Calamus tenuis,,,,,,,,,
10120,10198,10190,Willd.,6868,1911,Calamus viminalis,,,,,,,,,
10120,10198,10190,Lindl.,120389,1913,Calanthe clavata,,,,,,,,,
10120,10198,10190,Lindl.,120390,1913,Calanthe herbacea,,,,,,,,,
10120,10198,10190,(Willemet) Ames,6915,1913,Calanthe triplicata,,,,,,,,,
10120,10198,10190,Wall. ex Lindl.,120391,1913,Calanthe vestita,,,,,,,,,
10120,10198,10190,Wall. ex Lindl.,120391,1913,Calanthe vestita,,,,,,,,,
10120,10198,10190,(Linden) Borchs. & S.Suárez,350393,8974,Goeppertia ornata,,,,,,,,,
10120,10198,10190,L.,6952,1920,Calendula officinalis,,,,,,,,,
10120,10198,10190,(Wall.) Dunn,438869,19999,Adinobotrys atropurpureus,,,,,,,,,
10120,10198,10190,Lam.,7031,1930,Callicarpa longifolia,,,,,,,,,
10120,10198,10190,(L.) L.,7057,1930,Callicarpa tomentosa,,,,,,,,,
10120,10198,10190,(L.) Nees,7079,1936,Callistephus chinensis,,,,,,,,,
10120,10198,10190,(Parl.) F.M.Bailey,47940,1939,Callitris endlicheri,,,,,,,,,
10120,10198,10190,Wall. ex Choisy,83819,1948,Calophyllum polyanthum,,,,,,,,,
10120,10198,10190,Lour.,449835,1974,Camellia drupifera,,,,,,,,,
10120,10198,10190,(Jacq.) DC.,7583,1997,Canavalia gladiata,,,,,,,,,
10120,10198,10190,Thouars,7579,1997,Canavalia cathartica,,,,,,,,,
10120,10198,10190,L.,7602,1999,Canna indica,,,,,,,,,
10120,10198,10190,L.,7605,2000,Cannabis sativa,,,,,,,,,
10120,10198,10190,Lour.,7630,2008,Capparis cantoniensis,,,,,,,,,
10120,10198,10190,L.f.,120393,2008,Capparis grandis,,,,,,,,,
10120,10198,10190,L.,7655,2008,Capparis zeylanica,,,,,,,,,
10120,10198,10190,Dalzell,120394,2008,Capparis tenera,,,,,,,,,
10120,10198,10190,Rottler,120396,2008,Capparis rotundifolia,,,,,,,,,
10120,10198,10190,Lam.,7654,2008,Capparis tomentosa,,,,,,,,,
10120,10198,10190,Kurz,120397,2008,Capparis siamensis,,,,,,,,,
10120,10198,10190,H.Lév.,449714,2008,Capparis bodinieri,,,,,,,,,
10120,10198,10190,Hook.f. & Thomson,121984,2008,Capparis trinervia,,,,,,,,,
10120,10198,10190,Oliv.,122798,2008,Capparis viminea,,,,,,,,,
10120,10198,10190,L.,7662,2011,Capsicum annuum,,,,,,,,,
10120,10198,10190,(Lour.) Merr.,7666,2012,Carallia brachiata,,,,,,,,,
10120,10198,10190,(Haw.) Wight & Arn.,449715,20298,Boucerosia umbellata,,,,,,,,,
10120,10198,10190,(Hassk.) Hassk.,7730,2020,Cardiopteris quinqueloba,,,,,,,,,
10120,10198,10190,R.Br.,7809,2026,Carex breviculmis,,,,,,,,,
10120,10198,10190,Nelmes,120399,2026,Carex callista,,,,,,,,,
10120,10198,10190,Boott,7821,2026,Carex capillacea,,,,,,,,,
10120,10198,10190,Wahlenb.,7851,2026,Carex cruciata,,,,,,,,,
10120,10198,10190,Nees,7898,2026,Carex filicina,,,,,,,,,
10120,10198,10190,C.B.Clarke,121023,2026,Carex pandanophylla,,,,,,,,,
10120,10198,10190,Boott,8073,2026,Carex pruinosa,,,,,,,,,
10120,10198,10190,Roxb.,102698,10901,Careya arborea,,,,,,,,,
10120,10198,10190,Roxb.,120401,10901,Careya herbacea,,,,,,,,,
10120,10198,10190,L.,8196,2028,Carica papaya,,,,,,,,,
10120,10198,10190,L.,56666,2029,Carissa carandas,,,,,,,,,
10120,10198,10190,L.,8299,2048,Carum carvi,,,,,,,,,
10120,10198,10190,(L.) Roxb.,41195,6320,Senna alata,,,,,,,,,
10120,10198,10190,Mill.,41196,6320,Senna alexandrina,,,,,,,,,
10120,10198,10190,L.,8372,2056,Cassia fistula,,,,,,,,,
10120,10198,10190,(DC. ex Collad.) H.S.Irwin & Barneby,41245,6320,Senna sulfurea,,,,,,,,,
10120,10198,10190,(DC. ex Collad.) H.S.Irwin & Barneby,41245,6320,Senna sulfurea,,,,,,,,,
10120,10198,10190,Mill.,41217,6320,Senna italica,,,,,,,,,
10120,10198,10190,L.,8374,2056,Cassia javanica,,,,,,,,,
10120,10198,10190,L.,8374,2056,Cassia javanica,,,,,,,,,
10120,10198,10190,(Vogel) H.S.Irwin & Barneby,55556,6320,Senna candolleana,,,,,,,,,
10120,10198,10190,(L.) Link,41225,6320,Senna occidentalis,,,,,,,,,
10120,10198,10190,Mill.,41196,6320,Senna alexandrina,,,,,,,,,
10120,10198,10190,(Fresen.) Greuter,41215,6320,Senna holosericea,,,,,,,,,
10120,10198,10190,W.W.Sm.,120402,2059,Cassiope myosuroides,,,,,,,,,
10120,10198,10190,(Blume) A.DC.,120403,2063,Castanopsis argentea,,,,,,,,,
10120,10198,10190,King ex Hook.f.,8427,2063,Castanopsis argyrophylla,,,,,,,,,
10120,10198,10190,(Blume) A.DC.,8443,2063,Castanopsis javanica,,,,,,,,,
10120,10198,10190,,122799,2063,Castanopsis parishii,,,,,,,,,
10120,10198,10190,(Sm.) A.DC.,8455,2063,Castanopsis tribuloides,,,,,,,,,
10120,10198,10190,(Wall.) Gagnep.,8555,2091,Cayratia mollissima,,,,,,,,,
10120,10198,10190,(Lam.) Gagnep.,8558,2091,Cayratia pedata,,,,,,,,,
10120,10198,10190,Moq.,120405,2100,Celosia allmanoides,,,,,,,,,
10120,10198,10190,L.,8655,2100,Celosia argentea,,,,,,,,,
10120,10198,10190,Roxb.,8686,2101,Celtis tetrandra,,,,,,,,,
10120,10198,10190,(L.) Urb.,8775,2107,Centella asiatica,,,,,,,,,
10120,10198,10190,(L.) A.Braun & Asch.,8783,2108,Centipeda minima,,,,,,,,,
10120,10198,10190,(R.Br.) Moq.,78535,9634,Centrostachys aquatica,,,,,,,,,
10120,10198,10190,(L.) Voigt,10233,2359,Coccinia grandis,,,,,,,,,
10120,10198,10190,Hook.f.,449716,1913,Calanthe longipes,,,,,,,,,
10120,10198,10190,(Roxb.) Ridsdale & Bakh.f.,439166,2124,Cephalanthus tetrandrus,,,,,,,,,
10120,10198,10190,(Munro) R.B.Majumdar,449787,6228,Schizostachyum pergracile,,,,,,,,,
10120,10198,10190,Bor,120409,2130,Cephalostachyum scandens,,,,,,,,,
10120,10198,10190,Hook.f.,8866,2131,Cephalotaxus mannii,,,,,,,,,
10120,10198,10190,L.,8925,2139,Ceratophyllum demersum,,,,,,,,,
10120,10198,10190,(C.S.P.Parish & Rchb.f.) Seidenf.,122800,2143,Ceratostylis pleurothallis,,,,,,,,,
10120,10198,10190,Wall.,120410,2154,Ceropegia elegans,,,,,,,,,
10120,10198,10190,Prain,120412,2154,Ceropegia kachinensis,,,,,,,,,
10120,10198,10190,Prain,120412,2154,Ceropegia kachinensis,,,,,,,,,
10120,10198,10190,(Wall.) Thwaites,9175,2194,Chassalia curviflora,,,,,,,,,
10120,10198,10190,(J.Koenig) Mabb.,449717,5714,Polytoca gigantea,,,,,,,,,
10120,10198,10190,(Kurz) D.J.Middleton & Mich.Möller,120415,3736,Henckelia speciosa,,,,,,,,,
10120,10198,10190,Kurz,122801,2232,Chisocheton dysoxylifolius,,,,,,,,,
10120,10198,10190,D.E.Anderson,120416,2236,Chloris burmensis,,,,,,,,,
10120,10198,10190,(Blume) D.J.Middleton,9468,2245,Chonemorpha verrucosa,,,,,,,,,
10120,10198,10190,(L.) R.M.King & H.Rob.,9514,2258,Chromolaena odorata,,,,,,,,,
10120,10198,10190,(Spreng.) Chiov.,56568,2272,Chrysopogon fulvus,,,,,,,,,
10120,10198,10190,(Desv.) A.Camus,9554,2272,Chrysopogon orientalis,,,,,,,,,
10120,10198,10190,A.Juss.,9573,2278,Chukrasia tabularis,,,,,,,,,
10120,10198,10190,Lukman.,120417,2294,Cinnamomum aubletii,,,,,,,,,
10120,10198,10190,Nees ex Bojer,83893,2294,Cinnamomum nitidum,,,,,,,,,
10120,10198,10190,Lukman.,120418,2294,Cinnamomum rougierii,,,,,,,,,
10120,10198,10190,Roxb.,9700,2302,Cissus adnata,,,,,,,,,
10120,10198,10190,(M.A.Lawson) Craib,9706,2302,Cissus assamica,,,,,,,,,
10120,10198,10190,Blume,439307,2302,Cissus discolor,,,,,,,,,
10120,10198,10190,(L.) Schrad.,9786,2309,Citrullus colocynthis,,,,,,,,,
10120,10198,10190,(Thunb.) Matsum. & Nakai,9787,2309,Citrullus lanatus,,,,,,,,,
10120,10198,10190,(Christm.) Swingle,439313,2310,Citrus × aurantiifolia,,,,,,,,,
10120,10198,10190,(L.) Osbeck,439314,2310,Citrus × limon,,,,,,,,,
10120,10198,10190,L.,9801,2310,Citrus × aurantium,,,,,,,,,
10120,10198,10190,L.,9801,2310,Citrus × aurantium,,,,,,,,,
10120,10198,10190,(Reinw. ex Blume) Hassk.,9822,2316,Claoxylon indicum,,,,,,,,,
10120,10198,10190,(Kurz) Airy Shaw,121037,4502,Mallotus leucocarpus,,,,,,,,,
10120,10198,10190,Burm.f.,9844,2319,Clausena excavata,,,,,,,,,
10120,10198,10190,Burm.f.,120419,965,Acalypha spiciflora,,,,,,,,,
10120,10198,10190,(Rchb.f.) Garay,120420,6027,Robiquetia pachyphylla,,,,,,,,,
10120,10198,10190,(Rchb.f.) Garay,120421,2325,Cleisostoma aspersum,,,,,,,,,
10120,10198,10190,(Schltr.) Garay,9875,2325,Cleisostoma birmanicum,,,,,,,,,
10120,10198,10190,(King & Pantl.) Garay,120422,2325,Cleisostoma rolfeanum,,,,,,,,,
10120,10198,10190,(Gagnep.) Seidenf.,9885,2325,Cleisostoma simondii,,,,,,,,,
10120,10198,10190,Blume,9888,2325,Cleisostoma subulatum,,,,,,,,,
10120,10198,10190,Jacq.,9996,2331,Cleome spinosa,,,,,,,,,
10120,10198,10190,L.,10001,2331,Cleome viscosa,,,,,,,,,
10120,10198,10190,Walp.,449718,2334,Clerodendrum colebrookeanum,,,,,,,,,
10120,10198,10190,L.,47076,7093,Volkameria inermis,,,,,,,,,
10120,10198,10190,Wall. ex Jack,120424,2334,Clerodendrum nutans,,,,,,,,,
10120,10198,10190,Wall. ex Jack,120424,2334,Clerodendrum nutans,,,,,,,,,
10120,10198,10190,L.f.,53420,2334,Clerodendrum phlomidis,,,,,,,,,
10120,10198,10190,(L.) Steane & Mabb.,38760,6055,Rotheca serrata,,,,,,,,,
10120,10198,10190,Blume,10063,2334,Clerodendrum villosum,,,,,,,,,
10120,10198,10190,L.,83879,2334,Clerodendrum infortunatum,,,,,,,,,
10120,10198,10190,(Müll.Arg.) Airy Shaw,120425,4502,Mallotus plicatus,,,,,,,,,
10120,10198,10190,(L.) W.Theob.,53376,2364,Cocculus hirsutus,,,,,,,,,
10120,10198,10190,L.,10387,2371,Cocos nucifera,,,,,,,,,
10120,10198,10190,Lindl. ex Griff.,120426,2384,Coelogyne barbata,,,,,,,,,
10120,10198,10190,(Sm.) D.Don,120427,5629,Pleione praecox,,,,,,,,,
10120,10198,10190,Rchb.f.,120428,2384,Coelogyne brachyptera,,,,,,,,,
10120,10198,10190,A.Rich.,120429,2384,Coelogyne nervosa,,,,,,,,,
10120,10198,10190,Lindl.,122802,2384,Coelogyne fuscescens,,,,,,,,,
10120,10198,10190,Lindl.,10423,2384,Coelogyne fimbriata,,,,,,,,,
10120,10198,10190,Rchb.f.,120430,2384,Coelogyne huettneriana,,,,,,,,,
10120,10198,10190,Lindl.,123711,2384,Coelogyne flaccida,,,,,,,,,
10120,10198,10190,(Wall. ex D.Don) Lindl.,120432,2384,Coelogyne nitida,,,,,,,,,
10120,10198,10190,Lindl.,121041,2384,Coelogyne ovalis,,,,,,,,,
10120,10198,10190,Lindl.,120433,2384,Coelogyne prolifera,,,,,,,,,
10120,10198,10190,Lindl.,120434,2384,Coelogyne punctulata,,,,,,,,,
10120,10198,10190,Rchb.f. & K.Koch,120435,2384,Coelogyne schilleriana,,,,,,,,,
10120,10198,10190,Lindl.,10432,2384,Coelogyne testacea,,,,,,,,,
10120,10198,10190,Lindl.,10433,2384,Coelogyne tomentosa,,,,,,,,,
10120,10198,10190,Pierre ex A.Froehner,10448,2389,Coffea canephora,,,,,,,,,
10120,10198,10190,W.Bull,10449,2389,Coffea liberica,,,,,,,,,
10120,10198,10190,Ridl.,120436,2389,Coffea merguensis,,,,,,,,,
10120,10198,10190,Pierre ex A.Froehner,10448,2389,Coffea canephora,,,,,,,,,
10120,10198,10190,(J.Koenig) Mabb.,449717,5714,Polytoca gigantea,,,,,,,,,
10120,10198,10190,L.,10456,2392,Coix lacryma-jobi,,,,,,,,,
10120,10198,10190,(Blume) Schott,449719,20299,Leucocasia gigantea,,,,,,,,,
10120,10198,10190,(Kurz) Craib,120438,2410,Colona floribunda,,,,,,,,,
10120,10198,10190,(L.) Brongn.,10529,2414,Colubrina asiatica,,,,,,,,,
10120,10198,10190,Blume,83823,2422,Combretum latifolium,,,,,,,,,
10120,10198,10190,Blume,10592,2422,Combretum punctatum,,,,,,,,,
10120,10198,10190,L.,10608,2425,Commelina benghalensis,,,,,,,,,
10120,10198,10190,Roxb.,10677,2438,Congea tomentosa,,,,,,,,,
10120,10198,10190,Griff.,122803,2438,Congea vestita,,,,,,,,,
10120,10198,10190,Roxb.,10698,2442,Connarus paniculatus,,,,,,,,,
10120,10198,10190,D.Don ex G.Don,120441,1109,Agapetes acuminata,,,,,,,,,
10120,10198,10190,Lam.,53383,2470,Corchorus fascicularis,,,,,,,,,
10120,10198,10190,L.,10947,2470,Corchorus olitorius,,,,,,,,,
10120,10198,10190,Kurz,120442,2471,Cordia fragrantissima,,,,,,,,,
10120,10198,10190,G.Forst.,10981,2471,Cordia dichotoma,,,,,,,,,
10120,10198,10190,L.,11085,2478,Coriandrum sativum,,,,,,,,,
10120,10198,10190,(Reinw.) Blume,11241,2502,Corymborkis veratrifolia,,,,,,,,,
10120,10198,10190,Klack.,120444,3270,Exacum nanum,,,,,,,,,
10120,10198,10190,(Lour.) DC.,439454,2541,Crateva magna,,,,,,,,,
10120,10198,10190,(Lour.) Blume,11518,2542,Cratoxylum cochinchinense,,,,,,,,,
10120,10198,10190,Kurz,449720,2542,Cratoxylum neriifolium,,,,,,,,,
10120,10198,10190,(Jack) Benth. & Hook.f. ex Dyer,11519,2542,Cratoxylum formosum,,,,,,,,,
10120,10198,10190,L.,120447,2551,Crinum latifolium,,,,,,,,,
10120,10198,10190,Roxb.,83762,2551,Crinum lorifolium,,,,,,,,,
10120,10198,10190,Buch.-Ham. ex D.Don,11717,2565,Crotalaria alata,,,,,,,,,
10120,10198,10190,Roxb. ex DC.,120448,2565,Crotalaria cytisoides,,,,,,,,,
10120,10198,10190,L.,11760,2565,Crotalaria retusa,,,,,,,,,
10120,10198,10190,Burm.f.,439489,2565,Crotalaria sericea,,,,,,,,,
10120,10198,10190,Nees ex Walp.,53896,2565,Crotalaria impressa,,,,,,,,,
10120,10198,10190,Benth.,120449,2566,Croton lachnocarpus,,,,,,,,,
10120,10198,10190,Geiseler,11803,2566,Croton caudatus,,,,,,,,,
10120,10198,10190,L.,11823,2566,Croton flavens,,,,,,,,,
10120,10198,10190,(Delile) A.Juss. ex Spreng.,9521,2259,Chrozophora oblongifolia,,,,,,,,,
10120,10198,10190,,120450,2566,Croton roxburghianus,,,,,,,,,
10120,10198,10190,Blume,120453,855,Crypteronia paniculata,,,,,,,,,
10120,10198,10190,Blume,11969,2579,Cryptocarya ferrea,,,,,,,,,
10120,10198,10190,Hook.f.,11980,2579,Cryptocarya kurzii,,,,,,,,,
10120,10198,10190,(Roxb.) Kunth,83787,2581,Cryptocoryne retrospiralis,,,,,,,,,
10120,10198,10190,L.,12116,2596,Cucumis melo,,,,,,,,,
10120,10198,10190,Chakrav.,120454,2596,Cucumis hystrix,,,,,,,,,
10120,10198,10190,L.,12127,2597,Cucurbita pepo,,,,,,,,,
10120,10198,10190,L.,12141,2603,Cuminum cyminum,,,,,,,,,
10120,10198,10190,(Mill.) Bartel,439548,20013,Hesperocyparis lusitanica,,,,,,,,,
10120,10198,10190,Roxb.,120455,2612,Curcuma aeruginosa,,,,,,,,,
10120,10198,10190,L.,12240,2612,Curcuma longa,,,,,,,,,
10120,10198,10190,(Christm.) Roscoe,12247,2612,Curcuma zedoaria,,,,,,,,,
10120,10198,10190,Roxb.,53410,2613,Cuscuta reflexa,,,,,,,,,
10120,10198,10190,(L.) D.Don ex Sweet,12373,2618,Cyanotis axillaris,,,,,,,,,
10120,10198,10190,(L.) H.Rob.,12378,2619,Cyanthillium cinereum,,,,,,,,,
10120,10198,10190,Hook.f. & Thomson,120457,2622,Cyathocalyx martabanicus,,,,,,,,,
10120,10198,10190,Champ. ex Hook.f. & Thomson,120458,2622,Cyathocalyx zeylanicus,,,,,,,,,
10120,10198,10190,(Lam.) Hook.f. & Thomson,83944,2631,Cyclea peltata,,,,,,,,,
10120,10198,10190,(L.) Sw.,12659,2646,Cymbidium aloifolium,,,,,,,,,
10120,10198,10190,Lindl.,12662,2646,Cymbidium cochleare,,,,,,,,,
10120,10198,10190,Rchb.f.,12664,2646,Cymbidium dayanum,,,,,,,,,
10120,10198,10190,Lindl.,12665,2646,Cymbidium eburneum,,,,,,,,,
10120,10198,10190,Rchb.f.,120459,2646,Cymbidium hookerianum,,,,,,,,,
10120,10198,10190,Hook.,12672,2646,Cymbidium lancifolium,,,,,,,,,
10120,10198,10190,Rchb.f.,122804,2646,Cymbidium parishii,,,,,,,,,
10120,10198,10190,C.S.P.Parish ex Hook.,122805,2646,Cymbidium tigrinum,,,,,,,,,
10120,10198,10190,(DC.) Stapf,12684,2649,Cymbopogon citratus,,,,,,,,,
10120,10198,10190,(L.) Rendle,12691,2649,Cymbopogon nardus,,,,,,,,,
10120,10198,10190,(L.) Pers.,12756,2653,Cynodon dactylon,,,,,,,,,
10120,10198,10190,,449721,11569,Cyperorchis x fowlerae,,,,,,,,,
10120,10198,10190,L.,12842,2661,Cyperus compressus,,,,,,,,,
10120,10198,10190,Rottb.,12850,2661,Cyperus corymbosus,,,,,,,,,
10120,10198,10190,(L.) Kuntze,12855,2661,Cyperus cyperoides,,,,,,,,,
10120,10198,10190,L.,12857,2661,Cyperus difformis,,,,,,,,,
10120,10198,10190,L.,12876,2661,Cyperus esculentus,,,,,,,,,
10120,10198,10190,L.,12900,2661,Cyperus haspan,,,,,,,,,
10120,10198,10190,Vahl,449722,2661,Cyperus puncticulatus,,,,,,,,,
10120,10198,10190,R.Br.,12968,2661,Cyperus scariosus,,,,,,,,,
10120,10198,10190,Nees,120461,2661,Cyperus silletensis,,,,,,,,,
10120,10198,10190,(Trin.) Stapf,439660,2676,Cyrtococcum accrescens,,,,,,,,,
10120,10198,10190,(L.) A.Camus,13141,2676,Cyrtococcum patens,,,,,,,,,
10120,10198,10190,T.Anderson,122067,5475,Phlogacanthus pulcherrimus,,,,,,,,,
10120,10198,10190,(Blume) Miq.,439675,1911,Calamus melanochaetes,,,,,,,,,
10120,10198,10190,Roezl ex Ortgies,120463,2705,Dahlia imperialis,,,,,,,,,
10120,10198,10190,Cav.,13348,2705,Dahlia pinnata,,,,,,,,,
10120,10198,10190,Prain,122806,2706,Dalbergia burmanica,,,,,,,,,
10120,10198,10190,T.S.Ralph,13354,2706,Dalbergia cultrata,,,,,,,,,
10120,10198,10190,T.S.Ralph,113646,2706,Dalbergia foliosa,,,,,,,,,
10120,10198,10190,(Dennst.) Mabb.,83911,2706,Dalbergia horrida,,,,,,,,,
10120,10198,10190,Graham ex Benth.,120465,2706,Dalbergia ovata,,,,,,,,,
10120,10198,10190,L.f.,82935,2706,Dalbergia lanceolaria,,,,,,,,,
10120,10198,10190,Thoth.,120468,2706,Dalbergia peguensis,,,,,,,,,
10120,10198,10190,(Lour.) Prain,13370,2706,Dalbergia pinnata,,,,,,,,,
10120,10198,10190,Thoth.,120469,2706,Dalbergia prainii,,,,,,,,,
10120,10198,10190,Thoth.,120470,2706,Dalbergia pseudo-ovata,,,,,,,,,
10120,10198,10190,Roxb.,120471,2706,Dalbergia reniformis,,,,,,,,,
10120,10198,10190,Roxb.,83912,2706,Dalbergia rubiginosa,,,,,,,,,
10120,10198,10190,Roxb.,102700,2706,Dalbergia stipulacea,,,,,,,,,
10120,10198,10190,Benth.,13375,2706,Dalbergia velutina,,,,,,,,,
10120,10198,10190,(L.f.) Tiegh.,120472,11570,Eriosolena composita,,,,,,,,,
10120,10198,10190,(Benth.) Müll.Arg.,137048,2720,Daphniphyllum himalense,,,,,,,,,
10120,10198,10190,(Blume) I.M.Turner,13460,2730,Dasymaschalon dasymaschalum,,,,,,,,,
10120,10198,10190,(L.) Sweet,72806,1849,Brugmansia arborea,,,,,,,,,
10120,10198,10190,L.,13472,2734,Datura stramonium,,,,,,,,,
10120,10198,10190,(Humb. & Bonpl. ex Willd.) Sweet,5962,1849,Brugmansia suaveolens,,,,,,,,,
10120,10198,10190,(Bojer ex Hook.) Raf.,13573,2759,Delonix regia,,,,,,,,,
10120,10198,10190,(Blume) Rchb.f.,13608,2766,Dendrobium aloifolium,,,,,,,,,
10120,10198,10190,Wall. ex Lindl.,120474,2766,Dendrobium amoenum,,,,,,,,,
10120,10198,10190,(Roxb.) C.E.C.Fisch.,60934,2766,Dendrobium aphyllum,,,,,,,,,
10120,10198,10190,Rchb.f.,120475,2766,Dendrobium brymerianum,,,,,,,,,
10120,10198,10190,Rchb.f.,121547,2766,Dendrobium capillipes,,,,,,,,,
10120,10198,10190,Rchb.f.,120477,2766,Dendrobium cariniferum,,,,,,,,,
10120,10198,10190,Wall. ex Lindl.,120478,2766,Dendrobium chrysanthum,,,,,,,,,
10120,10198,10190,Wall. ex Lindl.,120478,2766,Dendrobium chrysanthum,,,,,,,,,
10120,10198,10190,Rolfe,13627,2766,Dendrobium chryseum,,,,,,,,,
10120,10198,10190,Rolfe ex Hemsl.,120479,2766,Dendrobium compactum,,,,,,,,,
10120,10198,10190,Wall. ex Lindl.,120480,2766,Dendrobium polyanthum,,,,,,,,,
10120,10198,10190,Rolfe,120481,2766,Dendrobium curviflorum,,,,,,,,,
10120,10198,10190,Lindl.,13639,2766,Dendrobium densiflorum,,,,,,,,,
10120,10198,10190,Lindl.,13639,2766,Dendrobium densiflorum,,,,,,,,,
10120,10198,10190,Paxton,120482,2766,Dendrobium devonianum,,,,,,,,,
10120,10198,10190,Paxton,120482,2766,Dendrobium devonianum,,,,,,,,,
10120,10198,10190,Paxton,120482,2766,Dendrobium devonianum,,,,,,,,,
10120,10198,10190,Rchb.f.,120483,2766,Dendrobium draconis,,,,,,,,,
10120,10198,10190,Hook.,120484,2766,Dendrobium falconeri,,,,,,,,,
10120,10198,10190,Hook.,120484,2766,Dendrobium falconeri,,,,,,,,,
10120,10198,10190,Roxb. ex Lindl.,120485,2766,Dendrobium formosum,,,,,,,,,
10120,10198,10190,Roxb. ex Lindl.,120485,2766,Dendrobium formosum,,,,,,,,,
10120,10198,10190,Lindl.,120486,2766,Dendrobium griffithianum,,,,,,,,,
10120,10198,10190,Rchb.f.,120487,2766,Dendrobium harveyanum,,,,,,,,,
10120,10198,10190,A.D.Hawkes & A.H.Heller,13654,2766,Dendrobium hendersonii,,,,,,,,,
10120,10198,10190,Wall. ex Lindl.,120488,2766,Dendrobium heterocarpum,,,,,,,,,
10120,10198,10190,Wall. ex Lindl.,120488,2766,Dendrobium heterocarpum,,,,,,,,,
10120,10198,10190,Rchb.f.,120489,2766,Dendrobium hymenanthum,,,,,,,,,
10120,10198,10190,(Blume) Miq.,13657,2766,Dendrobium indivisum,,,,,,,,,
10120,10198,10190,Lindl.,120490,2766,Dendrobium infundibulum,,,,,,,,,
10120,10198,10190,Lindl.,120490,2766,Dendrobium infundibulum,,,,,,,,,
10120,10198,10190,Wall. ex Lindl.,120491,2766,Dendrobium jenkinsii,,,,,,,,,
10120,10198,10190,Rchb.f.,120492,2766,Dendrobium lasioglossum,,,,,,,,,
10120,10198,10190,Lindl.,120493,2766,Dendrobium lituiflorum,,,,,,,,,
10120,10198,10190,Lindl.,120493,2766,Dendrobium lituiflorum,,,,,,,,,
10120,10198,10190,Lindl.,120493,2766,Dendrobium lituiflorum,,,,,,,,,
10120,10198,10190,Lindl.,120493,2766,Dendrobium lituiflorum,,,,,,,,,
10120,10198,10190,Rchb.f.,120477,2766,Dendrobium cariniferum,,,,,,,,,
10120,10198,10190,Ridl.,120495,2766,Dendrobium mannii,,,,,,,,,
10120,10198,10190,Rchb.f.,120496,2766,Dendrobium marmoratum,,,,,,,,,
10120,10198,10190,(Banks) Sw.,120497,2766,Dendrobium moschatum,,,,,,,,,
10120,10198,10190,Lindl.,13690,2766,Dendrobium nobile,,,,,,,,,
10120,10198,10190,Lindl.,120498,2766,Dendrobium ochreatum,,,,,,,,,
10120,10198,10190,(Kuntze) Bakh.f.,13695,2766,Dendrobium pachyphyllum,,,,,,,,,
10120,10198,10190,Lindl.,120499,2766,Dendrobium palpebrae,,,,,,,,,
10120,10198,10190,Schltr.,120500,2766,Dendrobium pedilochilum,,,,,,,,,
10120,10198,10190,Roxb.,120501,2766,Dendrobium pendulum,,,,,,,,,
10120,10198,10190,Roxb.,120501,2766,Dendrobium pendulum,,,,,,,,,
10120,10198,10190,Lindl.,120502,2766,Dendrobium angulatum,,,,,,,,,
10120,10198,10190,H.Low,120503,2766,Dendrobium parishii,,,,,,,,,
10120,10198,10190,Wall. ex Lindl.,120480,2766,Dendrobium polyanthum,,,,,,,,,
10120,10198,10190,Wall. ex Lindl.,120480,2766,Dendrobium polyanthum,,,,,,,,,
10120,10198,10190,Rchb.f.,120504,2766,Dendrobium rhodocentrum,,,,,,,,,
10120,10198,10190,(Blume) Lindl. ex Wall.,13716,2766,Dendrobium secundum,,,,,,,,,
10120,10198,10190,Lindl.,120505,2766,Dendrobium sulcatum,,,,,,,,,
10120,10198,10190,B.S.Williams,120506,2766,Dendrobium thyrsiflorum,,,,,,,,,
10120,10198,10190,Lindl.,120507,2766,Dendrobium tortile,,,,,,,,,
10120,10198,10190,Lindl.,120507,2766,Dendrobium tortile,,,,,,,,,
10120,10198,10190,Wall. ex Lindl.,120508,2766,Dendrobium transparens,,,,,,,,,
10120,10198,10190,Rchb.f.,120509,2766,Dendrobium trigonopus,,,,,,,,,
10120,10198,10190,Rchb.f.,120510,2766,Dendrobium virgineum,,,,,,,,,
10120,10198,10190,R.Warner,120511,2766,Dendrobium wardianum,,,,,,,,,
10120,10198,10190,R.Warner,120511,2766,Dendrobium wardianum,,,,,,,,,
10120,10198,10190,(Munro) Kurz,120512,2768,Dendrocalamus brandisii,,,,,,,,,
10120,10198,10190,Munro,13742,2768,Dendrocalamus giganteus,,,,,,,,,
10120,10198,10190,Munro,121088,2768,Dendrocalamus membranaceus,,,,,,,,,
10120,10198,10190,(L.f.) Ettingsh.,13813,2778,Dendrophthoe falcata,,,,,,,,,
10120,10198,10190,(L.) Miq.,13815,2778,Dendrophthoe pentandra,,,,,,,,,
10120,10198,10190,(Wall.) Benth.,13939,2790,Derris elliptica,,,,,,,,,
10120,10198,10190,(Kurz) Prain,121090,2790,Derris monticola,,,,,,,,,
10120,10198,10190,(Roxb. ex DC.) Dalzell & A.Gibson,449724,19737,Brachypterum robustum,,,,,,,,,
10120,10198,10190,(Roxb.) Benth.,13949,2790,Derris scandens,,,,,,,,,
10120,10198,10190,(L.) H.Ohashi & K.Ohashi,449725,19738,Grona retroflexa,,,,,,,,,
10120,10198,10190,(DC.) H.Ohashi & K.Ohashi,449726,19741,Sohmaea diffusa,,,,,,,,,
10120,10198,10190,(L.) J.St.-Hil. ex H.Ohashi & K.Ohashi,439772,17189,Pleurolobus gangeticus,,,,,,,,,
10120,10198,10190,(Houtt.) H.Ohashi,10390,2372,Codariocalyx motorius,,,,,,,,,
10120,10198,10190,Schindl.,122807,5506,Phyllodium insigne,,,,,,,,,
10120,10198,10190,(Schindl.) H.Ohashi & K.Ohashi,449727,19741,Sohmaea lacei,,,,,,,,,
10120,10198,10190,(DC.) H.Ohashi & K.Ohashi,446236,19739,Ototropis multiflora,,,,,,,,,
10120,10198,10190,(L.) DC.,14011,2796,Desmodium heterocarpon,,,,,,,,,
10120,10198,10190,(Zoll. & Moritzi) H.Ohashi & K.Ohashi,449790,20023,Puhuaea megaphylla,,,,,,,,,
10120,10198,10190,(L.) Desv.,33683,5506,Phyllodium pulchellum,,,,,,,,,
10120,10198,10190,(L.) H.Ohashi & K.Ohashi,439779,20022,Huangtcia renifolia,,,,,,,,,
10120,10198,10190,(Baker ex Kurz) H.Ohashi & K.Ohashi,449728,20022,Huangtcia oblata,,,,,,,,,
10120,10198,10190,(L.) H.Ohashi & K.Ohashi,425950,19738,Grona triflora,,,,,,,,,
10120,10198,10190,Lour.,14050,2799,Desmos chinensis,,,,,,,,,
10120,10198,10190,Lour.,120516,2799,Desmos cochinchinensis,,,,,,,,,
10120,10198,10190,(Roxb.) Saff.,14051,2799,Desmos dumosus,,,,,,,,,
10120,10198,10190,L.,14100,2807,Dianthus barbatus,,,,,,,,,
10120,10198,10190,L.,14121,2807,Dianthus plumarius,,,,,,,,,
10120,10198,10190,(Roth) Veldkamp,121101,2853,Digitaria compacta,,,,,,,,,
10120,10198,10190,Willd.,14322,2853,Digitaria horizontalis,,,,,,,,,
10120,10198,10190,L.,14359,2854,Dillenia indica,,,,,,,,,
10120,10198,10190,"(Rolfe) Ormerod, Kurzweil & Schuit.",449729,20300,Thuniopsis subsessilis,,,,,,,,,
10120,10198,10190,(Retz.) C.E.C.Fisch.,120518,2858,Dimeria avenacea,,,,,,,,,
10120,10198,10190,(Pax & K.Hoffm.) R.Y.Yu & Welzen,449730,19782,Tritaxis meeboldii,,,,,,,,,
10120,10198,10190,(Munro) Kurz,121104,11624,Dinochloa macclellandii,,,,,,,,,
10120,10198,10190,L.,14405,2867,Dioscorea alata,,,,,,,,,
10120,10198,10190,L.,14405,2867,Dioscorea alata,,,,,,,,,
10120,10198,10190,Prain & Burkill,120520,2867,Dioscorea brandisii,,,,,,,,,
10120,10198,10190,Prain & Burkill,120521,2867,Dioscorea daunea,,,,,,,,,
10120,10198,10190,(Lour.) Burkill,14419,2867,Dioscorea esculenta,,,,,,,,,
10120,10198,10190,L.,14405,2867,Dioscorea alata,,,,,,,,,
10120,10198,10190,Hook.f.,120522,2867,Dioscorea hamiltonii,,,,,,,,,
10120,10198,10190,Prain & Burkill,120523,2867,Dioscorea hemsleyi,,,,,,,,,
10120,10198,10190,Prain & Burkill,120524,2867,Dioscorea lepcharum,,,,,,,,,
10120,10198,10190,Pierre ex Prain & Burkill,120525,2867,Dioscorea membranacea,,,,,,,,,
10120,10198,10190,Prain & Burkill,120526,2867,Dioscorea prazeri,,,,,,,,,
10120,10198,10190,Blume,120527,2867,Dioscorea pubera,,,,,,,,,
10120,10198,10190,L.,14405,2867,Dioscorea alata,,,,,,,,,
10120,10198,10190,Prain & Burkill,120528,2867,Dioscorea birmanica,,,,,,,,,
10120,10198,10190,Roxb. ex Prain & Burkill,120529,2867,Dioscorea trinervia,,,,,,,,,
10120,10198,10190,Zoll.,14488,2868,Diospyros hasseltii,,,,,,,,,
10120,10198,10190,Zoll.,14488,2868,Diospyros hasseltii,,,,,,,,,
10120,10198,10190,Blume,118516,2868,Diospyros cauliflora,,,,,,,,,
10120,10198,10190,Wall. ex G.Don,14476,2868,Diospyros ehretioides,,,,,,,,,
10120,10198,10190,C.B.Clarke,122808,2868,Diospyros martabanica,,,,,,,,,
10120,10198,10190,Roxb.,52674,2868,Diospyros montana,,,,,,,,,
10120,10198,10190,Wall. ex G.Don,14520,2868,Diospyros oblonga,,,,,,,,,
10120,10198,10190,Miq.,120533,2868,Diospyros pyrrhocarpa,,,,,,,,,
10120,10198,10190,Kurz,120534,2868,Diospyros rhodocalyx,,,,,,,,,
10120,10198,10190,Wall. ex G.Don,120535,2868,Diospyros undulata,,,,,,,,,
10120,10198,10190,(Blume) Diels,14698,2882,Diploclisia glaucescens,,,,,,,,,
10120,10198,10190,Teijsm. ex Miq.,121114,2897,Dipterocarpus obtusifolius,,,,,,,,,
10120,10198,10190,Roxb.,120538,2897,Dipterocarpus tuberculatus,,,,,,,,,
10120,10198,10190,C.F.Gaertn.,120539,2897,Dipterocarpus turbinatus,,,,,,,,,
10120,10198,10190,N.E.Br.,120540,2903,Dischidia micholitzii,,,,,,,,,
10120,10198,10190,(Willd.) Kuntze,14693,2879,Diplectria divaricata,,,,,,,,,
10120,10198,10190,(Wall. ex DC.) Seem.,120541,2937,Dolichandrone serrulata,,,,,,,,,
10120,10198,10190,(L.f.) K.Schum.,14891,2937,Dolichandrone spathacea,,,,,,,,,
10120,10198,10190,(L.) DC.,36594,5835,Psophocarpus tetragonolobus,,,,,,,,,
10120,10198,10190,(Lam.) Verdc.,60398,4476,Macrotyloma uniflorum,,,,,,,,,
10120,10198,10190,L.,47622,7187,Yucca gloriosa,,,,,,,,,
10120,10198,10190,(L.) Ker Gawl.,15037,2960,Dracaena fragrans,,,,,,,,,
10120,10198,10190,(L.f.) Stapf,439911,20029,Wattakaka volubilis,,,,,,,,,
10120,10198,10190,(Roxb.) Hook.f. ex Marchand,121120,11625,Drimycarpus racemosus,,,,,,,,,
10120,10198,10190,"J.J.Verm., Schuit. & de Vogel",449965,1876,Bulbophyllum drymoda,,,,,,,,,
10120,10198,10190,(Roxb. ex DC.) Walp.,15369,2992,Duabanga grandiflora,,,,,,,,,
10120,10198,10190,,120544,2999,Dunbaria micholitzii,,,,,,,,,
10120,10198,10190,Gamble,382901,12646,Boschia mansonii,,,,,,,,,
10120,10198,10190,L.,15440,3004,Durio zibethinus,,,,,,,,,
10120,10198,10190,(Roxb. ex D.Don) F.Muell.,121121,5681,Pogostemon quadrifolius,,,,,,,,,
10120,10198,10190,(Spreng.) Blume ex G.Don,15608,3016,Dysoxylum excelsum,,,,,,,,,
10120,10198,10190,(Blume) Kuntze,120545,6517,Staurogyne lanceolata,,,,,,,,,
10120,10198,10190,(C.B.Clarke) Kuntze,122811,6517,Staurogyne beddomei,,,,,,,,,
10120,10198,10190,(T.Anderson) Kuntze,449793,6517,Staurogyne helferi,,,,,,,,,
10120,10198,10190,(L.) P.Beauv.,15669,3029,Echinochloa crus-galli,,,,,,,,,
10120,10198,10190,(Retz.) P.Beauv.,15679,3029,Echinochloa stagnina,,,,,,,,,
10120,10198,10190,Roxb.,53396,3034,Echinops echinatus,,,,,,,,,
10120,10198,10190,(L.) L.,15750,3040,Eclipta prostrata,,,,,,,,,
10120,10198,10190,Roxb.,15768,3048,Ehretia laevis,,,,,,,,,
10120,10198,10190,(G.Don) Wall. ex A.DC.,120547,3048,Ehretia retusa,,,,,,,,,
10120,10198,10190,Hook.f. & Thomson ex C.B.Clarke,122113,3048,Ehretia wallichiana,,,,,,,,,
10120,10198,10190,Mart.,439959,5723,Pontederia crassipes,,,,,,,,,
10120,10198,10190,L.,121125,3058,Elaeagnus latifolia,,,,,,,,,
10120,10198,10190,L.,15893,3060,Elaeocarpus serratus,,,,,,,,,
10120,10198,10190,Sm.,15857,3060,Elaeocarpus grandiflorus,,,,,,,,,
10120,10198,10190,Roxb.,120549,3060,Elaeocarpus lanceifolius,,,,,,,,,
10120,10198,10190,C.E.C.Fisch.,121127,3060,Elaeocarpus quadratus,,,,,,,,,
10120,10198,10190,Roxb.,449731,3060,Elaeocarpus robustus,,,,,,,,,
10120,10198,10190,(Poir.) Brongn.,16058,3066,Elatostema acuminatum,,,,,,,,,
10120,10198,10190,(Blume) Blume ex H.Schroet.,122118,3066,Elatostema latifolium,,,,,,,,,
10120,10198,10190,D.Don,16129,3070,Eleocharis congesta,,,,,,,,,
10120,10198,10190,(Rottb.) Roem. & Schult.,16185,3070,Eleocharis spiralis,,,,,,,,,
10120,10198,10190,Nees,16187,3070,Eleocharis tetraquetra,,,,,,,,,
10120,10198,10190,(L.) Maton,16204,3073,Elettaria cardamomum,,,,,,,,,
10120,10198,10190,(Gaertn.) Abeyw.,120551,3073,Elettaria ensal,,,,,,,,,
10120,10198,10190,(Hook.f. & Thomson) I.M.Turner,45937,6967,Trivalvaria costata,,,,,,,,,
10120,10198,10190,Buch.-Ham. ex Hook.f. & Thomson,449732,7027,Uvaria ferruginea,,,,,,,,,
10120,10198,10190,Buch.-Ham. ex Hook.f. & Thomson,449732,7027,Uvaria ferruginea,,,,,,,,,
10120,10198,10190,L.,33489,5501,Phyllanthus emblica,,,,,,,,,
10120,10198,10190,Lechen ex Blume,16374,3114,Engelhardtia spicata,,,,,,,,,
10120,10198,10190,Lour.,16413,3127,Enydra fluctuans,,,,,,,,,
10120,10198,10190,Spreng.,440008,3121,Entada rheedei,,,,,,,,,
10120,10198,10190,Lindl.,120553,2766,Dendrobium amplum,,,,,,,,,
10120,10198,10190,Stapf,120554,3146,Eragrostis coarctata,,,,,,,,,
10120,10198,10190,(T.Anderson) Bremek. & Nann.-Bremek.,120555,3147,Eranthemum griffithii,,,,,,,,,
10120,10198,10190,(Delile) Roberty,14162,2816,Dichanthium foveolatum,,,,,,,,,
10120,10198,10190,(Braid) Ormerod,165211,5557,Pinalia brownei,,,,,,,,,
10120,10198,10190,(Wall. ex Lindl.) Rauschert,449733,19751,Cylindrolobus clavicaulis,,,,,,,,,
10120,10198,10190,(C.S.P.Parish & Rchb.f.) Kuntze,122812,5557,Pinalia concolor,,,,,,,,,
10120,10198,10190,"(Summerh.) Schuit., Y.P.Ng & H.A.Pedersen",449734,10053,Porpax conica,,,,,,,,,
10120,10198,10190,Rolfe,120560,3157,Eria cristata,,,,,,,,,
10120,10198,10190,Schltr.,120561,3157,Eria decipiens,,,,,,,,,
10120,10198,10190,"(Summerh.) Schuit., Y.P.Ng & H.A.Pedersen",449735,10053,Porpax lacei,,,,,,,,,
10120,10198,10190,(Rolfe) S.C.Chen & J.J.Wood,449736,19751,Cylindrolobus marginatus,,,,,,,,,
10120,10198,10190,(Rchb.f.) Kuntze,120565,5557,Pinalia rimannii,,,,,,,,,
10120,10198,10190,"(Roxb.) Welker, Voronts. & E.A.Kellogg",449737,15784,Tripidium procerum,,,,,,,,,
10120,10198,10190,(Andersson) V.Naray. ex Bor,449738,6094,Saccharum longesetosum,,,,,,,,,
10120,10198,10190,L.,16796,3164,Erigeron acris,,,,,,,,,
10120,10198,10190,(Hook.f.) B.B.Liu & J.Wen,449966,5972,Rhaphiolepis latifolia,,,,,,,,,
10120,10198,10190,Griff.,120568,3167,Eriocaulon glaucum,,,,,,,,,
10120,10198,10190,J.D.Prescott ex Bong.,16886,3167,Eriocaulon nepalense,,,,,,,,,
10120,10198,10190,L.,120570,3167,Eriocaulon quinquangulare,,,,,,,,,
10120,10198,10190,L.,16897,3167,Eriocaulon sexangulare,,,,,,,,,
10120,10198,10190,Buch.-Ham. ex Mart.,16901,3167,Eriocaulon truncatum,,,,,,,,,
10120,10198,10190,(Retz.) C.E.Hubb.,16914,3170,Eriochloa procera,,,,,,,,,
10120,10198,10190,(Lindl.) Rolfe,120571,11573,Eriodes barbata,,,,,,,,,
10120,10198,10190,Wall.,120572,11574,Eriolaena candollei,,,,,,,,,
10120,10198,10190,(C.B.Clarke) Prain,120573,3191,Erycibe peguensis,,,,,,,,,
10120,10198,10190,Roxb.,83914,3194,Erythrina stricta,,,,,,,,,
10120,10198,10190,Roxb.,120574,3194,Erythrina suberosa,,,,,,,,,
10120,10198,10190,(Miq.) Kurz,17136,3202,Erythroxylum cuneatum,,,,,,,,,
10120,10198,10190,W.Hill ex Maiden,17232,3213,Eucalyptus grandis,,,,,,,,,
10120,10198,10190,(Bourd.) Gandhi,120575,6654,Syzygium occidentale,,,,,,,,,
10120,10198,10190,Bor,120577,3229,Eulalia manipurensis,,,,,,,,,
10120,10198,10190,(D.Don) Hochr.,17640,3232,Eulophia dabia,,,,,,,,,
10120,10198,10190,(Rchb.f.) J.J.Sm.,17651,3232,Eulophia zollingeri,,,,,,,,,
10120,10198,10190,B.Heyne ex Wall.,17668,3234,Euonymus indicus,,,,,,,,,
10120,10198,10190,Wall.,120579,3234,Euonymus vagans,,,,,,,,,
10120,10198,10190,L.,17727,3237,Euphorbia antiquorum,,,,,,,,,
10120,10198,10190,L.,17830,3237,Euphorbia heterophylla,,,,,,,,,
10120,10198,10190,,120580,3237,Euphorbia kuraiana,,,,,,,,,
10120,10198,10190,L.,17892,3237,Euphorbia neriifolia,,,,,,,,,
10120,10198,10190,Buch.-Ham.,120581,3237,Euphorbia nivulia,,,,,,,,,
10120,10198,10190,L.,17972,3237,Euphorbia thymifolia,,,,,,,,,
10120,10198,10190,Mill.,17978,3237,Euphorbia trigona,,,,,,,,,
10120,10198,10190,Merr.,440106,3243,Eurya groffii,,,,,,,,,
10120,10198,10190,Jack,18120,3247,Eurycoma longifolia,,,,,,,,,
10120,10198,10190,(Lag.) Nees,53794,3255,Eustachys distichophylla,,,,,,,,,
10120,10198,10190,G.Don,120582,3270,Exacum hamiltonii,,,,,,,,,
10120,10198,10190,Thunb.,18272,3287,Fagraea ceilanica,,,,,,,,,
10120,10198,10190,(Roxb.) DC.,440132,19787,Cyrtophyllum fragrans,,,,,,,,,
10120,10198,10190,Thunb.,18272,3287,Fagraea ceilanica,,,,,,,,,
10120,10198,10190,Lour.,18433,3322,Ficus auriculata,,,,,,,,,
10120,10198,10190,L.,18441,3322,Ficus benjamina,,,,,,,,,
10120,10198,10190,Kurz,120584,3322,Ficus caloneura,,,,,,,,,
10120,10198,10190,Willd.,83948,3322,Ficus callosa,,,,,,,,,
10120,10198,10190,Buch.-Ham. ex Sm.,121592,3322,Ficus subincisa,,,,,,,,,
10120,10198,10190,L.,18441,3322,Ficus benjamina,,,,,,,,,
10120,10198,10190,(Wall. ex Miq.) Brandis,18558,3322,Ficus pubigera,,,,,,,,,
10120,10198,10190,Blume,18488,3322,Ficus glaberrima,,,,,,,,,
10120,10198,10190,Schott,120585,3322,Ficus clusiifolia,,,,,,,,,
10120,10198,10190,Lour.,18579,3322,Ficus simplicissima,,,,,,,,,
10120,10198,10190,Buch.-Ham. ex Voigt,440151,3322,Ficus triloba,,,,,,,,,
10120,10198,10190,Blume,18510,3322,Ficus laevis,,,,,,,,,
10120,10198,10190,L.,18563,3322,Ficus racemosa,,,,,,,,,
10120,10198,10190,Thunb.,18473,3322,Ficus drupacea,,,,,,,,,
10120,10198,10190,Kunth,73894,3322,Ficus obtusifolia,,,,,,,,,
10120,10198,10190,Blume,449847,3322,Ficus scaberrima,,,,,,,,,
10120,10198,10190,Corner,120586,3322,Ficus praetermissa,,,,,,,,,
10120,10198,10190,L.,18566,3322,Ficus religiosa,,,,,,,,,
10120,10198,10190,L.,18567,3322,Ficus retusa,,,,,,,,,
10120,10198,10190,Roxb.,120587,3322,Ficus squamosa,,,,,,,,,
10120,10198,10190,Vahl,18573,3322,Ficus sagittata,,,,,,,,,
10120,10198,10190,Thunb.,18473,3322,Ficus drupacea,,,,,,,,,
10120,10198,10190,Blume,18588,3322,Ficus subulata,,,,,,,,,
10120,10198,10190,R.Br.,52771,3327,Fimbristylis acicularis,,,,,,,,,
10120,10198,10190,(L.) Vahl,18657,3327,Fimbristylis dichotoma,,,,,,,,,
10120,10198,10190,(F.Muell.) Druce,18664,3327,Fimbristylis fimbristyloides,,,,,,,,,
10120,10198,10190,Vahl,18693,3327,Fimbristylis squarrosa,,,,,,,,,
10120,10198,10190,C.B.Clarke,120588,3327,Fimbristylis trichocaulis,,,,,,,,,
10120,10198,10190,(Roxb.) R.Br.,18703,3330,Firmiana colorata,,,,,,,,,
10120,10198,10190,(Wall. ex Mast.) K.Schum.,120589,3330,Firmiana fulgens,,,,,,,,,
10120,10198,10190,L'Hér.,440162,904,Flacourtia ramontchi,,,,,,,,,
10120,10198,10190,Buch.-Ham. ex Benth.,120590,3339,Flemingia chappar,,,,,,,,,
10120,10198,10190,Roxb.,120591,3339,Flemingia stricta,,,,,,,,,
10120,10198,10190,Wight & Arn.,449739,3339,Flemingia wallichii,,,,,,,,,
10120,10198,10190,(Blume) Lindl.,120592,2766,Dendrobium appendiculatum,,,,,,,,,
10120,10198,10190,(Blume) Lindl.,60969,2766,Dendrobium convexum,,,,,,,,,
10120,10198,10190,(Roxb. ex Willd.) Royle,18771,3345,Flueggea virosa,,,,,,,,,
10120,10198,10190,Blume,18859,3369,Freycinetia angustifolia,,,,,,,,,
10120,10198,10190,(L.) Haw.,18987,3383,Furcraea foetida,,,,,,,,,
10120,10198,10190,Roxb. ex Choisy,19269,3409,Garcinia cowa,,,,,,,,,
10120,10198,10190,Wall. ex Wight,73953,3409,Garcinia elliptica,,,,,,,,,
10120,10198,10190,Hook.f. ex T.Anderson,19322,3409,Garcinia xanthochymus,,,,,,,,,
10120,10198,10190,(Kurz) Tirveng.,120596,11576,Dioecrescis erythroclada,,,,,,,,,
10120,10198,10190,J.Ellis,19335,3410,Gardenia jasminoides,,,,,,,,,
10120,10198,10190,(Wall. ex C.B.Clarke) Tirveng.,120598,2153,Ceriscoides sessiliflora,,,,,,,,,
10120,10198,10190,V.Prakash & S.K.Jain,120599,3414,Garnotia normanii,,,,,,,,,
10120,10198,10190,(Arn. ex Miq.) Janowski,120600,3414,Garnotia tenella,,,,,,,,,
10120,10198,10190,(Lindl.) Kuntze,120601,3419,Gastrochilus acutifolius,,,,,,,,,
10120,10198,10190,(Rchb.f.) Kuntze,120602,3419,Gastrochilus bellinus,,,,,,,,,
10120,10198,10190,(Lindl.) Kuntze,120603,3419,Gastrochilus obliquus,,,,,,,,,
10120,10198,10190,(Rolfe) Schltr.,120604,3419,Gastrochilus platycalcaratus,,,,,,,,,
10120,10198,10190,Airy Shaw,449740,3425,Gaultheria stapfiana,,,,,,,,,
10120,10198,10190,(Blume) Baill.,43324,6620,Suregada glomerulata,,,,,,,,,
10120,10198,10190,(A.Juss.) Baill.,43325,6620,Suregada multiflora,,,,,,,,,
10120,10198,10190,(Roxb.) I.M.Turner,446579,3438,Genianthus micranthus,,,,,,,,,
10120,10198,10190,(C.B.Clarke) Adr.Favre,449741,20301,Kuepferia infelix,,,,,,,,,
10120,10198,10190,Yeo,120607,3456,Geranium wardii,,,,,,,,,
10120,10198,10190,Kurz,120608,3466,Gigantochloa macrostachya,,,,,,,,,
10120,10198,10190,(Buse) Kurz,102681,3466,Gigantochloa nigrociliata,,,,,,,,,
10120,10198,10190,Kurz,120608,3466,Gigantochloa macrostachya,,,,,,,,,
10120,10198,10190,Kurz,120608,3466,Gigantochloa macrostachya,,,,,,,,,
10120,10198,10190,(Link) Friis,19811,3473,Girardinia diversifolia,,,,,,,,,
10120,10198,10190,,122814,3474,Gironniera burmanica,,,,,,,,,
10120,10198,10190,Planch.,19814,3474,Gironniera nervosa,,,,,,,,,
10120,10198,10190,L.,19819,3475,Gisekia pharnaceoides,,,,,,,,,
10120,10198,10190,Sims,120609,3491,Globba sessiliflora,,,,,,,,,
10120,10198,10190,Wight,19893,3493,Glochidion ellipticum,,,,,,,,,
10120,10198,10190,(Banks) Müll.Arg.,19889,3493,Glochidion coccineum,,,,,,,,,
10120,10198,10190,Blume,19912,3493,Glochidion rubrum,,,,,,,,,
10120,10198,10190,(Müll.Arg.) Kurz,19892,3493,Glochidion daltonii,,,,,,,,,
10120,10198,10190,(Roxb. ex Willd.) Voigt,120610,3493,Glochidion multiloculare,,,,,,,,,
10120,10198,10190,L.,19977,3509,Glycyrrhiza glabra,,,,,,,,,
10120,10198,10190,Sm.,19988,3512,Gmelina elliptica,,,,,,,,,
10120,10198,10190,(DC.) Hilliard & B.L.Burtt,36459,5801,Pseudognaphalium hypoleucum,,,,,,,,,
10120,10198,10190,Markgr.,20030,3514,Gnetum montanum,,,,,,,,,
10120,10198,10190,(Wall.) Kurz,120611,11577,Gomphogyne heterosperma,,,,,,,,,
10120,10198,10190,Wall. ex Benth.,120613,3523,Gomphostemma strobilinum,,,,,,,,,
10120,10198,10190,Wall. ex Benth.,120613,3523,Gomphostemma strobilinum,,,,,,,,,
10120,10198,10190,(Lindl.) Benth. ex C.B.Clarke,20177,3542,Goodyera foliosa,,,,,,,,,
10120,10198,10190,(Jack) Voigt,123824,8813,Greenea corymbosa,,,,,,,,,
10120,10198,10190,Juss.,20437,3565,Grewia eriocarpa,,,,,,,,,
10120,10198,10190,Juss.,440334,3565,Grewia guazumifolia,,,,,,,,,
10120,10198,10190,(Kurz) Merr.,120614,11578,Nogra filicaulis,,,,,,,,,
10120,10198,10190,(Buch.-Ham.) Sch.Bip.,120615,6589,Strobocalyx arborea,,,,,,,,,
10120,10198,10190,(Gaudich.) H.Rob. & Skvarla,13522,2743,Decaneuropsis obovata,,,,,,,,,
10120,10198,10190,(DC.) H.Rob. & Skvarla,120616,11579,Monosis volkameriifolia,,,,,,,,,
10120,10198,10190,Wight,122815,3600,Gymnema glabrum,,,,,,,,,
10120,10198,10190,L.,9985,2331,Cleome gynandra,,,,,,,,,
10120,10198,10190,(Thunb.) Makino,20760,3616,Gynostemma pentaphyllum,,,,,,,,,
10120,10198,10190,Hook.f.,120618,3625,Habenaria avana,,,,,,,,,
10120,10198,10190,(Spreng.) Garay & G.A.Romero,4996,1684,Benthamia chlorantha,,,,,,,,,
10120,10198,10190,Lindl.,193736,5599,Platanthera longibracteata,,,,,,,,,
10120,10198,10190,Collett & Hemsl.,120619,3625,Habenaria mandersii,,,,,,,,,
10120,10198,10190,Colebr.,68796,3625,Habenaria marginata,,,,,,,,,
10120,10198,10190,Tang & F.T.Wang,120620,3625,Habenaria mientienensis,,,,,,,,,
10120,10198,10190,(Sw.) Schltr.,20805,3625,Habenaria dentata,,,,,,,,,
10120,10198,10190,Hance,20826,3625,Habenaria rhodocheila,,,,,,,,,
10120,10198,10190,W.W.Sm. & Banerji,120621,3625,Habenaria shweliensis,,,,,,,,,
10120,10198,10190,Finet,120622,3625,Habenaria delavayi,,,,,,,,,
10120,10198,10190,(Wall. ex G.Don) Neupane & N.Wikstr.,362832,19099,Dimetia capitellata,,,,,,,,,
10120,10198,10190,(Willd.) Nandikar & K.C.Kishor,440421,3271,Exallage cristata,,,,,,,,,
10120,10198,10190,L.,21166,3698,Helianthus annuus,,,,,,,,,
10120,10198,10190,(Koord. & Valeton) Sleumer,449967,3701,Heliciopsis incisa,,,,,,,,,
10120,10198,10190,Lam.,21251,3703,Heliconia caribaea,,,,,,,,,
10120,10198,10190,Brandis,120623,3708,Helinus lanceolatus,,,,,,,,,
10120,10198,10190,(Forssk.) Diane & Hilger,440477,3239,Euploca ovalifolia,,,,,,,,,
10120,10198,10190,(Willd.) Diane & Hilger,440481,3239,Euploca strigosa,,,,,,,,,
10120,10198,10190,L.,21362,3712,Heliotropium supinum,,,,,,,,,
10120,10198,10190,(Turcz.) Paul G.Wilson,120624,5985,Rhodanthe chlorocephala,,,,,,,,,
10120,10198,10190,L.,57178,3714,Helleborus niger,,,,,,,,,
10120,10198,10190,(Miq.) Pax & K.Hoffm.,120626,2991,Drypetes sumatrana,,,,,,,,,
10120,10198,10190,C.S.P.Parish & Rchb.f.,120627,11580,Hemipilia calophylla,,,,,,,,,
10120,10198,10190,(Bunge) Bunge,21412,3731,Hemistepta lyrata,,,,,,,,,
10120,10198,10190,Kosterm.,120629,3745,Heritiera burmensis,,,,,,,,,
10120,10198,10190,(Thunb. ex Sw.) Vuijk,21473,3747,Herminium lanceum,,,,,,,,,
10120,10198,10190,(Wall. ex G.Don) Steenis,120631,7436,Fernandoa adenophylla,,,,,,,,,
10120,10198,10190,(L.) Suresh,21622,3784,Hewittia malabarica,,,,,,,,,
10120,10198,10190,L.,21687,3788,Hibiscus cannabinus,,,,,,,,,
10120,10198,10190,Jacq.,21697,3788,Hibiscus diversifolius,,,,,,,,,
10120,10198,10190,Mast.,120632,3788,Hibiscus floccosus,,,,,,,,,
10120,10198,10190,L.,21720,3788,Hibiscus mutabilis,,,,,,,,,
10120,10198,10190,Roxb. ex Wall.,120633,3788,Hibiscus procerus,,,,,,,,,
10120,10198,10190,Forssk.,21722,3788,Hibiscus palmatus,,,,,,,,,
10120,10198,10190,(Willd.) N.Hallé,37982,5949,Reissantia indica,,,,,,,,,
10120,10198,10190,L.,22175,3805,Hippuris vulgaris,,,,,,,,,
10120,10198,10190,Hook.f.,120634,3806,Hiptage candicans,,,,,,,,,
10120,10198,10190,(L.) Kurz,22176,3806,Hiptage benghalensis,,,,,,,,,
10120,10198,10190,(L.) Kurz,22176,3806,Hiptage benghalensis,,,,,,,,,
10120,10198,10190,(Roxb.) Hook.f. & Thomson,120636,3812,Hodgsonia heteroclita,,,,,,,,,
10120,10198,10190,(Blume) Cogn.,22190,3812,Hodgsonia macrocarpa,,,,,,,,,
10120,10198,10190,Wall. ex G.Don,22227,3819,Holarrhena pubescens,,,,,,,,,
10120,10198,10190,(Rchb.f.) Christenson,120637,3820,Holcoglossum amesianum,,,,,,,,,
10120,10198,10190,Hook.f.,122818,10026,Holigarna helferi,,,,,,,,,
10120,10198,10190,(Dennst.) Oken,102724,10026,Holigarna caustica,,,,,,,,,
10120,10198,10190,(Roxb.) Planch.,53424,7720,Holoptelea integrifolia,,,,,,,,,
10120,10198,10190,Benth.,120638,911,Homalium longifolium,,,,,,,,,
10120,10198,10190,Kurz,120639,911,Homalium schlichii,,,,,,,,,
10120,10198,10190,(Vent.) Benth.,449743,911,Homalium tomentosum,,,,,,,,,
10120,10198,10190,Symington,120641,3837,Hopea apiculata,,,,,,,,,
10120,10198,10190,C.E.Parkinson & C.E.C.Fisch.,122819,912,Hydnocarpus dawnensis,,,,,,,,,
10120,10198,10190,C.E.Parkinson & C.E.C.Fisch.,122820,912,Hydnocarpus verrucosus,,,,,,,,,
10120,10198,10190,,120643,10181,Hydnora angustifolia,,,,,,,,,
10120,10198,10190,(L.f.) Royle,22595,3878,Hydrilla verticillata,,,,,,,,,
10120,10198,10190,Roxb.,119695,3883,Hydrocotyle rotundifolia,,,,,,,,,
10120,10198,10190,J.M.H.Shaw,449744,5440,Phalaenopsis hygrochila,,,,,,,,,
10120,10198,10190,(Retz.) Nees ex Wight & Arn.,22662,3886,Hygroryza aristata,,,,,,,,,
10120,10198,10190,(Roxb. ex Sm.) Wight & Arn.,120645,11582,Hyptianthera stricta,,,,,,,,,
10120,10198,10190,Poit.,23029,3926,Hyptis brevipes,,,,,,,,,
10120,10198,10190,Hook.f.,120646,3938,Ilex fragilis,,,,,,,,,
10120,10198,10190,Thunb.,23121,3938,Ilex crenata,,,,,,,,,
10120,10198,10190,T.R.Dudley,117191,3938,Ilex chimantaensis,,,,,,,,,
10120,10198,10190,(Wall.) Loes.,120647,3938,Ilex umbellulata,,,,,,,,,
10120,10198,10190,(Griff.) Dunn,23232,3941,Illigera trifoliata,,,,,,,,,
10120,10198,10190,(L.) P.Beauv.,23262,3943,Imperata cylindrica,,,,,,,,,
10120,10198,10190,Mill.,23309,3944,Indigofera suffruticosa,,,,,,,,,
10120,10198,10190,Graham ex Wall.,120648,3944,Indigofera brunoniana,,,,,,,,,
10120,10198,10190,Jacq.,23279,3944,Indigofera hendecaphylla,,,,,,,,,
10120,10198,10190,L.,23281,3944,Indigofera hirsuta,,,,,,,,,
10120,10198,10190,L.,23310,3944,Indigofera tinctoria,,,,,,,,,
10120,10198,10190,Craib,121633,3944,Indigofera lacei,,,,,,,,,
10120,10198,10190,(L.f.) Retz.,23284,3944,Indigofera linifolia,,,,,,,,,
10120,10198,10190,(Burm.f.) Merr.,23273,3944,Indigofera colutea,,,,,,,,,
10120,10198,10190,"(Fukuy.) J.J.Verm., Schuit. & de Vogel",442720,1876,Bulbophyllum bifurcatoflorens,,,,,,,,,
10120,10198,10190,"J.J.Verm., Schuit. & de Vogel",449745,1876,Bulbophyllum lopalanthum,,,,,,,,,
10120,10198,10190,"(Rchb.f.) J.J.Verm., Schuit. & de Vogel",449746,1876,Bulbophyllum rimannii,,,,,,,,,
10120,10198,10190,L.,23379,3957,Ipomoea alba,,,,,,,,,
10120,10198,10190,Forssk.,23381,3957,Ipomoea aquatica,,,,,,,,,
10120,10198,10190,(L.) Lam.,23386,3957,Ipomoea batatas,,,,,,,,,
10120,10198,10190,Ker Gawl.,23484,3957,Ipomoea tuberculata,,,,,,,,,
10120,10198,10190,(L.) Roth,23461,3957,Ipomoea purpurea,,,,,,,,,
10120,10198,10190,L.,440661,3957,Ipomoea campanulata,,,,,,,,,
10120,10198,10190,Wall. ex D.Don,120654,3961,Iris kemaonensis,,,,,,,,,
10120,10198,10190,Oliv. ex A.W.Benn.,23526,3962,Irvingia malayana,,,,,,,,,
10120,10198,10190,Bor,120655,3965,Ischaemum burmanicum,,,,,,,,,
10120,10198,10190,J.Presl,23569,3965,Ischaemum polystachyum,,,,,,,,,
10120,10198,10190,Hook.f.,120656,3965,Ischaemum molle,,,,,,,,,
10120,10198,10190,Cass.,23701,3992,Ixeris polycephala,,,,,,,,,
10120,10198,10190,Bremek.,122821,3998,Ixora birmahica,,,,,,,,,
10120,10198,10190,L.,23729,3998,Ixora coccinea,,,,,,,,,
10120,10198,10190,Bremek.,120659,3998,Ixora decus-silvae,,,,,,,,,
10120,10198,10190,Bremek.,120661,3998,Ixora hymenophylla,,,,,,,,,
10120,10198,10190,(Blume) DC.,23749,3998,Ixora javanica,,,,,,,,,
10120,10198,10190,Bremek.,120662,3998,Ixora lacei,,,,,,,,,
10120,10198,10190,Bremek.,122822,3998,Ixora lacuum,,,,,,,,,
10120,10198,10190,R.Br. ex Wight & Arn.,84031,3998,Ixora nigricans,,,,,,,,,
10120,10198,10190,K.Schum.,66533,3998,Ixora nematopoda,,,,,,,,,
10120,10198,10190,Bremek.,122784,3998,Ixora salwenensis,,,,,,,,,
10120,10198,10190,Wall. ex G.Don,120663,3998,Ixora spectabilis,,,,,,,,,
10120,10198,10190,Bonpl.,23792,3999,Jacaranda acutifolia,,,,,,,,,
10120,10198,10190,(L.) Willd.,120664,4012,Jasminum angustifolium,,,,,,,,,
10120,10198,10190,C.B.Clarke,121227,4012,Jasminum latipetalum,,,,,,,,,
10120,10198,10190,King ex Gage,120665,4012,Jasminum listeri,,,,,,,,,
10120,10198,10190,C.B.Clarke,23886,4012,Jasminum nobile,,,,,,,,,
10120,10198,10190,Roxb.,83962,4012,Jasminum coarctatum,,,,,,,,,
10120,10198,10190,Jacq.,23909,4013,Jatropha integerrima,,,,,,,,,
10120,10198,10190,L.,24067,4025,Juniperus communis,,,,,,,,,
10120,10198,10190,D.Don,24078,4025,Juniperus squamata,,,,,,,,,
10120,10198,10190,L.,24086,4027,Justicia adhatoda,,,,,,,,,
10120,10198,10190,T.Anderson,121232,4027,Justicia brandisii,,,,,,,,,
10120,10198,10190,(C.B.Clarke) B.Hansen,449747,6072,Rungia burmanica,,,,,,,,,
10120,10198,10190,Kurz,122823,4027,Justicia caloneura,,,,,,,,,
10120,10198,10190,Roxb.,120669,4027,Justicia decussata,,,,,,,,,
10120,10198,10190,(Nees) T.Anderson,24151,4027,Justicia vasculosa,,,,,,,,,
10120,10198,10190,(Nees) T.Anderson,24151,4027,Justicia vasculosa,,,,,,,,,
10120,10198,10190,(Baker) kornick.,449748,2612,Curcuma andersonii,,,,,,,,,
10120,10198,10190,W.Bull,24190,4030,Kaempferia gilbertii,,,,,,,,,
10120,10198,10190,Wall.,120672,4030,Kaempferia roscoeana,,,,,,,,,
10120,10198,10190,(J.Koenig) S.R.Dutta,165466,13769,Hellenia speciosa,,,,,,,,,
10120,10198,10190,(Lam.) Pers.,438807,4031,Kalanchoe pinnata,,,,,,,,,
10120,10198,10190,L.O.Williams,120673,11584,Dickasonia vernicosa,,,,,,,,,
10120,10198,10190,Bor,122824,4041,Kayea sukoeana,,,,,,,,,
10120,10198,10190,(Wall. ex DC.) N.Rani,120674,4064,Kleinia grandiflora,,,,,,,,,
10120,10198,10190,(Roxb.) A.DC.,24433,4084,Kopsia fruticosa,,,,,,,,,
10120,10198,10190,Miq.,24456,4087,Korthalsia flagellaris,,,,,,,,,
10120,10198,10190,Blume,24465,4087,Korthalsia rigida,,,,,,,,,
10120,10198,10190,(Steud.) Huygh,440753,2661,Cyperus mindorensis,,,,,,,,,
10120,10198,10190,Kurz,121242,4130,Lagerstroemia calyculata,,,,,,,,,
10120,10198,10190,Kurz,448219,4130,Lagerstroemia macrocarpa,,,,,,,,,
10120,10198,10190,(L.) Pers.,24632,4130,Lagerstroemia speciosa,,,,,,,,,
10120,10198,10190,(L.) Pers.,24632,4130,Lagerstroemia speciosa,,,,,,,,,
10120,10198,10190,(L.) Pers.,24632,4130,Lagerstroemia speciosa,,,,,,,,,
10120,10198,10190,C.Presl,24634,4130,Lagerstroemia tomentosa,,,,,,,,,
10120,10198,10190,Wall. ex C.B.Clarke,121244,4130,Lagerstroemia venusta,,,,,,,,,
10120,10198,10190,(Mill.) D'Arcy,438738,19992,Pseudoconyza viscosa,,,,,,,,,
10120,10198,10190,(Houtt.) Merr.,24668,4144,Lannea coromandelica,,,,,,,,,
10120,10198,10190,L.,24676,4146,Lantana camara,,,,,,,,,
10120,10198,10190,Roxb.,24687,4146,Lantana indica,,,,,,,,,
10120,10198,10190,(Sw.) Urb.,441774,5542,Pilea crenulata,,,,,,,,,
10120,10198,10190,L.,24861,4173,Lathyrus aphaca,,,,,,,,,
10120,10198,10190,(Roxb.) Babc. ex Kerr,24896,4174,Launaea acaulis,,,,,,,,,
10120,10198,10190,(Roth) Kuntze,121246,4179,Lavandula bipinnata,,,,,,,,,
10120,10198,10190,L.,24934,4179,Lavandula stoechas,,,,,,,,,
10120,10198,10190,Mill.,24921,4179,Lavandula angustifolia,,,,,,,,,
10120,10198,10190,(L.) Ridsdale,83900,4198,Leea asiatica,,,,,,,,,
10120,10198,10190,(Burm.f.) Merr.,24991,4198,Leea indica,,,,,,,,,
10120,10198,10190,Roxb. ex Hornem.,120676,4198,Leea macrophylla,,,,,,,,,
10120,10198,10190,Blume,24994,4198,Leea rubra,,,,,,,,,
10120,10198,10190,(L.) Schleid.,440826,6490,Spirodela polyrhiza,,,,,,,,,
10120,10198,10190,Kurz,25035,4210,Lemna tenera,,,,,,,,,
10120,10198,10190,L.,25036,4210,Lemna trisulca,,,,,,,,,
10120,10198,10190,Hochst. ex Nees,122825,4225,Lepidagathis calycina,,,,,,,,,
10120,10198,10190,(Vahl) Radlk.,84049,4241,Lepisanthes tetraphylla,,,,,,,,,
10120,10198,10190,(C.A.Mey.) Fenzl ex Fisch. & C.A.Mey.,70518,8131,Lepyrodiclis holosteoides,,,,,,,,,
10120,10198,10190,(Kurz) Schindl.,120678,1990,Campylotropis pinetorum,,,,,,,,,
10120,10198,10190,(Kurz) Airy Shaw,120682,4296,Leycesteria gracilis,,,,,,,,,
10120,10198,10190,Roxb. ex Buch.-Ham.,25766,4304,Licuala peltata,,,,,,,,,
10120,10198,10190,Stearn,120683,4311,Lilium arboricola,,,,,,,,,
10120,10198,10190,L.,25838,4311,Lilium candidum,,,,,,,,,
10120,10198,10190,Thunb.,25843,4311,Lilium lancifolium,,,,,,,,,
10120,10198,10190,(Lour.) Pers.,26401,4353,Litsea cubeba,,,,,,,,,
10120,10198,10190,(Dennst.) P.S.Green,120684,2227,Chionanthus mala-elengi,,,,,,,,,
10120,10198,10190,Roxb.,9379,2227,Chionanthus ramiflorus,,,,,,,,,
10120,10198,10190,,120685,776,Linociera robertsonii,,,,,,,,,
10120,10198,10190,(Dennst.) P.S.Green,120684,2227,Chionanthus mala-elengi,,,,,,,,,
10120,10198,10190,Griff.,26224,4335,Liparis bootanensis,,,,,,,,,
10120,10198,10190,(Lam.) Lindl.,26227,4335,Liparis cespitosa,,,,,,,,,
10120,10198,10190,Hook.f.,83982,4335,Liparis deflexa,,,,,,,,,
10120,10198,10190,Rchb.f.,26243,4335,Liparis grossa,,,,,,,,,
10120,10198,10190,C.S.P.Parish & Rchb.f.,120687,4335,Liparis stenoglossa,,,,,,,,,
10120,10198,10190,Hook.f.,120688,4335,Liparis torta,,,,,,,,,
10120,10198,10190,(Blume) Lindl.,26275,4335,Liparis viridiflora,,,,,,,,,
10120,10198,10190,(Wall. ex A.DC.) A.Camus,122826,4347,Lithocarpus amherstianus,,,,,,,,,
10120,10198,10190,(Kurz) Rehder,122827,4347,Lithocarpus falconeri,,,,,,,,,
10120,10198,10190,(Roxb.) Rehder,26350,4347,Lithocarpus fenestratus,,,,,,,,,
10120,10198,10190,(Blume) Hatus. ex Soepadmo,26345,4347,Lithocarpus elegans,,,,,,,,,
10120,10198,10190,(Wall. ex A.DC.) Rehder,120690,4347,Lithocarpus polystachyus,,,,,,,,,
10120,10198,10190,(Lour.) Pers.,26401,4353,Litsea cubeba,,,,,,,,,
10120,10198,10190,(Lour.) C.B.Rob.,26410,4353,Litsea glutinosa,,,,,,,,,
10120,10198,10190,(Nees) Trimen,121661,4353,Litsea laeta,,,,,,,,,
10120,10198,10190,(Roxb. ex Nees) Fern.-Vill.,26421,4353,Litsea lancifolia,,,,,,,,,
10120,10198,10190,(Wall. ex Nees) Hook.f.,26433,4353,Litsea myristicifolia,,,,,,,,,
10120,10198,10190,(Kurz) Hook.f.,122828,4353,Litsea nuculanea,,,,,,,,,
10120,10198,10190,Blume,26444,4353,Litsea robusta,,,,,,,,,
10120,10198,10190,Kurz,121264,4355,Livistona speciosa,,,,,,,,,
10120,10198,10190,Franch.,120693,11585,Lloydia oxycarpa,,,,,,,,,
10120,10198,10190,Roth,26526,4356,Lobelia nicotianifolia,,,,,,,,,
10120,10198,10190,Arn.,26713,4382,Lophopetalum wightianum,,,,,,,,,
10120,10198,10190,(Wall.) G.Don,449749,6279,Scurrula cordifolia,,,,,,,,,
10120,10198,10190,(Gamble) Danser,449750,6279,Scurrula meeboldii,,,,,,,,,
10120,10198,10190,,120696,4387,Loranthus monoicum,,,,,,,,,
10120,10198,10190,(Engl.) Tiegh.,120697,10187,Oliverella hildebrandtii,,,,,,,,,
10120,10198,10190,(Ruiz & Pav.) J.F.Macbr.,120698,5166,Oryctanthus ovalifolius,,,,,,,,,
10120,10198,10190,(Hook.f.) Danser,449968,3713,Helixanthera parishii,,,,,,,,,
10120,10198,10190,(Roxb.) G.Don,423931,2778,Dendrophthoe pentapetala,,,,,,,,,
10120,10198,10190,(Poir.) Bakh.f.,9495,2253,Christia obcordata,,,,,,,,,
10120,10198,10190,(L.) Roxb.,26851,4404,Luffa acutangula,,,,,,,,,
10120,10198,10190,(L.) Roxb.,26851,4404,Luffa acutangula,,,,,,,,,
10120,10198,10190,Lindl.,120699,4406,Luisia volucris,,,,,,,,,
10120,10198,10190,Rchb.f.,120700,4406,Luisia zollingeri,,,,,,,,,
10120,10198,10190,L.,41975,6417,Solanum lycopersicum,,,,,,,,,
10120,10198,10190,Griff. ex Kurz,120701,4439,Lysimachia linearifolia,,,,,,,,,
10120,10198,10190,Lindl.,27119,4439,Lysimachia candida,,,,,,,,,
10120,10198,10190,Kurz,27186,4447,Macaranga andamanica,,,,,,,,,
10120,10198,10190,King ex Hook.f.,27293,4452,Machilus gamblei,,,,,,,,,
10120,10198,10190,Hook.f.,122831,4452,Machilus kingii,,,,,,,,,
10120,10198,10190,(Roxb.) A.DC.,27400,4481,Maesa ramentacea,,,,,,,,,
10120,10198,10190,Lindl.,26250,4335,Liparis latifolia,,,,,,,,,
10120,10198,10190,(Lindl.) Szlach.,120703,2545,Crepidium purpureum,,,,,,,,,
10120,10198,10190,(Geiseler) Müll.Arg.,27528,4502,Mallotus peltatus,,,,,,,,,
10120,10198,10190,(Kurz) Pax & K.Hoffm.,120704,4502,Mallotus glabriusculus,,,,,,,,,
10120,10198,10190,(Lam.) Müll.Arg.,27527,4502,Mallotus paniculatus,,,,,,,,,
10120,10198,10190,"(Blume) M.Aparicio ex S.E.C.Sierra, Kulju & Welzen",120705,3651,Hancea subpeltata,,,,,,,,,
10120,10198,10190,(L.) Borkh.,27608,4508,Malus baccata,,,,,,,,,
10120,10198,10190,(Suckow) Borkh.,27609,4508,Malus domestica,,,,,,,,,
10120,10198,10190,L.,27694,4519,Mangifera indica,,,,,,,,,
10120,10198,10190,Blume,27696,4519,Mangifera laurina,,,,,,,,,
10120,10198,10190,Roxb.,120706,4519,Mangifera sylvatica,,,,,,,,,
10120,10198,10190,C.Y.Wu,137638,5022,Nothapodytes tomentosa,,,,,,,,,
10120,10198,10190,L.,27761,4534,Maranta arundinacea,,,,,,,,,
10120,10198,10190,Ker Gawl.,449751,4534,Maranta bicolor,,,,,,,,,
10120,10198,10190,(Wall.) Seem.,27818,4550,Markhamia stipulata,,,,,,,,,
10120,10198,10190,(Wight) C.B.Clarke,83837,874,Mastixia arborea,,,,,,,,,
10120,10198,10190,(L.) W.T.Aiton,27955,4572,Matthiola incana,,,,,,,,,
10120,10198,10190,(Kurz) Kurz,120709,11586,Mayodendron igneum,,,,,,,,,
10120,10198,10190,(L.f.) Loes.,50145,4581,Maytenus acuminata,,,,,,,,,
10120,10198,10190,Benn.,28048,4586,Mecopus nidulans,,,,,,,,,
10120,10198,10190,(Jack) Blume,28137,4590,Medinilla rubicunda,,,,,,,,,
10120,10198,10190,(Wall.) Ding Hou,122832,3505,Gluta glabra,,,,,,,,,
10120,10198,10190,Sims,28253,4615,Melastoma sanguineum,,,,,,,,,
10120,10198,10190,(DC.) T.G.Hartley,28315,4623,Melicope latifolia,,,,,,,,,
10120,10198,10190,(Gaertn.) T.G.Hartley,28319,4623,Melicope lunu-ankenda,,,,,,,,,
10120,10198,10190,(Lam.) Merr.,28363,4623,Melicope triphylla,,,,,,,,,
10120,10198,10190,(Houtt.) Stapf,28448,4631,Melochia umbellata,,,,,,,,,
10120,10198,10190,Lour.,124794,6419,Solena heterophylla,,,,,,,,,
10120,10198,10190,Roxb.,28480,4635,Memecylon edule,,,,,,,,,
10120,10198,10190,Roxb.,28480,4635,Memecylon edule,,,,,,,,,
10120,10198,10190,Kurz,122833,4635,Memecylon elegans,,,,,,,,,
10120,10198,10190,Blume,28482,4635,Memecylon excelsum,,,,,,,,,
10120,10198,10190,Kurz,121280,4635,Memecylon plebejum,,,,,,,,,
10120,10198,10190,L.,28506,4637,Mentha aquatica,,,,,,,,,
10120,10198,10190,L.,28507,4637,Mentha arvensis,,,,,,,,,
10120,10198,10190,L.,28507,4637,Mentha arvensis,,,,,,,,,
10120,10198,10190,(L.) L.,28512,4637,Mentha longifolia,,,,,,,,,
10120,10198,10190,L.,28519,4637,Mentha × piperita,,,,,,,,,
10120,10198,10190,(L.) A.R.Simões & Staples,425295,16921,Camonea umbellata,,,,,,,,,
10120,10198,10190,(Burm.f.) A.R.Simões & Staples,441155,16921,Camonea vitifolia,,,,,,,,,
10120,10198,10190,(King) H.L.Li,120714,11588,Merrilliopanax listeri,,,,,,,,,
10120,10198,10190,L.,28636,4656,Mesua ferrea,,,,,,,,,
10120,10198,10190,Roxb. ex Link,102708,9004,Meyna spinosa,,,,,,,,,
10120,10198,10190,(W.W.Sm.) Figlar,121681,4484,Magnolia lacei,,,,,,,,,
10120,10198,10190,Oliv.,120715,4698,Micromelum hirsutum,,,,,,,,,
10120,10198,10190,(G.Forst.) Wight & Arn.,28924,4698,Micromelum minutum,,,,,,,,,
10120,10198,10190,(Roxb.) N.P.Balakr.,120716,4700,Micropera rostrata,,,,,,,,,
10120,10198,10190,(Rolfe) Tang & F.T.Wang,120717,4700,Micropera secunda,,,,,,,,,
10120,10198,10190,Finet & Gagnep.,121283,4726,Miliusa thorelii,,,,,,,,,
10120,10198,10190,Kurz,120719,4728,Millettia brandisiana,,,,,,,,,
10120,10198,10190,Baker,122834,4728,Millettia caerulea,,,,,,,,,
10120,10198,10190,(Collett & Hemsl.) Z.Wei & Pedley,449927,1927,Callerya dorwardii,,,,,,,,,
10120,10198,10190,(Benth.) Benth. ex Baker,120720,4728,Millettia extensa,,,,,,,,,
10120,10198,10190,Kurz,122835,4728,Millettia glaucescens,,,,,,,,,
10120,10198,10190,Dunn,120721,4728,Millettia griffithii,,,,,,,,,
10120,10198,10190,Collett & Hemsl.,121684,4728,Millettia macrostachya,,,,,,,,,
10120,10198,10190,Kurz,29105,4728,Millettia leucantha,,,,,,,,,
10120,10198,10190,Kurz,120723,4728,Millettia pubinervis,,,,,,,,,
10120,10198,10190,Prain,120724,4728,Millettia puerarioides,,,,,,,,,
10120,10198,10190,(Roxb.) R.Geesink,120725,11590,Endosamara racemosa,,,,,,,,,
10120,10198,10190,(Vent.) Benth.,120726,4728,Millettia sericea,,,,,,,,,
10120,10198,10190,L.f.,29116,4730,Millingtonia hortensis,,,,,,,,,
10120,10198,10190,L.,29141,4732,Mimosa pudica,,,,,,,,,
10120,10198,10190,(Roxb.) Benth.,120727,4739,Miscanthus fuscus,,,,,,,,,
10120,10198,10190,(Hook.f.) J.J.Sm.,120728,6666,Tainia wrayana,,,,,,,,,
10120,10198,10190,(Roxb.) Radlk.,29203,4740,Mischocarpus pentapetalus,,,,,,,,,
10120,10198,10190,Hook.f. & Thomson,441292,4750,Mitrephora maingayi,,,,,,,,,
10120,10198,10190,Trin.,441293,6058,Rottboellia glandulosa,,,,,,,,,
10120,10198,10190,Nees ex Steud.,449752,6058,Rottboellia striata,,,,,,,,,
10120,10198,10190,(Willd.) Kuntze ex Merr.,18750,3339,Flemingia macrophylla,,,,,,,,,
10120,10198,10190,(Willd.) Kuntze ex Merr.,18750,3339,Flemingia macrophylla,,,,,,,,,
10120,10198,10190,(L.) W.T.Aiton,18753,3339,Flemingia strobilifera,,,,,,,,,
10120,10198,10190,Dryand. ex W.T.Aiton,439551,2611,Curculigo latifolia,,,,,,,,,
10120,10198,10190,(L.) Thulin,422702,10191,Hypertelis cerviana,,,,,,,,,
10120,10198,10190,L.,29294,4765,Momordica charantia,,,,,,,,,
10120,10198,10190,(Lour.) Spreng.,29295,4765,Momordica cochinchinensis,,,,,,,,,
10120,10198,10190,(Ridl.) M.Pell. & C.N.Horn,449753,5723,Pontederia elata,,,,,,,,,
10120,10198,10190,"(C.S.P.Parish & Rchb.f.) J.J.Verm., Schuit. & de Vogel",449969,1876,Bulbophyllum crabro,,,,,,,,,
10120,10198,10190,Roxb.,102709,4802,Morinda angustifolia,,,,,,,,,
10120,10198,10190,Buch.-Ham.,120731,4802,Morinda persicifolia,,,,,,,,,
10120,10198,10190,Lam.,29425,4803,Moringa oleifera,,,,,,,,,
10120,10198,10190,Gagnep.,124833,4812,Mucuna interrupta,,,,,,,,,
10120,10198,10190,(L.) DC.,29495,4812,Mucuna pruriens,,,,,,,,,
10120,10198,10190,(Wall.) W.Theob.,29524,4820,Munronia pinnata,,,,,,,,,
10120,10198,10190,A.DC. ex Hook.f.,120734,4823,Murraya elongata,,,,,,,,,
10120,10198,10190,L.,438720,19991,Bergera koenigii,,,,,,,,,
10120,10198,10190,Colla,29555,4824,Musa acuminata,,,,,,,,,
10120,10198,10190,L.,29566,4824,Musa × paradisiaca,,,,,,,,,
10120,10198,10190,L.,29566,4824,Musa × paradisiaca,,,,,,,,,
10120,10198,10190,L.,29566,4824,Musa × paradisiaca,,,,,,,,,
10120,10198,10190,L.,29566,4824,Musa × paradisiaca,,,,,,,,,
10120,10198,10190,L.,29566,4824,Musa × paradisiaca,,,,,,,,,
10120,10198,10190,Wall.,29591,4828,Mussaenda macrophylla,,,,,,,,,
10120,10198,10190,(Forssk.) Deflers,32646,5374,Pentas lanceolata,,,,,,,,,
10120,10198,10190,Wall. ex G.Don,449970,4828,Mussaenda uniflora,,,,,,,,,
10120,10198,10190,G.Don,122838,4828,Mussaenda wallichii,,,,,,,,,
10120,10198,10190,Craib,122839,4834,Mycetia parishii,,,,,,,,,
10120,10198,10190,Roxb.,120735,4853,Myriophyllum tuberculatum,,,,,,,,,
10120,10198,10190,(Wight) K.Schum.,120736,11593,Myriopteron extensum,,,,,,,,,
10120,10198,10190,(Hook.f. & Thomson) J.Sinclair,120737,4066,Knema erratica,,,,,,,,,
10120,10198,10190,(Roxb.) Warb.,120738,4066,Knema linifolia,,,,,,,,,
10120,10198,10190,(Hook.f. & Thomson) Warb.,24307,4066,Knema furfuracea,,,,,,,,,
10120,10198,10190,(Willd.) Cham.,29980,4876,Najas indica,,,,,,,,,
10120,10198,10190,(Willd.) Cham.,29980,4876,Najas indica,,,,,,,,,
10120,10198,10190,L.,29983,4876,Najas marina,,,,,,,,,
10120,10198,10190,L.,29983,4876,Najas marina,,,,,,,,,
10120,10198,10190,(L.) Poir.,441397,2330,Clematis zeylanica,,,,,,,,,
10120,10198,10190,Kurz,120740,11594,Natsiatopsis thunbergiifolia,,,,,,,,,
10120,10198,10190,(Roxb.) Merr.,120741,4942,Neonauclea sessilifolia,,,,,,,,,
10120,10198,10190,(Munro) R.B.Majumdar,449811,6228,Schizostachyum helferi,,,,,,,,,
10120,10198,10190,(L.) Kosterm.,441425,4936,Neolitsea cassia,,,,,,,,,
10120,10198,10190,(Kurz) Airy Shaw,120742,6921,Trigonostemon viridissimus,,,,,,,,,
10120,10198,10190,Benth. ex Hook.f.,120743,4959,Nepeta lamiopsis,,,,,,,,,
10120,10198,10190,Miq.,120744,4968,Neptunia javanica,,,,,,,,,
10120,10198,10190,L.,30279,4972,Nerium oleander,,,,,,,,,
10120,10198,10190,(Blume) Schltr.,30289,4974,Nervilia concolor,,,,,,,,,
10120,10198,10190,(Kunth) Keng ex Hitchc.,30341,4993,Neyraudia reynaudiana,,,,,,,,,
10120,10198,10190,L.,30466,5040,Nymphaea alba,,,,,,,,,
10120,10198,10190,Georgi,30486,5040,Nymphaea tetragona,,,,,,,,,
10120,10198,10190,Wight,189978,5044,Oberonia brunoniana,,,,,,,,,
10120,10198,10190,(Sm.) Lindl.,30508,5044,Oberonia ensiformis,,,,,,,,,
10120,10198,10190,Hook.f.,120746,5044,Oberonia mannii,,,,,,,,,
10120,10198,10190,Oliv.,314081,5050,Ochna leptoclada,,,,,,,,,
10120,10198,10190,L.,30578,5058,Ocimum basilicum,,,,,,,,,
10120,10198,10190,Forssk.,85833,5058,Ocimum filamentosum,,,,,,,,,
10120,10198,10190,L.,30582,5058,Ocimum tenuiflorum,,,,,,,,,
10120,10198,10190,L.,30687,5076,Oenothera biennis,,,,,,,,,
10120,10198,10190,(Lam.) Vahl,30725,5082,Olax psittacorum,,,,,,,,,
10120,10198,10190,Roxb. ex G.Don,121113,2897,Dipterocarpus alatus,,,,,,,,,
10120,10198,10190,Balf.f.,120749,11597,Omphalogramma coxii,,,,,,,,,
10120,10198,10190,Wall.,120750,5109,Onosma bracteata,,,,,,,,,
10120,10198,10190,Collett & Hemsl.,120751,5109,Onosma burmanica,,,,,,,,,
10120,10198,10190,(L.) Silva Manso,30979,5114,Operculina turpethum,,,,,,,,,
10120,10198,10190,Craib,120752,5118,Ophiorrhiza lacei,,,,,,,,,
10120,10198,10190,Hook.f.,120754,5118,Ophiorrhiza wallichii,,,,,,,,,
10120,10198,10190,(Kurz) T.F.Daniel & McDade,449971,6517,Staurogyne macrobotrya,,,,,,,,,
10120,10198,10190,Roxb.,31067,5122,Opilia amentacea,,,,,,,,,
10120,10198,10190,(Retz.) P.Beauv.,31070,5124,Oplismenus burmanni,,,,,,,,,
10120,10198,10190,(L.) Mill.,31094,5127,Opuntia cochenillifera,,,,,,,,,
10120,10198,10190,(L.) L.,31158,5131,Orchis mascula,,,,,,,,,
10120,10198,10190,L.,31205,5141,Origanum majorana,,,,,,,,,
10120,10198,10190,(L.) Kurz,31332,5157,Oroxylum indicum,,,,,,,,,
10120,10198,10190,Roxb.,449754,5167,Oryza coarctata,,,,,,,,,
10120,10198,10190,J.Presl,120756,5167,Oryza minuta,,,,,,,,,
10120,10198,10190,Griff.,31353,5167,Oryza rufipogon,,,,,,,,,
10120,10198,10190,L.,31355,5168,Osbeckia chinensis,,,,,,,,,
10120,10198,10190,Buch.-Ham. ex D.Don,31356,5168,Osbeckia stellata,,,,,,,,,
10120,10198,10190,D.Don,443338,5168,Osbeckia rostrata,,,,,,,,,
10120,10198,10190,(Munro) Kurz,120759,3466,Gigantochloa albociliata,,,,,,,,,
10120,10198,10190,Blume,31693,5232,Pachystoma pubescens,,,,,,,,,
10120,10198,10190,Hook.f.,121314,5236,Paederia pilifera,,,,,,,,,
10120,10198,10190,(Wall. ex G.Don) Baill.,120760,5244,Palaquium polyanthum,,,,,,,,,
10120,10198,10190,C.A.Mey.,120761,11599,Panax ginseng,,,,,,,,,
10120,10198,10190,L.,120762,11599,Panax quinquefolius,,,,,,,,,
10120,10198,10190,B.C.Stone,120763,5251,Pandanus burmanicus,,,,,,,,,
10120,10198,10190,Roxb.,31814,5251,Pandanus furcatus,,,,,,,,,
10120,10198,10190,Bory,31849,5251,Pandanus utilis,,,,,,,,,
10120,10198,10190,(Roxb.) Callm. & Buerki,382841,8425,Benstonea foetida,,,,,,,,,
10120,10198,10190,Retz.,31866,5253,Panicum antidotale,,,,,,,,,
10120,10198,10190,Hook.f.,120766,5253,Panicum elegantissimum,,,,,,,,,
10120,10198,10190,L.,31926,5253,Panicum miliaceum,,,,,,,,,
10120,10198,10190,Roxb.,31947,5253,Panicum sarmentosum,,,,,,,,,
10120,10198,10190,(Rchb.f.) Stein,120767,5257,Paphiopedilum bellatulum,,,,,,,,,
10120,10198,10190,(Rchb.f.) Stein,120767,5257,Paphiopedilum bellatulum,,,,,,,,,
10120,10198,10190,(Lindl. ex Bateman) Pfitzer,122841,5257,Paphiopedilum concolor,,,,,,,,,
10120,10198,10190,Braem & Chiron,120768,5257,Paphiopedilum × dixlerianum,,,,,,,,,
10120,10198,10190,(God.-Leb.) Stein,121317,5257,Paphiopedilum godefroyae,,,,,,,,,
10120,10198,10190,(Lindl. ex Hook.) Stein,120769,5257,Paphiopedilum hirsutissimum,,,,,,,,,
10120,10198,10190,,449755,5257,Paphiopedilum x nitens,,,,,,,,,
10120,10198,10190,(Ghose & Mukerjee) Garay,120771,5258,Papilionanthe biswasiana,,,,,,,,,
10120,10198,10190,(Rchb.f.) Garay,120772,5258,Papilionanthe sillemiana,,,,,,,,,
10120,10198,10190,(Rchb.f.) Garay,120773,5258,Papilionanthe vandarum,,,,,,,,,
10120,10198,10190,(Juss.) D.J.Middleton & Livsh.,441607,7012,Urceola laevigata,,,,,,,,,
10120,10198,10190,Kurz,449813,5286,Parashorea stellata,,,,,,,,,
10120,10198,10190,Buch.-Ham. ex D.Don,32137,5306,Parochetus communis,,,,,,,,,
10120,10198,10190,(Dennst.) Mabb.,32158,5311,Parsonsia alboflavescens,,,,,,,,,
10120,10198,10190,(Retz.) Veldkamp,441623,6341,Setaria flavida,,,,,,,,,
10120,10198,10190,L.,32330,5316,Passiflora laurifolia,,,,,,,,,
10120,10198,10190,L.,32353,5316,Passiflora quadrangularis,,,,,,,,,
10120,10198,10190,Wall. ex Mast.,422229,7013,Urena rigida,,,,,,,,,
10120,10198,10190,(L.) Raf.,32453,5329,Pecteilis susannae,,,,,,,,,
10120,10198,10190,(L.) L'Hér.,441645,5340,Pelargonium × hybridum,,,,,,,,,
10120,10198,10190,(L.) Morrone,439142,2103,Cenchrus americanus,,,,,,,,,
10120,10198,10190,Kurz,120775,5361,Pentace burmanica,,,,,,,,,
10120,10198,10190,,120776,11600,Pentapanax armata,,,,,,,,,
10120,10198,10190,R.W.MacGregor & W.W.Sm.,122428,11638,Pentasacme shanense,,,,,,,,,
10120,10198,10190,(Blume) Miq.,120777,5382,Peperomia exigua,,,,,,,,,
10120,10198,10190,(Lindl.) J.J.Sm.,32929,5402,Peristylus tentaculatus,,,,,,,,,
10120,10198,10190,(Hook.) Schinz & Thell.,49205,5429,Petunia integrifolia,,,,,,,,,
10120,10198,10190,(C.B.Clarke) Stapf,449756,20302,Thyrsia zea,,,,,,,,,
10120,10198,10190,(Blume) Lindl.,33092,5439,Phaius flavus,,,,,,,,,
10120,10198,10190,(Banks) Blume,33098,5439,Phaius tankervilleae,,,,,,,,,
10120,10198,10190,Rchb.f.,33101,5440,Phalaenopsis deliciosa,,,,,,,,,
10120,10198,10190,(Lindl.) J.J.Sm.,33102,5440,Phalaenopsis pulcherrima,,,,,,,,,
10120,10198,10190,(Lindl.) Christenson & Pradhan,120779,5440,Phalaenopsis taenialis,,,,,,,,,
10120,10198,10190,(Jacq.) Maréchal,120780,7072,Vigna aconitifolia,,,,,,,,,
10120,10198,10190,L.,33140,5449,Phaseolus lunatus,,,,,,,,,
10120,10198,10190,(L.) R.Wilczek,46835,7072,Vigna radiata,,,,,,,,,
10120,10198,10190,(L.) R.Wilczek,46835,7072,Vigna radiata,,,,,,,,,
10120,10198,10190,C.B.Clarke,122430,5475,Phlogacanthus jenkinsii,,,,,,,,,
10120,10198,10190,Raizada,122842,5475,Phlogacanthus pochinii,,,,,,,,,
10120,10198,10190,(Nees) Nees,120781,5479,Phoebe attenuata,,,,,,,,,
10120,10198,10190,(Lindl.) Rchb.f.,449757,2384,Coelogyne articulata,,,,,,,,,
10120,10198,10190,(Hook.) Rchb.f.,441744,2384,Coelogyne imbricata,,,,,,,,,
10120,10198,10190,(Lindl.) Rchb.f.,441745,2384,Coelogyne pallida,,,,,,,,,
10120,10198,10190,(Wall. ex Lindl.) Decne.,441748,19389,Pourthiaea arguta,,,,,,,,,
10120,10198,10190,(Retz.) Trin. ex Steud.,33354,5488,Phragmites karka,,,,,,,,,
10120,10198,10190,(Kurz) Hook.f.,120785,5501,Phyllanthus albizzioides,,,,,,,,,
10120,10198,10190,Müll.Arg.,120786,5501,Phyllanthus columnaris,,,,,,,,,
10120,10198,10190,Millsp. ex Britton,441757,5501,Phyllanthus nanus,,,,,,,,,
10120,10198,10190,L.,33570,5501,Phyllanthus niruri,,,,,,,,,
10120,10198,10190,L.,33489,5501,Phyllanthus emblica,,,,,,,,,
10120,10198,10190,L.,33663,5501,Phyllanthus urinaria,,,,,,,,,
10120,10198,10190,(B.L.Burtt) C.Puglisi,449758,5261,Paraboea glandulosa,,,,,,,,,
10120,10198,10190,Gamble,120789,5510,Phyllostachys mannii,,,,,,,,,
10120,10198,10190,(Blume) Blume,122843,5524,Phytocrene macrophylla,,,,,,,,,
10120,10198,10190,Blume,120790,5534,Picrasma javanica,,,,,,,,,
10120,10198,10190,(Kurz) Scheff.,120791,5558,Pinanga hexasticha,,,,,,,,,
10120,10198,10190,L.,34412,5565,Piper betle,,,,,,,,,
10120,10198,10190,L.,34465,5565,Piper nigrum,,,,,,,,,
10120,10198,10190,(Miq.) Wall. ex C.DC.,449759,5565,Piper pothoides,,,,,,,,,
10120,10198,10190,Lam.,441816,4173,Lathyrus oleraceus,,,,,,,,,
10120,10198,10190,Lam.,441816,4173,Lathyrus oleraceus,,,,,,,,,
10120,10198,10190,(L.) Benth.,34603,5582,Pithecellobium unguis-cati,,,,,,,,,
10120,10198,10190,W.T.Aiton,34640,5584,Pittosporum ferrugineum,,,,,,,,,
10120,10198,10190,Gowda,120793,5584,Pittosporum johnstonianum,,,,,,,,,
10120,10198,10190,Forssk.,34874,5598,Plantago ovata,,,,,,,,,
10120,10198,10190,(Poir.) Spreng.,65030,5624,Plectranthus rotundifolius,,,,,,,,,
10120,10198,10190,(Sm.) D.Don,120794,5629,Pleione humilis,,,,,,,,,
10120,10198,10190,(Sm.) D.Don,120427,5629,Pleione praecox,,,,,,,,,
10120,10198,10190,Lam.,35155,5658,Plumbago auriculata,,,,,,,,,
10120,10198,10190,L.,35158,5658,Plumbago indica,,,,,,,,,
10120,10198,10190,L.,35160,5658,Plumbago zeylanica,,,,,,,,,
10120,10198,10190,L.,35164,5659,Plumeria obtusa,,,,,,,,,
10120,10198,10190,L.,35166,5659,Plumeria rubra,,,,,,,,,
10120,10198,10190,D.Don,35328,5664,Podocarpus neriifolius,,,,,,,,,
10120,10198,10190,(C.Presl) Kuntze,29970,4875,Nageia wallichiana,,,,,,,,,
10120,10198,10190,(R.Br. ex Griff.) Warm.,123086,11741,Polypleurum wallichii,,,,,,,,,
10120,10198,10190,,120796,5671,Podostemum wattii,,,,,,,,,
10120,10198,10190,,121731,5681,Pogostemon officinalis,,,,,,,,,
10120,10198,10190,(Blume) Merr.,35380,5683,Poikilospermum suaveolens,,,,,,,,,
10120,10198,10190,(Medik.) Thiede & Govaerts,441929,1115,Agave amica,,,,,,,,,
10120,10198,10190,(Pierre) B.Xue & R.M.K.Saunders,386253,11639,Marsypopetalum modestum,,,,,,,,,
10120,10198,10190,Hook.f. & Thomson,120797,5690,Polyalthia rufescens,,,,,,,,,
10120,10198,10190,Mukerjee,120798,5695,Polygala carnosa,,,,,,,,,
10120,10198,10190,,122844,5695,Polygala trichophylla,,,,,,,,,
10120,10198,10190,(Meisn.) Soják,449760,5410,Persicaria assamica,,,,,,,,,
10120,10198,10190,(Buch.-Ham. ex Meisn.) M.A.Hassan,102695,5410,Persicaria stagnina,,,,,,,,,
10120,10198,10190,D.Don,35557,5698,Polygonum molle,,,,,,,,,
10120,10198,10190,Blume,122845,5700,Polyosma integrifolia,,,,,,,,,
10120,10198,10190,(Jacq.) Garay & H.R.Sweet,35724,5711,Polystachya concreta,,,,,,,,,
10120,10198,10190,,120801,5711,Polystachya senile,,,,,,,,,
10120,10198,10190,L.,35956,5733,Portulaca quadrifida,,,,,,,,,
10120,10198,10190,L.,35987,5738,Potamogeton crispus,,,,,,,,,
10120,10198,10190,L.,35997,5738,Potamogeton lucens,,,,,,,,,
10120,10198,10190,Mert. & W.D.J.Koch,36002,5738,Potamogeton obtusifolius,,,,,,,,,
10120,10198,10190,(L.) Börner,43223,6602,Stuckenia pectinata,,,,,,,,,
10120,10198,10190,L.,36009,5738,Potamogeton pusillus,,,,,,,,,
10120,10198,10190,Cham. & Schltdl.,36015,5738,Potamogeton trichoides,,,,,,,,,
10120,10198,10190,(Roxb.) Raf.,84051,7163,Xantolis tomentosa,,,,,,,,,
10120,10198,10190,Wall. ex Schauer,120802,5749,Premna amplectens,,,,,,,,,
10120,10198,10190,Roxb.,449761,5749,Premna latifolia,,,,,,,,,
10120,10198,10190,Willd.,60478,5749,Premna tomentosa,,,,,,,,,
10120,10198,10190,Balf.f. & Forrest,122786,5754,Primula agleniana,,,,,,,,,
10120,10198,10190,Franch.,122787,5754,Primula calliantha,,,,,,,,,
10120,10198,10190,Franch.,122787,5754,Primula calliantha,,,,,,,,,
10120,10198,10190,Roxb. ex DC.,120448,2565,Crotalaria cytisoides,,,,,,,,,
10120,10198,10190,Koehne,120804,5782,Prunus bracteopadus,,,,,,,,,
10120,10198,10190,(T.Anderson) Lindau,449814,5792,Pseuderanthemum parishii,,,,,,,,,
10120,10198,10190,(Kurz) T.Q.Nguyen,449762,20303,Pseudobambusa schizostachyoides,,,,,,,,,
10120,10198,10190,(Brongn.) A.Camus,442060,19912,Pseudopogonatherum contortum,,,,,,,,,
10120,10198,10190,(Roxb.) A.Camus,120808,11602,Pseudosorghum fasciculare,,,,,,,,,
10120,10198,10190,Munro,121753,11663,Pseudostachyum polymorphum,,,,,,,,,
10120,10198,10190,(Thwaites) Soderstr. & R.P.Ellis,120809,10060,Pseudoxytenanthera monadelpha,,,,,,,,,
10120,10198,10190,(Brandis ex Gamble) T.Q.Nguyen,122846,3466,Gigantochloa parvifolia,,,,,,,,,
10120,10198,10190,L.,36550,5825,Psidium guajava,,,,,,,,,
10120,10198,10190,Kurz,36650,5840,Psychotria calocarpa,,,,,,,,,
10120,10198,10190,Hook.f.,120812,5840,Psychotria erratica,,,,,,,,,
10120,10198,10190,(Roth) Santapau & Wagh,313944,5860,Pterolobium hexapetalum,,,,,,,,,
10120,10198,10190,Miq.,122847,5860,Pterolobium microphyllum,,,,,,,,,
10120,10198,10190,(L.) Willd.,37112,5861,Pterospermum acerifolium,,,,,,,,,
10120,10198,10190,Wight & Arn.,120813,5861,Pterospermum reticulatum,,,,,,,,,
10120,10198,10190,(Roxb. ex Willd.) DC.,120814,5875,Pueraria tuberosa,,,,,,,,,
10120,10198,10190,Kurz,120815,5895,Pyrenaria diospyricarpa,,,,,,,,,
10120,10198,10190,Kurz,121758,5909,Quercus brandisiana,,,,,,,,,
10120,10198,10190,(Oerst.) Hickel & A.Camus,120816,2063,Castanopsis lanceifolia,,,,,,,,,
10120,10198,10190,Roxb.,120817,5909,Quercus semiserrata,,,,,,,,,
10120,10198,10190,(Blume ex DC.) Tirveng.,121169,2084,Catunaregam tomentosa,,,,,,,,,
10120,10198,10190,(L.) Benth. ex Kurz,37926,5934,Rauvolfia serpentina,,,,,,,,,
10120,10198,10190,(Lour.) Baill.,37931,5934,Rauvolfia verticillata,,,,,,,,,
10120,10198,10190,Mast.,37965,5941,Reevesia pubescens,,,,,,,,,
10120,10198,10190,(Buch.-Ham. ex D.Don) H.Hara,432027,5947,Reinwardtia cicanoba,,,,,,,,,
10120,10198,10190,Rolfe,195160,5953,Renanthera pulchella,,,,,,,,,
10120,10198,10190,(Roxb.) Schott,38087,5971,Rhaphidophora decursiva,,,,,,,,,
10120,10198,10190,D.Don,80051,5976,Rheum australe,,,,,,,,,
10120,10198,10190,Hook.f. & Thomson,121353,5976,Rheum nobile,,,,,,,,,
10120,10198,10190,C.B.Clarke,122848,5987,Rhododendron parishii,,,,,,,,,
10120,10198,10190,Hook.f.,120819,5987,Rhododendron cinnabarinum,,,,,,,,,
10120,10198,10190,Balf.f. & Forrest,120820,5987,Rhododendron setiferum,,,,,,,,,
10120,10198,10190,Balf.f. & W.W.Sm.,120821,5987,Rhododendron zaleucum,,,,,,,,,
10120,10198,10190,W.W.Sm.,121785,5999,Rhus amherstensis,,,,,,,,,
10120,10198,10190,Wittm.,120822,11603,Rhynchanthus bluthianus,,,,,,,,,
10120,10198,10190,Benth. ex Baker,120823,6003,Rhynchosia avensis,,,,,,,,,
10120,10198,10190,(Lindl.) Ridl.,38375,6006,Rhynchostylis gigantea,,,,,,,,,
10120,10198,10190,(L.) Blume,83990,6006,Rhynchostylis retusa,,,,,,,,,
10120,10198,10190,(L.) Blume,83990,6006,Rhynchostylis retusa,,,,,,,,,
10120,10198,10190,(Wall.) Kuntze,38449,6023,Rinorea bengalensis,,,,,,,,,
10120,10198,10190,(Mart.) Kuntze,115825,6023,Rinorea racemosa,,,,,,,,,
10120,10198,10190,"(Retz.) Welker, Voronts. & E.A.Kellogg",442257,15784,Tripidium arundinaceum,,,,,,,,,
10120,10198,10190,(Rchb.f.) Garay,120420,6027,Robiquetia pachyphylla,,,,,,,,,
10120,10198,10190,(Lindl.) Seidenf. & Garay,38474,6027,Robiquetia succisa,,,,,,,,,
10120,10198,10190,Mill.,442215,6043,Rosa damascena,,,,,,,,,
10120,10198,10190,L.,38685,6043,Rosa gallica,,,,,,,,,
10120,10198,10190,Sm.,56563,8149,Roscoea purpurea,,,,,,,,,
10120,10198,10190,Lour.,68945,9035,Rotula aquatica,,,,,,,,,
10120,10198,10190,(Vahl) Planch.,38772,6059,Rourea mimosoides,,,,,,,,,
10120,10198,10190,(Korth.) Hallier f.,122850,6571,Stixis ovata,,,,,,,,,
10120,10198,10190,Lour.,124786,6571,Stixis scandens,,,,,,,,,
10120,10198,10190,(Roxb.) Baill.,43120,6571,Stixis suaveolens,,,,,,,,,
10120,10198,10190,Merr.,120826,6065,Rubus wardii,,,,,,,,,
10120,10198,10190,L.,39329,6070,Rumex crispus,,,,,,,,,
10120,10198,10190,L.,39377,6070,Rumex vesicarius,,,,,,,,,
10120,10198,10190,(L.) Nees,39383,6072,Rungia pectinata,,,,,,,,,
10120,10198,10190,L.,39389,6073,Ruppia maritima,,,,,,,,,
10120,10198,10190,Franch.,120827,6092,Sabia yunnanensis,,,,,,,,,
10120,10198,10190,Edgew. ex Hook.f. & Thomson,121798,6092,Sabia paniculata,,,,,,,,,
10120,10198,10190,"(Retz.) Welker, Voronts. & E.A.Kellogg",442257,15784,Tripidium arundinaceum,,,,,,,,,
10120,10198,10190,(Retz.) H.Scholz,442258,15784,Tripidium bengalense,,,,,,,,,
10120,10198,10190,L.,39500,6094,Saccharum officinarum,,,,,,,,,
10120,10198,10190,(L.) Chase,39507,6095,Sacciolepis indica,,,,,,,,,
10120,10198,10190,(Willd.) Stapf,78231,6095,Sacciolepis interrupta,,,,,,,,,
10120,10198,10190,R.Parker,122851,11605,Sageraea bracteolata,,,,,,,,,
10120,10198,10190,(Roxb.) R.S.Rao & Hemadri,449763,6111,Salacia salacioides,,,,,,,,,
10120,10198,10190,Wight,120832,6111,Salacia verrucosa,,,,,,,,,
10120,10198,10190,Blume,120833,11606,Epirixanthes elongata,,,,,,,,,
10120,10198,10190,Cav.,39789,6123,Salvia leucantha,,,,,,,,,
10120,10198,10190,Sellow ex Nees,39826,6123,Salvia splendens,,,,,,,,,
10120,10198,10190,(Jacq.) Merr.,438255,8633,Samanea saman,,,,,,,,,
10120,10198,10190,(Burm.f.) Merr.,39873,6130,Sandoricum koetjape,,,,,,,,,
10120,10198,10190,(N.E.Br.) Byng & Christenh.,449764,2960,Dracaena burmanica,,,,,,,,,
10120,10198,10190,(L.) Willd.,39911,6134,Sansevieria zeylanica,,,,,,,,,
10120,10198,10190,(Roxb.) Esser,120835,11607,Balakata baccata,,,,,,,,,
10120,10198,10190,Royle,18289,3294,Falconeria insignis,,,,,,,,,
10120,10198,10190,(Jack) Miq.,39969,6145,Saraca declinata,,,,,,,,,
10120,10198,10190,L.,39970,6145,Saraca indica,,,,,,,,,
10120,10198,10190,(Rchb.f.) Garay,120836,11608,Sarcoglyphis mirabilis,,,,,,,,,
10120,10198,10190,Wall.,40010,6160,Sarcopyramis napalensis,,,,,,,,,
10120,10198,10190,Wall.,40010,6160,Sarcopyramis napalensis,,,,,,,,,
10120,10198,10190,Hook.f.,40011,6161,Sarcosperma arboreum,,,,,,,,,
10120,10198,10190,(L.) Chakrab. & N.P.Balakr.,362477,1829,Breynia androgyna,,,,,,,,,
10120,10198,10190,(Craib) Chakrab. & N.P.Balakr.,382942,1829,Breynia bicolor,,,,,,,,,
10120,10198,10190,(Willd.) Chakrab. & N.P.Balakr.,442342,1829,Breynia quadrangularis,,,,,,,,,
10120,10198,10190,Harry Sm.,120839,6184,Saxifraga anisophylla,,,,,,,,,
10120,10198,10190,Harry Sm. ex Wadhwa,120840,6184,Saxifraga burmensis,,,,,,,,,
10120,10198,10190,Harry Sm.,120841,6184,Saxifraga calopetala,,,,,,,,,
10120,10198,10190,Harry Sm.,120842,6184,Saxifraga heteroclada,,,,,,,,,
10120,10198,10190,Harry Sm.,120843,6184,Saxifraga virgularis,,,,,,,,,
10120,10198,10190,L.,40154,6185,Scabiosa atropurpurea,,,,,,,,,
10120,10198,10190,(DC.) Korth.,40337,6206,Schima wallichii,,,,,,,,,
10120,10198,10190,(DC.) Korth.,40337,6206,Schima wallichii,,,,,,,,,
10120,10198,10190,A.C.Sm.,120845,6209,Schisandra neglecta,,,,,,,,,
10120,10198,10190,(Hochst.) Pilg.,68908,6214,Schizachyrium exile,,,,,,,,,
10120,10198,10190,(Lour.) Oken,40428,6231,Schleichera oleosa,,,,,,,,,
10120,10198,10190,(L.f.) Goetgh. & D.A.Simpson,696,1036,Actinoscirpus grossus,,,,,,,,,
10120,10198,10190,(Roxb.) Lye,40450,6237,Schoenoplectiella juncoides,,,,,,,,,
10120,10198,10190,(Roxb. ex Willd.) Royle,18771,3345,Flueggea virosa,,,,,,,,,
10120,10198,10190,H.Ohba,120847,6299,Sedum kingdonii,,,,,,,,,
10120,10198,10190,L.f.,120848,6313,Semecarpus anacardium,,,,,,,,,
10120,10198,10190,Wall. ex Hook.f.,120849,6313,Semecarpus microcarpus,,,,,,,,,
10120,10198,10190,(Lam.) H.S.Irwin & Barneby,41238,6320,Senna siamea,,,,,,,,,
10120,10198,10190,(DC.) H.S.Irwin & Barneby,58360,6320,Senna timoriensis,,,,,,,,,
10120,10198,10190,(Retz.) Poir.,41314,6336,Sesbania cannabina,,,,,,,,,
10120,10198,10190,(L.) Poir.,41317,6336,Sesbania grandiflora,,,,,,,,,
10120,10198,10190,(L.) Poir.,41317,6336,Sesbania grandiflora,,,,,,,,,
10120,10198,10190,Wight & Arn.,120850,6336,Sesbania procumbens,,,,,,,,,
10120,10198,10190,(L.) P.Beauv.,41383,6341,Setaria viridis,,,,,,,,,
10120,10198,10190,Wall. ex Blume,121370,6352,Shorea obtusa,,,,,,,,,
10120,10198,10190,C.F.Gaertn.,102696,6352,Shorea robusta,,,,,,,,,
10120,10198,10190,Ridl.,41408,6352,Shorea laevis,,,,,,,,,
10120,10198,10190,Miq.,449765,6352,Shorea siamensis,,,,,,,,,
10120,10198,10190,Cav.,442520,6363,Sida planicaulis,,,,,,,,,
10120,10198,10190,(Burm.f.) Borss.Waalk.,41468,6363,Sida cordata,,,,,,,,,
10120,10198,10190,L.,41488,6363,Sida rhombifolia,,,,,,,,,
10120,10198,10190,L.,41493,6363,Sida spinosa,,,,,,,,,
10120,10198,10190,Span.,41495,6363,Sida subcordata,,,,,,,,,
10120,10198,10190,(Fortune) Fortune,442549,6402,Skimmia reevesiana,,,,,,,,,
10120,10198,10190,C.E.C.Fisch.,120856,6405,Sloanea parkinsonii,,,,,,,,,
10120,10198,10190,T.Koyama,120857,6408,Smilax biumbellata,,,,,,,,,
10120,10198,10190,Craib,120858,6408,Smilax hemsleyana,,,,,,,,,
10120,10198,10190,Ruiz,76605,6408,Smilax purhampuy,,,,,,,,,
10120,10198,10190,A.DC.,80082,6408,Smilax menispermoidea,,,,,,,,,
10120,10198,10190,S.C.Chen,120859,6408,Smilax munita,,,,,,,,,
10120,10198,10190,Lour.,67127,6408,Smilax perfoliata,,,,,,,,,
10120,10198,10190,L.,84056,6408,Smilax zeylanica,,,,,,,,,
10120,10198,10190,Aiton,41887,6409,Smithia sensitiva,,,,,,,,,
10120,10198,10190,L.,41987,6417,Solanum melongena,,,,,,,,,
10120,10198,10190,L.,41996,6417,Solanum nigrum,,,,,,,,,
10120,10198,10190,(L.) Moench,42229,6438,Sorghum bicolor,,,,,,,,,
10120,10198,10190,Raizada,120861,6438,Sorghum burmahicum,,,,,,,,,
10120,10198,10190,(Vahl) Pers.,42232,6438,Sorghum nitidum,,,,,,,,,
10120,10198,10190,(Steud.) A.Camus,120862,11602,Pseudosorghum zollingeri,,,,,,,,,
10120,10198,10190,Graebn.,120863,6448,Sparganium fallax,,,,,,,,,
10120,10198,10190,L.,42271,6448,Sparganium erectum,,,,,,,,,
10120,10198,10190,Rehmann,42270,6448,Sparganium emersum,,,,,,,,,
10120,10198,10190,Blume,42315,6457,Spathoglottis plicata,,,,,,,,,
10120,10198,10190,(L.) Pruski,42485,6472,Sphagneticola calendulacea,,,,,,,,,
10120,10198,10190,(C.Presl) B.L.Rob.,42490,6474,Sphenodesme involucrata,,,,,,,,,
10120,10198,10190,Hole,122853,6492,Spodiopogon lacei,,,,,,,,,
10120,10198,10190,(Kurz) Lace,122792,11722,Allospondias laxiflora,,,,,,,,,
10120,10198,10190,(L.f.) Kurz,42570,6493,Spondias pinnata,,,,,,,,,
10120,10198,10190,(L.) Vahl,42666,6503,Stachytarpheta indica,,,,,,,,,
10120,10198,10190,Hook.f. & Thomson ex Benth.,42672,6504,Stachyurus himalaicus,,,,,,,,,
10120,10198,10190,(Lindl.) Senghas,449766,6890,Trichoglottis ramosa,,,,,,,,,
10120,10198,10190,E.Hossain,120866,6517,Staurogyne grandiflora,,,,,,,,,
10120,10198,10190,(Nees) Kuntze,120867,6517,Staurogyne lasiobotrys,,,,,,,,,
10120,10198,10190,E.Hossain,120868,6517,Staurogyne longibracteata,,,,,,,,,
10120,10198,10190,(T.Anderson ex C.B.Clarke) Kuntze,120869,6517,Staurogyne macrophylla,,,,,,,,,
10120,10198,10190,(T.Anderson ex C.B.Clarke) Kuntze,120870,6517,Staurogyne parviflora,,,,,,,,,
10120,10198,10190,(Nees) Kuntze,120871,6517,Staurogyne polybotrya,,,,,,,,,
10120,10198,10190,(Nees) Kuntze,120871,6517,Staurogyne polybotrya,,,,,,,,,
10120,10198,10190,(Nees) Kuntze,120871,6517,Staurogyne polybotrya,,,,,,,,,
10120,10198,10190,W.W.Sm.,120872,6517,Staurogyne shanica,,,,,,,,,
10120,10198,10190,(Nees) Kuntze,449767,6517,Staurogyne thyrsoidea,,,,,,,,,
10120,10198,10190,Hook.f. & Thomson,83945,6549,Stephania elegans,,,,,,,,,
10120,10198,10190,(Blume) Spreng.,120874,6549,Stephania venosa,,,,,,,,,
10120,10198,10190,Jacques,441070,6551,Stephanotis floribunda,,,,,,,,,
10120,10198,10190,Gand.,120875,11610,Stephegyne birmanica,,,,,,,,,
10120,10198,10190,Vent.,42990,6552,Sterculia rubiginosa,,,,,,,,,
10120,10198,10190,L.,42979,6552,Sterculia foetida,,,,,,,,,
10120,10198,10190,Roxb. ex Sm.,102697,6552,Sterculia villosa,,,,,,,,,
10120,10198,10190,Roxb. ex Sm.,102697,6552,Sterculia villosa,,,,,,,,,
10120,10198,10190,DC.,42999,6555,Stereospermum tetragonum,,,,,,,,,
10120,10198,10190,Kurz,120878,6555,Stereospermum neuranthum,,,,,,,,,
10120,10198,10190,Hook.f.,120879,11611,Steudnera capitellata,,,,,,,,,
10120,10198,10190,(B.Heyne ex Roth) Kurz,43145,6581,Streblus taxoides,,,,,,,,,
10120,10198,10190,(Blume) J.R.Benn.,401952,6588,Strobilanthes repanda,,,,,,,,,
10120,10198,10190,Nees,43166,6588,Strobilanthes auriculata,,,,,,,,,
10120,10198,10190,,122855,6588,Strobilanthes lamifolius,,,,,,,,,
10120,10198,10190,(Roth) T.Anderson,121396,6588,Strobilanthes rufescens,,,,,,,,,
10120,10198,10190,(Dalzell) Kuntze,83759,6588,Strobilanthes integrifolia,,,,,,,,,
10120,10198,10190,(Roth) T.Anderson,121396,6588,Strobilanthes rufescens,,,,,,,,,
10120,10198,10190,Pierre ex Dop,120885,6600,Strychnos thorelii,,,,,,,,,
10120,10198,10190,W.W.Sm.,120886,6609,Styrax buchananii,,,,,,,,,
10120,10198,10190,(Blume) J.J.Sm.,120887,11612,Sumbaviopsis albicans,,,,,,,,,
10120,10198,10190,Griff.,43352,6629,Swintonia floribunda,,,,,,,,,
10120,10198,10190,Roxb.,120888,11613,Symphorema involucratum,,,,,,,,,
10120,10198,10190,(Thunb.) Miq.,43451,6639,Symplocos paniculata,,,,,,,,,
10120,10198,10190,Roxb.,43457,6639,Symplocos racemosa,,,,,,,,,
10120,10198,10190,(Buch.-Ham. ex D.Don) C.Jeffrey & Y.L.Chen,120891,8157,Synotis cappa,,,,,,,,,
10120,10198,10190,A.Cunn. ex DC.,43622,6654,Syzygium nervosum,,,,,,,,,
10120,10198,10190,(Miq.) Miq.,43525,6654,Syzygium borneense,,,,,,,,,
10120,10198,10190,(Roxb.) Wall. ex Steud.,43542,6654,Syzygium claviflorum,,,,,,,,,
10120,10198,10190,(Wall.) Mason,120892,6654,Syzygium formosum,,,,,,,,,
10120,10198,10190,(L.) Skeels,43551,6654,Syzygium cumini,,,,,,,,,
10120,10198,10190,(L.) Merr. & L.M.Perry,43609,6654,Syzygium malaccense,,,,,,,,,
10120,10198,10190,(Roxb.) Rathakr. & N.C.Nair,120893,6654,Syzygium praecox,,,,,,,,,
10120,10198,10190,Merr. & L.M.Perry,43651,6654,Syzygium pycnanthum,,,,,,,,,
10120,10198,10190,(Blume) Merr. & L.M.Perry,43664,6654,Syzygium samarangense,,,,,,,,,
10120,10198,10190,(Duthie) Merr. & L.M.Perry,43576,6654,Syzygium griffithii,,,,,,,,,
10120,10198,10190,(L.) R.Br. ex Roem. & Schult.,43773,6656,Tabernaemontana divaricata,,,,,,,,,
10120,10198,10190,(Lour.) Baill.,37931,5934,Rauvolfia verticillata,,,,,,,,,
10120,10198,10190,André,43787,6657,Tacca chantrieri,,,,,,,,,
10120,10198,10190,(L.) H.Ohashi,43796,6659,Tadehagi triquetrum,,,,,,,,,
10120,10198,10190,Roxb. ex Hornem.,21713,3788,Hibiscus macrophyllus,,,,,,,,,
10120,10198,10190,L.f.,44402,6701,Tectona grandis,,,,,,,,,
10120,10198,10190,Hochst. ex Baker,44458,6714,Tephrosia subtriflora,,,,,,,,,
10120,10198,10190,Pers.,120895,6714,Tephrosia senticosa,,,,,,,,,
10120,10198,10190,B. Heyne ex Roth,121409,6717,Terminalia alata,,,,,,,,,
10120,10198,10190,L.,44480,6717,Terminalia catappa,,,,,,,,,
10120,10198,10190,Retz.,83825,6717,Terminalia chebula,,,,,,,,,
10120,10198,10190,Retz.,83825,6717,Terminalia chebula,,,,,,,,,
10120,10198,10190,(Blanco) Rolfe,442764,6717,Terminalia calamansanai,,,,,,,,,
10120,10198,10190,Willd.,83826,6717,Terminalia elliptica,,,,,,,,,
10120,10198,10190,(Champ. ex Benth.) T.G.Hartley,44572,6723,Tetradium glabrifolium,,,,,,,,,
10120,10198,10190,R.Br.,60229,8377,Tetrameles nudiflora,,,,,,,,,
10120,10198,10190,(Collett & Hemsl.) Momiy.,120898,6741,Tetrastigma aplinianum,,,,,,,,,
10120,10198,10190,(Collett & Hemsl.) Momiy.,120899,6741,Tetrastigma burmanicum,,,,,,,,,
10120,10198,10190,Blume,44775,6759,Thelasis carinata,,,,,,,,,
10120,10198,10190,L.,44952,6765,Theobroma cacao,,,,,,,,,
10120,10198,10190,Griff.,120900,6772,Thismia brunonis,,,,,,,,,
10120,10198,10190,(Lindl.) Rchb.f.,45044,6783,Thrixspermum calceolus,,,,,,,,,
10120,10198,10190,(Lindl.) Rchb.f.,120901,11614,Thunia alba,,,,,,,,,
10120,10198,10190,(Lindl.) Rchb.f.,120901,11614,Thunia alba,,,,,,,,,
10120,10198,10190,(N.E.Br.) Rchb.f.,120902,11614,Thunia candidissima,,,,,,,,,
10120,10198,10190,L.,45105,6795,Thymus serpyllum,,,,,,,,,
10120,10198,10190,L.,45108,6795,Thymus vulgaris,,,,,,,,,
10120,10198,10190,(Willd.) Hook.f. & Thomson,443640,6815,Tinospora cordifolia,,,,,,,,,
10120,10198,10190,(Griff.) Kurz,120903,6815,Tinospora nudiflora,,,,,,,,,
10120,10198,10190,Lour.,45360,6845,Tournefortia montana,,,,,,,,,
10120,10198,10190,(L.) Pers. ex Trin.,122856,11727,Trachys muricata,,,,,,,,,
10120,10198,10190,H.Wolff,120905,6859,Trachyspermum roxburghianum,,,,,,,,,
10120,10198,10190,L.,45470,6874,Trewia nudiflora,,,,,,,,,
10120,10198,10190,(Forssk.) Vahl,449769,6878,Trianthema crystallinum,,,,,,,,,
10120,10198,10190,(L.) Burm.f.,120907,7190,Zaleya decandra,,,,,,,,,
10120,10198,10190,L.,45478,6878,Trianthema portulacastrum,,,,,,,,,
10120,10198,10190,(Lam.) Voigt,443920,6900,Trichosanthes bracteata,,,,,,,,,
10120,10198,10190,L.,45647,6910,Tridax procumbens,,,,,,,,,
10120,10198,10190,L.,45719,6915,Trifolium repens,,,,,,,,,
10120,10198,10190,Bor,120909,6943,Tripogon wardii,,,,,,,,,
10120,10198,10190,(L.) Henrard,30340,4993,Neyraudia arundinacea,,,,,,,,,
10120,10198,10190,(Craib) C.Puglisi,449770,5261,Paraboea birmanica,,,,,,,,,
10120,10198,10190,(Griff.) Peter G.Wilson & J.T.Waterh.,120911,6956,Tristaniopsis burmanica,,,,,,,,,
10120,10198,10190,(Griff.) Peter G.Wilson & J.T.Waterh.,120911,6956,Tristaniopsis burmanica,,,,,,,,,
10120,10198,10190,L.,45911,6964,Triticum aestivum,,,,,,,,,
10120,10198,10190,L.,45919,6966,Triumfetta annua,,,,,,,,,
10120,10198,10190,Lam.,48810,6966,Triumfetta rotundifolia,,,,,,,,,
10120,10198,10190,L.,45955,6974,Tropaeolum majus,,,,,,,,,
10120,10198,10190,Lindl.,45962,6976,Tropidia curculigoides,,,,,,,,,
10120,10198,10190,(Lour.) Byng & Christenh.,449771,6511,Staphylea cochinchinensis,,,,,,,,,
10120,10198,10190,(Burm.f.) Mabb.,442925,7078,Vincetoxicum indicum,,,,,,,,,
10120,10198,10190,L.,46054,6997,Typha angustifolia,,,,,,,,,
10120,10198,10190,Roxb.,78087,6997,Typha elephantina,,,,,,,,,
10120,10198,10190,(G.Lodd.) Blume,46061,6998,Typhonium flagelliforme,,,,,,,,,
10120,10198,10190,(Sm.) Wall.,46101,7005,Uncaria scandens,,,,,,,,,
10120,10198,10190,(Lour.) Merr.,46093,7005,Uncaria cordata,,,,,,,,,
10120,10198,10190,Roxb.,120913,7005,Uncaria sessilifructus,,,,,,,,,
10120,10198,10190,DC.,102722,7010,Uraria lagopus,,,,,,,,,
10120,10198,10190,Roxb. ex Sm.,120914,7013,Urena repanda,,,,,,,,,
10120,10198,10190,(Dunal) Alston,449772,7027,Uvaria cordata,,,,,,,,,
10120,10198,10190,(Blume) Blume,46293,7027,Uvaria littoralis,,,,,,,,,
10120,10198,10190,Miq.,120915,7029,Vaccinium bancanum,,,,,,,,,
10120,10198,10190,L.,46406,7036,Vallisneria spiralis,,,,,,,,,
10120,10198,10190,Griff.,121431,7037,Vanda coerulescens,,,,,,,,,
10120,10198,10190,Rolfe,120916,7037,Vanda × confusa,,,,,,,,,
10120,10198,10190,Benson & Rchb.f.,120917,7037,Vanda denisoniana,,,,,,,,,
10120,10198,10190,Finet,120918,7037,Vanda liouvillei,,,,,,,,,
10120,10198,10190,Schltr.,120919,7037,Vanda petersiana,,,,,,,,,
10120,10198,10190,(Lindl.) Rchb.f.,83993,7037,Vanda testacea,,,,,,,,,
10120,10198,10190,Rchb.f.,120920,7037,Vanda vipanii,,,,,,,,,
10120,10198,10190,(Lindl.) Pfitzer,120921,11616,Vandopsis gigantea,,,,,,,,,
10120,10198,10190,(Phillimore & W.W.Sm.) Garay,120922,11616,Vandopsis shanica,,,,,,,,,
10120,10198,10190,(Griff.) Symington,122857,7045,Vatica odorata,,,,,,,,,
10120,10198,10190,Willd.,84020,7054,Ventilago denticulata,,,,,,,,,
10120,10198,10190,Gaertn.,449773,7054,Ventilago madraspatana,,,,,,,,,
10120,10198,10190,Kocyan & Schuit.,449774,6890,Trichoglottis ventricularis,,,,,,,,,
10120,10198,10190,(DC.) H.Rob. & Skvarla,120925,993,Acilepis divergens,,,,,,,,,
10120,10198,10190,(C.B.Clarke) H.Rob. & Skvarla,449828,993,Acilepis peguensis,,,,,,,,,
10120,10198,10190,(Kurz) C.B.Clarke,120926,7068,Viburnum griffithianum,,,,,,,,,
10120,10198,10190,(Kurz) C.B.Clarke,120926,7068,Viburnum griffithianum,,,,,,,,,
10120,10198,10190,L.,46805,7069,Vicia sativa,,,,,,,,,
10120,10198,10190,(G.Mey.) A.Delgado,297887,14673,Leptospron adenanthum,,,,,,,,,
10120,10198,10190,(L.) Walp.,46842,7072,Vigna unguiculata,,,,,,,,,
10120,10198,10190,(L.) Walp.,46842,7072,Vigna unguiculata,,,,,,,,,
10120,10198,10190,Gand.,120927,7084,Viscum birmanicum,,,,,,,,,
10120,10198,10190,Kurz,46991,7086,Vitex canescens,,,,,,,,,
10120,10198,10190,R.Br.,47000,7086,Vitex glabrata,,,,,,,,,
10120,10198,10190,Wall. ex Schauer,102707,7086,Vitex peduncularis,,,,,,,,,
10120,10198,10190,L.,47010,7086,Vitex pinnata,,,,,,,,,
10120,10198,10190,L.,47015,7086,Vitex trifolia,,,,,,,,,
10120,10198,10190,(Blume) Blume,47106,7098,Vrydagzynea albida,,,,,,,,,
10120,10198,10190,(Thunb.) A.DC.,47151,7103,Wahlenbergia marginata,,,,,,,,,
10120,10198,10190,Roxb.,120929,7108,Wallichia caryotoides,,,,,,,,,
10120,10198,10190,T.Anderson,122771,7108,Wallichia disticha,,,,,,,,,
10120,10198,10190,(Hook.f.) Tirveng. & Sastre,44278,6685,Tarennoidea wallichii,,,,,,,,,
10120,10198,10190,(Blume) Orchard,449776,20304,Indocypraea montana,,,,,,,,,
10120,10198,10190,DC.,120932,7121,Wendlandia glabrata,,,,,,,,,
10120,10198,10190,(Roxb.) DC.,120933,7121,Wendlandia tinctoria,,,,,,,,,
10120,10198,10190,L.,47403,7155,Xanthium strumarium,,,,,,,,,
10120,10198,10190,(Miq.) J.J.Sm.,449777,7157,Xanthophyllum lanceatum,,,,,,,,,
10120,10198,10190,Roxb.,121438,7157,Xanthophyllum virens,,,,,,,,,
10120,10198,10190,(Blume) Blume,47479,7167,Xerospermum noronhianum,,,,,,,,,
10120,10198,10190,(Blume) Blume,47479,7167,Xerospermum noronhianum,,,,,,,,,
10120,10198,10190,(Roxb.) W.Theob.,47493,7172,Xylia xylocarpa,,,,,,,,,
10120,10198,10190,Lam.,54360,7180,Xyris anceps,,,,,,,,,
10120,10198,10190,L.,47617,7187,Yucca aloifolia,,,,,,,,,
10120,10198,10190,L.,47619,7187,Yucca filamentosa,,,,,,,,,
10120,10198,10190,(Bor) Ohrnb.,120937,7189,Yushania wardii,,,,,,,,,
10120,10198,10190,L.,47637,7194,Zannichellia palustris,,,,,,,,,
10120,10198,10190,(J.G.Klein ex Willd.) W.J.de Wilde & Duyfjes,431549,6419,Solena umbellata,,,,,,,,,
10120,10198,10190,Herb.,47728,7203,Zephyranthes carinata,,,,,,,,,
10120,10198,10190,Traub,47736,7203,Zephyranthes puertoricensis,,,,,,,,,
10120,10198,10190,Lindl.,47737,7203,Zephyranthes rosea,,,,,,,,,
10120,10198,10190,(L'Hér.) Herb.,440360,7203,Zephyranthes tubispatha,,,,,,,,,
10120,10198,10190,Roscoe,449778,7207,Zingiber purpureum,,,,,,,,,
10120,10198,10190,Wall. ex Baker,120939,7207,Zingiber pardocheilum,,,,,,,,,
10120,10198,10190,(L.) Roscoe ex Sm.,47774,7207,Zingiber zerumbet,,,,,,,,,
10120,10198,10190,C.B.Clarke ex Brandis,122859,7211,Ziziphus brunoniana,,,,,,,,,
10120,10198,10190,Lam.,47804,7211,Ziziphus rugosa,,,,,,,,,
10120,10198,10190,Mill.,47793,7211,Ziziphus jujuba,,,,,,,,,
10120,10198,10190,(L.) Mill.,47800,7211,Ziziphus oenopolia,,,,,,,,,
10120,10198,10190,Lam.,47804,7211,Ziziphus rugosa,,,,,,,,,
